ticker-view,name,description,exchange,close,type,typespecs,pricescale,minmov,fractional,minmove2,currency,change,volume,relative_volume_10d_calc,market_cap_basic,fundamental_currency_code,price_earnings_ttm,earnings_per_share_diluted_ttm,earnings_per_share_diluted_yoy_growth_ttm,dividends_yield_current,sector.tr,market,sector,AnalystRating,AnalystRating.tr,change,Perf.W,Perf.1M,Perf.3M,Perf.6M,Perf.YTD,Perf.Y,Perf.5Y,Perf.10Y,Perf.All,Volatility.W,Volatility.M,TechRating_1D,TechRating_1D.tr,MARating_1D,MARating_1D.tr,OsRating_1D,OsRating_1D.tr,RSI,Mom,AO,CCI20,Stoch.K,Stoch.D,candlestick_patterns_1D,premarket_close,premarket_change,premarket_gap,premarket_volume,gap,volume,volume_change,postmarket_close,postmarket_change,postmarket_volume,Perf.1Y.MarketCap,price_earnings_ttm,price_earnings_growth_ttm,price_sales_current,price_book_fq,price_to_cash_f_operating_activities_ttm,price_free_cash_flow_ttm,price_to_cash_ratio,enterprise_value_current,enterprise_value_to_revenue_ttm,enterprise_value_to_ebit_ttm,enterprise_value_ebitda_ttm,SMA10,SMA30,SMA50,SMA100,SMA200,price_target_average,price_target_high,price_target_low,price_target_median,earnings_per_share_forecast_next_fy,earnings_per_share_forecast_fq,earnings_per_share_forecast_next_fq,revenue_forecast_next_fy,revenue_forecast_fq,revenue_forecast_next_fq
[object Object],NVDA,NVIDIA Corporation,NASDAQ,224.41,stock,common,100.00,1.00,false,0.00,USD,3.21,156329873.00,1.08,5408281060724.04,USD,28.37,7.91,125.15,0.13,Electronic technology,america,Electronic Technology,StrongBuy,Strong buy,3.21,5.54,13.52,4.91,24.78,18.21,32.01,896.58,14521.93,512834.80,3.85,2.65,Buy,Buy,StrongBuy,Strong buy,Neutral,Neutral,56.67,6.85,8.20,69.69,58.69,57.16,0.00,218.80,0.63,-0.02,1402728.00,0.62,156329873.00,42.43,225.10,0.31,11809614.00,26.27,28.37,0.22,17.43,23.66,40.56,42.91,54.84,5347772060724.04,17.65,27.07,26.57,217.09,213.95,209.28,209.66,196.27,334.76,710.29,180.00,318.20,9.26,2.09,2.47,408250807399.00,92270936574.00,108673174982.00
[object Object],AAPL,Apple Inc.,NASDAQ,324.96,stock,common,100.00,1.00,false,0.00,USD,-0.05,33686026.00,0.85,4742524702473.87,USD,37.25,8.72,32.61,0.33,Electronic technology,america,Electronic Technology,Buy,Buy,-0.05,4.72,4.97,3.74,25.65,19.36,41.75,111.19,1124.65,253086.65,2.47,2.06,Buy,Buy,StrongBuy,Strong buy,Neutral,Neutral,60.86,8.13,2.20,198.20,84.19,82.21,0.00,326.76,0.50,-0.14,508967.00,0.53,33686026.00,-36.64,324.32,-0.20,4306172.00,39.19,37.25,1.14,10.25,44.15,32.59,34.98,76.63,4764469702473.87,10.21,30.77,28.37,315.56,315.88,313.55,301.85,283.33,333.19,400.00,245.00,340.00,8.83,1.89,1.98,477407192634.00,109038899874.00,113218384055.00
[object Object],GOOGL,Alphabet Inc. Class A,NASDAQ,337.12,stock,common,100.00,1.00,false,0.00,USD,0.63,22432124.00,0.97,4106348201164.10,USD,16.94,19.91,112.02,0.25,Technology services,america,Technology Services,StrongBuy,Strong buy,0.63,-2.74,-7.75,-6.07,13.86,6.38,61.73,132.15,751.33,13370.39,1.83,2.19,Sell,Sell,StrongSell,Strong sell,Neutral,Neutral,43.14,-7.60,-5.78,-132.60,16.24,21.01,downside_tasuki_gap_bearish,334.22,-0.24,0.39,456781.00,-0.29,22432124.00,-3.90,337.82,0.21,3186921.00,59.41,16.94,0.15,9.24,6.62,22.35,77.89,17.11,3999245647164.10,8.96,26.38,22.55,342.12,344.70,348.73,358.65,335.34,426.68,515.00,340.00,425.00,20.57,2.88,3.02,497660228998.00,116445882659.00,126655860873.00
[object Object],GOOG,Alphabet Inc. Class C,NASDAQ,333.78,stock,common,100.00,1.00,false,0.00,USD,0.53,12920247.00,0.78,4102276922557.28,USD,16.77,19.91,112.02,0.26,Technology services,america,Technology Services,StrongBuy,Strong buy,0.53,-2.74,-8.63,-6.09,12.74,5.10,59.71,128.70,763.09,1078.46,1.83,2.08,Sell,Sell,StrongSell,Strong sell,Neutral,Neutral,41.85,-7.92,-7.44,-132.49,17.33,20.13,downside_tasuki_gap_bearish,330.43,-0.48,0.55,263542.00,-0.38,12920247.00,-20.80,334.00,0.07,2266383.00,59.41,16.77,0.15,9.16,6.56,22.13,77.12,16.94,3995174368557.28,8.95,26.36,22.53,338.88,342.75,346.79,356.33,334.22,426.34,515.00,340.00,425.00,20.57,2.88,3.02,497685656614.00,116425581881.00,126652134669.00
[object Object],MSFT,Microsoft Corporation,NASDAQ,496.82,stock,common,100.00,1.00,false,0.00,USD,-0.84,15307501.00,0.68,3689159389778.22,USD,27.69,17.95,31.55,0.73,Technology services,america,Technology Services,StrongBuy,Strong buy,-0.84,1.84,4.35,14.00,21.41,2.57,-0.73,64.40,771.46,510910.77,2.04,2.02,Buy,Buy,StrongBuy,Strong buy,Sell,Sell,60.83,12.51,38.76,17.32,60.45,71.54,0.00,499.70,-0.26,-0.59,150317.00,-0.23,15307501.00,-27.27,497.94,0.22,2749750.00,-0.91,27.69,0.88,11.24,8.34,20.21,55.20,48.12,3741129389778.22,11.27,24.10,18.83,496.35,474.14,438.34,425.63,431.09,565.88,700.00,400.00,558.00,19.72,4.24,4.71,390636922968.00,87619545211.00,90594344033.00
[object Object],AMZN,"Amazon.com, Inc.",NASDAQ,254.98,stock,common,100.00,1.00,false,0.00,USD,0.02,23826879.00,0.70,2750294439502.54,USD,20.51,12.43,89.73,0.00,Retail trade,america,Retail Trade,StrongBuy,Strong buy,0.02,-2.41,-8.38,0.73,18.60,10.22,14.07,45.92,561.51,209116.08,2.22,2.17,Sell,Sell,Sell,Sell,Neutral,Neutral,46.38,-10.86,-0.16,-115.72,20.74,25.71,0.00,254.40,-0.20,-0.30,159654.00,-0.26,23826879.00,-24.84,255.38,0.16,3374104.00,14.41,20.51,0.23,3.58,4.98,17.22,0.00,22.55,2869018439502.54,3.70,29.16,16.53,259.45,258.97,252.83,254.91,238.87,330.60,405.00,230.00,329.00,12.71,1.82,1.96,828498668448.00,197034781840.00,201997117884.00
[object Object],TSM,"Taiwan Semiconductor Manufacturing Co., Ltd. Sponsored ADR",NYSE,415.50,dr,0.00,100.00,1.00,false,0.00,USD,0.36,6274297.00,0.70,1995945991299.38,USD,29.99,13.86,57.78,0.67,Electronic technology,america,Electronic Technology,StrongBuy,Strong buy,0.36,-0.70,3.72,-3.51,20.96,33.18,83.73,243.56,1348.24,7863.18,2.02,2.17,Neutral,Neutral,Sell,Sell,Neutral,Neutral,48.62,3.41,5.28,-73.83,31.81,37.97,0.00,413.21,-0.19,-0.11,152065.00,-0.19,6274297.00,-20.86,415.75,0.06,546158.00,104.32,29.99,0.52,15.03,10.67,24.42,54.00,19.51,1920360589576.02,13.45,24.08,18.84,416.98,414.03,421.00,414.99,371.44,543.66,650.00,440.00,535.00,16.74,3.81,4.38,168755869792.00,39834731029.00,45080855040.00
[object Object],SPCX,Space Exploration Technologies Corp,NASDAQ,140.71,stock,common,100.00,1.00,false,0.00,USD,-1.07,49730785.00,0.73,1909585101563.25,USD,0.00,0.00,0.00,0.00,Communications,america,Communications,Buy,Buy,-1.07,2.71,32.25,-6.19,-6.19,-6.19,-6.19,-6.19,-6.19,-6.19,3.18,6.29,Buy,Buy,StrongBuy,Strong buy,Neutral,Neutral,53.52,1.06,12.72,41.80,60.90,61.08,0.00,142.66,0.30,-0.11,1012855.00,0.32,49730785.00,-7.58,140.42,-0.21,2246537.00,0.00,0.00,0.00,0.00,14.57,0.00,0.00,18.50,1849074101563.25,0.00,0.00,0.00,139.25,130.46,136.18,0.00,0.00,225.87,800.00,75.00,216.00,0.00,-0.23,0.14,0.00,6826708501.00,12761591754.00
[object Object],AVGO,Broadcom Inc.,NASDAQ,367.24,stock,common,100.00,1.00,false,0.00,USD,-0.66,35458731.00,1.70,1747173673275.36,USD,61.14,6.01,125.81,0.69,Electronic technology,america,Electronic Technology,StrongBuy,Strong buy,-0.66,2.83,-4.47,-10.21,11.87,4.10,26.92,640.72,1976.21,22156.97,2.46,2.97,Sell,Sell,StrongSell,Strong sell,Neutral,Neutral,42.13,4.76,-18.58,-52.13,26.75,26.04,0.00,369.69,0.00,0.11,284573.00,0.00,35458731.00,83.83,375.68,2.30,11851697.00,24.88,61.14,0.49,23.89,19.93,53.26,54.66,91.23,1792452673275.36,23.75,53.81,42.61,365.12,387.15,384.58,398.59,369.68,534.10,675.00,400.00,527.50,11.60,3.22,3.85,105753405408.00,29240913570.00,34679650252.00
[object Object],META,Meta Platforms Inc Class A,NASDAQ,592.85,stock,common,100.00,1.00,false,0.00,USD,2.47,16466786.00,1.03,1510288954163.56,USD,22.33,26.55,-3.86,0.36,Technology services,america,Technology Services,StrongBuy,Strong buy,2.47,0.43,5.44,-4.94,-8.50,-10.54,-18.34,55.40,368.03,1309.87,3.55,3.12,Buy,Buy,Buy,Buy,Buy,Buy,55.18,46.82,-7.60,66.85,67.37,58.20,0.00,578.57,0.01,-0.18,64681.00,0.04,16466786.00,4.24,594.50,0.28,2021569.00,-20.19,22.33,0.00,6.50,5.78,11.67,37.13,16.72,1531644954163.56,6.71,17.62,13.97,569.38,577.63,592.95,606.10,622.21,745.38,1000.00,580.00,745.00,31.40,7.19,6.75,254122894748.00,60223636026.00,63246263984.00
[object Object],TSLA,"Tesla, Inc.",NASDAQ,357.01,stock,common,100.00,1.00,false,0.00,USD,0.26,33793281.00,0.88,1410027976824.46,USD,331.70,1.08,-37.67,0.00,Consumer durables,america,Consumer Durables,Buy,Buy,0.26,3.40,14.81,-14.97,-10.32,-22.02,8.77,45.82,2462.15,28085.04,3.80,3.43,Neutral,Neutral,Neutral,Neutral,Neutral,Neutral,53.45,5.89,15.82,82.64,78.99,77.02,0.00,360.61,1.27,0.40,518446.00,1.21,33793281.00,-6.63,355.61,-0.39,2130412.00,32.39,331.70,0.00,12.17,16.23,67.64,219.34,28.71,1382748976824.46,13.34,289.76,122.92,353.76,334.17,358.35,381.34,399.97,376.78,600.00,24.86,406.50,1.68,0.53,0.46,106237542099.00,26423384487.00,27655674641.00
[object Object],LLY,Eli Lilly and Company,NYSE,1160.08,stock,common,100.00,1.00,false,0.00,USD,0.01,2441580.00,0.90,1092049493134.45,USD,39.42,29.43,95.14,0.58,Health technology,america,Health Technology,Buy,Buy,0.01,-5.99,0.70,4.64,18.98,7.77,59.35,350.67,1392.06,41204.65,2.09,3.15,Neutral,Neutral,Sell,Sell,Neutral,Neutral,43.36,-120.26,-21.25,-92.40,8.20,8.29,long_upper_shadow_bearish,1166.31,0.54,0.50,8309.00,0.36,2441580.00,-3.21,1161.40,0.11,441912.00,56.93,39.42,0.41,13.01,32.24,36.92,57.00,115.84,1138007493134.45,14.28,28.73,27.29,1199.73,1194.71,1190.22,1103.80,1062.02,1348.74,1680.00,850.00,1392.50,36.39,6.40,9.85,88254946617.00,20822836356.00,22162823973.00
[object Object],MU,"Micron Technology, Inc.",NASDAQ,956.08,stock,common,100.00,1.00,false,0.00,USD,2.43,21328016.00,0.87,1079790125754.32,USD,21.64,44.17,697.29,0.06,Electronic technology,america,Electronic Technology,StrongBuy,Strong buy,2.43,3.28,21.58,-5.07,151.51,223.96,725.20,1205.94,5656.05,67587.08,4.51,4.96,StrongBuy,Strong buy,StrongBuy,Strong buy,Buy,Buy,53.23,18.98,28.35,36.71,41.62,43.45,0.00,930.62,-0.30,-0.48,422703.00,-0.28,21328016.00,-23.18,956.11,0.00,1411067.00,695.07,21.64,0.03,11.84,10.72,21.28,41.83,42.03,1060117125754.32,11.74,17.86,15.51,943.94,911.14,944.03,852.62,599.05,1575.35,2200.00,361.00,1600.00,73.37,20.86,31.14,129549770187.00,35911904101.00,50413235893.00
[object Object],BRK.B,Berkshire Hathaway Inc. Class B,NYSE,505.24,stock,common,100.00,1.00,false,0.00,USD,0.58,3294562.00,0.79,971886856858.27,USD,12.70,39.77,36.30,0.00,Finance,america,Finance,Neutral,Neutral,0.58,-0.14,-1.88,4.91,1.20,0.85,0.20,77.06,235.26,2077.76,0.99,1.30,Buy,Buy,StrongBuy,Strong buy,Neutral,Neutral,51.29,5.62,-1.09,-18.79,52.08,39.91,0.00,503.88,0.31,-0.16,6591.00,0.22,3294562.00,-32.03,505.30,0.01,687311.00,-10.60,12.70,0.35,2.81,1.45,23.34,44.96,2.98,738009856858.27,1.92,11.81,9.65,502.65,507.18,502.52,490.99,492.40,541.08,604.00,490.25,529.00,22.18,5.04,5.60,403512500000.00,96522968300.00,100929913950.00
[object Object],JPM,JPMorgan Chase & Co.,NYSE,356.22,stock,common,100.00,1.00,false,0.00,USD,0.36,5337057.00,0.92,946899148975.81,USD,15.26,23.34,19.77,1.69,Finance,america,Finance,Buy,Buy,0.36,-0.08,0.70,16.51,24.40,10.46,18.64,122.61,426.64,3627.83,1.49,1.52,Buy,Buy,Buy,Buy,Neutral,Neutral,53.08,-1.04,1.43,-25.43,33.71,34.83,0.00,357.13,0.61,-0.01,16107.00,0.73,5337057.00,5.06,356.22,0.00,1234999.00,14.49,15.26,0.77,4.80,2.68,6.24,6.24,0.00,2197538148975.81,7.39,0.00,0.00,355.17,356.45,348.73,329.25,317.76,376.35,420.00,305.00,375.00,24.83,5.59,5.84,207534628307.00,50720644720.00,50631231178.00
[object Object],WMT,Walmart Inc.,NASDAQ,106.09,stock,common,100.00,1.00,false,0.00,USD,0.16,24976060.00,0.70,841691108535.62,USD,38.44,2.76,4.13,0.92,Retail trade,america,Retail Trade,StrongBuy,Strong buy,0.16,0.55,-6.20,-11.51,-13.39,-4.79,9.11,114.87,344.70,603438.51,1.51,1.98,Sell,Sell,StrongSell,Strong sell,Neutral,Neutral,42.22,-8.21,-5.86,-44.86,23.62,16.61,spinning_top_white,106.08,0.15,0.16,69966.00,0.05,24976060.00,13.14,105.85,-0.23,3005126.00,7.72,38.44,9.29,1.15,8.58,19.72,62.65,73.41,910478108535.62,1.24,28.21,19.22,104.63,110.03,111.27,117.99,118.62,129.03,155.00,110.00,130.00,2.89,0.74,0.64,752560394530.00,186641139353.00,187305477028.00
[object Object],AMD,"Advanced Micro Devices, Inc.",NASDAQ,457.06,stock,common,100.00,1.00,false,0.00,USD,-0.55,11875583.00,0.75,746138988560.93,USD,117.30,3.90,124.28,0.00,Electronic technology,america,Electronic Technology,Buy,Buy,-0.55,-3.79,-1.02,-11.21,134.07,108.80,188.51,314.30,6265.74,99620.73,2.51,3.65,Sell,Sell,StrongSell,Strong sell,Neutral,Neutral,42.98,-9.36,-20.34,-128.23,17.28,22.99,0.00,458.93,-0.15,-0.36,127277.00,-0.02,11875583.00,-26.75,456.93,-0.03,1004083.00,184.83,117.30,0.95,18.46,11.10,75.22,90.24,57.79,737292988560.93,17.85,113.62,77.48,468.92,481.01,501.65,462.24,338.77,625.35,1250.00,365.00,620.00,7.63,1.62,1.93,50947993725.00,11309653407.00,12966723323.00
[object Object],V,Visa Inc. Class A,NYSE,378.40,stock,common,100.00,1.00,false,0.00,USD,1.54,5598230.00,0.88,706490745911.67,USD,32.47,11.65,15.03,0.72,Finance,america,Finance,StrongBuy,Strong buy,1.54,-1.49,2.69,19.45,19.73,8.15,8.33,64.21,366.35,2443.87,1.40,1.68,StrongBuy,Strong buy,StrongBuy,Strong buy,Neutral,Neutral,59.12,12.86,12.40,61.42,68.18,73.59,0.00,374.75,0.56,-0.12,5358.00,0.36,5598230.00,-4.45,379.40,0.26,1322766.00,3.17,32.47,2.13,15.90,20.39,31.81,34.18,45.20,714971745911.67,16.07,23.97,22.94,377.89,368.50,361.37,341.63,333.58,423.40,466.00,370.00,425.00,13.23,3.23,3.44,45854091711.00,11400783120.00,12077370802.00
[object Object],XOM,Exxonmobil Holdings Corporation,NYSE,164.15,stock,common,100.00,1.00,false,0.00,USD,-0.24,11282212.00,0.80,674970385271.75,USD,21.12,7.77,10.17,2.50,Energy minerals,america,Energy Minerals,Buy,Buy,-0.24,3.89,6.97,7.96,7.18,36.69,43.76,197.80,86.87,10301.58,1.48,1.92,StrongBuy,Strong buy,StrongBuy,Strong buy,Buy,Buy,60.88,-0.62,2.48,69.99,59.28,40.73,spinning_top_white,163.41,-0.69,-0.16,50291.00,-0.38,11282212.00,-0.94,164.00,-0.09,2605883.00,38.38,21.12,2.08,1.89,2.60,11.47,22.43,64.71,713481385271.75,1.96,17.37,10.09,161.69,158.87,152.02,150.84,144.32,169.73,200.00,142.00,170.00,11.55,3.56,3.50,405761190811.00,109936966477.00,106769599023.00
[object Object],JNJ,Johnson & Johnson,NYSE,275.21,stock,common,100.00,1.00,false,0.00,USD,1.48,7905639.00,1.22,663228154954.96,USD,31.90,8.63,-7.72,1.95,Health technology,america,Health Technology,Buy,Buy,1.48,1.19,7.94,21.19,15.58,33.07,55.07,57.17,129.76,123744.62,1.77,1.88,StrongBuy,Strong buy,StrongBuy,Strong buy,Buy,Buy,62.57,1.80,6.54,140.66,65.31,59.70,"rising_window_bullish,long_upper_shadow_bearish",274.48,1.21,0.35,20787.00,1.31,7905639.00,30.99,275.17,-0.02,1210834.00,52.40,31.90,0.00,6.76,7.80,24.32,30.19,32.35,691506154954.96,7.06,26.16,20.23,269.99,264.26,260.41,245.30,235.03,279.71,320.00,210.00,282.00,11.58,2.85,2.90,101271486836.00,25062319857.00,25329572658.00
[object Object],ASML,ASML Holding NV,EURONEXT,1445.80,stock,common,10.00,2.00,false,0.00,EUR,0.72,482013.00,1.05,635585029779.68,USD,52.49,31.46,14.70,0.54,Electronic technology,netherlands,Electronic Technology,StrongBuy,Strong buy,0.72,-3.37,0.40,-2.31,21.91,57.25,129.49,99.34,1399.33,5551.10,2.72,2.95,Sell,Sell,Sell,Sell,Buy,Buy,41.25,-61.80,-37.82,-136.47,6.47,6.60,0.00,0.00,0.00,0.00,0.00,-0.43,482013.00,-1.87,1445.80,0.00,144700.00,129.16,52.49,3.54,15.64,25.53,48.45,55.42,73.40,629096927430.68,15.59,44.02,40.65,1481.36,1495.19,1530.79,1457.38,1278.10,2389.20,2904.63,1278.04,2439.89,44.86,7.87,11.94,51038524546.32,10149779740.40,13187450605.73
[object Object],ASML,ASML Holding NV Sponsored ADR,NASDAQ,1682.30,dr,0.00,100.00,1.00,false,0.00,USD,1.03,855797.00,0.80,635585029779.68,USD,52.37,32.12,23.10,0.46,Electronic technology,america,Electronic Technology,StrongBuy,Strong buy,1.03,-3.67,4.51,0.15,30.02,48.38,134.56,97.42,1482.30,61310.85,2.25,2.42,Neutral,Neutral,Sell,Sell,Buy,Buy,42.67,-69.43,-39.49,-130.84,8.80,6.63,0.00,1672.89,0.47,-0.28,31754.00,0.42,855797.00,-14.91,1680.67,-0.10,53826.00,128.25,52.37,2.24,15.56,25.98,49.70,57.17,74.70,629185865349.68,15.27,43.12,39.82,1721.86,1726.63,1756.33,1675.97,1473.86,2320.02,2859.00,1628.31,2392.50,43.69,7.92,11.77,49785671795.00,10239884383.00,13018563142.00
[object Object],MA,Mastercard Incorporated Class A,NYSE,588.14,stock,common,100.00,1.00,false,0.00,USD,1.21,2290387.00,0.79,515216462305.64,USD,32.36,18.18,22.62,0.58,Finance,america,Finance,StrongBuy,Strong buy,1.21,-1.87,1.40,22.64,13.18,3.05,-1.26,67.80,508.40,14494.04,1.28,1.59,Buy,Buy,StrongBuy,Strong buy,Neutral,Neutral,59.55,14.42,22.01,53.63,64.87,72.03,0.00,583.12,0.35,0.24,1169.00,0.50,2290387.00,-30.81,587.51,-0.11,526961.00,-4.89,32.36,1.41,14.60,92.03,30.15,31.49,42.93,527757462305.64,15.02,25.38,24.00,589.78,572.61,554.08,526.19,529.94,671.64,740.00,620.00,669.00,19.96,4.77,5.16,37263642930.00,9075236719.00,9645052315.00
[object Object],INTC,Intel Corporation,NASDAQ,90.05,stock,common,100.00,1.00,false,0.00,USD,1.21,61186448.00,0.70,473170105857.43,USD,0.00,-2.12,55.49,0.00,Electronic technology,america,Electronic Technology,Buy,Buy,1.21,3.74,1.87,-16.93,101.59,138.42,277.09,67.38,150.21,223182.92,4.24,4.71,Sell,Sell,Sell,Sell,Neutral,Neutral,42.77,-2.75,-5.12,-67.53,19.72,20.53,0.00,88.89,-0.09,-0.48,1304259.00,-0.13,61186448.00,-17.27,90.14,0.10,5798101.00,313.47,0.00,0.00,7.96,5.19,30.77,1336.09,15.37,509411105857.43,8.93,111.27,30.04,89.53,93.99,102.15,103.28,73.57,121.24,200.00,75.00,116.00,1.50,0.22,0.38,62804494824.00,14434847186.00,16312055147.00
[object Object],ABBV,"AbbVie, Inc.",NYSE,261.72,stock,common,100.00,1.00,false,0.00,USD,0.67,4223411.00,0.98,462489924888.73,USD,74.00,3.54,68.31,2.63,Health technology,america,Health Technology,Buy,Buy,0.67,-1.09,4.08,17.63,13.61,14.42,24.55,130.49,304.51,607.35,1.94,2.03,Buy,Buy,StrongBuy,Strong buy,Sell,Sell,57.54,-4.25,2.97,53.01,62.49,56.38,long_lower_shadow_bullish,262.34,0.90,0.20,2339.00,1.04,4223411.00,9.22,261.60,-0.05,779829.00,22.72,74.00,1.08,7.15,0.00,23.76,25.45,70.56,526789924888.73,8.18,23.94,17.61,261.18,255.57,253.71,233.18,228.09,278.92,303.00,230.00,282.50,14.03,3.61,3.86,67609710249.00,16804130773.00,17312394863.00
[object Object],BAC,Bank of America Corp,NYSE,62.60,stock,common,100.00,1.00,false,0.00,USD,0.98,27680101.00,0.87,437746070152.94,USD,14.41,4.35,27.25,1.81,Finance,america,Finance,Buy,Buy,0.98,0.34,0.55,17.82,28.94,13.76,24.65,52.27,287.62,1913.27,1.76,1.68,Buy,Buy,StrongBuy,Strong buy,Neutral,Neutral,52.84,-0.57,-0.40,-24.57,26.08,22.37,0.00,62.24,0.40,0.50,33966.00,0.47,27680101.00,10.47,62.60,0.00,4746103.00,16.07,14.41,0.52,3.74,1.59,5.56,5.56,0.00,1178628070152.94,6.04,0.00,0.00,62.06,62.69,61.42,57.24,54.76,68.23,75.00,61.00,67.50,4.64,1.13,1.19,124064543518.00,30776101012.00,31347429415.00
[object Object],CSCO,"Cisco Systems, Inc.",NASDAQ,109.45,stock,common,100.00,1.00,false,0.00,USD,-0.26,11360983.00,0.78,431409739217.75,USD,32.87,3.33,27.53,1.51,Electronic technology,america,Electronic Technology,Buy,Buy,-0.26,-1.84,-4.49,-13.17,39.41,42.81,60.72,84.42,248.36,141574.65,1.72,2.42,Sell,Sell,StrongSell,Strong sell,Neutral,Neutral,40.80,-1.09,-3.54,-73.69,13.08,10.60,0.00,110.10,0.33,-0.18,34067.00,0.52,11360983.00,-19.84,109.00,-0.42,2804128.00,61.10,32.87,1.20,6.90,0.00,30.76,34.16,27.39,445024739217.75,7.03,27.86,24.04,110.61,114.46,114.70,110.64,94.44,140.05,170.00,115.00,137.00,5.12,1.17,1.33,73080744883.00,16836303500.00,18114740587.00
[object Object],ORCL,Oracle Corporation,NYSE,145.75,stock,common,100.00,1.00,false,0.00,USD,3.13,21840542.00,1.11,419828662322.73,USD,25.02,5.82,34.18,1.42,Technology services,america,Technology Services,Buy,Buy,3.13,-0.85,10.48,-35.79,-4.69,-26.19,-34.35,61.64,255.66,230251.02,3.88,4.06,Sell,Sell,Sell,Sell,Neutral,Neutral,50.69,1.94,8.90,-60.92,38.42,47.73,0.00,140.51,-0.57,-0.83,267490.00,-0.75,21840542.00,-14.16,146.07,0.22,2879284.00,-35.67,25.02,0.71,6.12,11.18,13.29,0.00,13.32,560868662322.73,8.33,24.99,17.67,146.36,140.86,139.78,164.73,169.43,247.08,400.00,110.00,240.00,8.06,1.96,1.73,89639247335.00,19100839464.00,19131387671.00
[object Object],CVX,Chevron Corporation,NYSE,211.78,stock,common,100.00,1.00,false,0.00,USD,0.35,7591008.00,0.96,418428839307.23,USD,20.30,10.43,34.63,3.34,Energy minerals,america,Energy Minerals,Buy,Buy,0.35,6.57,8.39,12.05,10.95,39.18,31.97,117.43,109.25,6428.26,1.66,1.81,StrongBuy,Strong buy,StrongBuy,Strong buy,Buy,Buy,71.48,6.02,8.58,140.14,91.48,77.52,0.00,210.06,-0.47,0.25,87662.00,-0.27,7591008.00,-11.31,211.74,-0.02,1336552.00,25.85,20.30,0.58,1.97,2.20,9.23,15.34,47.72,452412839307.23,2.14,16.06,8.70,204.48,197.95,189.63,188.04,180.58,219.29,241.00,175.00,222.00,15.89,5.55,4.61,232696699471.00,62720794781.00,57413568926.00
[object Object],COST,Costco Wholesale Corporation,NASDAQ,928.48,stock,common,100.00,1.00,false,0.00,USD,-1.22,2160771.00,1.15,411761225162.20,USD,46.70,19.88,12.78,0.59,Retail trade,america,Retail Trade,Buy,Buy,-1.22,-3.34,-3.80,-5.93,-3.98,7.82,-1.08,102.10,483.95,36732.02,1.62,1.64,StrongSell,Strong sell,StrongSell,Strong sell,Sell,Sell,42.17,-28.51,-7.32,-159.41,25.01,29.06,0.00,936.61,-0.36,0.16,2259.00,-0.16,2160771.00,43.23,927.98,-0.05,299063.00,0.12,46.70,3.70,1.42,12.29,27.51,46.86,20.64,399997225162.20,1.36,35.63,29.01,946.12,950.10,944.82,971.74,960.23,1090.03,1315.00,781.00,1100.00,20.53,5.00,6.55,302030550627.00,69829227249.00,94461976473.00
[object Object],PLTR,Palantir Technologies Inc. Class A,NASDAQ,169.46,stock,common,100.00,1.00,false,0.00,USD,-5.81,39668079.00,1.29,407228158473.16,USD,144.83,1.17,288.87,0.00,Technology services,america,Technology Services,Buy,Buy,-5.81,-0.67,33.75,16.50,12.64,-6.53,12.08,546.55,1594.60,1594.60,4.07,4.73,Neutral,Neutral,Buy,Buy,Sell,Sell,52.20,-5.73,24.88,-68.07,54.40,74.91,0.00,176.99,-1.63,-0.51,338072.00,-1.63,39668079.00,61.47,169.90,0.26,3082090.00,16.02,144.83,0.53,75.08,41.66,128.02,129.62,46.26,398141149473.16,64.68,151.12,149.53,178.80,160.86,147.17,142.58,151.31,200.88,255.00,80.00,205.00,1.59,0.34,0.41,8174939530.00,1812279528.00,2166903350.00
[object Object],KO,Coca-Cola Company,NYSE,88.24,stock,common,100.00,1.00,false,0.00,USD,0.27,17464049.00,1.15,379656908593.75,USD,26.59,3.32,17.60,2.36,Consumer non-durables,america,Consumer Non-Durables,Buy,Buy,0.27,-4.31,-0.27,10.60,14.90,26.33,27.96,55.43,104.21,33954.40,1.39,1.45,Neutral,Neutral,Buy,Buy,Neutral,Neutral,51.35,-2.11,1.84,-20.66,29.70,40.51,0.00,87.76,-0.27,0.00,45473.00,-0.12,17464049.00,17.74,88.40,0.18,5671329.00,27.39,26.59,1.51,7.51,10.50,23.29,26.62,23.25,408993908593.75,8.09,25.33,23.81,89.89,87.84,85.75,82.37,78.27,96.24,104.00,85.00,96.00,3.31,0.93,0.88,49727688707.00,13170956898.00,12895215509.00
[object Object],MRK,"Merck & Co., Inc.",NYSE,151.64,stock,common,100.00,1.00,false,0.00,USD,1.19,8756967.00,0.62,374121907626.81,USD,121.21,1.25,-80.71,2.24,Health technology,america,Health Technology,Buy,Buy,1.19,-1.76,16.76,29.43,31.68,43.69,79.46,96.27,152.47,38469.05,2.02,2.60,StrongBuy,Strong buy,StrongBuy,Strong buy,Neutral,Neutral,65.64,-0.56,12.38,66.03,71.76,70.37,spinning_top_white,150.14,0.19,0.05,6819.00,1.09,8756967.00,-11.25,151.64,0.00,1794059.00,73.17,121.21,0.00,5.58,8.93,18.76,23.32,52.15,420896907626.81,6.35,33.76,22.14,150.89,138.45,133.46,124.48,117.82,148.64,186.00,105.00,150.00,2.75,-0.27,2.22,67127859287.00,16368922837.00,17309421105.00
[object Object],CAT,Caterpillar Inc.,NYSE,792.28,stock,common,100.00,1.00,false,0.00,USD,1.68,2435177.00,0.96,364191190062.42,USD,34.08,23.25,18.22,0.79,Producer manufacturing,america,Producer Manufacturing,Buy,Buy,1.68,-2.93,-2.38,-13.32,16.09,37.17,91.41,275.22,866.08,49288.87,2.53,3.06,Neutral,Neutral,StrongSell,Strong sell,Buy,Buy,38.73,-23.87,-45.41,-126.96,10.17,8.05,engulfing_bullish,779.11,-0.01,-0.27,7638.00,-0.08,2435177.00,-17.40,791.00,-0.16,361317.00,83.76,34.08,1.84,4.82,18.78,27.00,40.74,54.59,402623190062.42,5.39,29.41,25.05,807.37,834.70,881.44,881.48,770.68,991.21,1225.00,575.00,985.00,27.25,6.22,6.93,79528975688.00,19335236841.00,20486013858.00
[object Object],LRCX,Lam Research Corporation,NASDAQ,288.32,stock,common,100.00,1.00,false,0.00,USD,-0.65,4833586.00,0.68,360780898847.59,USD,50.02,5.76,38.61,0.36,Producer manufacturing,america,Producer Manufacturing,StrongBuy,Strong buy,-0.65,-8.36,1.76,-12.56,40.34,62.11,201.07,378.36,2980.34,129644.66,3.39,4.23,Sell,Sell,StrongSell,Strong sell,Buy,Buy,39.90,-18.85,-7.92,-173.35,6.80,11.48,0.00,290.66,0.16,-0.44,17873.00,0.45,4833586.00,-41.44,288.00,-0.11,783819.00,195.70,50.02,1.30,15.69,28.93,61.82,74.04,64.91,359323292847.59,15.47,43.82,41.58,306.27,307.37,325.41,314.37,259.37,381.37,500.00,300.00,380.00,9.48,1.69,2.18,34778125885.00,6664835041.00,8132747773.00
[object Object],UNH,UnitedHealth Group Incorporated,NYSE,399.66,stock,common,100.00,1.00,false,0.00,USD,0.85,3263546.00,0.79,358732746154.51,USD,25.70,15.55,-32.64,2.26,Health services,america,Health Services,Buy,Buy,0.85,0.84,-4.26,2.48,39.09,20.78,29.63,-4.65,192.11,276421.49,1.50,2.09,Buy,Buy,Buy,Buy,Buy,Buy,48.77,11.05,-12.69,11.65,49.15,39.31,0.00,399.80,0.88,0.05,15338.00,0.75,3263546.00,-12.21,399.50,-0.04,522398.00,27.19,25.70,0.00,0.80,3.67,13.40,15.33,0.00,439562746154.51,0.98,0.00,0.00,394.47,404.47,412.21,394.48,350.71,481.52,529.00,380.00,490.00,19.76,4.91,4.09,445724866233.00,110806566222.00,111311226504.00
[object Object],HSBA,HSBC Holdings Plc,LSE,1545.20,stock,common,10.00,2.00,false,0.00,GBX,0.77,20227201.00,1.17,355695571608.69,USD,14.84,1.38,35.01,3.66,Finance,uk,Finance,Neutral,Neutral,0.77,1.36,-2.61,10.69,19.89,30.33,62.14,299.69,168.64,544.78,1.53,1.76,Buy,Buy,StrongBuy,Strong buy,Neutral,Neutral,57.23,30.60,-5.74,165.19,77.69,58.87,0.00,0.00,0.00,0.00,0.00,-0.25,20227201.00,-23.46,1545.20,0.00,6615542.00,60.53,14.84,0.42,4.70,2.04,0.00,0.00,0.00,703784750136.78,5.24,0.00,0.00,1519.74,1535.31,1504.48,1431.75,1319.86,20.59,25.01,15.06,20.44,1.69,0.44,0.45,74342298667.16,18659357176.00,19090816071.00
[object Object],AMAT,"Applied Materials, Inc.",NASDAQ,438.46,stock,common,100.00,1.00,false,0.00,USD,-0.77,6496496.00,1.01,347960726119.79,USD,37.81,11.60,38.27,0.45,Producer manufacturing,america,Producer Manufacturing,StrongBuy,Strong buy,-0.77,-8.60,-12.11,-9.72,33.06,64.17,179.77,225.44,1364.46,792216.45,2.91,3.78,Sell,Sell,StrongSell,Strong sell,Buy,Buy,33.41,-57.71,-52.15,-147.77,3.70,4.02,0.00,443.41,0.35,-0.71,43880.00,0.37,6496496.00,-9.14,438.00,-0.10,870551.00,179.34,37.81,1.00,11.46,13.58,41.78,62.38,37.99,346073726119.79,11.22,36.10,34.22,471.52,503.42,541.05,497.65,404.88,667.61,900.00,515.00,670.00,12.81,3.40,4.06,34346992450.00,8994977809.00,10307481959.00
[object Object],NFLX,"Netflix, Inc.",NASDAQ,82.73,stock,common,100.00,1.00,false,0.00,USD,2.38,22020536.00,0.83,344482740944.96,USD,26.06,3.17,35.27,0.00,Technology services,america,Technology Services,Buy,Buy,2.38,0.83,13.69,-0.55,-16.71,-12.11,-30.89,41.74,745.82,71439.32,2.68,2.71,Buy,Buy,StrongBuy,Strong buy,Neutral,Neutral,63.89,2.51,5.73,96.37,85.21,83.84,0.00,80.63,-0.22,-0.38,81110.00,-0.32,22020536.00,4.04,82.22,-0.62,3503699.00,-34.78,26.06,0.72,7.06,11.42,29.45,31.61,38.61,351991146944.96,7.22,23.86,10.86,80.96,76.48,75.08,81.56,87.19,94.32,135.00,70.00,93.50,3.60,0.79,0.82,51212969290.00,12581163486.00,12872611299.00
[object Object],PG,Procter & Gamble Company,NYSE,147.64,stock,common,100.00,1.00,false,0.00,USD,0.98,7428275.00,0.76,343179319450.46,USD,22.30,6.62,1.74,2.93,Consumer non-durables,america,Consumer Non-Durables,Buy,Buy,0.98,1.62,1.23,3.46,-3.92,3.17,-6.18,2.70,67.30,10283.47,1.67,1.57,Buy,Buy,StrongBuy,Strong buy,Buy,Buy,56.53,3.26,-0.74,164.85,72.63,55.92,0.00,146.20,-0.01,0.18,3131.00,0.14,7428275.00,-12.65,147.65,0.01,1374274.00,-8.09,22.30,12.70,4.05,6.43,18.21,23.52,35.83,369248319450.46,4.24,17.78,15.43,145.05,145.50,146.86,146.15,147.57,159.67,177.00,143.00,162.00,6.98,1.41,1.88,88704680664.00,21379772305.00,22724989053.00
[object Object],GE,GE Aerospace,NYSE,329.50,stock,common,100.00,1.00,false,0.00,USD,-0.48,2685488.00,0.70,341876839968.25,USD,38.84,8.48,18.43,0.50,Electronic technology,america,Electronic Technology,Buy,Buy,-0.48,-6.33,-9.43,4.05,1.80,6.38,20.30,399.48,119.91,8700.53,2.12,2.37,Sell,Sell,StrongSell,Strong sell,Neutral,Neutral,35.59,-26.73,-18.24,-129.34,2.86,5.20,0.00,333.00,0.58,-0.25,6913.00,0.69,2685488.00,-11.31,329.85,0.11,547580.00,17.63,38.84,2.12,6.85,19.38,35.20,41.09,36.92,352988839968.25,6.97,37.65,33.27,342.04,357.20,358.55,334.04,321.00,407.80,455.00,350.00,402.50,7.92,1.86,1.99,50291013479.00,11881567695.00,12833925894.00
[object Object],ROP,Roche Holding Ltd,SIX,349.20,stock,common,10.00,1.00,false,0.00,CHF,0.49,847248.00,0.86,341811571168.04,USD,22.78,18.96,30.49,2.82,Health technology,switzerland,Health Technology,Buy,Buy,0.49,-6.63,-1.80,11.57,1.22,6.46,34.62,-4.35,43.70,171.75,1.81,1.83,Sell,Sell,Sell,Sell,Neutral,Neutral,42.12,-18.20,-2.38,-143.67,10.69,16.76,"downside_tasuki_gap_bearish,long_upper_shadow_bearish",0.00,0.00,0.00,0.00,0.37,847248.00,-21.80,349.20,0.00,458571.00,32.04,22.78,0.74,4.60,8.51,15.32,19.09,28.95,373951550968.04,4.96,16.19,13.70,363.21,361.77,350.74,336.41,334.04,461.59,537.52,284.53,470.10,25.56,12.51,11.89,79819253993.85,37648198160.72,39802835994.28
[object Object],MS,Morgan Stanley,NYSE,211.82,stock,common,100.00,1.00,false,0.00,USD,0.37,3614016.00,0.89,332677339731.69,USD,17.11,12.38,40.23,1.97,Finance,america,Finance,Buy,Buy,0.37,-2.39,0.17,-0.09,32.79,18.66,42.58,101.71,559.05,3015.00,1.92,2.06,Sell,Sell,Sell,Sell,Neutral,Neutral,45.73,-2.41,-0.50,-91.42,33.43,40.02,long_upper_shadow_bearish,210.97,-0.03,-0.02,1940.00,0.44,3614016.00,2.58,211.99,0.08,852479.00,39.49,17.11,0.42,4.24,3.12,7.25,7.76,0.00,881915339731.69,6.85,0.00,0.00,213.24,214.07,215.71,207.90,190.37,242.14,273.00,195.00,245.00,12.90,2.93,3.13,81858702645.00,19674830362.00,20353263673.00
[object Object],DELL,"Dell Technologies, Inc. Class C",NYSE,492.20,stock,common,100.00,1.00,false,0.00,USD,15.81,36460903.00,6.14,319083929312.48,USD,28.57,17.23,153.34,0.54,Electronic technology,america,Electronic Technology,Buy,Buy,15.81,9.48,23.77,22.48,242.21,283.33,313.23,900.94,3894.14,3931.78,7.35,6.19,StrongBuy,Strong buy,StrongBuy,Strong buy,Neutral,Neutral,58.86,54.65,18.53,63.12,42.70,36.43,0.00,462.02,8.71,10.00,695813.00,8.72,36460903.00,128.62,487.67,-0.92,985873.00,236.61,28.57,0.16,0.00,0.00,0.00,0.00,0.00,341980929312.48,2.26,20.08,0.00,452.71,446.93,435.51,363.79,249.53,574.74,735.00,465.00,575.00,24.76,4.91,6.28,191659933388.00,44890631026.00,48315246513.00
[object Object],HD,"Home Depot, Inc.",NYSE,318.51,stock,common,100.00,1.00,false,0.00,USD,-0.39,3497829.00,0.96,317774115117.54,USD,22.29,14.29,-2.93,2.90,Retail trade,america,Retail Trade,Buy,Buy,-0.39,-6.16,-6.27,0.21,-10.92,-7.26,-21.10,-2.01,136.85,906870.78,1.50,2.09,StrongSell,Strong sell,StrongSell,Strong sell,Sell,Sell,34.35,-25.79,-12.19,-166.15,4.30,5.62,0.00,322.76,0.94,0.08,9401.00,0.54,3497829.00,6.23,318.70,0.06,584709.00,-21.12,22.29,0.00,1.88,19.13,16.89,21.01,152.15,378256115117.54,2.24,17.99,14.93,330.52,338.08,340.10,331.25,344.31,381.61,425.00,320.00,385.00,14.99,4.73,3.84,171598533367.00,47243150569.00,42802485842.00
[object Object],NOVN,Novartis AG,SIX,131.32,stock,common,100.00,2.00,false,0.00,CHF,0.27,3637896.00,1.60,295273902319.71,USD,24.98,6.50,-11.50,2.83,Health technology,switzerland,Health Technology,Neutral,Neutral,0.27,2.07,3.32,15.13,5.04,19.58,29.79,54.55,91.44,120.08,2.22,1.76,Buy,Buy,StrongBuy,Strong buy,Neutral,Neutral,62.67,4.20,0.78,206.96,68.31,52.05,spinning_top_black,0.00,0.00,0.00,0.00,0.40,3637896.00,-25.95,131.32,0.00,1209934.00,24.84,24.98,0.00,5.77,7.17,17.31,19.02,40.52,336732790310.75,6.26,21.18,16.03,127.00,126.35,125.88,121.66,118.64,156.30,175.00,116.90,159.21,9.00,2.17,2.23,58524529335.83,14077353263.00,14600626960.00
[object Object],PM,Philip Morris International Inc.,NYSE,187.94,stock,common,100.00,1.00,false,0.00,USD,0.42,2925481.00,0.69,292925816408.90,USD,27.01,6.96,32.01,3.14,Consumer non-durables,america,Consumer Non-Durables,Buy,Buy,0.42,-3.62,-2.32,5.65,11.52,17.27,12.83,80.71,88.32,275.88,2.12,2.11,Sell,Sell,Neutral,Neutral,Sell,Sell,48.12,-1.99,-1.01,-69.37,26.23,36.59,0.00,187.99,0.45,0.45,100.00,0.11,2925481.00,-29.25,189.28,0.71,618273.00,11.94,27.01,0.84,6.88,0.00,20.55,23.05,48.56,337927816408.90,7.96,21.33,18.89,190.40,190.20,187.71,181.20,174.10,208.62,230.00,175.00,215.00,8.37,2.05,2.27,43407087622.00,10601737596.00,11171946396.00
[object Object],GS,"Goldman Sachs Group, Inc.",NYSE,1004.42,stock,common,100.00,1.00,false,0.00,USD,0.19,2084653.00,1.09,292458394188.74,USD,15.50,64.79,42.77,1.70,Finance,america,Finance,Neutral,Neutral,0.19,-5.33,-2.01,-4.60,23.09,13.62,36.40,141.96,490.84,1221.61,2.03,2.13,Sell,Sell,StrongSell,Strong sell,Buy,Buy,41.76,-17.23,-15.03,-185.32,19.59,34.82,0.00,1008.92,0.63,0.09,4190.00,0.72,2084653.00,12.90,1004.55,0.01,519175.00,31.94,15.50,0.36,4.54,2.67,2.62,2.67,0.00,1096772394188.74,8.05,0.00,0.00,1028.46,1034.68,1045.01,1013.33,945.53,1170.71,1325.00,955.00,1200.00,70.23,14.54,16.42,71548941812.00,16224979901.00,17641607647.00
[object Object],RTX,RTX Corporation,NYSE,200.78,stock,common,100.00,1.00,false,0.00,USD,-2.13,4688382.00,1.12,270602891951.87,USD,35.35,5.68,24.77,1.37,Electronic technology,america,Electronic Technology,Buy,Buy,-2.13,-4.57,-7.29,13.73,-1.58,9.42,26.92,137.95,218.14,31638.65,2.22,2.01,Sell,Sell,Sell,Sell,Neutral,Neutral,33.60,-19.57,-4.86,-139.61,2.59,9.35,0.00,206.00,0.41,0.31,2445.00,0.84,4688382.00,51.83,201.00,0.11,1197237.00,30.73,35.35,1.46,3.00,4.08,19.29,24.03,33.00,302920891951.87,3.24,30.32,21.05,209.12,215.99,207.05,193.91,192.83,236.86,265.00,200.00,240.00,7.25,1.66,1.77,96204641544.00,22891802621.00,23999701973.00
[object Object],WFC,Wells Fargo & Company,NYSE,89.27,stock,common,100.00,1.00,false,0.00,USD,2.56,20584940.00,1.64,269952417456.64,USD,12.97,6.88,18.05,2.13,Finance,america,Finance,Buy,Buy,2.56,5.04,1.95,11.63,11.23,-4.32,9.25,104.37,75.31,8448.51,2.04,1.93,StrongBuy,Strong buy,StrongBuy,Strong buy,Buy,Buy,61.68,3.33,-0.26,110.88,64.88,53.41,0.00,87.67,0.72,-0.05,10778.00,0.82,20584940.00,6.53,89.27,0.00,2559516.00,0.47,12.97,0.70,3.10,1.64,40.03,40.03,0.00,708521417456.64,5.52,0.00,0.00,85.66,86.70,86.45,83.05,84.94,100.19,115.00,90.00,101.00,7.29,1.72,1.84,88878907807.00,21861026603.00,22368702072.00
[object Object],PANW,"Palo Alto Networks, Inc.",NASDAQ,328.48,stock,common,100.00,1.00,false,0.00,USD,-9.28,13179246.00,2.15,267711197292.07,USD,647.00,0.51,-68.27,0.00,Technology services,america,Technology Services,Buy,Buy,-9.28,-0.60,-2.38,21.72,102.37,77.74,75.42,327.25,1378.86,3473.68,6.62,4.78,Sell,Sell,Sell,Sell,Sell,Sell,41.84,-31.28,9.82,-154.93,44.60,59.45,0.00,345.65,-4.54,-1.07,122112.00,-4.44,13179246.00,41.98,329.50,0.31,756607.00,131.56,647.00,0.00,25.77,0.00,0.00,0.00,87.39,267140197292.07,23.27,180.74,0.00,356.47,355.58,347.57,288.62,231.78,394.62,475.00,201.00,410.00,4.18,0.98,0.97,14106920774.00,3351708312.00,3297580416.00
[object Object],SHELL,Shell Plc,EURONEXT,40.21,stock,common,1000.00,5.00,false,0.00,EUR,0.14,3393140.00,0.77,255521565748.00,USD,10.26,4.47,96.44,3.29,Energy minerals,netherlands,Energy Minerals,Buy,Buy,0.14,2.38,3.90,7.63,12.44,27.79,27.31,138.59,67.11,709.05,1.44,1.58,Buy,Buy,StrongBuy,Strong buy,Neutral,Neutral,61.46,0.27,0.50,122.39,71.35,55.95,spinning_top_black,0.00,0.00,0.00,0.00,0.49,3393140.00,-19.83,40.21,0.00,958534.00,20.62,10.26,0.10,0.88,1.41,5.63,9.05,8.26,298808376437.30,1.02,7.47,4.77,39.66,39.20,37.81,37.36,35.68,50.19,61.31,40.98,48.96,5.60,1.53,1.44,334754855474.28,91889190349.00,85726652492.00
[object Object],MC,LVMH Moet Hennessy Louis Vuitton SE,EURONEXT,439.00,stock,common,100.00,5.00,false,0.00,EUR,-1.35,525931.00,1.24,253982484177.15,USD,20.00,25.06,-0.26,2.92,Consumer non-durables,france,Consumer Non-Durables,Buy,Buy,-1.35,-3.09,-7.54,-4.78,-13.90,-31.57,-14.27,-32.11,181.77,2457.99,2.09,2.08,StrongSell,Strong sell,StrongSell,Strong sell,Neutral,Neutral,37.99,-17.00,-16.06,-121.48,18.02,23.32,0.00,0.00,0.00,0.00,0.00,-0.38,525931.00,25.91,439.00,0.00,201068.00,-14.50,20.00,0.00,2.77,3.18,11.64,14.43,17.81,284137652837.15,3.12,14.33,10.39,450.23,462.61,473.65,475.17,518.30,648.27,747.68,414.99,672.33,26.36,12.27,13.18,94817927121.48,43985108496.29,48787988720.00
[object Object],ARM,ARM Holdings PLC Sponsored ADR,NASDAQ,234.86,dr,0.00,100.00,1.00,false,0.00,USD,0.02,2426394.00,0.68,250787767822.00,USD,240.93,0.97,48.44,0.00,Electronic technology,america,Electronic Technology,Buy,Buy,0.02,-2.26,2.11,-38.26,98.82,108.15,75.77,318.65,318.65,318.65,4.22,5.79,Sell,Sell,StrongSell,Strong sell,Buy,Buy,38.96,-14.48,-17.61,-104.25,11.27,14.66,0.00,234.49,-0.14,-1.20,27565.00,-0.62,2426394.00,-18.02,233.28,-0.67,195725.00,78.94,240.93,4.97,49.10,29.06,120.91,168.11,65.12,247384767822.00,47.98,277.96,214.37,243.13,256.53,277.82,275.93,200.70,295.43,480.00,130.00,280.00,2.23,0.40,0.47,6063742939.00,1262682669.00,1375975964.00
[object Object],AZN,AstraZeneca PLC,LSE,11976.00,stock,common,1.00,2.00,false,0.00,GBX,0.12,2702094.00,0.99,250690701377.82,USD,24.03,6.61,21.16,0.00,Health technology,uk,Health Technology,Buy,Buy,0.12,-3.81,-2.49,-9.07,-19.67,-12.72,1.13,38.93,143.17,298.67,2.46,2.33,Sell,Sell,StrongSell,Strong sell,Neutral,Neutral,44.99,170.00,-76.71,22.89,52.74,58.42,spinning_top_black,0.00,0.00,0.00,0.00,0.59,2702094.00,-6.28,11976.00,0.00,840584.00,0.53,24.03,1.13,4.08,4.90,17.92,22.90,49.91,278532215636.71,4.59,20.54,14.04,12122.00,12156.20,12694.96,13262.56,13723.23,217.73,271.84,156.11,220.03,10.20,2.48,2.62,63148782335.78,15435596061.00,16031679717.00
[object Object],SAP,SAP SE,XETR,181.44,stock,common,100.00,2.00,false,0.00,EUR,-1.53,1589670.00,0.66,249381653886.73,USD,26.60,7.79,22.75,1.36,Technology services,germany,Technology Services,Buy,Buy,-1.53,0.84,13.40,16.14,4.48,-12.73,-21.93,42.87,125.70,10653.52,2.84,2.83,Neutral,Neutral,Buy,Buy,Sell,Sell,56.11,-4.46,18.24,-0.53,59.26,78.37,0.00,181.76,-1.36,-0.54,546.00,-1.13,1589670.00,-32.45,180.78,-0.36,381817.00,-18.89,26.60,1.19,5.59,4.68,22.45,24.36,20.00,249303988156.73,5.72,20.09,18.00,186.42,173.62,159.26,153.76,168.37,235.50,337.92,151.48,233.05,8.34,2.00,2.12,47258333663.32,11248666173.26,11705429778.42
[object Object],NESN,Nestle S.A.,SIX,78.63,stock,common,100.00,1.00,false,0.00,CHF,0.15,2750052.00,1.18,248736122998.98,USD,27.23,3.57,-27.91,3.95,Consumer non-durables,switzerland,Consumer Non-Durables,Buy,Buy,0.15,-1.87,-2.73,1.93,-1.71,0.52,6.70,-32.15,-0.41,109.68,1.05,1.31,Sell,Sell,StrongSell,Strong sell,Sell,Sell,41.19,-0.71,-2.37,-114.81,23.93,22.36,"hammer_bullish,long_lower_shadow_bullish",0.00,0.00,0.00,0.00,-0.08,2750052.00,13.44,78.63,0.00,1160507.00,6.56,27.23,0.00,2.29,6.92,12.36,16.16,32.98,318924547498.98,2.92,18.43,14.66,79.23,80.18,81.78,80.20,79.22,109.03,124.17,85.68,111.75,5.67,2.56,2.90,113155905953.95,53267399115.83,57465479890.22
[object Object],GEV,GE Vernova Inc.,NYSE,921.94,stock,common,100.00,1.00,false,0.00,USD,2.61,2649427.00,1.20,245543595801.10,USD,26.39,34.93,735.94,0.19,Producer manufacturing,america,Producer Manufacturing,Buy,Buy,2.61,-0.32,-5.44,-1.92,16.26,39.44,56.12,701.69,701.69,701.69,3.71,3.81,Sell,Sell,StrongSell,Strong sell,Neutral,Neutral,40.58,-65.52,-75.21,-99.42,13.24,9.37,0.00,900.00,0.16,-0.70,19799.00,0.00,2649427.00,13.37,919.88,-0.22,343076.00,51.65,26.39,0.03,5.87,20.54,17.61,20.01,18.97,236430595801.10,5.72,107.42,69.46,932.95,981.60,1020.58,1023.48,882.48,1236.25,1450.00,827.40,1254.50,30.69,3.17,4.08,46293999713.00,10789499343.00,12009504443.00
[object Object],SIE,Siemens AG,XETR,273.80,stock,common,100.00,5.00,false,0.00,EUR,-1.46,866863.00,1.04,245510763768.06,USD,27.06,11.56,-18.65,1.93,Producer manufacturing,germany,Producer Manufacturing,Buy,Buy,-1.46,-5.29,-3.66,-0.80,20.09,14.58,15.04,95.57,151.77,1773.68,1.65,1.82,Sell,Sell,Sell,Sell,Sell,Sell,42.99,-2.85,5.54,-110.86,29.76,54.88,0.00,276.25,-0.58,-0.32,885.00,-0.88,866863.00,1.01,273.50,-0.11,368776.00,17.99,27.06,0.00,2.67,3.06,16.94,21.11,19.54,298708311248.06,3.22,25.74,19.14,282.47,279.94,276.87,269.76,252.81,354.29,410.86,271.97,362.25,13.09,2.95,3.23,97401499944.12,23544924579.79,26352225397.49
[object Object],AMGN,Amgen Inc.,NASDAQ,442.84,stock,common,100.00,1.00,false,0.00,USD,1.08,2282663.00,1.01,239413480644.44,USD,27.51,16.10,31.70,2.27,Health technology,america,Health Technology,Buy,Buy,1.08,0.42,13.99,28.04,21.59,34.70,54.04,98.01,159.65,128727.31,1.96,2.46,Buy,Buy,StrongBuy,Strong buy,Sell,Sell,68.07,0.48,27.74,82.15,73.05,67.01,0.00,441.45,0.76,0.43,2964.00,0.58,2282663.00,-3.24,442.19,-0.15,511232.00,53.34,27.51,0.86,6.24,20.48,19.31,23.68,17.22,282728480644.44,7.40,22.22,16.26,437.97,413.91,393.52,366.74,357.43,396.21,530.00,230.00,400.00,23.08,5.62,5.79,38956658575.00,9426191280.00,10046277227.00
[object Object],ANET,Arista Networks Inc,NYSE,186.10,stock,common,100.00,1.00,false,0.00,USD,-1.67,4362622.00,0.83,234713892992.05,USD,58.67,3.17,24.73,0.00,Electronic technology,america,Electronic Technology,StrongBuy,Strong buy,-1.67,-2.52,6.70,14.12,36.45,38.83,40.55,722.93,3625.26,5289.32,3.15,4.18,Neutral,Neutral,Sell,Sell,Neutral,Neutral,47.43,-0.35,8.35,-98.82,27.51,38.61,0.00,188.00,-0.67,-0.40,18002.00,-0.67,4362622.00,-0.30,186.09,-0.01,645716.00,39.78,58.67,2.41,22.91,15.86,44.75,46.06,17.80,221370592992.05,21.00,48.69,47.71,192.13,188.64,181.77,170.59,151.31,248.86,330.00,215.00,250.00,4.11,0.89,1.08,12669681827.00,2830279544.00,3326480258.00
[object Object],OR,L'Oreal S.A.,EURONEXT,385.00,stock,common,100.00,5.00,false,0.00,EUR,1.49,253064.00,0.86,233630204593.80,USD,32.66,13.46,3.14,1.90,Consumer non-durables,france,Consumer Non-Durables,Buy,Buy,1.49,-1.28,0.17,3.43,3.86,5.21,-2.26,-3.77,121.39,11335.69,1.50,1.74,Buy,Buy,StrongBuy,Strong buy,Neutral,Neutral,50.97,2.45,2.05,0.30,59.11,64.40,0.00,0.00,0.00,0.00,0.00,0.66,253064.00,-26.72,385.00,0.00,134448.00,-4.50,32.66,10.26,4.47,6.06,22.90,27.29,50.85,248366175630.80,4.79,23.33,19.58,386.30,383.83,383.25,376.55,374.60,485.50,533.23,394.12,498.45,16.04,8.56,7.41,55226803733.73,27234021297.09,26867569421.59
[object Object],TXN,Texas Instruments Incorporated,NASDAQ,254.80,stock,common,100.00,1.00,false,0.00,USD,0.58,3878075.00,0.68,232695505669.50,USD,38.76,6.57,20.16,2.24,Electronic technology,america,Electronic Technology,Buy,Buy,0.58,-2.19,-6.61,-16.60,32.36,45.63,27.80,34.67,270.46,23391.99,2.70,2.95,Sell,Sell,StrongSell,Strong sell,Neutral,Neutral,37.42,-12.65,-15.57,-112.48,12.34,14.61,0.00,250.30,-1.20,-0.54,1977.00,0.00,3878075.00,-46.26,254.40,-0.16,999910.00,27.36,38.76,1.91,11.98,12.92,27.05,43.78,33.48,239746505669.50,12.32,32.38,24.95,260.49,272.02,282.08,283.92,238.39,330.15,400.00,225.00,340.00,8.51,1.94,2.42,21939093670.00,5257966885.00,5916333280.00
[object Object],SNDK,Sandisk Corporation,NASDAQ,1553.40,stock,common,100.00,1.00,false,0.00,USD,1.08,8888539.00,0.74,227447283738.24,USD,21.31,72.89,0.00,0.00,Electronic technology,america,Electronic Technology,Buy,Buy,1.08,6.72,33.93,-10.79,183.34,535.73,2945.29,4330.69,4330.69,4330.69,6.56,7.61,Buy,Buy,StrongBuy,Strong buy,Buy,Buy,52.50,-15.47,85.49,37.76,41.44,43.76,0.00,1531.10,-0.38,-0.27,180611.00,-0.34,8888539.00,-24.22,1549.66,-0.24,486750.00,2922.00,21.31,0.00,11.92,14.41,20.90,21.22,51.21,222886283738.24,11.01,17.88,17.67,1529.69,1425.66,1569.34,1509.94,990.09,2303.88,3900.00,1400.00,2200.00,212.00,34.96,46.03,48997416919.00,8478519811.00,10636450525.00
[object Object],C,Citigroup Inc.,NYSE,134.34,stock,common,100.00,1.00,false,0.00,USD,1.36,7668647.00,0.87,225346843941.70,USD,14.50,9.26,36.97,1.86,Finance,america,Finance,Buy,Buy,1.36,0.60,1.41,2.34,27.71,14.61,41.38,88.26,180.93,685.79,1.91,1.97,Buy,Buy,StrongBuy,Strong buy,Neutral,Neutral,50.89,1.45,-0.78,-5.05,28.60,25.90,0.00,133.05,0.38,-0.12,3263.00,0.95,7668647.00,10.34,134.34,0.00,1105740.00,27.42,14.50,0.39,2.48,1.17,5.11,5.92,0.00,1018483843941.70,5.79,0.00,0.00,132.39,133.94,135.54,132.97,122.79,155.55,176.00,135.00,157.00,11.20,2.74,2.68,95939972309.00,23740615294.00,23747440990.00
[object Object],KLAC,KLA Corporation,NASDAQ,172.26,stock,common,100.00,1.00,false,0.00,USD,0.80,6419111.00,0.75,225065742856.12,USD,46.97,3.67,20.66,0.39,Electronic technology,america,Electronic Technology,Buy,Buy,0.80,-6.08,-3.21,-16.13,25.47,36.75,103.66,409.81,2376.42,148880.85,3.21,3.97,Sell,Sell,StrongSell,Strong sell,Buy,Buy,34.82,-15.01,-18.26,-124.01,6.83,6.23,long_lower_shadow_bullish,173.00,1.23,0.00,37203.00,0.51,6419111.00,-38.74,171.92,-0.20,1378600.00,99.91,46.97,2.26,16.56,35.46,54.67,60.13,46.21,226315047856.12,16.67,40.01,37.40,179.65,190.60,208.58,202.82,170.86,239.00,325.00,180.00,247.50,5.49,1.00,1.18,18118821253.00,3607908304.00,4037897428.00
[object Object],TMO,Thermo Fisher Scientific Inc.,NYSE,608.54,stock,common,100.00,1.00,false,0.00,USD,1.34,1616975.00,0.94,225006012165.84,USD,32.73,18.59,7.60,0.30,Health technology,america,Health Technology,Buy,Buy,1.34,-2.20,5.65,26.22,19.01,5.01,24.37,8.39,298.65,48265.61,2.27,2.51,Buy,Buy,Buy,Buy,Neutral,Neutral,56.02,-5.00,30.55,0.52,42.86,52.39,0.00,0.00,0.00,0.00,0.00,0.19,1616975.00,16.74,608.59,0.01,333674.00,20.61,32.73,4.25,4.81,4.27,25.05,30.85,55.40,263608012165.84,5.69,29.80,22.37,622.64,596.70,566.05,520.83,535.64,644.65,750.00,575.00,650.00,25.11,5.72,6.41,47863491368.00,11706053451.00,11952984577.00
[object Object],LIN,Linde plc,NASDAQ,487.45,stock,common,100.00,1.00,false,0.00,USD,0.14,1153674.00,0.59,224704785242.25,USD,31.47,15.49,10.10,1.27,Process industries,america,Process Industries,Buy,Buy,0.14,-0.23,0.91,-4.16,-0.11,14.35,2.15,55.03,298.67,5470.86,1.11,1.45,Sell,Sell,Sell,Sell,Neutral,Neutral,46.54,6.32,-6.00,32.58,69.37,69.28,spinning_top_black,486.08,-0.14,0.19,2356.00,0.25,1153674.00,-29.73,489.73,0.47,321992.00,0.93,31.47,3.11,6.38,5.75,21.59,45.51,46.23,249368785242.25,7.03,25.96,18.57,487.51,490.13,503.08,504.71,479.88,547.09,612.00,400.00,553.00,17.88,4.49,4.52,36297689999.00,9015893813.00,9141635530.00
[object Object],AXP,American Express Company,NYSE,329.98,stock,common,100.00,1.00,false,0.00,USD,1.79,2285161.00,0.95,222838734251.12,USD,20.02,16.48,15.72,1.09,Finance,america,Finance,Buy,Buy,1.79,-1.87,-3.20,7.92,9.74,-10.70,1.02,99.93,403.40,9678.84,1.48,1.63,Sell,Sell,StrongSell,Strong sell,Buy,Buy,42.83,-9.92,-8.14,-130.68,10.58,9.30,0.00,324.79,0.19,-0.00,810.00,0.58,2285161.00,-10.81,331.56,0.48,426328.00,-5.00,20.02,1.25,2.62,6.50,12.04,14.75,4.95,236644734251.12,2.81,10.45,9.65,332.83,337.37,342.02,330.85,337.33,378.67,450.00,315.00,383.00,17.64,4.40,4.55,79512294024.00,19696657233.00,20124824108.00
[object Object],SAN,"Banco Santander, S.A.",BME,12.71,stock,common,1000.00,2.00,false,0.00,EUR,1.02,13863264.00,0.73,218861733499.79,USD,11.69,1.24,29.39,1.54,Finance,spain,Finance,Buy,Buy,1.02,0.09,2.52,20.13,30.69,26.49,55.04,301.96,233.00,659.59,1.61,1.70,StrongBuy,Strong buy,StrongBuy,Strong buy,Neutral,Neutral,55.61,0.41,0.19,-6.71,56.16,52.70,0.00,0.00,0.00,0.00,0.00,-0.17,13863264.00,-16.22,0.00,0.00,0.00,57.73,11.69,0.39,2.85,1.71,0.00,0.00,0.00,589098535388.18,4.17,0.00,0.00,12.60,12.54,12.34,11.53,10.78,15.62,17.04,13.91,15.71,1.22,0.27,0.29,74702238048.08,17883137849.59,19104701229.92
[object Object],IBM,International Business Machines Corporation,NYSE,231.70,stock,common,100.00,1.00,false,0.00,USD,0.13,4649646.00,1.04,218292534586.37,USD,20.57,11.27,82.73,2.91,Technology services,america,Technology Services,Buy,Buy,0.13,0.43,1.48,-24.63,-9.65,-22.13,-3.82,73.67,51.72,3042.07,2.08,2.50,Sell,Sell,StrongSell,Strong sell,Neutral,Neutral,46.91,-5.46,6.06,-93.32,36.72,47.71,0.00,230.25,-0.50,-0.26,14387.00,-0.37,4649646.00,43.49,231.00,-0.30,619727.00,-3.09,20.57,0.25,3.19,6.34,14.84,16.02,27.01,275476534586.37,3.99,19.06,14.02,233.58,230.71,242.38,246.95,262.99,245.76,350.00,174.00,245.00,12.31,2.95,2.88,70358674704.00,17463936296.00,16813421075.00
[object Object],CRM,"Salesforce, Inc.",NYSE,256.93,stock,common,100.00,1.00,false,0.00,USD,-0.46,13363403.00,0.66,211453377999.12,USD,23.42,10.97,59.33,0.66,Technology services,america,Technology Services,Buy,Buy,-0.46,28.50,35.95,29.89,27.96,-3.05,0.83,-4.49,240.53,6751.47,5.41,3.91,Buy,Buy,StrongBuy,Strong buy,Sell,Sell,80.05,50.84,56.95,143.11,91.43,91.83,0.00,259.47,0.53,-0.46,51612.00,0.49,13363403.00,-15.94,257.43,0.19,1369600.00,-11.76,23.42,0.40,4.82,5.51,13.39,13.92,18.50,242426377999.12,5.52,25.64,18.12,231.56,202.43,187.24,182.35,200.53,268.79,400.00,160.00,270.50,16.44,3.27,3.43,46259833173.00,11330308111.00,11461029719.00
[object Object],VZ,Verizon Communications Inc.,NYSE,50.22,stock,common,100.00,1.00,false,0.00,USD,-0.16,18670347.00,1.03,208652816952.79,USD,13.08,3.84,-10.79,5.56,Communications,america,Communications,Buy,Buy,-0.16,-0.18,6.13,6.53,-1.70,23.18,13.72,-8.57,-3.68,521.07,1.44,1.68,StrongBuy,Strong buy,StrongBuy,Strong buy,Neutral,Neutral,65.67,0.86,2.62,89.29,80.58,80.88,0.00,50.60,0.60,-0.44,44003.00,0.39,18670347.00,-7.52,50.24,0.04,3810194.00,13.16,13.08,0.00,1.51,2.01,5.40,9.73,108.70,396459816952.79,2.85,12.56,7.83,49.93,48.13,46.23,46.57,45.62,50.64,56.00,44.00,51.00,4.99,1.28,1.28,140984098879.00,35162020073.00,34798630971.00
[object Object],CRWD,"CrowdStrike Holdings, Inc. Class A",NASDAQ,203.42,stock,common,100.00,1.00,false,0.00,USD,-5.42,12349815.00,0.97,208288827049.38,USD,5698.04,0.04,0.00,0.00,Technology services,america,Technology Services,Buy,Buy,-5.42,11.31,4.83,20.71,91.02,71.66,95.08,198.87,1181.39,1181.39,8.30,5.35,Neutral,Neutral,Sell,Sell,Neutral,Neutral,49.26,1.79,15.82,-23.23,66.98,78.59,0.00,214.76,-0.14,-0.06,146911.00,-0.40,12349815.00,-10.12,204.50,0.53,966794.00,112.22,5698.04,0.00,41.63,40.82,105.36,139.27,41.69,204050360049.38,37.81,0.00,766.30,204.34,203.76,199.01,171.66,141.68,234.05,300.00,119.00,240.00,1.25,0.29,0.31,6002475416.00,1440080888.00,1527452452.00
[object Object],ITX,"Industria de Diseno Textil, S.A.",BME,56.16,stock,common,100.00,2.00,false,0.00,EUR,-2.33,1383069.00,1.26,207453838378.76,USD,27.82,2.37,7.00,2.42,Retail trade,spain,Retail Trade,Buy,Buy,-2.33,-4.36,-1.27,3.54,5.21,-0.60,33.56,88.58,76.33,1416.20,1.69,1.63,Sell,Sell,Sell,Sell,Sell,Sell,42.27,-2.12,0.59,-186.68,38.80,53.06,marubozu_black_bearish,0.00,0.00,0.00,0.00,-0.10,1383069.00,29.47,0.00,0.00,0.00,39.43,27.82,4.07,4.44,9.22,0.00,0.00,0.00,201940730738.76,4.27,21.01,14.94,57.84,57.48,56.54,54.69,54.29,69.42,75.35,57.50,70.71,2.60,0.52,0.61,50626143482.91,10221742609.45,12563361859.85
[object Object],NOVO_B,Novo Nordisk A/S Class B,OMXCOP,301.65,stock,common,100.00,5.00,false,0.00,DKK,2.64,4095568.00,0.99,201545462398.86,USD,11.52,3.99,5.13,3.98,Health technology,denmark,Health Technology,Neutral,Neutral,2.64,-3.01,-0.72,10.90,19.94,-8.31,-17.38,-4.83,91.52,34640.50,2.47,2.83,Buy,Buy,Buy,Buy,Buy,Buy,49.26,2.20,-12.22,-1.56,28.54,23.93,0.00,0.00,0.00,0.00,0.00,-0.17,4095568.00,16.59,0.00,0.00,0.00,-18.13,11.52,2.19,3.96,6.03,10.25,17.95,29.75,216264393898.86,4.31,9.50,8.35,298.77,305.43,312.70,295.23,299.36,49.08,71.06,31.10,47.43,3.45,0.77,0.77,46173176008.13,10873328481.14,11260168674.99
[object Object],TMUS,"T-Mobile US, Inc.",NASDAQ,187.30,stock,common,100.00,1.00,false,0.00,USD,2.82,5353238.00,1.40,200911400499.47,USD,19.60,9.56,-9.89,2.24,Communications,america,Communications,Buy,Buy,2.82,3.54,6.91,1.35,-15.00,-7.39,-25.58,35.51,303.58,273.11,2.20,2.25,Buy,Buy,StrongBuy,Strong buy,Buy,Buy,58.81,4.94,-0.24,168.61,62.13,49.76,0.00,183.83,0.92,0.46,2714.00,0.77,5353238.00,35.77,186.85,-0.24,571264.00,-32.15,19.60,0.00,2.14,3.58,7.03,12.81,65.57,317258400499.47,3.44,16.26,9.35,181.71,179.49,181.27,185.21,194.90,241.22,285.00,169.00,235.00,10.90,2.59,2.89,94407865523.00,22945637232.00,23156542772.00
[object Object],TTE,TotalEnergies SE,EURONEXT,78.30,stock,common,100.00,1.00,false,0.00,EUR,0.89,3955126.00,1.10,200818182459.93,USD,11.27,7.93,34.63,4.38,Energy minerals,france,Energy Minerals,Buy,Buy,0.89,4.12,4.71,2.01,17.53,40.70,46.36,108.33,75.42,3109.02,1.47,1.76,Buy,Buy,StrongBuy,Strong buy,Sell,Sell,62.20,0.64,0.73,125.81,64.11,39.50,long_lower_shadow_bullish,0.00,0.00,0.00,0.00,0.99,3955126.00,4.47,78.30,0.00,2403767.00,45.01,11.27,0.32,1.04,1.55,6.17,12.41,6.37,234820278008.13,1.22,8.58,5.81,76.30,75.78,73.20,74.76,69.16,95.91,106.96,83.01,96.65,10.96,2.66,2.98,207915140703.40,55129969180.00,53676351087.00
[object Object],ALV,Allianz SE,XETR,449.20,stock,common,10.00,1.00,false,0.00,EUR,-0.58,335666.00,0.79,198330421707.55,USD,14.79,34.68,0.00,3.78,Finance,germany,Finance,Buy,Buy,-0.58,-0.22,3.84,21.18,27.14,15.15,25.02,125.68,228.96,284.77,1.27,1.10,Buy,Buy,StrongBuy,Strong buy,Buy,Buy,60.78,11.20,12.96,96.12,82.31,84.41,0.00,450.00,-0.40,-0.46,114.00,0.04,335666.00,-8.98,449.90,0.16,99253.00,25.65,14.79,0.00,1.12,2.97,0.00,0.00,0.00,235881222567.55,1.34,0.00,0.00,447.62,439.08,430.82,408.18,389.87,510.29,794.71,377.60,522.83,35.98,8.04,10.46,227699708927.94,23002649596.02,46250993240.98
[object Object],APH,Amphenol Corporation Class A,NYSE,160.08,stock,common,100.00,1.00,false,0.00,USD,-1.90,6641170.00,1.17,197375993103.98,USD,40.08,3.99,59.37,0.56,Electronic technology,america,Electronic Technology,StrongBuy,Strong buy,-1.90,0.63,1.49,10.19,20.21,16.74,49.76,317.58,929.95,110657.86,3.08,3.17,Sell,Sell,Sell,Sell,Neutral,Neutral,49.44,4.04,-0.92,-46.81,43.87,39.94,0.00,161.01,-1.33,-0.05,4297.00,-1.91,6641170.00,-13.96,162.00,1.20,1200792.00,50.84,40.08,0.69,7.25,12.74,35.15,43.78,38.08,210898693103.98,7.27,25.84,22.28,158.67,161.06,160.99,152.29,145.41,200.50,230.00,175.00,199.00,5.26,1.18,1.42,35258398075.00,8258209145.00,9350228606.00
[object Object],PEP,"PepsiCo, Inc.",NASDAQ,140.52,stock,common,100.00,1.00,false,0.00,USD,0.52,7040151.00,1.04,191794541487.18,USD,18.43,7.62,39.01,4.11,Consumer non-durables,america,Consumer Non-Durables,Neutral,Neutral,0.52,-1.52,-0.40,-3.00,-11.20,-1.89,-10.75,-10.38,31.99,18694.56,1.27,1.40,Sell,Sell,StrongSell,Strong sell,Sell,Sell,49.86,-2.06,0.76,1.22,33.31,36.86,spinning_top_white,139.85,0.04,0.41,54526.00,0.34,7040151.00,27.19,140.17,-0.25,1168621.00,-7.26,18.43,0.47,1.97,8.69,14.30,20.73,17.95,234464541487.18,2.42,15.56,12.07,141.61,140.19,139.73,144.69,148.86,155.00,183.00,124.00,155.00,8.55,2.19,2.30,99005318955.00,23946759247.00,25002872336.00
[object Object],ABT,Abbott Laboratories,NYSE,110.47,stock,common,100.00,1.00,false,0.00,USD,1.41,8430414.00,1.09,191155443772.67,USD,35.71,3.09,-61.31,2.28,Health technology,america,Health Technology,Buy,Buy,1.41,-4.27,2.43,23.68,-0.23,-11.41,-16.74,-13.36,163.53,66994.24,2.62,2.11,Neutral,Neutral,Buy,Buy,Neutral,Neutral,53.05,-3.96,2.78,-35.45,17.54,28.56,0.00,109.00,0.06,0.05,1314.00,0.36,8430414.00,16.61,110.47,0.00,1524212.00,-17.62,35.71,0.00,4.08,3.74,19.44,24.61,34.37,218812443772.67,4.70,28.57,19.70,113.15,109.66,103.71,96.67,106.52,120.75,135.00,103.00,120.00,5.52,1.28,1.42,50307137936.00,12519490695.00,12990793133.00
[object Object],SU,Schneider Electric SE,EURONEXT,286.75,stock,common,100.00,5.00,false,0.00,EUR,-0.50,603168.00,0.89,188657415866.55,USD,34.60,9.46,9.59,1.46,Producer manufacturing,france,Producer Manufacturing,StrongBuy,Strong buy,-0.50,-3.45,-1.56,1.52,12.67,22.49,32.94,86.32,356.03,1257.36,2.21,2.00,Sell,Sell,Sell,Sell,Neutral,Neutral,44.58,-7.25,6.23,-162.49,9.77,23.48,0.00,0.00,0.00,0.00,0.00,-0.35,603168.00,-23.66,286.75,0.00,336963.00,36.88,34.60,3.63,3.90,6.59,22.55,26.39,36.13,205993102316.55,4.29,23.67,19.37,294.72,292.19,284.17,278.38,260.79,381.74,426.33,316.86,386.00,11.92,5.06,6.65,52514992259.67,23690638531.65,27771376727.49
[object Object],DE,Deere & Company,NYSE,698.37,stock,common,100.00,1.00,false,0.00,USD,3.30,2027269.00,1.27,188298293072.99,USD,38.82,17.99,-5.94,0.96,Producer manufacturing,america,Producer Manufacturing,Buy,Buy,3.30,10.48,15.83,17.54,19.33,49.86,47.67,84.22,726.47,31450.20,2.76,3.07,StrongBuy,Strong buy,StrongBuy,Strong buy,Buy,Buy,70.23,117.74,31.57,232.68,96.39,83.53,0.00,681.21,0.76,0.19,742.00,0.29,2027269.00,-12.28,699.02,0.09,213150.00,41.43,38.82,0.00,3.81,6.73,26.09,58.55,18.39,242251293072.99,5.05,25.27,20.30,646.46,622.61,615.68,594.60,566.01,680.38,804.00,500.00,685.00,18.13,4.69,4.08,41431401618.00,10814673286.00,10416321833.00
[object Object],SCHW,Charles Schwab Corp,NYSE,108.24,stock,common,100.00,1.00,false,0.00,USD,-0.04,7085342.00,0.84,187183293339.05,USD,19.68,5.50,48.05,1.14,Finance,america,Finance,Buy,Buy,-0.04,-0.01,2.25,23.69,15.30,8.49,13.52,47.23,242.10,29788.09,1.85,1.81,Buy,Buy,Buy,Buy,Neutral,Neutral,50.76,-2.64,1.89,-46.90,29.79,34.69,long_upper_shadow_bearish,108.50,0.20,0.41,1687.00,0.20,7085342.00,-13.31,108.35,0.10,1252461.00,7.32,19.68,0.41,6.41,4.26,0.00,0.00,3.06,168927293339.05,5.75,11.57,10.60,110.19,108.15,104.30,97.53,97.26,124.11,145.00,91.00,126.00,6.50,1.56,1.67,28247925441.00,6895725187.00,7218347862.00
[object Object],RMS,Hermes International SCA,EURONEXT,1532.00,stock,common,10.00,5.00,false,0.00,EUR,-0.68,79452.00,0.49,187108118187.95,USD,35.63,49.11,0.76,1.17,Consumer non-durables,france,Consumer Non-Durables,Buy,Buy,-0.68,-2.76,0.03,-2.23,-20.00,-27.57,-25.49,20.54,294.74,19146.42,2.32,2.28,StrongSell,Strong sell,StrongSell,Strong sell,Sell,Sell,41.87,-50.50,-28.58,-120.79,24.08,35.30,0.00,0.00,0.00,0.00,0.00,-0.19,79452.00,-14.61,1532.00,0.00,42093.00,-24.39,35.63,47.41,10.04,8.44,27.68,33.92,13.07,175488397627.95,9.53,22.85,20.34,1562.35,1583.25,1606.90,1623.23,1818.31,2194.79,2492.26,1886.00,2202.46,52.34,23.89,27.43,19732354917.92,9303791790.00,10109411909.00
[object Object],DIS,Walt Disney Company,NYSE,107.98,stock,common,100.00,1.00,false,0.00,USD,1.66,7534783.00,0.93,186447652486.70,USD,22.27,4.85,-23.99,1.41,Consumer services,america,Consumer Services,StrongBuy,Strong buy,1.66,-2.98,10.61,7.40,6.50,-4.81,-7.73,-40.61,14.23,116122.50,1.86,2.03,Buy,Buy,StrongBuy,Strong buy,Neutral,Neutral,57.87,1.05,5.06,45.14,47.56,51.10,0.00,106.40,0.17,-0.07,4147.00,0.46,7534783.00,7.11,108.00,0.02,1825052.00,-13.75,22.27,0.00,1.87,1.70,11.08,22.69,36.30,234113652486.70,2.36,15.30,11.24,108.33,103.36,100.94,101.92,103.96,127.46,144.00,88.00,130.00,6.91,1.86,1.68,101502496969.00,25391872575.00,25115751165.00
[object Object],GILD,"Gilead Sciences, Inc.",NASDAQ,149.61,stock,common,100.00,1.00,false,0.00,USD,-0.21,4923179.00,0.88,185509676972.48,USD,0.00,-2.66,-152.84,2.15,Health technology,america,Health Technology,Buy,Buy,-0.21,1.09,14.12,14.58,4.21,22.14,32.52,107.76,90.76,27653.71,2.54,2.85,Buy,Buy,StrongBuy,Strong buy,Neutral,Neutral,66.21,2.01,9.94,98.05,87.32,85.84,0.00,148.82,-0.73,0.30,3941.00,0.05,4923179.00,1.08,149.65,0.03,1182579.00,32.92,0.00,0.00,6.10,15.70,13.72,14.37,38.09,206789676972.48,6.77,17.34,14.10,147.36,138.87,135.54,133.35,134.10,158.96,180.00,123.00,162.00,-0.46,-7.25,2.12,30700811790.00,7398662965.00,7759885560.00
[object Object],MCD,McDonald's Corporation,NYSE,260.95,stock,common,100.00,1.00,false,0.00,USD,-0.06,5103430.00,1.19,184659033713.63,USD,21.19,12.31,5.46,2.81,Consumer services,america,Consumer Services,Buy,Buy,-0.06,-2.81,-5.35,-6.07,-20.03,-14.52,-16.64,9.46,122.86,97455.05,1.51,1.74,Sell,Sell,StrongSell,Strong sell,Neutral,Neutral,39.80,-6.50,-6.11,-137.17,11.28,15.25,0.00,261.46,0.13,0.11,14780.00,0.33,5103430.00,37.77,261.09,0.05,1374414.00,-18.00,21.19,3.88,6.70,0.00,16.35,23.91,225.74,238429033713.63,8.61,18.83,15.97,265.83,268.90,269.93,277.78,296.43,313.50,390.00,250.00,310.00,12.92,3.32,3.41,28054817808.00,7128733600.00,7327261865.00
[object Object],STX,Seagate Technology Holdings PLC,NASDAQ,808.54,stock,common,100.00,1.00,false,0.00,USD,-0.99,2658325.00,0.79,183251160246.54,USD,58.28,13.87,104.84,0.36,Electronic technology,america,Electronic Technology,Buy,Buy,-0.99,-2.07,-1.16,-9.31,126.92,186.75,391.78,819.74,2294.96,6930.78,4.85,6.28,Sell,Sell,StrongSell,Strong sell,Neutral,Neutral,44.56,-24.02,-20.52,-72.80,18.27,21.65,spinning_top_white,808.57,-0.99,-0.34,19065.00,-1.32,2658325.00,9.57,807.55,-0.12,266523.00,410.42,58.28,0.56,15.54,84.62,51.06,60.41,110.02,185444160246.54,15.21,43.88,41.19,829.35,846.68,860.94,822.15,587.78,1157.73,1600.00,860.00,1165.00,35.99,5.10,7.36,18723175271.00,3498370102.00,4118998265.00
[object Object],SHOP,"Shopify, Inc. Class A",NASDAQ,141.87,stock,common,100.00,1.00,false,0.00,USD,1.47,6208880.00,0.99,182536183895.84,USD,97.73,1.45,-19.90,0.00,Commercial services,america,Commercial Services,Buy,Buy,1.47,-6.91,17.87,22.43,8.54,-12.53,3.59,-8.02,3213.17,4966.79,3.51,3.81,Buy,Buy,Buy,Buy,Buy,Buy,48.96,-4.71,8.64,-179.89,13.30,30.58,0.00,139.49,-0.24,-0.54,8548.00,-0.12,6208880.00,-32.19,141.86,-0.01,1233321.00,-0.39,97.73,0.00,13.76,14.44,79.50,80.35,37.27,177772906695.84,13.76,77.22,76.28,148.67,141.16,132.85,123.31,131.28,173.48,222.50,112.54,176.99,1.92,0.40,0.47,15325644177.80,3395197524.22,3762396688.84
[object Object],MRVL,"Marvell Technology, Inc.",NASDAQ,206.48,stock,common,100.00,1.00,false,0.00,USD,-1.86,15081334.00,0.52,181062316515.49,USD,67.99,3.04,0.00,0.11,Electronic technology,america,Electronic Technology,StrongBuy,Strong buy,-1.86,-13.97,14.38,-27.03,143.73,138.04,233.27,237.00,1558.47,1638.78,4.72,5.94,Sell,Sell,Sell,Sell,Sell,Sell,43.81,-30.79,6.36,-107.04,11.23,19.59,spinning_top_white,205.20,-2.47,-1.40,541189.00,-2.44,15081334.00,-32.32,206.86,0.18,1547702.00,231.27,67.99,0.00,20.51,9.77,86.45,109.94,48.36,182635616515.49,19.33,114.99,64.09,228.94,213.78,223.18,213.94,150.46,292.71,400.00,211.97,297.50,4.19,0.93,1.10,11980129970.00,2721347782.00,3147506616.00
[object Object],BLK,"BlackRock, Inc.",NYSE,1107.08,stock,common,100.00,1.00,false,0.00,USD,-1.86,723319.00,1.16,179874136195.51,USD,27.54,40.20,-2.84,1.94,Finance,america,Finance,StrongBuy,Strong buy,-1.86,-5.84,0.64,10.95,11.68,3.33,-0.96,16.61,195.92,7807.71,2.15,1.74,Sell,Sell,Sell,Sell,Sell,Sell,42.59,-51.84,26.35,-173.23,13.73,34.03,0.00,0.00,0.00,0.00,0.00,0.06,723319.00,25.64,1108.32,0.11,125843.00,0.76,27.54,0.00,6.72,3.12,47.04,52.80,17.37,191277136195.51,6.92,20.39,17.61,1154.17,1132.58,1086.19,1067.56,1058.43,1331.69,1488.00,1190.00,1330.00,56.25,12.69,14.27,29071573979.00,6727418976.00,7439401330.00
[object Object],AIR,Airbus SE,EURONEXT,196.90,stock,common,100.00,2.00,false,0.00,EUR,0.37,740124.00,0.96,179023463485.57,USD,26.19,8.59,20.51,1.63,Electronic technology,france,Electronic Technology,Buy,Buy,0.37,-3.97,-4.58,16.04,11.14,-0.11,8.37,68.58,262.62,269.77,2.14,1.77,Neutral,Neutral,Sell,Sell,Buy,Buy,37.38,-11.15,-6.85,-142.42,7.59,5.97,0.00,0.00,0.00,0.00,0.00,-0.47,740124.00,-8.93,196.90,0.00,312266.00,8.91,26.19,1.27,2.01,6.02,17.13,31.19,12.64,181422986785.57,2.06,25.57,16.85,201.84,207.67,203.75,190.01,189.94,271.18,303.63,233.56,272.14,8.56,2.32,2.16,94933664574.81,23208936886.78,22894521943.47
[object Object],QCOM,QUALCOMM Incorporated,NASDAQ,169.96,stock,common,100.00,1.00,false,0.00,USD,2.01,7514711.00,0.74,178497752040.39,USD,19.67,8.64,-16.67,2.15,Electronic technology,america,Electronic Technology,Neutral,Neutral,2.01,6.16,16.25,-29.02,26.68,-2.21,7.69,15.86,170.34,32407.20,3.24,3.27,Buy,Buy,Buy,Buy,Buy,Buy,54.63,8.05,2.36,160.91,84.41,80.65,0.00,165.88,-0.44,-0.12,30224.00,-0.34,7514711.00,-15.64,169.60,-0.21,1589703.00,2.13,19.67,0.00,4.04,6.50,14.65,17.44,21.88,185463752040.39,4.21,17.91,15.55,164.03,162.30,170.61,182.72,167.85,201.00,400.00,100.00,175.00,10.57,2.23,2.17,43046985482.00,9694904465.00,10151442085.00
[object Object],T,AT&T Inc,NYSE,25.95,stock,common,100.00,1.00,false,0.00,USD,-0.19,33778439.00,1.18,177819410009.89,USD,8.58,3.02,72.38,4.27,Communications,america,Communications,Buy,Buy,-0.19,0.50,9.68,8.67,-10.30,4.68,-11.43,26.49,-15.84,569.50,1.57,1.85,Buy,Buy,StrongBuy,Strong buy,Neutral,Neutral,66.89,0.83,1.62,105.85,80.71,85.46,shooting_star_bearish,26.13,0.50,0.00,67868.00,0.35,33778439.00,2.94,26.00,0.19,5540706.00,-14.32,8.58,0.12,1.42,1.62,4.52,10.21,9.76,340241410009.89,2.67,12.60,7.18,25.70,24.60,23.39,24.05,25.14,28.68,36.00,20.00,29.00,2.34,0.59,0.60,129236273154.00,31795051646.00,31687315250.00
[object Object],RIO,Rio Tinto plc,LSE,7577.00,stock,common,1.00,1.00,false,0.00,GBX,-0.05,2250809.00,1.05,175657724889.28,USD,13.78,7.29,13.27,4.59,Non-energy minerals,uk,Non-Energy Minerals,Neutral,Neutral,-0.05,-2.68,5.27,-5.23,10.92,26.39,64.56,41.31,226.81,782.77,2.00,1.95,Buy,Buy,StrongBuy,Strong buy,Buy,Buy,57.89,458.00,400.56,33.73,74.83,80.05,0.00,0.00,0.00,0.00,0.00,-0.96,2250809.00,-23.56,7577.00,0.00,663269.00,66.41,13.78,1.04,2.70,2.50,8.72,29.13,17.35,195596590363.07,3.20,12.01,8.06,7617.80,7323.00,7157.10,7400.26,6908.09,102.44,124.91,81.06,99.49,8.29,4.09,3.83,63915883216.95,31624946429.00,32298759500.00
[object Object],NEE,"NextEra Energy, Inc.",NYSE,83.10,stock,common,100.00,1.00,false,0.00,USD,0.20,12713052.00,1.15,173344794998.46,USD,18.65,4.46,55.30,2.94,Utilities,america,Utilities,Buy,Buy,0.20,-1.26,-4.21,-2.28,-8.23,3.29,14.99,-2.72,175.28,3416.30,1.59,1.61,Sell,Sell,StrongSell,Strong sell,Neutral,Neutral,37.14,-2.81,-3.60,-98.85,30.13,22.30,0.00,82.60,-0.40,-0.02,6595.00,-0.45,12713052.00,13.93,82.96,-0.17,1890663.00,15.63,18.65,0.34,6.18,3.03,12.60,57.07,53.99,291352794998.46,10.38,38.77,19.74,83.49,85.72,86.71,88.48,87.82,102.53,114.00,91.00,102.00,4.03,1.11,1.19,30949530999.00,8108191351.00,8885235444.00
[object Object],ABBN,ABB Ltd.,SIX,77.46,stock,common,100.00,2.00,false,0.00,CHF,-0.54,1567541.00,0.78,172391664937.59,USD,35.33,2.71,11.26,1.21,Producer manufacturing,switzerland,Producer Manufacturing,Neutral,Neutral,-0.54,-2.17,-3.92,-9.21,15.61,29.97,43.07,127.62,255.48,198.58,2.03,1.91,Sell,Sell,StrongSell,Strong sell,Sell,Sell,37.87,-2.92,-1.37,-143.66,12.31,19.91,0.00,0.00,0.00,0.00,0.00,-0.26,1567541.00,-24.84,77.46,0.00,692164.00,43.89,35.33,3.15,4.91,10.96,29.62,35.60,29.81,175999247910.54,4.93,28.10,24.74,79.10,80.26,81.65,81.31,72.22,105.37,121.85,86.56,106.22,3.45,0.74,0.80,39067388200.56,9475806545.00,9702677305.00
[object Object],ADI,"Analog Devices, Inc.",NASDAQ,355.71,stock,common,100.00,1.00,false,0.00,USD,0.34,3187410.00,0.81,172364774507.77,USD,42.21,8.43,114.38,1.18,Electronic technology,america,Electronic Technology,StrongBuy,Strong buy,0.34,-5.11,-2.01,-16.85,11.34,29.32,44.30,119.40,472.80,318137.53,2.50,2.76,Sell,Sell,StrongSell,Strong sell,Neutral,Neutral,36.75,-17.55,-12.38,-154.56,11.23,11.87,doji,354.00,-0.15,-0.65,2238.00,0.31,3187410.00,-10.77,354.83,-0.25,816722.00,40.62,42.21,0.37,12.48,5.14,31.36,35.22,74.79,179161423507.77,12.91,35.96,25.77,366.86,373.24,379.61,391.72,347.03,477.61,675.00,405.00,467.50,12.87,3.34,3.86,15100897786.00,3919335809.00,4294432456.00
[object Object],UNP,Union Pacific Corporation,NYSE,289.73,stock,common,100.00,1.00,false,0.00,USD,-0.31,1891361.00,0.69,172121491864.45,USD,23.46,12.35,7.26,1.91,Transportation,america,Transportation,Buy,Buy,-0.31,-6.15,-0.95,8.46,11.48,25.23,30.39,33.31,202.94,29874.91,2.16,1.90,Sell,Sell,Sell,Sell,Sell,Sell,39.76,-12.07,1.72,-126.69,21.14,41.16,0.00,292.52,0.65,0.18,1794.00,0.35,1891361.00,-37.85,289.73,0.00,320421.00,31.14,23.46,3.24,6.79,8.32,16.77,26.46,81.33,201174491864.45,7.92,19.86,15.86,303.82,298.66,292.56,278.37,259.61,332.70,375.00,245.00,339.00,13.07,3.26,3.45,26785482259.00,6715495215.00,6954283033.00
[object Object],WELL,Welltower Inc.,NYSE,238.59,stock,common,100.00,1.00,false,0.00,USD,-0.76,2516683.00,0.94,171962532512.68,USD,0.00,-0.55,-145.42,1.28,Finance,america,Finance,Buy,Buy,-0.76,-1.39,1.50,17.93,17.93,28.54,41.94,169.65,210.87,3478.83,1.78,1.92,Buy,Buy,StrongBuy,Strong buy,Sell,Sell,52.75,2.86,-0.11,54.47,65.30,69.38,0.00,0.00,0.00,0.00,0.00,0.12,2516683.00,-26.35,238.00,-0.25,681415.00,54.66,0.00,0.00,13.92,3.70,47.87,70.09,83.96,190835396512.68,14.97,282.54,60.78,239.23,237.90,236.46,223.81,210.48,263.68,292.00,233.00,263.00,2.84,0.62,0.64,14188330478.00,3403253243.00,3630256402.00
[object Object],BX,Blackstone Inc.,NYSE,136.82,stock,common,100.00,1.00,false,0.00,USD,0.12,2331120.00,0.76,169908124568.90,USD,30.69,4.46,20.33,3.83,Finance,america,Finance,Buy,Buy,0.12,-4.37,6.81,21.89,22.11,-11.81,-18.38,6.72,395.90,281.04,2.54,2.83,Neutral,Neutral,Sell,Sell,Neutral,Neutral,46.96,-8.27,4.56,-113.17,17.49,29.17,long_upper_shadow_bearish,136.66,0.00,-0.66,11309.00,-0.37,2331120.00,-54.70,136.85,0.02,483993.00,-18.50,30.69,1.51,6.88,18.88,52.74,55.74,39.46,194580822568.90,12.25,22.74,22.60,141.77,138.57,131.66,126.56,130.85,143.43,184.00,119.00,138.00,5.94,1.34,1.36,14479943962.00,3421581961.00,3447806363.00
[object Object],PFE,Pfizer Inc.,NYSE,29.02,stock,common,100.00,1.00,false,0.00,USD,1.65,39246071.00,1.08,165404515902.14,USD,38.43,0.76,-59.83,6.02,Health technology,america,Health Technology,Neutral,Neutral,1.65,2.04,15.39,13.05,9.34,16.17,17.35,-37.56,-11.85,6656.16,1.91,2.09,StrongBuy,Strong buy,StrongBuy,Strong buy,Buy,Buy,71.44,0.78,1.87,122.80,89.24,83.72,0.00,28.80,0.88,0.25,122545.00,0.84,39246071.00,-7.64,28.99,-0.10,8328674.00,14.58,38.43,0.00,2.55,1.94,12.34,15.05,14.14,217201515902.14,3.41,12.83,9.24,28.27,26.75,25.79,25.98,26.13,28.28,35.75,25.00,28.00,2.97,0.68,0.76,62249056264.00,14399426006.00,15934535721.00
[object Object],BA,Boeing Company,NYSE,208.87,stock,common,100.00,1.00,false,0.00,USD,1.56,6423155.00,1.16,165084583819.50,USD,95.12,2.20,0.00,0.00,Electronic technology,america,Electronic Technology,Buy,Buy,1.56,-1.37,-5.49,-1.94,-4.83,-4.25,-9.69,-4.82,58.68,24841.22,1.47,1.99,Sell,Sell,StrongSell,Strong sell,Buy,Buy,38.85,-13.33,-10.80,-80.71,5.99,5.42,0.00,206.90,0.60,0.22,32496.00,0.65,6423155.00,28.03,208.94,0.03,602756.00,-9.44,95.12,0.00,1.73,27.07,45.38,0.00,8.25,190983583819.50,2.03,0.00,0.00,210.50,220.52,219.72,222.00,220.06,274.94,305.00,230.00,279.69,-0.99,-0.28,-0.20,98114376247.00,24263697215.00,24965035561.00
[object Object],COP,ConocoPhillips,NYSE,137.20,stock,common,100.00,1.00,false,0.00,USD,0.74,6019392.00,0.85,164823511304.41,USD,18.18,7.55,1.26,2.47,Energy minerals,america,Energy Minerals,Buy,Buy,0.74,5.47,15.74,16.29,15.52,46.57,38.45,148.28,235.45,6396.45,1.86,2.29,StrongBuy,Strong buy,StrongBuy,Strong buy,Buy,Buy,70.82,6.62,8.43,113.76,89.63,76.58,0.00,134.59,-1.17,0.02,8526.00,-0.90,6019392.00,-6.23,137.20,0.00,1030601.00,32.34,18.18,14.29,2.62,2.52,7.60,16.55,21.66,180421511304.41,2.86,12.91,6.96,133.13,125.36,119.04,118.79,112.29,145.88,189.00,126.00,146.00,10.24,2.90,2.54,70647583674.00,18786707100.00,17404586632.00
[object Object],UBSG,UBS Group AG,SIX,44.64,stock,common,100.00,1.00,false,0.00,CHF,1.13,5574396.00,1.21,164619800040.39,USD,19.16,2.88,43.15,1.94,Finance,switzerland,Finance,Neutral,Neutral,1.13,2.62,4.15,19.01,45.17,19.68,38.03,189.96,209.78,121.90,2.33,1.77,Buy,Buy,StrongBuy,Strong buy,Neutral,Neutral,65.29,1.76,0.88,145.70,84.60,87.92,0.00,0.00,0.00,0.00,0.00,0.07,5574396.00,-42.82,44.64,0.00,1807617.00,33.29,19.16,0.44,3.18,1.90,0.00,0.00,0.00,349901128360.01,4.43,0.00,0.00,43.69,43.27,42.68,39.54,36.35,53.37,74.35,39.40,52.95,3.73,0.90,0.92,54756363309.01,13401239351.00,13197775996.00
[object Object],RR.,Rolls-Royce Holdings plc,LSE,1469.00,stock,common,10.00,2.00,false,0.00,GBX,0.67,13933038.00,0.85,164024842917.76,USD,40.64,0.48,-47.06,0.75,Electronic technology,uk,Electronic Technology,StrongBuy,Strong buy,0.67,-3.28,-2.93,17.26,12.96,26.64,33.48,1178.50,459.57,2291.45,1.88,2.06,Neutral,Neutral,Sell,Sell,Buy,Buy,45.16,-68.80,26.25,-219.40,22.89,38.08,0.00,0.00,0.00,0.00,0.00,-0.03,13933038.00,-35.96,1469.00,0.00,5786847.00,34.66,40.64,0.00,5.27,43.01,24.81,28.59,18.40,160864152217.76,5.24,28.50,23.54,1508.24,1494.98,1466.33,1358.72,1280.94,23.96,27.26,20.44,23.71,0.58,0.24,0.29,31851533532.06,13514949213.62,16920791580.08
[object Object],WDC,Western Digital Corporation,NASDAQ,448.90,stock,common,100.00,1.00,false,0.00,USD,-0.34,3942288.00,0.68,161846821692.92,USD,18.57,24.18,370.63,0.11,Electronic technology,america,Electronic Technology,Buy,Buy,-0.34,-0.22,-14.39,-20.69,79.57,153.33,471.74,873.18,1172.93,8541.14,4.94,6.53,Sell,Sell,StrongSell,Strong sell,Neutral,Neutral,43.46,-13.19,-30.71,-54.57,23.57,26.38,spinning_top_white,441.31,-2.03,-0.75,48103.00,-1.22,3942288.00,-28.29,448.51,-0.09,473635.00,471.51,18.57,0.05,13.56,18.28,44.44,49.74,110.59,161458821692.92,12.50,35.13,32.50,455.48,481.19,515.18,504.80,369.87,684.23,1050.00,525.00,668.00,20.33,3.31,4.06,19145819657.00,3700104820.00,4131960655.00
[object Object],BBVA,"Banco Bilbao Vizcaya Argentaria, S.A.",BME,25.09,stock,common,100.00,1.00,false,0.00,EUR,0.93,5527761.00,0.98,160422545093.63,USD,12.99,2.21,6.81,2.38,Finance,spain,Finance,Neutral,Neutral,0.93,1.41,2.83,28.08,34.31,25.76,60.47,344.07,346.44,89.55,1.40,1.48,Buy,Buy,StrongBuy,Strong buy,Neutral,Neutral,61.40,0.47,0.77,112.21,68.39,64.25,0.00,0.00,0.00,0.00,0.00,0.24,5527761.00,7.64,0.00,0.00,0.00,53.91,12.99,1.89,2.44,2.34,0.00,0.00,0.00,338559909153.63,4.02,0.00,0.00,24.87,24.42,23.56,21.57,20.55,27.80,32.81,24.00,27.41,2.43,0.59,0.61,49548112493.53,11923694203.44,12377950390.45
[object Object],SAF,Safran SA,EURONEXT,328.70,stock,common,10.00,1.00,false,0.00,EUR,-0.87,460552.00,1.02,160256575778.30,USD,35.29,10.64,-9.86,1.01,Electronic technology,france,Electronic Technology,Buy,Buy,-0.87,-5.00,-5.00,11.88,2.94,11.05,15.09,207.66,408.35,2940.70,2.19,2.00,Sell,Sell,Sell,Sell,Neutral,Neutral,36.95,-20.40,-5.60,-152.52,4.64,9.89,inverted_hammer_bullish,0.00,0.00,0.00,0.00,-0.39,460552.00,-7.86,328.70,0.00,249199.00,18.01,35.29,0.00,4.10,9.39,20.40,26.11,20.52,159179688268.30,4.15,32.73,23.81,340.60,346.69,343.07,318.85,312.97,441.59,500.39,297.68,451.74,12.21,5.77,6.57,42809558801.31,19939753812.42,21759082924.71
[object Object],ABI,Anheuser-Busch InBev SA/NV,EURONEXT,68.64,stock,common,100.00,2.00,false,0.00,EUR,0.26,1313368.00,0.72,157433552768.01,USD,17.24,4.55,23.83,1.18,Consumer non-durables,belgium,Consumer Non-Durables,Buy,Buy,0.26,1.42,-6.99,-0.09,8.16,26.46,29.36,34.99,-39.79,258.80,1.34,1.70,Neutral,Neutral,Neutral,Neutral,Neutral,Neutral,47.03,2.14,-2.14,-22.00,64.14,51.15,0.00,0.00,0.00,0.00,0.00,-0.38,1313368.00,-10.44,68.64,0.00,610309.00,30.30,17.24,0.72,2.56,1.65,9.33,11.76,19.68,230426123817.21,3.76,14.58,10.71,67.84,70.15,70.57,69.43,64.52,94.80,112.48,76.93,95.06,4.56,2.10,0.00,65745546040.00,0.00,0.00
[object Object],DTE,Deutsche Telekom AG,XETR,28.45,stock,common,100.00,1.00,false,0.00,EUR,0.25,5112141.00,1.10,157337412519.25,USD,15.92,2.04,-30.39,3.52,Communications,germany,Communications,StrongBuy,Strong buy,0.25,-2.57,4.87,1.14,-13.58,1.79,-9.13,57.95,87.42,75.83,2.37,2.00,Neutral,Neutral,Buy,Buy,Neutral,Neutral,52.32,-0.73,0.28,-67.46,40.34,39.99,0.00,28.24,-0.49,-0.49,283.00,0.25,5112141.00,19.91,29.17,2.53,1722062.00,-10.30,15.92,0.00,1.13,2.26,3.36,4.73,25.49,351661705739.25,2.56,11.44,5.97,28.67,28.17,27.27,27.64,28.65,42.48,46.69,37.35,42.02,2.65,0.64,0.70,144242125435.64,34203209410.89,35303158316.55
[object Object],UBER,"Uber Technologies, Inc.",NYSE,76.45,stock,common,100.00,1.00,false,0.00,USD,1.61,12983435.00,0.90,156153721378.44,USD,16.80,4.55,-22.81,0.00,Transportation,america,Transportation,StrongBuy,Strong buy,1.61,-6.27,7.33,5.23,2.30,-6.81,-17.14,87.61,82.02,82.02,2.67,3.42,Neutral,Neutral,Buy,Buy,Neutral,Neutral,51.95,-1.59,2.57,-16.90,21.56,30.10,spinning_top_white,76.09,1.13,-0.14,271311.00,1.08,12983435.00,15.71,76.70,0.33,1828403.00,-20.60,16.80,0.00,2.79,5.71,15.04,15.49,25.90,165915721378.44,3.00,22.55,20.40,77.86,74.43,73.98,73.73,76.48,102.53,150.00,70.00,101.00,3.35,0.80,0.86,57858036260.00,14235232688.00,14686582550.00
[object Object],IBE,Iberdrola SA,BME,19.66,stock,common,1000.00,5.00,false,0.00,EUR,-1.13,7486616.00,1.11,152048307606.86,USD,18.32,1.23,32.92,2.77,Utilities,spain,Utilities,Neutral,Neutral,-1.13,-2.55,-4.35,1.08,1.79,7.05,23.91,86.40,232.18,494.27,1.67,1.14,StrongSell,Strong sell,StrongSell,Strong sell,Sell,Sell,30.81,-0.38,-0.50,-159.86,16.33,25.69,0.00,0.00,0.00,0.00,0.00,0.00,7486616.00,-15.89,0.00,0.00,0.00,25.65,18.32,0.56,2.89,2.54,0.00,0.00,0.00,230874386796.86,4.47,20.14,12.45,20.05,20.42,20.77,20.35,19.67,24.04,27.41,19.83,24.20,1.19,0.29,0.27,53413377602.49,12062078056.75,12762442857.63
[object Object],ETN,Eaton Corp. Plc,NYSE,390.85,stock,common,100.00,1.00,false,0.00,USD,0.04,1630980.00,0.92,151806134293.96,USD,39.77,9.83,-1.12,1.11,Producer manufacturing,america,Producer Manufacturing,Buy,Buy,0.04,-5.13,-5.58,-6.21,12.86,20.93,13.91,133.57,486.33,25340.03,2.99,2.94,Sell,Sell,StrongSell,Strong sell,Buy,Buy,36.94,-33.82,-16.30,-127.10,4.83,4.34,doji,390.49,-0.06,-0.12,702.00,0.14,1630980.00,-19.37,392.95,0.54,271360.00,13.40,39.77,0.00,5.07,7.49,30.75,38.70,219.04,172482134293.96,5.74,29.55,24.57,407.41,421.66,415.65,410.75,380.47,482.12,534.00,381.62,485.00,13.54,3.07,3.52,32889448902.00,8155364234.00,8475084794.00
[object Object],IBKR,"Interactive Brokers Group, Inc. Class A",NASDAQ,89.12,stock,common,100.00,1.00,false,0.00,USD,-1.41,4309455.00,1.05,151620675814.88,USD,35.48,2.51,31.74,0.36,Finance,america,Finance,Buy,Buy,-1.41,-8.72,2.40,3.49,34.42,36.25,45.38,444.24,889.67,980.24,3.26,3.19,Sell,Sell,Sell,Sell,Sell,Sell,43.70,-1.42,2.84,-71.96,35.29,56.83,0.00,89.90,-0.54,0.45,9664.00,-0.43,4309455.00,-16.20,89.50,0.43,719856.00,41.90,35.48,1.13,3.60,6.80,1.83,1.83,0.39,109623675814.88,9.70,11.20,11.09,94.12,91.42,91.99,88.22,78.62,108.72,121.00,94.00,109.50,2.71,0.64,0.69,7441915647.00,1797700333.00,1898344801.00
[object Object],BKNG,Booking Holdings Inc.,NASDAQ,199.60,stock,common,100.00,1.00,false,0.00,USD,2.00,4845789.00,1.02,149975548306.93,USD,22.08,9.04,57.21,0.82,Consumer services,america,Consumer Services,Buy,Buy,2.00,-6.92,0.70,18.46,10.45,-6.85,-10.53,116.56,250.79,926.75,2.70,2.97,Neutral,Neutral,Neutral,Neutral,Neutral,Neutral,47.59,-13.40,1.41,-170.20,7.94,9.31,0.00,197.70,1.03,0.21,2826.00,0.50,4845789.00,-8.60,199.40,-0.10,989450.00,-17.60,22.08,0.38,5.34,0.00,15.59,16.11,8.78,153161548306.93,5.42,15.42,14.39,205.81,202.90,193.65,181.43,185.87,239.24,301.00,188.00,240.00,10.45,2.43,4.48,29259883945.00,7196293969.00,9539243712.00
[object Object],DHR,Danaher Corporation,NYSE,209.91,stock,common,100.00,1.00,false,0.00,USD,1.44,2951009.00,0.83,147563803666.12,USD,37.27,5.63,19.62,0.70,Health technology,america,Health Technology,StrongBuy,Strong buy,1.44,-1.56,6.37,15.16,4.95,-8.26,2.62,-28.13,190.39,35136.77,2.67,2.90,Buy,Buy,StrongBuy,Strong buy,Sell,Sell,53.70,-1.59,10.22,6.37,50.25,61.31,0.00,208.00,0.52,0.49,200.00,0.41,2951009.00,-6.29,209.91,0.00,441824.00,-0.31,37.27,1.87,5.83,2.81,22.39,27.17,34.16,171084803666.12,6.81,32.15,21.79,214.34,205.00,200.90,189.97,202.94,228.00,310.00,195.00,225.00,8.50,1.85,1.92,26313637608.00,6120992495.00,6543766718.00
[object Object],UCG,UniCredit S.p.A.,MIL,83.77,stock,common,100.00,1.00,false,0.00,EUR,0.52,2449411.00,0.74,145678650414.55,USD,0.00,0.00,0.00,3.49,Finance,italy,Finance,Buy,Buy,0.52,-1.10,1.42,13.57,24.12,17.70,25.12,675.94,611.50,-36.41,1.82,1.56,Buy,Buy,Buy,Buy,Neutral,Neutral,51.33,1.40,0.77,-74.00,35.97,41.19,0.00,0.00,0.00,0.00,0.00,-0.13,2449411.00,-23.24,83.77,0.00,6083.00,23.82,0.00,0.00,4.94,1.93,0.00,0.00,0.00,359172468664.55,12.36,0.00,0.00,83.98,83.48,82.44,77.04,72.78,107.72,124.03,89.26,108.96,8.65,2.11,2.16,30964809744.85,7412729392.96,7522689250.45
[object Object],TJX,TJX Companies Inc,NYSE,131.31,stock,common,100.00,1.00,false,0.00,USD,-1.47,6998299.00,0.76,144437590441.80,USD,24.29,5.41,23.38,1.36,Retail trade,america,Retail Trade,Buy,Buy,-1.47,-5.67,-17.57,-17.93,-17.77,-14.32,-3.59,82.48,238.25,74086.02,1.53,1.97,StrongSell,Strong sell,StrongSell,Strong sell,Sell,Sell,19.33,-13.19,-16.44,-103.71,1.80,2.94,0.00,133.42,0.11,0.34,5289.00,0.07,6998299.00,-2.51,131.69,0.29,1142621.00,-4.95,24.29,1.05,2.39,13.58,18.26,24.96,24.43,152750590441.80,2.45,19.67,16.81,136.61,149.56,151.17,154.52,154.85,171.58,198.00,140.00,175.00,5.28,1.19,1.35,64018909685.00,15164146314.00,15860046662.00
[object Object],NOW,"ServiceNow, Inc.",NYSE,136.72,stock,common,100.00,1.00,false,0.00,USD,-4.32,14534272.00,0.78,141368473961.93,USD,85.42,1.60,0.72,0.00,Technology services,america,Technology Services,StrongBuy,Strong buy,-4.32,11.76,19.40,12.12,13.46,-10.69,-24.19,4.53,847.73,2778.32,5.26,4.58,Buy,Buy,StrongBuy,Strong buy,Neutral,Neutral,59.86,9.52,21.50,101.06,77.94,87.95,0.00,139.85,-2.13,-1.95,197667.00,-1.82,14534272.00,-14.13,138.80,1.52,1812450.00,-22.06,85.42,123.37,10.03,11.29,26.64,30.88,30.26,145148473961.93,9.85,72.54,48.66,134.98,122.70,114.95,107.26,118.83,142.25,248.00,72.00,140.00,4.07,0.86,1.03,16209385196.00,3927172702.00,4095640420.00
[object Object],VRTX,Vertex Pharmaceuticals Incorporated,NASDAQ,556.75,stock,common,100.00,1.00,false,0.00,USD,1.66,1734309.00,1.80,141114374748.21,USD,32.39,17.19,22.86,0.00,Health technology,america,Health Technology,Buy,Buy,1.66,1.26,15.99,28.00,21.75,22.54,42.38,181.10,485.87,12272.22,1.87,2.59,StrongBuy,Strong buy,StrongBuy,Strong buy,Neutral,Neutral,67.08,4.69,35.49,92.20,87.05,81.84,0.00,550.92,0.60,0.60,50.00,0.87,1734309.00,135.92,556.75,0.00,254564.00,35.01,32.39,1.39,11.01,6.97,33.10,37.43,18.07,135228974748.21,10.65,26.93,25.80,547.42,514.93,505.79,472.45,464.98,574.32,672.00,350.00,580.00,18.75,4.74,4.80,13222367942.00,3230551825.00,3407016632.00
[object Object],ULVR,Unilever PLC,LSE,4782.50,stock,common,10.00,5.00,false,0.00,GBX,-0.59,3425939.00,0.88,140055072532.02,USD,21.44,2.96,5.37,3.43,Consumer non-durables,uk,Consumer Non-Durables,Neutral,Neutral,-0.59,0.21,0.98,16.36,-5.03,-1.42,-8.50,5.97,20.09,492.27,1.27,1.45,Buy,Buy,StrongBuy,Strong buy,Sell,Sell,57.51,204.50,86.00,77.88,86.13,85.46,"upside_tasuki_gap_bullish,long_lower_shadow_bullish",0.00,0.00,0.00,0.00,-0.57,3425939.00,-6.73,4782.50,0.00,1680991.00,-10.66,21.44,4.02,2.63,7.38,14.15,16.65,20.04,172851245706.44,3.26,16.06,14.37,4740.60,4704.55,4660.45,4466.22,4685.64,70.12,81.37,53.04,69.92,3.73,1.83,1.92,59874303262.37,29146513260.00,30423257235.69
[object Object],ENR,Siemens Energy AG,XETR,142.24,stock,common,100.00,2.00,false,0.00,EUR,0.82,1504479.00,0.88,139322058813.24,USD,45.87,3.54,186.97,0.50,Producer manufacturing,germany,Producer Manufacturing,Buy,Buy,0.82,-6.27,-5.05,-11.76,-8.59,17.07,58.50,466.69,546.25,546.25,3.28,3.62,Sell,Sell,StrongSell,Strong sell,Buy,Buy,37.46,-12.10,-5.60,-170.79,6.43,9.39,0.00,140.40,-0.48,-0.17,353.00,-0.58,1504479.00,-26.57,142.22,-0.01,581776.00,80.22,45.87,0.24,2.90,11.37,12.96,16.03,11.03,130447300173.24,2.73,28.98,20.65,148.40,150.83,153.30,161.13,150.29,233.16,363.99,115.92,237.63,5.22,1.34,1.60,51814186767.80,12786715117.62,14688053586.06
[object Object],BMY,Bristol-Myers Squibb Company,NYSE,67.66,stock,common,100.00,1.00,false,0.00,USD,1.11,7818449.00,0.95,138210066028.36,USD,14.91,4.54,83.17,3.75,Health technology,america,Health Technology,Buy,Buy,1.11,-0.11,2.33,21.37,11.96,27.16,43.04,2.56,17.47,3225.62,1.68,2.20,Buy,Buy,StrongBuy,Strong buy,Sell,Sell,62.44,0.05,2.28,79.47,72.17,68.45,0.00,66.94,0.03,-0.36,6062.00,-0.16,7818449.00,12.76,67.55,-0.16,2165630.00,41.66,14.91,0.18,2.79,6.19,10.84,12.11,12.52,172196066028.36,3.50,10.82,8.97,67.02,65.20,62.41,59.81,57.93,66.04,80.00,40.00,66.00,6.93,1.60,1.72,49552159319.00,11738871544.00,12590518321.00
[object Object],ISP,Intesa Sanpaolo S.p.A.,MIL,6.65,stock,common,1000.00,1.00,false,0.00,EUR,-0.22,48423850.00,1.23,136477904155.25,USD,0.00,0.00,0.00,5.64,Finance,italy,Finance,Buy,Buy,-0.22,-3.22,0.80,17.56,24.59,12.38,23.09,176.75,208.29,105.46,1.49,1.21,Sell,Sell,Sell,Sell,Neutral,Neutral,46.41,-0.13,0.07,-246.06,15.19,18.40,0.00,0.00,0.00,0.00,0.00,-0.06,48423850.00,-18.45,6.65,0.00,13796.00,24.65,0.00,0.00,0.00,0.00,0.00,0.00,0.00,165458813345.25,3.52,0.00,0.00,6.77,6.72,6.51,6.15,5.90,8.33,9.04,7.04,8.46,0.70,0.16,0.17,33895567592.18,7957863638.15,8338833804.87
[object Object],CFR,Compagnie Financiere Richemont SA,SIX,189.55,stock,common,100.00,5.00,false,0.00,CHF,0.42,627932.00,0.90,136412834162.22,USD,34.48,6.88,24.56,1.59,Consumer durables,switzerland,Consumer Durables,Buy,Buy,0.42,0.69,-0.26,14.67,30.90,10.52,35.39,82.96,224.57,529.73,2.16,2.18,Sell,Sell,Sell,Sell,Neutral,Neutral,48.91,4.10,-0.95,-37.59,55.26,56.49,0.00,0.00,0.00,0.00,0.00,-0.64,627932.00,-26.88,189.55,0.00,240769.00,35.79,34.48,1.40,5.34,5.00,24.82,31.24,7.01,132245922814.99,5.07,24.41,18.15,189.10,191.78,190.24,176.15,166.94,266.75,306.31,213.43,272.52,8.74,3.72,4.19,29533959924.51,13354278123.69,13813680833.72
[object Object],COF,Capital One Financial Corp,NYSE,216.60,stock,common,100.00,1.00,false,0.00,USD,2.49,4044184.00,1.30,132880805863.90,USD,76.35,2.84,-76.18,1.51,Finance,america,Finance,Buy,Buy,2.49,0.17,2.25,20.47,15.21,-11.36,-3.04,33.29,202.51,3961.29,2.29,2.11,Buy,Buy,StrongBuy,Strong buy,Neutral,Neutral,52.27,-4.13,0.88,-55.56,19.38,20.47,0.00,213.00,0.79,-0.63,300.00,0.18,4044184.00,29.46,216.60,0.00,1743215.00,-9.20,76.35,0.00,2.25,1.19,4.64,4.95,0.00,177451805863.90,2.37,0.00,0.00,215.49,215.98,211.12,200.92,207.44,259.45,300.00,230.00,254.50,20.44,4.79,5.38,63954658555.00,15758436961.00,16281399929.00
[object Object],PLD,"Prologis, Inc.",NYSE,136.59,stock,common,100.00,1.00,false,0.00,USD,-2.21,3618345.00,1.19,132085953630.11,USD,30.41,4.49,22.35,2.98,Finance,america,Finance,Buy,Buy,-2.21,-4.74,-5.65,-4.89,0.60,6.93,21.68,-1.05,151.73,802.78,1.28,1.41,Sell,Sell,StrongSell,Strong sell,Sell,Sell,34.52,-4.71,-2.61,-190.54,16.99,33.47,falling_window_bearish,138.18,-1.07,-1.00,12355.00,-0.79,3618345.00,16.85,136.59,0.00,732451.00,27.65,30.41,1.39,14.56,2.37,24.96,29.91,74.13,171871136630.11,18.70,48.47,27.35,141.05,142.01,142.19,142.59,137.17,159.75,170.00,140.00,161.00,3.64,0.75,0.81,8591098714.00,2161330400.00,2164481500.00
[object Object],NEM,Newmont Corporation,NYSE,125.16,stock,common,100.00,1.00,false,0.00,USD,2.06,6339458.00,0.68,131880120400.97,USD,15.80,7.92,42.18,0.83,Non-energy minerals,america,Non-Energy Minerals,Buy,Buy,2.06,-5.64,33.93,14.58,10.13,23.93,66.95,115.72,229.11,1115.66,3.23,2.96,Buy,Buy,StrongBuy,Strong buy,Neutral,Neutral,59.01,0.08,16.68,24.97,49.94,58.72,spinning_top_white,124.41,1.45,0.00,31855.00,1.91,6339458.00,-20.98,125.40,0.19,1330836.00,55.07,15.80,0.37,5.17,3.76,10.58,13.72,14.82,128639120400.97,5.08,9.42,7.83,129.19,113.57,105.77,107.55,108.08,135.63,170.00,110.60,134.00,9.49,1.99,2.18,26781586716.00,6353499331.00,6176078487.00
[object Object],BNP,BNP Paribas S.A. Class A,EURONEXT,103.10,stock,common,100.00,2.00,false,0.00,EUR,0.49,1657634.00,0.80,131379236825.33,USD,8.92,13.20,22.65,5.03,Finance,france,Finance,Buy,Buy,0.49,-2.27,-6.85,10.65,16.96,28.17,33.72,89.07,116.94,395.18,2.60,1.78,Sell,Sell,Sell,Sell,Neutral,Neutral,41.07,-3.68,-4.93,-94.31,21.57,18.68,0.00,0.00,0.00,0.00,0.00,-0.18,1657634.00,-21.83,103.10,0.00,858649.00,33.51,8.92,0.39,1.04,0.94,6.57,7.97,0.00,947424653835.33,5.35,0.00,0.00,104.21,108.07,105.70,99.36,92.05,135.19,157.65,112.44,135.63,13.83,0.00,0.00,64754825478.71,0.00,0.00
[object Object],ISRG,"Intuitive Surgical, Inc.",NASDAQ,371.88,stock,common,100.00,1.00,false,0.00,USD,0.71,2052879.00,1.01,131377039618.07,USD,42.62,8.73,21.75,0.00,Health technology,america,Health Technology,Buy,Buy,0.71,0.92,2.80,-10.14,-24.14,-34.39,-20.97,4.58,387.28,18494.04,2.58,2.75,StrongSell,Strong sell,StrongSell,Strong sell,Neutral,Neutral,45.94,-25.84,-0.07,-53.66,18.35,17.09,0.00,369.79,0.15,-0.05,759.00,-0.07,2052879.00,11.02,372.59,0.19,255355.00,-22.42,42.62,1.95,11.96,7.24,35.85,41.23,25.33,126259839618.07,11.44,36.58,30.17,372.68,373.89,382.31,410.03,465.61,479.86,685.00,324.00,484.00,10.80,2.51,2.64,11761969466.00,2825330490.00,2907761503.00
[object Object],CB,Chubb Limited,NYSE,339.42,stock,common,100.00,1.00,false,0.00,USD,0.20,1711920.00,1.04,130948176290.38,USD,12.01,28.26,24.68,1.16,Finance,america,Finance,Buy,Buy,0.20,-0.98,-3.30,7.16,2.54,9.33,22.69,85.18,167.34,3488.58,1.19,1.41,Sell,Sell,Sell,Sell,Neutral,Neutral,44.01,-1.50,-8.14,-98.61,18.78,18.65,0.00,340.99,0.66,0.66,40.00,0.13,1711920.00,41.66,339.02,-0.12,414617.00,18.42,12.01,0.49,2.13,1.74,7.78,7.78,0.00,159565176290.38,2.57,0.00,0.00,341.16,347.23,347.45,336.00,325.85,368.52,425.00,306.00,369.00,27.69,6.77,6.34,58004574767.00,15074412500.00,15556950400.00
[object Object],INVE_B,Investor AB Class B,OMXSTO,406.40,stock,common,100.00,5.00,false,0.00,SEK,-0.71,2520034.00,1.04,129333990503.33,USD,4.74,8.80,1024.26,1.33,Finance,sweden,Finance,Neutral,Neutral,-0.71,-2.20,-1.72,7.34,11.60,22.63,38.56,94.92,437.21,1232.46,1.23,1.05,Sell,Sell,Sell,Sell,Neutral,Neutral,41.92,-3.80,1.50,-150.76,22.93,35.53,0.00,0.00,0.00,0.00,0.00,-0.11,2520034.00,-11.97,0.00,0.00,0.00,42.52,4.74,0.00,6.39,1.15,52.09,60.23,63.89,140378786503.33,6.97,5.08,0.00,412.68,413.27,406.97,392.32,367.38,42.30,46.16,34.30,43.74,5.24,0.00,0.00,7372976302.00,0.00,0.00
[object Object],PGR,Progressive Corporation,NYSE,221.38,stock,common,100.00,1.00,false,0.00,USD,0.38,1670834.00,0.77,128643908678.63,USD,11.10,19.95,12.30,6.30,Finance,america,Finance,Neutral,Neutral,0.38,-0.32,4.41,13.38,5.07,3.28,-10.70,129.55,579.50,414104.73,1.53,1.93,Buy,Buy,StrongBuy,Strong buy,Neutral,Neutral,56.95,4.11,5.28,83.43,78.05,73.74,spinning_top_white,0.00,0.00,0.00,0.00,0.29,1670834.00,-29.33,221.38,0.00,413712.00,-11.08,11.10,0.90,1.42,3.75,7.92,8.11,0.00,137030908678.63,1.51,0.00,0.00,220.44,215.01,217.37,208.91,210.64,234.71,309.00,200.00,234.00,17.93,4.64,3.99,88169764544.00,19486686350.00,22283652562.00
[object Object],AI,Air Liquide SA,EURONEXT,172.48,stock,common,100.00,2.00,false,0.00,EUR,-0.40,668441.00,0.91,127862162509.96,USD,31.04,6.35,3.14,1.94,Process industries,france,Process Industries,Buy,Buy,-0.40,2.59,1.14,5.40,11.60,18.94,8.11,51.43,189.14,1042.44,1.72,1.27,Buy,Buy,StrongBuy,Strong buy,Neutral,Neutral,56.96,5.70,-0.58,107.82,66.27,61.04,0.00,0.00,0.00,0.00,0.00,0.25,668441.00,-44.02,172.48,0.00,400589.00,9.25,31.04,9.93,4.08,4.14,20.53,72.25,53.37,146343244598.96,4.74,22.33,15.37,169.05,170.68,172.78,168.93,160.12,228.68,250.39,187.79,231.84,7.62,3.53,3.92,33075026178.84,15812898233.61,16401495229.00
[object Object],SPGI,"S&P Global, Inc.",NYSE,431.71,stock,common,100.00,1.00,false,0.00,USD,-1.93,2024779.00,1.09,127268100259.41,USD,26.29,16.42,26.22,0.88,Commercial services,america,Commercial Services,StrongBuy,Strong buy,-1.93,0.26,3.97,9.19,2.01,-12.53,-16.04,1.08,269.51,15274.17,2.87,2.37,Buy,Buy,StrongBuy,Strong buy,Neutral,Neutral,53.14,5.05,14.09,61.01,64.54,75.95,0.00,440.20,-0.00,0.18,486.00,-0.50,2024779.00,-38.48,432.36,0.15,426581.00,-21.23,26.29,1.02,8.07,4.04,22.27,22.89,30.81,144014100259.41,8.93,20.04,17.16,435.44,423.01,423.60,411.98,430.20,519.27,553.00,485.00,522.50,17.90,4.81,4.43,14853326187.00,4093128224.00,3635528405.00
[object Object],CVS,CVS Health Corporation,NYSE,97.23,stock,common,100.00,1.00,false,0.00,USD,-0.38,5401448.00,0.82,124354283913.74,USD,25.67,3.79,5.68,2.73,Retail trade,america,Retail Trade,Buy,Buy,-0.38,4.38,-7.72,3.93,23.44,22.64,33.23,13.39,3.92,14413.63,1.75,2.44,Buy,Buy,StrongBuy,Strong buy,Buy,Buy,51.06,3.58,-4.61,164.53,69.80,45.36,0.00,97.64,0.04,0.00,13154.00,0.23,5401448.00,-37.30,96.95,-0.29,1055944.00,32.84,25.67,4.53,0.30,1.56,8.47,10.64,8.97,186899283913.74,0.45,12.71,9.72,94.27,98.29,101.05,95.34,86.36,114.38,126.00,101.00,114.50,7.98,1.85,1.64,415671445008.00,100028332623.00,104264577318.00
[object Object],GLW,Corning Inc,NYSE,144.13,stock,common,100.00,1.00,false,0.00,USD,-0.98,7849218.00,0.92,124151894412.57,USD,66.11,2.18,130.83,0.77,Electronic technology,america,Electronic Technology,Buy,Buy,-0.98,-1.95,6.85,-25.23,11.35,62.11,115.12,266.18,535.77,2421.25,3.24,4.86,Sell,Sell,StrongSell,Strong sell,Neutral,Neutral,41.62,-8.33,-3.78,-102.99,12.77,18.10,0.00,144.04,-1.04,-1.18,53564.00,-1.24,7849218.00,-26.54,144.12,-0.01,1588259.00,113.77,66.11,0.51,7.51,10.40,32.21,52.66,50.22,131586894412.57,7.76,47.06,31.15,148.70,151.24,167.92,174.18,143.09,192.86,226.00,129.00,199.50,3.28,0.76,0.87,19202171174.00,4630208867.00,4989916396.00
[object Object],LMT,Lockheed Martin Corporation,NYSE,531.55,stock,common,100.00,1.00,false,0.00,USD,-2.38,1235215.00,1.20,122676826471.87,USD,19.59,27.13,52.77,2.51,Electronic technology,america,Electronic Technology,Buy,Buy,-2.38,-4.91,-8.90,2.67,-19.66,9.99,17.13,48.46,117.63,15092.13,2.22,2.37,StrongSell,Strong sell,StrongSell,Strong sell,Neutral,Neutral,35.08,-57.60,-14.87,-154.93,5.40,9.94,0.00,545.66,0.21,0.09,1972.00,0.21,1235215.00,18.09,534.50,0.55,184502.00,18.95,19.59,0.38,1.63,13.94,11.81,14.07,32.40,139423826471.87,1.81,15.34,12.94,558.84,578.51,553.70,543.16,556.25,635.84,756.00,503.00,620.00,30.43,7.19,7.56,80915428905.00,19339115313.00,20454233300.00
[object Object],SBUX,Starbucks Corporation,NASDAQ,106.72,stock,common,100.00,1.00,false,0.00,USD,0.54,5203804.00,0.84,121660801749.34,USD,61.53,1.73,-24.99,2.34,Consumer services,america,Consumer Services,Buy,Buy,0.54,0.56,-0.91,9.13,9.94,26.72,21.50,-9.78,89.56,32424.19,1.73,2.37,StrongBuy,Strong buy,StrongBuy,Strong buy,Neutral,Neutral,51.95,1.74,1.23,8.14,48.56,51.27,0.00,106.64,0.46,-0.33,4755.00,0.03,5203804.00,12.42,106.80,0.07,749579.00,18.58,61.53,0.00,3.17,0.00,24.48,33.52,33.81,140491801749.34,3.67,36.61,25.53,106.70,105.85,105.37,103.33,97.43,113.44,143.00,81.00,115.00,2.61,0.66,0.71,37960984054.00,9174497120.00,9209727465.00
[object Object],BATS,British American Tobacco p.l.c.,LSE,4126.00,stock,common,1.00,1.00,false,0.00,GBX,-1.15,3884214.00,1.41,121484327725.52,USD,14.19,3.86,110.69,5.81,Consumer non-durables,uk,Consumer Non-Durables,Buy,Buy,-1.15,-0.05,-8.84,-4.95,-5.61,-1.03,0.63,52.34,-12.78,1169.54,1.97,2.29,Sell,Sell,StrongSell,Strong sell,Neutral,Neutral,41.11,-21.00,-201.08,-61.16,31.94,30.90,0.00,0.00,0.00,0.00,0.00,0.05,3884214.00,32.32,4126.00,0.00,1409557.00,0.69,14.19,0.13,3.52,1.85,15.01,16.63,35.44,165733997525.52,4.85,12.78,10.00,4153.40,4323.07,4428.28,4454.94,4398.26,69.42,75.67,51.35,70.61,4.87,2.19,2.65,35268430471.31,16256617200.44,18732967420.19
[object Object],SYK,Stryker Corporation,NYSE,312.19,stock,common,100.00,1.00,false,0.00,USD,-1.64,2185578.00,1.00,119747661484.61,USD,32.35,9.65,27.71,1.10,Health technology,america,Health Technology,Buy,Buy,-1.64,-5.15,-6.23,4.07,-14.83,-11.13,-19.73,12.24,169.36,374520.51,3.07,2.74,StrongSell,Strong sell,StrongSell,Strong sell,Neutral,Neutral,38.48,-27.79,-8.16,-180.81,4.28,10.90,0.00,315.50,-0.60,0.50,1295.00,-0.74,2185578.00,2.21,312.26,0.02,346068.00,-18.33,32.35,1.19,4.74,4.99,21.81,25.63,34.67,131717661484.61,5.10,21.00,17.58,325.14,334.17,329.28,320.50,339.01,388.57,465.00,340.00,385.00,15.02,3.49,3.58,27297027862.00,6579335902.00,6685504088.00
[object Object],PH,Parker-Hannifin Corporation,NYSE,949.38,stock,common,100.00,1.00,false,0.00,USD,-0.28,500610.00,0.74,119666950532.41,USD,33.33,28.49,5.02,0.80,Producer manufacturing,america,Producer Manufacturing,Buy,Buy,-0.28,-7.38,-2.82,10.47,0.38,7.69,27.25,221.46,673.93,27926.75,2.53,2.22,Sell,Sell,StrongSell,Strong sell,Neutral,Neutral,35.56,-73.87,-22.78,-168.05,4.48,6.13,0.00,950.02,-0.22,0.31,423.00,0.50,500610.00,-22.40,949.38,0.00,88575.00,26.32,33.33,6.66,5.66,7.77,27.80,31.07,242.18,127907950532.41,5.95,27.10,22.61,995.90,1011.88,991.70,949.32,934.72,1182.82,1358.00,850.00,1215.50,35.08,8.31,8.15,23019863268.00,5573716523.00,5531243293.00
[object Object],PDD,PDD Holdings Inc. Sponsored ADR Class A,NASDAQ,82.25,dr,0.00,100.00,1.00,false,0.00,USD,-1.11,5042645.00,0.66,118383881138.00,USD,9.12,9.02,-1.70,0.00,Retail trade,america,Retail Trade,Buy,Buy,-1.11,-6.35,-8.61,-3.89,-19.05,-29.23,-31.11,-20.74,210.38,210.38,2.16,2.57,StrongSell,Strong sell,StrongSell,Strong sell,Sell,Sell,38.17,-7.95,-2.72,-139.84,4.41,9.97,0.00,82.56,-0.73,0.36,53582.00,-0.76,5042645.00,-15.74,82.25,0.00,554369.00,-30.12,9.12,0.00,1.90,1.77,7.64,0.00,1.54,40445366090.99,0.63,2.83,0.00,85.93,87.36,85.31,89.07,98.53,116.32,171.33,84.97,113.96,10.29,2.72,2.80,69585367938.33,16939381530.03,17274812656.65
[object Object],MDT,Medtronic Plc,NYSE,92.18,stock,common,100.00,1.00,false,0.00,USD,0.15,9159145.00,1.09,117988634540.68,USD,22.72,4.06,12.05,3.10,Health technology,america,Health Technology,Buy,Buy,0.15,1.21,6.19,15.23,-0.34,-4.02,-0.39,-31.72,5.84,29305.67,2.67,2.26,Buy,Buy,StrongBuy,Strong buy,Neutral,Neutral,59.21,-1.95,3.25,77.44,37.98,38.89,long_upper_shadow_bearish,92.50,0.50,-0.16,17247.00,0.23,9159145.00,-51.39,92.50,0.35,1390761.00,-1.59,22.72,1.88,3.15,0.00,14.75,19.32,0.00,117988634540.68,3.14,15.69,11.28,91.78,89.14,86.20,83.02,89.74,103.35,121.00,85.00,104.00,5.97,1.39,1.34,39005677682.00,9545805536.00,9482447858.00
[object Object],MO,"Altria Group, Inc.",NYSE,69.56,stock,common,100.00,1.00,false,0.00,USD,-0.01,9237356.00,1.08,116147384930.11,USD,14.65,4.75,-8.23,6.09,Consumer non-durables,america,Consumer Non-Durables,Neutral,Neutral,-0.01,1.71,1.73,-1.63,3.99,20.64,3.22,36.63,3.99,150366.37,1.92,2.05,Buy,Buy,StrongBuy,Strong buy,Sell,Sell,54.88,3.53,-0.28,104.88,85.28,84.14,0.00,69.68,0.16,0.32,4145.00,0.04,9237356.00,-6.01,69.60,0.06,1404407.00,3.01,14.65,0.00,5.68,0.00,12.35,12.75,49.08,138407384930.11,6.76,9.45,9.30,68.26,68.28,69.97,69.95,66.28,69.90,82.00,58.00,70.50,5.68,1.50,1.51,20556363549.00,5345206878.00,5316054825.00
[object Object],ACN,Accenture Plc Class A,NYSE,187.68,stock,common,100.00,1.00,false,0.00,USD,-0.22,2876275.00,0.60,114849298350.03,USD,14.99,12.52,-0.34,3.47,Technology services,america,Technology Services,Buy,Buy,-0.22,2.92,10.16,2.18,-12.79,-30.18,-27.21,-44.55,63.56,1142.91,2.42,3.89,Buy,Buy,StrongBuy,Strong buy,Sell,Sell,63.60,4.51,18.32,82.08,84.70,87.14,0.00,186.50,-0.85,-0.19,3420.00,-0.95,2876275.00,-15.65,188.00,0.17,417684.00,-27.90,14.99,0.00,1.58,3.60,8.76,9.18,11.36,114683648350.03,1.57,10.14,8.79,186.40,174.81,159.21,167.37,203.43,181.18,275.00,130.00,179.50,13.86,3.71,3.18,73594027312.00,18777999773.00,18053411400.00
[object Object],FTNT,"Fortinet, Inc.",NASDAQ,154.54,stock,common,100.00,1.00,false,0.00,USD,-4.52,5171976.00,1.10,113388107581.28,USD,54.45,2.84,13.26,0.00,Technology services,america,Technology Services,Neutral,Neutral,-4.52,2.01,-5.37,5.70,84.00,93.25,105.41,148.20,2039.85,8990.59,6.39,4.25,Sell,Sell,Sell,Sell,Neutral,Neutral,46.34,1.69,6.09,-49.38,55.34,70.01,0.00,161.49,-0.22,0.23,7603.00,0.21,5171976.00,-5.90,155.00,0.30,1667523.00,101.46,54.45,4.30,15.91,73.09,33.67,36.68,28.10,109815407581.28,14.59,45.07,42.31,159.36,158.79,158.43,137.60,109.31,166.48,220.00,102.00,170.00,3.45,0.75,0.86,8111242895.00,1888476165.00,2061660194.00
[object Object],BP.,BP PLC,LSE,542.50,stock,common,10.00,1.00,false,0.00,GBX,0.22,31388769.00,0.66,113025120443.02,USD,21.24,0.34,959.75,4.63,Energy minerals,uk,Energy Minerals,Buy,Buy,0.22,3.59,0.31,0.07,10.12,25.58,25.43,84.68,29.24,136.38,2.35,2.42,Buy,Buy,StrongBuy,Strong buy,Neutral,Neutral,56.29,9.00,-4.51,101.51,46.67,27.50,0.00,0.00,0.00,0.00,0.00,0.78,31388769.00,-67.18,542.50,0.00,9315786.00,24.63,21.24,0.02,0.52,1.92,3.91,7.02,3.03,167453824907.30,0.78,7.07,4.08,533.97,533.36,515.27,530.61,503.97,8.20,10.50,6.20,8.34,1.03,0.31,0.27,219504812879.21,62236026570.00,58374628057.00
[object Object],LOW,"Lowe's Companies, Inc.",NYSE,199.84,stock,common,100.00,1.00,false,0.00,USD,-0.10,2729478.00,0.76,112121036290.82,USD,16.90,11.83,-2.84,2.42,Retail trade,america,Retail Trade,Buy,Buy,-0.10,-7.09,-5.74,-5.84,-20.24,-17.25,-22.07,-1.93,160.58,39374.18,1.63,2.28,Sell,Sell,StrongSell,Strong sell,Sell,Sell,33.50,-20.16,-8.05,-178.49,1.62,4.06,0.00,201.10,0.52,0.21,2483.00,0.47,2729478.00,-22.18,200.04,0.10,402950.00,-22.65,16.90,0.00,1.24,0.00,12.08,15.99,32.85,150737036290.82,1.67,14.76,11.89,209.47,213.46,214.08,220.08,236.47,253.60,290.00,191.00,256.50,12.27,4.22,2.89,92156374298.00,26132272428.00,22423998431.00
[object Object],ADP,"Automatic Data Processing, Inc.",NASDAQ,281.16,stock,common,100.00,1.00,false,0.00,USD,-0.82,1829165.00,0.94,111694392726.60,USD,25.69,10.94,9.62,2.34,Technology services,america,Technology Services,Neutral,Neutral,-0.82,0.10,3.83,19.97,27.31,9.39,-6.79,36.82,212.33,34630.53,1.58,1.96,Buy,Buy,StrongBuy,Strong buy,Sell,Sell,59.65,3.94,14.78,41.68,80.37,88.29,0.00,281.36,-0.75,-0.83,822.00,-0.17,1829165.00,2.63,281.17,0.00,419017.00,-7.25,25.69,2.69,5.16,18.54,20.65,21.43,26.57,112978992726.60,5.15,19.49,17.70,283.02,272.57,259.50,237.20,236.75,289.36,322.00,225.00,288.50,12.26,2.59,2.78,23211014010.00,5437195686.00,5477319174.00
[object Object],ADBE,Adobe Inc.,NASDAQ,279.79,stock,common,100.00,1.00,false,0.00,USD,-2.20,3778599.00,0.88,111216519779.37,USD,16.00,17.48,11.81,0.00,Technology services,america,Technology Services,Neutral,Neutral,-2.20,5.51,8.34,6.38,-0.17,-20.21,-20.11,-58.23,173.69,132540.87,3.21,3.59,Buy,Buy,StrongBuy,Strong buy,Neutral,Neutral,58.43,7.32,28.98,79.04,81.12,88.95,0.00,283.78,-0.80,-0.80,35391.00,-0.90,3778599.00,-15.17,281.20,0.50,449554.00,-22.44,16.00,1.39,4.56,9.69,10.73,10.94,19.99,112655519779.37,4.47,12.17,11.25,281.05,263.65,245.60,243.00,268.45,259.34,380.00,190.00,245.00,24.42,5.82,6.07,26539040535.00,6453986328.00,6693874896.00
[object Object],BNY,Bank of New York Mellon Corp,NYSE,162.04,stock,common,100.00,1.00,false,0.00,USD,0.95,3170348.00,1.19,109944808766.57,USD,18.87,8.59,31.19,1.38,Finance,america,Finance,Buy,Buy,0.95,-1.23,3.65,14.91,40.94,39.68,55.00,197.32,287.66,7500.71,1.57,1.65,StrongBuy,Strong buy,StrongBuy,Strong buy,Neutral,Neutral,55.87,2.28,2.12,15.85,48.35,51.80,spinning_top_white,160.62,0.07,0.07,111.00,0.39,3170348.00,0.86,162.04,0.00,946252.00,47.49,18.87,0.60,5.23,2.75,31.42,70.46,0.00,55932808766.57,1.38,0.00,0.00,161.32,159.86,156.58,147.09,132.35,169.93,184.00,151.00,173.50,9.23,2.23,2.25,22181412632.00,5395525850.00,5527413430.00
[object Object],ABNB,"Airbnb, Inc. Class A",NASDAQ,183.26,stock,common,100.00,1.00,false,0.00,USD,0.39,3411881.00,0.69,109733465829.44,USD,41.65,4.40,6.15,0.00,Consumer services,america,Consumer Services,Buy,Buy,0.39,-3.70,19.51,34.74,36.87,34.81,42.70,17.10,25.52,25.52,2.83,3.15,Buy,Buy,StrongBuy,Strong buy,Sell,Sell,59.11,-3.13,16.73,-7.47,28.53,40.08,long_lower_shadow_bullish,182.51,-0.02,-0.29,1662.00,0.40,3411881.00,-20.78,184.23,0.53,643688.00,37.89,41.65,6.75,8.24,13.86,22.51,22.52,9.02,100093465829.44,7.57,35.68,34.65,186.39,171.66,161.34,149.11,138.77,181.38,220.00,125.00,185.00,5.28,1.26,2.85,14164885187.00,3580236667.00,4738253169.00
[object Object],ENEL,Enel SpA,MIL,9.00,stock,common,1000.00,1.00,false,0.00,EUR,-2.59,34507899.00,2.16,108786426205.15,USD,19.81,0.52,-26.76,5.30,Utilities,italy,Utilities,Buy,Buy,-2.59,-5.93,-8.43,-4.75,-5.34,1.79,14.94,15.83,126.73,41.82,2.27,1.49,StrongSell,Strong sell,StrongSell,Strong sell,Sell,Sell,24.12,-0.47,-0.37,-187.37,10.07,13.77,0.00,0.00,0.00,0.00,0.00,-0.21,34507899.00,67.54,9.00,0.00,49639.00,18.83,19.81,0.00,1.13,3.62,6.70,20.58,18.87,217024633265.15,2.35,15.07,8.57,9.41,9.67,9.84,9.78,9.52,12.05,13.98,10.25,12.18,0.85,0.20,0.22,97895894749.49,23967383978.40,25545240878.38
[object Object],MPC,Marathon Petroleum Corporation,NYSE,387.00,stock,common,100.00,1.00,false,0.00,USD,1.04,2395963.00,0.96,108679173431.19,USD,13.32,29.05,330.27,1.04,Energy minerals,america,Energy Minerals,Buy,Buy,1.04,10.32,24.39,47.09,77.73,137.64,116.37,569.09,809.52,1936.84,2.61,3.46,StrongBuy,Strong buy,StrongBuy,Strong buy,Buy,Buy,77.18,26.25,37.16,128.01,93.82,95.51,0.00,379.25,-0.98,0.91,5529.00,-0.69,2395963.00,0.69,387.96,0.25,475637.00,96.38,13.32,0.04,0.72,5.74,6.55,8.70,14.45,141846173431.19,0.93,10.97,8.73,367.43,339.01,316.45,281.30,239.77,337.12,413.00,265.00,323.00,50.05,14.27,19.66,169876260130.00,40865657701.00,44128235945.00
[object Object],ZURN,Zurich Insurance Group Ltd,SIX,594.20,stock,common,10.00,2.00,false,0.00,CHF,-0.30,272952.00,1.14,108025315929.43,USD,15.16,48.48,11.17,5.03,Finance,switzerland,Finance,Neutral,Neutral,-0.30,0.10,-3.35,8.75,10.45,-0.80,2.91,46.50,133.94,-6.94,1.02,1.08,Buy,Buy,Buy,Buy,Buy,Buy,48.10,7.40,-8.74,99.72,74.07,70.71,0.00,0.00,0.00,0.00,0.00,0.00,272952.00,33.78,594.20,0.00,92273.00,7.46,15.16,1.36,1.08,3.46,3.53,3.59,0.00,125037886363.45,1.23,0.00,0.00,592.02,599.84,603.37,580.91,573.38,758.78,1113.24,586.24,741.75,46.89,24.20,24.40,70047643204.42,24332505000.00,26424768000.00
[object Object],MCK,McKesson Corporation,NYSE,924.78,stock,common,100.00,1.00,false,0.00,USD,1.99,821553.00,0.86,107820437800.74,USD,24.75,37.37,49.11,0.36,Distribution services,america,Distribution Services,Buy,Buy,1.99,2.12,7.71,23.05,-0.33,13.05,34.55,353.97,400.64,5504.73,1.85,2.92,StrongBuy,Strong buy,StrongBuy,Strong buy,Buy,Buy,64.11,71.07,31.08,183.44,80.37,72.20,0.00,914.00,0.80,0.80,100.00,0.83,821553.00,4.26,924.78,0.00,162587.00,22.89,24.75,0.49,0.26,0.00,16.09,17.18,20.97,117204437800.74,0.29,17.46,15.67,887.40,871.13,841.27,813.42,842.56,988.19,1080.00,845.00,1000.00,44.61,9.56,10.72,431962564090.00,103875033741.00,109913759059.00
[object Object],SAN,Sanofi SA,EURONEXT,77.16,stock,common,100.00,1.00,false,0.00,EUR,0.39,1244986.00,0.84,106871942553.13,USD,23.18,3.80,-35.60,5.36,Health technology,france,Health Technology,Buy,Buy,0.39,-2.53,3.03,4.97,-0.55,-6.81,-9.54,-12.45,10.32,1146.53,1.76,1.77,Buy,Buy,Buy,Buy,Neutral,Neutral,51.56,-1.40,0.64,20.89,47.80,49.24,doji,0.00,0.00,0.00,0.00,0.31,1244986.00,-27.56,77.16,0.00,747280.00,-10.52,23.18,0.00,2.02,1.35,7.86,9.12,14.65,127257457893.13,2.43,8.95,5.78,77.74,76.61,76.28,76.34,78.67,107.76,130.72,91.04,109.71,10.06,0.00,0.00,58525883000.57,0.00,0.00
[object Object],APP,AppLovin Corp. Class A,NASDAQ,319.05,stock,common,100.00,1.00,false,0.00,USD,2.34,3874263.00,0.84,106770396024.40,USD,24.52,13.01,93.28,0.00,Technology services,america,Technology Services,StrongBuy,Strong buy,2.34,3.16,-22.32,-44.26,-37.07,-53.31,-31.24,328.89,355.79,355.79,4.49,4.24,Neutral,Neutral,Sell,Sell,Buy,Buy,39.82,8.26,-41.06,-10.22,44.22,42.49,0.00,307.89,-1.24,-0.33,31343.00,-0.64,3874263.00,-0.83,319.50,0.14,666520.00,-35.98,24.52,0.26,15.38,33.82,23.75,23.75,35.22,107232162024.40,15.70,20.20,19.70,310.50,345.72,399.12,447.17,488.36,512.13,790.00,325.00,515.00,15.80,3.76,4.04,8153259392.00,1941897662.00,2074366379.00
[object Object],FCX,"Freeport-McMoRan, Inc.",NYSE,73.93,stock,common,100.00,1.00,false,0.00,USD,2.01,11959425.00,0.67,106164772314.15,USD,36.51,2.03,53.40,0.83,Non-energy minerals,america,Non-Energy Minerals,Buy,Buy,2.01,-6.82,19.11,5.74,21.92,42.93,68.94,104.57,616.38,503.51,3.40,3.43,Buy,Buy,StrongBuy,Strong buy,Neutral,Neutral,56.04,4.84,7.81,30.07,57.78,66.11,0.00,72.95,0.66,0.01,113426.00,0.79,11959425.00,-6.61,73.93,0.00,2321292.00,61.29,36.51,0.67,4.16,5.28,18.08,60.55,24.48,124278772314.15,4.94,22.34,16.12,76.16,69.40,66.02,65.31,60.60,74.00,83.00,50.00,75.00,2.95,0.62,0.72,29363205325.00,6713004239.00,7316706259.00
[object Object],CABK,CaixaBank SA,BME,13.21,stock,common,1000.00,5.00,false,0.00,EUR,1.03,4780481.00,1.16,105662749594.18,USD,15.04,1.00,3.21,2.81,Finance,spain,Finance,Neutral,Neutral,1.03,-0.26,4.34,14.76,31.17,26.52,54.42,391.26,441.60,178.96,1.48,1.52,StrongBuy,Strong buy,StrongBuy,Strong buy,Buy,Buy,59.30,0.52,0.25,91.05,69.46,67.75,0.00,0.00,0.00,0.00,0.00,0.00,4780481.00,5.86,0.00,0.00,0.00,52.40,15.04,4.64,5.51,2.38,0.00,0.00,0.00,143575217734.18,5.39,0.00,0.00,13.13,12.94,12.77,12.03,11.18,15.01,16.81,11.59,14.95,1.07,0.24,0.27,20196692507.60,4797037559.46,4990890591.76
[object Object],VLO,Valero Energy Corporation,NYSE,366.09,stock,common,100.00,1.00,false,0.00,USD,1.13,2839206.00,1.26,105407360883.99,USD,15.19,24.11,899.64,1.31,Energy minerals,america,Energy Minerals,Buy,Buy,1.13,9.02,17.36,43.08,61.29,124.25,140.31,465.83,561.17,21323.27,2.76,3.23,StrongBuy,Strong buy,StrongBuy,Strong buy,Buy,Buy,73.48,19.83,29.48,123.46,90.61,92.25,0.00,359.38,-0.72,0.56,3088.00,-0.57,2839206.00,3.81,366.99,0.25,295245.00,117.47,15.19,0.02,0.76,4.22,9.87,10.64,13.62,112121360883.99,0.80,10.56,8.10,351.08,328.85,310.13,277.92,237.76,329.83,401.00,255.00,334.00,42.92,10.11,16.43,148811154616.00,39468983320.00,39294287542.00
[object Object],CS,AXA SA,EURONEXT,43.31,stock,common,100.00,1.00,false,0.00,EUR,-0.92,2101516.00,0.75,104300563608.07,USD,9.09,5.44,36.00,5.31,Finance,france,Finance,StrongBuy,Strong buy,-0.92,-1.14,-3.58,10.48,13.50,6.28,9.01,82.74,123.25,519.60,2.11,1.37,Sell,Sell,Sell,Sell,Neutral,Neutral,42.77,-0.67,-1.04,-84.76,36.01,35.20,0.00,0.00,0.00,0.00,0.00,-0.14,2101516.00,-23.46,43.31,0.00,1404062.00,7.47,9.09,0.25,0.76,2.18,6.34,6.53,0.00,182186539708.07,1.37,0.00,0.00,43.54,44.41,44.29,42.55,40.91,59.24,89.46,49.26,58.09,4.87,2.49,2.31,91604342326.16,43700762585.42,45820236277.95
[object Object],EQNR,Equinor ASA,OSL,405.80,stock,common,10.00,1.00,false,0.00,NOK,0.10,2689999.00,1.07,103899273355.47,USD,11.51,3.56,7.86,3.59,Energy minerals,norway,Energy Minerals,Neutral,Neutral,0.10,6.48,8.21,14.57,32.18,70.72,64.03,118.62,205.34,463.61,2.15,2.27,Buy,Buy,StrongBuy,Strong buy,Neutral,Neutral,64.33,9.90,12.24,161.84,86.06,72.96,0.00,0.00,0.00,0.00,0.00,1.80,2689999.00,19.21,405.80,0.00,999511.00,53.43,11.51,1.46,0.89,2.38,4.40,10.88,4.22,113193981926.67,1.01,3.46,2.63,395.42,387.69,366.16,357.59,317.70,38.54,46.75,27.08,38.91,4.82,1.38,1.30,110669010537.73,33856053122.00,32147159328.00
[object Object],CEG,Constellation Energy Corporation,NASDAQ,290.04,stock,common,100.00,1.00,false,0.00,USD,3.47,2875863.00,1.29,102763309583.73,USD,28.25,10.27,7.15,0.59,Utilities,america,Utilities,StrongBuy,Strong buy,3.47,4.26,9.47,8.69,-11.32,-18.98,-3.48,663.26,663.26,663.26,3.47,3.48,StrongBuy,Strong buy,StrongBuy,Strong buy,Buy,Buy,63.83,15.87,7.77,156.71,70.58,62.02,0.00,279.46,-0.30,-0.45,4056.00,-0.11,2875863.00,19.15,289.08,-0.33,443120.00,3.49,28.25,3.82,3.28,3.22,24.83,337.91,96.95,126731309583.73,4.11,27.56,15.33,278.14,273.01,265.47,274.75,296.83,349.89,441.00,290.00,360.00,12.04,2.29,3.72,33421687262.00,7730228198.00,9212821479.00
[object Object],PSX,Phillips 66,NYSE,256.09,stock,common,100.00,1.00,false,0.00,USD,1.61,2887025.00,1.06,102185265176.01,USD,14.58,17.57,322.82,1.99,Energy minerals,america,Energy Minerals,Buy,Buy,1.61,9.41,22.44,40.42,53.71,98.52,92.94,266.73,224.29,670.20,2.77,3.24,StrongBuy,Strong buy,StrongBuy,Strong buy,Buy,Buy,76.80,13.80,23.20,118.74,92.60,90.46,0.00,250.50,-0.60,0.18,5065.00,-0.77,2887025.00,-6.86,256.98,0.35,402554.00,85.92,14.58,0.04,0.66,3.24,11.55,16.13,25.15,119848265176.01,0.78,13.24,10.08,244.25,226.04,210.92,191.71,171.24,233.28,335.00,173.00,234.50,26.02,7.50,9.79,166465767320.00,43597335313.00,42263703501.00
[object Object],MELI,"MercadoLibre, Inc.",NASDAQ,2006.58,stock,common,100.00,1.00,false,0.00,USD,2.19,391122.00,0.95,101727184903.12,USD,54.60,36.75,-9.25,0.00,Retail trade,america,Retail Trade,Buy,Buy,2.19,0.56,4.69,21.05,14.13,-1.03,-17.24,5.44,1062.22,9020.82,2.77,3.41,Buy,Buy,StrongBuy,Strong buy,Neutral,Neutral,62.22,97.93,76.14,107.54,83.16,78.16,0.00,1956.00,-0.38,-0.76,1778.00,-0.71,391122.00,20.19,2006.00,-0.03,43421.00,-17.49,54.60,0.00,2.83,12.99,9.90,11.39,5.40,101243184903.12,2.88,34.83,26.01,1954.33,1885.14,1843.85,1775.09,1860.85,2300.27,2800.00,1750.00,2300.00,37.91,8.65,9.25,41574186680.00,9794199521.00,10566388234.00
[object Object],SO,Southern Company,NYSE,88.31,stock,common,100.00,1.00,false,0.00,USD,0.25,5873581.00,0.98,101588555583.64,USD,21.31,4.14,7.00,3.41,Utilities,america,Utilities,Neutral,Neutral,0.25,-1.79,-4.95,-3.09,-9.29,1.31,-4.26,32.60,72.35,931.17,1.43,1.59,Sell,Sell,StrongSell,Strong sell,Buy,Buy,31.68,-3.88,-4.47,-116.44,15.18,12.60,0.00,88.14,0.06,0.24,984.00,-0.11,5873581.00,20.04,88.90,0.67,945813.00,0.03,21.31,3.03,3.33,2.57,9.46,0.00,33.71,178458555583.64,5.91,24.46,13.08,89.19,92.22,93.68,93.60,92.43,100.15,112.00,79.00,101.00,4.59,1.01,1.63,30605030403.00,7230474422.00,8283509526.00
[object Object],GSK,GSK plc,LSE,1861.50,stock,common,10.00,5.00,false,0.00,GBX,-0.53,5128958.00,1.04,101335883038.76,USD,15.78,1.56,42.25,3.63,Health technology,uk,Health Technology,Neutral,Neutral,-0.53,-2.74,-4.42,0.11,-10.50,1.83,28.87,25.00,15.00,146.38,2.01,2.17,Sell,Sell,StrongSell,Strong sell,Sell,Sell,43.32,-26.50,-34.67,-54.27,43.28,40.63,0.00,0.00,0.00,0.00,0.00,0.13,5128958.00,9.47,1861.50,0.00,2602282.00,29.07,15.78,0.38,2.29,4.27,9.54,11.65,24.34,121151346238.76,2.75,11.03,8.70,1888.90,1907.85,1927.72,1939.43,1948.43,28.92,40.67,19.66,27.03,2.40,0.62,0.70,45592416086.30,10939777916.80,11998710178.98
[object Object],HWM,Howmet Aerospace Inc.,NYSE,252.96,stock,common,100.00,1.00,false,0.00,USD,-0.76,3628408.00,1.12,100880799778.05,USD,54.56,4.64,35.49,0.20,Electronic technology,america,Electronic Technology,StrongBuy,Strong buy,-0.76,-4.95,-11.05,1.91,1.28,23.10,46.81,696.98,1341.49,888.59,2.97,3.09,Sell,Sell,StrongSell,Strong sell,Neutral,Neutral,36.30,-30.52,-21.41,-119.98,19.90,16.43,0.00,258.50,1.42,0.04,3006.00,1.13,3628408.00,-34.53,251.64,-0.52,456046.00,45.57,54.56,1.55,11.24,17.65,45.79,56.78,180.30,104980799778.05,11.51,42.16,37.59,262.73,277.71,275.94,266.62,244.96,343.10,376.00,314.00,341.50,5.33,1.24,1.36,10099157494.00,2427901087.00,2582333357.00
[object Object],EQIX,"Equinix, Inc.",NASDAQ,1019.24,stock,common,100.00,1.00,false,0.00,USD,-0.81,747693.00,1.42,100570124124.79,USD,65.59,15.54,52.11,1.96,Finance,america,Finance,StrongBuy,Strong buy,-0.81,-4.26,0.25,-5.62,7.85,33.03,31.10,17.69,176.66,149.81,2.97,2.85,Sell,Sell,StrongSell,Strong sell,Sell,Sell,39.74,-57.84,-5.32,-171.08,14.90,22.16,0.00,1029.17,0.15,0.18,217.00,-0.89,747693.00,51.01,1019.24,0.00,182209.00,34.28,65.59,1.27,10.39,6.99,25.63,0.00,45.41,121717124124.79,12.41,134.64,36.52,1057.07,1055.34,1047.80,1062.57,958.53,1235.07,1400.00,1060.00,1230.00,17.24,4.73,4.16,10271658862.00,2589959498.00,2567199268.00
[object Object],CME,CME Group Inc. Class A,NASDAQ,277.77,stock,common,100.00,1.00,false,0.00,USD,-3.03,2225019.00,1.09,99880332207.05,USD,23.56,11.79,14.12,3.93,Finance,america,Finance,Buy,Buy,-3.03,-0.23,3.75,8.41,-12.07,2.03,4.08,39.36,155.94,3461.15,2.27,2.18,Buy,Buy,Buy,Buy,Neutral,Neutral,57.99,10.83,17.50,67.22,79.26,89.20,0.00,286.21,-0.08,-0.59,445.00,-0.29,2225019.00,33.67,280.00,0.80,459773.00,7.69,23.56,1.72,15.28,3.76,23.29,23.82,44.01,101468832207.05,14.98,23.01,21.40,279.98,269.18,256.31,267.31,278.79,283.87,330.00,230.00,286.00,12.25,2.91,2.93,7020651765.00,1682065411.00,1691936344.00
[object Object],VRT,Vertiv Holdings Co. Class A,NYSE,256.70,stock,common,100.00,1.00,false,0.00,USD,0.29,3008843.00,0.69,98826468766.82,USD,58.08,4.42,111.13,0.09,Electronic technology,america,Electronic Technology,StrongBuy,Strong buy,0.29,0.04,8.32,-20.05,6.51,51.48,107.52,800.39,2546.39,2546.39,4.04,4.35,Sell,Sell,StrongSell,Strong sell,Neutral,Neutral,42.33,-4.30,-12.55,-84.32,15.60,18.02,spinning_top_white,255.01,-0.38,-0.38,27865.00,-0.39,3008843.00,-29.77,257.00,0.12,305802.00,108.10,58.08,0.52,8.76,20.77,30.06,34.41,31.75,98989068766.82,8.62,43.52,37.19,259.89,268.27,284.55,303.98,256.34,339.18,427.00,245.00,340.00,6.71,1.42,1.82,14013549859.00,3379044204.00,3758413548.00
[object Object],INGA,ING Groep N.V.,EURONEXT,31.31,stock,common,1000.00,5.00,false,0.00,EUR,2.44,5886078.00,1.26,98770321726.82,USD,13.59,2.63,0.00,3.47,Finance,netherlands,Finance,Buy,Buy,2.44,2.93,3.44,18.91,35.28,30.43,50.46,165.11,173.21,42.69,1.71,1.32,StrongBuy,Strong buy,StrongBuy,Strong buy,Neutral,Neutral,66.00,1.44,0.50,132.81,69.57,57.15,0.00,0.00,0.00,0.00,0.00,0.39,5886078.00,31.73,31.31,0.00,1707370.00,46.09,13.59,0.00,2.22,1.78,0.00,0.00,0.00,276071909796.82,10.16,0.00,0.00,30.33,30.23,29.45,27.58,25.65,37.45,46.37,28.97,37.67,2.92,0.73,0.78,28921016272.22,6979276037.13,7335477286.88
[object Object],GD,General Dynamics Corporation,NYSE,364.07,stock,common,100.00,1.00,false,0.00,USD,-1.45,1575179.00,1.77,98501757118.39,USD,22.20,16.40,10.14,1.67,Electronic technology,america,Electronic Technology,Buy,Buy,-1.45,-3.70,-6.06,6.96,1.07,8.18,12.24,80.23,136.81,49901.03,1.89,1.70,Sell,Sell,StrongSell,Strong sell,Sell,Sell,33.00,-28.27,-9.71,-182.76,8.45,13.19,0.00,0.00,0.00,0.00,0.00,0.12,1575179.00,24.07,364.07,0.00,472041.00,14.54,22.20,2.22,1.84,3.67,12.92,15.45,22.98,103647757118.39,1.89,18.30,15.69,377.69,385.11,377.20,359.29,354.34,424.50,465.00,319.00,430.50,16.97,3.96,4.12,55937140375.00,13522056180.00,13714174816.00
[object Object],DASH,"DoorDash, Inc. Class A",NASDAQ,226.24,stock,common,100.00,1.00,false,0.00,USD,0.26,3389492.00,0.84,98035205233.63,USD,118.80,1.90,5.95,0.00,Transportation,america,Transportation,StrongBuy,Strong buy,0.26,-2.94,12.87,45.50,25.53,-1.52,-6.08,17.83,24.31,24.31,2.85,3.56,Buy,Buy,StrongBuy,Strong buy,Sell,Sell,59.45,6.02,22.89,29.63,60.81,72.64,0.00,225.66,0.00,0.00,330.00,0.03,3389492.00,-3.43,226.29,0.02,446800.00,-6.24,118.80,19.90,6.24,9.88,35.12,46.47,17.58,95696205233.63,6.02,110.25,51.23,229.76,212.13,202.05,183.57,188.41,260.67,350.00,220.00,260.00,2.62,0.47,0.83,17849057659.00,4339595133.00,4560813609.00
[object Object],USB,U.S. Bancorp,NYSE,62.77,stock,common,100.00,1.00,false,0.00,USD,2.55,7333157.00,1.10,97798892049.96,USD,12.52,5.01,19.95,3.40,Finance,america,Finance,Buy,Buy,2.55,0.51,-0.93,16.72,19.33,17.70,29.85,11.59,41.85,9350.54,1.72,1.66,Buy,Buy,Buy,Buy,Neutral,Neutral,49.66,-0.05,-1.37,-50.70,15.95,13.89,0.00,61.46,0.41,0.42,2577.00,0.77,7333157.00,6.24,62.71,-0.10,1211397.00,26.31,12.52,0.61,3.24,1.61,7.88,7.88,0.00,134586892049.96,3.09,0.00,0.00,62.19,63.42,62.94,59.37,56.55,70.19,77.00,62.00,69.00,5.22,1.28,1.30,30962493669.00,7577200835.00,7960798283.00
[object Object],PNC,"PNC Financial Services Group, Inc.",NYSE,242.46,stock,common,100.00,1.00,false,0.00,USD,2.09,1383885.00,0.82,96727883144.69,USD,13.34,18.18,24.22,2.99,Finance,america,Finance,Buy,Buy,2.09,-0.93,-3.35,10.16,16.75,16.16,17.86,27.99,168.53,6503.17,1.95,1.76,Neutral,Neutral,Sell,Sell,Neutral,Neutral,42.95,-4.00,-7.81,-72.36,10.38,9.00,0.00,238.33,0.35,0.35,173.00,0.57,1383885.00,2.62,242.46,0.00,267110.00,17.12,13.34,0.54,3.81,1.67,10.01,10.01,0.00,183832883144.69,5.14,0.00,0.00,242.25,248.88,249.35,236.14,224.05,278.18,305.00,260.00,279.00,18.99,4.46,4.91,26335319399.00,6513615477.00,6608938593.00
[object Object],TT,Trane Technologies plc,NYSE,439.02,stock,common,100.00,1.00,false,0.00,USD,-0.26,819915.00,0.81,96594574310.19,USD,33.26,13.20,4.75,0.90,Producer manufacturing,america,Producer Manufacturing,Buy,Buy,-0.26,-4.21,-3.68,-5.74,2.97,12.32,7.07,120.95,732.47,19526.94,2.11,2.23,Sell,Sell,StrongSell,Strong sell,Neutral,Neutral,35.10,-16.46,-18.35,-125.40,5.68,6.86,0.00,443.23,0.70,-0.52,1155.00,0.31,819915.00,-0.20,439.02,0.00,205479.00,5.91,33.26,7.02,4.41,11.22,24.85,27.16,74.10,99915274310.22,4.50,24.80,22.63,450.30,464.29,470.29,469.81,444.08,535.52,575.00,440.00,548.00,15.27,4.27,4.72,23745108470.00,6197117629.00,6473095003.00
[object Object],ATCO_A,Atlas Copco AB Class A,OMXSTO,198.65,stock,common,100.00,5.00,false,0.00,SEK,-0.43,3838017.00,0.95,96343064199.08,USD,36.39,0.56,-5.20,2.01,Producer manufacturing,sweden,Producer Manufacturing,Buy,Buy,-0.43,-2.96,-2.14,8.85,9.39,19.52,29.71,44.66,258.48,2551.54,1.97,1.77,Sell,Sell,Sell,Sell,Neutral,Neutral,42.01,-1.55,0.89,-159.59,24.23,43.79,spinning_top_white,0.00,0.00,0.00,0.00,-0.65,3838017.00,-28.63,0.00,0.00,0.00,33.02,36.39,0.00,5.73,9.12,29.93,36.13,65.92,98554198999.08,5.65,28.04,21.71,204.05,204.70,199.93,190.81,182.63,23.26,25.90,16.58,23.31,0.66,0.15,0.17,19655787646.47,4517839016.48,4843615698.31
[object Object],HOOD,"Robinhood Markets, Inc. Class A",NASDAQ,106.99,stock,common,100.00,1.00,false,0.00,USD,3.36,16585214.00,0.72,96192815980.90,USD,47.38,2.26,14.70,0.00,Finance,america,Finance,Buy,Buy,3.36,-2.83,23.42,28.51,37.33,-7.35,6.63,136.69,181.55,181.55,4.99,5.08,Buy,Buy,StrongBuy,Strong buy,Neutral,Neutral,56.53,11.22,7.57,61.32,65.03,65.45,0.00,103.88,0.36,0.35,317083.00,0.20,16585214.00,-26.73,108.80,1.69,1133305.00,3.67,47.38,3.12,18.91,10.15,0.00,0.00,16.55,118048815980.90,23.65,53.49,51.37,105.68,97.59,101.33,92.76,95.05,126.64,163.60,80.00,126.50,2.11,0.43,0.51,5198704328.00,1286601143.00,1354245257.00
[object Object],KKR,KKR & Co Inc,NYSE,106.43,stock,common,100.00,1.00,false,0.00,USD,0.02,4368468.00,1.39,95535362337.02,USD,33.93,3.14,50.44,0.71,Finance,america,Finance,Buy,Buy,0.02,-0.95,3.38,15.20,14.37,-17.42,-22.21,63.74,610.01,357.76,2.91,3.53,Neutral,Neutral,Buy,Buy,Neutral,Neutral,50.10,-4.03,3.55,-46.76,16.83,28.75,0.00,105.60,-0.76,-0.19,2768.00,-0.18,4368468.00,6.77,106.54,0.10,652744.00,-22.73,33.93,0.67,4.28,3.35,10.91,11.09,4.75,181451677337.02,7.71,32.87,32.12,107.95,106.29,101.92,100.11,105.76,128.89,166.00,115.00,127.00,6.63,1.43,1.62,10616473741.00,2547923223.00,2725736425.00
[object Object],CMCSA,Comcast Corporation Class A,NASDAQ,26.81,stock,common,100.00,1.00,false,0.00,USD,1.94,18887063.00,0.95,95138942171.47,USD,8.68,3.09,-49.00,5.02,Consumer services,america,Consumer Services,Buy,Buy,1.94,-1.11,9.74,11.89,-14.59,-4.24,-15.08,-53.37,-12.75,105512.64,2.17,2.16,Buy,Buy,StrongBuy,Strong buy,Neutral,Neutral,58.83,0.22,1.52,65.48,60.64,66.60,0.00,26.41,0.42,0.04,5413.00,0.72,18887063.00,-2.48,26.82,0.04,4063569.00,-25.94,8.68,0.00,0.75,1.06,2.94,4.68,12.49,178050942171.47,1.43,9.60,5.19,26.78,25.43,24.69,25.22,26.90,31.10,52.00,21.00,29.50,3.51,0.97,1.01,120713684619.00,29235581590.00,29519637421.00
[object Object],GLEN,Glencore plc,LSE,595.90,stock,common,10.00,1.00,false,0.00,GBX,-0.20,49832783.00,0.99,94396888875.15,USD,17.71,0.45,0.00,2.09,Distribution services,uk,Distribution Services,Buy,Buy,-0.20,-1.50,9.36,-1.93,15.64,45.20,106.30,83.81,234.96,8.74,2.18,2.38,StrongBuy,Strong buy,StrongBuy,Strong buy,Buy,Buy,63.11,44.70,39.76,73.45,77.77,79.02,0.00,0.00,0.00,0.00,0.00,-1.14,49832783.00,-30.57,595.90,0.00,8910422.00,107.20,17.71,0.00,0.32,2.22,14.61,0.00,26.12,131781243518.21,0.44,18.79,9.54,593.93,563.24,543.78,557.36,511.40,8.58,10.54,6.56,8.50,0.58,0.28,0.29,308923636216.55,145583178167.00,144602299644.00
[object Object],DUK,Duke Energy Corporation,NYSE,120.56,stock,common,100.00,1.00,false,0.00,USD,0.14,3418734.00,1.00,94000897897.94,USD,18.09,6.67,8.98,3.56,Utilities,america,Utilities,Buy,Buy,0.14,-0.86,-3.55,-0.84,-8.25,2.88,-1.55,13.52,51.34,638.61,1.30,1.59,Sell,Sell,StrongSell,Strong sell,Neutral,Neutral,40.61,-3.04,-3.94,-100.46,18.83,15.51,0.00,120.00,-0.32,-0.07,658.00,-0.14,3418734.00,7.67,120.56,0.00,884232.00,-0.97,18.09,2.01,2.82,1.75,8.11,0.00,115.23,188476897897.94,5.67,21.30,12.18,120.99,123.89,124.98,125.10,124.30,137.65,147.00,129.00,137.00,6.71,1.30,1.89,33617004273.00,7658943967.00,8912238409.00
[object Object],INTU,Intuit Inc.,NASDAQ,342.94,stock,common,100.00,1.00,false,0.00,USD,-0.58,3106912.00,0.66,93806772434.82,USD,20.79,16.50,20.32,1.39,Technology services,america,Technology Services,Buy,Buy,-0.58,6.02,5.73,7.23,-26.57,-48.09,-47.66,-39.16,208.18,14864.80,3.95,3.95,Sell,Sell,Sell,Sell,Sell,Sell,51.78,-19.53,20.61,-22.67,52.54,59.98,0.00,346.24,0.38,-0.51,4797.00,0.40,3106912.00,16.22,344.98,0.59,547309.00,-48.88,20.79,1.03,4.37,0.00,10.44,10.71,12.96,94942772434.82,4.43,13.95,12.41,355.54,336.33,312.49,331.31,430.42,385.46,657.00,290.00,382.50,23.90,3.58,2.72,23415635152.00,4266803336.00,4305826711.00
[object Object],WMB,"Williams Companies, Inc.",NYSE,75.16,stock,common,100.00,1.00,false,0.00,USD,-0.09,8745585.00,1.09,91933271934.55,USD,30.00,2.51,26.39,2.72,Industrial services,america,Industrial Services,Buy,Buy,-0.09,5.62,6.38,4.94,0.07,25.04,30.69,203.43,170.65,3153.91,2.41,2.89,Buy,Buy,StrongBuy,Strong buy,Neutral,Neutral,57.29,1.92,1.59,79.73,84.46,79.52,long_lower_shadow_bullish,75.40,0.23,0.47,1882.00,-0.15,8745585.00,19.51,75.00,-0.21,2930927.00,31.32,30.00,1.14,7.48,6.99,15.36,0.00,453.55,124736271934.55,10.12,26.64,17.54,73.20,72.62,73.48,73.47,70.01,86.28,103.00,75.00,86.00,2.45,0.50,0.53,12314549998.00,2828370473.00,3007534838.00
[object Object],PWR,"Quanta Services, Inc.",NYSE,610.78,stock,common,100.00,1.00,false,0.00,USD,-0.10,807144.00,0.68,91826734150.69,USD,69.95,8.73,35.41,0.07,Industrial services,america,Industrial Services,Buy,Buy,-0.10,-0.36,-7.33,-12.87,14.32,43.73,65.08,453.89,2279.35,8228.78,2.59,3.63,Sell,Sell,StrongSell,Strong sell,Neutral,Neutral,41.12,-66.63,-38.49,-93.56,10.64,8.57,long_lower_shadow_bullish,609.52,-0.31,-0.87,1640.00,-0.37,807144.00,-18.40,612.00,0.20,141136.00,66.51,69.95,1.98,2.83,9.52,29.29,38.94,182.50,98023693150.69,2.98,46.46,31.21,619.29,647.58,655.70,676.46,585.92,800.05,976.00,483.18,800.00,16.73,3.31,4.98,39394045036.00,8609759501.00,10984153038.00
[object Object],RACE,Ferrari NV,MIL,357.05,stock,common,100.00,5.00,false,0.00,EUR,0.44,279686.00,0.72,90568037082.02,USD,38.71,10.53,3.62,1.02,Consumer durables,italy,Consumer Durables,Buy,Buy,0.44,-0.93,4.20,20.02,14.99,12.28,-14.58,92.17,724.98,730.35,2.09,1.95,Neutral,Neutral,Buy,Buy,Sell,Sell,53.56,-5.45,9.71,-50.57,37.15,43.20,0.00,0.00,0.00,0.00,0.00,-0.37,279686.00,-25.58,357.05,0.00,545.00,-21.17,38.71,10.63,8.53,17.17,26.17,32.97,41.75,92495916109.96,11.01,36.98,28.23,361.24,351.84,342.41,320.45,314.08,463.14,537.13,385.33,467.07,11.57,2.86,2.79,8982667658.19,2139109182.50,2216282707.45
[object Object],CSX,CSX Corporation,NASDAQ,48.65,stock,common,100.00,1.00,false,0.00,USD,-0.10,9864395.00,1.03,90122903035.87,USD,28.10,1.73,6.40,1.13,Transportation,america,Transportation,Buy,Buy,-0.10,-5.11,-3.91,2.97,20.27,33.67,51.27,49.16,414.45,12336.25,2.46,1.90,Sell,Sell,Sell,Sell,Sell,Sell,35.48,-2.03,-0.53,-225.14,24.03,40.18,long_lower_shadow_bullish,48.75,0.10,0.25,3250.00,0.27,9864395.00,-38.14,48.61,-0.08,1926282.00,50.33,28.10,4.39,6.24,6.40,16.99,32.35,65.06,108095903035.87,7.45,21.12,15.96,50.80,50.76,50.04,47.72,43.01,53.78,60.00,32.00,54.00,2.01,0.52,0.54,15199253913.00,3894161834.00,3929108059.00
[object Object],MRSH,"Marsh & McLennan Companies, Inc.",NYSE,187.84,stock,common,100.00,1.00,false,0.00,USD,0.14,3011669.00,1.37,89639366431.24,USD,22.99,8.17,-1.91,1.97,Finance,america,Finance,Neutral,Neutral,0.14,-3.14,-1.69,16.82,1.93,1.86,-8.66,18.44,177.17,182507.23,2.00,1.81,Sell,Sell,Sell,Sell,Neutral,Neutral,48.97,-1.36,1.65,-82.72,37.06,48.63,0.00,0.00,0.00,0.00,0.00,0.50,3011669.00,45.89,187.84,0.00,855286.00,-11.37,22.99,0.00,3.23,5.91,17.83,18.99,53.26,110571366431.24,3.95,16.28,14.36,191.14,189.69,184.02,175.23,177.89,204.24,234.00,178.00,201.00,10.45,2.90,1.98,28575334268.00,7279532596.00,6657801084.00
[object Object],ICE,"Intercontinental Exchange, Inc.",NYSE,157.85,stock,common,100.00,1.00,false,0.00,USD,-1.10,3192881.00,0.98,88616120512.55,USD,22.29,7.08,35.92,1.25,Finance,america,Finance,StrongBuy,Strong buy,-1.10,-2.05,2.25,11.37,-3.78,-2.16,-10.09,30.52,179.31,1923.72,1.93,2.03,Buy,Buy,StrongBuy,Strong buy,Sell,Sell,56.96,0.61,7.64,23.32,64.96,77.19,0.00,0.00,0.00,0.00,0.00,-0.46,3192881.00,18.39,157.85,0.00,992510.00,-10.60,22.29,0.63,6.88,3.00,16.20,17.59,34.63,106664120512.55,8.12,17.62,14.03,160.83,154.78,146.52,148.61,155.11,186.43,232.00,163.00,181.00,8.12,1.84,1.90,11046015841.00,2630985298.00,2689875809.00
[object Object],BARC,Barclays PLC,LSE,483.45,stock,common,100.00,5.00,false,0.00,GBX,-0.55,37368297.00,1.12,88158599301.33,USD,9.58,0.67,18.46,2.37,Finance,uk,Finance,Buy,Buy,-0.55,-2.95,-6.45,5.02,14.87,1.30,31.00,163.60,179.29,201.91,2.00,1.81,Sell,Sell,StrongSell,Strong sell,Neutral,Neutral,36.97,-20.15,-19.00,-122.25,20.82,23.35,0.00,0.00,0.00,0.00,0.00,-0.57,37368297.00,-21.77,483.45,0.00,12989787.00,29.26,9.58,0.52,1.44,0.99,0.00,0.00,0.00,-226737542298.67,0.00,0.00,0.00,492.76,508.66,511.26,480.18,462.51,7.74,8.85,6.76,7.80,0.71,0.20,0.17,42426472673.31,10677256300.24,10296686263.76
[object Object],ELV,"Elevance Health, Inc.",NYSE,405.84,stock,common,100.00,1.00,false,0.00,USD,0.69,980897.00,1.16,88014235823.87,USD,18.04,22.50,-4.24,1.70,Health services,america,Health Services,Buy,Buy,0.69,1.71,7.98,1.41,41.65,15.71,27.03,6.02,227.03,4130.23,2.00,2.32,StrongBuy,Strong buy,StrongBuy,Strong buy,Buy,Buy,57.50,7.39,8.86,163.09,58.22,46.82,0.00,0.00,0.00,0.00,0.00,0.44,980897.00,-10.99,405.43,-0.10,296319.00,20.43,18.04,0.00,0.44,1.96,11.85,14.06,0.00,119197235823.87,0.59,0.00,0.00,399.58,391.85,395.27,386.55,358.44,445.57,492.00,393.00,455.00,27.15,6.21,4.66,197212386507.00,48876839049.00,49295773568.00
[object Object],REGN,"Regeneron Pharmaceuticals, Inc.",NASDAQ,852.03,stock,common,100.00,1.00,false,0.00,USD,3.42,749322.00,1.11,87720737732.53,USD,21.06,40.46,1.95,0.45,Health technology,america,Health Technology,Buy,Buy,3.42,2.93,10.72,35.66,12.85,10.05,46.77,24.66,115.84,3933.28,2.66,2.44,Buy,Buy,StrongBuy,Strong buy,Sell,Sell,70.10,11.19,46.16,139.15,64.02,43.59,rising_window_bullish,833.06,1.12,0.14,794.00,0.29,749322.00,9.74,852.43,0.05,156729.00,38.50,21.06,10.42,5.62,2.78,19.29,24.02,11.28,82422537732.53,5.31,19.75,17.53,821.44,779.85,729.31,701.81,730.81,846.12,1030.00,737.00,850.00,54.24,10.16,16.00,17015699490.00,3817252148.00,4542270822.00
[object Object],UPS,"United Parcel Service, Inc. Class B",NYSE,103.01,stock,common,100.00,1.00,false,0.00,USD,0.34,3130609.00,0.75,87639009791.40,USD,19.18,5.37,-20.14,6.39,Transportation,america,Transportation,Buy,Buy,0.34,-1.98,-2.54,-6.24,1.12,3.74,18.92,-47.69,-5.94,58.48,1.60,1.92,Sell,Sell,StrongSell,Strong sell,Neutral,Neutral,42.84,0.15,-2.40,-40.18,34.03,48.76,0.00,103.59,0.91,0.14,6632.00,0.62,3130609.00,-14.45,103.40,0.38,499240.00,20.84,19.18,0.00,0.97,5.82,9.89,16.06,18.84,111691009791.40,1.24,13.33,9.12,103.90,105.39,107.92,106.07,104.81,116.36,135.00,76.00,118.00,7.19,1.66,1.64,91452487720.00,21858106934.00,22148196163.00
[object Object],WM,"Waste Management, Inc.",NYSE,219.04,stock,common,100.00,1.00,false,0.00,USD,-0.33,2336689.00,1.11,87553614607.33,USD,31.01,7.06,4.82,1.61,Industrial services,america,Industrial Services,Buy,Buy,-0.33,-1.06,-3.52,-0.95,-10.62,-0.14,-3.26,40.50,242.36,4173.95,1.44,1.64,Sell,Sell,StrongSell,Strong sell,Sell,Sell,38.28,-6.04,-8.81,-134.70,18.76,16.14,doji,220.88,0.50,0.50,300.00,-0.32,2336689.00,6.81,219.60,0.26,321000.00,-3.39,31.01,6.45,3.45,8.83,13.52,24.67,155.73,110344614607.33,4.30,23.22,14.09,221.40,226.36,228.45,224.66,225.10,261.22,277.00,230.00,263.00,8.11,1.98,2.19,26377061533.00,6709225647.00,6799970503.00
[object Object],HCA,HCA Healthcare Inc,NYSE,402.06,stock,common,100.00,1.00,false,0.00,USD,-2.79,1534763.00,1.22,87046588398.43,USD,13.46,29.87,25.47,0.73,Health services,america,Health Services,Buy,Buy,-2.79,-5.95,-0.65,10.06,-24.28,-13.68,0.10,58.65,431.90,1188.65,2.60,2.60,StrongSell,Strong sell,StrongSell,Strong sell,Sell,Sell,43.98,-4.99,11.40,-109.73,30.04,39.68,0.00,418.45,1.18,1.18,100.00,-0.27,1534763.00,21.99,402.06,0.00,284078.00,-5.78,13.46,0.54,1.18,0.00,8.05,14.94,79.28,140901588398.43,1.81,11.67,8.95,418.79,409.35,402.09,409.40,452.67,453.00,579.00,380.00,442.50,29.47,7.56,6.71,78503335158.00,19756774446.00,19345597502.00
[object Object],MMM,3M Company,NYSE,168.75,stock,common,100.00,1.00,false,0.00,USD,-0.88,2174478.00,0.82,87028159851.17,USD,29.96,5.63,-21.67,1.80,Producer manufacturing,america,Producer Manufacturing,Buy,Buy,-0.88,-6.51,-5.20,10.11,9.50,5.40,9.61,4.00,12.56,4649.08,2.02,1.85,Sell,Sell,Sell,Sell,Sell,Sell,34.21,-11.91,-3.50,-225.89,3.40,6.23,0.00,171.38,0.67,0.67,600.00,0.45,2174478.00,-34.90,168.75,0.00,451876.00,6.85,29.96,0.00,3.53,29.48,17.99,22.12,26.47,96911159851.17,3.85,18.45,14.59,175.94,178.44,171.55,161.24,160.86,189.47,219.00,132.00,192.00,8.94,2.25,2.39,25426022515.00,6398083141.00,6613818752.00
[object Object],MNST,Monster Beverage Corporation,NASDAQ,44.42,stock,common,100.00,1.00,false,0.00,USD,-1.27,10509790.00,1.16,87021082328.39,USD,41.22,1.08,34.58,0.00,Consumer non-durables,america,Consumer Non-Durables,Buy,Buy,-1.27,-9.24,-8.74,-1.29,17.05,15.87,42.26,81.34,245.39,136358.59,2.14,2.40,Sell,Sell,StrongSell,Strong sell,Neutral,Neutral,36.00,-3.01,-1.19,-154.42,10.16,22.24,0.00,45.38,0.87,-0.07,4488.00,0.78,10509790.00,44.38,44.42,0.00,2328665.00,44.03,41.22,1.21,9.65,9.29,39.23,41.86,25.68,83601826328.39,9.07,31.10,29.77,46.96,46.99,47.54,44.82,41.70,51.14,57.00,42.00,50.50,1.16,0.29,0.30,9752981367.00,2428904018.00,2485457593.00
[object Object],MAR,"Marriott International, Inc. Class A",NASDAQ,333.14,stock,common,100.00,1.00,false,0.00,USD,-0.42,1255623.00,0.89,86871680808.51,USD,34.53,9.65,8.84,0.84,Consumer services,america,Consumer Services,Buy,Buy,-0.42,-6.96,-7.32,-13.06,2.51,7.27,25.75,146.33,366.58,1912.27,2.08,2.01,Sell,Sell,StrongSell,Strong sell,Neutral,Neutral,29.42,-26.81,-13.68,-240.54,2.64,11.48,0.00,337.66,0.93,0.18,1848.00,0.45,1255623.00,-25.09,333.14,0.00,330947.00,21.51,34.53,3.92,3.29,0.00,23.64,28.13,190.73,104183680808.51,3.87,24.61,23.10,350.40,358.05,363.71,367.74,344.24,384.58,425.00,280.00,394.00,11.71,3.08,2.82,27809473432.00,7192559810.00,6918745003.00
[object Object],LLOY,Lloyds Banking Group plc,LSE,110.45,stock,common,100.00,5.00,false,0.00,GBX,-0.09,116961152.00,1.00,86505774424.57,USD,13.86,0.11,0.00,3.63,Finance,uk,Finance,Buy,Buy,-0.09,-1.38,-4.95,11.07,13.17,12.43,37.51,151.14,81.18,-15.05,1.87,1.59,Sell,Sell,Sell,Sell,Neutral,Neutral,43.87,-2.30,-2.68,-69.97,23.96,18.83,spinning_top_black,0.00,0.00,0.00,0.00,0.05,116961152.00,-26.66,110.45,0.00,30653751.00,37.46,13.86,0.00,1.91,1.55,0.00,0.00,0.00,221796579124.57,8.10,0.00,0.00,110.63,113.29,112.69,106.42,102.46,1.71,1.89,1.26,1.72,0.14,0.03,0.04,28308290788.02,6789607413.26,7285469779.47
[object Object],SLB,SLB Limited,NYSE,58.13,stock,common,100.00,1.00,false,0.00,USD,1.71,14001587.00,0.98,86273252945.16,USD,28.22,2.06,-29.43,2.03,Industrial services,america,Industrial Services,Buy,Buy,1.71,10.62,18.58,2.00,22.61,51.34,58.48,105.33,-25.89,8143.15,4.78,3.27,Buy,Buy,StrongBuy,Strong buy,Buy,Buy,64.90,4.58,5.15,148.03,77.03,85.08,0.00,56.94,-0.37,0.00,12166.00,-0.87,14001587.00,-24.20,58.32,0.33,1626308.00,58.18,28.22,0.00,2.37,3.31,13.40,18.22,21.50,96180252945.16,2.65,18.95,12.85,55.60,52.76,50.37,52.51,48.85,62.15,71.00,43.00,63.00,2.48,0.51,0.62,37004714543.00,8667176601.00,9265998869.00
[object Object],PRX,Prosus N.V. Class N,EURONEXT,36.85,stock,common,1000.00,5.00,false,0.00,EUR,-1.33,2067081.00,0.65,86238149304.66,USD,8.03,5.30,-4.52,0.54,Technology services,netherlands,Technology Services,Buy,Buy,-1.33,-3.27,-9.15,-9.00,-14.02,-31.47,-29.42,3.88,5.70,5.70,2.06,2.57,StrongSell,Strong sell,StrongSell,Strong sell,Sell,Sell,39.82,-1.04,-0.99,-89.95,25.58,30.18,0.00,0.00,0.00,0.00,0.00,-0.80,2067081.00,-27.11,36.85,0.00,859979.00,-33.56,8.03,0.00,9.59,1.70,57.38,61.10,5.79,88226137015.14,9.13,290.37,107.01,37.90,38.85,38.83,39.53,43.76,68.97,91.36,45.01,70.43,4.22,1.99,2.10,12431798602.46,5645526000.00,5819552000.00
[object Object],EL,EssilorLuxottica SA,EURONEXT,158.70,stock,common,100.00,5.00,false,0.00,EUR,-0.53,795604.00,1.25,85639616068.17,USD,29.65,6.11,3.83,2.51,Health technology,france,Health Technology,StrongBuy,Strong buy,-0.53,-0.31,-3.64,-6.65,-26.66,-40.89,-38.58,-6.23,35.76,2866.36,1.84,2.38,StrongSell,Strong sell,StrongSell,Strong sell,Sell,Sell,40.43,-4.75,-4.86,-88.17,30.25,27.97,doji,0.00,0.00,0.00,0.00,-0.56,795604.00,35.48,158.70,0.00,330166.00,-37.79,29.65,7.78,2.53,1.86,13.95,17.82,38.17,101979558308.17,3.05,24.67,13.23,160.19,164.34,166.23,172.84,211.85,287.70,418.47,201.70,289.80,8.61,4.43,4.05,35604383042.26,17037484875.67,18360897269.80
[object Object],MCO,Moody's Corporation,NYSE,490.00,stock,common,100.00,1.00,false,0.00,USD,-0.95,661738.00,0.90,84867997038.47,USD,31.07,15.77,34.03,0.81,Commercial services,america,Commercial Services,Buy,Buy,-0.95,-4.35,1.21,7.63,5.61,-3.87,-2.65,27.54,347.98,6463.90,2.18,2.13,Neutral,Neutral,Neutral,Neutral,Sell,Sell,47.42,-7.03,13.87,-20.08,46.16,62.77,0.00,0.00,0.00,0.00,0.00,-0.45,661738.00,-31.89,490.00,0.00,125825.00,-4.19,31.07,0.92,10.58,28.05,25.76,28.82,57.16,91034997038.47,11.16,24.25,21.43,505.44,489.33,487.05,468.78,472.83,564.95,610.00,505.00,573.50,16.94,4.26,4.26,8280827226.00,2087313642.00,2072642136.00
[object Object],CDNS,"Cadence Design Systems, Inc.",NASDAQ,306.67,stock,common,100.00,1.00,false,0.00,USD,-2.03,2560127.00,1.20,84454775262.89,USD,61.01,5.03,36.00,0.00,Technology services,america,Technology Services,StrongBuy,Strong buy,-2.03,-6.65,-10.80,-24.79,3.97,-2.86,-10.84,86.20,1106.89,16566.85,3.93,3.19,Sell,Sell,StrongSell,Strong sell,Neutral,Neutral,36.23,-8.31,-1.12,-146.51,28.88,55.66,0.00,311.05,-0.64,-0.18,3677.00,-0.13,2560127.00,12.05,306.72,0.02,581900.00,-7.71,61.01,1.73,14.81,12.31,45.66,50.45,55.28,85404940262.89,14.63,46.59,39.61,326.15,329.49,344.50,351.32,327.27,410.77,470.00,300.00,420.00,8.14,2.05,2.04,6319378822.00,1576923481.00,1611868113.00
[object Object],JCI,Johnson Controls International plc,NYSE,139.25,stock,common,100.00,1.00,false,0.00,USD,0.00,2502031.00,0.90,84349506119.00,USD,24.21,5.75,70.85,1.15,Producer manufacturing,america,Producer Manufacturing,Buy,Buy,0.00,-2.43,-5.07,-4.30,2.99,15.60,32.54,86.44,239.81,37363.33,1.91,2.43,Neutral,Neutral,StrongSell,Strong sell,Buy,Buy,38.79,-5.69,-5.73,-100.83,6.63,5.47,hammer_bullish,139.95,0.50,0.50,100.00,0.54,2502031.00,-20.85,139.25,0.00,524744.00,21.65,24.21,0.34,3.40,6.26,41.80,51.20,131.08,93209506119.00,3.73,25.91,21.31,141.39,146.22,144.59,143.14,134.46,167.00,190.00,130.00,162.00,5.07,1.30,1.57,25573261400.00,6463153955.00,7020094211.00
[object Object],IFX,Infineon Technologies AG,XETR,55.77,stock,common,100.00,1.00,false,0.00,EUR,0.41,2683088.00,0.74,83784393640.15,USD,61.12,1.04,76.26,0.63,Electronic technology,germany,Electronic Technology,Buy,Buy,0.41,1.20,-12.03,-35.89,33.84,47.87,62.31,52.38,276.70,-10.87,3.59,3.79,Sell,Sell,StrongSell,Strong sell,Buy,Buy,39.34,0.79,-3.77,-65.28,17.92,21.31,spinning_top_white,55.34,-0.36,-0.68,277.00,-0.22,2683088.00,-5.03,55.86,0.16,1306178.00,67.72,61.12,0.80,4.69,4.17,21.83,44.62,44.32,90949347030.15,5.11,38.88,20.27,55.74,59.23,64.64,66.43,53.16,102.57,143.74,57.96,105.49,2.05,0.51,0.72,19175132582.08,4718427044.56,5425550330.76
[object Object],EMR,Emerson Electric Co.,NYSE,148.98,stock,common,100.00,1.00,false,0.00,USD,0.91,2885735.00,1.40,83101044930.43,USD,32.55,4.58,-1.70,1.50,Electronic technology,america,Electronic Technology,Buy,Buy,0.91,-4.24,-1.09,5.06,7.23,11.82,14.36,42.46,181.04,7253.33,2.47,2.64,Neutral,Neutral,Sell,Sell,Neutral,Neutral,42.04,-8.62,-0.30,-199.80,6.71,8.41,spinning_top_white,148.22,0.40,0.40,200.00,0.26,2885735.00,6.86,148.98,0.00,490987.00,11.37,32.55,0.00,4.45,4.08,21.37,24.16,38.35,94738044930.43,5.08,24.68,17.80,154.47,155.53,149.10,145.04,142.47,175.89,205.00,135.00,179.50,6.56,1.68,1.85,18876574924.00,4804533720.00,5099060319.00
[object Object],CVNA,Carvana Co. Class A,NYSE,74.16,stock,common,100.00,1.00,false,0.00,USD,2.74,7097253.00,0.88,81610395594.99,USD,34.40,2.16,169.88,0.00,Retail trade,america,Retail Trade,Buy,Buy,2.74,-2.24,16.90,15.71,15.51,-12.07,2.42,11.43,2646.67,2646.67,3.63,4.63,StrongBuy,Strong buy,StrongBuy,Strong buy,Neutral,Neutral,55.96,3.72,4.79,60.58,70.65,72.19,0.00,71.82,-0.50,-0.35,23414.00,-0.33,7097253.00,26.25,74.20,0.05,1300987.00,0.11,34.40,0.20,2.13,13.24,49.00,59.07,16.91,85292395594.99,3.40,38.11,33.98,73.14,69.62,68.49,70.31,72.93,82.97,120.00,60.00,83.00,1.62,0.39,0.44,28899782258.00,6897393966.00,7606463373.00
[object Object],AMT,American Tower Corporation,NYSE,172.92,stock,common,100.00,1.00,false,0.00,USD,-1.76,2578997.00,1.35,80573814232.22,USD,23.78,7.27,164.02,3.97,Finance,america,Finance,StrongBuy,Strong buy,-1.76,-3.93,-1.00,-7.63,-7.97,-1.34,-14.65,-42.37,49.58,895.22,2.02,2.36,StrongSell,Strong sell,StrongSell,Strong sell,Sell,Sell,48.02,-1.57,2.67,-14.87,45.32,52.42,0.00,0.00,0.00,0.00,0.00,-0.07,2578997.00,7.94,172.92,0.00,564397.00,-12.63,23.78,0.15,7.50,21.66,13.96,20.36,42.60,130193914232.22,11.90,26.35,18.57,175.92,173.13,170.91,176.25,177.70,215.73,260.00,188.00,210.00,6.97,1.57,1.64,11027433605.00,2699481153.00,2759901453.00
[object Object],SHW,Sherwin-Williams Company,NYSE,331.25,stock,common,100.00,1.00,false,0.00,USD,0.39,1396154.00,0.87,80413644618.16,USD,30.54,10.85,7.71,0.97,Process industries,america,Process Industries,Buy,Buy,0.39,-5.89,-4.98,10.04,0.11,2.47,-8.36,8.03,250.69,66150.00,1.72,1.94,Sell,Sell,StrongSell,Strong sell,Neutral,Neutral,39.00,-22.34,-6.17,-149.82,4.27,7.75,0.00,330.51,0.17,0.17,165.00,1.22,1396154.00,-5.15,331.25,0.00,292501.00,-10.99,30.54,3.95,3.33,20.86,20.97,25.36,277.64,95151844618.16,3.90,23.58,19.98,342.94,348.13,343.13,329.76,334.13,393.43,420.00,360.00,396.00,12.11,3.52,3.70,25144564897.00,6602129172.00,6787972307.00
[object Object],ENI,Eni S.p.A.,MIL,23.81,stock,common,1000.00,5.00,false,0.00,EUR,0.61,7330108.00,0.90,80233727722.29,USD,13.92,1.95,116.81,4.44,Energy minerals,italy,Energy Minerals,Buy,Buy,0.61,3.30,1.19,2.41,18.05,47.25,56.15,123.99,76.37,339.07,1.70,1.98,StrongBuy,Strong buy,StrongBuy,Strong buy,Neutral,Neutral,56.56,-0.12,0.01,29.71,47.94,31.46,0.00,0.00,0.00,0.00,0.00,1.20,7330108.00,-15.56,23.81,0.00,50230.00,49.99,13.92,0.12,0.86,1.51,5.48,20.02,4.74,118291094612.29,1.25,16.99,7.92,23.48,23.46,22.47,22.72,20.66,29.95,35.03,22.19,30.36,3.11,0.82,0.88,112811807323.70,32921650334.84,31711333157.59
[object Object],BA.,BAE Systems plc,LSE,1987.50,stock,common,1.00,1.00,false,0.00,GBX,-1.46,4000251.00,0.79,79823948839.54,USD,28.46,0.93,7.38,1.80,Electronic technology,uk,Electronic Technology,Buy,Buy,-1.46,-4.45,-6.82,4.61,-8.24,15.99,10.97,250.53,267.72,5096.08,2.36,2.05,Sell,Sell,StrongSell,Strong sell,Sell,Sell,34.61,-237.50,-36.05,-157.07,5.27,8.05,0.00,0.00,0.00,0.00,0.00,-0.20,4000251.00,-24.03,1987.50,0.00,2306840.00,14.31,28.46,3.91,2.07,4.70,11.06,13.28,13.77,86539909839.54,2.22,24.49,16.99,2085.45,2116.85,2020.98,2004.26,1988.39,31.75,35.46,23.01,32.48,1.13,0.49,0.62,44800084270.60,20806681867.65,23874352976.60
[object Object],SNPS,"Synopsys, Inc.",NASDAQ,415.97,stock,common,100.00,1.00,false,0.00,USD,0.28,1269084.00,0.61,79715095569.72,USD,73.49,5.66,-55.68,0.00,Technology services,america,Technology Services,Buy,Buy,0.28,2.68,5.52,-16.86,-3.84,-13.15,-29.38,24.20,605.51,5738.18,5.13,3.31,Sell,Sell,Sell,Sell,Buy,Buy,50.20,14.73,31.51,4.65,45.99,60.93,0.00,414.00,-0.20,-0.20,7357.00,-0.25,1269084.00,-37.91,415.50,-0.11,233098.00,-27.43,73.49,0.00,8.48,2.56,27.23,29.11,22.15,86944801569.72,9.24,76.36,28.77,418.70,404.91,414.79,448.31,447.04,550.94,633.00,420.00,565.00,15.11,3.67,4.13,9718162008.00,2437656923.00,2558302532.00
[object Object],MDLZ,"Mondelez International, Inc. Class A",NASDAQ,62.45,stock,common,100.00,1.00,false,0.00,USD,1.36,6042332.00,0.84,79705434352.67,USD,22.91,2.73,-0.44,3.25,Consumer non-durables,america,Consumer Non-Durables,Buy,Buy,1.36,-0.86,-1.42,0.81,7.63,15.78,1.41,-0.08,38.35,203.01,1.94,1.87,Neutral,Neutral,Buy,Buy,Sell,Sell,49.89,-1.71,-0.10,-54.20,18.88,23.20,0.00,61.68,0.11,0.00,1829.00,0.06,6042332.00,-22.03,62.55,0.15,1001786.00,-1.65,22.91,0.00,2.00,3.00,18.12,26.05,45.69,100058434352.67,2.52,15.92,13.04,63.02,62.59,61.53,61.03,59.05,69.05,74.00,55.00,70.00,3.05,0.68,0.72,40209506338.00,9205897920.00,9991604133.00
[object Object],CTAS,Cintas Corporation,NASDAQ,198.09,stock,common,100.00,1.00,false,0.00,USD,-1.25,2173173.00,1.28,79269585834.11,USD,40.36,4.91,11.52,0.93,Commercial services,america,Commercial Services,Buy,Buy,-1.25,-3.31,-4.52,10.82,-3.34,5.60,-4.55,98.80,571.49,83183.76,1.38,1.73,Sell,Sell,Sell,Sell,Sell,Sell,44.11,-4.99,-1.54,-148.43,33.21,49.10,0.00,0.00,0.00,0.00,0.00,0.00,2173173.00,42.72,198.09,0.00,432886.00,-3.07,40.36,3.55,7.20,15.42,35.30,42.74,277.11,81686524834.11,7.25,31.17,26.07,203.40,204.11,196.05,184.59,186.69,217.40,250.00,175.00,225.00,5.50,1.24,1.35,12215977012.00,2872591073.00,2977671385.00
[object Object],MSI,"Motorola Solutions, Inc.",NYSE,478.92,stock,common,100.00,1.00,false,0.00,USD,-2.51,1281868.00,1.24,79258276866.75,USD,37.72,12.70,2.19,0.96,Electronic technology,america,Electronic Technology,Buy,Buy,-2.51,-0.75,9.20,16.02,2.92,24.94,1.91,95.07,514.63,33438.94,1.65,2.38,Buy,Buy,StrongBuy,Strong buy,Sell,Sell,58.71,-1.92,32.33,57.51,77.83,84.23,engulfing_bearish,0.00,0.00,0.00,0.00,0.08,1281868.00,27.63,480.71,0.37,382306.00,1.87,37.72,17.71,6.71,29.66,26.93,29.91,112.78,88183276866.75,7.21,28.49,23.85,483.63,460.78,441.77,429.31,421.75,530.50,550.00,476.00,530.00,17.70,3.85,4.42,12972252979.00,3001855778.00,3253389429.00
[object Object],NG.,National Grid plc,LSE,1147.50,stock,common,10.00,5.00,false,0.00,GBX,-1.42,14414566.00,1.62,79067737614.50,USD,17.60,0.86,8.18,4.17,Utilities,uk,Utilities,Neutral,Neutral,-1.42,-3.45,-3.12,-3.65,-14.94,0.83,12.94,31.75,19.24,165.64,2.13,1.78,StrongSell,Strong sell,StrongSell,Strong sell,Sell,Sell,37.12,-63.50,-28.81,-173.84,17.17,19.28,0.00,0.00,0.00,0.00,0.00,0.56,14414566.00,58.35,1147.50,0.00,5817043.00,16.71,17.60,2.18,3.27,1.45,9.16,0.00,20.19,138468183014.50,5.92,20.77,14.37,1171.55,1191.90,1210.48,1231.25,1234.13,17.99,20.27,14.32,18.41,1.19,0.64,0.47,26124597577.11,16066999710.00,10291603498.80
[object Object],ECL,Ecolab Inc.,NYSE,279.90,stock,common,100.00,1.00,false,0.00,USD,-0.12,1382282.00,0.88,78463970316.03,USD,37.55,7.45,-0.32,1.01,Process industries,america,Process Industries,Buy,Buy,-0.12,-3.63,-0.12,8.01,-1.25,7.16,1.69,24.09,128.04,12604.68,1.78,1.86,Sell,Sell,Sell,Sell,Neutral,Neutral,47.97,-5.72,5.00,-33.40,35.39,45.17,0.00,279.91,-0.12,-0.62,506.00,0.51,1382282.00,1.90,285.21,1.90,360690.00,0.80,37.55,0.00,4.70,7.80,25.84,42.14,15.38,87276370316.03,5.18,28.45,21.29,284.62,281.03,278.79,269.88,272.64,326.14,360.00,295.00,330.00,8.16,2.08,2.17,17867108860.00,4382614100.00,4697378826.00
[object Object],G,Assicurazioni Generali S.p.A.,MIL,44.11,stock,common,100.00,1.00,false,0.00,EUR,-0.02,1473991.00,0.57,78163029277.35,USD,14.98,3.36,18.12,3.72,Finance,italy,Finance,Neutral,Neutral,-0.02,0.94,0.25,13.69,29.39,23.32,31.63,154.24,280.26,190.96,1.24,1.41,StrongBuy,Strong buy,StrongBuy,Strong buy,Buy,Buy,55.73,1.24,0.53,33.83,77.29,77.48,0.00,0.00,0.00,0.00,0.00,0.14,1473991.00,-13.61,0.00,0.00,0.00,32.70,14.98,0.83,0.95,2.08,3.02,3.06,0.00,129476893007.35,1.60,0.00,0.00,43.78,43.88,43.26,41.23,37.92,48.57,84.56,33.01,48.07,3.79,1.83,1.81,122134945880.00,0.00,0.00
[object Object],EOG,"EOG Resources, Inc.",NYSE,148.96,stock,common,100.00,1.00,false,0.00,USD,0.41,3295713.00,1.16,78133869093.80,USD,11.59,12.85,25.00,2.75,Energy minerals,america,Energy Minerals,Buy,Buy,0.41,3.44,2.72,6.20,12.16,41.87,19.67,122.33,68.68,5858.40,1.96,2.32,Buy,Buy,StrongBuy,Strong buy,Neutral,Neutral,57.43,-0.52,1.59,57.55,51.84,41.44,0.00,147.82,-0.36,0.39,2443.00,-0.65,3295713.00,-12.90,148.90,-0.04,495523.00,13.02,11.59,0.46,2.94,2.46,5.90,11.90,16.06,81476869093.80,3.05,8.69,5.68,147.72,144.69,141.07,138.55,128.33,161.93,193.00,138.00,157.50,16.56,4.97,3.98,28206278972.00,8044916167.00,6851501090.00
[object Object],APO,Apollo Global Management Inc,NYSE,132.29,stock,common,100.00,1.00,false,0.00,USD,0.46,2116255.00,0.82,78122963081.30,USD,50.04,2.64,-50.12,1.63,Finance,america,Finance,Buy,Buy,0.46,-0.82,4.33,5.50,23.18,-8.77,-1.53,115.95,612.77,607.43,2.83,3.33,Buy,Buy,Buy,Buy,Buy,Buy,50.95,-1.34,4.56,-38.26,25.06,32.08,0.00,130.55,-0.87,-1.28,1580.00,-0.33,2116255.00,-17.86,132.29,0.00,425102.00,-0.50,50.04,0.00,2.23,3.89,8.04,8.04,2.82,85058963081.30,2.36,11.07,9.16,133.14,131.09,126.50,127.79,127.70,154.47,173.00,130.00,157.00,8.77,2.16,2.27,23134770242.00,5648931264.00,5898045399.00
[object Object],LITE,"Lumentum Holdings, Inc.",NASDAQ,870.58,stock,common,100.00,1.00,false,0.00,USD,0.19,2785501.00,0.72,78091024440.08,USD,0.00,-82.23,-34971.97,0.00,Producer manufacturing,america,Producer Manufacturing,StrongBuy,Strong buy,0.19,-1.07,26.97,-3.28,42.61,129.47,580.83,891.21,2405.27,4580.54,5.17,8.00,Neutral,Neutral,Buy,Buy,Neutral,Neutral,50.76,42.98,69.67,-33.42,46.60,53.63,spinning_top_white,868.41,-0.06,-1.21,74019.00,-0.14,2785501.00,-27.44,865.97,-0.53,351985.00,741.23,0.00,0.00,24.39,16.61,98.02,245.42,26.90,77023824440.08,25.56,142.85,95.84,890.62,836.77,815.91,860.04,678.95,1142.92,1400.00,820.00,1150.00,21.52,2.97,4.21,6231075979.00,987695457.00,1251266356.00
[object Object],MUV2,Munchener Ruckversicherungs-Gesellschaft AG,XETR,523.20,stock,common,10.00,2.00,false,0.00,EUR,-0.27,258863.00,1.15,77211929807.30,USD,9.75,61.31,39.07,4.57,Finance,germany,Finance,Neutral,Neutral,-0.27,0.93,0.81,19.18,-1.47,-6.94,-3.29,111.52,217.09,717.47,1.29,1.60,StrongBuy,Strong buy,StrongBuy,Strong buy,Neutral,Neutral,58.58,8.60,3.52,168.14,76.36,67.48,0.00,522.20,-0.46,-0.27,1142.00,0.19,258863.00,-20.57,523.60,0.08,90581.00,-4.31,9.75,0.25,0.94,1.96,0.00,0.00,0.00,85971928637.30,1.06,0.00,0.00,518.02,517.68,510.84,500.68,518.19,647.33,770.27,555.98,651.54,60.02,16.31,12.36,73907378522.08,18730114680.05,18572529657.27
[object Object],ITW,Illinois Tool Works Inc.,NYSE,269.09,stock,common,100.00,1.00,false,0.00,USD,-0.29,1670247.00,1.81,76636830101.57,USD,24.39,11.03,-3.18,2.39,Producer manufacturing,america,Producer Manufacturing,Neutral,Neutral,-0.29,-4.92,-6.73,6.06,-4.24,9.10,2.21,15.92,126.39,28602.93,1.99,1.80,Sell,Sell,StrongSell,Strong sell,Sell,Sell,32.68,-15.16,-9.04,-192.47,6.26,6.34,hammer_bullish,0.00,0.00,0.00,0.00,0.24,1670247.00,53.80,269.09,0.00,384528.00,0.54,24.39,0.00,4.70,26.48,23.19,26.44,92.05,85492830101.57,5.19,19.59,17.95,279.23,286.19,280.08,269.01,266.61,305.92,350.00,267.00,300.00,11.43,2.79,2.96,16829967861.00,4189261791.00,4252864828.00
[object Object],TRV,"Travelers Companies, Inc.",NYSE,366.18,stock,common,100.00,1.00,false,0.00,USD,0.62,1177894.00,0.75,76376000787.98,USD,9.81,37.35,65.14,1.25,Finance,america,Finance,Neutral,Neutral,0.62,-1.57,-2.89,24.29,20.15,26.88,34.99,129.26,207.97,8151.94,1.36,1.67,Buy,Buy,Buy,Buy,Neutral,Neutral,49.31,3.96,-5.55,-72.38,38.70,41.83,doji,365.51,0.44,0.44,57.00,0.63,1177894.00,-30.79,367.68,0.41,218238.00,23.34,9.81,0.15,1.59,2.31,7.09,7.09,0.00,85444000787.98,1.74,0.00,0.00,367.47,374.18,361.05,331.37,311.56,366.08,430.00,297.00,368.00,34.08,5.41,6.77,43950523152.00,11257970125.00,11313606000.00
[object Object],CMI,Cummins Inc.,NYSE,550.90,stock,common,100.00,1.00,false,0.00,USD,-0.05,1357369.00,1.42,75839370761.04,USD,28.15,19.57,-7.96,1.49,Producer manufacturing,america,Producer Manufacturing,Buy,Buy,-0.05,-4.82,-13.49,-18.06,1.81,7.92,40.22,133.64,338.58,12767.74,2.72,2.94,Sell,Sell,StrongSell,Strong sell,Buy,Buy,26.07,-57.47,-57.81,-116.84,5.22,5.10,0.00,546.35,-0.87,-0.03,1976.00,-1.12,1357369.00,23.17,550.90,0.00,231184.00,39.33,28.15,0.00,2.20,5.90,16.42,22.66,19.44,81260370761.04,2.34,20.47,15.97,570.85,615.90,639.07,652.59,599.12,781.63,894.00,675.00,782.00,29.54,7.21,8.20,37614342811.00,9330272673.00,9820916609.00
[object Object],DDOG,"Datadog, Inc. Class A",NASDAQ,209.23,stock,common,100.00,1.00,false,0.00,USD,-6.53,6119768.00,1.74,75129269927.87,USD,427.44,0.49,41.43,0.00,Technology services,america,Technology Services,StrongBuy,Strong buy,-6.53,-5.09,-23.13,-16.33,73.97,52.44,55.58,53.14,418.54,418.54,5.42,5.67,Sell,Sell,StrongSell,Strong sell,Sell,Sell,36.26,-24.29,-14.71,-194.83,20.25,34.65,falling_window_bearish,218.22,-2.51,-0.80,34196.00,-1.96,6119768.00,78.32,217.75,4.07,777319.00,71.12,427.44,11.04,20.94,17.20,63.16,65.67,15.57,71421632927.87,18.01,3752.32,429.16,229.46,246.02,249.55,220.08,176.06,287.70,330.00,158.00,295.00,2.53,0.58,0.64,4469918875.00,1079748993.00,1143776855.00
[object Object],DBK,Deutsche Bank Aktiengesellschaft,XETR,34.88,stock,common,1000.00,5.00,false,0.00,EUR,1.06,5848664.00,1.12,74937990126.42,USD,10.55,3.77,9.31,2.90,Finance,germany,Finance,Buy,Buy,1.06,2.62,8.24,28.90,24.29,5.33,15.33,229.57,190.22,77.51,2.11,1.94,Buy,Buy,StrongBuy,Strong buy,Neutral,Neutral,68.55,2.27,2.02,137.66,85.29,87.47,spinning_top_black,34.80,0.85,0.61,21304.00,1.42,5848664.00,9.81,34.94,0.19,1811327.00,13.02,10.55,1.12,2.02,0.96,0.00,0.00,0.00,100437851746.42,1.45,0.00,0.00,33.89,32.82,32.08,30.06,30.13,41.50,50.71,35.93,41.73,3.91,0.84,0.99,38954515933.26,9295052888.50,9528017718.61
[object Object],FDX,FedEx Corporation,NYSE,316.54,stock,common,100.00,1.00,false,0.00,USD,-2.57,1278359.00,0.91,74915662417.11,USD,17.08,18.54,9.93,1.71,Transportation,america,Transportation,Buy,Buy,-2.57,-5.18,2.93,-3.54,7.71,36.05,73.94,47.61,137.52,41142.38,2.16,2.43,Sell,Sell,StrongSell,Strong sell,Sell,Sell,41.60,-11.84,5.87,-115.76,19.28,33.21,0.00,324.93,0.02,0.01,222.00,0.18,1278359.00,-29.53,316.75,0.07,251974.00,45.36,17.08,1.77,0.83,2.40,8.55,14.91,5.63,104311662417.11,1.10,15.75,9.49,328.60,322.29,319.43,317.87,290.44,368.13,479.00,269.76,362.50,17.75,4.56,3.41,92070391973.00,22700356658.00,23211645093.00
[object Object],CI,Cigna Group,NYSE,282.84,stock,common,100.00,1.00,false,0.00,USD,-0.08,1340180.00,0.91,74737784930.51,USD,11.70,24.18,32.04,2.17,Health services,america,Health Services,Buy,Buy,-0.08,1.12,1.36,2.11,0.16,2.23,-6.12,33.72,119.97,4771.98,1.65,2.14,Buy,Buy,StrongBuy,Strong buy,Buy,Buy,52.55,5.39,-1.44,163.41,56.99,50.01,doji,283.82,0.27,0.69,476.00,0.01,1340180.00,2.71,282.84,0.00,308198.00,-6.82,11.70,0.37,0.26,1.75,7.26,8.19,0.00,106905784930.51,0.38,0.00,0.00,279.11,280.94,283.31,283.68,279.44,341.17,400.00,297.00,340.00,30.50,7.60,7.51,287327808900.00,70142525071.00,72647737129.00
[object Object],GM,General Motors Company,NYSE,84.87,stock,common,100.00,1.00,false,0.00,USD,-0.89,5853065.00,1.00,74469309648.45,USD,42.81,1.98,-68.57,0.77,Consumer durables,america,Consumer Durables,Buy,Buy,-0.89,-1.29,-5.18,3.42,13.55,4.25,47.50,72.68,166.38,142.49,2.27,2.33,Sell,Sell,Sell,Sell,Sell,Sell,47.58,-0.09,0.65,-98.26,39.66,43.30,spinning_top_black,85.70,0.08,-0.14,3639.00,0.01,5853065.00,9.19,84.88,0.01,1034822.00,34.83,42.81,0.00,0.42,1.23,3.33,127.45,2.79,176089309648.45,0.95,97.07,11.73,86.25,86.66,82.97,81.06,79.68,103.26,132.00,61.00,102.00,13.39,3.19,3.61,185848285092.00,47011489804.00,48747821695.00
[object Object],DG,VINCI SA,EURONEXT,111.60,stock,common,100.00,5.00,false,0.00,EUR,-2.19,990699.00,1.04,74455893398.72,USD,12.39,10.28,8.24,4.38,Industrial services,france,Industrial Services,Buy,Buy,-2.19,-6.69,-10.29,-9.56,-15.52,-6.26,-3.04,20.38,61.48,982.44,2.35,1.62,StrongSell,Strong sell,StrongSell,Strong sell,Sell,Sell,27.62,-8.75,-5.92,-163.27,3.86,4.39,0.00,0.00,0.00,0.00,0.00,-0.35,990699.00,20.97,111.60,0.00,484830.00,1.68,12.39,1.54,0.84,2.02,5.16,7.57,4.03,107131141118.72,1.23,10.05,6.87,116.45,120.18,121.17,124.33,125.12,166.63,189.53,137.94,168.08,10.83,4.05,6.62,89980241333.19,40049102633.75,47526143171.98
[object Object],NOC,Northrop Grumman Corp.,NYSE,523.82,stock,common,100.00,1.00,false,0.00,USD,-1.71,739017.00,1.08,74415454749.50,USD,16.61,31.54,15.97,1.79,Electronic technology,america,Electronic Technology,Buy,Buy,-1.71,-3.55,-4.07,-1.63,-29.43,-8.04,-11.50,43.51,146.85,24355.48,1.75,2.06,StrongSell,Strong sell,StrongSell,Strong sell,Sell,Sell,36.09,-59.02,-11.93,-140.74,3.05,5.83,0.00,534.00,0.20,0.20,2508.00,0.36,739017.00,47.98,525.50,0.32,138843.00,-10.28,16.61,1.06,1.77,4.16,14.69,20.46,32.33,89160454749.50,2.08,19.39,14.56,544.38,555.31,542.94,555.63,603.29,652.96,815.00,538.00,646.50,28.94,6.82,7.17,44065953139.00,10801413407.00,11134636398.00
[object Object],TGT,Target Corporation,NYSE,163.36,stock,common,100.00,1.00,false,0.00,USD,-0.24,2799199.00,0.49,74213917558.36,USD,16.95,9.64,12.34,2.80,Retail trade,america,Retail Trade,Neutral,Neutral,-0.24,-0.19,10.74,29.09,37.08,66.85,71.72,-33.68,132.24,22224.14,2.26,2.91,Buy,Buy,StrongBuy,Strong buy,Sell,Sell,61.96,4.36,12.30,71.07,67.05,67.87,0.00,163.84,0.05,-0.29,2393.00,0.16,2799199.00,-29.72,163.46,0.06,543038.00,77.10,16.95,1.38,0.69,4.16,8.55,16.74,13.78,87892917558.36,0.82,14.22,9.40,163.82,153.39,146.08,136.44,121.75,163.42,200.00,125.00,160.00,10.08,2.35,2.05,109970990608.00,26132443365.00,26370389396.00
[object Object],NSC,Norfolk Southern Corporation,NYSE,330.06,stock,common,100.00,1.00,false,0.00,USD,-0.87,1143121.00,0.97,74134236012.75,USD,28.18,11.71,-20.86,1.62,Transportation,america,Transportation,Neutral,Neutral,-0.87,-5.89,-1.91,6.57,7.16,14.25,18.74,30.64,250.72,9293.20,2.10,1.80,Sell,Sell,Sell,Sell,Sell,Sell,39.42,-15.65,0.77,-128.01,20.59,40.40,0.00,333.69,0.22,0.22,40.00,0.28,1143121.00,-26.97,330.06,0.00,268375.00,19.80,28.18,0.00,5.97,4.56,19.90,45.53,69.47,89681236012.75,7.15,22.28,16.49,345.67,341.39,334.34,322.36,308.48,366.76,414.00,297.00,376.00,12.98,3.32,3.59,13253939229.00,3377964312.00,3451205479.00
[object Object],ROST,"Ross Stores, Inc.",NASDAQ,230.85,stock,common,100.00,1.00,false,0.00,USD,0.70,2175831.00,0.65,74052311067.08,USD,27.89,8.28,31.42,0.74,Retail trade,america,Retail Trade,Buy,Buy,0.70,-4.80,-9.91,-0.99,8.38,27.83,57.72,96.72,269.60,41517.99,2.20,2.34,Sell,Sell,Sell,Sell,Neutral,Neutral,41.96,-3.84,-12.05,-84.16,19.47,12.19,spinning_top_white,232.32,1.34,1.34,400.00,0.51,2175831.00,1.06,230.45,-0.17,821615.00,49.49,27.89,0.88,2.99,10.94,20.15,26.43,17.11,74482010067.08,3.04,22.10,19.05,233.41,242.45,234.14,230.31,211.91,275.47,310.00,234.00,285.00,8.49,1.95,1.84,25716429673.00,6160906587.00,6208240590.00
[object Object],NWG,NatWest Group Plc,LSE,686.60,stock,common,10.00,2.00,false,0.00,GBX,0.56,14563767.00,1.02,73260446587.78,USD,9.22,0.99,24.79,5.13,Finance,uk,Finance,Buy,Buy,0.56,-1.12,-4.27,15.71,16.65,5.15,32.34,200.03,214.07,-54.31,1.84,1.58,Buy,Buy,Buy,Buy,Neutral,Neutral,49.43,-6.60,-5.46,-46.99,29.30,22.39,shooting_star_bearish,0.00,0.00,0.00,0.00,0.09,14563767.00,-50.83,686.60,0.00,5608777.00,32.82,9.22,0.37,3.01,1.41,0.00,0.00,0.00,193995047687.78,4.76,0.00,0.00,684.16,693.31,682.31,638.71,626.59,10.79,11.89,8.78,10.77,1.01,0.23,0.26,24402690281.79,5825987532.84,6266694710.61
[object Object],VOLV_B,Volvo AB Class B,OMXSTO,338.30,stock,common,10.00,1.00,false,0.00,SEK,-1.94,2761205.00,0.90,72716169469.20,USD,19.19,1.81,-5.84,2.46,Producer manufacturing,sweden,Producer Manufacturing,Buy,Buy,-1.94,-3.40,-7.62,3.33,0.83,13.94,17.42,73.92,267.72,802.12,1.83,1.74,Sell,Sell,Sell,Sell,Sell,Sell,40.13,0.10,-3.88,-90.14,36.85,49.09,0.00,0.00,0.00,0.00,0.00,-0.43,2761205.00,-4.66,0.00,0.00,0.00,23.79,19.19,0.00,1.49,3.90,13.80,21.13,14.62,94825238269.20,1.96,16.83,11.79,345.63,351.67,345.19,332.44,321.76,38.20,47.07,29.29,39.33,2.33,0.54,0.57,54100528230.78,12683187775.37,12854032307.93
[object Object],DHL,DHL AG,XETR,54.88,stock,common,100.00,2.00,false,0.00,EUR,-1.26,1334954.00,1.02,72110362805.33,USD,16.79,3.73,10.78,3.42,Transportation,germany,Transportation,Neutral,Neutral,-1.26,-2.90,-5.57,4.33,17.11,17.89,40.18,-6.94,90.19,154.55,1.33,1.59,Sell,Sell,Sell,Sell,Sell,Sell,40.64,-0.44,-0.21,-91.00,37.71,54.48,falling_window_bearish,55.12,-0.83,-0.83,294.00,-1.01,1334954.00,1.21,54.82,-0.11,582849.00,41.00,16.79,1.58,0.73,2.73,6.80,9.96,14.35,100173193515.33,1.03,13.20,7.57,56.11,56.16,55.96,52.79,49.78,65.72,75.91,52.55,68.90,4.12,1.05,0.94,102590791186.39,24018391083.54,25173242271.13
[object Object],ENGI,ENGIE S.A.,EURONEXT,23.91,stock,common,100.00,1.00,false,0.00,EUR,-2.01,3854378.00,1.26,71868136426.23,USD,15.09,1.81,-22.97,5.53,Utilities,france,Utilities,StrongBuy,Strong buy,-2.01,-5.64,-12.06,-10.62,-10.28,6.69,35.93,98.23,61.77,-14.64,2.77,2.02,StrongSell,Strong sell,StrongSell,Strong sell,Sell,Sell,29.91,-1.45,-1.65,-142.71,16.40,19.24,0.00,0.00,0.00,0.00,0.00,0.37,3854378.00,17.75,23.91,0.00,2029680.00,47.53,15.09,0.00,0.90,1.81,7.64,54.07,4.38,153610737656.23,1.91,14.54,9.71,24.78,25.87,26.38,26.86,25.91,36.16,39.38,31.27,35.91,2.38,0.00,0.00,87912023763.03,0.00,0.00
[object Object],CL,Colgate-Palmolive Company,NYSE,90.10,stock,common,100.00,1.00,false,0.00,USD,0.52,4117822.00,1.01,71825266225.06,USD,35.64,2.53,-28.95,2.34,Consumer non-durables,america,Consumer Non-Durables,Buy,Buy,0.52,-1.57,-2.48,4.17,-2.22,14.15,7.04,15.03,21.13,9646.12,1.47,1.82,Sell,Sell,Sell,Sell,Neutral,Neutral,45.09,-0.77,-1.02,-97.10,15.59,21.14,doji,90.20,0.64,0.89,716.00,0.51,4117822.00,-10.15,90.05,-0.05,858645.00,4.76,35.64,0.00,3.41,304.34,16.21,18.73,49.72,78559266225.06,3.73,17.09,15.00,90.80,91.57,91.91,89.67,87.61,99.53,110.00,87.00,101.00,3.87,0.95,0.93,21425548313.00,5357637786.00,5340966786.00
[object Object],WBD,"Warner Bros. Discovery, Inc. Series A",NASDAQ,28.39,stock,common,100.00,1.00,false,0.00,USD,0.25,21710086.00,1.24,71278867881.95,USD,0.00,-1.27,-521.59,0.00,Consumer services,america,Consumer Services,Neutral,Neutral,0.25,-1.76,7.58,4.80,2.27,-1.39,151.24,-0.46,11.25,319.20,1.14,1.46,Buy,Buy,StrongBuy,Strong buy,Neutral,Neutral,59.82,-0.14,1.46,44.31,58.72,71.71,long_upper_shadow_bearish,28.38,0.21,0.07,13788.00,0.21,21710086.00,47.33,28.32,-0.25,2609634.00,147.16,0.00,0.00,2.02,2.17,21.36,33.53,21.29,101302867881.95,2.80,40.01,13.32,28.60,27.31,27.05,27.03,27.24,30.07,31.00,26.00,31.00,-1.15,-0.14,-0.02,36226688426.00,9251346384.00,8758623474.00
[object Object],RCL,Royal Caribbean Group,NYSE,265.60,stock,common,100.00,1.00,false,0.00,USD,-0.04,1762154.00,1.08,71232589112.09,USD,16.40,16.19,22.04,1.88,Consumer services,america,Consumer Services,Buy,Buy,-0.04,-9.35,-18.95,-8.41,-1.91,-4.63,-25.29,221.51,270.12,2810.68,2.88,2.57,Sell,Sell,StrongSell,Strong sell,Sell,Sell,25.81,-34.96,-24.56,-149.17,3.76,2.79,0.00,268.01,0.87,-0.08,2825.00,0.91,1762154.00,-12.40,266.00,0.15,277709.00,-25.91,16.40,0.74,3.81,6.94,10.49,0.00,81.35,94100589112.09,5.04,18.59,13.72,281.92,301.52,299.56,287.81,287.69,350.88,415.00,297.00,357.50,17.78,3.98,6.33,19545697148.00,4817113629.00,5590615081.00
[object Object],KMI,Kinder Morgan Inc Class P,NYSE,31.97,stock,common,100.00,1.00,false,0.00,USD,-0.40,8074628.00,0.69,71190856618.51,USD,20.62,1.55,27.19,3.68,Industrial services,america,Industrial Services,Buy,Buy,-0.40,3.53,1.04,1.43,-4.71,16.30,19.60,96.62,46.92,0.85,2.09,2.36,Buy,Buy,StrongBuy,Strong buy,Buy,Buy,51.46,-0.11,-0.01,21.10,62.48,56.47,0.00,32.26,0.50,0.19,2912.00,-0.19,8074628.00,-10.82,31.99,0.06,1990978.00,20.30,20.62,0.76,3.99,2.25,10.32,19.56,597.76,104567856618.51,5.84,19.73,13.44,31.60,31.78,32.01,32.05,31.04,36.35,43.00,32.00,36.00,1.52,0.32,0.31,18323469354.00,4224256330.00,4414290678.00
[object Object],MRK,Merck KGaA,XETR,140.00,stock,common,100.00,5.00,false,0.00,EUR,0.18,207303.00,0.94,70432625472.11,USD,25.68,6.23,-17.22,1.57,Health technology,germany,Health Technology,Buy,Buy,0.18,0.76,-2.74,4.48,23.02,13.27,29.09,-31.03,45.83,611.50,1.86,2.03,Buy,Buy,StrongBuy,Strong buy,Sell,Sell,51.46,1.65,-0.18,-1.73,61.51,60.27,0.00,139.65,-0.07,-0.07,11.00,-0.36,207303.00,-8.04,140.40,0.29,124669.00,29.40,25.68,0.00,2.87,2.02,14.38,22.34,31.13,82560071252.11,3.42,17.38,10.97,139.15,140.68,140.94,132.46,125.74,176.83,207.16,140.04,175.92,9.87,2.31,2.42,25199329122.94,6041765524.85,6283120775.90
[object Object],ORLY,"O'Reilly Automotive, Inc.",NASDAQ,86.97,stock,common,100.00,1.00,false,0.00,USD,-1.11,7550021.00,1.54,70355319676.39,USD,27.66,3.14,12.47,0.00,Retail trade,america,Retail Trade,StrongBuy,Strong buy,-1.11,-3.68,-4.87,-2.34,-8.17,-4.15,-16.17,119.85,364.75,53419.97,1.64,2.05,StrongSell,Strong sell,StrongSell,Strong sell,Sell,Sell,40.41,-4.23,-1.68,-138.50,14.86,17.05,0.00,88.01,0.07,0.07,1407.00,0.02,7550021.00,41.23,86.97,0.00,2730766.00,-18.74,27.66,2.24,3.93,0.00,21.91,33.43,274.95,79680571676.39,4.29,21.94,19.11,88.88,90.20,89.00,90.11,92.29,108.60,120.00,97.00,110.00,3.29,0.86,0.93,19111109089.00,4864050685.00,4996484144.00
[object Object],AON,Aon Plc Class A,NYSE,330.88,stock,common,100.00,1.00,false,0.00,USD,1.40,2052590.00,2.02,70188063790.33,USD,18.24,18.14,51.85,0.96,Finance,america,Finance,Buy,Buy,1.40,-6.70,-8.61,3.02,-1.92,-5.76,-10.00,14.12,196.75,12222.24,3.65,2.35,Sell,Sell,StrongSell,Strong sell,Neutral,Neutral,38.71,-17.55,-18.03,-180.56,22.46,30.76,0.00,0.00,0.00,0.00,0.00,0.43,2052590.00,-15.30,330.88,0.00,246965.00,-13.70,18.24,0.35,3.97,7.31,20.04,21.79,55.86,84907063790.33,4.83,16.97,14.40,345.86,354.65,352.97,337.59,337.48,396.94,433.00,349.00,401.50,18.87,3.80,3.38,17909735226.00,4275112421.00,4087448473.00
[object Object],HLT,Hilton Worldwide Holdings Inc.,NYSE,311.51,stock,common,100.00,1.00,false,0.00,USD,-0.15,1276081.00,0.77,70109968196.16,USD,45.77,6.81,4.54,0.19,Consumer services,america,Consumer Services,Buy,Buy,-0.15,-5.70,-2.65,-7.06,2.69,8.59,14.06,149.77,539.56,612.82,1.95,2.01,Sell,Sell,StrongSell,Strong sell,Sell,Sell,38.32,-23.22,-2.92,-130.28,4.32,19.31,0.00,313.56,0.50,0.42,404.00,0.40,1276081.00,18.99,311.00,-0.16,193265.00,8.17,45.77,10.09,5.72,0.00,33.82,35.16,67.04,83101968196.16,6.66,28.51,26.75,323.55,322.45,326.07,328.14,312.38,355.63,394.00,312.00,361.50,9.04,2.27,2.35,13036053960.00,3323142675.00,3364569783.00
[object Object],BSX,Boston Scientific Corporation,NYSE,48.37,stock,common,100.00,1.00,false,0.00,USD,0.60,17012589.00,0.80,70099233206.74,USD,19.61,2.47,46.77,0.00,Health technology,america,Health Technology,StrongBuy,Strong buy,0.60,2.91,1.15,-0.39,-33.65,-49.47,-54.14,5.61,100.96,1038.12,3.69,3.32,Sell,Sell,StrongSell,Strong sell,Sell,Sell,49.45,-3.64,-0.22,-55.52,31.31,22.03,shooting_star_bearish,48.01,-0.15,0.75,29259.00,-0.35,17012589.00,41.72,48.60,0.48,2733327.00,-55.91,19.61,0.42,3.38,2.81,15.75,19.68,110.09,82317233206.74,3.92,17.98,13.74,48.50,48.59,46.76,50.51,67.31,61.41,85.00,44.00,60.00,3.30,0.84,0.81,21348669232.00,5375000163.00,5256073845.00
[object Object],NDA_FI,Nordea Bank Abp,OMXHEX,17.54,stock,common,1000.00,5.00,false,0.00,EUR,-0.62,2322068.00,0.60,69389883163.60,USD,12.73,1.57,-0.41,7.37,Finance,finland,Finance,Buy,Buy,-0.62,0.14,-0.20,8.71,10.32,8.85,31.05,70.74,96.14,204.96,1.56,1.24,Buy,Buy,StrongBuy,Strong buy,Neutral,Neutral,56.56,0.41,0.24,79.52,75.89,79.72,0.00,0.00,0.00,0.00,0.00,-0.06,2322068.00,-42.79,0.00,0.00,0.00,30.85,12.73,0.00,3.29,1.91,2.89,2.90,0.00,319946483283.60,10.10,0.00,0.00,17.45,17.40,17.18,16.62,16.24,21.38,23.88,15.53,21.97,1.71,0.40,0.43,14206488270.39,3403572634.50,3530384212.62
[object Object],APD,"Air Products and Chemicals, Inc.",NYSE,309.45,stock,common,100.00,1.00,false,0.00,USD,1.35,881604.00,0.79,68910039411.64,USD,0.00,-0.22,-103.09,2.36,Process industries,america,Process Industries,Buy,Buy,1.35,1.95,4.85,9.43,12.01,26.16,5.93,14.63,114.39,28743.84,1.64,1.94,StrongBuy,Strong buy,StrongBuy,Strong buy,Buy,Buy,57.95,6.23,5.89,132.12,63.60,65.26,0.00,0.00,0.00,0.00,0.00,0.28,881604.00,-8.74,309.45,0.00,297661.00,4.56,0.00,0.00,5.40,4.96,15.08,0.00,70.32,88799439411.64,7.05,29.01,19.28,306.00,301.88,299.24,295.31,282.04,346.16,373.00,314.00,351.00,13.43,3.34,3.61,12748133206.00,3202007920.00,3313479098.00
[object Object],HPE,Hewlett Packard Enterprise Co.,NYSE,51.83,stock,common,100.00,1.00,false,0.00,USD,1.89,59724815.00,4.05,68633465507.86,USD,48.74,1.06,9.86,1.10,Electronic technology,america,Electronic Technology,Buy,Buy,1.89,-2.94,9.09,-2.21,145.87,113.47,135.06,236.34,316.19,382.10,4.23,5.00,Neutral,Neutral,Neutral,Neutral,Neutral,Neutral,48.46,-1.30,1.03,-99.88,10.51,10.45,long_lower_shadow_bullish,51.46,1.16,5.17,951391.00,2.20,59724815.00,206.99,50.10,-3.34,13123504.00,125.10,48.74,4.85,1.87,2.71,11.67,18.61,13.86,84586465507.86,2.17,35.32,14.82,52.91,52.40,49.79,43.27,32.95,68.33,82.00,52.00,69.00,3.44,0.93,1.07,45053505847.00,11968872218.00,13007948789.00
[object Object],DLR,"Digital Realty Trust, Inc.",NYSE,183.76,stock,common,100.00,1.00,false,0.00,USD,0.27,2045224.00,0.93,68174726057.19,USD,89.39,2.06,-46.12,2.66,Finance,america,Finance,StrongBuy,Strong buy,0.27,-4.26,-2.29,-0.61,2.45,18.83,11.31,10.04,85.62,1431.33,3.08,2.44,Sell,Sell,StrongSell,Strong sell,Buy,Buy,41.28,-8.59,-3.57,-179.48,14.58,16.37,long_lower_shadow_bullish,182.87,-0.22,-0.22,140.00,-0.22,2045224.00,-6.56,183.50,-0.14,492801.00,22.35,89.39,0.00,9.67,2.55,22.39,0.00,35.63,88998394057.19,12.99,67.91,26.91,188.94,191.85,186.94,189.83,178.57,223.55,250.00,197.00,224.00,2.71,0.48,0.52,7084717167.00,1657575075.00,1749511925.00
[object Object],RSG,"Republic Services, Inc.",NYSE,222.52,stock,common,100.00,1.00,false,0.00,USD,-0.34,1713495.00,1.14,68138510745.81,USD,31.52,7.06,4.36,1.12,Industrial services,america,Industrial Services,Buy,Buy,-0.34,0.97,5.47,7.26,-3.61,5.69,-4.83,77.60,339.68,1221.89,1.48,1.67,StrongBuy,Strong buy,StrongBuy,Strong buy,Neutral,Neutral,58.34,1.48,4.59,80.28,81.12,77.82,0.00,224.86,0.70,0.54,650.00,0.04,1713495.00,-8.78,223.95,0.64,329536.00,-6.06,31.52,7.26,4.07,5.66,15.07,25.80,639.76,82327510745.81,4.87,24.34,15.34,221.45,216.63,217.13,212.13,214.87,247.57,272.00,227.00,249.00,7.28,1.81,1.93,17285063743.00,4363233696.00,4400017972.00
[object Object],SPG,"Simon Property Group, Inc.",NYSE,210.20,stock,common,100.00,1.00,false,0.00,USD,-0.79,919247.00,0.78,68010526606.62,USD,39.89,5.27,-25.41,4.15,Finance,america,Finance,Buy,Buy,-0.79,-4.02,-8.72,1.99,5.60,13.95,18.44,54.46,-2.18,893.68,1.39,1.55,Sell,Sell,StrongSell,Strong sell,Sell,Sell,31.19,-12.98,-9.89,-183.13,9.04,8.40,0.00,0.00,0.00,0.00,0.00,0.38,919247.00,-31.18,210.21,0.00,275360.00,17.38,39.89,0.00,9.89,15.48,15.10,18.78,66.83,97871342606.62,14.10,29.76,19.70,215.89,222.31,223.10,214.36,201.51,237.33,285.00,207.00,228.00,6.55,1.64,1.67,6648658331.00,1612095804.00,1627579124.00
[object Object],AJG,Arthur J. Gallagher & Co.,NYSE,264.46,stock,common,100.00,1.00,false,0.00,USD,0.94,1847937.00,1.28,67781094771.97,USD,43.76,6.04,-8.90,1.03,Finance,america,Finance,Buy,Buy,0.94,-1.19,5.27,27.48,15.84,2.86,-12.77,82.78,434.91,14243.59,2.41,2.83,Buy,Buy,StrongBuy,Strong buy,Neutral,Neutral,56.96,7.01,8.17,62.52,61.71,63.89,spinning_top_white,261.50,-0.19,0.00,500.00,0.57,1847937.00,-8.72,264.46,0.00,508053.00,-13.44,43.76,0.00,4.30,2.86,27.91,29.92,49.36,80531094771.97,5.11,29.93,20.00,264.53,256.51,251.87,231.14,233.88,295.00,388.00,265.00,291.00,13.25,2.81,3.08,16680380444.00,4005692614.00,4045252183.00
[object Object],AEP,"American Electric Power Company, Inc.",NASDAQ,123.57,stock,common,100.00,1.00,false,0.00,USD,0.50,2834850.00,0.82,67271186205.47,USD,21.41,5.77,-15.47,3.09,Utilities,america,Utilities,Buy,Buy,0.50,0.53,-3.53,-2.98,-5.66,7.04,11.36,36.60,91.85,238.55,1.38,1.84,Sell,Sell,StrongSell,Strong sell,Buy,Buy,42.47,-2.70,-4.48,-48.52,34.19,30.59,0.00,122.66,-0.24,0.44,1086.00,-0.17,2834850.00,-4.94,122.45,-0.90,583895.00,13.70,21.41,0.00,2.98,2.10,8.84,0.00,100.80,121304186205.47,5.34,22.89,13.77,122.87,126.21,129.74,130.31,126.87,142.56,153.00,129.00,142.50,6.38,1.48,2.01,23436467160.00,5342906305.00,6452988315.00
[object Object],ACA,Credit Agricole SA,EURONEXT,18.59,stock,common,1000.00,5.00,false,0.00,EUR,0.03,3711417.00,0.83,65836032961.24,USD,8.91,2.38,-10.42,6.08,Finance,france,Finance,Neutral,Neutral,0.03,-2.82,-3.90,12.84,8.05,6.20,19.06,50.88,113.16,13.03,1.92,1.48,Neutral,Neutral,Sell,Sell,Buy,Buy,42.69,-0.58,-0.50,-95.41,17.62,14.21,doji,0.00,0.00,0.00,0.00,-0.03,3711417.00,-12.98,18.59,0.00,1185860.00,20.97,8.91,0.00,0.94,0.80,1.09,0.00,0.00,696951232511.24,6.26,0.00,0.00,18.76,19.15,18.57,17.78,17.54,24.21,30.14,21.45,23.76,2.70,0.00,0.00,33531121474.30,0.00,0.00
[object Object],ALL,Allstate Corporation,NYSE,259.34,stock,common,100.00,1.00,false,0.00,USD,0.57,1085575.00,0.73,65576181050.18,USD,5.18,50.07,135.47,1.64,Finance,america,Finance,Neutral,Neutral,0.57,0.41,-1.79,22.39,22.74,25.26,26.93,92.73,276.02,1643.46,1.64,2.07,Buy,Buy,StrongBuy,Strong buy,Neutral,Neutral,51.32,-0.40,-1.05,-27.17,40.07,39.58,doji,0.00,0.00,0.00,0.00,0.57,1085575.00,1.69,259.34,0.00,232112.00,21.69,5.18,0.04,0.95,2.08,5.39,5.49,0.00,75049181050.18,1.07,0.00,0.00,258.12,261.79,255.56,236.01,221.25,276.27,334.00,224.00,281.00,35.33,6.06,6.54,60964053262.00,15458284489.00,15841356652.00
[object Object],HON,Honeywell International Inc.,NASDAQ,206.07,stock,common,100.00,1.00,false,0.00,USD,-1.86,2910525.00,1.03,65311824974.66,USD,7.62,27.04,53.73,0.00,Producer manufacturing,america,Producer Manufacturing,Buy,Buy,-1.86,-4.83,-16.05,-12.76,-16.46,0.46,-3.86,-9.64,88.29,2405.23,2.35,2.35,StrongSell,Strong sell,StrongSell,Strong sell,Neutral,Neutral,28.98,-15.66,-17.57,-122.36,4.63,8.71,0.00,210.69,0.34,0.34,100.00,0.31,2910525.00,24.09,205.90,-0.08,432440.00,-51.83,7.62,0.14,1.71,3.52,12.83,15.83,7.14,91390824974.66,2.34,12.22,10.25,215.27,231.56,230.18,231.20,229.64,267.57,303.00,230.00,265.00,8.32,1.83,2.14,20160400900.00,5025799960.00,5004775667.00
[object Object],PCAR,PACCAR Inc,NASDAQ,122.13,stock,common,100.00,1.00,false,0.00,USD,-0.26,3203595.00,1.42,64284947200.85,USD,25.71,4.75,-18.59,1.11,Producer manufacturing,america,Producer Manufacturing,Neutral,Neutral,-0.26,-6.02,-9.08,5.45,1.04,11.24,22.95,121.25,205.38,24816.96,2.17,2.32,Sell,Sell,StrongSell,Strong sell,Neutral,Neutral,33.93,-5.34,-5.40,-187.59,6.45,6.39,spinning_top_black,0.00,0.00,0.00,0.00,0.12,3203595.00,27.85,122.13,0.00,574682.00,24.16,25.71,0.00,2.32,3.16,14.83,21.75,7.29,70147047200.85,2.52,24.33,18.89,126.90,130.44,127.59,122.46,119.53,143.64,164.00,119.00,140.00,5.93,1.36,1.61,28623068865.00,7047963787.00,7535745556.00
[object Object],ARGX,argenx SE,EURONEXT,900.60,stock,common,10.00,2.00,false,0.00,EUR,1.62,64529.00,0.83,64267293744.40,USD,40.00,25.71,24.40,0.00,Health technology,belgium,Health Technology,StrongBuy,Strong buy,1.62,0.63,20.89,28.66,42.95,26.24,48.37,217.56,6332.86,10495.29,2.42,3.07,StrongBuy,Strong buy,StrongBuy,Strong buy,Buy,Buy,63.78,23.00,89.38,78.05,84.68,86.62,0.00,0.00,0.00,0.00,0.00,0.77,64529.00,14.25,900.60,0.00,38507.00,49.49,40.00,1.61,12.74,7.57,59.61,59.80,12.79,59058897846.53,11.54,40.04,39.21,889.32,813.46,800.96,757.73,727.27,1144.17,1456.54,996.27,1120.37,29.44,0.00,0.00,6283709467.20,0.00,3333442650.37
[object Object],COR,"Cencora, Inc.",NYSE,336.36,stock,common,100.00,1.00,false,0.00,USD,1.63,1395652.00,1.32,64186630150.37,USD,25.01,13.45,38.37,0.73,Distribution services,america,Distribution Services,Buy,Buy,1.63,2.43,7.20,25.13,-6.09,-0.24,15.20,173.51,286.58,11638.15,1.74,2.53,StrongBuy,Strong buy,StrongBuy,Strong buy,Buy,Buy,65.55,19.26,9.65,177.60,89.29,77.79,0.00,331.01,0.01,0.02,80.00,-0.11,1395652.00,-8.10,336.00,-0.11,231690.00,10.48,25.01,0.64,0.19,21.04,13.53,16.07,22.77,73233047150.37,0.22,16.63,13.42,324.65,318.48,310.17,297.07,322.22,368.92,430.00,330.00,370.00,17.88,4.35,4.57,337266187700.00,84314550956.00,88144158788.00
[object Object],BKR,Baker Hughes Company Class A,NASDAQ,64.63,stock,common,100.00,1.00,false,0.00,USD,1.53,5133821.00,0.81,64156524059.89,USD,20.77,3.11,1.81,1.45,Industrial services,america,Industrial Services,Buy,Buy,1.53,4.56,7.69,0.61,7.81,41.36,42.96,184.21,88.00,395.72,2.62,2.41,Buy,Buy,StrongBuy,Strong buy,Neutral,Neutral,63.31,0.15,1.59,63.41,67.38,52.84,0.00,62.94,-1.12,0.46,4959.00,-1.00,5133821.00,-15.12,64.67,0.06,959513.00,41.30,20.77,11.31,2.29,3.22,14.53,20.60,3.78,63529524059.89,2.29,17.69,13.00,62.73,62.08,59.68,61.90,58.35,72.09,85.00,51.00,73.50,2.63,0.50,0.61,28032549597.00,6523390867.00,7246689789.00
[object Object],STAN,Standard Chartered PLC,LSE,2204.00,stock,common,1.00,1.00,false,0.00,GBX,1.61,4862658.00,0.84,63925524083.72,USD,14.09,2.07,11.73,2.39,Finance,uk,Finance,Buy,Buy,1.61,2.42,-1.03,9.82,29.08,20.77,59.65,382.91,241.02,669.13,2.28,2.28,StrongBuy,Strong buy,StrongBuy,Strong buy,Neutral,Neutral,54.67,3.00,-7.38,6.18,42.63,33.14,0.00,0.00,0.00,0.00,0.00,-0.18,4862658.00,32.38,2204.00,0.00,1112310.00,49.97,14.09,1.18,3.32,1.43,0.00,0.00,0.00,121740496244.38,3.27,0.00,0.00,2168.30,2184.27,2147.16,2021.56,1874.54,30.67,35.35,22.92,31.29,2.39,0.66,0.57,22327452621.63,5592779941.00,5541887141.00
[object Object],TDG,TransDigm Group Incorporated,NYSE,1153.75,stock,common,100.00,1.00,false,0.00,USD,-0.17,333496.00,0.90,63775289630.65,USD,34.99,32.98,9.48,0.00,Electronic technology,america,Electronic Technology,Buy,Buy,-0.17,-4.01,-9.88,-6.44,-10.40,-13.19,-11.58,89.11,304.20,4717.33,1.82,2.57,Sell,Sell,StrongSell,Strong sell,Neutral,Neutral,33.80,-69.16,-52.53,-136.07,4.47,6.58,0.00,0.00,0.00,0.00,0.00,0.43,333496.00,23.36,1153.75,0.00,62032.00,-13.12,34.99,3.70,6.63,0.00,30.13,34.37,23.88,94577289630.65,9.45,20.24,18.58,1183.32,1228.27,1248.67,1235.77,1271.14,1524.06,1972.00,1350.00,1462.50,41.07,10.30,12.11,10504958928.00,2677515626.00,2940617209.00
[object Object],KBC,KBC Group N.V.,EURONEXT,130.70,stock,common,100.00,5.00,false,0.00,EUR,0.50,346973.00,1.07,62963730445.96,USD,14.47,10.32,3.62,2.75,Finance,belgium,Finance,Neutral,Neutral,0.50,-1.91,3.90,16.85,18.50,17.43,29.41,80.62,138.90,251.34,1.52,1.51,Buy,Buy,StrongBuy,Strong buy,Neutral,Neutral,56.93,2.05,4.59,39.77,41.62,54.14,"gravestone_doji_bearish,long_upper_shadow_bearish,shooting_star_bearish",0.00,0.00,0.00,0.00,0.42,346973.00,-3.81,130.70,0.00,272352.00,30.64,14.47,3.97,3.64,2.03,0.00,0.00,0.00,113168249345.96,3.86,0.00,0.00,131.51,128.11,124.93,119.60,115.75,153.16,180.83,102.01,154.75,11.64,3.12,3.39,16040070446.11,3824113239.83,4021118987.73
[object Object],TRGP,Targa Resources Corp.,NYSE,293.46,stock,common,100.00,1.00,false,0.00,USD,-0.88,1081414.00,0.78,62926925147.56,USD,28.02,10.47,49.98,1.52,Utilities,america,Utilities,Buy,Buy,-0.88,3.24,10.53,12.03,20.49,59.64,75.98,563.49,577.42,1117.68,2.22,2.76,Buy,Buy,StrongBuy,Strong buy,Neutral,Neutral,57.71,-3.63,12.39,51.94,67.18,63.77,spinning_top_black,296.19,0.04,0.00,1685.00,-0.50,1081414.00,-10.71,293.46,0.00,280659.00,76.95,28.02,0.57,3.72,17.21,14.74,85.24,303.91,82436325147.56,4.81,19.40,13.97,293.65,278.82,276.88,267.07,236.75,312.20,351.00,257.00,311.00,11.25,2.83,2.70,19006689635.00,4897763837.00,4753458519.00
[object Object],GLE,Societe Generale SA Class A,EURONEXT,72.51,stock,common,100.00,1.00,false,0.00,EUR,-1.06,2157866.00,0.96,62126626829.85,USD,9.53,8.69,20.72,2.20,Finance,france,Finance,Buy,Buy,-1.06,-4.13,-11.97,2.94,6.13,6.32,36.09,169.50,120.09,152.53,3.07,2.12,Sell,Sell,StrongSell,Strong sell,Neutral,Neutral,33.75,-4.51,-5.89,-92.94,18.56,16.15,0.00,0.00,0.00,0.00,0.00,-1.76,2157866.00,0.85,72.51,0.00,624857.00,49.94,9.53,0.46,1.23,0.88,0.00,0.00,0.00,291635814119.85,3.38,0.00,0.00,73.98,78.67,77.60,74.29,70.96,101.38,111.28,85.12,99.69,9.35,0.00,0.00,32692316304.78,0.00,0.00
[object Object],TFC,Truist Financial Corporation,NYSE,50.81,stock,common,100.00,1.00,false,0.00,USD,2.77,6425037.00,1.14,62070826549.88,USD,11.66,4.36,18.37,4.21,Finance,america,Finance,Neutral,Neutral,2.77,0.83,-2.18,5.20,7.69,3.16,9.53,-9.66,31.63,1510.18,2.00,1.73,Neutral,Neutral,Neutral,Neutral,Neutral,Neutral,47.93,-0.16,-1.52,-47.86,15.88,11.02,0.00,49.75,0.63,0.02,4494.00,0.91,6425037.00,-4.06,50.81,0.00,1284956.00,0.90,11.66,0.62,2.92,1.06,12.29,12.29,0.00,133841826549.88,4.37,0.00,0.00,50.30,51.61,51.47,50.34,49.60,54.69,61.00,45.00,55.00,4.63,1.08,1.12,21206004146.00,5235761235.00,5343160949.00
[object Object],REL,RELX PLC,LSE,2589.00,stock,common,1.00,1.00,false,0.00,GBX,-1.63,5314476.00,1.47,61942823534.61,USD,20.75,1.65,20.69,2.62,Commercial services,uk,Commercial Services,Buy,Buy,-1.63,-0.15,-1.33,5.76,-2.30,-14.27,-24.50,18.11,79.67,465.28,2.35,2.80,Sell,Sell,Sell,Sell,Neutral,Neutral,49.80,49.00,25.27,2.20,77.48,84.29,0.00,0.00,0.00,0.00,0.00,-0.49,5314476.00,158.03,2589.00,0.00,1258029.00,-26.07,20.75,1.02,4.86,36.59,15.88,15.99,211.13,73703187434.61,5.72,17.84,14.36,2617.60,2613.27,2534.38,2533.96,2630.25,45.13,68.51,28.65,41.89,1.91,0.89,0.97,13563105919.64,6533755402.68,7054107609.40
[object Object],CRH,CRH public limited company,NYSE,92.67,stock,common,100.00,1.00,false,0.00,USD,1.61,5460250.00,1.28,61651911149.02,USD,16.34,5.67,18.53,1.69,Non-energy minerals,america,Non-Energy Minerals,StrongBuy,Strong buy,1.61,-4.44,-3.92,-13.46,-14.19,-26.16,-15.13,74.82,176.46,2666.27,2.55,2.52,Sell,Sell,StrongSell,Strong sell,Sell,Sell,39.41,-2.07,-3.70,-142.60,17.64,21.64,0.00,91.53,0.36,0.22,4717.00,-0.16,5460250.00,-10.22,92.67,0.00,677369.00,-18.94,16.34,0.87,1.58,2.43,11.06,21.23,20.10,79881911149.14,2.07,14.72,10.37,94.68,97.20,100.53,105.23,111.64,139.68,165.00,120.00,139.85,5.89,2.02,2.25,39729039808.00,10683007841.00,11600394348.00
[object Object],MET,"MetLife, Inc.",NYSE,96.42,stock,common,100.00,1.00,false,0.00,USD,2.12,2858308.00,0.94,61272684277.77,USD,18.45,5.23,-11.44,2.46,Finance,america,Finance,Buy,Buy,2.12,0.48,0.18,17.80,35.23,22.14,19.51,56.55,149.02,646.19,1.78,1.77,StrongBuy,Strong buy,StrongBuy,Strong buy,Neutral,Neutral,54.29,1.31,0.09,-23.11,37.75,42.03,0.00,0.00,0.00,0.00,0.00,0.39,2858308.00,4.81,96.42,0.00,1010753.00,12.00,18.45,0.00,0.77,2.24,3.76,3.76,0.00,83423684277.77,1.05,0.00,0.00,95.52,96.20,93.78,87.57,81.74,106.47,119.00,87.00,108.00,10.02,2.30,2.56,79952028948.00,19665219853.00,20100692365.00
[object Object],URI,"United Rentals, Inc.",NYSE,979.82,stock,common,100.00,1.00,false,0.00,USD,-1.04,380515.00,0.86,60986436939.22,USD,23.54,41.62,7.66,0.78,Finance,america,Finance,Buy,Buy,-1.04,-7.78,-9.29,-7.74,19.49,20.88,3.86,179.36,1094.90,6657.38,2.79,2.73,Sell,Sell,StrongSell,Strong sell,Sell,Sell,30.18,-137.22,-74.49,-163.66,5.62,7.50,0.00,992.00,0.19,0.19,50.00,0.04,380515.00,-17.66,979.82,0.00,80355.00,-0.10,23.54,3.11,3.68,6.62,10.69,97.10,547.91,76259436939.22,4.53,18.00,10.24,1046.39,1100.13,1092.06,1027.56,925.55,1285.20,1610.00,950.00,1320.00,49.43,11.54,13.93,17733059408.00,4211721380.00,4703561055.00
[object Object],OXY,Occidental Petroleum Corporation,NYSE,60.91,stock,common,100.00,1.00,false,0.00,USD,-0.07,5277162.00,0.75,60887914194.89,USD,18.05,3.38,98.33,1.64,Energy minerals,america,Energy Minerals,Buy,Buy,-0.07,5.47,9.47,3.85,12.38,47.70,28.37,138.30,-20.43,235.67,2.04,2.21,Buy,Buy,StrongBuy,Strong buy,Sell,Sell,61.85,0.82,2.15,91.17,69.87,58.92,0.00,60.20,-1.23,0.39,82270.00,-0.84,5277162.00,-27.15,60.80,-0.18,760481.00,28.81,18.05,0.18,2.54,1.82,5.62,11.61,14.79,80266914194.89,3.30,14.30,6.04,60.03,58.02,55.75,56.31,52.22,67.30,79.00,55.00,69.00,6.13,1.83,1.22,26150772742.00,7074403961.00,6369008616.00
[object Object],OKE,"ONEOK, Inc.",NYSE,96.01,stock,common,100.00,1.00,false,0.00,USD,0.33,3563831.00,1.07,60521795474.93,USD,16.59,5.79,12.85,4.43,Industrial services,america,Industrial Services,Buy,Buy,0.33,5.04,8.56,10.37,11.25,30.70,26.46,82.95,105.46,6203.95,2.90,2.69,Buy,Buy,StrongBuy,Strong buy,Buy,Buy,60.04,0.00,3.42,66.80,60.50,63.50,0.00,95.41,-0.29,0.06,2268.00,-0.55,3563831.00,-18.28,96.00,-0.01,901369.00,28.36,16.59,1.29,1.53,2.64,9.86,20.88,376.88,93526795474.93,2.36,14.64,11.81,94.47,92.24,91.40,89.75,84.67,99.59,111.00,89.00,100.00,5.74,1.46,1.48,42686988830.00,8949851681.00,10515861794.00
[object Object],GWW,"W.W. Grainger, Inc.",NYSE,1284.85,stock,common,100.00,1.00,false,0.00,USD,-1.86,260653.00,1.26,60517641858.67,USD,32.61,39.40,-0.59,0.73,Distribution services,america,Distribution Services,Neutral,Neutral,-1.86,-1.88,-6.79,-0.87,13.74,27.56,27.78,197.94,456.38,65948.50,1.81,1.87,Sell,Sell,StrongSell,Strong sell,Sell,Sell,40.23,-22.10,-21.33,-98.70,23.95,34.14,0.00,0.00,0.00,0.00,0.00,-0.22,260653.00,35.09,1286.13,0.10,38625.00,26.78,32.61,0.00,3.28,14.65,27.88,40.16,102.96,63107641858.67,3.35,21.53,19.80,1310.25,1325.03,1341.04,1287.28,1173.60,1324.31,1500.00,1100.00,1350.00,46.51,11.30,11.68,19649337952.00,4956557950.00,5066221532.00
[object Object],MRNA,"Moderna, Inc.",NASDAQ,150.81,stock,common,100.00,1.00,false,0.00,USD,-2.24,16536972.00,0.28,60208763276.30,USD,0.00,-7.98,-6.20,0.00,Health technology,america,Health Technology,Neutral,Neutral,-2.24,-2.20,174.57,205.30,188.83,405.56,530.21,-61.64,585.50,585.50,7.57,10.59,StrongBuy,Strong buy,StrongBuy,Strong buy,Neutral,Neutral,65.83,-23.57,56.80,69.58,75.80,72.45,spinning_top_black,151.40,-1.86,-1.38,253405.00,-1.86,16536972.00,-35.98,150.40,-0.27,759561.00,554.39,0.00,-3.11,27.56,8.90,0.00,0.00,11.68,56357763276.30,25.30,0.00,0.00,145.20,91.20,82.01,66.29,53.60,105.72,170.00,40.00,122.50,-8.46,-2.03,-1.16,2096683038.00,102928355.00,876655267.00
[object Object],CTVA,Corteva Inc,NYSE,89.97,stock,common,100.00,1.00,false,0.00,USD,2.55,8713686.00,1.82,60027624967.09,USD,59.48,1.51,-26.40,0.82,Process industries,america,Process Industries,Buy,Buy,2.55,8.25,15.35,15.46,17.76,34.28,22.04,102.45,202.42,202.42,2.64,2.57,StrongBuy,Strong buy,StrongBuy,Strong buy,Buy,Buy,72.59,11.40,2.81,177.57,95.86,92.99,rising_window_bullish,0.00,0.00,0.00,0.00,0.62,8713686.00,56.50,89.86,-0.13,2001654.00,16.60,59.48,0.00,3.30,2.39,49.76,95.81,23.01,62527624967.09,3.51,21.06,14.85,83.86,81.72,83.06,81.29,77.14,91.45,103.00,78.00,94.00,3.76,2.24,-0.39,18122685309.00,6599341986.00,2653746413.00
[object Object],AAL,Anglo American plc,LSE,4134.00,stock,common,1.00,1.00,false,0.00,GBX,0.51,8336553.00,1.03,59977701298.58,USD,0.00,-2.51,40.97,0.70,Non-energy minerals,uk,Non-Energy Minerals,Buy,Buy,0.51,-2.13,9.22,1.37,22.53,33.44,82.60,18.21,359.02,1595.01,2.94,2.86,Buy,Buy,StrongBuy,Strong buy,Buy,Buy,57.82,303.00,334.59,46.92,70.61,80.17,0.00,0.00,0.00,0.00,0.00,-1.22,8336553.00,17.90,4134.00,0.00,741125.00,83.94,0.00,0.00,3.03,3.43,11.26,28.54,6.63,74881962515.42,3.88,16.73,10.95,4134.80,3927.60,3798.70,3809.69,3509.30,54.61,67.87,33.80,55.31,1.54,0.69,0.94,20890913006.27,10614652571.00,11434892000.00
[object Object],MPWR,"Monolithic Power Systems, Inc.",NASDAQ,1219.36,stock,common,100.00,1.00,false,0.00,USD,-0.54,405084.00,0.70,59923008468.06,USD,74.72,16.32,-57.51,0.58,Electronic technology,america,Electronic Technology,Buy,Buy,-0.54,-6.28,-14.00,-25.19,17.32,31.45,50.33,143.92,1490.82,13358.72,3.06,3.90,Sell,Sell,StrongSell,Strong sell,Neutral,Neutral,37.21,-80.78,-77.77,-132.87,5.38,7.18,0.00,1220.00,-0.49,-1.19,1355.00,-0.08,405084.00,-46.56,1219.25,-0.01,57090.00,52.73,74.72,0.00,18.45,15.38,73.04,102.58,42.49,58528181468.06,17.88,62.25,58.51,1280.04,1331.70,1337.25,1444.57,1247.45,1857.46,2100.00,1575.00,1850.00,27.42,5.87,7.69,4149482214.00,903302500.00,1151349846.00
[object Object],NUE,Nucor Corporation,NYSE,263.97,stock,common,100.00,1.00,false,0.00,USD,4.78,1155161.00,0.67,59888370540.32,USD,21.06,12.53,126.29,0.89,Non-energy minerals,america,Non-Energy Minerals,Buy,Buy,4.78,6.05,3.05,3.19,55.28,59.81,80.85,126.27,443.15,173158.68,2.81,3.36,StrongBuy,Strong buy,StrongBuy,Strong buy,Neutral,Neutral,58.51,15.23,-3.52,6.56,45.84,36.84,rising_window_bullish,0.00,0.00,0.00,0.00,0.87,1155161.00,-11.92,263.91,-0.02,197480.00,70.08,21.06,0.16,1.59,2.71,13.63,38.10,22.41,65452370540.32,1.81,15.74,11.54,249.75,259.00,247.88,240.05,204.88,287.93,305.00,256.00,291.00,18.63,4.46,5.82,40215590651.00,10147011804.00,10728318075.00
[object Object],AFL,Aflac Incorporated,NYSE,117.24,stock,common,100.00,1.00,false,0.00,USD,1.05,2209920.00,0.94,58777489459.06,USD,12.56,9.33,110.98,2.08,Finance,america,Finance,Neutral,Neutral,1.05,0.68,-8.29,1.39,6.30,6.45,9.95,107.17,215.67,156220.00,1.33,1.59,Sell,Sell,Sell,Sell,Neutral,Neutral,42.12,0.73,-5.51,-58.94,15.61,10.49,0.00,116.00,-0.02,-0.02,100.00,0.28,2209920.00,-30.04,117.24,0.00,464576.00,2.97,12.56,0.11,3.25,1.94,22.39,22.39,0.00,67506489459.06,3.74,0.00,0.00,116.63,121.67,121.51,118.42,114.53,118.53,138.00,99.00,116.00,7.01,1.76,1.80,16733719267.00,4142332995.00,4104787023.00
[object Object],TEL,TE Connectivity plc,NYSE,202.21,stock,common,100.00,1.00,false,0.00,USD,-2.78,2446391.00,1.17,58542467025.30,USD,19.82,10.20,110.63,1.43,Electronic technology,america,Electronic Technology,Buy,Buy,-2.78,-0.12,-1.76,-6.35,-1.71,-12.24,-0.27,33.76,219.55,446.51,2.70,2.67,StrongSell,Strong sell,StrongSell,Strong sell,Sell,Sell,44.51,-1.36,-4.30,-63.29,28.95,25.84,0.00,0.00,0.00,0.00,0.00,-1.29,2446391.00,-33.48,202.21,0.00,489236.00,-0.37,19.82,0.18,3.15,4.43,13.41,17.87,47.82,63082467025.30,3.26,15.38,12.36,203.40,208.40,205.19,209.51,216.49,249.78,306.00,209.00,237.50,11.45,2.85,3.06,19847088813.00,5012693373.00,5265905802.00
[object Object],RHM,Rheinmetall AG,XETR,1090.40,stock,common,10.00,2.00,false,0.00,EUR,0.98,120117.00,0.87,58398657360.26,USD,70.70,17.61,-14.62,1.07,Electronic technology,germany,Electronic Technology,StrongBuy,Strong buy,0.98,-2.28,-5.40,-8.69,-29.74,-30.61,-38.33,1239.23,1539.70,5177.83,3.39,3.81,Sell,Sell,StrongSell,Strong sell,Buy,Buy,42.49,-88.40,0.06,-163.56,7.83,18.47,0.00,0.00,0.00,0.00,0.00,-0.50,120117.00,-34.67,1096.80,0.59,35608.00,-37.22,70.70,0.00,4.83,10.23,38.71,130.34,199.34,62479006160.26,5.25,29.02,23.97,1130.86,1141.37,1090.75,1175.61,1403.13,1923.72,2666.14,1159.19,1895.28,43.92,6.92,7.99,16372388417.27,3706290445.45,3655648824.96
[object Object],O,Realty Income Corporation,NYSE,61.50,stock,common,100.00,1.00,false,0.00,USD,0.23,5397695.00,1.06,58192412413.32,USD,44.98,1.37,33.39,5.28,Finance,america,Finance,Buy,Buy,0.23,-2.30,-3.72,1.69,-4.81,9.14,6.00,-12.40,-3.19,693.85,0.98,1.28,Sell,Sell,StrongSell,Strong sell,Neutral,Neutral,39.74,-1.45,-1.79,-132.82,13.76,15.04,0.00,61.70,0.55,0.08,15653.00,0.33,5397695.00,-0.95,61.57,0.11,877178.00,9.98,44.98,1.34,9.45,1.47,13.80,14.37,104.01,92661545413.32,15.26,33.46,17.45,62.19,63.03,63.27,62.79,61.81,68.17,72.00,61.50,68.00,1.53,0.40,0.41,5701798986.00,1404780527.00,1432995776.00
[object Object],D,Dominion Energy Inc,NYSE,66.05,stock,common,100.00,1.00,false,0.00,USD,-0.50,5854006.00,1.49,58092685929.83,USD,22.97,2.88,-0.65,4.02,Utilities,america,Utilities,Neutral,Neutral,-0.50,-1.54,-4.28,0.67,5.39,12.12,10.93,-15.84,-10.96,502.16,1.90,1.72,Sell,Sell,StrongSell,Strong sell,Sell,Sell,37.45,-2.24,-2.55,-92.81,28.62,22.48,spinning_top_black,66.38,0.00,0.00,1586.00,-0.12,5854006.00,30.97,66.12,0.11,723063.00,15.67,22.97,0.00,3.16,2.08,10.81,0.00,158.75,116829685929.83,6.31,22.96,15.45,66.50,68.15,68.87,66.88,64.06,71.70,80.00,66.00,70.00,3.59,0.68,1.20,18294411924.00,4044009692.00,4884317800.00
[object Object],LSEG,London Stock Exchange Group plc,LSE,8568.00,stock,common,1.00,2.00,false,0.00,GBX,-3.03,905615.00,0.59,57750725498.50,USD,31.02,3.66,48.73,1.79,Commercial services,uk,Commercial Services,StrongBuy,Strong buy,-3.03,-2.01,1.88,-1.81,-2.21,-4.88,-7.25,6.51,209.31,2125.45,2.44,2.33,StrongSell,Strong sell,StrongSell,Strong sell,Neutral,Neutral,45.12,62.00,101.72,-24.13,61.96,72.63,marubozu_black_bearish,0.00,0.00,0.00,0.00,-0.20,905615.00,4.14,8568.00,0.00,381839.00,-10.29,31.02,0.66,4.56,2.23,10.89,11.32,10.05,73460939298.50,5.73,21.92,11.66,8737.20,8715.20,8693.88,8956.12,8736.90,157.28,183.90,109.29,158.26,6.40,3.19,3.18,13165184879.63,6521950839.60,6772880458.60
[object Object],NXPI,NXP Semiconductors NV,NASDAQ,228.50,stock,common,100.00,1.00,false,0.00,USD,2.74,2717989.00,1.02,57619511106.59,USD,19.50,11.72,39.67,1.82,Electronic technology,america,Electronic Technology,Buy,Buy,2.74,1.67,2.81,-28.97,12.81,3.58,0.25,7.32,158.54,1657.69,2.53,2.73,Sell,Sell,StrongSell,Strong sell,Buy,Buy,43.56,2.48,-16.06,-24.99,35.08,29.09,0.00,222.50,0.04,0.04,449.00,0.31,2717989.00,-14.59,227.56,-0.41,356768.00,-4.39,19.50,0.48,4.28,5.06,18.35,20.47,18.01,65735511106.66,4.99,17.37,14.41,224.38,235.13,253.07,269.14,243.37,313.29,400.00,190.00,312.00,15.08,3.52,4.11,14282550686.00,3465197409.00,3755651190.00
[object Object],DB1,Deutsche Boerse AG,XETR,278.90,stock,common,10.00,1.00,false,0.00,EUR,-1.73,373380.00,1.26,57179332735.28,USD,24.02,13.26,7.78,1.48,Finance,germany,Finance,Buy,Buy,-1.73,-2.72,6.45,15.82,15.58,24.40,12.41,90.18,278.27,1362.51,1.53,1.77,Neutral,Neutral,Buy,Buy,Sell,Sell,53.22,1.00,15.03,4.84,61.51,77.84,0.00,283.70,-0.04,-0.25,61.00,0.00,373380.00,-0.69,278.70,-0.07,164107.00,11.09,24.02,3.14,6.62,4.86,17.08,17.41,1.83,64590034405.28,7.27,17.80,15.34,285.38,274.55,264.95,258.64,241.89,340.75,364.82,286.08,348.56,14.95,3.72,0.00,7736255265.90,1850081731.77,0.00
[object Object],CAH,"Cardinal Health, Inc.",NYSE,245.49,stock,common,100.00,1.00,false,0.00,USD,2.57,1358146.00,0.94,57095017258.74,USD,33.92,7.24,12.39,0.86,Distribution services,america,Distribution Services,StrongBuy,Strong buy,2.57,3.19,6.55,23.42,13.65,20.00,66.02,368.49,207.25,27168.82,1.79,2.54,StrongBuy,Strong buy,StrongBuy,Strong buy,Buy,Buy,64.72,10.64,4.11,184.02,79.36,55.65,0.00,0.00,0.00,0.00,0.00,0.69,1358146.00,1.63,245.68,0.08,281531.00,55.88,33.92,2.67,0.22,0.00,11.15,12.75,11.88,62346017258.74,0.25,19.00,14.71,235.58,234.13,233.66,218.90,215.34,273.31,292.00,250.00,275.50,12.54,2.42,2.94,265747968096.00,65152962429.00,66713964941.00
[object Object],FANG,"Diamondback Energy, Inc.",NASDAQ,203.42,stock,common,100.00,1.00,false,0.00,USD,0.13,1592916.00,0.77,56962554920.10,USD,39.41,5.16,-63.30,2.09,Energy minerals,america,Energy Minerals,Buy,Buy,0.13,2.77,2.34,-1.81,11.41,34.63,37.02,170.31,110.62,1041.53,2.59,2.73,StrongBuy,Strong buy,StrongBuy,Strong buy,Buy,Buy,54.07,-5.13,0.96,17.80,28.16,23.04,0.00,200.95,-1.09,0.80,627.00,-1.15,1592916.00,-38.11,202.50,-0.45,322477.00,31.14,39.41,0.00,3.34,1.51,5.64,8.80,123.28,75197554920.10,4.40,12.55,6.69,203.23,200.44,194.43,195.12,180.34,234.00,283.00,205.00,233.00,20.49,6.08,4.90,18637029967.00,4886836763.00,4481048970.00
[object Object],EBS,Erste Group Bank AG,VIE,121.80,stock,common,10.00,1.00,false,0.00,EUR,-0.81,248222.00,0.85,56945083308.25,USD,13.62,10.21,21.11,0.61,Finance,austria,Finance,Buy,Buy,-0.81,-1.30,7.60,21.80,25.18,18.37,48.90,251.41,361.54,986.67,2.37,1.95,Buy,Buy,Buy,Buy,Neutral,Neutral,53.44,2.80,3.83,38.51,43.19,46.84,marubozu_black_bearish,0.00,0.00,0.00,0.00,0.98,248222.00,-43.53,121.80,0.00,138916.00,50.49,13.62,0.65,3.39,1.95,3.52,3.74,0.00,163297288238.25,6.15,0.00,0.00,122.43,119.58,118.18,110.54,105.20,150.71,179.67,92.62,151.27,11.71,2.78,3.26,18730006094.74,4490236807.49,4631341973.76
[object Object],HO,Thales SA,EURONEXT,237.10,stock,common,10.00,1.00,false,0.00,EUR,-0.63,151031.00,0.69,56842999145.85,USD,32.64,8.30,119.01,1.63,Electronic technology,france,Electronic Technology,Buy,Buy,-0.63,-4.78,-4.59,5.47,-0.96,3.54,6.04,174.93,194.83,754.41,1.79,1.90,Sell,Sell,StrongSell,Strong sell,Neutral,Neutral,32.82,-22.70,-7.44,-134.19,2.51,2.15,0.00,0.00,0.00,0.00,0.00,0.29,151031.00,-32.96,237.10,0.00,69798.00,8.36,32.64,0.28,2.15,6.08,10.43,12.37,9.66,57458065359.85,2.20,20.80,14.32,247.08,253.96,243.00,238.53,242.62,345.96,391.21,291.95,348.00,12.55,5.33,6.44,27991844757.84,12481836699.32,14628881587.23
[object Object],NKE,"NIKE, Inc. Class B",NYSE,38.24,stock,common,100.00,1.00,false,0.00,USD,0.31,20621037.00,0.78,56728989230.68,USD,18.23,2.10,-2.83,4.28,Consumer non-durables,america,Consumer Non-Durables,Neutral,Neutral,0.31,-2.94,-10.17,-14.07,-33.46,-40.25,-49.44,-76.86,-33.69,21181.36,2.08,2.35,StrongSell,Strong sell,StrongSell,Strong sell,Neutral,Neutral,38.35,-2.81,-2.37,-120.35,13.09,21.03,0.00,38.08,-0.10,0.37,356135.00,-0.17,20621037.00,-7.28,38.27,0.08,2450509.00,-48.46,18.23,0.00,1.22,3.81,19.77,25.96,6.28,58734989230.68,1.27,14.43,12.19,39.33,40.83,41.62,42.97,51.67,49.55,75.00,23.00,47.00,1.73,0.12,0.45,45675895493.00,10849541206.00,11369327391.00
[object Object],F,Ford Motor Company,NYSE,14.14,stock,common,100.00,1.00,false,0.00,USD,2.17,58054697.00,1.37,56386692413.65,USD,0.00,-1.73,-320.89,4.34,Consumer durables,america,Consumer Durables,Buy,Buy,2.17,1.51,-5.16,-11.01,16.19,7.28,20.29,8.02,11.69,703.27,2.45,2.55,Buy,Buy,StrongBuy,Strong buy,Neutral,Neutral,51.06,-0.36,-0.26,21.94,28.91,22.32,0.00,13.88,0.29,-0.14,163249.00,0.29,58054697.00,15.85,14.12,-0.14,4205153.00,18.32,0.00,0.00,0.29,1.67,3.33,7.74,1.80,188384692413.65,1.00,50.51,19.29,13.99,14.20,14.09,13.88,13.49,15.84,20.00,11.00,15.50,1.85,0.36,0.41,184901237630.00,47237897600.00,48422815625.00
[object Object],PSA,Public Storage,NYSE,301.33,stock,common,100.00,1.00,false,0.00,USD,-0.51,872182.00,1.10,56190768355.09,USD,28.73,10.49,14.42,3.96,Finance,america,Finance,Buy,Buy,-0.51,-6.56,-7.85,-1.77,-1.05,16.30,3.01,-8.65,34.37,2033.31,1.96,1.75,Sell,Sell,StrongSell,Strong sell,Neutral,Neutral,30.15,-23.80,-12.87,-208.05,9.07,8.76,0.00,301.01,-0.61,-0.61,40.00,-0.65,872182.00,-35.32,302.00,0.22,220134.00,11.70,28.73,2.00,10.93,10.93,16.77,18.59,204.62,70556579355.09,14.43,31.54,20.74,314.61,321.53,321.05,314.20,297.44,340.75,374.00,311.00,342.00,10.03,2.53,2.44,5120435296.00,1233984957.00,1319121975.00
[object Object],BAYN,Bayer AG,XETR,49.18,stock,common,100.00,1.00,false,0.00,EUR,0.61,1444783.00,0.81,55665335133.66,USD,0.00,-2.02,49.15,0.23,Health technology,germany,Health Technology,Buy,Buy,0.61,-0.67,2.16,40.80,30.45,32.92,77.10,3.93,-47.69,267.07,1.70,2.18,Buy,Buy,StrongBuy,Strong buy,Neutral,Neutral,56.54,0.17,0.64,43.76,66.91,60.53,0.00,48.73,-0.31,-0.31,1000.00,0.06,1444783.00,-16.36,49.08,-0.20,832199.00,78.17,0.00,0.00,1.06,1.63,13.80,60.70,11.27,95386139673.66,1.84,13.33,8.34,48.77,48.33,48.63,43.18,41.16,67.45,75.81,53.65,69.39,5.30,0.88,0.58,53821386165.90,12252284530.57,11448875701.96
[object Object],NOKIA,Nokia Oyj,OMXHEX,8.51,stock,common,1000.00,2.00,false,0.00,EUR,-0.84,10835381.00,0.86,55512903232.11,USD,68.45,0.14,-30.17,1.63,Electronic technology,finland,Electronic Technology,Buy,Buy,-0.84,-4.51,6.75,-38.68,26.99,51.93,131.51,67.61,65.20,-85.58,3.84,4.67,Sell,Sell,StrongSell,Strong sell,Neutral,Neutral,43.30,-0.40,0.21,-45.44,16.93,35.34,0.00,0.00,0.00,0.00,0.00,1.40,10835381.00,-8.31,0.00,0.00,0.00,143.67,68.45,0.00,2.46,2.25,43.53,92.27,10.22,53917857792.11,2.33,20.91,14.54,8.77,8.56,9.33,10.38,8.22,12.83,21.01,5.43,13.42,0.40,0.06,0.07,24394601351.00,5523227770.53,5850186944.47
[object Object],NBIS,Nebius Group N.V. Class A,NASDAQ,204.09,stock,common,100.00,1.00,false,0.00,USD,2.28,10754771.00,0.56,55482932023.88,USD,0.00,-0.13,-114.14,0.00,Technology services,america,Technology Services,Buy,Buy,2.28,-5.29,10.87,-14.87,121.12,134.63,209.70,159.00,801.06,483.11,4.66,7.56,Sell,Sell,Sell,Sell,Neutral,Neutral,46.06,-19.81,-3.63,-63.13,7.46,13.67,engulfing_bullish,195.44,-2.05,-1.02,268330.00,-1.95,10754771.00,-0.93,204.00,-0.04,709250.00,245.78,0.00,0.00,41.29,5.37,0.00,0.00,7.12,57496932023.88,42.43,0.00,457.78,212.37,212.09,214.66,208.70,153.45,294.33,415.00,144.00,288.00,-1.91,-0.72,-0.78,3337639038.00,569890186.00,906668849.00
[object Object],FAST,Fastenal Company,NASDAQ,47.93,stock,common,100.00,1.00,false,0.00,USD,-1.68,7261173.00,1.34,54999563833.86,USD,40.79,1.18,13.57,1.97,Distribution services,america,Distribution Services,Neutral,Neutral,-1.68,-5.48,0.10,0.91,3.19,19.05,-2.86,72.01,343.28,151694.90,2.03,2.09,Sell,Sell,Sell,Sell,Sell,Sell,38.43,-3.51,0.30,-247.12,5.58,7.73,0.00,48.76,0.02,0.02,102.00,-0.25,7261173.00,29.03,48.00,0.14,1482396.00,-0.91,40.79,3.06,6.41,13.52,39.40,47.70,269.34,55236363833.86,6.31,31.12,28.26,50.16,49.87,48.57,46.76,45.27,49.25,59.00,42.00,48.00,1.27,0.33,0.34,9311600730.00,2338089163.00,2426150956.00
[object Object],MT,ArcelorMittal SA,EURONEXT,64.26,stock,common,100.00,2.00,false,0.00,EUR,0.82,1164526.00,0.82,54957918533.65,USD,31.57,2.32,-31.54,0.77,Non-energy minerals,netherlands,Non-Energy Minerals,Buy,Buy,0.82,1.61,4.49,4.01,29.17,64.98,125.47,125.12,288.96,-3.71,2.83,3.08,Buy,Buy,StrongBuy,Strong buy,Neutral,Neutral,58.94,2.02,2.26,20.39,77.45,79.83,0.00,0.00,0.00,0.00,0.00,-1.00,1164526.00,-6.38,64.26,0.00,402820.00,109.83,31.57,0.00,0.90,1.01,12.38,0.00,11.46,66644111081.61,1.08,25.41,11.74,63.43,62.38,59.86,57.38,51.01,75.07,93.49,55.22,75.70,4.46,0.00,0.00,67806991976.44,0.00,0.00
[object Object],KEYS,Keysight Technologies Inc,NYSE,321.58,stock,common,100.00,1.00,false,0.00,USD,0.72,685702.00,0.41,54956531349.23,USD,44.26,7.27,131.46,0.00,Electronic technology,america,Electronic Technology,Buy,Buy,0.72,-0.48,1.40,-6.58,14.60,56.63,101.13,78.92,945.45,1052.62,2.24,3.19,Sell,Sell,Sell,Sell,Neutral,Neutral,46.48,2.13,-6.29,-65.00,24.06,24.68,0.00,0.00,0.00,0.00,0.00,-0.39,685702.00,-17.57,321.00,-0.18,153228.00,93.84,44.26,0.33,8.39,8.33,34.68,37.87,21.36,55097531349.23,8.37,36.71,29.09,319.46,327.66,327.35,336.42,287.04,422.60,452.00,400.00,425.00,11.49,2.48,3.37,7107911824.00,1745749205.00,1945805520.00
[object Object],FIX,"Comfort Systems USA, Inc.",NYSE,1560.13,stock,common,100.00,1.00,false,0.00,USD,0.37,326167.00,0.82,54907727250.42,USD,38.38,40.65,108.89,0.19,Industrial services,america,Industrial Services,StrongBuy,Strong buy,0.37,-0.33,-6.82,-14.09,20.94,66.25,127.09,1968.04,5399.22,9650.81,3.77,4.38,Sell,Sell,StrongSell,Strong sell,Buy,Buy,41.00,-135.93,-131.96,-106.85,12.61,10.25,long_lower_shadow_bullish,1550.50,-0.25,-0.86,295.00,-0.09,326167.00,-6.74,1559.00,-0.07,43960.00,121.95,38.38,0.35,4.88,17.07,21.60,25.51,28.85,53371242250.42,4.75,28.89,26.65,1590.97,1679.68,1726.56,1786.76,1485.05,2197.00,2500.00,1910.00,2165.50,49.01,10.45,12.81,12982328225.00,2989210050.00,3393712850.00
[object Object],BAS,BASF SE,XETR,53.38,stock,common,100.00,1.00,false,0.00,EUR,0.66,1507806.00,0.88,54864986731.55,USD,8.03,7.60,1430.04,4.24,Process industries,germany,Process Industries,Neutral,Neutral,0.66,3.09,6.33,4.14,14.30,20.01,18.39,-17.48,-27.26,887.60,1.74,1.73,Buy,Buy,StrongBuy,Strong buy,Neutral,Neutral,65.85,1.59,1.88,182.11,84.23,82.61,0.00,52.92,-0.21,-0.34,310.00,-0.06,1507806.00,-15.13,53.29,-0.17,661906.00,18.08,8.03,0.01,0.75,1.27,9.78,44.30,5.87,75955289591.55,1.08,16.69,8.80,52.25,51.11,49.82,50.70,48.80,61.69,74.64,46.65,65.31,3.59,0.94,0.49,74625461724.70,18773158068.33,18207976925.00
[object Object],SRE,Sempra,NYSE,83.79,stock,common,100.00,1.00,false,0.00,USD,-0.56,6498596.00,1.44,54790315119.61,USD,24.28,3.45,-16.44,3.09,Utilities,america,Utilities,Buy,Buy,-0.56,-0.39,-5.15,-6.42,-9.40,-5.56,2.18,25.15,60.06,795.55,2.88,2.38,Sell,Sell,StrongSell,Strong sell,Buy,Buy,43.02,-1.80,-3.74,-90.26,42.81,36.71,0.00,84.05,-0.25,0.05,474.00,-0.80,6498596.00,1.30,84.46,0.80,1461351.00,1.88,24.28,0.00,4.15,1.68,10.15,0.00,1099.23,102025315119.61,7.66,30.28,17.37,84.30,86.42,89.12,90.65,91.09,102.63,118.00,84.00,102.50,5.11,1.06,1.10,13599926413.00,3138223267.00,3206723372.00
[object Object],DVN,Devon Energy Corporation,NYSE,49.03,stock,common,100.00,1.00,false,0.00,USD,-0.04,8496034.00,0.91,53932999161.34,USD,11.61,4.22,-5.41,2.12,Energy minerals,america,Energy Minerals,StrongBuy,Strong buy,-0.04,6.10,11.18,7.50,9.13,33.67,36.19,71.43,13.55,812.19,2.22,2.39,Buy,Buy,StrongBuy,Strong buy,Neutral,Neutral,63.89,0.84,2.33,84.08,85.09,75.94,0.00,48.09,-1.96,0.53,39252.00,-1.28,8496034.00,-17.40,49.20,0.35,2285563.00,133.38,11.61,0.00,2.33,1.35,5.36,30.38,45.68,64816999161.34,3.27,13.43,7.27,48.14,45.92,44.58,45.51,43.38,60.11,68.00,44.00,62.00,5.14,1.40,1.20,23873135996.00,6010442805.00,6435802007.00
[object Object],EOAN,E.ON SE,XETR,17.46,stock,common,1000.00,5.00,false,0.00,EUR,-1.50,3860509.00,0.96,53689978851.39,USD,13.52,1.48,7.19,3.22,Utilities,germany,Utilities,Buy,Buy,-1.50,-1.85,-8.37,-3.78,-7.52,8.14,16.40,55.89,140.24,247.26,2.07,2.15,StrongSell,Strong sell,StrongSell,Strong sell,Sell,Sell,38.51,0.09,-0.70,-50.64,34.43,34.22,0.00,17.68,-0.28,-0.20,154.00,0.14,3860509.00,8.18,17.52,0.37,1710918.00,20.46,13.52,1.91,0.62,2.15,5.98,0.00,9.90,105780499881.39,1.23,17.63,10.08,17.63,18.30,18.52,18.44,17.99,24.50,27.80,19.69,25.02,1.28,0.35,0.20,93133913727.43,0.00,0.00
[object Object],NDAQ,"Nasdaq, Inc.",NASDAQ,95.72,stock,common,100.00,1.00,false,0.00,USD,-1.87,4640617.00,1.62,53505313014.61,USD,27.89,3.43,31.85,1.15,Finance,america,Finance,StrongBuy,Strong buy,-1.87,-2.75,0.82,7.79,10.07,-1.57,2.63,44.66,303.15,1814.40,2.04,1.90,Sell,Sell,Sell,Sell,Sell,Sell,48.26,-0.63,2.71,-65.04,41.02,58.13,0.00,97.58,0.04,-0.31,203.00,0.01,4640617.00,41.66,94.29,-1.49,1165217.00,1.53,27.89,0.89,6.36,4.49,24.20,27.85,99.53,62281313014.61,7.15,23.24,18.71,98.33,96.10,92.04,90.45,90.27,111.25,135.00,90.00,110.50,4.13,0.98,1.02,5911347101.00,1455134271.00,1471533974.00
[object Object],AME,"AMETEK, Inc.",NYSE,233.19,stock,common,100.00,1.00,false,0.00,USD,0.81,1250797.00,0.87,53461431584.09,USD,34.09,6.84,10.33,0.56,Producer manufacturing,america,Producer Manufacturing,Buy,Buy,0.81,-4.04,-3.48,1.96,4.41,13.20,26.77,73.03,377.95,23884.89,2.11,2.18,Sell,Sell,StrongSell,Strong sell,Buy,Buy,37.89,-10.03,-7.47,-127.20,7.05,6.73,0.00,0.00,0.00,0.00,0.00,0.74,1250797.00,-18.92,233.19,0.00,218788.00,24.25,34.09,3.27,6.76,4.75,27.65,29.73,108.19,55276929584.09,7.03,26.57,22.11,238.75,245.20,241.44,235.89,225.55,281.65,316.00,245.00,282.00,8.33,1.99,2.10,8184054610.00,1954008474.00,2073363966.00
[object Object],TER,"Teradyne, Inc.",NASDAQ,341.62,stock,common,100.00,1.00,false,0.00,USD,1.84,1811938.00,0.80,53409123611.63,USD,46.87,7.29,152.83,0.15,Electronic technology,america,Electronic Technology,Buy,Buy,1.84,-6.70,-5.08,-13.83,16.54,71.42,194.02,183.64,1521.36,32532.36,4.35,5.46,Neutral,Neutral,StrongSell,Strong sell,Buy,Buy,41.41,-38.03,-18.55,-135.59,6.70,7.49,0.00,333.00,-0.73,-0.76,4761.00,-0.43,1811938.00,-29.95,341.00,-0.18,279672.00,173.36,46.87,0.30,11.85,15.54,50.59,67.34,151.82,53190572611.63,11.92,38.60,35.23,360.73,372.19,376.00,375.56,314.50,455.92,550.00,390.00,450.00,9.21,2.09,2.08,5145478843.00,1219548062.00,1259579400.00
[object Object],GRMN,Garmin Ltd.,NYSE,276.04,stock,common,100.00,1.00,false,0.00,USD,0.32,972132.00,1.03,53235013268.90,USD,28.47,9.70,19.64,1.25,Electronic technology,america,Electronic Technology,Neutral,Neutral,0.32,-3.77,-7.16,15.22,16.62,35.53,16.13,57.14,460.94,3391.42,2.32,2.35,Neutral,Neutral,Sell,Sell,Buy,Buy,40.13,-19.63,-2.13,-157.12,7.90,5.82,long_lower_shadow_bullish,0.00,0.00,0.00,0.00,-0.01,972132.00,24.28,276.04,0.00,173982.00,17.67,28.47,1.44,6.94,5.90,26.99,33.38,20.03,50746780268.90,6.62,23.96,21.95,286.70,290.51,270.93,257.20,237.52,316.20,370.00,289.00,297.00,10.17,2.30,2.39,8109678110.00,1925932931.00,1988650000.00
[object Object],RWE,RWE AG,XETR,58.10,stock,common,100.00,2.00,false,0.00,EUR,-0.82,1502632.00,1.51,52965167669.96,USD,13.45,4.93,23.51,2.05,Utilities,germany,Utilities,StrongBuy,Strong buy,-0.82,-0.03,2.47,1.93,10.54,28.43,68.90,73.07,288.50,476.49,2.37,2.48,Buy,Buy,StrongBuy,Strong buy,Buy,Buy,52.72,1.00,0.85,26.58,54.15,61.00,0.00,58.42,-0.27,-0.27,25.00,0.24,1502632.00,0.71,58.12,0.03,605463.00,81.04,13.45,0.58,3.01,1.14,7.38,0.00,3.53,75150905079.96,4.33,1400.06,21.58,57.97,57.50,57.16,57.20,53.98,78.31,86.87,63.71,78.76,3.51,0.72,0.77,21977626324.74,0.00,0.00
[object Object],COHR,Coherent Corp.,NYSE,268.64,stock,common,100.00,1.00,false,0.00,USD,-1.25,4171174.00,0.74,52608374026.86,USD,65.33,4.11,0.00,0.00,Electronic technology,america,Electronic Technology,Buy,Buy,-1.25,-6.15,5.41,-32.62,12.19,42.89,208.39,327.91,1164.78,66026.77,4.11,7.65,Sell,Sell,StrongSell,Strong sell,Neutral,Neutral,41.38,-18.83,-19.39,-98.02,10.24,14.49,spinning_top_white,268.25,-1.39,-1.14,51228.00,-1.44,4171174.00,-24.41,268.95,0.12,318211.00,286.66,65.33,0.00,7.73,4.82,683.14,0.00,26.86,54475899026.86,7.65,55.50,36.24,283.06,297.86,312.19,336.86,275.10,415.56,500.00,280.00,420.00,9.44,1.62,1.97,10608166525.00,1984608374.00,2298413971.00
[object Object],CPG,Compass Group PLC,LSE,30.42,stock,common,100.00,1.00,false,0.00,USD,-1.39,2108500.00,1.09,52454663869.00,USD,25.62,1.19,38.09,2.19,Consumer services,uk,Consumer Services,Buy,Buy,-1.39,-1.20,-5.09,-5.53,2.61,0.23,-5.10,56.44,63.55,225.09,2.72,2.44,Sell,Sell,StrongSell,Strong sell,Sell,Sell,40.84,-1.03,-1.01,-90.98,27.30,23.98,0.00,0.00,0.00,0.00,0.00,-1.59,2108500.00,-19.68,30.42,0.00,1401725.00,-8.89,25.62,0.68,1.08,6.51,13.93,16.86,98.82,61187663869.11,1.26,17.64,12.15,30.78,31.60,31.78,31.34,30.16,38.72,43.00,32.00,40.00,1.48,0.71,0.75,50653014785.00,24724205250.00,25714562000.00
[object Object],MBG,Mercedes-Benz Group AG,XETR,46.38,stock,common,1000.00,5.00,false,0.00,EUR,-1.26,1860768.00,0.87,52427366958.22,USD,8.84,6.00,-24.21,7.45,Consumer durables,germany,Consumer Durables,Buy,Buy,-1.26,3.83,-1.71,-7.39,-16.84,-22.76,-13.74,-21.39,-11.42,108.14,2.66,1.91,Neutral,Neutral,Buy,Buy,Neutral,Neutral,52.98,1.36,0.32,47.58,80.34,84.08,0.00,46.54,-0.92,-0.71,221.00,-0.62,1860768.00,-7.79,46.31,-0.14,908498.00,-11.41,8.84,0.00,0.35,0.48,3.21,5.56,2.52,151614618498.22,1.03,20.95,9.77,45.77,46.13,45.56,47.56,52.47,65.05,84.62,41.73,64.34,6.37,1.44,1.59,152482241245.69,36410837115.79,37026103772.29
[object Object],EW,Edwards Lifesciences Corporation,NYSE,90.82,stock,common,100.00,1.00,false,0.00,USD,0.09,2595722.00,0.91,52348648984.87,USD,53.89,1.69,15.05,0.00,Health technology,america,Health Technology,Buy,Buy,0.09,0.59,4.52,3.94,9.42,6.27,12.47,-24.32,135.90,7046.50,2.04,2.09,Buy,Buy,StrongBuy,Strong buy,Neutral,Neutral,54.09,-1.46,1.94,17.83,41.45,35.95,0.00,91.59,0.94,0.13,1680.00,0.80,2595722.00,2.20,90.82,0.00,654763.00,8.95,53.89,3.58,8.05,4.93,30.49,36.59,12.33,48904848984.87,7.51,26.32,24.17,90.42,89.32,89.63,86.60,84.90,102.17,110.00,85.00,102.00,3.00,0.74,0.74,6769988055.00,1700167871.00,1676303104.00
[object Object],STT,State Street Corporation,NYSE,190.04,stock,common,100.00,1.00,false,0.00,USD,1.20,1126444.00,0.86,52204319028.25,USD,16.76,11.34,27.10,1.79,Finance,america,Finance,Buy,Buy,1.20,-1.61,3.19,20.26,55.20,47.79,67.29,106.05,169.41,58691.86,2.07,1.99,Buy,Buy,StrongBuy,Strong buy,Neutral,Neutral,54.24,4.23,4.77,16.01,52.25,62.67,0.00,0.00,0.00,0.00,0.00,-0.11,1126444.00,-4.46,190.04,0.00,274306.00,60.55,16.76,0.61,3.81,2.11,0.00,0.00,0.00,81944319028.25,3.76,0.00,0.00,190.36,187.51,183.47,169.55,148.19,202.93,215.00,187.00,200.00,13.64,3.34,3.61,15874032565.00,3882662607.00,4002507674.00
[object Object],DAL,"Delta Air Lines, Inc.",NYSE,78.14,stock,common,100.00,1.00,false,0.00,USD,2.30,4895912.00,0.92,51386658265.45,USD,12.98,6.02,-12.69,1.02,Transportation,america,Transportation,StrongBuy,Strong buy,2.30,-7.58,-12.40,-2.67,31.73,11.87,29.07,93.18,111.19,243.47,2.63,2.34,Sell,Sell,StrongSell,Strong sell,Buy,Buy,35.30,-5.15,-6.69,-110.14,6.00,3.40,0.00,77.20,1.07,0.05,38645.00,1.47,4895912.00,-25.46,78.41,0.34,590602.00,25.84,12.98,0.00,0.74,2.36,6.32,15.08,10.82,66619658265.45,0.98,12.08,8.28,80.64,85.98,87.05,81.00,73.97,107.59,125.00,95.00,105.00,6.50,1.49,2.09,66437595718.00,17546620902.00,17591817823.00
[object Object],BDX,"Becton, Dickinson and Company",NYSE,187.52,stock,common,100.00,1.00,false,0.00,USD,0.21,1474453.00,0.84,51077973335.28,USD,56.56,3.32,-40.38,2.24,Health technology,america,Health Technology,Buy,Buy,0.21,-0.51,11.79,25.95,11.45,22.82,23.80,-3.48,37.73,6267.55,1.84,2.24,Buy,Buy,StrongBuy,Strong buy,Neutral,Neutral,64.72,-0.08,13.63,61.78,58.59,65.83,"gravestone_doji_bearish,long_upper_shadow_bearish,shooting_star_bearish",187.14,0.01,0.01,107.00,0.17,1474453.00,15.21,187.52,0.00,344375.00,-5.49,56.56,0.00,2.47,2.09,15.82,20.37,59.72,67021973335.28,3.22,22.11,12.76,189.08,178.34,168.54,158.50,159.43,193.00,210.00,170.00,195.00,12.67,3.14,4.07,19290421887.00,4887136303.00,5114532967.00
[object Object],ANTO,Antofagasta plc,LSE,3849.00,stock,common,1.00,1.00,false,0.00,GBX,0.55,633338.00,0.61,50996160543.88,USD,30.78,1.66,46.11,1.25,Non-energy minerals,uk,Non-Energy Minerals,Neutral,Neutral,0.55,-4.68,3.69,-9.71,0.08,16.67,79.19,170.77,671.34,5731.82,3.92,3.97,Buy,Buy,Buy,Buy,Buy,Buy,50.03,294.00,192.28,-28.62,61.28,71.62,0.00,0.00,0.00,0.00,0.00,-2.04,633338.00,-38.76,3849.00,0.00,369162.00,79.63,30.78,0.66,5.45,4.68,13.66,1184.58,12.11,59443503621.70,6.47,14.65,10.54,3907.30,3811.27,3778.72,3848.03,3640.02,51.04,62.14,34.45,53.90,1.91,0.73,1.03,10181229519.61,4451399000.00,5383449333.00
[object Object],SHL,Siemens Healthineers AG,XETR,39.46,stock,common,100.00,1.00,false,0.00,EUR,0.41,904218.00,1.35,50831027392.71,USD,19.99,2.25,2.35,2.54,Health technology,germany,Health Technology,Buy,Buy,0.41,-0.25,3.95,16.23,-2.98,-12.06,-17.27,-34.08,35.60,35.60,1.49,1.60,Buy,Buy,StrongBuy,Strong buy,Sell,Sell,58.00,-0.52,1.13,-49.27,31.21,31.64,0.00,39.21,-0.23,-0.23,3.00,-0.36,904218.00,-2.96,39.72,0.66,498807.00,-15.05,19.99,8.46,1.90,2.31,14.58,19.94,18.71,65556217962.71,2.48,16.69,12.45,39.60,38.62,37.05,36.02,38.85,52.35,66.49,41.70,52.70,2.77,0.60,0.80,27625988465.10,6472168929.51,7859255972.69
[object Object],ADSK,"Autodesk, Inc.",NASDAQ,241.73,stock,common,100.00,1.00,false,0.00,USD,-2.41,1478046.00,0.71,50521570497.73,USD,31.31,7.72,60.06,0.00,Technology services,america,Technology Services,StrongBuy,Strong buy,-2.41,-1.44,0.89,2.22,-7.57,-18.33,-22.77,-21.13,258.54,48246.48,3.72,3.51,Sell,Sell,Sell,Sell,Sell,Sell,47.34,-9.56,15.85,-134.73,26.58,48.59,0.00,246.92,-0.31,-0.07,3521.00,-0.40,1478046.00,-18.54,241.73,0.00,282656.00,-23.85,31.31,0.53,6.69,14.93,17.61,17.97,12.28,50071570497.73,6.41,27.39,24.53,254.44,244.91,229.21,230.20,247.68,315.93,375.00,265.00,320.00,12.57,3.12,3.07,8324786035.00,2012017290.00,2133886687.00
[object Object],VMRK,Vivmark Residential,NYSE,64.91,stock,common,100.00,1.00,false,0.00,USD,-0.57,4378704.00,0.79,50226001335.26,USD,28.49,2.28,-12.81,4.27,Finance,america,Finance,Buy,Buy,-0.57,-4.02,-1.98,-3.16,3.99,4.16,-1.14,-24.35,0.02,367.82,1.79,2.01,Sell,Sell,StrongSell,Strong sell,Sell,Sell,43.11,0.56,-1.33,-65.63,34.51,37.58,0.00,65.00,-0.43,-0.43,100.00,0.46,4378704.00,-21.20,64.90,-0.02,1323205.00,106.63,28.49,0.00,7.94,2.32,15.86,20.63,684.45,58840019335.26,18.64,64.67,30.70,66.09,66.36,67.27,66.18,63.82,73.18,80.00,70.00,72.00,1.29,0.44,0.38,3161296596.00,787277663.00,795910595.00
[object Object],DGE,Diageo plc,LSE,1693.00,stock,common,10.00,5.00,false,0.00,GBX,1.29,3510911.00,0.85,50225700649.50,USD,29.11,0.77,-28.90,3.76,Consumer non-durables,uk,Consumer Non-Durables,Buy,Buy,1.29,-1.97,4.22,14.97,10.15,5.71,-16.97,-52.45,-18.84,185.98,2.15,2.74,Buy,Buy,Buy,Buy,Neutral,Neutral,50.61,5.00,33.52,-94.05,25.66,29.28,0.00,0.00,0.00,0.00,0.00,-0.12,3510911.00,-36.37,1693.00,0.00,1444941.00,-18.06,29.11,0.00,2.54,4.60,11.53,15.85,24.78,72891091947.36,3.76,12.98,11.48,1715.00,1689.63,1631.22,1572.08,1598.76,27.03,33.76,18.86,27.25,1.62,0.64,0.99,18788608791.72,9147931667.00,10288467000.00
[object Object],CIEN,Ciena Corporation,NYSE,354.16,stock,common,100.00,1.00,false,0.00,USD,-1.71,2843035.00,1.86,50132379386.69,USD,117.88,3.00,318.48,0.00,Electronic technology,america,Electronic Technology,Buy,Buy,-1.71,-8.54,-2.97,-35.89,20.13,46.95,282.13,521.55,1486.74,206.63,5.13,5.99,StrongSell,Strong sell,StrongSell,Strong sell,Neutral,Neutral,39.08,-45.31,-14.60,-169.14,9.61,15.80,0.00,362.00,0.46,-0.69,5323.00,-0.85,2843035.00,25.73,356.42,0.64,301627.00,286.37,117.88,0.38,9.47,17.34,50.17,62.23,43.08,50510125386.69,9.07,80.99,64.28,382.75,392.97,410.93,465.43,375.89,574.13,720.00,413.00,562.50,6.55,1.46,1.73,6336425302.00,1504711466.00,1637225504.00
[object Object],CBK,Commerzbank AG,XETR,40.68,stock,common,100.00,1.00,false,0.00,EUR,1.70,1634117.00,0.73,50116289145.80,USD,14.69,3.16,20.12,2.75,Finance,germany,Finance,Buy,Buy,1.70,1.70,7.48,11.76,29.93,13.06,21.54,650.97,518.24,-55.16,2.02,1.90,StrongBuy,Strong buy,StrongBuy,Strong buy,Buy,Buy,60.40,2.08,1.42,109.93,72.56,70.24,0.00,39.61,-0.98,-0.95,201.00,0.00,1634117.00,-1.81,40.54,-0.34,606235.00,18.13,14.69,0.72,3.18,1.45,0.00,0.00,0.00,-12227267434.20,0.00,0.00,0.00,39.92,38.97,38.51,37.42,35.58,49.42,53.32,44.05,49.85,3.70,0.83,0.93,15650710023.10,3716100393.66,3872220195.29
[object Object],ELE,Endesa S.A.,BME,41.14,stock,common,100.00,1.00,false,0.00,EUR,-2.09,844725.00,1.47,50115718747.81,USD,16.20,2.90,26.14,3.05,Utilities,spain,Utilities,Neutral,Neutral,-2.09,-2.37,-2.56,13.65,24.03,34.44,59.70,98.07,125.80,108.83,1.94,1.46,Sell,Sell,Sell,Sell,Sell,Sell,46.62,-0.14,0.47,-52.92,51.64,66.59,0.00,0.00,0.00,0.00,0.00,0.64,844725.00,0.03,0.00,0.00,0.00,59.40,16.20,0.63,2.04,5.17,9.79,16.40,152.02,63802275077.81,2.64,13.95,9.16,41.81,41.61,40.80,38.98,35.73,42.72,51.31,31.85,43.26,2.80,0.69,0.76,25732262287.28,5402608847.81,5507174715.47
[object Object],ETR,Entergy Corporation,NYSE,106.75,stock,common,100.00,1.00,false,0.00,USD,-0.25,3355281.00,1.80,49812911088.89,USD,27.29,3.91,-2.65,2.39,Utilities,america,Utilities,Buy,Buy,-0.25,0.32,-0.23,-2.70,2.16,15.32,21.82,89.29,173.19,745.54,1.79,1.92,Sell,Sell,Sell,Sell,Neutral,Neutral,45.32,-1.21,-2.62,-23.32,39.80,35.10,0.00,0.00,0.00,0.00,0.00,0.08,3355281.00,46.31,106.75,0.00,845600.00,27.98,27.29,0.00,3.70,2.73,8.19,0.00,12.92,80897164088.89,6.00,26.99,14.43,106.35,108.05,110.61,111.37,105.38,124.71,137.00,105.00,126.00,4.40,1.01,1.66,13969841675.00,3490670695.00,4152173127.00
[object Object],XYZ,"Block, Inc. Class A",NYSE,82.46,stock,common,100.00,1.00,false,0.00,USD,5.88,5975345.00,1.36,49541717141.81,USD,146.80,0.56,-87.98,0.00,Commercial services,america,Commercial Services,Buy,Buy,5.88,0.56,2.13,16.45,24.45,25.47,7.36,-69.73,584.32,636.25,4.30,3.46,Buy,Buy,StrongBuy,Strong buy,Neutral,Neutral,53.09,1.53,1.20,-11.17,35.78,46.49,0.00,77.00,-1.13,-0.42,3301.00,-1.18,5975345.00,15.83,82.50,0.05,1260120.00,0.69,146.80,0.00,1.89,2.25,12.37,12.93,6.64,49117416141.81,1.96,11.15,10.26,82.02,81.20,80.01,75.50,68.55,98.80,125.00,75.00,100.00,4.06,0.87,1.03,26001263320.00,6474087248.00,6583892126.00
[object Object],FITB,Fifth Third Bancorp,NYSE,54.40,stock,common,100.00,1.00,false,0.00,USD,2.62,4413344.00,0.88,49334954687.67,USD,18.52,2.94,-8.56,3.02,Finance,america,Finance,Buy,Buy,2.62,-1.29,-3.92,8.73,14.19,16.12,20.42,41.26,169.04,1429060.66,2.11,1.91,Neutral,Neutral,Sell,Sell,Neutral,Neutral,41.44,-0.56,-2.30,-86.90,9.45,7.88,0.00,53.79,1.47,0.19,4680.00,0.75,4413344.00,12.11,54.32,-0.15,833671.00,59.39,18.52,0.00,4.38,1.53,12.39,15.04,0.00,69411954687.67,4.56,0.00,0.00,54.48,56.29,56.63,53.55,50.77,63.05,70.00,55.00,63.50,3.06,0.84,0.84,12867112162.00,3244341304.00,3338837639.00
[object Object],DNB,DNB Bank ASA,OSL,319.80,stock,common,10.00,1.00,false,0.00,NOK,0.31,1190173.00,0.95,49234180655.94,USD,11.57,2.79,-7.52,5.65,Finance,norway,Finance,Neutral,Neutral,0.31,1.81,4.75,12.29,7.57,13.28,19.91,70.11,212.92,920.55,1.19,1.10,Buy,Buy,StrongBuy,Strong buy,Neutral,Neutral,70.13,11.10,9.78,143.81,86.40,87.50,spinning_top_white,0.00,0.00,0.00,0.00,0.06,1190173.00,-19.00,319.80,0.00,735446.00,16.99,11.57,0.00,4.90,1.80,11.15,11.78,0.00,166265492655.94,8.51,0.00,0.00,315.14,309.12,303.94,296.30,290.36,33.41,35.91,29.91,33.61,2.63,0.65,0.71,8865304745.83,2243480096.73,2375356248.40
[object Object],AMP,"Ameriprise Financial, Inc.",NYSE,551.85,stock,common,100.00,1.00,false,0.00,USD,1.70,419274.00,1.13,48746689565.39,USD,13.31,41.46,28.98,1.22,Finance,america,Finance,Buy,Buy,1.70,-1.34,0.98,24.14,19.47,12.62,8.27,101.71,443.75,1351.47,2.15,1.89,Buy,Buy,Buy,Buy,Neutral,Neutral,51.90,-7.93,4.10,-99.22,21.02,27.80,0.00,0.00,0.00,0.00,0.00,0.29,419274.00,-10.41,551.85,0.00,76565.00,-0.85,13.31,0.45,2.54,7.67,6.12,6.24,5.00,45030689565.39,2.27,8.37,8.45,554.70,553.30,531.20,496.19,486.44,582.90,645.00,489.00,578.50,46.47,10.81,11.79,20014486280.00,4865049629.00,5090225586.00
[object Object],CMG,"Chipotle Mexican Grill, Inc.",NYSE,38.52,stock,common,100.00,1.00,false,0.00,USD,2.69,11655027.00,0.77,48743897975.25,USD,35.53,1.08,-4.17,0.00,Consumer services,america,Consumer Services,Buy,Buy,2.69,3.55,0.44,32.37,4.31,3.41,-7.87,0.95,363.19,4180.00,2.44,3.41,Buy,Buy,StrongBuy,Strong buy,Neutral,Neutral,64.80,3.86,2.89,100.21,92.05,92.41,0.00,37.75,0.65,-0.27,13444.00,0.48,11655027.00,10.52,38.60,0.21,2039024.00,-15.21,35.53,0.00,3.86,22.20,21.17,31.40,72.68,53485236975.25,4.31,27.94,23.33,37.43,35.06,34.66,33.59,34.79,44.05,53.00,36.00,43.50,1.15,0.32,0.29,13025308210.00,3331365806.00,3277988959.00
[object Object],LHX,L3Harris Technologies Inc,NYSE,261.31,stock,common,100.00,1.00,false,0.00,USD,-0.85,1411385.00,0.84,48659740560.43,USD,26.39,9.90,10.54,1.86,Electronic technology,america,Electronic Technology,Buy,Buy,-0.85,0.51,-5.66,-15.24,-27.41,-11.12,-5.86,12.46,180.32,7438.62,2.13,2.11,StrongSell,Strong sell,StrongSell,Strong sell,Neutral,Neutral,34.74,-15.80,-16.99,-78.77,15.00,15.43,0.00,265.01,0.55,0.24,1667.00,0.36,1411385.00,5.28,263.00,0.65,210572.00,-4.65,26.39,2.52,2.15,2.45,14.87,17.43,32.18,59105740560.43,2.58,23.21,15.82,264.10,280.11,283.82,299.48,314.38,350.77,443.00,269.00,350.00,11.94,2.80,2.98,23581037764.00,5811507604.00,5960282323.00
[object Object],SAND,Sandvik AB,OMXSTO,370.10,stock,common,10.00,1.00,false,0.00,SEK,-1.02,1638907.00,0.91,48589940220.16,USD,27.57,1.38,16.38,1.60,Producer manufacturing,sweden,Producer Manufacturing,Neutral,Neutral,-1.02,-6.14,2.75,-2.55,-1.49,23.12,54.66,68.15,296.89,816.09,2.34,2.15,Sell,Sell,StrongSell,Strong sell,Neutral,Neutral,46.88,11.60,20.89,-25.12,47.98,63.37,0.00,0.00,0.00,0.00,0.00,-0.62,1638907.00,-11.07,0.00,0.00,0.00,59.11,27.57,1.70,3.63,4.62,21.66,26.30,128.31,52690117420.16,3.97,20.68,15.74,384.15,367.44,373.14,378.10,357.02,41.48,48.22,31.11,42.00,1.82,0.45,0.46,15649511905.03,3704462641.34,3782295597.76
[object Object],LONN,Lonza Group AG,SIX,583.40,stock,common,10.00,2.00,false,0.00,CHF,0.97,107310.00,0.94,48499591522.22,USD,0.00,-1.92,-115.18,0.87,Health technology,switzerland,Health Technology,Buy,Buy,0.97,-1.39,3.11,20.36,13.46,9.50,2.35,-24.68,235.73,577.27,1.50,1.72,Buy,Buy,StrongBuy,Strong buy,Neutral,Neutral,55.90,4.20,12.08,48.33,55.02,58.09,0.00,0.00,0.00,0.00,0.00,0.03,107310.00,7.85,583.40,0.00,57579.00,2.52,0.00,0.00,6.39,5.02,28.28,189.78,83.79,53071661922.22,6.78,27.59,19.93,585.74,571.97,569.50,532.82,529.50,832.43,1027.55,541.46,830.65,22.88,10.68,11.45,8979728277.14,4196165834.24,4595255744.67
[object Object],WDAY,"Workday, Inc. Class A",NASDAQ,200.87,stock,common,100.00,1.00,false,0.00,USD,1.26,2778947.00,0.60,48409671191.77,USD,40.77,4.93,127.88,0.00,Technology services,america,Technology Services,Buy,Buy,1.26,6.74,21.12,31.56,37.21,-6.66,-11.70,-26.36,124.84,318.04,5.56,5.55,Buy,Buy,StrongBuy,Strong buy,Neutral,Neutral,62.11,2.45,23.79,76.09,51.31,49.11,0.00,194.10,-2.16,-1.20,2886.00,-0.08,2778947.00,-23.73,201.69,0.41,352974.00,-21.77,40.77,0.31,4.81,7.49,16.06,17.40,14.51,48771671191.77,4.80,37.95,29.58,197.66,180.55,162.37,145.07,160.45,211.14,275.00,92.00,218.00,11.07,2.61,2.74,10667776600.00,2636157385.00,2691598292.00
[object Object],HONA,Honeywell Aerospace Inc,NASDAQ,152.55,stock,common,100.00,1.00,false,0.00,USD,-1.10,2770404.00,0.76,48351140420.14,USD,0.00,0.00,0.00,0.00,Electronic technology,america,Electronic Technology,Buy,Buy,-1.10,-4.96,-25.22,-23.72,-23.72,-23.72,-23.72,-23.72,-23.72,-23.72,3.01,4.71,Sell,Sell,StrongSell,Strong sell,Neutral,Neutral,35.33,-17.82,-22.83,-191.64,5.21,10.11,0.00,154.72,0.31,-0.16,1351.00,0.05,2770404.00,3.81,152.92,0.24,282414.00,0.00,0.00,0.00,0.00,0.00,0.00,0.00,45.74,63254140420.14,0.00,0.00,0.00,160.42,177.54,194.73,0.00,0.00,215.25,250.00,175.00,211.50,0.00,2.12,1.94,0.00,4609269572.00,4586986364.00
[object Object],VTR,"Ventas, Inc.",NYSE,92.06,stock,common,100.00,1.00,false,0.00,USD,-0.01,2792032.00,0.97,48271324829.52,USD,168.86,0.55,26.06,2.17,Finance,america,Finance,Buy,Buy,-0.01,-2.00,-1.10,15.26,9.18,18.99,35.70,62.11,26.44,5598.89,1.93,2.08,Neutral,Neutral,Buy,Buy,Sell,Sell,49.17,0.21,-1.41,5.96,50.87,58.35,doji,0.00,0.00,0.00,0.00,-0.11,2792032.00,-16.71,92.06,0.00,853095.00,52.54,168.86,6.48,7.11,3.22,24.82,31.78,204.72,61589010829.52,9.56,64.48,26.10,92.65,93.01,92.67,88.91,85.04,102.24,113.00,90.00,102.00,0.58,0.14,0.16,6941992698.00,1680769614.00,1771338553.00
[object Object],PKN,ORLEN Spolka Akcyjna,GPW,158.00,stock,common,100.00,2.00,false,0.00,PLN,1.58,1830663.00,1.42,48247276749.51,USD,8.73,4.81,95.89,5.14,Energy minerals,poland,Energy Minerals,Neutral,Neutral,1.58,4.06,8.61,10.01,32.00,63.26,102.56,114.85,143.38,611.71,3.12,2.84,Buy,Buy,StrongBuy,Strong buy,Neutral,Neutral,62.07,2.58,1.72,140.23,75.77,57.23,0.00,0.00,0.00,0.00,0.00,1.07,1830663.00,33.00,0.00,0.00,0.00,100.21,8.73,0.09,0.63,1.24,4.19,13.97,5.83,50988913339.51,0.67,5.00,3.66,152.91,151.67,146.14,141.64,125.38,40.03,47.97,27.45,41.44,6.46,1.43,1.48,85493671779.64,22087649547.49,16934181316.83
[object Object],DSV,DSV A/S,OMXCOP,1310.00,stock,common,10.00,5.00,false,0.00,DKK,-1.17,516059.00,1.49,48176513110.61,USD,45.28,4.41,-35.38,0.53,Transportation,denmark,Transportation,StrongBuy,Strong buy,-1.17,-4.59,-6.96,-17.89,-21.58,-18.68,-7.88,-18.46,294.46,5620.52,2.27,2.17,StrongSell,Strong sell,StrongSell,Strong sell,Sell,Sell,33.16,-60.50,-61.53,-168.17,3.53,11.50,falling_window_bearish,0.00,0.00,0.00,0.00,-0.45,516059.00,-17.93,0.00,0.00,0.00,-3.84,45.28,0.00,1.09,2.49,25.38,32.02,31.09,61455806410.61,1.39,18.22,12.48,1367.00,1381.08,1480.90,1533.82,1575.58,315.81,355.58,273.64,318.86,10.01,2.36,2.72,46814298524.54,11316230927.46,11873185975.69
[object Object],VST,Vistra Corp.,NYSE,143.46,stock,common,100.00,1.00,false,0.00,USD,3.90,4741490.00,1.18,48150225407.58,USD,24.22,5.92,-6.01,0.66,Utilities,america,Utilities,StrongBuy,Strong buy,3.90,2.91,-3.57,-5.33,-12.76,-12.47,-22.26,647.58,598.44,341.42,3.29,3.50,Neutral,Neutral,Sell,Sell,Buy,Buy,49.86,0.76,-8.27,2.44,32.76,24.96,0.00,137.88,-0.14,0.58,16511.00,-0.19,4741490.00,10.36,143.56,0.07,508593.00,-26.39,24.22,0.00,2.66,16.03,9.50,21.58,102.24,70057225407.58,3.98,37.11,15.01,138.57,144.78,150.38,152.49,158.04,220.83,305.00,169.00,219.00,8.61,1.61,2.58,22467198501.00,5464233899.00,7154186225.00
[object Object],HUM,Humana Inc.,NYSE,400.97,stock,common,100.00,1.00,false,0.00,USD,1.54,1138232.00,1.07,48148601295.71,USD,37.97,10.56,-18.96,0.90,Health services,america,Health Services,Buy,Buy,1.54,2.81,9.85,19.24,120.97,56.60,31.64,-1.02,123.72,33534.22,2.80,3.39,StrongBuy,Strong buy,StrongBuy,Strong buy,Buy,Buy,60.64,22.95,8.49,209.61,64.39,56.21,0.00,395.00,0.03,0.05,1000.00,0.20,1138232.00,7.42,400.97,0.00,160136.00,27.15,37.97,0.00,0.33,2.51,19.13,24.92,0.00,62459601295.71,0.43,0.00,0.00,388.42,381.74,386.94,337.69,278.04,420.54,513.00,280.00,417.50,9.15,7.27,-1.00,162508639027.00,40580154030.00,40867092771.00
[object Object],UCB,UCB S.A.,EURONEXT,220.50,stock,common,10.00,1.00,false,0.00,EUR,0.92,202075.00,0.96,48122814381.86,USD,19.50,12.91,64.98,0.46,Health technology,belgium,Health Technology,StrongBuy,Strong buy,0.92,-1.52,-3.46,-11.91,-12.15,-6.61,11.00,123.63,197.37,390.00,2.66,2.53,Neutral,Neutral,Sell,Sell,Buy,Buy,45.55,2.70,-8.19,-18.61,44.52,40.18,0.00,0.00,0.00,0.00,0.00,0.00,202075.00,0.73,220.50,0.00,156889.00,10.49,19.50,0.30,4.97,3.61,23.18,29.62,53.66,51358113671.86,5.28,16.58,13.47,219.74,225.01,234.46,240.63,247.20,341.26,395.03,255.61,345.65,13.66,5.81,6.07,10221845733.65,4637909086.18,5084113059.60
[object Object],BN,Danone SA,EURONEXT,64.26,stock,common,100.00,2.00,false,0.00,EUR,-0.43,840373.00,0.88,48039311380.22,USD,21.30,3.45,5.84,3.49,Consumer non-durables,france,Consumer Non-Durables,Buy,Buy,-0.43,-1.83,-4.49,0.37,-7.96,-15.69,-9.72,5.21,-7.54,1991.34,1.13,1.41,Sell,Sell,StrongSell,Strong sell,Neutral,Neutral,33.54,-1.42,-3.16,-112.68,6.69,5.71,0.00,0.00,0.00,0.00,0.00,0.00,840373.00,-0.43,64.26,0.00,536831.00,-12.50,21.30,3.66,1.51,2.34,11.75,17.06,4.96,58666765300.22,1.87,12.80,9.76,65.20,67.13,69.20,67.01,69.82,92.80,109.48,71.45,91.04,4.65,2.15,2.31,33162989448.06,15789550530.00,16636115285.00
[object Object],GALD,Galderma Group AG,SIX,166.00,stock,common,100.00,5.00,false,0.00,CHF,-0.66,467560.00,1.32,47994264972.26,USD,57.16,3.59,110.71,0.21,Health technology,switzerland,Health Technology,StrongBuy,Strong buy,-0.66,-2.90,-6.21,1.87,5.40,1.22,18.49,172.13,172.13,172.13,2.27,2.57,Sell,Sell,StrongSell,Strong sell,Sell,Sell,37.04,-4.95,-5.15,-130.84,18.91,21.14,0.00,0.00,0.00,0.00,0.00,-0.09,467560.00,15.23,166.00,0.00,281702.00,20.95,57.16,0.52,8.40,5.84,42.24,47.22,57.59,49836308164.73,8.62,46.56,35.77,169.69,173.34,174.26,168.76,161.23,248.73,321.64,213.83,246.84,4.91,2.25,2.51,6536029626.75,3046913667.00,3267364500.00
[object Object],AZO,"AutoZone, Inc.",NYSE,2934.52,stock,common,100.00,1.00,false,0.00,USD,-1.06,313684.00,1.08,47907083570.90,USD,20.18,145.45,-1.56,0.00,Retail trade,america,Retail Trade,StrongBuy,Strong buy,-1.06,-2.62,-3.18,-5.03,-22.08,-13.06,-30.10,90.73,294.30,39859.42,1.95,2.28,StrongSell,Strong sell,StrongSell,Strong sell,Sell,Sell,41.92,-142.37,-66.20,-108.44,23.51,24.44,0.00,2964.99,-0.03,-0.03,17.00,0.02,313684.00,-0.50,2933.52,-0.03,19471.00,-30.76,20.18,0.00,2.50,0.00,16.10,30.28,156.39,60222034570.90,3.01,16.72,14.12,2974.16,3021.80,3040.24,3182.85,3390.24,3952.82,4800.00,3200.00,3989.50,151.10,36.22,54.58,20462975577.00,4861511938.00,6721704750.00
[object Object],ORA,Orange SA,EURONEXT,15.53,stock,common,1000.00,5.00,false,0.00,EUR,0.13,4118738.00,0.69,47804350427.30,USD,10.27,1.73,256.29,4.84,Communications,france,Communications,Buy,Buy,0.13,-2.36,-5.71,-11.79,-11.26,9.37,12.37,61.65,13.81,-36.86,2.84,1.87,Sell,Sell,StrongSell,Strong sell,Neutral,Neutral,40.62,-0.61,-0.89,-93.20,41.37,34.14,long_lower_shadow_bullish,0.00,0.00,0.00,0.00,0.06,4118738.00,-27.16,15.53,0.00,2493214.00,12.51,10.27,0.04,1.03,1.54,3.48,8.53,3.87,110060967757.30,2.32,19.94,6.97,15.64,16.16,16.19,16.99,16.40,22.18,25.33,17.43,22.54,1.46,0.47,0.00,53116240006.53,23657772900.00,0.00
[object Object],CCEP,Coca-Cola Europacific Partners plc,NASDAQ,107.78,stock,common,100.00,1.00,false,0.00,USD,0.17,1304882.00,0.94,47769994497.62,USD,20.82,5.18,42.73,2.22,Consumer non-durables,america,Consumer Non-Durables,Buy,Buy,0.17,-2.43,-2.08,14.53,6.33,18.91,22.66,85.35,182.29,2626.59,1.17,1.60,Buy,Buy,Buy,Buy,Neutral,Neutral,51.24,1.10,0.34,-1.59,48.08,54.42,0.00,107.94,0.32,-0.38,19271.00,0.33,1304882.00,-1.61,107.78,0.00,234162.00,18.38,20.82,0.49,1.93,5.05,14.46,19.52,21.09,59982725097.70,2.41,17.79,13.59,108.36,107.96,106.54,100.71,97.53,111.87,121.61,94.29,115.53,5.20,2.47,2.65,25001190809.91,12222428525.09,12595997912.74
[object Object],HOLN,Holcim Ltd,SIX,70.98,stock,common,100.00,2.00,false,0.00,CHF,-1.36,1418541.00,1.68,47752554476.83,USD,100.77,0.87,-87.25,2.36,Non-energy minerals,switzerland,Non-Energy Minerals,Buy,Buy,-1.36,-0.39,-3.82,-6.90,4.91,-9.00,6.26,165.58,168.13,61.50,2.25,2.05,StrongSell,Strong sell,StrongSell,Strong sell,Sell,Sell,45.45,1.58,-0.52,-44.14,44.32,54.82,0.00,0.00,0.00,0.00,0.00,-0.36,1418541.00,45.49,70.98,0.00,473986.00,9.46,100.77,0.00,2.53,2.48,13.12,21.08,10.94,57895603976.83,2.97,18.32,12.75,71.52,72.10,73.10,73.52,73.24,102.58,114.55,81.29,104.69,4.69,1.98,2.83,21189692839.39,9656220544.45,11274700972.40
[object Object],ALAB,"Astera Labs, Inc.",NASDAQ,274.13,stock,common,100.00,1.00,false,0.00,USD,-2.06,2848048.00,1.00,47557473119.98,USD,134.97,2.03,256.13,0.00,Electronic technology,america,Electronic Technology,Buy,Buy,-2.06,-3.00,-7.86,-21.24,134.58,59.67,54.76,421.56,421.56,421.56,4.16,6.62,Sell,Sell,StrongSell,Strong sell,Neutral,Neutral,40.46,-14.89,-15.98,-112.32,19.80,26.75,0.00,274.88,-1.80,-1.25,42226.00,-1.81,2848048.00,-17.27,275.00,0.32,295051.00,67.67,134.97,0.54,42.70,27.56,149.71,181.65,40.11,46348928119.98,38.56,169.50,162.40,287.06,302.15,334.54,301.87,223.61,420.47,500.00,310.00,430.00,3.99,0.69,1.19,1908551784.00,360851173.00,550619685.00
[object Object],EBAY,eBay Inc.,NASDAQ,106.70,stock,common,100.00,1.00,false,0.00,USD,1.64,4216799.00,1.03,47481501518.48,USD,22.09,4.83,6.74,1.16,Retail trade,america,Retail Trade,Neutral,Neutral,1.64,0.93,-4.36,-2.93,15.07,22.64,19.32,39.82,231.88,11272.87,3.04,3.16,Buy,Buy,Buy,Buy,Buy,Buy,50.54,4.06,-3.60,38.78,63.42,55.70,0.00,104.36,-0.59,-0.59,151.00,-0.32,4216799.00,26.39,107.82,1.05,893251.00,13.72,22.09,3.22,3.95,10.18,15.33,18.50,14.02,51148501518.48,4.23,19.71,16.99,104.92,107.36,109.49,108.73,98.44,117.48,145.00,80.00,118.00,6.14,1.50,1.41,12533300800.00,3014946907.00,3111759729.00
[object Object],CARR,Carrier Global Corp.,NYSE,57.58,stock,common,100.00,1.00,false,0.00,USD,0.58,4820896.00,0.88,47464637717.17,USD,40.58,1.42,-43.38,1.65,Producer manufacturing,america,Producer Manufacturing,Buy,Buy,0.58,-2.46,-7.84,-15.15,-2.54,8.42,-10.26,-0.98,379.83,379.83,2.01,2.39,Sell,Sell,StrongSell,Strong sell,Buy,Buy,29.31,-3.62,-4.95,-119.64,8.21,9.85,0.00,57.40,0.26,0.00,1666.00,0.02,4820896.00,-0.70,57.75,0.30,816103.00,-12.67,40.58,0.00,2.17,3.61,20.18,24.98,35.76,58836637717.17,2.66,32.43,19.00,58.84,62.19,65.36,65.43,61.33,77.86,90.00,60.00,79.00,2.90,0.82,0.77,23196914521.00,6018039602.00,5973503221.00
[object Object],SREN,Swiss Re AG,SIX,142.15,stock,common,100.00,5.00,false,0.00,CHF,0.39,805639.00,1.17,47381578766.15,USD,10.92,16.10,19.98,4.45,Finance,switzerland,Finance,Sell,Sell,0.39,1.32,5.73,24.09,9.43,8.35,-0.28,68.42,68.52,188.86,1.36,1.63,Buy,Buy,StrongBuy,Strong buy,Neutral,Neutral,64.46,2.00,3.73,124.37,84.58,81.20,spinning_top_white,0.00,0.00,0.00,0.00,0.14,805639.00,33.36,142.15,0.00,234463.00,0.14,10.92,0.54,1.12,2.13,23.19,23.19,0.00,56822298515.26,1.23,0.00,0.00,140.48,138.13,135.65,129.64,130.30,159.63,202.41,141.93,154.71,16.73,0.00,0.00,43774483427.24,0.00,0.00
[object Object],MSTR,Strategy Inc Class A,NASDAQ,123.19,stock,common,100.00,1.00,false,0.00,USD,-1.35,14724187.00,0.41,47332739566.96,USD,0.00,-97.21,-955.74,0.00,Technology services,america,Technology Services,StrongBuy,Strong buy,-1.35,-0.06,33.89,-2.80,-8.68,-20.31,-63.22,70.41,640.01,1416.18,6.76,5.96,Buy,Buy,Buy,Buy,Neutral,Neutral,57.65,18.94,23.86,59.62,73.44,78.24,doji,123.73,-0.92,0.29,798712.00,-1.23,14724187.00,-33.94,123.46,0.22,1357385.00,-50.47,0.00,0.00,88.34,1.48,0.00,0.00,17.73,66094582566.96,132.63,0.00,0.00,125.00,105.84,101.34,127.46,139.62,230.83,435.00,125.00,208.00,-25.31,-2.19,12.34,500282885.00,122993311.00,128051879.00
[object Object],WAB,Westinghouse Air Brake Technologies Corporation,NYSE,279.81,stock,common,100.00,1.00,false,0.00,USD,0.00,886551.00,1.13,47262940888.36,USD,37.68,7.43,10.82,0.42,Producer manufacturing,america,Producer Manufacturing,Buy,Buy,0.00,-6.20,-4.03,5.90,13.44,30.98,46.87,214.57,266.00,3630.80,1.97,1.88,Neutral,Neutral,Sell,Sell,Neutral,Neutral,38.39,-12.42,-3.70,-228.01,7.01,13.38,0.00,0.00,0.00,0.00,0.00,0.36,886551.00,-11.74,279.81,0.00,287605.00,43.52,37.68,3.48,3.96,4.22,23.74,27.69,70.83,53558940888.36,4.47,26.70,20.99,292.00,295.12,283.25,273.65,253.43,329.17,355.00,292.00,335.00,10.86,2.60,2.73,12540541312.00,3073741036.00,3194553000.00
[object Object],ROK,"Rockwell Automation, Inc.",NYSE,425.36,stock,common,100.00,1.00,false,0.00,USD,1.88,702288.00,1.04,47235667733.65,USD,39.87,10.67,25.19,1.32,Producer manufacturing,america,Producer Manufacturing,Buy,Buy,1.88,-1.44,-10.91,-7.63,14.96,8.51,25.58,30.94,266.28,23261.42,2.11,2.32,Sell,Sell,StrongSell,Strong sell,Neutral,Neutral,40.26,-7.91,-20.91,-126.47,10.83,10.62,0.00,417.00,-0.13,-0.13,56.00,0.63,702288.00,-19.68,425.36,0.00,127146.00,22.06,39.87,1.55,5.19,13.53,27.41,31.56,99.10,50371667733.65,5.61,38.84,31.11,429.05,445.34,455.36,446.95,419.96,484.61,550.00,378.00,495.00,13.22,3.38,3.68,9058111802.00,2244745105.00,2399835860.00
[object Object],XEL,Xcel Energy Inc.,NASDAQ,75.51,stock,common,100.00,1.00,false,0.00,USD,-0.50,5696794.00,1.05,47166138511.33,USD,20.67,3.65,1.34,3.06,Utilities,america,Utilities,StrongBuy,Strong buy,-0.50,-2.21,-3.27,-3.19,-7.59,2.29,4.82,8.17,82.70,932.62,1.48,1.73,Sell,Sell,StrongSell,Strong sell,Neutral,Neutral,36.31,-3.90,-2.22,-139.61,12.84,12.98,0.00,76.38,0.65,0.86,4743.00,0.47,5696794.00,-24.69,75.51,0.00,1676063.00,11.11,20.67,15.47,3.26,1.96,9.92,0.00,21.64,86589138511.33,5.93,28.01,14.10,76.79,78.11,78.97,79.22,78.68,92.88,101.00,87.00,92.00,4.12,0.79,1.32,15614531307.00,3543123454.00,4239837041.00
[object Object],P911,Porsche AG,XETR,44.02,stock,preferred,100.00,1.00,false,0.00,EUR,-1.48,457992.00,0.96,46949511120.74,USD,47.24,1.06,-60.84,2.26,Consumer durables,germany,Consumer Durables,Neutral,Neutral,-1.48,1.59,3.33,-7.60,12.76,-4.22,-3.21,-47.60,-47.60,-47.60,3.44,2.59,Sell,Sell,StrongSell,Strong sell,Neutral,Neutral,46.71,-0.63,0.48,-69.14,45.76,61.78,0.00,44.36,-0.72,-0.72,25.00,-0.69,457992.00,-20.28,43.91,-0.25,280660.00,0.08,47.24,0.00,1.15,1.75,10.07,40.27,5.60,52482324990.74,1.30,97.77,8.00,44.63,44.28,44.55,44.90,43.49,54.62,74.36,41.83,52.86,2.23,0.57,0.31,41296169240.93,10030514970.78,10140837134.91
[object Object],PYPL,"PayPal Holdings, Inc.",NASDAQ,54.67,stock,common,100.00,1.00,false,0.00,USD,4.33,15035144.00,1.08,46768047478.12,USD,10.33,5.29,13.30,0.80,Commercial services,america,Commercial Services,Neutral,Neutral,4.33,-11.57,-5.95,25.91,15.90,-6.82,-20.68,-81.08,47.56,43.87,3.15,2.51,Neutral,Neutral,Sell,Sell,Buy,Buy,41.48,-6.58,-3.26,-138.81,12.26,16.62,0.00,52.40,0.00,0.13,90951.00,0.32,15035144.00,47.55,54.49,-0.33,2074840.00,-32.25,10.33,0.74,1.35,2.38,6.45,7.32,4.28,49733047478.12,1.45,7.65,6.66,58.45,58.64,54.49,50.10,51.09,56.13,72.00,36.00,56.00,5.39,1.28,1.31,34764292127.00,8473401023.00,8725825160.00
[object Object],HEIA,Heineken NV,EURONEXT,72.94,stock,common,100.00,2.00,false,0.00,EUR,0.44,543866.00,0.87,46297950740.02,USD,17.85,4.67,26.56,2.64,Consumer non-durables,netherlands,Consumer Non-Durables,Buy,Buy,0.44,0.41,-6.46,10.82,1.31,4.95,7.55,-21.86,-10.03,119.38,1.20,1.60,Neutral,Neutral,Neutral,Neutral,Neutral,Neutral,44.27,0.96,-2.92,-46.31,48.69,36.30,engulfing_bullish,0.00,0.00,0.00,0.00,-0.30,543866.00,4.18,72.94,0.00,368535.00,4.37,17.85,0.67,1.35,2.12,6.89,10.09,14.14,69941949170.02,2.08,17.51,10.27,72.57,75.07,75.32,71.57,70.93,103.62,147.14,81.75,101.60,6.19,2.58,3.43,36231459965.89,17012668238.50,18346736025.17
[object Object],COIN,"Coinbase Global, Inc. Class A",NASDAQ,174.96,stock,common,100.00,1.00,false,0.00,USD,-1.05,5236359.00,0.42,46160921520.00,USD,0.00,-3.84,-137.16,0.00,Finance,america,Finance,Buy,Buy,-1.05,-3.68,21.38,6.56,-11.53,-24.13,-41.67,-35.80,-54.08,-54.08,6.31,5.55,Buy,Buy,Buy,Buy,Neutral,Neutral,53.31,14.76,18.45,40.07,71.03,75.98,0.00,174.30,-1.43,-0.02,91646.00,-1.43,5236359.00,-37.88,175.41,0.26,470576.00,0.00,0.00,0.00,9.71,3.53,26.89,26.89,5.08,43764553520.00,9.13,0.00,0.00,181.65,163.10,161.45,173.19,193.61,198.03,330.00,85.00,202.00,-2.89,-0.44,-0.18,5190374105.00,1292321522.00,1181969247.00
[object Object],RKT,Reckitt Benckiser Group plc,LSE,5226.00,stock,common,1.00,2.00,false,0.00,GBX,-2.50,2304493.00,1.69,45964225511.97,USD,11.84,5.85,133.98,4.04,Consumer non-durables,uk,Consumer Non-Durables,Buy,Buy,-2.50,1.36,-0.23,16.73,-8.32,-12.81,-4.95,-6.68,-28.73,568.29,1.78,1.83,Buy,Buy,StrongBuy,Strong buy,Neutral,Neutral,54.89,236.00,52.94,60.82,62.65,56.52,0.00,0.00,0.00,0.00,0.00,-0.75,2304493.00,-17.64,5226.00,0.00,704535.00,-8.60,11.84,0.09,2.55,5.85,16.14,21.90,38.58,58558341511.97,3.24,11.37,9.21,5145.50,5164.77,5102.04,4896.80,5395.67,83.66,101.35,72.32,82.43,4.53,1.88,2.58,17627930074.11,8177790904.88,9010777172.05
[object Object],TRI,Thomson Reuters Corporation,NASDAQ,105.87,stock,common,100.00,1.00,false,0.00,USD,-0.45,1735535.00,1.24,45865481796.58,USD,29.20,3.63,-2.56,2.39,Technology services,america,Technology Services,Buy,Buy,-0.45,2.64,5.60,22.42,-3.93,-21.08,-41.32,-19.28,92.56,155.89,3.07,4.65,Buy,Buy,StrongBuy,Strong buy,Neutral,Neutral,55.33,0.92,4.62,52.78,72.42,71.53,spinning_top_white,0.00,0.00,0.00,0.00,-0.80,1735535.00,1.14,105.87,0.00,144073.00,-42.48,29.20,17.24,6.00,4.16,16.53,21.37,80.57,48467355796.58,6.36,23.70,16.20,105.74,102.51,97.11,92.40,103.10,127.09,163.70,100.32,125.22,4.46,0.95,0.91,8162938502.45,1887707619.78,1925483236.82
[object Object],MAERSK_B,A.P. Moller - Maersk A/S Class B,OMXCOP,21210.00,stock,common,1.00,10.00,false,0.00,DKK,1.19,11357.00,0.68,45816857961.41,USD,21.37,151.26,-67.15,2.29,Transportation,denmark,Transportation,Sell,Sell,1.19,-2.12,23.78,28.62,24.76,45.22,57.34,24.13,121.88,219.71,2.88,3.77,Buy,Buy,StrongBuy,Strong buy,Neutral,Neutral,61.51,460.00,2655.09,36.17,65.32,73.62,0.00,0.00,0.00,0.00,0.00,-0.33,11357.00,-31.88,0.00,0.00,0.00,40.16,21.37,0.00,0.84,0.85,5.14,9.03,2.55,45935195107.61,0.84,16.59,5.04,21589.00,19169.67,18054.40,16848.15,15964.67,2589.03,3485.78,1517.28,2548.05,329.86,28.74,199.25,61252043684.39,14071454593.00,16942215442.00
[object Object],DANSKE,Danske Bank A/S,OMXCOP,372.50,stock,common,10.00,1.00,false,0.00,DKK,0.57,814267.00,1.04,45526758499.25,USD,12.81,4.43,4.11,4.57,Finance,denmark,Finance,Buy,Buy,0.57,-0.29,-0.27,12.54,14.97,16.95,41.47,250.42,91.03,214.49,1.28,1.27,Buy,Buy,StrongBuy,Strong buy,Neutral,Neutral,54.99,6.50,2.80,32.32,68.67,66.59,spinning_top_white,0.00,0.00,0.00,0.00,0.35,814267.00,-21.04,0.00,0.00,0.00,39.48,12.81,3.10,2.18,1.80,9.55,9.67,0.00,230986532999.25,8.64,0.00,0.00,370.64,370.27,366.86,349.10,332.71,61.35,67.45,52.60,61.88,4.77,1.12,1.16,9370764448.98,2235048405.48,2269272094.98
[object Object],VEEV,Veeva Systems Inc. Class A,NYSE,280.72,stock,common,100.00,1.00,false,0.00,USD,0.53,1490261.00,0.65,45451052474.04,USD,46.19,6.08,24.70,0.00,Technology services,america,Technology Services,Buy,Buy,0.53,17.03,33.68,53.52,44.34,25.65,5.83,-10.57,597.96,638.74,4.48,3.68,Buy,Buy,StrongBuy,Strong buy,Neutral,Neutral,72.41,29.72,52.99,125.19,75.96,76.29,0.00,276.49,-0.98,-0.52,205.00,-0.34,1490261.00,22.19,280.72,0.00,211830.00,2.16,46.19,1.86,13.33,6.11,27.82,28.27,6.40,38359800474.04,11.09,37.07,35.24,264.30,234.63,215.20,189.70,198.68,293.96,340.00,180.00,300.00,9.23,2.23,2.34,3687839924.00,905380638.00,934181396.00
[object Object],EXC,Exelon Corporation,NASDAQ,43.97,stock,common,100.00,1.00,false,0.00,USD,0.32,11911146.00,2.02,45388206153.91,USD,16.11,2.73,3.62,3.74,Utilities,america,Utilities,Neutral,Neutral,0.32,-0.35,-4.16,-2.57,-9.34,0.94,0.78,24.25,81.84,311.09,1.63,1.80,Sell,Sell,StrongSell,Strong sell,Neutral,Neutral,39.13,-1.33,-1.69,-99.98,23.60,18.81,0.00,43.65,-0.41,0.40,2051.00,-0.39,11911146.00,62.63,44.21,0.55,1407702.00,3.29,16.11,4.44,1.78,1.53,6.27,0.00,18.67,95972206153.91,3.79,18.23,10.64,44.13,45.31,45.90,45.85,45.96,49.13,58.00,41.00,48.50,2.86,0.44,0.81,25433453768.00,5444465599.00,6805294874.00
[object Object],SEB_A,Skandinaviska Enskilda Banken AB Class A,OMXSTO,223.20,stock,common,10.00,1.00,false,0.00,SEK,-0.04,2086834.00,0.97,45289421448.48,USD,14.24,1.61,-2.93,3.81,Finance,sweden,Finance,Neutral,Neutral,-0.04,1.04,-0.45,23.35,20.32,14.14,25.78,90.12,166.99,400.16,1.24,1.23,Buy,Buy,StrongBuy,Strong buy,Neutral,Neutral,59.74,5.70,2.84,65.39,76.45,78.40,doji,0.00,0.00,0.00,0.00,0.00,2086834.00,-3.13,0.00,0.00,0.00,24.17,14.24,0.00,5.24,1.95,19.29,0.00,0.00,114582281448.48,7.26,0.00,0.00,221.43,221.48,213.74,198.90,194.03,22.65,27.04,19.48,22.38,1.77,0.40,0.43,8502151922.47,1972411263.92,2044708029.47
[object Object],AENA,Aena SME SA,BME,25.68,stock,common,100.00,2.00,false,0.00,EUR,-1.23,1563928.00,1.37,45208410000.00,USD,17.16,1.71,11.17,3.40,Transportation,spain,Transportation,Buy,Buy,-1.23,-7.16,-4.89,5.51,0.31,8.35,4.31,84.95,99.53,294.47,2.01,1.61,Sell,Sell,StrongSell,Strong sell,Sell,Sell,37.24,-0.82,-0.17,-182.53,8.32,17.34,0.00,0.00,0.00,0.00,0.00,-0.23,1563928.00,28.59,0.00,0.00,0.00,7.39,17.16,1.55,5.91,4.45,13.09,17.39,21.38,52392403085.75,6.95,15.05,11.95,26.74,26.67,26.70,25.71,25.50,31.62,35.89,23.30,32.80,1.83,0.49,0.59,8067885084.62,2064179465.31,2269668687.06
[object Object],VOW3,Volkswagen AG Pref,XETR,73.70,stock,preferred,100.00,2.00,false,0.00,EUR,-3.76,1135559.00,1.37,44712445905.51,USD,7.05,11.94,-37.21,6.87,Consumer durables,germany,Consumer Durables,Buy,Buy,-3.76,0.93,-2.31,-17.56,-20.75,-28.83,-26.30,-63.60,-40.90,114.30,3.30,2.31,StrongSell,Strong sell,StrongSell,Strong sell,Neutral,Neutral,46.08,-1.14,1.47,-15.58,66.19,80.77,0.00,76.44,-0.18,-0.60,262.00,-0.76,1135559.00,62.94,73.94,0.33,472944.00,-22.81,7.05,0.00,0.12,0.21,2.10,0.00,0.51,317584612715.51,0.86,15.27,5.46,74.94,74.61,73.95,80.78,89.50,119.64,155.69,87.14,119.09,20.65,5.41,5.04,378789402144.09,92685678769.71,92154923249.06
[object Object],CRWV,"CoreWeave, Inc. Class A",NASDAQ,80.93,stock,common,100.00,1.00,false,0.00,USD,-1.12,15478752.00,0.86,44635855038.73,USD,0.00,-3.66,-47.09,0.00,Technology services,america,Technology Services,Buy,Buy,-1.12,-6.86,14.70,-24.71,10.94,9.47,-16.25,107.51,107.51,107.51,4.40,6.07,Sell,Sell,StrongSell,Strong sell,Neutral,Neutral,41.77,-9.94,-1.60,-107.18,5.16,5.58,0.00,80.31,-1.88,-1.11,353798.00,-2.15,15478752.00,-2.33,80.88,-0.06,1067409.00,-1.01,0.00,-0.47,5.94,8.88,6.45,0.00,6.95,89831855038.73,11.84,0.00,23.88,85.86,86.25,86.13,98.98,91.36,144.66,317.00,39.00,150.00,-4.01,-1.21,-1.25,12905583160.00,2554498690.00,3543785666.00
[object Object],KDP,Keurig Dr Pepper Inc.,NASDAQ,32.59,stock,common,100.00,1.00,false,0.00,USD,2.20,8434733.00,1.01,44349320114.64,USD,33.03,0.99,-12.46,2.88,Consumer non-durables,america,Consumer Non-Durables,Buy,Buy,2.20,1.81,4.02,5.55,16.70,17.15,12.07,-8.86,116.29,598.01,1.96,2.80,StrongBuy,Strong buy,StrongBuy,Strong buy,Buy,Buy,60.14,1.53,1.09,98.99,75.79,77.37,0.00,32.17,0.88,0.31,7140.00,0.78,8434733.00,18.81,32.59,0.00,2016151.00,10.50,33.03,0.00,2.17,1.77,18.58,24.22,28.63,84595320114.64,4.21,24.84,19.34,32.07,31.04,31.26,30.24,29.08,36.38,42.00,29.00,38.00,2.29,0.54,0.62,26310212761.00,7231588225.00,7329206338.00
[object Object],ASM,ASM International N.V.,EURONEXT,797.60,stock,common,10.00,2.00,false,0.00,EUR,1.48,121636.00,1.06,44335758604.24,USD,36.47,24.98,104.67,0.41,Producer manufacturing,netherlands,Producer Manufacturing,Buy,Buy,1.48,-3.20,-2.11,-10.88,10.59,51.52,93.12,139.95,2234.21,3592.59,3.29,3.22,Sell,Sell,StrongSell,Strong sell,Buy,Buy,40.20,-24.60,-24.16,-111.39,5.39,6.95,piercing_bullish,0.00,0.00,0.00,0.00,-0.51,121636.00,-15.27,797.60,0.00,39068.00,95.57,36.47,0.34,11.48,8.78,39.10,51.83,33.22,43049521380.24,11.21,36.94,29.52,817.30,829.67,869.32,879.58,756.42,1277.67,1688.94,799.84,1293.66,27.50,6.39,6.87,4891701633.56,1139894404.13,1261087142.17
[object Object],PAYX,"Paychex, Inc.",NASDAQ,124.00,stock,common,100.00,1.00,false,0.00,USD,-1.31,3246858.00,1.60,44104674590.26,USD,25.36,4.89,6.81,3.61,Technology services,america,Technology Services,Neutral,Neutral,-1.31,0.14,4.42,22.91,27.09,10.60,-10.59,8.88,103.95,59484.16,1.95,2.31,Buy,Buy,StrongBuy,Strong buy,Sell,Sell,56.79,1.50,5.99,24.37,75.78,84.80,0.00,124.84,-0.64,-0.06,3509.00,-0.50,3246858.00,90.02,124.02,0.02,486606.00,-8.67,25.36,3.78,6.91,11.81,17.37,19.13,37.73,47557674590.26,7.30,16.20,14.08,125.38,121.12,115.30,105.11,103.91,114.00,150.00,95.00,110.00,5.96,1.31,1.32,6864189248.00,1600510506.00,1626907422.00
[object Object],HLN,Haleon PLC,LSE,366.00,stock,common,10.00,1.00,false,0.00,GBX,-1.05,24248660.00,1.18,43962687594.93,USD,20.20,0.24,8.37,1.97,Health technology,uk,Health Technology,Buy,Buy,-1.05,-1.11,0.94,12.24,-4.14,-2.37,1.67,10.91,10.91,10.91,1.81,1.73,Buy,Buy,StrongBuy,Strong buy,Neutral,Neutral,51.84,10.40,3.00,41.47,74.55,79.03,0.00,0.00,0.00,0.00,0.00,0.08,24248660.00,-20.60,366.00,0.00,5488562.00,0.03,20.20,2.44,2.96,1.96,13.82,16.11,39.52,54078519394.93,3.66,15.70,13.82,366.72,365.21,362.98,351.27,364.15,5.73,6.95,4.26,5.88,0.28,0.13,0.14,15346308205.47,7409394967.95,7839807481.40
[object Object],SWED_A,Swedbank AB Class A,OMXSTO,378.10,stock,common,10.00,1.00,false,0.00,SEK,-0.05,1412820.00,0.90,43951118120.94,USD,13.69,2.84,-8.05,5.41,Finance,sweden,Finance,Neutral,Neutral,-0.05,2.16,-0.87,13.54,12.66,17.42,40.56,125.03,91.93,265.68,1.29,1.29,Buy,Buy,StrongBuy,Strong buy,Neutral,Neutral,55.73,5.90,1.01,28.17,64.67,57.13,spinning_top_black,0.00,0.00,0.00,0.00,0.26,1412820.00,-19.35,0.00,0.00,0.00,42.70,13.69,0.00,5.10,2.05,74.45,81.14,0.00,131582110520.94,10.15,0.00,0.00,373.93,377.11,371.88,353.29,339.96,39.18,44.24,33.15,39.37,2.96,0.66,0.75,7768129832.27,1807841951.87,1900433875.37
[object Object],STMMI,STMicroelectronics NV,MIL,43.70,stock,common,1000.00,5.00,false,0.00,EUR,3.33,3017781.00,0.88,43743848744.10,USD,101.13,0.49,-32.83,0.73,Electronic technology,italy,Electronic Technology,Buy,Buy,3.33,2.64,-5.51,-36.06,52.45,95.35,90.17,15.03,565.14,100.04,3.35,3.32,Sell,Sell,Sell,Sell,Neutral,Neutral,41.33,-0.26,-3.25,-55.95,15.47,15.55,0.00,0.00,0.00,0.00,0.00,0.50,3017781.00,-20.64,43.70,0.00,4085.00,90.84,101.13,0.00,3.49,2.53,20.83,110.10,7.69,42120597462.70,3.28,62.75,16.58,42.92,45.27,51.36,52.93,39.19,79.34,98.76,56.20,80.17,1.40,0.26,0.41,14805847082.19,3434878642.75,3800168377.25
[object Object],IQV,IQVIA Holdings Inc,NYSE,263.84,stock,common,100.00,1.00,false,0.00,USD,2.13,1127717.00,0.85,43428066635.85,USD,32.73,8.06,16.77,0.00,Health technology,america,Health Technology,Buy,Buy,2.13,3.50,11.25,42.28,48.06,17.05,39.39,0.07,242.56,502.93,2.36,2.95,Buy,Buy,StrongBuy,Strong buy,Neutral,Neutral,70.81,14.56,22.71,86.19,86.09,86.58,0.00,0.00,0.00,0.00,0.00,-0.14,1127717.00,-9.06,263.84,0.00,210957.00,36.14,32.73,1.91,2.54,7.04,15.66,20.21,21.22,57719066635.85,3.40,24.44,16.28,260.46,243.38,226.78,200.05,201.37,276.76,300.00,240.00,280.00,12.97,3.03,3.27,17410252730.00,4302040570.00,4361197900.00
[object Object],SGO,Compagnie de Saint-Gobain SA,EURONEXT,75.02,stock,common,100.00,2.00,false,0.00,EUR,-1.91,1120772.00,1.27,43409925008.67,USD,13.91,6.16,-4.10,3.01,Producer manufacturing,france,Producer Manufacturing,Buy,Buy,-1.91,-8.38,-8.58,-3.57,-1.60,-13.55,-19.35,21.75,87.76,239.76,2.64,2.17,StrongSell,Strong sell,StrongSell,Strong sell,Sell,Sell,34.61,-5.78,-1.45,-184.25,3.08,4.03,0.00,0.00,0.00,0.00,0.00,-0.76,1120772.00,-14.70,75.02,0.00,708037.00,-16.22,13.91,0.00,0.82,1.45,6.94,10.95,6.43,57285429308.67,1.09,10.58,6.97,79.49,80.46,79.13,78.10,79.99,114.34,158.81,81.14,115.92,7.35,3.59,3.66,55227416776.28,26642286777.14,27204873619.35
[object Object],BMW,Bayerische Motoren Werke AG,XETR,60.68,stock,common,100.00,2.00,false,0.00,EUR,-0.85,1534684.00,1.08,42945603790.77,USD,5.84,11.86,11.84,7.19,Consumer durables,germany,Consumer Durables,Neutral,Neutral,-0.85,4.80,1.17,-15.13,-26.00,-34.85,-32.91,-23.85,-23.16,846.40,3.08,2.23,Neutral,Neutral,Buy,Buy,Neutral,Neutral,54.46,2.32,1.74,94.47,73.36,83.05,doji,61.00,-0.33,-0.62,2452.00,-0.88,1534684.00,15.36,60.68,0.00,599913.00,-29.51,5.84,0.50,0.29,0.38,9.63,0.00,1.98,159312051130.77,1.09,17.39,8.10,59.72,59.23,59.02,66.62,76.85,82.52,104.57,67.39,81.33,7.85,2.14,1.27,151251887768.90,36981378167.93,35724183186.33
[object Object],FERG,Ferguson Enterprises Inc.,NYSE,221.23,stock,common,100.00,1.00,false,0.00,USD,1.06,1667671.00,1.24,42797544415.70,USD,19.80,11.17,37.48,2.39,Distribution services,america,Distribution Services,Buy,Buy,1.06,-5.70,-12.21,-2.69,-5.80,-0.86,-2.27,51.33,279.27,100.34,2.63,2.75,Sell,Sell,StrongSell,Strong sell,Buy,Buy,35.27,-21.96,-12.62,-156.14,6.40,3.56,0.00,218.21,-0.32,-0.32,100.00,-0.29,1667671.00,-13.39,221.28,0.02,316855.00,-6.50,19.80,0.00,1.31,6.90,21.23,26.39,98.21,49247544415.72,1.52,15.80,14.05,231.29,239.41,236.18,238.67,239.82,288.56,325.00,250.00,289.00,11.36,3.31,3.31,32973812384.00,8685783365.00,8712095917.00
[object Object],A,"Agilent Technologies, Inc.",NYSE,151.39,stock,common,100.00,1.00,false,0.00,USD,0.97,3077548.00,1.03,42757370185.72,USD,29.81,5.08,19.11,0.68,Health technology,america,Health Technology,Buy,Buy,0.97,-0.70,7.91,8.52,29.77,11.12,21.23,-14.20,221.90,393.84,3.24,2.70,Buy,Buy,Buy,Buy,Sell,Sell,55.25,-4.02,8.48,-10.59,28.01,37.00,0.00,149.01,-0.61,-0.61,500.00,-0.59,3077548.00,13.33,151.39,0.00,749155.00,19.29,29.81,1.54,5.76,5.80,26.63,33.81,24.37,44948370185.72,6.10,25.31,21.96,154.50,147.44,141.66,131.63,131.54,176.17,190.00,155.00,177.50,6.20,1.49,1.73,7500765065.00,1841510467.00,1989229975.00
[object Object],IDXX,"IDEXX Laboratories, Inc.",NASDAQ,538.99,stock,common,100.00,1.00,false,0.00,USD,-1.13,655425.00,1.45,42462233938.69,USD,37.88,14.23,18.43,0.00,Health technology,america,Health Technology,Buy,Buy,-1.13,-0.94,-5.39,-4.75,-11.29,-20.33,-15.39,-20.43,376.94,56917.09,2.76,3.07,StrongSell,Strong sell,StrongSell,Strong sell,Sell,Sell,41.51,-23.21,-13.57,-84.16,20.84,25.22,0.00,0.00,0.00,0.00,0.00,0.29,655425.00,43.02,538.99,0.00,141250.00,-16.05,37.88,2.08,9.50,26.36,31.25,34.18,217.07,43361381938.69,9.52,29.65,26.82,550.67,561.79,558.93,559.78,608.61,718.00,805.00,665.00,705.00,14.77,3.94,3.71,4723952921.00,1200226154.00,1190646256.00
[object Object],LYV,"Live Nation Entertainment, Inc.",NYSE,179.59,stock,common,100.00,1.00,false,0.00,USD,1.35,1810931.00,1.12,42317485150.50,USD,0.00,-1.12,-148.66,0.00,Consumer services,america,Consumer Services,Buy,Buy,1.35,-4.89,1.69,8.35,12.84,26.09,9.31,106.31,572.37,1461.65,1.97,2.11,Neutral,Neutral,Sell,Sell,Neutral,Neutral,46.94,-4.60,-2.08,-124.61,13.17,18.00,0.00,0.00,0.00,0.00,0.00,0.14,1810931.00,11.52,179.59,0.00,278480.00,8.79,0.00,0.00,1.65,508.15,16.80,31.70,4.78,46165383150.50,1.76,31.36,20.50,181.68,182.00,181.48,172.66,160.03,204.46,222.00,155.00,209.00,-0.34,0.66,1.57,28089048360.00,7556393065.00,9590939674.00
[object Object],FER,Ferrovial N.V.,BME,49.77,stock,common,100.00,2.00,false,0.00,EUR,-0.62,1134270.00,1.12,41695030896.03,USD,59.35,0.96,-81.98,1.89,Industrial services,spain,Industrial Services,Buy,Buy,-0.62,-6.34,-12.71,-12.90,-14.25,-9.57,6.73,95.94,177.97,632.09,1.71,2.00,Sell,Sell,StrongSell,Strong sell,Sell,Sell,20.71,-5.33,-4.57,-132.44,2.46,3.38,0.00,0.00,0.00,0.00,0.00,-0.16,1134270.00,56.69,0.00,0.00,0.00,9.56,59.35,0.00,3.68,6.31,16.39,17.48,9.31,51494823156.03,4.57,43.90,29.13,51.94,54.76,55.96,57.39,57.50,71.36,84.04,52.52,73.01,1.15,0.00,0.00,11849485327.94,4927988900.00,0.00
[object Object],FER,Ferrovial N.V.,NASDAQ,57.84,stock,common,100.00,1.00,false,0.00,USD,0.24,756982.00,0.61,41542596572.17,USD,60.39,0.96,-82.53,1.89,Industrial services,america,Industrial Services,Buy,Buy,0.24,-5.92,-11.67,-13.18,-11.59,-10.77,8.58,74.74,74.74,74.74,1.18,1.38,Sell,Sell,StrongSell,Strong sell,Neutral,Neutral,25.93,-6.80,-4.92,-136.39,2.61,2.36,0.00,57.98,0.49,-0.21,4699.00,0.52,756982.00,-27.39,57.84,0.00,119774.00,9.13,60.39,0.00,3.66,6.42,16.67,17.79,9.48,51197571812.17,4.55,43.65,28.96,60.33,63.20,64.26,66.45,66.81,71.36,84.04,52.52,73.01,1.13,0.00,0.00,11694923753.13,4927988900.00,0.00
[object Object],PRU,"Prudential Financial, Inc.",NYSE,119.84,stock,common,100.00,1.00,false,0.00,USD,2.30,1525766.00,0.91,41344799784.14,USD,10.86,11.04,144.26,4.74,Finance,america,Finance,Neutral,Neutral,2.30,-0.01,-2.27,17.58,23.23,6.18,10.22,14.13,50.51,311.82,1.91,2.15,Neutral,Neutral,Neutral,Neutral,Neutral,Neutral,49.06,-2.38,-2.11,-88.92,12.97,13.07,0.00,117.15,0.01,0.01,100.00,0.22,1525766.00,5.09,119.84,0.00,454391.00,6.89,10.86,0.07,0.63,1.31,3.80,3.80,0.00,79058799784.14,1.22,0.00,0.00,119.95,121.62,118.45,110.07,107.82,113.50,131.00,92.00,113.50,14.35,3.52,3.46,59449795049.00,14360835837.00,15038832702.00
[object Object],YUM,"Yum! Brands, Inc.",NYSE,151.27,stock,common,100.00,1.00,false,0.00,USD,-0.50,1461284.00,0.59,41281747935.34,USD,19.02,7.95,57.04,1.92,Consumer services,america,Consumer Services,Buy,Buy,-0.50,-3.04,-1.23,0.85,-4.00,-0.18,4.13,14.32,132.25,2529.67,1.69,2.38,Sell,Sell,StrongSell,Strong sell,Neutral,Neutral,49.24,5.34,2.04,23.31,60.47,63.60,0.00,151.51,-0.34,0.18,1240.00,-0.03,1461284.00,-8.59,151.00,-0.18,310339.00,2.79,19.02,0.34,4.83,0.00,20.12,24.96,48.67,53834747935.34,6.17,19.04,17.58,153.46,150.61,153.25,153.79,154.81,175.07,200.00,147.00,175.50,6.60,1.57,1.56,8976361792.00,2180557829.00,2144926651.00
[object Object],DTG,Daimler Truck Holding AG,XETR,45.10,stock,common,100.00,1.00,false,0.00,EUR,-3.07,1241893.00,1.43,41226123663.98,USD,13.48,3.82,8.91,4.08,Consumer durables,germany,Consumer Durables,Buy,Buy,-3.07,-3.65,-8.48,6.64,8.96,20.62,13.29,61.07,61.07,61.07,1.82,2.09,Sell,Sell,Sell,Sell,Sell,Sell,42.77,-0.10,0.31,-61.00,50.00,65.99,0.00,46.15,-0.82,-0.86,42.00,-0.58,1241893.00,20.36,45.08,-0.04,742854.00,17.17,13.48,1.56,0.79,1.52,9.06,12.97,3.24,63116267623.98,1.24,23.76,16.54,46.35,46.74,45.09,43.42,41.86,59.14,67.13,38.19,61.69,4.46,0.95,1.26,57719701337.93,14253695894.05,15124964759.51
[object Object],AXON,Axon Enterprise Inc,NASDAQ,506.98,stock,common,100.00,1.00,false,0.00,USD,-2.18,1047224.00,1.41,41185741911.50,USD,209.96,2.41,-40.31,0.00,Electronic technology,america,Electronic Technology,StrongBuy,Strong buy,-2.18,-16.75,-7.45,4.53,-10.43,-11.58,-30.91,179.14,1763.21,86811.65,5.19,6.36,Sell,Sell,StrongSell,Strong sell,Neutral,Neutral,37.66,-138.74,-2.39,-223.71,5.78,17.76,0.00,518.00,-0.06,0.71,2566.00,-0.32,1047224.00,-26.56,508.32,0.26,114953.00,-27.87,209.96,0.00,13.29,11.21,157.43,314.18,59.40,42314783911.50,13.14,1146.71,289.28,586.41,577.75,563.78,489.84,505.78,725.00,830.00,600.00,715.00,7.70,1.84,1.93,3711508210.00,876420095.00,942986501.00
[object Object],ADM,Archer-Daniels-Midland Company,NYSE,85.38,stock,common,100.00,1.00,false,0.00,USD,0.98,3447755.00,0.93,41149711683.06,USD,23.37,3.65,60.79,2.45,Process industries,america,Process Industries,Neutral,Neutral,0.98,8.19,8.21,2.71,27.55,48.64,36.50,43.04,95.47,16329.34,3.57,3.44,StrongBuy,Strong buy,StrongBuy,Strong buy,Buy,Buy,62.98,4.62,0.31,206.24,86.72,75.40,0.00,84.33,-0.26,0.00,2438.00,0.12,3447755.00,-14.03,85.54,0.19,946325.00,36.69,23.37,0.38,0.50,1.75,14.82,24.69,7.54,45300711683.06,0.55,22.11,13.99,81.13,80.85,80.62,78.66,71.86,83.78,95.00,77.00,82.00,5.30,1.49,1.52,86658767689.00,22748515194.00,22558377108.00
[object Object],CBRE,"CBRE Group, Inc. Class A",NYSE,142.06,stock,common,100.00,1.00,false,0.00,USD,-1.66,2174144.00,1.54,41137071498.99,USD,32.57,4.36,22.19,0.00,Finance,america,Finance,StrongBuy,Strong buy,-1.66,-6.03,-1.74,10.84,3.52,-11.38,-10.81,45.37,373.53,2143.08,3.31,2.90,Sell,Sell,StrongSell,Strong sell,Neutral,Neutral,42.08,-13.01,0.19,-154.36,4.87,18.60,0.00,151.15,4.63,4.63,150.00,1.21,2174144.00,12.19,142.06,0.00,695069.00,-11.89,32.57,1.49,0.97,4.90,30.67,44.51,24.30,51001071498.99,1.17,41.36,25.82,148.83,147.95,144.22,141.05,147.21,186.45,200.00,174.00,190.00,7.83,1.47,1.95,46722154633.00,11181189200.00,11793056794.00
[object Object],ROP,"Roper Technologies, Inc.",NASDAQ,415.79,stock,common,100.00,1.00,false,0.00,USD,-0.60,646435.00,1.00,41121993027.84,USD,17.23,24.13,69.58,0.85,Technology services,america,Technology Services,Neutral,Neutral,-0.60,2.05,3.70,22.09,13.69,-6.51,-20.66,-14.29,134.75,20689.50,1.96,2.24,Buy,Buy,StrongBuy,Strong buy,Sell,Sell,61.09,8.47,27.02,74.44,78.55,86.76,0.00,421.77,0.83,0.83,112.00,1.14,646435.00,30.42,415.79,0.00,125479.00,-25.93,17.23,0.25,5.08,2.20,15.67,15.95,114.63,52076493027.84,6.29,22.49,16.08,417.20,400.52,380.76,360.25,376.42,448.77,550.00,335.00,450.00,22.22,5.28,5.79,8570039994.00,2095346371.00,2174839394.00
[object Object],LR,Legrand SA,EURONEXT,134.55,stock,common,100.00,5.00,false,0.00,EUR,0.11,427461.00,0.99,40761189072.28,USD,27.45,5.60,6.22,1.77,Electronic technology,france,Electronic Technology,Buy,Buy,0.11,-1.32,0.64,-8.53,-2.36,6.15,3.18,37.66,147.65,460.63,2.42,2.29,Sell,Sell,StrongSell,Strong sell,Neutral,Neutral,44.38,-0.30,0.79,-92.03,30.39,40.80,spinning_top_white,0.00,0.00,0.00,0.00,-0.11,427461.00,-41.28,134.55,0.00,247021.00,5.54,27.45,4.41,3.59,4.71,23.19,27.14,18.45,47474753876.28,4.11,19.59,16.21,135.79,136.13,138.22,143.47,139.20,196.31,231.84,140.26,197.06,6.97,1.77,1.64,12952349476.82,3159350103.19,3065991552.68
[object Object],MSCI,MSCI Inc. Class A,NYSE,560.63,stock,common,100.00,1.00,false,0.00,USD,-0.44,397221.00,0.90,40757801232.98,USD,30.66,18.28,21.13,1.41,Commercial services,america,Commercial Services,Buy,Buy,-0.44,0.09,-3.00,-10.06,-0.85,-1.91,-0.01,-13.91,520.78,2337.52,1.69,2.05,Sell,Sell,StrongSell,Strong sell,Neutral,Neutral,43.90,-4.64,-3.88,-110.30,50.73,60.03,0.00,571.14,1.43,1.43,81.00,0.01,397221.00,11.71,560.63,0.00,65976.00,-4.47,30.66,1.46,12.31,0.00,25.42,25.90,114.67,46945601232.98,14.08,25.30,22.61,566.61,566.99,578.02,584.66,572.97,696.94,805.00,570.00,700.00,19.72,4.99,5.03,3512568672.00,870709369.00,884717426.00
[object Object],WAT,Waters Corporation,NYSE,412.20,stock,common,100.00,1.00,false,0.00,USD,1.57,621465.00,0.87,40497869714.66,USD,102.93,4.00,-63.90,0.00,Health technology,america,Health Technology,Buy,Buy,1.57,0.60,8.09,9.32,32.26,8.72,37.71,-1.62,161.85,10801.16,3.01,3.02,Buy,Buy,StrongBuy,Strong buy,Neutral,Neutral,56.16,-3.64,18.52,12.07,49.27,56.77,0.00,404.50,-0.33,-0.33,40.00,-0.32,621465.00,20.16,410.00,-0.53,102245.00,125.94,102.93,0.00,8.58,2.66,76.88,107.91,75.10,45412869714.66,9.78,82.64,39.06,412.34,401.45,390.17,366.22,360.45,443.82,480.00,400.00,450.00,14.57,3.01,4.00,6456371915.00,1622303345.00,1753544462.00
[object Object],ASSA_B,ASSA ABLOY AB Class B,OMXSTO,350.50,stock,common,10.00,1.00,false,0.00,SEK,-0.28,1118278.00,0.89,40449364557.28,USD,23.75,1.52,12.81,1.75,Consumer durables,sweden,Consumer Durables,Buy,Buy,-0.28,-0.43,-1.13,6.99,-4.31,-2.15,4.60,26.17,101.78,781.04,1.37,1.37,Sell,Sell,Sell,Sell,Sell,Sell,46.11,1.60,0.91,-99.91,47.56,56.30,long_lower_shadow_bullish,0.00,0.00,0.00,0.00,-0.14,1118278.00,-31.93,0.00,0.00,0.00,7.36,23.75,1.86,2.58,3.50,16.24,18.04,100.63,47462152157.28,3.05,18.42,14.87,353.92,355.50,348.71,347.21,353.52,42.18,51.85,36.14,42.52,1.73,0.40,0.45,16999206338.11,4011063353.42,4207553539.97
[object Object],TTWO,"Take-Two Interactive Software, Inc.",NASDAQ,216.14,stock,common,100.00,1.00,false,0.00,USD,-0.25,2479263.00,0.80,40413950553.77,USD,0.00,-1.73,92.77,0.00,Technology services,america,Technology Services,StrongBuy,Strong buy,-0.25,-7.07,-12.16,-0.40,2.53,-16.13,-6.50,32.97,396.87,5794.70,4.58,3.93,Sell,Sell,StrongSell,Strong sell,Neutral,Neutral,31.69,-20.90,-13.08,-189.28,7.39,15.75,long_upper_shadow_bearish,215.87,-0.37,0.24,10391.00,-0.29,2479263.00,-11.53,216.17,0.01,387368.00,-8.85,0.00,0.00,6.03,11.20,80.46,119.25,21.87,41518050553.77,6.21,0.00,32.09,230.06,238.23,240.58,231.09,228.08,294.10,368.00,260.00,296.50,6.94,0.33,0.97,8580841705.00,1370482729.00,1608211691.00
[object Object],PST,Poste Italiane SpA,MIL,26.33,stock,common,100.00,1.00,false,0.00,EUR,-1.53,3008512.00,1.52,40322945123.60,USD,14.20,2.12,12.41,4.67,Transportation,italy,Transportation,Buy,Buy,-1.53,-4.46,0.46,3.34,20.12,22.98,31.65,127.97,317.94,278.85,2.13,1.52,Sell,Sell,Sell,Sell,Sell,Sell,36.11,-0.76,0.29,-205.66,34.92,57.83,0.00,0.00,0.00,0.00,0.00,-0.11,3008512.00,-14.10,26.33,0.00,13481.00,36.53,14.20,1.16,1.50,2.66,12.42,17.81,1.35,120330238923.60,4.57,31.75,24.57,27.33,27.02,27.59,26.25,23.94,33.97,40.77,19.11,34.63,2.26,0.51,0.61,16133051269.02,3814889067.90,3883462922.92
[object Object],BMPS,Banca Monte dei Paschi di Siena S.p.A.,MIL,11.39,stock,common,1000.00,2.00,false,0.00,EUR,-0.18,8699712.00,0.77,40201293590.57,USD,9.52,1.37,-10.50,7.53,Finance,italy,Finance,Buy,Buy,-0.18,-3.44,-0.23,28.27,55.87,22.52,44.87,-51.46,-97.74,-99.99,2.03,1.62,Neutral,Neutral,Sell,Sell,Neutral,Neutral,42.69,-0.37,-0.22,-125.35,19.02,18.09,spinning_top_white,0.00,0.00,0.00,0.00,-0.26,8699712.00,-16.00,0.00,0.00,0.00,260.68,9.52,0.00,4.84,1.31,10.29,10.72,0.00,109075031116.57,9.58,0.00,0.00,11.53,11.69,11.48,10.47,9.38,13.73,14.60,11.79,14.13,0.90,0.00,0.00,9429552751.60,0.00,0.00
[object Object],SCMN,Swisscom AG,SIX,634.50,stock,common,10.00,5.00,false,0.00,CHF,1.12,59176.00,0.95,40036190087.57,USD,25.01,31.38,-1.35,4.14,Communications,switzerland,Communications,Sell,Sell,1.12,-1.25,2.09,-2.46,-10.88,10.25,9.40,18.16,33.21,-0.86,1.54,1.41,Buy,Buy,StrongBuy,Strong buy,Neutral,Neutral,52.49,-0.50,-1.64,-6.58,34.71,25.82,0.00,0.00,0.00,0.00,0.00,0.32,59176.00,-18.59,634.50,0.00,32509.00,8.00,25.01,0.00,2.19,2.85,5.38,10.19,152.87,60093192887.57,3.28,21.09,6.94,631.75,630.80,627.70,643.67,639.69,723.92,903.46,565.43,725.23,34.99,7.34,8.33,18566755795.62,4459349216.05,4514988306.75
[object Object],AIG,"American International Group, Inc.",NYSE,76.13,stock,common,100.00,1.00,false,0.00,USD,0.33,5374195.00,1.88,39807852351.13,USD,13.95,5.46,1.17,2.44,Finance,america,Finance,Buy,Buy,0.33,-0.55,-4.00,3.51,-4.43,-10.68,-6.45,39.00,27.07,433.99,1.53,1.67,Sell,Sell,StrongSell,Strong sell,Neutral,Neutral,44.37,0.43,-1.34,-37.88,38.81,46.04,long_upper_shadow_bearish,0.00,0.00,0.00,0.00,0.37,5374195.00,61.12,76.28,0.20,1503870.00,-11.64,13.95,11.87,1.52,0.98,10.55,10.55,0.00,48954852351.13,1.84,0.00,0.00,76.45,77.59,77.84,76.92,77.38,88.70,101.00,81.00,88.00,8.04,1.92,1.81,28873691639.00,7247586658.00,7426028971.00
[object Object],DHI,"D.R. Horton, Inc.",NYSE,142.26,stock,common,100.00,1.00,false,0.00,USD,0.63,1672642.00,0.94,39790304702.01,USD,13.53,10.51,-15.75,1.27,Consumer durables,america,Consumer Durables,Neutral,Neutral,0.63,-5.41,-2.51,-3.04,-4.26,-1.44,-15.16,45.85,343.04,8510.45,1.97,2.48,Sell,Sell,StrongSell,Strong sell,Neutral,Neutral,42.64,-9.60,-2.61,-203.45,5.76,9.42,0.00,141.43,0.04,0.49,600.00,0.29,1672642.00,-16.65,142.26,0.00,333321.00,-22.10,13.53,0.00,1.20,1.68,12.01,12.57,18.86,45426304702.01,1.36,11.27,10.97,146.55,147.41,150.24,149.53,149.80,164.00,206.00,125.00,161.50,10.47,3.02,3.05,32773172975.00,9096153217.00,9112141460.00
[object Object],TSCO,Tesco PLC,LSE,466.90,stock,common,10.00,1.00,false,0.00,GBX,-0.98,16369115.00,0.84,39685572682.82,USD,17.26,0.36,15.11,3.08,Retail trade,uk,Retail Trade,Buy,Buy,-0.98,0.41,-4.32,5.06,-0.77,5.42,9.01,82.74,176.93,1234.01,1.96,2.10,Buy,Buy,StrongBuy,Strong buy,Neutral,Neutral,51.86,20.80,-7.85,82.94,77.25,65.35,0.00,0.00,0.00,0.00,0.00,0.30,16369115.00,-30.12,466.90,0.00,7588863.00,6.33,17.26,1.15,0.42,2.59,7.35,10.88,7.32,54428255682.82,0.55,13.03,8.08,459.12,469.26,468.89,466.57,460.85,6.96,7.43,6.22,7.03,0.42,0.18,0.22,100958612989.16,48957373984.80,50163915155.20
[object Object],ED,"Consolidated Edison, Inc.",NYSE,107.67,stock,common,100.00,1.00,false,0.00,USD,-0.03,2146924.00,1.00,39679594271.59,USD,17.68,6.09,10.41,3.26,Utilities,america,Utilities,Neutral,Neutral,-0.03,0.38,-0.58,3.52,-2.98,8.07,9.54,39.60,42.46,963.41,1.13,1.57,Neutral,Neutral,Sell,Sell,Neutral,Neutral,47.13,-0.33,-1.87,-34.94,40.11,36.98,0.00,0.00,0.00,0.00,0.00,0.06,2146924.00,15.23,107.67,0.00,570033.00,13.22,17.68,1.70,2.25,1.41,10.07,0.00,27.10,66806594271.59,3.78,21.01,12.12,107.41,108.69,109.85,108.75,107.23,110.70,130.00,94.00,112.00,6.10,0.76,2.04,17628213935.00,3597227048.00,4762040450.00
[object Object],PRY,Prysmian S.p.A.,MIL,119.10,stock,common,100.00,5.00,false,0.00,EUR,1.71,927483.00,1.02,39665130740.12,USD,24.63,5.52,84.91,0.77,Producer manufacturing,italy,Producer Manufacturing,Buy,Buy,1.71,-1.57,-3.72,-21.67,18.39,37.53,57.29,266.24,461.49,721.27,3.16,3.53,Sell,Sell,StrongSell,Strong sell,Neutral,Neutral,42.23,-4.50,-3.05,-114.35,14.79,19.85,0.00,0.00,0.00,0.00,0.00,0.21,927483.00,-6.64,0.00,0.00,0.00,61.57,24.63,0.29,1.61,4.91,20.78,35.00,26.14,44727313470.12,1.84,18.68,13.97,120.88,123.13,128.70,135.23,115.02,184.86,210.91,151.48,191.10,5.69,1.43,1.68,26273322785.98,6305335210.39,6606886983.76
[object Object],MCHP,Microchip Technology Incorporated,NASDAQ,72.76,stock,common,100.00,1.00,false,0.00,USD,1.89,5837485.00,0.73,39509312636.02,USD,108.78,0.67,0.00,2.55,Electronic technology,america,Electronic Technology,Buy,Buy,1.89,-0.89,-0.95,-23.93,10.72,11.49,15.00,-6.50,134.33,20300.15,2.92,3.73,Sell,Sell,StrongSell,Strong sell,Neutral,Neutral,41.43,-4.32,-4.56,-104.56,12.29,9.51,0.00,70.74,-0.94,-0.70,2804.00,0.07,5837485.00,-42.30,73.31,0.75,856246.00,12.97,108.78,0.00,7.67,6.12,33.43,36.06,147.10,44635712636.02,8.71,53.70,29.64,73.97,76.71,80.65,86.27,77.17,110.26,135.00,88.00,112.00,3.64,0.70,0.93,6397435147.00,1458498833.00,1605299184.00
[object Object],ABN,ABN AMRO Bank N.V. Depositary receipts,EURONEXT,42.32,dr,0.00,100.00,1.00,false,0.00,EUR,1.51,2053652.00,1.24,39383096275.27,USD,13.93,3.47,9.43,3.31,Finance,netherlands,Finance,Buy,Buy,1.51,2.99,7.68,25.43,53.33,42.49,70.03,257.43,124.03,132.78,1.67,1.58,StrongBuy,Strong buy,StrongBuy,Strong buy,Buy,Buy,67.28,2.23,1.78,113.37,74.19,66.33,0.00,0.00,0.00,0.00,0.00,-0.17,2053652.00,21.60,42.32,0.00,1090991.00,64.25,13.93,1.46,3.48,1.43,0.00,0.00,0.00,134199042325.27,6.58,0.00,0.00,41.17,40.12,39.18,35.91,32.52,49.38,57.96,33.62,51.87,3.72,0.91,1.02,11206781760.17,2667306241.62,2884492975.79
[object Object],SSE,SSE PLC,LSE,2359.00,stock,common,1.00,1.00,false,0.00,GBX,-1.95,4686946.00,2.04,39219680731.98,USD,22.39,1.39,-2.62,2.86,Utilities,uk,Utilities,Buy,Buy,-1.95,-2.28,0.73,0.81,-10.58,8.56,40.71,42.58,56.23,251.56,2.81,1.92,StrongSell,Strong sell,StrongSell,Strong sell,Sell,Sell,44.49,-68.00,6.85,-61.76,54.24,61.94,0.00,0.00,0.00,0.00,0.00,0.50,4686946.00,55.89,2359.00,0.00,1067820.00,63.45,22.39,0.00,2.74,2.25,8.14,0.00,17.45,55827698251.98,4.15,21.27,14.63,2394.40,2392.83,2413.48,2436.92,2426.47,38.17,41.75,32.06,38.61,2.45,1.48,0.59,14973686073.01,7399088580.00,7736491137.30
[object Object],SYY,Sysco Corporation,NYSE,81.76,stock,common,100.00,1.00,false,0.00,USD,-0.43,2932459.00,1.39,39170892425.17,USD,22.37,3.65,-2.14,2.64,Distribution services,america,Distribution Services,Buy,Buy,-0.43,-2.32,-4.30,7.37,-3.76,12.11,1.77,3.38,57.26,60587.03,1.50,1.80,Sell,Sell,Sell,Sell,Sell,Sell,44.08,-0.70,-1.17,-81.74,23.11,18.57,0.00,0.00,0.00,0.00,0.00,0.47,2932459.00,33.29,81.76,0.00,624435.00,2.13,22.37,0.00,0.47,14.68,14.88,20.26,21.98,52351892425.17,0.62,14.83,11.24,82.71,83.42,83.11,79.25,79.35,90.67,100.00,78.00,89.50,5.07,1.51,1.20,89590446338.00,21945346781.00,22018802015.00
[object Object],FLEX,Flex Ltd,NASDAQ,105.95,stock,common,100.00,1.00,false,0.00,USD,-0.85,2797091.00,1.04,39138243210.85,USD,40.91,2.59,13.73,0.00,Electronic technology,america,Electronic Technology,StrongBuy,Strong buy,-0.85,-3.66,-3.63,-32.29,73.26,72.44,102.02,678.91,1002.62,7936.20,3.38,4.36,Sell,Sell,StrongSell,Strong sell,Neutral,Neutral,38.14,-7.08,-7.30,-105.10,10.01,16.75,0.00,107.20,0.32,-0.90,490.00,-0.07,2797091.00,13.91,105.95,0.00,443454.00,96.04,40.91,3.00,1.37,7.12,25.37,47.97,13.95,42228243210.85,1.44,25.86,19.54,109.63,116.37,124.93,124.88,94.35,159.55,180.00,142.00,160.00,4.70,0.90,1.06,34608931416.00,7528380489.00,8168967853.00
[object Object],EQT,EQT AB,OMXSTO,318.10,stock,common,10.00,1.00,false,0.00,SEK,-1.46,2159605.00,1.76,39099687681.00,USD,32.82,1.00,20.39,1.44,Finance,sweden,Finance,Buy,Buy,-1.46,-5.97,-2.12,8.34,9.31,-12.25,-7.64,-24.67,295.16,295.16,2.17,2.19,Sell,Sell,Sell,Sell,Sell,Sell,37.10,-21.90,-1.14,-269.29,9.23,15.15,hanging_man_bearish,0.00,0.00,0.00,0.00,-0.93,2159605.00,14.67,0.00,0.00,0.00,-3.43,32.82,1.63,15.19,4.35,27.78,28.25,9.16,37897180174.80,14.82,25.07,19.06,333.47,333.97,314.65,309.06,312.29,39.57,46.74,29.20,40.07,1.50,0.58,0.78,3646183448.32,1493204867.79,1823531989.87
[object Object],ODFL,"Old Dominion Freight Line, Inc.",NASDAQ,187.61,stock,common,100.00,1.00,false,0.00,USD,0.32,2130951.00,1.51,38902175914.40,USD,36.11,5.20,1.48,0.61,Transportation,america,Transportation,Neutral,Neutral,0.32,-5.11,-11.98,-21.71,-7.84,18.93,26.21,27.63,689.16,32776.00,3.64,3.12,Sell,Sell,StrongSell,Strong sell,Neutral,Neutral,28.06,-17.47,-17.88,-188.79,10.53,11.53,0.00,0.00,0.00,0.00,0.00,-0.21,2130951.00,-14.56,187.61,0.00,309213.00,23.09,36.11,24.25,6.97,8.56,28.09,35.13,137.91,38638233914.40,6.90,26.53,21.17,198.35,210.27,215.97,216.67,196.00,235.76,280.00,182.00,240.00,5.82,1.54,1.59,5916037878.00,1539379678.00,1549170155.00
[object Object],III,3i Group plc,LSE,2756.00,stock,common,1.00,1.00,false,0.00,GBX,-1.64,3096097.00,1.50,38569053541.89,USD,5.12,7.12,3.50,3.02,Miscellaneous,uk,Miscellaneous,Buy,Buy,-1.64,-4.70,-5.00,28.60,-8.26,-15.77,-30.37,105.52,346.32,872.05,1.93,2.39,Sell,Sell,Sell,Sell,Sell,Sell,46.00,-46.00,27.47,-105.40,24.35,34.77,0.00,0.00,0.00,0.00,0.00,-0.39,3096097.00,93.60,2756.00,0.00,745405.00,-23.94,5.12,1.49,22.45,0.91,112.64,113.10,43.82,39414967341.89,23.66,6.17,0.00,2840.70,2821.33,2722.20,2569.32,2845.28,46.09,57.15,25.82,48.52,6.80,0.00,2.25,6726798951.18,0.00,2366876049.89
[object Object],PKO,PKO Bank Polski SA,GPW,114.24,stock,common,100.00,2.00,false,0.00,PLN,0.47,1593154.00,0.74,37974377730.67,USD,13.17,2.30,7.99,5.40,Finance,poland,Finance,Buy,Buy,0.47,0.21,1.10,14.81,28.50,34.15,62.97,168.93,328.19,405.34,2.42,2.19,Buy,Buy,StrongBuy,Strong buy,Neutral,Neutral,57.62,-0.76,2.77,56.60,64.69,62.41,0.00,0.00,0.00,0.00,0.00,-0.56,1593154.00,-5.03,0.00,0.00,0.00,59.83,13.17,1.64,4.27,2.55,16.79,20.44,0.00,46263947480.67,4.23,0.00,0.00,113.78,111.31,109.51,104.75,95.58,30.44,33.67,25.38,30.70,2.49,0.56,0.62,8721530029.61,2020624480.25,2162585895.47
[object Object],RKLB,Rocket Lab Corporation,NASDAQ,63.10,stock,common,100.00,1.00,false,0.00,USD,0.90,16394457.00,1.12,37762812534.50,USD,0.00,-0.28,38.89,0.00,Electronic technology,america,Electronic Technology,Buy,Buy,0.90,-4.97,-0.38,-44.20,-7.39,-10.66,34.97,518.63,547.18,547.18,3.42,5.54,Sell,Sell,StrongSell,Strong sell,Buy,Buy,34.54,-12.74,-6.83,-112.78,4.80,4.99,0.00,62.35,-0.30,-1.71,575779.00,-0.30,16394457.00,13.51,63.20,0.16,932340.00,56.84,0.00,0.00,51.20,10.81,0.00,0.00,17.26,35594322534.50,46.28,0.00,0.00,66.84,71.27,75.68,90.40,79.28,113.76,150.00,80.00,120.00,-0.28,-0.06,-0.07,959840561.00,231623736.00,257436267.00
[object Object],TLX,Talanx AG,XETR,126.00,stock,common,10.00,1.00,false,0.00,EUR,0.16,86638.00,0.66,37642738621.90,USD,12.49,11.53,15.31,2.86,Finance,germany,Finance,Buy,Buy,0.16,2.86,9.19,26.89,20.00,10.62,8.53,227.78,377.63,561.42,1.17,1.47,Buy,Buy,StrongBuy,Strong buy,Neutral,Neutral,75.70,8.20,7.65,125.40,91.40,93.74,"long_upper_shadow_bearish,shooting_star_bearish",125.30,-0.40,-0.48,71.00,0.00,86638.00,-33.89,126.10,0.08,54767.00,11.29,12.49,0.81,0.58,2.26,0.00,0.00,0.00,56806467701.90,0.89,0.00,0.00,123.48,118.46,115.68,111.48,110.04,151.88,188.80,129.73,148.84,13.08,3.09,3.41,59113586996.95,13504330726.22,14205401659.67
[object Object],SIKA,Sika AG,SIX,187.55,stock,common,100.00,5.00,false,0.00,CHF,-1.06,291615.00,0.91,37461576024.56,USD,28.93,8.02,-14.91,1.95,Process industries,switzerland,Process Industries,Buy,Buy,-1.06,-1.29,3.13,23.67,26.72,14.96,1.60,-43.13,136.12,2076.92,1.50,2.00,Neutral,Neutral,Buy,Buy,Neutral,Neutral,53.95,2.40,9.13,-50.35,63.74,70.42,0.00,0.00,0.00,0.00,0.00,-0.58,291615.00,-23.68,187.55,0.00,151682.00,4.78,28.93,0.00,2.74,4.42,19.08,24.59,48.21,44160669154.56,3.21,23.44,17.33,189.44,185.44,176.83,163.03,156.68,251.27,286.99,184.75,258.66,9.44,4.26,4.88,14374320255.37,6835503267.50,7249775114.70
[object Object],VOD,Vodafone Group Public Limited Company,LSE,119.40,stock,common,100.00,5.00,false,0.00,GBX,0.00,106354250.00,1.88,37340064569.57,USD,0.00,-0.02,87.67,3.34,Communications,uk,Communications,Neutral,Neutral,0.00,1.36,1.32,7.71,8.40,21.32,36.08,-2.48,-46.72,145.52,1.88,1.89,Buy,Buy,StrongBuy,Strong buy,Sell,Sell,55.54,-0.35,-0.07,34.92,54.78,43.55,0.00,0.00,0.00,0.00,0.00,0.13,106354250.00,99.66,119.40,0.00,18340668.00,31.04,0.00,0.00,0.79,0.62,2.36,3.71,2.00,85294721885.11,1.84,19.24,4.57,118.27,118.56,113.66,113.55,109.13,1.60,2.03,1.28,1.55,0.11,0.03,0.06,50530795518.25,0.00,24149655655.04
[object Object],SDZ,Sandoz Group Ltd,SIX,68.86,stock,common,100.00,2.00,false,0.00,CHF,-0.03,926220.00,1.21,37329376752.11,USD,58.49,1.46,166.48,1.16,Health technology,switzerland,Health Technology,Buy,Buy,-0.03,-5.72,4.14,9.30,6.30,18.32,37.55,186.92,186.92,186.92,2.31,2.85,Sell,Sell,Sell,Sell,Neutral,Neutral,44.70,-5.24,-0.03,-125.70,10.72,8.08,0.00,0.00,0.00,0.00,0.00,0.12,926220.00,17.50,68.86,0.00,399365.00,40.03,58.49,0.35,3.28,4.10,20.00,27.93,29.94,42251427440.08,3.71,24.36,18.27,71.01,69.73,69.34,67.53,64.28,90.99,114.61,68.00,92.56,4.16,1.74,2.27,12390617390.79,5760446333.00,6389604000.00
[object Object],HIG,"Hartford Insurance Group, Inc.",NYSE,137.21,stock,common,100.00,1.00,false,0.00,USD,0.06,1138562.00,0.82,37166349716.51,USD,8.87,15.47,40.27,1.69,Finance,america,Finance,Buy,Buy,0.06,-0.98,-3.50,7.46,-0.90,0.02,4.03,101.81,233.11,451.60,1.33,1.55,Sell,Sell,Sell,Sell,Neutral,Neutral,45.87,-0.32,-2.13,-59.79,28.77,32.82,0.00,137.63,0.36,0.04,352.00,0.50,1138562.00,16.00,137.21,0.00,311199.00,0.15,8.87,0.22,1.30,1.93,6.45,6.55,0.00,41874349716.51,1.44,0.00,0.00,137.83,139.94,138.79,136.08,136.18,150.05,164.00,135.00,150.00,12.74,3.16,3.06,28878513526.00,7168459755.00,7266106268.00
[object Object],GIVN,Givaudan SA,SIX,3205.00,stock,common,1.00,1.00,false,0.00,CHF,-1.54,17751.00,1.11,36996411443.84,USD,31.21,127.05,-12.95,2.21,Consumer non-durables,switzerland,Consumer Non-Durables,Buy,Buy,-1.54,-3.84,-1.11,14.10,10.44,2.01,-5.35,-30.22,55.28,524.27,1.92,1.87,Sell,Sell,Sell,Sell,Sell,Sell,42.67,12.00,-19.17,-85.91,43.44,53.59,0.00,0.00,0.00,0.00,0.00,-0.61,17751.00,1.92,3205.00,0.00,8652.00,-4.21,31.21,0.00,4.09,6.72,21.58,26.89,94.29,42697950743.84,4.66,25.45,19.99,3285.70,3278.50,3337.16,3127.52,3093.45,4274.41,5542.65,3554.69,4218.57,148.09,75.46,71.34,9600272691.50,4680379656.16,4692161150.00
[object Object],ADYEN,Adyen NV,EURONEXT,1038.60,stock,common,10.00,2.00,false,0.00,EUR,3.16,89278.00,0.85,36977005744.29,USD,29.19,40.63,12.18,0.00,Commercial services,netherlands,Commercial Services,StrongBuy,Strong buy,3.16,-3.30,17.57,21.72,9.33,-24.74,-26.66,-61.30,159.65,159.65,3.66,3.34,Buy,Buy,Buy,Buy,Neutral,Neutral,57.01,-16.00,96.96,-5.67,54.12,70.75,0.00,0.00,0.00,0.00,0.00,-0.77,89278.00,-20.32,1038.60,0.00,23312.00,-26.43,29.19,2.32,11.06,5.55,50.64,65.37,2.65,23073879105.78,7.01,16.87,14.97,1062.86,976.22,921.61,918.57,1039.56,1642.89,2207.51,1258.28,1568.50,45.64,18.97,24.78,3369464927.44,1480516930.66,1815688829.19
[object Object],EXPE,"Expedia Group, Inc.",NASDAQ,308.06,stock,common,100.00,1.00,false,0.00,USD,1.26,1523206.00,1.12,36973019897.71,USD,19.21,16.03,96.19,0.60,Consumer services,america,Consumer Services,Buy,Buy,1.26,-9.13,1.53,35.56,26.72,8.85,46.82,109.66,180.41,1039.59,4.13,3.94,Neutral,Neutral,Neutral,Neutral,Neutral,Neutral,48.17,-18.21,11.35,-133.32,7.87,22.05,0.00,302.70,-0.50,-0.50,880.00,0.80,1523206.00,-35.09,307.00,-0.34,217812.00,39.14,19.21,0.20,2.37,30.58,7.24,8.47,3.96,34391019897.71,2.19,13.16,9.79,323.41,311.75,292.97,264.75,258.23,345.91,430.00,245.00,340.00,20.88,5.22,8.80,16203473107.00,4174170459.00,4726758175.00
[object Object],KVUE,"Kenvue, Inc.",NYSE,19.13,stock,common,100.00,1.00,false,0.00,USD,2.03,19101177.00,0.93,36744398194.64,USD,22.18,0.86,17.19,4.44,Consumer non-durables,america,Consumer Non-Durables,Neutral,Neutral,2.03,-1.49,-1.29,12.33,5.75,10.77,-7.41,-25.07,-25.07,-25.07,1.60,1.92,Buy,Buy,StrongBuy,Strong buy,Neutral,Neutral,50.78,0.00,-0.11,-37.43,26.46,34.37,marubozu_white_bullish,18.78,0.16,0.05,600.00,0.05,19101177.00,-12.20,19.09,-0.21,2394465.00,-9.69,22.18,1.26,2.34,3.48,15.82,19.22,33.14,44247398194.64,2.87,14.93,12.54,19.11,19.19,19.18,18.36,17.93,19.30,22.00,18.00,19.00,1.18,0.32,0.29,15604914071.00,3965752900.00,3863027100.00
[object Object],MLM,"Martin Marietta Materials, Inc.",NYSE,517.07,stock,common,100.00,1.00,false,0.00,USD,2.41,1124516.00,1.84,36722480273.14,USD,12.71,40.69,125.40,0.66,Non-energy minerals,america,Non-Energy Minerals,Buy,Buy,2.41,-3.47,-2.44,-11.52,-16.77,-16.50,-15.23,34.87,183.14,1999.78,2.08,2.30,Sell,Sell,StrongSell,Strong sell,Sell,Sell,40.69,-18.46,-23.62,-148.19,12.49,12.60,0.00,513.51,1.70,0.41,1770.00,0.54,1124516.00,24.61,517.00,-0.01,155497.00,-3.53,12.71,0.10,4.54,2.69,20.49,38.43,259.40,42949480273.14,6.42,30.14,20.82,525.75,540.99,557.01,573.27,601.83,667.59,800.00,556.00,671.00,18.19,4.76,6.74,7232480354.00,1870077961.00,2157875285.00
[object Object],EL,Estee Lauder Companies Inc. Class A,NYSE,101.15,stock,common,100.00,1.00,false,0.00,USD,1.15,2896046.00,0.58,36595924140.69,USD,203.28,0.50,0.00,1.40,Consumer non-durables,america,Consumer Non-Durables,Buy,Buy,1.15,-3.17,18.44,21.91,7.95,-4.23,12.21,-70.73,13.11,1072.75,3.62,3.24,Buy,Buy,StrongBuy,Strong buy,Neutral,Neutral,63.13,3.14,12.68,51.12,70.53,75.37,0.00,99.65,-0.35,-0.60,1046.00,0.00,2896046.00,-0.50,101.15,0.00,492485.00,10.73,203.28,0.00,2.41,9.62,20.71,27.91,10.50,42343924140.69,2.81,25.06,17.03,102.52,91.38,87.70,84.92,92.11,108.44,127.00,90.00,107.00,3.32,0.32,0.51,15725178728.00,3545150258.00,3642948032.00
[object Object],PEG,Public Service Enterprise Group Inc,NYSE,73.32,stock,common,100.00,1.00,false,0.00,USD,-0.22,3577390.00,1.39,36544159291.33,USD,18.23,4.02,1.56,3.54,Utilities,america,Utilities,Buy,Buy,-0.22,-0.19,-4.16,-6.20,-12.14,-9.25,-10.51,12.89,71.55,576.80,1.25,1.59,Sell,Sell,StrongSell,Strong sell,Neutral,Neutral,36.29,-2.01,-2.76,-83.56,20.70,19.59,0.00,73.48,0.00,-0.33,753.00,0.01,3577390.00,-0.11,73.32,0.00,520977.00,-10.30,18.23,11.75,2.78,2.11,10.19,132.56,187.62,61027159291.33,4.63,17.24,12.14,73.47,75.59,77.60,78.45,80.03,86.09,96.00,73.00,86.00,4.37,0.79,1.19,12541987918.00,2660751275.00,3193531961.00
[object Object],KMB,Kimberly-Clark Corporation,NASDAQ,109.29,stock,common,100.00,1.00,false,0.00,USD,2.06,3945318.00,1.25,36347563961.14,USD,18.63,5.87,-19.12,4.74,Consumer non-durables,america,Consumer Non-Durables,Buy,Buy,2.06,-2.19,-1.50,14.24,6.11,8.00,-15.51,-21.94,-14.62,55175.44,1.90,2.16,Buy,Buy,Buy,Buy,Neutral,Neutral,50.24,-0.59,-0.58,-53.37,20.64,25.78,0.00,107.50,0.39,0.39,2631.00,0.36,3945318.00,8.87,109.69,0.37,378275.00,-16.69,18.63,0.00,2.15,20.77,10.93,20.01,38.10,42054563961.14,2.54,17.81,13.63,109.46,109.69,109.76,104.13,103.21,117.57,162.00,90.00,115.00,7.45,2.01,1.67,16649308508.00,4224661700.00,4173744636.00
[object Object],HOT,HOCHTIEF Aktiengesellschaft,XETR,408.20,stock,common,10.00,2.00,false,0.00,EUR,-1.83,61769.00,1.24,36273216325.13,USD,34.55,13.49,8.35,1.59,Industrial services,germany,Industrial Services,Neutral,Neutral,-1.83,-4.40,-8.80,-19.09,5.42,21.56,87.42,489.20,233.22,2412.00,2.40,2.45,Sell,Sell,StrongSell,Strong sell,Neutral,Neutral,25.66,-16.80,-18.67,-144.37,6.98,12.26,0.00,409.00,-1.64,-1.35,261.00,-0.96,61769.00,-6.68,408.80,0.15,38614.00,96.13,34.55,4.22,0.78,23.70,13.25,16.47,3.43,37498941512.75,0.82,20.09,14.36,422.52,435.83,452.04,470.11,416.88,576.83,698.21,373.92,568.96,16.81,0.00,0.00,50958624396.30,12069861110.00,0.00
[object Object],HNR1,Hannover Rueck SE,XETR,260.20,stock,common,10.00,2.00,false,0.00,EUR,0.31,94152.00,0.81,36257193590.60,USD,11.48,25.89,10.15,4.82,Finance,germany,Finance,Buy,Buy,0.31,2.28,4.25,15.44,3.25,-1.89,5.52,66.63,177.37,1086.33,1.01,1.45,Buy,Buy,StrongBuy,Strong buy,Neutral,Neutral,65.37,9.60,4.99,165.39,94.11,93.00,0.00,259.20,-0.08,-0.15,14.00,0.00,94152.00,-20.26,259.40,-0.31,37857.00,6.05,11.48,1.13,1.09,2.37,4.86,0.00,0.00,42251365080.60,1.29,0.00,0.00,255.28,253.30,250.97,248.01,251.13,332.90,418.27,286.98,325.32,27.10,6.37,6.41,31818191527.77,7223529500.00,7785469940.34
[object Object],TKO,"TKO Group Holdings, Inc. Class A",NYSE,189.79,stock,common,100.00,1.00,false,0.00,USD,4.13,868744.00,0.90,35921499908.48,USD,65.65,2.89,33.09,1.71,Consumer services,america,Consumer Services,Buy,Buy,4.13,-1.35,3.74,-5.96,-9.55,-9.59,1.34,259.25,812.01,522.26,2.28,2.95,Sell,Sell,Sell,Sell,Neutral,Neutral,50.29,-11.90,-3.57,-54.77,15.14,8.15,0.00,0.00,0.00,0.00,0.00,0.48,868744.00,17.68,189.79,0.00,139753.00,-6.14,65.65,1.91,2.61,4.15,8.02,8.61,9.28,44292285908.48,8.35,38.10,26.21,188.70,188.78,190.30,191.84,197.29,231.32,250.00,188.00,235.00,4.64,1.41,1.33,5817929143.00,1541754547.00,1388713774.00
[object Object],ALC,Alcon AG,SIX,59.36,stock,common,100.00,2.00,false,0.00,CHF,1.82,1082142.00,1.15,35882512973.46,USD,57.25,1.28,-44.92,0.48,Health technology,switzerland,Health Technology,Buy,Buy,1.82,1.50,6.08,16.58,-8.23,-4.81,-7.45,-22.38,7.93,7.93,1.76,2.06,StrongBuy,Strong buy,StrongBuy,Strong buy,Neutral,Neutral,56.85,-0.02,0.58,15.85,36.90,27.43,0.00,0.00,0.00,0.00,0.00,0.14,1082142.00,18.34,59.36,0.00,495003.00,-7.46,57.25,0.00,3.31,1.65,16.00,21.24,24.70,39701722267.88,3.72,34.07,16.40,58.69,58.00,56.84,55.86,59.17,90.91,104.78,59.17,92.54,3.57,0.75,0.87,11321894886.41,2721244618.09,2735534632.14
[object Object],ALNY,"Alnylam Pharmaceuticals, Inc",NASDAQ,267.40,stock,common,100.00,1.00,false,0.00,USD,8.65,3286152.00,1.93,35780560864.05,USD,45.15,5.92,0.00,0.00,Health technology,america,Health Technology,Buy,Buy,8.65,12.10,28.54,-10.03,-15.84,-33.04,-40.02,33.92,284.53,4283.61,5.62,4.36,Buy,Buy,Buy,Buy,Buy,Buy,63.48,24.79,0.46,236.87,91.44,84.86,0.00,246.51,0.16,0.16,500.00,0.15,3286152.00,69.28,266.75,-0.24,323425.00,-43.80,45.15,0.00,7.08,26.41,41.74,46.57,11.18,35459902864.05,7.38,35.47,33.63,240.85,237.68,259.96,279.57,323.03,373.05,536.00,230.00,350.00,6.72,1.63,1.77,5469876586.00,1322127769.00,1429129807.00
[object Object],KR,Kroger Co.,NYSE,58.22,stock,common,100.00,1.00,false,0.00,USD,0.48,4485734.00,0.73,35668327223.82,USD,34.05,1.71,-53.53,2.49,Retail trade,america,Retail Trade,Buy,Buy,0.48,-0.39,0.19,-6.32,-18.74,-6.64,-14.56,23.74,78.70,6242.26,2.19,2.06,Buy,Buy,Buy,Buy,Neutral,Neutral,53.18,1.95,0.24,84.66,68.67,63.29,0.00,58.02,0.14,0.10,1052.00,0.10,4485734.00,-38.59,58.56,0.58,755079.00,-21.78,34.05,0.00,0.24,5.51,5.13,12.44,8.74,55768327223.82,0.38,11.81,6.50,57.86,57.40,57.68,61.46,64.13,70.70,86.00,57.00,72.50,5.20,1.20,1.05,151308171208.00,34958392669.00,34670040075.00
[object Object],HSY,Hershey Company,NYSE,177.43,stock,common,100.00,1.00,false,0.00,USD,0.81,1007415.00,0.90,35650284351.43,USD,25.92,6.84,-9.04,3.25,Consumer non-durables,america,Consumer Non-Durables,Buy,Buy,0.81,-5.00,0.21,-4.45,-21.36,-2.50,-3.56,-0.49,77.32,16933.45,2.22,1.93,Sell,Sell,StrongSell,Strong sell,Neutral,Neutral,43.43,-11.36,-1.40,-134.32,8.91,7.03,spinning_top_white,176.50,0.28,0.28,102.00,0.38,1007415.00,-35.59,176.54,-0.50,171541.00,-6.10,25.92,0.00,3.72,7.81,17.19,21.19,57.71,40782383351.43,3.35,18.93,15.20,182.72,181.59,179.11,183.05,192.50,203.50,250.00,170.00,200.00,8.49,1.43,2.12,12303036733.00,2633436720.00,3255521379.00
[object Object],STLD,"Steel Dynamics, Inc.",NASDAQ,247.64,stock,common,100.00,1.00,false,0.00,USD,5.79,1192127.00,0.83,35493768762.88,USD,22.46,11.02,60.82,0.88,Non-energy minerals,america,Non-Energy Minerals,Buy,Buy,5.79,7.00,-3.16,-9.81,33.26,44.29,91.76,267.66,902.19,5560.34,3.19,3.78,Buy,Buy,StrongBuy,Strong buy,Neutral,Neutral,54.05,16.63,-10.78,-7.68,43.66,36.01,0.00,233.21,-0.38,-0.04,969.00,1.20,1192127.00,79.45,247.64,0.00,366784.00,76.66,22.46,0.35,1.65,3.78,22.78,37.47,63.07,39051741762.88,1.90,18.99,14.60,232.88,248.22,242.05,241.38,209.42,275.08,310.00,255.00,270.00,16.86,3.63,5.41,23633101396.00,5559427494.00,6333209119.00
[object Object],EXPN,Experian PLC,LSE,2876.00,stock,common,1.00,1.00,false,0.00,GBX,-3.16,1728310.00,0.69,35489015148.61,USD,23.58,1.61,22.99,1.74,Commercial services,uk,Commercial Services,StrongBuy,Strong buy,-3.16,-3.91,2.79,14.13,3.42,-14.99,-24.65,-11.23,90.59,413.57,2.42,2.71,Sell,Sell,Sell,Sell,Sell,Sell,48.91,1.00,115.55,-12.66,65.03,80.16,marubozu_black_bearish,0.00,0.00,0.00,0.00,-0.47,1728310.00,-9.79,2876.00,0.00,667624.00,-23.22,23.58,1.06,4.33,6.15,15.78,16.14,98.35,40867777338.68,4.91,19.36,13.73,2971.30,2886.30,2784.44,2714.18,2836.77,50.47,62.18,33.29,50.23,1.97,0.94,0.93,8972471862.57,4373463667.00,4420478333.00
[object Object],NTAP,"NetApp, Inc.",NASDAQ,180.77,stock,common,100.00,1.00,false,0.00,USD,-1.30,3933732.00,1.85,35473269369.65,USD,28.43,6.36,11.90,1.14,Electronic technology,america,Electronic Technology,Buy,Buy,-1.30,-3.62,0.95,0.63,80.55,67.92,62.99,101.64,420.35,16667.07,3.70,3.86,Neutral,Neutral,Sell,Sell,Buy,Buy,43.31,-13.71,1.67,-114.09,8.17,9.29,0.00,186.11,1.61,1.23,27437.00,2.18,3933732.00,66.46,165.99,-8.18,725054.00,56.07,28.43,2.42,5.26,26.23,17.40,19.25,10.04,34622269369.65,5.00,20.45,18.29,188.01,187.94,177.48,155.11,129.84,189.19,210.00,150.00,197.00,9.03,2.12,2.17,7540285520.00,1836984109.00,1844578710.00
[object Object],UAL,"United Airlines Holdings, Inc.",NASDAQ,108.35,stock,common,100.00,1.00,false,0.00,USD,3.56,4184134.00,1.27,35168650637.49,USD,10.13,10.70,7.20,0.00,Transportation,america,Transportation,StrongBuy,Strong buy,3.56,-8.52,-13.55,1.36,17.71,-3.77,5.20,134.12,114.38,149.08,2.80,2.80,Sell,Sell,StrongSell,Strong sell,Buy,Buy,37.96,-7.43,-10.35,-103.11,7.67,4.76,0.00,106.65,1.93,0.16,37907.00,2.07,4184134.00,-20.68,108.58,0.21,647192.00,0.22,10.13,1.36,0.54,2.11,3.97,13.91,2.13,52199650637.49,0.83,12.26,7.20,111.47,119.77,122.50,112.17,108.11,164.43,203.00,142.00,162.50,10.17,1.88,2.97,67677518784.00,17620247780.00,17812469456.00
[object Object],KER,Kering SA,EURONEXT,249.65,stock,common,100.00,5.00,false,0.00,EUR,0.99,310440.00,1.10,35127500896.91,USD,0.00,-1.99,-129.28,1.21,Consumer non-durables,france,Consumer Non-Durables,Neutral,Neutral,0.99,0.73,-12.00,2.00,-3.98,-17.02,6.55,-64.15,42.45,876.24,2.39,2.77,StrongSell,Strong sell,StrongSell,Strong sell,Sell,Sell,42.65,-10.40,-12.49,-84.00,18.03,16.57,0.00,0.00,0.00,0.00,0.00,-0.51,310440.00,-2.83,249.65,0.00,206852.00,3.60,0.00,0.00,2.12,2.11,9.02,10.84,3.61,47075272226.91,2.88,26.04,11.45,251.62,264.62,259.59,254.04,266.83,343.52,416.99,202.70,341.70,7.55,3.54,3.49,17315324071.89,8196564620.00,8619968678.00
[object Object],REP,Repsol SA,BME,28.05,stock,common,100.00,1.00,false,0.00,EUR,0.21,2485539.00,1.12,35000286291.67,USD,8.83,3.63,396.76,4.58,Energy minerals,spain,Energy Minerals,Buy,Buy,0.21,5.25,8.38,21.80,38.38,75.75,98.80,194.80,128.14,21.96,2.09,2.26,Buy,Buy,StrongBuy,Strong buy,Neutral,Neutral,65.18,0.64,0.92,120.63,72.77,56.17,0.00,0.00,0.00,0.00,0.00,1.32,2485539.00,1.15,0.00,0.00,0.00,86.31,8.83,0.02,0.50,1.32,5.73,19.03,3.81,47218148891.67,0.68,7.61,5.27,27.33,26.56,25.19,23.63,20.96,32.01,40.66,26.14,30.79,5.67,1.68,1.94,81211876633.55,28836449632.33,31967627310.04
[object Object],EQT,EQT Corporation,NYSE,55.75,stock,common,100.00,1.00,false,0.00,USD,0.29,5909378.00,0.93,34872516605.87,USD,12.93,4.31,131.90,1.19,Energy minerals,america,Energy Minerals,Buy,Buy,0.29,3.88,5.77,1.72,-10.47,4.50,8.89,195.13,44.12,12096.88,2.49,2.60,Buy,Buy,StrongBuy,Strong buy,Neutral,Neutral,64.60,2.11,1.81,148.27,68.34,60.24,0.00,55.11,-0.86,0.29,6970.00,-0.86,5909378.00,1.61,55.75,0.00,884092.00,6.38,12.93,0.10,3.69,1.38,5.61,9.32,310.73,44019888605.87,4.64,10.96,6.55,54.51,53.51,52.51,54.23,56.19,67.69,81.00,52.00,67.00,4.14,0.41,0.50,9368234667.00,1763350073.00,1918968584.00
[object Object],DSY,Dassault Systemes SE,EURONEXT,22.13,stock,common,100.00,1.00,false,0.00,EUR,-0.54,1171965.00,0.67,34504398563.46,USD,22.18,1.14,16.52,1.21,Technology services,france,Technology Services,Buy,Buy,-0.54,-1.25,9.07,16.41,18.00,-7.41,-16.55,-54.83,43.93,1703.59,2.36,2.48,Neutral,Neutral,Buy,Buy,Sell,Sell,55.66,-0.11,1.61,2.98,62.91,78.82,spinning_top_black,0.00,0.00,0.00,0.00,-0.22,1171965.00,-35.77,22.13,0.00,678056.00,-15.65,22.18,1.35,4.75,3.14,17.06,18.44,5.18,31858431469.46,4.49,17.84,13.30,22.59,21.60,20.24,19.65,20.34,28.10,38.63,19.69,25.63,1.57,0.34,0.36,7479791907.30,1758901697.18,1763014515.73
[object Object],WEC,WEC Energy Group Inc,NYSE,105.73,stock,common,100.00,1.00,false,0.00,USD,-0.44,1777967.00,0.83,34452052395.74,USD,20.48,5.16,-1.02,3.53,Utilities,america,Utilities,Buy,Buy,-0.44,-0.96,-2.76,-4.53,-8.47,0.06,-0.47,10.07,76.72,3725.37,1.28,1.60,Sell,Sell,StrongSell,Strong sell,Neutral,Neutral,37.03,-3.61,-3.45,-98.79,12.19,12.02,0.00,0.00,0.00,0.00,0.00,-0.21,1777967.00,-24.68,105.73,0.00,484273.00,1.41,20.48,0.00,3.45,2.44,9.66,0.00,695.49,57819852395.74,5.70,23.86,14.68,106.69,109.05,111.67,112.49,111.78,121.97,140.00,108.50,121.00,5.60,0.80,0.93,10125275614.00,2106892581.00,2201922998.00
[object Object],BPE,BPER Banca S.p.A.,MIL,14.07,stock,common,1000.00,2.00,false,0.00,EUR,-0.94,4954060.00,0.86,34336890020.01,USD,12.86,1.25,0.18,4.65,Finance,italy,Finance,Buy,Buy,-0.94,-1.47,-0.92,22.41,25.40,21.29,58.05,659.72,485.53,472.35,1.69,1.62,Neutral,Neutral,Sell,Sell,Neutral,Neutral,47.39,0.02,0.00,-79.97,35.14,36.25,0.00,0.00,0.00,0.00,0.00,-0.25,4954060.00,26.79,0.00,0.00,0.00,74.53,12.86,70.89,3.69,1.63,0.00,0.00,0.00,66287131628.03,6.66,0.00,0.00,14.13,14.23,14.05,13.23,12.33,17.72,18.89,15.53,17.91,1.41,0.34,0.34,9068080893.55,2314535088.38,2185229640.65
[object Object],VMC,Vulcan Materials Company,NYSE,263.93,stock,common,100.00,1.00,false,0.00,USD,1.63,1254572.00,1.36,34199715943.06,USD,31.15,8.47,18.43,0.79,Non-energy minerals,america,Non-Energy Minerals,Buy,Buy,1.63,-3.95,-2.63,-8.02,-6.25,-7.42,-8.51,42.01,132.91,32805.90,2.74,2.34,Sell,Sell,StrongSell,Strong sell,Neutral,Neutral,38.42,-12.37,-10.15,-173.18,13.54,13.84,0.00,262.93,1.25,0.12,172.00,0.22,1254572.00,-24.99,263.93,0.00,211599.00,-12.92,31.15,1.66,4.17,4.03,19.06,33.48,119.12,38877015943.06,4.79,23.10,16.15,271.20,277.47,284.38,284.60,288.57,330.90,365.00,283.00,335.00,9.14,2.46,3.04,8159977567.00,2140540211.00,2275966048.00
[object Object],SAAB_B,Saab AB Class B,OMXSTO,610.00,stock,common,10.00,1.00,false,0.00,SEK,-0.29,907765.00,0.77,34185808260.88,USD,46.51,1.35,36.29,0.36,Electronic technology,sweden,Electronic Technology,Buy,Buy,-0.29,-3.94,1.46,18.33,-3.94,12.17,13.28,860.25,804.98,3203.17,2.52,2.79,Neutral,Neutral,Sell,Sell,Neutral,Neutral,40.54,-65.90,0.77,-139.04,8.69,12.97,0.00,0.00,0.00,0.00,0.00,-0.29,907765.00,-43.70,0.00,0.00,0.00,16.34,46.51,1.29,3.75,6.55,22.80,46.45,25.89,34403471860.88,3.80,37.30,28.18,637.87,636.37,599.91,571.68,590.05,67.07,79.57,34.55,67.01,1.63,0.35,0.26,10606583112.30,2452260630.60,2050102593.77
[object Object],HEN3,Henkel AG & Co. KGaA Pref,XETR,75.30,stock,preferred,100.00,2.00,false,0.00,EUR,-0.92,214073.00,0.74,34185607080.93,USD,15.98,5.38,-5.47,2.72,Process industries,germany,Process Industries,Neutral,Neutral,-0.92,-0.71,-0.40,14.61,-0.11,7.79,4.73,-8.28,-36.75,266.31,1.15,1.50,Sell,Sell,Sell,Sell,Sell,Sell,46.70,-0.22,-0.28,-62.13,45.28,42.49,0.00,75.52,-0.63,-0.63,5.00,-0.13,214073.00,-34.73,75.24,-0.08,126346.00,3.22,15.98,0.00,1.51,1.45,11.27,15.07,7.66,36735825080.93,1.57,10.64,8.60,75.85,76.28,75.55,70.87,71.55,91.39,110.12,75.35,88.68,6.48,3.16,3.15,24930554985.08,11734655650.43,12667551233.86
[object Object],HBAN,Huntington Bancshares Incorporated,NASDAQ,16.88,stock,common,100.00,1.00,false,0.00,USD,2.80,19790958.00,0.91,34104603957.13,USD,13.01,1.30,-3.41,3.78,Finance,america,Finance,Buy,Buy,2.80,-0.88,-1.29,4.52,3.97,-2.88,-4.20,10.33,67.96,1486.43,1.97,1.95,Sell,Sell,StrongSell,Strong sell,Neutral,Neutral,43.58,-0.29,-0.61,-86.95,10.03,6.51,0.00,16.54,0.73,0.12,1038.00,0.73,19790958.00,-23.62,16.80,-0.47,2466504.00,28.01,13.01,0.00,3.51,1.15,13.01,15.18,0.00,55545603957.13,3.89,0.00,0.00,16.88,17.27,17.54,16.99,16.97,20.26,23.00,18.00,20.00,1.38,0.36,0.37,11255100548.00,2839704318.00,2878361685.00
[object Object],LDO,Leonardo SpA,MIL,51.39,stock,common,100.00,1.00,false,0.00,EUR,0.67,1706868.00,0.99,34036852295.82,USD,26.33,2.23,7.22,1.23,Electronic technology,italy,Electronic Technology,Buy,Buy,0.67,-5.22,-7.57,0.76,-10.13,3.82,0.80,631.01,401.37,268.96,3.34,2.56,Sell,Sell,StrongSell,Strong sell,Buy,Buy,34.40,-7.08,-2.49,-137.63,4.24,4.34,spinning_top_white,0.00,0.00,0.00,0.00,0.00,1706868.00,-10.24,0.00,0.00,0.00,4.31,26.33,3.62,1.43,3.07,13.09,26.13,30.08,39511706665.82,1.68,24.23,16.32,53.90,55.72,53.62,53.13,54.07,79.43,94.48,69.13,79.50,2.77,0.00,0.00,26161141746.57,10367489990.00,0.00
[object Object],MTB,M&T Bank Corporation,NYSE,235.48,stock,common,100.00,1.00,false,0.00,USD,1.49,1158700.00,1.14,34007141475.99,USD,12.43,18.94,22.69,2.59,Finance,america,Finance,Neutral,Neutral,1.49,-2.23,-4.54,8.55,13.10,17.18,18.97,69.56,98.42,18644.68,1.74,1.66,Neutral,Neutral,Sell,Sell,Buy,Buy,38.54,-9.07,-10.63,-94.64,8.16,4.88,morning_star_bullish,233.02,0.43,0.43,100.00,0.65,1158700.00,39.14,235.48,0.00,419873.00,7.75,12.43,0.54,3.46,1.34,9.02,9.54,0.00,52684141475.99,3.98,0.00,0.00,237.97,246.27,244.66,231.01,220.18,257.42,300.00,224.00,255.00,19.35,4.66,4.94,10060367289.00,2462613832.00,2532394168.00
[object Object],RJF,"Raymond James Financial, Inc.",NYSE,175.95,stock,common,100.00,1.00,false,0.00,USD,1.41,1563862.00,1.28,33846045487.89,USD,15.34,11.47,12.60,1.22,Finance,america,Finance,Buy,Buy,1.41,0.89,-0.02,19.00,14.87,9.81,4.89,87.42,352.78,29468.84,2.00,2.03,Buy,Buy,Buy,Buy,Neutral,Neutral,51.11,-1.98,1.12,-53.26,51.65,59.25,0.00,174.01,0.29,0.29,100.00,0.20,1563862.00,7.85,175.95,0.00,339001.00,-0.55,15.34,1.20,2.02,2.66,16.05,17.66,2.46,25696045487.89,1.51,8.19,7.69,175.87,176.72,171.24,162.05,160.12,184.69,205.00,160.00,184.00,12.15,2.93,3.36,15749708002.00,3870947973.00,4232921907.00
[object Object],SCHP,Schindler Holding Ltd. Pref,SIX,258.20,stock,preferred,10.00,2.00,false,0.00,CHF,-1.45,78135.00,0.81,33845784492.89,USD,26.89,11.88,4.70,2.29,Producer manufacturing,switzerland,Producer Manufacturing,Neutral,Neutral,-1.45,-2.57,1.18,-1.22,-8.63,-13.47,-12.12,-12.80,39.57,2277.53,1.32,1.18,StrongSell,Strong sell,StrongSell,Strong sell,Neutral,Neutral,44.27,4.00,3.10,-47.40,51.17,63.54,0.00,0.00,0.00,0.00,0.00,-0.61,78135.00,-20.55,258.20,0.00,46910.00,-10.79,26.89,5.80,2.59,5.97,19.63,21.76,14.56,32500768092.89,2.44,18.57,15.03,262.52,259.64,262.02,264.65,276.51,373.63,429.97,328.01,369.78,13.05,0.00,0.00,13952913485.37,0.00,0.00
[object Object],DXCM,"DexCom, Inc.",NASDAQ,89.69,stock,common,100.00,1.00,false,0.00,USD,-0.50,1822295.00,0.45,33845485285.42,USD,35.40,2.53,77.36,0.00,Health technology,america,Health Technology,StrongBuy,Strong buy,-0.50,1.72,5.21,20.99,28.64,34.61,20.92,-34.27,292.95,2869.87,2.64,2.79,Buy,Buy,StrongBuy,Strong buy,Sell,Sell,59.22,-0.19,5.91,45.92,54.86,61.25,long_upper_shadow_bearish,90.01,-0.14,-0.14,268.00,-0.12,1822295.00,-15.31,90.80,1.24,395417.00,16.74,35.40,0.46,7.08,12.91,20.01,24.90,17.97,33296885285.42,6.70,29.23,23.73,90.27,85.61,80.44,73.60,70.59,94.75,115.00,82.00,94.00,2.67,0.61,0.67,5230427652.00,1290317508.00,1328468833.00
[object Object],NTRS,Northern Trust Corporation,NASDAQ,183.98,stock,common,100.00,1.00,false,0.00,USD,0.71,899663.00,0.94,33660180601.81,USD,15.79,11.65,36.92,1.75,Finance,america,Finance,Neutral,Neutral,0.71,-1.59,1.20,8.70,32.07,34.52,41.85,56.77,159.24,17984.13,1.65,1.82,Neutral,Neutral,Neutral,Neutral,Buy,Buy,47.50,-1.42,0.69,-81.51,16.36,21.94,0.00,0.00,0.00,0.00,0.00,0.34,899663.00,-5.42,183.98,0.00,195026.00,34.68,15.79,0.42,3.72,2.69,64.27,76.39,0.00,-6051819398.19,0.00,0.00,0.00,185.28,185.07,183.34,174.78,157.86,186.58,208.00,173.00,185.50,11.47,2.71,2.83,9457081760.00,2693476442.00,2252876069.00
[object Object],HEI,Heidelberg Materials AG,XETR,161.90,stock,common,100.00,5.00,false,0.00,EUR,-1.55,399984.00,0.97,33620259576.25,USD,14.38,12.86,7.48,2.19,Non-energy minerals,germany,Non-Energy Minerals,Buy,Buy,-1.55,-1.55,-0.43,-9.33,-10.18,-28.39,-20.05,121.24,96.22,318.31,2.35,2.29,StrongSell,Strong sell,StrongSell,Strong sell,Neutral,Neutral,45.71,4.10,1.64,-7.40,47.81,61.09,0.00,162.85,-0.97,-0.97,5.00,-0.52,399984.00,-17.40,161.45,-0.28,207012.00,-17.28,14.38,1.95,1.34,1.53,8.99,16.80,13.02,44008108923.25,1.78,12.14,8.61,164.17,163.31,166.86,174.97,190.62,249.58,330.76,161.91,250.96,15.07,3.63,10.57,26224152198.49,11844875290.00,13754948540.00
[object Object],ACGL,Arch Capital Group Ltd.,NASDAQ,98.21,stock,common,100.00,1.00,false,0.00,USD,-0.41,3900922.00,1.98,33512112669.76,USD,7.67,12.80,32.19,0.00,Finance,america,Finance,Buy,Buy,-0.41,-2.38,-2.88,10.09,1.30,2.55,7.05,143.03,264.06,4211.71,1.66,1.64,Sell,Sell,Sell,Sell,Sell,Sell,45.43,-0.32,-1.14,-28.66,23.08,30.13,0.00,98.99,0.39,0.39,100.00,0.74,3900922.00,103.77,98.21,0.00,437499.00,-1.27,7.67,0.24,1.85,1.44,5.62,5.66,0.00,38628112669.76,2.08,0.00,0.00,99.36,99.90,99.89,96.81,96.03,111.53,134.00,95.00,110.50,9.39,2.47,1.85,16605556354.00,4357737991.00,4081267570.00
[object Object],PRU,Prudential plc,LSE,1003.50,stock,common,10.00,5.00,false,0.00,GBX,0.30,23659294.00,2.70,33426188920.07,USD,9.46,1.41,6.54,1.99,Finance,uk,Finance,StrongBuy,Strong buy,0.30,-4.11,-10.12,-4.15,-8.31,-13.08,1.84,-32.15,-26.83,213.45,2.11,2.68,Sell,Sell,StrongSell,Strong sell,Neutral,Neutral,40.75,-31.50,-35.18,-144.61,24.13,27.96,0.00,0.00,0.00,0.00,0.00,-0.33,23659294.00,43.48,1003.50,0.00,4093066.00,-0.67,9.46,1.44,1.13,1.67,22.61,23.80,0.00,40287300767.89,1.35,0.00,0.00,1021.55,1049.52,1043.04,1062.25,1090.05,18.91,20.38,16.29,19.01,1.17,0.64,0.62,8047027352.00,0.00,0.00
[object Object],ERIC_B,Telefonaktiebolaget LM Ericsson Class B,OMXSTO,96.64,stock,common,100.00,2.00,false,0.00,SEK,0.17,6989244.00,1.08,33353091120.95,USD,13.09,0.76,42.45,3.03,Electronic technology,sweden,Electronic Technology,Neutral,Neutral,0.17,-1.39,2.98,-21.72,-6.85,6.67,29.72,-6.36,58.43,-86.62,1.97,1.91,Sell,Sell,Sell,Sell,Neutral,Neutral,46.74,-0.14,0.93,-29.12,36.83,38.03,0.00,0.00,0.00,0.00,0.00,0.52,6989244.00,-10.20,0.00,0.00,0.00,31.27,13.09,0.31,1.41,3.07,9.50,10.29,5.93,31912222320.95,1.37,9.92,8.21,96.61,96.07,99.02,106.61,101.86,10.39,13.91,7.11,10.67,0.59,0.12,0.15,24434939614.67,5539433550.18,5759294948.50
[object Object],RMD,ResMed Inc.,NYSE,230.87,stock,common,100.00,1.00,false,0.00,USD,-0.21,1156198.00,0.81,33303533053.34,USD,22.12,10.44,9.76,1.06,Health technology,america,Health Technology,Buy,Buy,-0.21,-1.19,7.88,20.60,-8.80,-4.50,-14.74,-20.27,244.27,30682.67,3.09,3.17,Buy,Buy,StrongBuy,Strong buy,Neutral,Neutral,56.32,0.22,18.13,50.76,65.99,80.26,0.00,0.00,0.00,0.00,0.00,1.46,1156198.00,17.13,230.87,0.00,267229.00,-15.89,22.12,2.27,5.93,5.06,18.53,20.29,22.73,32656859053.34,5.78,16.98,15.07,234.31,222.23,214.03,209.78,228.55,261.05,330.55,175.00,256.65,12.10,2.89,2.69,5817494558.00,1461306459.00,1391523631.00
[object Object],IRM,"Iron Mountain, Inc.",NYSE,111.84,stock,common,100.00,1.00,false,0.00,USD,-2.08,2651705.00,1.79,33295083725.24,USD,79.82,1.40,920.47,2.96,Finance,america,Finance,Buy,Buy,-2.08,-7.39,-8.46,-13.47,5.44,34.75,22.83,125.60,187.58,3669.95,3.90,3.46,Sell,Sell,StrongSell,Strong sell,Neutral,Neutral,30.99,-10.24,-6.04,-202.99,8.74,12.89,0.00,114.50,0.25,0.55,200.00,-0.18,2651705.00,17.93,111.50,-0.30,862690.00,28.70,79.82,0.09,4.53,0.00,20.26,0.00,163.75,53426561725.24,7.06,34.21,20.15,119.00,122.87,123.05,123.65,109.30,136.82,155.00,44.00,145.00,2.48,0.54,0.61,8014124800.00,1968636965.00,1990773778.00
[object Object],CNC,Centene Corporation,NYSE,67.34,stock,common,100.00,1.00,false,0.00,USD,3.23,4825470.00,1.20,33265624683.35,USD,0.00,-10.44,-358.11,0.00,Health services,america,Health Services,Buy,Buy,3.23,3.60,8.89,10.47,55.20,63.53,131.17,7.40,97.71,5562.76,2.87,3.35,StrongBuy,Strong buy,StrongBuy,Strong buy,Buy,Buy,57.68,2.64,0.53,138.30,49.85,36.98,0.00,65.68,0.69,0.03,697.00,0.26,4825470.00,5.72,67.84,0.74,841157.00,121.51,0.00,0.00,0.16,1.47,3.44,3.74,0.00,49465624683.35,0.24,0.00,0.00,65.23,64.78,65.39,60.09,50.03,71.67,85.00,56.00,70.50,4.80,1.09,0.10,195915918457.00,47640529129.00,47114072678.00
[object Object],BIIB,Biogen Inc.,NASDAQ,222.67,stock,common,100.00,1.00,false,0.00,USD,3.07,1268032.00,1.85,32900381667.98,USD,39.43,5.65,-45.98,0.00,Health technology,america,Health Technology,Buy,Buy,3.07,1.52,9.51,12.46,19.55,26.97,66.73,-33.89,-22.48,7740.40,2.73,2.62,StrongBuy,Strong buy,StrongBuy,Strong buy,Buy,Buy,61.81,1.11,8.67,100.86,70.22,73.69,0.00,217.00,0.44,-0.02,345.00,1.00,1268032.00,61.43,222.67,0.00,204710.00,55.93,39.43,0.00,3.33,1.74,11.50,12.28,25.77,39970481667.98,4.14,21.22,14.66,218.65,211.00,208.65,200.03,190.48,238.24,300.00,165.00,240.00,12.46,2.94,2.03,10441826187.00,2460436717.00,2636872339.00
[object Object],NTGY,"Naturgy Energy Group, S.A.",BME,29.60,stock,common,100.00,2.00,false,0.00,EUR,0.27,1203356.00,1.08,32867408101.08,USD,12.92,2.62,10.96,4.86,Utilities,spain,Utilities,Buy,Buy,0.27,-1.00,2.14,2.42,19.35,14.64,10.86,34.42,54.33,51.98,1.28,1.25,Buy,Buy,StrongBuy,Strong buy,Neutral,Neutral,57.03,0.00,0.34,69.83,61.69,62.89,0.00,0.00,0.00,0.00,0.00,0.34,1203356.00,2.12,0.00,0.00,0.00,20.95,12.92,0.00,1.40,2.86,0.00,0.00,5.49,48736719201.08,2.18,11.70,8.14,29.61,29.28,28.82,28.42,27.15,35.82,40.54,28.15,36.66,2.56,0.60,0.61,23333770636.46,5679875521.60,5630846345.74
[object Object],NSIS_B,Novonesis A/S Class B,OMXCOP,455.50,stock,common,10.00,1.00,false,0.00,DKK,0.71,389261.00,0.45,32578069772.93,USD,45.16,1.54,11.47,1.46,Process industries,denmark,Process Industries,StrongBuy,Strong buy,0.71,1.76,8.74,24.11,22.88,11.86,12.72,-9.73,57.07,1305.86,2.00,2.02,StrongBuy,Strong buy,StrongBuy,Strong buy,Buy,Buy,61.33,43.00,29.41,78.15,86.07,91.74,"long_upper_shadow_bearish,shooting_star_bearish",0.00,0.00,0.00,0.00,0.15,389261.00,-41.60,0.00,0.00,0.00,12.40,45.16,3.91,6.57,2.55,21.57,33.50,90.60,35763627706.80,7.31,34.81,20.49,455.06,430.35,426.50,404.47,397.24,77.52,86.84,64.19,77.54,2.43,0.62,0.91,5256391554.24,1262076801.28,1330170525.00
[object Object],CCL,Carnival Corporation Ltd.,NYSE,23.74,stock,common,100.00,1.00,false,0.00,USD,2.20,22766298.00,1.10,32515470652.89,USD,10.69,2.22,20.35,1.94,Consumer services,america,Consumer Services,Buy,Buy,2.20,-9.42,-16.61,-14.11,-8.11,-22.65,-22.67,0.68,-50.59,502.92,3.02,2.79,Sell,Sell,StrongSell,Strong sell,Buy,Buy,32.30,-2.95,-2.55,-127.90,4.78,2.40,downside_tasuki_gap_bearish,23.65,1.81,0.39,169408.00,1.68,22766298.00,-10.25,23.84,0.41,3573895.00,-12.54,10.69,0.51,1.18,2.51,4.87,10.39,14.69,56458470652.89,2.07,12.65,7.71,24.91,26.89,27.04,27.14,27.81,34.68,43.00,19.91,35.00,2.24,0.34,1.35,27621846195.00,6687617204.00,8400502602.00
[object Object],EME,"EMCOR Group, Inc.",NYSE,734.26,stock,common,100.00,1.00,false,0.00,USD,-0.13,300850.00,0.77,32388136222.59,USD,22.78,32.23,33.74,0.20,Industrial services,america,Industrial Services,Buy,Buy,-0.13,-1.21,-6.82,-11.39,3.93,19.11,21.19,503.09,1159.67,54862.13,2.88,3.04,Sell,Sell,StrongSell,Strong sell,Neutral,Neutral,39.32,-71.52,-36.81,-115.37,6.83,9.11,long_lower_shadow_bullish,0.00,0.00,0.00,0.00,-0.03,300850.00,-15.15,734.26,0.00,47201.00,16.78,22.78,0.68,1.76,7.96,25.36,27.93,35.39,32012790222.59,1.72,17.93,16.08,755.16,783.04,783.50,820.56,757.86,1033.29,1200.00,885.00,1047.00,32.95,7.23,8.33,20336398233.00,4710303750.00,5188517512.00
[object Object],HM_B,H&M Hennes & Mauritz AB Class B,OMXSTO,171.85,stock,common,100.00,5.00,false,0.00,SEK,-1.26,1664733.00,1.02,32290468022.79,USD,22.37,0.83,23.81,3.99,Retail trade,sweden,Retail Trade,Sell,Sell,-1.26,-4.84,-1.35,4.06,-4.95,-7.95,24.17,-4.29,-35.13,16.51,1.90,1.82,Sell,Sell,StrongSell,Strong sell,Sell,Sell,42.86,-10.80,0.32,-133.00,15.27,17.99,0.00,0.00,0.00,0.00,0.00,-0.52,1664733.00,21.80,0.00,0.00,0.00,40.46,22.37,0.95,1.26,8.08,8.32,11.27,14.68,38347649222.79,1.61,18.26,9.14,178.36,176.11,171.56,169.42,174.34,16.34,21.24,11.81,16.58,0.84,0.29,0.23,23414885118.98,5958439765.19,5935559714.66
[object Object],CCI,Crown Castle Inc.,NYSE,75.38,stock,common,100.00,1.00,false,0.00,USD,-0.61,3367043.00,1.46,32070829845.06,USD,16.62,4.54,0.00,5.60,Finance,america,Finance,Buy,Buy,-0.61,-1.52,-1.75,-16.86,-15.85,-15.16,-23.21,-61.94,-20.40,485.48,2.18,2.74,Sell,Sell,StrongSell,Strong sell,Sell,Sell,46.90,0.73,-0.16,10.71,61.41,66.58,0.00,0.00,0.00,0.00,0.00,-0.09,3367043.00,35.56,75.38,0.00,708722.00,-24.47,16.62,0.00,7.91,0.00,12.47,13.60,26.19,54225829845.06,13.03,26.99,20.17,75.77,75.46,76.58,82.81,84.92,94.37,120.00,81.00,93.00,1.92,0.39,0.69,4040587299.00,995051633.00,1010568487.00
[object Object],VWS,Vestas Wind Systems A/S,OMXCOP,210.60,stock,common,10.00,1.00,false,0.00,DKK,1.15,1878891.00,0.72,32035155203.59,USD,25.62,1.25,46.03,0.36,Producer manufacturing,denmark,Producer Manufacturing,Buy,Buy,1.15,0.38,21.84,18.65,31.62,18.68,65.96,-18.37,89.39,292.03,3.19,3.24,Buy,Buy,StrongBuy,Strong buy,Sell,Sell,60.18,1.30,20.69,39.12,57.86,70.94,long_lower_shadow_bullish,0.00,0.00,0.00,0.00,0.86,1878891.00,-30.29,0.00,0.00,0.00,65.66,25.62,0.55,1.37,7.00,12.30,18.53,7.77,31938020432.84,1.38,18.82,10.73,211.10,192.94,187.58,186.92,177.64,35.96,45.85,17.10,38.08,1.56,0.17,0.49,25076792842.32,5202172914.02,7045366448.54
[object Object],GEHC,GE Healthcare Technologies Inc.,NASDAQ,70.56,stock,common,100.00,1.00,false,0.00,USD,0.20,2063426.00,0.81,31870980885.18,USD,16.21,4.35,-10.91,0.20,Health technology,america,Health Technology,Buy,Buy,0.20,-4.34,1.36,12.66,-6.81,-14.56,-3.30,12.00,12.00,12.00,2.02,2.04,Neutral,Neutral,Sell,Sell,Neutral,Neutral,48.14,-4.06,1.84,-110.59,9.04,14.20,long_upper_shadow_bearish,70.26,-0.23,-0.23,100.00,0.09,2063426.00,-25.67,70.56,0.00,389222.00,-2.70,16.21,0.00,1.50,2.90,15.25,20.29,15.22,40549980885.18,1.91,13.88,11.49,72.67,70.72,68.12,66.54,72.76,82.18,96.00,70.00,82.00,4.93,1.04,1.20,21717329819.00,5263699780.00,5349737864.00
[object Object],ZTS,"Zoetis, Inc. Class A",NYSE,76.17,stock,common,100.00,1.00,false,0.00,USD,-1.40,4474406.00,0.99,31475241786.53,USD,12.53,6.08,4.59,2.71,Health technology,america,Health Technology,Buy,Buy,-1.40,-0.85,-3.96,-4.03,-37.06,-39.74,-50.85,-63.28,48.16,141.81,2.60,3.65,Sell,Sell,Sell,Sell,Neutral,Neutral,49.91,-0.51,0.68,51.25,75.36,75.51,0.00,77.45,0.26,-0.31,1746.00,0.27,4474406.00,11.82,76.78,0.80,880573.00,-52.89,12.53,2.77,3.39,10.02,11.02,13.45,18.98,39037241786.53,4.10,10.90,9.60,76.76,75.92,75.65,84.14,103.48,91.00,115.00,80.00,85.00,6.25,1.85,1.51,9285938866.00,2501455777.00,2294609272.00
[object Object],ACS,"ACS, Actividades de Construccion y Servicios SA",BME,98.55,stock,common,10.00,1.00,false,0.00,EUR,-3.19,849276.00,1.93,31394135121.98,USD,25.40,4.43,14.97,1.85,Industrial services,spain,Industrial Services,Buy,Buy,-3.19,-5.33,-11.77,-20.84,-6.41,16.08,52.79,320.26,280.21,1132.91,2.24,2.20,StrongSell,Strong sell,StrongSell,Strong sell,Sell,Sell,17.63,-7.85,-6.59,-168.32,3.01,5.51,0.00,0.00,0.00,0.00,0.00,-0.59,849276.00,72.39,0.00,0.00,0.00,63.40,25.40,1.75,0.51,4.34,8.03,10.36,1.64,32394170653.36,0.55,17.20,10.96,103.32,107.49,113.18,119.81,108.05,153.47,184.17,94.98,162.16,4.98,0.00,0.00,65455518638.45,0.00,0.00
[object Object],JBL,Jabil Inc.,NYSE,299.39,stock,common,100.00,1.00,false,0.00,USD,0.08,872279.00,1.01,31372207359.90,USD,37.36,8.01,55.77,0.11,Producer manufacturing,america,Producer Manufacturing,Buy,Buy,0.08,-3.57,-1.73,-18.77,22.20,29.44,49.87,388.88,1312.88,34116.00,3.38,3.69,Sell,Sell,StrongSell,Strong sell,Neutral,Neutral,38.16,-23.38,-19.63,-96.01,7.00,6.56,0.00,299.00,-0.05,-0.21,106.00,0.05,872279.00,-5.85,299.39,0.00,162834.00,44.54,37.36,0.67,0.95,23.72,17.17,24.41,23.44,33908207359.90,1.01,20.09,14.22,307.18,324.62,329.72,340.76,291.75,442.30,482.00,365.00,450.00,12.76,3.10,4.06,35031159009.00,8605258826.00,9692836787.00
[object Object],WTW,Willis Towers Watson Public Limited Company,NASDAQ,337.73,stock,common,100.00,1.00,false,0.00,USD,0.97,270104.00,0.59,31365640617.50,USD,20.84,16.21,1032.80,1.12,Finance,america,Finance,Buy,Buy,0.97,-2.48,0.42,32.37,13.34,3.13,3.53,50.60,172.36,672.68,1.91,2.09,Buy,Buy,Buy,Buy,Neutral,Neutral,55.91,2.27,11.93,-30.16,43.55,50.92,doji,333.50,-0.29,0.00,776.00,0.95,270104.00,-34.91,337.73,0.00,77598.00,-2.16,20.84,0.02,3.11,4.09,16.51,18.80,18.90,36868640617.50,3.65,15.60,13.22,341.79,333.10,312.87,289.08,300.05,382.35,455.00,303.00,385.00,19.83,3.11,3.61,10452713189.00,2416528807.00,2459055907.00
[object Object],HAL,Halliburton Company,NYSE,37.63,stock,common,100.00,1.00,false,0.00,USD,2.26,11069283.00,0.91,31350695214.68,USD,19.71,1.91,-10.68,1.85,Industrial services,america,Industrial Services,Buy,Buy,2.26,12.80,18.52,-7.57,9.42,32.78,65.99,88.62,-12.51,2744.50,3.44,2.86,StrongBuy,Strong buy,StrongBuy,Strong buy,Buy,Buy,67.40,2.61,2.58,149.76,85.91,85.53,0.00,36.50,-0.82,0.03,14901.00,-0.82,11069283.00,19.68,37.63,0.00,1769646.00,58.48,19.71,0.00,1.38,2.85,11.47,18.28,15.40,37543695214.68,1.68,12.77,9.15,35.68,33.81,33.98,36.85,34.70,43.42,53.00,29.00,43.50,2.34,0.54,0.59,22365179918.00,5495754081.00,5583206759.00
[object Object],AD,Koninklijke Ahold Delhaize N.V.,EURONEXT,30.66,stock,common,100.00,1.00,false,0.00,EUR,-0.58,2814055.00,1.13,31255706364.30,USD,12.20,2.87,24.31,4.02,Retail trade,netherlands,Retail Trade,Neutral,Neutral,-0.58,-2.01,-10.46,-13.05,-25.00,-11.80,-9.37,7.82,38.76,56.29,1.47,1.59,Sell,Sell,StrongSell,Strong sell,Buy,Buy,30.78,-0.89,-2.36,-81.57,17.47,14.27,0.00,0.00,0.00,0.00,0.00,0.00,2814055.00,0.48,30.66,0.00,683646.00,-9.83,12.20,0.50,0.30,1.85,4.18,6.94,7.52,45215831534.30,0.43,12.09,5.75,30.88,32.56,33.84,35.65,36.41,44.49,50.97,27.88,44.59,3.23,0.73,0.80,110240573557.58,26443510853.84,26786947728.11
[object Object],KNIN,Kuehne & Nagel International AG,SIX,213.30,stock,common,10.00,1.00,false,0.00,CHF,0.05,144691.00,0.73,31186208879.80,USD,29.27,9.01,-25.06,2.81,Transportation,switzerland,Transportation,Neutral,Neutral,0.05,-2.56,4.30,13.16,20.54,23.69,29.08,-36.52,52.36,1022.63,2.28,1.94,Buy,Buy,StrongBuy,Strong buy,Neutral,Neutral,53.56,0.90,7.34,22.39,45.65,64.69,0.00,0.00,0.00,0.00,0.00,-0.38,144691.00,-35.59,213.30,0.00,61773.00,31.43,29.27,0.00,1.05,12.37,15.50,17.68,41.18,35497158879.80,1.18,24.42,13.87,217.31,208.94,207.29,195.13,184.11,246.16,295.01,204.05,245.84,11.09,2.74,2.87,31774153703.83,7534827444.40,8057106430.86
[object Object],SLHN,Swiss Life Holding AG,SIX,913.80,stock,common,10.00,2.00,false,0.00,CHF,0.11,51918.00,1.10,31178639753.21,USD,19.85,56.96,10.31,4.00,Finance,switzerland,Finance,Neutral,Neutral,0.11,-0.67,-4.11,10.07,8.79,-0.31,6.88,88.41,267.43,697.20,1.42,1.21,Sell,Sell,Sell,Sell,Neutral,Neutral,40.05,-2.20,-18.16,-59.20,28.54,29.60,0.00,0.00,0.00,0.00,0.00,0.28,51918.00,-45.71,913.80,0.00,14913.00,5.73,19.85,1.92,1.69,4.00,13.55,14.20,0.00,51468433853.21,2.76,0.00,0.00,916.54,934.55,928.99,905.19,885.60,1070.80,1321.61,917.62,1090.05,59.66,28.58,30.05,27470516920.00,15386431250.00,10905471800.00
[object Object],KHC,Kraft Heinz Company,NASDAQ,26.26,stock,common,100.00,1.00,false,0.00,USD,1.51,16576710.00,1.07,31139732171.88,USD,0.00,-2.86,36.07,6.18,Consumer non-durables,america,Consumer Non-Durables,Neutral,Neutral,1.51,7.62,-0.11,13.34,10.10,8.11,-5.54,-27.44,-70.72,-63.01,2.44,2.69,Buy,Buy,StrongBuy,Strong buy,Neutral,Neutral,58.16,0.58,-0.03,161.52,84.36,79.57,0.00,26.02,0.58,0.08,20847.00,0.89,16576710.00,17.59,26.24,-0.08,2854872.00,-0.39,0.00,0.00,1.23,0.86,6.74,8.16,10.95,47419732171.88,1.90,11.12,9.01,25.56,25.64,25.35,24.20,24.03,23.86,27.00,19.00,24.00,2.05,0.54,0.43,24656407077.00,6176365692.00,6081510462.00
[object Object],CRDO,Credo Technology Group Holding Ltd.,NASDAQ,165.22,stock,common,100.00,1.00,false,0.00,USD,-20.04,29816155.00,7.16,31050568088.35,USD,58.87,2.81,312.75,0.00,Technology services,america,Technology Services,StrongBuy,Strong buy,-20.04,-25.91,-18.03,-19.27,48.62,11.33,35.53,1265.45,1265.45,1265.45,8.39,7.75,StrongSell,Strong sell,StrongSell,Strong sell,Neutral,Neutral,31.78,-69.60,-8.52,-256.07,7.64,17.58,falling_window_bearish,188.51,-8.77,-9.65,489836.00,-8.71,29816155.00,213.40,167.71,1.51,1280173.00,80.63,58.87,0.24,25.24,0.00,0.00,0.00,42.02,30307047088.35,19.05,58.94,0.00,220.86,228.36,234.26,219.26,175.13,287.32,350.00,235.00,290.50,6.25,1.17,1.28,2484404340.00,473295789.00,531655984.00
[object Object],KNEBV,KONE Oyj Class B,OMXHEX,51.58,stock,common,100.00,2.00,false,0.00,EUR,-0.08,372304.00,0.48,31005992491.83,USD,28.32,2.08,-3.38,3.49,Producer manufacturing,finland,Producer Manufacturing,Buy,Buy,-0.08,-1.11,2.54,1.34,-12.10,-14.40,-5.11,-25.91,13.81,742.12,1.76,1.52,Neutral,Neutral,Buy,Buy,Neutral,Neutral,53.11,1.56,1.71,11.82,63.56,71.08,0.00,0.00,0.00,0.00,0.00,-0.15,372304.00,-55.10,0.00,0.00,0.00,-4.02,28.32,0.00,2.35,11.62,19.11,0.00,23.65,30527478859.83,2.35,19.46,15.67,52.14,50.88,50.34,51.34,55.42,70.88,96.14,52.12,69.50,2.53,0.63,0.63,13826797410.87,3381097907.85,3407714899.18
[object Object],ARES,Ares Management Corporation Class A,NYSE,138.06,stock,common,100.00,1.00,false,0.00,USD,-0.74,1534631.00,0.83,30919603824.93,USD,62.95,2.19,25.46,3.55,Finance,america,Finance,Buy,Buy,-0.74,-2.74,7.06,10.25,21.92,-15.13,-21.53,77.46,667.00,660.66,2.70,3.31,Neutral,Neutral,Buy,Buy,Neutral,Neutral,50.08,-5.04,6.18,-87.18,23.47,35.26,long_upper_shadow_bearish,0.00,0.00,0.00,0.00,-0.75,1534631.00,0.34,138.06,0.00,248206.00,-19.76,62.95,2.49,4.49,12.52,0.00,0.00,16.87,50059723824.93,7.15,23.52,21.04,141.15,137.65,129.93,126.57,133.27,150.56,168.00,122.00,152.00,5.87,1.28,1.32,5336354406.00,1235849529.00,1250241694.00
[object Object],SHB_A,Svenska Handelsbanken AB Class A,OMXSTO,147.65,stock,common,100.00,5.00,false,0.00,SEK,-0.44,4422198.00,1.23,30733901257.68,USD,12.44,1.22,-9.09,11.80,Finance,sweden,Finance,Sell,Sell,-0.44,1.48,1.23,10.27,4.38,9.61,21.52,50.66,33.02,310.14,1.29,1.20,Buy,Buy,StrongBuy,Strong buy,Neutral,Neutral,56.12,1.90,2.31,38.38,70.45,74.69,0.00,0.00,0.00,0.00,0.00,0.00,4422198.00,-4.58,0.00,0.00,0.00,22.58,12.44,0.00,5.05,1.64,3.92,3.95,0.00,143080745657.68,10.28,0.00,0.00,146.84,146.38,144.68,139.27,137.36,13.96,17.61,12.22,13.99,1.23,0.28,0.30,6129134958.45,1436666996.76,1467356713.22
[object Object],EPI_A,Epiroc AB Class A,OMXSTO,256.20,stock,common,10.00,1.00,false,0.00,SEK,-0.81,1371232.00,1.00,30715703384.55,USD,35.06,0.75,-1.61,1.47,Producer manufacturing,sweden,Producer Manufacturing,Buy,Buy,-0.81,-4.51,4.02,-9.28,2.40,22.17,28.94,34.63,195.62,195.62,2.42,2.27,Sell,Sell,Sell,Sell,Neutral,Neutral,48.25,7.10,14.00,-23.70,47.42,61.68,0.00,0.00,0.00,0.00,0.00,-0.35,1371232.00,11.16,0.00,0.00,0.00,30.94,35.06,0.00,5.01,6.95,31.26,39.17,44.74,31943466984.55,4.99,26.15,20.74,264.79,253.73,253.90,259.01,244.79,29.32,33.77,23.83,29.79,0.90,0.21,0.22,7210027205.55,1693332140.27,1790191288.70
[object Object],CBOE,Cboe Global Markets Inc,CBOE,294.12,stock,common,100.00,1.00,false,0.00,USD,-4.39,1152987.00,0.96,30715249648.68,USD,22.91,12.84,50.50,0.98,Finance,america,Finance,Neutral,Neutral,-4.39,-4.91,-2.78,3.02,-1.73,17.20,24.28,129.98,330.63,796.71,3.85,3.31,Sell,Sell,Sell,Sell,Sell,Sell,48.63,13.37,12.78,-5.28,61.49,71.25,0.00,0.00,0.00,0.00,0.00,-0.84,1152987.00,54.94,296.00,0.64,147690.00,32.46,22.91,0.47,6.38,5.47,29.48,32.19,12.97,29916449648.68,5.91,16.76,15.70,305.03,296.08,282.19,298.23,284.88,313.79,356.00,258.00,312.00,14.04,3.48,3.40,2871221660.00,718623893.00,707971071.00
[object Object],ADS,adidas AG,XETR,149.55,stock,common,100.00,5.00,false,0.00,EUR,1.08,580681.00,1.17,30621551017.42,USD,19.29,8.85,15.24,1.89,Consumer non-durables,germany,Consumer Non-Durables,Buy,Buy,1.08,-2.13,-7.11,-7.80,2.78,-11.87,-9.69,-50.28,3.00,260.01,2.43,2.55,Sell,Sell,StrongSell,Strong sell,Buy,Buy,37.40,-6.35,-11.35,-99.25,13.13,18.82,0.00,149.35,0.95,1.08,14.00,0.14,580681.00,13.31,149.75,0.13,172211.00,-9.84,19.29,1.25,1.00,4.40,0.00,0.00,22.68,36665567677.42,1.23,15.27,9.84,152.02,160.64,169.13,162.42,157.33,237.49,289.58,200.39,237.45,11.07,2.73,3.99,31659901567.74,7535326174.02,8236204580.90
[object Object],UMG,Universal Music Group N.V.,EURONEXT,14.37,stock,common,1000.00,5.00,false,0.00,EUR,0.10,1694375.00,0.49,30582750762.75,USD,81.99,0.20,-87.52,3.62,Commercial services,netherlands,Commercial Services,Buy,Buy,0.10,-3.62,0.10,-20.15,-25.70,-35.23,-40.30,-43.11,-43.11,-43.11,2.00,2.42,Sell,Sell,StrongSell,Strong sell,Neutral,Neutral,33.22,-0.51,-1.36,-181.45,15.49,24.38,0.00,0.00,0.00,0.00,0.00,-0.35,1694375.00,-51.64,14.37,0.00,905615.00,-39.54,81.99,0.00,2.07,7.18,16.73,17.75,54.68,36486505432.75,2.49,15.35,12.46,14.70,15.64,16.83,18.07,19.05,25.13,45.44,13.98,23.30,1.18,0.48,0.62,15732652071.67,7090563374.89,8241162773.85
[object Object],RDDT,"Reddit, Inc. Class A",NYSE,158.10,stock,common,100.00,1.00,false,0.00,USD,9.31,6226703.00,1.38,30417889754.29,USD,36.76,4.30,263.04,0.00,Technology services,america,Technology Services,Buy,Buy,9.31,-1.80,11.42,-7.22,11.34,-31.91,-28.13,236.38,236.38,236.38,4.96,5.19,Neutral,Neutral,Sell,Sell,Buy,Buy,49.33,6.39,-10.67,-43.04,15.76,15.24,"engulfing_bullish,marubozu_white_bullish",145.50,0.59,0.16,32499.00,-0.43,6226703.00,63.90,157.17,-0.59,768687.00,-33.34,36.76,0.13,10.52,9.25,31.13,31.36,11.46,27652399754.29,9.95,35.23,34.50,153.16,159.50,170.18,166.30,174.90,215.53,303.00,130.00,212.50,5.37,0.95,1.31,3383427544.00,731002273.00,872909463.00
[object Object],TEN,Tenaris S.A.,MIL,24.05,stock,common,100.00,1.00,false,0.00,EUR,-1.39,1144223.00,0.72,30308128763.86,USD,14.98,1.83,-5.17,3.14,Non-energy minerals,italy,Non-Energy Minerals,Neutral,Neutral,-1.39,4.07,-2.35,-12.77,5.30,45.23,54.86,178.68,97.13,1274.29,2.48,2.41,Buy,Buy,StrongBuy,Strong buy,Sell,Sell,54.91,1.29,-0.18,172.14,87.23,77.92,"dark_cloud_cover_bearish,tweezer_top_bearish",0.00,0.00,0.00,0.00,0.04,1144223.00,6.84,24.05,0.00,4746.00,59.72,14.98,0.00,2.39,1.64,12.44,15.94,9.98,28199260721.86,2.39,12.70,9.95,23.29,23.74,23.99,25.14,22.68,23.85,39.96,16.60,22.01,1.29,0.27,0.29,12466699249.82,2919317582.16,3044008117.11
[object Object],SAMPO,Sampo Oyj,OMXHEX,9.76,stock,common,1000.00,2.00,false,0.00,EUR,-0.06,1836938.00,0.71,30051650287.45,USD,15.20,0.73,44.04,3.69,Finance,finland,Finance,Buy,Buy,-0.06,-0.57,1.63,9.72,6.18,-5.74,0.39,11.27,21.95,596.86,1.03,1.15,Buy,Buy,StrongBuy,Strong buy,Neutral,Neutral,55.36,0.19,0.16,67.82,63.36,71.31,0.00,0.00,0.00,0.00,0.00,0.31,1836938.00,-25.74,0.00,0.00,0.00,-0.15,15.20,0.35,2.17,3.75,15.83,17.72,0.00,33751784767.45,2.47,0.00,0.00,9.77,9.65,9.57,9.31,9.46,12.25,13.01,11.05,12.20,0.64,0.21,0.17,13089974826.03,2936405461.90,2735809766.03
[object Object],FRES,Fresnillo PLC,LSE,3074.00,stock,common,1.00,1.00,false,0.00,GBX,1.92,1366546.00,1.12,30032249943.30,USD,13.34,3.06,382.60,3.72,Non-energy minerals,uk,Non-Energy Minerals,Neutral,Neutral,1.92,-3.88,21.79,-3.88,-13.89,-8.89,67.61,265.17,89.87,480.00,4.37,4.36,Buy,Buy,Buy,Buy,Neutral,Neutral,56.48,213.00,310.82,22.23,57.01,63.45,0.00,0.00,0.00,0.00,0.00,-1.16,1366546.00,42.47,3074.00,0.00,348760.00,57.17,13.34,0.03,4.94,5.87,10.95,13.20,12.01,28783347379.72,4.82,8.11,7.14,3140.40,2854.93,2784.70,3047.65,3231.96,44.80,72.61,29.54,39.09,2.97,1.56,1.13,6269188336.89,3410500000.00,0.00
[object Object],CPRT,"Copart, Inc.",NASDAQ,32.16,stock,common,100.00,1.00,false,0.00,USD,-0.94,6512048.00,0.73,29774098734.02,USD,20.04,1.61,6.09,0.00,Retail trade,america,Retail Trade,Buy,Buy,-0.94,-2.55,8.65,4.11,-14.67,-17.84,-33.83,-11.52,402.40,22769.17,1.77,3.25,Neutral,Neutral,Buy,Buy,Sell,Sell,55.03,-1.69,2.27,19.89,62.02,67.49,0.00,32.35,-0.35,0.11,1429.00,-0.28,6512048.00,17.27,32.22,0.19,2127769.00,-35.88,20.04,3.32,6.60,3.39,17.99,22.64,7.22,25684683734.02,5.54,15.14,13.39,33.08,30.94,29.95,31.21,34.52,39.13,55.00,25.00,39.50,1.58,0.41,0.38,4655878349.00,1194741000.00,1141107877.00
[object Object],AV.,Aviva plc,LSE,731.40,stock,common,10.00,2.00,false,0.00,GBX,-0.05,6284822.00,0.81,29577901355.14,USD,42.67,0.23,-21.98,5.37,Finance,uk,Finance,Buy,Buy,-0.05,0.14,5.33,20.61,12.70,6.65,12.97,80.37,28.52,-44.36,1.39,1.56,Buy,Buy,StrongBuy,Strong buy,Neutral,Neutral,62.61,-5.60,24.92,93.40,77.27,73.21,0.00,0.00,0.00,0.00,0.00,0.27,6284822.00,-30.97,731.40,0.00,2326308.00,14.29,42.67,0.00,0.31,2.46,4.73,4.84,0.00,39201859955.14,0.41,0.00,0.00,725.40,710.21,690.08,658.07,652.59,9.82,11.19,7.41,9.84,0.81,0.40,0.40,82013951100.80,38171637074.70,41850219090.70
[object Object],EXR,Extra Space Storage Inc.,NYSE,139.93,stock,common,100.00,1.00,false,0.00,USD,-0.14,1174718.00,1.29,29562948747.66,USD,31.33,4.47,-2.93,4.62,Finance,america,Finance,Buy,Buy,-0.14,-3.37,-6.09,-3.82,-5.04,7.59,-1.53,-26.43,73.72,996.63,1.74,1.61,Sell,Sell,StrongSell,Strong sell,Neutral,Neutral,29.99,-7.98,-5.50,-179.25,13.11,9.85,0.00,0.00,0.00,0.00,0.00,-0.26,1174718.00,-24.81,139.93,0.00,283700.00,-0.99,31.33,0.00,8.96,2.23,16.22,17.53,44.36,44201420747.66,12.83,49.22,20.61,143.61,146.89,146.71,145.12,141.27,158.53,178.00,140.00,157.00,4.62,1.16,1.18,3507261567.00,874987625.00,889941103.00
[object Object],KOG,Kongsberg Gruppen ASA,OSL,311.10,stock,common,10.00,1.00,false,0.00,NOK,-0.73,1228088.00,1.20,29551193788.03,USD,37.30,0.84,9.29,1.82,Producer manufacturing,norway,Producer Manufacturing,Buy,Buy,-0.73,-0.29,4.40,1.24,-20.05,19.26,0.68,530.27,1304.31,5584.12,1.91,2.24,Sell,Sell,StrongSell,Strong sell,Neutral,Neutral,48.71,-10.20,6.81,-58.92,20.92,22.43,0.00,0.00,0.00,0.00,0.00,-0.29,1228088.00,-20.86,311.10,0.00,623325.00,4.66,37.30,4.04,6.61,22.19,29.93,40.18,56.32,29451390588.03,7.00,43.27,35.57,314.27,311.38,305.28,312.58,319.54,43.48,59.13,34.15,41.30,0.71,0.16,0.18,4234310759.43,1015222271.85,1114971885.73
[object Object],CFG,"Citizens Financial Group, Inc.",NYSE,69.78,stock,common,100.00,1.00,false,0.00,USD,2.38,4221313.00,1.47,29389717868.75,USD,15.17,4.60,40.28,2.70,Finance,america,Finance,StrongBuy,Strong buy,2.38,-0.40,-2.64,12.01,20.83,19.36,35.76,61.57,180.69,224.56,2.16,1.97,Neutral,Neutral,Sell,Sell,Neutral,Neutral,44.56,-0.98,-2.43,-71.41,13.60,9.91,0.00,0.00,0.00,0.00,0.00,0.38,4221313.00,20.44,69.78,0.00,810656.00,28.98,15.17,0.37,3.38,1.23,11.90,12.65,0.00,35089717868.75,2.87,0.00,0.00,69.68,71.71,71.44,67.82,63.80,80.56,90.00,70.00,80.50,5.31,1.24,1.40,9189541952.00,2250921536.00,2341827619.00
[object Object],PCG,PG&E Corporation,NYSE,13.33,stock,common,100.00,1.00,false,0.00,USD,-5.19,118623668.00,2.02,29357552231.35,USD,9.72,1.37,26.79,1.24,Utilities,america,Utilities,Buy,Buy,-5.19,-27.00,-23.46,-21.54,-26.15,-17.67,-11.90,45.21,-78.48,-24.90,9.02,4.37,Sell,Sell,StrongSell,Strong sell,Sell,Sell,27.11,-4.32,-2.18,-241.85,11.71,21.03,"hammer_bullish,long_lower_shadow_bullish",13.67,-2.75,-0.28,988535.00,-3.56,118623668.00,-17.99,13.25,-0.60,5694689.00,-8.04,9.72,0.38,1.24,0.91,3.74,0.00,24.95,94670552231.35,3.66,18.20,9.20,16.55,17.19,17.21,16.92,16.79,20.60,24.00,13.00,21.00,1.65,0.36,0.42,26172614840.00,6204280335.00,6764607300.00
[object Object],AEE,Ameren Corporation,NYSE,105.89,stock,common,100.00,1.00,false,0.00,USD,-0.19,1203072.00,0.96,29314931971.57,USD,18.64,5.68,24.77,2.75,Utilities,america,Utilities,Buy,Buy,-0.19,-1.30,-2.82,-0.94,-4.47,6.17,6.28,18.95,114.35,373.25,1.37,1.59,Sell,Sell,StrongSell,Strong sell,Neutral,Neutral,38.05,-3.39,-3.10,-117.66,19.64,17.11,0.00,0.00,0.00,0.00,0.00,-0.04,1203072.00,-2.78,105.89,0.00,266186.00,8.92,18.64,0.75,3.38,2.14,9.08,0.00,517.75,51194931971.57,5.85,23.53,13.18,106.75,108.78,110.49,110.16,107.81,121.29,136.00,113.00,120.00,5.39,1.08,2.30,9058565851.00,2274794241.00,2821572930.00
[object Object],IR,Ingersoll Rand Inc.,NYSE,75.00,stock,common,100.00,1.00,false,0.00,USD,0.48,3508547.00,1.05,29099958563.10,USD,30.90,2.43,89.48,0.11,Producer manufacturing,america,Producer Manufacturing,Buy,Buy,0.48,-5.28,-11.90,5.20,-15.27,-6.05,-4.58,40.37,252.94,252.94,2.38,2.52,StrongSell,Strong sell,StrongSell,Strong sell,Sell,Sell,32.04,-6.14,-5.57,-145.15,4.33,3.78,0.00,0.00,0.00,0.00,0.00,0.51,3508547.00,14.64,75.00,0.00,507392.00,-6.51,30.90,0.34,3.68,2.86,21.79,24.11,25.05,32824958563.10,4.13,22.19,16.30,78.26,82.85,81.83,79.11,82.02,97.42,109.00,83.00,97.50,3.54,0.83,0.90,8115182181.00,1956446002.00,2051009775.00
[object Object],NESTE,Neste Corporation,OMXHEX,32.03,stock,common,100.00,1.00,false,0.00,EUR,-1.63,1108045.00,0.92,28985644962.21,USD,16.26,2.25,0.00,0.61,Energy minerals,finland,Energy Minerals,Buy,Buy,-1.63,2.33,7.48,8.47,30.89,64.76,100.19,-38.90,154.54,489.51,2.88,2.80,Buy,Buy,StrongBuy,Strong buy,Neutral,Neutral,56.93,-0.10,1.05,84.38,72.35,67.36,engulfing_bearish,0.00,0.00,0.00,0.00,1.35,1108045.00,-7.61,0.00,0.00,0.00,104.84,16.26,0.00,1.22,2.91,10.93,17.37,22.81,33173798432.21,1.41,13.77,9.57,31.94,30.74,30.31,28.94,25.21,39.52,61.89,21.49,40.87,3.51,1.15,0.96,25783793946.41,7166506821.08,6019994756.36
[object Object],FRE,Fresenius SE & Co. KGaA,XETR,44.70,stock,common,1000.00,5.00,false,0.00,EUR,-0.18,989121.00,1.20,28944821191.87,USD,16.54,3.09,35.29,2.34,Health services,germany,Health Services,StrongBuy,Strong buy,-0.18,-2.28,-0.08,23.49,-3.26,-8.88,-4.31,1.22,-32.50,411.11,1.94,2.03,Sell,Sell,Sell,Sell,Neutral,Neutral,43.32,-1.94,-0.04,-207.17,6.05,7.66,long_lower_shadow_bullish,0.00,0.00,0.00,0.00,-0.08,989121.00,0.49,44.53,-0.38,669773.00,-3.69,16.54,0.47,1.08,1.28,8.50,17.41,19.69,41508122411.87,1.55,16.17,10.79,45.78,45.74,44.19,41.81,44.83,64.66,73.49,57.87,64.81,4.31,1.02,0.90,27899218746.17,6666499742.87,6703059674.76
[object Object],PUB,Publicis Groupe SA,EURONEXT,99.38,stock,common,100.00,2.00,false,0.00,EUR,-0.02,491227.00,0.84,28900174954.24,USD,15.47,7.34,-4.76,3.77,Commercial services,france,Commercial Services,Buy,Buy,-0.02,-3.70,7.14,16.95,30.15,11.61,25.89,75.52,44.87,1319.71,2.05,2.02,Neutral,Neutral,Buy,Buy,Neutral,Neutral,52.86,-2.17,3.90,-108.87,26.34,38.08,"hanging_man_bearish,long_lower_shadow_bullish",0.00,0.00,0.00,0.00,-0.32,491227.00,-18.51,99.38,0.00,278374.00,25.73,15.47,0.00,1.42,2.36,9.24,10.09,11.85,32735934664.24,1.62,10.96,8.54,101.70,98.13,93.65,88.46,84.30,127.27,154.05,104.25,127.41,9.27,4.10,5.08,17762768761.77,8663387355.30,9754876739.06
[object Object],DG,Dollar General Corporation,NYSE,130.89,stock,common,100.00,1.00,false,0.00,USD,-0.15,2763887.00,0.90,28876530937.08,USD,17.01,7.69,42.34,1.80,Retail trade,america,Retail Trade,Neutral,Neutral,-0.15,7.29,1.76,22.63,-9.74,-1.43,19.26,-41.17,77.14,494.95,4.15,2.96,Buy,Buy,StrongBuy,Strong buy,Neutral,Neutral,62.12,8.58,3.44,208.43,77.59,63.81,long_upper_shadow_bearish,131.57,0.37,0.01,410.00,0.31,2763887.00,-28.75,132.41,1.16,675182.00,18.95,17.01,0.40,0.67,3.11,8.74,14.42,18.24,43060040937.08,0.99,17.65,12.22,125.22,124.12,122.26,117.29,125.81,140.00,176.00,90.00,140.00,7.83,2.01,1.41,44522222219.00,11195475074.00,11135900306.00
[object Object],LVS,Las Vegas Sands Corp.,NYSE,44.54,stock,common,100.00,1.00,false,0.00,USD,1.60,5547211.00,1.12,28848610295.89,USD,17.35,2.57,29.61,2.62,Consumer services,america,Consumer Services,Buy,Buy,1.60,-4.87,-9.03,-13.21,-18.23,-31.69,-21.68,0.77,-14.30,6.30,3.36,2.57,Sell,Sell,StrongSell,Strong sell,Sell,Sell,42.53,-2.04,-1.62,-126.42,15.26,15.62,0.00,43.60,-0.55,0.43,1300.00,-0.21,5547211.00,16.26,44.62,0.18,832166.00,-27.44,17.35,0.58,2.10,49.68,7.85,10.85,8.65,41050610295.89,2.99,12.79,8.68,45.49,46.26,46.19,49.12,54.42,59.24,71.50,47.00,60.00,3.11,0.76,0.75,13814719541.00,3310459500.00,3414323662.00
[object Object],HPQ,HP Inc.,NYSE,31.99,stock,common,100.00,1.00,false,0.00,USD,2.14,15200250.00,0.89,28848294308.58,USD,12.20,2.62,-4.55,3.80,Technology services,america,Technology Services,Neutral,Neutral,2.14,8.74,14.62,24.35,67.05,41.93,14.05,8.40,120.01,24269.06,6.31,4.95,StrongBuy,Strong buy,StrongBuy,Strong buy,Buy,Buy,64.24,2.05,1.90,200.21,78.23,70.14,spinning_top_white,31.50,0.57,-0.64,41354.00,0.99,15200250.00,2.14,32.00,0.03,1801555.00,4.41,12.20,0.00,0.49,0.00,6.35,7.64,7.11,35018294308.58,0.59,8.51,6.94,30.13,29.02,26.84,24.68,22.78,26.99,33.80,19.00,29.00,3.26,0.66,0.75,59962754494.00,14435160161.00,15445117149.00
[object Object],CTSH,Cognizant Technology Solutions Corporation Class A,NASDAQ,63.40,stock,common,100.00,1.00,false,0.00,USD,0.02,5852028.00,0.99,28558162884.10,USD,13.61,4.66,-5.38,2.05,Technology services,america,Technology Services,Buy,Buy,0.02,2.82,12.71,15.26,-2.62,-23.61,-11.23,-17.66,9.78,30332.34,2.55,3.62,Buy,Buy,StrongBuy,Strong buy,Neutral,Neutral,68.44,2.47,8.18,81.23,81.99,85.44,spinning_top_white,63.19,-0.32,-0.57,544.00,-0.13,5852028.00,42.52,63.40,0.00,815089.00,-18.55,13.61,0.00,1.36,1.98,10.13,11.37,28.11,29601162884.10,1.37,8.49,7.32,62.93,57.68,51.53,52.18,62.86,63.26,82.00,42.00,65.00,5.75,1.38,1.47,22188256015.00,5480763092.00,5647507726.00
[object Object],ATO,Atmos Energy Corporation,NYSE,167.68,stock,common,100.00,1.00,false,0.00,USD,-0.01,874848.00,0.98,28335997980.25,USD,19.96,8.40,16.00,2.39,Utilities,america,Utilities,Neutral,Neutral,-0.01,-0.04,-2.49,-1.24,-9.09,0.32,1.17,70.63,127.58,2903.21,1.17,1.52,Sell,Sell,StrongSell,Strong sell,Sell,Sell,42.00,-3.63,-5.29,-76.00,29.98,21.77,0.00,0.00,0.00,0.00,0.00,-0.02,874848.00,11.44,167.68,0.00,249661.00,6.70,19.96,1.25,5.77,1.86,14.06,0.00,54.01,38134055980.25,7.75,20.96,14.68,167.76,171.18,173.06,175.64,175.64,188.22,200.00,173.00,190.00,8.45,1.35,1.16,5163779396.00,900815824.00,798696083.00
[object Object],DTE,DTE Energy Company,NYSE,136.05,stock,common,100.00,1.00,false,0.00,USD,-0.01,1169173.00,1.00,28310379847.45,USD,21.50,6.33,-8.94,3.37,Utilities,america,Utilities,Buy,Buy,-0.01,-0.01,-3.91,-4.30,-8.01,5.19,0.04,11.73,70.92,426.28,1.36,1.59,Sell,Sell,StrongSell,Strong sell,Buy,Buy,37.55,-3.13,-5.13,-87.44,17.52,16.26,long_lower_shadow_bullish,0.00,0.00,0.00,0.00,0.08,1169173.00,11.32,134.77,-0.94,299897.00,0.54,21.50,0.00,1.73,2.33,8.38,0.00,336.89,56071379847.45,3.44,27.18,13.90,136.27,139.92,144.13,144.59,141.50,156.85,168.00,143.00,156.00,7.71,1.14,2.39,15983314691.00,3357457324.00,3437804402.00
[object Object],VICI,VICI Properties Inc,NYSE,25.61,stock,common,100.00,1.00,false,0.00,USD,0.27,7994677.00,0.98,28198596160.79,USD,9.93,2.58,-1.35,7.05,Finance,america,Finance,Buy,Buy,0.27,-2.77,-3.87,-7.14,-13.48,-9.06,-23.60,-18.23,38.06,38.06,1.13,1.46,Sell,Sell,StrongSell,Strong sell,Neutral,Neutral,39.69,-0.76,-0.67,-129.27,7.10,5.53,spinning_top_white,25.54,0.00,0.55,17359.00,0.00,7994677.00,-36.52,25.69,0.31,1528535.00,-20.90,9.93,0.00,6.80,0.97,10.58,10.59,96.93,46186169160.79,11.27,12.70,12.69,26.06,26.30,26.43,27.30,27.91,32.33,38.00,26.00,32.00,2.79,0.71,0.72,4194052745.00,1038867523.00,1057842376.00
[object Object],ON,ON Semiconductor Corporation,NASDAQ,72.34,stock,common,100.00,1.00,false,0.00,USD,-0.43,7132414.00,1.10,28162809442.44,USD,46.58,1.55,44.90,0.00,Electronic technology,america,Electronic Technology,Buy,Buy,-0.43,-0.30,-9.40,-43.17,23.68,30.93,50.24,61.26,570.44,228.82,2.74,3.55,Sell,Sell,StrongSell,Strong sell,Neutral,Neutral,37.12,-4.24,-7.40,-78.79,14.40,16.44,0.00,72.76,0.15,-0.43,7608.00,0.29,7132414.00,-7.66,72.34,0.00,1370005.00,41.31,46.58,1.04,4.74,3.90,17.50,19.50,7.57,29025709442.44,4.68,25.79,15.16,73.31,79.10,85.26,96.54,78.07,110.26,150.00,85.00,110.00,3.20,0.71,0.87,6550932525.00,1589004230.00,1702230972.00
[object Object],ORSTED,Orsted,OMXCOP,135.00,stock,common,100.00,5.00,false,0.00,DKK,-1.89,1370546.00,0.91,28121016030.08,USD,0.00,-0.80,-166.97,0.00,Utilities,denmark,Utilities,Buy,Buy,-1.89,-4.96,-6.32,-18.67,-6.74,10.02,19.65,-75.64,-10.37,-4.75,2.70,3.01,StrongSell,Strong sell,StrongSell,Strong sell,Sell,Sell,40.87,0.85,-3.18,-78.55,29.90,34.98,0.00,0.00,0.00,0.00,0.00,0.04,1370546.00,-26.33,0.00,0.00,0.00,115.94,0.00,0.00,2.47,1.45,7.31,0.00,2.21,35868082630.08,3.19,211.08,20.60,137.16,140.66,144.25,152.80,146.38,27.08,34.10,20.15,26.74,1.21,0.18,0.35,12870023641.31,2528882928.00,2579238844.00
[object Object],TDY,Teledyne Technologies Incorporated,NYSE,606.36,stock,common,100.00,1.00,false,0.00,USD,-0.68,214482.00,0.84,28108225074.56,USD,29.30,20.70,14.03,0.00,Electronic technology,america,Electronic Technology,Buy,Buy,-0.68,-3.65,-7.59,-2.40,-5.92,18.20,13.37,31.93,464.11,7086.49,1.55,1.94,Sell,Sell,StrongSell,Strong sell,Neutral,Neutral,30.98,-42.27,-34.02,-104.98,2.19,3.82,0.00,610.00,-0.08,0.08,492.00,0.24,214482.00,7.49,606.36,0.00,43015.00,12.21,29.30,2.10,4.49,2.57,22.37,24.90,83.62,29795125074.56,4.68,24.06,18.85,623.41,653.29,646.96,637.72,612.76,757.91,877.00,640.00,760.00,24.72,5.79,6.14,6556519197.00,1578448084.00,1649203657.00
[object Object],BAMI,Banco BPM SpA,MIL,16.07,stock,common,1000.00,5.00,false,0.00,EUR,0.31,2566378.00,0.45,28060911186.41,USD,12.54,1.46,-19.23,6.24,Finance,italy,Finance,Neutral,Neutral,0.31,-1.29,1.36,21.34,36.67,23.39,36.96,467.67,615.27,-71.37,1.70,1.82,Neutral,Neutral,Neutral,Neutral,Neutral,Neutral,45.71,-0.57,-0.25,-100.07,21.98,19.44,0.00,0.00,0.00,0.00,0.00,-0.12,2566378.00,-31.96,0.00,0.00,0.00,38.06,12.54,0.00,3.27,1.55,23.47,24.82,0.00,73840762443.95,6.71,0.00,0.00,16.23,16.33,15.96,14.70,13.54,18.13,19.94,15.42,18.49,1.53,0.00,0.00,7382800603.71,3592920760.00,0.00
[object Object],CASY,"Casey's General Stores, Inc.",NASDAQ,753.59,stock,common,100.00,1.00,false,0.00,USD,-1.74,376536.00,1.12,27886531659.71,USD,39.32,19.17,30.89,0.31,Retail trade,america,Retail Trade,Buy,Buy,-1.74,-8.38,-13.23,-2.89,13.73,36.56,53.52,265.82,471.72,60186.91,3.40,3.21,Sell,Sell,StrongSell,Strong sell,Buy,Buy,34.28,-82.56,-75.88,-142.59,12.31,10.63,0.00,763.00,-0.51,0.01,1829.00,-0.42,376536.00,-13.24,752.84,-0.10,55590.00,53.27,39.32,1.30,1.62,7.04,20.35,38.84,53.59,30268615659.71,1.72,29.28,20.40,794.19,833.66,828.15,821.95,724.91,956.28,1069.00,795.00,965.00,21.39,3.31,6.74,20518345940.00,4326401887.00,5571874487.00
[object Object],CHTR,"Charter Communications, Inc. Class A",NASDAQ,158.97,stock,common,100.00,1.00,false,0.00,USD,8.74,2883839.00,0.87,27838061537.79,USD,4.13,38.49,4.73,0.00,Consumer services,america,Consumer Services,Neutral,Neutral,8.74,2.47,8.27,20.83,-30.54,-24.10,-39.44,-80.69,-40.46,335.58,4.33,4.77,Buy,Buy,StrongBuy,Strong buy,Neutral,Neutral,58.28,6.50,5.79,101.01,54.72,49.30,0.00,147.27,0.74,0.74,543.00,1.01,2883839.00,12.77,156.70,-1.43,438656.00,-36.49,4.13,0.80,0.33,1.12,1.17,4.42,32.18,127302061537.79,2.34,9.76,5.84,151.68,148.25,142.42,152.42,182.67,214.44,700.00,101.00,150.00,41.12,9.98,9.85,54264471093.00,13511802841.00,13547149703.00
[object Object],ML,Cie Generale des Etablissements Michelin SA,EURONEXT,34.43,stock,common,100.00,1.00,false,0.00,EUR,-1.29,1038184.00,0.77,27801678438.63,USD,15.25,2.58,3.27,3.96,Consumer durables,france,Consumer Durables,Buy,Buy,-1.29,-1.06,-2.22,8.58,9.55,21.28,11.35,-0.38,43.55,367.62,1.67,1.51,Sell,Sell,Sell,Sell,Sell,Sell,48.13,0.34,0.07,-64.72,58.57,59.84,0.00,0.00,0.00,0.00,0.00,-0.69,1038184.00,-31.37,34.43,0.00,611421.00,9.98,15.25,4.72,0.95,1.33,5.79,9.60,8.28,33639359278.63,1.15,11.30,6.35,34.75,34.59,34.56,33.23,31.69,41.74,49.04,32.69,40.87,3.10,1.48,1.72,31114917428.11,14653200830.00,16537004540.00
[object Object],AWK,"American Water Works Company, Inc.",NYSE,139.49,stock,common,100.00,1.00,false,0.00,USD,1.52,2386693.00,1.15,27720705394.82,USD,24.15,5.78,4.00,2.51,Utilities,america,Utilities,Neutral,Neutral,1.52,1.46,4.30,11.48,3.86,7.11,-2.45,-24.60,89.19,577.14,2.44,2.20,StrongBuy,Strong buy,StrongBuy,Strong buy,Neutral,Neutral,58.44,0.78,1.91,134.98,67.29,68.15,0.00,137.40,0.00,0.00,144.00,-0.16,2386693.00,43.60,139.49,0.00,613837.00,-4.48,24.15,5.95,5.10,2.38,11.71,0.00,111.59,43536705394.82,8.24,22.20,15.04,137.77,136.22,134.67,130.83,131.44,142.45,156.00,128.00,140.00,6.08,1.53,2.08,5363684420.00,1325667737.00,1490800982.00
[object Object],FISV,"Fiserv, Inc.",NASDAQ,51.98,stock,common,100.00,1.00,false,0.00,USD,0.60,5530580.00,1.03,27641233314.48,USD,9.97,5.21,-12.86,0.00,Commercial services,america,Commercial Services,Neutral,Neutral,0.60,-0.40,-5.25,-7.30,-17.30,-23.03,-62.22,-56.29,0.84,18659.12,2.67,3.69,Sell,Sell,StrongSell,Strong sell,Sell,Sell,47.29,-0.10,0.13,-50.29,29.22,37.22,tweezer_bottom_bullish,51.68,0.02,-0.10,3381.00,0.12,5530580.00,-3.85,51.98,0.00,860061.00,-63.05,9.97,0.00,1.32,1.03,4.73,7.00,44.25,55048233314.48,2.64,12.23,7.16,52.45,52.96,51.96,54.28,58.41,57.84,85.00,40.00,57.00,7.28,1.91,1.73,19608477141.00,5039300236.00,4873903435.00
[object Object],VIE,Veolia Environnement SA,EURONEXT,31.88,stock,common,100.00,1.00,false,0.00,EUR,-2.09,1285405.00,0.91,27624617341.91,USD,18.80,1.94,13.17,4.61,Utilities,france,Utilities,Buy,Buy,-2.09,-6.54,-7.75,-8.91,-4.44,6.98,14.47,10.96,61.21,0.00,2.17,1.46,StrongSell,Strong sell,StrongSell,Strong sell,Sell,Sell,24.84,-2.19,-2.10,-188.71,5.62,8.77,0.00,0.00,0.00,0.00,0.00,-0.37,1285405.00,-14.84,31.88,0.00,753242.00,20.40,18.80,1.46,0.54,3.27,5.28,16.46,3.21,65715600741.91,1.29,16.23,8.58,33.28,34.39,35.35,35.25,33.35,46.11,52.43,42.24,46.29,2.78,0.00,0.00,54305777688.16,25145877080.00,0.00
[object Object],MTD,Mettler-Toledo International Inc.,NYSE,1367.74,stock,common,100.00,1.00,false,0.00,USD,-0.60,178479.00,0.87,27404801267.67,USD,30.78,44.43,12.54,0.00,Health technology,america,Health Technology,Neutral,Neutral,-0.60,-1.75,-2.97,15.01,10.04,-2.23,6.03,-12.50,238.48,9626.15,2.49,2.34,Sell,Sell,Sell,Sell,Neutral,Neutral,44.26,-57.35,6.63,-181.32,17.67,24.81,0.00,1347.99,-2.03,-0.55,221.00,-1.06,178479.00,5.89,1367.74,0.00,32899.00,4.89,30.78,2.47,6.71,2137.16,28.28,31.93,536.80,29465381267.67,7.13,25.09,22.57,1394.29,1402.04,1355.50,1272.29,1319.92,1472.75,1600.00,1200.00,1479.00,47.33,10.85,12.11,4238903302.00,1027745401.00,1071016137.00
[object Object],HEXA_B,Hexagon AB Class B,OMXSTO,97.14,stock,common,100.00,2.00,false,0.00,SEK,-1.20,3638893.00,0.98,27342944656.82,USD,47.50,0.21,-48.03,1.54,Electronic technology,sweden,Electronic Technology,Neutral,Neutral,-1.20,-3.58,3.10,14.90,-3.25,-10.92,-7.40,-34.65,94.61,6148.97,1.89,1.90,Neutral,Neutral,Buy,Buy,Sell,Sell,53.95,-1.86,6.14,-29.37,54.27,67.80,0.00,0.00,0.00,0.00,0.00,-0.37,3638893.00,-18.00,0.00,0.00,0.00,-3.32,47.50,0.00,5.09,4.20,17.83,0.00,10.90,27929639930.11,5.24,0.00,51.96,99.82,95.66,89.61,90.63,96.56,10.61,13.61,8.38,10.49,0.38,0.08,0.09,5007916743.09,1139125768.06,1174118757.09
[object Object],CPAY,"Corpay, Inc.",NYSE,416.40,stock,common,100.00,1.00,false,0.00,USD,2.86,494344.00,1.22,27340656985.35,USD,25.31,16.45,11.78,0.00,Commercial services,america,Commercial Services,Buy,Buy,2.86,1.46,8.25,16.41,30.38,38.04,29.65,57.49,153.12,1565.60,2.07,2.52,StrongBuy,Strong buy,StrongBuy,Strong buy,Buy,Buy,61.91,9.32,11.54,71.33,30.34,27.13,0.00,406.50,0.42,0.20,354.00,0.72,494344.00,4.20,418.00,0.38,105076.00,18.44,25.31,2.09,5.35,7.72,14.95,16.86,2.72,28155913985.35,5.61,12.26,10.28,409.94,400.43,381.11,358.86,335.53,459.06,536.00,390.00,454.50,27.38,6.58,7.19,5315650246.00,1299873164.00,1357822681.00
[object Object],RYA,Ryanair Holdings PLC,EURONEXT,22.97,stock,common,100.00,1.00,false,0.00,EUR,1.06,1501566.00,0.82,27316331203.07,USD,12.97,2.02,-5.72,1.71,Transportation,ireland,Transportation,StrongBuy,Strong buy,1.06,-3.32,-7.75,-4.41,-12.56,-21.44,-8.85,43.29,79.80,68.65,2.38,2.46,Sell,Sell,StrongSell,Strong sell,Neutral,Neutral,39.92,0.11,-1.03,-82.19,23.10,27.88,piercing_bullish,0.00,0.00,0.00,0.00,-0.57,1501566.00,-11.44,22.97,0.00,674809.00,-8.25,12.97,0.00,1.53,2.52,7.01,14.22,8.51,24241231971.07,1.36,10.01,5.95,23.26,24.08,25.10,24.66,26.06,34.43,39.41,29.79,34.78,1.98,0.68,1.73,18390782476.14,5069644361.21,6555599816.17
[object Object],BT.A,BT Group plc,LSE,203.90,stock,common,10.00,1.00,false,0.00,GBX,-0.63,19872090.00,1.86,27009924408.19,USD,18.81,0.14,2.46,4.05,Communications,uk,Communications,Neutral,Neutral,-0.63,-1.31,1.95,0.69,-0.63,10.51,-3.64,25.83,-47.39,-86.42,2.38,1.91,Buy,Buy,Buy,Buy,Neutral,Neutral,54.62,2.20,4.81,49.46,62.17,65.67,0.00,0.00,0.00,0.00,0.00,0.54,19872090.00,122.19,203.90,0.00,5154347.00,-2.14,18.81,7.70,1.05,1.60,3.35,21.72,9.66,54842650508.19,2.11,12.28,5.04,204.67,201.09,197.54,206.32,200.41,3.14,4.50,2.05,2.99,0.24,0.11,0.00,24300806134.94,0.00,0.00
[object Object],OTIS,Otis Worldwide Corporation,NYSE,70.83,stock,common,100.00,1.00,false,0.00,USD,0.33,3910713.00,1.17,26962808913.78,USD,18.18,3.90,2.98,2.44,Industrial services,america,Industrial Services,Buy,Buy,0.33,-1.17,-2.25,-0.16,-21.35,-18.79,-17.64,-22.93,77.08,77.08,1.40,1.77,Sell,Sell,StrongSell,Strong sell,Sell,Sell,43.85,-1.12,-1.07,-109.71,17.44,22.05,spinning_top_white,70.80,0.28,0.23,299.00,0.21,3910713.00,-14.71,70.83,0.00,837669.00,-20.16,18.18,6.07,1.82,0.00,14.52,15.87,31.99,35253808913.78,2.36,15.13,14.09,71.50,72.22,72.42,73.36,80.15,87.36,100.00,75.00,86.00,4.06,1.01,1.00,15238606737.00,3761572222.00,3839467229.00
[object Object],EXO,EXOR N.V.,EURONEXT,72.90,stock,common,100.00,5.00,false,0.00,EUR,0.55,250428.00,1.57,26912525042.39,USD,0.00,0.00,0.00,0.68,Finance,netherlands,Finance,StrongBuy,Strong buy,0.55,1.39,4.89,11.72,1.39,0.00,-15.38,7.21,7.21,7.21,1.40,1.65,Buy,Buy,StrongBuy,Strong buy,Sell,Sell,64.52,3.25,2.18,117.19,87.00,88.86,0.00,0.00,0.00,0.00,0.00,-0.21,250428.00,13.82,72.90,0.00,145048.00,-16.71,0.00,0.00,0.00,0.49,0.00,0.00,15.34,30049293182.39,0.00,0.00,0.00,71.89,70.50,69.60,68.30,69.53,126.58,140.12,106.26,128.44,2.60,0.00,0.00,0.00,0.00,0.00
[object Object],LH,Labcorp Holdings Inc.,NYSE,331.66,stock,common,100.00,1.00,false,0.00,USD,1.24,643928.00,1.00,26897624291.13,USD,27.43,12.09,33.35,0.88,Health services,america,Health Services,Buy,Buy,1.24,-1.24,6.98,26.45,21.32,31.97,20.18,26.12,181.95,1483.87,2.29,2.19,Buy,Buy,StrongBuy,Strong buy,Neutral,Neutral,61.84,1.22,18.13,39.32,56.37,63.72,0.00,326.00,-0.49,-0.49,40.00,0.47,643928.00,12.62,331.00,-0.20,148852.00,16.78,27.43,0.81,1.87,3.12,16.60,23.54,191.79,33538324291.13,2.34,20.59,14.42,334.55,321.13,303.99,282.37,274.92,344.73,385.00,306.00,350.00,18.35,4.78,4.65,14750430584.00,3709367203.00,3755984820.00
[object Object],FE,FirstEnergy Corp.,NYSE,46.29,stock,common,100.00,1.00,false,0.00,USD,0.28,3339806.00,0.86,26785243363.72,USD,24.70,1.87,-17.28,3.94,Utilities,america,Utilities,Buy,Buy,0.28,-0.71,-4.08,0.76,-7.48,3.19,6.44,17.19,41.69,78.04,1.47,1.72,Sell,Sell,StrongSell,Strong sell,Neutral,Neutral,41.33,-0.96,-1.69,-103.51,26.64,19.17,0.00,0.00,0.00,0.00,0.00,-0.04,3339806.00,-36.48,46.29,0.00,749613.00,6.42,24.70,0.00,1.69,2.07,8.60,0.00,140.32,57068243363.72,3.61,19.42,14.49,46.35,47.47,47.79,47.35,47.53,53.64,56.00,51.00,53.00,2.73,0.50,0.92,15680529211.00,3511701274.00,4316343739.00
[object Object],FOXA,Fox Corporation Class A,NASDAQ,67.52,stock,common,100.00,1.00,false,0.00,USD,2.41,4715228.00,0.91,26778412013.34,USD,17.61,3.83,-21.89,0.85,Consumer services,america,Consumer Services,Buy,Buy,2.41,-4.00,13.96,4.68,16.19,-7.67,13.71,81.70,73.13,73.13,2.85,2.83,Buy,Buy,StrongBuy,Strong buy,Neutral,Neutral,58.00,-0.44,4.62,11.95,44.33,55.99,0.00,66.68,1.14,0.08,1157.00,0.18,4715228.00,-4.36,67.61,0.13,1105090.00,0.88,17.61,0.00,1.65,2.44,14.67,19.69,6.87,30327412013.34,1.77,8.67,7.76,68.21,63.81,60.02,61.61,63.42,76.56,112.00,54.00,77.00,5.95,1.44,2.07,17620114286.00,3643432554.00,4315367609.00
[object Object],FOX,Fox Corporation Class B,NASDAQ,60.27,stock,common,100.00,1.00,false,0.00,USD,2.10,1390671.00,1.30,26697086566.67,USD,15.72,3.83,-21.89,0.95,Consumer services,america,Consumer Services,Buy,Buy,2.10,-3.54,15.13,3.41,13.33,-7.21,11.59,75.25,56.14,56.14,2.79,2.67,Buy,Buy,StrongBuy,Strong buy,Neutral,Neutral,58.21,-0.12,4.26,18.74,48.90,61.91,0.00,59.17,0.24,-0.39,200.00,0.14,1390671.00,13.20,60.37,0.17,505779.00,0.88,15.72,0.00,1.48,2.17,13.09,17.57,6.13,30246086566.67,1.77,8.65,7.74,60.92,56.92,53.71,55.23,56.95,76.47,112.00,54.00,76.00,5.95,1.44,2.06,17617741528.00,3640073257.00,4315067392.00
[object Object],DGX,Quest Diagnostics Incorporated,NYSE,240.80,stock,common,100.00,1.00,false,0.00,USD,1.94,1144111.00,1.23,26577905147.94,USD,25.54,9.43,12.73,1.41,Health services,america,Health Services,Buy,Buy,1.94,-1.36,3.42,23.49,18.18,38.94,33.11,56.55,190.37,6321.33,2.15,1.93,Buy,Buy,StrongBuy,Strong buy,Neutral,Neutral,58.94,-0.96,7.79,2.52,43.82,53.89,0.00,237.00,0.33,0.55,350.00,0.77,1144111.00,40.66,240.80,0.00,190710.00,30.47,25.54,1.97,2.29,3.52,14.17,19.99,43.08,32717905147.94,2.83,19.44,14.46,242.38,237.50,226.19,210.54,200.57,248.86,265.00,232.00,250.00,11.19,2.82,2.87,12007242110.00,2972744228.00,3042732441.00
[object Object],ES,Eversource Energy,NYSE,70.44,stock,common,100.00,1.00,false,0.00,USD,-0.09,1869179.00,1.02,26532968942.38,USD,18.24,3.86,66.18,4.37,Utilities,america,Utilities,Neutral,Neutral,-0.09,-0.80,-1.45,2.44,-4.18,3.91,10.49,-23.24,30.54,323.70,1.33,1.66,Sell,Sell,StrongSell,Strong sell,Neutral,Neutral,41.62,-1.55,-1.98,-122.82,21.34,21.61,0.00,0.00,0.00,0.00,0.00,-0.10,1869179.00,19.54,70.44,0.00,453929.00,12.33,18.24,0.28,1.90,1.62,5.99,89.20,14.60,54677003942.38,3.91,17.48,10.12,70.91,72.17,72.80,70.82,70.20,73.64,85.00,52.00,75.00,4.65,0.87,1.03,13694827042.00,2988920513.00,3258925862.00
[object Object],DSFIR,DSM-Firmenich AG,EURONEXT,94.48,stock,common,100.00,2.00,false,0.00,EUR,-1.07,702890.00,1.15,26511175369.93,USD,0.00,-6.26,-301.20,2.62,Consumer non-durables,netherlands,Consumer Non-Durables,Buy,Buy,-1.07,2.52,2.01,38.25,61.23,37.05,13.53,-16.39,-16.39,-16.39,2.20,2.01,Buy,Buy,StrongBuy,Strong buy,Neutral,Neutral,63.30,5.98,4.83,69.48,85.21,87.00,0.00,0.00,0.00,0.00,0.00,-0.50,702890.00,-0.54,94.48,0.00,205615.00,4.30,0.00,0.00,3.32,1.33,14.76,25.89,10.24,31849245319.93,3.88,49.27,20.86,93.16,90.60,87.91,78.43,71.60,108.44,136.33,78.07,110.70,4.28,1.98,1.72,10889088722.92,5331391330.41,5390298414.64
[object Object],OMV,OMV Aktiengesellschaft,VIE,70.15,stock,common,100.00,5.00,false,0.00,EUR,0.36,297027.00,1.05,26496878977.65,USD,9.17,8.74,182.65,6.29,Energy minerals,austria,Energy Minerals,Neutral,Neutral,0.36,4.70,10.91,9.78,24.82,47.68,47.68,47.06,173.97,625.81,1.84,2.01,StrongBuy,Strong buy,StrongBuy,Strong buy,Neutral,Neutral,71.73,1.60,3.23,119.92,94.25,82.98,0.00,0.00,0.00,0.00,0.00,0.14,297027.00,-27.70,70.15,0.00,158153.00,48.72,9.17,0.05,1.21,1.51,6.52,24.97,10.55,39362728787.65,1.31,9.15,5.68,68.42,65.73,62.94,61.41,57.07,72.11,87.47,64.14,69.39,10.56,2.67,2.88,33717272818.76,8918953952.61,8761058188.24
[object Object],CINF,Cincinnati Financial Corporation,NASDAQ,171.69,stock,common,100.00,1.00,false,0.00,USD,0.76,523034.00,1.16,26350645039.67,USD,8.10,21.21,83.99,2.12,Finance,america,Finance,Neutral,Neutral,0.76,-0.13,-3.71,7.11,4.26,5.12,12.15,40.22,122.19,9262.03,1.45,1.69,Neutral,Neutral,Neutral,Neutral,Neutral,Neutral,45.99,3.20,-3.77,-22.17,48.53,48.94,engulfing_bullish,0.00,0.00,0.00,0.00,0.00,523034.00,-7.73,171.69,0.00,223748.00,9.34,8.10,0.10,1.90,1.58,7.82,7.86,0.00,27226645039.67,1.95,0.00,0.00,170.80,174.61,177.52,171.21,167.20,191.67,200.00,177.00,192.50,8.37,1.84,1.93,10570693829.00,2711469714.00,2640226143.00
[object Object],AMS,Amadeus IT Group SA Class A,BME,56.50,stock,common,100.00,2.00,false,0.00,EUR,0.71,659556.00,1.14,26235050985.45,USD,18.69,3.45,1.91,2.22,Technology services,spain,Technology Services,Buy,Buy,0.71,-1.53,3.97,7.05,3.59,-10.09,-17.93,6.89,35.12,264.52,2.30,2.23,Neutral,Neutral,Buy,Buy,Neutral,Neutral,52.12,-0.32,2.42,-76.44,45.33,62.81,0.00,0.00,0.00,0.00,0.00,-0.18,659556.00,1.16,0.00,0.00,0.00,-23.38,18.69,9.69,3.62,5.19,11.28,11.57,24.73,29305397538.45,3.89,14.35,10.06,57.39,55.86,53.76,52.77,54.42,80.02,94.42,59.53,78.43,4.07,0.99,1.07,8025647188.04,1887627693.84,2008630779.06
[object Object],A5G,AIB Group PLC,EURONEXT,11.06,stock,common,1000.00,5.00,false,0.00,EUR,1.56,4768570.00,1.22,26184275340.59,USD,11.41,1.11,8.41,6.04,Finance,ireland,Finance,Neutral,Neutral,1.56,0.09,6.50,9.55,26.24,21.26,56.51,344.38,67.65,-44.67,1.79,2.19,StrongBuy,Strong buy,StrongBuy,Strong buy,Buy,Buy,58.36,0.45,0.18,133.79,73.14,62.34,0.00,0.00,0.00,0.00,0.00,0.41,4768570.00,4.00,11.06,0.00,1724008.00,50.48,11.41,1.34,5.03,1.81,30.19,32.72,0.00,-73696539.41,0.00,0.00,0.00,10.94,10.78,10.64,10.30,9.67,12.97,14.20,10.43,13.16,1.06,0.44,0.54,5453890649.87,2566615393.36,2712989141.42
[object Object],VRSN,"VeriSign, Inc.",NASDAQ,289.96,stock,common,100.00,1.00,false,0.00,USD,0.55,766930.00,1.20,26183388441.42,USD,31.47,9.21,9.96,1.11,Technology services,america,Technology Services,Neutral,Neutral,0.55,-0.94,-0.77,-3.34,21.44,19.29,7.21,32.45,289.94,5557.76,2.69,2.66,StrongBuy,Strong buy,StrongBuy,Strong buy,Buy,Buy,54.76,16.93,7.87,15.37,60.73,65.40,0.00,289.51,0.40,0.40,100.00,0.00,766930.00,4.12,289.96,0.00,129117.00,2.04,31.47,3.14,15.38,0.00,23.99,24.78,25.54,27489588441.42,16.10,23.72,23.18,288.95,286.37,277.37,279.72,261.33,330.00,355.00,316.00,324.50,9.79,2.42,2.46,1752773116.00,433195401.00,440277767.00
[object Object],WSM,"Williams-Sonoma, Inc.",NYSE,221.72,stock,common,100.00,1.00,false,0.00,USD,-0.18,1366644.00,1.06,26113998064.11,USD,22.68,9.77,7.44,1.28,Retail trade,america,Retail Trade,Buy,Buy,-0.18,-1.02,-4.99,5.54,17.47,21.37,18.28,142.32,743.04,42659.22,3.55,3.06,Sell,Sell,Sell,Sell,Neutral,Neutral,34.25,-20.59,-6.27,-173.69,12.32,24.82,0.00,221.90,-0.10,-0.05,2368.00,-0.32,1366644.00,15.17,223.00,0.58,270651.00,11.90,22.68,3.05,3.30,12.20,16.38,19.62,25.62,26613008064.11,3.32,17.29,15.04,232.88,237.70,233.29,214.73,203.94,253.21,280.00,190.00,259.00,9.51,2.08,2.18,8271767139.00,1927005022.00,1997429945.00
[object Object],INCY,Incyte Corporation,NASDAQ,128.83,stock,common,100.00,1.00,false,0.00,USD,3.06,2324078.00,2.02,26113552082.16,USD,16.42,7.85,78.38,0.00,Health technology,america,Health Technology,Buy,Buy,3.06,-0.27,7.16,29.69,33.88,31.12,51.62,66.86,57.86,6770.93,2.50,2.65,Buy,Buy,StrongBuy,Strong buy,Neutral,Neutral,61.45,0.36,2.98,82.81,61.38,56.18,rising_window_bullish,125.62,0.49,0.45,300.00,1.14,2324078.00,94.97,128.35,-0.37,441235.00,50.92,16.42,0.20,4.47,4.08,13.55,13.97,5.91,21616079082.16,3.71,11.75,11.15,127.00,123.34,120.03,109.25,104.49,128.91,155.00,104.00,130.00,3.76,2.20,-2.83,5937155116.00,1503904802.00,1471502533.00
[object Object],IMB,Imperial Brands PLC,LSE,2518.00,stock,common,1.00,1.00,false,0.00,GBX,-1.29,2139114.00,0.87,26082892309.72,USD,11.84,2.81,-29.03,6.41,Consumer non-durables,uk,Consumer Non-Durables,Buy,Buy,-1.29,-0.08,-10.58,-6.67,-20.82,-19.29,-18.19,62.50,-37.10,788.35,1.59,2.05,Sell,Sell,StrongSell,Strong sell,Neutral,Neutral,37.24,-54.00,-156.83,-58.77,30.06,26.32,0.00,0.00,0.00,0.00,0.00,0.16,2139114.00,7.70,2518.00,0.00,1340747.00,-22.31,11.84,0.00,1.05,4.86,6.45,7.14,40.48,41363392709.72,1.61,8.46,7.16,2527.60,2669.70,2710.26,2748.27,2954.13,44.00,47.75,36.84,45.03,4.44,1.68,2.82,13546657414.52,5940210683.00,7502417600.00
[object Object],HBAN,Helvetia Baloise Holding AG,SIX,213.40,stock,common,10.00,2.00,false,0.00,CHF,0.19,94992.00,0.80,26082544905.04,USD,25.77,10.45,-9.14,3.62,Finance,switzerland,Finance,Buy,Buy,0.19,-1.11,-1.20,8.60,11.84,2.11,7.67,7.67,7.67,7.67,1.11,1.30,Sell,Sell,Sell,Sell,Neutral,Neutral,49.06,2.00,-0.79,-18.21,60.00,61.87,"inverted_hammer_bullish,long_upper_shadow_bearish",0.00,0.00,0.00,0.00,0.00,94992.00,-37.90,213.40,0.00,45498.00,100.18,25.77,0.00,1.85,1.63,17.60,18.36,0.00,34082190065.04,2.37,0.00,0.00,212.82,214.65,213.60,211.94,0.00,300.98,329.80,277.92,302.62,14.39,6.50,12.87,19411926927.55,0.00,0.00
[object Object],CNP,"CenterPoint Energy, Inc.",NYSE,39.51,stock,common,100.00,1.00,false,0.00,USD,0.10,5072231.00,0.82,26026041316.29,USD,23.29,1.70,18.24,2.33,Utilities,america,Utilities,Buy,Buy,0.10,1.28,-5.23,-5.55,-8.65,3.08,4.94,53.32,73.44,266.40,1.67,2.07,Sell,Sell,StrongSell,Strong sell,Buy,Buy,38.89,-0.89,-1.88,-59.67,35.06,32.33,0.00,0.00,0.00,0.00,0.00,-0.03,5072231.00,-14.69,39.51,0.00,1158689.00,4.97,23.29,1.28,2.73,2.22,10.21,0.00,55.40,50644041316.29,5.26,22.65,12.98,39.37,40.89,42.06,42.32,41.46,45.93,50.00,39.00,46.00,1.91,0.37,0.49,9932816732.00,2124178194.00,2112923425.00
[object Object],PPL,PPL Corporation,NYSE,34.54,stock,common,100.00,1.00,false,0.00,USD,0.20,5382014.00,0.74,25992898305.85,USD,20.52,1.68,26.57,3.23,Utilities,america,Utilities,Buy,Buy,0.20,-1.46,-1.60,-2.24,-8.50,-1.31,-4.93,14.79,-0.60,413.44,1.47,1.77,Sell,Sell,StrongSell,Strong sell,Neutral,Neutral,42.75,-0.95,-1.04,-99.33,21.77,14.71,0.00,34.48,0.03,0.03,232.00,-0.17,5382014.00,-46.15,34.64,0.29,1290075.00,-3.69,20.52,0.77,2.78,1.73,9.85,0.00,77.15,45976898305.85,4.89,20.31,12.19,34.64,35.25,35.62,36.14,36.30,41.31,45.00,37.00,42.00,1.95,0.34,0.52,9741975208.00,2190192002.00,2415487539.00
[object Object],PHIA,Koninklijke Philips N.V.,EURONEXT,22.86,stock,common,100.00,1.00,false,0.00,EUR,-0.82,1418811.00,1.15,25970722630.85,USD,19.84,1.32,0.00,3.69,Health services,netherlands,Health Services,Buy,Buy,-0.82,-2.93,0.40,4.24,-10.81,-1.25,-2.89,-38.57,-5.59,368.60,1.56,1.67,Sell,Sell,StrongSell,Strong sell,Neutral,Neutral,41.81,-0.73,-0.17,-124.74,8.54,11.33,0.00,0.00,0.00,0.00,0.00,-0.65,1418811.00,1.58,22.86,0.00,864860.00,1.72,19.84,0.00,1.26,1.95,9.70,11.10,12.38,32583901580.85,1.62,17.70,10.05,23.27,23.19,23.47,23.27,23.85,30.62,38.02,26.96,29.96,1.92,0.42,0.42,21051645770.81,4932475418.75,5135744797.57
[object Object],SYF,Synchrony Financial,NYSE,78.39,stock,common,100.00,1.00,false,0.00,USD,2.31,2509128.00,0.66,25505821815.46,USD,8.04,9.75,18.48,1.62,Finance,america,Finance,Buy,Buy,2.31,-2.83,2.16,12.68,17.07,-6.36,4.55,61.06,182.28,240.83,2.58,2.27,Buy,Buy,Buy,Buy,Neutral,Neutral,51.07,-1.23,0.95,-49.85,27.27,31.93,0.00,0.00,0.00,0.00,0.00,0.67,2509128.00,-28.39,78.39,0.00,499311.00,-11.39,8.04,0.43,1.35,1.68,2.70,2.70,1.62,27460821815.46,1.45,2.61,2.51,78.68,78.11,76.73,75.11,75.02,89.32,104.00,78.00,89.50,9.35,2.14,2.38,15154631944.00,3724720221.00,3823434417.00
[object Object],RF,Regions Financial Corporation,NYSE,29.93,stock,common,100.00,1.00,false,0.00,USD,2.19,7001428.00,0.95,25498250863.86,USD,12.17,2.46,14.60,3.62,Finance,america,Finance,Neutral,Neutral,2.19,-2.60,-3.54,7.43,11.55,10.48,11.80,49.58,199.60,1100.91,1.98,1.74,Neutral,Neutral,Sell,Sell,Buy,Buy,40.97,-0.66,-0.98,-109.94,8.99,9.40,0.00,29.40,0.38,0.38,300.00,0.75,7001428.00,11.98,29.93,0.00,963499.00,4.00,12.17,0.82,3.32,1.46,14.43,14.43,0.00,24640250863.86,2.59,0.00,0.00,30.24,30.97,30.86,29.44,28.40,32.84,36.00,28.00,33.00,2.64,0.63,0.66,7822559025.00,1936372974.00,1986399831.00
[object Object],DOV,Dover Corporation,NYSE,188.90,stock,common,100.00,1.00,false,0.00,USD,-0.54,1302073.00,1.17,25441092871.15,USD,22.74,8.31,-49.91,1.10,Producer manufacturing,america,Producer Manufacturing,Buy,Buy,-0.54,-7.08,-7.06,-12.84,-10.78,-3.22,6.90,8.03,222.64,31222.02,2.04,1.92,StrongSell,Strong sell,StrongSell,Strong sell,Sell,Sell,28.27,-13.48,-8.80,-204.31,2.46,5.35,0.00,189.46,-0.25,-0.11,200.00,0.31,1302073.00,-11.34,188.90,0.00,239241.00,6.12,22.74,0.00,3.06,3.31,18.42,21.85,14.58,26945109871.15,3.20,17.69,14.07,198.57,203.39,208.74,213.36,209.90,251.81,288.00,215.00,252.50,10.69,2.72,2.86,8676379076.00,2208509667.00,2210605008.00
[object Object],TPL,Texas Pacific Land Corporation,NYSE,367.32,stock,common,100.00,1.00,false,0.00,USD,-0.71,279410.00,0.74,25335778235.88,USD,46.83,7.84,17.27,0.61,Miscellaneous,america,Miscellaneous,Buy,Buy,-0.71,-0.61,-5.59,-8.68,-29.98,28.43,18.33,143.76,1778.13,521887.29,2.83,4.71,Sell,Sell,StrongSell,Strong sell,Neutral,Neutral,46.25,-5.86,-13.19,12.05,53.62,55.07,"doji_star_bullish,long_lower_shadow_bullish",367.03,-0.78,-0.25,823.00,-0.79,279410.00,4.26,367.32,0.00,53523.00,17.79,46.83,2.73,28.45,15.15,42.40,48.61,102.00,25102679235.88,27.97,37.33,33.92,371.45,375.82,388.71,395.33,391.25,441.33,639.00,245.00,440.00,8.80,2.18,2.17,995000000.00,249500000.00,249000000.00
[object Object],WRB,W. R. Berkley Corporation,NYSE,68.12,stock,common,100.00,1.00,false,0.00,USD,0.59,1776677.00,1.12,25288020416.30,USD,14.01,4.86,10.67,0.55,Finance,america,Finance,Neutral,Neutral,0.59,-0.38,-5.98,1.88,-1.76,-2.36,-5.09,103.52,288.02,41798.67,1.31,1.61,Sell,Sell,StrongSell,Strong sell,Buy,Buy,39.64,-1.49,-3.13,-98.69,10.95,12.86,doji,69.00,1.89,1.89,117.00,0.65,1776677.00,1.52,68.17,0.07,423970.00,-7.92,14.01,1.31,1.78,2.57,7.12,7.38,0.00,28401042416.30,1.91,0.00,0.00,68.48,70.92,71.09,68.93,69.33,69.76,83.00,51.00,70.00,4.87,1.08,1.12,14902512870.00,3282737280.00,3766572429.00
[object Object],ECHO,EchoStar Corporation Class A,NASDAQ,86.69,stock,common,100.00,1.00,false,0.00,USD,0.76,2142750.00,0.90,25182638719.52,USD,0.00,-24.94,-2120.06,0.00,Communications,america,Communications,Buy,Buy,0.76,1.04,3.72,-27.46,-19.21,-20.23,42.25,220.36,173.49,613.44,2.51,3.55,Sell,Sell,StrongSell,Strong sell,Buy,Buy,43.65,-1.75,-2.13,-52.08,19.93,20.68,doji,86.00,-0.05,-1.07,2610.00,0.81,2142750.00,27.52,86.00,-0.80,266816.00,33.15,0.00,-0.00,2.06,1.78,0.00,0.00,19.64,41376940719.52,2.82,39.49,20.80,86.37,87.87,91.33,107.75,107.44,126.60,165.00,103.00,118.00,19.05,-0.10,-0.12,14350115013.00,3586837820.00,3480837667.00
[object Object],AM,Dassault Aviation SA,EURONEXT,278.40,stock,common,10.00,2.00,false,0.00,EUR,-0.78,54907.00,1.33,25176650697.77,USD,21.56,14.75,29.17,1.70,Electronic technology,france,Electronic Technology,Buy,Buy,-0.78,-4.72,-7.81,-2.86,-13.49,2.20,3.49,188.50,187.75,11173.27,1.63,1.76,Sell,Sell,StrongSell,Strong sell,Neutral,Neutral,28.76,-27.60,-16.50,-129.71,2.18,2.26,0.00,0.00,0.00,0.00,0.00,0.36,54907.00,5.33,278.40,0.00,34635.00,5.20,21.56,0.75,2.49,3.27,14.76,16.14,2.13,13691427475.90,1.37,15.63,12.29,290.20,303.11,298.03,297.59,304.37,432.30,693.90,346.95,404.78,17.99,6.57,9.81,10423535261.69,4019399940.29,5238822420.58
[object Object],LISP,Chocoladefabriken Lindt & Spruengli AG Partizipsch.,SIX,8640.00,stock,preferred,1.00,5.00,false,0.00,CHF,-0.46,4774.00,1.52,25017700617.70,USD,27.18,393.32,14.88,2.07,Consumer non-durables,switzerland,Consumer Non-Durables,Sell,Sell,-0.46,-4.79,-6.19,-6.80,-29.53,-25.84,-28.30,-18.80,48.97,1010.54,1.97,1.70,Sell,Sell,StrongSell,Strong sell,Buy,Buy,30.76,-490.00,-489.40,-155.70,7.29,4.65,spinning_top_black,0.00,0.00,0.00,0.00,-0.17,4774.00,14.81,8640.00,0.00,2437.00,-26.84,27.18,1.84,3.38,4.51,19.07,25.55,48.22,26785805967.70,3.67,22.28,16.85,8935.00,9216.83,9336.20,9396.15,10483.48,12526.39,16381.61,10715.79,12009.08,408.66,93.11,293.23,7606697434.78,2922674552.19,4556358342.12
[object Object],DRI,"Darden Restaurants, Inc.",NYSE,220.03,stock,common,100.00,1.00,false,0.00,USD,2.07,1257237.00,1.41,24982592218.12,USD,21.18,10.39,17.07,2.84,Consumer services,america,Consumer Services,Buy,Buy,2.07,0.15,6.85,9.90,8.00,19.23,6.95,44.84,256.90,3680.39,2.75,2.49,StrongBuy,Strong buy,StrongBuy,Strong buy,Neutral,Neutral,55.28,-1.86,3.78,-4.86,32.50,23.36,0.00,0.00,0.00,0.00,0.00,-0.06,1257237.00,23.19,220.03,0.00,233471.00,0.89,21.18,1.22,1.88,11.37,13.68,23.20,111.37,32765592218.12,2.48,20.38,15.11,218.09,214.31,209.45,204.82,200.83,234.17,276.00,200.00,235.00,11.28,3.63,2.05,13690945280.00,3728344665.00,3207157439.00
[object Object],IAG,International Consolidated Airlines Group SA,LSE,419.40,stock,common,10.00,1.00,false,0.00,GBX,-0.71,10886663.00,1.31,24970939699.31,USD,7.51,0.74,8.50,1.63,Transportation,uk,Transportation,Buy,Buy,-0.71,-5.90,-4.77,-0.97,11.87,1.28,6.83,162.12,61.42,40.58,1.77,1.96,Sell,Sell,StrongSell,Strong sell,Sell,Sell,39.46,-5.70,-2.37,-127.07,29.54,47.77,"doji_star_bullish,long_upper_shadow_bearish",0.00,0.00,0.00,0.00,-0.73,10886663.00,-3.55,419.40,0.00,4570025.00,4.88,7.51,0.89,0.70,2.50,3.24,5.75,2.54,30439490598.15,0.79,5.68,3.52,430.24,435.27,447.77,426.66,413.87,7.20,8.80,5.46,7.09,0.76,0.00,0.00,39642540083.88,0.00,0.00
[object Object],XYL,Xylem Inc.,NYSE,106.74,stock,common,100.00,1.00,false,0.00,USD,-0.14,1983049.00,1.15,24922382640.74,USD,25.35,4.21,9.42,1.58,Producer manufacturing,america,Producer Manufacturing,Buy,Buy,-0.14,-5.65,-9.36,-4.11,-13.97,-21.68,-24.06,-22.18,110.24,354.21,2.31,2.30,StrongSell,Strong sell,StrongSell,Strong sell,Sell,Sell,29.41,-9.47,-7.66,-147.50,3.20,4.38,0.00,107.05,0.15,0.48,1846.00,0.35,1983049.00,5.36,106.74,0.00,339828.00,-26.95,25.35,2.69,2.77,2.39,19.41,27.36,19.79,26946382640.74,2.96,19.23,13.71,111.50,117.04,117.84,115.90,124.60,155.53,180.00,130.00,160.00,5.66,1.35,1.45,9204158768.00,2341514241.00,2285833882.00
[object Object],DLTR,"Dollar Tree, Inc.",NASDAQ,131.91,stock,common,100.00,1.00,false,0.00,USD,0.15,1250191.00,0.43,24750313448.87,USD,16.11,8.19,0.00,0.00,Retail trade,america,Retail Trade,Neutral,Neutral,0.15,-1.51,1.87,14.84,15.86,7.51,21.13,46.32,60.10,11186.39,6.06,3.44,Buy,Buy,StrongBuy,Strong buy,Sell,Sell,55.16,0.07,-0.19,85.02,63.08,56.04,doji_star_bearish,0.00,0.00,0.00,0.00,0.09,1250191.00,-42.16,131.91,0.00,290122.00,8.81,16.11,0.00,1.25,7.23,8.08,12.73,23.80,31363013448.87,1.56,14.82,11.17,130.88,129.01,126.81,114.38,116.84,136.50,170.00,98.00,140.00,7.81,1.15,0.96,20676321279.00,4860972016.00,5040715025.00
[object Object],PPG,"PPG Industries, Inc.",NYSE,111.31,stock,common,100.00,1.00,false,0.00,USD,1.47,1490693.00,1.25,24744212650.95,USD,15.98,6.96,23.48,2.62,Process industries,america,Process Industries,Buy,Buy,1.47,-2.73,-1.06,-1.32,1.29,8.04,1.89,-29.55,4.99,8057.03,2.12,2.12,Sell,Sell,StrongSell,Strong sell,Neutral,Neutral,43.09,-2.61,-2.33,-115.21,18.07,23.78,inverted_hammer_bullish,0.00,0.00,0.00,0.00,0.83,1490693.00,3.43,111.31,0.00,318126.00,-1.41,15.98,0.67,1.50,2.93,11.52,17.71,15.64,30756212650.95,1.87,14.17,11.24,112.82,114.43,116.19,113.59,111.22,126.95,138.00,115.00,125.50,7.91,2.25,2.14,16779923766.00,4365175209.00,4274385014.00
[object Object],Q,"Qnity Electronics, Inc.",NYSE,117.69,stock,common,100.00,1.00,false,0.00,USD,1.90,2101503.00,1.06,24621752837.61,USD,42.14,2.79,-26.24,0.26,Electronic technology,america,Electronic Technology,StrongBuy,Strong buy,1.90,-7.42,-8.67,-22.28,5.02,44.07,66.94,66.94,66.94,66.94,3.81,4.21,Sell,Sell,StrongSell,Strong sell,Buy,Buy,35.44,-8.35,-12.04,-132.98,7.44,6.06,0.00,116.00,0.44,-0.38,677.00,0.94,2101503.00,-24.80,116.50,-1.01,320283.00,0.00,42.14,0.00,4.66,3.39,21.16,29.99,25.74,28474752837.61,5.47,25.18,18.78,124.07,131.41,137.34,143.30,121.32,179.88,189.00,170.00,180.00,4.55,1.07,1.19,5607568625.00,1364556333.00,1486704286.00
[object Object],GPN,Global Payments Inc.,NYSE,92.81,stock,common,100.00,1.00,false,0.00,USD,3.05,1968217.00,0.72,24559230966.90,USD,29.12,3.19,-44.26,1.11,Finance,america,Finance,Buy,Buy,3.05,-0.91,8.23,34.02,20.17,19.60,5.56,-42.87,21.85,2374.93,2.66,3.25,Buy,Buy,StrongBuy,Strong buy,Neutral,Neutral,60.16,1.07,3.90,33.85,42.93,52.19,0.00,90.02,-0.04,-0.04,100.00,0.26,1968217.00,2.45,92.81,0.00,491245.00,12.92,29.12,0.00,2.39,1.07,15.12,30.47,4.40,43280369966.90,4.25,20.64,9.40,92.53,89.05,83.66,76.49,75.48,103.22,194.00,70.00,95.00,13.65,3.44,3.59,12356720577.00,3163650887.00,3182044308.00
[object Object],TPR,"Tapestry, Inc.",NYSE,123.14,stock,common,100.00,1.00,false,0.00,USD,0.82,2927699.00,0.82,24553091088.86,USD,16.91,7.28,1049.79,1.31,Retail trade,america,Retail Trade,Buy,Buy,0.82,-5.55,-20.55,-11.45,-15.85,-4.71,22.94,203.45,223.20,4825.60,2.98,3.05,Sell,Sell,StrongSell,Strong sell,Buy,Buy,33.01,-8.58,-17.20,-72.00,11.50,7.50,0.00,0.00,0.00,0.00,0.00,0.61,2927699.00,-2.75,123.14,0.00,525899.00,13.84,16.91,0.02,3.16,35.66,12.89,14.07,22.14,27354091088.86,3.42,14.25,12.82,126.99,140.99,141.79,142.16,138.14,172.61,232.00,140.00,169.50,7.98,1.28,1.56,8559742918.00,1873166798.00,1846630875.00
[object Object],VRSK,"Verisk Analytics, Inc.",NASDAQ,188.16,stock,common,100.00,1.00,false,0.00,USD,-3.18,1014404.00,0.93,24490157702.97,USD,28.91,6.51,0.38,0.98,Technology services,america,Technology Services,Buy,Buy,-3.18,0.66,-4.46,2.79,-10.92,-15.22,-29.87,-7.57,125.96,596.89,2.56,3.24,Sell,Sell,StrongSell,Strong sell,Neutral,Neutral,48.67,1.71,-0.31,49.14,78.56,81.36,0.00,0.00,0.00,0.00,0.00,-0.59,1014404.00,3.09,188.39,0.12,147393.00,-31.68,28.91,79.03,8.11,0.00,16.38,19.91,44.59,28555057702.97,9.11,20.32,16.49,190.02,190.98,190.18,182.87,194.87,240.24,275.00,195.00,235.00,7.71,1.93,1.93,3219582699.00,804019081.00,806282494.00
[object Object],JBHT,"J.B. Hunt Transport Services, Inc.",NASDAQ,260.22,stock,common,100.00,1.00,false,0.00,USD,1.46,831423.00,1.16,24438546702.19,USD,36.89,7.05,28.18,0.70,Transportation,america,Transportation,Buy,Buy,1.46,-0.72,-4.31,-8.01,17.97,33.83,82.02,44.53,227.03,16779.05,2.94,3.08,Sell,Sell,StrongSell,Strong sell,Neutral,Neutral,41.70,-12.20,-13.36,-99.35,16.29,17.38,0.00,0.00,0.00,0.00,0.00,0.00,831423.00,18.60,260.22,0.00,114269.00,72.50,36.89,1.29,1.92,6.68,15.49,22.47,5936.17,25579721702.19,2.01,26.54,15.21,264.22,271.50,276.40,268.00,236.32,311.33,370.00,200.00,320.00,7.84,1.74,2.14,13688700082.00,3262962370.00,3541948310.00
[object Object],AKRBP,Aker BP ASA,OSL,360.30,stock,common,10.00,1.00,false,0.00,NOK,-0.11,804814.00,0.99,24438429164.86,USD,16.60,2.19,66.91,6.98,Energy minerals,norway,Energy Minerals,Neutral,Neutral,-0.11,5.04,10.32,3.24,18.52,40.69,40.74,60.20,212.22,481.90,1.62,1.87,StrongBuy,Strong buy,StrongBuy,Strong buy,Neutral,Neutral,67.13,8.40,14.01,149.85,88.35,80.98,0.00,0.00,0.00,0.00,0.00,1.25,804814.00,-17.57,360.30,0.00,436275.00,41.17,16.60,0.25,2.00,1.97,2.79,22.96,8.24,31798030754.14,2.77,4.12,3.10,353.55,343.29,331.28,336.13,308.91,34.21,41.12,21.09,34.07,3.07,0.94,0.73,11620570285.27,3651407909.00,2996090020.00
[object Object],SMCI,"Super Micro Computer, Inc.",NASDAQ,37.00,stock,common,100.00,1.00,false,0.00,USD,0.79,32974690.00,0.90,24307718937.24,USD,11.25,3.29,98.10,0.00,Electronic technology,america,Electronic Technology,Neutral,Neutral,0.79,-2.70,32.14,-18.20,17.68,23.50,-7.56,885.62,1601.93,4080.79,5.08,6.21,Buy,Buy,StrongBuy,Strong buy,Neutral,Neutral,56.28,0.42,4.36,19.74,38.83,44.72,0.00,37.61,2.45,0.79,622785.00,2.56,32974690.00,22.75,36.75,-0.67,2296806.00,-0.48,11.25,0.11,0.66,2.37,0.00,0.00,3.44,30202443937.24,0.77,10.90,10.56,37.13,33.86,31.44,32.33,31.33,41.33,60.00,15.00,42.00,4.34,0.92,1.04,67129640450.00,11599418007.00,14941898912.00
[object Object],EXPD,"Expeditors International of Washington, Inc.",NYSE,186.16,stock,common,100.00,1.00,false,0.00,USD,-0.82,715795.00,0.95,24199055492.36,USD,27.09,6.87,12.14,0.84,Transportation,america,Transportation,Neutral,Neutral,-0.82,-1.74,10.05,15.73,29.25,24.82,55.94,50.69,265.45,108210.64,1.60,2.41,Buy,Buy,StrongBuy,Strong buy,Sell,Sell,55.93,-0.28,7.90,19.21,46.44,69.00,0.00,0.00,0.00,0.00,0.00,-0.17,715795.00,-10.23,186.16,0.00,129176.00,48.76,27.09,2.25,2.05,11.42,25.15,26.47,23.71,23737263492.36,1.97,19.92,19.04,188.65,181.70,177.22,166.27,158.24,181.00,220.00,100.00,184.00,7.70,1.69,2.11,13060723356.00,2909348116.00,3455814988.00
[object Object],VER,VERBUND AG Class A,VIE,59.15,stock,common,100.00,5.00,false,0.00,EUR,-1.33,124011.00,0.88,24143111774.79,USD,17.06,3.96,-31.85,5.25,Utilities,austria,Utilities,Sell,Sell,-1.33,1.11,0.25,1.98,-4.90,-4.60,-2.71,-37.27,324.01,327.16,2.06,1.75,Buy,Buy,StrongBuy,Strong buy,Sell,Sell,55.39,1.65,0.95,108.82,78.99,83.73,engulfing_bearish,0.00,0.00,0.00,0.00,0.25,124011.00,-25.78,59.15,0.00,78436.00,-0.75,17.06,0.00,2.75,2.13,14.12,0.00,229.86,28844206819.79,3.34,14.10,10.47,58.91,58.25,57.86,58.97,60.87,66.29,74.59,63.24,64.29,3.43,0.97,1.01,8207691450.74,0.00,0.00
[object Object],ALFA,Alfa Laval AB,OMXSTO,553.80,stock,common,10.00,2.00,false,0.00,SEK,-1.77,602272.00,1.46,24142257824.77,USD,27.93,2.04,2.11,1.60,Producer manufacturing,sweden,Producer Manufacturing,Buy,Buy,-1.77,-3.65,-2.09,2.86,5.53,18.97,28.46,54.35,314.52,2195.54,1.68,1.55,Sell,Sell,StrongSell,Strong sell,Sell,Sell,42.09,5.80,7.18,-79.92,48.30,65.62,0.00,0.00,0.00,0.00,0.00,-0.50,602272.00,9.30,0.00,0.00,0.00,32.85,27.93,13.51,3.31,5.04,26.08,38.88,45.99,25847099424.77,3.57,19.67,16.18,567.40,564.79,565.59,554.53,524.13,63.34,72.86,45.94,65.47,2.39,0.57,0.59,7981591428.32,1839889621.61,1933093873.79
[object Object],RBI,Raiffeisen Bank International AG,VIE,64.25,stock,common,100.00,5.00,false,0.00,EUR,1.34,316939.00,1.14,24132464152.12,USD,8.95,8.20,0.00,2.52,Finance,austria,Finance,Buy,Buy,1.34,2.80,6.20,31.12,63.15,67.67,122.32,205.95,398.06,72.03,2.58,2.46,Buy,Buy,StrongBuy,Strong buy,Neutral,Neutral,63.26,4.20,2.76,121.94,90.36,82.76,0.00,0.00,0.00,0.00,0.00,0.16,316939.00,39.27,64.25,0.00,227305.00,122.14,8.95,0.00,2.07,1.03,3.90,4.35,0.00,79391051452.12,5.01,0.00,0.00,62.48,61.20,58.77,53.27,45.90,65.35,92.66,41.47,72.97,7.97,1.92,2.36,10001689808.89,2284295863.54,2743345912.93
[object Object],GFS,GlobalFoundries Inc.,NASDAQ,43.97,stock,common,100.00,1.00,false,0.00,USD,0.09,3212472.00,0.86,24128583290.66,USD,34.32,1.28,0.00,0.27,Electronic technology,america,Electronic Technology,Buy,Buy,0.09,-3.80,-8.49,-46.23,-7.14,23.72,35.13,-6.45,-6.45,-6.45,3.17,4.53,Sell,Sell,StrongSell,Strong sell,Buy,Buy,32.24,-4.61,-5.91,-107.04,4.86,4.59,0.00,44.45,1.18,-0.32,63433.00,1.12,3212472.00,-21.00,43.86,-0.25,479721.00,31.48,34.32,0.00,3.52,2.04,12.76,30.71,10.37,23505583290.66,3.39,29.24,11.47,45.66,49.51,57.32,64.64,53.17,76.76,140.00,55.00,75.00,1.94,0.43,0.51,7303298350.00,1765269294.00,1886182556.00
[object Object],WST,"West Pharmaceutical Services, Inc.",NYSE,342.63,stock,common,100.00,1.00,false,0.00,USD,1.18,323128.00,0.66,24112847221.45,USD,43.80,7.82,17.18,0.26,Health technology,america,Health Technology,StrongBuy,Strong buy,1.18,-1.53,-0.32,7.12,42.17,24.48,38.83,-24.73,317.49,30784.96,2.05,2.05,Sell,Sell,Sell,Sell,Neutral,Neutral,45.71,-10.16,-5.83,-111.52,21.34,16.50,0.00,0.00,0.00,0.00,0.00,0.06,323128.00,-33.07,342.63,0.00,95789.00,35.98,43.80,2.52,7.26,8.07,36.89,55.92,56.06,23993547221.45,7.21,32.82,26.30,346.45,346.07,350.20,329.09,292.93,409.36,459.00,365.00,410.00,8.97,2.08,2.19,3374774254.00,839979158.00,825864109.00
[object Object],BRO,"Brown & Brown, Inc.",NYSE,72.04,stock,common,100.00,1.00,false,0.00,USD,-0.01,1715198.00,1.13,24105330747.34,USD,22.78,3.16,-8.81,0.92,Finance,america,Finance,Neutral,Neutral,-0.01,-1.10,0.90,27.50,-1.29,-9.69,-25.57,22.73,284.42,40421.99,2.04,2.30,Buy,Buy,StrongBuy,Strong buy,Neutral,Neutral,53.40,0.55,1.50,53.87,55.72,59.17,0.00,0.00,0.00,0.00,0.00,0.82,1715198.00,17.46,72.04,0.00,353431.00,-23.41,22.78,0.00,3.54,1.89,15.83,16.64,26.21,31278330747.34,4.61,15.62,12.48,72.67,71.40,69.61,64.84,69.53,76.69,90.00,60.00,77.00,4.49,1.08,1.09,6992594740.00,1714149067.00,1764822750.00
[object Object],INDU_C,Industrivarden AB Class C,OMXSTO,525.00,stock,common,10.00,2.00,false,0.00,SEK,-1.17,352741.00,1.07,23884063373.00,USD,3.61,14.95,379.35,1.65,Finance,sweden,Finance,Sell,Sell,-1.17,-2.38,-3.95,4.62,7.41,26.29,38.82,74.30,236.54,500.00,1.45,1.42,Sell,Sell,Sell,Sell,Sell,Sell,43.85,8.80,2.86,-46.76,51.72,64.87,falling_window_bearish,0.00,0.00,0.00,0.00,-0.23,352741.00,-5.42,0.00,0.00,0.00,45.34,3.61,0.01,24.14,1.01,24.58,24.58,57.71,24127523373.00,24.72,3.72,0.00,532.72,536.33,531.64,512.71,478.27,53.22,59.05,48.07,51.80,9.37,0.00,0.00,841146800.00,0.00,0.00
[object Object],PFG,"Principal Financial Group, Inc.",NASDAQ,111.31,stock,common,100.00,1.00,false,0.00,USD,1.78,1128476.00,1.17,23831988142.64,USD,15.80,7.05,41.88,2.92,Finance,america,Finance,Neutral,Neutral,1.78,-0.30,-2.47,9.22,21.56,26.04,39.91,68.12,126.15,442.98,2.08,1.85,Buy,Buy,Buy,Buy,Neutral,Neutral,47.91,-0.33,-1.25,-75.77,16.63,16.82,0.00,0.00,0.00,0.00,0.00,0.00,1128476.00,-9.29,111.31,0.00,537077.00,31.48,15.80,0.37,1.52,1.97,4.86,5.02,0.00,28919288142.64,1.84,0.00,0.00,111.14,112.52,111.76,107.06,98.53,110.64,125.00,92.00,112.00,9.61,2.34,2.52,16305809861.00,4137379648.00,4246400000.00
[object Object],TEF,Telefonica SA,BME,3.65,stock,common,1000.00,1.00,false,0.00,EUR,0.58,6032085.00,0.82,23781151410.98,USD,0.00,-0.67,-40.72,6.69,Communications,spain,Communications,Neutral,Neutral,0.58,-0.68,1.81,-6.76,2.21,4.34,-20.66,-13.59,-59.60,-83.25,1.63,1.54,Neutral,Neutral,Buy,Buy,Neutral,Neutral,51.08,-0.04,-0.02,-51.98,57.49,50.26,0.00,0.00,0.00,0.00,0.00,-0.03,6032085.00,-25.85,0.00,0.00,0.00,-20.69,0.00,-0.15,0.59,2.89,2.32,5.08,3.51,78294379540.98,1.99,40.16,7.59,3.64,3.65,3.62,3.75,3.67,4.56,5.68,3.59,4.54,0.38,0.13,0.14,39236300561.17,9409929023.04,9684906399.68
[object Object],HUBB,Hubbell Incorporated,NYSE,450.08,stock,common,100.00,1.00,false,0.00,USD,1.53,458193.00,1.04,23778882579.99,USD,26.65,16.89,9.66,1.28,Producer manufacturing,america,Producer Manufacturing,Buy,Buy,1.53,-3.45,-4.32,-6.19,-2.94,0.52,4.52,120.52,315.05,26253.72,2.46,2.64,Sell,Sell,StrongSell,Strong sell,Buy,Buy,36.60,-25.56,-27.10,-113.48,5.77,4.00,0.00,442.00,-0.30,-0.07,130.00,0.25,458193.00,6.69,450.08,0.00,77734.00,2.46,26.65,2.72,3.78,6.08,22.37,26.51,60.55,28951882579.99,4.65,22.29,18.83,461.95,483.87,487.74,495.01,485.21,572.10,630.00,537.00,575.00,20.46,5.39,5.75,6868997074.00,1661981960.00,1845833229.00
[object Object],FICO,Fair Isaac Corporation,NYSE,1099.45,stock,common,100.00,1.00,false,0.00,USD,-0.38,165505.00,0.70,23745521252.37,USD,31.77,34.61,35.37,0.00,Commercial services,america,Commercial Services,Buy,Buy,-0.38,-1.83,-1.09,-9.66,-25.09,-34.98,-26.95,132.87,762.52,80128.93,2.96,3.88,Sell,Sell,StrongSell,Strong sell,Neutral,Neutral,44.51,-62.14,-11.24,-12.14,48.75,64.35,0.00,1085.78,-1.62,-1.62,17.00,-1.50,165505.00,-34.57,1090.72,-0.79,27755.00,-34.01,31.77,0.90,10.47,0.00,24.92,26.58,100.47,29095087252.37,12.16,23.33,23.03,1142.06,1133.55,1172.23,1148.08,1311.83,1443.32,1750.00,696.00,1530.00,42.94,11.76,11.03,2544933806.00,679172263.00,666100768.00
[object Object],NXT,Next plc,LSE,15175.00,stock,common,1.00,5.00,false,0.00,GBX,-1.36,287327.00,1.14,23731928124.08,USD,20.36,10.20,23.13,1.59,Consumer non-durables,uk,Consumer Non-Durables,Buy,Buy,-1.36,-2.72,1.17,13.67,14.01,10.77,27.36,88.51,170.26,5921.83,3.97,2.20,Sell,Sell,Sell,Sell,Neutral,Neutral,48.43,190.00,163.98,-29.19,75.11,77.51,0.00,0.00,0.00,0.00,0.00,-0.36,287327.00,59.31,15175.00,0.00,128575.00,29.55,20.36,0.89,2.65,11.18,15.84,17.98,175.97,26196834454.08,2.77,14.93,11.88,15365.00,15247.17,15016.10,14186.35,13765.30,217.35,254.15,163.09,217.46,11.12,5.44,4.85,9939150121.32,4556710872.00,4395886863.12
[object Object],SW,Smurfit Westrock PLC,NYSE,45.36,stock,common,100.00,1.00,false,0.00,USD,-0.15,3678653.00,0.73,23718252463.54,USD,48.23,0.94,42.25,3.94,Process industries,america,Process Industries,StrongBuy,Strong buy,-0.15,-8.97,-2.99,6.15,3.26,16.79,-1.52,-13.63,-6.90,255.76,3.01,2.94,Sell,Sell,Sell,Sell,Sell,Sell,41.02,-3.35,-0.16,-186.53,3.94,15.19,long_upper_shadow_bearish,0.00,0.00,0.00,0.00,0.11,3678653.00,-55.07,45.36,0.00,921425.00,-3.12,48.23,1.14,0.76,1.32,7.10,22.71,35.24,37229252463.63,1.19,20.64,8.19,47.99,48.11,46.75,43.80,42.30,56.72,68.00,46.00,57.00,2.24,0.40,0.63,32246985744.00,7932594337.00,8289296381.00
[object Object],VLTO,Veralto Corporation,NYSE,97.21,stock,common,100.00,1.00,false,0.00,USD,0.16,1762875.00,1.09,23699152320.26,USD,24.50,3.97,11.10,0.52,Producer manufacturing,america,Producer Manufacturing,Buy,Buy,0.16,-1.61,2.36,12.77,4.74,-2.03,-8.00,25.84,25.84,25.84,1.89,1.91,Neutral,Neutral,Buy,Buy,Neutral,Neutral,51.24,-2.89,1.63,-43.80,32.85,42.65,long_upper_shadow_bearish,0.00,0.00,0.00,0.00,-0.02,1762875.00,-2.23,97.21,0.00,354678.00,-9.44,24.50,2.20,4.19,7.67,21.66,22.82,11.28,24960152320.26,4.38,19.27,17.98,98.48,97.12,94.76,90.58,93.44,113.79,136.00,100.00,112.50,4.38,1.01,1.09,5910324308.00,1454912600.00,1497820250.00
[object Object],BG,Bunge Global SA,NYSE,122.86,stock,common,100.00,1.00,false,0.00,USD,1.50,1764256.00,1.10,23603755920.81,USD,23.82,5.16,-48.49,2.35,Process industries,america,Process Industries,StrongBuy,Strong buy,1.50,10.88,15.89,-5.21,8.38,37.74,46.93,60.04,92.18,667.88,4.37,3.46,StrongBuy,Strong buy,StrongBuy,Strong buy,Neutral,Neutral,65.70,8.86,2.24,239.39,90.06,79.23,0.00,120.21,-0.68,-0.68,2851.00,-0.69,1764256.00,10.24,123.91,0.85,628300.00,42.76,23.82,0.00,0.26,1.48,22.28,0.00,28.71,41081755920.81,0.45,20.40,13.81,115.20,113.05,113.27,118.51,113.95,144.20,150.00,135.00,143.50,9.52,1.97,2.46,92506973884.00,22814120572.00,23204191928.00
[object Object],ULTA,Ulta Beauty Inc.,NASDAQ,551.74,stock,common,100.00,1.00,false,0.00,USD,1.11,597135.00,0.72,23591006988.00,USD,20.10,27.45,5.20,0.00,Retail trade,america,Retail Trade,Buy,Buy,1.11,3.09,6.24,15.29,-14.62,-8.97,12.31,42.57,123.68,1571.94,4.59,3.53,Buy,Buy,StrongBuy,Strong buy,Neutral,Neutral,59.82,23.89,17.54,113.83,86.55,73.73,0.00,544.02,-0.30,0.61,301.00,0.00,597135.00,-27.93,551.75,0.00,86563.00,-2.29,20.10,3.82,1.81,8.93,15.16,20.68,111.31,25901586988.00,2.00,15.87,13.26,534.79,524.29,502.53,505.06,555.88,636.36,731.00,450.00,647.50,28.98,6.22,5.61,13278392776.00,2988196506.00,2985947279.00
[object Object],CHD,"Church & Dwight Co., Inc.",NYSE,99.32,stock,common,100.00,1.00,false,0.00,USD,-0.11,1499860.00,0.87,23559091737.57,USD,31.96,3.11,46.59,1.22,Consumer non-durables,america,Consumer Non-Durables,Buy,Buy,-0.11,-3.20,-1.16,4.92,0.31,18.92,6.27,17.62,99.36,40124.37,1.93,2.09,Sell,Sell,Sell,Sell,Neutral,Neutral,46.54,0.31,0.85,-66.38,46.55,56.47,doji,0.00,0.00,0.00,0.00,-0.05,1499860.00,-26.19,99.32,0.00,558641.00,3.82,31.96,0.69,3.80,5.42,18.77,21.21,92.85,25732591737.57,4.13,23.65,19.63,100.63,100.48,99.27,97.40,94.77,107.12,115.00,86.00,110.00,3.78,0.90,0.90,6233626359.00,1502775746.00,1577349850.00
[object Object],NRG,"NRG Energy, Inc.",NYSE,111.09,stock,common,100.00,1.00,false,0.00,USD,1.44,2105613.00,0.77,23352282649.46,USD,29.38,3.78,59.99,1.70,Utilities,america,Utilities,Buy,Buy,1.44,-2.54,-17.53,-16.81,-30.04,-31.25,-21.92,143.99,818.10,1069.37,3.25,4.84,Sell,Sell,StrongSell,Strong sell,Neutral,Neutral,39.50,-9.49,-11.87,-112.11,9.58,8.47,0.00,109.01,-0.46,0.26,625.00,0.90,2105613.00,-3.46,111.00,-0.08,356300.00,-17.99,29.38,0.48,0.70,5.56,15.15,67.68,111.09,47257282649.46,1.43,26.11,13.51,112.62,121.47,128.65,135.34,147.17,194.40,270.00,160.00,190.00,8.89,1.69,3.16,35065847353.00,7311835033.00,9332507759.00
[object Object],TROW,"T. Rowe Price Group, Inc.",NASDAQ,109.38,stock,common,100.00,1.00,false,0.00,USD,0.37,1087037.00,0.86,23332486435.67,USD,10.97,9.97,11.48,4.72,Finance,america,Finance,Sell,Sell,0.37,-3.46,-2.12,4.13,20.64,6.74,3.24,-50.83,56.75,13492.85,1.91,1.88,Sell,Sell,Sell,Sell,Neutral,Neutral,38.67,-2.85,-2.90,-127.51,21.29,30.07,long_upper_shadow_bearish,0.00,0.00,0.00,0.00,0.29,1087037.00,-18.05,109.38,0.00,465288.00,0.19,10.97,0.95,3.07,2.12,7.60,8.30,7.24,21917986435.67,2.89,7.82,6.82,111.47,113.42,114.29,108.72,103.52,107.58,124.00,90.00,108.50,10.20,2.51,2.67,7756480471.00,1894552550.00,1982654664.00
[object Object],UNI,UNIPOL ASSICURAZIONI SPA,MIL,28.01,stock,common,100.00,1.00,false,0.00,EUR,-0.04,818891.00,0.66,23280986302.97,USD,11.39,2.81,51.57,4.00,Finance,italy,Finance,StrongBuy,Strong buy,-0.04,-1.79,0.65,35.18,43.38,36.17,56.96,460.20,1019.50,-52.00,1.83,2.27,Neutral,Neutral,Neutral,Neutral,Neutral,Neutral,51.42,-0.35,0.47,-81.92,44.23,48.72,0.00,0.00,0.00,0.00,0.00,-0.04,818891.00,-34.59,0.00,0.00,0.00,61.50,11.39,0.22,1.32,1.75,4.76,5.60,0.00,27908472782.97,1.60,0.00,0.00,28.12,28.02,27.12,24.74,22.28,36.79,39.12,33.87,37.37,2.54,0.00,0.00,20748423856.00,10321938280.00,0.00
[object Object],KEY,KeyCorp,NYSE,21.80,stock,common,100.00,1.00,false,0.00,USD,2.78,10374936.00,1.06,23263401168.44,USD,12.68,1.72,0.00,3.87,Finance,america,Finance,Buy,Buy,2.78,-0.95,-3.37,3.37,10.10,5.67,14.98,9.05,73.02,1180.00,1.89,1.87,Sell,Sell,StrongSell,Strong sell,Neutral,Neutral,42.24,-0.30,-0.82,-84.06,10.57,8.80,0.00,21.29,0.38,0.38,224.00,0.61,10374936.00,-1.70,22.03,1.06,1543650.00,8.87,12.68,0.00,2.99,1.35,26.97,30.94,0.00,38711401168.44,3.50,0.00,0.00,21.81,22.43,22.76,22.26,21.37,25.14,28.00,22.00,25.00,1.83,0.42,0.46,8058738632.00,1970203195.00,2035003980.00
[object Object],PHM,"PulteGroup, Inc.",NYSE,123.70,stock,common,100.00,1.00,false,0.00,USD,0.46,1136924.00,0.92,23187879319.36,USD,12.64,9.79,-26.81,0.81,Consumer durables,america,Consumer Durables,Buy,Buy,0.46,-5.36,-4.23,4.30,-3.14,4.43,-4.77,125.44,478.04,76513.88,1.75,2.42,Sell,Sell,StrongSell,Strong sell,Neutral,Neutral,42.12,-6.98,-2.63,-189.19,5.14,12.13,0.00,0.00,0.00,0.00,0.00,0.69,1136924.00,-24.34,123.70,0.00,261454.00,-11.43,12.64,0.00,1.43,1.78,14.23,15.29,17.12,24238718319.36,1.48,9.49,9.09,127.56,129.20,129.24,124.75,125.13,140.62,166.00,100.00,145.00,10.17,2.36,2.67,16403331149.00,3942035239.00,4179702759.00
[object Object],EXE,Expand Energy Corporation,NASDAQ,99.32,stock,common,100.00,1.00,false,0.00,USD,-0.66,2027855.00,0.76,22992956616.31,USD,8.57,11.59,2897.49,2.30,Energy minerals,america,Energy Minerals,StrongBuy,Strong buy,-0.66,4.31,5.54,8.72,-7.99,-9.69,3.50,74.25,130.98,130.98,1.99,2.36,Buy,Buy,StrongBuy,Strong buy,Sell,Sell,63.83,3.29,4.43,145.45,88.81,85.72,tweezer_top_bearish,99.67,-0.31,0.02,1807.00,-0.19,2027855.00,-17.16,99.40,0.08,393204.00,-1.04,8.57,0.00,1.89,1.20,4.19,9.56,17.33,25354956616.31,2.01,9.35,4.49,97.33,94.84,92.44,93.52,101.27,125.19,160.00,93.00,123.50,9.10,1.13,1.43,13462793848.00,3047952332.00,2966329821.00
[object Object],IHG,InterContinental Hotels Group PLC,LSE,160.80,stock,common,100.00,5.00,false,0.00,USD,3.14,520108.00,1.14,22964247990.00,USD,34.17,4.71,-0.31,1.22,Consumer services,uk,Consumer Services,Neutral,Neutral,3.14,-2.13,-1.65,0.66,21.22,14.86,34.59,155.87,235.49,1808.45,2.18,2.36,Buy,Buy,StrongBuy,Strong buy,Buy,Buy,50.84,1.10,2.58,7.76,50.20,63.98,0.00,0.00,0.00,0.00,0.00,1.03,520108.00,48.76,160.80,0.00,113595.00,27.11,34.17,0.00,4.42,0.00,25.82,26.58,29.24,26678247990.01,5.01,21.24,19.14,161.30,159.36,161.61,157.39,146.82,166.31,195.00,133.00,172.50,5.76,2.65,2.99,5546189543.00,2702650000.00,2930000000.00
[object Object],EMSN,EMS-CHEMIE HOLDING AG,SIX,792.00,stock,common,10.00,5.00,false,0.00,CHF,-0.31,9932.00,0.70,22888165839.24,USD,39.05,25.09,2.71,2.32,Process industries,switzerland,Process Industries,Neutral,Neutral,-0.31,2.46,-3.18,11.71,27.02,43.48,30.05,-19.59,49.58,670.80,1.85,1.60,Buy,Buy,StrongBuy,Strong buy,Sell,Sell,55.49,13.50,-6.70,3.55,77.11,64.93,spinning_top_white,0.00,0.00,0.00,0.00,-0.44,9932.00,-35.20,792.00,0.00,6322.00,32.09,39.05,14.46,9.58,8.83,31.86,33.38,21.87,21888424510.04,9.12,30.51,27.91,780.05,796.32,766.95,724.15,658.78,901.19,1055.48,773.20,920.48,27.06,13.36,0.00,2487425249.21,1220399150.00,1142278580.00
[object Object],NN,NN Group N.V.,EURONEXT,78.32,stock,common,100.00,2.00,false,0.00,EUR,0.28,533472.00,1.10,22801502039.45,USD,11.55,7.74,44.63,5.19,Finance,netherlands,Finance,Buy,Buy,0.28,0.93,-3.69,9.39,17.42,19.03,33.88,77.88,192.51,272.95,1.21,1.36,Buy,Buy,StrongBuy,Strong buy,Buy,Buy,52.27,1.20,-1.08,6.05,71.78,66.50,spinning_top_white,0.00,0.00,0.00,0.00,-0.08,533472.00,14.45,78.32,0.00,315141.00,32.25,11.55,0.26,0.86,1.07,0.00,0.00,0.00,40153417149.45,1.49,0.00,0.00,77.27,78.87,78.12,76.01,71.15,93.35,113.28,72.03,89.46,9.89,4.21,4.42,17403654278.00,9093081720.00,7178863670.00
[object Object],SGSN,SGS SA,SIX,92.42,stock,common,100.00,2.00,false,0.00,CHF,-0.28,234174.00,0.82,22697151230.22,USD,27.23,4.20,2.64,3.45,Commercial services,switzerland,Commercial Services,Buy,Buy,-0.28,-1.07,-3.89,5.33,-1.16,1.99,14.10,-20.36,4.50,371.53,1.07,1.12,Sell,Sell,Sell,Sell,Sell,Sell,39.36,-0.78,-1.89,-86.89,23.01,24.01,0.00,0.00,0.00,0.00,0.00,-0.84,234174.00,-24.00,92.42,0.00,130361.00,18.63,27.23,10.33,2.52,18.14,14.43,18.21,13.93,27663365630.22,3.10,20.71,14.15,93.03,94.72,94.62,91.07,91.11,127.43,148.45,103.54,130.99,5.20,2.16,2.96,9604731806.10,4530313807.25,5017641570.10
[object Object],CCH,Coca-Cola HBC AG,LSE,4580.00,stock,common,1.00,2.00,false,0.00,GBX,-0.30,543051.00,0.57,22625493987.75,USD,19.29,3.15,12.70,2.26,Consumer non-durables,uk,Consumer Non-Durables,Buy,Buy,-0.30,-0.69,-8.58,9.36,0.57,18.96,23.45,74.68,175.41,161.71,1.44,2.00,Sell,Sell,Sell,Sell,Neutral,Neutral,43.73,34.00,-170.10,-44.96,69.22,59.80,0.00,0.00,0.00,0.00,0.00,-0.30,543051.00,-43.98,4580.00,0.00,346392.00,23.62,19.29,1.52,1.58,4.72,12.11,25.91,4.03,24321815661.82,1.73,15.09,11.40,4569.40,4745.97,4825.44,4579.93,4349.67,69.87,76.66,51.93,72.98,3.38,1.64,1.68,14456918319.72,7038674297.93,7284899802.07
[object Object],EDP,EDP S.A.,EURONEXT,4.67,stock,common,1000.00,1.00,false,0.00,EUR,-1.12,9244727.00,1.54,22612600490.38,USD,16.49,0.32,57.72,4.34,Utilities,portugal,Utilities,Buy,Buy,-1.12,-0.49,4.69,4.64,8.79,19.06,22.78,-2.10,54.74,103.80,1.71,1.43,Buy,Buy,StrongBuy,Strong buy,Buy,Buy,56.22,0.07,0.13,68.36,65.75,74.35,0.00,0.00,0.00,0.00,0.00,-0.11,9244727.00,10.75,4.67,0.00,5100155.00,26.68,16.49,0.29,1.22,1.68,6.99,0.00,5.96,52365389958.39,2.85,17.39,9.68,4.67,4.57,4.56,4.50,4.34,6.08,6.95,5.21,6.08,0.38,0.09,0.08,18567537024.94,4313477250.76,4595487654.42
[object Object],DOW,"Dow, Inc.",NYSE,31.28,stock,common,100.00,1.00,false,0.00,USD,2.69,7906600.00,0.92,22594816361.75,USD,0.00,-1.82,-30.14,4.60,Process industries,america,Process Industries,Buy,Buy,2.69,4.23,3.61,-10.53,-10.63,32.82,29.10,-50.16,-40.70,-40.70,2.93,3.15,Buy,Buy,Buy,Buy,Neutral,Neutral,53.90,-0.47,-0.01,10.67,27.88,23.27,0.00,30.50,0.13,-0.69,14693.00,-0.66,7906600.00,2.96,31.26,-0.06,1811198.00,27.16,0.00,-0.55,0.53,1.42,5.87,14.18,4.99,38982816361.75,0.94,25.95,9.11,31.03,30.57,29.98,33.26,31.40,35.24,42.00,29.00,35.00,2.48,1.28,0.74,43721078370.00,12032435552.00,11255009313.00
[object Object],TRN,Terna S.p.A.,MIL,9.51,stock,common,1000.00,2.00,false,0.00,EUR,-1.49,3255861.00,1.08,22476383382.60,USD,17.11,0.63,0.93,4.10,Utilities,italy,Utilities,Neutral,Neutral,-1.49,-3.94,-4.61,-3.04,-3.65,5.20,12.25,40.89,105.84,423.97,1.77,1.36,StrongSell,Strong sell,StrongSell,Strong sell,Sell,Sell,31.46,-0.23,-0.26,-208.98,16.44,26.28,0.00,0.00,0.00,0.00,0.00,0.27,3255861.00,-0.84,0.00,0.00,0.00,15.87,17.11,18.76,4.65,3.21,6.52,0.00,8.41,40053876866.60,8.42,19.86,12.65,9.76,9.93,10.05,10.05,9.75,11.46,12.94,10.05,11.56,0.64,0.00,0.00,5178114945.49,2338938880.00,0.00
[object Object],STE,STERIS plc,NYSE,230.35,stock,common,100.00,1.00,false,0.00,USD,0.30,467746.00,0.80,22459149006.95,USD,28.16,8.18,24.05,1.10,Health technology,america,Health Technology,Buy,Buy,0.30,-1.84,-0.22,7.32,-2.58,-9.11,-5.46,5.60,226.04,12608.97,2.29,2.36,Sell,Sell,Sell,Sell,Sell,Sell,48.59,-6.56,2.74,-96.45,22.80,26.41,spinning_top_white,0.00,0.00,0.00,0.00,-0.18,467746.00,-16.25,230.35,0.00,126015.00,-6.07,28.16,1.17,3.72,3.12,17.50,24.36,46.76,24035849006.95,3.98,20.30,14.35,234.41,232.05,224.65,219.19,233.20,265.86,280.00,232.00,270.00,11.21,2.49,2.68,6375401112.00,1494865741.00,1561236825.00
[object Object],OMC,Omnicom Group Inc,NYSE,81.76,stock,common,100.00,1.00,false,0.00,USD,-5.03,4838643.00,2.57,22430526189.71,USD,70.08,1.17,-83.26,3.60,Commercial services,america,Commercial Services,Buy,Buy,-5.03,-6.99,2.58,8.61,-3.36,1.25,6.09,10.80,-5.21,7304.64,3.06,2.70,Sell,Sell,Sell,Sell,Sell,Sell,40.45,-5.67,2.83,-151.63,31.73,52.28,0.00,0.00,0.00,0.00,0.00,-0.22,4838643.00,211.52,81.76,0.00,721464.00,58.48,70.08,0.00,1.08,2.56,8.90,9.62,6.89,31434726189.71,1.41,9.83,8.52,87.12,84.67,82.30,78.86,77.92,99.62,139.00,77.00,100.00,10.42,2.67,2.58,25888850157.00,6442346803.00,6244289255.00
[object Object],AMUN,Amundi SA,EURONEXT,94.50,stock,common,100.00,5.00,false,0.00,EUR,0.80,204496.00,1.21,22359061547.09,USD,14.23,7.58,-18.98,4.53,Finance,france,Finance,Buy,Buy,0.80,-0.53,-0.58,12.97,24.34,33.66,50.00,17.32,117.07,116.20,1.67,1.37,Buy,Buy,StrongBuy,Strong buy,Neutral,Neutral,54.98,-0.30,0.86,-87.99,37.76,41.06,0.00,0.00,0.00,0.00,0.00,-0.59,204496.00,-37.77,94.50,0.00,83686.00,52.42,14.23,0.00,2.65,1.53,7.47,7.79,6.94,21840363434.55,2.69,11.67,10.94,94.38,94.02,91.22,86.97,80.17,109.50,122.35,90.89,111.86,8.87,0.00,0.00,4235277759.44,0.00,0.00
[object Object],SRG,Snam S.p.A.,MIL,5.66,stock,common,1000.00,2.00,false,0.00,EUR,-1.46,5253089.00,1.11,22317226913.22,USD,16.58,0.39,-18.07,5.26,Utilities,italy,Utilities,Neutral,Neutral,-1.46,-3.48,-3.31,-8.62,-12.92,0.46,9.90,13.70,35.99,183.83,1.78,1.47,StrongSell,Strong sell,StrongSell,Strong sell,Sell,Sell,33.75,-0.10,-0.15,-230.93,33.83,42.64,0.00,0.00,0.00,0.00,0.00,0.28,5253089.00,16.20,5.66,0.00,2518.00,12.72,16.58,0.00,4.87,2.30,5.59,16.91,6.46,45395540623.22,10.04,21.78,13.17,5.79,5.87,6.01,6.22,6.13,7.48,8.52,6.31,7.47,0.50,0.00,0.00,4743581108.47,2283739313.71,0.00
[object Object],L,Loews Corporation,NYSE,108.94,stock,common,100.00,1.00,false,0.00,USD,0.21,886831.00,1.35,22270355533.00,USD,13.34,8.16,29.80,0.23,Finance,america,Finance,NoRating,No rating,0.21,-2.01,-6.22,3.08,-0.20,3.75,12.76,95.76,159.81,55086.60,1.25,1.54,Sell,Sell,StrongSell,Strong sell,Neutral,Neutral,34.26,-2.25,-4.36,-98.37,9.93,10.38,0.00,0.00,0.00,0.00,0.00,0.68,886831.00,-9.99,108.94,0.00,155198.00,11.35,13.34,0.45,1.20,1.16,6.29,8.13,0.00,32123355533.00,1.72,0.00,0.00,109.92,113.44,113.83,110.87,108.77,0.00,0.00,0.00,0.00,0.00,0.00,0.00,21903000000.00,0.00,0.00
[object Object],IFF,International Flavors & Fragrances Inc.,NYSE,86.94,stock,common,100.00,1.00,false,0.00,USD,1.35,1288817.00,0.92,22182737500.31,USD,80.66,1.08,0.00,1.87,Consumer non-durables,america,Consumer Non-Durables,Buy,Buy,1.35,-0.56,8.61,17.19,15.81,28.74,29.88,-42.44,-37.11,1204.11,1.96,2.42,Buy,Buy,StrongBuy,Strong buy,Sell,Sell,60.18,3.61,4.54,92.75,70.55,75.05,0.00,0.00,0.00,0.00,0.00,0.69,1288817.00,-13.74,86.94,0.00,332792.00,28.32,80.66,0.00,2.21,1.59,19.25,41.53,39.27,27889737500.31,2.80,26.66,14.45,86.16,83.12,81.06,77.78,74.44,95.69,105.00,76.00,96.00,3.43,1.07,0.80,7937498203.00,2620958580.00,1901065446.00
[object Object],FFIV,"F5, Inc.",NASDAQ,391.08,stock,common,100.00,1.00,false,0.00,USD,-1.17,359201.00,0.76,22145758407.68,USD,31.15,12.55,10.69,0.00,Technology services,america,Technology Services,Buy,Buy,-1.17,2.22,-3.15,-3.02,41.16,52.87,26.20,92.34,219.46,7530.83,3.70,3.18,Sell,Sell,Sell,Sell,Neutral,Neutral,46.79,8.45,-0.01,-49.60,45.89,49.54,0.00,398.00,0.58,0.58,100.00,0.72,359201.00,-24.76,390.78,-0.08,82487.00,27.17,31.15,2.95,6.88,5.76,21.45,23.21,14.02,20792356407.68,6.28,25.18,21.50,392.22,399.11,404.42,381.57,325.60,440.11,515.00,300.00,461.00,17.33,4.00,4.26,3383164575.00,834595474.00,884034506.00
[object Object],GEBN,Geberit AG,SIX,566.00,stock,common,10.00,2.00,false,0.00,CHF,0.00,53214.00,0.64,22079061306.18,USD,30.02,23.33,6.58,2.28,Industrial services,switzerland,Industrial Services,Neutral,Neutral,0.00,-2.68,5.79,11.29,-4.04,-9.03,-3.54,-26.24,32.52,912.52,1.49,1.67,Buy,Buy,StrongBuy,Strong buy,Sell,Sell,55.25,-0.20,23.53,0.19,63.91,69.86,0.00,0.00,0.00,0.00,0.00,-0.88,53214.00,-33.21,566.00,0.00,28944.00,-1.84,30.02,4.56,5.80,17.32,22.54,28.85,119.69,23722641786.18,5.98,20.74,17.65,575.82,552.91,542.84,531.25,567.14,728.03,870.75,580.09,736.02,24.38,0.00,0.00,4126732743.65,998339700.00,0.00
[object Object],DIM,Sartorius Stedim Biotech SA,EURONEXT,197.90,stock,common,10.00,1.00,false,0.00,EUR,1.33,93408.00,1.06,22034365224.88,USD,65.81,3.43,29.94,0.35,Health technology,france,Health Technology,StrongBuy,Strong buy,1.33,2.01,18.29,11.68,14.06,-5.49,11.40,-62.93,206.92,791500.00,2.95,2.88,StrongBuy,Strong buy,StrongBuy,Strong buy,Buy,Buy,64.65,15.00,15.29,91.27,82.24,86.09,spinning_top_white,0.00,0.00,0.00,0.00,0.31,93408.00,-22.38,197.90,0.00,52432.00,13.18,65.81,2.17,6.32,4.54,31.30,87.24,94.43,24594668177.88,7.17,38.56,24.42,194.96,181.54,181.12,175.59,182.56,271.87,303.71,241.11,277.05,5.90,1.44,1.37,3677542415.75,906420315.69,875908191.07
[object Object],HEIO,Heineken Holding N.V.,EURONEXT,68.10,stock,common,100.00,5.00,false,0.00,EUR,0.52,156051.00,1.05,21800315110.15,USD,16.06,4.84,26.48,2.83,Consumer non-durables,netherlands,Consumer Non-Durables,Buy,Buy,0.52,-0.15,-6.20,12.19,0.07,8.79,13.88,-13.36,-7.31,182.34,1.12,1.57,Sell,Sell,Sell,Sell,Neutral,Neutral,44.17,0.25,-2.52,-63.14,31.74,24.87,0.00,0.00,0.00,0.00,0.00,-0.30,156051.00,1.10,68.10,0.00,60162.00,11.55,16.06,0.60,0.63,1.93,3.23,4.73,6.60,56563264020.15,1.68,13.97,8.32,68.03,70.31,69.79,65.93,64.91,113.28,136.63,92.26,110.94,6.47,0.00,0.00,36439275167.27,0.00,0.00
[object Object],EFX,Equifax Inc.,NYSE,185.48,stock,common,100.00,1.00,false,0.00,USD,-0.39,690243.00,0.66,21791099159.36,USD,32.59,5.69,11.28,1.17,Commercial services,america,Commercial Services,Buy,Buy,-0.39,-2.23,5.86,6.09,-9.44,-14.34,-23.27,-32.54,40.65,12145.71,2.61,3.01,Sell,Sell,Sell,Sell,Sell,Sell,51.32,-6.62,7.93,-14.16,49.54,61.27,doji,186.19,-0.01,-0.01,500.00,-0.35,690243.00,-14.60,186.96,0.80,146738.00,-24.49,32.59,2.90,3.44,4.98,13.71,20.01,129.98,27227799159.36,4.22,22.80,14.04,190.77,183.15,177.05,173.65,188.02,209.95,245.00,179.00,210.00,8.56,2.20,2.22,6747944710.00,1696177855.00,1699300361.00
[object Object],FORTUM,Fortum Oyj,OMXHEX,21.05,stock,common,100.00,1.00,false,0.00,EUR,0.53,1543758.00,1.74,21779694462.39,USD,22.81,1.05,-12.20,3.53,Utilities,finland,Utilities,Sell,Sell,0.53,3.95,7.92,0.77,7.40,15.66,43.34,-19.41,48.14,363.66,2.25,2.01,Buy,Buy,StrongBuy,Strong buy,Neutral,Neutral,66.87,1.16,0.76,166.44,81.69,82.09,0.00,0.00,0.00,0.00,0.00,0.96,1543758.00,26.11,0.00,0.00,0.00,44.07,22.81,0.00,3.42,2.32,21.89,42.44,8.99,23919559202.39,3.82,21.48,16.16,20.41,19.98,19.95,20.40,19.96,21.05,25.44,16.88,20.70,1.19,0.14,0.13,6712924703.64,1143519409.92,1147644136.07
[object Object],FSLR,"First Solar, Inc.",NASDAQ,202.60,stock,common,100.00,1.00,false,0.00,USD,1.48,1728716.00,1.03,21773378301.72,USD,12.49,16.22,38.72,0.00,Electronic technology,america,Electronic Technology,Buy,Buy,1.48,-2.32,-7.06,-34.43,7.25,-23.79,6.55,113.33,435.70,726.94,3.09,4.80,Sell,Sell,StrongSell,Strong sell,Buy,Buy,38.89,-19.80,-13.15,-99.02,7.48,6.26,0.00,199.01,-0.32,0.10,4752.00,-0.15,1728716.00,2.16,202.63,0.01,289493.00,2.19,12.49,0.32,4.00,2.11,10.12,14.55,12.64,20240424301.72,3.76,10.76,8.24,206.81,217.51,220.76,229.84,231.07,280.47,402.00,150.00,281.00,17.42,2.90,4.62,5028954312.00,1062705887.00,1289576417.00
[object Object],GIS,"General Mills, Inc.",NYSE,40.58,stock,common,100.00,1.00,false,0.00,USD,-1.24,6584356.00,0.79,21695265864.52,USD,0.00,-0.19,-104.63,5.94,Consumer non-durables,america,Consumer Non-Durables,Neutral,Neutral,-1.24,2.47,11.42,23.64,-6.93,-12.69,-17.90,-29.68,-42.58,4454.08,2.73,2.66,Buy,Buy,StrongBuy,Strong buy,Neutral,Neutral,59.90,0.59,2.80,79.66,74.68,83.36,0.00,41.21,0.29,0.00,5920.00,0.32,6584356.00,-31.49,40.65,0.17,1298888.00,-16.70,0.00,0.00,1.20,2.94,10.05,13.39,47.98,35194065864.52,1.91,12.46,10.42,40.52,38.33,37.65,35.88,39.99,37.24,45.00,31.00,36.00,3.08,0.80,0.72,17811215221.00,4588572730.00,4336667231.00
[object Object],PGHN,Partners Group Holding AG,SIX,672.80,stock,common,10.00,2.00,false,0.00,CHF,-1.00,170968.00,1.38,21683317235.50,USD,14.69,56.66,-0.11,6.77,Finance,switzerland,Finance,Buy,Buy,-1.00,-7.71,-0.62,-2.46,-19.52,-33.39,-40.98,-58.93,47.62,741.53,2.40,2.22,StrongSell,Strong sell,StrongSell,Strong sell,Neutral,Neutral,36.00,-47.40,9.48,-263.55,26.67,53.37,0.00,0.00,0.00,0.00,0.00,-1.35,170968.00,-50.14,672.80,0.00,46631.00,-35.95,14.69,0.00,6.27,11.84,11.27,11.34,100.18,24947814915.50,7.22,13.00,12.44,719.98,711.19,697.40,760.73,846.86,1023.38,1447.25,835.09,966.88,53.11,26.88,27.14,2965600995.73,1407276218.26,1522503959.84
[object Object],FIS,"Fidelity National Information Services, Inc.",NYSE,41.87,stock,common,100.00,1.00,false,0.00,USD,2.55,6706749.00,1.25,21592608366.97,USD,6.43,6.51,2338.26,4.11,Technology services,america,Technology Services,Buy,Buy,2.55,4.23,-8.30,-0.21,-16.43,-37.04,-40.00,-67.71,-47.27,219.17,2.48,3.52,Neutral,Neutral,Buy,Buy,Neutral,Neutral,51.19,1.21,-1.25,3.78,24.89,21.95,0.00,41.22,0.96,0.93,811.00,0.56,6706749.00,27.39,41.92,0.12,2350756.00,-40.99,6.43,0.00,1.73,1.35,7.01,7.38,28.15,42082608366.97,3.45,15.01,8.16,40.99,42.39,41.75,42.58,49.82,49.30,60.00,37.00,50.00,6.20,1.47,1.60,13660130610.00,3383997762.00,3433491262.00
[object Object],AMCR,Amcor PLC,NYSE,46.68,stock,common,100.00,1.00,false,0.00,USD,1.88,3134755.00,0.89,21582295853.80,USD,19.58,2.38,32.21,5.65,Process industries,america,Process Industries,Buy,Buy,1.88,-1.16,1.92,21.66,8.33,11.81,8.94,-26.89,-20.27,26.16,1.73,2.18,Buy,Buy,StrongBuy,Strong buy,Neutral,Neutral,52.90,-0.77,0.38,-36.63,31.96,33.79,0.00,46.09,0.59,0.04,6966.00,0.39,3134755.00,20.27,46.88,0.43,512819.00,9.14,19.58,0.60,0.91,1.83,9.63,16.85,19.45,35558295853.86,1.51,17.56,10.23,47.03,46.45,45.20,42.22,42.72,49.48,56.00,41.01,49.39,0.00,1.19,0.00,0.00,6054068965.00,0.00
[object Object],VACN,VAT Group AG,SIX,607.40,stock,common,10.00,2.00,false,0.00,CHF,4.04,61787.00,1.10,21566006705.84,USD,87.85,8.55,-7.14,1.20,Producer manufacturing,switzerland,Producer Manufacturing,Buy,Buy,4.04,-0.43,-1.01,-1.52,15.92,51.47,126.64,56.55,714.21,1068.08,2.71,2.66,Sell,Sell,Sell,Sell,Neutral,Neutral,45.29,-1.00,-24.34,-77.65,15.43,12.38,0.00,0.00,0.00,0.00,0.00,0.00,61787.00,-1.37,607.40,0.00,28777.00,126.54,87.85,0.00,17.06,26.57,68.53,77.98,158.12,21912804157.84,17.24,70.04,58.11,603.14,617.90,643.70,626.90,542.74,896.47,1046.94,746.41,917.62,13.48,4.01,7.34,1681772960.62,630364521.49,984181878.95
[object Object],LYB,LyondellBasell Industries NV,NYSE,66.57,stock,common,100.00,1.00,false,0.00,USD,2.15,3052490.00,0.94,21504634618.98,USD,0.00,-1.12,-247.11,5.28,Process industries,america,Process Industries,Buy,Buy,2.15,7.53,7.22,0.42,-0.98,52.75,19.76,-32.04,-15.60,199.19,3.20,3.14,StrongBuy,Strong buy,StrongBuy,Strong buy,Neutral,Neutral,60.64,0.51,1.95,81.50,53.94,43.83,0.00,65.43,0.40,-0.05,2006.00,-0.83,3052490.00,-0.01,66.57,0.00,693251.00,17.21,0.00,0.00,0.67,2.02,7.23,13.63,8.14,33207634618.98,1.06,13.62,8.60,64.95,62.83,60.32,64.85,60.29,68.67,88.00,56.00,67.00,9.38,3.44,2.80,33202336283.00,9206369089.00,8937274433.00
[object Object],MTX,MTU Aero Engines AG,XETR,342.80,stock,common,10.00,1.00,false,0.00,EUR,-0.35,114051.00,0.99,21481242092.82,USD,20.02,19.55,10.74,1.05,Electronic technology,germany,Electronic Technology,Buy,Buy,-0.35,-2.81,-6.85,16.32,-2.09,-3.82,-11.70,74.41,277.62,1466.01,2.21,2.34,Sell,Sell,StrongSell,Strong sell,Neutral,Neutral,37.04,-23.10,-7.56,-140.84,5.98,11.53,0.00,0.00,0.00,0.00,0.00,-0.81,114051.00,-25.80,343.30,0.15,75951.00,-7.98,20.02,1.87,2.05,4.06,18.53,33.14,14.54,23009054512.82,2.18,16.57,12.62,354.43,362.62,360.42,333.46,345.47,477.33,618.93,373.69,484.63,22.00,0.00,0.00,11386862468.82,0.00,0.00
[object Object],CMS,CMS Energy Corporation,NYSE,68.06,stock,common,100.00,1.00,false,0.00,USD,0.15,2792681.00,0.94,21342058358.37,USD,20.45,3.33,-1.79,3.31,Utilities,america,Utilities,Buy,Buy,0.15,-1.13,-5.89,-2.06,-10.82,-2.65,-4.65,4.47,62.24,56.91,1.37,1.63,Sell,Sell,StrongSell,Strong sell,Neutral,Neutral,33.29,-2.55,-3.02,-108.11,12.77,10.61,0.00,0.00,0.00,0.00,0.00,-0.31,2792681.00,1.56,68.06,0.00,799295.00,0.05,20.45,0.00,2.40,2.23,9.85,0.00,61.31,41147058358.37,4.67,24.64,13.62,68.51,70.73,72.69,73.43,73.59,80.64,87.00,76.00,81.00,3.87,0.36,1.12,9004843267.00,1874571112.00,2166122668.00
[object Object],LGEN,Legal & General Group Plc,LSE,287.40,stock,common,10.00,1.00,false,0.00,GBX,-1.00,22774562.00,0.72,21268199904.72,USD,25.46,0.15,190.23,7.55,Finance,uk,Finance,Sell,Sell,-1.00,-1.07,-4.45,7.12,10.67,9.82,17.50,5.31,35.44,480.88,1.87,1.95,Sell,Sell,Sell,Sell,Sell,Sell,40.89,-13.50,-7.17,-83.35,32.35,33.04,0.00,0.00,0.00,0.00,0.00,-0.10,22774562.00,-3.40,287.40,0.00,8011271.00,19.27,25.46,0.14,0.23,7.29,7.67,8.40,0.00,57864106504.72,0.59,0.00,0.00,289.92,298.32,295.38,280.71,268.36,3.65,5.19,2.58,3.58,0.35,0.16,0.16,21512089600.00,0.00,0.00
[object Object],EIX,Edison International,NYSE,55.19,stock,common,100.00,1.00,false,0.00,USD,-6.14,12340019.00,1.60,21237882443.95,USD,5.69,9.71,42.64,5.88,Utilities,america,Utilities,Neutral,Neutral,-6.14,-24.91,-25.20,-22.66,-22.07,-8.58,-0.58,-5.64,-24.04,519.68,7.85,4.23,Sell,Sell,StrongSell,Strong sell,Sell,Sell,29.24,-18.25,-9.91,-209.10,14.08,23.19,0.00,57.00,-3.06,-0.05,63193.00,-3.44,12340019.00,-49.85,55.15,-0.07,2082585.00,5.39,5.69,0.14,1.17,1.22,3.34,0.00,88.26,66182882443.95,3.41,11.40,7.24,68.13,71.46,73.27,71.92,68.50,68.31,86.00,50.00,68.00,6.13,1.18,2.01,19099024887.00,4819875678.00,5592641825.00
[object Object],KRX,Kingspan Group PLC,EURONEXT,100.60,stock,common,10.00,1.00,false,0.00,EUR,-0.69,330880.00,1.05,21187020052.69,USD,26.77,4.29,1.91,0.54,Non-energy minerals,ireland,Non-Energy Minerals,Buy,Buy,-0.69,-1.18,23.74,22.61,26.46,35.76,50.94,4.99,301.60,3710.61,1.96,2.97,Buy,Buy,StrongBuy,Strong buy,Sell,Sell,61.93,-1.30,11.29,13.65,42.94,57.00,spinning_top_black,0.00,0.00,0.00,0.00,-0.49,330880.00,2.70,100.60,0.00,134897.00,53.82,26.77,14.14,1.92,3.80,18.11,28.85,30.66,23934995866.69,2.20,22.17,16.49,101.77,92.79,87.18,83.23,78.99,139.03,173.75,110.04,140.15,5.13,2.02,2.93,12019765458.87,5433037525.56,6243379372.55
[object Object],CF,"CF Industries Holdings, Inc.",NYSE,139.27,stock,common,100.00,1.00,false,0.00,USD,2.71,4444126.00,1.68,21076860852.59,USD,10.33,13.48,76.22,1.55,Process industries,america,Process Industries,Neutral,Neutral,2.71,10.49,13.23,20.36,24.35,79.75,60.84,209.56,433.40,4185.23,4.95,4.09,StrongBuy,Strong buy,StrongBuy,Strong buy,Neutral,Neutral,72.06,20.25,6.77,165.49,92.52,82.36,0.00,132.77,-2.09,0.66,10370.00,-1.50,4444126.00,15.86,140.50,0.88,814294.00,44.91,10.33,0.13,2.70,3.67,7.20,11.22,8.64,25381860852.59,3.28,7.91,6.20,129.39,123.40,119.93,118.86,107.55,124.21,195.72,98.00,123.00,15.17,5.63,3.05,8169157422.00,2449982679.00,1795970708.00
[object Object],CAP,Capgemini SE,EURONEXT,105.10,stock,common,100.00,5.00,false,0.00,EUR,-1.41,276961.00,0.60,20948527301.71,USD,13.35,8.99,-11.28,3.19,Technology services,france,Technology Services,Buy,Buy,-1.41,-2.95,1.15,6.61,-4.84,-25.88,-12.64,-45.15,18.29,355.31,2.71,2.95,Sell,Sell,Sell,Sell,Sell,Sell,48.69,-5.25,3.74,-159.10,26.27,43.04,spinning_top_black,0.00,0.00,0.00,0.00,-0.89,276961.00,-47.77,105.10,0.00,169851.00,-10.49,13.35,0.00,0.79,1.54,7.54,8.52,7.02,29750256971.71,1.11,9.70,7.56,108.59,105.79,99.75,100.34,111.59,161.67,236.47,124.03,156.49,14.43,6.79,8.48,28523545912.86,13723020369.44,14193710455.34
[object Object],BIRG,Bank of Ireland Group PLC,EURONEXT,19.45,stock,common,1000.00,5.00,false,0.00,EUR,1.25,2061697.00,1.26,20812018437.40,USD,14.38,1.55,13.90,3.64,Finance,ireland,Finance,Buy,Buy,1.25,1.62,5.76,13.08,26.30,19.33,52.37,269.07,173.94,173.94,1.91,1.99,StrongBuy,Strong buy,StrongBuy,Strong buy,Neutral,Neutral,63.30,0.86,0.42,193.58,72.94,54.80,0.00,0.00,0.00,0.00,0.00,0.05,2061697.00,18.24,19.45,0.00,888197.00,47.35,14.38,1.02,2.69,1.55,3.26,3.35,0.00,11947692507.40,1.25,0.00,0.00,19.06,18.77,18.32,17.72,16.96,23.87,26.55,18.55,24.14,1.93,0.80,1.07,5159644045.68,2398219026.67,2565563357.22
[object Object],PKG,Packaging Corporation of America,NYSE,233.54,stock,common,100.00,1.00,false,0.00,USD,1.93,666268.00,1.25,20808015865.88,USD,30.36,7.69,-23.22,2.29,Process industries,america,Process Industries,Buy,Buy,1.93,-5.79,-6.56,3.57,4.35,13.40,8.72,50.86,196.45,1846.17,2.76,2.19,Neutral,Neutral,Sell,Sell,Buy,Buy,37.22,-19.37,-9.57,-173.11,7.60,5.41,0.00,229.90,0.34,0.17,844.00,0.21,666268.00,-4.20,233.54,0.00,168516.00,4.82,30.36,0.00,2.14,4.46,12.80,28.00,35.00,24618515865.88,2.58,20.45,12.43,242.51,249.05,242.44,230.67,222.80,270.89,312.00,242.00,270.00,10.50,2.31,2.93,10071393177.00,2492654184.00,2612200263.00
[object Object],BMED,Banca Mediolanum SpA,MIL,23.57,stock,common,100.00,1.00,false,0.00,EUR,-1.46,713743.00,1.17,20450912455.74,USD,13.27,2.03,15.65,5.14,Finance,italy,Finance,Buy,Buy,-1.46,-2.96,1.07,20.87,35.62,21.06,37.27,167.72,271.18,1431.47,1.50,1.38,Sell,Sell,Sell,Sell,Sell,Sell,46.59,-0.47,0.39,-235.83,27.65,37.46,0.00,0.00,0.00,0.00,0.00,-0.25,713743.00,8.37,0.00,0.00,0.00,42.90,13.27,0.86,4.95,3.81,0.00,0.00,0.00,26245484178.83,7.25,0.00,0.00,24.00,23.75,23.17,21.43,19.95,29.15,31.16,27.00,28.85,1.82,0.41,0.43,2876783207.39,673815400.00,0.00
[object Object],BR,"Broadridge Financial Solutions, Inc.",NYSE,178.06,stock,common,100.00,1.00,false,0.00,USD,-1.29,1003544.00,0.86,20302721137.47,USD,18.50,9.62,35.67,1.95,Technology services,america,Technology Services,Buy,Buy,-1.29,-3.09,12.95,14.11,-6.55,-20.21,-30.13,3.73,156.90,889.22,2.01,2.98,Buy,Buy,StrongBuy,Strong buy,Sell,Sell,58.64,2.03,15.27,39.74,66.37,74.91,0.00,181.01,0.34,0.34,554.00,-0.04,1003544.00,-12.06,178.06,0.00,289604.00,-30.30,18.50,0.53,2.79,7.15,15.30,16.10,50.98,23416521137.47,3.13,17.77,12.82,182.01,169.44,159.53,155.43,177.62,208.14,240.00,176.00,214.00,10.56,3.76,1.37,7854649809.00,2170560000.00,1647967714.00
[object Object],STLAM,Stellantis N.V.,MIL,4.51,stock,common,10000.00,5.00,false,0.00,EUR,-2.79,35719398.00,0.88,20251313405.21,USD,0.00,-9.09,-230.64,0.00,Consumer durables,italy,Consumer Durables,Neutral,Neutral,-2.79,-0.14,-9.96,-29.26,-28.53,-52.00,-45.52,-73.77,-23.22,-33.78,3.69,3.84,StrongSell,Strong sell,StrongSell,Strong sell,Neutral,Neutral,42.82,-0.13,-0.18,-52.09,61.38,65.86,0.00,0.00,0.00,0.00,0.00,-0.65,35719398.00,9.34,4.51,0.00,40000.00,-41.79,0.00,0.00,0.09,0.23,0.00,0.00,0.38,47014692125.21,0.26,0.00,0.00,4.57,4.75,4.85,5.64,6.71,6.35,9.06,4.04,6.39,0.73,0.27,0.11,188446828814.48,48917416726.59,42415728091.28
[object Object],CSG,CSG N.V.,EURONEXT,17.27,stock,common,1000.00,2.00,false,0.00,EUR,-0.50,1064635.00,0.45,20116583366.65,USD,0.00,0.00,0.00,0.00,Electronic technology,netherlands,Electronic Technology,Buy,Buy,-0.50,-7.06,4.34,11.77,-41.66,-46.04,-46.04,-46.04,-46.04,-46.04,4.28,4.88,Sell,Sell,StrongSell,Strong sell,Sell,Sell,44.64,-2.28,0.59,-173.24,14.47,29.92,doji,0.00,0.00,0.00,0.00,-0.47,1064635.00,-36.86,17.27,0.00,384977.00,0.00,0.00,0.00,0.00,10.07,0.00,0.00,10.58,23874184690.90,0.00,0.00,0.00,18.37,18.01,16.36,16.67,0.00,31.19,41.70,20.85,30.41,1.29,0.00,0.00,8839305888.22,1895819600.00,0.00
[object Object],LEN,Lennar Corporation Class A,NYSE,83.58,stock,common,100.00,1.00,false,0.00,USD,1.00,2245795.00,0.89,20092578673.43,USD,13.07,6.39,-47.15,2.42,Consumer durables,america,Consumer Durables,Sell,Sell,1.00,-4.23,-0.50,-8.41,-19.04,-18.86,-35.95,-23.11,76.44,14827.45,2.08,2.58,Sell,Sell,StrongSell,Strong sell,Neutral,Neutral,44.52,-3.72,-0.86,-171.53,4.88,10.88,spinning_top_white,83.95,1.45,0.97,904.00,0.92,2245795.00,-40.18,83.14,-0.52,459417.00,-41.76,13.07,0.00,0.61,0.93,17.92,21.04,9.38,24338100673.43,0.74,12.43,11.62,85.73,85.73,86.09,87.74,98.70,83.42,100.00,67.00,85.00,5.50,1.24,1.30,32327744349.00,8084865664.00,8312768736.00
[object Object],ENTG,"Entegris, Inc.",NASDAQ,131.31,stock,common,100.00,1.00,false,0.00,USD,1.39,1777809.00,0.86,20064167549.83,USD,65.76,2.00,2.65,0.31,Producer manufacturing,america,Producer Manufacturing,Buy,Buy,1.39,-6.13,12.37,-4.68,9.48,52.40,62.75,9.91,667.89,1107.45,4.47,4.78,Sell,Sell,StrongSell,Strong sell,Buy,Buy,42.13,-12.97,-3.80,-135.98,8.08,9.36,0.00,129.46,-0.04,-1.41,532.00,0.12,1777809.00,-42.44,131.97,0.50,650084.00,59.31,65.76,24.50,5.98,4.82,25.83,35.06,57.04,23270567549.83,7.00,40.95,25.14,138.42,139.50,143.36,143.82,125.58,175.20,215.00,120.00,174.00,3.92,0.82,1.02,3561960629.00,835789431.00,921955400.00
[object Object],RL,Ralph Lauren Corporation Class A,NYSE,336.50,stock,common,100.00,1.00,false,0.00,USD,-1.27,787794.00,1.32,20033551754.62,USD,21.22,15.86,26.61,1.10,Consumer non-durables,america,Consumer Non-Durables,StrongBuy,Strong buy,-1.27,-7.62,-14.16,-6.60,-4.56,-5.21,14.75,183.56,223.22,947.47,2.83,3.10,StrongSell,Strong sell,StrongSell,Strong sell,Sell,Sell,25.32,-41.46,-28.93,-145.81,3.92,4.88,0.00,0.00,0.00,0.00,0.00,1.11,787794.00,-3.09,336.50,0.00,149396.00,7.67,21.22,0.81,2.50,7.37,15.66,19.77,10.61,21093651754.62,2.52,15.15,12.95,357.10,375.29,381.53,375.70,366.02,459.00,520.00,425.00,457.50,18.92,4.32,4.22,8686872695.00,1866119503.00,2116993302.00
[object Object],SAB,Banco de Sabadell SA,BME,3.63,stock,common,1000.00,1.00,false,0.00,EUR,0.53,10706426.00,0.66,19932359183.99,USD,15.31,0.27,-32.82,5.94,Finance,spain,Finance,Neutral,Neutral,0.53,-2.00,8.11,28.55,19.20,7.73,11.30,490.39,196.28,-4.97,1.55,1.67,Buy,Buy,StrongBuy,Strong buy,Neutral,Neutral,60.48,0.02,0.14,26.92,36.66,46.05,0.00,0.00,0.00,0.00,0.00,-0.28,10706426.00,-11.26,0.00,0.00,0.00,1.90,15.31,0.00,2.94,1.45,0.00,0.00,0.00,65373382682.10,7.93,0.00,0.00,3.65,3.52,3.38,3.27,3.24,4.07,4.81,3.38,4.06,0.34,0.12,0.08,6094795829.07,1443897044.00,1480145625.35
[object Object],TEL,Telenor ASA,OSL,135.60,stock,common,10.00,1.00,false,0.00,NOK,-0.44,1346743.00,0.75,19916979961.67,USD,11.63,1.18,44.73,7.05,Communications,norway,Communications,Buy,Buy,-0.44,-0.07,1.88,-9.78,-20.61,-7.57,-19.29,-11.40,-7.31,261.16,1.50,1.27,Sell,Sell,Sell,Sell,Neutral,Neutral,49.62,0.40,1.90,79.28,63.71,75.77,0.00,0.00,0.00,0.00,0.00,-0.15,1346743.00,-46.80,135.60,0.00,701146.00,-19.13,11.63,0.26,2.44,2.94,6.50,10.74,4.62,25515178361.67,3.31,14.11,7.41,135.35,134.48,137.01,145.72,151.81,16.85,19.84,14.47,16.89,1.04,0.21,0.24,7367235374.97,1844704920.10,1990709781.51
[object Object],EN,Bouygues SA,EURONEXT,43.85,stock,common,100.00,1.00,false,0.00,EUR,-1.19,977293.00,1.48,19880007033.78,USD,13.46,3.72,17.79,4.73,Industrial services,france,Industrial Services,Buy,Buy,-1.19,-5.17,-11.23,-11.59,-11.38,-1.02,21.47,21.40,52.12,320.02,2.42,1.69,Sell,Sell,StrongSell,Strong sell,Sell,Sell,28.70,-2.85,-2.92,-128.84,16.92,16.43,0.00,0.00,0.00,0.00,0.00,0.00,977293.00,30.08,43.85,0.00,550454.00,26.20,13.46,0.77,0.30,1.35,3.32,6.29,3.50,33318496703.78,0.52,11.25,5.14,45.08,46.95,47.32,48.91,48.00,70.06,85.24,61.89,69.48,3.88,0.95,1.43,66572313140.71,15902841359.63,17554975059.06
[object Object],GMAB,Genmab A/S,OMXCOP,2175.00,stock,common,1.00,1.00,false,0.00,DKK,1.30,108985.00,0.94,19833512616.38,USD,26.83,12.36,-40.84,0.00,Health technology,denmark,Health Technology,StrongBuy,Strong buy,1.30,-0.50,16.72,42.16,23.12,9.02,32.30,-27.79,103.46,833.48,2.52,2.69,Buy,Buy,StrongBuy,Strong buy,Neutral,Neutral,65.86,23.00,157.03,89.58,72.80,74.80,0.00,0.00,0.00,0.00,0.00,0.47,108985.00,15.47,0.00,0.00,0.00,26.18,26.83,0.00,5.01,3.33,23.12,23.69,13.66,23646598438.38,5.86,18.16,16.96,2152.60,2020.67,1950.86,1821.01,1879.55,384.57,452.72,313.29,389.53,11.86,3.56,3.74,4520439374.50,1116420085.00,1208440217.00
[object Object],EBP,Erste Bank Polska S.A.,GPW,726.60,stock,common,10.00,2.00,false,0.00,PLN,0.30,48461.00,0.78,19778991671.96,USD,12.53,15.40,5.77,6.90,Finance,poland,Finance,Neutral,Neutral,0.30,0.64,-0.98,19.35,27.70,33.32,47.35,142.52,126.36,939.48,2.03,2.14,Buy,Buy,StrongBuy,Strong buy,Neutral,Neutral,56.35,0.60,11.60,-11.71,49.97,40.61,0.00,0.00,0.00,0.00,0.00,-0.19,48461.00,-6.84,0.00,0.00,0.00,44.07,12.53,2.16,4.42,2.31,15.14,17.53,0.00,23654672932.18,4.32,0.00,0.00,722.14,716.64,695.18,658.27,606.87,190.33,201.73,178.13,191.72,14.26,2.93,4.04,4360680591.26,1048072746.02,1106548147.32
[object Object],SBAC,SBA Communications Corp. Class A,NASDAQ,186.42,stock,common,100.00,1.00,false,0.00,USD,-1.27,805308.00,1.12,19776945560.89,USD,20.07,9.29,14.12,2.57,Finance,america,Finance,Buy,Buy,-1.27,-0.64,3.07,-6.67,-4.37,-3.00,-8.01,-49.17,62.77,1957.05,2.54,2.81,Neutral,Neutral,Neutral,Neutral,Neutral,Neutral,52.19,3.99,5.37,58.47,73.74,82.58,0.00,189.01,0.11,0.11,3530.00,-0.30,805308.00,7.51,186.42,0.00,196051.00,-7.65,20.07,1.44,6.99,0.00,15.42,41.95,51.46,32206425560.89,11.22,20.89,17.23,186.46,182.85,182.89,195.67,193.03,225.20,280.00,167.00,223.00,7.69,1.85,2.07,2864450478.00,706008081.00,724362671.00
[object Object],NI,NiSource Inc,NYSE,41.15,stock,common,100.00,1.00,false,0.00,USD,0.46,5138438.00,0.94,19733897225.89,USD,21.79,1.89,0.32,2.88,Utilities,america,Utilities,Buy,Buy,0.46,1.33,-7.22,-9.96,-11.81,-1.46,-2.07,62.91,72.10,619.10,1.67,1.92,Sell,Sell,StrongSell,Strong sell,Buy,Buy,37.08,-0.48,-2.36,-65.52,29.39,21.38,0.00,41.03,0.17,0.17,200.00,-0.42,5138438.00,-25.95,41.15,0.00,1121469.00,-0.93,21.79,66.93,2.86,2.06,8.60,0.00,207.56,39361297225.89,5.72,21.17,12.57,40.94,42.77,44.44,45.82,45.06,50.38,55.00,45.00,51.00,2.05,0.16,0.21,7074652010.00,1147142825.00,1349452631.00
[object Object],SNA,Snap-on Incorporated,NYSE,380.59,stock,common,100.00,1.00,false,0.00,USD,-0.16,231117.00,0.89,19686826471.80,USD,19.41,19.60,4.49,2.56,Consumer durables,america,Consumer Durables,Neutral,Neutral,-0.16,-3.89,-7.54,0.14,1.13,10.46,17.82,68.22,147.89,6243.20,1.52,1.66,Sell,Sell,StrongSell,Strong sell,Neutral,Neutral,30.07,-13.34,-15.54,-149.70,4.00,5.23,0.00,0.00,0.00,0.00,0.00,0.25,231117.00,-6.06,380.59,0.00,51424.00,16.87,19.41,4.33,3.80,3.26,16.85,18.03,12.15,19377126471.80,3.67,14.44,13.44,390.70,402.52,403.19,389.95,375.98,435.86,485.00,375.00,450.00,19.80,4.95,4.97,4958434857.00,1219276312.00,1239995714.00
[object Object],MTSI,"MACOM Technology Solutions Holdings, Inc.",NASDAQ,257.56,stock,common,100.00,1.00,false,0.00,USD,-1.70,809331.00,0.71,19670096409.06,USD,82.84,3.11,0.00,0.00,Electronic technology,america,Electronic Technology,Buy,Buy,-1.70,-3.56,6.79,-31.50,15.81,47.36,105.21,312.62,488.04,1248.48,4.33,5.38,Sell,Sell,StrongSell,Strong sell,Neutral,Neutral,40.86,-12.42,-9.95,-87.24,11.08,15.40,0.00,261.00,-0.39,-0.77,1820.00,-0.65,809331.00,-25.39,257.56,0.00,123967.00,105.03,82.84,0.00,17.65,12.77,74.47,98.96,30.46,19421117409.06,16.69,92.11,70.58,265.50,275.76,293.24,316.52,262.55,395.33,475.00,300.00,380.00,5.51,1.35,2.00,1324154557.00,336081403.00,420154023.00
[object Object],VTRS,"Viatris, Inc.",NASDAQ,17.09,stock,common,100.00,1.00,false,0.00,USD,2.77,7826265.00,1.12,19629416128.68,USD,0.00,-0.36,87.72,2.89,Health technology,america,Health Technology,Buy,Buy,2.77,2.21,-3.66,8.85,20.44,36.72,62.76,17.46,-59.81,34080.00,2.93,2.99,StrongBuy,Strong buy,StrongBuy,Strong buy,Buy,Buy,58.07,0.84,-0.19,150.30,69.97,59.21,0.00,16.77,0.84,0.30,6172.00,0.72,7826265.00,19.90,17.03,-0.32,3555953.00,55.15,0.00,0.00,1.31,1.38,8.53,10.17,14.10,31846016128.68,2.16,22.29,7.52,16.60,16.81,16.73,16.23,14.66,18.71,23.00,12.00,20.00,2.50,0.60,0.65,14782646912.00,3675407539.00,3809576279.00
[object Object],TPRO,Technoprobe SpA,MIL,26.72,stock,common,100.00,2.00,false,0.00,EUR,2.85,715039.00,1.15,19628270942.77,USD,83.11,0.37,196.86,0.00,Electronic technology,italy,Electronic Technology,StrongBuy,Strong buy,2.85,-2.48,-5.25,-18.78,65.96,113.76,290.64,328.21,328.21,328.21,3.96,4.88,Sell,Sell,StrongSell,Strong sell,Buy,Buy,40.53,-1.38,-1.63,-105.86,5.74,6.44,piercing_bullish,0.00,0.00,0.00,0.00,-0.31,715039.00,-11.30,0.00,0.00,0.00,297.25,83.11,0.41,21.70,12.32,74.54,218.82,24.26,18851294865.52,21.53,70.94,54.80,27.21,28.45,29.97,28.37,21.58,46.11,57.70,28.39,46.16,0.62,0.22,0.32,1278824537.87,520863492.13,686277574.08
[object Object],ESSITY_B,Essity AB Class B,OMXSTO,274.90,stock,common,10.00,1.00,false,0.00,SEK,-1.54,1477326.00,1.11,19621917490.62,USD,15.51,1.82,0.20,3.13,Consumer non-durables,sweden,Consumer Non-Durables,Neutral,Neutral,-1.54,-2.24,-0.61,7.26,3.85,3.38,8.02,-0.51,10.89,10.89,1.16,1.37,Sell,Sell,Sell,Sell,Neutral,Neutral,45.82,3.70,1.39,-34.06,66.46,74.28,0.00,0.00,0.00,0.00,0.00,-0.14,1477326.00,-9.49,0.00,0.00,0.00,8.45,15.51,78.94,1.38,2.01,10.46,17.21,27.20,23367471890.62,1.65,12.84,9.15,278.45,277.66,277.66,266.01,264.94,28.38,32.15,22.30,28.52,2.05,0.45,0.46,15275050629.97,3556443712.09,3739399279.30
[object Object],CLNX,Cellnex Telecom S.A.,BME,25.50,stock,common,100.00,1.00,false,0.00,EUR,-0.35,1321611.00,1.08,19445561936.20,USD,0.00,-0.58,-230.68,2.37,Industrial services,spain,Industrial Services,Buy,Buy,-0.35,-6.52,-4.78,-8.96,-15.08,-7.71,-16.53,-56.37,110.07,115.49,2.31,2.37,StrongSell,Strong sell,StrongSell,Strong sell,Sell,Sell,39.65,-0.97,-0.30,-175.67,18.69,24.37,0.00,0.00,0.00,0.00,0.00,-0.16,1321611.00,-23.28,0.00,0.00,0.00,-17.02,0.00,0.00,3.65,1.45,0.00,0.00,9.22,44448857858.33,8.31,62.30,11.60,26.32,26.66,26.25,27.41,27.47,42.35,59.09,24.52,42.04,-0.10,-0.05,0.01,4850002676.17,1155044256.02,1194528355.76
[object Object],NHY,Norsk Hydro ASA,OSL,92.30,stock,common,100.00,2.00,false,0.00,NOK,-0.24,3129806.00,0.99,19425830862.40,USD,18.59,0.50,2.51,3.24,Non-energy minerals,norway,Non-Energy Minerals,Neutral,Neutral,-0.24,-0.75,6.51,-21.55,1.14,17.70,41.91,51.31,158.83,339.32,1.82,2.26,Buy,Buy,Buy,Buy,Neutral,Neutral,53.49,1.40,3.50,26.79,75.98,79.90,0.00,0.00,0.00,0.00,0.00,-1.17,3129806.00,-2.79,92.30,0.00,1968737.00,43.75,18.59,7.43,0.88,1.75,9.64,24.90,9.45,22051480462.40,1.06,12.57,7.81,92.38,90.12,88.71,98.09,91.17,9.91,12.70,5.82,9.95,0.87,0.20,0.25,21444563456.58,5655521781.57,5846529215.15
[object Object],ABF,Associated British Foods plc,LSE,2031.00,stock,common,1.00,1.00,false,0.00,GBX,-0.49,885931.00,1.17,19278368854.96,USD,15.25,1.80,-24.87,3.09,Consumer non-durables,uk,Consumer Non-Durables,Neutral,Neutral,-0.49,-1.88,-2.31,8.93,7.12,-5.23,-7.43,3.25,-33.56,918.72,1.19,1.51,Sell,Sell,Sell,Sell,Sell,Sell,46.89,15.00,2.68,-87.59,52.99,55.80,0.00,0.00,0.00,0.00,0.00,-0.29,885931.00,-9.68,2031.00,0.00,602234.00,-8.23,15.25,0.00,0.75,1.26,6.40,12.21,20.25,23582259354.96,0.90,11.96,7.06,2051.70,2058.17,2024.83,1938.08,1955.75,24.98,31.80,17.99,25.03,2.07,0.95,1.16,26166242272.37,12569576000.00,13603072252.80
[object Object],TSN,"Tyson Foods, Inc. Class A",NYSE,55.81,stock,common,100.00,1.00,false,0.00,USD,1.36,2821914.00,1.10,19243322830.06,USD,33.71,1.66,-26.44,3.69,Consumer non-durables,america,Consumer Non-Durables,Neutral,Neutral,1.36,-2.09,-0.14,-2.92,-9.27,-4.71,-1.60,-28.74,-26.16,69180.73,1.77,1.95,Sell,Sell,StrongSell,Strong sell,Buy,Buy,41.25,-2.74,-2.46,-79.14,12.78,9.41,0.00,55.06,0.00,0.00,1200.00,0.18,2821914.00,34.43,55.81,0.00,619047.00,-3.73,33.71,0.00,0.34,1.06,9.61,16.58,26.02,26615322830.06,0.48,18.77,9.59,56.52,57.77,57.85,60.30,60.49,68.75,78.00,56.00,67.50,3.89,0.99,1.12,56541281891.00,14065837261.00,14760685828.00
[object Object],IP,International Paper Company,NYSE,36.30,stock,common,100.00,1.00,false,0.00,USD,-0.44,4995845.00,1.29,19223386352.48,USD,0.00,-6.48,-6527.81,5.07,Process industries,america,Process Industries,Buy,Buy,-0.44,-11.29,-13.01,6.61,-10.79,-8.15,-25.55,-36.41,-22.16,333.00,3.63,2.92,Sell,Sell,StrongSell,Strong sell,Sell,Sell,33.30,-4.76,-1.95,-242.66,3.03,3.55,0.00,36.62,0.44,0.30,1951.00,0.66,4995845.00,-23.40,36.45,0.41,857322.00,-25.63,0.00,-0.00,0.80,1.33,7.26,39.07,26.48,30531386352.48,1.26,146.08,10.56,39.51,40.80,39.56,36.59,38.39,48.90,61.00,42.00,48.00,1.37,-0.03,0.32,24609456293.00,6189199076.00,6307643351.00
[object Object],KBX,Knorr-Bremse AG,XETR,102.70,stock,common,10.00,1.00,false,0.00,EUR,-0.10,101863.00,0.85,19209355004.74,USD,28.30,4.14,38.64,1.85,Producer manufacturing,germany,Producer Manufacturing,Buy,Buy,-0.10,-0.96,-0.96,2.19,-2.19,8.45,14.30,0.34,28.21,28.21,1.93,1.92,Neutral,Neutral,Sell,Sell,Neutral,Neutral,48.57,3.90,1.93,-0.24,58.21,71.67,0.00,0.00,0.00,0.00,0.00,-0.78,101863.00,1.10,102.70,0.00,80762.00,21.44,28.30,0.73,2.09,5.17,13.91,17.67,13.54,21600763974.74,2.38,19.42,13.74,103.99,103.33,103.14,102.25,100.50,138.51,153.80,110.69,142.15,5.47,1.29,1.36,9756526439.18,2381183015.86,2477845661.29
[object Object],BCP,Banco Comercial Portugues S.A.,EURONEXT,1.12,stock,common,10000.00,5.00,false,0.00,EUR,0.22,42529369.00,1.18,19203578483.92,USD,15.36,0.08,20.07,3.07,Finance,portugal,Finance,Buy,Buy,0.22,0.58,3.84,20.54,35.28,25.50,53.84,741.34,369.30,-93.08,1.11,1.21,StrongBuy,Strong buy,StrongBuy,Strong buy,Buy,Buy,65.31,0.04,0.03,130.21,80.47,79.51,doji,0.00,0.00,0.00,0.00,0.22,42529369.00,6.36,1.12,0.00,10300825.00,52.24,15.36,0.76,4.12,2.21,0.00,0.00,0.00,25449794974.00,4.15,0.00,0.00,1.11,1.09,1.07,1.00,0.94,1.32,1.47,1.04,1.34,0.09,0.02,0.02,4684116526.91,1085176107.64,1188507889.20
[object Object],WRT1V,Wartsila Oyj Abp,OMXHEX,28.31,stock,common,100.00,1.00,false,0.00,EUR,0.93,1100134.00,0.95,19184774475.84,USD,25.30,1.28,17.82,1.75,Producer manufacturing,finland,Producer Manufacturing,Neutral,Neutral,0.93,-5.00,-4.81,-21.16,-16.71,-6.94,13.24,134.45,126.78,1273.53,3.10,2.38,Sell,Sell,StrongSell,Strong sell,Neutral,Neutral,39.64,-0.79,-0.70,-190.37,9.12,16.46,0.00,0.00,0.00,0.00,0.00,-0.29,1100134.00,-17.26,0.00,0.00,0.00,15.24,25.30,1.41,2.45,6.59,11.14,12.54,7.52,17259359885.84,2.24,16.79,14.16,29.16,29.51,30.13,32.69,32.39,38.78,49.81,22.01,38.80,1.34,0.32,0.31,7547110033.20,1845441356.49,1758990647.31
[object Object],BEI,Beiersdorf AG,XETR,77.02,stock,common,100.00,2.00,false,0.00,EUR,-0.49,404089.00,1.39,19158220857.19,USD,17.94,4.90,8.61,1.29,Consumer non-durables,germany,Consumer Non-Durables,Neutral,Neutral,-0.49,-4.58,-4.91,14.10,-6.07,-20.15,-20.88,-25.33,-7.82,84.11,1.91,2.21,Sell,Sell,StrongSell,Strong sell,Sell,Sell,42.07,-0.84,0.03,-113.10,38.47,55.42,0.00,77.38,-0.03,-0.03,5.00,-0.85,404089.00,-38.37,77.20,0.23,239130.00,-22.51,17.94,2.09,1.76,1.87,16.02,26.45,6.19,16376164857.19,1.49,12.30,9.48,79.54,79.41,78.57,75.11,83.21,93.55,109.87,77.49,92.52,4.49,2.87,1.33,11352603427.41,5659930014.73,5412120166.39
[object Object],STMN,Straumann Holding AG,SIX,96.32,stock,common,100.00,2.00,false,0.00,CHF,-1.09,416566.00,0.69,19123759799.70,USD,41.63,2.86,-5.94,1.03,Health technology,switzerland,Health Technology,Buy,Buy,-1.09,4.81,-4.35,2.56,12.73,2.56,1.73,-46.43,150.34,1960.32,2.11,2.34,Sell,Sell,Sell,Sell,Neutral,Neutral,46.68,-0.90,-4.17,-27.94,40.33,29.50,0.00,0.00,0.00,0.00,0.00,-0.47,416566.00,-57.65,96.32,0.00,232333.00,5.00,41.63,0.00,5.89,6.73,29.28,40.12,40.33,19289785569.50,5.91,28.09,21.78,93.91,98.75,100.91,95.86,94.00,140.78,168.20,106.36,142.23,4.07,1.97,2.04,3495535980.36,1698306755.70,1716694161.21
[object Object],ZBH,"Zimmer Biomet Holdings, Inc.",NYSE,99.50,stock,common,100.00,1.00,false,0.00,USD,0.10,1392103.00,1.04,18978400063.91,USD,24.21,4.11,0.06,0.97,Health technology,america,Health Technology,Buy,Buy,0.10,-0.02,4.11,15.03,6.98,10.59,-5.88,-32.28,-20.80,247.68,2.31,2.63,Buy,Buy,StrongBuy,Strong buy,Neutral,Neutral,54.64,-1.24,3.62,42.40,46.72,61.84,long_upper_shadow_bearish,0.00,0.00,0.00,0.00,-0.08,1392103.00,-0.09,99.64,0.14,391661.00,-8.86,24.21,382.07,2.25,1.50,11.00,15.99,46.79,26056100063.91,3.06,18.76,10.43,100.19,97.75,94.62,90.72,91.27,106.45,120.00,93.00,105.50,8.53,2.01,1.88,8598124979.00,2134846050.00,2040065794.00
[object Object],CARL_B,Carlsberg AS Class B,OMXCOP,870.60,stock,common,10.00,2.00,false,0.00,DKK,-0.43,214300.00,0.81,18950724184.13,USD,18.05,7.35,-6.10,3.32,Consumer non-durables,denmark,Consumer Non-Durables,Buy,Buy,-0.43,-1.07,-8.36,4.92,-4.75,4.24,11.62,-20.42,38.41,283.81,1.37,2.17,Sell,Sell,StrongSell,Strong sell,Neutral,Neutral,39.18,-18.60,-37.97,-100.90,14.62,18.37,long_lower_shadow_bullish,0.00,0.00,0.00,0.00,-0.50,214300.00,-25.81,0.00,0.00,0.00,14.15,18.05,0.00,1.28,4.04,7.69,12.52,11.93,29281126084.13,2.13,15.64,10.78,880.16,914.01,913.86,879.40,869.68,164.49,236.36,120.51,164.83,10.14,4.86,5.02,14498907068.56,7162226322.81,6973378484.80
[object Object],FDXF,"FedEx Freight Holding Company, Inc.",NYSE,126.60,stock,common,100.00,1.00,false,0.00,USD,-0.76,1121680.00,1.02,18928996820.92,USD,0.00,0.00,0.00,0.00,Transportation,america,Transportation,Buy,Buy,-0.76,-1.10,-10.21,-15.97,-6.22,-6.22,-6.22,-6.22,-6.22,-6.22,3.59,4.04,Sell,Sell,StrongSell,Strong sell,Neutral,Neutral,35.49,-11.57,-10.92,-126.06,10.33,16.93,0.00,129.35,1.39,1.39,100.00,-0.05,1121680.00,7.32,126.60,0.00,197764.00,0.00,0.00,0.00,0.00,0.00,0.00,0.00,75.41,25042996820.92,0.00,0.00,0.00,131.96,140.59,144.63,0.00,0.00,175.00,200.00,150.00,180.00,4.30,1.42,1.34,9001500000.00,2301608832.00,2290019034.00
[object Object],GPC,Genuine Parts Company,NYSE,137.15,stock,common,100.00,1.00,false,0.00,USD,1.71,736235.00,0.63,18907467179.04,USD,549.48,0.25,-95.70,3.10,Distribution services,america,Distribution Services,Buy,Buy,1.71,-0.93,7.17,37.49,19.28,11.40,-1.04,12.12,33.16,5726.33,1.77,2.09,Buy,Buy,StrongBuy,Strong buy,Neutral,Neutral,59.40,2.61,5.41,78.70,61.84,64.57,0.00,0.00,0.00,0.00,0.00,0.63,736235.00,-21.04,137.15,0.00,213345.00,-1.75,549.48,0.00,0.74,4.18,15.96,24.92,33.85,25018911179.04,1.00,20.56,14.04,136.19,132.55,128.25,115.68,119.74,140.38,170.00,122.00,132.50,7.74,2.08,2.04,25538521569.00,6428362985.00,6490930321.00
[object Object],LUV,Southwest Airlines Co.,NYSE,38.61,stock,common,100.00,1.00,false,0.00,USD,2.47,4610533.00,1.05,18888328404.24,USD,23.42,1.65,147.88,1.91,Transportation,america,Transportation,Buy,Buy,2.47,-7.52,-17.15,-7.25,-10.21,-6.99,19.46,-22.09,4.69,403221.84,2.41,2.64,Sell,Sell,StrongSell,Strong sell,Neutral,Neutral,31.46,-2.81,-5.05,-98.27,5.30,2.29,doji,38.50,2.18,0.45,22946.00,2.49,4610533.00,6.14,38.64,0.08,749953.00,8.83,23.42,0.15,0.62,2.67,7.53,0.00,5.02,21986328404.24,0.73,16.90,7.67,39.67,43.45,45.91,43.69,43.00,52.61,65.00,35.00,52.00,3.37,0.51,0.61,32991484208.00,8584022516.00,8211716549.00
[object Object],BAER,Julius Baer Gruppe AG,SIX,74.74,stock,common,100.00,2.00,false,0.00,CHF,-0.05,377146.00,1.04,18868766985.26,USD,13.47,6.86,31.91,3.48,Finance,switzerland,Finance,Buy,Buy,-0.05,-0.24,4.74,15.23,16.96,19.01,29.94,16.85,75.49,59.05,2.01,1.75,Buy,Buy,Buy,Buy,Neutral,Neutral,53.21,0.36,1.61,-77.77,49.19,57.74,0.00,0.00,0.00,0.00,0.00,-0.37,377146.00,-23.77,74.74,0.00,245436.00,31.52,13.47,0.42,3.31,2.09,45.71,358.95,0.00,23402408345.26,3.07,0.00,0.00,75.12,73.82,73.10,68.90,65.44,90.62,101.29,69.17,93.88,7.57,3.94,3.22,5612216899.02,2842205910.55,2749065307.44
[object Object],VNA,Vonovia SE,XETR,18.72,stock,common,1000.00,5.00,false,0.00,EUR,-1.96,3291766.00,1.25,18779915280.31,USD,4.14,5.17,894.92,6.55,Finance,germany,Finance,Buy,Buy,-1.96,-6.40,-11.91,-7.87,-27.67,-23.78,-31.80,-64.49,-43.70,23.21,2.18,1.91,StrongSell,Strong sell,StrongSell,Strong sell,Sell,Sell,26.34,-1.35,-1.12,-167.25,6.72,8.88,0.00,18.98,-0.63,-0.39,2586.00,-0.76,3291766.00,-16.54,18.77,0.29,849998.00,-25.19,4.14,0.00,2.73,0.58,13.74,19.38,9.18,71811003076.31,9.88,24.52,22.75,19.63,20.46,20.85,21.31,23.03,31.72,52.16,22.02,30.14,2.33,0.46,0.52,4106124775.70,999152030.17,1038813107.65
[object Object],EVRG,"Evergy, Inc.",NASDAQ,80.77,stock,common,100.00,1.00,false,0.00,USD,-0.92,2360018.00,1.14,18618536747.86,USD,20.46,3.95,8.63,3.41,Utilities,america,Utilities,Buy,Buy,-0.92,-0.86,-2.59,-1.26,-1.88,11.67,13.76,17.52,46.67,512.47,1.48,1.61,Sell,Sell,StrongSell,Strong sell,Sell,Sell,38.74,-2.81,-2.39,-94.47,26.61,22.39,0.00,81.50,-0.02,-0.02,294.00,-0.20,2360018.00,7.23,80.77,0.00,480929.00,14.56,20.46,2.39,3.19,1.82,9.63,0.00,746.18,35143636747.86,5.82,22.77,12.57,81.45,83.08,84.35,83.35,80.60,92.40,103.00,85.00,91.50,4.26,0.81,2.17,6281690104.00,1363278570.00,1909340276.00
[object Object],CDW,CDW Corporation,NASDAQ,148.67,stock,common,100.00,1.00,false,0.00,USD,-1.08,1440613.00,0.76,18586342165.81,USD,17.87,8.32,3.42,1.68,Technology services,america,Technology Services,Buy,Buy,-1.08,3.55,-0.52,6.50,21.73,8.36,-8.26,-25.91,232.89,742.80,4.22,5.44,Buy,Buy,StrongBuy,Strong buy,Sell,Sell,58.19,11.47,10.23,139.80,83.18,83.60,0.00,149.23,-0.71,0.41,940.00,1.12,1440613.00,-12.97,148.52,-0.10,304544.00,-11.65,17.87,5.28,0.81,7.63,19.29,22.02,52.35,24654042165.81,1.05,14.64,12.44,143.41,141.28,138.99,131.94,131.66,155.89,171.00,123.00,159.00,10.93,2.80,2.94,24243219216.00,6206039255.00,6168049452.00
[object Object],KGH,KGHM Polska Miedz S.A.,GPW,344.15,stock,common,100.00,5.00,false,0.00,PLN,-0.82,508789.00,0.58,18542986000.00,USD,7.92,11.53,265.92,0.43,Non-energy minerals,poland,Non-Energy Minerals,Neutral,Neutral,-0.82,-6.86,9.03,-6.01,13.58,22.21,165.75,96.99,363.81,1364.47,3.51,4.22,Neutral,Neutral,Buy,Buy,Sell,Sell,49.55,-3.85,21.22,-72.28,43.37,55.13,doji,0.00,0.00,0.00,0.00,-0.69,508789.00,-10.20,0.00,0.00,0.00,165.39,7.92,0.03,1.56,1.73,8.91,29.23,55.55,19807061890.00,1.68,8.49,6.37,353.55,339.19,329.78,334.47,307.36,84.99,119.93,55.70,89.38,11.16,2.62,3.05,13611454993.91,3380605241.64,3556787607.88
[object Object],GALP,"Galp Energia, SGPS S.A. Class B",EURONEXT,21.11,stock,common,100.00,1.00,false,0.00,EUR,-2.36,1837895.00,1.39,18471037871.10,USD,14.23,1.69,12.85,3.15,Energy minerals,portugal,Energy Minerals,Buy,Buy,-2.36,0.38,9.27,9.43,9.95,45.39,26.41,145.58,57.24,257.19,2.04,1.98,Buy,Buy,StrongBuy,Strong buy,Neutral,Neutral,54.86,-0.35,0.80,58.17,64.02,57.96,engulfing_bearish,0.00,0.00,0.00,0.00,0.93,1837895.00,7.08,21.11,0.00,914468.00,28.63,14.23,1.13,0.74,3.29,6.18,10.46,6.15,21939334351.10,0.89,7.07,5.57,21.32,20.59,20.01,19.59,18.58,26.41,30.36,23.36,25.69,2.50,0.76,0.70,29709299102.46,7756905707.57,7653034972.78
[object Object],ENX,Euronext NV,EURONEXT,158.90,stock,common,10.00,1.00,false,0.00,EUR,-1.43,141475.00,0.96,18433107112.10,USD,23.30,7.79,7.68,1.97,Finance,france,Finance,Buy,Buy,-1.43,-3.52,0.51,17.70,13.10,23.95,13.50,55.78,360.29,797.20,1.56,1.63,Sell,Sell,Sell,Sell,Sell,Sell,48.55,-2.00,5.31,-105.94,39.61,59.61,0.00,0.00,0.00,0.00,0.00,0.00,141475.00,-28.19,158.90,0.00,97488.00,17.19,23.30,3.08,8.52,3.49,13.70,13.93,11.93,20562576236.18,9.16,17.61,14.64,163.00,158.98,153.98,148.76,138.99,189.37,221.76,155.23,189.08,9.87,2.51,2.25,2438282871.58,596905589.46,591265596.25
[object Object],GEN,Gen Digital Inc.,NASDAQ,30.65,stock,common,100.00,1.00,false,0.00,USD,2.10,4716677.00,0.76,18346692937.52,USD,17.79,1.72,79.82,1.67,Technology services,america,Technology Services,Buy,Buy,2.10,6.09,8.27,13.67,36.65,12.56,2.71,14.71,26.97,4164.34,3.02,3.37,Buy,Buy,StrongBuy,Strong buy,Neutral,Neutral,64.02,3.11,2.33,110.51,82.87,87.99,0.00,30.65,2.10,-1.05,11217.00,0.07,4716677.00,-15.67,30.71,0.20,872825.00,-1.09,17.79,0.22,3.56,6.91,11.77,11.94,32.77,25958692937.52,5.11,11.94,9.73,29.84,28.51,27.43,25.04,24.56,34.00,46.00,28.00,32.00,2.93,0.69,0.72,5423252814.00,1311795133.00,1337615988.00
[object Object],BBY,"Best Buy Co., Inc.",NYSE,87.00,stock,common,100.00,1.00,false,0.00,USD,5.29,7390914.00,1.59,18336738862.39,USD,14.48,6.01,65.56,4.62,Retail trade,america,Retail Trade,Neutral,Neutral,5.29,2.12,1.77,19.75,32.91,29.04,19.13,-25.64,125.65,52098.96,5.94,3.76,StrongBuy,Strong buy,StrongBuy,Strong buy,Neutral,Neutral,55.00,-2.21,-3.18,44.38,48.40,41.68,0.00,83.00,0.45,0.15,4158.00,0.28,7390914.00,60.12,87.01,0.01,1143698.00,10.67,14.48,0.21,0.42,0.00,7.48,10.47,8.21,20214738862.39,0.48,8.30,6.25,84.76,85.34,83.56,74.62,71.33,86.30,100.00,70.00,85.00,6.77,1.39,1.47,42606788705.00,9594466259.00,9868223626.00
[object Object],AGS,ageas SA/NV,EURONEXT,75.75,stock,common,100.00,5.00,false,0.00,EUR,0.73,309699.00,1.11,18294358307.86,USD,7.79,11.10,55.29,3.49,Finance,belgium,Finance,Neutral,Neutral,0.73,2.02,3.13,18.82,24.59,26.25,26.46,76.78,136.31,-73.73,1.79,1.29,StrongBuy,Strong buy,StrongBuy,Strong buy,Buy,Buy,66.50,3.35,1.93,136.40,91.09,84.94,0.00,0.00,0.00,0.00,0.00,-0.20,309699.00,29.52,75.75,0.00,245799.00,37.39,7.79,0.14,0.98,1.55,3.88,4.17,0.00,30225900977.86,1.75,0.00,0.00,74.15,73.22,72.22,69.65,65.13,84.16,104.33,68.39,83.46,10.50,4.19,5.55,10768886437.94,0.00,0.00
[object Object],WKL,Wolters Kluwer N.V.,EURONEXT,68.00,stock,common,100.00,2.00,false,0.00,EUR,-2.55,1489394.00,1.38,18271076446.18,USD,11.62,6.69,22.74,3.61,Technology services,netherlands,Technology Services,Buy,Buy,-2.55,-1.11,0.35,12.84,-1.48,-23.32,-36.24,-30.20,76.21,161.74,2.63,3.42,Sell,Sell,Sell,Sell,Sell,Sell,47.44,-2.62,1.31,-189.96,45.60,54.00,0.00,0.00,0.00,0.00,0.00,-0.60,1489394.00,35.74,68.00,0.00,596218.00,-35.55,11.62,0.52,2.57,16.15,9.05,9.15,10.25,22942612146.18,3.29,12.85,10.02,70.12,69.41,65.42,64.24,70.58,101.47,121.71,62.60,104.33,6.62,3.13,3.20,7375897470.52,3485998590.27,3732183765.12
[object Object],RI,Pernod Ricard SA,EURONEXT,63.14,stock,common,100.00,2.00,false,0.00,EUR,0.96,734601.00,0.93,18215560022.57,USD,11.28,6.57,28.53,7.52,Consumer non-durables,france,Consumer Non-Durables,Neutral,Neutral,0.96,-5.76,-6.29,3.75,-14.17,-13.84,-35.56,-65.98,-40.91,378.41,4.21,2.48,Sell,Sell,StrongSell,Strong sell,Buy,Buy,38.33,-4.98,-2.96,-169.92,19.33,21.44,0.00,0.00,0.00,0.00,0.00,0.22,734601.00,-13.99,63.14,0.00,496115.00,-36.64,11.28,0.39,1.57,1.03,9.46,13.67,6.64,32424911042.57,2.75,10.70,9.22,65.89,67.11,66.02,64.91,69.58,94.51,141.75,67.39,92.95,6.64,1.93,3.27,10930828482.07,4840286686.42,5974715645.04
[object Object],TSCO,Tractor Supply Company,NASDAQ,34.86,stock,common,100.00,1.00,false,0.00,USD,0.43,8052149.00,1.03,18163457409.95,USD,18.20,1.92,-5.80,2.74,Retail trade,america,Retail Trade,Buy,Buy,0.43,-1.36,10.84,16.78,-30.70,-30.24,-43.51,-11.40,106.35,12158.46,2.34,2.99,Neutral,Neutral,Neutral,Neutral,Sell,Sell,56.11,-0.58,1.50,-15.56,20.92,19.69,0.00,34.62,-0.26,0.06,9688.00,-0.26,8052149.00,7.03,34.86,0.00,1161381.00,-44.53,18.20,0.00,1.16,6.91,14.22,59.57,78.97,24476847409.95,1.55,17.44,12.79,35.02,33.91,32.57,33.04,42.08,35.12,42.00,28.00,35.00,1.93,0.82,0.40,15952746406.00,4579079586.00,3796912735.00
[object Object],KPN,Royal KPN NV,EURONEXT,4.06,stock,common,1000.00,1.00,false,0.00,EUR,-0.83,7763907.00,0.81,18124181430.74,USD,17.56,0.26,8.60,4.62,Communications,netherlands,Communications,Buy,Buy,-0.83,-1.58,-0.81,-6.97,-13.52,1.93,-0.27,48.72,39.66,15.37,1.77,1.46,StrongSell,Strong sell,StrongSell,Strong sell,Sell,Sell,44.26,-0.01,-0.01,1.32,56.82,71.91,0.00,0.00,0.00,0.00,0.00,0.22,7763907.00,-26.39,4.06,0.00,3429959.00,-0.22,17.56,2.06,2.67,6.76,6.70,11.76,36.86,27143838820.74,4.08,16.69,8.72,4.09,4.08,4.17,4.34,4.33,5.48,6.13,4.74,5.51,0.28,0.00,0.00,6934361237.76,3315400180.00,0.00
[object Object],HLMA,Halma plc,LSE,3568.00,stock,common,1.00,2.00,false,0.00,GBX,1.13,780325.00,0.99,18006498410.84,USD,36.34,1.30,25.61,0.70,Electronic technology,uk,Electronic Technology,Buy,Buy,1.13,-0.83,-0.28,-26.49,-10.13,0.34,9.38,17.52,239.81,6307.18,2.04,2.61,Sell,Sell,StrongSell,Strong sell,Neutral,Neutral,44.90,-2.00,-27.95,-66.03,28.73,34.71,0.00,0.00,0.00,0.00,0.00,0.28,780325.00,6.27,3568.00,0.00,327569.00,9.63,36.34,1.40,5.18,6.22,29.84,33.94,94.43,19046999410.84,5.58,27.40,21.94,3562.00,3625.47,3682.20,4056.39,3880.70,61.17,67.70,41.21,62.43,1.71,0.76,0.82,3885709480.14,1747188690.23,1912255709.90
[object Object],PEO,Bank Polska Kasa Opieki S.A.,GPW,257.20,stock,common,10.00,1.00,false,0.00,PLN,0.35,582051.00,0.92,17974156106.10,USD,10.42,6.55,-3.70,7.71,Finance,poland,Finance,Buy,Buy,0.35,-0.66,4.34,8.57,17.98,25.40,41.32,138.15,96.71,175.97,2.15,2.10,Buy,Buy,StrongBuy,Strong buy,Neutral,Neutral,55.82,-2.80,7.23,-21.26,55.16,50.68,0.00,0.00,0.00,0.00,0.00,-0.12,582051.00,-10.19,0.00,0.00,0.00,40.17,10.42,0.00,3.69,2.05,13.04,14.63,0.00,23121304266.10,3.78,0.00,0.00,257.70,252.01,244.74,240.59,227.07,71.84,80.63,64.13,70.69,6.35,1.45,2.18,4711638905.22,1137574204.42,1169600445.09
[object Object],DD,"DuPont de Nemours, Inc.",NYSE,132.93,stock,common,100.00,1.00,false,0.00,USD,0.62,824512.00,0.75,17951261918.89,USD,315.75,0.42,0.00,1.82,Process industries,america,Process Industries,StrongBuy,Strong buy,0.62,-2.69,-3.94,-7.72,-2.42,9.57,39.76,44.16,37.38,1431.67,2.16,2.71,Sell,Sell,StrongSell,Strong sell,Neutral,Neutral,37.66,-6.75,-3.90,-135.81,6.50,11.25,0.00,131.84,-0.20,-0.21,400.00,0.59,824512.00,-16.12,132.93,0.00,182654.00,-43.78,315.75,0.00,2.19,1.30,15.22,17.34,10.20,19406261918.89,2.35,15.33,9.75,136.29,139.77,138.56,140.71,136.53,168.93,186.00,156.00,170.00,7.26,1.76,1.89,7168156588.00,1806472244.00,1854660426.00
[object Object],TIT,Telecom Italia S.p.A.,MIL,7.55,stock,common,1000.00,1.00,false,0.00,EUR,-0.01,10592404.00,1.72,17919471874.32,USD,71.31,0.12,158.92,0.00,Communications,italy,Communications,Neutral,Neutral,-0.01,-2.05,3.11,4.31,25.12,46.47,78.41,100.44,-7.78,-95.94,2.00,1.37,Sell,Sell,Sell,Sell,Sell,Sell,43.89,-0.13,0.11,-131.16,42.46,63.83,0.00,0.00,0.00,0.00,0.00,0.57,10592404.00,37.40,0.00,0.00,0.00,67.18,71.31,0.45,1.15,1.39,4.61,11.19,6.81,32227354044.32,2.02,18.21,6.29,7.69,7.57,7.72,7.45,6.57,8.53,9.96,7.41,8.51,0.20,0.10,0.12,16963962138.70,4015743729.99,4179983498.88
[object Object],ESS,"Essex Property Trust, Inc.",NYSE,277.29,stock,common,100.00,1.00,false,0.00,USD,-0.61,829666.00,1.63,17820995796.18,USD,43.16,6.43,-48.35,3.70,Finance,america,Finance,Buy,Buy,-0.61,-5.31,-3.38,-1.38,8.34,7.05,3.37,-17.46,22.24,1331.17,1.89,1.69,Sell,Sell,StrongSell,Strong sell,Neutral,Neutral,38.70,-10.07,-6.08,-167.27,11.20,15.28,0.00,0.00,0.00,0.00,0.00,0.43,829666.00,3.08,277.29,0.00,153700.00,6.84,43.16,0.00,9.31,3.35,13.55,15.00,268.66,24692720796.18,12.82,43.79,20.97,285.45,286.65,289.51,279.53,266.77,303.99,352.00,239.00,302.50,5.65,1.46,1.46,1951369931.00,485115131.00,490678100.00
[object Object],SRT3,Sartorius AG Pref,XETR,246.00,stock,preferred,10.00,1.00,false,0.00,EUR,-0.49,65582.00,0.80,17703778404.95,USD,86.62,3.24,88.34,0.30,Health technology,germany,Health Technology,Buy,Buy,-0.49,0.94,11.51,0.00,8.37,-0.65,20.59,-57.20,239.36,13662.24,3.03,2.91,Buy,Buy,StrongBuy,Strong buy,Neutral,Neutral,56.14,11.30,14.38,54.03,73.97,82.83,spinning_top_white,0.00,0.00,0.00,0.00,-0.77,65582.00,-30.45,246.00,0.00,38318.00,24.30,86.62,0.99,4.77,6.02,23.76,62.15,58.37,23425308406.95,5.73,32.39,19.40,247.60,234.92,234.27,230.54,233.15,322.01,515.44,220.08,324.32,6.21,1.49,1.44,4358756209.69,1066912807.18,1034867600.47
[object Object],BESI,BE Semiconductor Industries N.V.,EURONEXT,192.50,stock,common,100.00,5.00,false,0.00,EUR,1.77,282950.00,0.65,17699734240.27,USD,74.08,2.97,25.03,0.84,Producer manufacturing,netherlands,Producer Manufacturing,Buy,Buy,1.77,-2.28,-4.09,-33.02,2.07,41.28,68.05,146.16,1258.02,4044.24,3.47,4.02,Sell,Sell,StrongSell,Strong sell,Neutral,Neutral,36.24,-19.70,-20.03,-110.79,6.71,8.45,tweezer_bottom_bullish,0.00,0.00,0.00,0.00,-0.34,282950.00,-12.02,192.50,0.00,95912.00,76.94,74.08,2.91,20.86,27.14,62.71,64.27,30.60,17524602655.88,20.91,58.34,50.88,199.25,210.95,228.99,249.17,206.75,352.57,464.84,260.82,353.55,5.18,1.27,1.43,1178008188.77,284491169.48,312403930.64
[object Object],NDSN,Nordson Corporation,NASDAQ,316.63,stock,common,100.00,1.00,false,0.00,USD,0.71,322299.00,0.63,17636090396.16,USD,32.04,9.88,24.24,1.04,Producer manufacturing,america,Producer Manufacturing,Buy,Buy,0.71,-5.61,6.02,9.18,14.64,31.28,41.71,31.05,219.60,24152.26,2.45,2.30,Neutral,Neutral,Buy,Buy,Neutral,Neutral,51.57,6.71,14.40,-9.75,40.51,50.45,doji,0.00,0.00,0.00,0.00,0.74,322299.00,-17.48,316.63,0.00,70964.00,39.95,32.04,1.31,5.91,5.39,22.94,24.50,156.39,19340871396.16,6.49,24.10,20.36,327.72,312.30,304.16,294.06,278.29,361.00,375.00,335.00,365.00,11.89,3.09,3.43,3046457143.00,779485714.00,823885714.00
[object Object],LNT,Alliant Energy Corporation,NASDAQ,67.74,stock,common,100.00,1.00,false,0.00,USD,-0.27,2293089.00,1.19,17563945001.53,USD,21.47,3.16,-2.48,3.11,Utilities,america,Utilities,Buy,Buy,-0.27,-0.88,-4.20,-5.26,-4.66,4.20,4.76,9.59,78.45,1198.01,1.33,1.66,Sell,Sell,StrongSell,Strong sell,Neutral,Neutral,34.51,-2.41,-2.72,-103.29,13.41,13.90,0.00,67.76,-0.24,-0.24,121.00,-0.06,2293089.00,-19.36,67.74,0.00,451979.00,5.99,21.47,0.00,4.00,2.33,15.26,0.00,706.93,29656945001.53,6.70,30.29,16.05,68.29,70.10,72.42,72.46,70.43,78.00,83.00,73.00,78.00,3.42,0.58,1.22,4395479211.00,896935450.00,1286028100.00
[object Object],SGRO,SEGRO plc,LSE,943.00,stock,common,10.00,2.00,false,0.00,GBX,-1.07,2854266.00,0.59,17427331190.30,USD,42.84,0.29,-51.99,3.31,Finance,uk,Finance,Buy,Buy,-1.07,-2.58,-2.94,31.96,22.06,30.86,50.21,-27.55,119.68,108.09,1.18,1.19,Sell,Sell,Sell,Sell,Neutral,Neutral,48.01,-14.40,9.59,-155.06,31.17,54.76,0.00,0.00,0.00,0.00,0.00,0.08,2854266.00,-44.07,943.00,0.00,1083156.00,57.76,42.84,0.00,17.31,1.07,28.22,30.16,72.48,23977082290.30,24.28,34.98,34.00,959.56,960.81,926.80,820.68,775.83,13.55,17.74,11.60,13.64,0.52,0.25,0.26,946296015.35,503397455.40,526105682.90
[object Object],TELIA,Telia Company AB,OMXSTO,44.60,stock,common,100.00,1.00,false,0.00,SEK,1.83,8717978.00,1.69,17391684149.56,USD,35.73,0.13,14.70,4.61,Communications,sweden,Communications,Neutral,Neutral,1.83,1.29,1.09,-9.63,-3.63,12.88,25.85,20.23,16.30,38.51,1.74,1.49,Buy,Buy,Buy,Buy,Buy,Buy,54.92,0.92,-0.37,205.98,74.80,66.83,0.00,0.00,0.00,0.00,0.00,0.16,8717978.00,6.72,0.00,0.00,0.00,24.04,35.73,2.39,2.10,3.52,6.43,13.29,16.00,26033685349.56,3.10,17.12,7.89,43.79,43.94,44.79,46.80,44.47,4.82,6.24,3.19,4.68,0.25,0.06,0.07,9027370384.42,2112366193.49,2141275027.95
[object Object],NWS,News Corporation Class B,NASDAQ,34.41,stock,common,100.00,1.00,false,0.00,USD,0.53,1257542.00,1.12,17312982927.74,USD,33.50,1.03,26.23,0.58,Consumer services,america,Consumer Services,Buy,Buy,0.53,-2.02,8.51,13.98,27.49,16.09,2.62,53.68,137.31,126.23,2.07,2.55,Buy,Buy,StrongBuy,Strong buy,Neutral,Neutral,59.16,0.88,1.88,53.84,58.32,65.51,0.00,34.81,1.69,0.32,4574.00,0.64,1257542.00,-9.69,34.41,0.00,158867.00,0.59,33.50,1.27,2.08,2.19,15.34,23.46,9.02,18842982927.74,2.09,16.51,11.59,34.70,33.10,32.02,31.03,29.81,39.00,39.00,39.00,39.00,1.32,0.23,0.26,9411419527.00,2247630192.00,2266864000.00
[object Object],BKT,Bankinter SA,BME,16.54,stock,common,1000.00,5.00,false,0.00,EUR,-0.51,1722409.00,1.94,17310470891.32,USD,0.00,0.00,0.00,3.01,Finance,spain,Finance,Neutral,Neutral,-0.51,-1.69,2.89,17.56,22.44,17.02,29.58,229.78,244.23,268.14,1.45,1.50,Buy,Buy,Buy,Buy,Neutral,Neutral,54.25,0.09,0.33,-40.96,39.22,43.14,0.00,0.00,0.00,0.00,0.00,-0.06,1722409.00,147.89,0.00,0.00,0.00,32.27,0.00,0.00,4.31,2.22,0.00,0.00,0.00,36284373335.30,6.37,0.00,0.00,16.68,16.41,15.91,15.08,14.50,18.81,22.02,11.95,19.07,1.55,0.36,0.38,3852637931.98,908830331.81,952441494.45
[object Object],NWSA,News Corporation Class A,NASDAQ,30.65,stock,common,100.00,1.00,false,0.00,USD,0.07,3704530.00,1.02,17233663522.44,USD,29.84,1.03,26.23,0.65,Consumer services,america,Consumer Services,StrongBuy,Strong buy,0.07,-1.16,10.05,16.01,27.50,17.25,5.36,34.31,117.53,100.59,2.03,2.42,Buy,Buy,StrongBuy,Strong buy,Neutral,Neutral,63.59,1.20,1.97,76.60,68.82,73.80,long_upper_shadow_bearish,0.00,0.00,0.00,0.00,0.23,3704530.00,8.51,30.65,0.00,789003.00,0.59,29.84,1.14,1.86,1.95,13.67,20.90,8.03,18763663522.44,2.08,16.44,11.54,30.68,29.17,28.24,27.21,26.16,36.76,43.00,30.30,38.00,1.32,0.23,0.26,9407977091.00,2245702250.00,2267240525.00
[object Object],J,Jacobs Solutions Inc.,NYSE,147.08,stock,common,100.00,1.00,false,0.00,USD,0.51,659397.00,0.74,17214039322.37,USD,51.63,2.85,-28.81,0.96,Technology services,america,Technology Services,Buy,Buy,0.51,-2.37,7.61,19.39,9.65,10.87,1.36,31.25,237.58,43269.48,2.04,2.43,Neutral,Neutral,Buy,Buy,Sell,Sell,55.57,-0.29,7.23,-16.33,46.35,60.91,0.00,0.00,0.00,0.00,0.00,-0.30,659397.00,-28.82,147.08,0.00,187859.00,-1.35,51.63,0.00,1.22,5.28,23.77,27.13,14.63,20059649322.37,1.41,29.00,21.70,149.71,144.03,137.50,129.87,132.77,166.17,181.00,146.00,167.50,7.26,1.83,2.13,9555870360.00,2403630393.00,2558880100.00
[object Object],ROL,"Rollins, Inc.",NYSE,35.71,stock,common,100.00,1.00,false,0.00,USD,-1.33,4935771.00,1.23,17181702162.95,USD,32.42,1.10,9.07,2.02,Commercial services,america,Commercial Services,Buy,Buy,-1.33,-1.71,-6.22,-24.20,-38.04,-40.23,-36.70,-8.48,181.72,12877.83,1.82,2.13,Sell,Sell,StrongSell,Strong sell,Neutral,Neutral,34.25,-0.55,-1.92,-139.82,14.52,17.40,0.00,36.30,0.30,0.00,113210.00,-0.25,4935771.00,31.05,35.94,0.64,1375498.00,-36.60,32.42,3.62,4.44,12.02,26.57,27.76,157.59,18187920162.95,4.64,24.51,20.86,36.39,37.17,39.83,45.65,52.50,45.56,66.00,32.00,45.00,1.14,0.34,0.35,4087737456.00,1094107882.00,1108538829.00
[object Object],EVO,Evolution AB,OMXSTO,829.40,stock,common,10.00,2.00,false,0.00,SEK,-0.05,636285.00,0.92,17126969365.22,USD,14.28,5.96,-12.30,0.00,Technology services,sweden,Technology Services,Neutral,Neutral,-0.05,-1.14,12.20,19.51,46.90,31.44,3.03,-43.15,1479.81,4395.39,1.71,2.16,Buy,Buy,StrongBuy,Strong buy,Neutral,Neutral,71.85,47.60,72.81,71.46,90.44,92.52,doji,0.00,0.00,0.00,0.00,-0.12,636285.00,34.53,0.00,0.00,0.00,2.74,14.28,0.00,7.31,3.44,11.46,12.12,12.82,15908027971.87,6.92,11.96,10.48,828.30,770.17,734.20,702.23,648.27,77.45,105.85,57.01,76.54,6.47,1.46,1.54,2532559369.14,595438251.36,614083259.13
[object Object],FTV,Fortive Corp.,NYSE,56.60,stock,common,100.00,1.00,false,0.00,USD,-0.35,2533361.00,1.12,17094165327.95,USD,33.42,1.69,-23.54,0.42,Electronic technology,america,Electronic Technology,Neutral,Neutral,-0.35,-5.19,-4.46,-7.40,-1.14,2.30,20.12,1.03,67.94,108.95,2.35,1.97,StrongSell,Strong sell,StrongSell,Strong sell,Neutral,Neutral,32.68,-2.30,-1.72,-219.97,6.18,13.92,0.00,0.00,0.00,0.00,0.00,1.09,2533361.00,-40.05,56.60,0.00,678801.00,7.06,33.42,0.00,4.05,2.83,16.56,18.23,44.38,20219965327.95,4.69,25.70,17.09,59.15,60.33,60.80,60.53,58.00,64.31,72.00,51.00,64.00,3.02,0.71,0.71,4367242386.00,1069341092.00,1067369891.00
[object Object],PZU,Powszechny Zaklad Ubezpieczen Spolka Akcyjna,GPW,74.30,stock,common,100.00,2.00,false,0.00,PLN,0.32,1013561.00,0.60,17083993314.22,USD,9.90,1.99,5.75,6.04,Finance,poland,Finance,Buy,Buy,0.32,2.26,4.30,17.04,12.37,10.90,22.81,82.56,166.79,112.89,1.64,1.61,Buy,Buy,StrongBuy,Strong buy,Neutral,Neutral,62.96,2.52,1.93,154.85,82.23,80.69,0.00,0.00,0.00,0.00,0.00,0.00,1013561.00,-41.48,0.00,0.00,0.00,21.29,9.90,1.72,0.96,1.86,2.44,2.60,0.00,39124496414.22,2.21,0.00,0.00,73.19,72.22,70.63,67.88,67.12,20.61,23.04,17.59,20.46,2.00,0.00,0.00,8748436330.40,1640578053.00,0.00
[object Object],INVH,"Invitation Homes, Inc.",NYSE,28.84,stock,common,100.00,1.00,false,0.00,USD,-1.00,2761867.00,0.74,17033573462.24,USD,51.52,0.56,24.79,4.09,Finance,america,Finance,Buy,Buy,-1.00,-4.69,-3.67,-1.80,9.99,4.23,-7.06,-31.40,43.48,43.48,1.28,1.38,Sell,Sell,StrongSell,Strong sell,Sell,Sell,35.40,-1.36,-0.72,-161.55,9.12,8.49,0.00,0.00,0.00,0.00,0.00,0.31,2761867.00,-19.54,29.06,0.76,613994.00,-7.46,51.52,2.10,6.01,1.88,14.08,20.75,52.21,25330184462.24,8.82,34.07,16.78,29.65,29.89,29.95,29.21,27.88,33.23,36.00,29.00,34.00,1.01,0.17,0.18,2951425000.00,731130333.00,738524667.00
[object Object],CHRW,"C.H. Robinson Worldwide, Inc.",NASDAQ,145.20,stock,common,100.00,1.00,false,0.00,USD,-1.81,1073887.00,0.87,16966803124.02,USD,27.71,5.24,19.29,1.70,Transportation,america,Transportation,Buy,Buy,-1.81,0.93,-2.67,-20.67,-19.42,-10.02,13.41,62.71,108.74,2570.34,2.36,3.06,Sell,Sell,StrongSell,Strong sell,Neutral,Neutral,37.72,0.68,-10.68,-30.50,52.79,65.41,0.00,149.00,0.76,0.76,349.00,0.03,1073887.00,-5.77,145.20,0.00,229936.00,13.53,27.71,1.46,1.04,10.45,25.37,26.00,112.48,18784784124.02,1.11,22.53,20.12,146.80,153.18,169.46,173.98,172.78,202.54,237.00,91.00,212.50,6.23,1.53,1.69,18308119614.00,4347374373.00,4852005451.00
[object Object],CVC,CVC Capital Partners plc,EURONEXT,13.65,stock,common,100.00,1.00,false,0.00,EUR,-2.50,1952026.00,1.80,16962929604.99,USD,17.65,0.88,60.17,3.57,Finance,netherlands,Finance,Buy,Buy,-2.50,-9.72,-7.39,8.51,12.81,-4.14,-20.36,-21.28,-21.28,-21.28,2.33,2.28,StrongSell,Strong sell,StrongSell,Strong sell,Sell,Sell,31.23,-1.72,-0.49,-256.82,2.29,4.58,falling_window_bearish,0.00,0.00,0.00,0.00,-0.71,1952026.00,18.68,13.65,0.00,1241426.00,-17.47,17.65,0.30,7.58,9.05,21.21,21.89,14.36,19309130164.99,8.42,14.67,12.69,14.70,14.93,14.38,13.72,13.44,20.29,24.39,16.46,20.08,0.95,0.41,0.48,2226191669.22,973836846.12,1157141711.27
[object Object],EDPR,EDP Renewables SA,EURONEXT,13.34,stock,common,100.00,1.00,false,0.00,EUR,-3.12,1574570.00,2.23,16914964658.55,USD,45.86,0.33,0.00,0.90,Utilities,portugal,Utilities,Buy,Buy,-3.12,-3.68,-0.82,-7.94,3.73,11.17,30.27,-42.25,86.26,66.75,2.50,2.10,Sell,Sell,StrongSell,Strong sell,Neutral,Neutral,42.32,-0.07,0.08,-57.49,32.97,49.80,0.00,0.00,0.00,0.00,0.00,-0.36,1574570.00,48.35,13.34,0.00,525729.00,40.24,45.86,0.00,5.55,1.35,0.00,0.00,25.00,30179499322.01,10.10,29.14,14.24,13.64,13.61,13.75,13.83,13.29,17.63,20.85,11.58,18.19,0.55,0.08,0.08,3251049467.99,767767892.11,739213655.82
[object Object],ASRNL,ASR Nederland N.V.,EURONEXT,73.20,stock,common,100.00,2.00,false,0.00,EUR,0.52,478606.00,0.79,16886831401.26,USD,13.79,6.06,2.26,4.85,Finance,netherlands,Finance,Buy,Buy,0.52,4.63,3.42,16.19,24.96,20.16,24.03,88.71,282.25,257.95,1.61,1.37,Buy,Buy,StrongBuy,Strong buy,Buy,Buy,68.42,3.92,1.46,188.17,92.18,90.09,0.00,0.00,0.00,0.00,0.00,-0.03,478606.00,3.30,73.20,0.00,316937.00,21.76,13.79,6.06,0.79,1.64,11.84,12.10,0.00,28927337931.26,1.24,0.00,0.00,71.16,70.62,69.49,67.29,63.63,85.48,98.46,60.81,83.40,7.43,3.17,3.32,12005850146.28,3651104148.76,4033445654.22
[object Object],NVR,"NVR, Inc.",NYSE,6326.95,stock,common,100.00,1.00,false,0.00,USD,0.81,36568.00,1.11,16860435568.50,USD,16.41,385.60,-18.61,0.00,Consumer durables,america,Consumer Durables,Neutral,Neutral,0.81,-1.06,0.53,2.07,-9.87,-13.18,-21.18,23.65,272.10,26720.47,1.89,2.18,Sell,Sell,StrongSell,Strong sell,Sell,Sell,48.61,-91.91,-9.34,-55.64,28.68,37.17,0.00,0.00,0.00,0.00,0.00,0.66,36568.00,-20.95,6326.95,0.00,5196.00,-28.67,16.41,0.00,1.89,4.80,16.71,17.03,14.88,16713878568.50,1.79,13.76,13.47,6353.77,6330.17,6434.72,6347.22,6817.04,6782.00,7446.00,5664.00,7000.00,361.10,89.98,104.43,9414692031.00,2397300112.00,2594147187.00
[object Object],LDOS,"Leidos Holdings, Inc.",NYSE,133.78,stock,common,100.00,1.00,false,0.00,USD,-3.88,988975.00,0.93,16788347022.55,USD,12.47,10.73,1.47,1.21,Technology services,america,Technology Services,Buy,Buy,-3.88,-0.40,13.67,5.64,-23.84,-25.51,-26.06,36.41,230.32,186.49,2.78,3.14,Sell,Sell,Sell,Sell,Sell,Sell,49.93,-12.53,10.05,-124.42,29.03,39.59,0.00,137.51,-1.20,-0.01,1914.00,-0.68,988975.00,-17.52,133.78,0.00,205984.00,-24.74,12.47,8.83,0.99,3.18,7.33,7.79,20.31,22588347022.55,1.28,10.86,9.48,138.68,132.43,121.75,127.08,153.72,156.60,225.00,125.00,160.00,12.38,2.91,3.05,18323440767.00,4436589000.00,4712244507.00
[object Object],BEN,"Franklin Templeton, Inc.",NYSE,33.01,stock,common,100.00,1.00,false,0.00,USD,-0.27,3444957.00,1.12,16771617837.72,USD,22.50,1.47,181.27,3.96,Finance,america,Finance,Neutral,Neutral,-0.27,-5.93,-3.25,7.59,25.70,37.66,30.42,1.57,-8.64,52122.75,2.18,2.06,Sell,Sell,Sell,Sell,Neutral,Neutral,40.24,-0.97,0.45,-133.85,17.25,38.15,0.00,33.10,0.00,0.00,251.00,-0.06,3444957.00,0.89,32.90,-0.33,857101.00,27.42,22.50,0.12,1.82,1.43,59.43,70.85,4.53,32383217837.72,3.46,22.74,18.12,34.27,33.92,33.65,32.05,28.41,35.09,41.00,26.00,36.00,2.89,0.66,0.75,7153955157.00,1758562000.00,1851656157.00
[object Object],STZ,"Constellation Brands, Inc. Class A",NYSE,129.35,stock,common,100.00,1.00,false,0.00,USD,-0.98,2315697.00,1.33,16756413241.82,USD,12.34,10.48,0.00,3.14,Consumer non-durables,america,Consumer Non-Durables,Buy,Buy,-0.98,-4.36,-1.18,-5.24,-11.72,-6.54,-13.84,-39.94,-21.07,6747.87,1.74,2.15,StrongSell,Strong sell,StrongSell,Strong sell,Sell,Sell,41.14,-4.17,-1.33,-113.07,8.08,11.79,0.00,0.00,0.00,0.00,0.00,0.90,2315697.00,7.18,129.70,0.27,459407.00,-36.09,12.34,0.00,2.49,2.69,8.28,12.16,230.86,27487813241.82,3.04,10.02,8.71,132.96,132.56,133.72,140.99,145.17,170.73,209.00,115.00,173.50,11.80,3.19,3.61,9102809368.00,2388444554.00,2545129094.00
[object Object],BALL,Ball Corporation,NYSE,63.30,stock,common,100.00,1.00,false,0.00,USD,0.84,1998038.00,1.30,16755721457.50,USD,18.01,3.52,64.15,1.27,Process industries,america,Process Industries,Buy,Buy,0.84,-1.54,-3.26,17.81,-0.28,19.30,22.44,-34.74,59.47,18853.00,1.74,1.95,Buy,Buy,StrongBuy,Strong buy,Neutral,Neutral,52.05,0.68,0.09,35.79,52.57,56.83,doji,0.00,0.00,0.00,0.00,0.83,1998038.00,25.22,63.30,0.00,668608.00,19.57,18.01,0.28,1.16,2.91,11.86,20.45,33.89,23858721457.50,1.65,14.36,10.36,63.49,63.48,62.85,60.52,58.95,73.31,79.00,65.00,74.00,4.02,0.99,1.06,14968400782.00,3691884072.00,3767613827.00
[object Object],AAF,Airtel Africa Plc,LSE,341.60,stock,common,10.00,2.00,false,0.00,GBX,-0.18,4211550.00,1.07,16752392532.19,USD,23.51,0.19,104.65,1.57,Communications,uk,Communications,Buy,Buy,-0.18,1.67,1.97,2.03,-4.37,-3.99,53.87,265.35,343.64,343.64,3.54,2.63,Buy,Buy,StrongBuy,Strong buy,Neutral,Neutral,56.19,15.40,4.65,132.47,69.52,71.55,spinning_top_white,0.00,0.00,0.00,0.00,-0.64,4211550.00,-60.60,341.60,0.00,1041337.00,55.52,23.51,0.23,2.44,5.12,6.48,10.09,7.06,21399093003.10,3.16,9.37,6.32,334.70,334.33,334.62,344.43,343.03,5.00,6.23,3.81,4.86,0.26,0.05,0.08,7721147956.81,1658542000.00,1966733000.00
[object Object],FBK,FinecoBank SpA,MIL,23.10,stock,common,100.00,1.00,false,0.00,EUR,-1.99,1245954.00,1.20,16715922120.07,USD,21.15,1.25,2.97,3.35,Finance,italy,Finance,Buy,Buy,-1.99,-3.59,-3.35,13.12,19.13,4.48,23.10,49.13,321.92,477.50,1.53,1.68,Sell,Sell,Sell,Sell,Sell,Sell,39.78,-0.44,-0.24,-125.85,14.05,19.40,0.00,0.00,0.00,0.00,0.00,-0.25,1245954.00,-5.56,0.00,0.00,0.00,29.64,21.15,7.27,7.37,5.90,11.76,11.95,0.00,17280717741.34,7.42,0.00,0.00,23.62,23.92,23.44,22.47,21.63,31.10,33.79,24.12,31.34,1.32,0.00,0.00,1729619609.13,761082480.00,0.00
[object Object],WY,Weyerhaeuser Company,NYSE,23.19,stock,common,100.00,1.00,false,0.00,USD,-0.81,4951332.00,1.10,16713867772.55,USD,35.46,0.65,70.20,3.59,Finance,america,Finance,Buy,Buy,-0.81,-5.00,-8.95,-6.34,-5.11,-2.28,-9.13,-36.20,-27.12,777.85,1.74,2.18,Sell,Sell,StrongSell,Strong sell,Neutral,Neutral,36.57,-1.43,-0.87,-134.24,10.81,9.58,0.00,23.40,0.09,-0.56,8444.00,0.09,4951332.00,-2.07,23.36,0.71,826139.00,-6.17,35.46,0.51,2.46,1.77,30.60,0.00,31.47,21630867772.55,3.16,51.26,23.21,23.92,24.43,24.24,24.22,24.26,31.27,38.00,28.00,30.00,0.32,0.08,0.09,7146389552.00,1849387604.00,1913769987.00
[object Object],METSO,Metso Corporation,OMXHEX,17.29,stock,common,100.00,1.00,false,0.00,EUR,-0.63,888618.00,0.68,16701638345.58,USD,28.92,0.68,90.29,2.24,Producer manufacturing,finland,Producer Manufacturing,Buy,Buy,-0.63,-4.16,6.53,6.66,5.27,15.27,55.77,90.00,326.91,453.28,2.89,2.53,Buy,Buy,StrongBuy,Strong buy,Sell,Sell,53.86,1.28,1.29,8.35,59.25,71.10,long_lower_shadow_bullish,0.00,0.00,0.00,0.00,-0.57,888618.00,-36.44,0.00,0.00,0.00,59.12,28.92,0.32,2.69,5.50,22.80,31.26,37.38,18127442045.58,2.96,19.08,15.50,17.72,16.84,16.19,15.81,15.67,20.90,25.09,15.76,20.72,0.88,0.20,0.23,6598083678.62,1559973370.54,1689329527.65
[object Object],ZBRA,Zebra Technologies Corporation Class A,NASDAQ,351.11,stock,common,100.00,1.00,false,0.00,USD,2.16,517102.00,0.88,16611246884.81,USD,32.13,10.93,3.26,0.00,Electronic technology,america,Electronic Technology,Buy,Buy,2.16,-3.00,18.29,40.35,57.06,42.54,13.00,-40.32,403.67,8557.42,3.04,3.50,Buy,Buy,Buy,Buy,Buy,Buy,54.80,-3.54,22.48,-136.41,11.06,13.06,0.00,0.00,0.00,0.00,0.00,0.53,517102.00,-22.13,351.11,0.00,90379.00,4.15,32.13,9.65,2.81,4.84,17.26,18.69,107.63,19416246884.81,3.30,19.22,15.86,357.86,342.25,310.26,273.32,256.01,417.36,455.00,355.00,419.00,21.12,4.36,4.88,6221105204.00,1497262500.00,1566406250.00
[object Object],SOON,Sonova Holding AG,SIX,237.20,stock,common,10.00,2.00,false,0.00,CHF,1.37,160248.00,1.01,16584726447.04,USD,32.85,9.04,-20.12,2.01,Health technology,switzerland,Health Technology,Neutral,Neutral,1.37,-3.03,7.52,16.39,22.39,14.53,1.89,-33.72,72.65,769.88,1.75,1.62,Buy,Buy,Buy,Buy,Neutral,Neutral,56.66,-4.60,5.39,-55.95,22.22,14.95,0.00,0.00,0.00,0.00,0.00,-0.34,160248.00,2.45,237.20,0.00,76017.00,2.14,32.85,0.00,3.87,5.39,20.66,23.45,19.53,17828743447.04,3.95,19.19,14.21,239.08,233.13,220.73,206.07,202.88,282.41,369.51,209.39,283.29,13.33,7.14,5.26,4766249850.66,2457051088.49,2208669043.75
[object Object],IEX,IDEX Corporation,NYSE,224.61,stock,common,100.00,1.00,false,0.00,USD,0.79,584951.00,1.00,16558227241.92,USD,32.27,6.96,12.35,1.29,Producer manufacturing,america,Producer Manufacturing,Buy,Buy,0.79,-2.95,-2.97,3.26,12.15,26.16,38.26,1.20,139.56,7674.81,2.13,2.19,Neutral,Neutral,Sell,Sell,Neutral,Neutral,40.06,-9.84,-2.63,-208.09,7.61,10.69,0.00,0.00,0.00,0.00,0.00,0.22,584951.00,1.64,224.61,0.00,98921.00,34.58,32.27,2.59,4.61,4.15,23.25,25.98,26.66,17817127241.92,4.97,23.61,18.42,230.74,232.30,228.82,220.64,205.30,256.69,280.00,215.00,265.00,8.81,2.11,2.23,3688622410.00,905374806.00,929901898.00
[object Object],CON,Continental AG,XETR,69.10,stock,common,100.00,2.00,false,0.00,EUR,-2.48,393125.00,1.15,16428532138.31,USD,0.00,-1.51,-117.79,3.81,Consumer durables,germany,Consumer Durables,Buy,Buy,-2.48,-0.95,-5.29,-2.79,4.54,1.74,19.08,-8.88,-47.24,578.01,2.55,2.35,Sell,Sell,StrongSell,Strong sell,Neutral,Neutral,46.91,1.96,0.11,30.51,66.42,71.39,0.00,0.00,0.00,0.00,0.00,-1.10,393125.00,-11.12,69.10,0.00,257263.00,-5.65,0.00,0.00,0.80,3.29,5.46,8.57,15.62,23585371198.31,1.17,12.38,7.80,69.66,69.72,70.85,69.70,67.97,90.72,104.86,72.24,92.05,6.73,1.63,1.53,17458237269.48,5032511373.26,4110957211.95
[object Object],SOBI,Swedish Orphan Biovitrum AB,OMXSTO,455.00,stock,common,10.00,2.00,false,0.00,SEK,-0.52,322823.00,1.15,16342227195.08,USD,118.18,0.40,-69.44,0.00,Health technology,sweden,Health Technology,Buy,Buy,-0.52,-3.11,-1.90,4.84,19.05,35.82,60.89,100.15,366.56,1286.26,2.11,2.30,Neutral,Neutral,Neutral,Neutral,Neutral,Neutral,48.43,-10.60,4.06,17.17,53.73,63.98,0.00,0.00,0.00,0.00,0.00,-0.04,322823.00,-23.62,0.00,0.00,0.00,67.01,118.18,0.00,5.23,3.74,20.26,20.33,147.20,18052870395.08,5.74,19.06,9.00,460.34,456.40,461.06,446.66,403.74,54.16,60.32,46.16,54.02,2.03,0.35,0.64,3573586221.65,752411047.79,922998300.00
[object Object],COLO_B,Coloplast A/S Class B,OMXCOP,479.10,stock,common,10.00,1.00,false,0.00,DKK,2.07,680857.00,1.70,16338687933.03,USD,39.08,1.87,-32.23,4.90,Health technology,denmark,Health Technology,Neutral,Neutral,2.07,3.93,11.16,26.25,3.72,-12.22,-23.22,-56.58,-5.60,602.49,2.77,2.75,StrongBuy,Strong buy,StrongBuy,Strong buy,Buy,Buy,69.06,35.30,28.32,155.56,88.07,87.24,0.00,0.00,0.00,0.00,0.00,1.00,680857.00,-12.84,0.00,0.00,0.00,-23.00,39.08,0.00,3.72,8.08,14.07,17.22,132.16,19894622133.03,4.59,17.49,10.92,458.36,438.81,422.89,412.09,465.55,73.72,96.69,60.33,72.71,3.97,0.93,0.85,4523069878.03,1106456689.19,1137273607.77
[object Object],ADM,Admiral Group plc,LSE,3934.00,stock,common,1.00,2.00,false,0.00,GBX,-0.05,1134893.00,1.28,16291479125.94,USD,17.32,3.01,-15.85,5.21,Finance,uk,Finance,Buy,Buy,-0.05,-3.44,3.80,22.71,29.66,22.25,9.10,13.47,90.69,1273.12,2.16,2.29,Buy,Buy,Buy,Buy,Neutral,Neutral,54.45,40.00,227.31,32.09,55.23,71.46,long_upper_shadow_bearish,0.00,0.00,0.00,0.00,0.05,1134893.00,12.64,3934.00,0.00,376249.00,10.38,17.32,0.00,2.16,8.04,26.38,32.88,0.00,19107182935.94,2.58,0.00,0.00,3995.40,3844.47,3741.28,3544.67,3292.14,52.55,61.20,35.51,55.22,3.19,1.31,1.61,6848652614.77,3761704241.10,3586681268.50
[object Object],ALB,Albemarle Corporation,NYSE,137.75,stock,common,100.00,1.00,false,0.00,USD,1.63,2394891.00,1.29,16255195973.90,USD,0.00,-0.04,99.61,1.20,Process industries,america,Process Industries,Buy,Buy,1.63,3.91,18.55,-16.59,-13.16,-4.19,68.01,-42.60,72.30,1800.00,3.94,3.69,Buy,Buy,Buy,Buy,Buy,Buy,57.14,3.47,8.60,54.92,50.56,51.79,0.00,133.50,-1.51,-1.14,3574.00,-1.18,2394891.00,54.15,137.80,0.04,832848.00,70.87,0.00,0.00,3.12,2.02,10.42,13.98,11.50,19116235973.90,3.24,22.91,12.92,136.80,128.33,128.59,154.50,156.45,176.00,225.00,140.00,172.50,11.50,3.20,2.56,6190188680.00,1606941023.00,1530188874.00
[object Object],URW,Unibail-Rodamco-Westfield SE Stapled Secs Cons of 1 Sh Unibail Rodamco + 1 Sh WFD Unib Rod,EURONEXT,96.62,fund,reit,100.00,2.00,false,0.00,EUR,-0.31,266495.00,0.91,16233552771.75,USD,8.95,12.33,102.25,4.64,Finance,france,Finance,Buy,Buy,-0.31,-6.78,-8.46,-1.09,-1.91,3.78,8.88,32.98,-60.78,-45.12,1.81,1.28,Sell,Sell,StrongSell,Strong sell,Sell,Sell,21.01,-6.03,-4.87,-186.76,5.09,6.15,0.00,0.00,0.00,0.00,0.00,-0.02,266495.00,-32.31,96.62,0.00,200652.00,13.07,8.95,0.09,4.72,0.85,8.75,17.37,4.99,46062641284.75,13.43,23.01,22.66,100.35,102.93,102.90,101.73,98.39,135.86,159.97,115.92,136.78,10.88,5.61,5.32,2889787386.81,1696807650.58,1690638043.35
[object Object],BOL,Boliden AB,OMXSTO,542.80,stock,common,10.00,2.00,false,0.00,SEK,-1.52,1178589.00,1.08,16230502200.25,USD,12.16,4.58,52.37,2.00,Non-energy minerals,sweden,Non-Energy Minerals,Neutral,Neutral,-1.52,-6.38,13.08,-6.06,-16.26,5.11,66.76,96.78,237.22,16.25,3.04,2.90,Neutral,Neutral,Neutral,Neutral,Sell,Sell,51.25,8.60,43.27,-1.00,47.53,58.36,spinning_top_black,0.00,0.00,0.00,0.00,-1.31,1178589.00,-1.24,0.00,0.00,0.00,71.61,12.16,0.24,1.51,1.92,7.40,32.31,36.72,18152075000.25,1.71,10.82,6.73,563.10,522.92,522.05,530.32,544.45,58.43,73.29,49.21,55.65,4.58,0.80,1.11,12469383918.64,2986200197.81,2957464911.69
[object Object],PTC,PTC Inc.,NASDAQ,149.13,stock,common,100.00,1.00,false,0.00,USD,-2.41,1129500.00,1.07,16181537713.93,USD,14.42,10.34,143.85,0.00,Technology services,america,Technology Services,Buy,Buy,-2.41,0.05,6.86,4.63,-9.21,-14.46,-29.12,11.40,249.91,8080.80,2.98,3.35,Neutral,Neutral,Buy,Buy,Sell,Sell,53.02,-3.31,13.22,-9.34,51.03,68.88,0.00,0.00,0.00,0.00,0.00,-0.78,1129500.00,62.18,149.13,0.00,153028.00,-34.91,14.42,0.10,5.95,4.76,17.97,18.35,48.70,17437177713.93,5.90,14.84,13.32,153.90,144.79,135.20,135.72,149.03,174.05,230.00,140.00,170.00,8.19,1.57,1.96,2723229852.00,611619659.00,660887896.00
[object Object],KIM,Kimco Realty Corporation,NYSE,24.08,stock,common,100.00,1.00,false,0.00,USD,-0.17,4561175.00,1.00,16152608535.36,USD,28.23,0.85,2.92,4.27,Finance,america,Finance,Buy,Buy,-0.17,0.12,-5.35,0.12,4.24,19.03,7.69,8.57,-19.89,441.79,1.03,1.53,Sell,Sell,Sell,Sell,Neutral,Neutral,42.81,-0.24,-0.98,-28.02,33.04,19.73,0.00,24.44,1.33,1.29,497.00,0.46,4561175.00,-23.85,24.08,0.00,1089645.00,7.38,28.23,9.68,7.37,1.57,13.72,20.33,23.10,24778396535.36,11.27,32.67,18.00,24.00,24.65,24.98,24.49,23.01,27.11,31.00,24.00,26.63,0.84,0.20,0.20,2213339807.00,543753979.00,551600932.00
[object Object],IPN,Ipsen SA,EURONEXT,167.70,stock,common,10.00,1.00,false,0.00,EUR,0.00,86028.00,1.10,16078399386.52,USD,27.14,7.06,15.12,0.95,Health technology,france,Health Technology,Buy,Buy,0.00,0.78,1.70,11.13,2.07,41.28,43.70,99.03,183.13,655.41,2.43,2.35,Buy,Buy,StrongBuy,Strong buy,Neutral,Neutral,57.25,2.60,4.30,112.83,79.73,74.43,spinning_top_white,0.00,0.00,0.00,0.00,-0.24,86028.00,-10.40,167.70,0.00,59950.00,44.94,27.14,1.80,3.44,2.94,10.66,11.34,7.06,14911442813.52,3.23,10.71,6.73,165.21,161.56,162.67,161.67,151.09,193.94,271.78,150.34,196.61,16.81,7.42,8.30,5283137099.79,2418312050.00,2677149305.00
[object Object],ELI,Elia Group SA/NV,EURONEXT,119.60,stock,common,10.00,1.00,false,0.00,EUR,-5.30,151559.00,1.80,15962492716.82,USD,20.54,6.65,-2.78,1.14,Utilities,belgium,Utilities,Buy,Buy,-5.30,-6.27,-4.17,-10.08,-9.74,8.04,24.97,17.75,181.14,351.15,3.31,2.46,StrongSell,Strong sell,StrongSell,Strong sell,Sell,Sell,30.94,-5.70,-3.79,-199.38,26.53,37.54,0.00,0.00,0.00,0.00,0.00,0.16,151559.00,22.15,119.60,0.00,113179.00,35.37,20.54,0.00,2.85,1.66,6.87,0.00,3.79,35078463168.82,6.35,16.66,11.73,126.41,129.25,132.79,134.32,127.34,173.84,197.06,144.90,174.17,7.81,4.13,4.18,6663150573.04,3632868876.74,3230717011.93
[object Object],BG,BAWAG Group AG,VIE,177.80,stock,common,10.00,1.00,false,0.00,EUR,0.40,111126.00,1.18,15807526817.82,USD,15.55,13.06,13.98,3.53,Finance,austria,Finance,StrongBuy,Strong buy,0.40,-0.39,0.74,20.87,42.24,38.58,58.75,251.73,270.42,270.42,1.75,1.67,Buy,Buy,Buy,Buy,Neutral,Neutral,50.91,2.10,2.23,-36.77,54.48,60.81,0.00,0.00,0.00,0.00,0.00,-0.06,111126.00,13.47,177.80,0.00,85445.00,57.01,15.55,1.11,5.10,2.91,11.10,12.64,0.00,21939641917.82,4.97,0.00,0.00,177.80,177.38,176.58,165.11,146.75,226.70,257.34,202.86,222.56,14.66,0.00,0.00,2805534050.55,0.00,0.00
[object Object],MAP,Mapfre SA,BME,4.48,stock,common,1000.00,2.00,false,0.00,EUR,0.49,1854444.00,1.21,15765798455.01,USD,11.62,0.44,10.93,3.28,Finance,spain,Finance,Neutral,Neutral,0.49,1.40,1.27,15.22,20.61,5.06,18.07,143.12,84.90,245.83,1.25,1.11,Buy,Buy,StrongBuy,Strong buy,Neutral,Neutral,58.97,0.12,0.05,127.26,74.83,80.30,0.00,0.00,0.00,0.00,0.00,-0.22,1854444.00,16.29,0.00,0.00,0.00,18.37,11.62,1.06,0.46,1.37,5.44,5.58,0.00,20399892318.01,0.59,0.00,0.00,4.44,4.42,4.41,4.27,4.12,4.86,5.33,4.23,4.87,0.48,0.00,0.00,34644033634.92,0.00,0.00
[object Object],APA,APA Corporation,NASDAQ,44.70,stock,common,100.00,1.00,false,0.00,USD,0.89,4267756.00,0.79,15658960088.70,USD,9.45,4.73,58.66,2.26,Energy minerals,america,Energy Minerals,Neutral,Neutral,0.89,9.88,22.45,19.01,35.89,81.83,92.57,132.00,-9.43,2108.00,3.27,3.50,StrongBuy,Strong buy,StrongBuy,Strong buy,Neutral,Neutral,68.63,1.24,3.96,112.62,82.38,71.98,0.00,43.68,-1.40,0.63,10872.00,-1.24,4267756.00,-11.44,45.10,0.91,611538.00,81.96,9.45,0.16,1.78,2.23,3.49,7.53,35.64,20018960088.70,2.27,5.50,3.30,43.03,39.80,37.43,37.49,33.39,44.48,57.00,31.00,44.00,5.87,1.90,1.28,8895106484.00,2460458417.00,2201280847.00
[object Object],SOLV,Solventum Corporation,NYSE,91.90,stock,common,100.00,1.00,false,0.00,USD,1.04,824344.00,0.89,15643561146.21,USD,11.23,8.18,276.86,0.00,Health services,america,Health Services,Buy,Buy,1.04,0.46,6.37,16.01,31.29,15.98,27.06,0.93,0.93,0.93,2.32,2.94,StrongBuy,Strong buy,StrongBuy,Strong buy,Neutral,Neutral,66.84,4.09,5.42,98.87,74.19,78.68,0.00,0.00,0.00,0.00,0.00,0.19,824344.00,-25.92,91.90,0.00,290005.00,24.33,11.23,0.04,1.90,3.26,76.20,0.00,39.52,20526561146.21,2.47,29.12,17.34,90.85,87.08,83.40,78.52,77.23,95.83,113.00,70.00,97.50,7.16,1.90,1.35,8238362920.00,2154045686.00,1933846746.00
[object Object],WISE,Wise Group plc Class A,LSE,973.20,stock,common,10.00,2.00,false,0.00,GBX,1.38,1272251.00,0.88,15512983966.00,USD,0.00,0.00,0.00,0.00,Commercial services,uk,Commercial Services,StrongBuy,Strong buy,1.38,2.44,9.89,20.74,8.37,9.10,-9.72,-3.16,21.65,21.65,2.97,2.87,StrongBuy,Strong buy,StrongBuy,Strong buy,Buy,Buy,59.12,31.00,39.12,85.80,62.35,67.95,0.00,0.00,0.00,0.00,0.00,-0.63,1272251.00,-14.09,973.20,0.00,779798.00,-16.78,0.00,0.00,0.00,6.85,0.00,0.00,2.46,10502032385.00,0.00,0.00,0.00,957.52,928.31,929.25,940.73,914.25,16.57,18.50,13.00,16.90,0.57,0.27,0.29,2909542243.02,1261323388.00,1381647610.00
[object Object],TYL,"Tyler Technologies, Inc.",NYSE,374.88,stock,common,100.00,1.00,false,0.00,USD,-0.41,823629.00,0.67,15352188299.04,USD,49.68,7.55,7.90,0.00,Technology services,america,Technology Services,Buy,Buy,-0.41,9.48,17.72,20.60,2.07,-16.81,-32.48,-23.27,129.23,10153.13,3.18,3.59,Buy,Buy,StrongBuy,Strong buy,Sell,Sell,68.79,28.00,43.62,112.49,88.46,91.03,0.00,374.86,-0.42,-0.42,41.00,-0.95,823629.00,-13.31,374.88,0.00,124575.00,-35.50,49.68,6.31,6.48,5.05,21.47,21.97,16.17,15837183299.04,6.52,43.06,30.31,362.87,333.01,321.74,319.33,358.51,423.14,525.00,335.00,425.00,13.08,3.05,3.48,2554948732.00,647946789.00,651705541.00
[object Object],KRZ,Kerry Group PLC,EURONEXT,84.40,stock,common,100.00,5.00,false,0.00,EUR,0.96,327123.00,1.12,15336559300.59,USD,21.50,4.48,-7.27,1.67,Process industries,ireland,Process Industries,Buy,Buy,0.96,-0.35,2.24,17.79,21.44,10.11,8.21,-32.07,9.14,451.63,1.80,1.73,Buy,Buy,StrongBuy,Strong buy,Neutral,Neutral,54.99,2.45,1.02,33.02,60.00,64.44,0.00,0.00,0.00,0.00,0.00,0.30,327123.00,-31.11,84.40,0.00,119396.00,5.37,21.50,0.00,2.03,2.19,18.28,29.87,29.85,17926305679.59,2.37,17.54,12.97,84.38,83.36,83.04,77.77,75.66,111.55,122.35,87.39,111.86,5.99,2.46,3.49,8013483179.08,3848160891.46,4049724159.39
[object Object],ING,ING Bank Slaski S.A.,GPW,443.80,stock,common,10.00,2.00,false,0.00,PLN,0.63,8918.00,0.46,15329786498.28,USD,12.84,9.18,-1.34,6.06,Finance,poland,Finance,Sell,Sell,0.63,0.18,-1.16,1.00,9.85,29.96,43.62,92.12,196.46,557.48,1.92,1.93,Neutral,Neutral,Buy,Buy,Neutral,Neutral,48.70,-2.00,-0.37,-91.92,48.36,47.87,"dragonfly_doji_bullish,long_lower_shadow_bullish",0.00,0.00,0.00,0.00,0.63,8918.00,-20.48,0.00,0.00,0.00,44.59,12.84,0.00,4.46,2.93,3.80,3.84,0.00,19869611788.28,4.25,0.00,0.00,443.40,443.61,448.16,438.00,407.55,110.69,118.37,93.52,114.62,8.81,0.00,0.00,3343613821.04,802051237.50,0.00
[object Object],MBK,mBank SA,GPW,1404.50,stock,common,10.00,5.00,false,0.00,PLN,4.38,18235.00,0.99,15296189339.13,USD,15.36,24.27,20.61,0.00,Finance,poland,Finance,Sell,Sell,4.38,1.41,3.92,9.30,44.91,30.96,57.81,273.54,260.08,43504.47,3.52,2.92,Buy,Buy,StrongBuy,Strong buy,Neutral,Neutral,54.44,-0.50,-19.42,-46.28,36.12,21.66,0.00,0.00,0.00,0.00,0.00,0.00,18235.00,17.21,0.00,0.00,0.00,55.92,15.36,0.71,4.12,2.56,13.29,16.84,0.00,17042008799.13,3.52,0.00,0.00,1373.10,1381.18,1386.57,1321.58,1182.96,301.26,362.19,237.91,306.72,27.97,0.00,0.00,3461982451.35,758093830.09,0.00
[object Object],GJF,Gjensidige Forsikring ASA,OSL,281.20,stock,common,10.00,2.00,false,0.00,NOK,-0.71,190864.00,0.67,15179162104.87,USD,20.24,1.40,5.89,3.53,Finance,norway,Finance,Buy,Buy,-0.71,-0.28,-0.28,14.31,5.48,-6.89,1.74,38.52,91.42,376.61,1.15,1.21,Neutral,Neutral,Neutral,Neutral,Neutral,Neutral,50.52,2.40,3.36,-8.75,56.36,68.00,0.00,0.00,0.00,0.00,0.00,-0.42,190864.00,-44.35,281.20,0.00,138582.00,3.36,20.24,3.46,2.75,6.38,18.10,18.77,0.00,15967725304.87,3.17,0.00,0.00,282.44,281.56,278.41,267.86,271.61,31.33,34.42,26.16,31.63,1.54,0.43,0.48,4569129988.86,1138634517.39,1276758243.97
[object Object],HST,"Host Hotels & Resorts, Inc.",NASDAQ,22.11,stock,common,100.00,1.00,false,0.00,USD,2.17,7455203.00,0.90,15148099828.06,USD,14.83,1.49,57.83,3.70,Finance,america,Finance,Buy,Buy,2.17,-3.83,-12.00,-8.14,13.36,24.56,29.45,34.16,23.66,665.40,1.97,2.05,Sell,Sell,StrongSell,Strong sell,Buy,Buy,37.37,-1.04,-1.46,-133.09,15.46,9.36,0.00,21.73,0.42,0.42,100.00,0.18,7455203.00,20.62,22.07,-0.18,1824998.00,26.33,14.83,0.25,2.39,2.37,9.48,14.99,7.78,19070099828.06,3.07,21.36,11.35,22.52,23.47,23.61,23.05,20.88,25.12,29.00,21.00,25.00,1.38,0.34,0.09,6126746681.00,1615766898.00,1352804987.00
[object Object],AKAM,"Akamai Technologies, Inc.",NASDAQ,105.09,stock,common,100.00,1.00,false,0.00,USD,-1.29,2172376.00,0.75,15103178810.83,USD,37.91,2.77,-1.72,0.00,Technology services,america,Technology Services,Buy,Buy,-1.29,-0.45,-8.62,-33.09,5.12,20.38,34.44,-7.56,91.70,-4.46,3.33,4.69,StrongSell,Strong sell,StrongSell,Strong sell,Sell,Sell,38.81,-7.75,-7.33,-103.21,11.66,16.20,0.00,106.84,0.35,-0.43,688.00,-0.43,2172376.00,-19.57,105.90,0.77,331451.00,38.61,37.91,0.00,3.78,3.18,11.16,25.64,4.81,21086777810.83,4.88,40.93,16.96,107.88,114.12,116.38,121.82,109.40,157.85,195.00,93.00,161.50,6.72,1.57,1.68,4490578314.00,1091295536.00,1118192176.00
[object Object],INF,Informa Plc,LSE,878.60,stock,common,10.00,2.00,false,0.00,GBX,-1.10,1786281.00,0.79,15016387186.68,USD,50.70,0.23,219.74,2.53,Technology services,uk,Technology Services,Buy,Buy,-1.10,-2.27,-2.09,9.03,8.42,-1.24,0.30,58.44,34.98,268.46,1.35,1.57,Sell,Sell,Sell,Sell,Sell,Sell,42.29,-15.80,-7.71,-174.87,21.08,20.67,0.00,0.00,0.00,0.00,0.00,-0.86,1786281.00,-2.89,878.60,0.00,1242291.00,-0.38,50.70,0.23,2.78,1.94,12.98,13.40,18.73,20745088406.68,3.85,20.58,12.90,893.80,897.02,896.60,856.20,854.85,14.68,17.34,12.14,14.50,0.77,0.32,0.41,5821972699.70,2671806500.10,3005970228.25
[object Object],LUND_B,L E Lundbergforetagen AB Class B,OMXSTO,581.00,stock,common,10.00,5.00,false,0.00,SEK,-0.51,165961.00,1.01,15004595200.00,USD,7.79,7.66,154.56,0.84,Finance,sweden,Finance,Neutral,Neutral,-0.51,1.31,1.04,7.59,3.47,13.59,20.04,4.35,121.76,1903.45,2.04,1.44,Buy,Buy,StrongBuy,Strong buy,Neutral,Neutral,58.71,25.00,16.87,57.88,75.76,81.38,0.00,0.00,0.00,0.00,0.00,0.00,165961.00,-26.28,0.00,0.00,0.00,23.78,7.79,0.05,5.02,1.00,17.26,20.90,0.00,22724142000.00,7.67,26.93,22.78,575.85,570.63,564.57,552.62,539.86,64.50,72.24,59.89,62.92,0.00,0.00,0.00,0.00,0.00,0.00
[object Object],SY1,Symrise AG,XETR,91.82,stock,common,100.00,2.00,false,0.00,EUR,-0.65,248027.00,0.79,14974106345.95,USD,51.64,2.03,-50.97,1.35,Process industries,germany,Process Industries,Buy,Buy,-0.65,-0.37,3.05,21.29,26.33,33.11,11.16,-23.93,36.31,432.29,1.80,1.74,Buy,Buy,StrongBuy,Strong buy,Neutral,Neutral,56.33,4.26,2.69,60.52,75.77,78.92,0.00,92.06,-0.39,-0.39,200.00,0.00,248027.00,-40.98,91.82,0.00,142781.00,11.46,51.64,0.00,2.60,3.37,15.03,19.03,28.19,17116330037.60,3.05,25.84,17.26,91.65,90.10,89.56,83.76,77.76,113.88,127.51,85.78,115.92,4.64,2.16,2.13,5916965579.06,2875556613.60,2882905530.00
[object Object],MAA,"Mid-America Apartment Communities, Inc.",NYSE,128.61,stock,common,100.00,1.00,false,0.00,USD,-0.58,712752.00,0.91,14921583030.26,USD,37.57,3.42,-29.50,4.72,Finance,america,Finance,Neutral,Neutral,-0.58,-2.61,-2.82,-4.02,-3.47,-7.15,-11.20,-34.70,36.83,494.73,1.36,1.66,Sell,Sell,StrongSell,Strong sell,Neutral,Neutral,40.01,-2.86,-3.38,-145.82,11.80,10.88,0.00,0.00,0.00,0.00,0.00,0.24,712752.00,-20.39,128.61,0.00,183650.00,-9.91,37.57,0.00,6.77,2.74,14.77,23.16,229.79,20720455030.26,9.34,33.62,16.48,130.52,132.36,134.08,132.28,132.23,143.64,160.00,121.00,145.00,3.69,0.76,0.80,2229384645.00,556184457.00,559185674.00
[object Object],DOC,"Healthpeak Properties, Inc.",NYSE,21.03,stock,common,100.00,1.00,false,0.00,USD,1.01,5512075.00,1.28,14858267254.38,USD,60.12,0.35,49.04,5.86,Finance,america,Finance,Buy,Buy,1.01,-2.91,-3.93,8.18,22.91,31.11,17.75,-42.42,-41.04,339.83,1.87,2.02,Neutral,Neutral,Neutral,Neutral,Sell,Sell,46.85,0.27,-0.52,-23.28,35.00,37.06,0.00,20.85,0.14,0.14,1000.00,-0.48,5512075.00,22.39,21.03,0.00,1445842.00,15.43,60.12,1.21,4.87,1.85,11.52,13.09,8.44,25113652254.38,8.51,47.43,15.44,21.23,21.38,21.55,20.11,18.58,23.03,29.00,17.00,23.00,0.45,0.03,0.05,3017042743.00,725644112.00,742710535.00
[object Object],UPM,UPM-Kymmene Oyj,OMXHEX,24.31,stock,common,100.00,1.00,false,0.00,EUR,0.16,1136885.00,1.05,14835492814.55,USD,20.51,1.35,82.65,6.18,Process industries,finland,Process Industries,Buy,Buy,0.16,2.19,3.31,-2.76,-9.09,-2.37,-0.25,-29.54,30.35,18.15,1.57,1.51,Buy,Buy,StrongBuy,Strong buy,Neutral,Neutral,65.05,1.20,0.61,125.96,88.17,83.90,0.00,0.00,0.00,0.00,0.00,0.00,1136885.00,-17.27,0.00,0.00,0.00,1.85,20.51,0.25,1.35,1.29,11.03,16.21,27.99,19172022604.55,1.77,21.61,13.02,23.92,23.44,23.35,24.32,24.71,30.06,44.02,20.15,30.52,1.69,0.33,0.35,11247799035.48,2776216668.14,2727992355.60
[object Object],LIFCO_B,Lifco AB Class B,OMXSTO,311.40,stock,common,10.00,2.00,false,0.00,SEK,-0.89,346526.00,1.06,14785249073.32,USD,36.71,0.87,12.86,0.86,Producer manufacturing,sweden,Producer Manufacturing,Buy,Buy,-0.89,-2.08,-4.01,4.22,2.37,-11.78,-7.10,22.55,542.06,1315.45,1.50,1.59,StrongSell,Strong sell,StrongSell,Strong sell,Sell,Sell,39.42,-2.00,-2.95,-99.79,35.37,44.52,inverted_hammer_bullish,0.00,0.00,0.00,0.00,-0.45,346526.00,-31.21,0.00,0.00,0.00,-4.38,36.71,2.88,4.88,6.96,27.04,29.68,105.79,15894805073.32,5.29,28.66,21.08,316.02,319.51,320.31,309.28,315.22,37.63,45.11,34.22,37.02,1.08,0.24,0.23,3305193151.02,784229247.94,773917317.77
[object Object],SWK,"Stanley Black & Decker, Inc.",NYSE,96.89,stock,common,100.00,1.00,false,0.00,USD,2.52,1455622.00,0.98,14632003291.80,USD,23.63,4.10,30.04,3.51,Consumer durables,america,Consumer Durables,Neutral,Neutral,2.52,-2.00,1.06,21.97,28.06,29.51,34.42,-49.76,-21.64,4315.20,3.19,2.72,Neutral,Neutral,Neutral,Neutral,Buy,Buy,48.76,-2.91,0.20,-121.09,15.21,14.49,0.00,94.99,0.51,-0.39,1244.00,0.53,1455622.00,-23.13,95.84,-1.08,243648.00,28.56,23.63,0.77,0.93,1.63,9.41,11.32,24.17,18785903291.80,1.23,13.46,9.94,98.04,98.36,94.95,86.51,81.64,99.36,110.00,90.00,98.00,5.60,1.21,1.56,15169432250.00,3966862091.00,3737733223.00
[object Object],RVTY,"Revvity, Inc.",NYSE,130.94,stock,common,100.00,1.00,false,0.00,USD,3.44,2101523.00,1.15,14611122173.36,USD,62.19,2.11,-10.66,0.22,Health technology,america,Health Technology,Buy,Buy,3.44,6.20,16.41,28.33,38.87,34.71,46.42,-30.76,145.80,3852.91,2.85,3.22,StrongBuy,Strong buy,StrongBuy,Strong buy,Neutral,Neutral,69.42,11.49,11.07,114.94,88.57,90.15,0.00,126.00,-0.47,0.01,1898.00,-0.51,2101523.00,-31.25,130.94,0.00,526813.00,38.50,62.19,0.00,4.85,2.02,23.29,26.19,14.28,16928982173.36,5.81,37.62,19.63,126.78,118.48,115.56,105.71,101.98,123.50,145.00,110.00,125.00,5.35,1.21,1.29,2851317193.00,702956637.00,694460494.00
[object Object],ERF,Eurofins Scientific SE,EURONEXT,72.78,stock,common,100.00,2.00,false,0.00,EUR,1.70,228096.00,0.91,14599487507.95,USD,25.29,3.29,26.97,1.01,Commercial services,france,Commercial Services,Neutral,Neutral,1.70,-1.46,6.25,17.01,10.78,16.63,12.42,-40.97,91.53,52715.67,1.96,1.79,Buy,Buy,StrongBuy,Strong buy,Neutral,Neutral,59.83,2.12,2.28,56.87,61.22,62.33,0.00,0.00,0.00,0.00,0.00,-0.34,228096.00,-7.66,72.78,0.00,109973.00,12.60,25.29,0.92,1.78,3.49,9.81,21.09,21.64,20262826171.95,2.40,19.27,10.88,72.81,70.26,69.80,66.22,65.29,83.27,99.39,67.03,80.61,4.68,2.18,1.88,8912180326.12,4231223804.30,4411171193.29
[object Object],EG,"Everest Group, Ltd.",NYSE,378.28,stock,common,100.00,1.00,false,0.00,USD,-0.09,345749.00,1.25,14504289344.84,USD,8.01,47.25,146.14,2.11,Finance,america,Finance,Neutral,Neutral,-0.09,0.82,1.06,17.40,14.13,11.86,10.76,44.72,96.47,1917.49,1.61,1.80,StrongBuy,Strong buy,StrongBuy,Strong buy,Neutral,Neutral,55.96,14.35,3.33,124.72,72.25,74.33,0.00,378.61,0.00,0.00,1002.00,0.43,345749.00,-6.37,378.28,0.00,110931.00,0.22,8.01,0.05,0.88,0.95,6.58,6.58,0.00,18093289344.84,1.08,0.00,0.00,375.72,374.70,371.85,357.54,342.23,404.81,480.00,350.00,398.00,53.54,14.52,8.42,15579022287.00,3993517940.00,3808720567.00
[object Object],MONC,Moncler SpA,MIL,46.56,stock,common,100.00,1.00,false,0.00,EUR,0.89,850894.00,0.94,14481496577.54,USD,19.83,2.68,3.85,3.03,Consumer non-durables,italy,Consumer Non-Durables,Buy,Buy,0.89,-1.83,-4.90,-13.13,-15.19,-16.56,-5.84,-14.85,206.92,223.33,2.12,2.28,Sell,Sell,StrongSell,Strong sell,Sell,Sell,39.82,-1.11,-1.74,-90.93,10.94,13.34,0.00,0.00,0.00,0.00,0.00,0.00,850894.00,-18.11,0.00,0.00,0.00,-5.62,19.83,5.11,3.93,3.47,12.33,15.84,24.68,15320161269.02,4.20,14.36,10.45,47.17,48.44,49.47,51.46,52.54,71.79,81.14,61.44,71.87,2.81,0.68,2.12,3843397182.10,1471905962.71,2325335140.00
[object Object],MKC,"McCormick & Company, Incorporated",NYSE,53.80,stock,common,100.00,1.00,false,0.00,USD,-0.85,1855338.00,0.74,14460545873.94,USD,8.95,6.01,108.65,3.48,Consumer non-durables,america,Consumer Non-Durables,Buy,Buy,-0.85,-0.77,4.53,13.19,-17.37,-21.16,-23.56,-38.41,5.65,6335.88,2.03,2.45,Sell,Sell,Sell,Sell,Sell,Sell,50.05,-2.68,1.31,-24.14,26.49,42.92,0.00,54.50,0.44,-0.02,717.00,0.15,1855338.00,-21.83,54.07,0.50,500775.00,-21.00,8.95,0.08,1.98,2.07,11.76,14.20,43.73,19640545873.94,2.66,15.90,13.16,54.86,53.33,52.68,50.72,57.24,60.64,75.00,52.00,60.00,3.09,0.69,0.76,7908945575.00,1913593572.00,1979364900.00
[object Object],CPT,Camden Property Trust,NYSE,105.54,stock,common,100.00,1.00,false,0.00,USD,-0.40,785935.00,0.89,14273161130.48,USD,34.93,3.02,110.85,3.98,Finance,america,Finance,Neutral,Neutral,-0.40,-1.88,-4.70,-4.05,-1.94,-3.72,-4.97,-30.96,20.48,363.91,1.22,1.56,Sell,Sell,StrongSell,Strong sell,Neutral,Neutral,37.17,-2.86,-4.19,-135.41,12.93,12.12,0.00,0.00,0.00,0.00,0.00,0.45,785935.00,-9.08,105.54,0.00,181504.00,-6.77,34.93,0.32,6.86,2.85,13.38,33.52,194.89,19166946130.48,12.13,68.50,21.38,107.00,109.73,111.51,109.04,107.29,117.38,132.00,105.00,117.00,1.08,0.31,0.19,1544628618.00,392874687.00,384436122.00
[object Object],LULU,lululemon athletica inc.,NASDAQ,120.07,stock,common,100.00,1.00,false,0.00,USD,1.75,3919262.00,0.92,14248700912.78,USD,9.70,12.38,-15.49,0.00,Consumer non-durables,america,Consumer Non-Durables,Neutral,Neutral,1.75,1.60,-1.73,-6.63,-30.10,-42.61,-39.91,-69.85,58.22,860.56,4.06,3.30,Neutral,Neutral,Neutral,Neutral,Neutral,Neutral,50.94,0.62,-0.01,-6.77,47.71,43.51,0.00,119.00,0.85,0.31,5746.00,0.47,3919262.00,2.77,120.42,0.29,671812.00,-43.46,9.70,0.00,1.22,2.85,7.16,10.83,9.15,14869979912.78,1.33,7.19,5.75,118.84,120.00,118.46,125.20,153.33,121.10,154.00,88.00,120.00,10.84,1.68,1.79,11025595596.00,2437462552.00,2458076537.00
[object Object],UU.,United Utilities Group PLC,LSE,1362.00,stock,common,1.00,1.00,false,0.00,GBX,-2.85,1872188.00,1.18,14073727086.16,USD,15.87,1.13,121.69,3.83,Utilities,uk,Utilities,Buy,Buy,-2.85,-5.48,-1.87,4.13,-0.07,13.74,21.72,27.71,40.12,122.55,2.77,1.87,Sell,Sell,Sell,Sell,Sell,Sell,39.04,-53.00,17.78,-273.97,35.97,53.40,0.00,0.00,0.00,0.00,0.00,-0.36,1872188.00,-9.74,1362.00,0.00,891606.00,39.93,15.87,0.13,3.66,4.14,6.74,0.00,5.19,27176337276.16,7.86,19.10,13.04,1416.00,1404.63,1378.36,1359.72,1312.60,20.42,22.51,18.28,20.76,1.40,0.70,0.69,3651885531.64,2047923420.00,1509916945.30
[object Object],SJM,J.M. Smucker Company,NYSE,131.44,stock,common,100.00,1.00,false,0.00,USD,0.02,1149687.00,0.72,14040838734.59,USD,61.63,2.13,0.00,3.36,Consumer non-durables,america,Consumer Non-Durables,Buy,Buy,0.02,-2.49,9.69,28.02,18.66,34.18,18.99,7.43,-6.93,8245.75,2.83,2.51,Buy,Buy,StrongBuy,Strong buy,Neutral,Neutral,68.94,8.60,10.56,101.53,75.95,77.87,0.00,0.00,0.00,0.00,0.00,0.30,1149687.00,-33.16,131.44,0.00,273230.00,20.34,61.63,0.00,1.54,2.44,7.37,8.86,325.86,20937838734.59,2.29,12.23,9.26,128.78,122.80,118.87,110.33,106.63,142.73,157.00,112.00,145.00,10.79,2.22,2.55,8955147346.00,2131105250.00,2263387862.00
[object Object],AIZ,"Assurant, Inc.",NYSE,284.07,stock,common,100.00,1.00,false,0.00,USD,1.17,216600.00,0.69,14011401806.49,USD,13.48,21.07,52.57,1.25,Finance,america,Finance,Buy,Buy,1.17,-0.38,1.27,13.19,26.15,18.55,32.67,67.12,216.23,1096.08,1.69,2.22,Buy,Buy,StrongBuy,Strong buy,Neutral,Neutral,52.43,5.76,1.43,-40.66,50.49,54.73,0.00,0.00,0.00,0.00,0.00,0.20,216600.00,-11.94,284.07,0.00,60829.00,27.91,13.48,0.25,1.04,2.30,7.57,8.55,0.00,16219501806.49,1.21,0.00,0.00,284.53,283.41,279.69,262.22,245.23,330.00,355.00,320.00,327.00,22.11,5.17,4.52,13925284112.00,3430975248.00,3477191568.00
[object Object],TRYG,Tryg A/S,OMXCOP,157.80,stock,common,10.00,1.00,false,0.00,DKK,0.51,571594.00,0.94,14010053515.89,USD,20.81,1.16,-8.02,5.35,Finance,denmark,Finance,Buy,Buy,0.51,1.74,2.80,6.33,2.67,-4.94,-5.40,0.57,52.10,307.14,1.23,1.11,StrongBuy,Strong buy,StrongBuy,Strong buy,Neutral,Neutral,62.00,5.60,1.89,174.19,81.57,77.46,0.00,0.00,0.00,0.00,0.00,0.19,571594.00,-27.28,0.00,0.00,0.00,-7.04,20.81,0.00,2.11,2.51,12.02,0.00,0.00,15132866115.89,2.24,0.00,0.00,155.34,154.14,153.58,152.97,155.06,26.01,29.18,21.50,26.11,1.19,0.19,0.39,6655524716.82,1622915067.60,1656460718.08
[object Object],IVZ,Invesco Ltd.,NYSE,31.72,stock,common,100.00,1.00,false,0.00,USD,-0.84,2983992.00,0.86,14004373123.53,USD,0.00,-0.70,-175.03,2.66,Finance,america,Finance,Neutral,Neutral,-0.84,-3.09,6.91,16.57,32.50,20.02,48.36,25.43,1.28,371.67,3.13,2.59,Neutral,Neutral,Buy,Buy,Neutral,Neutral,50.56,-0.49,1.38,-37.83,39.72,56.33,0.00,31.99,0.00,0.22,944.00,0.00,2983992.00,-38.10,31.72,0.00,509005.00,46.28,0.00,0.00,2.04,1.41,7.06,7.37,8.95,17526873123.53,2.46,10.87,10.00,32.42,31.52,30.15,28.55,27.14,33.46,39.00,29.00,33.50,2.81,0.67,0.74,5430962824.00,1318170080.00,1392331412.00
[object Object],MAS,Masco Corporation,NYSE,70.94,stock,common,100.00,1.00,false,0.00,USD,0.98,1929300.00,1.18,13988476919.88,USD,16.35,4.34,15.22,0.00,Producer manufacturing,america,Producer Manufacturing,Buy,Buy,0.98,-3.30,-2.22,0.70,11.96,11.44,-1.69,15.35,99.83,12050.59,1.90,2.41,Sell,Sell,StrongSell,Strong sell,Neutral,Neutral,39.66,-4.31,-3.04,-149.29,6.50,8.90,doji,0.00,0.00,0.00,0.00,0.97,1929300.00,-20.68,70.94,0.00,517983.00,-8.59,16.35,1.06,1.83,0.00,10.93,12.54,25.76,17180476919.88,2.25,12.74,11.44,72.57,74.68,76.36,73.17,69.48,80.59,96.00,68.00,79.00,4.53,1.32,1.03,7648054805.00,2082777191.00,1927980026.00
[object Object],BVI,Bureau Veritas SA,EURONEXT,27.27,stock,common,100.00,1.00,false,0.00,EUR,0.29,908318.00,1.21,13979660116.93,USD,24.21,1.29,-22.53,3.38,Commercial services,france,Commercial Services,Buy,Buy,0.29,-1.77,-2.19,9.08,-6.29,0.78,6.27,-3.16,38.50,37513.79,1.16,1.21,Neutral,Neutral,Sell,Sell,Buy,Buy,44.77,-0.17,-0.42,-105.68,11.80,9.03,engulfing_bullish,0.00,0.00,0.00,0.00,-0.15,908318.00,30.59,27.27,0.00,633506.00,6.29,24.21,0.00,1.86,7.30,12.71,15.09,12.96,16467281856.93,2.21,15.18,11.50,27.48,27.73,27.44,26.86,27.06,37.87,44.96,32.70,37.04,1.80,0.74,1.05,7903636953.98,3686554833.22,4135250356.78
[object Object],CRL,"Charles River Laboratories International, Inc.",NYSE,291.76,stock,common,100.00,1.00,false,0.00,USD,3.34,606438.00,0.66,13928293268.39,USD,0.00,-4.85,-266.29,0.00,Commercial services,america,Commercial Services,Buy,Buy,3.34,-0.48,25.06,60.31,63.09,45.79,81.27,-34.49,250.25,1396.21,2.75,3.55,Buy,Buy,StrongBuy,Strong buy,Neutral,Neutral,64.07,1.76,27.80,31.09,40.49,48.50,0.00,0.00,0.00,0.00,0.00,1.12,606438.00,-14.07,291.76,0.00,95694.00,69.85,0.00,-0.22,3.39,4.90,24.07,37.80,64.73,16795051268.39,4.20,31.08,20.03,292.82,269.00,251.28,213.09,198.89,291.46,318.00,219.00,300.00,11.32,2.74,2.96,3904913574.00,977198118.00,958465667.00
[object Object],REG,Regency Centers Corporation,NASDAQ,75.81,stock,common,100.00,1.00,false,0.00,USD,-0.33,1031590.00,0.96,13882368028.36,USD,25.58,2.96,38.21,3.90,Finance,america,Finance,Buy,Buy,-0.33,-1.40,-5.64,-1.85,-3.56,10.40,4.85,9.32,-5.70,293.82,1.13,1.42,Sell,Sell,StrongSell,Strong sell,Neutral,Neutral,40.82,-0.59,-2.83,-51.55,35.14,24.71,0.00,0.00,0.00,0.00,0.00,0.50,1031590.00,-30.81,75.81,0.00,259187.00,6.06,25.58,0.67,8.60,2.08,16.19,33.40,72.54,19677068028.36,12.14,32.57,19.14,76.00,77.72,78.92,78.71,75.87,86.94,102.00,82.00,85.00,2.50,0.59,0.61,1686449639.00,411074118.00,419822426.00
[object Object],BCVN,Banque Cantonale Vaudoise,SIX,132.50,stock,common,10.00,1.00,false,0.00,CHF,1.22,91097.00,1.36,13851189504.20,USD,25.85,6.34,1.46,3.36,Finance,switzerland,Finance,Neutral,Neutral,1.22,4.66,4.83,12.96,11.72,32.10,42.02,69.65,103.07,1477.38,1.97,1.83,StrongBuy,Strong buy,StrongBuy,Strong buy,Buy,Buy,74.14,10.20,2.17,215.01,99.51,93.68,0.00,0.00,0.00,0.00,0.00,0.08,91097.00,14.22,132.50,0.00,33406.00,40.45,25.85,17.53,9.09,2.98,0.00,0.00,0.00,24126030904.20,13.36,0.00,0.00,126.71,125.73,124.29,121.76,115.18,133.07,139.72,127.25,132.24,6.64,0.00,0.00,1492831551.79,724322050.00,0.00
[object Object],AGN,Aegon Ltd.,EURONEXT,7.81,stock,common,1000.00,2.00,false,0.00,EUR,-2.25,6286550.00,1.27,13844668582.48,USD,11.66,0.77,-19.67,5.00,Finance,netherlands,Finance,Buy,Buy,-2.25,-1.83,-5.03,8.29,26.11,17.33,16.63,86.63,112.97,-72.81,1.41,1.41,Sell,Sell,Sell,Sell,Sell,Sell,41.61,-0.22,-0.13,-99.66,40.48,45.63,0.00,0.00,0.00,0.00,0.00,-2.43,6286550.00,14.20,7.81,0.00,1502391.00,15.17,11.66,0.00,0.46,1.30,49.78,58.50,0.00,18373623912.48,0.62,0.00,0.00,7.90,8.08,7.94,7.57,7.03,9.41,11.01,7.57,9.15,1.11,0.35,0.31,33995780871.50,0.00,0.00
[object Object],TRMB,Trimble Inc.,NASDAQ,59.11,stock,common,100.00,1.00,false,0.00,USD,0.29,3195359.00,0.64,13783260026.89,USD,0.00,-0.49,-141.85,0.00,Technology services,america,Technology Services,StrongBuy,Strong buy,0.29,0.46,2.57,5.13,-14.30,-25.04,-25.78,-37.38,115.97,3318.39,2.71,3.45,Neutral,Neutral,Buy,Buy,Sell,Sell,53.47,-0.14,2.88,-7.03,61.54,72.52,0.00,58.26,-1.15,-0.41,1853.00,-0.59,3195359.00,-14.31,59.16,0.08,828647.00,-26.49,0.00,0.00,3.63,2.70,17.24,17.81,64.24,15028160026.89,3.97,21.28,16.54,60.02,58.12,55.68,57.39,64.98,80.22,94.00,61.00,80.00,3.67,0.80,0.86,3930626933.00,952091545.00,966328455.00
[object Object],LOGN,Logitech International S.A.,SIX,79.12,stock,common,100.00,2.00,false,0.00,CHF,-0.03,799986.00,1.27,13756090707.16,USD,18.31,5.35,18.52,1.59,Electronic technology,switzerland,Electronic Technology,Neutral,Neutral,-0.03,0.08,-4.65,-16.28,11.88,-1.10,-4.63,-16.42,274.09,193.58,2.74,2.95,Sell,Sell,StrongSell,Strong sell,Neutral,Neutral,43.16,-1.18,-3.23,-45.55,32.38,32.50,0.00,0.00,0.00,0.00,0.00,1.36,799986.00,27.16,79.12,0.00,199459.00,-3.63,18.31,0.99,2.94,5.99,13.33,14.14,8.13,12101539493.55,2.50,13.79,12.71,78.62,82.45,81.61,82.67,80.27,112.56,142.39,84.11,113.98,5.66,1.26,1.31,4955670931.74,1202355418.00,1210994901.00
[object Object],TXT,Textron Inc.,NYSE,79.24,stock,common,100.00,1.00,false,0.00,USD,-0.59,1741763.00,1.20,13628243639.02,USD,14.95,5.30,19.88,0.10,Electronic technology,america,Electronic Technology,Buy,Buy,-0.59,-3.82,-7.39,-14.11,-16.75,-9.45,-0.05,9.99,93.84,1087.67,1.79,2.23,StrongSell,Strong sell,StrongSell,Strong sell,Neutral,Neutral,30.70,-7.05,-5.92,-125.26,1.16,5.09,0.00,79.90,0.24,0.49,1110.00,0.50,1741763.00,40.29,79.24,0.00,592013.00,-3.27,14.95,0.76,0.91,1.69,11.23,18.29,8.63,16233243639.02,1.06,15.82,11.39,81.95,86.60,88.21,89.67,90.06,102.21,115.00,92.00,99.50,6.47,1.55,1.52,15590228703.00,3806677417.00,3776320880.00
[object Object],COO,"Cooper Companies, Inc.",NASDAQ,69.73,stock,common,100.00,1.00,false,0.00,USD,0.65,1583371.00,1.11,13599485199.43,USD,58.89,1.18,-42.57,0.00,Health technology,america,Health Technology,Buy,Buy,0.65,-3.98,-4.97,14.14,-9.44,-15.06,5.05,-38.41,50.45,874.01,1.96,1.98,Sell,Sell,StrongSell,Strong sell,Neutral,Neutral,35.89,-7.00,-2.84,-128.63,4.96,4.99,0.00,69.55,0.39,1.04,1482.00,0.04,1583371.00,16.19,69.73,0.00,373853.00,4.03,58.89,0.00,3.19,1.65,14.27,23.88,97.82,15920885199.43,3.76,20.69,13.79,72.51,73.59,72.63,68.35,73.40,81.08,92.00,66.00,85.00,4.63,1.10,1.12,4306658323.00,1053780553.00,1098406295.00
[object Object],CA,Carrefour SA,EURONEXT,16.20,stock,common,1000.00,5.00,false,0.00,EUR,1.22,1974086.00,1.19,13481050281.39,USD,15.25,1.21,147.85,6.06,Retail trade,france,Retail Trade,Buy,Buy,1.22,1.70,1.98,1.92,5.95,14.01,32.53,2.11,-30.34,-10.92,1.74,1.33,Buy,Buy,StrongBuy,Strong buy,Buy,Buy,56.93,0.43,-0.15,214.88,67.01,43.13,0.00,0.00,0.00,0.00,0.00,0.34,1974086.00,-0.18,16.20,0.00,1044198.00,31.36,15.25,0.10,0.14,1.04,3.17,4.64,2.19,33627772481.39,0.36,13.19,6.53,15.86,15.86,16.07,16.33,15.50,19.61,25.56,10.46,20.91,2.03,0.54,1.36,96693836960.40,45835471443.86,50335211776.55
[object Object],VAR,Var Energi ASA,OSL,50.28,stock,common,100.00,2.00,false,0.00,NOK,0.16,6131088.00,0.87,13434260675.66,USD,10.58,0.48,101.82,9.73,Energy minerals,norway,Energy Minerals,Buy,Buy,0.16,4.95,9.64,6.19,31.55,52.32,48.10,79.57,79.57,79.57,1.99,2.15,Buy,Buy,StrongBuy,Strong buy,Neutral,Neutral,61.80,0.10,1.51,132.13,62.92,51.58,0.00,0.00,0.00,0.00,0.00,1.59,6131088.00,-5.45,50.28,0.00,2920678.00,47.65,10.58,0.10,1.20,54.96,2.41,4.41,5.06,18506782639.34,1.76,3.52,2.09,49.46,48.38,46.09,45.92,41.03,5.14,6.25,3.97,5.19,0.64,0.21,0.15,11648652129.43,3709667603.00,3078889954.00
[object Object],GL,Globe Life Inc.,NYSE,173.34,stock,common,100.00,1.00,false,0.00,USD,0.60,276625.00,0.56,13321082430.61,USD,11.51,15.06,20.33,0.70,Finance,america,Finance,Buy,Buy,0.60,0.37,-4.39,13.23,21.03,24.14,24.20,81.00,167.33,21478.25,2.06,2.03,Neutral,Neutral,Sell,Sell,Neutral,Neutral,43.95,1.88,-4.94,-57.86,23.44,23.03,spinning_top_white,172.81,0.30,0.30,4620.00,0.31,276625.00,-23.34,173.34,0.00,66356.00,16.80,11.51,0.56,2.20,2.17,9.83,11.10,0.00,16264331430.61,2.63,0.00,0.00,172.94,177.56,178.53,167.31,153.54,195.58,225.00,166.00,192.50,15.73,3.67,4.92,6404979331.00,1590303678.00,1563075272.00
[object Object],BAX,Baxter International Inc.,NYSE,25.70,stock,common,100.00,1.00,false,0.00,USD,0.86,4167795.00,0.95,13286796233.73,USD,0.00,-1.93,-626.14,0.16,Health technology,america,Health Technology,Neutral,Neutral,0.86,-2.98,-4.74,35.33,40.21,33.16,5.28,-68.27,-45.03,1789.31,2.82,2.96,Neutral,Neutral,Buy,Buy,Neutral,Neutral,49.67,-0.94,0.28,-106.92,18.31,15.49,0.00,25.91,1.69,0.04,2629.00,0.27,4167795.00,-21.00,25.60,-0.39,822505.00,6.11,0.00,-0.02,1.15,2.14,10.09,16.33,6.19,19966796233.73,1.74,30.96,12.49,26.13,26.12,24.54,21.56,20.27,27.60,32.00,23.00,28.00,2.05,0.37,0.52,11614933455.00,2795512463.00,2908362636.00
[object Object],AVY,Avery Dennison Corporation,NYSE,174.42,stock,common,100.00,1.00,false,0.00,USD,0.78,797779.00,0.60,13218967823.44,USD,19.09,9.14,2.41,2.21,Process industries,america,Process Industries,Buy,Buy,0.78,-3.86,1.14,10.45,-4.59,-4.01,2.37,-23.13,124.88,2669.95,2.31,2.64,Neutral,Neutral,Neutral,Neutral,Neutral,Neutral,48.31,-8.74,3.34,-121.07,8.96,15.71,0.00,172.82,-0.14,-0.32,3595.00,-0.24,797779.00,-10.26,174.42,0.00,237680.00,-0.65,19.09,7.85,1.43,5.70,10.80,12.53,48.51,16622467823.44,1.80,13.49,10.61,179.00,175.26,169.67,165.58,173.07,201.80,225.00,181.00,204.50,10.17,2.47,2.33,9340805208.00,2296134169.00,2258360437.00
[object Object],JMT,"Jeronimo Martins, SGPS S.A.",EURONEXT,18.16,stock,common,100.00,1.00,false,0.00,EUR,0.28,1414597.00,1.01,13210710660.72,USD,0.00,0.00,0.00,3.59,Retail trade,portugal,Retail Trade,Buy,Buy,0.28,-0.77,4.61,1.74,-15.77,-10.89,-14.58,-0.68,23.29,881.62,1.19,1.56,Buy,Buy,StrongBuy,Strong buy,Neutral,Neutral,63.87,0.98,0.69,98.14,84.62,81.13,0.00,0.00,0.00,0.00,0.00,-0.11,1414597.00,7.67,18.16,0.00,691417.00,-14.49,0.00,0.00,0.00,0.00,0.00,0.00,0.00,18593989020.72,0.44,12.08,6.41,17.92,17.47,17.16,18.00,19.39,26.40,33.87,17.63,26.28,1.32,0.31,0.41,44739040163.67,10742309212.90,11230332634.06
[object Object],HAS,"Hasbro, Inc.",NASDAQ,93.50,stock,common,100.00,1.00,false,0.00,USD,0.32,1217496.00,0.89,13187656962.85,USD,16.81,5.56,0.00,3.00,Consumer durables,america,Consumer Durables,StrongBuy,Strong buy,0.32,-3.83,-0.77,10.00,-0.66,14.02,17.02,-5.63,14.82,41664.38,1.67,2.28,Neutral,Neutral,Buy,Buy,Neutral,Neutral,51.90,0.17,1.44,-70.46,25.69,30.07,doji,0.00,0.00,0.00,0.00,0.25,1217496.00,-6.02,93.50,0.00,401221.00,17.55,16.81,0.00,2.68,18.73,10.39,11.02,9.71,15712756962.85,3.16,11.24,10.11,94.47,93.77,88.87,89.64,89.44,110.38,120.00,90.00,111.00,6.14,1.16,1.87,5050920077.00,1068890500.00,1476057083.00
[object Object],ALLE,Allegion Public Limited Company,NYSE,155.07,stock,common,100.00,1.00,false,0.00,USD,2.14,1204922.00,0.71,13186655497.39,USD,20.34,7.62,5.89,1.40,Consumer durables,america,Consumer Durables,Buy,Buy,2.14,-3.11,-2.29,17.45,3.32,-2.61,-7.28,6.85,114.30,216.53,2.68,2.33,Buy,Buy,Neutral,Neutral,Buy,Buy,45.12,-7.69,-2.17,-146.43,9.92,8.37,0.00,151.30,-0.34,0.39,1000.00,0.55,1204922.00,5.14,155.07,0.00,216538.00,-10.48,20.34,3.38,3.04,6.23,17.08,19.57,41.60,15088355497.41,3.52,16.89,14.60,158.66,161.19,151.88,143.29,151.13,175.10,200.00,160.00,170.00,8.95,2.22,2.49,4414068395.00,1118638543.00,1137468500.00
[object Object],DHER,Delivery Hero SE,XETR,36.56,stock,common,100.00,1.00,false,0.00,EUR,-0.52,480042.00,0.76,13056631946.63,USD,0.00,-2.96,-34.78,0.00,Transportation,germany,Transportation,Neutral,Neutral,-0.52,-0.87,-2.30,-4.87,99.24,60.49,57.86,-71.88,35.91,35.91,0.74,0.63,Sell,Sell,Sell,Sell,Sell,Sell,38.70,-0.44,-0.49,-215.91,3.92,21.50,0.00,0.00,0.00,0.00,0.00,-0.27,480042.00,22.29,36.56,0.00,227463.00,67.78,0.00,-0.41,0.75,9.09,357.13,0.00,4.12,16257851050.63,0.95,0.00,36.67,36.87,37.19,37.16,33.60,26.89,47.15,52.44,33.92,48.36,-0.22,0.00,7.95,18497365940.26,8672518125.00,8842955719.85
[object Object],SGE,Sage Group plc,LSE,1055.00,stock,common,10.00,5.00,false,0.00,GBX,-1.49,4947577.00,1.12,13005381864.55,USD,26.52,0.53,16.04,2.10,Technology services,uk,Technology Services,Buy,Buy,-1.49,-2.04,7.76,25.03,25.71,-2.76,-2.81,41.46,44.32,5175.00,2.42,2.49,Neutral,Neutral,Buy,Buy,Sell,Sell,55.32,-8.00,81.96,-7.53,61.25,70.99,0.00,0.00,0.00,0.00,0.00,-0.37,4947577.00,33.76,1055.00,0.00,1550746.00,-5.64,26.52,1.68,3.90,44.41,18.79,19.93,19.51,15037737064.55,4.32,19.09,16.61,1085.10,1017.97,944.38,906.06,929.27,14.80,18.26,11.50,15.36,0.67,0.32,0.37,3719575377.12,1798607440.00,1947866968.78
[object Object],ORNBV,Orion Oyj Class B,OMXHEX,80.45,stock,common,100.00,5.00,false,0.00,EUR,1.26,145304.00,1.05,12940062409.20,USD,19.29,4.76,55.11,2.16,Health technology,finland,Health Technology,Neutral,Neutral,1.26,-0.37,-0.68,18.92,19.27,26.10,19.19,134.07,133.93,311.93,1.66,2.00,StrongBuy,Strong buy,StrongBuy,Strong buy,Buy,Buy,57.34,1.35,0.62,68.03,65.15,61.51,0.00,0.00,0.00,0.00,0.00,-0.06,145304.00,-41.39,0.00,0.00,0.00,18.64,19.29,0.35,5.44,8.93,24.03,28.83,87.04,12942960384.20,5.51,15.33,14.18,79.65,79.75,76.49,73.13,69.85,89.21,99.09,63.37,94.48,4.74,1.09,1.27,2469535632.50,577071334.09,621566757.94
[object Object],LII,Lennox International Inc.,NYSE,374.00,stock,common,100.00,1.00,false,0.00,USD,-0.86,390684.00,0.85,12925693039.13,USD,16.91,22.12,-5.42,1.39,Producer manufacturing,america,Producer Manufacturing,Buy,Buy,-0.86,-4.55,-11.40,-28.19,-28.13,-23.39,-32.00,11.39,131.25,1855.56,2.00,2.76,StrongSell,Strong sell,StrongSell,Strong sell,Neutral,Neutral,25.72,-45.34,-60.24,-140.91,2.48,4.72,0.00,0.00,0.00,0.00,0.00,-0.23,390684.00,-15.72,374.00,0.00,63633.00,-31.71,16.91,0.00,2.48,9.96,14.55,17.62,249.81,14898293039.13,2.81,14.28,12.78,390.92,430.30,479.84,494.36,498.89,507.08,609.00,450.00,492.50,23.66,7.67,7.51,5588352764.00,1559748938.00,1573402625.00
[object Object],ANA,Acciona SA,BME,199.50,stock,common,10.00,2.00,false,0.00,EUR,-2.21,107933.00,1.61,12922623428.49,USD,30.12,7.57,-56.65,2.28,Industrial services,spain,Industrial Services,Sell,Sell,-2.21,-6.78,-17.15,-18.50,-7.81,7.20,19.32,42.50,207.82,258.81,2.35,2.34,StrongSell,Strong sell,StrongSell,Strong sell,Sell,Sell,28.57,-10.30,-14.18,-364.29,8.56,22.53,0.00,0.00,0.00,0.00,0.00,-0.69,107933.00,0.35,0.00,0.00,0.00,24.16,30.12,0.00,0.52,2.25,6.09,120.61,2.00,25251768268.49,1.05,16.65,8.32,209.07,218.88,234.54,242.88,219.64,247.61,270.32,198.08,262.16,10.38,0.00,0.00,25157000526.00,10963776000.00,0.00
[object Object],DPLM,Diploma PLC,LSE,7135.00,stock,common,1.00,5.00,false,0.00,GBX,0.07,1452122.00,0.96,12919729460.00,USD,50.65,1.86,13.29,0.89,Distribution services,uk,Distribution Services,StrongBuy,Strong buy,0.07,-1.59,-3.06,1.35,32.37,33.86,31.04,135.95,720.59,7363.39,2.68,1.92,Sell,Sell,Sell,Sell,Neutral,Neutral,42.93,-15.00,-115.87,-107.31,26.83,32.79,0.00,0.00,0.00,0.00,0.00,-0.49,1452122.00,45.77,7135.00,0.00,277370.00,32.38,50.65,3.81,5.83,9.09,33.87,35.86,139.98,13510517820.00,6.20,28.76,22.70,7211.00,7378.17,7242.70,7090.35,6307.93,112.87,122.32,95.14,114.16,3.39,1.43,1.96,2454064472.77,1098582000.00,0.00
[object Object],GDDY,"GoDaddy, Inc. Class A",NYSE,101.87,stock,common,100.00,1.00,false,0.00,USD,1.31,1777628.00,1.07,12901602107.78,USD,15.10,6.74,20.19,0.00,Technology services,america,Technology Services,Buy,Buy,1.31,5.98,21.13,18.81,9.94,-17.59,-30.35,37.20,212.20,289.56,3.36,3.81,StrongBuy,Strong buy,StrongBuy,Strong buy,Buy,Buy,59.82,5.03,4.02,132.61,80.89,73.51,0.00,100.26,-0.29,0.22,3871.00,-0.18,1777628.00,-10.29,101.87,0.00,235322.00,-36.30,15.10,0.74,2.58,1928.63,7.72,7.84,11.55,15587502107.78,3.05,12.11,11.30,98.61,95.29,92.57,88.74,96.43,104.53,170.00,76.00,100.00,7.40,1.69,1.88,5236991614.00,1294523020.00,1324779666.00
[object Object],SKF_B,SKF AB Class B,OMXSTO,265.00,stock,common,10.00,1.00,false,0.00,SEK,-1.60,1062033.00,1.05,12709150317.62,USD,26.79,1.02,-16.09,4.36,Producer manufacturing,sweden,Producer Manufacturing,Buy,Buy,-1.60,-2.65,1.81,6.77,10.42,7.72,9.14,22.97,83.65,679.41,1.80,1.68,Neutral,Neutral,Buy,Buy,Neutral,Neutral,49.71,5.10,11.88,-8.64,57.77,76.51,0.00,0.00,0.00,0.00,0.00,-0.33,1062033.00,0.20,0.00,0.00,0.00,13.76,26.79,0.00,1.37,2.10,20.12,47.54,9.68,13789905517.62,1.50,13.55,9.35,270.44,263.68,260.20,249.70,245.87,27.88,32.63,22.79,27.97,1.86,0.38,0.41,9900956173.27,2363459932.35,2393322008.13
[object Object],LATO_B,Investment AB Latour Class B,OMXSTO,203.00,stock,common,10.00,1.00,false,0.00,SEK,-1.88,681414.00,0.37,12686990198.88,USD,19.49,1.07,38.94,2.46,Finance,sweden,Finance,Neutral,Neutral,-1.88,1.50,0.94,3.73,-4.25,-9.94,-15.35,-33.44,131.34,1833.35,1.82,1.99,Neutral,Neutral,StrongBuy,Strong buy,Sell,Sell,58.87,11.75,4.82,107.72,90.28,89.97,marubozu_black_bearish,0.00,0.00,0.00,0.00,-0.24,681414.00,-32.28,0.00,0.00,0.00,-10.74,19.49,0.51,4.71,2.96,29.81,0.00,26.97,14125268998.88,4.89,35.39,28.91,200.01,198.07,196.25,200.48,210.32,23.51,30.89,19.26,21.93,0.00,0.00,0.00,0.00,0.00,0.00
[object Object],BF.B,Brown-Forman Corporation Class B,NYSE,27.38,stock,common,100.00,1.00,false,0.00,USD,3.87,4039110.00,1.91,12677453325.14,USD,17.92,1.53,-16.85,3.49,Consumer non-durables,america,Consumer Non-Durables,Neutral,Neutral,3.87,-3.52,-5.06,8.11,5.80,4.78,-7.44,-62.17,-29.51,10989.64,2.76,2.64,Neutral,Neutral,Sell,Sell,Neutral,Neutral,48.38,-1.05,-0.56,-75.81,14.65,7.42,0.00,26.95,2.24,0.53,15735.00,2.28,4039110.00,26.93,27.85,1.72,546362.00,-11.88,17.92,0.00,3.07,3.12,12.58,14.08,38.46,14930453325.14,3.79,13.27,12.27,27.67,27.90,27.25,27.02,27.25,27.69,35.00,20.00,28.00,1.70,0.37,0.47,3946532987.00,914782449.00,1044320682.00
[object Object],CSGP,"CoStar Group, Inc.",NASDAQ,31.26,stock,common,100.00,1.00,false,0.00,USD,-2.25,5169475.00,0.64,12666476836.22,USD,172.04,0.18,-28.72,0.00,Technology services,america,Technology Services,Buy,Buy,-2.25,-3.25,6.07,-9.80,-35.36,-53.42,-64.83,-64.22,50.69,3373.33,3.59,4.13,Sell,Sell,StrongSell,Strong sell,Sell,Sell,49.23,-2.47,1.31,-10.77,34.16,43.57,0.00,31.96,-0.06,-0.31,825.00,-0.05,5169475.00,-15.77,31.43,0.54,1133357.00,-65.29,172.04,0.00,3.64,1.60,25.42,28.44,9.99,12568476836.22,3.53,145.64,31.15,32.12,30.95,30.21,32.24,44.09,36.47,52.00,25.00,35.00,1.36,0.29,0.34,3743999490.00,928807579.00,944267937.00
[object Object],BEAN,BELIMO Holding AG,SIX,823.50,stock,common,10.00,5.00,false,0.00,CHF,-1.26,16620.00,0.97,12634429509.12,USD,49.35,20.65,20.18,1.20,Producer manufacturing,switzerland,Producer Manufacturing,Buy,Buy,-1.26,-0.36,-2.89,-6.90,16.07,2.36,-4.30,71.03,409.43,2600.00,3.27,2.73,Sell,Sell,StrongSell,Strong sell,Neutral,Neutral,44.86,0.00,13.56,-60.51,41.43,63.77,inverted_hammer_bullish,0.00,0.00,0.00,0.00,-0.24,16620.00,-28.88,823.50,0.00,11172.00,0.66,49.35,2.48,8.30,16.23,58.24,113.15,98.24,12669163449.12,8.29,39.81,34.29,839.25,841.10,844.96,825.31,802.60,1228.52,1416.45,819.08,1271.73,24.43,0.00,0.00,1685585299.94,801008229.95,827450517.35
[object Object],BOL,Bollore SE,EURONEXT,3.91,stock,common,1000.00,2.00,false,0.00,EUR,1.03,5283546.00,0.53,12529655720.98,USD,31.72,0.14,32.19,2.07,Distribution services,france,Distribution Services,Neutral,Neutral,1.03,2.84,0.88,-28.95,-15.04,-18.17,-21.53,-23.37,25.54,143.95,1.79,1.52,Neutral,Neutral,Neutral,Neutral,Buy,Buy,51.10,0.05,-0.01,101.80,59.65,52.91,0.00,0.00,0.00,0.00,0.00,0.05,5283546.00,169.44,3.91,0.00,4778049.00,-20.84,31.72,0.00,3.69,0.45,33.02,36.02,1.88,6265392960.98,1.82,0.00,0.00,3.84,3.86,3.94,4.61,4.67,5.03,5.80,3.77,5.27,0.14,0.00,0.00,3474861241.88,0.00,0.00
[object Object],REC,Recordati S.p.A.,MIL,51.90,stock,common,100.00,5.00,false,0.00,EUR,-0.86,196519.00,0.51,12522961100.81,USD,21.81,2.72,22.24,2.56,Health technology,italy,Health Technology,Buy,Buy,-0.86,-1.52,0.68,2.57,8.53,7.59,-2.08,-7.29,92.58,5273.92,0.63,0.72,Sell,Sell,Sell,Sell,Sell,Sell,39.63,-1.15,0.33,-258.66,6.25,13.39,0.00,0.00,0.00,0.00,0.00,-0.10,196519.00,-43.17,0.00,0.00,0.00,-1.51,21.81,0.99,4.03,4.99,16.76,18.02,27.61,14746882185.28,4.77,15.98,12.68,52.60,52.31,51.94,51.26,49.67,69.10,82.49,58.09,65.93,3.74,0.00,0.00,3279286716.76,778370993.00,782221412.00
[object Object],G1A,GEA Group Aktiengesellschaft,XETR,64.50,stock,common,100.00,5.00,false,0.00,EUR,-3.52,588131.00,1.82,12522448085.05,USD,24.19,3.05,10.56,1.94,Producer manufacturing,germany,Producer Manufacturing,Buy,Buy,-3.52,-3.52,3.78,19.56,5.31,11.69,3.12,63.17,31.11,603.38,1.15,1.39,Sell,Sell,Sell,Sell,Sell,Sell,47.01,-0.55,2.63,-48.24,49.66,71.86,0.00,64.45,-3.59,-3.52,462.00,-2.84,588131.00,107.40,64.50,0.00,362894.00,8.17,24.19,2.37,1.93,4.20,14.54,21.59,31.52,12516026172.45,1.94,16.17,12.04,66.60,64.81,63.05,60.20,60.36,81.32,91.09,61.89,84.08,3.92,0.90,1.14,6898280862.55,1644566400.00,1699364774.59
[object Object],SVT,Severn Trent Plc,LSE,2986.00,stock,common,1.00,2.00,false,0.00,GBX,-2.48,732125.00,1.17,12498304778.80,USD,24.27,1.63,61.02,4.12,Utilities,uk,Utilities,Neutral,Neutral,-2.48,-5.86,-0.53,2.75,-6.28,6.87,17.98,6.34,25.04,396.01,2.68,1.88,StrongSell,Strong sell,StrongSell,Strong sell,Sell,Sell,40.24,-106.00,39.86,-252.68,38.27,54.67,0.00,0.00,0.00,0.00,0.00,-0.26,732125.00,-13.24,2986.00,0.00,256630.00,23.59,24.27,0.41,3.27,4.88,9.76,0.00,11.33,26265349178.80,7.02,23.05,14.61,3099.00,3074.87,3036.08,3040.53,2994.65,43.07,48.99,33.83,43.85,2.74,0.99,1.51,4138342363.43,1808572676.00,2166646042.70
[object Object],SDLF,Standard Life plc,LSE,908.00,stock,common,10.00,5.00,false,0.00,GBX,-1.41,2024184.00,1.19,12472391400.03,USD,0.00,-0.63,57.89,6.02,Finance,uk,Finance,Buy,Buy,-1.41,-3.30,-2.37,20.66,24.81,22.87,33.53,44.13,36.31,75.98,1.70,1.66,Sell,Sell,Sell,Sell,Neutral,Neutral,47.08,-6.00,10.09,-75.89,51.55,64.38,0.00,0.00,0.00,0.00,0.00,-0.16,2024184.00,-22.54,908.00,0.00,736663.00,41.50,0.00,0.00,0.25,37.27,2.36,2.36,0.00,18338384700.05,0.37,0.00,0.00,923.45,920.88,897.62,834.05,774.58,12.55,14.57,10.34,12.10,0.90,0.37,0.70,7893244800.00,0.00,0.00
[object Object],IDR,"Indra Sistemas, S.A. Class A",BME,60.28,stock,common,100.00,2.00,false,0.00,EUR,-0.95,1093492.00,1.31,12427688320.30,USD,24.00,2.87,16.97,0.40,Technology services,spain,Technology Services,Buy,Buy,-0.95,-1.18,4.33,12.55,-3.63,23.78,75.64,546.09,418.31,383.01,2.32,2.71,Neutral,Neutral,Neutral,Neutral,Neutral,Neutral,50.89,-1.44,1.82,-107.24,21.09,26.74,0.00,0.00,0.00,0.00,0.00,-1.08,1093492.00,8.19,0.00,0.00,0.00,80.92,24.00,1.43,1.72,5.45,0.00,0.00,4.27,11784668239.45,1.67,16.69,12.56,61.03,60.52,56.09,54.53,53.30,77.28,99.04,58.26,78.07,3.25,0.72,0.71,8115483293.32,2054857526.19,1835437507.57
[object Object],AKER,Aker ASA Class A,OSL,1590.00,stock,common,1.00,2.00,false,0.00,NOK,2.05,92790.00,0.75,12407289123.28,USD,4.23,37.89,0.00,3.56,Finance,norway,Finance,StrongBuy,Strong buy,2.05,8.02,24.80,25.39,69.15,107.57,117.21,152.38,523.53,2617.95,3.62,2.58,StrongBuy,Strong buy,StrongBuy,Strong buy,Buy,Buy,73.98,152.00,192.25,129.97,77.11,74.03,0.00,0.00,0.00,0.00,0.00,0.00,92790.00,-36.51,1590.00,0.00,30412.00,113.42,4.23,0.00,9.46,1.75,24.07,38.18,38.13,17436898723.28,14.12,6.24,5.91,1520.00,1392.87,1318.40,1239.14,1060.70,162.08,224.13,123.81,152.09,7.46,0.00,0.00,0.00,0.00,0.00
[object Object],LI,Klepierre SA,EURONEXT,37.52,stock,common,100.00,2.00,false,0.00,EUR,-0.79,406224.00,0.76,12356315130.34,USD,7.86,5.45,16.00,5.02,Finance,france,Finance,Neutral,Neutral,-0.79,-4.43,-4.29,8.75,11.80,11.34,12.81,80.47,-12.00,1720.55,1.40,1.26,Sell,Sell,Sell,Sell,Neutral,Neutral,39.08,-0.94,-0.98,-139.32,11.11,8.97,0.00,0.00,0.00,0.00,0.00,-0.11,406224.00,-4.38,37.52,0.00,289156.00,15.45,7.86,0.50,6.44,1.14,11.67,14.84,30.27,23663981742.34,12.33,19.45,19.13,38.26,38.86,37.98,36.51,34.88,44.95,54.37,35.93,45.21,3.31,1.58,1.89,1544170432.55,747174482.04,832249734.02
[object Object],ALE,Allegro.eu S.A.,GPW,44.76,stock,common,1000.00,5.00,false,0.00,PLN,-1.44,3676768.00,0.93,12334046368.15,USD,30.90,0.40,47.82,0.00,Retail trade,poland,Retail Trade,Buy,Buy,-1.44,-0.26,-0.50,27.87,60.99,44.37,26.37,-38.44,-31.15,-31.15,2.33,2.25,Neutral,Neutral,Neutral,Neutral,Neutral,Neutral,50.57,-0.24,-0.30,-56.42,41.17,38.80,0.00,0.00,0.00,0.00,0.00,-0.15,3676768.00,-30.12,0.00,0.00,0.00,26.90,30.90,0.66,4.12,4.47,14.93,21.40,13.11,12953205755.15,4.06,21.38,14.90,44.93,45.28,43.42,38.12,33.83,12.50,16.21,9.46,12.56,0.52,0.26,0.24,3744642853.65,1678220913.20,1669872667.50
[object Object],SPSN,Swiss Prime Site AG,SIX,124.00,stock,common,10.00,1.00,false,0.00,CHF,-0.48,107331.00,0.87,12313324274.64,USD,24.40,6.29,10.77,2.81,Finance,switzerland,Finance,Neutral,Neutral,-0.48,-3.58,-5.34,-2.82,-13.89,0.98,11.81,26.34,41.67,149.91,1.36,1.20,Sell,Sell,StrongSell,Strong sell,Neutral,Neutral,33.15,-0.90,-3.05,-150.61,5.71,21.24,0.00,0.00,0.00,0.00,0.00,0.32,107331.00,7.34,124.00,0.00,73336.00,14.21,24.40,2.28,18.53,1.42,30.92,30.92,625.02,19782848218.04,29.17,38.61,38.12,126.77,128.43,129.55,130.77,130.03,160.30,187.13,130.99,157.81,4.79,0.00,0.00,661430429.89,0.00,0.00
[object Object],PSKY,Paramount Skydance Corporation Class B,NASDAQ,10.97,stock,common,100.00,1.00,false,0.00,USD,3.98,11983953.00,1.25,12307746611.38,USD,0.00,-0.56,-2130.43,1.90,Consumer services,america,Consumer Services,Neutral,Neutral,3.98,3.20,37.13,4.38,-4.86,-18.13,-24.55,-73.81,-78.55,-57.03,4.50,4.48,StrongBuy,Strong buy,StrongBuy,Strong buy,Buy,Buy,68.52,0.37,1.40,96.45,75.42,81.82,0.00,10.60,0.47,-1.14,3889.00,0.00,11983953.00,14.86,10.96,-0.05,1243352.00,-23.11,0.00,-0.01,0.41,1.04,15.09,26.14,7.55,27921746611.38,0.96,12.21,7.69,10.65,9.54,9.51,10.08,11.06,9.41,16.00,2.00,9.50,0.50,0.15,0.12,29947630818.00,6866490555.00,7049293128.00
[object Object],AC,Accor SA,EURONEXT,46.46,stock,common,100.00,1.00,false,0.00,EUR,1.62,1425477.00,2.38,12254102276.99,USD,42.30,1.25,-51.06,2.95,Consumer services,france,Consumer Services,Buy,Buy,1.62,-0.66,2.11,1.80,4.29,-3.21,10.94,57.76,29.40,315.84,1.83,1.73,Buy,Buy,StrongBuy,Strong buy,Buy,Buy,49.63,0.88,0.06,-19.26,32.46,38.60,0.00,0.00,0.00,0.00,0.00,-0.24,1425477.00,127.85,46.46,0.00,800639.00,5.23,42.30,0.00,1.88,3.55,12.67,17.95,8.61,18000207106.99,2.79,17.91,13.02,46.35,46.34,47.33,46.27,46.05,65.34,81.08,59.07,63.71,2.60,0.78,1.47,6823164428.35,3114760795.08,3492291713.00
[object Object],FGR,Eiffage SA,EURONEXT,107.20,stock,common,100.00,5.00,false,0.00,EUR,-1.74,292358.00,0.90,12251167369.03,USD,9.77,12.54,7.74,4.40,Industrial services,france,Industrial Services,Buy,Buy,-1.74,-9.61,-13.76,-13.48,-22.26,-12.20,1.32,16.95,50.77,334.83,2.87,1.70,StrongSell,Strong sell,StrongSell,Strong sell,Sell,Sell,22.90,-12.00,-10.20,-156.08,3.72,5.29,0.00,0.00,0.00,0.00,0.00,-0.18,292358.00,-6.06,107.20,0.00,160542.00,4.50,9.77,1.28,0.40,1.37,3.01,3.58,2.25,26292435839.03,0.88,8.80,5.40,113.30,119.18,121.31,126.21,127.37,184.93,228.36,144.90,185.47,13.24,4.23,9.56,30636545684.21,13780211308.06,15661816090.00
[object Object],SDR,Schroders PLC,LSE,584.00,stock,common,10.00,5.00,false,0.00,GBX,0.00,5613010.00,2.10,12236500383.15,USD,13.42,0.58,95.55,3.77,Finance,uk,Finance,Neutral,Neutral,0.00,0.00,-1.18,0.17,-0.43,42.23,57.07,-9.07,21.43,282.12,0.17,0.27,Neutral,Neutral,Neutral,Neutral,Neutral,Neutral,44.39,0.50,-2.03,-4.88,64.44,62.22,0.00,0.00,0.00,0.00,0.00,-0.09,5613010.00,-2.26,584.00,0.00,1552767.00,61.68,13.42,0.14,2.60,2.02,11.17,11.17,2.58,8190843313.15,1.71,7.82,6.39,583.80,585.42,585.95,583.86,532.84,0.00,0.00,0.00,0.00,0.55,0.26,0.28,3673111161.60,1777534353.90,1872430196.30
[object Object],RXL,Rexel SA,EURONEXT,35.43,stock,common,100.00,1.00,false,0.00,EUR,-1.06,458927.00,0.77,12210332543.49,USD,15.67,2.58,170.71,3.35,Distribution services,france,Distribution Services,Buy,Buy,-1.06,-2.61,-1.53,-4.35,2.70,5.57,27.77,98.71,139.88,114.73,2.03,1.96,Sell,Sell,StrongSell,Strong sell,Sell,Sell,40.47,0.03,-0.76,-106.71,21.36,27.29,0.00,0.00,0.00,0.00,0.00,-0.47,458927.00,-28.24,35.43,0.00,364859.00,30.27,15.67,0.09,0.54,1.89,11.21,13.22,10.16,17854776410.49,0.80,13.16,9.60,36.04,36.51,37.14,36.95,35.65,47.51,53.00,34.57,48.97,2.98,1.34,1.51,24140355082.03,11311110707.80,12430522381.05
[object Object],FME,Fresenius Medical Care AG,XETR,39.36,stock,common,100.00,1.00,false,0.00,EUR,-0.46,841880.00,1.03,12178964354.37,USD,11.84,3.80,48.60,3.77,Health services,germany,Health Services,Neutral,Neutral,-0.46,-2.04,-11.87,7.95,-0.88,-3.51,-7.87,-39.76,-51.14,69.80,1.83,2.02,Sell,Sell,StrongSell,Strong sell,Neutral,Neutral,32.37,-1.57,-2.06,-139.80,13.04,11.94,0.00,39.34,-0.51,-0.51,137.00,-0.48,841880.00,-14.84,39.27,-0.23,354388.00,-14.13,11.84,0.24,0.55,0.83,3.73,5.92,9.96,24787053198.40,1.12,10.25,6.10,40.04,41.58,41.60,40.02,39.77,47.70,68.28,34.72,48.03,4.79,1.22,1.22,22832953625.92,5467868394.64,5725245522.41
[object Object],YAR,Yara International ASA,OSL,460.00,stock,common,10.00,1.00,false,0.00,NOK,3.16,613067.00,0.93,12176007297.51,USD,7.82,5.93,103.73,4.93,Process industries,norway,Process Industries,Neutral,Neutral,3.16,2.68,3.42,-10.64,-6.12,11.11,26.44,5.60,54.88,767.92,2.69,2.88,Buy,Buy,StrongBuy,Strong buy,Buy,Buy,58.42,22.80,9.95,103.61,71.82,65.37,0.00,0.00,0.00,0.00,0.00,0.92,613067.00,13.84,460.00,0.00,321955.00,22.47,7.82,0.07,0.70,1.31,6.39,13.61,16.80,15452811083.91,0.94,6.96,4.61,449.58,438.06,439.79,474.77,460.70,49.51,60.06,39.64,50.43,5.48,2.25,1.50,15940951876.83,5138584167.00,4516760000.00
[object Object],ADP,Aeroports de Paris,EURONEXT,106.60,stock,common,10.00,1.00,false,0.00,EUR,0.47,92132.00,0.93,12168894606.46,USD,17.65,6.90,548.17,2.83,Transportation,france,Transportation,Neutral,Neutral,0.47,-7.79,-11.61,-1.39,-2.65,-3.88,-4.74,4.61,13.45,152185.71,2.25,2.00,Sell,Sell,StrongSell,Strong sell,Neutral,Neutral,39.97,-3.10,-2.87,-128.70,4.50,10.63,0.00,0.00,0.00,0.00,0.00,-0.57,92132.00,-33.31,106.60,0.00,63362.00,-3.46,17.65,0.03,1.55,2.45,7.72,95.90,4.17,23702835106.46,3.07,16.72,9.13,109.58,112.13,111.81,110.13,112.26,145.05,174.94,127.12,142.28,7.55,3.11,4.38,7981267315.27,3556173837.44,4168181785.49
[object Object],TEL2_B,Tele2 AB Class B,OMXSTO,170.55,stock,common,100.00,5.00,false,0.00,SEK,0.89,930854.00,0.54,12167203325.35,USD,11.76,1.49,143.08,4.97,Communications,sweden,Communications,Neutral,Neutral,0.89,0.12,3.36,-3.51,-9.81,10.35,2.10,31.60,147.54,57.85,1.50,1.57,Buy,Buy,StrongBuy,Strong buy,Buy,Buy,58.22,3.70,4.62,76.02,80.32,83.94,0.00,0.00,0.00,0.00,0.00,0.06,930854.00,-38.11,0.00,0.00,0.00,1.99,11.76,0.08,3.88,5.19,10.33,13.49,32.91,14980979325.35,4.84,20.34,10.88,169.48,166.30,166.29,174.42,171.94,18.23,22.49,15.06,17.78,1.62,0.19,0.21,3284513774.74,759106778.56,782443583.78
[object Object],MICC,Magnum Ice Cream Co. N.V.,EURONEXT,16.97,stock,common,1000.00,2.00,false,0.00,EUR,-0.88,906904.00,0.75,12151918075.33,USD,58.26,0.33,-69.30,0.00,Consumer non-durables,netherlands,Consumer Non-Durables,Neutral,Neutral,-0.88,-3.35,4.77,17.94,29.18,24.98,39.11,39.11,39.11,39.11,2.15,2.34,Neutral,Neutral,Neutral,Neutral,Sell,Sell,52.56,0.33,0.69,-7.43,71.20,81.05,0.00,0.00,0.00,0.00,0.00,-0.65,906904.00,-19.10,16.97,0.00,447130.00,0.00,58.26,0.00,1.30,9.61,19.00,64.64,18.15,15987677785.33,1.73,22.69,15.02,17.26,16.68,16.41,14.94,0.00,18.86,21.95,15.53,18.92,1.14,0.78,0.28,9813996372.72,5237842569.07,4292940188.83
[object Object],LOTB,Lotus Bakeries NV,EURONEXT,12300.00,stock,common,1.00,20.00,false,0.00,EUR,-4.21,1109.00,1.41,12145536846.82,USD,52.38,268.18,19.42,0.49,Consumer non-durables,belgium,Consumer Non-Durables,Buy,Buy,-4.21,-5.82,10.41,12.64,20.12,54.14,44.37,117.70,438.66,20451.38,2.46,2.39,Neutral,Neutral,Buy,Buy,Sell,Sell,50.10,-220.00,877.76,-17.10,44.44,57.46,tweezer_top_bearish,0.00,0.00,0.00,0.00,0.00,1109.00,106.52,12300.00,0.00,454.00,52.31,52.38,2.82,7.22,11.14,43.30,77.40,101.04,12505103674.54,7.57,43.16,36.57,12824.00,12041.33,11732.00,11228.10,10222.35,14394.82,16808.25,10432.71,14837.63,291.98,130.59,153.78,1797861368.52,837586804.00,925493818.43
[object Object],HRL,Hormel Foods Corporation,NYSE,22.05,stock,common,100.00,1.00,false,0.00,USD,0.27,4523485.00,0.64,12135235676.46,USD,35.43,0.62,-54.63,5.31,Consumer non-durables,america,Consumer Non-Durables,Neutral,Neutral,0.27,-7.51,-12.29,-5.69,-8.88,-7.35,-13.43,-50.02,-42.13,18715.92,3.51,2.20,Sell,Sell,StrongSell,Strong sell,Sell,Sell,32.28,-2.36,-2.51,-114.16,22.26,16.85,0.00,22.12,0.59,0.05,3202.00,0.55,4523485.00,-18.51,22.05,0.00,1090841.00,-12.09,35.43,0.00,1.00,1.55,11.13,15.56,13.99,14138122676.46,1.16,15.79,12.11,22.83,24.25,24.60,23.28,23.45,26.13,30.00,23.00,26.00,1.49,0.35,0.38,12157231698.00,3034831071.00,3195880270.00
[object Object],RTO,Rentokil Initial plc,LSE,355.30,stock,common,10.00,1.00,false,0.00,GBX,-0.45,31233487.00,3.21,12123239353.45,USD,25.29,0.19,38.70,2.63,Commercial services,uk,Commercial Services,Buy,Buy,-0.45,2.19,5.49,-17.58,-24.39,-20.51,-1.42,-39.12,65.26,165.15,2.23,2.01,Sell,Sell,Sell,Sell,Neutral,Neutral,41.35,9.60,-30.36,17.75,55.29,35.61,long_lower_shadow_bullish,0.00,0.00,0.00,0.00,-0.17,31233487.00,119.24,355.30,0.00,8825458.00,-1.27,25.29,0.66,1.70,2.15,13.13,15.84,4.84,15803743779.91,2.24,16.08,9.64,347.36,368.93,398.23,433.76,442.90,6.41,8.47,5.32,6.47,0.28,0.13,0.11,7224641425.52,3533935000.00,3631047500.00
[object Object],ITRK,Intertek Group plc,LSE,5845.00,stock,common,1.00,5.00,false,0.00,GBX,0.09,932301.00,1.66,12115355724.66,USD,28.49,2.72,-8.16,2.83,Commercial services,uk,Commercial Services,Neutral,Neutral,0.09,-0.09,0.00,8.95,43.89,26.24,25.43,9.42,67.00,1243.68,0.16,0.17,StrongBuy,Strong buy,StrongBuy,Strong buy,Neutral,Neutral,60.16,-5.00,8.27,40.30,41.67,44.44,0.00,0.00,0.00,0.00,0.00,0.00,932301.00,-44.47,5845.00,0.00,85027.00,25.29,28.49,0.00,2.56,8.46,15.07,20.05,20.63,14150683784.66,3.02,17.23,12.90,5844.50,5839.50,5828.20,5530.74,4945.24,81.57,81.86,79.82,81.86,3.58,1.48,2.02,4863639161.35,2283290229.60,2497410500.20
[object Object],SN.,Smith & Nephew plc,LSE,1062.50,stock,common,10.00,5.00,false,0.00,GBX,-0.70,4163999.00,1.45,12102355437.61,USD,19.40,0.73,27.05,2.71,Health technology,uk,Health Technology,Neutral,Neutral,-0.70,-0.09,-10.41,-4.67,-18.46,-13.83,-23.23,-24.78,-12.77,325.00,3.81,2.49,StrongSell,Strong sell,StrongSell,Strong sell,Sell,Sell,40.28,-48.00,-42.71,-120.16,17.71,23.48,0.00,0.00,0.00,0.00,0.00,-0.65,4163999.00,16.37,1062.50,0.00,1486245.00,-25.23,19.40,0.72,1.96,2.31,9.25,14.49,16.10,15188277682.87,2.44,14.31,9.18,1070.00,1111.53,1120.70,1134.64,1192.62,17.03,20.76,14.22,16.85,1.10,0.47,0.60,6460102271.12,3459130400.00,3322102000.00
[object Object],ERIE,Erie Indemnity Company Class A,NASDAQ,258.41,stock,common,100.00,1.00,false,0.00,USD,0.91,215999.00,0.53,12034248581.85,USD,23.59,10.95,-7.67,2.25,Finance,america,Finance,Buy,Buy,0.91,0.22,4.93,21.82,-3.59,-9.33,-27.23,45.05,152.40,1498.43,2.91,3.45,Buy,Buy,StrongBuy,Strong buy,Sell,Sell,54.56,-8.97,11.04,12.74,39.61,42.94,0.00,256.40,0.12,-0.04,1346.00,0.40,215999.00,-7.41,258.85,0.17,40828.00,-24.25,23.59,0.00,3.27,4.88,19.51,24.61,39.28,11687658581.85,2.84,15.82,14.30,260.09,250.79,245.46,235.48,254.60,0.00,0.00,0.00,0.00,12.68,3.35,3.41,4169221000.00,1088527000.00,1091701000.00
[object Object],PUIG,"Puig Brands, S.A. Class B",BME,18.35,stock,common,100.00,1.00,false,0.00,EUR,-0.16,534261.00,0.83,12001627504.90,USD,17.78,1.18,-10.79,1.86,Consumer non-durables,spain,Consumer Non-Durables,Buy,Buy,-0.16,2.51,9.36,16.14,19.62,23.07,14.69,-28.04,-28.04,-28.04,1.91,1.84,Buy,Buy,StrongBuy,Strong buy,Sell,Sell,73.04,1.26,1.21,109.89,86.89,88.59,0.00,0.00,0.00,0.00,0.00,-0.22,534261.00,-39.07,0.00,0.00,0.00,17.75,17.78,0.00,2.03,2.56,12.32,14.98,50.41,13863326057.36,2.38,14.80,11.43,17.94,17.16,16.96,16.93,16.37,22.96,25.69,18.68,23.50,1.29,0.51,0.74,6133061537.52,2666299338.71,3352873613.32
[object Object],BNZL,Bunzl plc,LSE,2714.00,stock,common,1.00,2.00,false,0.00,GBX,-1.02,1762682.00,2.27,11945441565.43,USD,17.98,2.00,3.90,2.70,Distribution services,uk,Distribution Services,Neutral,Neutral,-1.02,-2.58,-3.35,13.46,21.16,30.36,8.39,2.30,15.49,905.20,3.00,1.72,Sell,Sell,Sell,Sell,Sell,Sell,40.91,-60.00,-5.64,-190.16,37.53,42.63,doji_star_bullish,0.00,0.00,0.00,0.00,-1.09,1762682.00,14.27,2714.00,0.00,703383.00,8.30,17.98,4.65,0.74,3.07,9.32,10.00,14.63,14804251845.43,0.93,14.21,9.31,2767.40,2780.60,2742.80,2580.69,2363.29,36.20,48.65,25.67,36.49,2.48,1.09,1.36,16393900025.80,7840597452.75,8624812785.20
[object Object],AKZA,Akzo Nobel N.V.,EURONEXT,60.08,stock,common,100.00,2.00,false,0.00,EUR,-0.03,359508.00,0.92,11943948941.55,USD,16.24,4.23,53.05,3.29,Process industries,netherlands,Process Industries,Buy,Buy,-0.03,-1.15,-1.86,9.00,11.26,1.04,2.35,-41.30,-14.00,5.86,1.98,1.73,Sell,Sell,Sell,Sell,Sell,Sell,44.70,-0.54,0.50,-113.72,29.50,39.97,0.00,0.00,0.00,0.00,0.00,-1.10,359508.00,-16.09,60.08,0.00,167937.00,2.73,16.24,0.31,1.04,2.12,10.55,14.65,2.97,15777390271.55,1.40,36.94,18.40,60.85,61.11,60.10,57.42,56.72,76.07,87.58,64.22,75.90,4.65,1.34,1.33,11773871285.56,2939533223.91,2992569743.62
[object Object],PNW,Pinnacle West Capital Corp,NYSE,97.38,stock,common,100.00,1.00,false,0.00,USD,-0.29,748066.00,0.75,11802187196.90,USD,18.67,5.21,7.43,3.73,Utilities,america,Utilities,Neutral,Neutral,-0.29,-0.58,-2.28,-2.69,-3.89,9.79,9.28,25.02,30.00,318.84,1.53,1.66,Sell,Sell,StrongSell,Strong sell,Neutral,Neutral,33.81,-2.05,-3.89,-96.45,21.27,21.95,0.00,0.00,0.00,0.00,0.00,-0.72,748066.00,-26.13,97.38,0.00,235292.00,11.61,18.67,2.52,2.19,1.68,6.85,0.00,1327.99,28338686196.90,5.10,22.01,12.42,97.90,100.44,103.25,102.47,98.42,106.45,129.00,94.00,106.00,4.72,1.46,3.13,5488360678.00,1396538854.00,1841777432.00
[object Object],IT,"Gartner, Inc.",NYSE,186.75,stock,common,100.00,1.00,false,0.00,USD,-1.67,690727.00,0.61,11793070696.06,USD,16.76,11.15,-31.45,0.00,Technology services,america,Technology Services,Neutral,Neutral,-1.67,-2.14,20.06,10.12,10.52,-25.42,-24.78,-39.95,105.79,5876.00,3.13,5.25,Neutral,Neutral,Buy,Buy,Sell,Sell,53.96,-6.07,21.60,-14.96,62.01,73.20,0.00,191.01,0.57,-0.01,946.00,-0.45,690727.00,-10.57,186.75,0.00,116696.00,-36.88,16.76,0.00,1.96,0.00,9.00,9.66,8.35,13633860696.06,2.11,11.23,9.32,195.09,179.02,161.41,156.96,177.97,185.25,229.00,150.00,185.50,14.51,3.76,2.86,6419036830.00,1648479695.00,1488497237.00
[object Object],UDR,"UDR, Inc.",NYSE,36.59,stock,common,100.00,1.00,false,0.00,USD,-0.76,2234102.00,0.82,11755057512.67,USD,23.32,1.57,309.31,3.51,Finance,america,Finance,Neutral,Neutral,-0.76,-4.36,-4.44,-3.48,-0.81,0.05,-6.87,-34.07,1.05,1621.87,1.48,1.53,Sell,Sell,StrongSell,Strong sell,Neutral,Neutral,35.35,-0.92,-1.21,-142.29,11.33,9.52,0.00,0.00,0.00,0.00,0.00,0.38,2234102.00,-1.98,36.59,0.00,564685.00,-6.95,23.32,0.08,6.95,4.06,10.43,13.50,327.41,18657585512.67,10.87,57.34,18.76,37.46,38.01,38.80,37.92,37.09,42.02,46.00,38.00,42.00,1.07,0.13,0.15,1706095727.00,423349090.00,428778329.00
[object Object],UHR,Swatch Group Ltd. Bearer,SIX,183.90,stock,common,100.00,5.00,false,0.00,CHF,-1.13,55090.00,0.82,11746179088.44,USD,1062.39,0.21,-85.06,2.42,Consumer durables,switzerland,Consumer Durables,Sell,Sell,-1.13,-2.39,1.97,-13.09,4.76,8.85,28.65,-29.94,-29.54,3.31,2.50,2.35,StrongSell,Strong sell,StrongSell,Strong sell,Sell,Sell,42.70,-1.35,0.28,-114.56,22.18,25.09,0.00,0.00,0.00,0.00,0.00,-0.35,55090.00,-26.63,183.90,0.00,27801.00,27.59,1062.39,0.00,1.52,0.84,15.15,35.42,7.04,10487381688.44,1.34,71.24,15.76,187.25,184.93,190.94,194.90,185.28,209.64,279.38,111.75,198.67,5.61,1.78,3.45,8280599041.39,3840051182.50,4287239775.00
[object Object],JKHY,"Jack Henry & Associates, Inc.",NASDAQ,167.03,stock,common,100.00,1.00,false,0.00,USD,-0.64,889631.00,0.85,11710909650.72,USD,23.95,6.97,11.76,1.42,Technology services,america,Technology Services,Buy,Buy,-0.64,-3.33,8.16,23.28,0.69,-8.18,2.94,-6.13,90.89,44439.43,1.94,2.85,Buy,Buy,StrongBuy,Strong buy,Neutral,Neutral,59.99,3.97,10.59,53.75,71.67,74.66,0.00,167.95,-0.09,0.24,732.00,-0.35,889631.00,-1.26,167.03,0.00,157695.00,0.60,23.95,2.05,4.70,5.70,15.54,17.04,981.90,11776674650.72,4.65,18.65,13.94,169.02,159.52,153.61,147.24,159.91,189.40,215.00,148.00,196.00,7.35,1.47,2.07,2692107438.00,631597503.00,684771912.00
[object Object],GET,Getlink SE,EURONEXT,18.49,stock,common,100.00,1.00,false,0.00,EUR,-0.75,532527.00,0.72,11682017002.46,USD,30.91,0.68,26.31,4.29,Transportation,france,Transportation,Buy,Buy,-0.75,-4.30,-0.22,1.59,3.18,17.62,15.49,33.26,83.25,-38.37,2.02,1.42,Sell,Sell,StrongSell,Strong sell,Sell,Sell,43.05,-0.41,-0.08,-69.49,30.99,32.73,0.00,0.00,0.00,0.00,0.00,0.00,532527.00,-43.17,18.49,0.00,402191.00,18.89,30.91,1.18,6.02,4.11,13.27,18.26,7.38,16001158942.46,8.34,20.82,15.53,18.94,18.73,18.69,18.71,17.79,23.07,26.86,15.76,23.15,0.67,0.00,0.00,2023026674.74,928610508.37,1053248727.92
[object Object],MOWI,Mowi ASA,OSL,203.00,stock,common,10.00,2.00,false,0.00,NOK,-0.39,861981.00,0.65,11519908814.91,USD,14.09,1.45,89.15,3.73,Consumer non-durables,norway,Consumer Non-Durables,StrongBuy,Strong buy,-0.39,-1.93,0.10,2.94,-9.13,-16.74,-1.26,-13.98,53.21,-99.57,1.41,1.79,Neutral,Neutral,Sell,Sell,Neutral,Neutral,50.77,4.70,4.70,16.99,48.40,58.82,long_upper_shadow_bearish,0.00,0.00,0.00,0.00,-0.29,861981.00,-27.31,203.00,0.00,524287.00,2.47,14.09,0.16,1.53,2.25,11.72,26.68,35.81,15858978780.12,2.24,21.33,12.29,205.50,202.60,197.56,198.73,212.20,24.72,27.18,20.78,25.10,1.22,0.29,0.25,6920600541.64,1826241790.68,1887264493.71
[object Object],SKA_B,Skanska AB Class B,OMXSTO,266.50,stock,common,10.00,1.00,false,0.00,SEK,-1.19,734793.00,1.08,11498556424.56,USD,16.72,1.64,7.17,5.19,Industrial services,sweden,Industrial Services,Buy,Buy,-1.19,-2.09,-0.89,8.78,0.15,4.88,13.65,6.09,41.38,155.02,1.26,1.31,Sell,Sell,Sell,Sell,Sell,Sell,47.21,4.20,5.72,-41.84,46.87,63.17,0.00,0.00,0.00,0.00,0.00,-0.07,734793.00,17.42,0.00,0.00,0.00,17.77,16.72,2.36,0.64,1.80,9.14,0.00,6.89,11463643224.56,0.64,16.50,9.52,271.61,268.43,264.18,256.62,257.32,29.14,31.63,24.89,29.30,1.86,0.44,0.47,19574931623.49,4677002014.24,4821173999.96
[object Object],DPZ,"Domino's Pizza, Inc.",NASDAQ,346.68,stock,common,100.00,1.00,false,0.00,USD,1.85,692264.00,0.69,11469883611.74,USD,19.66,17.64,2.40,2.19,Consumer services,america,Consumer Services,Buy,Buy,1.85,-0.24,-1.29,11.34,-13.55,-16.80,-24.51,-33.22,132.41,2842.08,3.81,3.05,Buy,Buy,StrongBuy,Strong buy,Neutral,Neutral,52.90,10.16,-1.00,-3.32,52.20,47.50,spinning_top_white,0.00,0.00,0.00,0.00,0.78,692264.00,-9.72,346.68,0.00,152591.00,-29.02,19.66,8.03,2.26,0.00,14.85,17.68,25.85,16145936611.74,3.21,16.64,15.24,343.09,347.10,331.39,329.14,365.27,378.74,450.00,270.00,375.00,18.95,4.17,4.38,5184464931.00,1178770280.00,1173093183.00
[object Object],DVA,DaVita Inc.,NYSE,179.39,stock,common,100.00,1.00,false,0.00,USD,1.85,513088.00,0.86,11445081823.81,USD,15.13,11.86,16.52,0.00,Health services,america,Health Services,Buy,Buy,1.85,3.47,-26.78,-9.24,19.38,57.80,31.46,36.53,178.08,5025.40,2.18,3.36,Neutral,Neutral,Neutral,Neutral,Buy,Buy,37.29,2.12,-23.02,-9.60,49.20,47.74,0.00,176.00,-0.08,-0.08,100.00,0.16,513088.00,-23.72,179.39,0.00,108653.00,14.77,15.13,0.90,0.83,0.00,5.41,7.36,15.36,25924317823.81,1.85,12.40,9.26,177.45,196.31,209.50,196.10,163.45,227.33,270.00,170.00,222.00,14.85,3.88,3.58,14088554737.00,3496344055.00,3507690312.00
[object Object],DECK,Deckers Outdoor Corporation,NYSE,83.76,stock,common,100.00,1.00,false,0.00,USD,-0.97,2845052.00,1.03,11406592359.10,USD,11.89,7.05,8.22,0.00,Consumer non-durables,america,Consumer Non-Durables,Buy,Buy,-0.97,-5.67,-15.76,-23.01,-21.69,-19.70,-29.47,20.69,667.73,7631.75,2.74,2.56,StrongSell,Strong sell,StrongSell,Strong sell,Sell,Sell,32.05,-7.81,-8.66,-148.55,6.20,9.38,0.00,84.80,0.26,0.90,7574.00,-0.12,2845052.00,-0.64,83.86,0.12,371377.00,-36.81,11.89,1.46,2.13,4.98,9.72,10.38,7.24,10276337359.10,1.86,8.32,7.83,88.03,93.61,97.95,101.88,102.52,122.15,184.00,85.00,117.50,7.53,0.88,1.79,5886984097.00,1018031764.00,1506650449.00
[object Object],CLX,Clorox Company,NYSE,94.27,stock,common,100.00,1.00,false,0.00,USD,-0.74,2587699.00,0.82,11400166212.74,USD,19.59,4.81,-26.25,5.23,Consumer non-durables,america,Consumer Non-Durables,Neutral,Neutral,-0.74,-10.29,-3.13,4.07,-16.52,-6.76,-20.61,-44.81,-27.78,5169.24,3.52,2.91,StrongSell,Strong sell,StrongSell,Strong sell,Sell,Sell,31.94,-13.63,-2.05,-247.01,3.27,5.60,0.00,96.04,1.13,0.45,4195.00,0.57,2587699.00,-23.02,94.66,0.41,480648.00,-21.74,19.59,0.00,1.72,126.66,18.76,28.35,80.30,17001166212.74,2.53,19.15,14.98,102.21,102.47,99.92,97.35,103.26,98.38,117.00,77.00,99.50,5.81,1.64,1.11,7634273272.00,1914937418.00,1878376000.00
[object Object],HII,"Huntington Ingalls Industries, Inc.",NYSE,288.72,stock,common,100.00,1.00,false,0.00,USD,-1.27,348262.00,0.88,11376896124.84,USD,17.21,16.77,25.62,1.89,Electronic technology,america,Electronic Technology,Buy,Buy,-1.27,-0.83,-13.30,-0.56,-30.76,-15.10,7.08,41.51,74.80,708.29,2.15,2.58,StrongSell,Strong sell,StrongSell,Strong sell,Neutral,Neutral,38.23,-23.04,-10.90,-92.15,9.67,13.16,0.00,293.00,0.20,0.20,486.00,-0.06,348262.00,-9.62,288.72,0.00,54095.00,8.87,17.21,0.68,0.88,2.14,32.87,0.00,950.37,14299896124.84,1.08,22.17,14.79,294.56,307.83,296.95,313.58,348.16,368.73,439.00,304.00,364.00,18.52,3.79,4.39,13366821140.00,3152366959.00,3358224254.00
[object Object],TECH,Bio-Techne Corporation,NASDAQ,72.30,stock,common,100.00,1.00,false,0.00,USD,0.17,1655844.00,0.70,11337958605.56,USD,62.41,1.16,155.44,0.44,Health technology,america,Health Technology,Neutral,Neutral,0.17,-0.04,0.22,39.28,31.96,22.94,33.47,-43.28,175.01,66002.86,0.24,0.31,Buy,Buy,StrongBuy,Strong buy,Neutral,Neutral,63.24,-0.18,0.21,1.89,36.36,45.57,0.00,0.00,0.00,0.00,0.00,0.03,1655844.00,-42.97,72.34,0.06,240853.00,36.10,62.41,0.40,9.33,5.35,38.87,43.13,42.89,11362333605.56,9.35,41.71,30.73,72.33,72.17,71.54,62.02,60.87,71.09,75.00,50.00,73.00,2.06,0.52,0.44,1268063750.00,314627337.00,292061934.00
[object Object],ALGN,"Align Technology, Inc.",NASDAQ,159.15,stock,common,100.00,1.00,false,0.00,USD,2.70,687054.00,0.79,11305992351.39,USD,27.61,5.76,-2.76,0.00,Health technology,america,Health Technology,Buy,Buy,2.70,0.19,-7.15,-3.48,-7.04,0.91,14.61,-77.94,70.76,978.98,3.06,3.36,Sell,Sell,StrongSell,Strong sell,Buy,Buy,42.09,-3.89,-11.03,-72.80,13.63,10.20,0.00,0.00,0.00,0.00,0.00,0.35,687054.00,19.18,159.15,0.00,149826.00,10.72,27.61,0.00,2.68,2.68,15.06,17.97,10.32,10324243351.39,2.49,13.57,10.89,159.02,167.94,171.95,172.85,170.30,209.57,240.00,170.00,209.50,11.29,2.62,2.80,4166231669.00,1051959194.00,1014726142.00
[object Object],MNG,M&G Plc,LSE,343.10,stock,common,10.00,1.00,false,0.00,GBX,-0.84,7097182.00,1.19,11138962034.44,USD,27.94,0.17,0.00,5.92,Finance,uk,Finance,Neutral,Neutral,-0.84,-1.77,-4.54,10.46,12.27,19.51,29.77,65.03,55.95,55.95,1.33,1.53,Sell,Sell,Sell,Sell,Sell,Sell,40.43,-11.20,-5.63,-102.85,39.31,43.32,0.00,0.00,0.00,0.00,0.00,-0.38,7097182.00,33.19,343.10,0.00,4592321.00,35.53,27.94,0.00,0.41,2.61,11.16,14.35,0.00,20549415234.44,0.70,0.00,0.00,347.09,353.66,349.65,329.41,310.76,4.38,5.05,2.93,4.50,0.38,0.18,0.21,1538502400.00,0.00,0.00
[object Object],NVMI,Nova Ltd.,NASDAQ,349.60,stock,common,100.00,1.00,false,0.00,USD,3.54,498502.00,1.16,11111327610.63,USD,43.59,8.02,9.60,0.00,Electronic technology,america,Electronic Technology,Buy,Buy,3.54,-4.87,-7.56,-32.96,-17.88,4.05,43.27,251.50,2880.39,1842.22,4.07,4.15,Sell,Sell,StrongSell,Strong sell,Buy,Buy,36.38,-35.73,-43.53,-109.02,6.51,6.02,0.00,357.88,5.99,-0.22,14613.00,4.91,498502.00,-4.67,349.60,0.00,47254.00,53.64,43.59,4.39,12.41,7.58,52.62,58.91,11.80,10893826610.63,11.62,40.11,36.88,361.39,389.58,424.23,472.25,437.09,532.00,600.00,461.00,525.00,10.67,2.41,2.77,1077701395.00,250328347.00,282143169.00
[object Object],HAG,HENSOLDT AG,XETR,82.38,stock,common,100.00,2.00,false,0.00,EUR,-0.39,168375.00,0.89,11072408593.47,USD,79.29,1.19,31.87,0.67,Electronic technology,germany,Electronic Technology,Buy,Buy,-0.39,-4.74,0.32,4.44,12.85,10.06,-11.66,473.68,618.85,618.85,3.24,3.48,Sell,Sell,Sell,Sell,Neutral,Neutral,40.02,-10.18,-0.53,-172.20,7.09,11.45,0.00,82.20,-0.60,-0.82,156.00,0.02,168375.00,-39.33,82.50,0.15,88358.00,-10.55,79.29,2.50,3.57,9.83,16.69,30.69,16.15,12360268683.47,4.04,39.07,24.05,86.78,87.66,82.10,80.10,79.20,104.89,120.98,71.44,103.70,2.17,0.16,-1.45,3288599578.03,742719686.29,760428640.00
[object Object],MKS,Marks and Spencer Group plc,LSE,384.40,stock,common,10.00,1.00,false,0.00,GBX,-1.89,4182237.00,0.45,10953847844.72,USD,31.35,0.16,-12.49,1.07,Retail trade,uk,Retail Trade,Buy,Buy,-1.89,-2.49,-5.62,5.34,1.40,16.20,12.07,109.03,15.13,-7.18,1.86,2.21,Sell,Sell,Sell,Sell,Sell,Sell,45.94,-5.20,-0.83,-46.62,60.69,60.42,0.00,0.00,0.00,0.00,0.00,-0.28,4182237.00,-21.25,384.40,0.00,2355035.00,21.56,31.35,0.00,0.48,2.58,6.98,13.80,8.05,14423851114.72,0.63,20.33,8.68,387.62,394.22,388.04,368.12,361.19,6.10,6.64,5.22,6.10,0.43,0.21,0.18,24969935418.32,12537848000.00,9828360291.90
[object Object],FDS,FactSet Research Systems Inc.,NYSE,306.07,stock,common,100.00,1.00,false,0.00,USD,0.21,524124.00,0.56,10885546177.98,USD,20.17,15.17,9.52,1.48,Commercial services,america,Commercial Services,Neutral,Neutral,0.21,5.01,13.36,17.95,37.41,6.07,-17.71,-20.93,71.62,7344.87,3.90,3.53,Buy,Buy,StrongBuy,Strong buy,Neutral,Neutral,61.92,7.97,25.24,77.46,83.90,89.41,0.00,0.00,0.00,0.00,0.00,-1.29,524124.00,-44.95,306.07,0.00,84101.00,-22.11,20.17,2.11,4.53,5.39,13.35,15.64,35.79,12146656177.98,4.98,16.18,12.66,303.53,285.00,268.98,250.08,249.39,265.56,389.00,210.00,253.50,17.84,4.45,4.34,2470551198.00,617905979.00,629698862.00
[object Object],SWKS,"Skyworks Solutions, Inc.",NASDAQ,71.67,stock,common,100.00,1.00,false,0.00,USD,6.32,7516879.00,1.20,10784384608.49,USD,37.13,1.93,-23.08,4.21,Electronic technology,america,Electronic Technology,Neutral,Neutral,6.32,9.00,17.68,-9.40,29.30,11.69,-1.80,-60.65,-4.17,4861.72,5.56,4.49,StrongBuy,Strong buy,StrongBuy,Strong buy,Buy,Buy,63.43,3.19,1.75,130.28,65.83,54.97,0.00,66.76,-0.96,-0.16,757.00,-1.51,7516879.00,41.49,71.67,0.00,775424.00,-6.47,37.13,0.00,2.54,1.88,15.17,25.05,13.58,10666284608.49,2.66,30.55,13.13,67.35,66.35,64.79,67.25,63.81,68.07,85.00,52.00,70.00,5.04,1.03,1.27,3949921348.00,925966187.00,1036070861.00
[object Object],DIE,D'Ieteren Group SA/NV,EURONEXT,173.80,stock,common,10.00,1.00,false,0.00,EUR,-1.92,39065.00,1.16,10765058753.24,USD,21.82,9.36,14.61,0.79,Consumer services,belgium,Consumer Services,StrongBuy,Strong buy,-1.92,-1.70,-3.44,6.36,-4.66,11.27,-4.87,31.67,291.75,893.71,1.73,1.60,Sell,Sell,StrongSell,Strong sell,Sell,Sell,44.96,0.60,-1.65,-65.87,63.68,65.32,0.00,0.00,0.00,0.00,0.00,-0.68,39065.00,-34.19,173.80,0.00,23340.00,-1.43,21.82,1.52,1.17,639.14,14.61,17.73,30.32,13032434393.24,1.38,28.34,17.79,176.27,177.74,176.39,173.81,171.14,272.85,324.61,245.21,268.56,15.73,7.33,7.71,9515870884.66,8081333506.00,7078487880.00
[object Object],VSURE,Verisure Plc,OMXSTO,8.83,stock,common,1000.00,2.00,false,0.00,EUR,-1.43,984915.00,0.73,10740661501.56,USD,0.00,-0.29,-38.94,0.00,Commercial services,sweden,Commercial Services,StrongBuy,Strong buy,-1.43,-4.10,-18.73,-20.91,-2.92,-36.76,-39.49,-39.49,-39.49,-39.49,2.24,2.92,StrongSell,Strong sell,StrongSell,Strong sell,Sell,Sell,31.58,-0.31,-0.95,-125.34,5.56,6.01,0.00,0.00,0.00,0.00,0.00,0.76,984915.00,-18.01,0.00,0.00,0.00,0.00,0.00,-0.93,2.47,1.04,10.07,22.64,304.47,16867328408.58,3.83,49.00,10.47,9.08,9.77,9.99,10.48,11.40,18.22,21.41,13.77,18.98,0.67,0.00,0.00,4863701191.84,0.00,0.00
[object Object],BXP,BXP Inc,NYSE,67.10,stock,common,100.00,1.00,false,0.00,USD,0.06,1146983.00,0.95,10713290290.17,USD,36.05,1.86,9300.00,4.18,Finance,america,Finance,Buy,Buy,0.06,-6.55,-5.29,9.21,22.53,-0.70,-6.18,-42.03,-52.17,156.84,2.25,2.44,Sell,Sell,Sell,Sell,Sell,Sell,44.42,-0.12,-0.37,-84.43,20.02,33.44,doji,0.00,0.00,0.00,0.00,0.10,1146983.00,-15.56,67.10,0.00,308042.00,-6.62,36.05,0.00,3.04,2.07,8.34,13.99,19.35,29092891290.17,8.27,29.27,15.10,68.93,69.03,68.51,64.41,63.59,75.74,88.00,60.00,76.00,2.12,0.40,0.52,3503719289.00,858073851.00,884309603.00
[object Object],SUBC,Subsea 7 S.A.,OSL,326.60,stock,common,10.00,2.00,false,0.00,NOK,-3.09,302774.00,1.41,10684751031.79,USD,16.28,2.02,110.94,5.79,Industrial services,norway,Industrial Services,Buy,Buy,-3.09,-2.39,3.03,1.43,27.68,60.73,57.02,386.74,264.92,315.47,3.10,2.39,Sell,Sell,StrongSell,Strong sell,Sell,Sell,43.64,-14.60,7.19,-120.11,31.95,32.95,0.00,0.00,0.00,0.00,0.00,1.48,302774.00,64.99,326.60,0.00,141059.00,61.86,16.28,0.15,1.36,2.25,5.12,5.89,9.38,10515553814.58,1.41,10.44,6.28,336.90,332.30,332.32,327.62,280.51,37.50,47.57,25.09,38.79,2.39,0.60,0.73,7143339135.99,1913006474.00,2019716857.00
[object Object],GNRC,Generac Holdings Inc.,NYSE,180.76,stock,common,100.00,1.00,false,0.00,USD,-0.36,782186.00,0.70,10665989363.39,USD,41.67,4.34,-27.95,0.00,Producer manufacturing,america,Producer Manufacturing,Buy,Buy,-0.36,-10.96,-7.43,-34.23,-14.87,31.00,-0.25,-59.24,379.85,1753.95,5.37,4.15,Sell,Sell,StrongSell,Strong sell,Neutral,Neutral,30.53,-30.05,-18.74,-167.09,6.07,6.29,spinning_top_black,182.52,0.61,-0.01,2583.00,0.15,782186.00,-17.57,182.00,0.69,87578.00,1.63,41.67,0.00,2.44,3.71,19.67,28.42,40.69,11742096363.39,2.65,20.01,14.65,195.33,204.24,220.72,237.33,208.11,288.47,340.00,214.00,285.00,9.72,2.01,2.45,4939328470.00,1177919872.00,1327433966.00
[object Object],LHA,Deutsche Lufthansa AG,XETR,7.61,stock,common,1000.00,2.00,false,0.00,EUR,-0.31,6235118.00,1.38,10640326845.51,USD,13.61,0.64,-62.23,4.32,Transportation,germany,Transportation,Neutral,Neutral,-0.31,-4.85,-18.41,-9.01,-6.74,-9.94,-3.62,25.30,-1.19,59.97,2.00,2.39,StrongSell,Strong sell,StrongSell,Strong sell,Sell,Sell,32.83,-0.24,-0.50,-120.19,19.12,33.14,0.00,7.61,-0.34,-0.47,11821.00,-0.47,6235118.00,-3.18,7.64,0.39,3127981.00,-1.05,13.61,0.00,0.22,0.76,2.67,0.00,1.12,18460222585.51,0.39,0.00,7.47,7.81,8.28,8.76,8.44,8.41,11.10,24.34,7.53,10.20,1.11,0.31,1.06,50249329542.28,12771368034.25,14307162346.63
[object Object],UNI,Unicaja Banco S.A.,BME,3.59,stock,common,1000.00,2.00,false,0.00,EUR,0.73,3325463.00,0.93,10622606034.41,USD,14.03,0.29,5.62,4.54,Finance,spain,Finance,Sell,Sell,0.73,-0.39,6.91,28.21,41.01,29.60,50.84,343.76,206.84,206.84,1.64,1.59,StrongBuy,Strong buy,StrongBuy,Strong buy,Neutral,Neutral,62.31,0.06,0.11,46.93,48.07,42.74,0.00,0.00,0.00,0.00,0.00,-0.06,3325463.00,-19.92,0.00,0.00,0.00,51.02,14.03,2.48,4.25,1.40,0.00,0.00,0.00,20552885994.33,6.12,0.00,0.00,3.56,3.48,3.38,3.11,2.89,3.55,4.17,2.85,3.48,0.31,0.08,0.07,2543474868.25,630022094.01,606192614.55
[object Object],AES,AES Corporation,NYSE,14.80,stock,common,100.00,1.00,false,0.00,USD,0.20,9768063.00,1.17,10558891586.62,USD,5.53,2.68,88.93,4.77,Utilities,america,Utilities,Neutral,Neutral,0.20,0.48,0.89,0.68,4.08,2.00,10.86,-38.67,22.62,351.67,0.35,0.33,StrongBuy,Strong buy,StrongBuy,Strong buy,Buy,Buy,58.95,0.10,-0.01,211.13,65.93,53.70,0.00,14.79,0.14,0.00,929.00,-0.14,9768063.00,74.26,14.82,0.14,859026.00,10.36,5.53,0.06,0.81,2.14,2.10,0.00,4.44,48174891586.62,3.70,19.80,11.85,14.75,14.75,14.74,14.64,14.58,15.00,15.00,15.00,15.00,2.29,0.45,0.53,12818493604.00,3111549000.00,3449572000.00
[object Object],SSAB_B,SSAB AB Class B,OMXSTO,101.50,stock,common,100.00,5.00,false,0.00,SEK,-0.29,2640134.00,0.88,10493944122.98,USD,18.05,0.58,24.28,1.96,Producer manufacturing,sweden,Producer Manufacturing,Buy,Buy,-0.29,-0.49,1.05,4.36,34.97,45.00,90.50,148.77,395.12,246.83,2.93,3.14,Neutral,Neutral,Sell,Sell,Neutral,Neutral,48.83,-3.25,1.79,-79.52,54.94,61.33,0.00,0.00,0.00,0.00,0.00,-0.98,2640134.00,-20.88,0.00,0.00,0.00,92.41,18.05,0.75,1.04,1.43,8.31,0.00,5.15,9586304522.98,0.95,12.39,7.98,101.58,102.48,99.36,94.32,83.20,11.14,13.99,6.63,11.60,0.81,0.23,0.17,11309415656.06,2752248158.98,2622885887.45
[object Object],BNR,Brenntag SE,XETR,61.78,stock,common,100.00,2.00,false,0.00,EUR,-1.25,280988.00,1.08,10470672683.09,USD,24.45,2.89,-13.76,3.04,Distribution services,germany,Distribution Services,Neutral,Neutral,-1.25,2.76,0.75,9.35,33.67,24.43,17.68,-27.11,24.72,262.74,1.93,2.23,Buy,Buy,StrongBuy,Strong buy,Neutral,Neutral,53.93,0.10,0.65,24.74,72.53,65.81,0.00,0.00,0.00,0.00,0.00,-0.29,280988.00,-16.42,61.78,0.00,210774.00,21.66,24.45,0.00,0.59,2.01,11.08,17.34,17.48,14108210903.09,0.82,16.30,9.81,61.35,61.51,59.54,58.90,55.17,69.03,88.03,54.44,67.18,4.89,1.98,1.27,18337554550.51,4620281199.36,4659190616.30
[object Object],BEZ,Beazley Plc,LSE,1298.00,stock,common,10.00,5.00,false,0.00,GBX,-0.15,4443579.00,0.96,10466476747.96,USD,15.88,1.08,-29.95,1.92,Finance,uk,Finance,Neutral,Neutral,-0.15,0.00,0.46,1.29,0.70,54.80,66.62,228.61,229.44,1522.50,0.33,0.23,Buy,Buy,StrongBuy,Strong buy,Neutral,Neutral,63.76,3.50,3.68,1.70,89.74,87.24,long_lower_shadow_bullish,0.00,0.00,0.00,0.00,-0.15,4443579.00,154.37,1298.00,0.00,378073.00,66.35,15.88,0.00,1.62,2.11,11.20,11.33,0.00,11098729375.57,1.71,0.00,0.00,1296.90,1293.50,1290.95,1285.30,1172.97,17.71,17.76,17.66,17.71,1.30,0.50,0.69,6266640604.53,3218971000.00,3066741180.00
[object Object],MGM,MGM Resorts International,NYSE,41.44,stock,common,100.00,1.00,false,0.00,USD,1.64,1739383.00,0.93,10426003383.65,USD,25.08,1.65,-8.96,0.00,Consumer services,america,Consumer Services,Buy,Buy,1.64,-4.36,-7.54,-14.94,13.85,13.13,5.94,-2.45,70.61,1406.91,2.59,2.02,Sell,Sell,StrongSell,Strong sell,Neutral,Neutral,32.76,-1.78,-2.19,-172.39,9.43,6.77,0.00,40.96,0.47,0.05,801.00,0.37,1739383.00,-13.07,41.44,0.00,323189.00,-3.15,25.08,0.00,0.59,4.15,3.93,6.12,4.19,38899595383.65,2.19,33.77,17.39,42.62,43.97,45.19,43.35,39.50,50.96,60.00,43.00,51.50,1.84,0.56,0.17,17684627454.00,4416318966.00,4285696102.00
[object Object],BIM,bioMerieux SA,EURONEXT,75.60,stock,common,100.00,5.00,false,0.00,EUR,-0.26,181455.00,1.00,10374164063.46,USD,19.38,4.46,22.76,1.29,Health technology,france,Health Technology,Neutral,Neutral,-0.26,0.07,8.93,6.55,-20.67,-31.46,-35.71,-31.77,61.20,14075.14,1.90,1.78,Buy,Buy,Buy,Buy,Neutral,Neutral,59.82,2.50,2.35,105.80,78.89,81.74,doji,0.00,0.00,0.00,0.00,-0.20,181455.00,-27.01,75.60,0.00,105465.00,-34.54,19.38,0.85,2.25,2.07,9.86,15.28,13.61,10103145441.46,2.22,14.60,9.63,75.04,73.19,72.16,72.77,86.64,91.87,115.92,74.19,91.58,5.13,2.32,2.94,4850477127.70,2210342924.00,2497706693.00
[object Object],LPP,LPP S.A.,GPW,20900.00,stock,common,1.00,20.00,false,0.00,PLN,0.10,2262.00,0.88,10369596752.19,USD,23.71,242.85,-9.36,3.50,Retail trade,poland,Retail Trade,Buy,Buy,0.10,0.48,-4.04,-3.78,4.92,0.43,21.87,52.11,359.58,43081.82,2.31,2.34,Sell,Sell,Sell,Sell,Neutral,Neutral,48.53,-520.00,-250.85,-54.80,23.49,20.72,0.00,0.00,0.00,0.00,0.00,0.57,2262.00,-39.05,0.00,0.00,0.00,23.26,23.71,0.00,1.64,6.38,7.99,22.38,32.77,12257828482.19,1.88,18.02,9.54,20830.00,21292.67,20427.60,20953.00,20355.82,6507.95,9222.06,5290.36,6212.17,396.96,70.22,106.79,7484328698.84,1538402384.61,1737273064.31
[object Object],ACKB,Ackermans & van Haaren NV,EURONEXT,268.00,stock,common,10.00,2.00,false,0.00,EUR,-1.40,25859.00,0.77,10338320548.93,USD,13.33,22.97,23.59,1.18,Industrial services,belgium,Industrial Services,Buy,Buy,-1.40,3.08,-1.18,2.29,-3.60,15.22,18.69,74.59,133.86,778.69,2.32,1.42,Buy,Buy,Buy,Buy,Neutral,Neutral,52.23,8.20,4.17,83.83,60.75,65.73,0.00,0.00,0.00,0.00,0.00,-0.29,25859.00,-1.84,268.00,0.00,10701.00,24.34,13.33,0.57,1.50,1.48,6.85,12.17,3.93,21538117576.29,3.17,24.88,14.64,264.22,265.00,268.89,273.71,262.68,357.91,393.82,311.58,364.86,22.61,0.00,0.00,7032378625.00,0.00,0.00
[object Object],FRT,Federal Realty Investment Trust,NYSE,117.94,stock,common,100.00,1.00,false,0.00,USD,0.78,769701.00,1.24,10309788401.42,USD,23.81,4.95,25.62,3.86,Finance,america,Finance,Buy,Buy,0.78,0.19,-5.62,-2.30,9.42,18.71,18.40,-4.27,-25.76,3725.06,1.15,1.37,Buy,Buy,Buy,Buy,Buy,Buy,45.55,0.38,-3.87,-14.03,30.61,23.61,0.00,0.00,0.00,0.00,0.00,0.51,769701.00,-10.59,117.94,0.00,168488.00,18.78,23.81,0.92,7.55,3.20,15.96,30.34,94.78,15467346401.42,11.59,33.58,18.15,117.15,119.87,121.19,119.00,110.97,133.11,149.00,118.00,134.50,4.26,0.72,0.72,1360365143.00,331919002.00,338082431.00
[object Object],SPM,Saipem S.p.A.,MIL,4.41,stock,common,1000.00,1.00,false,0.00,EUR,-1.95,18910231.00,1.21,10295051577.40,USD,33.72,0.15,-14.67,3.78,Industrial services,italy,Industrial Services,Buy,Buy,-1.95,-1.58,6.18,2.82,34.78,80.16,82.17,-12.43,-57.11,-11.32,3.19,2.57,Neutral,Neutral,Neutral,Neutral,Sell,Sell,48.18,-0.12,0.12,-54.03,44.03,45.42,0.00,0.00,0.00,0.00,0.00,0.60,18910231.00,41.94,0.00,0.00,0.00,87.27,33.72,0.00,0.57,3.70,5.79,7.17,3.72,11045047507.40,0.62,15.67,5.58,4.49,4.39,4.37,4.38,3.70,5.64,6.91,3.92,5.76,0.20,0.00,0.00,18332123596.31,6802683120.00,0.00
[object Object],IG,Italgas SpA,MIL,8.42,stock,common,1000.00,2.00,false,0.00,EUR,-3.46,2676198.00,1.20,10288252837.63,USD,0.00,0.00,0.00,4.95,Utilities,italy,Utilities,Buy,Buy,-3.46,-4.84,-5.61,-14.60,-19.81,-10.95,10.50,57.75,-30.00,288.84,1.99,1.59,StrongSell,Strong sell,StrongSell,Strong sell,Sell,Sell,29.49,-0.20,-0.43,-194.98,36.93,43.42,0.00,0.00,0.00,0.00,0.00,0.32,2676198.00,55.27,8.42,0.00,7680.00,15.78,0.00,0.00,0.00,2.27,0.00,0.00,6.82,23270794827.36,7.61,15.66,9.94,8.73,8.97,9.43,9.86,9.96,12.59,13.66,11.44,12.73,0.87,0.22,0.21,3272022956.15,761061388.02,761716248.55
[object Object],KESKOB,Kesko Oyj Class B,OMXHEX,22.20,stock,common,100.00,2.00,false,0.00,EUR,-1.16,550882.00,0.93,10275420142.98,USD,21.14,1.20,10.18,4.01,Retail trade,finland,Retail Trade,Buy,Buy,-1.16,0.36,2.97,7.77,10.01,14.91,16.84,-36.10,122.00,583.60,1.17,1.16,Buy,Buy,StrongBuy,Strong buy,Sell,Sell,63.26,0.36,0.85,88.34,81.67,86.16,0.00,0.00,0.00,0.00,0.00,0.00,550882.00,-35.12,0.00,0.00,0.00,18.82,21.14,2.10,0.70,3.34,8.67,12.80,23.49,14512607349.98,0.99,19.44,10.08,22.20,21.72,20.87,20.68,20.16,25.48,27.88,22.66,26.14,1.36,0.37,0.45,15463632216.93,3863834522.90,3919511187.50
[object Object],PODD,Insulet Corporation,NASDAQ,148.14,stock,common,100.00,1.00,false,0.00,USD,-0.16,1113541.00,0.60,10274130731.74,USD,29.37,5.04,53.51,0.00,Health technology,america,Health Technology,Buy,Buy,-0.16,4.86,-12.11,0.79,-37.87,-48.10,-56.19,-50.75,249.14,771.41,3.17,4.09,Sell,Sell,Sell,Sell,Neutral,Neutral,48.77,-3.37,-5.63,97.70,59.89,52.66,long_upper_shadow_bearish,148.00,-0.26,0.15,959.00,-0.26,1113541.00,-13.56,148.14,0.00,164950.00,-57.62,29.37,0.55,3.37,7.22,20.11,34.99,19.22,10687630731.74,3.50,20.74,16.71,146.06,150.94,154.42,158.62,212.01,169.86,275.00,144.00,165.00,6.50,1.47,1.59,3292965181.00,787389296.00,833873267.00
[object Object],GBLB,Groupe Bruxelles Lambert SA,EURONEXT,73.25,stock,common,100.00,5.00,false,0.00,EUR,-0.54,111095.00,1.15,10263182158.00,USD,0.00,-5.82,-513.32,4.87,Finance,belgium,Finance,Buy,Buy,-0.54,-0.34,-6.45,-10.23,-11.96,-3.36,-3.04,-24.87,-8.32,28.16,0.99,1.21,StrongSell,Strong sell,StrongSell,Strong sell,Neutral,Neutral,34.56,0.55,-2.57,-51.26,39.98,36.27,spinning_top_black,0.00,0.00,0.00,0.00,-0.41,111095.00,40.05,73.25,0.00,74689.00,-3.54,0.00,-0.03,1.30,0.82,15.03,0.00,5.74,19182801451.00,2.45,54.80,18.18,73.34,75.80,76.82,78.60,78.56,102.29,108.36,89.92,103.75,4.10,0.00,0.00,7498001369.40,0.00,0.00
[object Object],TKA,thyssenkrupp AG,XETR,14.01,stock,common,1000.00,5.00,false,0.00,EUR,-1.16,2095821.00,1.02,10229141756.56,USD,30.39,0.53,0.00,1.06,Non-energy minerals,germany,Non-Energy Minerals,Buy,Buy,-1.16,1.74,14.37,18.43,43.66,48.73,124.54,121.45,-5.13,219.43,3.88,4.23,Buy,Buy,StrongBuy,Strong buy,Buy,Buy,58.44,1.05,1.52,42.77,68.32,77.95,long_lower_shadow_bullish,14.06,-0.81,-0.32,1366.00,-1.38,2095821.00,7.17,14.02,0.07,827186.00,55.26,30.39,0.00,0.27,0.90,24.50,0.00,2.58,8552953016.56,0.23,36.18,5.36,14.01,13.05,12.43,11.46,10.53,18.81,25.69,11.09,18.68,-0.98,0.03,0.12,38028364399.75,9582912048.87,9231243314.82
[object Object],AYV,Ayvens,EURONEXT,11.18,stock,common,100.00,1.00,false,0.00,EUR,-0.62,991941.00,1.13,10217618931.53,USD,8.84,1.44,32.38,5.24,Finance,france,Finance,Buy,Buy,-0.62,-3.87,-5.17,-0.45,10.37,-2.36,17.68,2.98,-14.31,-14.31,3.22,1.97,Sell,Sell,StrongSell,Strong sell,Neutral,Neutral,43.81,-0.07,-0.36,-79.51,44.32,36.12,0.00,0.00,0.00,0.00,0.00,0.00,991941.00,27.87,11.18,0.00,574372.00,17.49,8.84,0.27,0.35,0.79,0.92,0.00,3.75,66944204447.53,2.34,19.35,5.21,11.30,11.51,11.58,11.45,11.22,14.62,16.22,12.51,14.99,1.43,0.00,0.00,27453232603.92,0.00,0.00
[object Object],SOF,Sofina SA,EURONEXT,240.40,stock,common,10.00,2.00,false,0.00,EUR,-0.91,20801.00,1.35,10166690433.56,USD,71.81,3.93,-91.59,1.06,Finance,belgium,Finance,StrongBuy,Strong buy,-0.91,-1.96,-1.80,11.40,-0.91,-2.75,-5.89,-35.71,93.03,450.56,1.45,1.43,Sell,Sell,Sell,Sell,Sell,Sell,45.20,-4.00,2.47,-151.86,34.20,51.40,doji,0.00,0.00,0.00,0.00,-0.82,20801.00,3.88,240.40,0.00,14422.00,2.85,71.81,0.00,62.85,0.79,19.08,19.08,5.02,9812743358.96,64.60,67.49,0.00,244.40,244.59,237.43,228.85,234.28,344.28,363.51,317.35,351.97,0.00,0.00,0.00,0.00,0.00,0.00
[object Object],EVK,Evonik Industries AG,XETR,18.98,stock,common,100.00,1.00,false,0.00,EUR,0.85,1136344.00,1.01,10166235238.20,USD,73.08,0.30,-71.46,5.31,Process industries,germany,Process Industries,Neutral,Neutral,0.85,1.71,9.21,20.51,34.71,41.85,15.73,-32.86,-37.63,-42.48,1.90,1.93,Buy,Buy,StrongBuy,Strong buy,Neutral,Neutral,68.34,0.43,0.93,128.66,84.28,85.82,0.00,18.81,-0.05,-0.05,200.00,-0.11,1136344.00,-20.14,19.03,0.26,641393.00,15.82,73.08,0.00,0.62,1.12,5.48,10.67,22.68,14960645078.20,0.93,12.64,6.12,18.70,18.05,17.37,17.12,15.64,21.45,25.50,16.23,22.02,2.03,0.63,0.56,17263687518.44,4358954535.64,4223190567.34
[object Object],NDX1,Nordex SE,XETR,36.44,stock,common,100.00,2.00,false,0.00,EUR,-1.09,553899.00,1.52,10115630216.83,USD,22.33,1.86,539.67,0.00,Producer manufacturing,germany,Producer Manufacturing,Buy,Buy,-1.09,-4.66,-5.60,-12.61,-13.28,24.97,75.19,140.34,62.76,1206.16,2.94,3.43,StrongSell,Strong sell,StrongSell,Strong sell,Neutral,Neutral,35.69,-2.72,-1.40,-286.88,9.73,10.63,long_lower_shadow_bullish,36.82,-0.05,-0.38,273.00,-0.92,553899.00,16.71,36.58,0.38,332860.00,81.98,22.33,0.04,1.20,5.94,9.64,11.83,4.84,8432894371.71,0.92,12.04,9.26,38.17,38.82,40.33,42.31,38.63,55.32,69.55,32.46,57.38,2.37,0.49,0.64,10295363994.48,2407687721.64,2438402626.49
[object Object],HSIC,"Henry Schein, Inc.",NASDAQ,90.39,stock,common,100.00,1.00,false,0.00,USD,2.11,859381.00,1.02,10073652443.45,USD,26.34,3.43,10.35,0.00,Distribution services,america,Distribution Services,Buy,Buy,2.11,0.47,4.68,17.44,14.03,19.48,30.58,17.39,40.69,1927.36,2.29,2.26,StrongBuy,Strong buy,StrongBuy,Strong buy,Neutral,Neutral,59.63,1.10,1.67,80.93,50.04,49.65,0.00,88.62,0.11,0.54,12596.00,0.56,859381.00,19.65,90.15,-0.27,145595.00,18.95,26.34,2.49,0.74,3.20,14.77,18.17,65.86,15295652443.45,1.12,18.81,13.42,89.50,88.32,87.15,81.55,78.89,100.47,112.00,85.00,102.00,5.38,1.24,1.36,13871342398.00,3373853433.00,3473530416.00
[object Object],PAH3,Porsche Automobil Holding SE Pref,XETR,27.28,stock,preferred,100.00,1.00,false,0.00,EUR,-3.67,674986.00,1.25,10053654260.27,USD,87.94,0.35,0.00,5.33,Consumer durables,germany,Consumer Durables,Neutral,Neutral,-3.67,-0.22,-5.87,-12.79,-20.00,-31.63,-25.20,-68.37,-40.44,-24.04,2.72,2.05,Sell,Sell,StrongSell,Strong sell,Neutral,Neutral,41.86,-0.44,0.01,-58.28,58.79,72.05,0.00,28.01,-1.09,-1.09,2.00,-0.88,674986.00,5.62,27.30,0.07,417413.00,-21.03,87.94,0.00,3.20,0.23,19.47,19.47,4.36,15828738840.27,5.11,4.72,4.71,27.88,28.18,27.96,29.76,32.88,39.66,49.96,30.50,40.66,10.07,3.52,2.95,13867673544.14,0.00,0.00
[object Object],TREL_B,Trelleborg AB Class B,OMXSTO,435.80,stock,common,10.00,2.00,false,0.00,SEK,-1.58,273217.00,0.95,10052401796.95,USD,25.87,1.73,7.71,1.81,Producer manufacturing,sweden,Producer Manufacturing,Buy,Buy,-1.58,-1.58,2.54,6.40,16.65,10.61,18.55,111.86,166.06,1141.33,1.92,1.52,Neutral,Neutral,Buy,Buy,Sell,Sell,51.97,10.00,13.56,-5.36,59.24,69.97,0.00,0.00,0.00,0.00,0.00,-0.18,273217.00,22.07,0.00,0.00,0.00,22.12,25.87,3.41,2.85,2.59,18.47,24.57,41.77,11061258596.95,3.11,16.92,12.84,439.04,433.01,424.72,410.60,394.56,47.02,57.69,36.65,46.80,2.13,0.50,0.53,3929486081.45,930815195.16,959022045.07
[object Object],ORK,Orkla ASA,OSL,93.50,stock,common,100.00,5.00,false,0.00,NOK,-2.20,1611857.00,0.85,10049267615.92,USD,14.23,0.66,-37.76,4.18,Consumer non-durables,norway,Consumer Non-Durables,Neutral,Neutral,-2.20,-2.09,-10.95,-4.79,-25.44,-17.26,-16.44,20.06,19.95,222.41,1.48,1.42,StrongSell,Strong sell,StrongSell,Strong sell,Sell,Sell,26.59,-9.70,-7.01,-93.92,9.05,9.84,"falling_three_methods_bearish,marubozu_black_bearish",0.00,0.00,0.00,0.00,-0.47,1611857.00,18.39,93.50,0.00,909813.00,-15.49,14.23,0.00,1.33,2.14,9.79,13.87,63.45,12700430815.92,1.78,16.97,12.42,95.72,101.38,103.32,105.62,110.69,11.56,16.01,9.50,11.21,0.66,0.16,0.18,6979151505.80,1782401333.51,1898802018.56
[object Object],ABVX,Abivax SA,EURONEXT,96.65,stock,common,100.00,5.00,false,0.00,EUR,-1.83,106964.00,0.53,9957600083.69,USD,0.00,-5.23,-31.84,0.00,Health technology,france,Health Technology,StrongBuy,Strong buy,-1.83,-4.12,-11.41,24.71,-1.28,-17.67,43.19,200.16,2346.84,333.41,2.55,2.92,Sell,Sell,StrongSell,Strong sell,Sell,Sell,36.96,-6.65,-9.24,-95.20,15.70,11.99,0.00,0.00,0.00,0.00,0.00,-0.41,106964.00,-36.31,96.65,0.00,57467.00,64.73,0.00,0.00,0.00,17.84,0.00,0.00,15.53,9427456129.09,0.00,0.00,0.00,99.28,105.55,109.64,103.10,103.21,165.86,209.13,81.33,168.37,-3.89,-0.93,-0.96,4474507.26,396400.51,778495.48
[object Object],SMIN,Smiths Group Plc,LSE,2538.00,stock,common,1.00,1.00,false,0.00,GBX,-0.74,1082624.00,1.22,9939062930.99,USD,33.05,1.05,-13.45,1.83,Producer manufacturing,uk,Producer Manufacturing,Buy,Buy,-0.74,-3.72,-4.41,2.79,-4.08,6.91,7.72,75.28,88.84,350.60,1.52,1.56,Sell,Sell,StrongSell,Strong sell,Neutral,Neutral,37.31,-73.00,-27.58,-171.32,13.17,23.98,0.00,0.00,0.00,0.00,0.00,-0.74,1082624.00,-14.79,2538.00,0.00,470469.00,-2.27,33.05,0.00,3.72,4.83,21.93,26.46,23.77,11125504330.99,3.66,21.86,16.40,2596.30,2632.73,2599.16,2560.06,2518.52,38.67,42.55,32.42,40.52,1.12,0.80,0.64,2538042137.91,2041056000.00,1364333042.00
[object Object],PSON,Pearson PLC,LSE,1199.00,stock,common,10.00,5.00,false,0.00,GBX,-2.20,1225349.00,0.68,9924845848.28,USD,24.20,0.66,-23.84,2.09,Consumer services,uk,Consumer Services,Neutral,Neutral,-2.20,-2.88,-4.65,7.73,22.80,14.24,10.10,56.04,39.66,119.42,1.97,2.02,Sell,Sell,Sell,Sell,Neutral,Neutral,44.54,11.50,-8.64,-47.44,69.85,80.25,0.00,0.00,0.00,0.00,0.00,-2.00,1225349.00,-1.28,1199.00,0.00,772370.00,5.15,24.20,0.00,2.10,2.15,6.72,6.97,22.01,11862610048.28,2.46,16.95,8.14,1211.25,1225.03,1227.47,1169.24,1075.89,17.51,19.19,15.27,17.57,0.96,0.35,0.57,5011309466.24,2333304250.65,2615843161.75
[object Object],SBRY,J Sainsbury plc,LSE,334.00,stock,common,10.00,1.00,false,0.00,GBX,-0.77,4872301.00,0.67,9909536171.96,USD,20.19,0.22,12.82,4.07,Retail trade,uk,Retail Trade,Buy,Buy,-0.77,-0.77,-6.34,13.49,-3.69,2.71,10.96,9.51,37.34,-36.88,1.26,1.61,Sell,Sell,Sell,Sell,Sell,Sell,44.46,3.20,-11.25,-34.75,37.13,29.88,inverted_hammer_bullish,0.00,0.00,0.00,0.00,-0.33,4872301.00,-33.78,334.00,0.00,3133201.00,10.30,20.19,1.59,0.23,1.23,0.00,0.00,7.24,17387630371.96,0.38,14.45,6.05,333.84,343.90,340.81,329.28,330.25,4.90,5.46,4.09,4.90,0.32,0.16,0.15,45970392961.28,21420047398.00,24703230160.50
[object Object],SW,Sodexo SA,EURONEXT,57.90,stock,common,100.00,5.00,false,0.00,EUR,-0.86,154906.00,0.78,9903233768.98,USD,19.00,3.60,-33.44,4.62,Consumer services,france,Consumer Services,Neutral,Neutral,-0.86,1.67,1.58,16.45,28.55,32.80,11.88,9.20,-27.68,711.20,1.94,1.56,Buy,Buy,StrongBuy,Strong buy,Sell,Sell,58.58,1.85,1.59,120.23,70.12,74.80,0.00,0.00,0.00,0.00,0.00,-0.26,154906.00,-35.81,57.90,0.00,100527.00,13.40,19.00,0.00,0.36,2.35,8.80,13.62,7.24,14818199368.98,0.53,14.67,9.18,57.54,57.05,55.29,50.77,47.59,61.54,75.74,47.77,60.59,3.78,2.82,1.60,27836726348.94,14296003267.68,13825503786.00
[object Object],UHS,"Universal Health Services, Inc. Class B",NYSE,167.49,stock,common,100.00,1.00,false,0.00,USD,-1.91,808880.00,1.34,9869190616.16,USD,6.82,24.56,29.35,0.47,Health services,america,Health Services,Buy,Buy,-1.91,-4.93,-0.75,13.63,-14.07,-23.11,-7.12,6.87,38.75,26367.56,2.83,2.86,Sell,Sell,StrongSell,Strong sell,Sell,Sell,47.00,-4.84,4.58,-125.53,18.54,31.81,0.00,171.51,0.45,0.45,100.00,-0.36,808880.00,54.76,167.49,0.00,117424.00,-12.88,6.82,0.24,0.56,1.31,5.57,11.87,72.29,15133991616.16,0.84,7.35,5.61,173.38,169.64,162.31,161.89,186.59,192.50,290.00,166.00,190.50,22.53,5.94,5.23,18607862604.00,4578899092.00,4716247320.00
[object Object],FRO,Frontline Plc,OSL,413.80,stock,common,10.00,1.00,false,0.00,NOK,-1.22,507220.00,0.54,9866646607.00,USD,6.25,6.68,512.74,7.06,Transportation,norway,Transportation,Buy,Buy,-1.22,2.43,10.85,28.79,23.15,86.90,101.85,526.40,586.24,92.47,4.33,3.75,Buy,Buy,StrongBuy,Strong buy,Neutral,Neutral,58.79,0.50,24.64,84.93,85.45,87.15,0.00,0.00,0.00,0.00,0.00,-0.21,507220.00,-50.77,413.80,0.00,134595.00,97.14,6.25,0.01,3.68,2.95,6.87,13.49,28.84,12110805132.13,4.46,9.08,7.36,409.42,388.58,378.68,362.51,320.80,45.04,55.00,38.99,44.02,8.94,2.74,2.41,2447227380.24,758889542.00,636427771.00
[object Object],IMI,IMI plc,LSE,3042.00,stock,common,1.00,2.00,false,0.00,GBX,-0.39,635918.00,0.68,9766714430.48,USD,22.42,1.80,45.36,1.16,Producer manufacturing,uk,Producer Manufacturing,Buy,Buy,-0.39,-2.25,2.22,8.95,8.26,21.58,34.48,68.35,186.71,868.79,1.51,1.68,Neutral,Neutral,Sell,Sell,Neutral,Neutral,49.18,-8.00,62.02,-75.05,55.37,67.89,spinning_top_black,0.00,0.00,0.00,0.00,-0.26,635918.00,-23.48,3042.00,0.00,358532.00,31.87,22.42,0.50,3.13,7.85,14.99,18.90,82.02,10679112190.48,3.40,16.21,13.17,3069.00,3050.53,2989.32,2906.18,2772.83,44.66,54.14,37.90,44.67,1.90,0.79,1.06,3218363825.85,1502780377.50,1663450300.00
[object Object],RNO,Renault SA,EURONEXT,27.69,stock,common,100.00,1.00,false,0.00,EUR,-4.55,2045577.00,1.43,9737994585.70,USD,8.45,3.74,0.00,7.58,Consumer durables,france,Consumer Durables,Buy,Buy,-4.55,1.28,0.11,1.73,-4.05,-21.96,-18.34,-9.75,-63.16,10.10,3.90,2.70,StrongSell,Strong sell,StrongSell,Strong sell,Sell,Sell,46.55,-1.50,0.90,-69.60,59.38,73.39,marubozu_black_bearish,0.00,0.00,0.00,0.00,-0.65,2045577.00,47.54,27.69,0.00,1195557.00,-12.73,8.45,0.00,0.14,0.39,1.64,2.39,0.38,70719502915.70,1.02,17.46,8.04,28.44,28.13,27.28,28.04,30.21,42.15,58.39,29.20,40.29,7.07,3.25,4.25,71970132774.79,33749915166.59,36132224130.06
[object Object],ANDR,ANDRITZ AG,VIE,83.20,stock,common,10.00,1.00,false,0.00,EUR,-0.72,95081.00,1.10,9662336455.70,USD,17.54,5.42,0.83,3.22,Producer manufacturing,austria,Producer Manufacturing,StrongBuy,Strong buy,-0.72,3.23,1.71,6.53,23.26,24.18,35.95,68.15,78.12,3228.00,1.80,1.90,Buy,Buy,StrongBuy,Strong buy,Neutral,Neutral,61.79,3.20,2.97,93.17,87.58,80.17,"hanging_man_bearish,long_lower_shadow_bullish",0.00,0.00,0.00,0.00,-0.24,95081.00,-12.68,83.20,0.00,60776.00,41.91,17.54,21.26,1.02,3.34,10.52,14.49,10.60,9494485743.70,1.03,13.69,9.74,82.08,80.65,78.03,76.47,71.88,103.48,115.41,92.33,103.29,6.16,1.34,1.55,9687710833.00,2226845691.00,2295080281.00
[object Object],PNDORA,Pandora A/S,OMXCOP,851.20,stock,common,10.00,2.00,false,0.00,DKK,-2.16,232674.00,0.87,9629129712.15,USD,12.45,10.42,0.60,2.53,Consumer durables,denmark,Consumer Durables,Neutral,Neutral,-2.16,3.60,4.80,48.03,68.89,20.06,-1.37,7.31,2.12,277.47,2.72,3.06,Buy,Buy,StrongBuy,Strong buy,Sell,Sell,59.72,51.20,44.73,120.96,89.89,91.77,tweezer_top_bearish,0.00,0.00,0.00,0.00,-0.57,232674.00,-10.01,0.00,0.00,0.00,-2.05,12.45,21.36,1.89,13.96,7.39,8.97,66.17,12049101812.15,2.44,10.13,7.53,827.66,811.11,793.43,675.63,632.35,130.53,155.50,68.42,135.36,10.17,1.29,0.96,5238475026.25,1100235321.75,1024946878.81
[object Object],MRL,"MERLIN Properties SOCIMI, S.A.",BME,13.21,stock,common,100.00,1.00,false,0.00,EUR,-1.05,880899.00,1.13,9574271662.35,USD,9.30,1.62,20.37,2.55,Finance,spain,Finance,StrongBuy,Strong buy,-1.05,-5.51,-11.46,-12.46,-9.21,6.53,4.43,29.51,26.05,65.49,1.64,1.48,Sell,Sell,StrongSell,Strong sell,Neutral,Neutral,22.63,-0.70,-1.02,-139.11,2.71,3.10,0.00,0.00,0.00,0.00,0.00,-0.37,880899.00,-12.52,0.00,0.00,0.00,18.72,9.30,0.46,14.19,0.88,0.00,0.00,5.23,13555732281.83,20.38,28.83,28.41,13.70,14.38,14.68,14.83,14.00,20.30,23.53,17.04,20.49,0.63,0.15,0.16,712268945.90,172332856.79,171094125.62
[object Object],PNR,Pentair plc,NYSE,59.84,stock,common,100.00,1.00,false,0.00,USD,-1.01,3256715.00,0.63,9552735330.40,USD,15.06,3.97,8.54,1.75,Producer manufacturing,america,Producer Manufacturing,Neutral,Neutral,-1.01,-4.16,-9.18,-17.07,-37.52,-42.58,-43.60,-23.22,41.58,26281.22,2.88,2.89,StrongSell,Strong sell,StrongSell,Strong sell,Sell,Sell,32.31,-5.75,-3.46,-127.43,7.84,9.79,0.00,0.00,0.00,0.00,0.00,-0.05,3256715.00,-47.07,59.84,0.00,668496.00,-44.62,15.06,1.78,2.43,2.55,12.87,14.37,105.34,11225635330.40,2.80,12.82,11.27,62.13,64.79,67.66,72.90,86.15,75.08,94.00,60.00,75.50,4.65,1.12,1.08,3932105600.00,943239219.00,966026446.00
[object Object],TUB,Financiere de Tubize S.A.,EURONEXT,186.80,stock,common,10.00,1.00,false,0.00,EUR,0.97,14402.00,0.93,9545733735.30,USD,84.49,2.52,6.12,0.41,Finance,belgium,Finance,Buy,Buy,0.97,-3.21,-3.91,-15.55,-16.98,-11.05,17.78,103.26,200.32,9339.11,2.32,2.39,Sell,Sell,StrongSell,Strong sell,Buy,Buy,42.69,2.00,-7.08,-31.91,37.40,41.65,0.00,0.00,0.00,0.00,0.00,-0.22,14402.00,-27.28,186.80,0.00,11303.00,16.35,84.49,13.67,0.00,4.19,84.54,84.54,166.62,9487885471.17,0.00,0.00,0.00,187.42,192.25,201.54,207.35,213.43,289.44,329.15,249.74,289.44,0.00,0.00,0.00,0.00,0.00,0.00
[object Object],DNP,Dino Polska SA,GPW,35.57,stock,common,100.00,1.00,false,0.00,PLN,-1.74,8681896.00,1.57,9482701787.25,USD,22.27,0.42,-0.32,0.00,Retail trade,poland,Retail Trade,Neutral,Neutral,-1.74,-1.74,10.78,18.17,-10.63,-14.56,-22.01,9.78,883.96,883.96,2.75,3.03,Buy,Buy,StrongBuy,Strong buy,Neutral,Neutral,64.96,3.08,3.21,87.37,81.07,79.43,engulfing_bearish,0.00,0.00,0.00,0.00,0.28,8681896.00,102.76,0.00,0.00,0.00,-20.26,22.27,0.00,1.00,3.72,15.44,149.04,45.13,9508615209.40,1.01,17.72,13.85,35.31,33.03,31.29,31.30,35.42,9.51,14.07,6.05,9.59,0.47,0.11,0.14,10612841908.67,2530972727.34,2646608535.79
[object Object],WEIR,Weir PLC,LSE,2656.00,stock,common,1.00,2.00,false,0.00,GBX,-1.85,990639.00,0.93,9432294975.39,USD,26.24,1.34,-14.68,1.54,Producer manufacturing,uk,Producer Manufacturing,Buy,Buy,-1.85,-8.67,-0.38,11.50,-13.82,-6.94,7.53,49.09,75.20,1006.67,2.72,2.49,Sell,Sell,StrongSell,Strong sell,Neutral,Neutral,46.01,70.00,146.95,-60.81,39.90,56.76,shooting_star_bearish,0.00,0.00,0.00,0.00,-0.81,990639.00,-47.88,2656.00,0.00,614190.00,9.99,26.24,0.00,2.66,3.42,23.92,29.28,17.83,11403301155.39,3.26,18.05,14.10,2795.60,2702.80,2588.88,2592.66,2812.95,44.40,54.14,33.84,43.31,1.77,0.68,1.07,3721841892.74,1670517442.79,2036419009.08
[object Object],WYNN,"Wynn Resorts, Limited",NASDAQ,91.52,stock,common,100.00,1.00,false,0.00,USD,1.02,1742783.00,1.05,9424170456.24,USD,21.92,4.18,23.17,1.10,Consumer services,america,Consumer Services,StrongBuy,Strong buy,1.02,-7.55,-8.48,-12.97,-11.03,-23.78,-26.78,-9.53,-2.20,604.00,3.04,2.80,Sell,Sell,StrongSell,Strong sell,Buy,Buy,32.79,-8.58,-5.55,-151.82,8.44,7.45,0.00,90.66,0.07,0.99,1771.00,0.15,1742783.00,-4.54,91.52,0.00,178557.00,-28.49,21.92,0.94,1.26,0.00,6.46,11.90,4.49,18928694456.24,2.55,15.67,10.25,95.75,98.98,98.39,100.93,107.40,134.20,155.00,116.00,134.50,4.64,0.99,0.92,7490658802.00,1832286431.00,1824721511.00
[object Object],RED,Redeia Corporacion SA,BME,14.91,stock,common,100.00,1.00,false,0.00,EUR,-0.86,861443.00,0.93,9396960262.89,USD,16.12,1.06,35.60,4.31,Utilities,spain,Utilities,Neutral,Neutral,-0.86,-2.80,-2.93,1.98,0.34,-2.23,-9.64,-14.24,-22.89,879.31,1.36,1.13,StrongSell,Strong sell,StrongSell,Strong sell,Sell,Sell,36.93,-0.18,-0.19,-162.64,27.78,41.27,0.00,0.00,0.00,0.00,0.00,0.20,861443.00,-1.81,0.00,0.00,0.00,-7.33,16.12,0.46,4.74,1.70,7.96,0.00,8.19,16526203645.75,8.43,19.77,11.68,15.16,15.31,15.31,15.10,15.10,19.20,21.54,15.64,19.69,1.10,0.59,0.00,2035123930.43,983884690.00,0.00
[object Object],APTV,Aptiv PLC,NYSE,45.03,stock,common,100.00,1.00,false,0.00,USD,0.40,2556224.00,0.43,9349728590.36,USD,42.71,1.05,-75.87,0.00,Producer manufacturing,america,Producer Manufacturing,StrongBuy,Strong buy,0.40,-3.04,-21.00,-40.99,-26.36,-30.81,-31.96,-65.17,-10.63,198.65,2.76,3.43,Sell,Sell,StrongSell,Strong sell,Buy,Buy,32.43,-3.89,-5.76,-106.23,6.01,7.27,long_upper_shadow_bearish,45.08,0.51,2.14,5291.00,0.36,2556224.00,-36.68,45.18,0.33,593892.00,-45.45,42.71,0.00,0.51,1.07,2.92,3.56,12.48,14268728590.36,0.76,7.90,5.19,46.14,50.18,53.84,57.59,61.21,66.61,78.00,55.00,65.50,5.75,1.42,1.34,12735455595.00,3314249981.00,3183207096.00
[object Object],VOE,voestalpine AG,VIE,44.60,stock,common,100.00,2.00,false,0.00,EUR,-1.20,216728.00,1.03,9341241182.73,USD,15.33,3.32,323.65,1.66,Non-energy minerals,austria,Non-Energy Minerals,Buy,Buy,-1.20,1.55,-1.55,-4.78,2.53,19.19,56.60,18.24,45.56,363.38,2.48,3.37,Sell,Sell,Sell,Sell,Sell,Sell,46.70,-0.06,0.53,-58.62,58.80,65.22,0.00,0.00,0.00,0.00,0.00,-0.13,216728.00,8.57,44.60,0.00,133687.00,60.75,15.33,0.05,0.53,0.98,5.48,17.89,8.05,10818628837.73,0.63,13.49,6.53,44.84,45.44,44.50,44.76,42.53,60.14,73.03,52.74,57.96,4.30,1.16,0.71,18170622098.85,4560137482.88,4492397455.36
[object Object],STERV,Stora Enso Oyj Class R,OMXHEX,10.17,stock,common,1000.00,5.00,false,0.00,EUR,-0.59,1234871.00,0.88,9335585026.41,USD,13.91,0.84,0.00,2.44,Process industries,finland,Process Industries,Buy,Buy,-0.59,2.62,2.13,2.42,-6.70,-5.22,2.52,-38.06,24.79,-42.12,2.18,1.99,Buy,Buy,StrongBuy,Strong buy,Sell,Sell,63.73,0.73,0.34,122.73,84.83,84.87,0.00,0.00,0.00,0.00,0.00,-0.29,1234871.00,2.45,0.00,0.00,0.00,3.74,13.91,0.00,0.87,0.74,15.10,0.00,5.15,13355655946.41,1.26,0.00,29.53,9.99,9.78,9.64,9.74,10.10,12.95,15.64,9.27,13.09,0.60,0.16,0.14,11114828716.89,2765574104.51,2735435070.62
[object Object],INDT,Indutrade AB,OMXSTO,247.00,stock,common,10.00,2.00,false,0.00,SEK,-0.08,347522.00,1.01,9330282718.92,USD,33.56,0.76,-0.48,1.25,Producer manufacturing,sweden,Producer Manufacturing,Buy,Buy,-0.08,-0.48,2.92,30.14,10.17,2.75,5.38,-12.57,302.50,2955.68,1.83,1.76,Buy,Buy,StrongBuy,Strong buy,Sell,Sell,58.38,6.20,5.94,29.90,70.25,80.73,0.00,0.00,0.00,0.00,0.00,-0.65,347522.00,19.51,0.00,0.00,0.00,7.95,33.56,0.00,2.72,5.03,21.78,24.54,66.07,10315518718.92,3.03,25.17,17.44,247.66,243.46,232.80,217.81,222.20,29.64,33.66,27.46,29.77,1.03,0.21,0.24,3798838209.93,886637170.99,913750073.14
[object Object],CNA,Centrica plc,LSE,149.60,stock,common,100.00,5.00,false,0.00,GBX,-1.84,27200323.00,2.06,9327045623.66,USD,9.53,0.21,0.00,3.72,Utilities,uk,Utilities,Buy,Buy,-1.84,-4.10,-3.33,-20.32,-23.28,-11.87,-6.24,184.84,-35.07,174.98,3.03,1.92,Sell,Sell,StrongSell,Strong sell,Neutral,Neutral,32.38,-8.60,-3.79,-230.62,17.18,25.89,0.00,0.00,0.00,0.00,0.00,-0.26,27200323.00,61.48,149.60,0.00,5840570.00,-5.68,9.53,0.00,0.35,1.99,13.99,0.00,1.95,8858144523.66,0.34,1.48,1.38,154.18,155.93,162.63,179.39,182.65,2.82,3.09,2.45,2.79,0.16,0.09,0.07,29205809550.71,16453957366.80,17288941643.90
[object Object],SYENS,Syensqo SA/NV,EURONEXT,81.90,stock,common,100.00,5.00,false,0.00,EUR,3.34,180357.00,1.66,9307303909.79,USD,0.00,-0.26,72.60,1.43,Process industries,belgium,Process Industries,Buy,Buy,3.34,3.67,6.57,21.24,51.27,19.70,7.45,-9.00,-9.00,-9.00,2.31,1.99,StrongBuy,Strong buy,StrongBuy,Strong buy,Neutral,Neutral,61.80,1.30,3.41,73.65,46.60,45.12,0.00,0.00,0.00,0.00,0.00,1.07,180357.00,89.67,81.90,0.00,80118.00,3.10,0.00,0.00,1.40,1.37,12.20,22.56,12.62,11809995119.79,1.78,28.49,9.78,80.33,78.52,73.84,67.92,66.32,92.06,116.63,45.48,94.47,4.07,1.08,1.30,6914627552.96,1727471390.55,1738077894.10
[object Object],ADDT_B,Addtech AB Class B,OMXSTO,328.20,stock,common,10.00,2.00,false,0.00,SEK,-0.73,575140.00,1.67,9245081990.44,USD,39.85,0.85,13.61,1.09,Distribution services,sweden,Distribution Services,StrongBuy,Strong buy,-0.73,-3.64,-5.64,0.31,2.88,0.18,-0.06,82.33,847.87,9505.95,1.78,1.66,Sell,Sell,StrongSell,Strong sell,Neutral,Neutral,36.18,-7.20,-6.34,-141.78,14.71,26.36,0.00,0.00,0.00,0.00,0.00,-0.24,575140.00,15.42,0.00,0.00,0.00,3.93,39.85,2.95,3.87,10.31,28.36,29.73,63.43,9867510790.44,4.17,31.42,26.44,337.32,342.97,340.72,336.00,325.83,39.83,42.72,35.43,40.12,1.07,0.24,0.23,2608836435.45,632241811.89,610688534.20
[object Object],SAVE,Nordnet AB,OMXSTO,349.80,stock,common,10.00,2.00,false,0.00,SEK,-2.45,305711.00,1.59,9211153715.75,USD,26.97,1.33,15.57,2.40,Finance,sweden,Finance,Buy,Buy,-2.45,-5.05,-4.53,11.05,21.37,29.46,26.37,121.25,220.92,220.92,2.11,1.79,Sell,Sell,Sell,Sell,Sell,Sell,37.56,-9.40,-1.94,-159.29,22.26,39.08,0.00,0.00,0.00,0.00,0.00,0.00,305711.00,31.66,0.00,0.00,0.00,33.51,26.97,1.78,12.62,12.14,0.00,0.00,37.56,9064456115.75,12.49,21.56,20.36,362.74,361.89,363.87,345.36,313.92,39.36,46.02,27.20,40.01,1.58,0.36,0.38,688840645.50,156942742.27,167163920.59
[object Object],RMBS,Rambus Inc.,NASDAQ,84.72,stock,common,100.00,1.00,false,0.00,USD,0.38,2182071.00,1.15,9188867025.03,USD,38.78,2.18,3.39,0.00,Electronic technology,america,Electronic Technology,Buy,Buy,0.38,-5.45,-3.19,-48.52,-3.96,-11.21,18.13,249.50,506.44,1326.86,3.60,4.43,Sell,Sell,StrongSell,Strong sell,Neutral,Neutral,36.94,-6.13,-8.31,-123.13,9.59,10.42,0.00,84.60,0.24,-0.45,4516.00,-0.41,2182071.00,17.07,84.40,-0.38,227394.00,15.78,38.78,11.40,12.27,6.27,28.00,31.11,11.29,8385722025.03,11.09,30.84,26.49,88.30,93.26,100.68,117.93,108.05,142.86,165.00,100.00,145.00,3.04,0.72,0.79,828853150.00,199296488.00,213437500.00
[object Object],ARE,"Alexandria Real Estate Equities, Inc.",NYSE,52.72,stock,common,100.00,1.00,false,0.00,USD,2.11,1641193.00,0.71,9186331478.79,USD,0.00,-6.06,-4488.12,6.74,Finance,america,Finance,Neutral,Neutral,2.11,-0.09,0.80,1.07,3.64,8.05,-35.23,-74.76,-52.17,155.61,3.01,3.95,Buy,Buy,StrongBuy,Strong buy,Neutral,Neutral,56.50,2.17,1.23,63.33,68.31,66.26,0.00,0.00,0.00,0.00,0.00,0.29,1641193.00,-1.82,52.72,0.00,340599.00,-35.71,0.00,-0.00,3.10,0.58,7.03,7.03,18.94,25618353478.79,9.02,33.07,12.52,52.58,50.82,50.74,49.30,50.12,53.00,60.00,47.00,52.50,1.52,0.09,-0.03,1749473842.00,464856301.00,433350001.00
[object Object],DEMANT,Demant A/S,OMXCOP,294.60,stock,common,10.00,2.00,false,0.00,DKK,1.80,439590.00,1.62,9176709658.37,USD,38.21,1.18,-28.65,0.00,Health technology,denmark,Health Technology,Buy,Buy,1.80,2.29,4.84,18.03,55.13,36.90,19.37,-18.84,110.58,503.69,2.18,2.14,StrongBuy,Strong buy,StrongBuy,Strong buy,Buy,Buy,62.60,3.60,3.11,80.16,57.94,51.98,0.00,0.00,0.00,0.00,0.00,-0.48,439590.00,13.80,0.00,0.00,0.00,20.20,38.21,0.00,2.44,5.47,15.52,18.25,41.13,12094661058.37,3.20,18.24,13.20,287.30,285.62,281.28,256.72,230.79,47.29,60.02,34.03,47.96,2.16,0.85,1.14,4125727612.90,1933914852.00,2066238277.18
[object Object],JYSK,Jyske Bank A/S,OMXCOP,1095.00,stock,common,1.00,1.00,false,0.00,DKK,0.64,107155.00,0.91,9106977722.65,USD,12.76,13.07,6.40,2.30,Finance,denmark,Finance,Neutral,Neutral,0.64,1.39,6.31,22.28,19.54,25.86,58.24,297.31,241.33,1492.27,1.50,1.48,Buy,Buy,StrongBuy,Strong buy,Neutral,Neutral,70.86,55.00,47.09,119.06,86.43,89.27,doji,0.00,0.00,0.00,0.00,0.64,107155.00,-9.81,0.00,0.00,0.00,39.74,12.76,1.98,4.00,1.33,0.00,0.00,0.00,79063555322.65,19.10,0.00,0.00,1080.00,1048.37,1019.04,963.80,921.30,164.28,186.96,143.49,162.81,13.09,3.15,3.28,2078043576.44,502156655.53,506204959.36
[object Object],NEM,Nemetschek SE,XETR,66.40,stock,common,100.00,5.00,false,0.00,EUR,-2.21,184268.00,0.73,9090889819.52,USD,31.13,2.44,30.85,1.00,Technology services,germany,Technology Services,Buy,Buy,-2.21,3.43,13.50,8.14,-3.07,-28.18,-43.49,-21.51,271.50,18050.36,3.88,3.66,Buy,Buy,Buy,Buy,Neutral,Neutral,56.49,3.95,7.77,56.35,70.02,81.76,0.00,67.65,-0.37,-0.37,75.00,-1.18,184268.00,-47.16,66.40,0.00,107166.00,-39.59,31.13,1.03,6.23,7.52,21.13,22.04,19.56,9317893997.22,6.48,25.22,20.45,67.44,62.23,59.58,60.63,69.22,98.71,133.61,60.42,98.76,2.65,0.60,0.64,1637871002.24,372692427.87,420971465.90
[object Object],SECU_B,Securitas AB Class B,OMXSTO,150.90,stock,common,10.00,1.00,false,0.00,SEK,-0.66,907767.00,0.68,9015911581.33,USD,15.47,1.00,0.13,3.23,Commercial services,sweden,Commercial Services,Buy,Buy,-0.66,2.51,-1.37,-2.77,-4.58,1.89,2.65,26.03,21.55,16.33,1.32,1.24,Sell,Sell,Sell,Sell,Sell,Sell,48.81,5.20,-1.86,70.49,84.16,88.26,0.00,0.00,0.00,0.00,0.00,-0.20,907767.00,-3.67,0.00,0.00,0.00,5.74,15.47,124.35,0.58,2.10,8.22,0.00,13.22,12486407981.33,0.81,11.28,8.20,149.43,151.36,155.76,156.73,153.63,17.77,22.13,13.49,18.02,1.39,0.32,0.36,16364623061.07,3867703585.69,3962696998.92
[object Object],GTT,Gaztransport & Technigaz SA,EURONEXT,208.80,stock,common,10.00,2.00,false,0.00,EUR,-0.95,143736.00,1.95,9011542560.39,USD,17.49,13.64,24.12,4.24,Producer manufacturing,france,Producer Manufacturing,Buy,Buy,-0.95,1.36,5.78,6.37,7.13,34.10,31.32,192.03,653.93,353.91,2.02,1.92,Buy,Buy,StrongBuy,Strong buy,Neutral,Neutral,61.16,4.20,10.36,118.81,69.50,79.41,engulfing_bearish,0.00,0.00,0.00,0.00,0.76,143736.00,36.85,208.80,0.00,68130.00,33.67,17.49,0.73,9.78,12.61,15.61,16.68,20.33,8691953877.39,9.49,14.94,14.18,207.60,201.47,195.95,198.65,189.68,261.50,291.31,213.24,270.92,13.29,6.53,6.70,901581683.70,437735609.16,443955569.92
[object Object],INPST,InPost S.A.,EURONEXT,15.54,stock,common,100.00,1.00,false,0.00,EUR,0.00,344854.00,0.67,9006906277.98,USD,75.18,0.24,-54.41,0.00,Technology services,netherlands,Technology Services,Buy,Buy,0.00,0.13,0.52,1.37,2.37,48.57,22.36,-3.96,-18.21,-18.21,0.14,0.16,Buy,Buy,StrongBuy,Strong buy,Buy,Buy,62.46,0.04,0.04,113.31,80.00,78.89,"gravestone_doji_bearish,long_upper_shadow_bearish",0.00,0.00,0.00,0.00,0.00,344854.00,-10.57,15.54,0.00,213153.00,44.56,75.18,0.00,2.03,10.05,13.18,31.70,53.29,11724149039.33,2.68,29.03,10.86,15.53,15.49,15.47,15.37,14.28,20.32,27.75,14.05,19.83,0.52,0.10,0.13,4657964693.57,1093809298.06,1136829003.77
[object Object],STB,Storebrand ASA,OSL,202.60,stock,common,10.00,2.00,false,0.00,NOK,-0.20,503973.00,1.14,8965043364.62,USD,17.75,1.15,7.24,2.66,Finance,norway,Finance,Buy,Buy,-0.20,-1.65,0.40,17.31,15.11,17.18,32.25,159.28,462.93,295.34,1.10,1.28,Neutral,Neutral,Neutral,Neutral,Neutral,Neutral,51.37,1.80,1.95,-82.47,48.55,57.00,0.00,0.00,0.00,0.00,0.00,0.00,503973.00,-1.30,202.60,0.00,260442.00,27.46,17.75,2.46,0.63,2.66,0.00,0.00,0.00,15914176164.62,1.15,0.00,0.00,203.80,203.42,197.71,186.75,178.28,20.52,23.76,14.93,22.44,1.17,0.29,0.33,4603200680.00,0.00,0.00
[object Object],QIA,QIAGEN NV,XETR,38.16,stock,common,1000.00,5.00,false,0.00,EUR,2.14,356195.00,0.54,8941583399.00,USD,22.13,1.97,12.91,0.81,Health technology,germany,Health Technology,Buy,Buy,2.14,1.21,5.52,21.84,-3.99,-6.35,-10.61,-27.56,37.67,51.76,2.77,3.10,StrongBuy,Strong buy,StrongBuy,Strong buy,Neutral,Neutral,58.31,0.56,0.66,116.08,54.08,52.02,0.00,0.00,0.00,0.00,0.00,0.03,356195.00,-29.24,38.10,-0.14,188064.00,-11.76,22.13,2.32,4.28,2.68,13.84,20.23,11.41,9804456559.06,4.67,18.96,13.63,37.48,37.00,36.27,33.73,37.06,45.75,50.00,40.00,46.00,2.46,0.60,0.62,2165273678.23,527501910.00,535874440.00
[object Object],QRVO,"Qorvo, Inc.",NASDAQ,100.63,stock,common,100.00,1.00,false,0.00,USD,4.39,1260207.00,1.53,8877743161.37,USD,23.35,4.31,403.00,0.00,Electronic technology,america,Electronic Technology,Neutral,Neutral,4.39,6.44,12.67,-2.30,28.19,17.83,13.07,-46.11,75.13,45.84,3.54,2.97,StrongBuy,Strong buy,StrongBuy,Strong buy,Buy,Buy,65.45,3.82,2.72,169.95,69.22,58.58,0.00,96.51,0.11,0.11,100.00,0.00,1260207.00,46.97,100.68,0.05,99828.00,1.60,23.35,0.06,2.36,2.56,11.75,13.84,6.77,9097938161.37,2.50,13.74,10.03,96.07,94.58,92.00,92.93,87.65,92.63,105.00,80.00,95.00,7.65,1.11,2.07,3526784661.00,743280071.00,919044495.00
[object Object],NIBE_B,NIBE Industrier AB Class B,OMXSTO,42.99,stock,common,100.00,1.00,false,0.00,SEK,1.58,12823860.00,1.23,8839145203.22,USD,32.72,0.13,-1.71,0.83,Producer manufacturing,sweden,Producer Manufacturing,Buy,Buy,1.58,1.37,12.25,17.91,19.95,20.69,11.23,-64.63,135.10,2345.02,2.87,2.58,StrongBuy,Strong buy,StrongBuy,Strong buy,Buy,Buy,70.91,5.03,3.46,100.22,80.85,87.21,0.00,0.00,0.00,0.00,0.00,-0.05,12823860.00,117.49,0.00,0.00,0.00,13.12,32.72,0.00,2.05,2.68,17.55,0.00,16.16,10701562403.22,2.51,25.58,16.44,42.21,39.75,38.22,38.93,37.45,4.76,5.76,3.04,4.92,0.18,0.04,0.05,4704476216.04,1088750416.37,1138269489.65
[object Object],SB1NO,SPAREBANK 1 SOR-NORGE ASA,OSL,225.00,stock,common,10.00,5.00,false,0.00,NOK,1.58,135684.00,0.79,8824849702.06,USD,13.41,1.69,-4.25,5.42,Finance,norway,Finance,Buy,Buy,1.58,0.90,5.88,21.23,7.66,13.64,27.70,65.44,65.44,65.44,1.44,1.71,StrongBuy,Strong buy,StrongBuy,Strong buy,Buy,Buy,66.32,8.00,9.43,74.18,81.77,85.98,0.00,0.00,0.00,0.00,0.00,0.00,135684.00,-54.44,225.00,0.00,62109.00,25.31,13.41,0.00,6.66,1.69,21.28,22.20,0.00,33164716902.06,10.89,0.00,0.00,222.50,215.82,209.84,203.02,199.66,24.02,25.89,22.35,23.74,1.69,0.40,0.45,1334605481.17,335240654.97,357367337.14
[object Object],BGN,Banca Generali S.p.A.,MIL,65.25,stock,common,100.00,5.00,false,0.00,EUR,-1.88,102996.00,0.38,8783481412.38,USD,14.19,5.25,33.89,4.29,Finance,italy,Finance,Buy,Buy,-1.88,-2.61,-0.38,19.07,24.76,13.48,31.76,73.44,252.70,641.48,1.59,1.90,Sell,Sell,Sell,Sell,Neutral,Neutral,43.77,-2.10,-0.15,-136.44,15.76,17.77,0.00,0.00,0.00,0.00,0.00,-0.75,102996.00,-33.52,0.00,0.00,0.00,36.89,14.19,0.43,4.05,5.30,0.00,0.00,0.00,10504431115.04,4.61,0.00,0.00,66.40,66.34,65.84,61.70,58.22,84.06,89.34,75.91,84.66,4.53,0.00,0.00,1301390754.38,326857572.00,0.00
[object Object],SPIE,SPIE SA,EURONEXT,43.10,stock,common,100.00,2.00,false,0.00,EUR,-3.54,334224.00,0.79,8771473890.60,USD,24.28,2.03,48.04,2.42,Commercial services,france,Commercial Services,StrongBuy,Strong buy,-3.54,-4.14,-7.79,-11.50,-13.07,-11.79,-8.10,108.21,149.13,153.53,2.59,1.90,StrongSell,Strong sell,StrongSell,Strong sell,Sell,Sell,32.55,-3.02,-2.78,-116.21,18.72,19.27,marubozu_black_bearish,0.00,0.00,0.00,0.00,-0.27,334224.00,-48.80,43.10,0.00,198237.00,-2.00,24.28,0.52,0.72,3.50,7.87,8.51,17.69,12208240402.60,1.01,18.15,10.17,44.37,46.28,47.59,48.16,47.85,66.63,72.74,57.92,67.18,3.61,0.00,0.00,13201377651.55,5911616626.50,7041963331.00
[object Object],ALSYDB,AL Sydbank A/S,OMXCOP,675.00,stock,common,10.00,5.00,false,0.00,DKK,0.00,107901.00,0.80,8769853618.36,USD,20.39,5.05,-25.16,3.70,Finance,denmark,Finance,StrongBuy,Strong buy,0.00,2.35,7.83,32.35,24.54,18.42,19.89,19.89,19.89,19.89,1.81,1.63,Buy,Buy,StrongBuy,Strong buy,Neutral,Neutral,74.77,35.50,39.68,127.17,81.93,82.53,0.00,0.00,0.00,0.00,0.00,0.30,107901.00,-24.32,0.00,0.00,0.00,135.54,20.39,0.00,5.46,1.65,17.93,18.63,0.00,10307881018.36,5.40,0.00,0.00,661.60,639.75,622.69,582.79,0.00,116.39,120.59,112.86,115.95,7.63,1.77,2.05,1959930872.19,468439500.00,489702850.00
[object Object],NDA,Aurubis AG,XETR,173.20,stock,common,10.00,1.00,false,0.00,EUR,0.52,89984.00,0.69,8719950160.16,USD,7.59,26.06,61.71,0.93,Non-energy minerals,germany,Non-Energy Minerals,Neutral,Neutral,0.52,-2.42,-5.61,-20.91,4.59,39.34,78.56,141.23,254.92,1137.14,3.05,3.53,Sell,Sell,StrongSell,Strong sell,Neutral,Neutral,46.38,0.40,0.56,-45.50,49.56,59.91,0.00,0.00,0.00,0.00,0.00,-0.75,89984.00,-40.70,172.60,-0.35,34468.00,80.51,7.59,0.12,0.34,1.28,26.17,0.00,142.67,9517472880.16,0.38,6.30,5.24,176.13,176.27,176.12,186.62,166.31,198.37,246.38,131.95,202.01,10.70,2.72,3.09,29261058489.09,7082457537.80,8696105796.90
[object Object],VZN,VZ Holding AG,SIX,179.60,stock,common,10.00,2.00,false,0.00,CHF,0.67,25179.00,0.83,8633646332.45,USD,27.80,7.99,12.42,1.65,Finance,switzerland,Finance,Buy,Buy,0.67,0.11,15.57,27.20,22.18,20.54,-0.77,98.02,238.55,897.78,1.63,2.13,Buy,Buy,StrongBuy,Strong buy,Neutral,Neutral,68.16,7.40,11.93,72.51,82.26,83.46,0.00,0.00,0.00,0.00,0.00,-0.11,25179.00,-9.61,179.60,0.00,20994.00,2.06,27.80,2.22,10.63,5.86,24.11,25.81,3.38,7205084953.15,8.77,19.58,17.94,178.28,167.62,163.72,156.63,153.66,230.51,246.54,221.89,223.12,8.81,3.97,4.26,824383190.56,389067950.00,406337830.00
[object Object],ALO,Alstom SA,EURONEXT,15.68,stock,common,1000.00,5.00,false,0.00,EUR,-0.98,1021309.00,0.94,8488993753.14,USD,26.05,0.70,97.86,0.00,Producer manufacturing,france,Producer Manufacturing,Neutral,Neutral,-0.98,-3.24,-3.27,-8.87,-37.90,-37.43,-23.35,-52.69,-25.46,-27.70,2.99,2.31,StrongSell,Strong sell,StrongSell,Strong sell,Sell,Sell,41.73,-0.20,0.10,-119.43,24.93,40.11,0.00,0.00,0.00,0.00,0.00,-0.60,1021309.00,-39.53,15.68,0.00,713229.00,-18.74,26.05,0.27,0.38,0.73,8.19,22.52,3.13,10918655993.14,0.49,13.52,6.25,16.19,16.24,15.99,16.51,20.94,24.61,32.70,11.68,23.36,1.87,0.79,0.87,23416964697.56,11584916557.29,11261469992.52
[object Object],ZAB,Zabka Group S.A.,GPW,31.51,stock,common,100.00,1.00,false,0.00,PLN,0.03,2936393.00,0.44,8415374377.47,USD,24.62,0.34,95.31,1.68,Retail trade,poland,Retail Trade,Neutral,Neutral,0.03,0.03,-0.88,27.06,50.33,37.00,45.61,37.00,37.00,37.00,0.29,0.37,Buy,Buy,StrongBuy,Strong buy,Neutral,Neutral,58.22,0.11,0.22,83.29,79.41,81.33,0.00,0.00,0.00,0.00,0.00,0.00,2936393.00,-58.28,0.00,0.00,0.00,44.74,24.62,0.26,1.09,14.43,8.14,13.48,19.46,10545839492.76,1.37,18.10,9.45,31.44,31.07,30.22,27.39,24.82,8.54,10.01,6.63,8.65,0.35,0.09,0.12,8672479226.38,2165832880.21,2293928216.58
[object Object],SCA_B,Svenska Cellulosa AB SCA Class B,OMXSTO,115.70,stock,common,100.00,5.00,false,0.00,SEK,0.65,2147003.00,1.08,8364385382.51,USD,36.60,0.32,-41.24,2.61,Process industries,sweden,Process Industries,Buy,Buy,0.65,3.07,6.88,13.77,-1.07,-6.05,-9.72,-24.45,107.78,545.11,1.63,1.53,StrongBuy,Strong buy,StrongBuy,Strong buy,Neutral,Neutral,74.98,7.85,4.86,144.67,89.27,90.04,0.00,0.00,0.00,0.00,0.00,-0.04,2147003.00,-13.83,0.00,0.00,0.00,-9.21,36.60,0.00,4.08,0.80,22.46,46.33,501.61,9959618182.51,4.90,79.10,28.19,112.82,110.07,105.93,104.36,111.11,12.41,15.14,9.96,12.08,0.37,0.08,0.10,2195699560.55,523860368.40,522562720.02
[object Object],A2A,A2A S.p.A.,MIL,2.24,stock,common,1000.00,1.00,false,0.00,EUR,-2.61,10034753.00,1.26,8360018098.33,USD,10.32,0.25,-15.88,4.52,Utilities,italy,Utilities,Neutral,Neutral,-2.61,-3.94,-1.36,1.91,-3.61,-2.90,5.26,21.19,85.90,107.21,2.24,1.51,StrongSell,Strong sell,StrongSell,Strong sell,Sell,Sell,40.55,-0.04,0.01,-122.45,39.62,58.07,0.00,0.00,0.00,0.00,0.00,-0.09,10034753.00,34.06,0.00,0.00,0.00,9.41,10.32,0.00,0.47,1.18,4.20,16.10,4.44,15782311668.33,0.91,11.93,6.41,2.31,2.30,2.31,2.31,2.35,3.34,3.66,3.03,3.32,0.24,0.00,0.00,16538599555.80,3827614090.00,0.00
[object Object],MRO,Melrose Industries PLC,LSE,486.10,stock,common,10.00,1.00,false,0.00,GBX,-1.76,2845033.00,0.61,8331697629.40,USD,38.13,0.17,-47.98,1.52,Electronic technology,uk,Electronic Technology,Buy,Buy,-1.76,-4.57,4.40,6.67,-10.71,-17.89,-17.89,29.11,52.87,1644.66,2.73,2.79,Sell,Sell,Sell,Sell,Neutral,Neutral,49.23,-1.70,23.94,-22.28,60.09,71.94,0.00,0.00,0.00,0.00,0.00,-0.30,2845033.00,-47.30,486.10,0.00,1888279.00,-16.55,38.13,0.00,1.66,2.14,21.06,30.13,30.43,10835656529.40,2.18,19.41,10.08,491.83,484.59,480.89,485.14,534.95,8.84,11.18,6.10,9.01,0.47,0.23,0.21,5149616088.51,2409212639.52,2632224296.00
[object Object],SALM,SalMar ASA,OSL,562.00,stock,common,10.00,5.00,false,0.00,NOK,-2.01,141869.00,0.54,8322121926.61,USD,34.59,1.64,89.94,1.74,Process industries,norway,Process Industries,Buy,Buy,-2.01,1.90,8.29,0.09,-0.71,-8.69,9.13,-3.77,136.33,1254.22,1.88,2.50,Buy,Buy,StrongBuy,Strong buy,Neutral,Neutral,61.40,52.00,46.58,87.31,82.82,87.40,0.00,0.00,0.00,0.00,0.00,-1.05,141869.00,-20.72,562.00,0.00,80362.00,13.29,34.59,0.39,2.58,4.35,11.54,15.07,80.96,10799406726.61,3.55,22.36,15.59,554.25,529.30,509.53,530.33,554.48,65.19,72.36,55.74,66.46,2.74,0.58,0.72,3110748965.00,779111174.86,947339617.22
[object Object],KBCA,KBC Ancora SCA,EURONEXT,93.20,stock,common,10.00,1.00,false,0.00,EUR,0.00,48250.00,1.08,8320090083.94,USD,0.00,0.00,0.00,3.24,Finance,belgium,Finance,StrongBuy,Strong buy,0.00,-1.38,4.72,23.61,26.80,26.63,41.86,129.11,175.74,5.85,1.33,1.31,Buy,Buy,StrongBuy,Strong buy,Neutral,Neutral,61.98,1.90,3.56,64.65,59.86,68.68,"gravestone_doji_bearish,long_upper_shadow_bearish",0.00,0.00,0.00,0.00,0.00,48250.00,26.45,93.20,0.00,24305.00,43.83,0.00,0.00,18.08,2.01,0.00,0.00,0.00,8320090083.94,18.35,18.52,0.00,93.47,90.88,88.06,83.45,78.93,107.25,107.25,107.25,107.25,7.80,0.00,0.00,528773780.00,0.00,0.00
[object Object],ACLN,Accelleron Industries AG,SIX,73.95,stock,common,100.00,5.00,false,0.00,CHF,2.64,219032.00,0.92,8319864047.15,USD,32.83,2.79,25.15,2.08,Producer manufacturing,switzerland,Producer Manufacturing,Buy,Buy,2.64,-2.63,0.54,-4.83,5.57,19.76,7.96,310.83,310.83,310.83,5.54,3.40,Sell,Sell,StrongSell,Strong sell,Neutral,Neutral,47.06,-1.15,-0.18,-122.05,9.16,12.95,engulfing_bullish,0.00,0.00,0.00,0.00,-0.07,219032.00,-7.42,73.95,0.00,93783.00,7.22,32.83,1.27,6.14,20.09,31.58,41.47,34.13,8667665448.40,6.35,25.70,23.10,74.82,74.62,76.32,79.12,73.98,103.58,116.94,92.06,100.97,3.14,1.36,1.59,1528858012.36,685643500.00,751754000.00
[object Object],PSPN,PSP Swiss Property AG,SIX,144.90,stock,common,10.00,1.00,false,0.00,CHF,-0.48,52950.00,0.81,8225742142.17,USD,14.75,12.15,9.13,2.71,Finance,switzerland,Finance,Neutral,Neutral,-0.48,-0.89,-1.02,1.68,-12.66,1.54,8.54,17.23,51.33,281.32,1.27,1.22,Sell,Sell,Sell,Sell,Neutral,Neutral,50.01,2.60,0.82,74.30,69.01,75.88,"long_upper_shadow_bearish,shooting_star_bearish",0.00,0.00,0.00,0.00,-0.21,52950.00,-12.71,144.90,0.00,28034.00,10.05,14.75,1.62,13.08,1.17,17.13,17.13,168.75,12347860215.17,19.54,28.76,28.67,145.59,144.69,144.70,147.07,149.08,190.56,218.01,160.12,190.91,7.00,6.00,2.56,442970913.87,113429960.03,105882118.69
[object Object],PIRC,Pirelli & C. S.p.A.,MIL,6.48,stock,common,1000.00,5.00,false,0.00,EUR,-0.92,1287932.00,0.77,8224600459.56,USD,12.93,0.57,0.46,5.20,Consumer durables,italy,Consumer Durables,Buy,Buy,-0.92,-3.64,-2.99,15.30,9.98,10.24,11.03,25.10,-0.15,-0.15,2.73,2.01,Sell,Sell,Sell,Sell,Sell,Sell,42.77,-0.09,0.02,-103.40,38.78,46.48,spinning_top_black,0.00,0.00,0.00,0.00,-0.76,1287932.00,-47.20,0.00,0.00,0.00,21.70,12.93,28.30,0.00,1.10,0.00,0.00,0.00,8224600459.56,1.06,0.00,0.00,6.64,6.58,6.65,6.39,6.23,8.27,8.80,7.53,8.28,0.61,0.17,0.15,8039250151.45,1985354101.52,1878055940.51
[object Object],EDEN,Edenred SA,EURONEXT,29.80,stock,common,100.00,1.00,false,0.00,EUR,-0.67,490087.00,0.96,8217384990.98,USD,14.48,2.35,-0.23,4.43,Commercial services,france,Commercial Services,Buy,Buy,-0.67,-1.10,4.71,32.15,55.29,57.30,22.03,-37.55,46.37,129.23,1.96,2.18,Buy,Buy,StrongBuy,Strong buy,Neutral,Neutral,61.76,0.74,1.70,54.44,71.71,79.16,0.00,0.00,0.00,0.00,0.00,-0.23,490087.00,-24.70,29.80,0.00,264720.00,24.46,14.48,0.00,2.62,0.00,6.48,6.52,1.45,8308961000.98,2.64,8.93,6.67,29.94,28.75,26.95,24.29,21.25,32.95,40.52,19.68,35.89,2.51,1.26,1.35,3496972294.65,1669198504.26,1762825218.85
[object Object],RAA,Rational Aktiengesellschaft,XETR,617.50,stock,common,10.00,5.00,false,0.00,EUR,-0.80,11467.00,1.02,8204543879.45,USD,0.00,0.00,0.00,2.57,Producer manufacturing,germany,Producer Manufacturing,Buy,Buy,-0.80,-3.36,-8.92,-6.08,-11.97,-6.37,-2.37,-33.73,38.41,1694.02,1.51,1.80,StrongSell,Strong sell,StrongSell,Strong sell,Sell,Sell,36.45,-2.50,-15.36,-91.47,32.47,39.00,0.00,0.00,0.00,0.00,0.00,-0.88,11467.00,-12.69,617.50,0.00,8884.00,1.06,0.00,0.00,0.00,0.00,0.00,0.00,0.00,8204543879.45,5.55,20.63,0.00,627.90,644.38,644.41,650.05,659.77,920.71,1232.89,674.05,933.31,28.04,6.92,6.62,1582509766.33,371733726.75,387520445.34
[object Object],MOS,Mosaic Company,NYSE,25.78,stock,common,100.00,1.00,false,0.00,USD,4.04,9836623.00,1.16,8195350352.21,USD,0.00,-2.02,-168.44,3.55,Process industries,america,Process Industries,Buy,Buy,4.04,3.78,15.79,12.09,-3.16,6.97,-22.26,-17.50,-14.07,124.17,4.74,4.77,StrongBuy,Strong buy,StrongBuy,Strong buy,Neutral,Neutral,68.06,3.55,1.30,160.07,87.17,77.39,0.00,24.72,-0.24,0.24,10693.00,-0.32,9836623.00,8.97,25.88,0.38,949117.00,-25.35,0.00,0.00,0.64,0.71,18.46,0.00,27.59,14148450352.21,1.16,17.01,6.79,24.22,23.04,22.55,22.70,24.51,25.99,32.00,17.00,26.00,0.61,0.12,0.06,12083456273.00,3099458175.00,3092050314.00
[object Object],RAND,Randstad NV,EURONEXT,38.58,stock,common,100.00,1.00,false,0.00,EUR,-3.96,470015.00,1.45,8194089886.72,USD,21.71,2.03,325.22,4.03,Commercial services,netherlands,Commercial Services,Neutral,Neutral,-3.96,-2.82,7.02,46.03,41.63,19.33,-3.67,-38.25,-8.06,157.54,2.31,2.24,Neutral,Neutral,Neutral,Neutral,Sell,Sell,53.05,-0.77,1.97,-37.88,60.18,76.12,0.00,0.00,0.00,0.00,0.00,-0.55,470015.00,26.55,38.58,0.00,247731.00,1.70,21.71,0.07,0.31,1.73,11.02,11.56,26.30,10329935755.79,0.39,14.31,9.52,39.76,38.63,34.84,30.32,29.54,41.39,69.91,24.47,42.24,3.03,0.70,0.82,27451908805.48,6623439072.94,6941917663.33
[object Object],GAW,Games Workshop Group PLC,LSE,18090.00,stock,common,1.00,10.00,false,0.00,GBX,-1.20,53141.00,0.88,8176054204.89,USD,29.06,8.37,4.88,2.65,Consumer durables,uk,Consumer Durables,StrongBuy,Strong buy,-1.20,-2.53,-5.39,-6.46,4.45,-4.74,17.85,56.49,3219.27,9421.05,1.51,2.08,StrongSell,Strong sell,StrongSell,Strong sell,Sell,Sell,30.63,-620.00,-796.67,-172.88,12.38,14.20,0.00,0.00,0.00,0.00,0.00,-0.33,53141.00,-3.47,18090.00,0.00,39929.00,21.61,29.06,6.02,9.20,17.83,22.19,25.17,32.78,8004574234.89,9.02,21.49,18.40,18506.00,19050.00,19765.20,19696.55,18893.30,296.95,297.96,295.94,296.95,8.34,3.34,0.00,930703547.25,421935480.00,0.00
[object Object],BKW,BKW AG,SIX,122.50,stock,common,10.00,1.00,false,0.00,CHF,-1.69,74667.00,0.80,8097209608.59,USD,17.39,8.72,-19.07,3.05,Utilities,switzerland,Utilities,Neutral,Neutral,-1.69,-1.61,-8.03,-16.67,-15.87,-28.49,-25.08,14.06,174.05,308.33,1.86,1.74,StrongSell,Strong sell,StrongSell,Strong sell,Neutral,Neutral,25.90,-5.80,-6.12,-114.74,7.71,11.58,0.00,0.00,0.00,0.00,0.00,0.24,74667.00,-17.44,122.50,0.00,30475.00,-22.80,17.39,0.00,1.56,1.17,10.11,23.23,9.24,10124710978.59,1.94,17.54,10.66,125.01,130.22,132.14,140.68,149.62,176.38,195.84,166.28,172.44,11.15,0.00,6.16,5599372303.75,2642239416.25,2819361300.00
[object Object],AOS,A. O. Smith Corporation,NYSE,59.26,stock,common,100.00,1.00,false,0.00,USD,1.32,1054995.00,0.78,8053942070.66,USD,16.52,3.59,0.04,2.46,Producer manufacturing,america,Producer Manufacturing,Neutral,Neutral,1.32,-5.12,-2.24,2.95,-16.54,-11.63,-16.15,-18.69,22.93,5370.10,2.72,2.49,Sell,Sell,StrongSell,Strong sell,Neutral,Neutral,41.52,-4.54,-1.36,-171.15,5.99,11.14,0.00,0.00,0.00,0.00,0.00,0.50,1054995.00,3.43,59.26,0.00,181965.00,-19.40,16.52,389.77,2.12,4.40,11.80,12.78,45.06,8549342070.66,2.25,12.42,10.95,61.21,61.81,61.33,60.59,65.23,69.70,84.00,59.00,69.00,3.74,0.96,0.90,3893720731.00,994893205.00,963440280.00
[object Object],KCR,Konecranes Oyj,OMXHEX,28.92,stock,common,100.00,2.00,false,0.00,EUR,-0.82,230349.00,0.70,8032797462.55,USD,18.01,1.83,-0.13,1.71,Producer manufacturing,finland,Producer Manufacturing,StrongBuy,Strong buy,-0.82,-3.60,6.79,5.39,-8.67,-7.60,17.96,123.32,197.23,813.26,1.85,2.09,Buy,Buy,Buy,Buy,Neutral,Neutral,54.62,1.26,1.85,30.07,56.19,69.65,0.00,0.00,0.00,0.00,0.00,-0.34,230349.00,-33.38,0.00,0.00,0.00,23.16,18.01,0.00,1.70,3.39,16.77,19.37,18.15,8060038427.55,1.73,13.41,10.64,29.32,28.04,27.60,27.82,29.28,40.49,44.32,36.15,40.82,2.05,0.51,0.57,5029171785.37,1252369454.59,1262917964.53
[object Object],HSX,Hiscox Ltd,LSE,1862.00,stock,common,1.00,1.00,false,0.00,GBX,-0.32,645189.00,0.74,8003426481.21,USD,13.19,1.87,7.11,2.10,Finance,uk,Finance,Buy,Buy,-0.32,1.75,2.59,6.52,26.58,30.94,43.45,102.48,78.52,1356.82,1.04,1.58,Buy,Buy,StrongBuy,Strong buy,Sell,Sell,61.21,57.00,27.85,163.91,92.04,89.21,0.00,0.00,0.00,0.00,0.00,0.27,645189.00,-9.77,1862.00,0.00,218020.00,37.74,13.19,1.86,1.48,2.00,11.30,11.35,0.00,8847753540.92,1.60,0.00,0.00,1826.20,1813.07,1831.02,1761.07,1603.29,26.12,29.29,15.51,26.95,1.75,0.71,0.92,5294422933.37,2731324500.00,2517781000.00
[object Object],CPR,Davide Campari-Milano N.V.,MIL,5.80,stock,common,1000.00,2.00,false,0.00,EUR,1.47,5112239.00,1.23,7939615895.57,USD,25.86,0.26,45.21,1.75,Consumer non-durables,italy,Consumer Non-Durables,Buy,Buy,1.47,-1.66,-1.66,7.73,-10.80,4.66,-8.35,-52.00,19.30,648.13,1.92,1.80,Sell,Sell,Sell,Sell,Neutral,Neutral,48.13,-0.03,-0.04,-130.61,20.07,17.27,0.00,0.00,0.00,0.00,0.00,-0.25,5112239.00,-0.46,0.00,0.00,0.00,-8.31,25.86,0.56,2.26,1.74,14.24,33.94,9.76,10231334525.57,2.95,14.97,12.04,5.85,5.86,5.74,5.75,5.89,8.26,12.61,6.19,8.17,0.37,0.19,0.15,3587409125.38,1706503903.29,1795679204.39
[object Object],BZU,Buzzi Spa,MIL,39.33,stock,common,100.00,1.00,false,0.00,EUR,-2.62,525802.00,1.06,7913338064.45,USD,8.26,5.44,-4.63,1.73,Non-energy minerals,italy,Non-Energy Minerals,Buy,Buy,-2.62,-3.06,-5.09,-10.80,-14.20,-24.73,-12.01,74.80,103.26,196.14,2.90,2.74,StrongSell,Strong sell,StrongSell,Strong sell,Sell,Sell,39.64,0.03,-0.24,-103.49,35.94,57.60,0.00,0.00,0.00,0.00,0.00,-0.15,525802.00,33.81,0.00,0.00,0.00,-16.42,8.26,0.00,1.60,0.95,7.03,13.03,5.83,7145300501.29,1.38,7.75,5.45,40.49,40.92,42.24,44.18,46.48,59.35,64.81,48.61,60.18,5.39,2.25,3.29,5397594659.04,2502678686.63,2760638032.38
[object Object],STJ,St. James's Place Plc,LSE,1144.00,stock,common,10.00,5.00,false,0.00,GBX,-1.93,8072764.00,2.78,7885677440.98,USD,10.74,1.41,12.90,1.54,Finance,uk,Finance,Buy,Buy,-1.93,-4.67,6.47,-3.21,-12.80,-17.40,-9.78,-31.17,17.45,1330.00,1.96,2.38,Sell,Sell,StrongSell,Strong sell,Sell,Sell,45.79,-21.00,39.46,-83.05,37.53,51.21,0.00,0.00,0.00,0.00,0.00,-0.56,8072764.00,331.26,1144.00,0.00,1145988.00,-9.23,10.74,0.85,0.14,3.71,10.66,10.68,0.00,8582137460.98,0.14,0.00,0.00,1175.75,1137.23,1160.56,1181.89,1265.37,22.64,27.69,17.02,21.61,1.13,0.45,0.63,3743817470.33,0.00,0.00
[object Object],INVP,Investec plc,LSE,661.50,stock,common,10.00,5.00,false,0.00,GBX,0.53,1895668.00,0.40,7876525341.47,USD,8.53,1.03,5.64,5.85,Finance,uk,Finance,StrongBuy,Strong buy,0.53,2.08,-0.38,3.85,6.69,19.40,19.84,120.50,107.49,457.97,2.13,1.89,StrongBuy,Strong buy,StrongBuy,Strong buy,Buy,Buy,56.13,-4.50,0.88,0.95,53.67,43.87,doji,0.00,0.00,0.00,0.00,0.46,1895668.00,-25.50,661.50,0.00,502798.00,27.75,8.53,1.50,2.44,1.04,11.11,0.00,0.00,12918422931.27,2.04,0.00,0.00,647.35,654.27,637.64,633.05,608.10,10.59,10.95,10.00,10.81,1.15,0.00,0.00,3127789860.71,0.00,0.00
[object Object],SQN,Swissquote Group Holding Ltd.,SIX,41.40,stock,common,100.00,2.00,false,0.00,CHF,-0.58,282577.00,0.38,7835153338.29,USD,17.28,2.96,17.63,1.78,Finance,switzerland,Finance,Buy,Buy,-0.58,-1.90,-1.80,8.38,-0.86,-16.36,-20.54,137.66,1360.32,1436.18,1.97,3.11,Buy,Buy,StrongBuy,Strong buy,Neutral,Neutral,52.49,3.72,0.75,20.52,82.71,84.95,0.00,0.00,0.00,0.00,0.00,-0.34,282577.00,-36.43,41.40,0.00,125664.00,-16.38,17.28,0.99,7.83,4.46,10.61,12.92,1.09,1150336184.04,1.16,2.61,2.22,41.23,41.11,40.82,40.29,42.17,57.82,73.61,44.91,56.77,2.68,1.49,1.35,934337246.33,473862495.30,451778322.25
[object Object],BGEO,Lion Finance Group PLC,LSE,13360.00,stock,common,1.00,10.00,false,0.00,GBX,-0.52,64252.00,1.05,7814601570.34,USD,8.91,19.87,14.96,1.81,Finance,uk,Finance,StrongBuy,Strong buy,-0.52,-1.04,14.58,35.91,24.86,43.66,84.40,712.50,624.95,2283.30,1.61,2.49,Buy,Buy,StrongBuy,Strong buy,Neutral,Neutral,66.85,450.00,1013.97,69.30,77.99,80.07,spinning_top_black,0.00,0.00,0.00,0.00,-0.45,64252.00,-9.35,13360.00,0.00,37386.00,88.05,8.91,0.60,4.02,2.12,0.00,0.00,0.00,10305780248.70,3.61,0.00,0.00,13217.00,12534.00,12076.00,11542.30,10587.08,193.47,197.01,187.33,195.30,22.05,4.90,5.31,1887848647.74,453935957.20,477572705.48
[object Object],FHZN,Flughafen Zurich AG,SIX,204.60,stock,common,10.00,2.00,false,0.00,CHF,-0.97,75428.00,1.30,7811651681.98,USD,18.00,14.06,3.79,4.11,Transportation,switzerland,Transportation,Buy,Buy,-0.97,-11.73,-13.96,-10.97,-18.75,-18.87,-16.35,32.09,9.71,169.21,3.11,1.79,StrongSell,Strong sell,StrongSell,Strong sell,Sell,Sell,21.25,-21.80,-16.71,-192.26,3.47,7.34,inverted_hammer_bullish,0.00,0.00,0.00,0.00,-0.58,75428.00,3.95,204.60,0.00,38362.00,-14.49,18.00,4.80,4.55,2.07,8.99,39.06,23.51,9690979541.98,5.62,15.98,9.93,219.74,228.97,235.21,233.49,240.66,306.78,348.57,264.82,310.39,13.06,7.03,6.01,1773278173.56,832039810.88,881121844.85
[object Object],CCC,Computacenter Plc,LSE,5315.00,stock,common,1.00,5.00,false,0.00,GBX,-3.45,595642.00,2.94,7801786911.37,USD,36.52,1.96,-4.81,1.36,Technology services,uk,Technology Services,Buy,Buy,-3.45,2.11,15.34,18.43,65.27,81.65,124.45,74.03,630.58,576.21,3.46,2.43,Buy,Buy,StrongBuy,Strong buy,Neutral,Neutral,61.76,290.00,523.42,102.42,77.97,89.20,0.00,0.00,0.00,0.00,0.00,-0.45,595642.00,212.88,5315.00,0.00,77195.00,141.66,36.52,0.00,0.63,6.21,18.97,20.48,8.92,7225862851.37,0.58,20.27,15.23,5277.50,4974.60,4756.76,4359.24,3700.26,69.14,81.74,49.88,71.25,3.02,1.68,1.37,15687846453.37,6504281600.00,8224245090.00
[object Object],AVOL,Avolta AG,SIX,44.64,stock,common,100.00,2.00,false,0.00,CHF,-1.93,172422.00,0.80,7800804304.54,USD,31.23,1.77,77.50,2.53,Retail trade,switzerland,Retail Trade,Buy,Buy,-1.93,-4.90,-8.19,-5.26,-5.58,-5.30,-1.11,-11.18,-59.31,-38.99,1.99,2.06,StrongSell,Strong sell,StrongSell,Strong sell,Sell,Sell,29.23,-2.98,-2.19,-151.07,5.11,7.05,marubozu_black_bearish,0.00,0.00,0.00,0.00,-0.40,172422.00,-40.17,44.64,0.00,122837.00,-0.02,31.23,0.41,0.45,3.79,2.16,2.54,6.14,22140255704.54,1.30,19.08,6.32,46.47,48.02,49.52,48.68,48.01,63.98,70.06,55.31,63.92,4.56,1.77,0.00,17545510352.24,7990131377.45,9209499728.80
[object Object],NKT,NKT A/S,OMXCOP,929.00,stock,common,10.00,5.00,false,0.00,DKK,0.38,139935.00,1.02,7691359670.83,USD,24.87,5.69,26.44,0.00,Producer manufacturing,denmark,Producer Manufacturing,Neutral,Neutral,0.38,-0.11,4.85,-11.35,12.74,16.34,51.67,251.81,501.51,1175.85,2.55,2.58,Buy,Buy,Buy,Buy,Neutral,Neutral,49.88,-15.00,10.45,-47.95,15.51,17.71,0.00,0.00,0.00,0.00,0.00,-0.59,139935.00,-20.38,0.00,0.00,0.00,51.47,24.87,0.94,1.84,3.15,12.10,0.00,7.82,7182558490.74,1.76,23.63,15.58,927.00,918.55,927.61,958.48,878.72,157.59,200.20,120.86,163.46,4.82,1.14,1.12,4407146423.33,1061745201.53,1147860076.94
[object Object],BARN,Barry Callebaut AG,SIX,1112.00,stock,common,1.00,1.00,false,0.00,CHF,-1.42,9341.00,0.95,7615047731.68,USD,25.14,57.50,68.81,2.57,Consumer non-durables,switzerland,Consumer Non-Durables,Neutral,Neutral,-1.42,-3.14,-0.54,-2.63,-20.17,-14.98,5.90,-52.64,-11.75,373.19,2.03,2.04,StrongSell,Strong sell,StrongSell,Strong sell,Sell,Sell,46.10,5.00,-5.94,-82.23,32.98,29.77,0.00,0.00,0.00,0.00,0.00,-0.18,9341.00,-33.82,1112.00,0.00,5089.00,9.51,25.14,0.37,0.44,2.43,2.11,2.34,3.77,12059080453.28,0.65,14.07,10.15,1127.40,1121.50,1130.04,1146.18,1235.06,1415.03,1847.55,1182.43,1447.25,47.06,32.71,25.82,15565203864.36,9154067867.10,6365798468.80
[object Object],TAP,Molson Coors Beverage Company Class B,NYSE,40.54,stock,common,100.00,1.00,false,0.00,USD,1.96,2748145.00,1.05,7615044222.38,USD,0.00,-11.54,-327.30,4.80,Consumer non-durables,america,Consumer Non-Durables,Neutral,Neutral,1.96,-3.89,-3.75,3.52,-12.44,-13.76,-18.18,-14.36,-60.29,165.84,2.61,2.67,Sell,Sell,StrongSell,Strong sell,Neutral,Neutral,44.33,-1.95,-0.94,-127.00,10.20,13.77,0.00,39.95,0.48,-0.40,350.00,0.65,2748145.00,14.99,40.54,0.00,553923.00,-24.95,0.00,0.00,0.67,0.71,3.85,5.74,3.58,13689844222.38,1.24,10.28,6.61,41.58,41.78,41.06,41.31,44.14,44.63,61.00,34.00,44.00,4.72,1.51,1.48,11069096351.00,3083123197.00,2959538511.00
[object Object],ICG,ICG plc,LSE,1916.00,stock,common,1.00,1.00,false,0.00,GBX,-1.59,640554.00,0.78,7506176331.49,USD,11.69,2.17,6.59,4.47,Finance,uk,Finance,Buy,Buy,-1.59,-5.24,0.10,7.94,16.69,-5.71,-12.59,-16.51,218.01,1776.66,2.14,2.19,Sell,Sell,Sell,Sell,Neutral,Neutral,41.01,-67.00,15.84,-283.09,21.57,28.81,spinning_top_black,0.00,0.00,0.00,0.00,-1.23,640554.00,-63.98,1916.00,0.00,252375.00,-7.91,11.69,1.80,5.45,2.01,0.00,0.00,3.84,14394698341.49,10.43,17.34,16.88,1999.50,1980.87,1896.46,1859.09,1843.85,33.53,40.60,24.28,34.56,2.25,0.79,1.15,1330842869.90,580730892.57,628652529.22
[object Object],DCC,DCC Energy Plc,LSE,6330.00,stock,common,1.00,5.00,false,0.00,GBX,-0.55,480968.00,1.51,7347350810.33,USD,448.30,0.19,-93.23,3.40,Utilities,uk,Utilities,Neutral,Neutral,-0.55,-0.47,-0.08,5.59,31.55,36.95,32.48,1.93,-8.46,1881.51,0.45,0.35,Sell,Sell,Sell,Sell,Sell,Sell,46.30,-20.00,21.19,-278.90,35.83,57.78,0.00,0.00,0.00,0.00,0.00,-0.08,480968.00,60.62,6330.00,0.00,113472.00,19.56,448.30,0.00,0.40,2.39,9.06,13.04,5.71,9093624989.94,0.45,12.91,7.85,6366.00,6354.67,6308.20,6053.10,5432.87,87.35,90.68,81.20,88.14,6.70,0.00,0.00,21483557600.00,0.00,0.00
[object Object],AED,Aedifica SA,EURONEXT,66.55,stock,common,100.00,5.00,false,0.00,EUR,-2.28,148011.00,1.31,7312428058.40,USD,5.86,12.98,207.26,4.11,Finance,belgium,Finance,Buy,Buy,-2.28,-4.04,-5.13,-0.67,-7.31,-1.84,2.31,-44.93,2.31,869380.01,1.88,1.26,StrongSell,Strong sell,StrongSell,Strong sell,Sell,Sell,34.09,-0.60,-1.13,-112.72,34.38,47.81,0.00,0.00,0.00,0.00,0.00,-0.15,148011.00,-24.81,66.55,0.00,101325.00,110.25,5.86,0.03,11.63,0.87,0.00,0.00,99.89,14271074608.15,25.57,30.35,0.00,68.29,68.92,69.33,70.04,70.65,94.42,108.96,81.14,95.05,6.25,0.00,0.00,800497871.66,0.00,0.00
[object Object],ALK_B,ALK-abello A/S Class B,OMXCOP,210.00,stock,common,10.00,2.00,false,0.00,DKK,-0.38,311929.00,0.85,7259515445.38,USD,34.33,0.93,35.69,0.76,Health technology,denmark,Health Technology,StrongBuy,Strong buy,-0.38,0.86,-6.17,-20.15,-7.00,-8.14,2.64,35.48,359.02,515.84,2.27,2.59,Sell,Sell,StrongSell,Strong sell,Neutral,Neutral,38.46,-13.60,-11.02,-77.29,18.31,15.92,0.00,0.00,0.00,0.00,0.00,0.00,311929.00,9.12,0.00,0.00,0.00,4.25,34.33,0.97,6.85,6.71,21.59,24.59,26.84,7056239645.38,6.78,25.38,21.28,210.86,218.53,228.28,238.39,228.81,45.57,46.74,43.62,45.96,1.03,0.23,0.26,1140439193.29,266395200.00,265001100.00
[object Object],DLG,De'Longhi S.p.A.,MIL,39.98,stock,common,100.00,2.00,false,0.00,EUR,-3.94,112253.00,0.93,7256091437.15,USD,17.53,2.61,7.34,2.04,Consumer durables,italy,Consumer Durables,StrongBuy,Strong buy,-3.94,-2.06,-1.87,13.13,8.35,8.64,31.17,0.35,78.80,1218.96,2.56,2.10,Sell,Sell,Sell,Sell,Sell,Sell,46.87,0.12,1.13,-34.46,59.83,73.48,marubozu_black_bearish,0.00,0.00,0.00,0.00,-0.19,112253.00,-41.71,0.00,0.00,0.00,39.76,17.53,2.49,1.60,2.89,10.13,11.34,6.54,7047221627.81,1.59,12.10,9.67,41.01,40.47,39.55,37.44,36.66,54.25,62.92,43.11,53.60,2.93,0.00,0.00,4705146727.46,1890375780.29,0.00
[object Object],LTMC,Lottomatica Group S.P.A.,MIL,22.88,stock,common,100.00,1.00,false,0.00,EUR,-7.63,6620160.00,12.13,7225098152.10,USD,25.51,1.02,61.55,1.78,Consumer services,italy,Consumer Services,StrongBuy,Strong buy,-7.63,-9.10,-2.72,-12.27,-7.59,2.79,-1.38,169.18,169.18,169.18,3.97,2.61,StrongSell,Strong sell,StrongSell,Strong sell,Sell,Sell,34.79,-0.97,0.40,-206.01,54.48,72.46,0.00,0.00,0.00,0.00,0.00,-1.57,6620160.00,965.09,22.88,0.00,28000.00,7.60,25.51,0.45,2.67,23.76,10.65,11.73,15.18,9658919565.82,3.70,17.69,11.25,24.72,24.35,24.66,25.35,23.84,37.07,41.15,34.78,36.51,2.20,0.39,0.40,2835942956.58,659714765.49,657260730.00
[object Object],NCLH,Norwegian Cruise Line Holdings Ltd.,NYSE,15.57,stock,common,100.00,1.00,false,0.00,USD,0.91,13613522.00,0.93,7149554743.27,USD,9.84,1.58,13.90,0.00,Consumer services,america,Consumer Services,Buy,Buy,0.91,-10.52,-18.05,-18.91,-22.77,-30.86,-35.39,-38.39,-57.07,-37.97,2.97,3.31,Sell,Sell,StrongSell,Strong sell,Buy,Buy,30.00,-1.77,-2.27,-130.39,3.43,4.18,0.00,15.61,1.17,0.32,224464.00,1.30,13613522.00,-39.76,15.60,0.19,2357093.00,-36.58,9.84,0.70,0.70,2.78,3.42,0.00,33.12,22910273743.27,2.26,14.27,8.21,16.60,18.33,18.97,18.63,19.87,20.00,26.00,15.00,20.00,1.56,0.41,0.90,10030434695.00,2645677274.00,2857295042.00
[object Object],BEIJ_B,Beijer Ref AB Class B,OMXSTO,136.00,stock,common,10.00,1.00,false,0.00,SEK,0.29,1322228.00,1.29,7125941359.21,USD,29.17,0.48,-0.47,1.07,Distribution services,sweden,Distribution Services,Buy,Buy,0.29,2.87,0.74,6.92,0.74,-8.79,-16.72,-24.57,508.99,5356.08,2.13,2.23,Buy,Buy,Buy,Buy,Buy,Buy,52.43,9.00,0.49,27.68,82.09,82.82,0.00,0.00,0.00,0.00,0.00,-0.44,1322228.00,19.39,0.00,0.00,0.00,-14.39,29.17,0.00,1.84,2.92,18.51,0.00,27.23,8337957759.21,2.18,22.39,17.33,134.11,135.00,137.19,134.41,137.05,17.32,19.86,12.48,17.68,0.59,0.17,0.17,4246826385.35,1107898257.17,1104139200.03
[object Object],SCR,SCOR SE,EURONEXT,34.28,stock,common,100.00,2.00,false,0.00,EUR,-0.06,275201.00,0.88,7118501378.94,USD,0.00,0.00,0.00,5.54,Finance,france,Finance,Buy,Buy,-0.06,1.48,0.29,13.43,14.50,19.36,23.49,33.39,26.78,48.72,1.27,1.39,Buy,Buy,StrongBuy,Strong buy,Neutral,Neutral,58.25,0.78,0.13,71.30,64.86,56.66,long_upper_shadow_bearish,0.00,0.00,0.00,0.00,-0.12,275201.00,-41.79,34.28,0.00,183964.00,25.75,0.00,0.00,0.39,1.39,0.00,0.00,0.00,11012220588.94,0.61,0.00,0.00,33.72,33.96,33.20,32.33,30.56,41.43,50.94,35.54,42.26,4.92,0.97,1.05,18195307961.34,4245185502.65,4309031818.67
[object Object],ISS,ISS A/S,OMXCOP,284.60,stock,common,10.00,2.00,false,0.00,DKK,-0.42,258480.00,1.29,7031234383.54,USD,16.68,2.60,11.56,1.12,Commercial services,denmark,Commercial Services,Buy,Buy,-0.42,-2.67,-0.97,10.74,29.60,30.67,52.52,97.43,5.49,62.63,1.37,1.75,Sell,Sell,Sell,Sell,Neutral,Neutral,44.63,-5.80,-0.22,-59.85,19.73,40.27,0.00,0.00,0.00,0.00,0.00,0.00,258480.00,-10.60,0.00,0.00,0.00,42.98,16.68,1.45,0.52,4.91,8.78,10.10,17.10,9536755583.54,0.71,14.22,10.28,289.80,288.48,285.84,269.84,247.96,49.40,52.50,43.23,49.41,3.04,1.09,1.76,14306989509.00,6711168772.20,7246145138.05
[object Object],NEX,Nexans SA,EURONEXT,137.70,stock,common,10.00,1.00,false,0.00,EUR,0.15,97666.00,0.72,6968612547.83,USD,0.00,-5.71,-147.03,2.11,Producer manufacturing,france,Producer Manufacturing,Buy,Buy,0.15,-2.48,3.61,-14.04,10.87,9.11,6.50,54.63,177.29,254.19,2.65,2.83,Sell,Sell,Sell,Sell,Neutral,Neutral,47.71,-0.40,3.80,-105.38,22.68,39.06,0.00,0.00,0.00,0.00,0.00,-0.51,97666.00,-39.17,137.70,0.00,47135.00,7.85,0.00,0.00,0.79,2.83,8.92,22.03,4.25,8198513137.83,0.91,15.74,10.42,139.94,137.10,137.18,145.30,135.41,201.00,221.39,174.78,208.58,8.62,3.95,4.93,9810780404.61,4746342543.91,7608603223.56
[object Object],SBMO,SBM Offshore NV,EURONEXT,34.96,stock,common,100.00,2.00,false,0.00,EUR,-1.96,358877.00,0.88,6917469952.11,USD,7.65,5.22,147.29,2.83,Industrial services,netherlands,Industrial Services,Buy,Buy,-1.96,1.92,9.46,5.56,13.51,42.00,48.77,124.82,186.32,192.43,2.65,2.89,Buy,Buy,StrongBuy,Strong buy,Sell,Sell,55.10,-0.66,1.16,39.54,59.05,50.02,0.00,0.00,0.00,0.00,0.00,0.67,358877.00,0.67,34.96,0.00,171296.00,49.89,7.65,0.05,1.21,1.48,2.43,2.45,5.45,15112810431.47,2.64,8.63,8.30,34.57,33.86,32.94,33.72,31.50,48.91,56.56,42.85,48.75,5.89,3.53,0.00,7602410018.80,4568000000.00,2319000000.00
[object Object],ZAL,Zalando SE,XETR,23.07,stock,common,100.00,1.00,false,0.00,EUR,-4.67,1467017.00,1.32,6892253020.94,USD,61.75,0.43,-63.79,0.00,Retail trade,germany,Retail Trade,Buy,Buy,-4.67,-1.58,-19.56,-1.33,12.92,-9.46,-2.49,-75.74,-33.79,284.50,3.62,3.18,StrongSell,Strong sell,StrongSell,Strong sell,Neutral,Neutral,40.08,0.51,-1.49,-33.05,65.86,74.68,0.00,24.08,-0.50,-0.50,750.00,-0.87,1467017.00,44.85,23.13,0.26,733398.00,-0.34,61.75,0.00,0.45,2.20,5.70,6.37,4.16,6859563862.94,0.44,11.78,6.12,23.49,25.08,25.84,24.13,23.42,41.12,61.17,27.12,40.39,1.70,0.58,0.45,16271634249.09,3963289168.87,3637315655.52
[object Object],SPX,Spirax Group plc.,LSE,6870.00,stock,common,1.00,5.00,false,0.00,GBX,-0.58,180817.00,0.77,6886748332.81,USD,25.62,3.56,21.91,2.46,Producer manufacturing,uk,Producer Manufacturing,Buy,Buy,-0.58,-4.05,-1.86,-0.94,-8.22,-1.65,-5.18,-57.66,57.42,1144.57,1.94,2.62,StrongSell,Strong sell,StrongSell,Strong sell,Sell,Sell,41.41,-140.00,13.11,-127.10,20.40,30.25,0.00,0.00,0.00,0.00,0.00,-0.22,180817.00,19.04,6870.00,0.00,65463.00,-1.29,25.62,1.18,2.93,4.05,20.36,23.41,13.42,7843063342.81,3.39,18.60,14.18,7044.50,7108.17,6956.40,7032.14,7058.15,112.68,141.60,91.70,113.96,4.35,1.93,2.36,2408270534.78,1124679690.44,1237790800.00
[object Object],GRF,"Grifols, S.A. Class A",BME,9.90,stock,common,1000.00,2.00,false,0.00,EUR,-0.28,1163545.00,1.10,6866541733.50,USD,14.89,0.76,51.93,1.90,Health technology,spain,Health Technology,Buy,Buy,-0.28,-1.27,-1.95,9.98,-6.36,-9.07,-18.60,-52.82,-47.21,296.71,1.72,1.98,Neutral,Neutral,Buy,Buy,Sell,Sell,50.50,-0.18,-0.00,-86.60,45.96,49.86,long_lower_shadow_bullish,0.00,0.00,0.00,0.00,-0.26,1163545.00,7.62,0.00,0.00,0.00,-17.02,14.89,0.29,0.91,1.21,6.16,8.22,13.13,18966166953.50,2.24,13.79,10.08,9.95,9.99,9.63,9.38,9.89,18.27,26.86,10.51,18.27,0.98,0.26,0.29,8967619503.69,2155055440.79,2289203723.25
[object Object],GETI_B,Getinge AB Class B,OMXSTO,245.00,stock,common,10.00,1.00,false,0.00,SEK,0.74,393336.00,0.80,6862492969.77,USD,24.94,1.01,79.60,1.95,Health technology,sweden,Health Technology,Buy,Buy,0.74,0.70,3.20,29.46,23.46,12.08,16.89,-31.51,48.83,971.23,1.63,1.46,Buy,Buy,StrongBuy,Strong buy,Sell,Sell,64.14,0.90,5.94,36.80,60.53,69.79,0.00,0.00,0.00,0.00,0.00,-0.16,393336.00,-48.96,0.00,0.00,0.00,18.98,24.94,0.31,1.93,2.16,13.25,17.54,32.52,7805252969.77,2.22,16.37,11.37,244.86,239.99,227.93,210.23,207.17,25.48,31.08,17.09,26.42,1.37,0.22,0.26,3811735762.46,853676633.30,871973710.57
[object Object],KGF,Kingfisher Plc,LSE,297.50,stock,common,10.00,1.00,false,0.00,GBX,-3.82,6258482.00,1.35,6837697237.36,USD,21.76,0.19,40.93,4.01,Retail trade,uk,Retail Trade,Neutral,Neutral,-3.82,-8.52,-4.62,4.72,-13.79,-5.56,15.62,-15.82,-20.20,31.86,2.64,2.02,Sell,Sell,StrongSell,Strong sell,Sell,Sell,35.09,-23.80,1.31,-341.97,8.87,16.00,0.00,0.00,0.00,0.00,0.00,-0.10,6258482.00,-2.21,297.50,0.00,4364669.00,17.24,21.76,0.55,0.41,0.82,3.47,4.43,10.86,9372736037.36,0.53,10.77,5.26,317.09,316.16,303.81,295.89,307.50,4.18,4.81,3.32,4.06,0.35,0.11,0.22,17920163055.10,8373369312.00,9320098960.00
[object Object],TTD,"Trade Desk, Inc. Class A",NASDAQ,14.55,stock,common,100.00,1.00,false,0.00,USD,5.59,21606770.00,1.39,6836762247.46,USD,17.27,0.84,1.59,0.00,Technology services,america,Technology Services,Neutral,Neutral,5.59,10.73,-21.98,-30.55,-50.11,-61.91,-72.78,-81.80,406.09,406.09,4.89,5.30,Neutral,Neutral,Sell,Sell,Buy,Buy,47.24,1.01,-1.96,52.82,61.78,46.64,0.00,13.62,-1.16,0.15,196998.00,-0.87,21606770.00,30.97,14.51,-0.27,2315958.00,-75.56,17.27,10.28,2.17,2.65,6.32,7.92,4.60,5785539247.46,1.93,9.87,8.11,13.51,15.30,16.69,19.13,25.30,13.18,20.00,6.00,13.00,0.40,0.18,0.06,2755951212.00,752411416.00,650862071.00
[object Object],BAB,Babcock International Group PLC,LSE,1004.00,stock,common,10.00,5.00,false,0.00,GBX,-1.95,1911758.00,1.20,6803625168.63,USD,24.30,0.55,-13.99,0.73,Producer manufacturing,uk,Producer Manufacturing,StrongBuy,Strong buy,-1.95,-8.44,-11.74,-3.23,-26.50,-19.55,-2.81,180.53,-5.37,705.15,2.58,2.54,StrongSell,Strong sell,StrongSell,Strong sell,Neutral,Neutral,27.40,-134.50,-67.33,-162.80,1.83,3.34,falling_window_bearish,0.00,0.00,0.00,0.00,-0.24,1911758.00,-34.20,1004.00,0.00,989920.00,-2.91,24.30,0.00,1.00,8.08,12.27,19.28,6.78,7296579408.63,1.07,18.09,12.40,1078.00,1132.82,1086.66,1084.01,1198.98,19.06,21.76,14.88,19.00,0.86,0.33,0.00,7252844775.70,3383394600.00,0.00
[object Object],BLDR,"Builders FirstSource, Inc.",NYSE,63.09,stock,common,100.00,1.00,false,0.00,USD,0.48,2257049.00,1.10,6788260180.71,USD,68.61,0.92,-86.04,0.00,Retail trade,america,Retail Trade,Buy,Buy,0.48,-9.50,-7.88,-15.96,-32.68,-38.68,-53.61,16.47,358.17,281.90,3.83,3.90,StrongSell,Strong sell,StrongSell,Strong sell,Neutral,Neutral,35.14,-9.46,-5.06,-173.51,5.48,8.12,"harami_bullish,harami_cross_bullish,long_upper_shadow_bearish",63.30,0.81,0.06,5310.00,0.33,2257049.00,-40.13,63.00,-0.14,393847.00,-55.51,68.61,0.00,0.47,1.69,7.56,10.61,103.37,11960823180.71,0.83,27.46,11.58,67.60,70.43,74.03,76.35,90.48,81.05,100.00,61.00,84.50,3.11,1.25,1.08,14344018734.00,3908369476.00,3768328283.00
[object Object],MIL,Bank Millennium SA,GPW,21.18,stock,common,100.00,1.00,false,0.00,PLN,2.12,708796.00,1.21,6722511104.70,USD,18.36,0.31,60.29,0.00,Finance,poland,Finance,Sell,Sell,2.12,0.19,1.83,12.06,31.88,27.21,51.18,220.91,265.17,788.75,3.66,3.12,StrongBuy,Strong buy,StrongBuy,Strong buy,Neutral,Neutral,55.22,-0.07,0.41,11.69,29.19,28.57,0.00,0.00,0.00,0.00,0.00,0.05,708796.00,-8.60,0.00,0.00,0.00,46.06,18.36,0.30,3.37,2.63,19.41,22.96,0.00,8726149944.21,3.08,0.00,0.00,20.96,20.67,20.41,19.70,18.16,4.85,5.58,3.77,4.92,0.37,0.00,0.00,1884050935.28,440879302.50,0.00
[object Object],LAND,Land Securities Group PLC,LSE,656.00,stock,common,10.00,5.00,false,0.00,GBX,-2.24,3544545.00,1.25,6717139848.45,USD,14.21,0.61,-12.92,6.14,Finance,uk,Finance,Buy,Buy,-2.24,-6.15,-7.61,5.81,5.47,5.55,19.27,-9.52,-40.90,67.66,2.73,1.71,Sell,Sell,StrongSell,Strong sell,Sell,Sell,32.23,-30.00,-14.80,-187.65,11.90,20.67,0.00,0.00,0.00,0.00,0.00,-0.45,3544545.00,-0.55,656.00,0.00,2080784.00,26.48,14.21,0.00,5.57,0.74,21.60,21.60,41.53,12634482548.45,10.71,22.49,22.38,682.90,698.92,685.78,649.08,631.87,9.85,12.58,6.24,9.66,0.70,0.34,0.34,836507477.32,550003558.00,558608501.80
[object Object],IMCD,IMCD N.V.,EURONEXT,97.58,stock,common,100.00,2.00,false,0.00,EUR,-0.55,149453.00,1.22,6712688721.81,USD,25.03,4.45,-14.64,1.84,Distribution services,netherlands,Distribution Services,Buy,Buy,-0.55,2.63,2.67,10.36,31.51,25.26,2.65,-42.70,164.44,343.55,2.34,2.34,Buy,Buy,Buy,Buy,Sell,Sell,54.67,0.54,3.20,0.01,66.54,72.44,doji,0.00,0.00,0.00,0.00,-0.55,149453.00,11.38,97.58,0.00,92815.00,7.02,25.03,0.00,1.17,2.71,15.00,15.55,23.17,8522121715.55,1.51,18.67,13.66,97.29,96.14,91.68,91.89,85.78,135.45,175.15,87.58,140.12,6.56,3.92,3.38,6071209812.54,2979461517.91,2987948429.82
[object Object],RILBA,Ringkjobing Landbobank A/S,OMXCOP,1811.00,stock,common,1.00,1.00,false,0.00,DKK,-0.22,26778.00,1.01,6705366394.19,USD,18.92,14.59,4.83,0.66,Finance,denmark,Finance,StrongBuy,Strong buy,-0.22,1.86,3.96,18.83,13.12,17.75,24.72,139.23,507.72,6485.45,1.15,1.55,Buy,Buy,StrongBuy,Strong buy,Neutral,Neutral,66.01,63.00,44.01,160.09,83.03,83.12,0.00,0.00,0.00,0.00,0.00,0.00,26778.00,-19.94,0.00,0.00,0.00,20.04,18.92,3.92,10.19,3.71,0.00,0.00,0.00,7955499259.99,10.45,0.00,0.00,1784.20,1762.83,1720.14,1642.58,1591.85,297.30,312.25,262.14,303.00,16.18,3.70,4.10,683581920.00,160842960.00,169589875.00
[object Object],BC,Brunello Cucinelli S.p.A.,MIL,83.88,stock,common,100.00,2.00,false,0.00,EUR,-1.20,148881.00,0.97,6692235828.56,USD,41.33,2.32,4.63,1.22,Consumer non-durables,italy,Consumer Non-Durables,Buy,Buy,-1.20,-4.57,-4.49,3.43,10.37,-15.27,-14.44,68.16,363.43,722.35,2.14,2.15,StrongSell,Strong sell,StrongSell,Strong sell,Sell,Sell,40.30,-3.44,-0.06,-193.46,12.34,23.41,0.00,0.00,0.00,0.00,0.00,-0.66,148881.00,-31.14,0.00,0.00,0.00,-13.05,41.33,9.04,3.92,10.41,19.61,33.96,31.55,7920156522.04,4.71,26.53,15.30,87.33,87.74,85.50,84.72,84.95,119.49,150.69,102.01,115.92,2.68,1.28,1.37,1821044624.42,850606288.00,927352000.00
[object Object],FRA,Fraport AG,XETR,62.20,stock,common,100.00,5.00,false,0.00,EUR,-0.32,141788.00,1.18,6682984694.83,USD,14.81,4.80,-1.81,1.60,Transportation,germany,Transportation,Buy,Buy,-0.32,-3.79,-9.20,-8.73,-18.80,-11.14,-14.21,12.48,21.53,135.61,2.19,2.14,StrongSell,Strong sell,StrongSell,Strong sell,Sell,Sell,35.15,-1.25,-2.40,-107.10,12.67,20.32,0.00,62.05,-0.56,-0.56,47.00,-0.96,141788.00,-15.11,62.20,0.00,93274.00,-12.48,14.81,0.00,1.28,1.11,4.55,17.08,2.45,18408539301.83,3.57,19.13,11.06,63.52,65.49,67.68,68.85,72.11,89.23,109.77,71.24,90.15,3.75,1.08,2.64,5353047250.63,1277754739.43,1600166628.98
[object Object],ATS,AT & S Austria Technologie & Systemtechnik Aktiengesellschaft,VIE,151.00,stock,common,10.00,2.00,false,0.00,EUR,2.30,106838.00,0.89,6647096863.31,USD,109.79,1.57,6.20,0.00,Electronic technology,austria,Electronic Technology,Buy,Buy,2.30,11.03,10.22,0.53,220.94,371.88,674.36,297.37,1200.60,1127.27,5.66,7.28,Buy,Buy,Buy,Buy,Buy,Buy,49.91,2.00,0.05,-10.60,43.85,45.04,0.00,0.00,0.00,0.00,0.00,0.41,106838.00,41.55,151.00,0.00,38355.00,670.35,109.79,17.31,2.95,7.56,23.27,64.74,4.95,8657190282.81,3.91,56.89,15.46,143.82,147.03,162.42,146.35,94.54,308.88,694.98,115.83,243.24,9.47,0.98,2.15,3068874537.45,627105146.00,773527487.00
[object Object],SUN,Sulzer AG,SIX,159.40,stock,common,10.00,1.00,false,0.00,CHF,0.13,38705.00,1.14,6625431761.07,USD,17.95,10.99,11.24,2.98,Producer manufacturing,switzerland,Producer Manufacturing,Buy,Buy,0.13,0.89,7.99,1.01,-0.50,7.12,7.41,71.49,148.72,238.47,1.80,2.07,Buy,Buy,StrongBuy,Strong buy,Neutral,Neutral,64.55,10.40,9.31,96.69,85.65,86.90,0.00,0.00,0.00,0.00,0.00,-0.31,38705.00,-2.22,159.40,0.00,27097.00,9.19,17.95,1.59,1.55,4.11,19.35,29.52,6.43,7083008311.07,1.64,12.86,10.13,157.06,151.97,146.64,147.99,153.09,226.93,260.65,161.36,239.55,12.26,5.81,5.54,4491883115.86,2089688701.25,2226913600.00
[object Object],ROCK_B,ROCKWOOL A/S Class B,OMXCOP,199.10,stock,common,10.00,2.00,false,0.00,DKK,-0.85,679852.00,0.51,6603379329.95,USD,0.00,-1.13,-139.70,2.07,Non-energy minerals,denmark,Non-Energy Minerals,Buy,Buy,-0.85,-4.83,-5.10,-1.34,6.47,-11.79,-17.98,-40.19,56.77,895.50,2.27,3.59,Sell,Sell,StrongSell,Strong sell,Neutral,Neutral,39.98,-13.30,-3.30,-114.40,11.88,21.20,0.00,0.00,0.00,0.00,0.00,-0.40,679852.00,-6.17,0.00,0.00,0.00,-15.66,0.00,0.00,1.48,2.00,9.46,0.00,54.62,6484273599.15,1.49,11.82,7.31,205.93,212.19,210.05,203.19,205.38,36.22,43.05,25.49,37.30,2.16,0.53,0.58,4539241401.77,1084228203.55,1120905155.98
[object Object],ELISA,Elisa Oyj Class A,OMXHEX,35.82,stock,common,100.00,2.00,false,0.00,EUR,0.84,413544.00,0.95,6595620730.37,USD,16.82,2.43,-5.96,6.67,Communications,finland,Communications,Neutral,Neutral,0.84,-1.86,2.99,-9.86,-17.77,-5.14,-21.34,-34.01,12.46,162.42,1.92,1.33,Buy,Buy,Buy,Buy,Buy,Buy,51.56,0.12,0.49,17.92,33.03,42.70,0.00,0.00,0.00,0.00,0.00,0.00,413544.00,-13.57,0.00,0.00,0.00,-21.45,16.82,0.00,2.54,4.31,8.81,15.17,50.18,8321422802.37,3.24,15.70,9.48,35.91,35.37,35.51,38.01,38.97,46.15,57.96,38.72,45.21,2.86,0.68,0.73,2653807363.98,636284374.45,651199427.50
[object Object],AZA,Avanza Bank Holding AB,OMXSTO,388.30,stock,common,10.00,1.00,false,0.00,SEK,-2.66,350528.00,1.65,6521898010.60,USD,21.70,1.84,12.84,3.20,Finance,sweden,Finance,Buy,Buy,-2.66,-3.48,-1.22,14.00,15.50,9.88,8.80,15.53,518.31,4790.44,2.18,1.85,Sell,Sell,Sell,Sell,Sell,Sell,42.03,-3.20,5.94,-224.20,46.40,67.93,0.00,0.00,0.00,0.00,0.00,-0.48,350528.00,-3.06,0.00,0.00,0.00,16.93,21.70,1.74,10.12,9.18,0.00,0.00,19.60,6367637610.60,9.93,18.41,17.89,399.85,396.71,393.20,374.30,360.19,43.60,51.83,35.07,43.97,2.10,0.49,0.52,565187555.26,132996298.71,136518410.39
[object Object],KGX,KION GROUP AG,XETR,42.47,stock,common,100.00,1.00,false,0.00,EUR,-0.89,401127.00,1.34,6513136496.76,USD,14.44,3.36,67.69,1.45,Producer manufacturing,germany,Producer Manufacturing,Buy,Buy,-0.89,0.54,7.85,3.38,-19.03,-38.18,-25.03,-52.91,-18.14,76.88,2.95,3.33,Neutral,Neutral,Buy,Buy,Neutral,Neutral,52.62,2.47,2.67,44.80,62.31,75.57,0.00,0.00,0.00,0.00,0.00,-1.52,401127.00,41.32,42.47,0.00,283028.00,-20.57,14.44,0.22,0.49,0.88,11.83,58.92,14.24,14151271244.76,1.08,16.42,6.44,42.66,41.36,41.11,42.29,50.58,65.76,81.08,48.65,67.76,4.13,1.00,1.01,13775185991.93,3280398036.18,3293755128.50
[object Object],BALD_B,Fastighets AB Balder Class B,OMXSTO,52.24,stock,common,100.00,2.00,false,0.00,SEK,-0.80,3141725.00,0.52,6492135448.91,USD,8.94,0.60,32.43,0.00,Finance,sweden,Finance,Buy,Buy,-0.80,-2.36,0.04,1.83,-20.17,-23.40,-22.19,-48.75,30.27,2193.46,2.13,2.08,StrongSell,Strong sell,StrongSell,Strong sell,Sell,Sell,42.86,-0.48,0.36,-152.08,28.31,40.13,0.00,0.00,0.00,0.00,0.00,0.00,3141725.00,29.84,0.00,0.00,0.00,-18.23,8.94,0.28,4.72,0.66,14.29,14.46,6.38,22894709048.91,16.00,24.31,24.07,53.09,52.99,52.59,53.29,58.99,6.84,9.41,5.54,6.59,0.48,0.12,0.13,1545193417.87,364765458.59,373892400.00
[object Object],TE,Technip Energies NV,EURONEXT,29.86,stock,common,100.00,2.00,false,0.00,EUR,-4.72,673034.00,1.60,6485195888.73,USD,19.56,1.74,-30.59,3.19,Industrial services,france,Industrial Services,Buy,Buy,-4.72,-0.99,0.27,-14.49,-11.18,-7.78,-25.76,167.80,148.83,148.83,3.96,2.77,StrongSell,Strong sell,StrongSell,Strong sell,Neutral,Neutral,43.91,-0.24,-0.63,-14.60,37.37,39.67,0.00,0.00,0.00,0.00,0.00,-0.77,673034.00,-28.31,29.86,0.00,323337.00,-21.81,19.56,0.00,0.74,2.54,4.84,5.26,1.15,3119487723.73,0.37,8.93,6.20,30.09,30.72,31.86,34.44,34.07,47.22,56.05,37.37,47.29,2.32,0.00,0.00,9341997749.11,0.00,0.00
[object Object],SAGA_B,AB Sagax Class B,OMXSTO,172.20,stock,common,10.00,1.00,false,0.00,SEK,1.77,1015581.00,0.56,6475554356.56,USD,13.62,1.30,29.13,2.19,Finance,sweden,Finance,Buy,Buy,1.77,1.77,3.11,7.62,-4.55,-12.68,-15.26,-47.15,249.64,1397.39,2.39,2.30,Buy,Buy,StrongBuy,Strong buy,Buy,Buy,59.10,6.10,2.37,133.45,61.64,58.09,0.00,0.00,0.00,0.00,0.00,0.77,1015581.00,15.26,0.00,0.00,0.00,-11.72,13.62,0.46,10.40,1.88,15.63,15.63,21.14,10594172356.56,18.73,24.11,0.00,169.25,167.21,164.96,168.49,178.76,20.09,22.62,15.25,20.78,1.32,0.32,0.36,598372598.05,141486366.70,146438600.00
[object Object],SIGN,SIG Group AG,SIX,13.78,stock,common,100.00,1.00,false,0.00,CHF,0.44,786666.00,0.78,6459860335.84,USD,0.00,-0.14,-122.72,0.00,Process industries,switzerland,Process Industries,Buy,Buy,0.44,-1.01,-6.89,17.68,15.41,17.98,9.54,-50.50,16.29,16.29,1.98,3.06,Neutral,Neutral,Neutral,Neutral,Sell,Sell,45.91,0.61,-0.51,-39.54,56.03,56.96,0.00,0.00,0.00,0.00,0.00,-0.58,786666.00,19.48,13.78,0.00,385784.00,9.50,0.00,0.00,1.75,1.96,9.25,16.76,19.83,8911303607.60,2.41,53.10,17.40,13.71,14.43,14.11,13.08,12.13,20.98,23.95,17.39,21.56,0.90,0.32,0.51,3900869259.66,1750970988.14,2013735014.88
[object Object],SFSN,SFS Group AG,SIX,133.40,stock,common,10.00,2.00,false,0.00,CHF,-0.60,12869.00,0.53,6423165031.83,USD,20.23,8.16,8.62,1.86,Producer manufacturing,switzerland,Producer Manufacturing,Buy,Buy,-0.60,-0.45,1.06,3.41,15.00,21.27,20.83,0.53,80.15,99.10,1.38,1.56,Buy,Buy,StrongBuy,Strong buy,Sell,Sell,52.09,3.40,0.39,48.06,80.18,82.68,0.00,0.00,0.00,0.00,0.00,-0.15,12869.00,-43.83,133.40,0.00,9342.00,25.89,20.23,2.36,1.70,3.31,14.44,18.66,23.32,6839725971.83,1.80,14.81,10.78,132.40,132.69,134.06,129.78,121.59,174.60,186.73,153.56,175.06,9.14,0.00,4.93,3935506659.38,1897587690.00,1924654420.00
[object Object],UMI,Umicore SA,EURONEXT,23.02,stock,common,100.00,2.00,false,0.00,EUR,0.09,289718.00,0.77,6414091958.90,USD,11.41,2.30,277.06,1.52,Non-energy minerals,belgium,Non-Energy Minerals,Buy,Buy,0.09,-1.29,6.57,-9.58,28.60,28.25,72.05,-58.27,-14.74,502.98,3.16,3.34,Neutral,Neutral,Buy,Buy,Neutral,Neutral,51.79,-0.44,1.11,-83.86,50.37,55.59,spinning_top_black,0.00,0.00,0.00,0.00,0.52,289718.00,-32.86,23.02,0.00,200561.00,73.58,11.41,0.04,0.23,2.30,5.67,8.26,3.10,8147892441.90,0.29,6.26,5.05,23.22,22.64,21.71,21.91,19.78,29.71,38.25,21.45,28.98,2.10,1.20,0.82,4420363595.48,2217233257.50,2083064430.00
[object Object],ELIS,Elis SA,EURONEXT,23.66,stock,common,100.00,2.00,false,0.00,EUR,-0.17,204370.00,0.89,6393745111.82,USD,15.74,1.72,1.70,2.03,Commercial services,france,Commercial Services,StrongBuy,Strong buy,-0.17,-3.51,-7.58,-8.29,-4.21,-2.31,2.69,54.94,60.60,91.48,2.18,1.68,Sell,Sell,StrongSell,Strong sell,Sell,Sell,33.43,-1.10,-0.84,-182.54,13.84,20.26,0.00,0.00,0.00,0.00,0.00,-0.59,204370.00,-11.09,23.66,0.00,145769.00,1.65,15.74,9.28,1.21,1.49,4.22,12.19,13.25,11500672575.82,2.05,15.58,5.97,24.13,24.69,25.38,26.02,25.48,34.96,37.37,32.23,35.03,2.38,0.00,0.00,5928276349.96,2800331120.00,0.00
[object Object],EVD,CTS Eventim AG & Co. KGaA,XETR,58.65,stock,common,100.00,5.00,false,0.00,EUR,2.09,490938.00,0.79,6393164772.62,USD,18.28,3.66,8.69,2.51,Consumer services,germany,Consumer Services,StrongBuy,Strong buy,2.09,0.09,-0.59,6.06,-14.44,-25.38,-26.64,6.02,84.61,11071.43,2.98,3.41,Buy,Buy,Buy,Buy,Neutral,Neutral,51.08,0.65,0.15,-67.43,56.57,61.78,0.00,57.35,-0.17,-0.17,20.00,-1.13,490938.00,94.89,58.65,0.00,363188.00,-27.87,18.28,2.06,1.67,5.29,10.97,0.00,4.15,5323686805.10,1.41,9.46,7.82,59.17,58.68,57.28,56.35,63.56,103.09,116.72,61.86,109.13,3.94,0.66,0.58,3860842825.11,1003339872.82,964504039.50
[object Object],HER,Hera S.p.A.,MIL,3.68,stock,common,1000.00,2.00,false,0.00,EUR,-1.71,3878994.00,0.89,6351254170.07,USD,11.52,0.37,-8.40,4.27,Utilities,italy,Utilities,Buy,Buy,-1.71,-5.83,-2.95,-1.39,-11.32,-8.13,0.27,-0.22,50.04,197.79,2.29,1.54,StrongSell,Strong sell,StrongSell,Strong sell,Sell,Sell,33.02,-0.15,-0.06,-291.82,11.97,16.69,0.00,0.00,0.00,0.00,0.00,0.05,3878994.00,88.48,3.68,0.00,19123.00,3.54,11.52,0.00,0.00,1.33,0.00,0.00,0.00,11956285577.07,0.84,7.32,0.00,3.82,3.84,3.82,3.86,3.99,5.22,5.53,5.07,5.13,0.37,0.00,0.00,15068331602.72,3015419086.29,0.00
[object Object],AZM,Azimut Holding Spa,MIL,37.90,stock,common,100.00,1.00,false,0.00,EUR,-1.69,567487.00,1.52,6340977898.56,USD,10.20,4.24,6.84,5.19,Finance,italy,Finance,Buy,Buy,-1.69,-1.99,2.05,11.05,12.20,6.04,23.82,61.42,193.87,1102.76,1.68,1.63,Neutral,Neutral,Neutral,Neutral,Sell,Sell,48.63,0.00,1.12,-116.12,36.81,51.38,0.00,0.00,0.00,0.00,0.00,-0.70,567487.00,-8.73,0.00,0.00,0.00,29.62,10.20,1.52,3.58,2.77,3.93,0.00,12.10,6026508198.60,3.44,7.47,7.13,38.54,37.77,37.05,36.54,35.69,46.16,57.60,40.32,45.79,4.06,0.73,0.76,1810284618.85,443652241.71,0.00
[object Object],CRDA,Croda International Plc,LSE,3352.00,stock,common,1.00,1.00,false,0.00,GBX,-0.24,364865.00,0.53,6337935956.04,USD,58.94,0.75,-43.22,3.30,Process industries,uk,Process Industries,Buy,Buy,-0.24,-2.78,3.33,14.87,17.78,22.96,34.46,-63.59,0.39,823.42,2.47,2.54,Buy,Buy,StrongBuy,Strong buy,Neutral,Neutral,55.59,245.00,216.32,22.61,70.08,76.71,0.00,0.00,0.00,0.00,0.00,-0.65,364865.00,-84.70,3352.00,0.00,145748.00,35.21,58.94,0.00,2.72,2.15,16.53,24.95,22.82,7141013546.04,3.12,20.05,13.27,3402.80,3253.40,3140.88,3040.74,2921.89,49.27,57.43,43.11,50.00,2.12,1.03,1.18,2383873040.51,1186286736.60,1227402005.60
[object Object],G24,Scout24 SE,XETR,76.15,stock,common,100.00,5.00,false,0.00,EUR,-2.56,495750.00,0.62,6332948755.11,USD,19.19,4.53,62.57,1.92,Technology services,germany,Technology Services,StrongBuy,Strong buy,-2.56,-5.40,1.26,4.17,4.89,-11.30,-31.27,5.62,124.96,147.64,2.47,3.18,Sell,Sell,Sell,Sell,Sell,Sell,47.67,-1.15,3.92,-29.28,50.11,67.88,0.00,0.00,0.00,0.00,0.00,-0.90,495750.00,15.70,76.50,0.46,270807.00,-30.55,19.19,0.31,7.83,4.60,20.05,20.12,161.27,7060100527.78,8.79,18.11,15.65,78.79,76.24,74.89,73.69,75.75,121.98,161.91,92.52,117.96,4.68,0.00,0.00,895909974.91,374836418.00,0.00
[object Object],MYCR,Mycronic AB,OMXSTO,302.40,stock,common,10.00,2.00,false,0.00,SEK,-3.01,232428.00,0.96,6325892063.43,USD,34.02,0.91,-12.08,1.04,Producer manufacturing,sweden,Producer Manufacturing,Buy,Buy,-3.01,-6.20,-4.36,-2.20,48.24,35.51,43.25,123.17,495.86,3134.22,2.91,2.50,Sell,Sell,StrongSell,Strong sell,Sell,Sell,38.48,-11.80,-0.09,-176.49,16.96,47.39,0.00,0.00,0.00,0.00,0.00,0.00,232428.00,-53.67,0.00,0.00,0.00,51.76,34.02,0.00,7.04,7.49,28.80,0.00,21.98,6091030863.43,6.86,24.83,21.51,321.62,323.37,320.91,307.12,259.01,35.57,39.89,23.83,37.55,1.11,0.23,0.18,1015363194.71,228571489.19,221602068.37
[object Object],ALLFG,Allfunds Group plc,EURONEXT,9.09,stock,common,1000.00,5.00,false,0.00,EUR,0.44,284111.00,1.25,6307162810.04,USD,134.99,0.08,0.00,2.21,Finance,netherlands,Finance,Neutral,Neutral,0.44,0.00,3.71,7.26,7.77,12.79,51.42,-40.81,-28.18,-28.18,1.63,1.41,StrongBuy,Strong buy,StrongBuy,Strong buy,Buy,Buy,63.01,0.19,0.15,101.58,68.27,57.00,0.00,0.00,0.00,0.00,0.00,-0.50,284111.00,-13.74,9.09,0.00,210981.00,51.83,134.99,0.00,8.41,2.92,0.00,0.00,1.93,3056214455.01,4.16,9.56,6.16,8.99,8.86,8.75,8.67,8.37,10.18,10.80,9.34,10.28,0.53,0.00,0.00,816680117.75,0.00,0.00
[object Object],CDR,CD PROJEKT RED Spolka Akcyjna,GPW,231.20,stock,common,10.00,1.00,false,0.00,PLN,-1.37,359234.00,0.73,6257328562.46,USD,42.62,1.46,19.91,0.43,Technology services,poland,Technology Services,Neutral,Neutral,-1.37,-5.59,-7.74,1.54,-7.33,-6.36,-7.07,28.44,443.36,2415.81,2.04,3.02,Sell,Sell,StrongSell,Strong sell,Sell,Sell,35.14,-25.30,-11.82,-124.22,7.89,10.78,0.00,0.00,0.00,0.00,0.00,0.00,359234.00,3.28,0.00,0.00,0.00,-5.83,42.62,2.17,28.50,6.76,36.00,42.10,40.54,6108742065.94,27.27,58.30,50.11,242.27,248.44,241.11,246.10,246.49,68.45,89.12,41.61,71.80,1.13,0.28,0.20,227154960.13,51169255.39,50516248.34
[object Object],COV,Covivio SA,EURONEXT,48.16,stock,common,100.00,2.00,false,0.00,EUR,-1.07,178098.00,1.27,6248725644.93,USD,8.20,6.71,55.74,3.18,Finance,france,Finance,Neutral,Neutral,-1.07,-7.03,-9.47,-9.64,-16.82,-14.91,-14.08,-40.07,-43.82,-61.91,2.32,1.58,StrongSell,Strong sell,StrongSell,Strong sell,Sell,Sell,22.84,-2.84,-2.31,-229.19,6.03,9.12,0.00,0.00,0.00,0.00,0.00,-0.12,178098.00,8.57,48.16,0.00,133202.00,-11.39,8.20,0.15,3.61,0.63,6.40,32.41,8.02,22317185586.93,13.10,24.07,20.68,50.51,51.95,52.52,53.79,54.50,71.06,79.98,62.60,71.75,5.82,2.80,2.72,800873940.37,0.00,0.00
[object Object],GL9,Glanbia PLC,EURONEXT,22.42,stock,common,100.00,2.00,false,0.00,EUR,-0.53,232284.00,0.73,6208051877.25,USD,26.96,0.95,93.42,1.98,Consumer non-durables,ireland,Consumer Non-Durables,Buy,Buy,-0.53,-2.52,-2.01,2.37,31.57,55.48,59.12,51.49,33.45,1414.86,2.06,2.40,Sell,Sell,Sell,Sell,Neutral,Neutral,45.25,0.16,-0.40,-61.10,28.33,23.98,0.00,0.00,0.00,0.00,0.00,-0.44,232284.00,-32.32,22.42,0.00,170965.00,48.69,26.96,0.29,1.56,3.22,14.68,16.98,16.61,7051818096.09,1.76,18.06,13.35,22.41,22.80,23.21,21.68,18.81,27.88,31.74,23.86,28.84,1.62,0.70,0.78,4268712634.59,2016233333.00,2146950000.00
[object Object],CAST,Castellum AB,OMXSTO,131.35,stock,common,100.00,5.00,false,0.00,SEK,-0.27,1397913.00,1.06,6181909624.87,USD,23.70,0.57,2.93,1.88,Finance,sweden,Finance,Buy,Buy,-0.27,-1.72,-1.87,6.96,13.43,23.57,22.53,-37.83,21.21,861.12,1.19,1.25,Sell,Sell,Sell,Sell,Neutral,Neutral,40.96,-4.00,-1.14,-140.95,10.46,13.13,spinning_top_black,0.00,0.00,0.00,0.00,0.00,1397913.00,-19.64,0.00,0.00,0.00,19.97,23.70,8.10,6.38,0.90,14.26,14.26,653.49,13110159624.87,13.37,20.11,0.00,132.85,134.10,132.07,127.43,118.12,14.52,17.09,12.95,14.50,0.93,0.23,0.24,982633056.42,238085153.70,233950469.70
[object Object],IGG,IG Group Holdings plc,LSE,1356.00,stock,common,1.00,1.00,false,0.00,GBX,-1.60,1390850.00,1.24,6177197715.67,USD,0.00,0.00,0.00,5.47,Finance,uk,Finance,StrongBuy,Strong buy,-1.60,-0.37,-8.44,-24.50,2.57,2.96,18.95,45.81,42.59,1020.66,2.11,2.82,StrongSell,Strong sell,StrongSell,Strong sell,Neutral,Neutral,37.48,-29.00,-95.10,28.49,65.92,76.13,0.00,0.00,0.00,0.00,0.00,-0.15,1390850.00,15.62,1356.00,0.00,349293.00,18.95,0.00,0.00,0.00,2.39,0.00,0.00,4.46,5617624385.67,0.00,0.00,0.00,1358.50,1442.50,1590.22,1641.20,1473.29,25.52,35.26,17.05,26.26,1.80,0.82,0.93,1770024300.10,795474588.35,835774519.09
[object Object],VPK,Royal Vopak NV,EURONEXT,47.60,stock,common,100.00,2.00,false,0.00,EUR,-1.24,84463.00,0.92,6116780753.93,USD,11.57,4.70,-0.06,3.73,Distribution services,netherlands,Distribution Services,Buy,Buy,-1.24,0.21,-3.17,3.30,4.02,25.26,15.65,31.67,3.25,581.04,1.56,1.53,Buy,Buy,StrongBuy,Strong buy,Neutral,Neutral,52.27,0.10,0.38,93.16,69.18,70.95,engulfing_bearish,0.00,0.00,0.00,0.00,0.25,84463.00,6.23,47.60,0.00,61951.00,14.38,11.57,0.00,4.16,1.65,7.22,13.42,54.94,9553199508.93,6.32,22.08,11.89,47.52,47.38,47.05,45.93,43.99,64.84,73.66,55.24,64.45,3.87,1.82,0.00,1557321958.94,0.00,0.00
[object Object],BBOX,Tritax Big Box REIT PLC,LSE,151.80,stock,common,10.00,1.00,false,0.00,GBX,-1.62,6691964.00,0.64,6104860859.17,USD,14.51,0.14,-38.97,5.29,Miscellaneous,uk,Miscellaneous,StrongBuy,Strong buy,-1.62,-5.89,-11.74,3.76,-6.87,1.27,9.68,-36.75,5.39,55.36,1.78,1.70,StrongSell,Strong sell,StrongSell,Strong sell,Sell,Sell,29.12,-5.00,-6.62,-161.57,9.15,18.10,0.00,0.00,0.00,0.00,0.00,-0.84,6691964.00,-2.43,151.80,0.00,2774740.00,36.73,14.51,0.00,11.35,0.82,17.32,17.32,34.17,9491624049.17,19.47,24.85,24.84,157.54,163.63,163.27,157.07,156.39,2.66,3.53,2.39,2.59,0.12,0.06,0.06,490173847.18,243372006.00,258353695.70