ticker-view,name,description,exchange,close,type,typespecs,pricescale,minmov,fractional,minmove2,currency,change,volume,relative_volume_10d_calc,market_cap_basic,fundamental_currency_code,price_earnings_ttm,earnings_per_share_diluted_ttm,earnings_per_share_diluted_yoy_growth_ttm,dividends_yield_current,sector.tr,market,sector,AnalystRating,AnalystRating.tr,change,Perf.W,Perf.1M,Perf.3M,Perf.6M,Perf.YTD,Perf.Y,Perf.5Y,Perf.10Y,Perf.All,Volatility.W,Volatility.M,TechRating_1D,TechRating_1D.tr,MARating_1D,MARating_1D.tr,OsRating_1D,OsRating_1D.tr,RSI,Mom,AO,CCI20,Stoch.K,Stoch.D,candlestick_patterns_1D,premarket_close,premarket_change,premarket_gap,premarket_volume,gap,volume,volume_change,postmarket_close,postmarket_change,postmarket_volume,Perf.1Y.MarketCap,price_earnings_ttm,price_earnings_growth_ttm,price_sales_current,price_book_fq,price_to_cash_f_operating_activities_ttm,price_free_cash_flow_ttm,price_to_cash_ratio,enterprise_value_current,enterprise_value_to_revenue_ttm,enterprise_value_to_ebit_ttm,enterprise_value_ebitda_ttm,SMA10,SMA30,SMA50,SMA100,SMA200
[object Object],NVDA,NVIDIA Corporation,NASDAQ,206.84,stock,common,100.00,1.00,false,0.00,USD,-0.92,114836386.00,0.93,5005527911377.00,USD,31.68,6.53,110.33,0.14,Electronic technology,america,Electronic Technology,StrongBuy,Strong buy,-0.92,2.07,3.36,3.44,10.31,8.96,19.95,971.10,14942.91,472674.98,3.09,3.57,Buy,Buy,Buy,Buy,Neutral,Neutral,51.07,-4.12,3.81,64.96,77.76,76.12,0.00,207.44,-0.63,-0.56,642823.00,-0.63,114836386.00,3.92,206.80,-0.02,13642910.00,16.67,31.68,0.29,20.09,25.63,40.15,42.37,62.62,4937769911377.00,19.48,30.43,29.83,207.63,203.84,209.18,199.72,192.91
[object Object],AAPL,Apple Inc.,NASDAQ,333.02,stock,common,100.00,1.00,false,0.00,USD,3.53,47488880.00,1.00,4891183282058.00,USD,40.29,8.27,29.00,0.32,Electronic technology,america,Electronic Technology,Buy,Buy,3.53,0.31,12.75,22.09,34.65,22.32,55.69,124.60,1255.81,259366.45,2.47,2.88,StrongBuy,Strong buy,StrongBuy,Strong buy,Buy,Buy,65.23,17.70,19.83,89.13,74.43,76.05,0.00,321.60,-0.02,-0.18,129803.00,0.04,47488880.00,16.28,333.80,0.23,6530395.00,56.41,40.29,1.34,10.49,45.87,34.97,37.96,71.58,4907387282058.00,10.87,33.30,30.68,326.16,307.45,306.23,285.10,275.98
[object Object],GOOG,Alphabet Inc. Class C,NASDAQ,319.09,stock,common,100.00,1.00,false,0.00,USD,0.24,21629682.00,1.08,3888807483962.00,USD,16.03,19.91,112.02,0.27,Technology services,america,Technology Services,StrongBuy,Strong buy,0.24,-7.72,-8.50,-5.52,-4.08,0.47,61.07,130.81,761.99,1026.59,2.29,2.82,Sell,Sell,StrongSell,Strong sell,Neutral,Neutral,32.78,-35.94,-15.43,-220.75,5.08,9.68,long_upper_shadow_bearish,318.30,-0.01,0.30,330612.00,-0.01,21629682.00,-53.74,318.50,-0.18,2694111.00,88.04,16.03,0.14,8.78,6.27,21.15,73.73,16.20,3781704929962.00,8.47,24.95,21.32,345.50,352.38,362.35,343.75,323.17
[object Object],GOOGL,Alphabet Inc. Class A,NASDAQ,319.74,stock,common,100.00,1.00,false,0.00,USD,0.65,31805499.00,1.03,3888807483962.00,USD,16.06,19.91,112.02,0.27,Technology services,america,Technology Services,StrongBuy,Strong buy,0.65,-7.59,-8.39,-5.60,-3.83,0.90,62.28,139.81,744.00,12675.93,2.29,2.94,Sell,Sell,StrongSell,Strong sell,Neutral,Neutral,32.46,-37.44,-16.81,-213.50,4.93,9.91,0.00,318.19,0.16,0.50,592627.00,0.23,31805499.00,-54.18,318.85,-0.28,3625968.00,88.04,16.06,0.14,8.76,6.28,21.20,73.88,16.23,3781704929962.00,8.47,24.95,21.32,346.28,354.02,364.70,345.79,323.90
[object Object],MSFT,Microsoft Corporation,NASDAQ,381.70,stock,common,100.00,1.00,false,0.00,USD,0.03,27658755.00,0.93,2835433566167.00,USD,22.73,16.79,29.75,0.93,Technology services,america,Technology Services,StrongBuy,Strong buy,0.03,-3.33,2.73,-8.46,-15.53,-21.20,-24.98,32.08,575.93,392502.57,2.88,3.10,Sell,Sell,StrongSell,Strong sell,Neutral,Neutral,44.74,-3.40,4.47,-23.84,34.28,52.45,0.00,387.08,1.44,0.62,183686.00,1.43,27658755.00,-8.87,381.40,-0.08,4144855.00,-22.83,22.73,0.76,8.93,6.84,16.70,38.97,36.31,2882593566167.00,9.06,19.35,14.97,392.01,384.35,399.18,398.95,436.12
[object Object],AMZN,"Amazon.com, Inc.",NASDAQ,232.11,stock,common,100.00,1.00,false,0.00,USD,-0.66,35017326.00,0.94,2496832663597.00,USD,27.74,8.37,36.48,0.00,Retail trade,america,Retail Trade,StrongBuy,Strong buy,-0.66,-5.05,-0.74,-10.72,-1.21,0.33,1.28,26.38,521.82,190350.79,1.98,2.87,StrongSell,Strong sell,StrongSell,Strong sell,Neutral,Neutral,37.49,-13.23,-0.23,-163.23,14.11,32.14,0.00,234.59,0.40,0.36,155994.00,0.31,35017326.00,-26.23,231.55,-0.24,4104777.00,10.78,27.74,0.77,3.42,5.65,16.99,0.00,17.29,2577715663597.00,3.47,28.58,16.05,245.50,241.96,249.22,241.40,234.59
[object Object],TSM,"Taiwan Semiconductor Manufacturing Co., Ltd. Sponsored ADR",NYSE,403.41,dr,0.00,100.00,1.00,false,0.00,USD,-2.93,11525101.00,0.76,1883261808348.93,USD,29.12,13.86,57.78,0.68,Electronic technology,america,Electronic Technology,StrongBuy,Strong buy,-2.93,2.88,-7.04,1.84,21.48,29.31,67.94,248.40,1367.48,7631.47,2.62,3.93,Sell,Sell,Sell,Sell,Sell,Sell,42.40,-30.70,-17.80,-105.76,38.26,39.90,0.00,411.11,-1.08,-0.50,99020.00,-1.02,11525101.00,4.31,402.18,-0.30,1341701.00,80.90,29.12,0.52,15.09,0.00,23.71,52.43,18.95,1804985381246.14,12.64,22.63,17.71,413.67,431.96,426.07,395.26,354.83
[object Object],AVGO,Broadcom Inc.,NASDAQ,381.92,stock,common,100.00,1.00,false,0.00,USD,-2.69,15149396.00,0.82,1817015047321.00,USD,63.58,6.01,125.81,0.67,Electronic technology,america,Electronic Technology,StrongBuy,Strong buy,-2.69,4.34,-1.22,-10.13,19.61,8.26,31.79,692.10,2292.38,23046.67,3.10,3.59,Sell,Sell,Sell,Sell,Neutral,Neutral,47.83,-18.05,1.39,13.68,65.76,65.04,0.00,387.68,-1.22,-0.79,45351.00,-1.22,15149396.00,-7.34,381.43,-0.13,3956741.00,32.38,63.58,0.52,25.36,20.72,55.39,56.84,94.88,1862294047321.00,24.68,55.91,44.27,384.86,383.46,399.35,381.20,364.93
[object Object],SPCX,Space Exploration Technologies Corp,NASDAQ,115.07,stock,common,100.00,1.00,false,0.00,USD,-2.68,56783152.00,0.85,1526648231105.00,USD,0.00,0.00,0.00,0.00,Communications,america,Communications,Buy,Buy,-2.68,-9.70,-25.37,-23.29,-23.29,-23.29,-23.29,-23.29,-23.29,-23.29,6.65,9.30,Sell,Sell,StrongSell,Strong sell,Buy,Buy,34.61,-30.23,0.00,-122.03,7.27,5.57,0.00,115.97,-1.92,-1.56,1027940.00,-1.89,56783152.00,-24.53,113.45,-1.41,4740892.00,0.00,0.00,0.00,0.00,43.57,0.00,0.00,63.37,1540558231105.00,0.00,0.00,0.00,125.75,0.00,0.00,0.00,0.00
[object Object],META,Meta Platforms Inc Class A,NASDAQ,595.19,stock,common,100.00,1.00,false,0.00,USD,-1.80,11503122.00,0.64,1510844066654.00,USD,21.64,27.51,7.29,0.35,Technology services,america,Technology Services,StrongBuy,Strong buy,-1.80,-8.11,5.93,-9.86,-7.69,-10.19,-16.99,61.04,390.31,1315.43,2.85,3.80,StrongSell,Strong sell,StrongSell,Strong sell,Sell,Sell,43.82,-74.02,25.12,-43.92,29.74,44.48,0.00,605.40,-0.12,0.31,94853.00,-0.13,11503122.00,-25.76,594.10,-0.18,1813604.00,-7.39,21.64,3.02,7.23,6.20,12.31,31.63,18.72,1516093066654.00,7.05,17.11,13.87,642.78,604.00,606.07,615.31,638.07
[object Object],TSLA,"Tesla, Inc.",NASDAQ,313.03,stock,common,100.00,1.00,false,0.00,USD,-2.08,62758697.00,1.59,1236326882730.00,USD,290.84,1.08,-37.67,0.00,Consumer durables,america,Consumer Durables,Buy,Buy,-2.08,-18.01,-17.64,-16.19,-30.04,-31.62,0.98,44.26,2012.50,24612.93,4.83,4.68,StrongSell,Strong sell,StrongSell,Strong sell,Neutral,Neutral,27.99,-94.73,-37.02,-255.70,5.62,7.27,0.00,320.90,0.38,1.60,1098089.00,0.32,62758697.00,-45.71,311.40,-0.52,3848915.00,34.52,290.84,0.00,10.92,14.23,59.31,192.32,25.17,1209047882730.00,11.67,253.36,107.48,371.25,391.00,402.56,393.60,414.71
[object Object],LLY,Eli Lilly and Company,NYSE,1196.03,stock,common,100.00,1.00,false,0.00,USD,0.86,1983288.00,0.86,1126350987107.00,USD,43.05,27.78,130.14,0.54,Health technology,america,Health Technology,Buy,Buy,0.86,3.16,5.90,32.89,10.36,11.11,49.25,393.07,1365.90,42484.65,2.96,3.31,StrongBuy,Strong buy,StrongBuy,Strong buy,Neutral,Neutral,57.00,7.45,5.91,27.11,41.06,33.31,spinning_top_white,1196.92,0.93,0.01,4202.00,0.72,1983288.00,3.84,1196.97,0.08,373206.00,51.83,43.05,0.33,14.70,36.17,52.32,90.63,202.86,1164438987107.00,16.12,34.08,32.15,1170.65,1167.24,1129.42,1034.47,1016.12
[object Object],MU,"Micron Technology, Inc.",NASDAQ,920.95,stock,common,100.00,1.00,false,0.00,USD,-6.99,40802038.00,0.97,1040114558293.00,USD,20.85,44.17,697.29,0.05,Electronic technology,america,Electronic Technology,StrongBuy,Strong buy,-6.99,11.97,-14.90,85.71,131.88,212.05,729.24,1114.81,6478.21,65100.00,5.80,7.15,Sell,Sell,Sell,Sell,Sell,Sell,47.14,-58.35,-57.43,-49.02,63.54,57.90,0.00,959.00,-3.15,-1.33,831847.00,-3.15,40802038.00,1.51,910.77,-1.11,3547305.00,648.96,20.85,0.03,12.56,10.32,20.50,40.29,40.48,1020441558293.00,11.30,17.19,14.93,923.35,1010.16,955.39,709.54,502.06
[object Object],BRK.B,Berkshire Hathaway Inc. Class B,NYSE,494.93,stock,common,100.00,1.00,false,0.00,USD,0.83,3932829.00,1.01,962037596230.00,USD,14.73,33.59,-10.48,0.00,Finance,america,Finance,Neutral,Neutral,0.83,-0.12,0.39,5.57,2.63,-1.20,2.54,78.17,241.64,2033.32,0.97,1.39,Buy,Buy,StrongBuy,Strong buy,Neutral,Neutral,53.43,1.22,-2.93,-25.89,21.23,16.86,0.00,490.91,0.01,0.13,13798.00,0.12,3932829.00,36.41,494.99,0.01,921924.00,3.55,14.73,0.00,2.82,1.47,23.46,44.72,2.69,713038596230.00,1.90,11.76,9.59,491.64,494.13,489.00,484.25,490.09
[object Object],JPM,JPMorgan Chase & Co.,NYSE,353.21,stock,common,100.00,1.00,false,0.00,USD,0.95,7520829.00,0.81,946430225051.00,USD,15.13,23.34,19.77,1.67,Finance,america,Finance,Buy,Buy,0.95,4.18,6.05,13.52,16.96,9.52,18.76,135.18,452.06,3596.33,1.79,2.25,StrongBuy,Strong buy,StrongBuy,Strong buy,Buy,Buy,68.24,16.74,13.15,156.01,94.09,84.47,0.00,350.30,0.11,0.25,9153.00,0.21,7520829.00,-31.08,353.28,0.02,1252750.00,14.12,15.13,0.76,4.73,2.66,0.00,0.00,0.00,2180621225051.00,7.33,0.00,0.00,344.40,335.18,322.36,311.27,310.68
[object Object],WMT,Walmart Inc.,NASDAQ,109.47,stock,common,100.00,1.00,false,0.00,USD,0.99,18405610.00,0.94,871170928962.00,USD,38.56,2.84,21.78,0.88,Retail trade,america,Retail Trade,Buy,Buy,0.99,-6.40,-8.44,-17.03,-7.36,-1.75,14.54,130.69,346.51,622667.10,1.61,2.21,Sell,Sell,StrongSell,Strong sell,Neutral,Neutral,38.19,-4.43,-5.28,-114.21,14.82,19.48,0.00,108.09,-0.29,0.17,35066.00,-0.26,18405610.00,-14.46,109.51,0.04,3005168.00,19.85,38.56,1.75,1.20,9.24,21.41,69.76,81.62,941265928962.00,1.30,31.19,20.99,112.00,114.52,117.67,121.98,117.76
[object Object],AMD,"Advanced Micro Devices, Inc.",NASDAQ,521.95,stock,common,100.00,1.00,false,0.00,USD,-3.29,27200635.00,1.06,851091995735.00,USD,171.31,3.05,123.35,0.00,Electronic technology,america,Electronic Technology,Buy,Buy,-3.29,9.45,0.22,54.99,99.84,138.44,228.02,467.28,8701.85,113778.34,5.50,6.46,Neutral,Neutral,Neutral,Neutral,Sell,Sell,50.04,-35.94,10.88,-10.34,68.23,68.74,0.00,546.97,1.35,0.24,329137.00,1.34,27200635.00,0.17,521.51,-0.08,2548287.00,217.58,171.31,1.44,23.78,13.20,88.56,100.45,69.69,842604995735.00,22.50,191.46,113.56,527.03,529.65,508.48,386.58,305.68
[object Object],ASML,ASML Holding NV Sponsored ADR,NASDAQ,1757.09,dr,0.00,100.00,1.00,false,0.00,USD,-2.55,1314987.00,0.67,679171377258.52,USD,54.70,32.12,23.10,0.43,Electronic technology,america,Electronic Technology,StrongBuy,Strong buy,-2.55,1.34,0.38,20.39,27.67,54.98,143.02,131.74,1554.67,64041.00,2.96,3.96,Sell,Sell,Sell,Sell,Sell,Sell,48.24,-40.23,-22.56,-66.32,51.49,47.54,0.00,1790.27,-0.71,0.39,30609.00,-0.73,1314987.00,18.82,1755.39,-0.10,165231.00,135.38,54.70,2.43,16.85,27.14,51.91,59.71,78.02,672772212828.52,16.33,46.11,42.58,1775.19,1818.09,1741.73,1574.13,1376.19
[object Object],ASML,ASML Holding NV,EURONEXT,1563.00,stock,common,10.00,2.00,false,0.00,EUR,-1.03,540900.00,0.76,679171377258.52,USD,56.74,31.46,14.70,0.48,Electronic technology,netherlands,Electronic Technology,StrongBuy,Strong buy,-1.03,1.76,-1.14,28.41,33.13,70.00,156.65,150.92,1526.26,6009.19,3.35,4.11,Neutral,Neutral,Buy,Buy,Neutral,Neutral,50.11,-6.00,-23.94,-31.84,46.08,45.81,spinning_top_white,0.00,0.00,0.00,0.00,-1.22,540900.00,-10.14,1563.00,0.00,152442.00,139.06,56.74,3.90,17.21,27.60,52.37,59.91,79.35,672804340182.52,16.68,47.08,43.48,1562.74,1593.33,1528.20,1371.98,1193.75
[object Object],V,Visa Inc. Class A,NYSE,355.74,stock,common,100.00,1.00,false,0.00,USD,1.18,4482799.00,0.65,670258560619.00,USD,31.27,11.37,15.70,0.73,Finance,america,Finance,StrongBuy,Strong buy,1.18,-2.15,8.13,15.84,9.17,1.68,0.26,42.75,343.73,2291.53,1.39,2.29,Buy,Buy,StrongBuy,Strong buy,Neutral,Neutral,57.70,6.77,13.45,22.87,44.24,51.06,0.00,354.79,0.91,0.41,4935.00,0.53,4482799.00,7.16,355.22,-0.15,795626.00,-0.18,31.27,1.97,15.66,19.08,29.95,32.17,42.81,678839560619.00,15.78,23.46,22.46,356.98,344.40,336.46,324.08,329.84
[object Object],XOM,Exxonmobil Holdings Corporation,NYSE,156.94,stock,common,100.00,1.00,false,0.00,USD,0.03,12091569.00,0.83,650430866710.00,USD,26.48,5.93,-21.60,2.60,Energy minerals,america,Energy Minerals,Buy,Buy,0.03,5.31,14.45,4.88,16.18,30.69,43.12,174.56,67.90,7178.38,1.79,1.95,Buy,Buy,StrongBuy,Strong buy,Sell,Sell,72.13,18.06,9.68,157.00,94.16,95.50,doji,155.13,-1.12,-0.12,47222.00,0.06,12091569.00,-23.58,156.88,-0.04,1350595.00,32.93,26.48,0.00,2.00,2.56,13.82,35.09,78.18,696271866710.00,2.11,21.25,11.64,149.58,142.72,146.56,150.66,138.09
[object Object],JNJ,Johnson & Johnson,NYSE,263.40,stock,common,100.00,1.00,false,0.00,USD,1.59,6351847.00,0.74,634767233729.00,USD,30.53,8.63,-7.72,1.99,Health technology,america,Health Technology,Buy,Buy,1.59,4.28,9.80,15.01,19.84,27.36,55.40,53.30,110.60,42044.47,2.10,2.40,Buy,Buy,StrongBuy,Strong buy,Neutral,Neutral,62.64,6.42,6.65,98.11,58.24,41.29,0.00,261.85,1.00,0.26,2678.00,0.83,6351847.00,-21.22,263.40,0.00,1228587.00,54.65,30.53,0.00,6.46,7.47,23.28,28.89,30.96,663045233729.00,6.77,25.08,19.40,253.94,249.95,241.93,238.66,224.64
[object Object],MA,Mastercard Incorporated Class A,NYSE,539.66,stock,common,100.00,1.00,false,0.00,USD,1.77,2551762.00,0.95,476834852888.00,USD,31.23,17.28,21.21,0.60,Finance,america,Finance,StrongBuy,Strong buy,1.77,-1.97,10.57,8.15,1.55,-5.44,-3.98,37.78,476.56,13291.07,1.66,2.35,StrongBuy,Strong buy,StrongBuy,Strong buy,Neutral,Neutral,58.82,12.92,22.52,43.41,51.53,56.51,0.00,531.86,0.30,0.00,549.00,0.22,2551762.00,23.15,537.27,-0.44,565369.00,-4.31,31.23,1.45,13.92,71.24,27.00,27.76,54.95,487027852888.00,14.32,24.08,22.77,539.37,517.30,507.17,506.02,527.99
[object Object],INTC,Intel Corporation,NASDAQ,92.32,stock,common,100.00,1.00,false,0.00,USD,-7.89,181126694.00,1.75,464000318466.00,USD,0.00,-2.12,55.49,0.00,Electronic technology,america,Electronic Technology,Neutral,Neutral,-7.89,0.20,-30.61,12.31,97.01,144.43,293.02,74.82,166.67,228811.48,6.12,7.24,Sell,Sell,StrongSell,Strong sell,Sell,Sell,37.12,-17.52,-14.59,-99.86,23.31,27.15,0.00,100.37,0.14,4.76,8472007.00,0.13,181126694.00,28.66,91.55,-0.83,11424049.00,372.43,0.00,0.00,8.97,5.32,31.55,166.44,15.85,500411318466.00,8.77,340.18,36.13,100.36,116.50,115.27,90.28,65.76
[object Object],ABBV,"AbbVie, Inc.",NYSE,259.36,stock,common,100.00,1.00,false,0.00,USD,0.95,4195437.00,0.78,458235366834.00,USD,127.92,2.03,-13.55,2.60,Health technology,america,Health Technology,Buy,Buy,0.95,0.92,9.74,30.38,19.38,13.39,35.96,119.55,305.25,600.97,1.75,2.62,StrongBuy,Strong buy,StrongBuy,Strong buy,Neutral,Neutral,66.06,11.28,13.80,123.32,74.53,67.46,0.00,258.21,0.50,0.21,600.00,0.63,4195437.00,-9.25,258.05,-0.51,951083.00,34.50,127.92,0.00,7.26,0.00,21.68,23.03,48.99,521746366834.00,8.31,24.74,17.87,252.48,244.45,233.30,222.25,224.01
[object Object],CSCO,"Cisco Systems, Inc.",NASDAQ,114.17,stock,common,100.00,1.00,false,0.00,USD,1.25,19131715.00,0.93,449993605549.00,USD,37.22,3.07,25.71,1.45,Electronic technology,america,Electronic Technology,Buy,Buy,1.25,4.60,-5.30,30.62,54.39,48.96,67.03,107.09,272.25,147677.58,2.10,3.15,Neutral,Neutral,Buy,Buy,Neutral,Neutral,49.11,-7.14,-4.52,-23.87,39.18,34.41,0.00,112.44,-0.28,0.08,8960.00,-0.35,19131715.00,26.07,113.91,-0.23,4038759.00,63.73,37.22,1.43,7.39,9.21,34.90,38.57,27.32,466354605549.00,7.68,32.07,27.30,113.17,116.35,117.62,100.81,88.37
[object Object],BAC,Bank of America Corp,NYSE,62.05,stock,common,100.00,1.00,false,0.00,USD,1.26,29035417.00,0.79,440343424688.00,USD,14.27,4.35,27.34,1.80,Finance,america,Finance,Buy,Buy,1.26,1.31,6.60,18.60,19.08,12.76,27.96,64.76,333.61,1895.58,1.69,2.00,Buy,Buy,StrongBuy,Strong buy,Neutral,Neutral,68.40,2.38,2.94,107.51,86.87,83.21,0.00,61.46,0.29,0.05,18360.00,0.41,29035417.00,-0.74,62.03,-0.03,5009987.00,22.00,14.27,0.52,3.71,1.58,0.00,0.00,0.00,1168779424688.00,6.01,0.00,0.00,61.11,58.86,56.07,53.31,53.26
[object Object],AMAT,"Applied Materials, Inc.",NASDAQ,536.25,stock,common,100.00,1.00,false,0.00,USD,-4.72,6262081.00,0.87,425760734482.00,USD,50.39,10.64,29.54,0.36,Producer manufacturing,america,Producer Manufacturing,StrongBuy,Strong buy,-4.72,0.72,-8.37,30.00,68.11,100.78,185.00,287.94,1928.18,968927.27,5.01,7.13,Sell,Sell,Sell,Sell,Sell,Sell,45.46,-66.25,-28.73,-85.49,30.16,27.99,0.00,555.93,-1.22,-0.32,42984.00,-1.17,6262081.00,9.74,537.70,0.27,1341532.00,175.17,50.39,1.79,15.49,17.81,53.60,80.19,51.99,424787734482.00,14.64,48.57,46.00,558.43,591.96,537.49,456.56,366.66
[object Object],COST,Costco Wholesale Corporation,NASDAQ,935.03,stock,common,100.00,1.00,false,0.00,USD,0.97,1586611.00,0.74,414666014806.00,USD,47.03,19.88,12.78,0.57,Retail trade,america,Retail Trade,Buy,Buy,0.97,-2.76,-2.81,-7.61,-3.75,8.58,-0.67,120.84,459.33,36991.85,1.31,1.99,Sell,Sell,Sell,Sell,Buy,Buy,46.56,18.78,-20.27,-24.35,36.02,35.68,0.00,925.50,-0.06,-0.02,657.00,-0.11,1586611.00,-11.13,933.00,-0.22,347841.00,-1.06,47.03,3.65,1.40,12.38,27.70,47.19,20.78,402902014806.00,1.37,35.89,29.22,930.46,944.98,969.75,984.34,957.08
[object Object],CAT,Caterpillar Inc.,NYSE,888.73,stock,common,100.00,1.00,false,0.00,USD,-0.65,1982113.00,0.75,409381933277.00,USD,44.21,20.10,-2.05,0.68,Producer manufacturing,america,Producer Manufacturing,Buy,Buy,-0.65,5.58,-9.46,5.89,37.98,53.87,108.11,323.53,1022.84,25675.73,3.07,4.16,Sell,Sell,Sell,Sell,Sell,Sell,43.11,-63.68,-55.35,-76.38,34.30,29.36,spinning_top_black,891.00,-0.40,-0.28,4540.00,0.05,1982113.00,-25.96,888.50,-0.03,238422.00,109.22,44.21,0.00,5.89,21.94,33.60,52.39,101.66,448374933277.00,6.34,37.02,31.07,896.34,948.34,926.36,848.74,729.94
[object Object],CVX,Chevron Corporation,NYSE,194.79,stock,common,100.00,1.00,false,0.00,USD,0.19,6700384.00,0.96,387943317868.00,USD,33.80,5.76,-33.93,3.58,Energy minerals,america,Energy Minerals,Buy,Buy,0.19,3.90,12.02,5.16,15.98,28.01,27.58,95.85,85.76,4847.05,1.56,1.80,Buy,Buy,StrongBuy,Strong buy,Neutral,Neutral,71.37,18.39,12.43,125.97,92.03,95.11,0.00,193.99,-0.22,0.62,29571.00,0.02,6700384.00,-17.79,194.72,-0.04,998367.00,21.48,33.80,0.00,2.04,2.11,12.37,27.69,70.00,433501317868.00,2.30,24.00,10.79,187.98,178.93,182.72,187.89,174.39
[object Object],UNH,UnitedHealth Group Incorporated,NYSE,420.74,stock,common,100.00,1.00,false,0.00,USD,-0.67,3752475.00,0.58,382092644170.00,USD,27.06,15.55,-32.64,2.13,Health services,america,Health Services,Buy,Buy,-0.67,-1.40,2.49,18.02,18.76,27.15,48.62,0.94,193.10,291006.57,2.71,2.89,Neutral,Neutral,Buy,Buy,Neutral,Neutral,51.45,-3.88,9.10,-49.42,22.93,30.17,0.00,426.01,0.58,-0.03,6759.00,0.40,3752475.00,-22.93,420.12,-0.15,530909.00,50.92,27.06,0.00,0.85,0.00,14.11,16.14,0.00,456856644170.00,1.01,0.00,0.00,425.58,418.99,407.60,360.70,343.25
[object Object],LRCX,Lam Research Corporation,NASDAQ,305.21,stock,common,100.00,1.00,false,0.00,USD,-4.56,9278352.00,0.97,381686777935.00,USD,57.61,5.30,47.60,0.34,Producer manufacturing,america,Producer Manufacturing,Buy,Buy,-4.56,0.45,-16.81,14.10,40.09,71.61,212.81,375.98,3288.96,137245.19,4.89,6.75,Sell,Sell,Sell,Sell,Sell,Sell,41.14,-45.12,-36.82,-92.95,20.28,20.02,0.00,313.00,-2.12,-0.56,31422.00,-2.24,9278352.00,14.45,304.00,-0.40,2051588.00,204.30,57.61,1.27,18.54,36.06,55.18,63.91,80.77,380670320935.00,17.56,51.25,48.51,321.88,356.87,338.45,290.92,237.52
[object Object],GE,GE Aerospace,NYSE,353.73,stock,common,100.00,1.00,false,0.00,USD,1.36,2958914.00,0.69,367016994524.00,USD,41.69,8.48,18.43,0.44,Electronic technology,america,Electronic Technology,Buy,Buy,1.36,1.94,-0.87,26.06,19.10,14.20,34.21,461.20,130.49,7320.75,2.88,2.70,Buy,Buy,StrongBuy,Strong buy,Neutral,Neutral,52.99,-5.54,-6.42,-30.08,26.70,17.43,rising_window_bullish,351.49,0.71,0.66,2397.00,0.36,2958914.00,-22.61,354.30,0.16,481212.00,28.92,41.69,2.23,7.22,20.81,37.79,44.11,39.63,378128994524.00,7.47,40.33,35.64,348.80,356.75,338.13,318.65,313.60
[object Object],HSBA,HSBC Holdings Plc,LSE,1552.80,stock,common,10.00,2.00,false,0.00,GBX,1.69,20725439.00,1.14,355252651293.65,USD,17.21,1.19,6.33,3.62,Finance,uk,Finance,Buy,Buy,1.69,15.02,7.62,16.96,25.33,30.97,62.19,288.69,216.25,547.96,1.97,2.25,StrongBuy,Strong buy,StrongBuy,Strong buy,Buy,Buy,68.64,81.80,73.74,176.33,96.44,96.15,marubozu_white_bullish,0.00,0.00,0.00,0.00,-0.13,20725439.00,53.92,1552.80,0.00,3753109.00,57.64,17.21,2.67,4.92,2.01,0.00,0.00,0.00,570748227242.49,4.33,0.00,0.00,1502.88,1459.61,1420.32,1351.65,1252.95
[object Object],KO,Coca-Cola Company,NYSE,82.25,stock,common,100.00,1.00,false,0.00,USD,1.33,11980074.00,0.75,353879179199.00,USD,25.90,3.18,27.17,2.53,Consumer non-durables,america,Consumer Non-Durables,Buy,Buy,1.33,-3.65,1.68,7.22,14.21,17.75,18.76,44.58,79.55,31642.68,1.36,2.05,Buy,Buy,Buy,Buy,Neutral,Neutral,50.80,-1.24,-0.10,-74.99,21.51,22.41,0.00,81.62,0.55,0.37,16561.00,0.49,11980074.00,-12.91,82.27,0.02,3168512.00,16.72,25.90,0.94,7.03,10.52,24.25,28.25,25.67,386050179199.00,7.75,24.35,22.84,82.60,82.03,81.36,79.14,75.56
[object Object],ROP,Roche Holding Ltd,SIX,355.10,stock,common,10.00,1.00,false,0.00,CHF,1.60,1138973.00,1.40,346449054603.31,USD,23.17,18.96,30.49,2.76,Health technology,switzerland,Health Technology,Buy,Buy,1.60,6.57,9.46,8.69,1.78,8.26,33.50,3.72,39.80,176.34,2.83,2.32,StrongBuy,Strong buy,StrongBuy,Strong buy,Buy,Buy,67.44,18.50,7.47,305.01,76.74,61.74,0.00,0.00,0.00,0.00,0.00,0.14,1138973.00,-8.89,355.10,0.00,342864.00,28.46,23.17,0.75,4.63,8.65,15.57,19.41,29.44,378388110603.31,5.02,16.38,13.86,335.62,332.69,329.58,325.36,322.06
[object Object],PG,Procter & Gamble Company,NYSE,147.41,stock,common,100.00,1.00,false,0.00,USD,0.30,6620893.00,0.89,343258804968.00,USD,21.56,6.84,8.59,2.89,Consumer non-durables,america,Consumer Non-Durables,Buy,Buy,0.30,-3.57,-3.01,-3.03,-2.27,3.00,-7.21,5.58,72.35,10120.35,1.29,2.01,Sell,Sell,StrongSell,Strong sell,Neutral,Neutral,48.07,0.37,-0.86,-72.71,32.88,37.24,0.00,145.71,-0.86,-0.39,23805.00,-0.35,6620893.00,1.87,147.00,-0.28,1328159.00,-3.96,21.56,2.50,4.10,6.39,18.35,23.70,28.95,368963804968.00,4.25,17.64,15.38,148.47,149.10,146.90,146.88,148.14
[object Object],MS,Morgan Stanley,NYSE,214.48,stock,common,100.00,1.00,false,0.00,USD,-0.33,4091409.00,0.61,338296061210.00,USD,17.34,12.37,40.18,1.86,Finance,america,Finance,Buy,Buy,-0.33,0.04,-4.51,13.61,17.93,20.15,50.54,127.28,644.21,3054.12,2.58,3.02,Sell,Sell,Sell,Sell,Sell,Sell,47.76,-7.80,-2.81,-57.05,34.83,35.28,0.00,215.33,0.07,0.34,1166.00,0.56,4091409.00,-17.55,214.48,0.00,721820.00,51.04,17.34,0.43,4.33,3.16,0.00,0.00,0.00,765505061210.00,5.94,0.00,0.00,218.67,218.65,212.65,193.77,183.02
[object Object],HD,"Home Depot, Inc.",NYSE,332.98,stock,common,100.00,1.00,false,0.00,USD,2.55,3874904.00,1.07,332019929461.00,USD,23.64,14.08,-4.45,2.78,Retail trade,america,Retail Trade,Buy,Buy,2.55,-4.57,1.17,-1.45,-12.72,-3.04,-11.32,0.88,143.85,948074.73,2.20,2.48,Sell,Sell,StrongSell,Strong sell,Buy,Buy,48.06,-10.32,-5.13,-111.25,16.43,13.24,0.00,323.72,-0.30,0.44,2058.00,0.11,3874904.00,-14.33,332.03,-0.29,504441.00,-5.50,23.64,0.00,1.94,23.93,18.39,23.17,207.15,393575929461.00,2.36,18.98,15.78,335.70,338.47,327.42,331.06,350.22
[object Object],ORCL,Oracle Corporation,NYSE,114.99,stock,common,100.00,1.00,false,0.00,USD,-4.21,46404962.00,1.16,331225348073.00,USD,19.74,5.82,34.18,1.74,Technology services,america,Technology Services,Buy,Buy,-4.21,-5.51,-29.23,-36.30,-33.39,-41.77,-52.56,31.51,181.08,181636.29,4.76,4.98,StrongSell,Strong sell,StrongSell,Strong sell,Neutral,Neutral,27.42,-25.65,-33.97,-128.19,7.58,13.07,0.00,122.36,1.93,2.04,628748.00,2.02,46404962.00,50.18,114.85,-0.12,3407906.00,-47.19,19.74,0.60,5.19,8.82,10.48,0.00,10.51,472265348073.00,7.01,21.04,14.88,125.19,148.52,171.55,166.54,187.40
[object Object],MRK,"Merck & Co., Inc.",NYSE,131.07,stock,common,100.00,1.00,false,0.00,USD,0.45,6154380.00,0.68,323719910441.00,USD,36.89,3.55,-48.27,2.56,Health technology,america,Health Technology,Buy,Buy,0.45,2.04,8.41,15.24,20.15,24.20,55.67,69.21,134.45,8678.00,2.10,2.73,StrongBuy,Strong buy,StrongBuy,Strong buy,Buy,Buy,61.96,7.53,4.51,150.42,82.15,67.09,0.00,130.88,0.31,0.02,1565.00,0.74,6154380.00,-27.86,130.41,-0.51,1343657.00,56.84,36.89,0.00,4.92,7.06,18.11,22.95,56.12,367116910441.00,5.60,20.38,15.22,126.32,123.84,121.10,118.62,110.49
[object Object],GS,"Goldman Sachs Group, Inc.",NYSE,1061.23,stock,common,100.00,1.00,false,0.00,USD,-1.26,1381810.00,0.66,313070714077.00,USD,16.38,64.79,42.76,1.60,Finance,america,Finance,Neutral,Neutral,-1.26,-0.97,-2.64,14.05,13.61,20.05,47.61,184.37,564.76,1296.36,2.57,3.09,Neutral,Neutral,Buy,Buy,Sell,Sell,49.77,6.05,10.61,7.90,46.75,50.10,0.00,1076.00,0.12,-0.07,2135.00,0.03,1381810.00,-25.42,1061.73,0.05,224988.00,46.57,16.38,0.39,5.48,2.88,0.00,0.00,0.00,935098714077.00,7.27,0.00,0.00,1087.34,1066.93,1042.23,958.64,910.44
[object Object],PM,Philip Morris International Inc.,NYSE,193.00,stock,common,100.00,1.00,false,0.00,USD,0.98,4438802.00,0.83,300801855713.00,USD,27.74,6.96,32.01,3.05,Consumer non-durables,america,Consumer Non-Durables,Buy,Buy,0.98,0.53,7.89,14.93,13.48,20.43,17.02,96.78,93.35,286.00,3.10,2.92,Buy,Buy,StrongBuy,Strong buy,Buy,Buy,59.35,11.38,9.66,111.36,70.97,72.02,0.00,193.00,0.98,0.46,700.00,0.77,4438802.00,-31.18,193.11,0.06,669210.00,8.11,27.74,0.86,7.02,0.00,21.11,23.67,49.87,345803855713.00,8.15,21.83,19.33,187.90,183.48,183.11,174.59,169.02
[object Object],PLTR,Palantir Technologies Inc. Class A,NASDAQ,122.92,stock,common,100.00,1.00,false,0.00,USD,-0.36,21174567.00,0.64,294677622182.00,USD,138.49,0.89,287.60,0.00,Technology services,america,Technology Services,Buy,Buy,-0.36,-6.73,7.71,-14.02,-26.51,-32.20,-20.17,458.47,1129.20,1129.20,4.17,5.05,Sell,Sell,StrongSell,Strong sell,Neutral,Neutral,42.08,-3.87,0.88,-55.74,12.82,32.92,0.00,125.20,1.48,0.23,454072.00,1.45,21174567.00,-28.84,122.49,-0.35,2139297.00,-12.44,138.49,0.48,60.71,34.87,116.04,117.55,39.32,286960051182.00,54.93,144.06,142.18,130.27,126.70,131.61,138.56,154.29
[object Object],NFLX,"Netflix, Inc.",NASDAQ,70.09,stock,common,100.00,1.00,false,0.00,USD,1.74,37593512.00,0.65,291850535244.00,USD,22.08,3.17,35.27,0.00,Technology services,america,Technology Services,Buy,Buy,1.74,7.04,-3.57,-24.28,-15.99,-25.54,-40.49,36.26,717.57,60509.10,3.06,3.38,Sell,Sell,StrongSell,Strong sell,Neutral,Neutral,38.26,-3.28,-6.55,-80.08,31.03,27.38,0.00,69.36,0.68,0.16,187966.00,0.58,37593512.00,-16.51,70.14,0.07,4574193.00,-43.50,22.08,0.62,6.02,9.68,24.95,26.78,32.71,299358941244.00,6.14,20.29,9.23,70.81,74.01,78.69,86.91,92.53
[object Object],RTX,RTX Corporation,NYSE,212.79,stock,common,100.00,1.00,false,0.00,USD,1.74,5877311.00,1.29,286789453799.00,USD,37.47,5.68,24.77,1.30,Electronic technology,america,Electronic Technology,Buy,Buy,1.74,8.91,13.53,19.69,8.10,15.96,36.19,148.21,243.43,13914.90,3.10,2.42,StrongBuy,Strong buy,StrongBuy,Strong buy,Buy,Buy,74.02,16.86,9.86,267.06,69.34,51.85,0.00,210.00,0.40,0.25,7009.00,0.80,5877311.00,-41.22,212.93,0.07,1013483.00,28.51,37.47,1.49,3.05,4.32,20.45,25.46,34.97,319107453799.00,3.41,31.94,22.18,197.85,192.63,186.31,189.47,186.53
[object Object],DELL,"Dell Technologies, Inc. Class C",NYSE,437.50,stock,common,100.00,1.00,false,0.00,USD,-0.42,4604132.00,0.70,283622956266.00,USD,34.77,12.58,100.64,0.50,Electronic technology,america,Electronic Technology,Buy,Buy,-0.42,16.09,3.73,104.45,279.05,240.73,242.84,792.92,1923.40,1923.40,5.53,7.43,Buy,Buy,StrongBuy,Strong buy,Neutral,Neutral,56.57,2.53,8.86,78.90,74.90,60.42,0.00,435.00,-0.99,-0.51,27593.00,-0.09,4604132.00,-10.05,436.00,-0.34,251839.00,188.05,34.77,0.35,2.15,0.00,23.02,30.40,24.42,303775956266.00,2.26,26.41,20.88,418.97,417.34,383.15,283.87,208.23
[object Object],NOVN,Novartis AG,SIX,126.90,stock,common,100.00,2.00,false,0.00,CHF,-0.60,1859367.00,0.77,283563230285.74,USD,24.14,6.50,-11.50,2.92,Health technology,switzerland,Health Technology,Neutral,Neutral,-0.60,2.12,2.87,9.21,10.35,15.55,35.00,51.61,75.07,112.67,2.74,2.05,Buy,Buy,StrongBuy,Strong buy,Neutral,Neutral,58.26,2.62,1.77,95.13,75.60,62.80,0.00,0.00,0.00,0.00,0.00,-0.22,1859367.00,-25.11,126.90,0.00,876946.00,29.92,24.14,0.00,5.62,6.93,16.73,18.38,39.16,324762937114.54,6.04,20.43,15.46,124.58,124.12,121.61,120.31,115.41
[object Object],ARM,ARM Holdings PLC Sponsored ADR,NASDAQ,260.01,dr,0.00,100.00,1.00,false,0.00,USD,-8.14,4884762.00,0.89,276650650391.00,USD,307.20,0.85,13.60,0.00,Electronic technology,america,Electronic Technology,Buy,Buy,-8.14,4.06,-30.35,17.14,115.10,130.44,62.51,363.48,363.48,363.48,5.79,8.00,Sell,Sell,Sell,Sell,Sell,Sell,38.24,-63.38,-53.20,-90.75,31.30,34.25,0.00,282.50,-0.19,1.20,35264.00,-0.10,4884762.00,35.57,259.99,-0.01,511313.00,71.27,307.20,24.60,61.44,33.39,182.21,283.65,77.11,273540650391.00,55.60,304.27,238.28,277.22,330.09,322.24,242.10,187.91
[object Object],KLAC,KLA Corporation,NASDAQ,210.52,stock,common,100.00,1.00,false,0.00,USD,-3.75,11304901.00,1.12,274997075117.00,USD,59.51,3.54,28.55,0.38,Electronic technology,america,Electronic Technology,Buy,Buy,-3.75,0.99,-13.05,13.62,41.84,67.12,133.44,557.53,2666.72,181970.41,4.53,7.10,Sell,Sell,Sell,Sell,Sell,Sell,44.13,-21.00,-19.85,-77.15,20.97,17.90,0.00,215.02,-1.70,0.42,60609.00,-1.93,11304901.00,28.85,211.37,0.40,3356069.00,125.70,59.51,2.17,22.01,47.20,63.01,69.12,55.94,276184497117.00,21.10,50.51,47.13,217.83,238.05,220.78,191.85,160.50
[object Object],GEV,GE Vernova Inc.,NYSE,1014.75,stock,common,100.00,1.00,false,0.00,USD,-1.59,2489359.00,0.85,270262008064.00,USD,29.05,34.93,735.94,0.17,Producer manufacturing,america,Producer Manufacturing,Buy,Buy,-1.59,1.98,-3.00,-12.60,53.24,53.47,60.49,782.39,782.39,782.39,5.58,5.59,Sell,Sell,Sell,Sell,Neutral,Neutral,45.72,-76.82,3.75,-113.51,16.12,23.50,spinning_top_black,1018.00,-1.28,-0.34,7350.00,-0.81,2489359.00,-30.08,1012.96,-0.18,315356.00,81.73,29.05,0.04,6.74,22.60,19.38,22.03,20.88,261149008064.00,6.32,118.65,76.72,1044.69,1058.57,1033.09,992.75,828.03
[object Object],WFC,Wells Fargo & Company,NYSE,86.31,stock,common,100.00,1.00,false,0.00,USD,0.14,11871398.00,0.59,264124944228.00,USD,12.55,6.88,17.99,2.09,Finance,america,Finance,Buy,Buy,0.14,-1.63,2.52,7.74,-1.36,-7.49,2.95,94.09,78.92,8165.06,2.20,2.47,Buy,Buy,StrongBuy,Strong buy,Neutral,Neutral,53.58,-0.85,1.67,2.91,41.55,49.49,0.00,85.68,-0.59,0.00,16393.00,-0.28,11871398.00,5.80,86.69,0.44,2916428.00,1.81,12.55,0.70,3.05,1.59,0.00,0.00,0.00,698555944228.00,5.42,0.00,0.00,86.90,85.40,82.23,81.03,84.65
[object Object],PANW,"Palo Alto Networks, Inc.",NASDAQ,323.79,stock,common,100.00,1.00,false,0.00,USD,-0.57,5134255.00,0.84,263888856964.00,USD,266.34,1.22,-30.43,0.00,Technology services,america,Technology Services,Buy,Buy,-0.57,-6.69,11.80,86.09,76.88,75.20,62.71,388.16,1399.96,3422.65,4.48,5.64,Buy,Buy,Buy,Buy,Neutral,Neutral,50.40,-2.12,24.98,-71.86,24.67,37.00,0.00,329.31,1.13,0.82,8174.00,0.76,5134255.00,-13.53,324.55,0.23,666750.00,123.92,266.34,0.00,24.59,9.51,61.51,68.37,83.21,262842856964.00,24.78,335.22,146.15,342.54,321.04,297.04,234.01,211.60
[object Object],AZN,AstraZeneca PLC,LSE,12670.00,stock,common,1.00,2.00,false,0.00,GBX,-0.14,1835655.00,0.70,261614914500.56,USD,25.53,6.56,26.77,1.86,Health technology,uk,Health Technology,Buy,Buy,-0.14,0.44,-6.76,-11.46,-7.53,-7.67,17.64,49.25,177.73,321.77,5.38,3.47,Sell,Sell,StrongSell,Strong sell,Neutral,Neutral,40.25,-164.00,-961.56,-49.21,54.09,47.06,spinning_top_white,0.00,0.00,0.00,0.00,-0.30,1835655.00,-53.81,12670.00,0.00,598459.00,22.39,25.53,0.95,4.39,5.47,18.28,22.94,33.98,288162144045.16,4.83,20.82,14.72,12569.40,13378.20,13502.96,13924.54,13814.95
[object Object],MC,LVMH Moet Hennessy Louis Vuitton SE,EURONEXT,461.70,stock,common,100.00,5.00,false,0.00,EUR,1.80,602580.00,1.35,259229781093.12,USD,21.12,25.68,-12.96,2.82,Consumer non-durables,france,Consumer Non-Durables,Buy,Buy,1.80,-7.58,-4.74,-1.73,-22.09,-28.03,-4.46,-30.57,224.80,2590.26,2.49,2.46,Sell,Sell,StrongSell,Strong sell,Buy,Buy,38.99,-28.20,-19.49,-219.48,11.00,13.78,0.00,0.00,0.00,0.00,0.00,-0.39,602580.00,-29.81,461.70,0.00,283914.00,3.48,21.12,0.00,2.79,3.40,12.13,15.23,16.97,286817886213.12,3.02,13.81,10.05,482.31,490.85,485.48,479.47,538.62
[object Object],TXN,Texas Instruments Incorporated,NASDAQ,279.58,stock,common,100.00,1.00,false,0.00,USD,-1.90,8270018.00,1.08,254443742441.00,USD,42.53,6.57,20.16,2.01,Electronic technology,america,Electronic Technology,Buy,Buy,-1.90,-1.17,-7.77,-2.87,42.82,59.79,49.97,50.83,326.84,25676.65,3.53,4.29,Sell,Sell,Sell,Sell,Sell,Sell,42.00,-31.88,-11.58,-136.70,27.04,30.08,spinning_top_black,281.89,-1.09,-1.03,10942.00,-1.36,8270018.00,-29.57,279.25,-0.12,1979636.00,31.35,42.53,2.15,13.48,14.18,29.68,48.03,36.74,261494742441.00,13.44,35.31,27.21,291.47,299.56,300.91,262.93,224.05
[object Object],NESN,Nestle S.A.,SIX,80.67,stock,common,100.00,1.00,false,0.00,CHF,1.74,3990769.00,0.95,253981682048.95,USD,27.94,3.57,-27.91,3.84,Consumer non-durables,switzerland,Consumer Non-Durables,Buy,Buy,1.74,-5.36,0.21,0.84,10.60,3.13,7.33,-29.47,3.42,115.12,2.17,1.84,Sell,Sell,Sell,Sell,Buy,Buy,43.64,-2.49,1.37,-222.82,32.43,50.68,0.00,0.00,0.00,0.00,0.00,0.39,3990769.00,-65.86,80.67,0.00,2250066.00,11.95,27.94,0.00,2.31,7.10,12.68,16.58,33.84,323731322048.95,2.96,18.71,14.88,83.81,82.71,81.06,79.81,78.99
[object Object],SHELL,Shell Plc,EURONEXT,38.77,stock,common,1000.00,5.00,false,0.00,EUR,-1.07,3145534.00,0.75,243856774482.29,USD,14.15,3.17,35.27,3.34,Energy minerals,netherlands,Energy Minerals,Buy,Buy,-1.07,4.00,11.18,1.11,25.16,23.23,25.40,145.55,50.14,680.18,1.76,1.68,Buy,Buy,StrongBuy,Strong buy,Sell,Sell,68.71,3.05,2.65,107.97,92.04,92.46,doji,0.00,0.00,0.00,0.00,-1.03,3145534.00,-33.18,38.77,0.00,787609.00,19.21,14.15,0.34,0.96,1.45,6.96,14.21,11.03,296709295622.92,1.13,9.45,5.51,37.83,35.71,36.30,37.32,34.69
[object Object],LIN,Linde plc,NASDAQ,512.28,stock,common,100.00,1.00,false,0.00,USD,1.18,1327345.00,0.71,236980494543.00,USD,34.00,15.07,9.34,1.21,Process industries,america,Process Industries,Buy,Buy,1.18,-1.90,-0.48,1.00,15.58,20.17,9.78,71.03,335.72,5754.63,1.52,2.19,Neutral,Neutral,Sell,Sell,Neutral,Neutral,46.75,-17.51,-10.21,-85.49,14.68,10.23,0.00,505.38,-0.19,-0.18,991.00,-0.17,1327345.00,-26.60,512.60,0.06,322051.00,8.88,34.00,3.60,6.81,6.14,22.91,46.88,60.34,260864494543.00,7.53,27.72,19.74,513.91,520.14,515.13,505.76,473.04
[object Object],SIE,Siemens AG,XETR,272.25,stock,common,100.00,5.00,false,0.00,EUR,1.51,700997.00,0.82,236073751608.47,USD,27.81,11.31,-20.66,1.97,Producer manufacturing,germany,Producer Manufacturing,Buy,Buy,1.51,3.34,-0.20,12.85,5.75,13.94,18.37,104.15,185.26,1763.07,1.96,2.32,Buy,Buy,StrongBuy,Strong buy,Neutral,Neutral,51.71,-0.60,-2.72,-21.69,45.27,39.70,0.00,267.35,-0.32,0.02,90.00,-0.39,700997.00,-26.39,271.40,-0.31,336525.00,14.60,27.81,0.00,2.64,3.22,18.68,23.66,24.69,295279199368.47,3.21,27.08,19.79,269.77,272.54,270.72,252.49,247.51
[object Object],C,Citigroup Inc.,NYSE,132.19,stock,common,100.00,1.00,false,0.00,USD,0.24,10821976.00,0.74,226693622739.00,USD,14.27,9.26,36.97,1.82,Finance,america,Finance,Buy,Buy,0.24,2.12,-8.83,3.05,14.98,12.78,37.28,98.90,198.33,673.21,2.05,2.66,Sell,Sell,Sell,Sell,Sell,Sell,43.63,-8.60,-6.93,-73.34,28.51,27.34,doji,132.64,0.58,0.47,948.00,0.27,10821976.00,0.91,132.03,-0.12,1517783.00,28.95,14.27,0.39,2.46,1.15,0.00,0.00,0.00,1037868622739.00,5.90,0.00,0.00,132.78,138.76,134.29,126.78,117.91
[object Object],OR,L'Oreal S.A.,EURONEXT,374.70,stock,common,100.00,5.00,false,0.00,EUR,1.59,272601.00,1.05,226348150817.77,USD,32.74,13.44,-4.27,1.92,Consumer non-durables,france,Consumer Non-Durables,Buy,Buy,1.59,-2.03,-2.28,0.58,-4.40,2.39,-1.06,-1.39,116.97,11029.75,2.09,1.95,Sell,Sell,Sell,Sell,Neutral,Neutral,45.22,-6.30,-6.22,-187.48,25.65,27.71,0.00,0.00,0.00,0.00,0.00,-0.42,272601.00,-25.65,374.70,0.00,140098.00,4.91,32.74,0.00,4.48,5.72,23.17,28.01,20.33,228738846913.77,4.42,21.85,18.43,378.56,381.78,378.74,368.66,372.31
[object Object],AXP,American Express Company,NYSE,326.17,stock,common,100.00,1.00,false,0.00,USD,-4.30,6365056.00,2.26,222554416274.00,USD,19.79,16.48,15.72,1.05,Finance,america,Finance,Buy,Buy,-4.30,-8.53,-3.17,3.05,-10.08,-11.73,5.80,88.27,408.05,9565.93,2.10,2.40,StrongSell,Strong sell,StrongSell,Strong sell,Sell,Sell,37.20,-24.41,3.10,-226.48,31.22,44.39,0.00,323.91,-4.97,0.70,170008.00,-4.32,6365056.00,47.66,326.00,-0.05,564113.00,13.14,19.79,1.32,2.75,6.42,11.90,14.58,4.90,236360416274.00,2.81,10.44,9.64,350.33,344.05,331.15,321.16,339.14
[object Object],ANET,Arista Networks Inc,NYSE,173.99,stock,common,100.00,1.00,false,0.00,USD,-1.48,4721549.00,0.71,219088673680.00,USD,59.58,2.92,23.55,0.00,Electronic technology,america,Electronic Technology,StrongBuy,Strong buy,-1.48,6.67,7.19,-0.31,25.74,29.79,52.62,630.55,3850.95,4938.62,3.48,6.05,Buy,Buy,StrongBuy,Strong buy,Sell,Sell,52.85,-12.97,6.12,21.64,55.37,53.55,doji,175.00,-0.91,-0.73,2969.00,-1.48,4721549.00,8.82,173.00,-0.57,908465.00,51.24,59.58,2.57,23.17,16.24,40.86,41.99,17.94,206735473680.00,21.29,49.75,48.79,174.22,170.27,163.86,154.70,145.41
[object Object],NOVO_B,Novo Nordisk A/S Class B,OMXCOP,320.60,stock,common,100.00,5.00,false,0.00,DKK,0.09,2992200.00,0.90,215733918542.23,USD,11.69,4.23,16.96,3.65,Health technology,denmark,Health Technology,Buy,Buy,0.09,-4.75,2.67,30.48,-20.84,-2.55,-27.63,12.41,71.17,36822.94,3.00,2.74,Neutral,Neutral,Buy,Buy,Neutral,Neutral,53.54,-1.65,11.94,-52.09,31.92,33.80,0.00,0.00,0.00,0.00,0.00,-0.92,2992200.00,-29.16,0.00,0.00,0.00,-20.54,11.69,0.69,4.35,7.02,14.60,35.98,65.95,234671879342.23,4.64,10.22,8.92,325.28,315.22,303.28,277.37,305.11
[object Object],SNDK,Sandisk Corporation,NASDAQ,1436.56,stock,common,100.00,1.00,false,0.00,USD,-10.79,14080967.00,1.00,212739845014.00,USD,49.94,28.77,0.00,0.00,Electronic technology,america,Electronic Technology,Buy,Buy,-10.79,5.23,-27.72,50.49,185.35,487.91,3234.63,3997.43,3997.43,3997.43,8.12,10.44,Sell,Sell,Sell,Sell,Sell,Sell,42.14,-479.36,-283.92,-87.11,33.64,32.71,0.00,1551.00,-3.68,-2.14,259507.00,-3.67,14080967.00,10.38,1433.01,-0.25,1137767.00,3172.89,49.94,0.00,19.18,15.43,48.62,50.57,60.39,209211845014.00,15.87,38.16,37.16,1543.92,1836.20,1730.59,1301.55,816.83
[object Object],TMO,Thermo Fisher Scientific Inc.,NYSE,568.26,stock,common,100.00,1.00,false,0.00,USD,-0.71,2939458.00,1.26,211177614467.00,USD,30.57,18.59,7.60,0.32,Health technology,america,Health Technology,Buy,Buy,-0.71,5.41,18.85,21.13,-10.89,-1.94,21.77,7.47,261.95,45064.23,3.39,2.90,Buy,Buy,StrongBuy,Strong buy,Sell,Sell,70.82,41.21,35.75,198.98,75.46,68.36,0.00,573.00,0.12,-0.09,2642.00,-0.41,2939458.00,-49.37,567.20,-0.19,379571.00,26.35,30.57,4.05,4.58,0.00,23.39,28.81,51.88,249783614467.00,5.39,28.50,21.34,539.03,509.76,491.99,490.19,529.70
[object Object],AMGN,Amgen Inc.,NASDAQ,376.04,stock,common,100.00,1.00,false,0.00,USD,1.22,2493927.00,1.14,202951895676.00,USD,26.15,14.38,31.26,2.61,Health technology,america,Health Technology,Buy,Buy,1.22,0.55,8.06,8.68,8.63,14.38,21.61,51.80,126.94,109294.41,2.17,2.43,StrongBuy,Strong buy,StrongBuy,Strong buy,Buy,Buy,64.13,12.65,10.49,180.36,69.11,57.63,rising_window_bullish,371.53,0.01,0.24,1797.00,0.33,2493927.00,-14.94,376.34,0.08,635022.00,24.73,26.15,0.83,5.42,22.08,19.02,23.80,16.99,248236895676.00,6.65,20.96,14.83,365.59,359.49,350.23,350.33,341.52
[object Object],IBM,International Business Machines Corporation,NYSE,214.19,stock,common,100.00,1.00,false,0.00,USD,3.65,10578629.00,0.55,201795769311.00,USD,19.01,11.27,82.73,3.14,Technology services,america,Technology Services,Buy,Buy,3.65,-0.66,-18.20,-7.65,-27.16,-28.02,-18.01,58.60,38.42,1362.06,3.75,4.58,Sell,Sell,StrongSell,Strong sell,Neutral,Neutral,34.92,-73.37,-50.47,-74.21,7.06,5.51,0.00,209.50,1.38,0.57,63122.00,1.27,10578629.00,-30.89,213.00,-0.56,1102376.00,-24.77,19.01,0.22,2.85,5.86,13.71,14.81,24.97,258979769311.00,3.75,17.92,13.18,220.03,257.80,260.07,250.82,272.05
[object Object],SAN,"Banco Santander, S.A.",BME,11.98,stock,common,1000.00,2.00,false,0.00,EUR,3.17,18896635.00,0.83,199973945189.14,USD,11.01,1.24,29.39,1.62,Finance,spain,Finance,Buy,Buy,3.17,1.70,0.12,17.52,13.08,19.20,60.37,287.45,236.42,615.85,3.08,2.14,Buy,Buy,StrongBuy,Strong buy,Neutral,Neutral,53.72,-0.16,0.06,-70.31,29.36,27.16,marubozu_white_bullish,0.00,0.00,0.00,0.00,0.10,18896635.00,-34.08,0.00,0.00,0.00,60.72,11.01,0.36,2.63,1.61,0.00,0.00,0.00,563302283387.50,3.99,0.00,0.00,11.90,11.97,11.42,10.74,10.25
[object Object],RMS,Hermes International SCA,EURONEXT,1643.00,stock,common,10.00,5.00,false,0.00,EUR,1.26,50640.00,0.70,195580120015.62,USD,38.15,50.59,-1.82,1.10,Consumer non-durables,france,Consumer Non-Durables,Buy,Buy,1.26,-2.90,2.02,-0.48,-22.13,-22.32,-30.94,29.52,344.84,20540.91,2.01,2.44,Sell,Sell,StrongSell,Strong sell,Neutral,Neutral,48.71,1.50,2.34,-11.24,58.16,68.08,0.00,0.00,0.00,0.00,0.00,-0.12,50640.00,-37.03,1643.00,0.00,26384.00,-28.98,38.15,0.00,10.65,9.14,31.68,39.09,14.10,184333064295.62,9.81,23.49,20.98,1667.40,1654.68,1641.20,1676.10,1897.03
[object Object],VZ,Verizon Communications Inc.,NYSE,46.38,stock,common,100.00,1.00,false,0.00,USD,5.84,40755219.00,1.68,193662434685.00,USD,12.08,3.84,-10.79,5.96,Communications,america,Communications,Buy,Buy,5.84,3.90,-0.17,-1.44,17.58,13.76,8.11,-17.00,-17.33,473.58,2.74,3.14,Buy,Buy,StrongBuy,Strong buy,Neutral,Neutral,62.49,4.26,-0.38,154.73,81.81,75.47,0.00,44.12,0.68,0.21,1951875.00,0.58,40755219.00,45.48,46.20,-0.38,5485119.00,5.70,12.08,0.00,1.32,1.85,4.99,8.98,110.42,381644434685.00,2.75,12.24,7.60,43.72,44.34,45.46,47.04,44.46
[object Object],TMUS,"T-Mobile US, Inc.",NASDAQ,180.09,stock,common,100.00,1.00,false,0.00,USD,5.67,5629175.00,1.28,193177430073.00,USD,18.85,9.56,-9.89,2.19,Communications,america,Communications,StrongBuy,Strong buy,5.67,-8.63,-2.37,-7.13,-2.38,-10.96,-26.19,25.38,295.80,258.74,4.40,3.61,Sell,Sell,StrongSell,Strong sell,Neutral,Neutral,46.01,-7.52,2.87,-56.98,35.40,53.60,0.00,171.97,0.91,0.84,17678.00,1.02,5629175.00,-41.52,180.40,0.17,680848.00,-18.56,18.85,0.00,2.00,3.44,6.76,12.31,63.04,309524430073.00,3.36,15.86,9.12,187.63,183.50,184.79,193.72,200.30
[object Object],ITX,"Industria de Diseno Textil, S.A.",BME,54.46,stock,common,100.00,2.00,false,0.00,EUR,1.11,982435.00,0.72,192819497323.90,USD,26.98,2.37,7.00,2.55,Retail trade,spain,Retail Trade,Buy,Buy,1.11,1.19,-0.58,3.22,-1.77,-3.61,25.48,90.42,75.68,1370.30,1.94,2.15,Buy,Buy,Buy,Buy,Neutral,Neutral,49.09,-0.50,-1.31,-50.94,30.78,27.09,0.00,0.00,0.00,0.00,0.00,-0.48,982435.00,-42.26,0.00,0.00,0.00,27.74,26.98,3.81,4.16,8.94,0.00,0.00,0.00,187409261963.90,3.96,19.50,13.86,54.11,55.27,54.35,52.96,52.97
[object Object],TTE,TotalEnergies SE,EURONEXT,75.90,stock,common,100.00,1.00,false,0.00,EUR,-0.37,3383133.00,0.92,192728888382.27,USD,10.93,7.93,34.63,4.48,Energy minerals,france,Energy Minerals,Buy,Buy,-0.37,9.37,7.05,-1.70,32.62,36.39,43.32,111.63,75.63,3010.66,2.05,1.76,Buy,Buy,StrongBuy,Strong buy,Neutral,Neutral,66.41,7.52,2.78,178.80,93.47,94.25,0.00,0.00,0.00,0.00,0.00,0.39,3383133.00,-34.66,75.90,0.00,1077370.00,32.69,10.93,0.32,1.02,1.50,5.99,12.03,6.17,226096519065.60,1.18,8.26,5.59,72.27,70.32,73.21,74.62,66.05
[object Object],STX,Seagate Technology Holdings PLC,NASDAQ,851.69,stock,common,100.00,1.00,false,0.00,USD,-6.75,5226098.00,1.03,190973587889.00,USD,80.84,10.54,52.23,0.35,Electronic technology,america,Electronic Technology,Buy,Buy,-6.75,18.14,-17.13,43.70,147.25,202.05,459.48,893.46,2593.52,7306.00,6.10,8.39,Sell,Sell,Sell,Sell,Neutral,Neutral,47.77,-58.65,-38.55,-9.20,80.40,77.98,0.00,882.55,-3.37,-1.84,46397.00,-3.74,5226098.00,14.62,840.00,-1.37,212238.00,458.27,80.84,1.66,19.00,174.54,67.79,80.86,170.04,194004587889.00,17.62,59.80,55.26,846.79,917.66,887.47,700.37,503.66
[object Object],MCD,McDonald's Corporation,NYSE,264.76,stock,common,100.00,1.00,false,0.00,USD,0.75,3703505.00,0.87,188113538267.00,USD,21.83,12.13,7.01,2.78,Consumer services,america,Consumer Services,Buy,Buy,0.75,-3.72,-2.72,-12.42,-13.51,-13.28,-10.83,9.40,106.92,151276.31,1.35,2.21,Sell,Sell,StrongSell,Strong sell,Buy,Buy,41.31,-9.84,-9.82,-94.72,9.46,7.41,0.00,263.10,0.11,0.15,8951.00,0.38,3703505.00,-27.46,264.78,0.01,634664.00,-10.27,21.83,3.09,6.83,0.00,17.93,26.84,161.46,241824538267.00,8.81,19.17,16.27,267.04,273.50,275.61,290.93,301.14
[object Object],APH,Amphenol Corporation Class A,NYSE,152.67,stock,common,100.00,1.00,false,0.00,USD,-3.02,5606016.00,0.94,187819898415.00,USD,43.87,3.48,68.64,0.60,Electronic technology,america,Electronic Technology,Buy,Buy,-3.02,1.94,-2.97,0.87,0.94,11.34,48.53,331.09,934.00,105530.95,3.43,3.99,Sell,Sell,Sell,Sell,Sell,Sell,45.52,-6.39,-3.06,-75.52,42.18,39.78,0.00,157.60,0.11,0.37,200.00,-0.72,5606016.00,-11.27,152.60,-0.05,870820.00,48.81,43.87,0.66,7.84,13.43,34.35,42.51,42.96,202100398415.00,7.80,28.94,24.78,155.17,160.04,151.04,143.71,141.42
[object Object],NEE,"NextEra Energy, Inc.",NYSE,89.78,stock,common,100.00,1.00,false,0.00,USD,-0.01,11653057.00,1.28,187245656438.00,USD,20.14,4.46,55.30,2.65,Utilities,america,Utilities,Buy,Buy,-0.01,-0.50,3.50,-7.67,5.31,11.60,23.10,16.92,177.74,3698.96,1.84,1.77,Buy,Buy,StrongBuy,Strong buy,Neutral,Neutral,57.72,1.82,1.51,123.60,72.76,60.64,0.00,90.66,0.97,0.76,53123.00,1.25,11653057.00,17.91,89.64,-0.16,1541970.00,18.41,20.14,0.36,6.69,3.28,13.62,61.66,58.33,305253656438.00,10.87,40.62,20.68,89.01,87.72,87.80,90.37,87.58
[object Object],CRWD,"CrowdStrike Holdings, Inc. Class A",NASDAQ,183.28,stock,common,100.00,1.00,false,0.00,USD,-0.08,5779248.00,0.64,186626559109.00,USD,0.00,-0.05,73.04,0.00,Technology services,america,Technology Services,Buy,Buy,-0.08,-8.54,7.73,63.67,61.24,54.67,58.01,174.00,1054.52,1054.52,4.42,5.66,Neutral,Neutral,Neutral,Neutral,Neutral,Neutral,47.20,-3.90,8.18,-92.85,11.07,20.45,0.00,185.02,0.87,0.13,21946.00,0.86,5779248.00,-12.33,183.19,-0.05,1147330.00,74.31,0.00,0.00,37.14,40.27,103.92,132.09,41.17,182897349109.00,35.90,0.00,934.44,195.70,185.74,177.91,143.00,131.20
[object Object],PEP,"PepsiCo, Inc.",NASDAQ,136.64,stock,common,100.00,1.00,false,0.00,USD,1.25,7968317.00,1.00,186498770925.00,USD,17.92,7.62,39.01,4.21,Consumer non-durables,america,Consumer Non-Durables,Neutral,Neutral,1.25,-3.02,-3.79,-12.37,-5.02,-4.59,-6.30,-12.85,25.08,18175.61,1.57,2.44,Sell,Sell,StrongSell,Strong sell,Neutral,Neutral,44.28,-0.74,-5.16,-62.18,12.75,10.30,0.00,135.59,0.47,0.10,22105.00,0.43,7968317.00,2.74,136.60,-0.03,1381812.00,-4.57,17.92,0.45,1.91,8.45,13.90,20.15,17.46,229168770925.00,2.36,15.21,11.80,136.36,139.97,142.32,149.16,149.84
[object Object],SAP,SAP SE,XETR,140.20,stock,common,100.00,2.00,false,0.00,EUR,9.26,4092695.00,1.60,186209201489.42,USD,20.56,7.79,22.75,1.78,Technology services,germany,Technology Services,Buy,Buy,9.26,-0.28,4.77,-5.36,-27.84,-32.56,-43.34,19.73,82.55,8209.32,4.15,3.46,Buy,Buy,Buy,Buy,Buy,Buy,51.99,2.62,-3.66,-5.20,28.37,26.27,0.00,133.12,3.74,2.76,4188.00,2.00,4092695.00,22.59,140.28,0.06,1050318.00,-44.82,20.56,0.83,3.89,3.62,17.35,18.83,15.45,186132984969.42,4.27,27.43,22.62,136.52,137.35,143.99,147.81,175.67
[object Object],AIR,Airbus SE,EURONEXT,206.05,stock,common,100.00,5.00,false,0.00,EUR,0.76,920671.00,0.93,184521744946.74,USD,32.48,7.33,13.19,1.55,Electronic technology,france,Electronic Technology,Buy,Buy,0.76,6.65,6.87,24.79,0.34,4.53,10.48,85.03,298.16,286.95,2.45,2.25,StrongBuy,Strong buy,StrongBuy,Strong buy,Buy,Buy,62.96,8.79,6.93,83.22,76.72,56.75,0.00,0.00,0.00,0.00,0.00,-0.32,920671.00,-23.50,206.05,0.00,534777.00,3.79,32.48,2.44,2.22,6.22,25.88,70.74,10.93,184279444666.74,2.20,32.66,19.75,198.18,196.10,187.24,179.14,189.94
[object Object],ALV,Allianz SE,XETR,427.10,stock,common,10.00,1.00,false,0.00,EUR,0.64,386863.00,0.84,183989222732.20,USD,15.43,32.50,0.00,4.00,Finance,germany,Finance,Buy,Buy,0.64,1.88,6.27,10.42,15.56,9.48,22.52,104.21,237.50,265.84,1.20,1.17,StrongBuy,Strong buy,StrongBuy,Strong buy,Neutral,Neutral,70.10,5.50,14.70,117.08,73.85,75.44,0.00,422.80,-0.38,-0.31,99.00,0.47,386863.00,-32.36,426.20,-0.21,126414.00,20.54,15.43,0.00,1.15,2.80,4.90,5.16,0.00,220703971732.20,1.34,0.00,0.00,422.41,414.36,401.02,385.63,378.42
[object Object],UNP,Union Pacific Corporation,NYSE,307.32,stock,common,100.00,1.00,false,0.00,USD,0.98,3662089.00,1.08,182571287161.00,USD,24.89,12.35,7.26,1.80,Transportation,america,Transportation,Buy,Buy,0.98,2.40,17.78,12.62,32.51,32.84,35.98,39.74,231.49,31694.74,2.45,2.03,StrongBuy,Strong buy,StrongBuy,Strong buy,Buy,Buy,72.83,20.36,21.89,143.64,66.94,66.91,0.00,303.01,-0.43,0.94,714.00,0.05,3662089.00,-50.83,307.32,0.00,454068.00,33.34,24.89,3.39,7.11,8.83,17.79,28.07,86.27,211624287161.00,8.33,20.89,16.68,296.05,279.64,275.02,263.77,249.10
[object Object],ADI,"Analog Devices, Inc.",NASDAQ,371.86,stock,common,100.00,1.00,false,0.00,USD,-2.19,4080902.00,1.20,181128178121.00,USD,55.26,6.73,83.19,1.12,Electronic technology,america,Electronic Technology,Buy,Buy,-2.19,0.64,-8.68,-7.97,19.77,35.19,62.76,130.58,514.75,332586.20,2.91,3.44,Sell,Sell,StrongSell,Strong sell,Sell,Sell,41.46,-23.79,-20.03,-131.16,37.91,42.48,spinning_top_black,375.99,-1.11,-0.58,2010.00,-1.46,4080902.00,4.53,373.00,0.31,1171701.00,52.34,55.26,0.68,14.64,5.37,35.72,39.95,53.03,186373719121.00,14.63,44.37,30.24,381.97,397.02,403.28,377.17,327.96
[object Object],ABT,Abbott Laboratories,NYSE,103.06,stock,common,100.00,1.00,false,0.00,USD,2.29,10367079.00,0.71,179511179417.00,USD,33.31,3.09,-61.31,2.37,Health technology,america,Health Technology,Buy,Buy,2.29,2.04,13.02,11.84,-4.81,-17.35,-17.74,-14.29,139.23,62493.76,2.12,2.82,Buy,Buy,StrongBuy,Strong buy,Buy,Buy,67.70,9.13,7.73,134.60,89.66,87.65,0.00,100.50,-0.25,0.26,1525.00,0.74,10367079.00,4.09,103.13,0.07,1700162.00,-18.50,33.31,0.00,3.77,0.00,0.00,0.00,0.00,179511179417.00,3.85,17.75,0.00,97.56,93.73,91.28,95.63,109.02
[object Object],WDC,Western Digital Corporation,NASDAQ,519.80,stock,common,100.00,1.00,false,0.00,USD,-6.90,4775074.00,0.69,179165766398.00,USD,31.03,16.75,218.51,0.10,Electronic technology,america,Electronic Technology,Buy,Buy,-6.90,15.22,-21.06,26.75,115.91,193.34,651.16,979.58,1212.80,9905.94,6.24,8.39,Sell,Sell,Sell,Sell,Sell,Sell,45.64,-62.79,-49.34,-53.62,65.82,62.63,0.00,538.43,-3.56,-2.00,67569.00,-3.55,4775074.00,-16.07,513.00,-1.31,539896.00,593.35,31.03,0.15,18.35,18.53,61.22,69.25,62.14,177652766398.00,15.08,48.39,44.03,524.73,589.67,558.86,451.76,322.31
[object Object],WELL,Welltower Inc.,NYSE,252.07,stock,common,100.00,1.00,false,0.00,USD,2.03,3312374.00,1.28,177939855215.00,USD,0.00,-0.60,-164.84,1.17,Finance,america,Finance,Buy,Buy,2.03,3.28,15.18,21.11,38.52,35.81,56.07,188.87,219.48,3681.03,2.01,2.21,StrongBuy,Strong buy,StrongBuy,Strong buy,Buy,Buy,74.12,20.48,20.09,154.69,89.90,90.26,0.00,247.05,0.00,0.00,9560.00,0.58,3312374.00,16.98,252.07,0.00,560806.00,65.09,0.00,0.00,15.26,4.06,56.06,83.76,37.99,194240998215.00,16.52,315.47,68.46,242.39,229.29,221.56,214.32,202.35
[object Object],SCHW,Charles Schwab Corp,NYSE,101.97,stock,common,100.00,1.00,false,0.00,USD,0.35,5175664.00,0.56,177339648859.00,USD,18.55,5.50,48.01,1.16,Finance,america,Finance,Buy,Buy,0.35,-0.34,9.87,14.68,-1.64,2.21,7.11,50.09,261.85,28056.76,2.68,2.61,Buy,Buy,StrongBuy,Strong buy,Neutral,Neutral,61.68,-1.15,5.43,38.84,55.49,61.39,0.00,101.68,0.07,0.08,985.00,0.00,5175664.00,-37.33,101.80,-0.17,917817.00,1.47,18.55,0.38,5.96,0.00,0.00,0.00,2.41,140839648859.00,4.75,9.47,8.68,101.75,96.99,93.79,93.49,95.27
[object Object],QCOM,QUALCOMM Incorporated,NASDAQ,166.97,stock,common,100.00,1.00,false,0.00,USD,-2.42,9997963.00,0.86,175986381287.00,USD,18.16,9.19,-6.38,2.15,Electronic technology,america,Electronic Technology,Neutral,Neutral,-2.42,0.20,-17.57,14.67,6.32,-3.93,5.45,15.99,173.90,31835.32,3.63,5.26,StrongSell,Strong sell,StrongSell,Strong sell,Sell,Sell,36.87,-22.19,-21.72,-122.17,20.64,24.99,0.00,169.69,-0.83,-0.44,18168.00,-0.83,9997963.00,-7.66,166.88,-0.05,2385706.00,6.52,18.16,0.00,4.12,6.48,12.53,14.32,18.27,181457381287.00,4.08,15.89,13.96,174.00,190.48,203.03,174.01,169.14
[object Object],ABBN,ABB Ltd.,SIX,80.00,stock,common,100.00,2.00,false,0.00,CHF,0.18,2295357.00,0.81,175977360703.58,USD,36.49,2.71,11.26,1.18,Producer manufacturing,switzerland,Producer Manufacturing,Neutral,Neutral,0.18,3.36,-7.19,3.76,34.91,34.23,49.37,137.04,293.89,208.37,1.89,2.63,Sell,Sell,Sell,Sell,Neutral,Neutral,42.56,-3.58,-3.51,-87.88,36.15,35.76,spinning_top_black,0.00,0.00,0.00,0.00,0.40,2295357.00,3.39,80.00,0.00,1022752.00,47.79,36.49,3.23,5.04,11.32,30.59,36.77,30.78,179562390791.18,5.03,28.67,25.24,81.07,84.06,83.52,77.48,69.18
[object Object],SU,Schneider Electric SE,EURONEXT,268.05,stock,common,100.00,5.00,false,0.00,EUR,1.00,508410.00,0.68,172192949415.39,USD,36.73,8.57,-2.73,1.57,Producer manufacturing,france,Producer Manufacturing,StrongBuy,Strong buy,1.00,3.67,-4.30,-1.42,17.18,14.50,11.64,94.10,378.75,1168.84,2.04,2.46,Neutral,Neutral,Neutral,Neutral,Neutral,Neutral,47.19,-1.60,-6.77,-51.98,47.51,44.67,0.00,0.00,0.00,0.00,0.00,0.02,508410.00,-35.84,268.05,0.00,260862.00,10.96,36.73,0.00,3.80,6.23,25.11,30.44,33.23,189164207055.39,4.01,22.97,18.59,267.46,274.63,272.59,265.25,253.76
[object Object],BLK,"BlackRock, Inc.",NYSE,1055.67,stock,common,100.00,1.00,false,0.00,USD,1.78,506285.00,0.57,171654397081.00,USD,25.90,40.76,-1.47,2.07,Finance,america,Finance,StrongBuy,Strong buy,1.78,-1.18,4.18,0.17,-6.90,-1.47,-5.49,21.66,190.82,7440.50,2.39,2.59,Buy,Buy,StrongBuy,Strong buy,Buy,Buy,54.75,19.56,25.52,46.80,47.11,48.84,0.00,0.00,0.00,0.00,0.00,0.19,506285.00,-20.12,1054.94,-0.07,67825.00,-3.23,25.90,0.00,6.18,0.00,0.00,0.00,0.00,171654397081.00,6.22,16.41,0.00,1055.15,1024.78,1032.83,1020.72,1056.10
[object Object],TJX,TJX Companies Inc,NYSE,154.22,stock,common,100.00,1.00,false,0.00,USD,0.48,4249481.00,0.88,170367524369.00,USD,29.96,5.15,21.38,1.14,Retail trade,america,Retail Trade,Buy,Buy,0.48,-0.50,-6.38,-2.20,0.76,0.63,22.33,126.96,285.31,87029.45,1.92,2.45,Neutral,Neutral,Sell,Sell,Neutral,Neutral,47.84,2.88,-3.32,41.05,61.77,66.14,engulfing_bullish,0.00,0.00,0.00,0.00,-0.40,4249481.00,27.24,154.22,0.00,1242300.00,25.19,29.96,1.39,2.79,16.38,22.73,31.54,30.95,178967524369.00,2.91,24.02,20.48,153.49,156.88,156.51,157.09,153.99
[object Object],MRVL,"Marvell Technology, Inc.",NASDAQ,194.23,stock,common,100.00,1.00,false,0.00,USD,-7.21,19836961.00,0.85,170100107715.00,USD,66.37,2.93,0.00,0.12,Electronic technology,america,Electronic Technology,StrongBuy,Strong buy,-7.21,6.59,-31.11,14.34,139.14,123.92,163.67,231.28,1564.35,1535.62,5.72,7.53,Sell,Sell,Sell,Sell,Sell,Sell,39.06,-41.58,-49.67,-88.28,31.39,29.62,0.00,203.08,-2.98,-0.81,206694.00,-3.06,19836961.00,21.26,192.52,-0.88,2676158.00,156.73,66.37,0.00,21.45,9.34,84.37,104.18,45.14,171778907715.00,19.71,120.11,63.35,204.06,249.47,239.15,180.61,132.80
[object Object],DE,Deere & Company,NYSE,628.16,stock,common,100.00,1.00,false,0.00,USD,2.97,960395.00,0.94,169563894411.00,USD,35.60,17.65,-14.63,1.03,Producer manufacturing,america,Producer Manufacturing,Buy,Buy,2.97,5.39,5.98,7.31,21.21,34.80,22.51,76.63,694.84,28278.33,2.70,3.11,StrongBuy,Strong buy,StrongBuy,Strong buy,Buy,Buy,62.61,41.30,4.31,79.69,64.20,43.86,0.00,612.40,0.39,0.39,98.00,0.36,960395.00,-43.35,628.50,0.05,166053.00,19.10,35.60,0.00,3.49,6.19,21.44,45.14,18.22,224444894411.00,4.74,23.16,18.71,597.41,600.64,584.31,583.55,543.82
[object Object],T,AT&T Inc,NYSE,24.13,stock,common,100.00,1.00,false,0.00,USD,5.10,80670869.00,0.87,165348062208.00,USD,7.98,3.02,72.38,4.60,Communications,america,Communications,Buy,Buy,5.10,7.82,5.65,-8.68,2.68,-2.66,-13.11,13.85,-25.53,522.54,3.61,3.36,Buy,Buy,StrongBuy,Strong buy,Buy,Buy,68.39,3.00,0.61,191.54,87.83,82.98,marubozu_white_bullish,23.11,0.65,0.00,232422.00,0.17,80670869.00,-22.10,24.05,-0.33,6761868.00,-21.82,7.98,0.10,1.25,1.50,4.20,9.49,9.08,327770062208.00,2.58,12.13,6.92,22.24,22.03,22.91,25.01,25.25
[object Object],BA,Boeing Company,NYSE,209.52,stock,common,100.00,1.00,false,0.00,USD,0.14,3742692.00,0.73,165165102758.00,USD,107.72,1.95,0.00,0.00,Electronic technology,america,Electronic Technology,Buy,Buy,0.14,-0.94,-3.97,-10.84,-17.10,-3.96,-10.43,-4.76,57.32,7204.46,2.96,2.73,Sell,Sell,StrongSell,Strong sell,Neutral,Neutral,41.27,-12.76,-9.87,-94.51,15.58,11.00,0.00,210.00,0.37,0.03,3884.00,0.41,3742692.00,-22.89,209.59,0.03,458579.00,-2.43,107.72,0.00,1.79,27.60,65.99,0.00,7.90,191475102758.00,2.08,0.00,0.00,212.08,219.07,219.74,218.66,218.40
[object Object],DIS,Walt Disney Company,NYSE,94.85,stock,common,100.00,1.00,false,0.00,USD,2.18,12153054.00,1.24,164708099139.00,USD,15.18,6.25,27.65,1.58,Consumer services,america,Consumer Services,StrongBuy,Strong buy,2.18,-4.20,-8.00,-8.44,-15.83,-16.39,-22.79,-45.99,-3.12,33375.21,2.27,2.26,Sell,Sell,StrongSell,Strong sell,Neutral,Neutral,42.19,-0.77,-2.90,-131.83,19.41,21.31,0.00,93.31,0.51,0.38,32220.00,0.46,12153054.00,-10.39,94.90,0.05,1576642.00,-22.30,15.18,0.54,1.69,1.52,10.64,23.64,29.58,212988099139.00,2.19,15.20,10.94,96.25,98.27,99.81,100.40,105.03
[object Object],BX,Blackstone Inc.,NYSE,130.00,stock,common,100.00,1.00,false,0.00,USD,4.42,6222279.00,1.35,161695698107.00,USD,29.16,4.46,20.33,3.82,Finance,america,Finance,Buy,Buy,4.42,2.59,9.63,6.55,-15.84,-16.20,-27.40,17.12,373.24,262.05,3.56,3.20,Buy,Buy,StrongBuy,Strong buy,Buy,Buy,61.81,6.91,2.84,118.74,63.19,54.09,0.00,124.52,0.02,0.39,1746.00,0.56,6222279.00,-24.67,129.90,-0.08,1009783.00,-24.73,29.16,1.37,6.00,17.94,0.00,0.00,37.50,186368396107.00,11.23,21.76,21.58,125.46,122.28,120.24,118.69,132.73
[object Object],ABI,Anheuser-Busch InBev SA/NV,EURONEXT,71.64,stock,common,100.00,2.00,false,0.00,EUR,1.16,909343.00,0.77,161672318807.79,USD,23.76,3.54,13.86,1.12,Consumer non-durables,belgium,Consumer Non-Durables,StrongBuy,Strong buy,1.16,0.59,-1.86,16.11,21.38,31.98,19.68,24.05,-36.99,274.49,2.19,2.05,StrongBuy,Strong buy,StrongBuy,Strong buy,Buy,Buy,53.85,1.98,0.43,29.82,61.22,66.03,0.00,0.00,0.00,0.00,0.00,0.14,909343.00,-34.27,71.64,0.00,481063.00,21.79,23.76,1.70,2.71,1.88,11.27,14.94,14.14,230957466682.01,3.74,14.76,10.74,70.85,71.23,70.80,67.15,62.19
[object Object],GILD,"Gilead Sciences, Inc.",NASDAQ,129.31,stock,common,100.00,1.00,false,0.00,USD,-1.18,5529741.00,0.93,160547390939.00,USD,17.59,7.35,54.54,2.49,Health technology,america,Health Technology,Buy,Buy,-1.18,-6.03,2.99,-1.70,-1.49,5.57,13.85,87.57,49.37,23887.92,2.32,3.01,Sell,Sell,StrongSell,Strong sell,Neutral,Neutral,47.43,-0.52,2.40,-29.29,21.83,29.65,0.00,131.26,0.31,0.11,1692.00,0.05,5529741.00,-12.22,129.98,0.52,1390868.00,23.85,17.59,0.33,5.51,6.83,15.01,15.85,16.52,172820390939.00,5.80,14.36,11.70,131.77,129.10,129.65,133.97,131.41
[object Object],RR.,Rolls-Royce Holdings plc,LSE,1415.60,stock,common,10.00,2.00,false,0.00,GBX,4.16,28338357.00,1.93,157109074780.08,USD,20.51,0.93,131.92,0.67,Electronic technology,uk,Electronic Technology,StrongBuy,Strong buy,4.16,4.20,2.43,23.57,12.80,22.03,43.05,1390.11,455.19,2204.52,3.00,2.78,Buy,Buy,StrongBuy,Strong buy,Neutral,Neutral,54.55,-22.80,-15.13,-41.60,32.60,26.05,0.00,0.00,0.00,0.00,0.00,0.09,28338357.00,37.54,1415.60,0.00,5392563.00,34.23,20.51,0.15,5.41,43.85,27.26,31.76,18.32,154144046980.08,5.40,31.36,25.15,1385.02,1413.20,1347.27,1282.45,1230.96
[object Object],ETN,Eaton Corp. Plc,NYSE,404.07,stock,common,100.00,1.00,false,0.00,USD,-2.66,1564439.00,0.78,156900378911.00,USD,39.50,10.23,3.25,1.06,Producer manufacturing,america,Producer Manufacturing,Buy,Buy,-2.66,4.83,-0.23,-6.04,20.40,25.02,5.78,158.22,537.43,26200.51,3.39,3.77,Neutral,Neutral,Sell,Sell,Neutral,Neutral,49.11,-3.21,0.88,5.00,70.47,63.52,0.00,412.18,-0.71,-0.51,512.00,-1.28,1564439.00,-14.42,403.12,-0.24,248970.00,4.83,39.50,12.47,5.66,7.96,33.17,41.65,209.41,178026378911.00,6.24,31.70,26.72,405.80,407.48,403.82,394.08,373.89
[object Object],UBSG,UBS Group AG,SIX,42.31,stock,common,100.00,1.00,false,0.00,CHF,0.17,3525981.00,0.69,156808378089.79,USD,18.91,2.80,67.64,1.74,Finance,switzerland,Finance,Neutral,Neutral,0.17,-1.54,4.13,31.15,11.64,13.43,41.03,191.69,222.98,110.31,1.83,1.91,Buy,Buy,StrongBuy,Strong buy,Neutral,Neutral,56.60,0.25,1.45,29.39,44.94,49.45,0.00,0.00,0.00,0.00,0.00,-0.24,3525981.00,-29.85,42.31,0.00,1511365.00,40.49,18.91,0.28,3.13,1.77,0.00,0.00,0.00,318792371258.59,3.99,0.00,0.00,42.83,41.49,39.81,35.91,34.64
[object Object],IBE,Iberdrola SA,BME,21.21,stock,common,100.00,1.00,false,0.00,EUR,0.71,4605690.00,0.63,156745621080.83,USD,19.76,1.23,32.92,2.53,Utilities,spain,Utilities,Neutral,Neutral,0.71,0.81,0.28,6.32,15.02,15.46,38.81,104.14,243.76,540.96,1.68,1.64,Buy,Buy,StrongBuy,Strong buy,Neutral,Neutral,54.17,0.31,0.16,-20.00,55.10,50.55,0.00,0.00,0.00,0.00,0.00,0.24,4605690.00,-37.91,0.00,0.00,0.00,43.76,19.76,0.60,3.06,2.74,0.00,0.00,0.00,234100838640.83,4.53,20.43,12.53,21.19,21.18,20.60,20.15,19.25
[object Object],SAF,Safran SA,EURONEXT,329.80,stock,common,10.00,1.00,false,0.00,EUR,2.61,497864.00,0.89,156412569614.15,USD,19.20,20.17,0.00,1.02,Electronic technology,france,Electronic Technology,Buy,Buy,2.61,1.41,0.03,20.85,7.92,11.42,16.95,186.24,435.91,2950.88,2.47,2.43,Buy,Buy,Buy,Buy,Neutral,Neutral,51.10,-6.30,-5.62,-63.51,21.67,16.74,0.00,0.00,0.00,0.00,0.00,-0.31,497864.00,-45.59,329.80,0.00,314535.00,14.88,19.20,0.00,4.30,9.27,24.08,30.73,20.15,155397866094.15,4.24,31.93,23.53,327.34,334.40,318.05,305.58,306.82
[object Object],RIO,Rio Tinto plc,LSE,6869.00,stock,common,1.00,1.00,false,0.00,GBX,0.19,4056729.00,1.47,156253292933.65,USD,14.90,6.21,-16.70,4.38,Non-energy minerals,uk,Non-Energy Minerals,Neutral,Neutral,0.19,3.29,-6.03,-6.05,6.20,14.58,44.16,15.14,191.68,700.29,2.15,3.27,Sell,Sell,Sell,Sell,Neutral,Neutral,45.02,116.00,-336.16,-9.06,65.38,65.26,0.00,0.00,0.00,0.00,0.00,-1.56,4056729.00,150.26,6869.00,0.00,525400.00,50.66,14.90,0.00,2.57,2.41,8.79,31.32,16.02,174953570841.57,2.97,11.81,7.84,6805.10,7073.10,7359.06,7246.35,6623.19
[object Object],IBKR,"Interactive Brokers Group, Inc. Class A",NASDAQ,91.74,stock,common,100.00,1.00,false,0.00,USD,-0.02,3890457.00,0.97,155610499430.10,USD,36.57,2.51,31.57,0.36,Finance,america,Finance,Buy,Buy,-0.02,2.39,-2.09,19.41,19.29,40.25,44.59,504.85,951.76,1012.00,2.85,4.00,Neutral,Neutral,Sell,Sell,Buy,Buy,49.31,-2.35,0.24,-55.68,45.11,52.00,long_lower_shadow_bullish,91.54,-0.24,-0.25,9000.00,0.04,3890457.00,-11.52,90.81,-1.01,521798.00,41.37,36.57,1.16,3.64,0.00,0.00,0.00,0.36,103464499430.10,9.13,10.44,0.00,93.24,92.95,89.93,81.64,75.55
[object Object],SHOP,"Shopify, Inc. Class A",NASDAQ,113.75,stock,common,100.00,1.00,false,0.00,USD,1.56,7443977.00,1.02,147608222577.99,USD,111.55,1.02,-13.11,0.00,Commercial services,america,Commercial Services,Buy,Buy,1.56,-8.71,6.44,-8.63,-17.09,-29.87,-7.41,-31.03,3325.17,3962.50,4.63,4.85,Sell,Sell,StrongSell,Strong sell,Neutral,Neutral,43.53,-8.79,2.68,-141.34,13.11,28.15,0.00,112.65,0.58,1.79,17559.00,0.88,7443977.00,-29.47,113.64,-0.09,614792.00,-2.91,111.55,0.00,12.03,11.80,69.34,70.23,25.73,142025923661.40,11.56,67.81,66.86,121.43,117.01,113.48,117.26,134.01
[object Object],ENR,Siemens Energy AG,XETR,151.34,stock,common,100.00,2.00,false,0.00,EUR,0.58,1155743.00,0.55,146665454590.26,USD,59.56,2.94,1076.39,0.46,Producer manufacturing,germany,Producer Manufacturing,Buy,Buy,0.58,5.10,-7.44,-21.04,8.10,24.56,53.64,552.89,587.60,587.60,5.31,4.26,Sell,Sell,StrongSell,Strong sell,Neutral,Neutral,45.11,-0.78,-4.41,-58.27,33.21,37.01,0.00,150.26,-0.13,-0.07,320.00,0.23,1155743.00,-38.35,150.72,-0.41,477730.00,69.33,59.56,0.06,3.26,12.04,17.42,23.05,11.26,138022273710.26,2.98,41.87,27.13,151.83,158.19,160.30,161.68,143.89
[object Object],COP,ConocoPhillips,NYSE,120.26,stock,common,100.00,1.00,false,0.00,USD,0.05,4392515.00,0.74,146512032466.00,USD,20.45,5.88,-25.35,2.74,Energy minerals,america,Energy Minerals,Buy,Buy,0.05,3.97,11.86,-2.60,22.24,28.47,27.39,115.87,197.45,5594.33,1.88,2.15,Buy,Buy,StrongBuy,Strong buy,Sell,Sell,66.79,11.22,6.78,138.13,90.29,93.33,0.00,119.60,-0.50,0.58,16611.00,0.06,4392515.00,-37.68,120.31,0.04,565401.00,22.10,20.45,0.00,2.54,2.27,8.20,25.17,23.15,163476032466.00,2.83,15.43,7.30,115.62,110.86,114.04,118.49,107.09
[object Object],BBVA,"Banco Bilbao Vizcaya Argentaria, S.A.",BME,22.86,stock,common,100.00,1.00,false,0.00,EUR,2.56,5779703.00,0.79,144763872250.76,USD,12.11,2.18,4.95,2.59,Finance,spain,Finance,Buy,Buy,2.56,2.88,5.59,23.97,7.58,14.59,75.85,337.09,342.94,72.70,2.30,2.02,StrongBuy,Strong buy,StrongBuy,Strong buy,Buy,Buy,59.85,0.38,0.80,81.80,67.44,62.94,0.00,0.00,0.00,0.00,0.00,0.49,5779703.00,-24.76,0.00,0.00,0.00,65.34,12.11,2.38,2.36,2.26,0.00,0.00,0.00,261122609530.76,3.24,0.00,0.00,22.47,22.05,21.06,19.90,19.53
[object Object],DTE,Deutsche Telekom AG,XETR,26.39,stock,common,100.00,1.00,false,0.00,EUR,1.00,6595960.00,1.17,143574956129.67,USD,14.55,2.10,-26.06,3.79,Communications,germany,Communications,StrongBuy,Strong buy,1.00,-1.60,0.42,-4.04,-2.37,-5.58,-15.42,47.76,72.20,63.10,2.80,2.68,Sell,Sell,StrongSell,Strong sell,Neutral,Neutral,48.73,0.27,0.30,17.02,63.37,72.48,0.00,25.98,-0.57,-0.50,4510.00,-0.96,6595960.00,-27.99,26.45,0.23,2314579.00,-12.97,14.55,0.00,1.06,2.02,3.16,4.46,14.34,329308927569.67,2.39,10.86,5.62,26.72,26.20,27.17,28.66,28.65
[object Object],PLD,"Prologis, Inc.",NYSE,147.63,stock,common,100.00,1.00,false,0.00,USD,1.73,6395357.00,1.41,140548343053.00,USD,32.87,4.49,22.35,2.82,Finance,america,Finance,Buy,Buy,1.73,-1.61,1.69,3.73,16.31,15.57,34.47,15.84,180.24,528.21,2.66,2.46,StrongBuy,Strong buy,StrongBuy,Strong buy,Buy,Buy,56.43,6.76,3.13,78.00,51.44,58.43,0.00,144.37,-0.52,-0.43,6807.00,-0.01,6395357.00,-14.09,147.63,0.00,588382.00,40.52,32.87,1.45,15.13,0.00,0.00,0.00,80.12,179619178053.00,19.55,51.06,28.71,146.28,143.43,143.53,140.27,134.49
[object Object],PFE,Pfizer Inc.,NYSE,24.54,stock,common,100.00,1.00,false,0.00,USD,-1.88,28905660.00,0.76,139864357239.00,USD,18.81,1.30,-5.38,7.01,Health technology,america,Health Technology,Neutral,Neutral,-1.88,-3.39,-1.03,-8.06,-4.07,-1.76,-3.35,-41.04,-29.65,5613.17,1.45,1.98,Sell,Sell,StrongSell,Strong sell,Sell,Sell,46.51,0.37,-0.06,25.72,54.84,59.66,0.00,24.57,-1.76,-1.16,653938.00,-1.56,28905660.00,-6.38,24.55,0.04,4608334.00,2.62,18.81,0.00,2.26,1.55,11.73,14.83,10.76,191547357239.00,3.03,11.17,8.07,24.78,24.74,25.15,26.07,25.84
[object Object],CB,Chubb Limited,NYSE,359.75,stock,common,100.00,1.00,false,0.00,USD,1.84,2217915.00,0.94,139532673645.00,USD,12.73,28.26,24.67,1.09,Finance,america,Finance,Buy,Buy,1.84,3.20,7.71,8.75,19.76,15.88,33.24,115.68,180.11,3703.52,2.39,2.34,Buy,Buy,StrongBuy,Strong buy,Neutral,Neutral,60.01,11.92,10.24,102.99,57.72,53.94,rising_window_bullish,355.97,0.77,0.35,1645.00,0.67,2217915.00,-15.04,359.75,0.00,273659.00,24.34,12.73,0.51,2.22,0.00,0.00,0.00,0.00,145005673645.00,2.33,0.00,0.00,349.78,342.98,334.47,330.69,316.76
[object Object],CFR,Compagnie Financiere Richemont SA,SIX,193.05,stock,common,100.00,5.00,false,0.00,CHF,1.31,593388.00,0.64,138648303840.96,USD,35.12,6.88,24.56,1.55,Consumer durables,switzerland,Consumer Durables,Buy,Buy,1.31,-0.64,6.54,29.56,24.43,12.57,34.58,69.42,232.84,541.36,2.14,2.29,Buy,Buy,StrongBuy,Strong buy,Neutral,Neutral,58.99,10.85,9.66,43.66,74.33,83.09,0.00,0.00,0.00,0.00,0.00,-0.76,593388.00,-43.02,193.05,0.00,319845.00,36.95,35.12,1.41,5.40,5.10,25.28,31.81,7.14,134507442032.89,5.16,24.83,18.46,192.81,186.76,177.54,161.94,162.25
[object Object],UCG,UniCredit S.p.A.,MIL,80.43,stock,common,100.00,1.00,false,0.00,EUR,1.53,5273376.00,1.08,137968578382.45,USD,0.00,0.00,0.00,3.61,Finance,italy,Finance,Buy,Buy,1.53,-1.31,1.71,26.68,11.32,13.01,30.74,743.97,602.87,-38.95,2.61,2.15,Buy,Buy,Buy,Buy,Neutral,Neutral,51.59,-2.54,2.16,-50.56,41.50,58.26,0.00,0.00,0.00,0.00,0.00,0.61,5273376.00,-43.93,80.43,0.00,11750.00,34.37,0.00,0.00,0.00,0.00,0.00,0.00,0.00,270346435582.45,9.30,0.00,0.00,81.58,80.18,77.15,71.63,69.97
[object Object],BKNG,Booking Holdings Inc.,NASDAQ,177.46,stock,common,100.00,1.00,false,0.00,USD,2.68,5012342.00,0.96,137509929255.00,USD,23.33,7.61,18.31,0.91,Consumer services,america,Consumer Services,StrongBuy,Strong buy,2.68,-3.15,3.67,0.46,-12.45,-17.18,-22.79,101.30,233.46,812.86,2.61,3.34,Neutral,Neutral,Neutral,Neutral,Neutral,Neutral,51.01,-0.93,2.22,-46.05,31.89,38.37,0.00,174.60,1.02,0.00,2052.00,1.02,5012342.00,7.35,177.26,-0.11,991407.00,-24.14,23.33,1.24,4.96,0.00,15.08,15.60,8.71,140269929255.00,5.07,14.48,13.44,178.67,176.82,170.92,172.39,185.76
[object Object],CVS,CVS Health Corporation,NYSE,107.74,stock,common,100.00,1.00,false,0.00,USD,0.80,5370540.00,0.63,137468398768.00,USD,47.31,2.28,-45.60,2.47,Retail trade,america,Retail Trade,Buy,Buy,0.80,0.35,5.76,36.59,30.86,35.90,74.76,29.14,12.52,15982.47,2.04,2.39,Buy,Buy,StrongBuy,Strong buy,Sell,Sell,61.42,3.59,5.07,82.17,64.31,74.73,spinning_top_white,107.39,0.47,0.11,2690.00,0.71,5370540.00,-7.78,107.70,-0.04,1266936.00,74.95,47.31,0.00,0.34,1.77,13.34,18.64,11.66,204178398768.00,0.50,15.35,11.43,107.29,104.08,100.09,89.01,83.85
[object Object],DHR,Danaher Corporation,NYSE,191.50,stock,common,100.00,1.00,false,0.00,USD,-0.52,6849490.00,0.84,134621835083.00,USD,34.00,5.63,19.62,0.75,Health technology,america,Health Technology,StrongBuy,Strong buy,-0.52,-5.87,5.77,7.24,-20.09,-16.31,-3.29,-25.76,163.02,32046.35,4.37,3.03,Neutral,Neutral,Buy,Buy,Neutral,Neutral,50.27,-7.55,-2.97,-27.66,53.79,47.36,0.00,191.20,-0.68,-0.68,156.00,0.30,6849490.00,-40.71,191.00,-0.26,812419.00,6.01,34.00,1.74,5.43,2.56,20.42,24.79,31.16,158142835083.00,6.30,29.72,20.14,195.21,190.48,184.48,186.11,203.92
[object Object],LMT,Lockheed Martin Corporation,NYSE,582.60,stock,common,100.00,1.00,false,0.00,USD,2.46,1738844.00,1.49,134458688942.00,USD,21.47,27.13,52.77,2.34,Electronic technology,america,Electronic Technology,Buy,Buy,2.46,12.25,15.84,10.97,-2.02,20.56,38.38,56.19,126.85,2218.81,3.35,2.68,StrongBuy,Strong buy,StrongBuy,Strong buy,Buy,Buy,71.53,59.38,9.65,253.96,77.01,55.77,0.00,569.00,0.07,-0.10,6130.00,0.00,1738844.00,-46.91,583.20,0.10,186915.00,8.30,21.47,0.40,1.71,15.28,12.94,15.42,35.52,151205688942.00,1.96,16.64,14.03,525.46,522.55,523.16,558.92,543.36
[object Object],UBER,"Uber Technologies, Inc.",NYSE,65.94,stock,common,100.00,1.00,false,0.00,USD,-4.31,27964403.00,1.79,134227402965.00,USD,16.43,4.01,-30.03,0.00,Transportation,america,Transportation,StrongBuy,Strong buy,-4.31,-9.99,-6.20,-11.81,-20.22,-19.62,-27.58,40.18,57.00,57.00,3.55,3.54,StrongSell,Strong sell,StrongSell,Strong sell,Sell,Sell,33.21,-8.60,-1.66,-273.77,5.47,7.31,0.00,69.49,0.84,0.68,50017.00,0.70,27964403.00,18.25,66.42,0.72,2799240.00,-22.14,16.43,0.00,2.66,5.43,13.49,13.94,20.17,140936402965.00,2.63,20.89,18.78,71.44,72.29,72.28,73.28,79.22
[object Object],CRM,"Salesforce, Inc.",NYSE,163.66,stock,common,100.00,1.00,false,0.00,USD,4.29,10899066.00,0.89,134037542999.00,USD,18.94,8.64,35.12,1.05,Technology services,america,Technology Services,Buy,Buy,4.29,-4.57,7.81,-6.81,-27.83,-38.24,-38.93,-34.06,98.18,4264.27,4.63,3.89,Sell,Sell,StrongSell,Strong sell,Neutral,Neutral,47.35,0.34,1.02,-43.61,28.39,44.27,harami_bullish,160.00,1.96,1.16,52333.00,2.20,10899066.00,-14.68,162.77,-0.54,1159751.00,-44.24,18.94,0.52,3.19,3.92,9.37,9.72,12.04,164748542999.00,3.85,17.59,12.54,167.67,162.61,170.18,177.84,206.59
[object Object],BNP,BNP Paribas S.A. Class A,EURONEXT,105.92,stock,common,100.00,2.00,false,0.00,EUR,2.08,1571440.00,0.91,133099686220.78,USD,9.16,13.20,22.67,4.87,Finance,france,Finance,Buy,Buy,2.08,4.17,3.70,19.31,20.51,31.68,32.40,110.33,147.82,408.72,2.38,1.97,Buy,Buy,StrongBuy,Strong buy,Buy,Buy,62.06,5.22,3.64,140.08,82.84,89.00,0.00,0.00,0.00,0.00,0.00,0.23,1571440.00,-42.61,105.92,0.00,747924.00,29.42,9.16,0.40,1.15,0.97,0.00,0.00,0.00,871967657420.78,5.22,0.00,0.00,103.57,102.00,98.01,93.03,86.60
[object Object],APP,AppLovin Corp. Class A,NASDAQ,391.98,stock,common,100.00,1.00,false,0.00,USD,-1.72,4855103.00,0.82,131681762785.00,USD,34.58,11.34,104.70,0.00,Technology services,america,Technology Services,StrongBuy,Strong buy,-1.72,-6.99,-14.64,-13.85,-24.84,-42.64,7.74,517.29,459.97,459.97,4.03,6.48,Sell,Sell,StrongSell,Strong sell,Neutral,Neutral,31.38,-115.00,-69.61,-117.88,2.62,4.56,0.00,397.51,-0.34,0.32,8288.00,-0.44,4855103.00,-9.49,390.00,-0.51,269109.00,15.67,34.58,0.34,21.92,55.77,29.97,29.97,48.13,132437113785.00,21.48,27.72,26.89,426.02,475.74,498.20,473.03,525.24
[object Object],BATS,British American Tobacco p.l.c.,LSE,4572.00,stock,common,1.00,1.00,false,0.00,GBX,2.05,1690136.00,0.51,131334257657.82,USD,13.10,4.70,159.16,5.25,Consumer non-durables,uk,Consumer Non-Durables,Buy,Buy,2.05,-1.47,-0.28,7.45,6.05,9.67,19.44,65.59,-4.33,1306.77,2.34,2.22,Buy,Buy,StrongBuy,Strong buy,Buy,Buy,50.86,110.00,47.84,-19.53,59.04,65.69,piercing_bullish,0.00,0.00,0.00,0.00,-0.27,1690136.00,-38.05,4572.00,0.00,937577.00,20.88,13.10,0.08,3.83,2.07,20.38,22.96,26.06,173201462057.82,5.02,12.49,10.01,4528.90,4559.63,4598.56,4480.76,4351.95
[object Object],ULVR,Unilever PLC,LSE,4575.50,stock,common,10.00,5.00,false,0.00,GBX,0.72,3891333.00,1.17,131233794124.14,USD,19.25,3.20,8.66,3.77,Consumer non-durables,uk,Consumer Non-Durables,Neutral,Neutral,0.72,-2.14,2.57,7.94,-4.99,-5.69,-8.87,-1.08,12.51,466.63,1.94,2.28,Neutral,Neutral,Buy,Buy,Neutral,Neutral,52.46,-23.50,84.64,-69.16,37.46,39.43,0.00,0.00,0.00,0.00,0.00,-0.43,3891333.00,53.39,4575.50,0.00,899203.00,-7.59,19.25,2.21,2.30,7.36,14.45,17.60,22.58,159822763943.97,2.75,13.88,12.28,4593.40,4544.90,4423.58,4441.65,4746.44
[object Object],ISP,Intesa Sanpaolo S.p.A.,MIL,6.44,stock,common,1000.00,1.00,false,0.00,EUR,2.50,43051667.00,0.86,129311578039.08,USD,11.96,0.62,8.09,5.84,Finance,italy,Finance,Buy,Buy,2.50,1.79,4.97,14.82,10.32,8.75,26.76,184.55,228.47,98.82,1.87,1.64,StrongBuy,Strong buy,StrongBuy,Strong buy,Buy,Buy,61.69,0.18,0.25,88.74,83.30,86.62,marubozu_white_bullish,0.00,0.00,0.00,0.00,0.25,43051667.00,-29.64,6.44,0.00,55334.00,26.53,11.96,1.44,3.03,1.88,0.00,0.00,0.00,274904469759.08,5.22,0.00,0.00,6.36,6.19,5.98,5.74,5.74
[object Object],AI,Air Liquide SA,EURONEXT,176.52,stock,common,100.00,2.00,false,0.00,EUR,0.54,616890.00,0.85,127895995142.13,USD,31.91,6.50,6.42,1.91,Process industries,france,Process Industries,StrongBuy,Strong buy,0.54,-0.19,5.75,3.59,24.23,21.72,11.77,57.35,208.94,1069.20,1.16,1.46,Buy,Buy,StrongBuy,Strong buy,Neutral,Neutral,55.89,2.22,3.73,2.31,44.49,43.84,0.00,0.00,0.00,0.00,0.00,0.07,616890.00,-28.90,176.52,0.00,425061.00,13.20,31.91,4.94,4.15,4.28,17.67,44.70,28.34,139735947134.13,4.42,21.32,14.61,176.70,173.46,169.75,165.64,158.03
[object Object],BMY,Bristol-Myers Squibb Company,NYSE,62.09,stock,common,100.00,1.00,false,0.00,USD,0.94,12071701.00,1.15,126792206649.00,USD,17.43,3.56,33.76,4.03,Health technology,america,Health Technology,Buy,Buy,0.94,2.00,10.88,5.49,12.93,16.69,26.66,-8.99,-17.98,2951.85,2.15,2.71,StrongBuy,Strong buy,StrongBuy,Strong buy,Buy,Buy,63.85,4.51,3.51,150.02,82.82,78.00,0.00,61.90,0.63,0.36,21440.00,0.70,12071701.00,58.38,61.99,-0.16,1958804.00,28.69,17.43,0.51,2.60,6.32,9.55,10.67,12.12,162769206649.00,3.36,10.60,8.54,60.17,57.79,57.45,58.13,55.08
[object Object],SYK,Stryker Corporation,NYSE,330.25,stock,common,100.00,1.00,false,0.00,USD,3.54,2372737.00,0.98,126604887123.00,USD,38.25,8.63,16.51,1.05,Health technology,america,Health Technology,Buy,Buy,3.54,0.41,5.58,0.69,-7.53,-5.99,-17.66,26.25,182.70,396192.07,2.39,3.20,Buy,Buy,StrongBuy,Strong buy,Neutral,Neutral,56.29,0.47,0.79,64.82,43.74,32.05,rising_window_bullish,324.96,1.88,1.75,646.00,1.92,2372737.00,-5.44,329.00,-0.38,380845.00,-17.63,38.25,2.24,4.88,5.51,23.75,27.92,43.05,138873887123.00,5.50,23.87,19.73,320.22,318.27,313.91,322.87,343.85
[object Object],SPGI,"S&P Global, Inc.",NYSE,426.40,stock,common,100.00,1.00,false,0.00,USD,1.52,1514291.00,1.06,126214398193.00,USD,26.98,15.81,24.10,0.91,Commercial services,america,Commercial Services,StrongBuy,Strong buy,1.52,-6.54,12.04,2.46,-16.51,-13.61,-14.30,8.20,284.45,15085.07,2.12,3.16,Buy,Buy,Buy,Buy,Buy,Buy,51.47,-4.10,18.02,-15.31,12.41,29.07,0.00,424.00,0.95,0.46,178.00,1.07,1514291.00,-8.03,433.80,1.73,292136.00,-16.64,26.98,1.10,7.95,4.05,22.13,22.84,70.11,143336398193.00,9.11,21.17,17.99,438.45,416.08,407.28,406.94,435.57
[object Object],GLW,Corning Inc,NYSE,146.65,stock,common,100.00,1.00,false,0.00,USD,-6.03,8965715.00,0.88,126212530666.00,USD,70.39,2.08,298.68,0.76,Electronic technology,america,Electronic Technology,Buy,Buy,-6.03,-2.77,-24.57,-14.64,57.33,64.94,163.52,256.12,578.94,2465.33,5.76,8.23,Sell,Sell,StrongSell,Strong sell,Sell,Sell,36.43,-44.24,-31.20,-104.21,8.55,10.80,0.00,154.00,-1.32,-0.88,39098.00,-0.83,8965715.00,0.13,145.03,-1.10,740548.00,187.65,70.39,0.25,8.33,11.26,43.95,85.15,71.80,134894530666.00,8.27,51.23,33.64,163.04,188.55,188.36,170.87,134.05
[object Object],INVE_B,Investor AB Class B,OMXSTO,403.50,stock,common,100.00,5.00,false,0.00,SEK,1.31,2118658.00,0.98,125010972540.58,USD,4.71,8.80,1024.26,1.35,Finance,sweden,Finance,Neutral,Neutral,1.31,2.37,3.86,6.99,18.90,21.76,37.01,87.94,445.27,1222.95,1.59,1.58,StrongBuy,Strong buy,StrongBuy,Strong buy,Buy,Buy,60.24,9.10,5.78,73.57,76.26,62.80,marubozu_white_bullish,0.00,0.00,0.00,0.00,-0.26,2118658.00,-6.81,0.00,0.00,0.00,35.01,4.71,0.00,6.22,1.14,51.72,59.80,63.43,135895853540.58,6.74,4.92,0.00,396.81,394.99,388.08,375.69,352.98
[object Object],PGR,Progressive Corporation,NYSE,213.83,stock,common,100.00,1.00,false,0.00,USD,3.26,2353769.00,0.67,124948658995.00,USD,10.72,19.95,12.31,6.50,Finance,america,Finance,Neutral,Neutral,3.26,2.32,-1.73,4.95,4.14,-0.24,-13.21,126.51,546.60,399978.58,2.50,2.63,Buy,Buy,Buy,Buy,Neutral,Neutral,49.79,-16.89,-6.32,-50.87,14.88,11.60,0.00,210.20,1.51,0.70,1178.00,1.71,2353769.00,-18.97,213.83,0.00,576805.00,-15.88,10.72,0.84,1.33,0.00,0.00,0.00,0.00,133335658995.00,1.46,0.00,0.00,212.36,216.16,209.06,205.41,211.51
[object Object],PH,Parker-Hannifin Corporation,NYSE,987.54,stock,common,100.00,1.00,false,0.00,USD,0.21,696838.00,1.33,124515348474.00,USD,36.43,27.11,4.34,0.75,Producer manufacturing,america,Producer Manufacturing,Buy,Buy,0.21,4.40,4.22,1.69,5.22,12.02,35.50,221.77,774.55,29053.27,2.15,2.42,Buy,Buy,StrongBuy,Strong buy,Neutral,Neutral,62.88,26.27,21.91,199.04,88.78,77.69,spinning_top_black,984.02,-0.15,-0.15,50.00,0.38,696838.00,9.46,987.54,0.00,90410.00,30.17,36.43,8.38,6.01,8.52,30.87,34.36,265.56,133629348474.00,6.37,29.86,24.72,963.45,955.79,919.05,924.10,901.06
[object Object],COF,Capital One Financial Corp,NYSE,202.84,stock,common,100.00,1.00,false,0.00,USD,1.44,3469100.00,0.75,124442337753.00,USD,71.50,2.84,-76.18,1.48,Finance,america,Finance,StrongBuy,Strong buy,1.44,-2.25,2.63,4.12,-9.36,-16.99,-8.07,26.74,203.38,3703.29,2.89,2.80,Buy,Buy,Buy,Buy,Neutral,Neutral,52.10,1.32,3.82,-57.89,45.61,52.48,0.00,199.46,-0.25,0.09,3707.00,-0.73,3469100.00,-34.45,202.35,-0.24,479837.00,-8.20,71.50,0.00,2.13,1.11,4.35,4.63,0.00,169013337753.00,2.25,0.00,0.00,205.43,201.41,194.58,191.87,207.39
[object Object],MO,"Altria Group, Inc.",NYSE,72.99,stock,common,100.00,1.00,false,0.00,USD,1.26,4797962.00,0.68,121885357701.00,USD,15.26,4.78,-19.93,5.81,Consumer non-durables,america,Consumer Non-Durables,Neutral,Neutral,1.26,-1.47,1.87,8.94,19.25,26.59,22.23,53.66,6.12,63996.03,2.04,2.29,StrongBuy,Strong buy,StrongBuy,Strong buy,Buy,Buy,53.51,1.20,1.28,24.49,46.99,52.29,0.00,72.33,0.35,0.58,3649.00,0.29,4797962.00,-30.87,73.09,0.14,909183.00,26.80,15.26,0.00,5.91,0.00,13.73,14.16,34.53,143001357701.00,7.01,10.37,10.18,72.47,71.91,71.92,69.50,65.42
[object Object],VRTX,Vertex Pharmaceuticals Incorporated,NASDAQ,477.36,stock,common,100.00,1.00,false,0.00,USD,0.90,1254156.00,0.99,121156551536.00,USD,28.30,16.87,0.00,0.00,Health technology,america,Health Technology,Buy,Buy,0.90,-1.27,1.27,10.53,2.61,5.07,0.05,139.36,410.49,10508.00,2.56,3.14,Neutral,Neutral,Neutral,Neutral,Buy,Buy,49.09,-8.03,2.16,-73.09,11.47,12.35,0.00,475.01,0.41,0.40,144.00,0.63,1254156.00,-3.98,477.99,0.13,330455.00,4.39,28.30,0.00,9.83,6.27,28.85,32.98,16.86,115884351536.00,9.39,23.56,22.58,479.08,481.05,464.30,455.20,451.18
[object Object],ISRG,"Intuitive Surgical, Inc.",NASDAQ,337.50,stock,common,100.00,1.00,false,0.00,USD,1.65,3438604.00,0.67,119231340408.00,USD,38.68,8.73,21.75,0.00,Health technology,america,Health Technology,Buy,Buy,1.65,-7.54,-16.87,-29.80,-36.32,-40.45,-32.97,4.40,342.49,16775.03,3.83,3.71,Sell,Sell,StrongSell,Strong sell,Neutral,Neutral,31.73,-69.28,-55.03,-128.19,3.61,4.50,0.00,334.02,0.60,0.11,3107.00,0.78,3438604.00,-29.71,337.59,0.03,534108.00,-34.20,38.68,1.75,10.75,6.57,32.54,37.42,22.98,114114140408.00,10.34,33.07,27.27,363.68,394.71,407.09,437.12,483.98
[object Object],SBUX,Starbucks Corporation,NASDAQ,103.25,stock,common,100.00,1.00,false,0.00,USD,0.04,6397190.00,1.07,117674019958.00,USD,78.80,1.31,-52.38,2.39,Consumer services,america,Consumer Services,Neutral,Neutral,0.04,-5.23,1.99,3.88,6.34,22.60,8.12,-17.89,78.88,31366.67,2.20,2.63,Neutral,Neutral,Neutral,Neutral,Neutral,Neutral,48.16,-2.76,1.33,-44.63,31.89,40.22,0.00,103.63,0.41,0.13,500.00,0.66,6397190.00,-8.37,103.00,-0.24,1737570.00,12.79,78.80,0.00,3.07,0.00,27.16,43.30,69.42,140372519958.00,3.65,39.91,26.78,105.22,103.66,102.55,100.28,94.28
[object Object],PDD,PDD Holdings Inc. Sponsored ADR Class A,NASDAQ,82.66,dr,0.00,100.00,1.00,false,0.00,USD,-0.77,4950022.00,0.74,117657956762.00,USD,9.01,9.17,-1.20,0.00,Retail trade,america,Retail Trade,Buy,Buy,-0.77,-1.98,9.24,-15.48,-22.49,-28.87,-31.11,-7.89,211.92,211.92,2.08,2.94,Sell,Sell,StrongSell,Strong sell,Buy,Buy,46.68,-2.47,2.20,-10.30,24.12,45.24,0.00,83.12,-0.22,-1.56,17716.00,-0.29,4950022.00,9.09,82.55,-0.13,512325.00,-21.07,9.01,0.00,1.98,1.92,8.10,0.00,1.65,44243463840.54,0.71,3.21,0.00,84.55,81.76,85.11,92.80,104.90
[object Object],LOW,"Lowe's Companies, Inc.",NYSE,207.64,stock,common,100.00,1.00,false,0.00,USD,2.83,3427873.00,1.00,116425220300.00,USD,17.56,11.82,-2.06,2.31,Retail trade,america,Retail Trade,Buy,Buy,2.83,-4.73,-3.77,-15.29,-24.49,-14.02,-8.95,5.77,156.79,40914.90,2.16,2.64,Sell,Sell,StrongSell,Strong sell,Neutral,Neutral,44.28,-3.99,-11.53,-83.18,16.02,10.15,0.00,202.17,0.12,0.34,2325.00,0.34,3427873.00,-17.05,207.65,0.00,488708.00,-4.71,17.56,0.00,1.28,0.00,11.82,15.26,93.47,157721220300.00,1.78,15.44,12.57,207.21,215.44,215.17,227.39,239.88
[object Object],HWM,Howmet Aerospace Inc.,NYSE,289.26,stock,common,100.00,1.00,false,0.00,USD,0.76,2112534.00,1.20,115735094414.00,USD,67.10,4.31,40.55,0.17,Electronic technology,america,Electronic Technology,Buy,Buy,0.76,7.39,5.17,18.34,32.80,40.77,54.40,793.88,1620.76,1620.76,2.62,3.19,StrongBuy,Strong buy,StrongBuy,Strong buy,Neutral,Neutral,66.09,18.41,9.32,245.74,90.72,86.46,0.00,287.68,0.21,0.45,497.00,0.09,2112534.00,-14.81,292.42,1.09,273594.00,41.75,67.10,1.64,13.42,21.01,55.94,70.39,47.85,118147094414.00,13.70,51.37,45.65,277.89,274.51,267.53,256.86,233.99
[object Object],ENEL,Enel SpA,MIL,9.93,stock,common,1000.00,1.00,false,0.00,EUR,1.11,12365682.00,0.69,114693936780.43,USD,24.53,0.47,-42.04,4.89,Utilities,italy,Utilities,Buy,Buy,1.11,-1.13,0.17,0.83,10.28,12.26,28.19,24.09,145.96,56.41,1.95,1.65,Neutral,Neutral,Neutral,Neutral,Buy,Buy,47.89,-0.19,-0.07,-129.72,25.55,22.75,tweezer_bottom_bullish,0.00,0.00,0.00,0.00,0.03,12365682.00,-34.21,9.93,0.00,9372.00,28.38,24.53,0.00,1.23,3.91,6.94,18.05,20.98,218060601300.43,2.39,15.92,8.85,10.04,10.02,9.87,9.75,9.38
[object Object],BP.,BP PLC,LSE,548.40,stock,common,10.00,1.00,false,0.00,GBX,-1.35,43267816.00,1.21,112812030424.17,USD,37.46,0.19,0.00,4.53,Energy minerals,uk,Energy Minerals,Buy,Buy,-1.35,7.53,9.98,-4.96,24.71,26.94,35.41,94.68,21.60,138.95,2.47,2.17,Buy,Buy,StrongBuy,Strong buy,Sell,Sell,66.00,65.75,33.93,131.16,95.54,96.48,spinning_top_black,0.00,0.00,0.00,0.00,-1.06,43267816.00,14.45,548.40,0.00,7526556.00,28.76,37.46,0.00,0.60,2.00,4.65,9.90,3.17,172798228650.48,0.90,8.07,4.41,525.13,497.82,515.74,535.70,491.48
[object Object],ZURN,Zurich Insurance Group Ltd,SIX,623.00,stock,common,10.00,2.00,false,0.00,CHF,0.81,210855.00,0.85,112213164094.70,USD,15.94,49.30,10.47,4.82,Finance,switzerland,Finance,Neutral,Neutral,0.81,1.47,7.53,13.81,12.41,4.01,10.11,69.29,164.54,-2.43,1.24,1.20,Buy,Buy,StrongBuy,Strong buy,Neutral,Neutral,67.90,8.80,24.14,99.48,77.86,73.79,0.00,0.00,0.00,0.00,0.00,0.55,210855.00,26.48,623.00,0.00,86253.00,15.52,15.94,1.51,1.23,3.92,4.96,5.07,0.00,130505848990.70,1.43,0.00,0.00,617.10,601.45,585.11,567.01,569.14
[object Object],FTNT,"Fortinet, Inc.",NASDAQ,152.37,stock,common,100.00,1.00,false,0.00,USD,0.55,2817161.00,0.62,111633629545.00,USD,58.87,2.59,6.53,0.00,Technology services,america,Technology Services,Neutral,Neutral,0.55,-5.07,3.16,83.36,82.48,90.53,44.69,175.43,2030.45,8862.94,3.22,4.33,Buy,Buy,Buy,Buy,Buy,Buy,48.63,-5.14,4.49,-114.81,8.71,19.33,0.00,151.58,0.03,-0.36,3161.00,0.76,2817161.00,-38.63,153.00,0.41,653085.00,46.74,58.87,8.96,15.83,113.00,40.36,46.47,34.35,108835529545.00,15.31,49.35,46.09,159.18,154.39,146.57,115.99,98.81
[object Object],VRT,Vertiv Holdings Co. Class A,NYSE,290.36,stock,common,100.00,1.00,false,0.00,USD,-4.50,3405162.00,0.88,111529832999.00,USD,72.89,3.98,130.95,0.08,Electronic technology,america,Electronic Technology,Buy,Buy,-4.50,3.99,-10.31,-11.48,59.35,71.34,120.00,944.84,2893.40,2893.40,3.94,5.70,Sell,Sell,StrongSell,Strong sell,Sell,Sell,43.24,-28.50,-9.05,-99.54,38.80,41.48,0.00,303.06,-0.32,-0.18,13923.00,-1.16,3405162.00,9.90,291.18,0.28,380992.00,126.13,72.89,0.58,10.99,26.26,44.18,49.91,44.81,112253632999.00,10.35,54.32,46.55,298.94,310.43,316.35,302.78,244.28
[object Object],SO,Southern Company,NYSE,97.25,stock,common,100.00,1.00,false,0.00,USD,0.67,4839582.00,1.24,109630036591.00,USD,24.87,3.91,-6.26,3.06,Utilities,america,Utilities,Neutral,Neutral,0.67,-0.05,2.12,3.74,10.80,11.56,2.19,52.19,78.44,1035.56,1.64,1.78,StrongBuy,Strong buy,StrongBuy,Strong buy,Buy,Buy,57.24,1.64,0.33,110.69,55.21,36.52,0.00,96.58,-0.02,0.09,1298.00,0.42,4839582.00,8.21,97.25,0.00,834904.00,3.78,24.87,0.00,3.61,2.95,11.22,0.00,111.14,187438036591.00,6.21,25.72,13.90,95.64,95.35,94.30,94.92,92.87
[object Object],BNY,Bank of New York Mellon Corp,NYSE,158.91,stock,common,100.00,1.00,false,0.00,USD,-0.75,2379427.00,0.51,109072503603.00,USD,18.50,8.59,31.19,1.33,Finance,america,Finance,Buy,Buy,-0.75,0.51,8.38,17.35,33.37,36.98,59.01,221.03,305.28,7353.89,1.41,2.34,Buy,Buy,StrongBuy,Strong buy,Neutral,Neutral,63.51,6.99,9.47,83.15,76.20,76.33,0.00,159.01,-0.69,1.20,1260.00,-0.77,2379427.00,-29.05,159.07,0.10,629917.00,54.72,18.50,0.60,5.24,2.70,0.00,0.00,0.00,55060503603.00,1.36,0.00,0.00,158.13,150.29,145.98,135.51,125.09
[object Object],EQIX,"Equinix, Inc.",NASDAQ,1084.24,stock,common,100.00,1.00,false,0.00,USD,4.90,783117.00,1.77,106932358372.00,USD,74.98,14.46,50.24,1.82,Finance,america,Finance,StrongBuy,Strong buy,4.90,7.81,-2.85,-3.35,36.88,41.52,36.55,30.32,187.47,165.75,2.31,2.66,StrongBuy,Strong buy,StrongBuy,Strong buy,Buy,Buy,61.62,33.03,-13.52,166.88,68.09,58.62,0.00,1054.00,1.98,0.43,885.00,2.50,783117.00,94.83,1084.24,0.00,71680.00,32.22,74.98,1.42,10.81,7.48,28.03,0.00,34.39,127177358372.00,13.48,472.78,50.01,1030.65,1050.60,1057.70,1040.98,925.49
[object Object],MDT,Medtronic Plc,NYSE,83.21,stock,common,100.00,1.00,false,0.00,USD,1.46,4336173.00,0.61,106512567250.00,USD,22.33,3.73,3.00,3.43,Health technology,america,Health Technology,Buy,Buy,1.46,-0.37,3.86,-0.36,-17.62,-13.36,-9.59,-35.14,-4.58,26444.21,1.75,2.61,Buy,Buy,StrongBuy,Strong buy,Sell,Sell,55.38,-0.66,1.17,54.58,48.43,48.77,0.00,82.88,1.06,1.06,324.00,1.05,4336173.00,-21.79,83.32,0.13,838922.00,-7.24,22.33,7.33,2.91,2.15,14.62,19.76,11.63,127049567250.00,3.49,18.09,12.73,82.28,81.36,79.92,82.69,90.38
[object Object],TT,Trane Technologies plc,NYSE,480.99,stock,common,100.00,1.00,false,0.00,USD,0.27,840282.00,0.78,106325473627.00,USD,37.21,12.93,7.56,0.83,Producer manufacturing,america,Producer Manufacturing,Buy,Buy,0.27,3.27,0.95,-0.94,23.02,23.05,4.38,139.42,819.22,21403.26,2.67,3.22,Buy,Buy,StrongBuy,Strong buy,Neutral,Neutral,53.65,1.29,-1.49,40.78,59.18,45.22,0.00,479.72,0.00,0.00,80.00,-0.51,840282.00,16.91,480.99,0.00,176137.00,4.14,37.21,4.91,4.95,12.38,29.98,33.29,99.90,109888873627.02,5.09,27.76,25.36,476.10,477.83,470.16,460.29,438.88
[object Object],CABK,CaixaBank SA,BME,13.30,stock,common,1000.00,5.00,false,0.00,EUR,3.06,10302644.00,1.75,105435169420.98,USD,15.58,0.99,-2.06,2.77,Finance,spain,Finance,Buy,Buy,3.06,7.78,5.18,27.95,25.47,27.33,71.17,432.00,502.08,180.75,2.54,1.89,StrongBuy,Strong buy,StrongBuy,Strong buy,Buy,Buy,69.23,0.78,0.46,193.30,88.12,84.96,marubozu_white_bullish,0.00,0.00,0.00,0.00,0.00,10302644.00,52.74,0.00,0.00,0.00,64.75,15.58,0.00,5.50,2.51,0.00,0.00,0.00,133759275860.98,4.97,0.00,0.00,12.69,12.56,12.11,11.27,10.64
[object Object],CS,AXA SA,EURONEXT,44.83,stock,common,100.00,1.00,false,0.00,EUR,0.16,2100884.00,1.00,104973710451.10,USD,9.89,5.32,29.52,5.18,Finance,france,Finance,StrongBuy,Strong buy,0.16,0.85,5.48,8.92,17.36,10.01,5.46,104.80,150.10,541.34,1.18,1.26,Buy,Buy,StrongBuy,Strong buy,Neutral,Neutral,69.20,0.56,1.53,103.08,70.80,78.34,0.00,0.00,0.00,0.00,0.00,0.42,2100884.00,-25.09,44.83,0.00,1284797.00,0.84,9.89,0.33,0.86,2.16,4.38,4.47,0.00,178083554091.10,1.39,0.00,0.00,44.59,43.72,42.25,41.06,40.14
[object Object],GD,General Dynamics Corporation,NYSE,386.75,stock,common,100.00,1.00,false,0.00,USD,1.30,1499017.00,1.37,104588870483.00,USD,24.32,15.90,10.37,1.57,Electronic technology,america,Electronic Technology,Buy,Buy,1.30,4.36,10.29,22.14,5.50,14.92,21.24,102.22,169.93,23473.33,2.12,2.10,StrongBuy,Strong buy,StrongBuy,Strong buy,Buy,Buy,69.96,11.69,14.01,154.24,77.94,67.04,0.00,381.20,-0.15,-0.15,270.00,0.57,1499017.00,-11.08,389.49,0.71,540009.00,23.94,24.32,2.31,1.95,4.01,14.28,17.10,29.01,110766870483.00,2.06,20.11,17.20,372.53,364.15,355.16,349.98,348.32
[object Object],SAN,Sanofi SA,EURONEXT,76.03,stock,common,100.00,1.00,false,0.00,EUR,-0.43,2266793.00,1.18,104292263057.34,USD,17.87,5.00,-3.87,5.42,Health technology,france,Health Technology,Buy,Buy,-0.43,-2.11,3.36,-5.83,-3.64,-8.18,-11.08,-13.21,-0.22,1128.27,2.06,2.16,Sell,Sell,Sell,Sell,Neutral,Neutral,50.33,-0.20,1.02,-44.69,51.31,57.93,long_lower_shadow_bullish,0.00,0.00,0.00,0.00,-0.38,2266793.00,3.05,76.03,0.00,1099399.00,-8.00,17.87,0.00,2.12,1.29,8.57,10.24,12.00,119068029897.34,2.32,8.91,5.93,76.60,75.37,75.65,76.99,80.12
[object Object],GSK,GSK plc,LSE,1919.50,stock,common,10.00,5.00,false,0.00,GBX,0.73,5823904.00,0.70,102367882931.41,USD,13.48,1.88,86.63,3.49,Health technology,uk,Health Technology,Neutral,Neutral,0.73,-2.37,-2.41,-7.27,5.82,5.01,39.40,34.66,14.62,154.06,2.57,2.71,Sell,Sell,StrongSell,Strong sell,Neutral,Neutral,46.83,-42.00,-49.00,-66.04,32.06,26.10,0.00,0.00,0.00,0.00,0.00,-0.66,5823904.00,-23.99,1919.50,0.00,2182668.00,40.98,13.48,0.15,2.37,4.32,10.75,13.22,22.71,122582529131.41,2.83,11.54,8.29,1917.35,1949.90,1931.38,1979.57,1921.48
[object Object],NOW,"ServiceNow, Inc.",NYSE,98.78,stock,common,100.00,1.00,false,0.00,USD,7.44,29625136.00,1.27,102138518738.00,USD,61.72,1.60,0.72,0.00,Technology services,america,Technology Services,StrongBuy,Strong buy,7.44,-3.99,5.09,15.16,-23.22,-35.47,-52.26,-15.54,590.29,1979.58,6.22,5.45,Sell,Sell,StrongSell,Strong sell,Buy,Buy,45.70,-8.93,-3.71,-103.32,12.73,15.65,marubozu_white_bullish,95.04,3.37,1.90,580210.00,3.24,29625136.00,-39.54,97.83,-0.96,2209748.00,-46.87,61.72,79.37,6.46,8.16,19.25,22.31,21.86,105918518738.00,7.19,52.93,35.51,102.10,101.57,104.12,102.67,126.70
[object Object],DUK,Duke Energy Corporation,NYSE,130.52,stock,common,100.00,1.00,false,0.00,USD,0.97,2856610.00,0.82,101752898233.00,USD,19.98,6.53,8.97,3.26,Utilities,america,Utilities,Buy,Buy,0.97,2.00,3.70,2.14,10.71,11.38,9.21,24.78,50.91,699.63,1.46,1.81,StrongBuy,Strong buy,StrongBuy,Strong buy,Buy,Buy,61.80,5.04,1.45,192.85,78.91,58.61,0.00,129.01,-0.19,0.44,738.00,0.06,2856610.00,-17.43,130.40,-0.09,480054.00,5.88,19.98,2.21,3.04,1.90,8.70,0.00,45.84,193737898233.00,5.84,22.58,12.85,126.82,126.30,125.11,127.18,124.63
[object Object],PNC,"PNC Financial Services Group, Inc.",NYSE,250.99,stock,common,100.00,1.00,false,0.00,USD,0.69,1148913.00,0.49,100145012192.00,USD,13.80,18.18,24.22,2.71,Finance,america,Finance,Buy,Buy,0.69,-1.24,5.07,11.66,13.34,20.25,26.91,36.67,203.83,6735.47,1.45,1.99,Buy,Buy,StrongBuy,Strong buy,Neutral,Neutral,57.74,-0.92,6.21,4.59,49.82,50.41,0.00,250.00,0.30,0.02,300.00,0.10,1148913.00,-32.98,250.99,0.00,245725.00,30.37,13.80,0.57,4.10,1.57,0.00,0.00,0.00,157770012192.00,4.49,0.00,0.00,252.02,245.88,235.58,224.71,215.02
[object Object],ADP,"Automatic Data Processing, Inc.",NASDAQ,250.09,stock,common,100.00,1.00,false,0.00,USD,2.97,1763767.00,0.77,99969545483.00,USD,23.31,10.73,9.82,2.66,Technology services,america,Technology Services,Neutral,Neutral,2.97,-3.06,13.01,26.98,-3.11,-2.70,-17.71,21.56,162.81,30792.59,2.59,2.66,StrongBuy,Strong buy,StrongBuy,Strong buy,Neutral,Neutral,60.18,8.17,12.96,53.58,38.95,44.46,0.00,244.00,0.46,0.46,100.00,0.69,1763767.00,-12.23,249.84,-0.10,395060.00,-16.71,23.31,2.31,4.53,15.78,18.46,19.01,31.18,101139145483.00,4.68,17.66,16.03,249.43,235.34,230.52,218.64,236.47
[object Object],USB,U.S. Bancorp,NYSE,63.97,stock,common,100.00,1.00,false,0.00,USD,1.01,7094359.00,0.77,99665261902.00,USD,12.76,5.01,19.95,3.25,Finance,america,Finance,Buy,Buy,1.01,-0.22,6.58,12.72,14.38,19.95,38.34,14.87,51.95,9531.21,1.59,1.92,Buy,Buy,StrongBuy,Strong buy,Neutral,Neutral,62.79,1.56,2.91,98.91,78.38,77.41,0.00,63.54,0.33,0.41,360.00,0.08,7094359.00,-7.61,63.97,0.00,1276957.00,38.17,12.76,0.63,3.35,1.64,0.00,0.00,0.00,136453261902.00,3.14,0.00,0.00,63.33,61.33,58.59,56.33,54.25
[object Object],MAR,"Marriott International, Inc. Class A",NASDAQ,374.43,stock,common,100.00,1.00,false,0.00,USD,2.73,1231813.00,0.96,98732931481.00,USD,39.29,9.53,8.54,0.73,Consumer services,america,Consumer Services,Buy,Buy,2.73,0.89,-3.87,1.90,17.26,20.57,37.19,167.97,427.96,2161.67,1.94,2.23,Buy,Buy,StrongBuy,Strong buy,Buy,Buy,51.36,-1.68,-12.41,6.80,39.98,34.99,0.00,366.17,0.47,0.47,93.00,0.30,1231813.00,2.62,374.43,0.00,254505.00,29.35,39.29,4.48,3.66,0.00,29.18,35.37,220.04,115684931481.00,4.35,27.17,25.86,367.59,378.12,376.51,359.85,332.20
[object Object],CSX,CSX Corporation,NASDAQ,53.23,stock,common,100.00,1.00,false,0.00,USD,0.80,14305610.00,1.01,98607235605.00,USD,30.74,1.73,6.40,1.01,Transportation,america,Transportation,Buy,Buy,0.80,4.37,15.32,16.07,44.02,46.26,46.36,62.31,461.50,13507.02,2.09,1.93,StrongBuy,Strong buy,StrongBuy,Strong buy,Buy,Buy,75.98,3.82,2.73,220.66,81.70,72.16,0.00,52.89,0.15,0.34,8179.00,-0.08,14305610.00,-50.94,53.46,0.43,2887342.00,47.09,30.74,4.76,6.77,7.00,18.59,35.39,71.19,116580235605.00,8.03,22.78,17.22,50.66,48.60,47.62,44.89,40.93
[object Object],CEG,Constellation Energy Corporation,NASDAQ,274.35,stock,common,100.00,1.00,false,0.00,USD,-0.45,2670023.00,1.03,98519641451.00,USD,23.83,11.51,21.38,0.59,Utilities,america,Utilities,StrongBuy,Strong buy,-0.45,10.91,0.55,-6.72,-4.55,-23.37,-15.61,621.97,621.97,621.97,3.13,3.63,Neutral,Neutral,Buy,Buy,Sell,Sell,60.64,22.97,9.01,155.61,93.31,90.75,0.00,276.99,0.50,-0.15,3602.00,0.15,2670023.00,3.71,273.74,-0.22,662774.00,-10.03,23.83,1.12,3.42,2.97,21.32,85.42,82.94,120151641451.00,4.22,39.20,19.29,261.68,258.37,263.72,282.20,310.75
[object Object],MCK,McKesson Corporation,NYSE,840.90,stock,common,100.00,1.00,false,0.00,USD,1.99,823784.00,0.99,98450677393.00,USD,21.86,38.47,49.00,0.39,Distribution services,america,Distribution Services,StrongBuy,Strong buy,1.99,-1.40,9.46,1.44,3.15,2.80,17.82,314.50,329.27,4996.36,2.13,2.75,StrongBuy,Strong buy,StrongBuy,Strong buy,Buy,Buy,62.16,34.94,36.16,105.37,59.45,61.12,rising_window_bullish,0.00,0.00,0.00,0.00,0.66,823784.00,9.05,840.90,0.00,103069.00,11.11,21.86,0.44,0.25,0.00,16.76,18.04,25.36,104334677393.00,0.26,16.38,14.70,823.44,792.35,778.72,821.47,833.11
[object Object],NEM,Newmont Corporation,NYSE,93.19,stock,common,100.00,1.00,false,0.00,USD,-1.62,9269698.00,1.22,98193584351.00,USD,11.77,7.92,42.18,1.09,Non-energy minerals,america,Non-Energy Minerals,Buy,Buy,-1.62,3.72,-0.05,-18.97,-24.05,-7.72,53.58,55.03,127.02,805.14,2.48,2.95,Sell,Sell,StrongSell,Strong sell,Neutral,Neutral,44.93,-2.10,-3.69,-15.79,58.15,49.83,0.00,93.41,-1.38,-0.03,60951.00,-1.03,9269698.00,28.21,93.27,0.09,1727314.00,49.81,11.77,0.28,3.99,2.80,7.87,10.22,11.04,94952584351.00,3.75,6.95,5.78,92.89,96.35,100.67,106.30,104.08
[object Object],EQNR,Equinor ASA,OSL,392.50,stock,common,10.00,1.00,false,0.00,NOK,-1.36,2610780.00,0.93,97580991446.78,USD,11.13,3.56,7.86,3.73,Energy minerals,norway,Energy Minerals,Neutral,Neutral,-1.36,14.10,23.20,8.43,60.86,65.12,51.72,126.12,167.92,445.14,3.09,2.43,Buy,Buy,StrongBuy,Strong buy,Sell,Sell,73.00,63.00,40.27,156.08,96.43,94.99,long_lower_shadow_bullish,0.00,0.00,0.00,0.00,-1.23,2610780.00,-30.02,392.50,0.00,856705.00,27.19,11.13,1.44,0.87,2.30,4.26,10.52,4.08,106597378987.07,0.95,3.26,2.48,363.96,333.83,342.26,349.36,297.43
[object Object],UPS,"United Parcel Service, Inc. Class B",NYSE,114.79,stock,common,100.00,1.00,false,0.00,USD,0.60,3881075.00,0.86,97572218228.00,USD,18.58,6.18,-9.90,5.71,Transportation,america,Transportation,Buy,Buy,0.60,-1.80,8.66,6.90,4.77,15.60,11.32,-45.65,4.17,76.60,2.69,2.48,Buy,Buy,StrongBuy,Strong buy,Neutral,Neutral,57.23,2.32,5.04,56.43,64.58,68.68,0.00,114.50,0.35,-0.09,1864.00,0.49,3881075.00,-7.56,114.69,-0.09,838855.00,19.25,18.58,0.00,1.10,6.19,11.68,21.61,16.82,120460218228.00,1.36,14.84,10.09,114.86,110.72,107.84,104.61,102.77
[object Object],ATCO_A,Atlas Copco AB Class A,OMXSTO,203.90,stock,common,10.00,1.00,false,0.00,SEK,1.80,5796316.00,1.26,97549369362.44,USD,37.35,0.56,-5.20,1.96,Producer manufacturing,sweden,Producer Manufacturing,Buy,Buy,1.80,3.63,6.64,9.74,6.81,22.68,32.23,51.35,273.48,2621.62,2.15,2.58,StrongBuy,Strong buy,StrongBuy,Strong buy,Buy,Buy,65.04,12.80,7.00,179.73,94.55,90.16,0.00,0.00,0.00,0.00,0.00,0.15,5796316.00,25.98,0.00,0.00,0.00,30.79,37.35,0.00,5.75,9.36,30.72,37.08,67.67,99728489662.44,5.71,28.38,21.97,195.25,193.08,187.08,181.24,176.97
[object Object],WM,"Waste Management, Inc.",NYSE,238.75,stock,common,100.00,1.00,false,0.00,USD,0.62,1301869.00,0.83,95876209030.00,USD,34.55,6.91,4.21,1.48,Industrial services,america,Industrial Services,Buy,Buy,0.62,-2.45,8.75,2.55,4.22,8.85,5.10,63.30,255.97,4558.54,1.49,2.08,StrongBuy,Strong buy,StrongBuy,Strong buy,Neutral,Neutral,60.03,5.42,9.68,79.06,52.81,52.51,0.00,236.00,-0.54,-0.54,731.00,0.11,1301869.00,-9.40,238.75,0.00,229935.00,5.06,34.55,8.15,3.78,9.58,15.24,29.35,561.34,118596209030.00,4.67,25.40,15.36,237.00,228.14,224.00,227.15,222.81
[object Object],IFX,Infineon Technologies AG,XETR,64.41,stock,common,100.00,1.00,false,0.00,EUR,-1.65,2288577.00,0.52,95352099257.32,USD,78.15,0.95,39.41,0.54,Electronic technology,germany,Electronic Technology,Buy,Buy,-1.65,5.37,-20.50,22.22,52.99,70.78,84.03,101.63,355.19,2.94,4.07,4.79,Sell,Sell,Sell,Sell,Sell,Sell,38.95,-8.07,-9.08,-99.44,35.48,36.52,doji,65.17,-0.49,-0.03,280.00,-1.66,2288577.00,-58.30,64.34,-0.11,897211.00,67.02,78.15,2.02,5.69,4.99,29.29,68.75,39.31,103035179497.32,5.90,44.66,23.02,66.91,74.41,75.39,61.19,49.67
[object Object],BARC,Barclays PLC,LSE,525.40,stock,common,10.00,1.00,false,0.00,GBX,1.14,33470655.00,0.95,94341921461.29,USD,11.55,0.60,15.64,1.64,Finance,uk,Finance,Buy,Buy,1.14,1.19,2.40,24.22,8.40,10.09,49.47,218.04,252.26,228.11,2.32,2.30,StrongBuy,Strong buy,StrongBuy,Strong buy,Neutral,Neutral,58.88,12.80,14.56,75.45,79.05,74.89,0.00,0.00,0.00,0.00,0.00,-0.23,33470655.00,-21.76,525.40,0.00,3133774.00,41.15,11.55,0.73,1.61,1.13,0.00,0.00,0.00,-218739451338.71,0.00,0.00,0.00,520.26,512.34,487.42,451.79,447.39
[object Object],PWR,"Quanta Services, Inc.",NYSE,625.84,stock,common,100.00,1.00,false,0.00,USD,-4.28,777531.00,0.89,93913648398.00,USD,85.86,7.29,17.85,0.07,Industrial services,america,Industrial Services,Buy,Buy,-4.28,1.45,-11.33,-1.91,33.10,47.27,53.34,595.84,2373.68,8434.14,3.11,3.61,StrongSell,Strong sell,StrongSell,Strong sell,Sell,Sell,38.86,-32.72,-37.72,-83.05,38.06,36.45,0.00,656.00,0.34,0.95,220.00,-0.52,777531.00,-15.58,627.02,0.19,133590.00,57.80,85.86,5.02,3.30,10.38,40.02,56.59,258.68,99963721398.00,3.32,56.09,36.34,641.06,677.71,694.40,652.71,556.59
[object Object],CME,CME Group Inc. Class A,NASDAQ,255.31,stock,common,100.00,1.00,false,0.00,USD,0.39,1809402.00,0.65,92513969791.00,USD,21.65,11.79,14.12,4.41,Finance,america,Finance,Buy,Buy,0.39,3.67,4.75,-10.13,-9.29,-6.22,-7.65,20.77,151.81,3173.21,2.88,2.79,Buy,Buy,Buy,Buy,Neutral,Neutral,57.88,15.04,3.27,130.03,84.58,77.55,0.00,254.32,0.00,0.10,725.00,-0.05,1809402.00,-37.13,255.31,0.00,291296.00,-10.30,21.65,1.53,13.57,3.46,21.41,21.90,40.46,94102469791.00,13.89,21.34,19.85,246.66,243.19,256.52,277.56,278.68
[object Object],INGA,ING Groep N.V.,EURONEXT,28.95,stock,common,1000.00,5.00,false,0.00,EUR,1.49,4171662.00,0.84,91805843844.07,USD,13.27,2.52,0.00,3.66,Finance,netherlands,Finance,Buy,Buy,1.49,1.78,3.58,21.33,18.72,20.60,44.75,175.66,186.07,31.93,1.91,1.75,Buy,Buy,StrongBuy,Strong buy,Neutral,Neutral,59.70,0.54,1.07,77.20,73.51,79.74,0.00,0.00,0.00,0.00,0.00,-0.04,4171662.00,-27.91,28.95,0.00,1789708.00,41.05,13.27,0.00,2.15,1.64,0.00,0.00,0.00,260045280044.07,9.69,0.00,0.00,28.76,28.09,27.28,25.50,24.41
[object Object],CMI,Cummins Inc.,NYSE,664.65,stock,common,100.00,1.00,false,0.00,USD,-0.06,677249.00,0.84,91714431731.00,USD,34.50,19.27,-4.16,1.20,Producer manufacturing,america,Producer Manufacturing,Buy,Buy,-0.06,5.50,-4.17,1.21,13.79,30.21,84.62,180.19,463.07,15424.67,2.45,3.32,Sell,Sell,Neutral,Neutral,Sell,Sell,48.62,-11.30,-18.05,-26.09,59.28,51.69,doji,669.50,0.67,0.67,150.00,0.00,677249.00,-15.79,664.00,-0.10,113595.00,85.34,34.50,0.00,2.72,7.43,23.46,34.54,28.99,97793431731.00,2.89,25.11,19.51,659.27,678.66,674.40,635.78,574.25
[object Object],MNST,Monster Beverage Corporation,NASDAQ,93.49,stock,common,100.00,1.00,false,0.00,USD,-0.07,5949127.00,1.06,91433976832.00,USD,45.37,2.06,36.04,0.00,Consumer non-durables,america,Consumer Non-Durables,Buy,Buy,-0.07,-6.53,-0.50,20.55,15.94,21.94,57.60,94.62,249.84,143501.01,1.86,2.14,Neutral,Neutral,Neutral,Neutral,Neutral,Neutral,45.62,-3.90,0.03,-184.94,14.07,15.50,doji,93.77,0.22,-0.01,466.00,-0.11,5949127.00,53.77,93.51,0.02,1117836.00,65.72,45.37,1.26,10.52,10.48,42.08,44.60,30.95,88448983832.00,10.06,34.29,32.79,96.27,95.42,92.46,84.29,79.88
[object Object],MELI,"MercadoLibre, Inc.",NASDAQ,1801.44,stock,common,100.00,1.00,false,0.00,USD,0.15,303917.00,0.85,91327928034.00,USD,47.57,37.87,-6.84,0.00,Retail trade,america,Retail Trade,StrongBuy,Strong buy,0.15,-1.41,13.80,-0.99,-16.02,-11.15,-25.18,11.89,1075.57,8088.36,2.46,3.09,Buy,Buy,Buy,Buy,Neutral,Neutral,55.13,-50.78,86.09,25.30,29.51,40.60,long_upper_shadow_bearish,1801.02,0.13,0.20,30.00,0.11,303917.00,-0.72,1809.00,0.42,60951.00,-24.85,47.57,0.00,2.87,12.54,9.39,10.66,5.34,91053928034.00,2.86,29.86,23.10,1831.01,1739.96,1699.02,1724.14,1900.68
[object Object],WMB,"Williams Companies, Inc.",NYSE,74.00,stock,common,100.00,1.00,false,0.00,USD,-1.66,6108579.00,0.96,90501873535.00,USD,32.51,2.28,22.09,2.77,Industrial services,america,Industrial Services,Buy,Buy,-1.66,-2.21,-1.57,3.09,14.78,23.11,28.38,193.07,203.40,3103.69,2.65,2.80,Sell,Sell,Sell,Sell,Sell,Sell,48.78,-1.02,0.58,4.31,52.55,48.95,0.00,75.26,0.01,-0.04,1387.00,0.20,6108579.00,27.23,74.00,0.00,992501.00,23.84,32.51,1.50,7.60,6.98,14.95,125.66,95.50,122058873535.00,10.06,27.01,17.54,74.42,74.21,74.33,73.77,68.32
[object Object],MPC,Marathon Petroleum Corporation,NYSE,309.24,stock,common,100.00,1.00,false,0.00,USD,-0.97,2000765.00,0.94,90278475969.00,USD,20.21,15.30,114.98,1.26,Energy minerals,america,Energy Minerals,Buy,Buy,-0.97,-0.80,26.93,39.90,74.04,89.89,76.72,474.48,726.18,1527.58,2.80,2.99,Buy,Buy,StrongBuy,Strong buy,Neutral,Neutral,68.13,25.50,42.71,73.57,77.85,85.24,0.00,311.49,-0.25,0.00,2638.00,-0.18,2000765.00,-12.96,309.36,0.04,268238.00,70.52,20.21,0.18,0.68,5.41,9.67,16.00,42.41,129127475969.00,0.95,15.87,11.32,309.03,276.09,268.41,250.85,218.67
[object Object],FCX,"Freeport-McMoRan, Inc.",NYSE,62.60,stock,common,100.00,1.00,false,0.00,USD,-1.42,11938921.00,0.80,89991242191.00,USD,30.83,2.03,53.83,0.96,Non-energy minerals,america,Non-Energy Minerals,Buy,Buy,-1.42,10.41,-0.18,0.85,4.77,21.02,39.25,73.41,396.04,411.02,3.54,3.91,Buy,Buy,Buy,Buy,Sell,Sell,50.95,1.08,-1.14,59.84,82.90,83.45,long_lower_shadow_bullish,62.87,-0.99,-0.20,69560.00,-1.48,11938921.00,-36.88,62.53,-0.11,1349678.00,30.44,30.83,0.58,3.62,0.00,15.31,51.27,20.73,108105242191.00,4.27,19.08,13.83,61.23,63.05,63.69,62.44,56.60
[object Object],CDNS,"Cadence Design Systems, Inc.",NASDAQ,326.24,stock,common,100.00,1.00,false,0.00,USD,-1.28,2875682.00,1.36,89982212253.00,USD,76.16,4.28,8.49,0.00,Technology services,america,Technology Services,StrongBuy,Strong buy,-1.28,-2.49,-13.16,1.92,3.40,3.34,0.21,124.99,1151.40,17630.43,3.76,3.98,StrongSell,Strong sell,StrongSell,Strong sell,Sell,Sell,32.06,-57.93,-37.65,-130.06,15.74,21.42,marubozu_black_bearish,340.97,3.18,0.53,152.00,1.45,2875682.00,34.40,327.60,0.42,657583.00,5.88,76.16,9.09,16.36,13.71,55.90,62.45,57.76,91519458253.00,16.55,52.16,45.44,348.93,369.77,372.32,339.31,327.70
[object Object],ACN,Accenture Plc Class A,NYSE,146.99,stock,common,100.00,1.00,false,0.00,USD,5.95,6570587.00,0.84,89949378325.00,USD,11.74,12.52,-0.34,4.33,Technology services,america,Technology Services,Buy,Buy,5.95,1.37,16.21,-17.77,-48.30,-45.31,-47.84,-53.89,30.33,873.44,3.50,4.53,Buy,Buy,Buy,Buy,Buy,Buy,53.13,11.76,-2.71,119.97,69.23,67.28,0.00,141.48,1.97,0.66,2394.00,2.71,6570587.00,-36.59,146.88,-0.07,1192588.00,-50.06,11.74,0.00,1.17,2.82,6.86,7.19,8.90,89783728325.00,1.23,7.94,6.88,140.97,140.21,154.88,173.54,213.12
[object Object],VLO,Valero Energy Corporation,NYSE,302.50,stock,common,100.00,1.00,false,0.00,USD,-0.90,2320390.00,0.79,89822162857.00,USD,21.97,13.77,385.50,1.54,Energy minerals,america,Energy Minerals,Buy,Buy,-0.90,-1.23,26.62,28.99,59.64,85.30,109.20,373.40,506.70,17602.04,3.49,3.77,Buy,Buy,StrongBuy,Strong buy,Neutral,Neutral,63.05,21.81,40.11,65.41,76.30,83.83,0.00,304.98,-0.09,0.92,2786.00,-0.29,2320390.00,-2.86,302.50,0.00,375091.00,102.51,21.97,0.06,0.73,3.76,14.39,16.24,15.65,98616162857.00,0.79,15.76,10.31,304.66,273.93,264.98,251.59,214.96
[object Object],ADBE,Adobe Inc.,NASDAQ,225.11,stock,common,100.00,1.00,false,0.00,USD,6.10,4719922.00,0.94,89481225243.00,USD,12.88,17.48,11.81,0.00,Technology services,america,Technology Services,Neutral,Neutral,6.10,-4.31,14.92,-6.11,-25.33,-35.81,-39.47,-63.94,130.29,106618.56,4.83,3.97,Neutral,Neutral,Neutral,Neutral,Buy,Buy,51.43,1.47,6.34,20.51,24.36,36.13,0.00,216.21,1.90,1.23,15721.00,2.04,4719922.00,8.18,224.51,-0.27,697848.00,-39.22,12.88,1.03,3.38,7.80,8.63,8.80,16.09,90920225243.00,3.61,9.82,9.08,226.61,214.27,227.99,238.81,278.81
[object Object],KKR,KKR & Co Inc,NYSE,99.36,stock,common,100.00,1.00,false,0.00,USD,3.53,3867097.00,1.09,89212654357.00,USD,33.87,2.93,27.19,0.75,Finance,america,Finance,StrongBuy,Strong buy,3.53,-1.87,6.00,-2.45,-19.09,-22.91,-35.14,61.57,597.26,327.35,3.42,3.61,Buy,Buy,StrongBuy,Strong buy,Buy,Buy,56.36,2.42,1.20,57.69,43.62,41.76,0.00,96.20,0.24,0.24,284.00,0.06,3867097.00,67.82,99.36,0.00,1133124.00,-30.29,33.87,1.20,4.09,3.16,10.89,11.10,4.87,177426437357.00,7.93,32.70,32.02,98.37,95.86,95.50,95.48,107.72
[object Object],MMM,3M Company,NYSE,172.62,stock,common,100.00,1.00,false,0.00,USD,1.79,4101454.00,0.99,89024000260.00,USD,30.65,5.63,-21.67,1.75,Producer manufacturing,america,Producer Manufacturing,Buy,Buy,1.79,5.47,6.26,19.53,7.97,7.82,15.08,3.00,14.58,4757.99,2.66,2.50,StrongBuy,Strong buy,StrongBuy,Strong buy,Buy,Buy,69.19,15.10,8.10,154.23,77.12,72.69,0.00,171.21,0.95,0.95,100.00,0.42,4101454.00,-13.42,172.44,-0.10,643096.00,2.15,30.65,0.00,3.52,30.16,18.41,22.63,27.08,98907000260.00,3.93,18.83,14.89,163.93,161.59,157.72,152.77,158.46
[object Object],DDOG,"Datadog, Inc. Class A",NASDAQ,246.86,stock,common,100.00,1.00,false,0.00,USD,1.01,2627962.00,0.70,87872334366.00,USD,658.82,0.37,-18.83,0.00,Technology services,america,Technology Services,StrongBuy,Strong buy,1.01,-3.53,13.13,92.66,89.16,79.86,70.25,123.10,511.80,511.80,3.72,5.45,Buy,Buy,Buy,Buy,Buy,Buy,49.13,-10.68,7.25,-113.49,9.83,17.13,"hanging_man_bearish,long_lower_shadow_bullish",247.25,1.17,0.00,2404.00,1.66,2627962.00,7.38,250.34,1.41,487722.00,84.08,658.82,0.00,24.27,22.03,80.88,84.86,18.92,84398769366.00,22.98,0.00,762.48,257.14,246.94,239.61,185.20,164.77
[object Object],LLOY,Lloyds Banking Group plc,LSE,113.50,stock,common,100.00,5.00,false,0.00,GBX,0.93,80525833.00,0.60,87737615035.33,USD,14.50,0.10,0.00,3.22,Finance,uk,Finance,Buy,Buy,0.93,1.89,4.66,15.82,11.11,15.53,45.51,149.15,100.57,-12.71,2.16,2.12,Buy,Buy,StrongBuy,Strong buy,Neutral,Neutral,58.63,1.35,3.90,48.12,66.75,63.07,0.00,0.00,0.00,0.00,0.00,0.00,80525833.00,-54.97,113.50,0.00,26703385.00,39.29,14.50,0.00,1.98,1.38,0.00,0.00,0.00,203987474635.33,7.75,0.00,0.00,112.44,110.62,106.05,101.67,99.01
[object Object],JCI,Johnson Controls International plc,NYSE,143.37,stock,common,100.00,1.00,false,0.00,USD,0.06,3068534.00,1.08,87472270677.00,USD,25.64,5.59,49.10,1.12,Producer manufacturing,america,Producer Manufacturing,Buy,Buy,0.06,3.44,1.08,1.14,25.07,19.02,31.02,102.36,234.49,38471.76,2.36,3.29,StrongBuy,Strong buy,StrongBuy,Strong buy,Neutral,Neutral,52.23,0.56,-1.29,42.89,61.92,50.89,0.00,0.00,0.00,0.00,0.00,-0.58,3068534.00,8.98,143.37,0.00,423488.00,20.19,25.64,0.52,3.60,6.47,50.65,64.44,125.04,96316270677.00,3.94,28.71,23.16,142.39,142.93,141.95,139.72,129.81
[object Object],MRSH,"Marsh & McLennan Companies, Inc.",NYSE,180.74,stock,common,100.00,1.00,false,0.00,USD,2.46,1938292.00,0.76,86251168138.00,USD,22.12,8.17,-1.91,1.99,Finance,america,Finance,Neutral,Neutral,2.46,-1.45,9.57,4.83,0.81,-1.99,-13.41,22.61,171.67,175605.01,2.60,2.61,StrongBuy,Strong buy,StrongBuy,Strong buy,Buy,Buy,58.72,2.43,7.68,42.25,29.43,41.57,0.00,176.70,0.17,-0.01,305.00,0.03,1938292.00,-36.97,181.00,0.14,417899.00,-15.90,22.12,0.00,3.04,5.69,17.16,18.27,51.25,107183168138.00,3.83,15.78,13.92,179.69,172.92,168.76,170.86,177.64
[object Object],EL,EssilorLuxottica SA,EURONEXT,163.50,stock,common,100.00,5.00,false,0.00,EUR,0.99,403970.00,0.75,86122244227.49,USD,32.82,5.85,-2.85,2.45,Health technology,france,Health Technology,StrongBuy,Strong buy,0.99,-2.74,-2.45,-13.31,-38.53,-39.11,-34.44,6.24,34.13,2956.07,2.22,2.71,Sell,Sell,StrongSell,Strong sell,Buy,Buy,41.27,-7.90,-6.70,-113.56,11.47,15.94,0.00,0.00,0.00,0.00,0.00,0.03,403970.00,-37.51,163.50,0.00,232311.00,-31.46,32.82,0.00,2.66,1.95,14.49,18.88,21.63,99156406707.49,2.96,25.12,13.09,166.30,170.18,172.19,183.17,231.93
[object Object],RACE,Ferrari NV,MIL,318.15,stock,common,100.00,5.00,false,0.00,EUR,0.86,299702.00,0.90,85564173534.71,USD,35.42,10.38,1.94,1.14,Consumer durables,italy,Consumer Durables,Buy,Buy,0.86,-4.46,4.84,5.79,11.48,0.05,-27.50,80.82,726.58,639.88,2.31,2.39,Sell,Sell,Sell,Sell,Neutral,Neutral,46.59,-12.85,1.66,-179.25,11.79,14.40,0.00,0.00,0.00,0.00,0.00,-0.14,299702.00,-32.23,318.15,0.00,190.00,-24.66,35.42,18.06,7.76,13.87,23.85,30.41,29.82,86750285733.07,10.42,35.21,26.65,325.67,322.81,312.85,303.02,313.44
[object Object],HOOD,"Robinhood Markets, Inc. Class A",NASDAQ,94.91,stock,common,100.00,1.00,false,0.00,USD,-6.57,24405010.00,1.19,85542890499.00,USD,45.90,2.07,18.01,0.00,Finance,america,Finance,Buy,Buy,-6.57,-5.44,-7.27,11.79,-11.22,-17.81,-7.85,149.76,149.76,149.76,4.83,6.09,Sell,Sell,StrongSell,Strong sell,Sell,Sell,42.43,-17.06,-0.46,-128.27,20.87,27.39,0.00,99.80,-1.75,-0.24,135503.00,-1.49,24405010.00,47.55,94.61,-0.32,1569655.00,-7.06,45.90,2.73,20.00,9.18,0.00,0.00,17.05,98245890499.00,21.14,48.00,46.00,105.14,104.60,95.33,85.94,100.67
[object Object],ABNB,"Airbnb, Inc. Class A",NASDAQ,141.10,stock,common,100.00,1.00,false,0.00,USD,2.57,2414881.00,0.71,85041664546.00,USD,34.75,4.06,2.15,0.00,Consumer services,america,Consumer Services,Buy,Buy,2.57,-3.88,1.47,0.66,5.92,3.80,1.18,0.93,-3.36,-3.36,2.42,2.87,Neutral,Neutral,Neutral,Neutral,Buy,Buy,46.90,-7.52,-0.28,-141.95,16.97,18.58,0.00,138.03,0.33,0.17,692.00,0.49,2414881.00,-30.66,140.21,-0.63,474057.00,1.22,34.75,15.73,6.58,10.99,18.79,18.90,7.11,75510664546.00,5.94,28.43,27.52,144.28,143.34,139.36,136.71,131.75
[object Object],HCA,HCA Healthcare Inc,NYSE,382.19,stock,common,100.00,1.00,false,0.00,USD,1.51,2703468.00,1.42,84784952929.00,USD,12.80,29.87,25.47,0.78,Health services,america,Health Services,Buy,Buy,1.51,-0.65,-1.12,-11.12,-17.63,-17.95,9.18,54.39,376.37,1124.97,2.84,3.23,Sell,Sell,StrongSell,Strong sell,Neutral,Neutral,47.34,-24.40,-10.91,-22.02,30.26,26.69,0.00,385.36,2.35,1.29,5205.00,1.34,2703468.00,82.47,377.42,-1.25,220292.00,-5.22,12.80,0.49,1.08,0.00,7.66,14.20,84.07,138756952929.00,1.78,11.49,8.81,376.42,388.76,388.99,435.73,457.76
[object Object],GLEN,Glencore plc,LSE,537.30,stock,common,10.00,1.00,false,0.00,GBX,-0.07,31942611.00,0.76,83692053479.06,USD,254.64,0.03,0.00,1.85,Distribution services,uk,Distribution Services,Buy,Buy,-0.07,5.35,-8.31,-2.65,10.41,30.92,64.31,69.50,202.02,-1.95,2.40,3.27,Buy,Buy,Buy,Buy,Neutral,Neutral,53.79,26.80,-7.51,158.29,88.63,83.46,0.00,0.00,0.00,0.00,0.00,-1.23,31942611.00,9.90,537.30,0.00,3669315.00,67.61,254.64,0.00,0.35,2.18,13.73,224.16,29.59,116641246297.17,0.46,46.83,11.49,524.85,529.29,550.06,548.77,483.04
[object Object],PRX,Prosus N.V. Class N,EURONEXT,36.76,stock,common,1000.00,5.00,false,0.00,EUR,0.82,1901787.00,0.56,83280814841.73,USD,8.07,5.26,-5.20,0.54,Technology services,netherlands,Technology Services,Buy,Buy,0.82,-7.18,-2.08,-10.53,-27.62,-31.66,-30.03,-1.75,5.41,5.41,2.59,2.86,Sell,Sell,StrongSell,Strong sell,Neutral,Neutral,41.49,-2.79,-0.98,-136.59,6.20,18.39,0.00,0.00,0.00,0.00,0.00,-0.47,1901787.00,-42.13,36.76,0.00,662284.00,-29.61,8.07,0.00,0.00,0.00,58.75,62.56,7.44,88347606995.90,9.15,290.77,191.61,38.76,38.57,39.04,40.37,46.68
[object Object],PSX,Phillips 66,NYSE,206.77,stock,common,100.00,1.00,false,0.00,USD,-0.10,1664715.00,0.62,82901337468.00,USD,20.35,10.16,131.74,2.39,Energy minerals,america,Energy Minerals,Buy,Buy,-0.10,0.56,23.53,28.43,43.88,60.29,63.16,185.67,175.58,521.86,2.77,2.93,StrongBuy,Strong buy,StrongBuy,Strong buy,Buy,Buy,67.29,18.41,25.40,80.23,81.06,88.05,0.00,205.75,-0.59,-0.64,516.00,-0.37,1664715.00,-56.30,204.82,-0.94,290244.00,63.01,20.35,0.15,0.61,2.91,33.21,700.71,16.19,106028337468.00,0.78,16.73,11.28,205.03,185.11,182.52,176.49,158.17
[object Object],EMR,Emerson Electric Co.,NYSE,147.94,stock,common,100.00,1.00,false,0.00,USD,2.10,3744174.00,1.63,82861191756.00,USD,34.13,4.33,3.45,1.48,Electronic technology,america,Electronic Technology,Buy,Buy,2.10,6.97,3.27,3.91,-1.22,11.04,0.79,50.22,165.60,7202.00,3.32,2.85,StrongBuy,Strong buy,StrongBuy,Strong buy,Neutral,Neutral,62.61,9.06,-0.69,213.31,84.47,70.73,0.00,0.00,0.00,0.00,0.00,0.00,3744174.00,-12.41,145.33,-1.77,560721.00,-3.66,34.13,9.70,4.45,4.08,23.41,26.74,46.50,95143191756.00,5.20,26.07,18.55,139.47,141.85,140.42,139.01,139.10
[object Object],NG.,National Grid plc,LSE,1237.50,stock,common,10.00,5.00,false,0.00,GBX,0.28,4213429.00,0.57,82821809917.90,USD,18.98,0.86,8.18,3.92,Utilities,uk,Utilities,Buy,Buy,0.28,1.02,1.56,-4.78,5.05,8.74,17.13,44.93,22.85,186.47,2.02,1.96,Buy,Buy,Buy,Buy,Neutral,Neutral,50.49,11.50,5.09,-15.83,61.78,58.29,0.00,0.00,0.00,0.00,0.00,-0.24,4213429.00,-44.93,1237.50,0.00,1736662.00,18.99,18.98,2.31,3.47,1.57,9.88,0.00,21.77,141347491117.90,6.05,21.20,14.66,1237.90,1232.87,1229.18,1264.53,1228.12
[object Object],ICE,"Intercontinental Exchange, Inc.",NYSE,145.79,stock,common,100.00,1.00,false,0.00,USD,1.80,3614755.00,1.13,82446065358.00,USD,21.23,6.87,42.24,1.37,Finance,america,Finance,StrongBuy,Strong buy,1.80,2.31,9.62,-6.78,-16.28,-9.64,-19.64,20.34,177.20,1769.10,2.27,2.90,Buy,Buy,Buy,Buy,Buy,Buy,62.94,10.53,5.56,118.97,91.69,85.62,0.00,144.00,0.55,0.55,1000.00,0.36,3614755.00,10.83,145.79,0.00,651680.00,-23.82,21.23,0.49,6.31,2.80,16.55,17.79,34.95,101137065358.00,7.82,17.15,13.57,140.83,135.50,140.46,150.02,154.89
[object Object],CTAS,Cintas Corporation,NASDAQ,205.91,stock,common,100.00,1.00,false,0.00,USD,1.31,2003516.00,0.71,82381941927.00,USD,41.95,4.91,11.52,0.87,Commercial services,america,Commercial Services,Buy,Buy,1.31,-0.61,21.44,16.96,6.65,9.77,-7.09,109.22,665.39,86471.55,2.20,2.65,StrongBuy,Strong buy,StrongBuy,Strong buy,Buy,Buy,72.08,26.27,19.63,104.53,81.76,79.02,0.00,0.00,0.00,0.00,0.00,-0.48,2003516.00,-18.38,205.91,0.00,372821.00,-8.54,41.95,3.59,7.29,16.03,36.57,44.25,288.05,84798880927.00,7.53,32.36,27.06,198.39,182.55,178.75,178.90,184.49
[object Object],ELV,"Elevance Health, Inc.",NYSE,377.68,stock,common,100.00,1.00,false,0.00,USD,-0.43,969558.00,0.53,81907193072.00,USD,16.79,22.50,-4.24,1.82,Health services,america,Health Services,Buy,Buy,-0.43,1.61,-4.77,8.53,1.97,7.68,30.23,-1.01,164.80,1765.09,3.10,3.28,Sell,Sell,Sell,Sell,Neutral,Neutral,41.88,-38.55,-15.99,-83.37,23.50,28.90,0.00,0.00,0.00,0.00,0.00,0.33,969558.00,-14.52,375.00,-0.71,168923.00,29.68,16.79,0.00,0.41,1.82,11.03,13.09,0.00,113090193072.00,0.56,0.00,0.00,391.00,397.92,398.48,359.01,350.60
[object Object],MCO,Moody's Corporation,NYSE,471.50,stock,common,100.00,1.00,false,0.00,USD,-0.16,935479.00,1.00,81663798561.00,USD,29.90,15.77,34.03,0.84,Commercial services,america,Commercial Services,Buy,Buy,-0.16,-8.97,5.66,4.06,-10.85,-7.50,-7.48,24.00,347.56,3790.59,2.35,2.81,Sell,Sell,Sell,Sell,Neutral,Neutral,45.67,-15.78,16.07,-56.11,12.54,31.50,0.00,475.00,0.58,0.58,50.00,0.78,935479.00,-10.57,478.98,1.59,171224.00,-0.76,29.90,0.88,10.10,26.99,24.79,27.73,55.00,87830798561.00,10.76,23.40,20.67,495.44,474.22,463.21,455.17,471.84
[object Object],ITW,Illinois Tool Works Inc.,NYSE,283.02,stock,common,100.00,1.00,false,0.00,USD,2.21,1349510.00,0.94,81424854294.00,USD,26.28,10.77,-5.19,2.28,Producer manufacturing,america,Producer Manufacturing,Neutral,Neutral,2.21,1.39,7.82,4.12,8.90,14.75,7.93,24.91,147.01,30088.80,1.99,2.20,StrongBuy,Strong buy,StrongBuy,Strong buy,Buy,Buy,64.68,14.21,7.75,182.43,66.93,52.84,0.00,0.00,0.00,0.00,0.00,0.41,1349510.00,-9.54,283.02,0.00,284303.00,6.78,26.28,0.00,4.94,25.22,25.92,29.87,98.94,89746854294.00,5.53,20.94,19.15,275.18,269.05,261.50,263.58,261.14
[object Object],INTU,Intuit Inc.,NASDAQ,296.33,stock,common,100.00,1.00,false,0.00,USD,5.26,3457367.00,0.87,81057211775.00,USD,17.94,16.51,34.39,1.57,Technology services,america,Technology Services,Buy,Buy,5.26,0.42,14.80,-22.40,-45.81,-55.14,-61.91,-43.89,160.01,12830.89,4.71,4.61,Buy,Buy,Buy,Buy,Buy,Buy,54.82,21.37,9.72,107.75,65.75,65.62,marubozu_white_bullish,287.00,1.94,0.85,6111.00,1.82,3457367.00,38.58,295.12,-0.41,487825.00,-62.07,17.94,0.50,3.71,3.94,10.37,10.60,12.06,81177211775.00,3.88,14.12,12.33,288.38,276.02,299.28,357.57,475.37
[object Object],TRV,"Travelers Companies, Inc.",NYSE,387.26,stock,common,100.00,1.00,false,0.00,USD,2.89,2535850.00,1.13,80772761264.00,USD,10.37,37.35,65.14,1.17,Finance,america,Finance,Neutral,Neutral,2.89,13.02,21.94,26.30,38.83,34.18,46.83,161.70,230.99,8626.99,2.43,2.62,StrongBuy,Strong buy,StrongBuy,Strong buy,Buy,Buy,80.84,48.34,42.48,173.00,96.28,95.48,0.00,378.00,0.43,0.26,1742.00,0.57,2535850.00,6.73,386.99,-0.07,369779.00,31.03,10.37,0.15,1.64,2.44,7.50,7.50,0.00,89840761264.00,1.83,0.00,0.00,358.82,335.15,320.77,310.40,297.55
[object Object],ENGI,ENGIE S.A.,EURONEXT,27.79,stock,common,100.00,1.00,false,0.00,EUR,0.25,2483064.00,1.02,80325754155.29,USD,18.41,1.77,-8.75,4.86,Utilities,france,Utilities,StrongBuy,Strong buy,0.25,3.58,3.42,-2.97,16.28,24.01,42.59,145.02,85.20,-0.79,1.68,1.88,StrongBuy,Strong buy,StrongBuy,Strong buy,Buy,Buy,58.11,0.91,0.24,137.75,88.56,70.45,0.00,0.00,0.00,0.00,0.00,-0.22,2483064.00,-28.27,27.79,0.00,1649937.00,44.73,18.41,0.00,1.14,2.37,0.00,0.00,5.37,138878242475.29,1.64,13.93,8.52,27.21,27.12,27.06,27.39,25.16
[object Object],CMCSA,Comcast Corporation Class A,NASDAQ,22.30,stock,common,100.00,1.00,false,0.00,USD,1.71,48229751.00,1.46,79116851343.00,USD,7.22,3.09,-49.00,5.92,Consumer services,america,Consumer Services,Neutral,Neutral,1.71,-8.42,-2.39,-27.99,-23.07,-20.37,-33.56,-59.12,-29.55,87726.70,4.54,3.90,StrongSell,Strong sell,StrongSell,Strong sell,Neutral,Neutral,38.39,-1.27,-0.34,-242.86,22.94,33.13,0.00,21.30,-2.83,0.59,1049079.00,-2.83,48229751.00,-9.02,22.37,0.33,6531404.00,-33.36,7.22,0.00,0.63,0.88,2.45,3.90,10.39,162028851343.00,1.30,8.73,4.72,23.39,23.40,23.88,26.27,27.09
[object Object],NSC,Norfolk Southern Corporation,NYSE,350.66,stock,common,100.00,1.00,false,0.00,USD,0.61,1194196.00,1.04,78761171117.00,USD,29.94,11.71,-20.86,1.54,Transportation,america,Transportation,Neutral,Neutral,0.61,3.31,15.11,8.44,21.16,21.38,21.76,32.43,281.15,9879.46,2.27,1.93,Buy,Buy,StrongBuy,Strong buy,Neutral,Neutral,73.15,23.19,21.19,181.10,71.23,66.78,0.00,351.00,0.70,-0.50,394.00,0.87,1194196.00,-56.55,351.50,0.24,272928.00,22.94,29.94,0.00,6.25,4.85,21.14,48.37,73.81,94308171117.00,7.52,23.42,17.35,335.76,320.93,317.53,308.71,300.87
[object Object],RCL,Royal Caribbean Group,NYSE,293.54,stock,common,100.00,1.00,false,0.00,USD,3.57,2965526.00,1.23,78725955784.00,USD,17.92,16.38,37.59,1.70,Consumer services,america,Consumer Services,Buy,Buy,3.57,2.49,-6.82,12.47,3.38,5.40,-16.36,279.10,303.05,3116.88,3.26,3.60,Buy,Buy,StrongBuy,Strong buy,Neutral,Neutral,51.72,8.17,-9.43,-8.87,39.89,28.96,0.00,285.85,0.86,0.56,1853.00,0.84,2965526.00,-44.62,293.01,-0.18,325507.00,-19.05,17.92,0.46,4.18,8.02,11.92,58.02,155.37,100223955784.00,5.45,19.49,14.54,288.16,298.37,287.65,280.62,286.10
[object Object],SLB,SLB Limited,NYSE,52.42,stock,common,100.00,1.00,false,0.00,USD,11.01,28899263.00,2.64,78370917555.00,USD,25.47,2.06,-29.49,2.21,Industrial services,america,Industrial Services,Buy,Buy,11.01,11.53,11.77,-3.51,4.84,36.47,50.03,80.32,-35.52,7333.44,3.16,2.51,StrongBuy,Strong buy,StrongBuy,Strong buy,Buy,Buy,65.64,4.66,-1.43,356.41,78.06,65.01,0.00,50.06,6.01,0.30,295501.00,6.04,28899263.00,132.39,52.33,-0.17,2377812.00,40.48,25.47,0.00,1.96,2.85,0.00,0.00,19.39,87097917555.00,2.40,17.27,11.49,47.68,48.29,51.48,51.39,46.34
[object Object],SHW,Sherwin-Williams Company,NYSE,317.51,stock,common,100.00,1.00,false,0.00,USD,2.24,2021315.00,1.09,78309278152.00,USD,30.47,10.42,-1.39,1.00,Process industries,america,Process Industries,Buy,Buy,2.24,-5.62,-3.00,-5.71,-8.43,-1.78,-6.64,11.11,223.46,63402.00,2.77,2.61,Sell,Sell,StrongSell,Strong sell,Buy,Buy,43.49,-16.48,-8.28,-127.74,18.61,10.41,0.00,0.00,0.00,0.00,0.00,0.88,2021315.00,-17.38,317.69,0.06,443532.00,-4.11,30.47,0.00,3.22,17.67,21.57,27.11,363.18,92693778152.00,3.87,23.49,19.94,324.92,329.73,319.39,322.18,332.40
[object Object],EOG,"EOG Resources, Inc.",NYSE,146.39,stock,common,100.00,1.00,false,0.00,USD,0.62,1981039.00,0.65,77971482716.00,USD,14.40,10.17,-5.63,2.76,Energy minerals,america,Energy Minerals,Buy,Buy,0.62,5.11,10.80,9.80,35.62,39.42,23.24,101.14,82.12,5755.60,1.95,2.27,Buy,Buy,StrongBuy,Strong buy,Neutral,Neutral,67.26,12.29,7.87,139.15,89.16,92.02,0.00,145.81,0.22,1.43,6699.00,-1.02,1981039.00,-36.88,146.50,0.08,365224.00,16.01,14.40,0.00,3.30,2.53,7.31,19.75,20.35,82428482716.00,3.50,10.82,6.67,141.38,135.76,136.91,136.67,123.11
[object Object],MDLZ,"Mondelez International, Inc. Class A",NASDAQ,60.52,stock,common,100.00,1.00,false,0.00,USD,0.78,8493627.00,0.99,77686485290.00,USD,30.01,2.02,-25.04,3.30,Consumer non-durables,america,Consumer Non-Durables,Buy,Buy,0.78,-2.67,-1.64,5.62,5.27,12.20,-13.63,-6.59,33.57,193.65,1.67,2.53,Buy,Buy,StrongBuy,Strong buy,Neutral,Neutral,51.10,1.69,-0.57,44.42,50.89,48.60,0.00,60.09,0.07,0.07,300.00,-0.02,8493627.00,-16.90,60.01,-0.84,1827789.00,-13.37,30.01,0.00,1.96,3.02,20.01,30.22,47.72,97731485290.00,2.49,19.90,15.54,60.14,60.36,60.88,59.54,58.61
[object Object],AMT,American Tower Corporation,NYSE,166.67,stock,common,100.00,1.00,false,0.00,USD,1.23,3343514.00,1.30,77650396525.00,USD,26.90,6.19,58.97,4.19,Finance,america,Finance,StrongBuy,Strong buy,1.23,-3.07,-7.35,-6.83,-5.51,-4.90,-27.76,-41.18,41.37,693.67,2.19,2.57,Sell,Sell,StrongSell,Strong sell,Neutral,Neutral,44.04,-1.92,-8.02,7.22,40.46,40.12,"gravestone_doji_bearish,long_upper_shadow_bearish",165.45,0.49,0.49,300.00,1.14,3343514.00,-7.63,166.70,0.02,563635.00,-24.70,26.90,0.45,7.10,22.05,13.97,20.63,44.77,127673196525.00,11.80,25.69,18.14,167.38,171.42,176.58,177.75,179.27
[object Object],AON,Aon Plc Class A,NYSE,361.70,stock,common,100.00,1.00,false,0.00,USD,1.66,784967.00,0.61,77250785449.00,USD,19.85,18.22,55.29,0.84,Finance,america,Finance,Buy,Buy,1.66,-2.24,12.12,12.18,7.60,3.01,1.27,46.99,227.33,13370.01,1.92,2.69,StrongBuy,Strong buy,StrongBuy,Strong buy,Neutral,Neutral,58.97,4.76,15.49,47.43,30.24,41.08,0.00,0.00,0.00,0.00,0.00,0.04,784967.00,-33.37,361.70,0.00,216758.00,1.99,19.85,0.35,4.36,7.86,20.66,22.28,55.02,91454785449.00,5.20,18.17,15.36,360.92,344.55,335.42,329.33,336.33
[object Object],HON,Honeywell International Inc.,NASDAQ,243.15,stock,common,100.00,1.00,false,0.00,USD,-1.27,3822661.00,1.18,77063959659.00,USD,8.99,27.04,53.73,3.87,Electronic technology,america,Electronic Technology,Buy,Buy,-1.27,7.61,3.64,9.00,4.50,18.53,8.88,7.75,124.74,2856.02,3.39,3.84,Buy,Buy,StrongBuy,Strong buy,Sell,Sell,61.57,16.73,4.58,171.86,79.95,74.15,0.00,247.57,0.53,-0.06,300.00,0.25,3822661.00,-39.38,244.87,0.71,644008.00,-52.53,8.99,0.17,2.01,4.16,15.14,18.68,8.42,103142959659.00,2.64,13.79,11.57,229.76,231.43,232.08,234.52,226.29
[object Object],NOC,Northrop Grumman Corp.,NYSE,542.24,stock,common,100.00,1.00,false,0.00,USD,1.64,655186.00,0.62,77032258200.00,USD,17.19,31.54,15.97,1.73,Electronic technology,america,Electronic Technology,Buy,Buy,1.64,3.27,5.26,-6.88,-19.57,-4.80,-4.58,51.50,147.10,25215.45,3.68,2.79,Buy,Buy,Buy,Buy,Neutral,Neutral,55.08,2.61,-5.24,68.43,74.24,62.55,0.00,537.56,0.76,-0.33,732.00,0.38,655186.00,-39.56,541.15,-0.20,79974.00,-0.32,17.19,1.06,1.77,4.31,15.21,21.18,33.47,91777258200.00,2.14,19.96,14.99,527.32,528.49,536.31,598.96,608.49
[object Object],BA.,BAE Systems plc,LSE,1971.00,stock,common,10.00,5.00,false,0.00,GBX,0.31,2198522.00,0.39,76911239814.91,USD,28.97,0.92,6.18,1.84,Electronic technology,uk,Electronic Technology,Buy,Buy,0.31,8.42,7.27,-4.81,-0.66,15.03,6.00,259.15,265.34,5052.94,2.75,4.28,Buy,Buy,StrongBuy,Strong buy,Neutral,Neutral,59.86,120.00,53.71,79.50,80.77,75.84,0.00,0.00,0.00,0.00,0.00,-0.51,2198522.00,-79.12,1971.00,0.00,995548.00,-3.02,28.97,4.67,2.10,4.90,18.13,25.14,16.51,84344446014.91,2.21,25.06,17.05,1887.20,1875.73,1900.56,2030.37,1952.33
[object Object],ROST,"Ross Stores, Inc.",NASDAQ,238.89,stock,common,100.00,1.00,false,0.00,USD,2.80,1500694.00,0.72,76631388875.00,USD,33.29,7.18,13.47,0.71,Retail trade,america,Retail Trade,Buy,Buy,2.80,3.01,4.76,5.69,27.81,32.28,74.65,96.57,298.68,42967.45,2.31,2.76,Buy,Buy,StrongBuy,Strong buy,Neutral,Neutral,62.89,16.01,8.54,111.67,90.30,91.82,0.00,232.60,0.09,0.09,100.00,0.13,1500694.00,-25.28,238.65,-0.10,281972.00,76.21,33.29,2.40,3.14,12.16,22.22,29.15,18.48,77202421875.00,3.25,26.58,22.50,231.35,226.24,225.57,222.11,199.97
[object Object],CI,Cigna Group,NYSE,289.57,stock,common,100.00,1.00,false,0.00,USD,1.15,1084218.00,0.65,76600651805.00,USD,12.27,23.60,30.78,2.12,Health services,america,Health Services,Buy,Buy,1.15,1.05,2.09,3.67,3.42,4.67,-3.48,24.58,98.34,4887.91,2.42,2.88,Buy,Buy,StrongBuy,Strong buy,Neutral,Neutral,51.74,-3.89,-1.27,15.72,35.41,37.88,0.00,287.00,0.25,0.25,82.00,0.63,1084218.00,4.27,287.52,-0.71,208778.00,-5.75,12.27,0.39,0.27,1.82,8.68,9.98,0.00,107732651805.00,0.39,0.00,0.00,290.61,287.37,286.56,280.58,280.24
[object Object],ENI,Eni S.p.A.,MIL,22.96,stock,common,1000.00,5.00,false,0.00,EUR,-0.02,8663020.00,0.97,76390965268.51,USD,29.42,0.90,-4.60,4.57,Energy minerals,italy,Energy Minerals,Buy,Buy,-0.02,8.05,6.92,-1.88,39.19,41.99,59.22,136.63,61.35,323.40,2.11,1.96,StrongBuy,Strong buy,StrongBuy,Strong buy,Neutral,Neutral,65.08,2.21,0.72,168.00,96.37,93.85,0.00,0.00,0.00,0.00,0.00,-0.96,8663020.00,-24.21,22.96,0.00,31513.00,46.85,29.42,0.00,0.87,1.38,5.58,23.00,4.67,106971990748.51,1.17,18.29,7.62,21.90,21.28,22.09,22.57,19.56
[object Object],DG,VINCI SA,EURONEXT,118.35,stock,common,100.00,5.00,false,0.00,EUR,0.30,534440.00,0.81,75788163573.37,USD,13.69,10.16,2.51,4.22,Industrial services,france,Industrial Services,Buy,Buy,0.30,-2.59,-7.90,-7.79,0.81,-0.59,-5.92,32.74,79.26,1047.91,1.53,1.99,Sell,Sell,StrongSell,Strong sell,Neutral,Neutral,38.26,-0.65,-5.68,-64.03,13.32,13.02,spinning_top_white,0.00,0.00,0.00,0.00,0.21,534440.00,-34.48,118.35,0.00,218882.00,-5.01,13.69,5.43,0.89,2.14,5.64,8.37,3.63,103304602413.37,1.17,9.73,6.64,118.88,124.20,124.05,127.09,124.89
[object Object],ECL,Ecolab Inc.,NYSE,268.75,stock,common,100.00,1.00,false,0.00,USD,2.13,1155135.00,1.11,75636328125.00,USD,36.34,7.40,0.60,1.06,Process industries,america,Process Industries,Buy,Buy,2.13,-3.21,-1.44,-0.71,-4.49,2.89,0.12,23.47,123.96,12098.58,2.03,2.14,Sell,Sell,Sell,Sell,Neutral,Neutral,48.25,-5.56,-5.30,-95.59,16.11,11.55,0.00,263.14,0.00,0.00,82.00,0.23,1155135.00,-5.67,268.75,0.00,295858.00,0.74,36.34,59.58,4.54,7.56,25.17,40.77,146.68,84411128125.00,5.13,28.21,21.12,269.20,272.93,265.36,266.98,270.66
[object Object],DASH,"DoorDash, Inc. Class A",NASDAQ,172.91,stock,common,100.00,1.00,false,0.00,USD,1.85,3687339.00,1.10,75340130901.00,USD,82.36,2.10,174.50,0.00,Transportation,america,Transportation,Buy,Buy,1.85,-7.11,-0.14,-1.76,-16.39,-24.73,-28.10,-4.97,-4.99,-4.99,4.38,4.36,Sell,Sell,StrongSell,Strong sell,Neutral,Neutral,43.27,-18.91,2.90,-198.22,12.14,19.55,0.00,171.00,0.72,0.52,705.00,0.72,3687339.00,-25.18,172.91,0.00,417100.00,-20.80,82.36,0.46,5.10,7.39,32.00,43.65,13.11,72806130901.00,4.95,82.64,41.72,183.55,180.25,170.94,168.59,193.07
[object Object],G,Assicurazioni Generali S.p.A.,MIL,42.90,stock,common,100.00,1.00,false,0.00,EUR,0.73,1322765.00,0.65,74583521251.78,USD,15.89,3.17,12.37,3.82,Finance,italy,Finance,Neutral,Neutral,0.73,2.24,1.85,14.55,27.30,19.93,33.02,154.45,282.35,182.98,1.37,1.38,StrongBuy,Strong buy,StrongBuy,Strong buy,Neutral,Neutral,59.98,0.84,0.24,114.09,82.03,75.01,0.00,0.00,0.00,0.00,0.00,0.02,1322765.00,-32.92,0.00,0.00,0.00,31.82,15.89,1.28,0.95,2.01,3.40,3.47,0.00,122695483891.78,1.47,0.00,0.00,42.26,42.39,41.05,38.55,36.40
[object Object],FDX,FedEx Corporation,NYSE,314.96,stock,common,100.00,1.00,false,0.00,USD,-0.21,1076695.00,0.69,74513610216.00,USD,16.99,18.54,9.93,1.77,Transportation,america,Transportation,Buy,Buy,-0.21,-0.38,0.06,-0.32,26.68,35.37,64.69,32.10,144.01,40936.52,2.36,2.77,Neutral,Neutral,Neutral,Neutral,Neutral,Neutral,48.65,0.27,-6.09,27.89,72.72,68.30,0.00,315.50,-0.04,0.36,1060.00,0.13,1076695.00,-33.69,315.15,0.06,212668.00,37.54,16.99,1.72,0.80,2.39,8.50,14.84,5.60,103909610216.00,1.10,15.69,9.45,314.50,319.41,319.58,308.68,273.06
[object Object],SPG,"Simon Property Group, Inc.",NYSE,229.78,stock,common,100.00,1.00,false,0.00,USD,2.03,983821.00,0.64,74513499500.00,USD,42.04,5.47,-18.35,3.83,Finance,america,Finance,Buy,Buy,2.03,0.32,5.92,13.11,24.49,24.56,38.97,85.31,1.74,986.25,1.54,1.89,Buy,Buy,StrongBuy,Strong buy,Neutral,Neutral,63.94,11.01,7.07,90.69,76.17,74.39,0.00,0.00,0.00,0.00,0.00,0.56,983821.00,-21.63,229.32,-0.20,218366.00,39.48,42.04,0.00,11.01,15.46,16.79,21.00,137.52,104471187500.00,15.72,32.55,21.92,225.62,221.93,215.20,205.40,195.49
[object Object],HLT,Hilton Worldwide Holdings Inc.,NYSE,324.97,stock,common,100.00,1.00,false,0.00,USD,1.50,1473636.00,0.68,73978893178.00,USD,49.68,6.54,3.19,0.18,Consumer services,america,Consumer Services,Buy,Buy,1.50,0.78,-5.48,-3.05,9.84,13.28,21.97,160.54,560.79,643.62,1.82,2.29,Neutral,Neutral,Sell,Sell,Neutral,Neutral,44.55,-10.51,-13.13,-62.71,22.89,20.76,0.00,0.00,0.00,0.00,0.00,0.10,1473636.00,-8.64,324.97,0.00,208893.00,14.06,49.68,15.34,6.05,0.00,32.85,34.21,121.80,86455893178.00,7.04,30.50,28.62,323.81,334.83,332.31,322.55,304.28
[object Object],AEP,"American Electric Power Company, Inc.",NASDAQ,135.54,stock,common,100.00,1.00,false,0.00,USD,0.46,3184710.00,0.89,73747993672.00,USD,20.05,6.76,30.44,2.79,Utilities,america,Utilities,Buy,Buy,0.46,0.11,0.98,1.29,15.92,17.41,24.51,58.14,93.41,271.34,1.69,1.91,Buy,Buy,StrongBuy,Strong buy,Sell,Sell,55.74,0.11,-0.18,21.65,45.17,30.12,0.00,0.00,0.00,0.00,0.00,0.38,3184710.00,-6.81,135.46,-0.06,792726.00,25.32,20.05,0.66,3.30,2.32,10.57,0.00,135.06,126144993672.00,5.64,23.12,14.16,133.34,133.59,131.37,132.03,125.94
[object Object],VOLV_B,Volvo AB Class B,OMXSTO,354.80,stock,common,10.00,1.00,false,0.00,SEK,0.80,2535747.00,0.91,73670961430.31,USD,20.13,1.81,-5.84,2.40,Producer manufacturing,sweden,Producer Manufacturing,Buy,Buy,0.80,2.69,11.85,9.17,12.60,19.50,22.68,71.40,298.20,846.11,2.25,2.31,StrongBuy,Strong buy,StrongBuy,Strong buy,Buy,Buy,71.99,17.90,15.34,197.51,90.99,78.44,0.00,0.00,0.00,0.00,0.00,0.00,2535747.00,-16.11,0.00,0.00,0.00,30.56,20.13,0.00,1.52,4.09,14.48,22.16,15.33,95459918230.31,1.97,16.94,11.87,342.43,332.29,326.87,322.84,309.38
[object Object],DLR,"Digital Realty Trust, Inc.",NYSE,199.08,stock,common,100.00,1.00,false,0.00,USD,11.01,10764776.00,4.10,73661593422.00,USD,97.01,2.05,-46.22,2.45,Finance,america,Finance,Buy,Buy,11.01,15.10,1.06,-1.41,25.20,28.74,11.18,29.05,87.86,1559.00,3.65,2.81,StrongBuy,Strong buy,StrongBuy,Strong buy,Buy,Buy,68.54,18.67,-0.82,273.71,75.54,72.44,0.00,190.00,5.94,2.51,134066.00,5.94,10764776.00,230.05,199.08,0.00,622099.00,3.75,97.01,0.00,9.47,2.76,0.00,0.00,38.60,93804226422.00,13.70,71.58,28.36,178.70,182.60,185.01,186.40,175.66
[object Object],MUV2,Munchener Ruckversicherungs-Gesellschaft AG,XETR,509.00,stock,common,10.00,2.00,false,0.00,EUR,0.55,448155.00,2.02,73517987509.23,USD,9.77,60.22,49.68,4.72,Finance,germany,Finance,Neutral,Neutral,0.55,-0.86,8.11,-7.66,-0.16,-9.46,-12.84,122.27,242.30,695.28,2.39,1.81,Buy,Buy,StrongBuy,Strong buy,Neutral,Neutral,59.67,5.40,19.57,39.87,47.23,47.26,long_lower_shadow_bullish,505.60,-0.12,-0.12,5.00,0.67,448155.00,57.74,509.00,0.00,117899.00,-12.64,9.77,0.20,0.93,1.89,0.00,0.00,0.00,82271511709.23,1.02,0.00,0.00,509.60,493.05,480.26,505.61,522.57
[object Object],KMI,Kinder Morgan Inc Class P,NYSE,32.86,stock,common,100.00,1.00,false,0.00,USD,0.27,9358900.00,1.01,73107773321.00,USD,21.20,1.55,27.19,3.58,Industrial services,america,Industrial Services,Buy,Buy,0.27,-0.18,1.11,3.56,9.61,19.53,22.45,88.69,55.81,3.66,2.51,2.24,StrongBuy,Strong buy,StrongBuy,Strong buy,Buy,Buy,57.11,0.74,0.50,136.11,67.52,63.56,spinning_top_black,32.94,0.52,-0.15,6682.00,0.46,9358900.00,-53.79,32.85,-0.03,1498182.00,16.00,21.20,0.78,4.07,2.31,10.61,20.10,614.40,106484773321.00,5.95,20.10,13.69,32.49,32.23,32.30,32.51,30.35
[object Object],DHL,Deutsche Post AG,XETR,57.04,stock,common,100.00,2.00,false,0.00,EUR,1.24,1169806.00,0.67,72623693798.36,USD,18.47,3.57,7.96,3.33,Transportation,germany,Transportation,Buy,Buy,1.24,0.14,11.76,20.19,22.96,22.53,40.11,-3.58,120.79,164.56,1.70,2.11,StrongBuy,Strong buy,StrongBuy,Strong buy,Neutral,Neutral,60.81,0.74,2.43,57.23,65.22,69.76,0.00,56.24,-0.18,-0.32,36.00,-0.07,1169806.00,-37.34,56.92,-0.21,606102.00,41.50,18.47,2.29,0.77,2.73,7.30,10.67,8.24,97323534078.36,1.02,13.71,7.64,56.96,54.71,53.07,49.94,47.60
[object Object],CL,Colgate-Palmolive Company,NYSE,90.75,stock,common,100.00,1.00,false,0.00,USD,0.74,3192303.00,0.77,72617181793.00,USD,35.21,2.58,-27.03,2.30,Consumer non-durables,america,Consumer Non-Durables,Buy,Buy,0.74,-4.15,-2.02,7.32,5.34,14.98,2.13,9.14,21.98,9716.44,1.45,2.03,Neutral,Neutral,Neutral,Neutral,Neutral,Neutral,48.07,-1.49,-0.36,-101.59,22.07,22.97,0.00,0.00,0.00,0.00,0.00,-0.09,3192303.00,-38.21,90.75,0.00,548013.00,6.01,35.21,0.00,3.49,500.80,16.82,19.40,51.49,79512181793.00,3.82,17.49,15.34,91.77,91.65,90.56,88.57,85.68
[object Object],GM,General Motors Company,NYSE,82.64,stock,common,100.00,1.00,false,0.00,USD,2.44,5605737.00,0.76,72512594572.00,USD,41.68,1.98,-68.57,0.80,Consumer durables,america,Consumer Durables,Buy,Buy,2.44,7.13,4.44,5.64,2.44,1.51,56.01,49.60,156.73,136.11,4.50,2.96,StrongBuy,Strong buy,StrongBuy,Strong buy,Buy,Buy,61.50,4.79,0.48,230.11,74.46,73.12,0.00,80.56,-0.14,0.25,2883.00,-0.16,5605737.00,-41.07,82.10,-0.65,827360.00,35.37,41.68,0.00,0.40,1.20,3.24,124.10,2.71,174132594572.00,0.94,95.99,11.60,78.58,78.64,79.11,77.63,76.58
[object Object],ORLY,"O'Reilly Automotive, Inc.",NASDAQ,87.40,stock,common,100.00,1.00,false,0.00,USD,1.50,6370458.00,0.83,72429699946.00,USD,28.56,3.06,12.51,0.00,Retail trade,america,Retail Trade,StrongBuy,Strong buy,1.50,0.30,-0.38,-5.90,-11.47,-3.68,-8.75,111.58,379.67,53684.59,2.61,3.21,Neutral,Neutral,Sell,Sell,Buy,Buy,50.38,1.12,-1.11,-12.02,46.77,41.42,0.00,0.00,0.00,0.00,0.00,0.05,6370458.00,-7.11,87.10,-0.34,1039216.00,-9.66,28.56,2.25,3.98,0.00,24.22,38.48,291.47,80908292946.00,4.44,22.72,19.81,86.06,87.59,88.37,90.49,93.41
[object Object],NWG,NatWest Group Plc,LSE,676.00,stock,common,10.00,2.00,false,0.00,GBX,0.81,32812852.00,1.40,71578517525.22,USD,9.70,0.92,19.76,4.81,Finance,uk,Finance,Buy,Buy,0.81,1.90,3.02,16.55,3.11,3.52,35.63,218.72,223.40,-55.01,2.18,2.06,Buy,Buy,StrongBuy,Strong buy,Neutral,Neutral,58.38,13.60,22.26,47.93,76.13,77.20,0.00,0.00,0.00,0.00,0.00,-0.30,32812852.00,-34.78,676.00,0.00,3179621.00,32.65,9.70,0.49,3.04,1.38,0.00,0.00,0.00,51611511725.22,1.29,0.00,0.00,667.78,660.93,632.22,604.62,610.23
[object Object],SNPS,"Synopsys, Inc.",NASDAQ,373.47,stock,common,100.00,1.00,false,0.00,USD,-0.01,1586404.00,0.77,71511783495.00,USD,86.40,4.32,-68.87,0.00,Technology services,america,Technology Services,Buy,Buy,-0.01,-7.00,-18.84,-20.43,-26.41,-22.02,-38.93,31.34,580.27,5141.68,3.22,3.76,Sell,Sell,StrongSell,Strong sell,Sell,Sell,25.80,-72.03,-59.34,-125.16,10.09,13.86,0.00,376.91,0.91,0.28,1296.00,1.20,1586404.00,-28.88,373.66,0.05,259506.00,-32.00,86.40,0.00,8.27,2.35,25.66,27.25,28.85,79864969495.00,9.21,76.58,30.97,397.84,433.18,458.22,450.48,451.63
[object Object],URI,"United Rentals, Inc.",NYSE,1141.59,stock,common,100.00,1.00,false,0.00,USD,0.16,490589.00,0.91,71055400731.00,USD,27.43,41.62,7.66,0.66,Finance,america,Finance,Buy,Buy,0.16,7.63,6.32,14.39,20.59,40.83,37.67,251.66,1361.70,7773.03,4.12,3.34,StrongBuy,Strong buy,StrongBuy,Strong buy,Neutral,Neutral,62.10,46.04,-14.82,111.87,63.42,39.78,0.00,1160.00,1.78,-0.82,613.00,-0.69,490589.00,-59.28,1141.59,0.00,71324.00,24.67,27.43,3.58,4.24,7.72,12.45,113.13,638.37,86328400731.00,5.13,20.38,11.59,1065.81,1081.95,1047.57,932.41,900.71
[object Object],APO,Apollo Global Management Inc,NYSE,122.61,stock,common,100.00,1.00,false,0.00,USD,3.03,3415499.00,0.81,70686813122.00,USD,80.63,1.52,-73.14,1.71,Finance,america,Finance,Buy,Buy,3.03,0.88,-5.68,-1.48,-11.77,-15.45,-19.89,107.22,639.51,555.67,3.30,3.45,Buy,Buy,Buy,Buy,Buy,Buy,50.91,2.27,-5.57,82.93,40.01,29.74,engulfing_bullish,0.00,0.00,0.00,0.00,-0.13,3415499.00,21.49,122.48,-0.11,989294.00,-20.05,80.63,0.00,2.23,3.81,8.65,8.65,3.05,81980813122.00,2.59,13.73,10.94,120.17,123.96,126.47,121.17,126.93
[object Object],PCAR,PACCAR Inc,NASDAQ,132.24,stock,common,100.00,1.00,false,0.00,USD,1.14,3797853.00,1.19,69596097237.00,USD,28.14,4.70,-28.72,1.01,Producer manufacturing,america,Producer Manufacturing,Neutral,Neutral,1.14,4.60,12.64,4.45,7.28,20.45,31.13,126.77,261.57,26879.61,2.64,2.65,StrongBuy,Strong buy,StrongBuy,Strong buy,Buy,Buy,67.89,7.67,6.90,197.29,86.75,82.82,0.00,0.00,0.00,0.00,0.00,-0.02,3797853.00,-29.13,132.24,0.00,1123308.00,35.05,28.14,0.00,2.48,3.52,15.58,22.51,7.87,75683397237.00,2.73,25.80,20.15,126.89,122.68,118.74,118.99,114.94
[object Object],MSI,"Motorola Solutions, Inc.",NYSE,417.83,stock,common,100.00,1.00,false,0.00,USD,2.66,770381.00,0.94,69357928853.00,USD,33.69,12.40,3.48,1.13,Electronic technology,america,Electronic Technology,StrongBuy,Strong buy,2.66,1.37,7.05,-5.32,5.29,9.00,-1.40,88.77,514.18,13803.20,2.49,2.45,Buy,Buy,StrongBuy,Strong buy,Neutral,Neutral,55.10,-5.05,-1.40,-10.45,26.78,18.44,0.00,407.00,-0.00,-0.00,134.00,-0.08,770381.00,6.80,419.00,0.28,158273.00,-2.24,33.69,9.43,5.76,27.30,25.27,28.21,79.23,78079928853.00,6.58,26.33,22.28,411.23,410.23,408.59,426.50,416.64
[object Object],TDG,TransDigm Group Incorporated,NYSE,1236.71,stock,common,100.00,1.00,false,0.00,USD,1.88,269688.00,0.77,69173618389.00,USD,38.58,32.06,8.24,0.00,Electronic technology,america,Electronic Technology,Buy,Buy,1.88,0.90,-4.46,6.90,-13.10,-6.95,-22.60,91.00,352.86,5063.72,2.04,2.51,Sell,Sell,Sell,Sell,Neutral,Neutral,46.30,-54.64,-58.16,-46.24,13.78,8.45,0.00,0.00,0.00,0.00,0.00,0.27,269688.00,8.64,1236.71,0.00,40208.00,-24.29,38.58,4.60,7.43,0.00,34.19,38.91,18.53,97300618389.00,10.24,21.72,19.98,1218.35,1278.88,1254.16,1231.13,1281.09
[object Object],MRK,Merck KGaA,XETR,139.15,stock,common,100.00,5.00,false,0.00,EUR,-0.07,216392.00,0.79,68821627604.17,USD,23.89,6.73,-10.15,1.58,Health technology,germany,Health Technology,Buy,Buy,-0.07,0.72,2.17,24.52,8.46,12.58,23.09,-19.47,43.93,607.18,3.03,2.57,Buy,Buy,StrongBuy,Strong buy,Sell,Sell,53.09,-0.55,-2.28,-19.84,53.36,38.30,0.00,0.00,0.00,0.00,0.00,0.14,216392.00,-28.30,139.15,0.00,119037.00,23.24,23.89,0.00,2.89,2.03,14.43,22.88,22.06,79482839924.17,3.28,16.91,10.77,137.82,139.23,135.87,123.69,122.04
[object Object],REGN,"Regeneron Pharmaceuticals, Inc.",NASDAQ,656.01,stock,common,100.00,1.00,false,0.00,USD,0.63,708392.00,1.05,68775451194.00,USD,15.98,41.04,4.47,0.55,Health technology,america,Health Technology,Buy,Buy,0.63,-2.96,5.53,-13.68,-13.38,-15.27,14.58,11.95,67.76,3005.37,2.52,2.49,Neutral,Neutral,Sell,Sell,Neutral,Neutral,51.11,-8.51,24.01,13.89,33.22,47.68,0.00,0.00,0.00,0.00,0.00,0.98,708392.00,-37.28,656.01,0.00,143298.00,21.14,15.98,3.55,4.71,2.19,14.09,17.18,8.06,62719951194.00,4.20,16.32,14.31,664.57,642.66,640.33,693.22,706.14
[object Object],NXPI,NXP Semiconductors NV,NASDAQ,269.24,stock,common,100.00,1.00,false,0.00,USD,-2.90,4104021.00,1.21,67975312351.00,USD,25.76,10.45,13.85,1.51,Electronic technology,america,Electronic Technology,Buy,Buy,-2.90,3.55,-9.97,10.19,13.79,22.05,21.05,37.37,219.84,1971.08,3.62,4.14,Sell,Sell,Sell,Sell,Sell,Sell,42.58,-23.02,-15.59,-79.24,41.95,41.31,0.00,273.59,-1.33,-0.47,2047.00,-1.29,4104021.00,-0.50,268.81,-0.16,1295241.00,17.91,25.76,1.92,5.57,6.22,21.76,24.49,18.41,76338312351.08,6.05,23.00,18.52,274.41,286.90,295.51,259.60,240.62
[object Object],ALL,Allstate Corporation,NYSE,259.97,stock,common,100.00,1.00,false,0.00,USD,2.14,1070188.00,0.67,66921719215.00,USD,5.74,45.33,209.78,1.60,Finance,america,Finance,Buy,Buy,2.14,5.88,11.82,20.65,33.77,25.57,32.13,100.05,275.90,1647.70,1.97,2.31,StrongBuy,Strong buy,StrongBuy,Strong buy,Buy,Buy,66.87,8.36,15.07,137.90,85.11,79.18,0.00,253.97,-0.22,-0.22,100.00,-0.06,1070188.00,-21.47,262.50,0.97,293202.00,25.16,5.74,0.03,0.98,2.27,5.83,5.92,0.00,76393719215.00,1.12,0.00,0.00,250.98,240.72,230.38,220.86,212.48
[object Object],RSG,"Republic Services, Inc.",NYSE,216.91,stock,common,100.00,1.00,false,0.00,USD,-0.23,1159864.00,0.92,66735419543.00,USD,31.10,6.98,5.16,1.13,Industrial services,america,Industrial Services,Buy,Buy,-0.23,-4.77,3.32,2.15,0.44,3.02,-10.60,86.91,314.35,1188.57,1.60,1.95,Neutral,Neutral,Buy,Buy,Neutral,Neutral,51.05,-2.29,2.90,-30.91,25.21,27.44,0.00,217.50,0.04,0.01,400.00,0.18,1159864.00,2.25,216.91,0.00,241627.00,-8.99,31.10,6.04,4.03,5.58,14.91,25.86,568.51,80705419543.00,4.83,24.11,15.22,219.36,215.11,212.03,213.70,214.70
[object Object],CRH,CRH public limited company,NYSE,99.87,stock,common,100.00,1.00,false,0.00,USD,1.89,2956800.00,0.84,66733155341.00,USD,18.51,5.40,14.20,1.52,Non-energy minerals,america,Non-Energy Minerals,StrongBuy,Strong buy,1.89,-3.56,-9.73,-13.81,-18.53,-20.42,4.19,102.66,236.94,2881.19,3.04,3.01,Sell,Sell,StrongSell,Strong sell,Buy,Buy,39.95,-4.84,-6.13,-128.90,15.18,12.37,0.00,0.00,0.00,0.00,0.00,0.85,2956800.00,-48.11,99.75,-0.12,703000.00,8.16,18.51,1.28,1.72,2.89,11.34,21.31,20.35,85356155341.12,2.24,16.09,11.29,101.67,106.15,105.37,107.76,114.42
[object Object],NDA_FI,Nordea Bank Abp,OMXHEX,17.27,stock,common,1000.00,5.00,false,0.00,EUR,1.50,3955923.00,1.02,66667200010.50,USD,12.54,1.57,-0.41,5.56,Finance,finland,Finance,Buy,Buy,1.50,1.65,5.14,9.72,2.37,7.23,36.99,77.73,116.61,200.43,1.73,1.69,StrongBuy,Strong buy,StrongBuy,Strong buy,Buy,Buy,60.05,0.46,0.55,99.45,77.21,84.23,marubozu_white_bullish,0.00,0.00,0.00,0.00,0.00,3955923.00,-18.38,0.00,0.00,0.00,36.74,12.54,0.00,3.17,1.88,2.85,2.85,0.00,312548518890.50,9.87,0.00,0.00,17.08,16.77,16.52,16.06,15.82
[object Object],APD,"Air Products and Chemicals, Inc.",NYSE,297.87,stock,common,100.00,1.00,false,0.00,USD,1.22,734713.00,0.67,66329897407.00,USD,31.51,9.45,37.40,2.41,Process industries,america,Process Industries,Buy,Buy,1.22,0.02,5.63,-1.63,12.80,21.44,0.19,2.42,117.05,27664.47,1.86,2.79,Buy,Buy,StrongBuy,Strong buy,Sell,Sell,54.04,-1.66,6.41,-5.92,26.29,28.76,0.00,0.00,0.00,0.00,0.00,0.16,734713.00,-43.32,297.87,0.00,173911.00,0.16,31.51,0.83,5.26,4.24,16.11,0.00,69.82,86236697407.00,6.92,28.80,18.94,297.01,291.62,289.67,290.75,275.45
[object Object],CVNA,Carvana Co. Class A,NYSE,60.46,stock,common,100.00,1.00,false,0.00,USD,0.45,6438400.00,0.81,66314688206.00,USD,30.35,1.99,248.81,0.00,Retail trade,america,Retail Trade,Buy,Buy,0.45,-12.13,-7.26,-25.46,-36.73,-28.31,-11.71,-10.77,2139.26,2139.26,4.19,5.60,Sell,Sell,StrongSell,Strong sell,Buy,Buy,38.98,-5.37,-3.85,-163.61,5.23,10.13,0.00,60.47,0.47,0.33,16090.00,0.51,6438400.00,-39.95,60.50,0.06,1046180.00,-0.45,30.35,0.12,1.98,11.62,49.14,60.49,14.90,69962688206.00,3.11,33.78,29.87,65.71,66.28,67.02,68.03,72.47
[object Object],BSX,Boston Scientific Corporation,NYSE,44.25,stock,common,100.00,1.00,false,0.00,USD,1.54,20689854.00,1.29,65771213287.00,USD,18.56,2.38,74.74,0.00,Health technology,america,Health Technology,StrongBuy,Strong buy,1.54,-2.15,-2.70,-32.75,-51.64,-53.77,-59.16,0.87,84.99,941.18,2.32,3.01,Neutral,Neutral,Sell,Sell,Buy,Buy,45.59,-0.52,-1.59,17.44,33.57,28.43,0.00,43.51,-0.16,0.62,80314.00,0.89,20689854.00,25.12,44.29,0.10,3268054.00,-57.32,18.56,0.24,3.16,2.54,15.24,19.04,43.41,75516213287.00,3.66,17.77,13.38,43.67,44.55,47.45,55.80,74.42
[object Object],MPWR,"Monolithic Power Systems, Inc.",NASDAQ,1333.81,stock,common,100.00,1.00,false,0.00,USD,-4.53,805477.00,1.00,65530089603.00,USD,96.10,13.88,-63.15,0.53,Electronic technology,america,Electronic Technology,Buy,Buy,-4.53,7.07,-6.27,-17.99,23.77,43.79,85.91,224.31,1763.12,14621.96,3.96,5.41,Sell,Sell,StrongSell,Strong sell,Neutral,Neutral,45.54,-18.93,-45.79,16.79,77.00,80.52,0.00,1375.95,-1.52,-1.37,622.00,-1.67,805477.00,14.58,1331.93,-0.14,192853.00,85.63,96.10,0.00,23.27,17.82,78.94,104.33,48.04,64182948603.00,21.70,80.13,74.88,1347.96,1397.80,1468.89,1382.82,1201.73
[object Object],GWW,"W.W. Grainger, Inc.",NYSE,1382.60,stock,common,100.00,1.00,false,0.00,USD,1.11,205249.00,0.78,65276852603.00,USD,37.03,37.34,-4.65,0.67,Distribution services,america,Distribution Services,Neutral,Neutral,1.11,-0.64,4.02,19.27,29.72,37.26,32.62,202.58,534.92,70973.40,2.39,2.39,Buy,Buy,StrongBuy,Strong buy,Neutral,Neutral,57.99,6.84,18.71,29.75,40.84,37.29,marubozu_white_bullish,0.00,0.00,0.00,0.00,-1.26,205249.00,-23.64,1382.60,0.00,28300.00,33.32,37.03,0.00,3.53,16.61,31.09,47.52,94.30,67775852603.00,3.69,24.19,22.17,1376.81,1355.09,1320.34,1224.38,1122.86
[object Object],DBK,Deutsche Bank Aktiengesellschaft,XETR,30.59,stock,common,1000.00,5.00,false,0.00,EUR,2.07,2387119.00,0.61,65186290620.38,USD,10.40,3.40,48.92,3.27,Finance,germany,Finance,Neutral,Neutral,2.07,-2.11,-0.71,13.72,-8.18,-7.61,14.14,192.45,163.88,55.70,2.26,2.40,Buy,Buy,Buy,Buy,Neutral,Neutral,50.12,-0.76,0.26,-63.88,22.82,28.17,marubozu_white_bullish,30.09,0.40,0.10,9121.00,0.22,2387119.00,-55.58,30.48,-0.34,1054926.00,15.99,10.40,0.21,1.86,0.85,0.00,0.00,0.00,79906317020.38,1.17,0.00,0.00,31.03,30.86,29.63,28.18,29.80
[object Object],HONA,Honeywell Aerospace Inc,NASDAQ,204.07,stock,common,100.00,1.00,false,0.00,USD,4.19,2709707.00,0.97,64666252957.00,USD,0.00,0.00,0.00,0.00,Electronic technology,america,Electronic Technology,Buy,Buy,4.19,-1.66,-16.71,2.03,2.03,2.03,2.03,2.03,2.03,2.03,5.87,13.57,Sell,Sell,StrongSell,Strong sell,Buy,Buy,49.07,-16.68,0.00,-102.38,14.48,11.27,0.00,197.96,1.07,0.85,3816.00,1.24,2709707.00,-21.14,202.92,-0.56,412975.00,0.00,0.00,0.00,0.00,0.00,0.00,0.00,64.67,79616252957.00,0.00,0.00,0.00,206.34,0.00,0.00,0.00,0.00
[object Object],WBD,"Warner Bros. Discovery, Inc. Series A",NASDAQ,25.77,stock,common,100.00,1.00,false,0.00,USD,-0.69,37667246.00,1.44,64608914390.00,USD,0.00,-0.70,84.13,0.00,Consumer services,america,Consumer Services,Neutral,Neutral,-0.69,-5.64,-4.20,-4.43,-8.81,-10.49,94.49,-9.36,1.34,280.51,2.52,2.13,Sell,Sell,StrongSell,Strong sell,Neutral,Neutral,38.36,-0.82,-0.57,-85.00,11.25,10.98,0.00,26.25,1.16,0.19,430263.00,0.98,37667246.00,183.70,25.68,-0.35,2557380.00,113.56,0.00,0.00,1.74,1.98,18.05,27.80,19.45,95167914390.00,2.55,45.40,12.76,26.53,26.61,26.75,27.06,26.27
[object Object],TFC,Truist Financial Corporation,NYSE,51.76,stock,common,100.00,1.00,false,0.00,USD,1.09,5033588.00,0.58,64486709051.00,USD,11.87,4.36,18.48,4.02,Finance,america,Finance,Neutral,Neutral,1.09,-2.16,4.14,0.64,3.50,5.09,12.91,-5.22,40.65,1540.28,1.84,2.17,Buy,Buy,StrongBuy,Strong buy,Neutral,Neutral,54.57,0.09,0.74,32.25,45.27,43.68,rising_window_bullish,51.20,0.00,0.74,383.00,0.41,5033588.00,-15.74,51.75,-0.02,810695.00,14.64,11.87,0.64,3.03,1.08,0.00,0.00,0.00,135051709051.00,4.41,0.00,0.00,51.95,50.77,49.68,48.84,48.53
[object Object],AFL,Aflac Incorporated,NYSE,125.60,stock,common,100.00,1.00,false,0.00,USD,1.01,1518624.00,0.76,63928501884.00,USD,14.25,8.81,37.55,1.89,Finance,america,Finance,Neutral,Neutral,1.01,1.27,5.47,9.72,16.01,14.04,22.48,135.56,241.26,167366.67,1.31,1.73,StrongBuy,Strong buy,StrongBuy,Strong buy,Buy,Buy,66.56,3.69,4.12,127.53,81.28,76.42,0.00,124.99,0.52,0.00,531.00,-0.04,1518624.00,-11.50,125.60,0.00,394189.00,15.31,14.25,0.38,3.53,2.14,22.04,22.04,0.00,71836501884.00,3.97,0.00,0.00,123.53,120.37,118.56,115.07,112.92
[object Object],ACA,Credit Agricole SA,EURONEXT,18.50,stock,common,1000.00,5.00,false,0.00,EUR,2.61,6015133.00,1.69,63673145221.06,USD,8.25,2.63,6.38,6.11,Finance,france,Finance,Neutral,Neutral,2.61,4.11,4.96,8.34,5.68,5.74,13.49,59.58,135.22,12.54,1.60,1.50,StrongBuy,Strong buy,StrongBuy,Strong buy,Buy,Buy,67.39,1.02,0.59,192.85,92.33,93.76,marubozu_white_bullish,0.00,0.00,0.00,0.00,0.36,6015133.00,51.01,18.50,0.00,3312184.00,10.50,8.25,1.26,0.95,0.75,1.08,1.10,0.00,656826505781.06,5.97,0.00,0.00,17.97,17.67,17.27,17.05,17.11
[object Object],AJG,Arthur J. Gallagher & Co.,NYSE,247.77,stock,common,100.00,1.00,false,0.00,USD,2.30,1259583.00,0.98,63652112585.00,USD,39.99,6.20,-4.69,1.09,Finance,america,Finance,Buy,Buy,2.30,-3.82,13.85,14.21,-0.33,-3.63,-19.95,78.25,405.03,13338.37,2.49,2.80,Buy,Buy,StrongBuy,Strong buy,Neutral,Neutral,56.57,-5.32,12.49,-10.45,16.14,29.74,0.00,0.00,0.00,0.00,0.00,0.30,1259583.00,-6.36,247.77,0.00,260926.00,-18.76,39.99,0.00,4.20,2.68,31.94,34.56,45.56,75638112585.00,5.05,27.74,19.22,250.70,237.15,224.65,219.44,236.15
[object Object],HPE,Hewlett Packard Enterprise Co.,NYSE,47.69,stock,common,100.00,1.00,false,0.00,USD,0.10,11332866.00,0.67,63151262677.00,USD,44.85,1.06,9.86,1.17,Electronic technology,america,Electronic Technology,Buy,Buy,0.10,7.41,-1.14,68.64,123.79,96.42,130.39,232.57,314.05,343.60,4.11,5.49,Buy,Buy,StrongBuy,Strong buy,Neutral,Neutral,54.71,-0.85,0.40,74.02,65.37,61.81,0.00,48.00,0.76,-0.25,89354.00,0.76,11332866.00,-5.47,47.54,-0.31,2099152.00,119.04,44.85,4.55,1.75,2.50,10.74,17.12,12.76,79104262677.00,2.03,33.03,13.86,46.99,46.60,44.59,34.93,28.92
[object Object],D,Dominion Energy Inc,NYSE,71.10,stock,common,100.00,1.00,false,0.00,USD,-0.50,3480186.00,0.91,62533338276.00,USD,21.03,3.38,26.83,3.76,Utilities,america,Utilities,Neutral,Neutral,-0.50,-1.90,3.64,13.85,18.98,20.69,21.83,-5.59,-9.15,548.20,1.62,1.67,Buy,Buy,StrongBuy,Strong buy,Neutral,Neutral,59.02,1.02,1.66,86.92,57.57,55.51,0.00,71.46,0.00,-0.21,1040.00,0.29,3480186.00,-20.43,71.26,0.23,445541.00,26.13,21.03,0.79,3.54,2.22,12.37,0.00,128.49,119363338276.00,6.72,23.86,16.05,70.97,69.52,68.19,65.28,63.03
[object Object],TGT,Target Corporation,NYSE,136.78,stock,common,100.00,1.00,false,0.00,USD,1.71,2485724.00,0.69,62124262425.00,USD,18.05,7.58,-16.70,3.33,Retail trade,america,Retail Trade,Neutral,Neutral,1.71,-2.82,0.80,5.20,28.60,39.70,27.57,-47.57,82.52,18591.82,2.25,2.90,Buy,Buy,StrongBuy,Strong buy,Neutral,Neutral,54.74,1.64,4.23,25.74,58.19,63.77,0.00,135.55,0.80,0.84,750.00,0.02,2485724.00,-22.50,136.62,-0.12,570513.00,34.88,18.05,0.00,0.58,3.79,8.90,20.57,17.64,77797262425.00,0.73,15.75,9.61,137.41,134.35,130.55,126.40,112.92
[object Object],STAN,Standard Chartered PLC,LSE,2137.00,stock,common,1.00,1.00,false,0.00,GBX,0.38,3138392.00,0.70,61870929996.31,USD,13.96,2.02,32.34,2.15,Finance,uk,Finance,Buy,Buy,0.38,1.52,2.99,23.47,15.33,17.10,59.12,400.59,247.31,645.75,2.43,2.25,Buy,Buy,StrongBuy,Strong buy,Sell,Sell,57.60,12.00,63.67,47.39,80.99,73.04,0.00,0.00,0.00,0.00,0.00,-2.02,3138392.00,-3.14,2137.00,0.00,1327686.00,47.12,13.96,0.43,3.33,1.35,0.00,0.00,0.00,118799966472.38,3.18,0.00,0.00,2121.00,2083.30,2024.16,1865.90,1782.99
[object Object],NKE,"NIKE, Inc. Class B",NYSE,41.70,stock,common,100.00,1.00,false,0.00,USD,1.73,26175172.00,1.67,61861897502.00,USD,19.87,2.10,-2.83,3.91,Consumer non-durables,america,Consumer Non-Durables,Neutral,Neutral,1.73,-6.33,-0.80,-7.29,-36.09,-34.84,-45.50,-74.84,-26.67,23106.92,2.80,3.49,Sell,Sell,StrongSell,Strong sell,Sell,Sell,43.25,-2.67,-0.95,-87.42,16.34,30.77,0.00,41.11,0.29,0.02,67208.00,0.49,26175172.00,44.17,41.57,-0.31,2554057.00,-39.41,19.87,0.00,1.31,4.16,21.56,28.31,6.85,63867897502.00,1.38,15.69,13.26,42.91,43.16,43.52,46.05,55.19
[object Object],O,Realty Income Corporation,NYSE,65.60,stock,common,100.00,1.00,false,0.00,USD,1.36,3589497.00,0.75,61171506097.00,USD,53.90,1.22,10.44,4.94,Finance,america,Finance,Buy,Buy,1.36,-1.09,6.20,2.37,7.68,16.42,13.57,-3.71,-4.01,746.78,1.22,1.64,StrongBuy,Strong buy,StrongBuy,Strong buy,Buy,Buy,62.17,2.29,2.22,103.23,55.36,56.36,0.00,65.00,0.43,0.28,12580.00,0.28,3589497.00,-21.41,65.45,-0.23,898603.00,20.15,53.90,5.09,10.20,1.56,15.02,15.53,164.10,94538712097.00,15.94,35.13,18.05,64.82,63.16,62.41,62.83,61.20
[object Object],MET,"MetLife, Inc.",NYSE,94.83,stock,common,100.00,1.00,false,0.00,USD,2.47,4543286.00,1.38,61017109848.00,USD,18.34,5.17,-15.83,2.42,Finance,america,Finance,Buy,Buy,2.47,1.74,7.72,24.25,24.17,20.13,21.06,64.15,146.84,633.89,1.99,2.10,StrongBuy,Strong buy,StrongBuy,Strong buy,Neutral,Neutral,67.14,3.18,3.92,78.92,77.63,77.33,0.00,91.41,-1.22,0.02,2001.00,-0.41,4543286.00,19.58,94.83,0.00,765765.00,16.78,18.34,0.00,0.78,2.24,3.76,3.76,0.00,82923109848.00,1.07,0.00,0.00,93.25,89.63,86.80,80.34,79.35
[object Object],FIX,"Comfort Systems USA, Inc.",NYSE,1733.60,stock,common,100.00,1.00,false,0.00,USD,-5.33,737719.00,1.50,61012886696.00,USD,42.65,40.65,108.89,0.15,Industrial services,america,Industrial Services,StrongBuy,Strong buy,-5.33,10.00,-9.77,-2.29,53.19,84.74,214.20,2186.17,5454.63,10735.00,5.13,5.29,Sell,Sell,Sell,Sell,Neutral,Neutral,45.89,-22.49,-61.70,-15.46,70.26,65.30,0.00,1824.43,-0.37,-1.48,5121.00,-0.54,737719.00,1.16,1730.00,-0.21,73400.00,201.40,42.65,0.41,5.75,18.97,24.00,28.35,32.06,59476401696.00,5.30,32.20,29.70,1744.00,1832.10,1846.57,1713.79,1377.36
[object Object],SRE,Sempra,NYSE,92.98,stock,common,100.00,1.00,false,0.00,USD,-0.49,2577615.00,1.00,60781716010.00,USD,31.59,2.94,-35.25,2.80,Utilities,america,Utilities,Buy,Buy,-0.49,-1.66,0.28,-0.99,8.39,4.80,17.07,42.27,64.06,893.77,2.04,1.94,Buy,Buy,StrongBuy,Strong buy,Neutral,Neutral,51.34,-1.22,-0.33,1.88,56.73,41.99,0.00,93.44,0.00,0.00,120.00,0.42,2577615.00,4.19,93.00,0.02,493711.00,18.17,31.59,0.00,4.54,1.88,12.46,0.00,76.57,106907716010.00,7.92,32.37,18.28,92.67,92.74,91.91,93.37,91.98
[object Object],TRGP,Targa Resources Corp.,NYSE,281.33,stock,common,100.00,1.00,false,0.00,USD,-1.49,1061830.00,1.01,60385767091.00,USD,28.66,9.82,80.38,1.51,Utilities,america,Utilities,StrongBuy,Strong buy,-1.49,-0.79,6.44,17.74,45.33,53.04,70.43,555.17,604.73,1067.34,2.29,2.53,Buy,Buy,StrongBuy,Strong buy,Neutral,Neutral,57.39,7.98,12.86,89.30,82.23,85.52,0.00,285.61,0.01,0.08,200.00,0.15,1061830.00,11.14,281.33,0.00,192614.00,63.59,28.66,0.36,3.69,19.26,16.37,231.49,302.08,79449367091.00,4.76,21.10,14.88,281.63,272.10,270.05,256.94,219.90
[object Object],COR,"Cencora, Inc.",NYSE,309.89,stock,common,100.00,1.00,false,0.00,USD,1.58,852416.00,0.64,60292531492.00,USD,23.77,13.03,51.27,0.76,Distribution services,america,Distribution Services,Buy,Buy,1.58,0.18,9.39,0.08,-11.82,-8.09,6.02,155.10,260.76,10714.41,2.19,2.55,Buy,Buy,StrongBuy,Strong buy,Neutral,Neutral,62.92,6.45,13.12,84.94,60.95,60.18,0.00,305.98,0.30,-0.35,199.00,0.60,852416.00,-26.91,309.94,0.02,125404.00,5.53,23.77,0.46,0.18,17.75,26.60,38.86,27.08,70629149492.00,0.21,16.86,13.51,304.35,293.21,283.05,301.36,324.53
[object Object],PSA,Public Storage,NYSE,322.48,stock,common,100.00,1.00,false,0.00,USD,2.37,1364648.00,0.99,60134737574.00,USD,33.29,9.69,-3.79,3.72,Finance,america,Finance,Buy,Buy,2.37,-0.34,-0.45,3.82,12.23,24.46,11.70,3.11,26.74,2183.04,1.90,2.15,StrongBuy,Strong buy,StrongBuy,Strong buy,Neutral,Neutral,54.32,1.92,-5.76,14.73,38.01,23.68,0.00,0.00,0.00,0.00,0.00,0.70,1364648.00,-18.19,322.48,0.00,201455.00,12.06,33.29,0.00,11.41,11.61,17.86,19.73,421.47,74477776574.00,15.33,33.05,21.82,317.25,320.28,314.19,304.20,293.21
[object Object],REL,RELX PLC,LSE,2568.00,stock,common,1.00,1.00,false,0.00,GBX,4.77,3364672.00,1.05,59721518098.60,USD,20.58,1.65,20.69,2.63,Commercial services,uk,Commercial Services,Buy,Buy,4.77,2.03,9.65,-4.07,-12.35,-14.97,-34.07,24.90,83.04,460.70,3.69,3.93,Buy,Buy,StrongBuy,Strong buy,Buy,Buy,62.15,151.00,59.78,132.70,46.71,44.57,0.00,0.00,0.00,0.00,0.00,1.31,3364672.00,-15.47,2568.00,0.00,1423412.00,-39.72,20.58,0.95,4.52,36.30,15.75,15.87,209.42,71308692298.60,5.53,17.26,13.89,2486.60,2417.07,2449.86,2507.32,2728.57
[object Object],CTVA,Corteva Inc,NYSE,89.25,stock,common,100.00,1.00,false,0.00,USD,0.53,2484406.00,0.80,59692185654.00,USD,52.41,1.70,3.82,0.81,Process industries,america,Process Industries,Buy,Buy,0.53,3.14,12.70,12.41,24.60,33.21,21.48,110.20,200.00,200.00,1.58,2.44,Buy,Buy,StrongBuy,Strong buy,Neutral,Neutral,69.68,3.57,5.64,144.87,95.86,89.00,long_lower_shadow_bullish,88.14,-0.72,-0.18,300.00,0.30,2484406.00,-22.20,89.27,0.02,549274.00,17.17,52.41,13.64,3.34,2.45,22.91,29.38,28.05,61148185654.00,3.42,21.85,15.28,86.97,83.23,81.48,81.14,74.63
[object Object],LITE,"Lumentum Holdings, Inc.",NASDAQ,762.99,stock,common,100.00,1.00,false,0.00,USD,-8.47,3651157.00,0.89,59360623569.00,USD,141.61,5.39,0.00,0.00,Producer manufacturing,america,Producer Manufacturing,StrongBuy,Strong buy,-8.47,12.46,-7.52,-8.84,115.24,101.11,644.24,820.37,2696.88,4002.10,7.14,8.31,Sell,Sell,StrongSell,Strong sell,Neutral,Neutral,45.91,-39.02,-1.14,5.13,68.46,77.37,0.00,811.00,-2.72,-1.40,24385.00,-2.78,3651157.00,-19.71,765.50,0.33,330718.00,703.68,141.61,0.00,32.23,18.40,162.25,643.86,23.14,59502023569.00,23.91,234.81,117.18,780.34,812.48,854.24,826.83,588.23
[object Object],TEL,TE Connectivity plc,NYSE,202.94,stock,common,100.00,1.00,false,0.00,USD,2.09,2010280.00,0.66,58753812379.00,USD,19.89,10.20,110.63,1.43,Electronic technology,america,Electronic Technology,Buy,Buy,2.09,2.42,0.97,-7.75,-11.19,-11.92,1.00,46.72,231.11,448.49,3.65,3.24,Neutral,Neutral,Sell,Sell,Neutral,Neutral,49.89,2.58,-2.36,35.34,47.88,58.01,0.00,198.80,0.01,0.00,344.00,0.06,2010280.00,-43.93,202.94,0.00,352704.00,11.82,19.89,0.18,3.01,4.44,13.46,17.94,47.99,63293812379.00,3.28,15.43,12.40,202.05,203.53,205.32,208.94,220.00
[object Object],OKE,"ONEOK, Inc.",NYSE,93.16,stock,common,100.00,1.00,false,0.00,USD,-0.08,4436364.00,1.36,58693867080.00,USD,16.64,5.60,9.31,4.51,Industrial services,america,Industrial Services,Buy,Buy,-0.08,-0.37,7.08,6.83,17.40,26.82,14.25,75.74,104.61,6016.82,2.03,2.39,StrongBuy,Strong buy,StrongBuy,Strong buy,Neutral,Neutral,58.94,3.24,3.82,111.87,69.05,70.50,long_upper_shadow_bearish,93.20,-0.03,-0.01,300.00,0.26,4436364.00,42.26,93.50,0.36,806780.00,12.36,16.64,1.79,1.67,2.63,10.45,26.24,342.09,92304867080.00,2.62,15.48,12.35,92.52,89.59,89.59,88.57,81.37
[object Object],EOAN,E.ON SE,XETR,19.59,stock,common,1000.00,5.00,false,0.00,EUR,0.03,3664973.00,0.97,58246779627.69,USD,14.91,1.52,-23.31,2.91,Utilities,germany,Utilities,Buy,Buy,0.03,2.89,10.71,4.31,15.64,21.37,24.81,90.24,137.08,289.72,1.66,1.98,StrongBuy,Strong buy,StrongBuy,Strong buy,Buy,Buy,63.27,0.63,0.78,95.58,89.91,89.58,0.00,19.45,-0.74,0.05,1123.00,-0.26,3664973.00,-25.92,19.52,-0.38,2644687.00,19.99,14.91,0.00,0.68,2.34,6.89,0.00,8.86,108794258227.69,1.25,17.84,10.15,19.33,18.68,18.49,18.72,17.69
[object Object],KBC,KBC Group N.V.,EURONEXT,122.40,stock,common,100.00,5.00,false,0.00,EUR,1.32,404999.00,1.31,58154214514.00,USD,14.05,10.06,2.84,2.92,Finance,belgium,Finance,Neutral,Neutral,1.32,1.62,3.03,8.32,4.75,9.97,35.22,84.73,171.58,229.03,1.94,1.61,StrongBuy,Strong buy,StrongBuy,Strong buy,Buy,Buy,58.05,2.20,2.52,111.75,78.42,80.26,0.00,0.00,0.00,0.00,0.00,-0.12,404999.00,67.77,122.40,0.00,302820.00,35.44,14.05,4.89,3.49,1.89,0.00,0.00,0.00,100801338914.00,3.48,0.00,0.00,121.29,119.84,116.77,113.96,112.23
[object Object],FANG,"Diamondback Energy, Inc.",NASDAQ,204.68,stock,common,100.00,1.00,false,0.00,USD,-0.39,2403992.00,1.38,57579209091.00,USD,230.78,0.89,-94.57,2.03,Energy minerals,america,Energy Minerals,StrongBuy,Strong buy,-0.39,6.03,11.22,4.80,33.25,35.46,42.93,161.57,129.31,1048.60,2.49,2.62,Buy,Buy,StrongBuy,Strong buy,Sell,Sell,66.84,21.29,13.51,138.91,88.72,92.59,0.00,204.53,-0.47,-0.20,400.00,0.16,2403992.00,20.79,205.19,0.25,531617.00,33.18,230.78,0.00,3.82,1.58,7.03,12.27,328.87,77468209091.00,5.09,16.62,7.83,196.61,187.50,192.39,191.83,172.34
[object Object],F,Ford Motor Company,NYSE,14.37,stock,common,100.00,1.00,false,0.00,USD,1.55,76549626.00,1.55,57260032956.00,USD,0.00,-1.41,-212.76,4.18,Consumer durables,america,Consumer Durables,Neutral,Neutral,1.55,2.35,2.42,15.42,4.89,9.03,27.06,3.38,3.68,716.34,2.64,3.02,Buy,Buy,StrongBuy,Strong buy,Neutral,Neutral,54.64,0.37,0.07,107.11,73.60,74.39,0.00,14.18,0.21,0.07,78748.00,0.14,76549626.00,17.06,14.36,-0.07,3164551.00,27.77,0.00,0.00,0.30,1.62,3.09,6.13,1.92,186314032956.00,0.98,52.54,19.44,14.16,14.07,14.39,13.23,13.26
[object Object],ARGX,argenx SE,EURONEXT,804.40,stock,common,10.00,2.00,false,0.00,EUR,0.93,131349.00,1.71,57246642759.15,USD,35.73,25.71,24.40,0.00,Health technology,belgium,Health Technology,StrongBuy,Strong buy,0.93,7.43,1.82,19.70,14.10,12.76,63.33,196.17,6092.46,9363.53,3.67,2.97,StrongBuy,Strong buy,StrongBuy,Strong buy,Neutral,Neutral,60.20,40.60,-7.69,74.77,53.90,38.21,long_upper_shadow_bearish,0.00,0.00,0.00,0.00,0.25,131349.00,-18.83,804.40,0.00,60714.00,56.24,35.73,1.45,11.46,6.76,53.24,53.41,11.43,52135433347.77,10.19,35.35,34.62,764.72,781.23,757.69,705.73,715.09
[object Object],CARR,Carrier Global Corp.,NYSE,68.88,stock,common,100.00,1.00,false,0.00,USD,-0.39,5711276.00,1.00,57210378725.00,USD,45.25,1.52,-65.07,1.35,Producer manufacturing,america,Producer Manufacturing,Buy,Buy,-0.39,1.34,-3.92,11.58,19.69,29.69,-13.70,32.97,474.00,474.00,2.78,3.06,Neutral,Neutral,Buy,Buy,Neutral,Neutral,49.73,-0.46,-2.18,-33.27,53.53,36.81,spinning_top_white,69.34,0.27,0.27,100.00,-0.58,5711276.00,-2.01,67.85,-1.50,782008.00,-12.51,45.25,0.00,2.66,4.26,27.53,34.43,42.25,68758378725.00,3.14,35.81,21.45,68.49,70.20,68.33,64.34,60.77
[object Object],OXY,Occidental Petroleum Corporation,NYSE,57.30,stock,common,100.00,1.00,false,0.00,USD,-0.52,8129530.00,0.95,56992567814.00,USD,65.40,0.88,-64.54,1.75,Energy minerals,america,Energy Minerals,Buy,Buy,-0.52,4.85,12.35,-0.52,30.85,38.94,29.26,114.69,-23.50,215.77,2.19,2.59,Buy,Buy,StrongBuy,Strong buy,Sell,Sell,63.10,4.41,3.23,111.40,88.52,93.25,doji,57.04,-0.97,-0.10,61868.00,-0.52,8129530.00,-10.11,57.30,0.00,1749178.00,27.11,65.40,0.00,2.46,1.85,5.97,16.06,15.07,78689567814.00,3.34,20.60,6.80,55.57,53.04,55.07,56.65,49.94
[object Object],LSEG,London Stock Exchange Group plc,LSE,8774.00,stock,common,1.00,2.00,false,0.00,GBX,2.40,1358127.00,1.31,56879374911.84,USD,37.32,3.17,83.61,1.71,Commercial services,uk,Commercial Services,StrongBuy,Strong buy,2.40,-4.55,5.81,-10.62,0.46,-2.60,-15.47,15.78,229.60,2178.96,8.57,6.36,Neutral,Neutral,Sell,Sell,Neutral,Neutral,49.89,-134.00,57.29,-1.09,48.72,51.02,0.00,0.00,0.00,0.00,0.00,-0.47,1358127.00,86.21,8774.00,0.00,416170.00,-23.31,37.32,0.44,4.87,2.35,12.85,13.31,11.39,70218671511.84,5.58,23.77,11.79,8860.00,8662.27,8851.92,8944.00,8793.01
[object Object],BKR,Baker Hughes Company Class A,NASDAQ,57.25,stock,common,100.00,1.00,false,0.00,USD,2.07,9878538.00,1.20,56795931046.00,USD,18.25,3.14,7.12,1.61,Industrial services,america,Industrial Services,Buy,Buy,2.07,1.04,0.12,-13.86,3.52,25.22,28.77,182.30,85.12,339.12,2.89,2.97,Buy,Buy,Buy,Buy,Buy,Buy,48.58,-0.31,-1.75,77.31,60.48,57.77,"inverted_hammer_bullish,long_upper_shadow_bearish",57.30,2.16,-0.16,4943.00,1.64,9878538.00,1.52,57.40,0.26,1575870.00,41.75,18.25,2.51,2.00,2.94,15.83,24.88,3.57,57173931046.00,2.05,15.82,11.74,56.66,57.40,60.34,61.32,56.20
[object Object],NUE,Nucor Corporation,NYSE,247.56,stock,common,100.00,1.00,false,0.00,USD,2.66,1365153.00,1.23,56379549407.00,USD,24.53,10.09,79.71,0.90,Non-energy minerals,america,Non-Energy Minerals,Buy,Buy,2.66,6.69,1.99,15.70,36.86,49.87,72.30,161.00,370.47,162387.86,2.66,2.94,StrongBuy,Strong buy,StrongBuy,Strong buy,Buy,Buy,61.12,20.19,-1.86,156.61,89.77,84.07,0.00,241.21,0.02,0.02,200.00,0.49,1365153.00,-11.51,248.10,0.22,230114.00,66.93,24.53,0.30,1.62,2.63,15.11,106.70,22.88,62117549407.00,1.82,17.95,12.53,236.49,237.98,239.85,214.58,188.33
[object Object],GLE,Societe Generale SA Class A,EURONEXT,77.17,stock,common,100.00,1.00,false,0.00,EUR,1.86,801542.00,0.65,56188942634.71,USD,11.34,7.99,44.47,2.09,Finance,france,Finance,Buy,Buy,1.86,3.90,-0.46,11.89,9.27,13.15,51.20,218.69,154.90,168.76,2.58,2.44,StrongBuy,Strong buy,StrongBuy,Strong buy,Buy,Buy,55.31,2.91,0.72,42.08,77.99,75.71,marubozu_white_bullish,0.00,0.00,0.00,0.00,-0.13,801542.00,-38.87,77.17,0.00,458778.00,37.53,11.34,0.25,1.39,0.98,0.00,0.00,0.00,251032494554.71,2.83,0.00,0.00,75.99,76.40,73.83,70.74,67.64
[object Object],DAL,"Delta Air Lines, Inc.",NYSE,85.06,stock,common,100.00,1.00,false,0.00,USD,3.77,5461201.00,0.79,55937409570.00,USD,14.13,6.02,-12.69,0.88,Transportation,america,Transportation,StrongBuy,Strong buy,3.77,0.33,-3.81,23.69,24.59,21.78,53.40,110.86,117.16,273.89,2.40,2.93,Buy,Buy,Buy,Buy,Neutral,Neutral,49.25,-2.33,-2.42,-69.08,17.34,10.71,0.00,82.17,0.24,-0.27,10794.00,0.84,5461201.00,-32.26,85.08,0.02,764764.00,50.60,14.13,0.00,0.79,2.56,6.88,16.41,11.78,71170409570.00,1.04,12.90,8.85,84.83,87.05,82.99,74.82,70.18
[object Object],LHX,L3Harris Technologies Inc,NYSE,300.21,stock,common,100.00,1.00,false,0.00,USD,0.18,1018002.00,0.86,55927606066.00,USD,32.59,9.21,9.16,1.63,Electronic technology,america,Electronic Technology,Buy,Buy,0.18,4.57,1.80,-8.70,-15.86,2.11,8.97,32.71,247.99,8560.86,3.04,2.40,Neutral,Neutral,Buy,Buy,Neutral,Neutral,56.35,9.44,-7.69,146.87,70.69,47.61,long_upper_shadow_bearish,300.88,0.40,0.11,842.00,0.39,1018002.00,-49.83,302.32,0.70,170255.00,6.06,32.59,3.55,2.51,2.85,18.50,21.81,95.71,66694606066.00,2.97,27.03,18.16,287.53,293.65,299.53,321.65,316.31
[object Object],AME,"AMETEK, Inc.",NYSE,241.97,stock,common,100.00,1.00,false,0.00,USD,0.34,1091413.00,1.14,55460250899.00,USD,36.55,6.62,8.40,0.54,Producer manufacturing,america,Producer Manufacturing,Buy,Buy,0.34,4.84,3.46,3.29,8.07,17.46,33.43,75.89,412.65,24787.96,1.94,2.32,Buy,Buy,StrongBuy,Strong buy,Neutral,Neutral,60.98,7.99,4.16,162.33,88.36,77.91,"doji_star_bearish,doji",0.00,0.00,0.00,0.00,0.37,1091413.00,4.03,241.97,0.00,210173.00,31.80,36.55,4.34,7.29,5.08,30.29,32.65,115.56,57434634899.00,7.56,28.76,23.74,236.71,235.32,231.79,228.65,217.78
[object Object],CIEN,Ciena Corporation,NYSE,390.96,stock,common,100.00,1.00,false,0.00,USD,-4.07,1489247.00,0.80,55341527409.00,USD,130.13,3.00,318.48,0.00,Electronic technology,america,Electronic Technology,Buy,Buy,-4.07,5.38,-13.00,-24.06,70.61,62.22,349.33,596.65,1840.25,238.49,4.80,6.58,Sell,Sell,StrongSell,Strong sell,Sell,Sell,39.69,-69.76,-42.13,-85.66,31.21,31.73,0.00,403.00,-1.11,-1.14,4080.00,-1.39,1489247.00,-17.43,390.00,-0.25,170838.00,341.16,130.13,0.43,10.71,19.14,55.39,68.70,47.56,55719273409.00,10.00,89.34,70.91,405.72,437.54,483.17,464.49,346.20
[object Object],HO,Thales SA,EURONEXT,236.40,stock,common,10.00,1.00,false,0.00,EUR,-0.80,237968.00,1.08,55267991388.30,USD,32.54,8.30,119.01,1.65,Electronic technology,france,Electronic Technology,Buy,Buy,-0.80,7.50,3.68,-2.07,-5.82,3.23,-1.34,162.67,203.31,751.89,2.65,2.91,Buy,Buy,StrongBuy,Strong buy,Buy,Buy,59.14,13.10,0.70,79.01,54.31,41.50,0.00,0.00,0.00,0.00,0.00,-0.46,237968.00,-45.13,236.40,0.00,126683.00,-10.94,32.54,0.28,2.15,6.07,10.39,12.33,9.63,55871580724.30,2.14,20.23,13.93,225.53,228.01,229.23,237.67,241.65
[object Object],COHR,Coherent Corp.,NYSE,282.39,stock,common,100.00,1.00,false,0.00,USD,-9.84,3764760.00,0.94,55246592701.00,USD,134.82,2.09,0.00,0.00,Electronic technology,america,Electronic Technology,Buy,Buy,-9.84,6.63,-26.67,-16.29,42.46,50.21,187.33,299.42,1336.37,69411.38,6.43,8.04,Sell,Sell,StrongSell,Strong sell,Sell,Sell,38.01,-42.11,-45.10,-86.25,46.87,45.96,0.00,305.60,-2.43,-0.66,13322.00,-2.31,3764760.00,31.94,282.80,0.14,420517.00,250.79,134.82,0.00,9.32,5.17,395.12,0.00,22.54,56550647701.00,8.57,67.68,42.37,298.25,346.32,360.60,325.51,251.60
[object Object],VST,Vistra Corp.,NYSE,163.38,stock,common,100.00,1.00,false,0.00,USD,-3.31,2553498.00,0.61,55088872713.00,USD,27.28,5.99,-6.07,0.56,Utilities,america,Utilities,StrongBuy,Strong buy,-3.31,8.66,0.21,4.51,2.11,-0.31,-19.16,756.74,978.42,978.42,3.37,4.08,Buy,Buy,StrongBuy,Strong buy,Sell,Sell,55.04,4.52,5.64,103.68,87.59,82.03,0.00,168.96,-0.01,-0.53,6202.00,-0.17,2553498.00,0.60,164.00,0.38,313485.00,-19.98,27.28,0.00,3.51,17.70,11.96,30.98,83.24,76819872713.00,4.67,105.52,21.20,160.42,158.90,155.16,156.40,165.18
[object Object],RHM,Rheinmetall AG,XETR,1037.60,stock,common,10.00,2.00,false,0.00,EUR,2.03,115594.00,0.59,55069249660.56,USD,66.54,18.02,-6.42,1.11,Electronic technology,germany,Electronic Technology,StrongBuy,Strong buy,2.03,9.37,-3.48,-25.35,-40.71,-33.97,-41.72,1201.56,1658.64,4922.27,2.92,4.44,Neutral,Neutral,Sell,Sell,Neutral,Neutral,48.09,45.60,-57.58,16.51,40.32,34.44,0.00,1023.80,0.67,0.67,10.00,0.79,115594.00,-40.50,1034.80,-0.27,30501.00,-45.35,66.54,0.00,4.96,9.03,28.29,57.51,36.44,56784690140.56,5.14,29.99,24.19,993.14,1050.10,1117.41,1283.79,1489.50
[object Object],TER,"Teradyne, Inc.",NASDAQ,349.92,stock,common,100.00,1.00,false,0.00,USD,-6.38,2945193.00,1.04,54777234741.00,USD,64.76,5.40,52.93,0.14,Electronic technology,america,Electronic Technology,Buy,Buy,-6.38,14.40,-17.29,-14.41,53.15,75.58,279.19,173.38,1571.86,33325.19,5.74,8.05,Sell,Sell,StrongSell,Strong sell,Sell,Sell,45.58,-9.68,-26.21,-36.57,63.19,53.94,0.00,364.93,-2.36,-0.64,8580.00,-2.34,2945193.00,40.76,349.29,-0.18,852545.00,234.93,64.76,1.31,15.56,17.42,70.91,99.71,224.60,54614035741.00,14.43,53.02,47.12,348.20,390.27,380.29,357.27,284.37
[object Object],KEYS,Keysight Technologies Inc,NYSE,318.67,stock,common,100.00,1.00,false,0.00,USD,-1.99,1182991.00,0.94,54459230007.00,USD,52.50,6.07,42.55,0.00,Electronic technology,america,Electronic Technology,Buy,Buy,-1.99,3.73,-8.95,-8.95,48.69,55.21,90.81,99.79,975.13,1042.19,2.87,3.99,Sell,Sell,StrongSell,Strong sell,Neutral,Neutral,44.76,-3.38,-10.78,-44.12,71.30,66.83,0.00,325.00,-0.04,-0.04,535.00,-0.46,1182991.00,6.04,318.17,-0.16,205083.00,93.09,52.50,1.26,9.24,8.60,37.05,40.66,22.71,54790230007.00,9.00,40.62,32.21,321.15,333.99,337.40,325.89,265.29
[object Object],FAST,Fastenal Company,NASDAQ,47.02,stock,common,100.00,1.00,false,0.00,USD,1.89,5241371.00,0.52,53955341470.00,USD,40.01,1.18,13.57,1.96,Distribution services,america,Distribution Services,Neutral,Neutral,1.89,0.26,2.96,3.89,5.10,16.79,-0.78,72.99,348.13,148812.92,2.18,3.09,StrongBuy,Strong buy,StrongBuy,Strong buy,Neutral,Neutral,55.18,0.53,-1.11,5.68,42.56,30.10,0.00,0.00,0.00,0.00,0.00,-0.13,5241371.00,-33.88,47.01,-0.02,1425743.00,-1.25,40.01,2.89,6.07,13.26,38.66,46.79,264.23,54192141470.00,6.19,30.53,27.72,45.86,46.43,45.77,45.62,44.22
[object Object],AAL,Anglo American plc,LSE,3721.00,stock,common,1.00,1.00,false,0.00,GBX,2.51,6611403.00,1.68,53462286804.45,USD,0.00,-3.73,-23.82,0.46,Non-energy minerals,uk,Non-Energy Minerals,Buy,Buy,2.51,9.44,-0.56,0.57,11.84,20.11,56.28,11.30,315.15,1425.67,2.79,3.24,Buy,Buy,StrongBuy,Strong buy,Buy,Buy,53.67,100.00,-175.48,62.98,65.27,45.63,tweezer_bottom_bullish,0.00,0.00,0.00,0.00,0.06,6611403.00,50.32,3721.00,0.00,1432351.00,52.26,0.00,-0.55,2.77,2.98,10.60,31.44,8.33,68493184540.62,3.62,17.98,11.12,3540.90,3693.47,3775.76,3608.96,3361.50
[object Object],CAH,"Cardinal Health, Inc.",NYSE,228.03,stock,common,100.00,1.00,false,0.00,USD,0.91,1466731.00,0.64,53405961131.00,USD,34.87,6.54,2.13,0.90,Distribution services,america,Distribution Services,StrongBuy,Strong buy,0.91,-1.09,-0.81,11.90,10.14,11.47,44.05,284.99,175.23,25229.38,2.19,2.31,Buy,Buy,Buy,Buy,Neutral,Neutral,51.68,-7.77,-2.09,-64.64,19.61,15.35,doji_star_bearish,0.00,0.00,0.00,0.00,0.84,1466731.00,-20.19,228.03,0.00,232592.00,40.54,34.87,16.25,0.21,0.00,10.74,12.25,13.67,58544961131.00,0.23,18.53,14.34,227.33,230.41,218.25,213.14,206.86
[object Object],UCB,UCB S.A.,EURONEXT,246.00,stock,common,10.00,1.00,false,0.00,EUR,1.23,149516.00,0.92,53168495436.30,USD,30.66,9.42,46.56,0.41,Health technology,belgium,Health Technology,Buy,Buy,1.23,4.02,-2.34,0.78,-6.18,4.19,37.43,170.45,259.44,446.67,2.53,2.76,Neutral,Neutral,Sell,Sell,Buy,Buy,49.34,8.90,-9.71,-16.88,46.22,38.46,0.00,0.00,0.00,0.00,0.00,-1.40,149516.00,-27.41,246.00,0.00,114268.00,36.86,30.66,0.65,6.09,4.31,22.08,25.38,19.34,52912544436.30,5.82,22.42,17.09,239.50,249.21,250.00,250.35,249.05
[object Object],ETR,Entergy Corporation,NYSE,115.95,stock,common,100.00,1.00,false,0.00,USD,0.13,1832328.00,0.71,53091977796.00,USD,29.53,3.93,27.39,2.17,Utilities,america,Utilities,Buy,Buy,0.13,-0.09,1.19,1.93,24.06,25.26,31.31,125.65,184.64,818.42,1.87,1.88,StrongBuy,Strong buy,StrongBuy,Strong buy,Neutral,Neutral,57.71,0.90,0.59,110.20,77.12,54.57,0.00,0.00,0.00,0.00,0.00,0.49,1832328.00,-24.13,115.95,0.00,511360.00,34.43,29.53,1.08,4.03,3.06,9.85,0.00,15.02,83890179796.00,6.31,28.19,15.13,114.34,113.78,112.32,111.42,103.80
[object Object],DB1,Deutsche Boerse AG,XETR,258.10,stock,common,10.00,1.00,false,0.00,EUR,1.94,267035.00,0.89,52796280000.46,USD,23.73,12.77,16.44,1.63,Finance,germany,Finance,Buy,Buy,1.94,-2.12,6.17,-2.16,21.00,15.12,-1.75,75.70,243.49,1253.43,2.24,2.13,StrongBuy,Strong buy,StrongBuy,Strong buy,Buy,Buy,58.16,9.10,5.17,69.51,50.05,51.32,0.00,252.10,-0.43,-0.43,200.00,0.55,267035.00,-47.00,257.60,-0.19,106910.00,-3.83,23.73,8.26,6.24,4.49,0.00,0.00,0.00,60068701080.46,6.90,17.10,14.65,256.02,249.54,249.67,250.33,234.11
[object Object],EA,Electronic Arts Inc.,NASDAQ,209.06,stock,common,100.00,1.00,false,0.00,USD,0.03,2026623.00,0.85,52422103818.00,USD,59.77,3.50,-17.43,0.36,Technology services,america,Technology Services,Neutral,Neutral,0.03,-0.06,2.13,3.17,2.36,2.28,36.74,44.06,174.93,40444.97,0.20,0.37,Buy,Buy,StrongBuy,Strong buy,Neutral,Neutral,77.14,2.65,3.65,105.98,92.54,93.15,0.00,209.19,0.09,0.16,1371.00,0.11,2026623.00,0.43,208.65,-0.20,504100.00,38.88,59.77,0.00,7.01,7.75,20.80,22.86,17.82,51296103818.00,6.77,42.50,33.46,208.24,205.67,204.11,202.95,202.53
[object Object],EBS,Erste Group Bank AG,VIE,115.10,stock,common,10.00,1.00,false,0.00,EUR,1.59,319049.00,1.18,52378476176.47,USD,13.44,9.90,19.92,0.65,Finance,austria,Finance,Buy,Buy,1.59,0.88,0.61,15.74,6.77,11.86,50.85,267.38,384.02,926.89,2.33,2.20,Buy,Buy,Buy,Buy,Neutral,Neutral,52.62,-2.50,0.16,-65.02,46.36,48.53,marubozu_white_bullish,0.00,0.00,0.00,0.00,-0.71,319049.00,14.02,115.10,0.00,234758.00,47.17,13.44,0.66,3.40,1.91,10.86,13.30,0.00,150254138576.47,5.88,0.00,0.00,114.74,115.71,109.95,103.59,100.53
[object Object],NOKIA,Nokia Oyj,OMXHEX,8.22,stock,common,1000.00,2.00,false,0.00,EUR,-5.49,24754788.00,1.42,52204004968.18,USD,66.15,0.14,-30.17,1.70,Electronic technology,finland,Electronic Technology,Buy,Buy,-5.49,-6.27,-33.15,-7.66,45.78,46.82,114.39,65.77,55.72,-86.06,6.32,6.06,Sell,Sell,StrongSell,Strong sell,Sell,Sell,30.24,-2.67,-2.05,-146.88,9.14,14.93,falling_window_bearish,0.00,0.00,0.00,0.00,-2.83,24754788.00,-35.75,0.00,0.00,0.00,121.77,66.15,0.00,2.49,2.17,42.07,89.16,9.87,50638722408.18,2.19,19.64,13.65,9.30,10.81,11.62,9.98,7.76
[object Object],RWE,RWE AG,XETR,58.80,stock,common,100.00,2.00,false,0.00,EUR,-0.20,757156.00,0.60,52172059102.76,USD,18.24,3.72,-40.28,2.04,Utilities,germany,Utilities,StrongBuy,Strong buy,-0.20,5.57,5.00,-2.65,14.71,29.97,61.10,95.67,274.88,483.44,2.33,2.21,Buy,Buy,StrongBuy,Strong buy,Sell,Sell,60.21,2.74,2.05,134.71,83.75,85.27,0.00,58.80,-0.20,-0.20,500.00,0.00,757156.00,-49.74,58.60,-0.34,339089.00,61.01,18.24,0.00,2.70,1.24,7.66,0.00,3.23,73917656062.76,4.12,633.44,21.59,57.51,56.40,56.30,56.95,51.84
[object Object],FITB,Fifth Third Bancorp,NYSE,57.41,stock,common,100.00,1.00,false,0.00,USD,0.45,5193439.00,0.83,52031347926.00,USD,19.54,2.94,-8.56,2.79,Finance,america,Finance,Buy,Buy,0.45,-2.58,4.63,12.63,13.39,22.54,34.51,59.56,212.35,1508137.38,1.73,2.30,Buy,Buy,StrongBuy,Strong buy,Neutral,Neutral,57.09,0.34,1.67,18.98,53.56,55.41,spinning_top_white,57.27,0.21,-0.26,9985.00,0.24,5193439.00,0.94,57.25,-0.28,966521.00,83.05,19.54,0.00,4.68,1.61,0.00,0.00,0.00,72108347926.00,4.71,0.00,0.00,57.68,56.19,53.60,50.78,48.83
[object Object],DVN,Devon Energy Corporation,NYSE,45.04,stock,common,100.00,1.00,false,0.00,USD,-0.55,10920025.00,1.16,51949275607.00,USD,12.50,3.60,-18.01,2.31,Energy minerals,america,Energy Minerals,StrongBuy,Strong buy,-0.55,2.74,6.73,-6.03,16.26,22.79,36.40,74.64,20.62,737.95,1.89,2.69,Buy,Buy,StrongBuy,Strong buy,Sell,Sell,58.53,2.81,1.45,133.01,85.59,89.57,0.00,44.80,-1.08,-0.62,13192.00,-0.15,10920025.00,-8.66,45.18,0.32,1337831.00,139.67,12.50,0.00,1.66,1.81,4.31,11.31,15.34,58829275607.00,3.49,17.04,8.36,44.00,42.98,44.36,46.02,41.58
[object Object],DSV,DSV A/S,OMXCOP,1448.50,stock,common,10.00,5.00,false,0.00,DKK,2.80,634005.00,0.97,51660141219.60,USD,50.07,4.41,-35.38,0.48,Transportation,denmark,Transportation,StrongBuy,Strong buy,2.80,-14.79,-4.52,-13.98,-17.96,-10.09,-4.64,-5.60,406.47,6225.33,5.06,3.35,Sell,Sell,StrongSell,Strong sell,Neutral,Neutral,32.72,-211.00,-54.70,-177.94,9.34,26.95,0.00,0.00,0.00,0.00,0.00,0.00,634005.00,-32.91,0.00,0.00,0.00,11.34,50.07,0.00,1.16,2.75,28.07,35.41,34.38,64690501419.60,1.46,19.18,13.14,1606.65,1595.72,1585.99,1593.99,1572.36
[object Object],BN,Danone SA,EURONEXT,70.00,stock,common,100.00,2.00,false,0.00,EUR,2.28,1236855.00,1.01,51528626876.78,USD,24.87,3.31,-10.11,3.21,Consumer non-durables,france,Consumer Non-Durables,Buy,Buy,2.28,-4.71,2.97,2.94,3.43,-8.16,4.29,20.71,7.86,2178.15,2.42,1.74,Neutral,Neutral,Sell,Sell,Buy,Buy,47.90,-2.42,0.73,-177.05,16.04,19.96,0.00,0.00,0.00,0.00,0.00,0.38,1236855.00,-40.66,70.00,0.00,678500.00,7.55,24.87,0.00,1.62,2.65,11.97,16.60,6.88,61311642876.78,1.91,14.24,10.40,71.44,70.58,67.74,67.68,71.29
[object Object],CPG,Compass Group PLC,LSE,30.29,stock,common,100.00,1.00,false,0.00,USD,-0.56,1541057.00,0.82,51502489367.00,USD,25.51,1.19,38.09,2.23,Consumer services,uk,Consumer Services,Buy,Buy,-0.56,-3.41,-4.05,1.17,5.03,-0.20,-10.94,60.80,62.63,223.70,3.03,4.25,Sell,Sell,StrongSell,Strong sell,Neutral,Neutral,36.53,-1.97,-1.41,-152.38,22.55,26.87,0.00,0.00,0.00,0.00,0.00,-1.25,1541057.00,-25.51,30.29,0.00,1279679.00,-6.35,25.51,0.67,1.07,6.48,13.87,16.78,98.40,60235489367.11,1.24,17.36,11.97,31.27,32.06,32.10,30.39,30.26
[object Object],NDAQ,"Nasdaq, Inc.",NASDAQ,92.09,stock,common,100.00,1.00,false,0.00,USD,1.85,4054357.00,0.97,51476222663.00,USD,26.84,3.43,31.85,1.22,Finance,america,Finance,StrongBuy,Strong buy,1.85,-1.22,11.62,5.49,-6.63,-5.31,2.61,47.65,307.48,1741.80,2.36,3.21,StrongBuy,Strong buy,StrongBuy,Strong buy,Buy,Buy,59.39,4.01,4.97,80.14,65.78,67.12,0.00,91.00,0.64,0.64,100.00,1.17,4054357.00,-24.87,91.99,-0.11,612558.00,1.06,26.84,0.83,5.90,4.32,23.28,26.80,95.76,60252222663.00,6.92,22.48,18.10,91.00,86.28,87.72,87.49,89.09
[object Object],BAYN,Bayer AG,XETR,46.06,stock,common,100.00,1.00,false,0.00,EUR,-0.30,1487034.00,0.72,51475106586.47,USD,0.00,-2.54,33.72,0.24,Health technology,germany,Health Technology,Buy,Buy,-0.30,-3.17,19.11,15.73,4.44,24.49,59.85,-9.90,-49.08,243.78,1.98,4.08,Buy,Buy,Buy,Buy,Buy,Buy,49.37,-4.06,2.44,-111.92,6.03,6.85,0.00,46.12,-0.17,-0.19,220.00,-0.43,1487034.00,-36.66,45.98,-0.17,578729.00,75.14,0.00,0.00,1.00,1.57,11.90,35.02,7.90,89328553146.47,1.71,11.11,7.87,47.71,45.84,42.22,40.55,38.21
[object Object],ROK,"Rockwell Automation, Inc.",NYSE,462.16,stock,common,100.00,1.00,false,0.00,USD,0.33,583524.00,0.87,51426372051.00,USD,48.02,9.62,21.17,1.18,Producer manufacturing,america,Producer Manufacturing,Buy,Buy,0.33,1.66,1.12,13.41,8.88,17.90,28.97,54.46,291.03,25282.53,2.32,2.90,Neutral,Neutral,Neutral,Neutral,Neutral,Neutral,49.00,-9.96,-4.21,-56.10,30.98,27.58,spinning_top_black,0.00,0.00,0.00,0.00,0.51,583524.00,-28.20,462.16,0.00,112853.00,28.39,48.02,2.26,5.89,14.60,33.90,38.86,123.02,55111372051.00,6.26,45.85,36.11,462.72,468.15,461.07,425.62,408.21
[object Object],STT,State Street Corporation,NYSE,185.40,stock,common,100.00,1.00,false,0.00,USD,0.65,1755896.00,0.61,51312605452.00,USD,16.35,11.34,27.09,1.77,Finance,america,Finance,Buy,Buy,0.65,2.20,7.05,22.22,45.25,44.18,67.16,118.07,219.43,57256.41,1.87,2.72,StrongBuy,Strong buy,StrongBuy,Strong buy,Neutral,Neutral,66.94,5.18,9.83,80.23,64.09,64.21,0.00,184.13,-0.04,0.44,300.00,0.17,1755896.00,-11.21,185.40,0.00,349025.00,63.22,16.35,0.60,3.64,2.06,0.00,0.00,0.00,81052605452.00,3.66,0.00,0.00,183.73,175.85,168.37,152.26,138.18
[object Object],WAB,Westinghouse Air Brake Technologies Corporation,NYSE,302.50,stock,common,100.00,1.00,false,0.00,USD,1.51,1511240.00,1.34,51095529976.00,USD,40.74,7.43,10.82,0.37,Producer manufacturing,america,Producer Manufacturing,Buy,Buy,1.51,16.68,12.09,12.81,29.34,41.61,45.61,269.76,348.55,3933.33,3.86,2.87,StrongBuy,Strong buy,StrongBuy,Strong buy,Neutral,Neutral,75.08,41.29,11.55,249.07,95.27,78.35,0.00,299.92,0.65,0.65,100.00,0.27,1511240.00,-13.74,302.50,0.00,331749.00,22.63,40.74,3.71,4.22,4.56,25.66,29.93,76.57,57391529976.00,4.79,28.61,22.49,272.04,269.02,265.75,260.73,240.19
[object Object],XEL,Xcel Energy Inc.,NASDAQ,81.67,stock,common,100.00,1.00,false,0.00,USD,1.11,3235520.00,0.67,50984096459.00,USD,23.51,3.47,2.41,2.85,Utilities,america,Utilities,StrongBuy,Strong buy,1.11,0.80,0.83,3.13,8.37,10.63,12.62,19.73,84.23,1016.85,1.65,1.96,Buy,Buy,StrongBuy,Strong buy,Neutral,Neutral,58.49,1.61,-0.00,97.35,61.37,41.91,0.00,81.22,0.56,-0.09,1049.00,0.59,3235520.00,-37.37,81.67,0.00,554717.00,21.14,23.51,9.64,3.42,2.14,10.76,0.00,26.94,88289096459.00,5.98,30.00,14.58,79.87,79.92,79.54,79.94,79.10
[object Object],VTR,"Ventas, Inc.",NYSE,100.53,stock,common,100.00,1.00,false,0.00,USD,2.67,2872037.00,1.03,50020682163.00,USD,182.09,0.55,66.85,1.99,Finance,america,Finance,Buy,Buy,2.67,4.98,16.69,21.35,31.36,29.93,49.13,68.19,36.07,6123.21,1.85,2.16,StrongBuy,Strong buy,StrongBuy,Strong buy,Buy,Buy,76.93,9.87,8.32,168.87,92.74,93.31,0.00,0.00,0.00,0.00,0.00,0.56,2872037.00,2.23,100.53,0.00,567677.00,57.00,182.09,2.65,7.77,3.72,27.90,35.56,243.08,63059507163.00,10.28,67.70,27.79,95.74,90.33,88.28,86.65,82.14
[object Object],ALAB,"Astera Labs, Inc.",NASDAQ,291.58,stock,common,100.00,1.00,false,0.00,USD,-10.82,4275639.00,1.07,49979125930.00,USD,196.54,1.48,532.40,0.00,Electronic technology,america,Electronic Technology,Buy,Buy,-10.82,-4.14,-27.42,43.47,64.53,69.83,140.96,454.76,454.76,454.76,7.69,10.20,Sell,Sell,Sell,Sell,Sell,Sell,38.24,-121.39,-57.66,-112.77,15.84,17.80,0.00,319.85,-2.18,-0.91,5049.00,-2.95,4275639.00,52.12,288.15,-1.18,780642.00,208.99,196.54,0.41,59.15,33.43,137.77,154.09,44.60,48836501930.00,48.77,218.05,209.22,327.61,379.84,350.04,250.97,205.87
[object Object],GALD,Galderma Group AG,SIX,173.65,stock,common,100.00,5.00,false,0.00,CHF,2.57,395078.00,1.10,49911244525.44,USD,59.80,3.59,110.71,0.20,Health technology,switzerland,Health Technology,Buy,Buy,2.57,2.21,-1.67,6.83,13.79,5.88,33.58,184.67,184.67,184.67,4.01,2.99,Buy,Buy,StrongBuy,Strong buy,Neutral,Neutral,51.51,0.80,-0.52,-48.87,42.25,46.32,0.00,0.00,0.00,0.00,0.00,0.06,395078.00,-36.59,173.65,0.00,254036.00,35.51,59.80,0.53,8.51,6.11,44.18,49.39,60.24,51741772143.84,8.95,48.34,37.14,171.33,175.01,169.86,162.15,157.07
[object Object],MT,ArcelorMittal SA,EURONEXT,58.94,stock,common,100.00,2.00,false,0.00,EUR,1.90,1740941.00,1.01,49870992736.75,USD,15.84,4.37,142.34,0.83,Non-energy minerals,netherlands,Non-Energy Minerals,Buy,Buy,1.90,4.32,5.67,16.16,29.17,51.32,99.12,119.76,290.43,-11.68,3.49,3.65,StrongBuy,Strong buy,StrongBuy,Strong buy,Buy,Buy,57.58,0.92,1.55,74.79,74.29,73.37,0.00,0.00,0.00,0.00,0.00,-0.41,1740941.00,9.35,58.94,0.00,457470.00,87.60,15.84,0.11,0.81,0.97,10.88,111.08,9.62,59560762620.63,0.93,32.30,12.15,58.24,56.40,56.93,52.97,46.93
[object Object],PYPL,"PayPal Holdings, Inc.",NASDAQ,56.15,stock,common,100.00,1.00,false,0.00,USD,0.27,11762990.00,0.47,49530226843.00,USD,10.53,5.33,19.59,0.75,Commercial services,america,Commercial Services,Neutral,Neutral,0.27,-0.60,34.72,12.75,-1.20,-4.30,-27.77,-81.87,48.94,47.76,2.66,3.16,Buy,Buy,StrongBuy,Strong buy,Neutral,Neutral,75.38,9.83,9.52,83.25,87.21,87.48,0.00,56.24,0.43,-1.77,107886.00,0.55,11762990.00,-15.65,56.02,-0.24,1343663.00,-30.83,10.53,0.54,1.51,2.50,8.08,9.39,5.53,51858226843.00,1.52,7.80,6.82,54.42,47.16,45.75,46.32,52.52
[object Object],BAS,BASF SE,XETR,48.57,stock,common,1000.00,5.00,false,0.00,EUR,-0.61,1830102.00,0.90,49313002807.32,USD,0.00,0.00,0.00,4.63,Process industries,germany,Process Industries,Buy,Buy,-0.61,-0.11,-0.54,-10.07,6.28,9.20,5.59,-27.37,-32.33,798.61,2.02,2.11,Neutral,Neutral,Neutral,Neutral,Neutral,Neutral,50.23,1.02,0.21,59.29,55.63,53.68,0.00,48.85,-0.04,-0.02,250.00,-0.35,1830102.00,-13.73,48.66,0.18,565184.00,14.22,0.00,0.00,0.00,0.00,0.00,0.00,0.00,49313002807.32,0.70,9.80,0.00,48.59,48.26,49.22,50.20,47.65
[object Object],MBG,Mercedes-Benz Group AG,XETR,44.77,stock,common,1000.00,5.00,false,0.00,EUR,1.03,1605991.00,0.85,49044777803.38,USD,8.80,5.88,-43.01,7.82,Consumer durables,germany,Consumer Durables,Buy,Buy,1.03,-2.24,-0.61,-10.27,-23.26,-25.44,-18.52,-27.81,-8.97,100.94,1.76,2.08,Sell,Sell,StrongSell,Strong sell,Buy,Buy,45.18,0.78,-0.64,-25.32,35.36,39.90,engulfing_bullish,43.99,-0.73,-0.72,657.00,-0.53,1605991.00,-0.01,44.69,-0.19,1034917.00,-11.34,8.80,0.00,0.32,0.46,2.70,4.15,2.18,141139360283.38,0.94,20.41,9.33,45.10,45.11,47.01,49.58,53.77
[object Object],ORA,Orange SA,EURONEXT,16.16,stock,common,1000.00,5.00,false,0.00,EUR,-0.77,3400136.00,0.87,48878363411.57,USD,79.84,0.24,-76.30,4.64,Communications,france,Communications,Buy,Buy,-0.77,-0.34,-4.15,-9.59,7.77,13.80,22.75,69.61,13.68,-34.30,1.52,1.85,Sell,Sell,Sell,Sell,Neutral,Neutral,43.23,0.29,-0.31,2.08,63.57,66.83,falling_window_bearish,0.00,0.00,0.00,0.00,-0.25,3400136.00,16.46,16.16,0.00,2218789.00,24.83,79.84,0.00,1.07,1.70,3.99,12.42,2.82,92357044171.57,1.95,23.92,6.64,16.31,16.46,17.07,17.36,16.10
[object Object],HOLN,Holcim Ltd,SIX,74.02,stock,common,100.00,2.00,false,0.00,CHF,0.30,730535.00,0.92,48812493906.86,USD,48.69,1.92,-70.86,2.30,Non-energy minerals,switzerland,Non-Energy Minerals,Buy,Buy,0.30,-0.67,-1.62,0.63,-6.02,-5.10,12.15,172.39,236.67,68.41,1.91,2.42,Sell,Sell,Sell,Sell,Sell,Sell,47.48,-0.12,-0.39,-25.13,32.66,35.77,spinning_top_white,0.00,0.00,0.00,0.00,0.19,730535.00,-27.96,74.02,0.00,308233.00,17.57,48.69,0.00,2.60,2.66,14.69,23.71,7.52,53695029906.86,2.71,16.62,11.57,74.58,75.05,74.64,71.78,72.76
[object Object],EXC,Exelon Corporation,NASDAQ,47.53,stock,common,100.00,1.00,false,0.00,USD,0.53,5731596.00,0.69,48633081164.00,USD,17.41,2.73,1.31,3.45,Utilities,america,Utilities,Neutral,Neutral,0.53,-0.06,1.39,2.36,7.44,9.11,9.29,43.35,78.56,344.37,1.73,1.96,Buy,Buy,StrongBuy,Strong buy,Neutral,Neutral,56.99,0.73,0.06,94.77,54.79,37.46,0.00,47.24,-0.08,-0.87,1060.00,0.06,5731596.00,-28.60,47.50,-0.06,1356388.00,7.99,17.41,13.22,1.96,1.66,7.19,0.00,38.31,98822081164.00,3.99,18.96,11.10,46.62,46.62,46.00,46.87,46.20
[object Object],EBAY,eBay Inc.,NASDAQ,109.39,stock,common,100.00,1.00,false,0.00,USD,0.06,3488755.00,0.91,48569159729.00,USD,24.84,4.40,5.27,1.10,Retail trade,america,Retail Trade,Neutral,Neutral,0.06,-1.21,0.17,6.69,17.03,25.74,33.05,50.08,260.90,11559.59,2.69,2.65,Sell,Sell,Sell,Sell,Neutral,Neutral,43.99,-7.81,0.24,-136.10,18.51,25.83,0.00,105.50,-3.49,-0.27,39365.00,-2.32,3488755.00,-20.93,109.40,0.01,1281805.00,38.12,24.84,4.71,4.27,11.06,19.51,23.72,11.31,51350159729.00,4.39,20.81,17.78,112.03,111.31,111.58,104.45,96.00
[object Object],ODFL,"Old Dominion Freight Line, Inc.",NASDAQ,232.99,stock,common,100.00,1.00,false,0.00,USD,0.99,1487518.00,1.02,48454529995.00,USD,48.72,4.78,-10.35,0.49,Transportation,america,Transportation,Neutral,Neutral,0.99,-1.03,6.06,4.53,31.30,47.70,39.92,78.43,939.98,40728.20,2.83,3.07,StrongBuy,Strong buy,StrongBuy,Strong buy,Buy,Buy,56.18,5.37,3.81,73.40,73.62,76.18,0.00,230.71,0.00,0.00,150.00,-0.13,1487518.00,65.58,232.99,0.00,231132.00,41.97,48.72,0.00,8.85,11.02,34.66,47.92,169.29,48206443995.00,8.84,35.19,27.74,232.08,226.45,224.33,212.53,186.17
[object Object],AZO,"AutoZone, Inc.",NYSE,2957.41,stock,common,100.00,1.00,false,0.00,USD,1.16,137346.00,0.83,48280768262.00,USD,20.33,145.45,-1.56,0.00,Retail trade,america,Retail Trade,StrongBuy,Strong buy,1.16,-3.88,-3.38,-16.11,-20.32,-12.38,-21.65,81.45,271.11,40171.11,2.94,3.16,Sell,Sell,StrongSell,Strong sell,Sell,Sell,42.48,-115.23,-79.86,-131.88,14.01,14.80,0.00,0.00,0.00,0.00,0.00,-0.02,137346.00,6.35,2957.41,0.00,24615.00,-19.95,20.33,0.00,2.47,0.00,16.22,30.52,157.61,60595719262.00,3.03,16.82,14.21,3005.07,3059.66,3110.73,3310.67,3506.92
[object Object],ELE,Endesa S.A.,BME,41.16,stock,common,100.00,1.00,false,0.00,EUR,0.73,581365.00,0.70,48174028095.61,USD,18.32,2.60,9.15,2.59,Utilities,spain,Utilities,Sell,Sell,0.73,3.97,6.33,7.10,35.04,34.51,61.48,92.88,121.41,108.93,1.40,1.84,Buy,Buy,StrongBuy,Strong buy,Neutral,Neutral,66.86,2.17,1.77,146.10,93.05,92.02,0.00,0.00,0.00,0.00,0.00,0.10,581365.00,9.50,0.00,0.00,0.00,51.05,18.32,1.99,2.02,4.95,10.25,16.99,453.51,62446993415.61,2.58,15.01,9.53,40.23,39.28,38.16,37.27,34.17
[object Object],HEIA,Heineken NV,EURONEXT,76.42,stock,common,100.00,2.00,false,0.00,EUR,0.92,354175.00,0.49,47811483262.10,USD,22.71,3.95,94.63,2.49,Consumer non-durables,netherlands,Consumer Non-Durables,Buy,Buy,0.92,-1.06,4.71,13.86,13.11,9.96,-3.04,-23.41,-7.58,129.85,1.69,1.81,Buy,Buy,StrongBuy,Strong buy,Neutral,Neutral,58.08,0.62,3.00,22.82,54.61,65.83,marubozu_white_bullish,0.00,0.00,0.00,0.00,-0.16,354175.00,-40.60,76.42,0.00,226899.00,-2.73,22.71,0.24,1.48,2.38,8.55,14.88,8.98,67311536782.10,1.99,15.63,9.69,76.56,74.53,71.94,69.74,70.09
[object Object],ANTO,Antofagasta plc,LSE,3631.00,stock,common,1.00,1.00,false,0.00,GBX,0.28,618281.00,0.54,47659403845.69,USD,35.62,1.37,55.41,1.32,Non-energy minerals,uk,Non-Energy Minerals,Neutral,Neutral,0.28,3.74,-3.99,-2.31,3.33,10.06,78.43,150.67,639.51,5401.52,4.41,4.16,Sell,Sell,StrongSell,Strong sell,Neutral,Neutral,45.58,-147.00,-193.75,-72.64,55.47,52.98,0.00,0.00,0.00,0.00,0.00,-1.41,618281.00,-46.46,3631.00,0.00,308613.00,86.83,35.62,0.64,5.47,4.64,14.49,0.00,9.81,54400095805.11,6.18,15.36,10.26,3661.90,3806.83,3881.70,3774.59,3493.22
[object Object],EW,Edwards Lifesciences Corporation,NYSE,82.63,stock,common,100.00,1.00,false,0.00,USD,-1.42,10480908.00,2.02,47578351410.00,USD,49.03,1.69,15.05,0.00,Health technology,america,Health Technology,Buy,Buy,-1.42,-4.98,-5.40,0.16,-2.05,-3.31,7.51,-24.20,133.09,6402.04,3.04,2.75,StrongSell,Strong sell,StrongSell,Strong sell,Sell,Sell,32.71,-9.58,-3.80,-100.63,5.37,6.98,0.00,88.40,5.46,5.57,48749.00,4.99,10480908.00,51.60,82.63,0.00,1111517.00,10.02,49.03,3.31,7.43,0.00,0.00,0.00,16.46,45278351410.00,6.95,22.98,0.00,86.31,88.70,87.25,84.51,83.43
[object Object],ASM,ASM International N.V.,EURONEXT,859.40,stock,common,10.00,2.00,false,0.00,EUR,-1.63,157662.00,0.94,47571478149.32,USD,42.61,23.30,105.89,0.38,Producer manufacturing,netherlands,Producer Manufacturing,Buy,Buy,-1.63,-0.67,-13.65,0.99,21.45,63.26,89.30,189.36,2235.33,3878.70,3.31,4.27,Sell,Sell,Sell,Sell,Neutral,Neutral,41.29,-51.00,-73.60,-106.37,27.15,31.74,spinning_top_black,0.00,0.00,0.00,0.00,-0.98,157662.00,-11.04,859.40,0.00,75951.00,67.19,42.61,0.41,13.42,9.80,55.17,78.47,42.99,46536753573.32,12.60,42.14,33.33,890.38,951.56,928.69,841.54,716.22
[object Object],AMP,"Ameriprise Financial, Inc.",NYSE,528.90,stock,common,100.00,1.00,false,0.00,USD,1.69,491817.00,0.77,47546571560.00,USD,12.76,41.45,28.98,1.23,Finance,america,Finance,Buy,Buy,1.69,0.97,14.08,15.18,4.84,7.94,1.87,111.99,448.37,1291.11,2.37,3.05,StrongBuy,Strong buy,StrongBuy,Strong buy,Buy,Buy,66.77,22.14,40.06,61.18,74.18,78.22,0.00,0.00,0.00,0.00,0.00,-0.13,491817.00,-47.07,528.90,0.00,90310.00,-8.48,12.76,0.43,2.44,7.34,0.00,0.00,4.79,43830571560.00,2.21,8.15,0.00,525.56,490.92,476.22,465.70,474.78
[object Object],PKN,ORLEN Spolka Akcyjna,GPW,156.00,stock,common,100.00,2.00,false,0.00,PLN,0.09,1516341.00,0.90,47511598467.14,USD,12.15,3.46,63.40,5.13,Energy minerals,poland,Energy Minerals,Buy,Buy,0.09,6.95,20.46,21.12,49.28,61.19,82.14,124.78,140.74,602.70,2.39,2.55,StrongBuy,Strong buy,StrongBuy,Strong buy,Neutral,Neutral,76.16,16.08,13.39,127.85,98.26,97.92,long_lower_shadow_bullish,0.00,0.00,0.00,0.00,-0.10,1516341.00,-38.36,0.00,0.00,0.00,67.26,12.15,0.19,0.67,1.22,4.64,19.97,5.40,49131810307.14,0.68,6.03,4.10,148.71,136.77,139.50,135.36,117.37
[object Object],STMMI,STMicroelectronics NV,MIL,46.78,stock,common,1000.00,5.00,false,0.00,EUR,-2.41,6387250.00,1.06,47490376830.65,USD,108.27,0.49,-32.83,0.66,Electronic technology,italy,Electronic Technology,Buy,Buy,-2.41,-11.56,-27.25,9.26,89.14,109.14,94.65,44.71,713.65,114.16,4.75,4.81,Sell,Sell,StrongSell,Strong sell,Neutral,Neutral,30.71,-15.24,-8.65,-208.10,21.27,32.96,0.00,0.00,0.00,0.00,0.00,-1.46,6387250.00,-67.65,46.78,0.00,28623.00,91.76,108.27,0.00,3.96,2.71,22.31,117.87,8.23,45897414738.45,3.58,68.38,18.07,55.67,61.20,60.99,48.54,36.03
[object Object],NBIS,Nebius Group N.V. Class A,NASDAQ,187.77,stock,common,100.00,1.00,false,0.00,USD,-15.02,24095249.00,1.29,47252403645.00,USD,62.65,3.00,0.00,0.00,Technology services,america,Technology Services,Buy,Buy,-15.02,13.75,-31.74,14.72,94.18,115.86,252.42,166.68,784.46,436.49,11.13,11.04,Sell,Sell,Sell,Sell,Sell,Sell,42.46,-31.88,-22.88,-62.75,65.08,63.47,marubozu_black_bearish,218.44,-1.14,-1.11,197088.00,-1.34,24095249.00,57.38,189.78,1.07,1882400.00,254.89,62.65,0.00,77.77,6.58,0.00,0.00,6.24,47451403645.00,54.05,0.00,8181.28,198.00,229.52,226.92,180.08,139.95
[object Object],CBK,Commerzbank AG,XETR,36.78,stock,common,100.00,1.00,false,0.00,EUR,1.18,2911823.00,1.18,47173827648.84,USD,15.66,2.71,-0.03,2.99,Finance,germany,Finance,Buy,Buy,1.18,-1.92,-3.08,8.18,5.45,2.22,22.80,579.73,524.87,-59.46,2.93,2.38,Sell,Sell,Sell,Sell,Neutral,Neutral,45.37,-1.86,-0.29,-124.37,31.38,40.37,harami_bullish,36.32,-0.08,0.14,7980.00,0.14,2911823.00,-8.69,36.71,-0.19,889038.00,24.37,15.66,0.00,3.05,1.36,0.00,0.00,0.00,-21502944671.16,0.00,0.00,0.00,37.70,37.69,37.26,35.38,34.52
[object Object],GRMN,Garmin Ltd.,NYSE,243.03,stock,common,100.00,1.00,false,0.00,USD,1.22,561351.00,0.66,46869842335.00,USD,27.10,8.97,18.14,0.00,Electronic technology,america,Electronic Technology,Neutral,Neutral,1.22,-1.56,1.90,-6.88,18.44,19.33,4.82,57.71,427.29,2973.90,2.57,2.61,Buy,Buy,StrongBuy,Strong buy,Neutral,Neutral,52.04,-0.08,2.65,23.82,30.76,27.80,0.00,0.00,0.00,0.00,0.00,0.44,561351.00,-18.10,243.03,0.00,103337.00,9.69,27.10,1.48,6.23,5.06,26.90,32.41,17.42,44336504335.00,5.94,22.45,20.46,243.24,240.10,238.29,242.06,228.78
[object Object],HUM,Humana Inc.,NYSE,389.32,stock,common,100.00,1.00,false,0.00,USD,-1.31,740286.00,0.55,46742344273.00,USD,41.67,9.34,-33.93,0.91,Health services,america,Health Services,Neutral,Neutral,-1.31,0.47,7.57,81.81,46.89,52.05,65.84,-17.08,121.61,32556.99,2.60,3.91,Neutral,Neutral,Buy,Buy,Neutral,Neutral,53.23,-2.90,14.48,-67.56,19.67,28.25,0.00,0.00,0.00,0.00,0.00,0.25,740286.00,-37.41,389.32,0.00,149391.00,80.53,41.67,0.00,0.35,2.52,25.47,36.93,0.00,60801344273.00,0.44,0.00,0.00,399.10,387.29,360.89,280.48,263.11
[object Object],CCEP,Coca-Cola Europacific Partners plc,NASDAQ,105.11,stock,common,100.00,1.00,false,0.00,USD,1.44,1313062.00,0.78,46586604398.00,USD,21.81,4.82,44.87,2.22,Consumer non-durables,america,Consumer Non-Durables,Buy,Buy,1.44,-1.61,6.24,8.02,18.06,15.96,5.14,72.31,174.80,2559.05,1.55,2.12,Buy,Buy,StrongBuy,Strong buy,Neutral,Neutral,57.02,-0.73,3.20,-4.50,32.80,38.81,0.00,103.93,0.30,0.71,2020.00,0.48,1313062.00,-39.47,103.09,-1.92,398135.00,4.47,21.81,0.48,1.99,5.13,14.71,20.15,42.40,58571866648.04,2.48,18.52,13.93,105.32,102.72,98.79,97.51,94.96
[object Object],DGE,Diageo plc,LSE,1562.50,stock,common,10.00,5.00,false,0.00,GBX,1.43,3384115.00,0.84,46257510811.68,USD,19.22,1.10,-35.58,4.02,Consumer non-durables,uk,Consumer Non-Durables,Buy,Buy,1.43,-1.98,0.81,6.29,-7.02,-2.44,-19.69,-55.22,-25.90,163.94,2.62,4.36,Buy,Buy,StrongBuy,Strong buy,Buy,Buy,53.43,38.50,29.03,34.30,60.58,61.77,0.00,0.00,0.00,0.00,0.00,-0.32,3384115.00,-19.54,1562.50,0.00,1106149.00,-18.36,19.22,0.00,2.29,4.03,11.25,18.42,17.41,68936992466.68,3.41,12.10,10.62,1557.25,1539.73,1537.40,1501.59,1610.83
[object Object],XYZ,"Block, Inc. Class A",NYSE,77.15,stock,common,100.00,1.00,false,0.00,USD,0.86,3195528.00,0.65,45918427169.00,USD,59.94,1.29,-68.69,0.00,Commercial services,america,Commercial Services,StrongBuy,Strong buy,0.86,-2.59,5.68,9.68,18.64,17.39,-2.89,-70.88,712.11,588.84,3.02,3.65,Buy,Buy,Buy,Buy,Neutral,Neutral,50.39,-0.15,2.75,-60.57,24.38,35.42,spinning_top_white,76.99,0.65,0.41,2904.00,0.67,3195528.00,-43.19,77.15,0.00,515251.00,6.24,59.94,0.00,1.87,2.11,13.51,14.15,5.80,46075216169.00,1.88,12.18,11.08,79.28,76.63,74.25,69.82,67.57
[object Object],LONN,Lonza Group AG,SIX,548.00,stock,common,10.00,2.00,false,0.00,CHF,1.07,114522.00,0.69,45710670045.96,USD,0.00,-1.92,-115.18,0.91,Health technology,switzerland,Health Technology,Buy,Buy,1.07,-4.96,5.96,12.18,-1.44,2.85,-5.58,-20.58,230.51,536.17,2.73,2.02,Buy,Buy,Buy,Buy,Neutral,Neutral,48.43,-38.00,10.51,-91.60,23.27,23.56,0.00,0.00,0.00,0.00,0.00,0.52,114522.00,-33.39,548.00,0.00,56938.00,-0.35,0.00,0.00,5.99,4.71,26.56,178.27,78.70,50254158045.96,6.42,26.12,18.87,565.10,547.43,524.86,511.26,526.08
[object Object],AENA,Aena SME SA,BME,26.70,stock,common,100.00,2.00,false,0.00,EUR,1.99,930114.00,0.89,45559279301.37,USD,18.50,1.67,9.63,3.31,Transportation,spain,Transportation,Buy,Buy,1.99,1.60,1.14,8.98,4.42,12.66,12.92,100.15,107.22,310.14,1.34,1.72,Buy,Buy,StrongBuy,Strong buy,Neutral,Neutral,55.54,-0.24,-0.37,-23.63,30.66,20.82,0.00,0.00,0.00,0.00,0.00,0.00,930114.00,-17.89,0.00,0.00,0.00,11.65,18.50,1.88,6.10,4.17,13.75,18.50,11.86,50726481792.73,6.82,14.81,11.69,26.29,26.73,25.78,25.46,25.02
[object Object],FER,Ferrovial N.V.,BME,55.70,stock,common,100.00,2.00,false,0.00,EUR,0.32,369538.00,0.68,45508744221.04,USD,45.16,1.45,-72.42,1.70,Industrial services,spain,Industrial Services,Buy,Buy,0.32,0.29,-9.61,-6.23,-3.00,1.20,21.94,127.16,203.87,719.31,1.47,1.74,Sell,Sell,StrongSell,Strong sell,Neutral,Neutral,37.16,-1.10,-2.48,-66.89,13.12,13.04,0.00,0.00,0.00,0.00,0.00,-0.43,369538.00,-22.13,0.00,0.00,0.00,22.76,45.16,0.00,4.16,6.79,24.85,28.11,9.40,54857212301.04,4.85,48.30,32.06,55.84,58.40,58.13,57.98,57.42
[object Object],FER,Ferrovial N.V.,NASDAQ,63.25,stock,common,100.00,1.00,false,0.00,USD,-0.08,1304225.00,1.10,45428236049.73,USD,43.66,1.45,-68.71,1.70,Industrial services,america,Industrial Services,Buy,Buy,-0.08,-0.12,-8.86,-8.61,-5.03,-2.42,17.09,91.09,91.09,91.09,1.05,1.39,Sell,Sell,StrongSell,Strong sell,Neutral,Neutral,35.97,-1.03,-2.98,-72.35,13.15,11.78,0.00,63.41,0.17,0.24,438.00,0.19,1304225.00,-23.88,63.24,-0.02,230676.00,20.86,43.66,0.00,4.17,6.57,24.03,27.18,9.09,55080359229.73,4.87,48.50,32.19,63.65,66.53,66.76,67.13,66.76
[object Object],P911,Porsche AG,XETR,43.74,stock,preferred,100.00,1.00,false,0.00,EUR,-3.55,662640.00,1.76,45104138172.50,USD,126.23,0.40,-90.10,2.31,Consumer durables,germany,Consumer Durables,Neutral,Neutral,-3.55,-2.13,-4.91,5.73,3.92,-4.83,-3.87,-47.93,-47.93,-47.93,3.15,3.02,StrongSell,Strong sell,StrongSell,Strong sell,Sell,Sell,42.04,-1.39,-0.95,-56.29,36.42,39.26,0.00,0.00,0.00,0.00,0.00,0.11,662640.00,46.53,43.74,0.00,353478.00,7.97,126.23,0.00,1.15,1.72,10.37,61.76,5.24,49955831572.50,1.21,257.37,7.69,44.73,45.72,46.22,43.27,43.55
[object Object],SAND,Sandvik AB,OMXSTO,349.70,stock,common,10.00,1.00,false,0.00,SEK,1.69,1596897.00,0.66,44787058583.59,USD,26.05,1.38,16.38,1.72,Producer manufacturing,sweden,Producer Manufacturing,Neutral,Neutral,1.69,-4.24,-11.29,-12.07,5.75,16.33,43.26,54.73,281.35,765.59,3.03,3.15,Sell,Sell,StrongSell,Strong sell,Neutral,Neutral,39.08,-41.20,-38.47,-104.17,17.19,14.55,0.00,0.00,0.00,0.00,0.00,-0.55,1596897.00,-20.79,0.00,0.00,0.00,42.54,26.05,1.56,3.34,4.37,20.46,24.85,121.24,48827870283.59,3.68,19.17,14.58,360.06,382.47,379.39,376.99,344.52
[object Object],DNB,DNB Bank ASA,OSL,298.70,stock,common,10.00,1.00,false,0.00,NOK,1.25,1418714.00,0.89,44748702977.80,USD,10.81,2.79,-7.52,6.03,Finance,norway,Finance,Neutral,Neutral,1.25,0.67,1.25,5.77,6.72,5.81,14.88,70.39,214.42,853.21,1.48,1.27,Buy,Buy,StrongBuy,Strong buy,Neutral,Neutral,58.26,-0.10,1.74,44.42,75.95,72.03,marubozu_white_bullish,0.00,0.00,0.00,0.00,-0.14,1418714.00,4.52,298.70,0.00,531051.00,11.79,10.81,0.00,4.53,1.68,10.41,11.00,0.00,158275625877.80,8.10,0.00,0.00,296.49,295.47,292.01,292.32,284.15
[object Object],SREN,Swiss Re AG,SIX,134.50,stock,common,100.00,5.00,false,0.00,CHF,1.59,682890.00,0.80,44724450778.06,USD,10.37,16.37,36.31,4.68,Finance,switzerland,Finance,Sell,Sell,1.59,-1.82,8.51,4.67,9.35,2.52,-10.00,60.85,59.93,173.32,2.57,1.85,StrongBuy,Strong buy,StrongBuy,Strong buy,Neutral,Neutral,59.59,1.90,5.07,47.17,39.84,37.42,0.00,0.00,0.00,0.00,0.00,0.57,682890.00,-21.75,134.50,0.00,250544.00,-4.06,10.37,0.28,0.99,1.99,16.54,16.54,0.00,54649473568.06,1.10,0.00,0.00,134.44,129.76,125.68,127.34,131.80
[object Object],SHL,Siemens Healthineers AG,XETR,35.06,stock,common,100.00,1.00,false,0.00,EUR,3.03,974285.00,1.01,44500814622.85,USD,18.79,2.16,0.45,2.85,Health technology,germany,Health Technology,Buy,Buy,3.03,-0.57,1.92,-1.96,-20.34,-21.86,-25.66,-35.90,20.48,20.48,2.48,2.49,Buy,Buy,Buy,Buy,Neutral,Neutral,52.92,0.47,-0.03,-0.35,38.04,38.99,marubozu_white_bullish,34.19,0.47,0.47,10.00,-0.21,974285.00,-10.72,34.97,-0.26,265975.00,-23.83,18.79,40.82,1.66,2.15,14.04,19.60,20.66,59816922462.85,2.24,15.74,11.44,34.84,34.66,34.60,35.72,40.01
[object Object],ADSK,"Autodesk, Inc.",NASDAQ,209.75,stock,common,100.00,1.00,false,0.00,USD,2.19,2888592.00,1.47,44257250000.00,USD,30.65,6.84,46.65,0.00,Technology services,america,Technology Services,StrongBuy,Strong buy,2.19,-3.36,10.99,-9.82,-22.14,-29.14,-30.32,-32.77,257.02,41850.42,3.76,3.51,Neutral,Neutral,Sell,Sell,Buy,Buy,49.91,1.30,3.67,29.54,34.29,41.81,spinning_top_white,208.52,1.59,1.59,180.00,1.70,2888592.00,57.11,205.66,-1.95,360838.00,-27.50,30.65,0.64,5.79,13.88,15.99,16.29,15.21,44057250000.00,5.86,26.07,23.19,211.00,203.19,216.11,229.38,255.69
[object Object],SEB_A,Skandinaviska Enskilda Banken AB Class A,OMXSTO,218.60,stock,common,10.00,1.00,false,0.00,SEK,1.44,1606255.00,0.57,43696107358.97,USD,13.94,1.61,-2.93,3.89,Finance,sweden,Finance,Neutral,Neutral,1.44,1.67,13.44,22.05,7.90,11.79,27.46,91.92,189.34,389.86,1.57,1.55,StrongBuy,Strong buy,StrongBuy,Strong buy,Buy,Buy,74.52,17.70,17.39,101.35,91.43,90.77,0.00,0.00,0.00,0.00,0.00,-0.05,1606255.00,-11.53,0.00,0.00,0.00,19.93,13.94,0.00,5.06,1.91,18.89,0.00,0.00,111985692358.97,7.10,0.00,0.00,212.62,200.59,193.81,187.31,188.47
[object Object],FLEX,Flex Ltd,NASDAQ,118.51,stock,common,100.00,1.00,false,0.00,USD,-7.37,4723605.00,1.33,43420827169.00,USD,50.83,2.33,10.43,0.00,Electronic technology,america,Electronic Technology,StrongBuy,Strong buy,-7.37,1.89,-21.93,34.23,83.40,92.89,134.56,881.46,1153.26,8888.86,4.74,6.59,Sell,Sell,Sell,Sell,Sell,Sell,38.53,-17.29,-16.48,-91.50,35.45,34.95,0.00,126.11,-1.43,-0.95,1818.00,-1.32,4723605.00,35.96,119.00,0.41,1571112.00,119.40,50.83,5.26,1.71,8.42,26.30,42.13,18.55,45496827169.00,1.63,30.21,22.40,125.16,139.93,141.54,110.84,86.83
[object Object],BDX,"Becton, Dickinson and Company",NYSE,156.36,stock,common,100.00,1.00,false,0.00,USD,2.22,1115716.00,0.70,43083502708.00,USD,39.65,3.94,-24.74,2.68,Health technology,america,Health Technology,Buy,Buy,2.22,-1.56,7.35,0.88,-3.18,2.41,9.16,-18.38,17.51,5209.46,1.91,2.68,StrongBuy,Strong buy,StrongBuy,Strong buy,Neutral,Neutral,55.88,4.42,3.06,39.32,39.79,37.16,0.00,0.00,0.00,0.00,0.00,0.99,1115716.00,-30.61,156.36,0.00,223209.00,-14.98,39.65,0.00,2.01,1.79,11.46,14.30,43.10,59344502708.00,2.78,18.22,10.73,154.83,151.35,149.58,152.76,154.63
[object Object],TTWO,"Take-Two Interactive Software, Inc.",NASDAQ,231.65,stock,common,100.00,1.00,false,0.00,USD,0.61,1343520.00,0.85,43009679844.00,USD,0.00,-1.61,93.64,0.00,Technology services,america,Technology Services,StrongBuy,Strong buy,0.61,-1.69,-6.24,9.79,-3.94,-10.11,1.52,33.36,473.68,6217.70,1.92,2.86,Neutral,Neutral,Sell,Sell,Buy,Buy,43.68,-11.55,-1.10,-114.15,5.44,7.48,doji,232.20,0.85,0.07,425.00,0.63,1343520.00,-9.61,232.52,0.38,180027.00,7.13,0.00,0.00,6.41,12.23,68.76,93.01,21.44,43965479844.00,6.60,0.00,36.78,237.16,238.78,233.41,221.05,230.05
[object Object],DANSKE,Danske Bank A/S,OMXCOP,356.50,stock,common,10.00,1.00,false,0.00,DKK,-0.53,900677.00,0.76,42996860995.27,USD,12.26,4.43,4.11,4.75,Finance,denmark,Finance,Buy,Buy,-0.53,-1.00,1.92,11.27,10.54,11.93,37.33,226.91,98.17,200.98,1.63,1.74,Neutral,Neutral,Sell,Sell,Neutral,Neutral,48.17,-11.00,7.98,-65.57,26.55,41.12,spinning_top_black,0.00,0.00,0.00,0.00,-0.31,900677.00,-4.77,0.00,0.00,0.00,40.81,12.26,3.00,2.11,1.72,9.14,9.26,0.00,224980013995.27,8.41,0.00,0.00,365.69,357.84,346.82,334.48,319.59
[object Object],IDXX,"IDEXX Laboratories, Inc.",NASDAQ,544.32,stock,common,100.00,1.00,false,0.00,USD,0.92,437376.00,0.75,42937596899.00,USD,40.05,13.59,25.58,0.00,Health technology,america,Health Technology,Buy,Buy,0.92,-4.63,0.32,-2.26,-21.09,-19.54,1.21,-21.24,475.94,57480.93,2.37,3.24,Sell,Sell,StrongSell,Strong sell,Sell,Sell,45.72,-19.25,-5.72,-76.27,17.14,29.28,downside_tasuki_gap_bearish,0.00,0.00,0.00,0.00,0.02,437376.00,-4.78,544.32,0.00,93940.00,8.16,40.05,1.55,9.72,27.72,36.17,40.41,217.59,43842519899.00,9.86,31.13,28.15,555.04,554.46,554.49,565.84,622.11
[object Object],MCHP,Microchip Technology Incorporated,NASDAQ,78.86,stock,common,100.00,1.00,false,0.00,USD,-3.06,9323774.00,0.96,42821639744.00,USD,365.26,0.22,0.00,2.31,Electronic technology,america,Electronic Technology,Buy,Buy,-3.06,-0.12,-15.08,-13.45,4.06,20.84,14.42,13.97,193.82,22010.45,3.90,4.50,Sell,Sell,StrongSell,Strong sell,Sell,Sell,38.87,-9.73,-7.22,-144.53,29.13,35.66,0.00,79.99,-1.67,-0.85,4617.00,-1.30,9323774.00,-19.52,79.06,0.25,2739426.00,8.93,365.26,0.00,9.46,6.65,44.91,49.61,179.81,48223539744.00,10.23,91.02,39.56,82.94,88.85,90.85,83.26,75.19
[object Object],HLN,Haleon PLC,LSE,363.50,stock,common,10.00,1.00,false,0.00,GBX,0.53,12865369.00,0.75,42625602453.97,USD,19.68,0.25,17.49,1.95,Health technology,uk,Health Technology,Buy,Buy,0.53,-2.76,7.86,3.24,-5.29,-3.04,1.39,10.15,10.15,10.15,1.66,1.94,Buy,Buy,StrongBuy,Strong buy,Neutral,Neutral,56.01,1.70,15.09,14.34,40.88,51.53,0.00,0.00,0.00,0.00,0.00,-0.33,12865369.00,-15.75,363.50,0.00,6086960.00,2.03,19.68,1.12,2.95,1.97,13.98,16.22,24.68,52403404053.97,3.53,15.68,13.70,365.85,353.99,346.75,353.58,362.58
[object Object],SWED_A,Swedbank AB Class A,OMXSTO,371.00,stock,common,10.00,1.00,false,0.00,SEK,1.26,1575917.00,0.86,42478922984.52,USD,13.43,2.84,-8.05,5.51,Finance,sweden,Finance,Neutral,Neutral,1.26,3.72,4.36,15.18,6.06,15.22,43.69,125.56,106.92,258.82,1.23,1.57,StrongBuy,Strong buy,StrongBuy,Strong buy,Neutral,Neutral,60.15,7.00,8.91,101.38,78.05,72.89,0.00,0.00,0.00,0.00,0.00,0.03,1575917.00,16.30,0.00,0.00,0.00,44.71,13.43,0.00,4.94,2.01,73.06,79.62,0.00,128841126884.52,9.94,0.00,0.00,366.25,361.27,351.51,339.39,327.50
[object Object],PRY,Prysmian S.p.A.,MIL,126.90,stock,common,100.00,5.00,false,0.00,EUR,0.63,743002.00,0.66,42182597073.60,USD,27.07,5.42,95.76,0.71,Producer manufacturing,italy,Producer Manufacturing,Buy,Buy,0.63,-0.39,-14.26,3.59,32.35,46.54,92.62,319.23,542.48,775.06,3.04,3.73,Sell,Sell,StrongSell,Strong sell,Neutral,Neutral,38.57,-8.15,-12.64,-103.71,18.13,19.76,0.00,0.00,0.00,0.00,0.00,-1.23,743002.00,-26.15,126.90,0.00,2061.00,97.69,27.07,0.28,1.83,5.27,19.21,30.97,23.98,46817016513.60,2.02,19.76,14.95,129.88,139.46,142.64,129.45,110.11
[object Object],AIG,"American International Group, Inc.",NYSE,79.06,stock,common,100.00,1.00,false,0.00,USD,1.15,2212309.00,0.62,41918103865.00,USD,13.97,5.66,26.48,2.34,Finance,america,Finance,Buy,Buy,1.15,0.85,2.58,4.22,10.08,-7.24,0.03,67.22,44.75,454.54,1.84,2.22,StrongBuy,Strong buy,StrongBuy,Strong buy,Neutral,Neutral,53.87,-0.11,1.84,11.56,32.48,43.30,0.00,0.00,0.00,0.00,0.00,-0.08,2212309.00,-36.85,79.06,0.00,460751.00,-8.81,13.97,0.52,1.59,1.04,12.16,12.16,0.00,51098103865.00,1.92,0.00,0.00,78.97,77.48,76.69,76.58,77.61
[object Object],RKT,Reckitt Benckiser Group plc,LSE,4950.00,stock,common,1.00,1.00,false,0.00,GBX,0.24,644794.00,0.56,41852854753.20,USD,10.17,6.56,130.84,4.36,Consumer non-durables,uk,Consumer Non-Durables,Buy,Buy,0.24,-3.66,6.43,3.41,-18.83,-17.42,-11.16,-20.75,-33.18,532.99,2.12,3.26,Neutral,Neutral,Sell,Sell,Neutral,Neutral,50.49,-68.00,139.14,-57.16,21.38,23.88,doji,0.00,0.00,0.00,0.00,0.22,644794.00,-42.52,4950.00,0.00,381420.00,-5.12,10.17,0.08,2.27,4.12,14.06,18.33,16.54,50524262953.20,2.64,8.89,7.54,5010.10,4915.90,4794.34,4935.47,5484.14
[object Object],COIN,"Coinbase Global, Inc. Class A",NASDAQ,158.29,stock,common,100.00,1.00,false,0.00,USD,-1.78,5372057.00,0.75,41703241690.00,USD,59.52,2.66,-50.16,0.00,Finance,america,Finance,Buy,Buy,-1.78,3.21,-0.01,-21.67,-28.94,-31.36,-60.84,-30.03,-58.45,-58.45,5.74,5.91,Sell,Sell,StrongSell,Strong sell,Neutral,Neutral,46.75,-0.78,4.61,-29.91,32.09,49.60,0.00,161.10,-0.04,1.18,41555.00,-0.05,5372057.00,-4.19,157.47,-0.52,608799.00,0.00,59.52,0.00,6.44,3.09,23.86,23.86,3.90,38934855690.00,5.88,109.27,67.20,162.55,160.31,168.09,179.79,217.73
[object Object],ED,"Consolidated Edison, Inc.",NYSE,113.01,stock,common,100.00,1.00,false,0.00,USD,0.20,2971923.00,1.57,41647544910.00,USD,19.04,5.94,9.60,3.07,Utilities,america,Utilities,Neutral,Neutral,0.20,-0.69,3.51,3.25,9.29,13.43,10.29,52.22,39.24,1290.89,1.81,1.84,Buy,Buy,StrongBuy,Strong buy,Neutral,Neutral,57.50,1.89,1.63,130.35,55.04,38.37,0.00,113.00,0.19,-0.26,224.00,0.36,2971923.00,3.36,113.01,0.00,683419.00,13.71,19.04,1.98,2.39,1.47,9.95,0.00,280.14,68677544910.00,3.99,23.02,12.93,111.76,110.57,108.80,109.95,106.02
[object Object],PRU,"Prudential Financial, Inc.",NYSE,119.96,stock,common,100.00,1.00,false,0.00,USD,1.80,1694027.00,1.06,41626119682.00,USD,12.33,9.73,53.97,4.58,Finance,america,Finance,Neutral,Neutral,1.80,1.89,10.06,25.86,10.82,6.28,13.86,20.42,58.85,312.23,1.81,1.96,StrongBuy,Strong buy,StrongBuy,Strong buy,Buy,Buy,68.89,4.59,6.92,97.89,80.17,79.93,0.00,118.25,0.35,0.35,100.00,-0.42,1694027.00,37.32,120.00,0.03,270729.00,13.02,12.33,0.22,0.66,1.30,4.28,4.28,0.00,78664119682.00,1.25,0.00,0.00,117.65,112.50,108.57,102.74,105.23
[object Object],ADM,Archer-Daniels-Midland Company,NYSE,85.92,stock,common,100.00,1.00,false,0.00,USD,-0.50,2315467.00,0.77,41409705289.00,USD,38.47,2.23,-20.38,2.40,Process industries,america,Process Industries,Neutral,Neutral,-0.50,2.65,13.09,22.69,27.12,49.58,53.07,47.58,97.02,16433.25,2.06,2.19,Buy,Buy,StrongBuy,Strong buy,Neutral,Neutral,67.39,5.51,6.52,99.59,85.90,90.05,0.00,86.41,0.07,0.07,100.00,0.30,2315467.00,-10.04,85.92,0.00,530071.00,58.43,38.47,0.00,0.52,1.82,7.00,8.68,6.77,46220705289.00,0.57,26.53,15.79,84.70,79.93,80.15,75.86,69.09
[object Object],SGO,Compagnie de Saint-Gobain SA,EURONEXT,74.16,stock,common,100.00,2.00,false,0.00,EUR,1.81,659300.00,0.78,41307657408.15,USD,12.82,6.79,2.50,3.10,Producer manufacturing,france,Producer Manufacturing,Buy,Buy,1.81,-2.68,-4.11,-8.47,-11.82,-14.54,-28.69,27.42,104.72,235.87,2.45,2.59,Sell,Sell,StrongSell,Strong sell,Sell,Sell,43.62,-1.64,-2.96,-93.55,15.77,13.77,0.00,0.00,0.00,0.00,0.00,0.22,659300.00,-39.25,74.16,0.00,378730.00,-25.08,12.82,5.03,0.78,1.49,6.54,10.65,4.77,53510263528.15,0.98,9.20,6.17,74.91,77.27,76.74,75.72,80.70
[object Object],VOW3,Volkswagen AG Pref,XETR,71.46,stock,preferred,100.00,2.00,false,0.00,EUR,-2.03,1279652.00,1.64,41300828692.35,USD,6.83,11.94,-37.21,7.36,Consumer durables,germany,Consumer Durables,Buy,Buy,-2.03,-2.48,-8.36,-18.33,-31.35,-30.99,-26.38,-65.39,-42.18,107.79,2.30,2.69,StrongSell,Strong sell,StrongSell,Strong sell,Neutral,Neutral,36.31,0.48,-4.60,-70.55,31.92,36.03,spinning_top_white,71.20,-2.39,-2.63,10792.00,-2.39,1279652.00,41.55,71.46,0.00,407218.00,-18.80,6.83,0.00,0.11,0.20,2.04,0.00,0.49,309081315132.35,0.84,14.86,5.32,72.68,75.64,81.04,84.65,91.94
[object Object],LYV,"Live Nation Entertainment, Inc.",NYSE,177.24,stock,common,100.00,1.00,false,0.00,USD,0.67,1392206.00,0.88,41246017786.00,USD,0.00,-1.76,-160.36,0.00,Consumer services,america,Consumer Services,Buy,Buy,0.67,-0.31,5.43,16.31,28.37,24.44,15.06,128.05,590.99,1441.22,1.97,2.64,Buy,Buy,Buy,Buy,Buy,Buy,49.57,-2.55,2.34,-122.14,12.63,15.17,doji,177.63,0.89,0.89,182.00,0.70,1392206.00,-14.54,177.20,-0.02,156622.00,20.24,0.00,0.00,1.60,0.00,17.07,33.96,4.53,44311419786.00,1.73,29.68,19.77,179.32,178.13,173.19,165.51,155.41
[object Object],DHI,"D.R. Horton, Inc.",NYSE,146.76,stock,common,100.00,1.00,false,0.00,USD,3.26,2157963.00,0.73,41048960363.00,USD,13.96,10.51,-15.75,1.19,Consumer durables,america,Consumer Durables,Neutral,Neutral,3.26,-4.48,-8.67,-10.50,-5.81,1.68,-0.50,55.30,332.28,8782.81,3.27,3.25,Sell,Sell,StrongSell,Strong sell,Neutral,Neutral,44.68,-4.82,-9.97,-86.66,21.76,13.70,0.00,0.00,0.00,0.00,0.00,0.04,2157963.00,-51.96,146.76,0.00,403665.00,7.82,13.96,0.00,1.21,1.73,12.39,12.97,19.45,46684960363.00,1.40,11.58,11.27,147.39,154.03,149.98,147.70,150.37
[object Object],YUM,"Yum! Brands, Inc.",NYSE,148.92,stock,common,100.00,1.00,false,0.00,USD,1.05,1541405.00,0.49,41045506411.00,USD,24.01,6.20,23.68,1.96,Consumer services,america,Consumer Services,Buy,Buy,1.05,-1.38,-1.86,-6.93,-2.87,-1.73,1.74,21.30,130.30,2488.82,2.21,2.90,Sell,Sell,StrongSell,Strong sell,Buy,Buy,39.28,-14.62,-7.39,-88.22,12.99,10.75,0.00,147.36,-0.01,-0.01,200.00,0.50,1541405.00,-21.56,148.92,0.00,421111.00,-1.54,24.01,1.00,4.85,0.00,20.55,25.23,48.03,53324506411.00,6.28,19.89,18.38,151.09,155.63,153.63,155.91,154.01
[object Object],CBRE,"CBRE Group, Inc. Class A",NYSE,139.46,stock,common,100.00,1.00,false,0.00,USD,2.88,1488148.00,1.04,40836203517.00,USD,31.81,4.38,33.86,0.00,Finance,america,Finance,StrongBuy,Strong buy,2.88,-2.26,4.19,-7.01,-17.38,-13.01,-3.11,59.22,380.73,2102.02,2.42,2.88,Buy,Buy,StrongBuy,Strong buy,Neutral,Neutral,52.91,-0.07,1.26,-7.44,34.62,35.24,0.00,0.00,0.00,0.00,0.00,0.91,1488148.00,-9.15,141.18,1.24,266261.00,-0.72,31.81,0.91,0.95,4.79,32.36,46.17,22.23,50341203517.00,1.19,40.99,25.66,138.62,136.93,134.33,137.54,148.11
[object Object],CMG,"Chipotle Mexican Grill, Inc.",NYSE,31.79,stock,common,100.00,1.00,false,0.00,USD,-0.69,12106136.00,0.68,40778115314.00,USD,29.12,1.09,-4.09,0.00,Consumer services,america,Consumer Services,Buy,Buy,-0.69,-8.44,1.79,-6.40,-21.61,-14.66,-31.19,-13.06,258.80,3432.22,3.76,3.67,Sell,Sell,StrongSell,Strong sell,Sell,Sell,41.78,-3.46,-0.34,-130.66,7.13,10.89,0.00,32.16,0.47,0.15,7748.00,1.37,12106136.00,-35.32,31.79,0.00,1695169.00,-39.20,29.12,0.00,3.43,16.99,18.74,27.47,47.49,45152573314.00,3.72,23.35,19.60,33.88,33.32,32.54,33.13,35.07
[object Object],AXON,Axon Enterprise Inc,NASDAQ,502.34,stock,common,100.00,1.00,false,0.00,USD,2.12,730577.00,1.06,40489649224.00,USD,201.08,2.50,-39.53,0.00,Electronic technology,america,Electronic Technology,StrongBuy,Strong buy,2.12,-5.56,16.21,27.46,-17.49,-12.39,-28.77,174.05,1660.74,86016.22,4.40,6.02,Neutral,Neutral,Sell,Sell,Buy,Buy,47.09,-63.46,0.65,-85.53,4.51,5.40,0.00,502.00,2.05,1.33,992.00,1.60,730577.00,26.58,502.77,0.09,114062.00,-30.13,201.08,0.00,13.60,11.45,268.99,2123.96,55.30,41568645224.00,13.93,0.00,532.05,521.18,510.22,478.26,459.00,519.50
[object Object],PAYX,"Paychex, Inc.",NASDAQ,113.55,stock,common,100.00,1.00,false,0.00,USD,2.61,2743009.00,0.91,40387789989.00,USD,23.22,4.89,6.81,3.90,Technology services,america,Technology Services,Neutral,Neutral,2.61,-1.37,14.96,25.57,6.26,1.28,-21.61,1.17,87.38,54462.75,2.69,2.97,StrongBuy,Strong buy,StrongBuy,Strong buy,Buy,Buy,64.60,6.01,8.13,78.16,57.53,61.02,0.00,111.40,0.67,1.08,500.00,0.52,2743009.00,-16.47,113.70,0.13,675392.00,-21.29,23.22,3.33,6.09,10.81,15.91,17.52,34.55,43840789989.00,6.73,14.93,12.98,112.15,104.88,101.51,97.02,103.81
[object Object],KDP,Keurig Dr Pepper Inc.,NASDAQ,29.68,stock,common,100.00,1.00,false,0.00,USD,0.03,8367837.00,0.76,40381404839.00,USD,22.08,1.34,21.75,3.10,Consumer non-durables,america,Consumer Non-Durables,Buy,Buy,0.03,-6.25,-4.64,4.03,7.65,6.69,-12.76,-17.62,87.73,535.68,1.81,2.89,Sell,Sell,Sell,Sell,Neutral,Neutral,39.88,-1.99,-1.18,-112.66,4.58,5.81,doji,29.69,0.07,0.40,2482.00,0.00,8367837.00,-39.15,29.79,0.37,2025673.00,-7.68,22.08,1.01,2.39,1.60,20.98,27.97,2.16,56989404839.00,3.36,16.40,13.41,30.43,31.37,30.78,29.07,28.49
[object Object],BMPS,Banca Monte dei Paschi di Siena S.p.A.,MIL,11.62,stock,common,1000.00,2.00,false,0.00,EUR,2.14,13446937.00,1.11,40176994853.05,USD,7.56,1.81,-0.75,7.40,Finance,italy,Finance,Buy,Buy,2.14,3.86,7.87,29.16,30.58,24.99,58.80,-52.05,-98.25,-99.99,2.07,1.77,StrongBuy,Strong buy,StrongBuy,Strong buy,Neutral,Neutral,65.87,0.36,0.38,110.86,89.35,81.38,0.00,0.00,0.00,0.00,0.00,-0.07,13446937.00,-25.38,11.62,0.00,31685.00,283.80,7.56,0.00,4.68,1.26,25.25,26.31,0.00,114104028607.81,13.06,0.00,0.00,11.41,11.11,10.36,9.28,8.79
[object Object],MSCI,MSCI Inc. Class A,NYSE,550.79,stock,common,100.00,1.00,false,0.00,USD,-0.31,1139265.00,1.39,40042429722.00,USD,30.13,18.28,21.13,1.40,Commercial services,america,Commercial Services,Buy,Buy,-0.31,-13.54,-5.86,-7.43,-6.49,-3.64,3.47,-4.08,565.45,2294.74,3.19,3.34,Sell,Sell,StrongSell,Strong sell,Sell,Sell,36.87,-53.92,-20.12,-102.66,10.41,21.32,0.00,557.00,0.81,0.81,100.00,1.27,1139265.00,-16.97,550.79,0.00,149318.00,2.36,30.13,1.43,12.08,0.00,24.97,25.45,112.66,46230229722.00,13.87,24.91,22.26,598.04,591.60,595.12,579.19,572.15
[object Object],DTG,Daimler Truck Holding AG,XETR,45.99,stock,common,100.00,1.00,false,0.00,EUR,0.48,1283523.00,1.09,39987345267.00,USD,25.64,2.07,-50.68,4.13,Consumer durables,germany,Consumer Durables,Buy,Buy,0.48,7.25,12.14,5.19,10.05,23.00,2.63,64.25,64.25,64.25,2.89,3.01,StrongBuy,Strong buy,StrongBuy,Strong buy,Neutral,Neutral,71.12,4.12,1.73,212.16,84.07,70.38,"doji_star_bearish,doji",44.90,-1.90,-0.55,969.00,0.50,1283523.00,-40.33,45.72,-0.59,638366.00,2.45,25.64,0.00,0.80,1.61,9.23,12.87,3.02,61405324947.00,1.21,28.53,18.35,43.48,42.58,42.05,42.07,40.18
[object Object],LR,Legrand SA,EURONEXT,134.30,stock,common,100.00,5.00,false,0.00,EUR,-0.48,388638.00,0.67,39970842722.75,USD,27.84,5.57,7.50,1.77,Electronic technology,france,Electronic Technology,Buy,Buy,-0.48,-0.19,-8.64,-10.35,7.27,5.96,7.01,43.15,172.28,459.58,2.13,2.52,Sell,Sell,StrongSell,Strong sell,Neutral,Neutral,36.89,-6.40,-5.75,-123.72,16.11,21.05,doji,0.00,0.00,0.00,0.00,-0.41,388638.00,-16.89,134.30,0.00,217786.00,8.58,27.84,3.73,3.67,4.54,22.07,25.64,18.32,45319422330.75,4.03,19.00,15.80,137.31,142.20,143.73,144.02,139.95
[object Object],TSCO,Tesco PLC,LSE,480.30,stock,common,10.00,1.00,false,0.00,GBX,1.07,6814915.00,0.66,39852742316.91,USD,17.76,0.36,15.11,3.02,Retail trade,uk,Retail Trade,Buy,Buy,1.07,-0.62,8.18,-1.01,15.15,8.44,12.64,106.00,199.35,1272.30,1.90,2.23,StrongBuy,Strong buy,StrongBuy,Strong buy,Buy,Buy,58.13,8.50,10.87,79.34,66.15,66.38,marubozu_white_bullish,0.00,0.00,0.00,0.00,-0.44,6814915.00,-26.46,480.30,0.00,4996091.00,11.23,17.76,1.16,0.42,2.66,7.56,11.19,7.53,54378316316.91,0.55,13.01,8.07,476.87,465.65,460.59,468.12,458.92
[object Object],PEG,Public Service Enterprise Group Inc,NYSE,79.81,stock,common,100.00,1.00,false,0.00,USD,0.05,2600484.00,0.93,39771030606.00,USD,17.65,4.52,23.63,3.26,Utilities,america,Utilities,Buy,Buy,0.05,-0.63,-2.67,-0.42,0.71,-1.21,-8.08,30.22,71.60,636.70,1.74,1.85,Sell,Sell,Sell,Sell,Sell,Sell,49.53,-0.74,-1.46,-23.21,50.00,36.12,0.00,0.00,0.00,0.00,0.00,0.54,2600484.00,21.56,79.81,0.00,553518.00,-6.85,17.65,0.75,3.06,2.30,11.34,218.06,98.05,63763030606.00,4.90,18.33,12.89,79.39,80.43,79.55,80.44,81.03
[object Object],CRDO,Credo Technology Group Holding Ltd.,NASDAQ,213.15,stock,common,100.00,1.00,false,0.00,USD,-9.87,5926483.00,1.07,39747761118.00,USD,85.95,2.48,789.77,0.00,Technology services,america,Technology Services,StrongBuy,Strong buy,-9.87,10.14,-24.19,12.93,56.76,43.63,113.36,1661.57,1661.57,1661.57,7.25,9.93,Sell,Sell,Sell,Sell,Sell,Sell,43.75,-44.64,-23.17,-87.04,42.52,42.08,0.00,230.25,-2.64,-1.95,21846.00,-2.19,5926483.00,31.61,214.96,0.85,962100.00,135.58,85.95,0.12,34.13,19.15,88.46,100.91,28.46,38329923118.00,28.71,84.37,78.35,222.43,247.40,231.55,184.84,164.75
[object Object],SYY,Sysco Corporation,NYSE,83.11,stock,common,100.00,1.00,false,0.00,USD,1.69,2213492.00,0.87,39741755070.00,USD,23.05,3.61,-6.74,2.60,Distribution services,america,Distribution Services,Buy,Buy,1.69,0.05,4.32,10.05,8.44,13.96,2.59,14.68,59.40,61589.08,2.17,2.25,Buy,Buy,StrongBuy,Strong buy,Neutral,Neutral,57.40,-0.72,0.56,1.17,44.61,34.22,rising_window_bullish,0.00,0.00,0.00,0.00,0.58,2213492.00,2.20,83.11,0.00,786276.00,2.77,23.05,0.00,0.47,17.30,15.06,21.96,21.05,53222755070.00,0.64,15.40,11.66,81.99,81.68,79.10,78.36,78.41
[object Object],SCMN,Swisscom AG,SIX,622.50,stock,common,10.00,5.00,false,0.00,CHF,-0.40,41813.00,0.77,39468883806.07,USD,26.09,29.86,-14.99,4.18,Communications,switzerland,Communications,Sell,Sell,-0.40,-1.58,-2.28,-6.74,3.06,8.17,9.60,13.72,29.90,-2.73,1.11,1.40,Sell,Sell,StrongSell,Strong sell,Sell,Sell,44.79,4.00,-3.11,11.90,55.84,58.80,0.00,0.00,0.00,0.00,0.00,-0.16,41813.00,-24.54,622.50,0.00,21065.00,13.52,26.09,0.00,2.17,2.89,5.36,10.46,48.78,60205891806.07,3.23,21.07,6.90,627.85,626.48,641.98,662.45,633.71
[object Object],ASSA_B,ASSA ABLOY AB Class B,OMXSTO,348.00,stock,common,10.00,1.00,false,0.00,SEK,1.28,1146000.00,0.57,39466771811.07,USD,23.58,1.52,12.81,1.77,Consumer durables,sweden,Consumer Durables,Buy,Buy,1.28,0.40,5.01,-5.64,-5.07,-2.85,7.37,24.87,87.10,774.75,2.11,1.87,Buy,Buy,StrongBuy,Strong buy,Buy,Buy,59.14,12.70,4.81,103.46,73.60,66.63,marubozu_white_bullish,0.00,0.00,0.00,0.00,0.09,1146000.00,-39.39,0.00,0.00,0.00,8.87,23.58,1.82,2.52,3.48,16.13,17.91,99.91,46378022911.07,2.98,18.00,14.53,338.83,338.85,336.19,344.82,352.48
[object Object],TRI,Thomson Reuters Corporation,NASDAQ,90.15,stock,common,100.00,1.00,false,0.00,USD,5.20,1563731.00,0.71,39353977509.87,USD,26.70,3.38,-27.03,2.72,Technology services,america,Technology Services,Buy,Buy,5.20,-9.31,12.52,-1.40,-26.84,-32.80,-56.53,-20.83,57.19,117.89,4.45,4.53,Neutral,Neutral,Neutral,Neutral,Neutral,Neutral,51.96,0.50,4.06,-12.37,19.22,29.04,0.00,85.97,0.33,-0.15,1824.00,0.67,1563731.00,2.07,90.15,0.00,228312.00,-55.59,26.70,0.00,5.07,3.38,14.84,19.39,99.89,41643482565.16,5.47,20.46,13.98,92.59,86.48,85.85,90.38,110.22
[object Object],PCG,PG&E Corporation,NYSE,17.85,stock,common,100.00,1.00,false,0.00,USD,1.77,32825248.00,1.94,39309714475.00,USD,13.02,1.37,26.79,0.98,Utilities,america,Utilities,Buy,Buy,1.77,0.79,5.31,5.50,17.90,10.25,29.54,94.44,-72.52,0.56,2.43,2.26,StrongBuy,Strong buy,StrongBuy,Strong buy,Buy,Buy,59.83,0.68,0.53,126.24,79.03,78.72,0.00,17.56,0.11,0.51,3392.00,0.68,32825248.00,-15.79,17.85,0.00,3049353.00,29.04,13.02,0.48,1.55,1.22,5.01,0.00,33.40,104622714475.00,4.05,20.11,10.17,17.56,17.12,16.87,17.15,16.67
[object Object],BMW,Bayerische Motoren Werke AG,XETR,56.96,stock,common,100.00,2.00,false,0.00,EUR,0.07,1132716.00,0.79,39224457503.67,USD,5.09,12.93,6.34,7.72,Consumer durables,germany,Consumer Durables,Neutral,Neutral,0.07,-3.91,-6.62,-29.01,-34.65,-38.84,-35.84,-32.99,-24.76,788.38,1.88,2.20,Sell,Sell,StrongSell,Strong sell,Neutral,Neutral,32.40,-1.18,-3.13,-126.57,11.43,16.08,0.00,56.50,-0.74,-0.32,484.00,-0.35,1132716.00,-20.92,56.86,-0.18,483187.00,-28.50,5.09,0.80,0.26,0.35,6.15,0.00,1.81,147815935103.67,0.98,13.94,7.07,57.85,59.63,64.73,72.33,80.06
[object Object],CRWV,"CoreWeave, Inc. Class A",NASDAQ,71.88,stock,common,100.00,1.00,false,0.00,USD,-11.37,25487025.00,1.10,39215595338.00,USD,0.00,-3.15,-21.73,0.00,Technology services,america,Technology Services,Buy,Buy,-11.37,1.65,-30.60,-40.58,-20.53,-2.77,-42.84,84.31,84.31,84.31,8.13,7.72,StrongSell,Strong sell,StrongSell,Strong sell,Sell,Sell,35.43,-17.00,-13.82,-106.77,37.67,40.46,"falling_window_bearish,marubozu_black_bearish",79.54,-1.92,-0.60,133976.00,-1.97,25487025.00,40.24,72.07,0.26,2380011.00,-33.48,0.00,-1.19,6.93,8.04,6.39,0.00,12.57,71319595338.00,11.45,0.00,23.80,77.47,91.41,97.59,97.34,96.56
[object Object],A,"Agilent Technologies, Inc.",NYSE,138.57,stock,common,100.00,1.00,false,0.00,USD,-0.84,1516451.00,0.63,39136596798.00,USD,27.83,4.98,22.80,0.73,Health technology,america,Health Technology,Buy,Buy,-0.84,3.09,7.42,20.95,0.41,1.71,16.03,-8.67,198.06,352.02,3.52,3.04,Buy,Buy,StrongBuy,Strong buy,Sell,Sell,61.31,4.28,2.39,175.56,79.35,69.86,engulfing_bearish,139.70,-0.03,-1.12,250.00,0.52,1516451.00,-48.35,138.57,0.00,342505.00,14.66,27.83,1.23,5.47,5.49,27.01,36.08,21.70,40684596798.00,5.63,24.52,21.01,134.64,132.03,128.97,122.15,131.00
[object Object],SSE,SSE PLC,LSE,2422.00,stock,common,1.00,1.00,false,0.00,GBX,-0.74,1761028.00,0.53,38898750509.71,USD,22.99,1.39,-2.62,2.66,Utilities,uk,Utilities,Buy,Buy,-0.74,-0.78,3.86,-8.86,4.08,11.46,30.29,59.97,48.68,260.95,2.21,2.32,Sell,Sell,StrongSell,Strong sell,Sell,Sell,48.00,-4.00,41.92,-82.63,46.87,57.71,0.00,0.00,0.00,0.00,0.00,-0.37,1761028.00,-50.77,2422.00,0.00,1229117.00,44.88,22.99,0.00,2.78,2.31,8.36,0.00,17.92,55262189069.71,4.10,21.06,14.48,2460.40,2423.07,2400.32,2506.22,2364.50
[object Object],PST,Poste Italiane SpA,MIL,26.15,stock,common,100.00,1.00,false,0.00,EUR,-3.65,4992658.00,1.55,38697438530.26,USD,13.91,2.17,16.48,4.78,Transportation,italy,Transportation,Buy,Buy,-3.65,-5.39,-7.70,18.70,18.38,22.14,40.06,133.90,315.74,276.26,2.11,1.72,Sell,Sell,Sell,Sell,Sell,Sell,28.05,-2.55,-0.93,-192.39,8.33,11.74,0.00,0.00,0.00,0.00,0.00,0.07,4992658.00,-3.78,26.15,0.00,8806.00,55.53,13.91,0.88,1.67,2.66,11.35,14.99,3.42,141031198570.26,5.80,37.24,28.99,27.71,28.34,27.29,24.60,23.05
[object Object],UMG,Universal Music Group N.V.,EURONEXT,18.48,stock,common,1000.00,5.00,false,0.00,EUR,2.01,1149945.00,0.63,38649713195.82,USD,22.34,0.97,-26.55,2.81,Commercial services,netherlands,Commercial Services,Buy,Buy,2.01,0.96,0.96,-5.74,-11.66,-16.68,-34.58,-26.81,-26.81,-26.81,2.00,2.12,Sell,Sell,StrongSell,Strong sell,Neutral,Neutral,48.27,-0.43,-0.15,-65.57,23.11,26.10,"tweezer_bottom_bullish,marubozu_white_bullish",0.00,0.00,0.00,0.00,-0.44,1149945.00,-38.90,18.48,0.00,707997.00,-32.07,22.34,0.00,2.70,7.46,20.50,21.40,69.65,41991864475.82,2.86,16.72,13.82,18.45,18.54,18.84,18.65,20.10
[object Object],UAL,"United Airlines Holdings, Inc.",NASDAQ,118.27,stock,common,100.00,1.00,false,0.00,USD,2.54,4731188.00,0.96,38388521477.00,USD,11.05,10.70,7.20,0.00,Transportation,america,Transportation,StrongBuy,Strong buy,2.54,2.31,-4.78,28.53,8.01,5.04,33.13,148.99,148.88,171.89,3.27,3.71,Neutral,Neutral,Neutral,Neutral,Neutral,Neutral,46.99,-7.73,-4.53,-64.66,19.11,15.75,rising_window_bullish,116.45,0.96,1.22,29273.00,0.90,4731188.00,-24.45,118.27,0.00,385538.00,25.43,11.05,1.50,0.60,2.30,4.33,15.18,2.32,55419521477.00,0.88,13.02,7.64,118.28,123.56,115.46,104.54,104.97
[object Object],HOT,HOCHTIEF Aktiengesellschaft,XETR,447.40,stock,common,10.00,2.00,false,0.00,EUR,-0.13,51830.00,1.09,38301629782.65,USD,41.84,12.35,-15.37,1.48,Industrial services,germany,Industrial Services,Neutral,Neutral,-0.13,-2.44,-11.76,-3.83,21.91,33.23,139.38,583.68,295.75,2653.23,2.56,3.32,Sell,Sell,StrongSell,Strong sell,Neutral,Neutral,37.65,-7.80,-27.02,-96.22,21.71,28.24,tweezer_bottom_bullish,444.20,-0.85,-0.36,7.00,-1.07,51830.00,10.16,447.00,-0.09,27613.00,148.15,41.84,0.00,0.87,21.86,14.47,17.80,5.07,40515840270.01,0.91,23.11,16.05,458.20,483.03,482.23,461.13,392.70
[object Object],RKLB,Rocket Lab Corporation,NASDAQ,63.91,stock,common,100.00,1.00,false,0.00,USD,-8.69,18958512.00,0.99,38229694943.00,USD,0.00,-0.33,19.99,0.00,Electronic technology,america,Electronic Technology,StrongBuy,Strong buy,-8.69,-3.06,-31.90,-25.98,-28.24,-9.51,29.63,481.53,555.49,555.49,6.75,8.05,StrongSell,Strong sell,StrongSell,Strong sell,Sell,Sell,31.31,-17.13,-22.72,-104.01,10.06,10.41,0.00,69.25,-1.06,0.01,218890.00,-0.99,18958512.00,33.93,63.51,-0.63,1656326.00,64.20,0.00,0.00,62.35,16.25,0.00,0.00,27.97,36985018943.00,54.42,0.00,0.00,70.52,87.37,103.18,89.52,77.80
[object Object],IRM,"Iron Mountain, Inc.",NYSE,128.31,stock,common,100.00,1.00,false,0.00,USD,3.02,1808153.00,0.87,38175392083.00,USD,140.89,0.91,121.96,2.63,Finance,america,Finance,Buy,Buy,3.02,6.27,-4.32,10.25,36.65,54.59,29.11,196.26,212.87,3075.63,3.27,3.59,StrongBuy,Strong buy,StrongBuy,Strong buy,Buy,Buy,59.17,6.80,0.95,114.46,73.95,74.36,0.00,0.00,0.00,0.00,0.00,1.98,1808153.00,8.88,128.31,0.00,281444.00,25.27,140.89,1.12,5.14,0.00,25.89,0.00,152.94,57981671083.00,8.00,39.20,22.83,124.12,124.81,125.43,118.62,106.56
[object Object],HIG,"Hartford Insurance Group, Inc.",NYSE,140.53,stock,common,100.00,1.00,false,0.00,USD,-1.16,2580492.00,1.67,38065643133.00,USD,9.08,15.47,40.27,1.65,Finance,america,Finance,Buy,Buy,-1.16,2.17,6.57,1.89,8.63,2.44,14.48,128.76,214.31,464.94,2.59,2.14,Buy,Buy,StrongBuy,Strong buy,Neutral,Neutral,58.08,1.75,5.72,26.81,85.94,89.68,0.00,137.00,-3.64,-0.48,3559.00,-3.69,2580492.00,53.63,140.53,0.00,413276.00,10.16,9.08,0.23,1.35,1.98,6.60,6.71,0.00,42773643133.00,1.47,0.00,0.00,139.64,135.39,133.82,135.00,134.45
[object Object],WEC,WEC Energy Group Inc,NYSE,115.77,stock,common,100.00,1.00,false,0.00,USD,0.92,1849599.00,1.06,37709260590.00,USD,23.08,5.02,-2.11,3.19,Utilities,america,Utilities,Buy,Buy,0.92,0.17,0.65,0.35,6.10,9.56,6.32,23.40,77.43,4088.62,1.69,1.80,Buy,Buy,StrongBuy,Strong buy,Neutral,Neutral,54.02,0.81,-1.40,4.72,42.25,28.68,0.00,0.00,0.00,0.00,0.00,0.66,1849599.00,1.59,116.55,0.67,454534.00,6.39,23.08,0.00,3.73,2.67,10.98,0.00,482.33,60386560590.00,5.99,25.31,15.55,114.00,114.98,113.60,114.47,112.58
[object Object],EQT,EQT AB,OMXSTO,315.00,stock,common,10.00,1.00,false,0.00,SEK,1.71,1068874.00,0.61,37602465304.37,USD,32.50,1.00,20.39,1.48,Finance,sweden,Finance,Buy,Buy,1.71,5.00,20.92,0.90,-14.86,-13.10,-5.66,-26.91,291.30,291.30,2.51,3.01,Buy,Buy,StrongBuy,Strong buy,Neutral,Neutral,65.56,34.90,28.01,115.04,77.82,78.78,0.00,0.00,0.00,0.00,0.00,0.10,1068874.00,-11.06,0.00,0.00,0.00,-5.46,32.50,1.57,12.14,4.31,27.51,27.97,9.07,36417368621.13,11.86,24.09,18.32,302.68,285.30,293.32,294.16,311.64
[object Object],ROP,"Roper Technologies, Inc.",NASDAQ,367.34,stock,common,100.00,1.00,false,0.00,USD,3.44,859439.00,1.02,37070982065.00,USD,15.22,24.14,69.61,0.94,Technology services,america,Technology Services,Buy,Buy,3.44,0.96,11.48,0.68,-9.53,-17.40,-34.00,-25.93,122.63,18267.00,3.74,3.21,Buy,Buy,StrongBuy,Strong buy,Neutral,Neutral,59.25,11.44,12.07,99.26,43.36,33.38,0.00,362.23,2.00,2.00,155.00,2.07,859439.00,-43.28,367.56,0.06,174316.00,-37.43,15.22,0.21,4.31,1.94,13.85,14.09,101.27,48025482065.00,5.80,20.74,14.83,355.58,346.58,338.97,346.41,386.78
[object Object],KVUE,"Kenvue, Inc.",NYSE,19.28,stock,common,100.00,1.00,false,0.00,USD,2.01,21434276.00,1.18,37017768418.00,USD,22.86,0.84,53.77,4.30,Consumer non-durables,america,Consumer Non-Durables,Neutral,Neutral,2.01,1.37,4.44,9.67,8.56,11.64,-14.58,-24.48,-24.48,-24.48,1.30,2.04,StrongBuy,Strong buy,StrongBuy,Strong buy,Neutral,Neutral,57.50,-0.20,0.23,-16.74,33.76,30.75,0.00,18.90,0.00,0.37,16166.00,-0.11,21434276.00,48.74,18.90,-1.97,4078715.00,-13.72,22.86,0.42,2.38,3.49,16.41,20.33,34.47,44744768418.00,2.93,15.21,12.76,19.00,18.89,18.29,17.91,17.44
[object Object],III,3i Group plc,LSE,2758.00,stock,common,1.00,1.00,false,0.00,GBX,3.14,2836268.00,0.87,36836025979.46,USD,5.12,7.12,3.50,3.06,Miscellaneous,uk,Miscellaneous,Buy,Buy,3.14,5.15,22.20,4.21,-14.98,-15.71,-36.11,116.99,367.85,872.76,4.75,3.94,Buy,Buy,StrongBuy,Strong buy,Neutral,Neutral,66.64,54.00,126.23,162.36,64.56,41.67,0.00,0.00,0.00,0.00,0.00,0.93,2836268.00,-43.29,2758.00,0.00,963713.00,-38.26,5.12,1.42,21.42,0.91,112.73,113.18,43.85,37669482379.46,22.61,5.89,0.00,2620.30,2511.57,2394.18,2551.01,3042.39
[object Object],WAT,Waters Corporation,NYSE,374.68,stock,common,100.00,1.00,false,0.00,USD,-2.02,819190.00,1.02,36788274327.00,USD,47.70,7.86,-28.76,0.00,Health technology,america,Health Technology,Buy,Buy,-2.02,0.16,3.43,21.92,-6.20,-1.18,27.30,-2.17,151.46,9808.89,4.33,3.04,Buy,Buy,StrongBuy,Strong buy,Neutral,Neutral,53.22,-1.75,0.20,58.04,71.91,61.23,0.00,0.00,0.00,0.00,0.00,-0.12,819190.00,-43.84,374.68,0.00,93089.00,111.68,47.70,0.00,8.33,2.41,83.93,127.87,66.61,41896274327.00,11.11,56.33,37.83,372.47,369.45,363.43,337.97,353.14
[object Object],MAERSK_B,A.P. Moller - Maersk A/S Class B,OMXCOP,17025.00,stock,common,1.00,5.00,false,0.00,DKK,-0.50,10636.00,0.73,36713290014.42,USD,24.80,105.87,-77.98,2.82,Transportation,denmark,Transportation,Sell,Sell,-0.50,-0.15,7.08,15.07,16.89,16.57,26.11,2.35,109.90,156.62,3.15,4.29,StrongBuy,Strong buy,StrongBuy,Strong buy,Buy,Buy,56.77,1280.00,414.65,80.64,78.96,75.70,spinning_top_black,0.00,0.00,0.00,0.00,0.00,10636.00,-16.06,0.00,0.00,0.00,18.90,24.80,0.00,0.72,0.71,4.32,8.50,2.07,36906248823.54,0.69,18.11,4.29,16921.50,16302.00,16250.50,16115.35,15069.25
[object Object],KMB,Kimberly-Clark Corporation,NASDAQ,109.70,stock,common,100.00,1.00,false,0.00,USD,2.23,2602169.00,0.74,36413854080.00,USD,17.25,6.36,-13.32,4.63,Consumer non-durables,america,Consumer Non-Durables,Buy,Buy,2.23,-0.51,4.67,11.27,7.35,8.41,-14.13,-18.38,-17.52,55382.80,1.45,2.42,Buy,Buy,StrongBuy,Strong buy,Neutral,Neutral,55.30,-2.71,1.32,-41.86,24.41,22.23,0.00,0.00,0.00,0.00,0.00,0.42,2602169.00,-5.83,109.93,0.21,439743.00,-15.01,17.25,0.00,2.16,20.27,11.44,19.90,67.44,43095854080.00,2.60,18.30,13.75,108.33,107.80,103.85,101.20,103.85
[object Object],PRU,Prudential plc,LSE,1096.00,stock,common,10.00,5.00,false,0.00,GBX,1.01,3613037.00,0.58,36333833055.26,USD,9.46,1.56,77.76,1.81,Finance,uk,Finance,StrongBuy,Strong buy,1.01,4.43,9.00,-1.44,-5.88,-5.07,17.77,-18.96,-18.81,242.34,2.42,2.18,Buy,Buy,StrongBuy,Strong buy,Neutral,Neutral,62.79,53.00,55.02,145.21,72.96,76.09,0.00,0.00,0.00,0.00,0.00,-0.37,3613037.00,-19.86,1096.00,0.00,2010209.00,10.29,9.46,0.12,1.33,1.86,16.65,17.45,0.00,43537973570.49,1.54,0.00,0.00,1068.45,1033.68,1041.41,1071.07,1090.38
[object Object],VMC,Vulcan Materials Company,NYSE,279.70,stock,common,100.00,1.00,false,0.00,USD,1.73,797927.00,0.90,36292442307.00,USD,33.28,8.40,19.16,0.72,Non-energy minerals,america,Non-Energy Minerals,Buy,Buy,1.73,-3.89,-7.39,-3.91,-7.42,-1.89,4.02,56.77,121.97,34772.05,2.79,3.12,Sell,Sell,StrongSell,Strong sell,Neutral,Neutral,42.80,-15.55,-12.80,-121.34,13.15,9.43,0.00,274.97,0.01,0.02,773.00,0.24,797927.00,-3.18,279.70,0.00,172056.00,6.23,33.28,1.71,4.47,4.31,20.36,32.87,255.37,41314442307.00,5.12,24.59,17.13,284.54,293.70,285.59,283.63,290.99
[object Object],ALNY,"Alnylam Pharmaceuticals, Inc",NASDAQ,271.77,stock,common,100.00,1.00,false,0.00,USD,1.13,1151029.00,0.77,36284710563.00,USD,64.57,4.21,0.00,0.00,Health technology,america,Health Technology,Buy,Buy,1.13,-3.28,-6.59,-12.23,-26.19,-31.95,-16.72,49.32,316.57,4355.25,3.29,4.99,Sell,Sell,StrongSell,Strong sell,Buy,Buy,39.31,-26.99,-21.97,-84.46,5.35,4.56,0.00,269.71,0.36,0.02,861.00,0.00,1151029.00,0.90,271.40,-0.14,187133.00,-14.55,64.57,0.00,8.67,33.72,52.69,58.57,12.48,36245717563.00,8.45,48.19,44.92,275.06,289.51,291.89,303.32,354.43
[object Object],MTB,M&T Bank Corporation,NYSE,249.60,stock,common,100.00,1.00,false,0.00,USD,1.48,1259287.00,0.93,36175277349.00,USD,13.18,18.94,22.68,2.40,Finance,america,Finance,Neutral,Neutral,1.48,-1.05,8.02,13.74,15.92,24.20,27.47,92.22,118.72,19768.66,1.51,1.92,Buy,Buy,StrongBuy,Strong buy,Neutral,Neutral,62.51,7.26,11.17,75.72,72.86,73.63,0.00,245.98,0.00,0.00,150.00,0.31,1259287.00,20.34,249.60,0.00,187805.00,14.70,13.18,0.57,3.65,1.42,0.00,0.00,0.00,54852277349.00,4.13,0.00,0.00,248.06,238.82,228.96,220.02,211.47
[object Object],ACGL,Arch Capital Group Ltd.,NASDAQ,103.36,stock,common,100.00,1.00,false,0.00,USD,3.26,2502679.00,1.47,36112907967.00,USD,7.94,13.03,33.58,0.00,Finance,america,Finance,Buy,Buy,3.26,2.10,9.56,6.48,12.32,7.93,16.90,168.96,341.58,4437.81,2.23,2.25,StrongBuy,Strong buy,StrongBuy,Strong buy,Neutral,Neutral,61.75,2.30,3.52,78.55,40.14,35.18,"rising_window_bullish,marubozu_white_bullish",100.39,0.29,0.29,100.00,0.29,2502679.00,20.04,103.36,0.00,396385.00,6.95,7.94,0.23,1.88,1.56,6.30,6.35,0.00,39671907967.00,2.07,0.00,0.00,100.90,97.91,95.63,95.60,94.51
[object Object],GIVN,Givaudan SA,SIX,3196.00,stock,common,1.00,1.00,false,0.00,CHF,0.60,14695.00,0.82,36098724318.70,USD,31.12,127.05,-12.95,2.25,Consumer non-durables,switzerland,Consumer Non-Durables,Buy,Buy,0.60,-6.47,-2.41,14.10,1.20,1.72,-12.80,-28.53,57.98,522.52,2.66,2.09,Neutral,Neutral,Sell,Sell,Neutral,Neutral,38.78,-237.00,-24.41,-261.72,20.51,22.70,0.00,0.00,0.00,0.00,0.00,0.19,14695.00,-61.62,3196.00,0.00,7367.00,-9.76,31.12,0.00,3.99,6.70,21.52,26.82,94.03,41764620318.70,4.56,27.23,20.96,3354.00,3361.10,3178.66,2984.32,3109.29
[object Object],CCL,Carnival Corporation Ltd.,NYSE,26.33,stock,common,100.00,1.00,false,0.00,USD,4.19,23020507.00,1.37,36062862540.00,USD,11.86,2.22,20.35,1.14,Consumer services,america,Consumer Services,Buy,Buy,4.19,1.23,-10.17,-1.57,-7.13,-14.21,-13.53,21.06,-42.65,568.70,3.34,3.65,Sell,Sell,StrongSell,Strong sell,Neutral,Neutral,45.27,-0.50,-1.75,-51.17,25.52,20.68,0.00,25.70,1.70,0.43,73636.00,1.50,23020507.00,-7.67,26.31,-0.08,2840558.00,-5.83,11.86,0.56,1.28,2.79,5.40,11.53,16.29,60005862540.00,2.20,13.45,8.19,26.29,27.83,27.31,26.81,27.97
[object Object],STLD,"Steel Dynamics, Inc.",NASDAQ,247.11,stock,common,100.00,1.00,false,0.00,USD,2.72,862820.00,0.71,35636421096.00,USD,22.42,11.02,60.77,0.83,Non-energy minerals,america,Non-Energy Minerals,Buy,Buy,2.72,6.19,1.44,9.76,38.29,43.98,90.66,316.43,836.38,5548.23,3.41,3.55,StrongBuy,Strong buy,StrongBuy,Strong buy,Buy,Buy,57.49,18.69,-7.17,145.34,88.25,80.97,0.00,241.11,0.22,0.22,389.00,0.15,862820.00,-27.54,247.11,0.00,142912.00,73.81,22.42,0.36,1.69,0.00,22.74,37.39,62.94,39194394096.00,1.91,19.06,14.66,236.39,242.23,246.17,221.75,195.81
[object Object],HSY,Hershey Company,NYSE,174.30,stock,common,100.00,1.00,false,0.00,USD,1.25,1954802.00,1.23,35355646269.00,USD,32.43,5.38,-33.70,3.24,Consumer non-durables,america,Consumer Non-Durables,Buy,Buy,1.25,-1.46,-3.17,-9.04,-8.92,-4.22,-4.85,-2.64,57.99,16632.97,1.83,2.63,Sell,Sell,StrongSell,Strong sell,Buy,Buy,47.75,0.64,-4.84,-20.10,29.73,23.01,0.00,172.50,0.21,0.21,700.00,0.49,1954802.00,-7.49,174.50,0.11,325544.00,0.19,32.43,0.00,2.93,7.47,15.13,19.19,40.53,40159818269.00,3.35,22.03,17.16,172.42,175.94,180.82,192.24,192.23
[object Object],ABN,ABN AMRO Bank N.V. Depositary receipts,EURONEXT,37.68,dr,0.00,100.00,1.00,false,0.00,EUR,1.18,2038133.00,1.35,35280804429.72,USD,13.41,3.25,-0.29,3.29,Finance,netherlands,Finance,Buy,Buy,1.18,-0.05,-0.19,31.06,21.51,26.87,52.55,293.36,129.62,107.26,1.95,1.84,Buy,Buy,Buy,Buy,Neutral,Neutral,53.78,-0.35,0.73,-42.55,50.71,57.20,marubozu_white_bullish,0.00,0.00,0.00,0.00,-0.21,2038133.00,30.14,37.68,0.00,858677.00,52.69,13.41,0.00,3.23,1.27,0.00,0.00,0.00,102639144709.72,5.11,0.00,0.00,37.90,37.58,36.01,32.37,30.53
[object Object],ADS,adidas AG,XETR,173.60,stock,common,100.00,5.00,false,0.00,EUR,-1.64,1050244.00,1.99,35259946307.01,USD,22.26,9.01,36.23,1.61,Consumer non-durables,germany,Consumer Non-Durables,Buy,Buy,-1.64,-4.09,0.93,27.65,15.73,2.30,-14.36,-44.89,26.90,317.91,2.60,2.47,Sell,Sell,Sell,Sell,Sell,Sell,42.38,-8.25,-0.62,-294.45,21.46,19.74,0.00,169.50,-3.97,-3.97,400.00,-3.12,1050244.00,40.20,172.55,-0.60,197088.00,-12.00,22.26,0.62,1.25,5.18,0.00,0.00,35.53,41449410267.01,1.42,17.31,11.12,180.14,179.51,172.31,156.14,159.74
[object Object],HBAN,Huntington Bancshares Incorporated,NASDAQ,17.36,stock,common,100.00,1.00,false,0.00,USD,-0.23,38690719.00,1.48,35190988718.00,USD,13.43,1.29,-3.78,3.57,Finance,america,Finance,Buy,Buy,-0.23,-5.86,-0.23,4.39,-0.80,-0.12,3.27,24.62,87.47,1531.54,2.12,2.26,Sell,Sell,Sell,Sell,Neutral,Neutral,45.16,-0.51,0.22,-198.44,37.01,52.66,0.00,17.17,-1.32,-1.03,36571.00,-1.26,38690719.00,-43.58,17.36,0.01,2412076.00,51.03,13.43,0.00,3.69,1.18,0.00,0.00,0.00,56631988718.00,3.95,0.00,0.00,18.00,17.71,17.04,16.57,16.76
[object Object],VOD,Vodafone Group Public Limited Company,LSE,114.60,stock,common,100.00,5.00,false,0.00,GBX,-1.33,132194364.00,1.08,35135087540.28,USD,0.00,-0.02,87.67,3.51,Communications,uk,Communications,Neutral,Neutral,-1.33,-1.76,7.86,-1.55,10.40,16.44,37.21,-3.05,-49.29,135.65,2.25,2.75,Buy,Buy,StrongBuy,Strong buy,Neutral,Neutral,57.42,4.50,6.70,60.36,78.05,77.39,0.00,0.00,0.00,0.00,0.00,-0.39,132194364.00,205.24,114.60,0.00,13902287.00,35.96,0.00,0.00,0.77,0.60,2.27,3.56,1.92,82383537736.32,1.78,18.58,4.41,115.62,107.92,109.54,111.44,105.09
[object Object],PKO,PKO Bank Polski SA,GPW,106.58,stock,common,100.00,2.00,false,0.00,PLN,-0.60,2320749.00,0.71,34950247100.50,USD,12.41,2.31,10.33,5.14,Finance,poland,Finance,Buy,Buy,-0.60,-0.63,2.09,9.22,18.42,25.15,32.40,186.51,338.78,371.45,1.90,2.09,Neutral,Neutral,Buy,Buy,Sell,Sell,50.74,-6.30,2.17,8.35,43.06,48.43,0.00,0.00,0.00,0.00,0.00,0.15,2320749.00,-22.06,0.00,0.00,0.00,29.90,12.41,1.21,4.05,2.22,20.79,26.57,0.00,40763963840.50,3.63,0.00,0.00,108.41,106.30,104.07,98.30,90.54
[object Object],KR,Kroger Co.,NYSE,56.87,stock,common,100.00,1.00,false,0.00,USD,1.99,5805260.00,0.77,34841253507.00,USD,33.26,1.71,-53.53,2.46,Retail trade,america,Retail Trade,Buy,Buy,1.99,-4.76,-1.54,-17.00,-9.41,-8.80,-22.37,42.39,59.17,7366.01,2.16,2.84,Sell,Sell,StrongSell,Strong sell,Buy,Buy,42.11,-3.67,-2.29,-85.46,23.77,33.02,0.00,55.94,0.32,0.05,5806.00,-0.25,5805260.00,-45.66,56.70,-0.30,940108.00,-23.65,33.26,0.00,0.23,5.39,5.01,12.15,8.53,54941253507.00,0.37,11.63,6.40,57.83,58.77,61.19,65.60,65.41
[object Object],HNR1,Hannover Rueck SE,XETR,253.20,stock,common,10.00,2.00,false,0.00,EUR,1.52,95953.00,0.79,34730225778.76,USD,10.63,27.51,27.56,4.94,Finance,germany,Finance,Buy,Buy,1.52,0.32,8.21,-7.12,7.56,-4.52,-7.18,78.31,173.49,1054.42,2.22,1.75,StrongBuy,Strong buy,StrongBuy,Strong buy,Neutral,Neutral,61.18,3.20,8.43,68.15,52.84,47.38,0.00,249.80,0.16,0.16,45.00,0.88,95953.00,-19.75,252.80,-0.16,43430.00,-4.06,10.63,0.38,1.06,2.20,5.19,0.00,0.00,40588546022.76,1.24,0.00,0.00,251.38,244.05,240.20,250.40,251.42
[object Object],IQV,IQVIA Holdings Inc,NYSE,208.05,stock,common,100.00,1.00,false,0.00,USD,0.35,1089781.00,1.01,34723544240.00,USD,25.79,8.07,9.95,0.00,Health technology,america,Health Technology,Buy,Buy,0.35,0.43,19.10,28.96,-12.77,-7.70,5.56,-16.13,181.57,375.43,3.02,3.11,StrongBuy,Strong buy,StrongBuy,Strong buy,Neutral,Neutral,61.35,0.20,11.17,60.63,36.64,34.62,doji,0.00,0.00,0.00,0.00,0.40,1089781.00,-19.39,208.05,0.00,167161.00,26.07,25.79,2.58,2.12,5.58,13.06,16.70,16.80,48813544240.00,2.93,20.98,13.97,205.84,195.02,187.58,178.70,196.60
[object Object],ACS,"ACS, Actividades de Construccion y Servicios SA",BME,114.70,stock,common,10.00,1.00,false,0.00,EUR,0.00,324440.00,0.92,34712334736.74,USD,31.07,4.34,22.86,1.64,Industrial services,spain,Industrial Services,Buy,Buy,0.00,-2.55,-11.90,-6.37,20.17,35.10,90.53,421.36,341.24,1334.96,2.18,2.58,Sell,Sell,StrongSell,Strong sell,Neutral,Neutral,34.26,-5.30,-6.69,-126.98,12.90,15.20,0.00,0.00,0.00,0.00,0.00,-0.44,324440.00,-1.72,0.00,0.00,0.00,104.34,31.07,2.20,0.60,0.00,0.00,0.00,0.00,34712334736.74,0.59,20.41,12.22,117.69,123.29,123.71,120.30,103.37
[object Object],TKO,"TKO Group Holdings, Inc. Class A",NYSE,180.62,stock,common,100.00,1.00,false,0.00,USD,0.66,502795.00,0.45,34521229432.00,USD,66.32,2.72,58.11,1.72,Consumer services,america,Consumer Services,Buy,Buy,0.66,-1.75,-11.28,-2.55,-10.50,-13.96,7.83,268.46,809.47,492.20,1.80,3.28,Sell,Sell,StrongSell,Strong sell,Neutral,Neutral,36.72,-3.78,-14.40,-80.31,7.92,7.41,0.00,0.00,0.00,0.00,0.00,0.03,502795.00,-68.53,180.62,0.00,86358.00,4.68,66.32,1.13,6.90,4.01,19.34,20.71,20.36,42910441432.00,8.47,41.24,27.35,182.73,194.11,195.33,194.72,196.94
[object Object],SDZ,Sandoz Group Ltd,SIX,63.62,stock,common,100.00,2.00,false,0.00,CHF,-1.39,619973.00,0.75,34263186624.72,USD,36.83,2.18,35889.58,1.26,Health technology,switzerland,Health Technology,Buy,Buy,-1.39,0.09,-10.97,-1.24,1.50,9.31,34.73,165.08,165.08,165.08,2.72,2.75,Sell,Sell,StrongSell,Strong sell,Sell,Sell,38.17,-4.16,-3.40,-88.89,12.71,19.19,0.00,0.00,0.00,0.00,0.00,-0.15,619973.00,-6.25,63.62,0.00,369766.00,43.66,36.83,0.00,3.07,3.70,21.83,31.61,20.20,38088708354.72,3.28,22.30,16.71,64.97,68.46,67.04,65.51,61.54
[object Object],LDO,Leonardo SpA,MIL,52.26,stock,common,100.00,1.00,false,0.00,EUR,0.73,1221668.00,0.62,34193434753.15,USD,24.62,2.49,13.78,1.21,Electronic technology,italy,Electronic Technology,Buy,Buy,0.73,6.31,4.39,-3.22,-7.50,5.58,7.20,719.89,441.84,275.21,2.78,3.80,Buy,Buy,StrongBuy,Strong buy,Buy,Buy,54.85,0.44,0.31,50.69,39.02,33.30,0.00,0.00,0.00,0.00,0.00,-0.04,1221668.00,-57.37,52.26,0.00,2495.00,3.32,24.62,1.77,1.53,3.15,15.13,30.86,9.31,36958843113.15,1.61,25.38,16.59,50.87,50.75,51.32,54.25,53.40
[object Object],ALC,Alcon AG,SIX,55.74,stock,common,100.00,2.00,false,0.00,CHF,1.90,845368.00,0.65,34092414131.26,USD,41.94,1.66,-33.40,0.50,Health technology,switzerland,Health Technology,StrongBuy,Strong buy,1.90,-2.42,3.91,-7.07,-12.91,-10.62,-23.94,-14.51,1.35,1.35,1.60,2.13,Buy,Buy,Buy,Buy,Neutral,Neutral,54.58,1.30,1.06,37.36,41.82,47.32,0.00,0.00,0.00,0.00,0.00,0.26,845368.00,-26.24,55.74,0.00,349701.00,-19.16,41.94,0.00,3.14,1.53,15.20,20.24,20.50,37637111032.06,3.53,26.43,13.74,55.70,54.56,53.72,56.66,59.43
[object Object],TLX,Talanx AG,XETR,115.10,stock,common,10.00,1.00,false,0.00,EUR,1.59,158708.00,0.87,33798355134.86,USD,11.22,11.86,31.91,3.13,Finance,germany,Finance,Buy,Buy,1.59,3.23,9.10,-1.12,9.20,1.05,-1.12,222.23,326.93,504.20,2.18,1.88,StrongBuy,Strong buy,StrongBuy,Strong buy,Buy,Buy,63.39,4.40,4.10,108.50,64.44,50.52,0.00,0.00,0.00,0.00,0.00,0.53,158708.00,-8.17,115.10,0.00,129011.00,1.32,11.22,0.35,0.53,2.08,0.00,0.00,0.00,42785079134.86,0.67,0.00,0.00,112.32,109.99,107.39,108.27,108.69
[object Object],KER,Kering SA,EURONEXT,242.30,stock,common,100.00,5.00,false,0.00,EUR,1.47,271100.00,1.09,33788732353.29,USD,414.05,0.69,-93.66,1.24,Consumer non-durables,france,Consumer Non-Durables,Neutral,Neutral,1.47,-3.96,-6.84,2.78,-12.65,-19.46,12.70,-66.82,56.22,847.49,3.00,3.12,Sell,Sell,StrongSell,Strong sell,Neutral,Neutral,42.64,-6.20,-8.42,-151.91,31.59,46.90,0.00,0.00,0.00,0.00,0.00,-0.71,271100.00,-30.73,242.30,0.00,194204.00,27.85,414.05,0.00,2.00,2.02,11.83,15.39,6.89,50920385953.29,2.95,26.58,11.80,249.17,255.26,252.99,251.33,273.52
[object Object],ON,ON Semiconductor Corporation,NASDAQ,86.81,stock,common,100.00,1.00,false,0.00,USD,-3.68,7352540.00,0.89,33785201673.00,USD,61.88,1.40,-2.69,0.00,Electronic technology,america,Electronic Technology,Buy,Buy,-3.68,2.83,-25.89,-12.51,36.43,57.12,54.85,141.14,806.16,294.59,4.27,5.69,Sell,Sell,StrongSell,Strong sell,Neutral,Neutral,40.01,-9.15,-13.56,-114.39,33.21,36.13,0.00,88.52,-1.79,-1.11,4985.00,-1.82,7352540.00,-16.17,86.13,-0.78,2116711.00,34.01,61.88,0.00,5.86,4.66,24.50,28.97,14.22,34645001673.00,5.71,32.86,18.64,89.92,100.89,108.05,91.75,74.15
[object Object],HEI,Heidelberg Materials AG,XETR,168.30,stock,common,100.00,5.00,false,0.00,EUR,1.02,208211.00,0.66,33765330339.29,USD,15.41,12.83,11.59,2.14,Non-energy minerals,germany,Non-Energy Minerals,Buy,Buy,1.02,-1.84,-8.56,-10.24,-29.20,-25.56,-16.60,127.19,132.17,334.85,2.31,3.37,Sell,Sell,StrongSell,Strong sell,Sell,Sell,43.35,-2.80,-5.42,-66.61,26.11,34.09,harami_bullish,166.75,0.09,0.09,15.00,0.54,208211.00,-35.71,167.75,-0.33,105390.00,-13.21,15.41,1.32,1.38,1.63,9.17,15.79,11.36,41609489075.29,1.65,11.10,7.89,170.72,175.46,176.64,178.74,195.73
[object Object],MLM,"Martin Marietta Materials, Inc.",NYSE,559.60,stock,common,100.00,1.00,false,0.00,USD,2.33,511927.00,1.11,33601683300.00,USD,13.34,41.95,141.18,0.59,Non-energy minerals,america,Non-Energy Minerals,Buy,Buy,2.33,-2.24,-8.24,-8.75,-13.53,-9.63,-2.64,56.84,182.30,2172.49,2.48,2.87,Sell,Sell,StrongSell,Strong sell,Neutral,Neutral,44.51,-18.12,-28.66,-95.57,15.47,9.05,0.00,0.00,0.00,0.00,0.00,0.51,511927.00,-18.78,559.60,0.00,74592.00,-0.83,13.34,0.09,5.04,2.97,18.84,32.69,123.81,39018683300.00,5.95,26.35,18.74,561.00,582.56,575.03,589.44,613.43
[object Object],AD,Koninklijke Ahold Delhaize N.V.,EURONEXT,33.62,stock,common,100.00,1.00,false,0.00,EUR,-0.44,3406384.00,1.50,33437386762.71,USD,13.35,2.91,29.05,3.69,Retail trade,netherlands,Retail Trade,Neutral,Neutral,-0.44,-6.77,-2.66,-18.26,2.28,-3.28,-3.50,30.92,55.65,71.38,2.62,1.83,StrongSell,Strong sell,StrongSell,Strong sell,Sell,Sell,32.62,-2.29,-0.36,-280.19,22.76,32.54,0.00,0.00,0.00,0.00,0.00,0.38,3406384.00,-32.82,33.62,0.00,1964550.00,1.95,13.35,0.46,0.33,2.00,4.72,7.93,7.02,46917472762.71,0.44,12.38,5.89,35.46,35.45,35.79,38.08,36.93
[object Object],WDAY,"Workday, Inc. Class A",NASDAQ,135.34,stock,common,100.00,1.00,false,0.00,USD,5.84,3459038.00,0.91,33428979095.00,USD,42.22,3.21,77.00,0.00,Technology services,america,Technology Services,Buy,Buy,5.84,-6.63,17.70,15.68,-27.63,-37.11,-43.84,-43.74,70.03,181.66,5.96,5.46,Neutral,Neutral,Sell,Sell,Neutral,Neutral,50.01,-3.61,4.50,-26.53,18.35,34.18,0.00,130.50,2.06,1.52,3853.00,2.05,3459038.00,-22.15,135.32,-0.01,350894.00,-42.53,42.22,0.52,3.30,5.04,10.83,11.58,7.89,32871979095.00,3.34,27.03,20.92,140.07,131.66,132.73,130.73,167.51
[object Object],HEN3,Henkel AG & Co. KGaA Pref,XETR,74.68,stock,preferred,100.00,2.00,false,0.00,EUR,1.33,367792.00,1.03,33320317419.00,USD,15.16,5.79,2.92,2.77,Process industries,germany,Process Industries,Neutral,Neutral,1.33,-0.82,4.62,15.57,4.36,6.90,7.92,-12.76,-31.49,263.29,1.70,1.60,StrongBuy,Strong buy,StrongBuy,Strong buy,Neutral,Neutral,57.97,0.18,1.61,-34.30,48.33,51.39,0.00,0.00,0.00,0.00,0.00,-0.27,367792.00,17.95,74.68,0.00,273636.00,8.42,15.16,5.12,1.46,1.48,12.07,16.66,9.76,34094995779.00,1.42,9.61,7.85,74.42,73.43,70.74,68.68,70.82
[object Object],EQT,EQT Corporation,NYSE,53.03,stock,common,100.00,1.00,false,0.00,USD,-0.67,6683718.00,0.77,33171112250.00,USD,12.30,4.31,131.90,1.23,Energy minerals,america,Energy Minerals,Buy,Buy,-0.67,5.89,4.23,-9.44,-4.79,-0.60,1.24,161.88,30.56,11501.81,3.22,2.66,Buy,Buy,Buy,Buy,Buy,Buy,56.49,4.18,0.13,95.96,84.22,68.86,0.00,53.50,0.21,0.04,22773.00,0.49,6683718.00,-24.32,53.25,0.41,1021742.00,-16.08,12.30,0.09,3.54,1.31,5.34,8.86,295.57,42318484250.00,4.46,10.53,6.30,50.70,51.25,53.00,56.90,56.45
[object Object],EME,"EMCOR Group, Inc.",NYSE,744.85,stock,common,100.00,1.00,false,0.00,USD,-3.15,296254.00,0.62,33101339313.00,USD,24.93,29.88,32.04,0.17,Industrial services,america,Industrial Services,Buy,Buy,-3.15,2.23,-11.77,-14.97,6.10,20.82,29.16,508.84,1356.78,37142.50,2.86,3.54,Sell,Sell,StrongSell,Strong sell,Sell,Sell,39.38,-36.93,-43.55,-75.80,44.76,41.78,0.00,769.60,0.07,0.07,51.00,-0.64,296254.00,-16.26,744.85,0.00,58281.00,30.65,24.93,0.80,1.94,8.56,27.87,30.85,36.32,32702474313.00,1.84,19.78,17.67,757.69,796.04,818.22,808.18,743.48
[object Object],IR,Ingersoll Rand Inc.,NYSE,84.40,stock,common,100.00,1.00,false,0.00,USD,0.11,3159061.00,0.70,33028830993.00,USD,56.88,1.48,-26.65,0.09,Producer manufacturing,america,Producer Manufacturing,Buy,Buy,0.11,1.10,9.43,0.37,-3.71,5.72,-2.22,73.13,297.18,297.18,2.96,3.13,Buy,Buy,StrongBuy,Strong buy,Neutral,Neutral,62.46,5.55,3.81,154.69,87.60,76.13,0.00,84.30,-0.01,-0.01,200.00,-0.28,3159061.00,-51.23,84.40,0.00,568441.00,-6.76,56.88,0.00,4.27,3.25,25.60,28.65,26.09,36662730993.00,4.71,24.56,18.19,81.71,79.56,76.20,79.30,81.36
[object Object],NTRS,Northern Trust Corporation,NASDAQ,180.52,stock,common,100.00,1.00,false,0.00,USD,1.44,1256846.00,1.02,33027216756.00,USD,15.50,11.65,36.91,1.77,Finance,america,Finance,Neutral,Neutral,1.44,-2.95,2.45,9.33,19.05,31.99,44.72,62.18,170.08,17644.03,2.44,2.28,Buy,Buy,Buy,Buy,Buy,Buy,51.89,-3.03,3.31,-22.50,24.82,35.82,0.00,0.00,0.00,0.00,0.00,0.34,1256846.00,-13.50,180.52,0.00,204332.00,39.69,15.50,0.41,3.63,2.64,0.00,0.00,0.00,-2069783244.00,0.00,0.00,0.00,184.00,178.84,174.30,162.21,149.82
[object Object],BPE,BPER Banca S.p.A.,MIL,13.91,stock,common,1000.00,2.00,false,0.00,EUR,2.75,6313927.00,0.90,32998719773.22,USD,13.32,1.21,8.91,4.74,Finance,italy,Finance,Buy,Buy,2.75,1.90,0.87,16.44,17.98,19.91,75.85,758.64,481.83,465.85,1.99,1.72,StrongBuy,Strong buy,StrongBuy,Strong buy,Neutral,Neutral,58.26,-0.07,0.06,-3.45,44.35,38.76,0.00,0.00,0.00,0.00,0.00,0.28,6313927.00,-3.21,13.91,0.00,6621.00,162.86,13.32,1.46,0.00,0.00,0.00,0.00,0.00,55457626006.34,5.68,0.00,0.00,13.78,13.77,13.01,12.39,11.73
[object Object],NTAP,"NetApp, Inc.",NASDAQ,167.74,stock,common,100.00,1.00,false,0.00,USD,1.88,1231458.00,0.50,32916337224.00,USD,26.38,6.36,11.90,1.24,Electronic technology,america,Electronic Technology,Neutral,Neutral,1.88,6.38,7.25,54.74,69.18,55.82,58.65,114.86,532.98,15458.49,2.80,4.52,Buy,Buy,StrongBuy,Strong buy,Neutral,Neutral,56.46,-1.13,3.78,57.93,51.72,50.67,0.00,165.98,0.81,0.83,1971.00,-0.73,1231458.00,-29.10,167.74,0.00,288356.00,48.10,26.38,2.18,4.73,24.34,16.15,17.86,9.31,32065337224.00,4.63,18.94,16.94,165.00,161.47,156.05,130.23,119.61
[object Object],NTGY,"Naturgy Energy Group, S.A.",BME,30.04,stock,common,100.00,2.00,false,0.00,EUR,0.94,2112000.00,0.64,32822278455.48,USD,0.00,0.00,0.00,0.00,Utilities,spain,Utilities,Buy,Buy,0.94,4.16,6.90,9.08,17.07,16.34,9.16,34.11,65.01,54.24,1.81,1.65,StrongBuy,Strong buy,StrongBuy,Strong buy,Buy,Buy,68.05,2.00,0.78,157.97,94.44,86.42,0.00,0.00,0.00,0.00,0.00,-0.13,2112000.00,-47.92,0.00,0.00,0.00,17.38,0.00,0.00,0.00,0.00,0.00,0.00,0.00,48397749975.48,2.16,11.51,8.03,29.04,28.34,28.58,27.43,26.80
[object Object],JBL,Jabil Inc.,NYSE,312.59,stock,common,100.00,1.00,false,0.00,USD,-2.93,914198.00,0.91,32755394981.00,USD,39.01,8.01,55.77,0.10,Producer manufacturing,america,Producer Manufacturing,Buy,Buy,-2.93,4.22,-15.52,-8.74,28.37,35.15,38.19,448.60,1433.06,35624.57,3.16,4.30,Sell,Sell,StrongSell,Strong sell,Sell,Sell,39.74,-17.70,-33.80,-60.90,42.78,36.39,0.00,320.00,-0.63,1.99,1381.00,-0.92,914198.00,6.22,312.59,0.00,331394.00,31.22,39.01,0.72,1.02,24.77,17.93,25.49,24.48,35291394981.00,1.05,20.91,14.80,315.38,346.73,351.73,323.55,275.58
[object Object],RJF,"Raymond James Financial, Inc.",NYSE,169.30,stock,common,100.00,1.00,false,0.00,USD,1.90,1207504.00,0.85,32522531620.00,USD,14.76,11.47,12.58,1.23,Finance,america,Finance,Buy,Buy,1.90,1.12,7.90,10.52,-0.46,5.66,3.55,97.64,371.24,28351.30,2.60,2.66,StrongBuy,Strong buy,StrongBuy,Strong buy,Neutral,Neutral,63.40,1.18,7.19,42.85,56.05,63.62,0.00,166.14,0.00,0.00,200.00,0.43,1207504.00,-46.96,169.30,0.00,269651.00,1.22,14.76,1.15,1.93,2.56,0.00,0.00,0.00,32522531620.00,1.92,8.88,0.00,168.25,161.41,156.83,153.33,157.97
[object Object],SAAB_B,Saab AB Class B,OMXSTO,587.40,stock,common,10.00,1.00,false,0.00,SEK,-1.61,1021960.00,0.67,32347173308.50,USD,44.79,1.35,36.29,0.37,Electronic technology,sweden,Electronic Technology,Buy,Buy,-1.61,12.66,16.97,-0.94,-14.62,8.02,8.58,801.96,808.80,3080.79,3.68,4.59,StrongBuy,Strong buy,StrongBuy,Strong buy,Buy,Buy,61.07,40.90,43.78,82.27,66.10,61.99,0.00,0.00,0.00,0.00,0.00,0.00,1021960.00,-39.09,0.00,0.00,0.00,2.25,44.79,1.25,3.66,6.30,21.96,44.73,24.93,32561685408.50,3.60,35.30,26.67,557.96,537.68,534.25,574.13,572.56
[object Object],EXPN,Experian PLC,LSE,2744.00,stock,common,1.00,1.00,false,0.00,GBX,3.35,1703927.00,0.54,32291059047.18,USD,22.50,1.61,22.99,1.89,Commercial services,uk,Commercial Services,StrongBuy,Strong buy,3.35,2.35,9.76,-0.96,-8.90,-18.89,-31.28,-12.39,87.30,390.00,4.01,4.20,Buy,Buy,StrongBuy,Strong buy,Buy,Buy,58.32,127.00,105.62,94.35,68.23,70.25,0.00,0.00,0.00,0.00,0.00,0.00,1703927.00,-48.04,2744.00,0.00,604206.00,-35.66,22.50,0.95,3.87,5.87,15.06,15.40,93.84,37590610575.23,4.51,17.80,12.63,2701.90,2616.80,2610.76,2648.69,2920.49
[object Object],SCHP,Schindler Holding Ltd. Pref,SIX,251.80,stock,preferred,10.00,2.00,false,0.00,CHF,0.72,124500.00,0.96,32155711548.41,USD,26.22,11.88,4.70,2.38,Producer manufacturing,switzerland,Producer Manufacturing,Neutral,Neutral,0.72,-6.60,-4.98,-9.42,-16.84,-15.62,-16.79,-14.18,37.15,2218.60,2.22,1.54,Sell,Sell,StrongSell,Strong sell,Neutral,Neutral,34.50,-12.20,-9.25,-162.33,13.89,19.01,spinning_top_white,0.00,0.00,0.00,0.00,0.56,124500.00,-4.51,251.80,0.00,68758.00,-9.64,26.22,5.53,2.47,5.83,19.15,21.22,14.20,30819103548.41,2.31,17.61,14.25,260.72,265.17,263.85,267.31,281.08
[object Object],REP,Repsol SA,BME,25.82,stock,common,100.00,1.00,false,0.00,EUR,-2.23,6007896.00,1.93,32147469699.21,USD,8.12,3.63,396.76,3.14,Energy minerals,spain,Energy Minerals,Buy,Buy,-2.23,7.18,18.39,21.39,64.30,61.78,94.14,178.50,120.21,12.26,2.64,2.61,Buy,Buy,StrongBuy,Strong buy,Sell,Sell,68.99,2.70,2.51,130.22,93.50,95.91,0.00,0.00,0.00,0.00,0.00,-0.08,6007896.00,19.08,0.00,0.00,0.00,78.67,8.12,0.02,0.47,1.21,5.28,17.52,3.51,44137352099.21,0.63,7.11,4.92,24.84,22.92,22.84,22.57,19.43
[object Object],MSTR,Strategy Inc Class A,NASDAQ,91.67,stock,common,100.00,1.00,false,0.00,USD,-2.09,13088075.00,0.86,32125532426.00,USD,0.00,-40.16,-84.12,0.00,Technology services,america,Technology Services,StrongBuy,Strong buy,-2.09,0.41,-10.55,-48.17,-43.04,-40.70,-77.89,47.62,388.49,1028.25,4.98,6.96,Sell,Sell,StrongSell,Strong sell,Neutral,Neutral,39.14,-2.97,-6.27,-58.20,35.00,55.75,0.00,93.13,-0.53,1.89,180269.00,-0.28,13088075.00,-23.85,91.29,-0.41,1195388.00,-72.05,0.00,-0.03,63.74,0.87,0.00,0.00,13.86,47158600426.00,96.15,0.00,0.00,96.11,100.59,120.57,135.12,163.44
[object Object],SLHN,Swiss Life Holding AG,SIX,945.00,stock,common,10.00,2.00,false,0.00,CHF,0.23,29351.00,0.63,32076710412.12,USD,21.68,54.98,2.38,3.86,Finance,switzerland,Finance,Sell,Sell,0.23,-0.11,7.22,1.39,11.86,3.10,11.83,103.23,324.34,724.42,1.23,1.14,Buy,Buy,StrongBuy,Strong buy,Neutral,Neutral,68.77,11.60,43.99,70.95,73.40,77.80,0.00,0.00,0.00,0.00,0.00,0.40,29351.00,-37.39,945.00,0.00,11748.00,12.67,21.68,9.09,1.74,3.74,10.31,10.67,0.00,50112350412.12,2.61,0.00,0.00,944.24,910.97,886.50,881.09,876.79
[object Object],CCI,Crown Castle Inc.,NYSE,74.90,stock,common,100.00,1.00,false,0.00,USD,0.44,4195657.00,1.02,31907400650.00,USD,16.51,4.54,0.00,5.67,Finance,america,Finance,Buy,Buy,0.44,-6.43,-11.09,-14.32,-12.71,-15.70,-33.70,-61.18,-24.23,481.75,3.15,3.23,Sell,Sell,StrongSell,Strong sell,Neutral,Neutral,36.41,-4.76,-5.37,-101.32,26.85,36.69,0.00,74.70,0.17,0.32,1167.00,1.34,4195657.00,-48.30,75.00,0.13,665253.00,-24.53,16.51,0.00,7.78,0.00,12.39,13.51,26.03,54062400650.00,12.99,26.91,20.11,77.76,80.37,84.66,85.46,87.59
[object Object],CASY,"Casey's General Stores, Inc.",NASDAQ,861.63,stock,common,100.00,1.00,false,0.00,USD,-1.56,250107.00,0.78,31884543653.00,USD,44.95,19.17,30.89,0.26,Retail trade,america,Retail Trade,Buy,Buy,-1.56,3.26,3.39,7.93,39.26,56.14,64.43,336.09,538.91,68830.07,2.78,3.56,Buy,Buy,StrongBuy,Strong buy,Sell,Sell,56.27,41.80,35.38,94.80,84.15,85.87,0.00,0.00,0.00,0.00,0.00,0.54,250107.00,-32.89,860.00,-0.19,43872.00,67.58,44.95,1.48,1.85,8.05,23.26,44.41,61.27,34266627653.00,1.95,33.15,23.10,851.93,834.69,824.75,785.18,684.30
[object Object],ZTS,"Zoetis, Inc. Class A",NYSE,75.35,stock,common,100.00,1.00,false,0.00,USD,1.05,5098555.00,0.87,31588838119.00,USD,12.48,6.04,8.39,2.73,Health technology,america,Health Technology,Buy,Buy,1.05,-2.65,-3.16,-35.05,-39.36,-40.39,-50.93,-62.81,50.19,139.21,2.55,3.01,Neutral,Neutral,Sell,Sell,Buy,Buy,45.26,-0.21,-1.78,12.88,32.50,39.87,spinning_top_white,74.84,0.36,0.17,545.00,0.73,5098555.00,-19.33,76.00,0.86,774907.00,-51.35,12.48,1.47,3.31,9.80,11.71,14.90,16.40,38885838119.00,4.09,10.88,9.58,75.31,76.13,77.08,96.05,112.10
[object Object],AEE,Ameren Corporation,NYSE,113.78,stock,common,100.00,1.00,false,0.00,USD,0.45,1090736.00,0.78,31488798694.00,USD,20.44,5.57,23.50,2.57,Utilities,america,Utilities,Buy,Buy,0.45,-0.32,0.69,1.68,10.95,14.08,13.70,36.90,115.37,408.51,1.61,1.92,Buy,Buy,StrongBuy,Strong buy,Neutral,Neutral,55.12,0.84,0.03,44.69,54.20,36.70,spinning_top_black,113.50,0.20,0.00,453.00,0.59,1090736.00,23.01,113.78,0.00,212104.00,13.06,20.44,0.87,3.55,2.32,9.48,0.00,364.10,52834798694.00,5.95,24.83,13.94,112.18,112.15,110.66,110.77,107.17
[object Object],CNC,Centene Corporation,NYSE,63.41,stock,common,100.00,1.00,false,0.00,USD,-0.52,2809130.00,0.73,31311667509.00,USD,0.00,-13.14,-295.70,0.00,Health services,america,Health Services,Buy,Buy,-0.52,-1.12,-0.61,53.68,39.70,53.98,121.64,-13.34,68.49,5232.28,2.91,3.51,Sell,Sell,Sell,Sell,Neutral,Neutral,45.89,-3.94,0.35,-146.14,21.91,39.14,0.00,63.74,0.00,-0.38,1712.00,0.71,2809130.00,-40.88,63.00,-0.65,817950.00,135.89,0.00,0.00,0.16,1.46,3.96,4.42,0.00,47782667509.00,0.24,0.00,0.00,66.04,65.17,63.22,52.10,45.97
[object Object],EXR,Extra Space Storage Inc.,NYSE,147.71,stock,common,100.00,1.00,false,0.00,USD,1.57,1048430.00,0.91,31205354947.00,USD,33.60,4.40,2.19,4.39,Finance,america,Finance,Buy,Buy,1.57,-1.78,-0.89,3.48,2.36,13.57,-1.70,-13.62,58.40,1057.60,1.78,2.00,StrongBuy,Strong buy,StrongBuy,Strong buy,Neutral,Neutral,53.58,3.75,-0.80,16.17,36.02,33.40,0.00,145.41,-0.01,-0.01,250.00,0.86,1048430.00,-37.30,147.71,0.00,198572.00,-0.41,33.60,15.09,9.39,2.34,17.51,19.09,234.15,45886603947.00,13.44,52.15,21.66,146.50,146.63,145.35,142.49,140.53
[object Object],EXPE,"Expedia Group, Inc.",NASDAQ,259.94,stock,common,100.00,1.00,false,0.00,USD,0.90,1231271.00,0.90,31198421940.00,USD,22.89,11.35,33.76,0.68,Consumer services,america,Consumer Services,Buy,Buy,0.90,-3.48,4.62,4.60,-5.98,-8.15,35.13,61.48,122.46,861.58,3.01,3.77,Neutral,Neutral,Buy,Buy,Neutral,Neutral,51.74,-10.89,9.31,-61.41,31.84,38.02,long_upper_shadow_bearish,0.00,0.00,0.00,0.00,0.74,1231271.00,1.45,259.94,0.00,254296.00,37.22,22.89,0.67,2.07,54.15,6.52,7.72,3.94,29121421940.00,1.92,12.50,9.03,264.74,256.89,243.09,241.53,245.80
[object Object],ERIC_B,Telefonaktiebolaget LM Ericsson Class B,OMXSTO,91.52,stock,common,100.00,2.00,false,0.00,SEK,0.02,9567159.00,0.63,31149008248.56,USD,12.40,0.76,42.45,3.19,Electronic technology,sweden,Electronic Technology,Neutral,Neutral,0.02,-4.17,-18.03,-12.30,-2.08,1.02,24.92,-10.10,38.67,-87.33,2.05,2.75,Sell,Sell,StrongSell,Strong sell,Buy,Buy,27.73,-18.68,-13.34,-113.56,4.03,2.87,0.00,0.00,0.00,0.00,0.00,-0.55,9567159.00,-13.18,0.00,0.00,0.00,30.89,12.40,0.29,1.34,2.91,9.00,9.75,5.62,29729001448.56,1.27,9.24,7.64,96.23,104.84,111.24,109.64,100.83
[object Object],TEN,Tenaris S.A.,MIL,25.52,stock,common,100.00,1.00,false,0.00,EUR,0.00,1067970.00,0.97,31120581166.59,USD,15.58,1.89,7.18,3.01,Non-energy minerals,italy,Non-Energy Minerals,Neutral,Neutral,0.00,4.50,-0.51,-5.13,35.03,54.11,54.06,200.38,106.81,1358.29,2.61,2.12,Buy,Buy,StrongBuy,Strong buy,Neutral,Neutral,59.39,1.39,0.15,138.29,88.57,84.75,0.00,0.00,0.00,0.00,0.00,-1.02,1067970.00,-1.03,25.52,0.00,4946.00,57.00,15.58,2.17,2.46,1.74,12.24,15.49,8.69,28463832593.06,2.35,12.17,9.63,24.92,24.74,25.52,25.35,21.65
[object Object],DTE,DTE Energy Company,NYSE,149.46,stock,common,100.00,1.00,false,0.00,USD,0.90,1153514.00,0.97,31091911870.00,USD,24.56,6.08,-17.83,3.07,Utilities,america,Utilities,Buy,Buy,0.90,-0.76,-0.36,1.45,10.69,15.56,8.09,28.73,77.22,562.87,1.83,1.82,Buy,Buy,StrongBuy,Strong buy,Neutral,Neutral,51.90,-0.81,-1.78,-24.35,40.79,28.89,0.00,148.13,0.00,0.00,200.00,0.18,1153514.00,-27.99,148.50,-0.64,458720.00,8.19,24.56,0.00,1.89,2.52,9.39,0.00,111.83,57790911870.00,3.55,28.55,14.60,148.09,149.57,147.06,146.82,141.53
[object Object],EIX,Edison International,NYSE,79.75,stock,common,100.00,1.00,false,0.00,USD,0.14,1801301.00,0.78,30687317139.00,USD,8.65,9.22,30.76,4.28,Utilities,america,Utilities,Neutral,Neutral,0.14,0.68,9.11,14.27,30.74,32.10,52.43,41.98,2.74,795.44,2.25,2.23,Buy,Buy,StrongBuy,Strong buy,Neutral,Neutral,68.12,4.55,4.13,147.19,85.93,81.58,0.00,79.69,0.06,0.06,117.00,0.40,1801301.00,-45.39,79.75,0.00,374034.00,51.81,8.65,0.28,1.57,1.78,5.14,0.00,183.71,74863317139.00,3.82,13.68,8.51,78.01,75.21,73.40,72.33,66.45
[object Object],SIKA,Sika AG,SIX,155.85,stock,common,100.00,5.00,false,0.00,CHF,1.20,295467.00,0.78,30608746786.01,USD,23.97,8.20,-16.19,2.37,Process industries,switzerland,Process Industries,Buy,Buy,1.20,-2.41,-2.62,6.09,5.38,-4.47,-24.93,-50.79,118.39,1708.97,2.61,2.34,Sell,Sell,Sell,Sell,Buy,Buy,44.10,-6.90,-5.66,-98.89,13.24,12.90,0.00,0.00,0.00,0.00,0.00,0.00,295467.00,-24.17,155.85,0.00,120253.00,-21.66,23.97,0.00,2.21,3.76,15.71,20.10,30.99,36386883586.01,2.58,18.91,13.96,157.71,162.85,156.85,148.61,153.81
[object Object],LVS,Las Vegas Sands Corp.,NYSE,46.08,stock,common,100.00,1.00,false,0.00,USD,0.11,5991464.00,1.15,30534329338.00,USD,17.95,2.57,29.61,2.39,Consumer services,america,Consumer Services,Buy,Buy,0.11,1.07,-3.74,-11.84,-23.06,-29.33,-10.12,1.63,-3.15,9.98,3.05,2.78,Sell,Sell,Sell,Sell,Sell,Sell,44.64,-0.61,-1.79,-3.69,49.25,42.99,0.00,46.50,1.02,0.33,2480.00,1.24,5991464.00,-44.08,46.10,0.04,1431549.00,-12.60,17.95,0.61,2.20,51.39,8.12,11.22,8.95,42736329338.00,3.12,13.31,9.03,45.52,46.88,48.41,51.28,55.88
[object Object],VIE,Veolia Environnement SA,EURONEXT,36.59,stock,common,100.00,1.00,false,0.00,EUR,-0.52,1645587.00,1.13,30464492957.68,USD,22.01,1.95,12.20,4.10,Utilities,france,Utilities,Buy,Buy,-0.52,-1.90,1.92,3.19,21.97,22.79,18.95,44.46,96.78,14.78,1.71,1.73,Neutral,Neutral,Buy,Buy,Neutral,Neutral,50.22,0.31,0.69,-16.03,45.37,53.79,0.00,0.00,0.00,0.00,0.00,0.16,1645587.00,30.14,36.59,0.00,1000965.00,24.25,22.01,1.81,0.60,3.81,5.91,18.26,3.33,62015857117.68,1.19,15.32,8.03,37.10,36.55,35.81,34.90,32.66
[object Object],KHC,Kraft Heinz Company,NASDAQ,25.67,stock,common,100.00,1.00,false,0.00,USD,1.22,13009786.00,1.12,30438910772.00,USD,0.00,-4.86,-320.43,6.23,Consumer non-durables,america,Consumer Non-Durables,Neutral,Neutral,1.22,-3.53,13.84,16.42,13.18,5.68,-11.45,-34.55,-70.88,-63.85,2.17,2.81,StrongBuy,Strong buy,StrongBuy,Strong buy,Neutral,Neutral,58.19,0.82,1.38,44.51,44.50,50.71,0.00,25.41,0.20,0.28,62448.00,0.04,13009786.00,-10.46,25.70,0.12,3031219.00,-6.80,0.00,0.00,1.21,0.73,6.42,7.73,7.17,47441910772.00,1.90,10.42,8.57,25.65,24.54,24.11,23.39,23.93
[object Object],CFG,"Citizens Financial Group, Inc.",NYSE,71.88,stock,common,100.00,1.00,false,0.00,USD,0.11,2938219.00,0.57,30396751787.00,USD,15.62,4.60,40.32,2.50,Finance,america,Finance,StrongBuy,Strong buy,0.11,-2.72,4.02,10.23,12.52,22.96,43.82,64.18,222.91,234.33,2.16,2.34,Buy,Buy,StrongBuy,Strong buy,Neutral,Neutral,57.40,1.54,2.53,48.81,60.53,60.44,doji,71.75,-0.07,-0.07,100.00,0.14,2938219.00,-41.07,71.88,0.00,585648.00,45.31,15.62,0.39,3.55,1.26,0.00,0.00,0.00,36096751787.00,2.94,0.00,0.00,71.82,70.12,67.12,64.32,60.93
[object Object],TDY,Teledyne Technologies Incorporated,NYSE,655.35,stock,common,100.00,1.00,false,0.00,USD,0.63,293644.00,0.56,30361798078.00,USD,31.66,20.70,14.03,0.00,Electronic technology,america,Electronic Technology,Buy,Buy,0.63,6.70,7.08,0.63,4.86,27.75,19.38,47.01,529.12,7667.11,4.77,3.64,Buy,Buy,StrongBuy,Strong buy,Buy,Buy,60.26,20.75,15.12,77.37,67.45,59.54,spinning_top_white,0.00,0.00,0.00,0.00,0.39,293644.00,-42.94,655.35,0.00,52378.00,11.40,31.66,2.24,4.79,2.78,24.18,26.91,90.37,32048698078.00,5.03,25.88,20.28,636.87,634.29,627.60,633.14,597.01
[object Object],DSY,Dassault Systemes SE,EURONEXT,19.88,stock,common,1000.00,5.00,false,0.00,EUR,7.90,4470250.00,2.21,30253839234.00,USD,19.92,1.14,16.52,1.36,Technology services,france,Technology Services,Buy,Buy,7.90,9.44,14.25,3.87,-16.68,-16.82,-37.58,-55.33,42.02,1520.21,5.03,3.63,Buy,Buy,StrongBuy,Strong buy,Buy,Buy,65.09,1.64,0.23,313.98,54.74,36.96,0.00,0.00,0.00,0.00,0.00,0.52,4470250.00,15.43,19.88,0.00,3165035.00,-44.25,19.92,1.12,3.93,2.82,15.32,16.57,4.65,27657244778.00,3.90,15.49,11.55,18.38,18.02,18.64,18.49,20.92
[object Object],VEEV,Veeva Systems Inc. Class A,NYSE,186.24,stock,common,100.00,1.00,false,0.00,USD,3.71,1056924.00,0.77,30253440775.00,USD,33.16,5.62,19.01,0.00,Technology services,america,Technology Services,Buy,Buy,3.71,-5.64,15.18,19.08,-16.89,-16.64,-35.04,-44.26,411.09,390.11,4.12,3.94,Buy,Buy,Buy,Buy,Neutral,Neutral,52.84,-3.88,10.67,-33.93,16.07,27.90,0.00,181.50,1.07,0.41,1235.00,1.50,1056924.00,1.88,186.30,0.03,227217.00,-31.20,33.16,1.68,8.98,4.15,18.56,18.85,4.23,23043788775.00,6.94,23.36,22.19,191.33,178.49,173.84,173.35,206.22
[object Object],ORSTED,Orsted,OMXCOP,149.85,stock,common,100.00,5.00,false,0.00,DKK,-0.37,432478.00,0.51,30043685699.09,USD,0.00,-0.24,-204.50,0.00,Utilities,denmark,Utilities,Buy,Buy,-0.37,1.42,0.30,-8.68,9.50,22.13,-14.63,-71.44,1.74,5.73,2.19,2.50,Sell,Sell,StrongSell,Strong sell,Buy,Buy,47.63,2.95,0.29,-1.80,47.28,43.56,spinning_top_black,0.00,0.00,0.00,0.00,-0.27,432478.00,-38.56,0.00,0.00,0.00,58.21,0.00,0.00,2.84,1.63,6.82,0.00,2.51,37478849699.09,3.48,0.00,27.68,150.03,149.59,155.03,155.09,143.44
[object Object],HM_B,H&M Hennes & Mauritz AB Class B,OMXSTO,164.10,stock,common,100.00,5.00,false,0.00,SEK,0.89,1523749.00,1.05,30003705114.84,USD,21.36,0.83,23.81,4.24,Retail trade,sweden,Retail Trade,Sell,Sell,0.89,0.49,0.06,-4.59,-7.10,-12.10,12.17,-12.27,-36.76,11.25,1.65,2.31,Sell,Sell,StrongSell,Strong sell,Sell,Sell,49.00,-1.90,-2.34,-49.14,40.80,35.06,engulfing_bullish,0.00,0.00,0.00,0.00,-0.18,1523749.00,-5.86,0.00,0.00,0.00,32.03,21.36,0.89,1.18,7.72,7.94,10.76,14.02,35973185814.84,1.51,17.13,8.57,163.45,165.49,165.00,169.22,174.19
[object Object],ATO,Atmos Energy Corporation,NYSE,179.22,stock,common,100.00,1.00,false,0.00,USD,0.66,817406.00,0.83,29915372194.00,USD,22.06,8.12,13.39,2.16,Utilities,america,Utilities,Neutral,Neutral,0.66,1.81,3.28,-4.37,8.45,7.22,13.69,80.56,123.66,3109.89,1.28,1.70,Buy,Buy,StrongBuy,Strong buy,Neutral,Neutral,57.29,3.02,3.83,106.96,63.08,55.07,spinning_top_white,0.00,0.00,0.00,0.00,0.59,817406.00,17.12,179.22,0.00,224721.00,19.19,22.06,1.64,6.12,2.01,16.03,0.00,236.61,39417497194.00,8.08,22.51,15.69,177.68,174.42,174.01,179.86,176.36
[object Object],BIIB,Biogen Inc.,NASDAQ,202.19,stock,common,100.00,1.00,false,0.00,USD,0.78,596372.00,0.38,29850748739.00,USD,21.70,9.32,-7.98,0.00,Health technology,america,Health Technology,Buy,Buy,0.78,-3.07,1.43,8.33,16.76,15.29,54.60,-37.23,-21.54,7019.28,2.82,4.31,Buy,Buy,StrongBuy,Strong buy,Neutral,Neutral,50.35,3.04,-0.97,-36.54,46.20,44.94,0.00,0.00,0.00,0.00,0.00,0.81,596372.00,-42.22,201.80,-0.19,174968.00,66.05,21.70,0.00,3.10,1.60,11.58,12.38,7.01,32129948739.00,3.35,14.02,10.39,201.68,203.06,199.43,192.14,181.94
[object Object],CBOE,Cboe Global Markets Inc,CBOE,285.07,stock,common,100.00,1.00,false,0.00,USD,0.07,646578.00,0.61,29833653283.00,USD,24.34,11.71,53.54,1.01,Finance,america,Finance,Neutral,Neutral,0.07,2.33,10.69,-4.60,2.88,13.60,18.31,137.01,320.77,769.12,3.68,4.37,Buy,Buy,StrongBuy,Strong buy,Neutral,Neutral,57.81,17.00,12.12,92.70,85.10,83.29,long_lower_shadow_bullish,0.00,0.00,0.00,0.00,0.08,646578.00,-34.04,285.07,0.00,101022.00,14.51,24.34,0.45,6.24,5.55,28.44,30.64,13.80,29248853283.00,6.10,17.56,16.37,278.49,265.44,290.65,296.10,277.51
[object Object],NRG,"NRG Energy, Inc.",NYSE,141.03,stock,common,100.00,1.00,false,0.00,USD,-1.37,2270110.00,1.09,29755420965.00,USD,164.60,0.86,-86.51,1.30,Utilities,america,Utilities,Buy,Buy,-1.37,8.03,2.43,-8.93,-6.59,-12.72,-12.41,243.72,852.26,1384.53,3.85,3.91,Buy,Buy,Buy,Buy,Neutral,Neutral,54.54,0.61,-0.24,37.33,79.04,56.95,0.00,143.35,0.25,0.25,100.00,-0.15,2270110.00,-22.56,141.03,0.00,466330.00,-8.18,164.60,0.00,0.92,7.10,33.00,0.00,124.83,53527420965.00,1.65,59.15,21.73,136.38,137.60,135.34,144.79,153.97
[object Object],KNIN,Kuehne & Nagel International AG,SIX,204.60,stock,common,10.00,1.00,false,0.00,CHF,0.10,257283.00,1.36,29741132922.26,USD,28.08,9.01,-25.06,2.93,Transportation,switzerland,Transportation,Neutral,Neutral,0.10,-3.03,9.50,3.44,12.54,18.64,18.30,-32.18,49.23,976.84,2.90,2.74,Neutral,Neutral,Buy,Buy,Neutral,Neutral,54.67,-0.90,8.61,-2.83,35.25,50.38,long_upper_shadow_bearish,0.00,0.00,0.00,0.00,0.20,257283.00,-33.28,204.60,0.00,113048.00,22.80,28.08,0.00,1.01,11.86,14.87,16.96,39.50,34025132922.26,1.14,23.41,13.29,208.54,199.55,193.05,185.77,176.31
[object Object],GFS,GlobalFoundries Inc.,NASDAQ,53.53,stock,common,100.00,1.00,false,0.00,USD,-5.94,3817402.00,1.12,29371953457.00,USD,38.46,1.39,0.00,0.22,Electronic technology,america,Electronic Technology,Buy,Buy,-5.94,-4.17,-35.92,-17.29,18.93,50.62,34.77,13.89,13.89,13.89,4.48,5.82,StrongSell,Strong sell,StrongSell,Strong sell,Sell,Sell,29.27,-15.44,-15.17,-112.83,9.28,11.93,0.00,56.50,-0.72,0.00,9457.00,-1.72,3817402.00,57.29,53.99,0.85,331258.00,41.44,38.46,0.00,4.67,2.51,15.46,27.96,10.00,28147953457.00,4.12,34.08,13.41,58.96,71.89,74.37,63.48,51.17
[object Object],SHB_A,Svenska Handelsbanken AB Class A,OMXSTO,143.45,stock,common,100.00,5.00,false,0.00,SEK,1.45,3817294.00,0.71,29310770156.04,USD,12.09,1.22,-9.09,12.20,Finance,sweden,Finance,Sell,Sell,1.45,3.46,1.63,11.12,1.41,6.50,20.55,49.55,38.33,298.47,1.48,1.53,Buy,Buy,StrongBuy,Strong buy,Neutral,Neutral,57.01,0.05,0.76,34.22,67.87,61.46,0.00,0.00,0.00,0.00,0.00,0.07,3817294.00,1.68,0.00,0.00,0.00,19.75,12.09,0.00,4.82,1.59,3.81,3.83,0.00,140030971056.04,10.06,0.00,0.00,141.22,141.62,138.93,135.65,134.19
[object Object],CNP,"CenterPoint Energy, Inc.",NYSE,44.56,stock,common,100.00,1.00,false,0.00,USD,0.75,5112852.00,0.82,29149793579.00,USD,27.29,1.63,9.79,2.02,Utilities,america,Utilities,Buy,Buy,0.75,1.71,1.87,3.34,14.40,16.25,21.38,76.83,80.77,255.20,1.61,1.88,StrongBuy,Strong buy,StrongBuy,Strong buy,Buy,Buy,58.17,1.02,0.04,86.45,63.98,42.73,"rising_window_bullish,spinning_top_black",0.00,0.00,0.00,0.00,0.81,5112852.00,5.72,44.65,0.20,847914.00,16.07,27.29,2.77,3.10,2.55,12.46,0.00,24.26,53227793579.00,5.66,25.12,14.35,43.53,43.63,43.07,43.03,41.29
[object Object],SAMPO,Sampo Oyj,OMXHEX,9.63,stock,common,1000.00,2.00,false,0.00,EUR,0.52,1977271.00,0.75,29080045482.90,USD,15.45,0.72,50.34,3.74,Finance,finland,Finance,Buy,Buy,0.52,0.50,8.16,6.29,-1.96,-7.00,0.88,17.68,27.94,587.57,1.20,1.36,StrongBuy,Strong buy,StrongBuy,Strong buy,Neutral,Neutral,59.93,0.03,0.34,53.26,72.43,76.39,0.00,0.00,0.00,0.00,0.00,0.08,1977271.00,-31.18,0.00,0.00,0.00,1.12,15.45,0.31,2.16,3.29,24.65,30.54,0.00,32338017322.90,2.38,0.00,0.00,9.62,9.35,9.24,9.20,9.48
[object Object],EPI_A,Epiroc AB Class A,OMXSTO,247.60,stock,common,10.00,1.00,false,0.00,SEK,1.64,1252568.00,0.66,29076612507.10,USD,33.88,0.75,-1.61,1.53,Producer manufacturing,sweden,Producer Manufacturing,Buy,Buy,1.64,0.69,-5.82,-1.20,10.00,18.07,19.33,22.51,185.70,185.70,2.60,2.71,Sell,Sell,Sell,Sell,Neutral,Neutral,44.78,-10.00,-18.24,-54.79,43.83,35.18,0.00,0.00,0.00,0.00,0.00,-0.57,1252568.00,-27.52,0.00,0.00,0.00,16.06,33.88,0.00,4.72,6.72,30.21,37.86,43.24,30286599607.10,4.73,24.79,19.67,245.44,257.81,261.99,254.62,238.54
[object Object],NSIS_B,Novonesis A/S Class B,OMXCOP,411.20,stock,common,10.00,1.00,false,0.00,DKK,0.24,369895.00,0.80,29062525401.31,USD,43.16,1.47,29.66,1.58,Process industries,denmark,Process Industries,StrongBuy,Strong buy,0.24,-4.59,4.29,6.67,0.78,0.98,-7.30,-14.12,23.97,1169.14,2.30,2.16,Neutral,Neutral,Sell,Sell,Neutral,Neutral,48.10,-13.80,10.73,-151.29,26.97,39.23,0.00,0.00,0.00,0.00,0.00,-0.05,369895.00,-27.92,0.00,0.00,0.00,-5.65,43.16,1.45,6.10,2.35,20.03,30.62,77.89,32332662705.01,6.69,32.67,19.12,422.34,412.11,398.20,386.31,392.74
[object Object],EL,Estee Lauder Companies Inc. Class A,NYSE,80.29,stock,common,100.00,1.00,false,0.00,USD,0.46,1430415.00,0.69,29048514972.00,USD,0.00,-0.70,71.25,1.74,Consumer non-durables,america,Consumer Non-Durables,Buy,Buy,0.46,-1.64,-4.78,3.00,-32.72,-23.98,-9.80,-75.87,-13.65,830.90,2.50,3.47,StrongSell,Strong sell,StrongSell,Strong sell,Neutral,Neutral,43.41,-2.37,-1.95,-94.08,22.79,33.79,doji,80.00,0.10,0.54,1174.00,0.36,1430415.00,-48.64,79.15,-1.42,265517.00,-5.29,0.00,0.00,1.97,7.27,16.32,22.83,9.39,35222514972.00,2.37,22.86,14.98,81.81,83.15,83.42,81.81,92.50
[object Object],TPL,Texas Pacific Land Corporation,NYSE,419.44,stock,common,100.00,1.00,false,0.00,USD,-1.44,183536.00,0.72,28930633523.00,USD,57.49,7.30,9.45,0.54,Miscellaneous,america,Miscellaneous,Neutral,Neutral,-1.44,-0.66,14.50,-4.15,20.00,46.66,35.81,154.17,2136.75,595953.43,3.24,4.30,Buy,Buy,StrongBuy,Strong buy,Neutral,Neutral,55.80,21.62,25.37,76.14,79.66,73.11,0.00,0.00,0.00,0.00,0.00,-0.37,183536.00,-19.88,419.00,-0.10,39352.00,25.09,57.49,6.17,35.00,18.59,53.00,59.29,116.15,28697272523.00,34.20,45.96,41.65,417.29,397.13,395.06,430.82,383.00
[object Object],FE,FirstEnergy Corp.,NYSE,49.92,stock,common,100.00,1.00,false,0.00,USD,0.87,2922397.00,0.73,28875285113.00,USD,27.13,1.84,-2.11,3.61,Utilities,america,Utilities,Buy,Buy,0.87,0.89,4.79,0.67,5.87,11.28,20.93,29.38,36.73,92.00,1.52,1.77,StrongBuy,Strong buy,StrongBuy,Strong buy,Buy,Buy,63.49,2.00,1.22,178.12,85.62,72.44,0.00,49.26,-0.46,-0.46,111.00,0.59,2922397.00,-18.91,49.92,0.00,634761.00,19.22,27.13,0.00,1.85,2.28,9.02,0.00,361.92,58307285113.00,3.76,20.06,14.49,48.96,48.01,47.04,48.26,47.41
[object Object],ADYEN,Adyen NV,EURONEXT,801.00,stock,common,10.00,1.00,false,0.00,EUR,0.70,94757.00,0.71,28869598354.91,USD,23.83,39.49,13.43,0.00,Commercial services,netherlands,Commercial Services,StrongBuy,Strong buy,0.70,-5.43,-4.46,-18.14,-43.61,-41.96,-48.26,-64.99,100.25,100.25,3.04,3.32,Sell,Sell,StrongSell,Strong sell,Neutral,Neutral,39.82,-45.60,-28.99,-157.11,10.93,14.29,0.00,0.00,0.00,0.00,0.00,-0.15,94757.00,-37.10,801.00,0.00,32673.00,-46.17,23.83,1.76,9.41,4.78,24.57,27.92,2.34,16839715932.63,5.36,12.92,11.51,828.94,845.28,866.10,891.36,1103.36
[object Object],KNEBV,KONE Oyj Class B,OMXHEX,48.90,stock,common,100.00,1.00,false,0.00,EUR,2.77,792591.00,1.06,28824129851.92,USD,26.84,2.08,-3.38,3.68,Producer manufacturing,finland,Producer Manufacturing,Buy,Buy,2.77,-1.39,-1.25,-15.89,-22.38,-18.85,-11.70,-30.91,8.74,698.37,2.85,1.94,Sell,Sell,StrongSell,Strong sell,Neutral,Neutral,47.49,-0.63,-1.15,-86.67,30.70,18.62,0.00,0.00,0.00,0.00,0.00,0.29,792591.00,-20.73,0.00,0.00,0.00,-9.69,26.84,0.00,2.17,11.02,18.11,0.00,22.42,28354545083.92,2.18,18.07,14.55,48.64,49.34,49.83,52.90,56.33
[object Object],TPR,"Tapestry, Inc.",NYSE,142.60,stock,common,100.00,1.00,false,0.00,USD,2.49,1485908.00,0.64,28811578806.00,USD,45.81,3.11,-18.10,1.12,Retail trade,america,Retail Trade,Buy,Buy,2.49,0.86,-4.96,-3.44,10.41,10.35,30.66,253.15,232.01,5604.00,3.01,3.52,Buy,Buy,StrongBuy,Strong buy,Buy,Buy,50.43,1.87,-2.75,-38.12,51.36,50.57,0.00,139.13,0.00,0.00,18916.00,0.09,1485908.00,-11.28,142.60,0.00,298418.00,33.06,45.81,0.00,3.69,42.27,15.61,16.93,27.80,31666178806.00,4.03,18.17,15.75,140.61,144.13,141.75,143.22,133.96
[object Object],RYA,Ryanair Holdings PLC,EURONEXT,24.32,stock,common,100.00,1.00,false,0.00,EUR,4.29,1520990.00,0.65,28744610998.65,USD,13.74,2.02,-5.72,1.73,Transportation,ireland,Transportation,StrongBuy,Strong buy,4.29,-7.91,-7.35,4.83,-17.31,-16.83,-3.49,52.33,115.79,78.56,3.62,3.05,Sell,Sell,StrongSell,Strong sell,Neutral,Neutral,40.28,-2.52,-1.68,-150.20,12.13,15.51,0.00,0.00,0.00,0.00,0.00,0.77,1520990.00,-45.27,24.32,0.00,950379.00,9.86,13.74,0.00,1.57,2.67,7.42,15.06,9.01,25726891830.65,1.44,10.62,6.31,25.42,26.28,25.46,25.00,26.33
[object Object],IMB,Imperial Brands PLC,LSE,2823.00,stock,common,1.00,1.00,false,0.00,GBX,0.93,1875851.00,0.89,28697469429.28,USD,13.28,2.81,-29.03,5.68,Consumer non-durables,uk,Consumer Non-Durables,Buy,Buy,0.93,-0.56,1.99,1.53,-6.49,-9.52,-2.15,80.50,-29.38,895.95,1.53,2.66,Buy,Buy,Buy,Buy,Buy,Buy,55.45,110.00,35.80,45.01,41.21,32.99,0.00,0.00,0.00,0.00,0.00,0.00,1875851.00,65.14,2823.00,0.00,735718.00,-7.72,13.28,0.00,1.15,5.45,7.23,8.00,45.38,43752940629.28,1.71,8.95,7.57,2782.40,2773.70,2774.20,2873.58,3010.81
[object Object],FICO,Fair Isaac Corporation,NYSE,1237.37,stock,common,100.00,1.00,false,0.00,USD,2.58,149675.00,0.65,28695731893.00,USD,39.21,31.56,35.93,0.00,Commercial services,america,Commercial Services,Buy,Buy,2.58,0.36,12.52,27.54,-19.66,-26.83,-19.45,129.15,940.33,90193.21,3.85,4.04,Buy,Buy,StrongBuy,Strong buy,Neutral,Neutral,52.79,-13.53,20.46,-9.27,30.07,32.98,0.00,0.00,0.00,0.00,0.00,1.14,149675.00,-19.76,1220.00,-1.40,22431.00,-21.22,39.21,1.06,12.70,0.00,32.39,34.44,133.92,32132930893.00,14.24,28.01,27.63,1234.91,1206.49,1205.08,1157.14,1387.50
[object Object],VICI,VICI Properties Inc,NYSE,26.73,stock,common,100.00,1.00,false,0.00,USD,1.56,4673060.00,0.71,28575175457.00,USD,9.17,2.91,16.25,6.73,Finance,america,Finance,Buy,Buy,1.56,-2.30,-0.56,-6.11,-5.25,-5.08,-19.80,-16.08,44.10,44.10,1.16,1.96,Neutral,Neutral,Sell,Sell,Buy,Buy,49.08,0.72,-0.33,9.42,41.27,42.65,0.00,26.49,0.65,0.19,3790.00,0.49,4673060.00,-24.27,26.76,0.11,908966.00,-17.38,9.17,0.56,6.96,1.01,11.20,11.21,59.48,46226855457.00,11.44,11.59,11.58,26.61,26.80,27.31,27.82,28.52
[object Object],XYL,Xylem Inc.,NYSE,119.75,stock,common,100.00,1.00,false,0.00,USD,2.46,1863450.00,0.96,28463796230.00,USD,29.75,4.03,8.28,1.39,Producer manufacturing,america,Producer Manufacturing,Buy,Buy,2.46,-4.21,7.64,-0.98,-15.85,-12.14,-8.85,-2.84,155.38,409.57,2.21,2.37,Buy,Buy,StrongBuy,Strong buy,Buy,Buy,54.79,-1.47,2.24,-11.73,19.97,14.01,rising_window_bullish,0.00,0.00,0.00,0.00,0.35,1863450.00,-12.28,119.75,0.00,418635.00,-9.63,29.75,3.51,3.13,2.61,22.14,31.37,36.07,29973796230.00,3.30,22.49,15.75,120.26,116.78,113.75,117.46,129.01
[object Object],RMD,ResMed Inc.,NYSE,195.27,stock,common,100.00,1.00,false,0.00,USD,1.76,1005232.00,0.79,28325163161.00,USD,18.82,10.37,16.47,1.23,Health technology,america,Health Technology,Buy,Buy,1.76,-2.94,0.95,-10.50,-23.36,-19.23,-28.57,-23.92,196.90,25936.00,2.03,2.95,Sell,Sell,StrongSell,Strong sell,Neutral,Neutral,46.17,-8.60,-3.16,-61.81,10.16,12.52,inverted_hammer_bullish,0.00,0.00,0.00,0.00,1.24,1005232.00,-0.71,195.27,0.00,191135.00,-23.67,18.82,1.12,5.05,4.36,15.06,16.22,17.08,27502344161.00,4.97,14.29,12.57,196.63,198.35,198.68,212.28,233.72
[object Object],CINF,Cincinnati Financial Corporation,NASDAQ,182.81,stock,common,100.00,1.00,false,0.00,USD,1.91,742107.00,0.86,28278282024.00,USD,10.45,17.49,90.78,1.98,Finance,america,Finance,Buy,Buy,1.91,3.31,3.43,9.34,16.40,11.93,21.84,58.61,144.89,9868.39,1.60,2.51,Buy,Buy,StrongBuy,Strong buy,Neutral,Neutral,56.60,3.53,2.61,-4.81,36.95,35.19,0.00,179.39,0.01,0.01,200.00,0.26,742107.00,15.98,182.81,0.00,159384.00,18.70,10.45,0.11,2.18,1.80,8.30,8.35,0.00,29162282024.00,2.26,0.00,0.00,179.45,178.95,172.86,167.65,165.03
[object Object],Q,"Qnity Electronics, Inc.",NYSE,135.06,stock,common,100.00,1.00,false,0.00,USD,-2.60,1627970.00,1.07,28273352230.00,USD,43.56,3.10,-13.77,0.04,Electronic technology,america,Electronic Technology,StrongBuy,Strong buy,-2.60,3.53,-16.71,-5.47,38.52,65.33,91.57,91.57,91.57,91.57,3.49,5.67,StrongSell,Strong sell,StrongSell,Strong sell,Sell,Sell,40.13,-8.74,-11.00,-78.82,34.38,31.83,0.00,0.00,0.00,0.00,0.00,-0.84,1627970.00,56.44,135.06,0.00,210596.00,0.00,43.56,0.00,5.89,3.94,23.65,31.63,33.14,32226352230.00,6.51,30.37,22.36,138.05,149.13,150.82,139.07,0.00
[object Object],ES,Eversource Energy,NYSE,74.91,stock,common,100.00,1.00,false,0.00,USD,0.39,1470770.00,0.77,28172155457.00,USD,16.02,4.67,101.83,4.11,Utilities,america,Utilities,Neutral,Neutral,0.39,-1.21,5.17,8.68,6.38,10.50,12.66,-12.89,27.44,350.59,1.79,1.87,Buy,Buy,StrongBuy,Strong buy,Neutral,Neutral,59.03,0.09,1.97,97.60,55.65,47.12,0.00,74.63,0.01,0.01,100.00,0.54,1470770.00,-30.08,74.91,0.00,313557.00,16.78,16.02,0.16,2.02,1.70,6.42,119.18,104.41,58397234457.00,4.19,18.61,10.56,74.40,72.68,71.15,70.51,70.35
[object Object],WRB,W. R. Berkley Corporation,NYSE,75.46,stock,common,100.00,1.00,false,0.00,USD,2.76,1951899.00,0.85,28092001961.00,USD,15.53,4.86,10.57,0.49,Finance,america,Finance,Neutral,Neutral,2.76,5.94,8.94,11.04,11.63,8.16,10.53,126.99,332.90,46313.30,2.66,2.33,StrongBuy,Strong buy,StrongBuy,Strong buy,Buy,Buy,67.11,3.27,2.69,223.57,78.40,69.72,rising_window_bullish,73.43,0.00,0.00,200.00,0.12,1951899.00,9.51,75.46,0.00,414797.00,2.22,15.53,1.43,1.60,2.85,0.00,0.00,0.00,30932333961.00,1.72,0.00,0.00,72.33,70.65,69.01,67.96,69.95
[object Object],ARES,Ares Management Corporation,NYSE,126.51,stock,common,100.00,1.00,false,0.00,USD,4.31,1818175.00,1.07,28088816790.00,USD,58.57,2.16,24.85,3.90,Finance,america,Finance,Buy,Buy,4.31,3.36,5.32,10.05,-21.25,-22.23,-30.18,90.24,755.38,597.02,3.92,4.05,Buy,Buy,StrongBuy,Strong buy,Buy,Buy,57.43,4.70,-1.27,88.76,56.13,52.30,0.00,121.27,-0.01,-0.01,200.00,0.16,1818175.00,-9.80,126.51,0.00,287536.00,-29.12,58.57,2.26,3.99,11.12,983.06,0.00,19.71,46616390790.00,6.84,23.48,20.82,122.61,121.91,123.53,117.51,134.78
[object Object],WTW,Willis Towers Watson Public Limited Company,NASDAQ,295.11,stock,common,100.00,1.00,false,0.00,USD,2.34,324755.00,0.66,27872540566.00,USD,17.27,17.08,0.00,1.27,Finance,america,Finance,Buy,Buy,2.34,-0.78,14.14,2.96,-8.09,-9.88,-4.40,37.26,138.82,575.18,2.14,2.56,Buy,Buy,StrongBuy,Strong buy,Neutral,Neutral,62.65,5.46,14.98,60.11,45.58,51.42,0.00,289.10,0.25,0.01,139.00,0.30,324755.00,-37.54,295.11,0.00,83288.00,-9.33,17.27,0.00,2.80,3.49,15.74,18.08,12.24,32545540566.00,3.29,14.05,11.89,290.93,276.69,268.03,276.44,298.95
[object Object],HAL,Halliburton Company,NYSE,33.36,stock,common,100.00,1.00,false,0.00,USD,1.99,12702305.00,0.96,27868869987.00,USD,17.47,1.91,-10.68,2.04,Industrial services,america,Industrial Services,Buy,Buy,1.99,-5.47,-3.56,-16.18,-3.94,17.71,51.95,66.22,-23.20,2421.73,3.35,2.88,Sell,Sell,StrongSell,Strong sell,Neutral,Neutral,38.68,-1.03,-1.91,-74.82,17.21,23.01,0.00,32.94,0.70,0.43,46339.00,0.86,12702305.00,-11.93,33.18,-0.54,1688556.00,62.63,17.47,0.00,1.23,2.53,10.17,16.21,13.65,34061869987.00,1.52,11.59,8.30,34.35,34.89,37.24,37.66,33.52
[object Object],FRE,Fresenius SE & Co. KGaA,XETR,43.80,stock,common,100.00,1.00,false,0.00,EUR,2.22,810072.00,0.76,27779989901.11,USD,16.78,3.02,248.36,2.40,Health services,germany,Health Services,StrongBuy,Strong buy,2.22,3.91,10.69,7.67,-9.69,-10.72,3.64,-3.96,-34.79,400.76,2.26,2.16,Buy,Buy,StrongBuy,Strong buy,Neutral,Neutral,63.53,1.23,2.48,100.21,81.04,83.47,0.00,42.85,0.00,0.00,45.00,1.14,810072.00,-43.64,43.70,-0.23,516012.00,2.05,16.78,0.07,1.05,1.25,8.10,16.42,11.98,39756221581.11,1.49,15.80,10.40,42.53,41.30,39.83,41.64,45.21
[object Object],DXCM,"DexCom, Inc.",NASDAQ,71.54,stock,common,100.00,1.00,false,0.00,USD,1.50,2844471.00,0.68,27605351577.00,USD,30.60,2.34,75.52,0.00,Health technology,america,Health Technology,StrongBuy,Strong buy,1.50,-8.12,3.68,14.15,-2.07,7.37,-17.33,-37.63,226.52,2268.87,3.36,3.65,Sell,Sell,Sell,Sell,Neutral,Neutral,47.35,-3.42,0.29,-53.59,16.47,32.86,0.00,70.02,-0.65,-0.65,100.00,0.81,2844471.00,-12.88,71.54,0.00,845386.00,-10.08,30.60,0.40,5.76,9.34,15.80,19.70,11.66,26574951577.00,5.52,25.72,20.56,74.17,72.51,71.71,67.86,67.50
[object Object],GEHC,GE Healthcare Technologies Inc.,NASDAQ,60.58,stock,common,100.00,1.00,false,0.00,USD,-2.27,9133992.00,1.67,27557345148.00,USD,14.50,4.18,-12.17,0.23,Health technology,america,Health Technology,Buy,Buy,-2.27,-7.50,-5.43,-12.80,-25.45,-26.64,-21.32,-3.84,-3.84,-3.84,2.46,2.93,StrongSell,Strong sell,StrongSell,Strong sell,Sell,Sell,39.72,-4.12,-1.81,-145.59,15.20,21.10,0.00,62.89,1.45,0.27,8897.00,0.77,9133992.00,104.29,60.88,0.50,904563.00,-17.51,14.50,0.00,1.35,2.58,13.66,18.23,12.12,36079345148.00,1.72,12.85,10.61,62.78,63.71,63.51,66.78,73.24
[object Object],AV.,Aviva plc,LSE,691.00,stock,common,10.00,2.00,false,0.00,GBX,1.08,4433021.00,0.82,27517550629.26,USD,26.07,0.36,13.73,5.69,Finance,uk,Finance,Buy,Buy,1.08,5.21,7.80,9.47,5.92,0.76,8.14,79.95,36.48,-47.43,1.47,2.05,Buy,Buy,StrongBuy,Strong buy,Buy,Buy,69.87,29.60,29.09,150.49,93.75,92.34,0.00,0.00,0.00,0.00,0.00,0.41,4433021.00,-19.58,691.00,0.00,1872869.00,3.86,26.07,1.88,0.44,2.17,0.00,0.00,0.00,39110050429.26,0.50,0.00,0.00,671.60,657.65,641.69,634.29,646.81
[object Object],NESTE,Neste Corporation,OMXHEX,31.43,stock,common,100.00,1.00,false,0.00,EUR,-6.43,4101813.00,3.18,27457603268.74,USD,15.96,2.25,0.00,0.64,Energy minerals,finland,Energy Minerals,Buy,Buy,-6.43,-0.06,16.02,17.06,50.45,61.68,127.75,-43.08,205.34,478.47,3.79,3.42,Buy,Buy,StrongBuy,Strong buy,Neutral,Neutral,56.98,1.75,3.91,29.76,81.44,88.67,0.00,0.00,0.00,0.00,0.00,-4.08,4101813.00,113.09,0.00,0.00,0.00,146.81,15.96,0.00,1.26,2.85,10.73,17.04,22.38,31567607548.74,1.34,13.11,9.11,32.12,29.09,28.89,27.82,23.33
[object Object],OTIS,Otis Worldwide Corporation,NYSE,71.93,stock,common,100.00,1.00,false,0.00,USD,1.64,3526859.00,0.79,27381545889.00,USD,18.47,3.90,2.98,2.36,Industrial services,america,Industrial Services,Buy,Buy,1.64,-4.75,0.04,-8.97,-20.21,-17.53,-18.88,-20.02,79.83,79.83,2.29,2.44,Sell,Sell,StrongSell,Strong sell,Neutral,Neutral,48.05,-1.16,-0.53,-68.26,24.79,24.98,0.00,70.83,0.08,0.03,379.00,0.59,3526859.00,-15.00,71.08,-1.18,563591.00,-27.78,18.47,6.09,1.82,0.00,14.74,16.11,32.49,35672545889.00,2.39,15.31,14.26,72.52,72.45,71.91,76.00,82.80
[object Object],PPL,PPL Corporation,NYSE,36.22,stock,common,100.00,1.00,false,0.00,USD,-0.06,13418611.00,2.24,27250132509.00,USD,22.27,1.63,21.43,3.08,Utilities,america,Utilities,Buy,Buy,-0.06,-1.28,-0.71,-6.02,-1.04,3.49,-1.07,28.17,-3.80,438.42,1.89,1.95,Buy,Buy,Buy,Buy,Neutral,Neutral,52.01,0.44,-0.21,8.83,55.19,40.30,0.00,0.00,0.00,0.00,0.00,0.47,13418611.00,192.14,36.25,0.08,5223785.00,1.40,22.27,1.04,2.95,1.81,10.26,0.00,21.92,46237132509.00,4.96,21.08,12.62,35.95,36.08,35.83,36.98,36.57
[object Object],DOV,Dover Corporation,NYSE,202.20,stock,common,100.00,1.00,false,0.00,USD,2.22,2321932.00,1.96,27232340388.00,USD,24.34,8.31,-49.91,1.03,Producer manufacturing,america,Producer Manufacturing,Buy,Buy,2.22,-5.62,-9.86,-11.63,-3.21,3.60,3.68,23.31,252.84,33427.33,3.04,2.69,Sell,Sell,StrongSell,Strong sell,Neutral,Neutral,38.50,-13.13,-9.92,-181.71,36.84,32.67,0.00,199.00,0.61,0.61,1825.00,1.49,2321932.00,-43.32,202.20,0.00,260334.00,11.73,24.34,0.00,3.18,3.55,19.71,23.39,15.61,28736357388.00,3.41,18.86,15.00,210.80,217.06,215.27,215.45,205.73
[object Object],FISV,"Fiserv, Inc.",NASDAQ,51.02,stock,common,100.00,1.00,false,0.00,USD,2.10,5261068.00,0.86,27206620769.00,USD,8.65,5.89,4.27,0.00,Commercial services,america,Commercial Services,Neutral,Neutral,2.10,-0.82,7.50,-16.95,-23.75,-24.45,-64.40,-54.16,-7.44,18312.66,2.76,3.57,Neutral,Neutral,Neutral,Neutral,Buy,Buy,49.72,0.57,-0.03,10.31,15.70,19.31,0.00,50.19,0.44,0.10,10087.00,0.52,5261068.00,-2.15,51.00,-0.04,695447.00,-70.03,8.65,1.98,1.27,1.04,4.51,6.55,32.95,55703620769.00,2.64,10.78,6.65,50.69,50.20,52.28,55.54,64.80
[object Object],JBHT,"J.B. Hunt Transport Services, Inc.",NASDAQ,288.30,stock,common,100.00,1.00,false,0.00,USD,-0.37,593470.00,0.48,27186458775.00,USD,40.87,7.05,28.18,0.62,Transportation,america,Transportation,Buy,Buy,-0.37,-2.73,6.56,13.63,36.84,48.28,92.62,72.50,247.43,18600.45,2.16,3.05,Buy,Buy,StrongBuy,Strong buy,Buy,Buy,54.67,8.34,7.86,48.30,67.76,71.85,0.00,289.41,0.01,0.01,399.00,0.00,593470.00,-43.39,288.30,0.00,116586.00,90.67,40.87,1.46,2.16,7.40,17.16,24.89,6576.73,28327633775.00,2.23,29.39,16.84,288.37,282.51,277.52,251.70,221.06
[object Object],AVB,"AvalonBay Communities, Inc.",NYSE,189.61,stock,common,100.00,1.00,false,0.00,USD,-0.62,711795.00,0.83,26936696383.00,USD,26.08,7.27,-10.57,3.72,Finance,america,Finance,Neutral,Neutral,-0.62,-3.01,3.76,9.51,8.12,4.77,-6.67,-16.16,2.17,808.31,1.41,1.90,Neutral,Neutral,Buy,Buy,Sell,Sell,49.79,-2.23,2.24,-72.22,15.15,19.21,engulfing_bearish,190.80,0.00,0.00,200.00,0.58,711795.00,-25.13,189.61,0.00,115300.00,-5.19,26.08,0.00,8.75,0.00,0.00,0.00,109.27,35715358383.00,11.54,40.11,19.62,191.78,188.77,187.38,180.16,179.91
[object Object],BAMI,Banco BPM SpA,MIL,15.66,stock,common,1000.00,5.00,false,0.00,EUR,2.05,3728903.00,1.00,26926895374.80,USD,11.31,1.63,8.52,6.39,Finance,italy,Finance,Neutral,Neutral,2.05,1.69,0.06,28.52,24.43,20.28,54.13,503.00,546.57,-72.10,2.08,1.74,Buy,Buy,StrongBuy,Strong buy,Neutral,Neutral,59.78,0.02,0.32,58.33,61.67,69.14,0.00,0.00,0.00,0.00,0.00,0.29,3728903.00,0.70,15.66,0.00,311.00,48.67,11.31,1.30,3.31,1.52,4.83,4.92,0.00,58134735753.32,5.30,0.00,0.00,15.55,15.43,14.63,13.43,13.01
[object Object],ML,Cie Generale des Etablissements Michelin SA,EURONEXT,34.41,stock,common,100.00,1.00,false,0.00,EUR,-0.32,2719577.00,1.87,26915278852.11,USD,14.76,2.74,-11.21,4.01,Consumer durables,france,Consumer Durables,Neutral,Neutral,-0.32,-1.88,5.42,8.58,10.75,21.20,4.30,0.61,56.16,367.35,1.66,1.71,Neutral,Neutral,Buy,Buy,Neutral,Neutral,52.49,-0.46,0.85,-37.34,40.04,51.04,spinning_top_white,0.00,0.00,0.00,0.00,-0.46,2719577.00,-3.13,34.41,0.00,1702805.00,6.23,14.76,0.00,0.95,1.31,6.41,12.00,5.88,29721639372.11,0.97,9.69,5.45,34.76,34.22,33.17,31.91,30.77
[object Object],MTD,Mettler-Toledo International Inc.,NYSE,1327.18,stock,common,100.00,1.00,false,0.00,USD,-0.35,187720.00,1.17,26819125707.00,USD,31.13,42.64,6.35,0.00,Health technology,america,Health Technology,Buy,Buy,-0.35,1.15,12.86,5.26,-7.42,-5.12,5.49,-9.69,242.40,9337.72,3.20,2.77,Buy,Buy,StrongBuy,Strong buy,Sell,Sell,60.92,31.01,59.45,117.16,76.56,65.60,0.00,0.00,0.00,0.00,0.00,0.19,187720.00,-41.04,1327.18,0.00,27404.00,7.56,31.13,4.92,6.62,0.00,29.95,34.00,445.61,28987189707.00,7.09,25.75,23.11,1309.29,1251.55,1197.58,1227.78,1316.47
[object Object],WSM,"Williams-Sonoma, Inc.",NYSE,226.74,stock,common,100.00,1.00,false,0.00,USD,3.72,750939.00,0.82,26697867576.00,USD,25.38,8.93,1.13,1.21,Retail trade,america,Retail Trade,Buy,Buy,3.72,0.28,-0.50,18.58,8.94,24.12,24.58,191.35,749.21,43627.33,2.77,2.90,Buy,Buy,StrongBuy,Strong buy,Neutral,Neutral,55.62,4.99,-1.69,-15.73,42.83,36.98,0.00,0.00,0.00,0.00,0.00,-0.43,750939.00,-2.22,226.74,0.00,152354.00,28.33,25.38,21.59,3.33,14.28,20.12,24.89,41.72,27539830576.00,3.49,19.41,16.70,222.88,225.73,213.03,199.48,197.31
[object Object],KOG,Kongsberg Gruppen ASA,OSL,289.80,stock,common,10.00,1.00,false,0.00,NOK,-0.69,819519.00,0.52,26507648428.89,USD,34.74,0.84,9.29,1.97,Producer manufacturing,norway,Producer Manufacturing,Buy,Buy,-0.69,6.43,-1.80,-11.08,-7.71,11.10,-6.97,484.27,1256.02,5194.95,2.32,3.45,Sell,Sell,StrongSell,Strong sell,Neutral,Neutral,47.03,-9.70,-13.85,-27.50,27.50,20.31,0.00,0.00,0.00,0.00,0.00,-0.27,819519.00,-42.89,289.80,0.00,384768.00,-13.56,34.74,3.77,6.15,20.67,27.88,37.43,52.46,26410833738.89,6.27,38.80,31.90,280.09,295.61,301.75,337.64,315.85
[object Object],VRSK,"Verisk Analytics, Inc.",NASDAQ,201.34,stock,common,100.00,1.00,false,0.00,USD,4.23,1361383.00,0.87,26379938917.00,USD,30.66,6.57,-3.85,0.94,Technology services,america,Technology Services,Buy,Buy,4.23,-1.17,14.52,14.23,-7.29,-9.28,-32.30,7.35,134.88,645.70,3.27,3.37,StrongBuy,Strong buy,StrongBuy,Strong buy,Buy,Buy,62.59,15.95,10.62,98.77,55.79,55.89,0.00,193.16,-0.01,-0.01,150.00,0.95,1361383.00,-5.86,201.20,-0.07,169837.00,-37.74,30.66,0.00,8.42,0.00,19.70,24.15,51.84,30480738917.00,9.83,21.84,17.68,196.22,186.44,181.37,184.09,200.14
[object Object],HBAN,Helvetia Baloise Holding AG,SIX,216.60,stock,common,10.00,2.00,false,0.00,CHF,0.46,118473.00,0.94,26357565911.47,USD,26.15,10.45,-9.14,3.55,Finance,switzerland,Finance,Buy,Buy,0.46,1.59,4.03,-0.82,10.74,3.64,9.28,9.28,9.28,9.28,1.46,1.31,Buy,Buy,StrongBuy,Strong buy,Buy,Buy,61.92,2.60,5.68,140.28,70.07,77.10,0.00,0.00,0.00,0.00,0.00,0.28,118473.00,6.50,216.60,0.00,43616.00,105.77,26.15,0.00,1.87,1.65,17.87,18.63,0.00,34307201111.47,2.38,0.00,0.00,214.36,211.27,208.98,207.57,0.00
[object Object],AM,Dassault Aviation SA,EURONEXT,299.20,stock,common,10.00,2.00,false,0.00,EUR,-1.77,60531.00,1.13,26344597756.15,USD,23.17,14.75,29.17,1.60,Electronic technology,france,Electronic Technology,Buy,Buy,-1.77,7.39,1.98,-1.58,-6.67,9.84,12.48,200.40,230.61,12015.53,2.76,2.72,Buy,Buy,StrongBuy,Strong buy,Neutral,Neutral,55.47,12.20,-0.36,67.60,48.51,34.55,0.00,0.00,0.00,0.00,0.00,-0.20,60531.00,-51.48,299.20,0.00,44249.00,-4.30,23.17,0.81,2.70,3.52,15.86,17.35,2.29,15073683990.27,1.51,17.21,13.53,287.00,293.27,293.18,305.90,300.69
[object Object],RF,Regions Financial Corporation,NYSE,30.86,stock,common,100.00,1.00,false,0.00,USD,0.65,7521951.00,0.61,26335294287.00,USD,12.55,2.46,14.60,3.43,Finance,america,Finance,Neutral,Neutral,0.65,-3.32,5.29,8.89,9.74,13.92,16.54,59.98,242.51,1138.22,1.67,2.18,Buy,Buy,StrongBuy,Strong buy,Neutral,Neutral,55.18,-0.16,0.86,7.77,42.58,43.99,0.00,0.00,0.00,0.00,0.00,0.20,7521951.00,-24.81,30.84,-0.06,1158259.00,15.52,12.55,0.85,3.48,1.51,0.00,0.00,0.00,32226294287.00,3.39,0.00,0.00,31.18,30.22,29.22,28.12,27.49
[object Object],AWK,"American Water Works Company, Inc.",NYSE,134.66,stock,common,100.00,1.00,false,0.00,USD,0.19,1467977.00,0.86,26296475212.00,USD,23.83,5.65,2.89,2.51,Utilities,america,Utilities,Neutral,Neutral,0.19,-1.21,5.25,0.25,2.36,3.40,-5.12,-19.12,62.32,553.69,1.93,2.38,StrongBuy,Strong buy,StrongBuy,Strong buy,Buy,Buy,57.70,3.97,3.41,92.37,56.49,48.26,0.00,0.00,0.00,0.00,0.00,0.65,1467977.00,-27.32,134.66,0.00,281323.00,-5.33,23.83,8.24,5.04,2.38,12.92,0.00,129.99,41795475212.00,8.03,21.95,14.83,132.98,130.80,128.10,130.94,131.45
[object Object],VWS,Vestas Wind Systems A/S,OMXCOP,173.55,stock,common,100.00,5.00,false,0.00,DKK,-1.64,928745.00,0.63,26203071209.77,USD,27.27,0.98,50.67,0.43,Producer manufacturing,denmark,Producer Manufacturing,Buy,Buy,-1.64,-1.50,-2.72,-8.75,-4.33,-2.20,36.92,-26.15,90.30,223.06,3.24,3.17,Sell,Sell,StrongSell,Strong sell,Neutral,Neutral,43.27,-1.80,0.21,-113.05,24.00,30.71,0.00,0.00,0.00,0.00,0.00,-1.11,928745.00,-23.51,0.00,0.00,0.00,45.07,27.27,0.55,1.21,5.87,11.62,18.84,5.25,25713044044.34,1.16,20.08,10.17,177.79,178.12,179.76,179.08,168.86
[object Object],LISP,Chocoladefabriken Lindt & Spruengli AG Partizipsch.,SIX,9230.00,stock,preferred,1.00,5.00,false,0.00,CHF,0.87,2299.00,0.76,25938495893.09,USD,29.03,393.32,14.88,1.95,Consumer non-durables,switzerland,Consumer Non-Durables,Sell,Sell,0.87,-5.14,-3.75,-6.53,-15.78,-20.77,-26.45,-4.15,59.14,1086.38,3.40,2.69,Sell,Sell,StrongSell,Strong sell,Buy,Buy,44.13,-20.00,7.94,-139.31,20.82,29.27,0.00,0.00,0.00,0.00,0.00,0.38,2299.00,-27.80,9230.00,0.00,879.00,-28.38,29.03,1.93,3.56,4.82,20.37,27.29,51.52,27695547893.09,3.80,23.03,17.42,9431.00,9417.17,9350.00,9943.20,10978.30
[object Object],CPRT,"Copart, Inc.",NASDAQ,27.94,stock,common,100.00,1.00,false,0.00,USD,2.72,10441489.00,0.96,25867174459.00,USD,17.41,1.61,6.09,0.00,Retail trade,america,Retail Trade,Buy,Buy,2.72,-2.48,-6.30,-16.80,-32.09,-28.62,-40.17,-23.56,344.64,19768.30,2.17,3.47,Sell,Sell,StrongSell,Strong sell,Buy,Buy,44.01,0.43,-1.92,-44.05,18.66,12.42,0.00,27.30,0.37,0.18,3326.00,0.37,10441489.00,-10.88,27.99,0.18,1988377.00,-42.51,17.41,2.78,5.53,2.95,15.63,19.67,6.27,21777759459.00,4.69,12.84,11.35,27.51,28.86,30.25,32.06,36.23
[object Object],DG,Dollar General Corporation,NYSE,117.23,stock,common,100.00,1.00,false,0.00,USD,1.80,1655017.00,0.62,25859372478.00,USD,16.57,7.07,34.89,2.01,Retail trade,america,Retail Trade,Neutral,Neutral,1.80,-8.02,1.89,-4.14,-19.28,-11.71,7.13,-48.72,22.99,432.86,3.10,3.29,Sell,Sell,StrongSell,Strong sell,Neutral,Neutral,48.69,-1.69,4.63,-43.29,24.95,38.69,0.00,115.26,0.09,2.00,1489.00,0.49,1655017.00,-38.94,117.26,0.03,363043.00,14.49,16.57,0.47,0.59,2.92,7.41,11.80,19.20,40304660478.00,0.94,17.79,12.10,121.84,117.67,112.95,118.57,122.58
[object Object],PPG,"PPG Industries, Inc.",NYSE,116.00,stock,common,100.00,1.00,false,0.00,USD,1.98,2180348.00,1.50,25856399292.00,USD,16.62,6.98,18.23,2.45,Process industries,america,Process Industries,Buy,Buy,1.98,-3.51,-2.65,5.23,2.40,12.59,0.15,-29.36,8.18,8400.72,2.53,2.76,Buy,Buy,Buy,Buy,Neutral,Neutral,48.54,-0.76,-2.43,-59.60,22.25,23.23,0.00,0.00,0.00,0.00,0.00,-0.05,2180348.00,-14.69,116.00,0.00,320947.00,1.20,16.62,0.89,1.58,3.19,13.07,21.21,16.03,32112399292.00,1.99,14.63,11.67,115.84,118.61,114.99,111.13,109.15
[object Object],A5G,AIB Group PLC,EURONEXT,10.81,stock,common,1000.00,5.00,false,0.00,EUR,1.64,6143309.00,1.73,25691511532.81,USD,11.53,1.10,1.42,5.42,Finance,ireland,Finance,Buy,Buy,1.64,3.49,1.64,15.99,16.35,18.52,60.34,481.45,66.38,-45.92,2.90,2.09,Buy,Buy,StrongBuy,Strong buy,Neutral,Neutral,61.57,0.39,0.25,143.08,78.70,82.92,0.00,0.00,0.00,0.00,0.00,-1.27,6143309.00,111.38,10.81,0.00,1676247.00,52.57,11.53,8.01,4.99,1.73,6.19,6.29,0.00,-5614139667.19,0.00,0.00,0.00,10.57,10.47,10.30,9.80,9.28
[object Object],HUBB,Hubbell Incorporated,NYSE,486.09,stock,common,100.00,1.00,false,0.00,USD,-0.47,470412.00,1.12,25685859578.00,USD,28.72,16.92,14.46,1.15,Producer manufacturing,america,Producer Manufacturing,Buy,Buy,-0.47,3.11,-3.97,-13.12,0.03,8.57,11.74,148.64,361.93,28362.23,2.66,3.17,Sell,Sell,Sell,Sell,Sell,Sell,48.37,-4.85,-8.53,-18.38,51.84,39.76,spinning_top_black,0.00,0.00,0.00,0.00,-0.24,470412.00,-5.30,486.09,0.00,79297.00,12.44,28.72,1.99,4.34,6.87,24.01,28.49,50.12,27918259578.00,4.66,22.03,18.78,482.78,495.53,487.66,496.70,479.38
[object Object],PHIA,Koninklijke Philips N.V.,EURONEXT,23.16,stock,common,100.00,1.00,false,0.00,EUR,0.74,972285.00,0.66,25607746235.18,USD,23.01,1.16,0.00,3.67,Health services,netherlands,Health Services,Buy,Buy,0.74,-2.89,-1.19,-1.57,-8.42,0.04,5.80,-37.63,7.94,374.74,1.87,2.20,Sell,Sell,StrongSell,Strong sell,Neutral,Neutral,44.15,-0.90,-0.34,-124.01,15.37,17.50,0.00,0.00,0.00,0.00,0.00,-0.09,972285.00,-31.16,23.16,0.00,670908.00,14.06,23.01,0.00,1.26,1.94,9.78,11.18,8.65,31899590595.18,1.57,16.68,9.97,23.47,23.71,23.31,23.53,24.01
[object Object],IAG,International Consolidated Airlines Group SA,LSE,434.20,stock,common,10.00,1.00,false,0.00,GBX,2.79,8768194.00,0.83,25491868273.86,USD,7.26,0.81,36.48,1.59,Transportation,uk,Transportation,Buy,Buy,2.79,-2.58,-7.28,15.08,1.90,4.85,14.75,158.79,57.55,45.54,2.47,2.32,Neutral,Neutral,Sell,Sell,Buy,Buy,42.60,-36.70,-19.47,-124.71,8.90,8.72,0.00,0.00,0.00,0.00,0.00,0.38,8768194.00,-35.28,434.20,0.00,2181989.00,10.75,7.26,0.19,0.74,2.99,3.77,7.89,2.98,32413579655.92,0.85,5.72,3.66,444.22,461.10,440.59,407.42,409.57
[object Object],ECHO,EchoStar Corporation Class A,NASDAQ,87.88,stock,common,100.00,1.00,false,0.00,USD,-3.97,5888292.00,1.14,25468807879.00,USD,0.00,-50.12,-6044.89,0.00,Communications,america,Communications,Buy,Buy,-3.97,-3.21,-13.13,-28.01,-31.17,-19.14,193.03,291.80,177.24,623.24,4.25,4.78,StrongSell,Strong sell,StrongSell,Strong sell,Neutral,Neutral,33.54,-8.12,-11.04,-145.66,13.89,19.61,0.00,90.91,-0.66,-0.43,2228.00,-0.71,5888292.00,-14.42,87.04,-0.96,349612.00,224.29,0.00,-0.00,1.79,4.51,0.00,0.00,16.75,53284869879.00,3.60,164.62,33.57,92.43,100.73,111.25,115.35,105.46
[object Object],EQR,Equity Residential,NYSE,67.86,stock,common,100.00,1.00,false,0.00,USD,-0.62,5065491.00,1.84,25442117900.00,USD,29.87,2.27,-13.06,4.11,Finance,america,Finance,Buy,Buy,-0.62,-3.39,2.96,8.30,11.41,8.89,-0.70,-19.74,-3.72,389.08,1.50,1.84,Neutral,Neutral,Neutral,Neutral,Neutral,Neutral,48.69,-0.83,0.61,-86.40,9.44,12.60,0.00,0.00,0.00,0.00,0.00,0.23,5065491.00,-4.16,67.86,0.00,655678.00,1.37,29.87,0.00,8.30,2.42,0.00,0.00,715.56,34359966900.00,10.88,37.76,17.93,68.72,67.82,67.21,64.51,63.11
[object Object],SW,Smurfit Westrock PLC,NYSE,48.56,stock,common,100.00,1.00,false,0.00,USD,11.10,8935958.00,2.14,25388641167.00,USD,67.67,0.72,-41.26,3.64,Process industries,america,Process Industries,StrongBuy,Strong buy,11.10,8.39,8.66,20.65,17.38,25.03,1.97,0.31,13.40,-5.94,5.67,4.22,StrongBuy,Strong buy,StrongBuy,Strong buy,Buy,Buy,64.90,4.33,0.16,145.74,71.53,55.74,marubozu_white_bullish,43.21,-1.14,0.34,3010.00,-0.37,8935958.00,111.27,48.21,-0.72,1202454.00,-0.78,67.67,0.00,0.74,1.41,7.37,24.11,37.90,38994641167.08,1.25,20.24,8.47,44.17,44.61,42.67,41.67,41.09
[object Object],VRSN,"VeriSign, Inc.",NASDAQ,280.00,stock,common,100.00,1.00,false,0.00,USD,7.04,2091413.00,2.91,25284000854.00,USD,30.39,9.21,9.96,1.13,Technology services,america,Technology Services,Neutral,Neutral,7.04,2.34,13.48,1.25,11.28,15.19,-3.11,26.64,235.69,5363.41,4.63,3.08,StrongBuy,Strong buy,StrongBuy,Strong buy,Buy,Buy,59.16,9.89,0.89,70.20,52.90,48.30,0.00,0.00,0.00,0.00,0.00,0.86,2091413.00,88.18,280.00,0.00,131897.00,-4.55,30.39,2.85,13.95,0.00,23.16,23.93,24.67,26590200854.00,15.57,22.94,22.42,271.05,264.99,277.63,268.63,256.42
[object Object],PUB,Publicis Groupe SA,EURONEXT,88.42,stock,common,100.00,2.00,false,0.00,EUR,2.60,355857.00,0.55,25228084038.10,USD,13.76,7.34,-4.76,4.07,Commercial services,france,Commercial Services,StrongBuy,Strong buy,2.60,-2.56,0.00,14.39,1.40,-0.70,4.42,61.06,34.13,1163.14,2.62,2.68,StrongBuy,Strong buy,StrongBuy,Strong buy,Neutral,Neutral,53.68,1.26,-0.56,43.61,35.18,33.80,marubozu_white_bullish,0.00,0.00,0.00,0.00,-0.05,355857.00,-16.22,88.42,0.00,213977.00,4.28,13.76,0.00,1.23,2.10,8.22,8.97,10.54,28992270078.10,1.44,9.70,7.56,87.81,87.66,86.74,81.21,82.47
[object Object],DGX,Quest Diagnostics Incorporated,NYSE,227.86,stock,common,100.00,1.00,false,0.00,USD,-0.02,1542112.00,1.25,25149673804.00,USD,24.17,9.43,12.73,1.43,Health services,america,Health Services,Buy,Buy,-0.02,8.02,14.84,13.94,25.24,31.48,32.07,63.67,169.15,5976.27,4.07,2.81,StrongBuy,Strong buy,StrongBuy,Strong buy,Neutral,Neutral,72.10,20.42,8.99,232.85,64.89,51.74,doji,227.99,0.04,0.04,340.00,0.04,1542112.00,-58.97,227.86,0.00,209412.00,24.95,24.17,1.90,2.21,3.33,13.41,18.92,40.77,31289673804.00,2.71,18.59,13.83,211.53,207.80,202.43,199.45,192.75
[object Object],BT.A,BT Group plc,LSE,193.00,stock,common,100.00,5.00,false,0.00,GBX,-0.41,11766468.00,0.76,25029956940.53,USD,17.80,0.14,2.46,4.25,Communications,uk,Communications,Neutral,Neutral,-0.41,-0.36,-1.81,-12.17,2.93,4.61,-3.21,5.35,-50.44,-87.15,2.38,2.27,Sell,Sell,StrongSell,Strong sell,Sell,Sell,46.62,2.95,-0.35,2.56,58.47,59.86,0.00,0.00,0.00,0.00,0.00,-0.62,11766468.00,-37.67,193.00,0.00,6834534.00,0.01,17.80,7.28,0.99,1.51,3.18,20.56,9.14,52452802740.53,2.02,11.75,4.82,195.34,193.43,201.26,208.68,197.89
[object Object],FRES,Fresnillo PLC,LSE,2546.00,stock,common,1.00,1.00,false,0.00,GBX,1.96,471332.00,0.55,24978807106.16,USD,17.99,1.91,844.36,3.75,Non-energy minerals,uk,Non-Energy Minerals,Neutral,Neutral,1.96,5.69,-10.38,-23.61,-37.75,-24.54,74.15,241.47,42.55,380.38,4.61,4.06,Sell,Sell,StrongSell,Strong sell,Buy,Buy,41.99,-90.00,-252.92,-62.58,33.40,31.02,0.00,0.00,0.00,0.00,0.00,-0.12,471332.00,-74.94,2546.00,0.00,263619.00,69.00,17.99,0.02,5.38,5.45,10.72,12.93,9.15,23529951306.00,5.11,10.34,8.40,2529.20,2767.13,2923.86,3195.31,3153.32
[object Object],TROW,"T. Rowe Price Group, Inc.",NASDAQ,116.50,stock,common,100.00,1.00,false,0.00,USD,1.35,1432835.00,0.79,24962060860.00,USD,12.49,9.33,5.88,4.41,Finance,america,Finance,Sell,Sell,1.35,-1.04,9.85,17.09,9.02,13.69,8.52,-43.56,57.14,14377.66,1.65,2.53,Buy,Buy,StrongBuy,Strong buy,Neutral,Neutral,55.83,-2.05,3.42,-16.16,34.03,39.36,0.00,115.40,0.39,0.39,100.00,0.48,1432835.00,37.09,116.50,0.00,560224.00,7.90,12.49,2.10,3.38,2.32,8.59,9.40,6.80,22789660860.00,3.08,8.58,7.43,116.61,113.62,109.74,102.09,102.19
[object Object],EXO,EXOR N.V.,EURONEXT,68.10,stock,common,100.00,5.00,false,0.00,EUR,0.44,83133.00,0.59,24807513090.31,USD,0.00,0.00,0.00,0.72,Finance,netherlands,Finance,StrongBuy,Strong buy,0.44,-1.73,5.75,-0.07,-3.75,-6.58,-25.45,0.15,0.15,0.15,1.95,2.08,Sell,Sell,Sell,Sell,Neutral,Neutral,50.58,-0.45,0.86,-33.45,46.08,46.08,0.00,0.00,0.00,0.00,0.00,0.00,83133.00,-33.76,68.10,0.00,53950.00,-24.94,0.00,0.00,0.00,0.45,0.00,0.00,14.33,27885750450.31,0.00,0.00,0.00,68.60,67.66,67.14,67.47,70.20
[object Object],KEY,KeyCorp,NYSE,22.65,stock,common,100.00,1.00,false,0.00,USD,-0.31,8061568.00,0.68,24447699564.00,USD,13.17,1.72,0.00,3.62,Finance,america,Finance,Buy,Buy,-0.31,-4.39,-1.95,2.58,5.50,9.79,20.48,18.22,92.44,1229.91,1.94,2.01,Neutral,Neutral,Neutral,Neutral,Neutral,Neutral,45.53,-0.65,0.03,-145.80,21.38,29.84,0.00,0.00,0.00,0.00,0.00,-0.09,8061568.00,-33.35,22.57,-0.34,1218702.00,25.37,13.17,0.00,3.18,1.40,0.00,0.00,0.00,39888699564.00,3.59,0.00,0.00,23.23,23.06,22.38,21.58,20.70
[object Object],LH,Labcorp Holdings Inc.,NYSE,296.77,stock,common,100.00,1.00,false,0.00,USD,1.98,916285.00,1.22,24335139099.00,USD,26.30,11.29,30.19,0.97,Health services,america,Health Services,Buy,Buy,1.98,5.07,13.55,12.02,10.25,18.09,11.30,22.14,148.98,1317.25,2.51,2.78,StrongBuy,Strong buy,StrongBuy,Strong buy,Buy,Buy,71.17,19.96,12.00,203.48,80.23,70.76,0.00,291.53,0.18,-0.01,691.00,0.38,916285.00,-39.16,296.77,0.00,125096.00,13.95,26.30,0.85,1.71,2.80,13.57,17.78,25.08,30611539099.00,2.16,19.49,13.55,281.98,274.78,268.51,267.29,267.47
[object Object],L,Loews Corporation,NYSE,117.90,stock,common,100.00,1.00,false,0.00,USD,1.96,641244.00,0.86,24260150691.00,USD,14.98,7.87,29.32,0.21,Finance,america,Finance,NoRating,No rating,1.96,1.97,6.24,5.44,15.29,12.29,28.59,120.17,185.47,59625.54,1.70,1.90,StrongBuy,Strong buy,StrongBuy,Strong buy,Buy,Buy,67.07,2.91,2.70,130.30,60.32,49.15,0.00,0.00,0.00,0.00,0.00,-1.01,641244.00,44.05,117.90,0.00,184151.00,21.57,14.98,0.50,1.29,1.30,7.02,8.74,0.00,34081150691.00,1.84,0.00,0.00,114.92,112.92,110.33,109.42,107.05
[object Object],ALFA,Alfa Laval AB,OMXSTO,574.60,stock,common,10.00,2.00,false,0.00,SEK,-0.38,303762.00,0.57,24248473915.98,USD,28.98,2.04,2.11,1.57,Producer manufacturing,sweden,Producer Manufacturing,Buy,Buy,-0.38,2.50,4.74,5.82,12.67,23.44,33.32,67.82,335.30,2281.76,2.50,2.07,Buy,Buy,StrongBuy,Strong buy,Neutral,Neutral,58.15,14.60,9.24,68.19,70.75,57.30,0.00,0.00,0.00,0.00,0.00,0.03,303762.00,-35.79,0.00,0.00,0.00,31.92,28.98,13.82,3.39,5.23,27.06,40.34,47.72,25928631515.98,3.58,19.74,16.23,565.44,561.80,551.24,542.31,508.54
[object Object],CPAY,"Corpay, Inc.",NYSE,370.58,stock,common,100.00,1.00,false,0.00,USD,1.58,269434.00,0.58,24221817801.00,USD,22.15,16.73,17.32,0.00,Commercial services,america,Commercial Services,Buy,Buy,1.58,1.14,8.99,18.85,14.11,22.85,7.50,44.38,144.75,1382.32,3.01,3.29,StrongBuy,Strong buy,StrongBuy,Strong buy,Buy,Buy,59.35,16.94,12.32,92.09,71.60,71.78,0.00,364.79,-0.00,-0.00,100.00,0.92,269434.00,-34.43,370.58,0.00,43114.00,2.15,22.15,1.26,5.22,6.98,16.71,19.36,2.88,26119504801.00,5.46,11.97,10.05,364.88,352.79,351.26,331.29,318.32
[object Object],PHM,"PulteGroup, Inc.",NYSE,128.75,stock,common,100.00,1.00,false,0.00,USD,3.27,1960121.00,0.94,24134515190.00,USD,13.15,9.79,-26.81,0.78,Consumer durables,america,Consumer Durables,Buy,Buy,3.27,0.03,-0.72,-1.12,0.95,8.70,8.75,137.63,477.61,79641.61,3.36,3.14,StrongBuy,Strong buy,StrongBuy,Strong buy,Neutral,Neutral,54.22,4.00,-1.92,-18.73,41.94,29.33,0.00,124.66,-0.01,-0.01,250.00,1.18,1960121.00,-29.81,126.17,-2.00,470561.00,12.03,13.15,0.00,1.45,1.86,14.82,15.91,17.82,25185354190.00,1.54,9.86,9.45,125.64,127.85,123.31,122.32,124.02
[object Object],VACN,VAT Group AG,SIX,650.60,stock,common,10.00,2.00,false,0.00,CHF,0.46,67053.00,0.90,23883401161.15,USD,94.10,8.55,-7.14,1.08,Producer manufacturing,switzerland,Producer Manufacturing,Buy,Buy,0.46,-3.61,-4.10,11.79,27.67,62.24,120.02,88.80,926.18,1151.15,4.57,3.64,Neutral,Neutral,Sell,Sell,Buy,Buy,45.71,-30.00,-7.43,-111.59,10.57,26.95,0.00,0.00,0.00,0.00,0.00,-0.46,67053.00,-34.83,650.60,0.00,32010.00,96.00,94.10,0.00,18.92,28.46,73.40,83.53,169.37,24228030601.15,19.06,77.44,64.25,673.50,679.37,652.72,597.85,504.89
[object Object],SRG,Snam S.p.A.,MIL,6.24,stock,common,1000.00,2.00,false,0.00,EUR,-0.06,6228463.00,1.05,23807203225.06,USD,16.51,0.44,0.77,4.84,Utilities,italy,Utilities,Neutral,Neutral,-0.06,1.53,0.87,-8.20,9.62,10.83,22.48,26.37,44.33,213.12,1.26,1.44,Buy,Buy,Buy,Buy,Buy,Buy,50.26,0.07,-0.07,14.86,67.03,57.24,long_lower_shadow_bullish,0.00,0.00,0.00,0.00,0.00,6228463.00,2.37,6.24,0.00,38162.00,22.76,16.51,21.38,5.45,2.54,7.81,81.03,10.28,44891877825.06,9.92,21.20,13.04,6.19,6.26,6.28,6.41,6.07
[object Object],OMV,OMV AG,VIE,63.85,stock,common,100.00,5.00,false,0.00,EUR,-1.47,273532.00,0.74,23751886799.17,USD,8.84,8.34,131.29,6.89,Energy minerals,austria,Energy Minerals,Neutral,Neutral,-1.47,3.82,13.31,8.96,29.57,34.42,36.02,39.72,161.95,560.63,1.62,1.74,Buy,Buy,StrongBuy,Strong buy,Sell,Sell,68.50,3.95,5.03,99.19,93.32,96.79,0.00,0.00,0.00,0.00,0.00,-1.08,273532.00,-23.05,63.85,0.00,142009.00,33.80,8.84,0.07,0.88,1.31,4.50,26.26,5.95,35395950959.17,1.28,9.95,5.70,62.55,58.38,59.71,59.70,54.33
[object Object],SYF,Synchrony Financial,NYSE,72.90,stock,common,100.00,1.00,false,0.00,USD,1.57,3858105.00,0.94,23719535433.00,USD,7.48,9.75,18.48,1.65,Finance,america,Finance,Buy,Buy,1.57,0.07,-2.83,-4.53,-5.39,-12.91,1.25,56.81,159.80,216.96,3.11,3.16,Sell,Sell,StrongSell,Strong sell,Neutral,Neutral,47.76,0.46,-1.61,-52.76,45.60,45.30,0.00,0.00,0.00,0.00,0.00,-0.81,3858105.00,5.73,73.08,0.25,726943.00,-4.97,7.48,0.40,1.26,1.56,2.51,2.51,1.50,25674535433.00,1.35,2.44,2.35,73.19,74.45,73.07,71.96,74.24
[object Object],TRN,Terna S.p.A.,MIL,10.37,stock,common,1000.00,5.00,false,0.00,EUR,0.00,3355726.00,0.95,23692864044.68,USD,18.72,0.65,4.69,3.82,Utilities,italy,Utilities,Neutral,Neutral,0.00,2.22,2.42,1.72,15.68,14.71,22.66,57.22,114.08,471.35,1.26,1.42,Buy,Buy,StrongBuy,Strong buy,Sell,Sell,56.47,0.13,0.05,144.83,94.21,79.84,0.00,0.00,0.00,0.00,0.00,-0.05,3355726.00,-12.51,10.37,0.00,9883.00,21.65,18.72,3.99,5.27,3.49,7.92,0.00,8.11,40386670800.68,8.70,19.96,12.88,10.26,10.24,10.13,10.05,9.62
[object Object],PFG,"Principal Financial Group, Inc.",NASDAQ,109.40,stock,common,100.00,1.00,false,0.00,USD,1.94,1763405.00,1.15,23631755811.00,USD,15.64,6.99,49.94,2.92,Finance,america,Finance,Neutral,Neutral,1.94,-3.22,0.57,8.76,19.59,23.88,35.51,75.97,145.40,433.66,2.23,2.17,Neutral,Neutral,Neutral,Neutral,Neutral,Neutral,48.81,-2.83,-0.58,-68.83,17.93,22.73,0.00,0.00,0.00,0.00,0.00,0.22,1763405.00,-10.59,109.40,0.00,288386.00,35.45,15.64,0.31,1.53,2.00,6.43,6.64,0.00,28155155811.00,1.82,0.00,0.00,111.32,110.51,107.68,100.51,94.15
[object Object],CCH,Coca-Cola HBC AG,LSE,4870.00,stock,common,1.00,2.00,false,0.00,GBX,1.12,271012.00,0.60,23631584169.40,USD,21.96,2.99,16.35,2.13,Consumer non-durables,uk,Consumer Non-Durables,Buy,Buy,1.12,-1.93,4.46,16.95,27.15,26.49,22.30,81.24,209.60,178.29,1.90,2.14,Buy,Buy,Buy,Buy,Neutral,Neutral,51.96,-62.00,84.43,-112.91,23.43,23.13,0.00,0.00,0.00,0.00,0.00,0.21,271012.00,-65.32,4870.00,0.00,128548.00,23.48,21.96,1.33,1.76,5.27,13.56,27.25,7.43,25120089250.62,1.87,16.73,12.61,4915.40,4856.10,4634.98,4488.95,4183.60
[object Object],FDXF,"FedEx Freight Holding Company, Inc.",NYSE,158.00,stock,common,100.00,1.00,false,0.00,USD,2.07,1255548.00,1.04,23621829346.00,USD,0.00,0.00,0.00,0.00,Transportation,america,Transportation,Buy,Buy,2.07,3.61,-6.51,17.04,17.04,17.04,17.04,17.04,17.04,17.04,4.26,5.38,StrongBuy,Strong buy,StrongBuy,Strong buy,Buy,Buy,55.22,8.47,-6.65,140.79,76.08,65.13,0.00,155.00,0.14,-0.51,1185.00,0.23,1255548.00,-13.41,158.00,0.00,171537.00,0.00,0.00,0.00,0.00,0.00,0.00,0.00,6.39,23605829346.00,0.00,0.00,0.00,150.22,155.49,0.00,0.00,0.00
[object Object],BG,Bunge Global SA,NYSE,121.53,stock,common,100.00,1.00,false,0.00,USD,-0.63,602079.00,0.61,23579020937.00,USD,28.28,4.30,-45.54,2.32,Process industries,america,Process Industries,StrongBuy,Strong buy,-0.63,3.58,10.89,-3.85,7.15,36.24,56.01,61.44,95.39,659.56,2.20,2.64,Buy,Buy,StrongBuy,Strong buy,Neutral,Neutral,58.44,7.21,5.23,103.50,85.24,90.86,0.00,0.00,0.00,0.00,0.00,0.84,602079.00,-29.38,121.53,0.00,142882.00,55.27,28.28,0.00,0.30,1.47,37.40,0.00,13.92,39593020937.00,0.49,20.42,14.35,119.45,115.38,119.12,121.56,111.19
[object Object],INDU_C,Industrivarden AB Class C,OMXSTO,531.00,stock,common,10.00,2.00,false,0.00,SEK,1.61,273622.00,0.78,23555239003.72,USD,3.65,14.95,379.35,1.65,Finance,sweden,Finance,Sell,Sell,1.61,2.04,3.79,9.33,22.63,27.74,42.36,62.29,267.22,506.86,1.62,1.93,StrongBuy,Strong buy,StrongBuy,Strong buy,Buy,Buy,57.71,6.40,4.74,58.81,63.39,48.56,marubozu_white_bullish,0.00,0.00,0.00,0.00,-0.08,273622.00,6.52,0.00,0.00,0.00,44.91,3.65,0.01,23.75,1.02,24.86,24.86,58.37,23795174003.72,24.38,3.67,0.00,524.02,520.73,510.70,494.91,457.87
[object Object],HPQ,HP Inc.,NYSE,25.75,stock,common,100.00,1.00,false,0.00,USD,5.06,11631493.00,0.83,23548959656.00,USD,9.50,2.71,4.43,4.62,Technology services,america,Technology Services,Neutral,Neutral,5.06,7.34,9.76,26.60,30.71,14.24,0.12,-9.17,82.62,13246.12,3.69,3.99,StrongBuy,Strong buy,StrongBuy,Strong buy,Buy,Buy,61.67,1.53,0.92,122.20,83.75,80.46,0.00,24.84,1.35,0.16,9061.00,1.06,11631493.00,-8.55,25.75,0.00,1522852.00,-3.49,9.50,2.04,0.39,0.00,5.18,6.30,6.43,30709959656.00,0.53,7.34,5.93,24.65,23.82,23.98,21.77,22.45
[object Object],INCY,Incyte Corporation,NASDAQ,117.67,stock,common,100.00,1.00,false,0.00,USD,0.84,1207106.00,0.82,23508365256.00,USD,16.64,7.07,2088.03,0.00,Health technology,america,Health Technology,Buy,Buy,0.84,1.20,11.50,23.93,12.78,19.77,66.18,49.38,35.88,6175.73,2.80,2.98,Buy,Buy,StrongBuy,Strong buy,Neutral,Neutral,61.76,0.96,6.02,96.46,68.10,66.14,"doji_star_bearish,doji",116.50,-0.16,-0.16,999.00,0.87,1207106.00,26.23,117.00,-0.57,227421.00,78.33,16.64,0.01,4.50,4.18,16.05,16.77,6.06,19531970256.00,3.64,13.47,12.64,116.13,111.97,106.42,100.93,100.30
[object Object],VER,VERBUND AG Class A,VIE,59.20,stock,common,100.00,5.00,false,0.00,EUR,-1.00,142137.00,1.07,23396206776.24,USD,15.10,4.53,-22.84,5.32,Utilities,austria,Utilities,Sell,Sell,-1.00,0.68,7.64,-8.50,-3.35,-4.52,-11.51,-28.42,326.82,327.52,2.01,2.15,Buy,Buy,Buy,Buy,Neutral,Neutral,56.33,1.90,2.14,78.76,86.60,88.95,0.00,0.00,0.00,0.00,0.00,-0.50,142137.00,17.55,59.20,0.00,102507.00,-7.93,15.10,0.00,2.71,1.96,11.22,49.38,186.80,26805246584.24,3.03,12.10,9.13,59.05,57.07,57.93,60.97,61.90
[object Object],DLTR,"Dollar Tree, Inc.",NASDAQ,120.45,stock,common,100.00,1.00,false,0.00,USD,2.38,2667084.00,0.93,23147428907.00,USD,18.82,6.40,0.00,0.00,Retail trade,america,Retail Trade,Neutral,Neutral,2.38,-6.62,4.52,17.47,-5.55,-1.83,4.74,20.34,25.64,10205.86,3.06,3.52,Buy,Buy,Buy,Buy,Neutral,Neutral,50.33,-4.46,3.59,-129.72,12.81,22.30,0.00,118.35,0.59,0.59,370.00,0.53,2667084.00,-27.05,120.12,-0.27,935658.00,5.31,18.82,0.00,1.18,6.64,8.82,15.26,23.60,29733428907.00,1.51,17.84,12.70,124.47,120.21,112.78,108.77,112.50
[object Object],IHG,InterContinental Hotels Group PLC,LSE,156.60,stock,common,100.00,5.00,false,0.00,USD,2.12,240015.00,0.62,23136917317.00,USD,32.19,4.87,26.28,1.17,Consumer services,uk,Consumer Services,Neutral,Neutral,2.12,-1.17,-7.99,9.47,13.68,11.86,36.01,148.07,261.55,1758.61,2.22,2.35,Sell,Sell,Sell,Sell,Neutral,Neutral,41.27,-8.70,-9.82,-92.45,18.33,14.93,marubozu_white_bullish,0.00,0.00,0.00,0.00,-0.29,240015.00,-27.81,156.60,0.00,130958.00,30.81,32.19,1.20,4.51,0.00,26.62,27.48,21.12,26616917317.01,5.13,21.78,19.46,157.64,165.14,161.79,149.96,142.27
[object Object],CHD,"Church & Dwight Co., Inc.",NYSE,97.64,stock,common,100.00,1.00,false,0.00,USD,1.51,1193909.00,0.76,23135173303.00,USD,32.21,3.03,30.08,1.23,Consumer non-durables,america,Consumer Non-Durables,Buy,Buy,1.51,-2.33,0.34,2.34,4.92,16.91,0.16,13.22,94.83,39443.97,1.65,2.15,Buy,Buy,StrongBuy,Strong buy,Neutral,Neutral,51.82,1.28,-0.47,-0.57,40.52,36.87,0.00,0.00,0.00,0.00,0.00,0.27,1193909.00,-21.49,97.00,-0.66,324900.00,-2.33,32.21,1.05,3.69,5.53,19.30,21.79,46.18,25009173303.00,4.03,23.30,19.42,97.14,97.25,96.71,96.21,92.77
[object Object],TEF,Telefonica SA,BME,3.60,stock,common,1000.00,1.00,false,0.00,EUR,0.14,7621906.00,0.74,23106214418.37,USD,0.00,-0.70,-85.34,6.75,Communications,spain,Communications,Neutral,Neutral,0.14,-0.19,-2.47,-6.62,8.24,2.71,-21.03,-3.59,-59.73,-83.51,1.94,2.02,Sell,Sell,Sell,Sell,Sell,Sell,47.30,0.07,-0.06,42.92,64.58,61.42,0.00,0.00,0.00,0.00,0.00,-0.28,7621906.00,-37.46,0.00,0.00,0.00,-19.65,0.00,-0.07,0.58,1.40,2.16,4.44,2.63,66442700178.37,1.64,31.67,6.25,3.60,3.61,3.76,3.76,3.74
[object Object],WST,"West Pharmaceutical Services, Inc.",NYSE,328.20,stock,common,100.00,1.00,false,0.00,USD,-7.67,1508636.00,1.98,23097326256.00,USD,41.96,7.82,17.18,0.27,Health technology,america,Health Technology,StrongBuy,Strong buy,-7.67,-8.93,-2.24,3.86,33.41,19.24,16.44,-13.51,320.88,29484.23,5.14,2.98,Sell,Sell,Sell,Sell,Sell,Sell,36.54,-25.51,9.94,-326.76,27.51,40.20,marubozu_black_bearish,356.00,0.15,0.01,1179.00,-1.04,1508636.00,-16.11,328.20,0.00,201488.00,67.04,41.96,2.65,7.62,7.73,35.34,53.56,53.70,22978026256.00,6.91,31.43,25.18,355.07,348.32,334.74,301.10,283.07
[object Object],CMS,CMS Energy Corporation,NYSE,74.70,stock,common,100.00,1.00,false,0.00,USD,0.74,4168770.00,1.23,23076292145.00,USD,20.67,3.61,6.91,2.98,Utilities,america,Utilities,Buy,Buy,0.74,-0.40,-1.16,-2.33,5.37,6.85,2.33,20.89,64.03,72.22,1.76,2.04,Buy,Buy,Buy,Buy,Neutral,Neutral,50.42,-0.70,-1.23,-34.20,37.39,26.66,0.00,74.15,0.00,0.00,244252.00,0.50,4168770.00,-6.31,74.19,-0.68,659440.00,5.68,20.67,2.97,2.58,2.50,11.82,0.00,87.23,42700292145.00,4.84,24.78,13.99,74.11,75.05,74.04,75.35,74.07
[object Object],BRO,"Brown & Brown, Inc.",NYSE,67.66,stock,common,100.00,1.00,false,0.00,USD,2.92,2664581.00,0.93,22933212465.00,USD,21.79,3.11,-13.44,0.95,Finance,america,Finance,Neutral,Neutral,2.92,-4.12,10.92,0.97,-13.25,-15.18,-34.11,24.35,263.96,37958.27,3.01,2.97,Buy,Buy,StrongBuy,Strong buy,Neutral,Neutral,56.46,0.00,2.74,-19.70,21.98,25.72,0.00,0.00,0.00,0.00,0.00,-0.44,2664581.00,22.80,67.66,0.00,581568.00,-30.54,21.79,0.00,3.46,1.80,15.21,15.98,22.73,30073212465.00,4.70,16.17,13.10,67.77,64.91,61.87,63.68,71.50
[object Object],EXPD,"Expeditors International of Washington, Inc.",NYSE,175.30,stock,common,100.00,1.00,false,0.00,USD,-0.50,760145.00,0.52,22927686837.00,USD,28.32,6.19,2.77,0.90,Transportation,america,Transportation,Neutral,Neutral,-0.50,-2.85,8.50,17.70,9.41,17.54,52.02,34.82,249.06,101892.13,2.07,2.12,Buy,Buy,StrongBuy,Strong buy,Sell,Sell,58.33,3.28,9.71,39.59,64.50,69.07,spinning_top_black,175.50,-0.39,0.01,994.00,-0.32,760145.00,-3.03,175.30,0.00,155238.00,56.34,28.32,10.28,2.11,10.13,24.15,25.53,17.85,22178425837.00,1.98,20.35,19.36,178.11,168.94,165.05,155.61,150.15
[object Object],NN,NN Group N.V.,EURONEXT,79.88,stock,common,100.00,2.00,false,0.00,EUR,0.68,285610.00,0.66,22886014006.78,USD,19.15,4.90,-25.25,4.86,Finance,netherlands,Finance,Buy,Buy,0.68,2.57,5.13,9.60,22.48,21.40,36.45,93.41,230.36,280.38,1.61,1.47,Buy,Buy,StrongBuy,Strong buy,Neutral,Neutral,72.10,3.70,3.26,128.42,85.81,87.94,0.00,0.00,0.00,0.00,0.00,-0.40,285610.00,-36.47,79.88,0.00,143153.00,31.91,19.15,0.00,1.12,1.10,0.00,0.00,0.00,40820784966.78,1.86,0.00,0.00,78.48,76.62,75.21,72.89,68.54
[object Object],HEXA_B,Hexagon AB Class B,OMXSTO,83.36,stock,common,100.00,2.00,false,0.00,SEK,4.72,3779010.00,1.34,22846891052.00,USD,10.30,0.85,96.38,1.81,Electronic technology,sweden,Electronic Technology,Buy,Buy,4.72,4.72,3.42,-19.46,-19.07,-23.56,-21.36,-39.46,77.15,5262.51,2.57,2.69,Buy,Buy,Buy,Buy,Buy,Buy,56.10,1.96,-0.88,111.98,52.09,34.18,"engulfing_bullish,marubozu_white_bullish",0.00,0.00,0.00,0.00,-0.40,3779010.00,26.09,0.00,0.00,0.00,-23.53,10.30,0.10,3.88,1.70,14.00,0.00,10.39,24312608060.03,4.17,0.00,33.90,80.11,80.70,83.68,90.41,99.19
[object Object],AMS,Amadeus IT Group SA Class A,BME,49.73,stock,common,100.00,1.00,false,0.00,EUR,3.09,757505.00,0.94,22822184130.77,USD,16.33,3.52,5.70,2.31,Technology services,spain,Technology Services,Buy,Buy,3.09,-2.26,-4.00,0.44,-13.54,-20.86,-30.54,-12.01,24.73,220.84,2.35,2.59,Sell,Sell,StrongSell,Strong sell,Neutral,Neutral,45.93,-1.01,-1.84,-85.97,16.32,13.52,"engulfing_bullish,marubozu_white_bullish",0.00,0.00,0.00,0.00,-0.41,757505.00,15.83,0.00,0.00,0.00,-34.46,16.33,2.78,3.17,4.37,0.00,0.00,31.67,25869024834.77,3.41,12.59,8.87,49.58,50.87,51.62,51.19,55.92
[object Object],SGSN,SGS SA,SIX,93.38,stock,common,100.00,2.00,false,0.00,CHF,-2.67,557438.00,1.93,22725615684.74,USD,27.52,4.20,2.64,3.43,Commercial services,switzerland,Commercial Services,Buy,Buy,-2.67,-1.71,3.41,10.30,-0.83,3.05,12.83,-20.11,7.28,376.43,1.87,1.38,Neutral,Neutral,Neutral,Neutral,Sell,Sell,48.99,-1.30,1.62,-121.99,68.07,67.70,doji,0.00,0.00,0.00,0.00,-2.61,557438.00,34.15,93.38,0.00,236546.00,16.89,27.52,10.69,2.61,18.32,14.58,18.39,14.08,27660783684.74,3.10,20.70,14.15,94.85,93.47,91.41,89.17,90.27
[object Object],OMC,Omnicom Group Inc,NYSE,79.66,stock,common,100.00,1.00,false,0.00,USD,2.26,2111193.00,0.76,22703594543.00,USD,199.30,0.40,-94.53,3.89,Commercial services,america,Commercial Services,Buy,Buy,2.26,-5.28,9.14,4.40,-0.54,-1.35,2.79,10.03,-3.51,7114.46,2.32,3.30,Buy,Buy,StrongBuy,Strong buy,Neutral,Neutral,52.58,-2.27,2.49,0.94,27.36,39.88,0.00,0.00,0.00,0.00,0.00,1.21,2111193.00,-41.08,79.66,0.00,436486.00,69.21,199.30,0.00,1.18,2.64,7.51,7.97,5.56,30910294543.00,1.56,11.38,9.97,80.86,77.72,76.21,76.84,76.72
[object Object],PKG,Packaging Corporation of America,NYSE,254.39,stock,common,100.00,1.00,false,0.00,USD,8.76,1424156.00,2.02,22665805028.00,USD,33.07,7.69,-23.22,2.06,Process industries,america,Process Industries,Buy,Buy,8.76,9.28,7.98,19.94,16.66,23.52,23.30,90.55,242.01,2019.92,4.72,3.09,StrongBuy,Strong buy,StrongBuy,Strong buy,Buy,Buy,72.07,25.62,1.68,214.89,68.69,48.87,marubozu_white_bullish,233.90,0.00,0.00,200.00,-0.06,1424156.00,9.08,254.39,0.00,167323.00,15.50,33.07,0.00,2.18,0.00,0.00,0.00,33.95,21999005028.00,2.31,18.08,11.04,231.97,232.53,226.77,220.71,216.46
[object Object],VLTO,Veralto Corporation,NYSE,92.02,stock,common,100.00,1.00,false,0.00,USD,0.57,1764220.00,1.11,22600042936.00,USD,23.75,3.88,10.82,0.54,Producer manufacturing,america,Producer Manufacturing,Buy,Buy,0.57,-1.37,8.45,4.04,-9.63,-7.26,-9.78,19.12,19.12,19.12,2.11,2.45,Buy,Buy,StrongBuy,Strong buy,Neutral,Neutral,55.96,-0.68,2.79,8.35,30.14,27.47,spinning_top_white,91.50,0.00,0.00,200.00,0.22,1764220.00,19.30,92.00,-0.02,399592.00,-10.05,23.75,2.18,4.08,7.52,20.81,22.01,16.02,23832042936.00,4.26,18.43,17.32,92.18,89.16,87.49,88.47,93.98
[object Object],EMSN,EMS-CHEMIE HOLDING AG,SIX,789.00,stock,common,10.00,5.00,false,0.00,CHF,0.57,21681.00,1.06,22587625032.48,USD,39.56,25.16,1.24,2.19,Process industries,switzerland,Process Industries,Neutral,Neutral,0.57,4.09,12.71,18.11,28.61,42.93,20.46,-18.37,46.38,667.88,1.90,2.07,Buy,Buy,StrongBuy,Strong buy,Neutral,Neutral,79.12,75.50,58.76,108.76,94.16,95.26,0.00,0.00,0.00,0.00,0.00,0.00,21681.00,-7.56,789.00,0.00,6574.00,19.12,39.56,31.69,9.41,9.95,34.35,36.24,29.59,21868380600.48,8.89,30.58,27.86,768.50,722.07,708.83,675.98,625.52
[object Object],DRI,"Darden Restaurants, Inc.",NYSE,196.31,stock,common,100.00,1.00,false,0.00,USD,1.13,970834.00,0.69,22484366289.00,USD,18.90,10.39,17.07,3.06,Consumer services,america,Consumer Services,Buy,Buy,1.13,-3.10,-6.52,-2.35,-5.67,6.38,-5.12,35.76,213.19,3272.85,2.38,2.89,Sell,Sell,StrongSell,Strong sell,Sell,Sell,43.52,-7.94,-9.41,-80.54,19.64,15.12,0.00,194.11,-0.01,-0.01,200.00,-0.10,970834.00,-17.15,196.31,0.00,145085.00,-7.28,18.90,1.09,1.69,10.14,12.20,20.70,99.36,30267366289.00,2.29,18.82,13.95,196.08,204.04,201.97,200.36,196.20
[object Object],NXT,Next plc,LSE,14785.00,stock,common,1.00,5.00,false,0.00,GBX,0.78,147239.00,0.50,22470546203.08,USD,19.84,10.20,23.13,1.66,Consumer non-durables,uk,Consumer Non-Durables,Buy,Buy,0.78,-1.33,3.07,12.69,10.21,7.92,22.34,83.98,192.19,5767.06,3.21,2.13,Buy,Buy,StrongBuy,Strong buy,Buy,Buy,56.92,145.00,411.59,19.06,39.26,57.94,0.00,0.00,0.00,0.00,0.00,-0.34,147239.00,-83.97,14785.00,0.00,109879.00,18.47,19.84,0.85,2.53,10.89,15.44,17.52,171.45,24899152943.08,2.64,14.19,11.29,14815.50,14583.17,14070.90,13496.35,13542.00
[object Object],NI,NiSource Inc,NYSE,46.68,stock,common,100.00,1.00,false,0.00,USD,-0.15,3839961.00,0.79,22380223846.00,USD,23.23,2.01,8.28,2.49,Utilities,america,Utilities,Buy,Buy,-0.15,0.39,-1.14,-3.31,7.24,11.78,11.43,85.61,79.26,715.73,2.01,1.96,Neutral,Neutral,Neutral,Neutral,Sell,Sell,49.84,-0.22,-0.86,-17.27,56.86,41.74,0.00,0.00,0.00,0.00,0.00,0.49,3839961.00,25.23,46.68,0.00,965397.00,14.51,23.23,2.81,3.30,2.32,10.60,0.00,231.19,41319123846.00,6.06,21.80,13.36,46.24,47.01,46.87,47.02,45.17
[object Object],AKRBP,Aker BP ASA,OSL,340.50,stock,common,10.00,1.00,false,0.00,NOK,-2.01,683944.00,0.63,22379018705.53,USD,15.69,2.19,66.91,7.38,Energy minerals,norway,Energy Minerals,Neutral,Neutral,-2.01,5.84,8.37,-3.29,24.18,32.96,37.13,37.85,212.39,449.92,2.47,2.17,Buy,Buy,StrongBuy,Strong buy,Sell,Sell,62.11,32.00,15.90,136.49,93.79,94.11,0.00,0.00,0.00,0.00,0.00,-1.01,683944.00,-31.59,340.50,0.00,291146.00,33.04,15.69,0.24,1.93,1.86,2.64,21.69,7.79,29518244165.13,2.57,3.83,2.88,329.57,315.75,328.46,332.41,296.92
[object Object],IP,International Paper Company,NYSE,42.16,stock,common,100.00,1.00,false,0.00,USD,11.21,11975298.00,2.28,22324437854.00,USD,0.00,-6.32,-638.71,4.39,Process industries,america,Process Industries,Buy,Buy,11.21,10.25,13.76,26.30,1.30,6.68,-22.07,-23.37,-1.14,485.12,5.53,3.80,StrongBuy,Strong buy,StrongBuy,Strong buy,Buy,Buy,70.09,4.23,0.83,274.36,79.24,54.82,marubozu_white_bullish,0.00,0.00,0.00,0.00,-0.42,11975298.00,168.17,42.19,0.07,1334837.00,-25.17,0.00,0.00,0.81,1.51,8.63,40.54,17.26,32913437854.00,1.32,92.45,10.86,37.64,37.48,35.40,35.49,38.73
[object Object],HEIO,Heineken Holding N.V.,EURONEXT,70.50,stock,common,100.00,5.00,false,0.00,EUR,0.86,87723.00,0.63,22261902439.97,USD,20.00,4.14,91.80,2.70,Consumer non-durables,netherlands,Consumer Non-Durables,Buy,Buy,0.86,-0.56,6.66,16.92,15.20,12.62,4.99,-16.07,-3.60,192.29,1.52,1.64,Buy,Buy,StrongBuy,Strong buy,Neutral,Neutral,61.25,1.55,3.64,64.34,65.93,77.63,0.00,0.00,0.00,0.00,0.00,0.14,87723.00,-28.58,70.50,0.00,46437.00,6.27,20.00,0.22,0.64,2.14,3.69,6.43,3.84,52029572519.97,1.54,13.45,7.51,70.41,67.91,65.67,64.12,63.52
[object Object],RL,Ralph Lauren Corporation Class A,NYSE,373.58,stock,common,100.00,1.00,false,0.00,USD,0.51,315816.00,0.56,22241110950.00,USD,24.72,15.11,30.14,1.00,Consumer non-durables,america,Consumer Non-Durables,Buy,Buy,0.51,-3.26,-8.62,0.36,3.04,5.23,26.84,238.30,277.66,1062.89,2.74,3.28,Sell,Sell,Sell,Sell,Sell,Sell,44.35,-21.32,-12.88,-100.88,28.60,34.31,0.00,375.00,0.89,0.89,50.00,-0.82,315816.00,-38.35,373.58,0.00,70125.00,29.13,24.72,0.82,2.84,7.90,20.07,31.04,11.21,23184110950.00,2.86,17.68,15.01,377.79,393.81,379.82,367.75,359.07
[object Object],STZ,"Constellation Brands, Inc. Class A",NYSE,130.16,stock,common,100.00,1.00,false,0.00,USD,0.69,1508638.00,0.78,22228185053.00,USD,12.42,10.48,0.00,3.14,Consumer non-durables,america,Consumer Non-Durables,Buy,Buy,0.69,-5.48,-9.63,-18.48,-18.66,-5.95,-26.08,-41.97,-22.37,6790.75,1.91,3.28,Sell,Sell,StrongSell,Strong sell,Neutral,Neutral,40.64,-3.90,-6.57,-91.31,17.95,20.65,0.00,0.00,0.00,0.00,0.00,0.01,1508638.00,-16.31,130.30,0.11,297142.00,-24.54,12.42,0.00,2.46,2.71,8.33,12.23,232.30,32959585053.00,3.64,11.88,10.34,132.26,137.26,139.39,146.37,145.59
[object Object],DSFIR,DSM-Firmenich AG,EURONEXT,81.40,stock,common,100.00,2.00,false,0.00,EUR,0.94,589205.00,0.88,22175310554.87,USD,0.00,-5.16,-564.23,3.07,Consumer non-durables,netherlands,Consumer Non-Durables,Buy,Buy,0.94,-5.48,6.68,26.83,24.35,18.07,-8.99,-27.96,-27.96,-27.96,2.92,2.76,Neutral,Neutral,Neutral,Neutral,Buy,Buy,49.44,-2.08,3.65,-152.04,23.74,35.03,0.00,0.00,0.00,0.00,0.00,0.00,589205.00,-34.72,81.40,0.00,365088.00,-12.66,0.00,0.00,2.25,1.12,14.44,25.92,10.76,26217061234.87,2.47,27.56,13.06,84.40,81.61,77.09,69.59,69.01
[object Object],GPN,Global Payments Inc.,NYSE,80.92,stock,common,100.00,1.00,false,0.00,USD,3.93,2981829.00,0.94,22135138512.00,USD,21.56,3.75,-39.40,1.24,Finance,america,Finance,Buy,Buy,3.93,1.34,25.65,20.09,7.53,4.28,-3.77,-57.93,4.20,2057.87,3.63,3.76,StrongBuy,Strong buy,StrongBuy,Strong buy,Buy,Buy,60.70,4.88,7.59,81.33,67.36,70.14,0.00,0.00,0.00,0.00,0.00,0.90,2981829.00,13.41,80.92,0.00,414442.00,6.54,21.56,0.00,2.41,0.93,12.20,20.84,3.61,40469974512.00,4.58,19.06,9.93,78.95,73.40,71.91,70.89,74.47
[object Object],FFIV,"F5, Inc.",NASDAQ,392.21,stock,common,100.00,1.00,false,0.00,USD,1.06,530757.00,1.07,22128192256.00,USD,32.20,12.18,15.69,0.00,Technology services,america,Technology Services,Buy,Buy,1.06,-0.74,0.82,30.85,50.27,53.31,30.65,104.96,220.83,7552.88,2.65,3.55,Neutral,Neutral,Sell,Sell,Neutral,Neutral,43.58,-38.18,-0.81,-156.90,12.18,22.63,"hammer_bullish,long_lower_shadow_bullish",0.00,0.00,0.00,0.00,1.47,530757.00,-5.63,392.21,0.00,90195.00,33.00,32.20,2.03,6.90,6.10,22.13,23.34,15.58,20945242256.00,6.50,25.89,22.10,408.77,405.16,398.18,350.87,309.47
[object Object],LUV,Southwest Airlines Co.,NYSE,45.08,stock,common,100.00,1.00,false,0.00,USD,0.83,6366658.00,1.10,22053506142.00,USD,27.35,1.65,147.88,1.60,Transportation,america,Transportation,Neutral,Neutral,0.83,-7.53,-10.29,18.57,7.82,8.60,24.89,-10.52,19.13,470807.76,3.33,3.25,Sell,Sell,Sell,Sell,Neutral,Neutral,39.57,-3.35,-0.71,-171.71,8.13,14.81,0.00,44.60,-0.25,0.51,8923.00,-0.02,6366658.00,-45.92,45.15,0.16,1090213.00,12.95,27.35,0.18,0.73,3.11,8.79,0.00,5.86,25151506142.00,0.84,19.33,8.78,47.67,48.59,45.58,42.86,41.44
[object Object],TPRO,Technoprobe SpA,MIL,29.74,stock,common,100.00,2.00,false,0.00,EUR,-4.19,398454.00,0.66,22049744049.75,USD,196.43,0.18,49.60,0.00,Electronic technology,italy,Electronic Technology,StrongBuy,Strong buy,-4.19,1.92,-19.40,62.34,84.95,137.92,307.40,376.60,376.60,376.60,4.26,5.00,Sell,Sell,Sell,Sell,Sell,Sell,41.43,-2.16,-2.55,-99.03,44.70,45.96,0.00,0.00,0.00,0.00,0.00,-2.64,398454.00,-34.91,29.74,0.00,4917.00,272.27,196.43,4.13,31.83,15.39,88.47,154.54,27.85,21288809689.67,28.85,133.00,90.00,30.91,33.33,32.62,24.72,18.91
[object Object],UNI,UNIPOL ASSICURAZIONI SPA,MIL,27.00,stock,common,100.00,1.00,false,0.00,EUR,1.62,1060241.00,0.79,22014898529.11,USD,13.06,2.43,37.82,4.15,Finance,italy,Finance,StrongBuy,Strong buy,1.62,2.58,9.89,22.67,38.46,31.26,56.43,506.06,1016.63,-53.74,2.25,2.36,StrongBuy,Strong buy,StrongBuy,Strong buy,Neutral,Neutral,65.84,0.52,1.29,105.65,88.87,79.66,0.00,0.00,0.00,0.00,0.00,0.19,1060241.00,-13.09,0.00,0.00,0.00,55.51,13.06,0.34,1.31,1.86,3.76,4.20,0.00,26269372929.11,1.54,0.00,0.00,26.39,25.46,23.96,22.48,21.00
[object Object],CHRW,"C.H. Robinson Worldwide, Inc.",NASDAQ,186.50,stock,common,100.00,1.00,false,0.00,USD,-9.25,3602159.00,2.07,21983911760.00,USD,37.75,4.94,18.03,1.35,Transportation,america,Transportation,Buy,Buy,-9.25,-8.94,4.63,1.92,4.19,15.58,85.39,101.39,159.90,3329.98,2.69,2.76,Sell,Sell,Sell,Sell,Sell,Sell,42.49,-7.00,12.57,-55.46,56.15,77.98,0.00,190.76,-7.18,-0.00,5962.00,-6.67,3602159.00,149.69,186.50,0.00,274546.00,112.35,37.75,2.31,1.54,12.93,25.75,26.31,141.35,23468732760.00,1.45,29.52,26.16,202.24,192.33,186.27,180.14,171.00
[object Object],FOXA,Fox Corporation Class A,NASDAQ,55.31,stock,common,100.00,1.00,false,0.00,USD,0.40,2491881.00,0.55,21924191407.00,USD,14.60,3.79,-5.79,1.01,Consumer services,america,Consumer Services,Buy,Buy,0.40,-3.62,12.92,-13.81,-23.38,-24.37,-2.05,53.17,41.82,41.82,2.70,3.30,Sell,Sell,StrongSell,Strong sell,Neutral,Neutral,46.56,1.19,0.40,21.34,45.81,59.18,0.00,0.00,0.00,0.00,0.00,0.29,2491881.00,-42.65,55.60,0.52,404657.00,-5.53,14.60,0.00,1.47,2.12,9.13,11.19,6.64,26088191407.00,1.61,8.03,7.15,56.31,54.67,59.05,60.00,63.01
[object Object],FOX,Fox Corporation Class B,NASDAQ,49.41,stock,common,100.00,1.00,false,0.00,USD,0.47,1396939.00,1.09,21924191407.00,USD,13.04,3.79,-5.79,1.13,Consumer services,america,Consumer Services,Buy,Buy,0.47,-3.48,10.49,-14.16,-23.75,-23.93,-4.76,46.23,28.01,28.01,2.81,3.18,Sell,Sell,StrongSell,Strong sell,Neutral,Neutral,45.17,0.66,0.04,-0.12,41.33,55.53,spinning_top_white,0.00,0.00,0.00,0.00,-0.14,1396939.00,-24.38,49.13,-0.57,262841.00,-5.53,13.04,0.00,1.31,1.90,8.16,9.99,5.93,26088191407.00,1.61,8.03,7.15,50.51,49.26,53.06,54.01,56.64
[object Object],EXE,Expand Energy Corporation,NASDAQ,91.52,stock,common,100.00,1.00,false,0.00,USD,-0.23,3449985.00,0.84,21894223670.00,USD,6.82,13.42,0.00,2.51,Energy minerals,america,Energy Minerals,StrongBuy,Strong buy,-0.23,3.13,4.05,-4.58,-17.81,-16.78,-7.90,68.76,112.84,112.84,2.58,2.66,Buy,Buy,Buy,Buy,Neutral,Neutral,55.82,4.27,1.32,140.16,79.91,70.53,0.00,92.43,0.76,0.29,2660.00,0.64,3449985.00,-17.00,91.90,0.42,855129.00,-18.45,6.82,0.00,1.71,1.12,3.75,7.89,8.06,24219223670.00,1.88,8.39,4.13,89.08,88.79,90.97,96.80,102.91
[object Object],FSLR,"First Solar, Inc.",NASDAQ,202.82,stock,common,100.00,1.00,false,0.00,USD,-1.51,1537227.00,0.89,21793691569.00,USD,13.10,15.48,31.59,0.00,Electronic technology,america,Electronic Technology,Buy,Buy,-1.51,-2.09,-18.78,2.83,-15.81,-23.71,12.50,145.25,322.54,727.84,3.56,4.71,StrongSell,Strong sell,StrongSell,Strong sell,Sell,Sell,31.88,-25.01,-32.89,-127.08,8.69,8.69,0.00,207.25,0.65,-0.04,450.00,0.00,1537227.00,6.73,203.31,0.24,176553.00,20.79,13.10,0.42,4.09,2.21,8.91,13.09,9.00,19954253569.00,3.68,11.10,8.50,211.83,234.08,247.78,223.38,234.84
[object Object],LGEN,Legal & General Group Plc,LSE,299.60,stock,common,10.00,1.00,false,0.00,GBX,1.18,14755554.00,1.14,21781825552.83,USD,36.58,0.11,189.40,7.27,Finance,uk,Finance,Neutral,Neutral,1.18,1.56,5.05,19.01,16.49,14.48,16.12,14.22,51.08,505.54,1.66,2.95,Buy,Buy,StrongBuy,Strong buy,Neutral,Neutral,65.48,8.60,10.07,99.91,62.82,72.55,0.00,0.00,0.00,0.00,0.00,0.17,14755554.00,-5.85,299.60,0.00,2906223.00,11.97,36.58,0.19,0.33,9.43,3.96,4.00,0.00,55604711152.83,0.76,0.00,0.00,296.06,290.21,282.12,267.41,260.49
[object Object],EDP,EDP S.A.,EURONEXT,4.60,stock,common,1000.00,1.00,false,0.00,EUR,-0.43,5639936.00,0.83,21645294390.69,USD,17.36,0.31,26.29,4.45,Utilities,portugal,Utilities,Buy,Buy,-0.43,1.68,3.69,1.08,8.74,17.45,21.70,1.45,59.36,101.05,1.45,1.85,Buy,Buy,StrongBuy,Strong buy,Neutral,Neutral,57.13,0.13,0.08,84.26,74.28,65.67,spinning_top_black,0.00,0.00,0.00,0.00,-0.35,5639936.00,-21.47,4.60,0.00,3492654.00,20.35,17.36,0.66,1.20,1.62,8.04,0.00,5.19,49206831796.89,2.68,16.58,9.20,4.56,4.51,4.47,4.47,4.29
[object Object],CTSH,Cognizant Technology Solutions Corporation Class A,NASDAQ,45.45,stock,common,100.00,1.00,false,0.00,USD,5.67,6667208.00,0.86,21537368060.00,USD,9.87,4.61,-3.04,2.82,Technology services,america,Technology Services,Buy,Buy,5.67,1.77,10.96,-17.38,-46.29,-45.23,-40.91,-34.29,-21.97,21716.24,3.60,4.46,Buy,Buy,Buy,Buy,Buy,Buy,53.17,2.88,-1.19,104.34,64.90,63.31,marubozu_white_bullish,43.42,0.95,0.12,3823.00,0.93,6667208.00,-17.98,44.88,-1.25,1327881.00,-43.13,9.87,0.00,0.96,1.43,7.86,8.78,14.29,21112368060.00,0.99,6.26,5.37,43.96,43.83,47.15,53.05,64.43
[object Object],DOW,"Dow, Inc.",NYSE,29.84,stock,common,100.00,1.00,false,0.00,USD,-3.43,10427203.00,1.08,21506925130.00,USD,0.00,-1.82,-30.14,4.69,Process industries,america,Process Industries,Buy,Buy,-3.43,-0.57,-0.53,-23.37,4.74,26.71,9.75,-50.43,-43.43,-43.43,4.09,3.71,Sell,Sell,StrongSell,Strong sell,Neutral,Neutral,45.64,0.81,0.17,43.68,68.56,78.43,0.00,30.54,-1.17,0.87,22518.00,-0.94,10427203.00,-37.24,29.82,-0.07,1788346.00,7.35,0.00,-0.56,0.54,1.36,5.60,13.53,4.76,37894925130.00,0.92,25.23,8.85,30.24,30.06,32.32,35.19,30.31
[object Object],STLAM,Stellantis N.V.,MIL,5.02,stock,common,1000.00,1.00,false,0.00,EUR,0.00,23417559.00,0.80,21494049387.64,USD,0.00,-9.09,-230.64,0.00,Consumer durables,italy,Consumer Durables,Neutral,Neutral,0.00,-2.47,-4.45,-29.27,-39.69,-46.60,-42.30,-68.11,-14.98,-26.32,3.20,3.63,Sell,Sell,StrongSell,Strong sell,Neutral,Neutral,42.16,0.19,-0.22,4.47,66.57,68.96,spinning_top_white,0.00,0.00,0.00,0.00,-0.60,23417559.00,10.89,5.02,0.00,85688.00,-35.43,0.00,0.00,0.09,0.24,0.00,0.00,0.45,39218371747.64,0.22,0.00,0.00,5.07,5.17,5.67,6.03,7.32
[object Object],PGHN,Partners Group Holding AG,SIX,677.00,stock,common,10.00,2.00,false,0.00,CHF,0.86,174909.00,1.38,21465327265.92,USD,13.97,61.11,12.47,6.79,Finance,switzerland,Finance,Buy,Buy,0.86,0.09,4.15,-26.33,-37.31,-32.97,-39.93,-55.49,52.91,746.78,1.89,2.49,Sell,Sell,StrongSell,Strong sell,Sell,Sell,44.12,-8.40,-6.58,-17.92,32.59,33.58,0.00,0.00,0.00,0.00,0.00,0.27,174909.00,109.23,677.00,0.00,37154.00,-38.98,13.97,1.11,6.21,7.98,11.94,12.01,53.40,24105862465.92,6.81,11.82,11.33,685.52,679.32,727.11,792.94,885.99
[object Object],FIS,"Fidelity National Information Services, Inc.",NYSE,41.51,stock,common,100.00,1.00,false,0.00,USD,3.67,4448434.00,0.89,21455652665.00,USD,8.03,5.17,223.44,4.05,Technology services,america,Technology Services,Buy,Buy,3.67,-3.22,8.64,-8.08,-31.89,-37.58,-49.02,-72.05,-46.82,216.43,3.11,3.30,Buy,Buy,Buy,Buy,Buy,Buy,52.19,-0.47,1.04,16.16,19.24,29.89,0.00,0.00,0.00,0.00,0.00,0.85,4448434.00,-1.78,41.50,-0.02,862619.00,-48.49,8.03,0.03,1.81,1.34,7.28,7.72,28.42,41849652665.00,3.66,15.97,8.74,41.41,40.21,40.93,44.26,53.11
[object Object],MRNA,"Moderna, Inc.",NASDAQ,54.07,stock,common,100.00,1.00,false,0.00,USD,-5.17,4427772.00,0.81,21454232680.00,USD,0.00,-8.15,6.61,0.00,Health technology,america,Health Technology,Neutral,Neutral,-5.17,-12.34,-11.61,1.29,8.55,81.26,54.71,-84.64,145.77,145.77,4.65,7.07,Sell,Sell,StrongSell,Strong sell,Neutral,Neutral,36.68,-14.20,-3.88,-137.51,1.49,1.99,0.00,57.33,0.54,-0.09,5894.00,0.41,4427772.00,-5.70,53.98,-0.17,499318.00,102.90,0.00,0.00,10.12,2.90,0.00,0.00,4.10,17547232680.00,7.89,0.00,0.00,61.60,64.29,57.70,54.65,44.14
[object Object],RBI,Raiffeisen Bank International AG,VIE,56.40,stock,common,100.00,5.00,false,0.00,EUR,-2.76,390237.00,1.23,21067412739.01,USD,18.23,3.57,-6.69,2.84,Finance,austria,Finance,Buy,Buy,-2.76,4.44,1.90,28.77,42.57,47.18,123.81,198.73,374.95,51.01,3.95,3.09,Buy,Buy,StrongBuy,Strong buy,Sell,Sell,56.81,1.70,1.22,141.64,73.83,64.01,0.00,0.00,0.00,0.00,0.00,-0.86,390237.00,-41.52,56.40,0.00,165964.00,110.85,18.23,0.00,1.90,0.93,6.96,9.02,0.00,69202126579.01,4.30,0.00,0.00,55.40,54.95,52.11,46.87,41.59
[object Object],MTX,MTU Aero Engines AG,XETR,342.60,stock,common,10.00,1.00,false,0.00,EUR,1.87,66569.00,0.56,20994619114.30,USD,18.58,21.65,60.48,1.05,Electronic technology,germany,Electronic Technology,Buy,Buy,1.87,0.53,-0.38,17.13,-8.64,-3.87,-11.11,66.55,295.38,1465.10,2.38,2.76,Neutral,Neutral,Sell,Sell,Neutral,Neutral,48.91,-19.50,-6.45,-82.92,15.93,11.94,0.00,336.00,-0.09,-0.09,23.00,-0.42,66569.00,-55.98,342.60,0.00,38876.00,-11.73,18.58,0.30,2.11,4.27,22.26,45.06,15.03,22397230594.30,2.18,15.32,11.84,343.10,350.27,330.15,323.08,347.13
[object Object],FORTUM,Fortum Oyj,OMXHEX,20.50,stock,common,100.00,1.00,false,0.00,EUR,-1.01,667830.00,0.83,20924189385.90,USD,22.21,1.05,-12.20,3.61,Utilities,finland,Utilities,Sell,Sell,-1.01,4.75,3.82,-7.16,4.01,12.64,26.39,-11.90,37.22,351.54,3.36,2.60,Buy,Buy,StrongBuy,Strong buy,Neutral,Neutral,54.71,0.95,0.34,131.64,78.87,74.26,0.00,0.00,0.00,0.00,0.00,-0.10,667830.00,-8.77,0.00,0.00,0.00,26.54,22.21,0.00,3.39,2.26,21.31,41.33,8.75,23024125145.90,3.67,20.68,15.56,20.17,19.94,20.22,20.74,19.70
[object Object],SNA,Snap-on Incorporated,NYSE,404.12,stock,common,100.00,1.00,false,0.00,USD,2.20,527212.00,1.36,20903964799.00,USD,20.61,19.60,4.49,2.34,Consumer durables,america,Consumer Durables,Neutral,Neutral,2.20,-1.91,4.33,3.14,8.39,17.29,22.56,79.58,155.82,6635.37,2.93,2.22,Buy,Buy,StrongBuy,Strong buy,Neutral,Neutral,53.74,2.18,8.04,-65.97,29.54,32.23,0.00,395.59,0.05,0.15,1711.00,0.92,527212.00,-22.77,404.12,0.00,98837.00,21.21,20.61,4.49,3.94,3.46,17.89,19.15,12.91,20594264799.00,3.90,15.34,14.28,405.16,399.22,387.92,380.46,367.15
[object Object],EN,Bouygues SA,EURONEXT,47.54,stock,common,100.00,1.00,false,0.00,EUR,-0.61,431325.00,0.69,20887223594.48,USD,15.14,3.63,13.16,4.42,Industrial services,france,Industrial Services,Buy,Buy,-0.61,-0.34,-4.82,-9.03,5.41,7.31,22.24,48.01,76.56,355.36,1.51,1.77,Sell,Sell,StrongSell,Strong sell,Neutral,Neutral,44.40,0.84,-0.70,-2.87,78.74,81.35,0.00,0.00,0.00,0.00,0.00,-0.29,431325.00,-23.25,47.54,0.00,301293.00,24.70,15.14,1.16,0.33,1.41,3.63,7.08,2.75,32562001874.48,0.50,10.97,4.95,47.73,48.50,49.00,49.82,47.09
[object Object],STE,STERIS plc,NYSE,214.07,stock,common,100.00,1.00,false,0.00,USD,1.63,511417.00,0.78,20862766218.00,USD,26.98,7.93,26.66,1.18,Health technology,america,Health Technology,Buy,Buy,1.63,-2.45,4.52,-3.90,-17.54,-15.53,-5.21,1.16,209.35,11710.76,1.76,2.59,Buy,Buy,Buy,Buy,Neutral,Neutral,51.61,-1.93,1.50,-1.39,29.95,29.67,0.00,211.60,0.46,0.00,1219.00,1.05,511417.00,12.56,214.07,0.00,112847.00,-4.33,26.98,1.00,3.49,2.91,15.70,21.66,47.92,22523866218.00,3.79,19.64,13.79,213.77,210.95,211.82,216.28,234.79
[object Object],BESI,BE Semiconductor Industries N.V.,EURONEXT,227.00,stock,common,10.00,1.00,false,0.00,EUR,-1.26,506208.00,1.15,20845194787.40,USD,87.35,2.97,25.03,0.70,Producer manufacturing,netherlands,Producer Manufacturing,Buy,Buy,-1.26,0.00,-23.83,-7.35,30.27,66.61,83.06,221.80,1629.52,4786.98,5.10,4.86,Sell,Sell,StrongSell,Strong sell,Sell,Sell,38.09,-28.30,-39.49,-113.18,34.75,35.09,on_neck_bearish,0.00,0.00,0.00,0.00,-2.87,506208.00,-28.38,227.00,0.00,187020.00,76.24,87.35,3.53,25.35,32.00,73.94,75.79,36.09,20673331085.04,24.67,68.82,60.02,237.23,267.97,273.25,242.68,197.12
[object Object],WRT1V,Wartsila Oyj Abp,OMXHEX,30.80,stock,common,100.00,1.00,false,0.00,EUR,0.72,706680.00,0.63,20672558845.61,USD,27.53,1.28,17.82,1.59,Producer manufacturing,finland,Producer Manufacturing,Neutral,Neutral,0.72,5.70,-6.18,-21.61,-5.93,1.25,30.34,144.44,146.07,1394.33,5.10,3.41,Sell,Sell,StrongSell,Strong sell,Neutral,Neutral,45.65,0.56,-1.58,-11.31,57.25,46.46,0.00,0.00,0.00,0.00,0.00,0.00,706680.00,-27.51,0.00,0.00,0.00,33.99,27.53,1.53,2.67,7.17,12.12,13.64,8.18,18783071685.61,2.44,18.27,15.41,30.27,31.63,32.94,33.72,31.98
[object Object],AMCR,Amcor PLC,NYSE,44.54,stock,common,100.00,1.00,false,0.00,USD,4.48,3827236.00,1.18,20592876681.00,USD,30.69,1.45,-47.92,5.81,Process industries,america,Process Industries,Buy,Buy,4.48,-1.02,8.74,13.02,4.55,6.68,-8.73,-22.06,-19.82,-19.82,2.73,2.85,StrongBuy,Strong buy,StrongBuy,Strong buy,Neutral,Neutral,59.54,1.36,1.12,67.96,51.02,46.50,rising_window_bullish,42.69,0.14,0.14,351.00,0.96,3827236.00,9.74,44.54,0.00,625233.00,-7.63,30.69,0.00,0.89,1.77,12.24,27.68,13.02,35722876681.10,1.61,20.14,11.15,43.44,42.66,40.89,40.62,41.88
[object Object],AMUN,Amundi SA,EURONEXT,87.55,stock,common,100.00,5.00,false,0.00,EUR,0.00,139008.00,1.02,20490763800.80,USD,11.21,9.17,21.79,4.85,Finance,france,Finance,Buy,Buy,0.00,-2.01,3.00,13.92,17.83,23.83,22.02,14.00,131.71,100.30,1.35,1.63,Buy,Buy,StrongBuy,Strong buy,Neutral,Neutral,53.51,0.05,2.86,21.01,36.43,51.35,"gravestone_doji_bearish,long_upper_shadow_bearish",0.00,0.00,0.00,0.00,-0.06,139008.00,-14.61,87.55,0.00,89608.00,25.05,11.21,0.51,2.54,1.42,9.84,10.38,9.45,20681584940.56,2.50,8.82,8.36,88.65,86.26,85.43,81.31,76.18
[object Object],ULTA,Ulta Beauty Inc.,NASDAQ,475.36,stock,common,100.00,1.00,false,0.00,USD,-0.54,545383.00,0.95,20435398351.00,USD,17.82,26.68,4.20,0.00,Retail trade,america,Retail Trade,Buy,Buy,-0.54,-0.79,2.03,-15.68,-30.54,-21.57,-6.54,38.61,83.57,1340.48,2.47,2.94,Sell,Sell,Sell,Sell,Neutral,Neutral,50.22,6.16,13.32,39.83,68.38,77.34,spinning_top_black,474.02,-0.82,-1.04,148.00,-0.37,545383.00,4.97,475.36,0.00,73297.00,-7.01,17.82,4.27,1.65,7.97,13.54,18.50,94.44,22516541351.00,1.77,14.09,11.80,478.14,468.74,477.61,514.45,556.04
[object Object],MTSI,"MACOM Technology Solutions Holdings, Inc.",NASDAQ,266.99,stock,common,100.00,1.00,false,0.00,USD,-5.60,1083918.00,0.86,20370208587.00,USD,115.76,2.31,0.00,0.00,Electronic technology,america,Electronic Technology,Buy,Buy,-5.60,1.29,-29.26,-8.22,18.35,52.76,94.58,342.18,632.48,1297.85,4.59,5.95,Sell,Sell,StrongSell,Strong sell,Sell,Sell,33.38,-41.53,-58.80,-94.30,25.54,25.07,0.00,280.00,-1.00,-0.48,359.00,-1.72,1083918.00,6.35,269.39,0.90,339552.00,92.95,115.76,0.00,20.43,14.37,82.30,123.49,31.14,20119374587.00,18.74,117.39,85.65,281.71,332.45,349.35,303.37,244.40
[object Object],LEN,Lennar Corporation Class A,NYSE,84.64,stock,common,100.00,1.00,false,0.00,USD,3.06,2551314.00,1.05,20337094797.00,USD,13.24,6.39,-47.15,2.36,Consumer durables,america,Consumer Durables,Sell,Sell,3.06,-2.06,-5.71,-9.89,-26.18,-17.83,-27.35,-17.79,73.80,15016.77,3.00,3.24,Sell,Sell,StrongSell,Strong sell,Neutral,Neutral,46.71,0.37,-5.33,-46.48,30.34,17.01,0.00,82.07,-0.07,0.09,503.00,0.41,2551314.00,-26.49,84.64,0.00,390675.00,-28.59,13.24,0.00,0.60,0.94,18.15,21.30,9.50,24582616797.00,0.75,12.56,11.73,83.58,87.17,87.70,89.88,103.95
[object Object],EFX,Equifax Inc.,NYSE,172.54,stock,common,100.00,1.00,false,0.00,USD,3.49,1453086.00,0.69,20270844104.00,USD,30.32,5.69,11.28,1.23,Commercial services,america,Commercial Services,Buy,Buy,3.49,-3.88,12.23,-1.13,-19.00,-20.32,-30.37,-31.65,27.05,11291.39,6.15,4.37,Buy,Buy,Buy,Buy,Buy,Buy,53.35,6.10,4.29,34.65,54.51,60.34,0.00,166.69,-0.02,-0.01,400.00,-0.70,1453086.00,-36.98,172.54,0.00,209389.00,-35.26,30.32,2.60,3.08,4.63,12.76,18.61,120.91,25707544104.00,3.99,21.53,13.25,173.06,165.57,165.64,174.07,193.24
[object Object],VTRS,"Viatris, Inc.",NASDAQ,17.24,stock,common,100.00,1.00,false,0.00,USD,-0.23,7367052.00,0.83,20234277529.00,USD,0.00,-0.26,91.85,2.78,Health technology,america,Health Technology,Buy,Buy,-0.23,-0.58,8.43,16.88,30.80,37.92,84.78,24.30,-62.99,34380.00,3.41,3.00,Buy,Buy,StrongBuy,Strong buy,Buy,Buy,58.16,0.97,0.81,99.02,71.11,74.15,0.00,17.34,0.35,0.12,2244.00,0.00,7367052.00,-6.85,17.25,0.06,1801089.00,94.71,0.00,0.00,1.39,1.37,9.34,11.30,8.96,32586877529.00,2.24,24.85,7.91,17.01,16.46,16.38,15.36,13.75
[object Object],EVRG,"Evergy, Inc.",NASDAQ,87.18,stock,common,100.00,1.00,false,0.00,USD,0.61,1644731.00,0.83,20096126113.00,USD,23.10,3.77,-0.56,3.16,Utilities,america,Utilities,Buy,Buy,0.61,-0.19,2.39,6.72,14.71,20.53,24.37,34.25,54.99,561.08,1.43,1.69,Buy,Buy,StrongBuy,Strong buy,Neutral,Neutral,58.23,1.47,0.80,97.96,56.17,38.97,spinning_top_white,0.00,0.00,0.00,0.00,0.48,1644731.00,-13.43,87.18,0.00,395594.00,24.45,23.10,0.00,3.42,1.98,10.49,0.00,643.87,35990126113.00,6.03,23.98,13.15,86.09,85.54,84.31,83.16,79.84
[object Object],VNA,Vonovia SE,XETR,20.73,stock,common,100.00,1.00,false,0.00,EUR,1.92,2062179.00,0.94,20007473126.35,USD,5.07,4.72,0.00,6.03,Finance,germany,Finance,Buy,Buy,1.92,-1.52,2.17,-9.87,-14.41,-15.59,-25.43,-61.38,-33.60,36.44,2.20,2.46,Sell,Sell,StrongSell,Strong sell,Neutral,Neutral,44.85,-0.71,-0.31,-113.76,12.80,9.96,0.00,20.41,0.34,0.34,438.00,-0.39,2062179.00,-34.35,20.64,-0.43,610024.00,-23.82,5.07,0.00,2.73,0.64,12.28,16.19,9.76,70744582978.35,9.69,28.97,23.29,20.90,21.17,21.10,22.07,23.91
[object Object],GEBN,Geberit AG,SIX,514.00,stock,common,10.00,2.00,false,0.00,CHF,0.63,69055.00,1.08,19925249559.84,USD,28.50,22.75,0.23,2.51,Industrial services,switzerland,Industrial Services,Neutral,Neutral,0.63,-2.10,-0.58,-3.20,-14.19,-17.39,-18.15,-30.54,36.48,819.50,1.82,1.78,Sell,Sell,StrongSell,Strong sell,Neutral,Neutral,43.68,-7.40,-7.42,-91.74,15.96,21.13,0.00,0.00,0.00,0.00,0.00,0.04,69055.00,-21.74,514.00,0.00,21000.00,-15.64,28.50,123.70,5.36,11.17,20.25,25.18,29.15,20866505559.84,5.23,18.24,15.45,518.20,525.73,517.16,531.12,574.29
[object Object],CLNX,Cellnex Telecom S.A.,BME,25.94,stock,common,100.00,1.00,false,0.00,EUR,-0.23,1995139.00,1.34,19883862176.75,USD,0.00,-0.59,-846.77,1.21,Industrial services,spain,Industrial Services,Buy,Buy,-0.23,4.60,-8.98,-8.92,1.25,-6.12,-21.47,-52.58,113.63,119.21,4.15,3.21,Sell,Sell,Sell,Sell,Neutral,Neutral,49.25,0.76,-1.67,38.24,52.69,35.42,"hammer_bullish,long_lower_shadow_bullish",0.00,0.00,0.00,0.00,0.00,1995139.00,-45.11,0.00,0.00,0.00,-25.44,0.00,-0.06,3.77,1.46,0.00,0.00,6.09,44403967976.75,8.28,72.93,11.92,25.02,26.47,27.31,27.92,27.62
[object Object],TSN,"Tyson Foods, Inc. Class A",NYSE,57.45,stock,common,100.00,1.00,false,0.00,USD,1.23,2128651.00,0.82,19827632378.00,USD,44.09,1.30,-50.37,3.53,Consumer non-durables,america,Consumer Non-Durables,Neutral,Neutral,1.23,-1.64,-0.61,-11.98,-5.99,-1.91,5.66,-19.15,-20.48,71216.57,1.45,1.90,Sell,Sell,StrongSell,Strong sell,Buy,Buy,45.28,-0.38,-0.27,-97.44,16.50,13.18,morning_star_bullish,0.00,0.00,0.00,0.00,0.48,2128651.00,-19.83,59.01,2.72,664822.00,7.03,44.09,0.00,0.35,1.10,9.30,16.20,39.76,27513632378.00,0.49,16.46,9.08,57.48,57.53,59.44,61.55,59.75
[object Object],BIRG,Bank of Ireland Group PLC,EURONEXT,18.39,stock,common,1000.00,5.00,false,0.00,EUR,0.96,1644443.00,0.93,19697539115.31,USD,16.01,1.35,-18.94,3.81,Finance,ireland,Finance,Buy,Buy,0.96,4.46,0.27,15.63,8.79,12.79,48.27,344.83,158.94,158.94,2.65,2.06,Buy,Buy,StrongBuy,Strong buy,Neutral,Neutral,62.42,0.67,0.31,171.81,83.20,84.13,0.00,0.00,0.00,0.00,0.00,-1.18,1644443.00,-48.76,18.39,0.00,657443.00,43.19,16.01,0.00,3.15,1.49,5.65,5.96,0.00,8631355435.31,0.99,0.00,0.00,17.90,17.83,17.61,16.85,16.33
[object Object],ENTG,"Entegris, Inc.",NASDAQ,129.15,stock,common,100.00,1.00,false,0.00,USD,-4.55,2689821.00,1.10,19695374069.00,USD,74.44,1.74,-15.10,0.31,Producer manufacturing,america,Producer Manufacturing,Buy,Buy,-4.55,1.06,-23.27,-16.09,11.19,49.90,41.69,8.26,778.57,1087.59,4.81,7.33,Sell,Sell,StrongSell,Strong sell,Sell,Sell,40.84,-16.20,-12.72,-94.41,21.94,24.38,0.00,133.13,-1.60,-0.22,1737.00,-2.11,2689821.00,1.83,129.46,0.24,757987.00,53.99,74.44,0.00,6.41,4.86,26.81,39.16,44.69,23010174069.00,7.11,44.46,25.81,136.48,151.51,144.96,137.79,118.54
[object Object],KBX,Knorr-Bremse AG,XETR,106.30,stock,common,10.00,1.00,false,0.00,EUR,1.24,120469.00,0.85,19492727824.71,USD,31.04,3.96,29.49,1.79,Producer manufacturing,germany,Producer Manufacturing,Buy,Buy,1.24,2.61,3.30,6.35,7.32,12.25,19.98,10.41,32.71,32.71,2.17,2.54,StrongBuy,Strong buy,StrongBuy,Strong buy,Buy,Buy,58.99,4.60,0.93,91.35,54.90,41.38,0.00,105.30,0.29,0.29,5.00,0.00,120469.00,-40.06,106.30,0.00,89848.00,22.52,31.04,1.04,2.17,5.21,16.17,20.95,13.55,21789461464.71,2.42,20.28,14.23,102.99,103.20,102.16,101.61,97.40
[object Object],SMCI,"Super Micro Computer, Inc.",NASDAQ,30.10,stock,common,100.00,1.00,false,0.00,USD,-3.53,49700963.00,1.01,19470877121.00,USD,15.88,1.90,4.64,0.00,Electronic technology,america,Electronic Technology,Neutral,Neutral,-3.53,23.72,-10.01,9.34,-10.28,0.47,-41.91,755.60,1397.51,3301.13,7.29,6.74,Neutral,Neutral,Neutral,Neutral,Sell,Sell,52.37,1.79,-2.12,103.27,79.53,62.71,spinning_top_black,30.59,-1.96,-1.09,620652.00,-1.86,49700963.00,-42.73,30.10,0.00,2317559.00,-49.38,15.88,3.55,0.64,2.39,0.00,0.00,15.97,27317161121.00,0.81,18.08,17.12,27.22,28.91,32.74,30.25,33.47
[object Object],LYB,LyondellBasell Industries NV,NYSE,60.32,stock,common,100.00,1.00,false,0.00,USD,-2.27,4717118.00,1.06,19470378437.00,USD,0.00,-2.49,-177.07,6.83,Process industries,america,Process Industries,Neutral,Neutral,-2.27,2.00,4.23,-14.80,16.38,38.41,-3.70,-37.72,-22.66,171.10,3.58,3.30,Neutral,Neutral,Buy,Buy,Neutral,Neutral,52.95,3.97,2.53,84.52,75.73,84.28,0.00,61.57,-0.24,-0.26,474.00,-0.11,4717118.00,-0.33,60.55,0.38,909623.00,-5.99,0.00,0.00,0.67,1.94,7.58,21.46,7.38,31208378437.00,1.05,25.75,11.91,59.81,58.17,62.45,67.69,57.89
[object Object],CARL_B,Carlsberg AS Class B,OMXCOP,905.60,stock,common,10.00,2.00,false,0.00,DKK,-0.72,108742.00,0.68,19394367518.93,USD,19.16,7.42,-7.78,3.20,Consumer non-durables,denmark,Consumer Non-Durables,Buy,Buy,-0.72,-4.65,4.38,11.94,5.92,8.43,0.40,-22.53,38.47,299.24,2.01,2.40,Neutral,Neutral,Buy,Buy,Sell,Sell,50.30,-15.00,35.16,-27.83,26.05,45.94,0.00,0.00,0.00,0.00,0.00,0.22,108742.00,-8.32,0.00,0.00,0.00,9.67,19.16,0.00,1.36,4.30,9.24,14.84,12.57,29095905518.93,2.08,14.97,10.58,923.32,895.77,877.39,865.58,849.68
[object Object],IFF,International Flavors & Fragrances Inc.,NYSE,75.94,stock,common,100.00,1.00,false,0.00,USD,2.94,1460198.00,0.84,19387745892.00,USD,23.26,3.26,0.00,2.11,Consumer non-durables,america,Consumer Non-Durables,Buy,Buy,2.94,-2.29,-0.09,7.67,5.24,12.45,-1.00,-48.81,-43.38,1039.11,2.90,3.09,Sell,Sell,Sell,Sell,Neutral,Neutral,47.54,-1.59,-0.99,-76.43,25.32,24.03,0.00,0.00,0.00,0.00,0.00,0.12,1460198.00,-60.96,75.94,0.00,410714.00,2.70,23.26,0.00,1.76,1.37,19.91,49.04,34.73,25293745892.00,2.34,24.14,12.52,76.13,77.48,76.37,74.38,71.58
[object Object],LNT,Alliant Energy Corporation,NASDAQ,74.94,stock,common,100.00,1.00,false,0.00,USD,0.70,1957464.00,0.82,19355281901.00,USD,23.56,3.18,9.73,2.78,Utilities,america,Utilities,Buy,Buy,0.70,-2.62,-0.07,3.55,12.27,15.27,15.42,27.71,86.00,1335.98,1.80,1.88,Buy,Buy,Buy,Buy,Neutral,Neutral,50.42,-1.46,-0.70,-57.44,32.61,23.04,0.00,74.41,-0.01,-0.01,200.00,0.47,1957464.00,9.69,74.94,0.00,408486.00,17.26,23.56,2.41,4.36,2.60,15.06,0.00,168.65,31080281901.00,7.03,30.56,16.58,74.85,75.14,73.97,72.98,70.15
[object Object],GIS,"General Mills, Inc.",NYSE,36.03,stock,common,100.00,1.00,false,0.00,USD,1.35,10579025.00,1.07,19229512065.00,USD,0.00,-0.19,-104.63,6.77,Consumer non-durables,america,Consumer Non-Durables,Neutral,Neutral,1.35,-8.09,4.06,1.58,-18.81,-22.48,-29.50,-39.28,-49.40,3943.45,2.60,3.31,Neutral,Neutral,Sell,Sell,Buy,Buy,49.31,-0.19,1.24,-79.63,21.01,32.54,0.00,35.66,0.31,0.39,5658.00,0.70,10579025.00,-30.84,36.05,0.06,1382215.00,-25.43,0.00,0.00,1.04,2.61,8.93,11.89,42.60,32728312065.00,1.78,11.59,9.69,37.02,35.87,34.86,35.96,41.28
[object Object],CF,"CF Industries Holdings, Inc.",NYSE,125.07,stock,common,100.00,1.00,false,0.00,USD,-1.29,1418858.00,0.64,19214414968.00,USD,11.24,11.13,46.73,1.60,Process industries,america,Process Industries,Neutral,Neutral,-1.29,4.26,22.51,0.59,38.66,61.42,33.66,163.81,397.10,3748.31,3.11,3.42,Buy,Buy,StrongBuy,Strong buy,Neutral,Neutral,64.53,8.15,12.57,97.47,86.02,88.79,0.00,125.75,-0.76,0.01,2645.00,-0.17,1418858.00,-21.79,125.22,0.12,231893.00,24.30,11.24,0.24,2.64,3.60,7.26,11.92,9.46,23706414968.00,3.20,8.42,6.37,122.37,112.98,114.98,119.04,102.24
[object Object],ESSITY_B,Essity AB Class B,OMXSTO,276.30,stock,common,10.00,1.00,false,0.00,SEK,0.80,848689.00,0.52,19139225081.76,USD,15.59,1.82,0.20,3.17,Consumer non-durables,sweden,Consumer Non-Durables,Neutral,Neutral,0.80,-1.85,1.99,11.23,9.73,3.91,10.92,-2.23,11.46,11.46,1.85,1.80,Buy,Buy,Buy,Buy,Neutral,Neutral,52.08,-1.60,4.99,-63.98,50.96,56.70,0.00,0.00,0.00,0.00,0.00,-0.11,848689.00,-37.97,0.00,0.00,0.00,13.27,15.59,77.49,1.36,2.02,10.52,17.30,27.34,22830548481.76,1.62,12.54,8.94,278.11,275.00,267.85,259.57,262.37
[object Object],BEI,Beiersdorf AG,XETR,77.54,stock,common,100.00,2.00,false,0.00,EUR,-0.26,321314.00,1.07,19108181872.10,USD,18.26,4.99,4.88,1.29,Consumer non-durables,germany,Consumer Non-Durables,Neutral,Neutral,-0.26,-4.18,8.81,6.77,-21.23,-19.61,-30.86,-23.79,-7.62,85.36,1.80,1.98,Neutral,Neutral,Neutral,Neutral,Sell,Sell,55.05,-0.28,3.30,9.93,44.23,52.60,0.00,0.00,0.00,0.00,0.00,0.21,321314.00,-23.07,77.50,-0.05,190631.00,-27.03,18.26,3.75,1.72,1.97,20.64,45.43,6.89,16575973312.10,1.43,11.08,8.81,78.65,75.85,73.69,74.30,85.09
[object Object],BMED,Banca Mediolanum SpA,MIL,22.74,stock,common,100.00,1.00,false,0.00,EUR,1.11,908453.00,1.07,19079265675.92,USD,0.00,0.00,0.00,5.41,Finance,italy,Finance,Buy,Buy,1.11,1.97,3.93,24.95,16.14,16.80,50.50,177.32,257.83,1377.54,2.04,1.81,StrongBuy,Strong buy,StrongBuy,Strong buy,Buy,Buy,62.27,0.38,0.63,93.21,83.47,77.78,0.00,0.00,0.00,0.00,0.00,-0.04,908453.00,22.10,0.00,0.00,0.00,50.44,0.00,0.00,0.00,0.00,0.00,0.00,0.00,21184889235.92,6.50,0.00,0.00,22.54,22.20,21.19,19.61,19.06
[object Object],FTV,Fortive Corp.,NYSE,62.31,stock,common,100.00,1.00,false,0.00,USD,2.79,2757848.00,1.15,18995890759.00,USD,37.31,1.67,-26.68,0.39,Electronic technology,america,Electronic Technology,Neutral,Neutral,2.79,0.50,2.25,2.16,14.12,12.62,22.18,19.23,97.83,130.03,2.51,2.36,StrongBuy,Strong buy,StrongBuy,Strong buy,Neutral,Neutral,55.33,0.11,-0.48,27.34,39.78,23.95,0.00,0.00,0.00,0.00,0.00,0.43,2757848.00,-24.92,62.31,0.00,600782.00,9.96,37.31,0.00,4.00,3.13,18.11,20.07,54.73,22137190759.00,4.67,26.35,17.57,61.26,61.29,60.68,59.36,56.55
[object Object],ESS,"Essex Property Trust, Inc.",NYSE,293.46,stock,common,100.00,1.00,false,0.00,USD,0.09,513123.00,1.13,18858581512.00,USD,33.01,8.89,-14.91,3.52,Finance,america,Finance,Neutral,Neutral,0.09,-0.35,6.71,14.99,15.40,13.30,0.61,-11.36,29.03,1414.63,1.23,1.79,Buy,Buy,Buy,Buy,Neutral,Neutral,54.87,-0.09,4.13,-46.73,19.28,22.07,0.00,0.00,0.00,0.00,0.00,0.30,513123.00,16.77,293.46,0.00,93115.00,1.74,33.01,0.00,9.91,3.47,15.06,16.83,399.01,25859755512.00,13.56,42.22,21.13,294.63,289.75,284.55,268.94,262.86
[object Object],LII,Lennox International Inc.,NYSE,541.13,stock,common,100.00,1.00,false,0.00,USD,0.60,251494.00,0.69,18831307243.00,USD,24.36,22.21,-1.01,0.97,Producer manufacturing,america,Producer Manufacturing,Neutral,Neutral,0.60,-1.53,2.30,9.74,6.49,10.85,-18.32,73.44,258.27,2729.44,2.33,2.99,Neutral,Neutral,Buy,Buy,Neutral,Neutral,49.85,-10.90,-6.12,-70.04,29.35,20.00,0.00,0.00,0.00,0.00,0.00,-0.45,251494.00,-21.66,541.13,0.00,35860.00,-12.47,24.36,0.00,3.58,15.52,23.40,28.67,377.28,20736007243.00,3.94,20.01,17.99,544.04,545.06,528.47,511.60,510.91
[object Object],STMN,Straumann Holding AG,SIX,96.12,stock,common,100.00,2.00,false,0.00,CHF,-0.50,158120.00,0.58,18758312782.56,USD,43.11,2.81,-8.00,1.04,Health technology,switzerland,Health Technology,Buy,Buy,-0.50,-3.51,-7.13,14.43,-0.80,2.34,-12.10,-42.34,153.11,1956.04,1.81,2.39,Sell,Sell,Sell,Sell,Sell,Sell,37.34,-9.08,-4.25,-140.19,3.78,6.02,spinning_top_black,0.00,0.00,0.00,0.00,-0.39,158120.00,-53.15,96.12,0.00,74987.00,-6.23,43.11,0.00,5.92,7.09,30.36,46.54,31.35,18779988598.56,5.71,27.68,21.39,100.12,103.01,98.37,91.33,93.01
[object Object],SAB,Banco de Sabadell SA,BME,3.37,stock,common,1000.00,1.00,false,0.00,EUR,3.44,135091207.00,9.63,18728214772.54,USD,8.78,0.44,8.79,6.36,Finance,spain,Finance,Neutral,Neutral,3.44,5.38,6.35,6.45,4.47,0.09,12.64,539.09,189.73,-11.71,2.21,1.79,StrongBuy,Strong buy,StrongBuy,Strong buy,Neutral,Neutral,65.91,0.15,0.14,199.74,83.04,85.23,0.00,0.00,0.00,0.00,0.00,0.92,135091207.00,745.97,0.00,0.00,0.00,6.05,8.78,0.97,2.58,1.33,0.00,0.00,0.00,62283112052.54,7.48,0.00,0.00,3.24,3.17,3.12,3.14,3.20
[object Object],TEL,Telenor ASA,OSL,131.60,stock,common,10.00,1.00,false,0.00,NOK,-0.38,1686976.00,0.51,18668055821.51,USD,11.28,1.18,44.73,7.29,Communications,norway,Communications,Buy,Buy,-0.38,0.84,-8.61,-20.05,-16.12,-10.29,-18.41,-14.18,-11.08,250.51,1.35,1.97,Sell,Sell,StrongSell,Strong sell,Sell,Sell,33.52,-13.20,-10.01,-105.00,32.43,33.69,0.00,0.00,0.00,0.00,0.00,0.15,1686976.00,-20.97,131.60,0.00,864541.00,-17.70,11.28,0.25,2.36,2.86,6.31,10.43,4.49,24098621601.51,3.12,13.32,7.00,136.34,141.66,146.29,155.60,155.31
[object Object],DD,"DuPont de Nemours, Inc.",NYSE,137.70,stock,common,100.00,1.00,false,0.00,USD,0.22,800513.00,0.70,18592172232.00,USD,0.00,-0.20,63.04,2.20,Process industries,america,Process Industries,StrongBuy,Strong buy,0.22,3.71,-4.87,-1.38,4.87,13.50,44.88,47.60,46.50,1486.63,2.43,2.65,Neutral,Neutral,Neutral,Neutral,Neutral,Neutral,49.30,3.02,-0.67,46.43,61.41,62.35,0.00,138.09,0.50,0.50,410.00,0.30,800513.00,-35.87,137.70,0.00,186847.00,-42.23,0.00,0.00,1.95,1.34,15.61,18.43,25.20,21210172232.00,2.19,13.82,8.83,136.06,138.56,140.73,139.90,131.71
[object Object],ABF,Associated British Foods plc,LSE,1995.50,stock,common,10.00,5.00,false,0.00,GBX,1.42,392257.00,0.51,18592053380.04,USD,14.98,1.80,-24.87,3.16,Consumer non-durables,uk,Consumer Non-Durables,Neutral,Neutral,1.42,-1.07,5.28,8.54,6.14,-6.88,-11.23,-1.84,-29.36,900.91,1.87,2.24,Buy,Buy,StrongBuy,Strong buy,Sell,Sell,54.44,7.50,55.53,15.05,59.04,67.09,0.00,0.00,0.00,0.00,0.00,-0.30,392257.00,-54.48,1995.50,0.00,289457.00,-7.78,14.98,0.00,0.72,1.24,6.29,12.00,19.90,22832562380.04,0.87,11.58,6.84,2002.05,1957.92,1917.86,1882.46,1976.68
[object Object],ROL,"Rollins, Inc.",NYSE,38.56,stock,common,100.00,1.00,false,0.00,USD,-2.23,9489802.00,1.59,18552967912.00,USD,35.00,1.10,9.07,1.85,Commercial services,america,Commercial Services,Buy,Buy,-2.23,-16.50,-14.18,-31.45,-39.06,-35.46,-31.42,2.09,196.01,13913.59,3.64,2.92,StrongSell,Strong sell,StrongSell,Strong sell,Sell,Sell,26.28,-5.91,-2.58,-234.51,25.95,35.11,0.00,38.60,-2.13,-2.33,13929.00,-1.62,9489802.00,-47.30,38.52,-0.09,1311094.00,-19.69,35.00,3.95,4.84,12.98,28.69,29.98,170.16,19559185912.00,4.98,26.36,22.43,43.36,44.05,46.45,50.67,55.32
[object Object],DIM,Sartorius Stedim Biotech SA,EURONEXT,167.30,stock,common,10.00,1.00,false,0.00,EUR,2.01,105317.00,0.99,18523110994.78,USD,55.63,3.43,29.94,0.41,Health technology,france,Health Technology,StrongBuy,Strong buy,2.01,-10.10,2.01,5.42,-20.14,-20.11,-4.81,-63.54,175.48,669100.00,9.20,4.70,Sell,Sell,StrongSell,Strong sell,Neutral,Neutral,42.08,-16.00,-4.83,-179.66,31.24,33.96,0.00,0.00,0.00,0.00,0.00,-0.12,105317.00,-51.02,167.30,0.00,54616.00,-2.44,55.63,1.82,5.31,3.84,26.46,73.75,79.83,21035639766.78,6.13,32.98,20.89,179.33,176.41,175.35,171.47,184.77
[object Object],SBAC,SBA Communications Corp. Class A,NASDAQ,173.57,stock,common,100.00,1.00,false,0.00,USD,-0.73,1059360.00,1.36,18409358950.00,USD,18.25,9.51,25.88,2.72,Finance,america,Finance,Buy,Buy,-0.73,-8.19,-8.49,-20.53,-6.11,-9.69,-26.82,-48.43,53.90,1815.26,3.11,3.12,StrongSell,Strong sell,StrongSell,Strong sell,Sell,Sell,33.92,-16.46,-9.08,-135.55,4.72,9.73,0.00,174.86,0.01,0.01,200.00,0.78,1059360.00,41.33,173.57,0.00,175591.00,-21.64,18.25,0.71,6.50,0.00,14.79,0.00,41.87,31014935950.00,10.87,20.05,16.64,181.74,185.42,192.76,197.15,194.58
[object Object],HLMA,Halma plc,LSE,3614.00,stock,common,1.00,2.00,false,0.00,GBX,-0.99,1630132.00,1.22,18173794891.52,USD,36.81,1.30,25.61,0.66,Electronic technology,uk,Electronic Technology,Buy,Buy,-0.99,-1.47,-7.29,-17.92,-2.06,1.63,11.68,26.50,246.50,6389.79,2.50,2.64,StrongSell,Strong sell,StrongSell,Strong sell,Neutral,Neutral,36.22,-26.00,-243.22,-49.76,23.50,21.18,0.00,0.00,0.00,0.00,0.00,-0.33,1630132.00,99.91,3614.00,0.00,359474.00,13.04,36.81,1.45,5.36,6.30,30.22,34.38,95.64,19198972891.52,5.62,27.62,22.11,3629.00,3799.13,4103.96,4120.13,3863.07
[object Object],BCP,Banco Comercial Portugues S.A.,EURONEXT,1.07,stock,common,10000.00,5.00,false,0.00,EUR,1.71,36145178.00,0.83,18011610948.20,USD,14.81,0.08,19.14,3.22,Finance,portugal,Finance,Buy,Buy,1.71,3.83,3.38,22.51,18.44,19.68,57.51,770.93,311.92,-93.40,2.06,1.78,StrongBuy,Strong buy,StrongBuy,Strong buy,Neutral,Neutral,61.71,0.03,0.03,82.77,63.01,58.64,0.00,0.00,0.00,0.00,0.00,0.14,36145178.00,8.72,1.07,0.00,9372601.00,49.51,14.81,0.76,3.92,2.06,0.00,0.00,0.00,23334195035.08,3.77,0.00,0.00,1.05,1.04,1.00,0.93,0.89
[object Object],BBY,"Best Buy Co., Inc.",NYSE,85.43,stock,common,100.00,1.00,false,0.00,USD,1.18,2087232.00,0.58,18005835157.00,USD,15.81,5.41,32.10,4.47,Retail trade,america,Retail Trade,Neutral,Neutral,1.18,-0.55,12.32,39.18,27.89,26.71,23.69,-24.51,165.81,51156.97,2.77,2.95,Buy,Buy,StrongBuy,Strong buy,Sell,Sell,65.25,2.63,6.16,70.98,84.44,85.52,0.00,83.60,-0.98,0.20,840.00,-0.69,2087232.00,-33.14,85.43,0.00,386475.00,26.09,15.81,0.49,0.43,5.84,7.84,11.25,8.24,19941835157.00,0.48,11.18,7.68,84.90,79.84,74.64,68.61,70.51
[object Object],RI,Pernod Ricard SA,EURONEXT,62.90,stock,common,100.00,2.00,false,0.00,EUR,1.16,378130.00,0.61,17978563450.34,USD,11.24,6.57,28.53,7.47,Consumer non-durables,france,Consumer Non-Durables,Neutral,Neutral,1.16,-5.41,-2.78,-4.06,-17.24,-14.16,-34.55,-65.89,-37.13,376.59,2.33,2.74,Sell,Sell,StrongSell,Strong sell,Neutral,Neutral,45.63,-1.30,-0.36,-111.15,23.04,36.08,0.00,0.00,0.00,0.00,0.00,0.03,378130.00,-53.37,62.90,0.00,237338.00,-30.76,11.24,0.39,1.56,1.02,9.43,13.62,6.61,31922773930.34,2.71,10.53,9.08,64.19,64.14,63.76,64.70,72.02
[object Object],KPN,Royal KPN NV,EURONEXT,4.10,stock,common,1000.00,1.00,false,0.00,EUR,-2.80,11410117.00,1.22,17829466617.87,USD,17.75,0.26,8.60,4.44,Communications,netherlands,Communications,Buy,Buy,-2.80,-4.94,-7.53,-11.43,5.59,3.04,1.76,52.45,33.54,16.62,2.03,1.88,StrongSell,Strong sell,StrongSell,Strong sell,Sell,Sell,34.45,-0.15,-0.09,-183.49,28.40,38.18,falling_window_bearish,0.00,0.00,0.00,0.00,-1.92,11410117.00,-16.04,4.10,0.00,6377798.00,4.61,17.75,2.12,2.76,6.83,6.77,11.89,37.26,26680820977.87,4.01,16.41,8.57,4.28,4.30,4.38,4.54,4.32
[object Object],EBP,Erste Bank Polska S.A.,GPW,661.60,stock,common,10.00,2.00,false,0.00,PLN,0.67,75472.00,1.11,17736400467.64,USD,11.71,15.21,7.27,7.55,Finance,poland,Finance,Neutral,Neutral,0.67,-0.60,2.22,3.73,17.68,21.39,24.88,171.82,135.15,846.49,2.19,2.55,Buy,Buy,Buy,Buy,Neutral,Neutral,52.57,-25.60,13.01,13.87,32.06,38.36,0.00,0.00,0.00,0.00,0.00,1.46,75472.00,5.23,0.00,0.00,0.00,26.10,11.71,1.60,4.01,1.89,12.23,13.80,0.00,21049334398.96,3.73,0.00,0.00,667.74,657.69,636.63,618.38,575.27
[object Object],BAER,Julius Baer Gruppe AG,SIX,70.56,stock,common,100.00,2.00,false,0.00,CHF,2.47,413056.00,0.81,17692658749.44,USD,12.72,6.86,31.91,3.68,Finance,switzerland,Finance,Buy,Buy,2.47,-5.16,6.97,14.96,5.00,12.36,25.15,17.84,76.80,50.16,2.66,2.43,Buy,Buy,Buy,Buy,Neutral,Neutral,49.75,-2.20,1.27,-79.53,18.44,23.01,0.00,0.00,0.00,0.00,0.00,-0.09,413056.00,-29.52,70.56,0.00,245668.00,31.65,12.72,0.39,3.05,1.97,43.15,338.87,0.00,22197957949.44,2.91,0.00,0.00,72.49,70.25,68.26,64.95,62.67
[object Object],INVH,"Invitation Homes, Inc.",NYSE,29.78,stock,common,100.00,1.00,false,0.00,USD,1.15,2709537.00,0.68,17690569118.00,USD,52.40,0.57,65.40,4.00,Finance,america,Finance,Buy,Buy,1.15,-2.58,0.44,9.00,10.26,7.63,-7.89,-26.32,48.16,48.16,1.55,1.76,Buy,Buy,Buy,Buy,Neutral,Neutral,50.70,0.18,0.05,-80.87,19.95,25.95,0.00,0.00,0.00,0.00,0.00,0.68,2709537.00,-53.45,29.78,0.00,626892.00,-9.47,52.40,0.79,6.35,1.95,14.84,20.64,48.40,26213300118.00,9.32,34.71,17.34,29.94,29.72,29.48,27.94,27.66
[object Object],ZBH,"Zimmer Biomet Holdings, Inc.",NYSE,91.35,stock,common,100.00,1.00,false,0.00,USD,1.90,1252099.00,0.56,17672797128.00,USD,23.72,3.85,-14.65,1.05,Health technology,america,Health Technology,Neutral,Neutral,1.90,-2.24,3.78,-0.79,3.95,1.53,-6.07,-40.84,-24.35,219.20,2.38,3.30,Buy,Buy,StrongBuy,Strong buy,Sell,Sell,54.33,0.01,0.48,56.60,43.41,42.30,rising_window_bullish,0.00,0.00,0.00,0.00,1.53,1252099.00,-22.10,91.35,0.00,254727.00,-4.39,23.72,0.00,2.09,1.39,10.69,15.70,42.16,24727797128.00,2.94,17.75,9.88,90.84,89.41,87.64,88.81,91.16
[object Object],CSG,CSG N.V.,EURONEXT,15.51,stock,common,1000.00,2.00,false,0.00,EUR,-2.77,621455.00,0.57,17648105770.61,USD,0.00,0.00,0.00,0.00,Electronic technology,netherlands,Electronic Technology,StrongBuy,Strong buy,-2.77,15.35,14.56,-27.16,-51.52,-51.52,-51.52,-51.52,-51.52,-51.52,6.22,5.54,Neutral,Neutral,Buy,Buy,Sell,Sell,57.45,1.91,1.14,141.68,83.71,83.83,0.00,0.00,0.00,0.00,0.00,-1.37,621455.00,-52.30,15.51,0.00,298316.00,0.00,0.00,0.00,0.00,0.75,0.00,0.00,0.78,21335591827.61,0.00,0.00,0.00,14.55,14.04,15.07,19.08,0.00
[object Object],SGRO,SEGRO plc,LSE,979.00,stock,common,10.00,2.00,false,0.00,GBX,2.71,15522722.00,1.30,17634999133.16,USD,24.07,0.55,-8.44,3.18,Finance,uk,Finance,Buy,Buy,2.71,10.75,10.50,39.02,33.20,35.86,49.24,-18.42,143.70,116.04,3.82,2.40,StrongBuy,Strong buy,StrongBuy,Strong buy,Buy,Buy,77.68,117.60,81.66,325.58,83.49,72.45,0.00,0.00,0.00,0.00,0.00,0.71,15522722.00,-22.84,979.00,0.00,6534668.00,34.99,24.07,0.00,17.78,1.08,33.47,36.12,119.41,24189481333.16,24.73,38.70,37.49,896.22,851.99,796.86,752.77,740.32
[object Object],KIM,Kimco Realty Corporation,NYSE,26.10,stock,common,100.00,1.00,false,0.00,USD,1.40,4543947.00,1.26,17601574861.00,USD,30.13,0.87,13.26,3.95,Finance,america,Finance,Buy,Buy,1.40,0.00,3.33,9.71,25.97,29.02,18.10,25.72,-17.14,487.24,1.21,1.55,StrongBuy,Strong buy,StrongBuy,Strong buy,Buy,Buy,60.87,1.22,0.70,86.58,73.90,75.75,0.00,0.00,0.00,0.00,0.00,0.54,4543947.00,28.97,26.20,0.38,1076323.00,20.16,30.13,2.24,7.96,1.69,15.41,22.50,103.53,26212545861.00,12.05,35.89,19.34,25.77,25.40,24.83,24.02,22.54
[object Object],NHY,Norsk Hydro ASA,OSL,86.14,stock,common,100.00,2.00,false,0.00,NOK,-2.42,2888077.00,0.69,17544688098.99,USD,17.35,0.50,2.51,3.48,Non-energy minerals,norway,Non-Energy Minerals,Neutral,Neutral,-2.42,1.92,-8.60,-18.39,2.50,9.84,35.44,48.52,146.61,310.00,3.06,2.54,Sell,Sell,StrongSell,Strong sell,Neutral,Neutral,40.88,1.08,-6.97,5.44,52.48,37.31,0.00,0.00,0.00,0.00,0.00,-1.38,2888077.00,-41.54,86.14,0.00,1739564.00,39.64,17.35,7.09,0.84,1.63,8.99,23.24,8.82,20091715168.99,0.97,11.45,7.12,85.95,90.06,98.93,99.17,88.22
[object Object],TELIA,Telia Company AB,OMXSTO,44.58,stock,common,100.00,1.00,false,0.00,SEK,-0.31,4033240.00,0.56,17445105705.05,USD,35.72,0.13,14.70,4.51,Communications,sweden,Communications,Neutral,Neutral,-0.31,-2.02,-9.67,-7.05,10.90,12.83,24.18,15.12,12.01,38.45,1.64,2.01,Sell,Sell,StrongSell,Strong sell,Sell,Sell,37.18,-0.90,-2.25,-101.77,15.46,19.39,0.00,0.00,0.00,0.00,0.00,-0.49,4033240.00,-26.63,0.00,0.00,0.00,32.29,35.72,2.44,2.15,3.52,6.43,13.28,16.00,25961981405.05,3.09,17.08,7.87,45.53,46.83,48.01,47.72,43.44
[object Object],CAP,Capgemini SE,EURONEXT,89.88,stock,common,100.00,2.00,false,0.00,EUR,4.44,704436.00,1.01,17333211476.96,USD,9.85,10.72,-3.65,3.78,Technology services,france,Technology Services,Buy,Buy,4.44,-2.22,1.08,-9.92,-33.89,-36.61,-34.54,-47.45,10.57,289.37,3.78,3.58,Sell,Sell,StrongSell,Strong sell,Neutral,Neutral,46.37,0.92,-2.41,-85.64,23.62,28.47,marubozu_white_bullish,0.00,0.00,0.00,0.00,0.14,704436.00,-3.05,89.88,0.00,318719.00,-34.35,9.85,0.00,0.67,1.31,6.37,7.21,5.18,24670473476.96,0.94,8.21,6.45,90.33,90.85,95.19,99.11,114.46
[object Object],NVR,"NVR, Inc.",NYSE,6414.67,stock,common,100.00,1.00,false,0.00,USD,4.22,29645.00,0.84,17315066847.00,USD,16.64,385.60,-18.61,0.00,Consumer durables,america,Consumer Durables,Neutral,Neutral,4.22,-4.26,-0.86,-6.88,-17.52,-11.97,-18.51,25.41,271.48,1986.07,3.99,3.03,Sell,Sell,StrongSell,Strong sell,Neutral,Neutral,48.90,-64.72,-167.43,-80.19,30.95,19.45,0.00,0.00,0.00,0.00,0.00,-0.04,29645.00,-30.01,6414.67,0.00,5491.00,-19.28,16.64,0.00,1.85,4.86,0.00,0.00,15.09,17168509847.00,1.83,13.71,0.00,6419.65,6517.90,6322.94,6441.29,6974.74
[object Object],WY,Weyerhaeuser Company,NYSE,23.94,stock,common,100.00,1.00,false,0.00,USD,1.27,5247590.00,1.14,17261770518.00,USD,43.55,0.55,9.68,3.51,Finance,america,Finance,Buy,Buy,1.27,-2.80,-3.00,-4.20,-10.40,0.88,-7.82,-30.77,-26.00,806.24,2.03,2.67,Neutral,Neutral,Neutral,Neutral,Neutral,Neutral,50.22,0.49,-0.37,5.39,50.55,49.16,0.00,23.72,0.35,0.59,1100.00,0.13,5247590.00,58.79,23.95,0.05,848936.00,-3.80,43.55,4.44,2.48,1.83,31.76,0.00,57.40,22409770518.00,3.26,51.05,20.90,23.90,24.08,23.99,24.08,24.11
[object Object],URW,Unibail-Rodamco-Westfield SE Stapled Secs Cons of 1 Sh Unibail Rodamco + 1 Sh WFD Unib Rod,EURONEXT,104.85,fund,reit,100.00,5.00,false,0.00,EUR,0.14,173909.00,0.91,17228076112.54,USD,12.03,10.24,741.33,4.29,Finance,france,Finance,Buy,Buy,0.14,1.01,3.20,0.67,15.22,12.62,26.97,43.24,-56.62,-40.44,1.35,1.38,Buy,Buy,StrongBuy,Strong buy,Neutral,Neutral,63.43,2.35,2.33,141.19,89.00,86.28,0.00,0.00,0.00,0.00,0.00,-0.19,173909.00,-23.26,104.85,0.00,92545.00,29.29,12.03,0.02,5.00,0.95,10.47,26.93,5.72,46585883324.54,12.97,22.32,21.99,103.73,102.27,100.62,100.13,96.62
[object Object],BR,"Broadridge Financial Solutions, Inc.",NYSE,148.92,stock,common,100.00,1.00,false,0.00,USD,3.13,733497.00,0.86,17223833032.00,USD,15.94,9.34,40.44,2.62,Technology services,america,Technology Services,Buy,Buy,3.13,-2.93,7.38,-3.43,-28.30,-33.27,-38.75,-13.34,118.97,727.33,2.52,3.07,Buy,Buy,Buy,Buy,Buy,Buy,54.12,1.45,1.79,42.45,32.97,38.02,0.00,144.40,0.00,0.00,120.00,1.11,733497.00,13.14,148.92,0.00,154863.00,-38.27,15.94,0.38,2.31,6.11,12.74,13.23,57.01,20325533032.00,2.78,15.95,11.40,147.99,143.76,146.23,155.64,185.55
[object Object],ELI,Elia Group SA/NV,EURONEXT,138.50,stock,common,10.00,1.00,false,0.00,EUR,-0.22,44558.00,0.66,17177771090.07,USD,25.05,6.49,1.82,1.04,Utilities,belgium,Utilities,Buy,Buy,-0.22,2.44,2.29,-1.35,20.54,25.11,36.72,55.15,215.76,422.44,1.73,1.87,Buy,Buy,StrongBuy,Strong buy,Neutral,Neutral,52.44,1.80,2.66,56.64,69.81,71.38,"long_upper_shadow_bearish,shooting_star_bearish",0.00,0.00,0.00,0.00,-0.29,44558.00,-37.25,138.50,0.00,34320.00,38.35,25.05,13.77,3.41,1.98,7.11,0.00,3.63,33867937654.07,6.49,18.15,12.37,138.50,137.04,136.17,135.41,124.07
[object Object],EDPR,EDP Renewables SA,EURONEXT,14.22,stock,common,100.00,1.00,false,0.00,EUR,0.64,733010.00,0.96,17141800296.21,USD,69.06,0.24,0.00,0.87,Utilities,portugal,Utilities,Buy,Buy,0.64,3.80,4.41,3.87,9.98,18.50,37.39,-32.61,104.02,77.75,1.94,2.25,StrongBuy,Strong buy,StrongBuy,Strong buy,Buy,Buy,57.27,0.47,0.25,62.78,73.64,61.91,0.00,0.00,0.00,0.00,0.00,-0.28,733010.00,10.47,14.22,0.00,561673.00,39.20,69.06,0.00,5.52,1.45,0.00,0.00,12.15,29434294132.29,9.32,27.70,13.05,14.00,13.86,13.95,13.80,13.16
[object Object],GPC,Genuine Parts Company,NYSE,124.21,stock,common,100.00,1.00,false,0.00,USD,3.47,1224329.00,0.57,17123562120.00,USD,497.64,0.25,-95.70,3.37,Distribution services,america,Distribution Services,Buy,Buy,3.47,-0.70,15.50,13.58,-9.53,0.89,-7.66,-3.45,24.57,5176.62,4.76,3.98,StrongBuy,Strong buy,StrongBuy,Strong buy,Neutral,Neutral,59.54,-1.41,5.61,5.40,52.10,43.86,marubozu_white_bullish,0.00,0.00,0.00,0.00,-0.02,1224329.00,-19.57,124.21,0.00,248793.00,0.48,497.64,0.00,0.66,3.78,14.45,22.57,30.65,23235006120.00,0.93,19.09,13.04,122.33,117.48,109.39,108.17,119.27
[object Object],AGS,ageas SA/NV,EURONEXT,71.65,stock,common,100.00,5.00,false,0.00,EUR,-0.21,153001.00,0.62,17105479327.25,USD,7.89,10.67,49.20,3.66,Finance,belgium,Finance,Neutral,Neutral,-0.21,1.20,4.52,5.91,21.34,19.42,22.27,61.12,135.92,-75.16,1.74,1.32,Buy,Buy,StrongBuy,Strong buy,Neutral,Neutral,60.14,0.90,2.17,109.01,67.68,63.51,0.00,0.00,0.00,0.00,0.00,0.28,153001.00,-40.99,71.65,0.00,106461.00,35.28,7.89,0.16,1.10,1.45,4.43,4.71,0.00,29594750567.25,2.02,0.00,0.00,71.50,70.05,68.54,66.53,62.96
[object Object],CDW,CDW Corporation,NASDAQ,133.82,stock,common,100.00,1.00,false,0.00,USD,2.80,732002.00,0.36,17095968433.00,USD,16.29,8.21,1.80,1.88,Technology services,america,Technology Services,Buy,Buy,2.80,-0.08,3.00,-1.94,4.75,-2.46,-25.59,-25.75,216.14,658.62,3.32,4.16,Buy,Buy,StrongBuy,Strong buy,Neutral,Neutral,51.24,-10.57,-3.26,-51.89,21.11,15.90,0.00,0.00,0.00,0.00,0.00,0.06,732002.00,-56.29,133.82,0.00,138742.00,-28.02,16.29,8.81,0.74,6.70,14.53,16.10,29.95,22663668433.00,0.99,13.52,11.49,133.57,133.56,127.92,126.10,132.99
[object Object],CHTR,"Charter Communications, Inc. Class A",NASDAQ,123.31,stock,common,100.00,1.00,false,0.00,USD,-2.52,8765568.00,3.38,17077920070.00,USD,3.20,38.49,4.73,0.00,Consumer services,america,Consumer Services,Neutral,Neutral,-2.52,-7.67,-6.94,-47.08,-35.71,-41.13,-69.01,-83.01,-49.33,237.87,5.68,5.52,Sell,Sell,StrongSell,Strong sell,Neutral,Neutral,36.49,-7.42,-7.67,-195.30,25.36,16.64,0.00,111.00,-12.25,1.19,588850.00,-11.62,8765568.00,24.05,124.99,1.36,397587.00,-68.76,3.20,0.69,0.28,0.87,0.91,3.43,24.96,116541920070.00,2.14,8.93,5.34,129.12,133.65,136.48,172.12,195.46
[object Object],TIT,Telecom Italia S.p.A.,MIL,7.33,stock,common,1000.00,1.00,false,0.00,EUR,-2.67,21475292.00,1.72,17063579132.71,USD,120.74,0.07,0.00,0.00,Communications,italy,Communications,Neutral,Neutral,-2.67,-5.30,-4.82,11.52,27.07,42.15,81.42,95.35,4.71,-96.06,2.09,1.70,Sell,Sell,Sell,Sell,Sell,Sell,28.39,-0.66,-0.27,-186.65,1.33,1.19,0.00,0.00,0.00,0.00,0.00,0.00,21475292.00,-7.70,7.33,0.00,20120.00,79.75,120.74,0.00,1.16,1.29,6.47,41.46,4.33,31161360212.71,1.96,18.87,6.19,7.73,7.90,7.68,7.03,6.20
[object Object],ENX,Euronext NV,EURONEXT,149.00,stock,common,10.00,1.00,false,0.00,EUR,1.02,113988.00,0.78,17053691268.94,USD,22.88,7.52,10.48,2.13,Finance,france,Finance,Buy,Buy,1.02,-2.55,3.62,2.62,22.84,16.22,-0.40,64.19,370.62,741.30,1.52,1.78,StrongBuy,Strong buy,StrongBuy,Strong buy,Neutral,Neutral,56.48,1.00,1.64,51.76,35.97,40.22,0.00,0.00,0.00,0.00,0.00,0.20,113988.00,-37.42,149.00,0.00,52296.00,-2.87,22.88,2.16,8.13,3.20,13.49,13.72,7.47,18815089172.94,8.63,16.84,13.93,148.91,146.61,144.99,143.06,134.30
[object Object],GMAB,Genmab A/S,OMXCOP,1878.50,stock,common,10.00,5.00,false,0.00,DKK,-1.34,78748.00,0.64,17027867009.77,USD,21.98,13.18,-30.37,0.00,Health technology,denmark,Health Technology,StrongBuy,Strong buy,-1.34,0.29,10.24,8.58,-11.60,-5.84,28.97,-33.86,64.06,706.22,2.70,2.91,Buy,Buy,StrongBuy,Strong buy,Neutral,Neutral,57.06,10.00,103.28,59.98,69.86,63.63,0.00,0.00,0.00,0.00,0.00,-0.76,78748.00,-7.51,0.00,0.00,0.00,27.84,21.98,0.00,4.84,3.13,20.58,21.28,12.16,20798439657.37,5.37,16.26,15.26,1881.20,1794.23,1739.14,1738.36,1871.08
[object Object],BALL,Ball Corporation,NYSE,63.84,stock,common,100.00,1.00,false,0.00,USD,2.59,1338156.00,0.75,16997175993.00,USD,18.50,3.45,83.11,1.25,Process industries,america,Process Industries,Buy,Buy,2.59,0.71,4.66,1.38,13.23,20.32,7.04,-20.20,80.70,19014.69,2.18,2.50,StrongBuy,Strong buy,StrongBuy,Strong buy,Neutral,Neutral,64.24,2.15,2.51,109.59,68.58,61.78,0.00,0.00,0.00,0.00,0.00,-0.11,1338156.00,-38.93,63.84,0.00,315825.00,4.04,18.50,0.22,1.21,3.03,14.84,28.64,22.85,24445175993.00,1.78,18.46,12.50,62.16,60.90,58.54,59.80,56.80
[object Object],BEN,"Franklin Resources, Inc.",NYSE,32.49,stock,common,100.00,1.00,false,0.00,USD,0.62,2208626.00,0.52,16883011746.00,USD,24.82,1.31,89.57,4.03,Finance,america,Finance,Neutral,Neutral,0.62,-0.58,-3.82,22.05,26.77,35.49,31.33,10.74,-7.44,13465.37,2.41,2.58,Neutral,Neutral,Neutral,Neutral,Neutral,Neutral,47.11,-1.01,-0.57,-85.56,20.59,19.99,doji,32.31,0.06,0.06,101.00,0.56,2208626.00,-43.58,32.49,0.00,387752.00,31.16,24.82,0.28,1.86,1.39,17.41,18.26,4.72,31199611746.00,3.48,23.46,17.77,32.76,33.12,32.43,29.36,26.84
[object Object],CVC,CVC Capital Partners plc,EURONEXT,14.15,stock,common,100.00,1.00,false,0.00,EUR,1.36,881803.00,0.92,16847429467.62,USD,18.31,0.91,261.92,3.34,Finance,netherlands,Finance,Buy,Buy,1.36,-3.21,10.81,9.86,-6.60,-0.63,-19.65,-18.40,-18.40,-18.40,3.10,3.08,Buy,Buy,StrongBuy,Strong buy,Neutral,Neutral,58.48,0.66,0.92,52.67,57.61,62.83,0.00,0.00,0.00,0.00,0.00,-0.43,881803.00,-29.32,14.15,0.00,518906.00,-17.62,18.31,0.07,8.25,9.30,24.80,25.99,21.47,18773996533.38,8.63,12.67,11.06,14.27,13.45,13.30,12.68,13.37
[object Object],GALP,"Galp Energia, SGPS S.A. Class B",EURONEXT,20.03,stock,common,100.00,1.00,false,0.00,EUR,-4.44,1840166.00,1.03,16793307604.87,USD,22.75,1.02,-35.41,3.20,Energy minerals,portugal,Energy Minerals,Buy,Buy,-4.44,5.98,7.72,2.72,26.49,37.95,18.70,139.88,60.37,238.92,2.69,2.07,Buy,Buy,StrongBuy,Strong buy,Sell,Sell,57.32,0.46,0.94,120.65,85.08,84.94,0.00,0.00,0.00,0.00,0.00,-1.19,1840166.00,-42.44,20.03,0.00,925389.00,16.86,22.75,0.00,0.79,3.61,7.36,14.09,6.13,19928422964.87,0.87,8.98,6.55,19.66,19.05,19.13,19.54,18.10
[object Object],HST,"Host Hotels & Resorts, Inc.",NASDAQ,24.50,stock,common,100.00,1.00,false,0.00,USD,2.25,8138706.00,0.94,16779542175.00,USD,16.73,1.46,51.79,3.27,Finance,america,Finance,Buy,Buy,2.25,3.73,-2.51,16.28,30.74,38.03,48.17,55.26,36.57,748.13,2.30,2.15,StrongBuy,Strong buy,StrongBuy,Strong buy,Buy,Buy,58.38,1.32,0.09,86.19,82.11,87.24,0.00,23.98,0.08,0.08,149.00,0.42,8138706.00,-24.00,24.50,0.00,1070786.00,46.44,16.73,0.32,2.68,2.46,10.97,18.38,9.92,20908542175.00,3.39,24.09,12.62,23.93,24.12,23.68,21.88,19.93
[object Object],AKAM,"Akamai Technologies, Inc.",NASDAQ,115.37,stock,common,100.00,1.00,false,0.00,USD,-1.70,3096781.00,0.95,16773120028.00,USD,38.86,2.97,0.15,0.00,Technology services,america,Technology Services,Buy,Buy,-1.70,-1.18,-3.25,19.15,19.52,32.15,43.78,-3.49,99.50,4.88,4.52,5.21,Sell,Sell,StrongSell,Strong sell,Buy,Buy,40.33,-10.82,-2.54,-51.63,35.28,52.86,0.00,117.67,0.26,-0.33,300.00,0.14,3096781.00,-5.16,115.30,-0.06,253326.00,51.88,38.86,266.35,4.13,3.42,10.95,22.63,18.60,21710380028.00,5.09,36.98,16.63,121.53,121.81,132.58,120.48,104.20
[object Object],TXT,Textron Inc.,NYSE,95.53,stock,common,100.00,1.00,false,0.00,USD,2.51,1028566.00,0.77,16611613765.00,USD,18.25,5.23,18.51,0.08,Electronic technology,america,Electronic Technology,Buy,Buy,2.51,5.74,10.39,6.40,-0.53,9.16,10.18,40.38,140.99,1331.83,2.77,2.66,StrongBuy,Strong buy,StrongBuy,Strong buy,Buy,Buy,63.79,4.62,1.17,209.95,73.20,57.12,0.00,0.00,0.00,0.00,0.00,0.38,1028566.00,-35.24,95.53,0.00,170580.00,5.02,18.25,0.96,1.08,2.08,12.76,19.59,10.45,19216613765.00,1.27,18.69,13.41,91.15,91.03,91.04,91.07,89.45
[object Object],IEX,IDEX Corporation,NYSE,223.27,stock,common,100.00,1.00,false,0.00,USD,0.47,582146.00,0.90,16525341154.00,USD,32.98,6.77,7.23,1.28,Producer manufacturing,america,Producer Manufacturing,Buy,Buy,0.47,-1.34,0.39,8.04,12.69,25.41,21.32,-2.04,156.69,7628.42,1.96,2.18,Buy,Buy,StrongBuy,Strong buy,Sell,Sell,52.55,1.11,-0.19,-4.68,45.54,42.01,spinning_top_white,0.00,0.00,0.00,0.00,0.32,582146.00,-1.28,223.27,0.00,97419.00,20.18,32.98,4.54,4.68,4.10,24.49,27.17,28.21,17834341154.00,5.05,24.07,18.75,223.28,223.14,218.55,209.51,196.09
[object Object],FBK,FinecoBank SpA,MIL,23.74,stock,common,100.00,1.00,false,0.00,EUR,0.94,1373732.00,0.80,16522324946.18,USD,22.49,1.24,-0.91,3.33,Finance,italy,Finance,StrongBuy,Strong buy,0.94,2.86,5.00,11.93,6.51,7.37,24.29,66.60,320.55,493.50,2.14,1.91,Buy,Buy,StrongBuy,Strong buy,Neutral,Neutral,63.31,0.89,0.84,120.44,89.30,90.47,0.00,0.00,0.00,0.00,0.00,0.38,1373732.00,-13.61,23.74,0.00,276.00,23.35,22.49,0.00,7.72,5.69,15.05,15.27,0.00,16237432144.66,7.08,0.00,0.00,23.38,22.79,22.07,21.18,21.04
[object Object],ASRNL,ASR Nederland N.V.,EURONEXT,69.96,stock,common,100.00,2.00,false,0.00,EUR,0.32,237604.00,0.79,16490601444.17,USD,29.77,2.76,-45.11,4.87,Finance,netherlands,Finance,Buy,Buy,0.32,1.54,5.20,10.77,15.41,14.84,19.18,104.08,292.70,242.10,1.21,1.28,StrongBuy,Strong buy,StrongBuy,Strong buy,Buy,Buy,67.22,1.92,2.82,93.20,80.17,85.30,0.00,0.00,0.00,0.00,0.00,-0.06,237604.00,-25.87,69.96,0.00,149078.00,19.33,29.77,0.00,0.66,1.63,0.00,0.00,0.00,28359902484.17,1.13,0.00,0.00,69.48,67.51,66.47,64.08,61.82
[object Object],NDSN,Nordson Corporation,NASDAQ,295.77,stock,common,100.00,1.00,false,0.00,USD,1.26,214123.00,0.62,16479697138.00,USD,31.56,9.37,20.56,1.11,Producer manufacturing,america,Producer Manufacturing,Buy,Buy,1.26,1.63,1.31,4.47,8.11,22.63,34.78,31.46,236.10,22554.49,1.92,2.27,StrongBuy,Strong buy,StrongBuy,Strong buy,Buy,Buy,56.81,9.17,-1.03,56.73,75.22,59.49,0.00,0.00,0.00,0.00,0.00,0.79,214123.00,11.02,295.77,0.00,70555.00,31.26,31.56,1.52,5.64,5.15,21.78,23.25,162.65,18351429138.00,6.32,23.58,19.80,289.83,291.94,288.48,281.85,267.06
[object Object],BKT,Bankinter SA,BME,16.08,stock,common,1000.00,5.00,false,0.00,EUR,2.68,1856143.00,1.26,16435524557.70,USD,0.00,0.00,0.00,3.11,Finance,spain,Finance,Neutral,Neutral,2.68,3.88,7.85,14.12,14.12,13.80,32.89,260.46,258.11,258.01,2.13,1.95,StrongBuy,Strong buy,StrongBuy,Strong buy,Buy,Buy,68.31,0.72,0.73,149.96,87.37,87.97,0.00,0.00,0.00,0.00,0.00,0.57,1856143.00,-42.13,0.00,0.00,0.00,36.36,0.00,0.00,4.06,2.16,0.00,0.00,0.00,35055381927.22,6.16,0.00,0.00,15.61,15.14,14.72,14.28,14.06
[object Object],TSCO,Tractor Supply Company,NASDAQ,31.02,stock,common,100.00,1.00,false,0.00,USD,2.31,12027915.00,1.13,16268428259.00,USD,16.20,1.92,-5.80,3.03,Retail trade,america,Retail Trade,Buy,Buy,2.31,-0.93,4.55,-17.84,-42.03,-37.92,-51.50,-17.32,69.68,10808.13,3.65,3.69,Buy,Buy,Buy,Buy,Buy,Buy,52.94,0.59,-0.48,-5.21,42.79,30.38,0.00,30.28,-0.13,-0.93,2748.00,0.48,12027915.00,-54.35,30.91,-0.34,1432002.00,-46.66,16.20,0.00,1.01,0.00,12.66,53.01,70.27,22581818259.00,1.43,16.09,11.80,30.31,30.53,30.58,36.63,44.97
[object Object],AAF,Airtel Africa Plc,LSE,334.20,stock,common,10.00,2.00,false,0.00,GBX,-3.30,5967196.00,1.91,16139939441.64,USD,23.00,0.19,104.65,1.61,Communications,uk,Communications,Buy,Buy,-3.30,0.18,-4.41,-7.58,-8.34,-6.07,81.63,293.18,334.03,334.03,4.93,3.89,Sell,Sell,StrongSell,Strong sell,Sell,Sell,46.88,7.60,-3.36,-14.92,69.71,69.33,0.00,0.00,0.00,0.00,0.00,-1.56,5967196.00,27.21,334.20,0.00,3293913.00,84.08,23.00,0.23,2.47,5.01,6.34,9.87,6.91,20718210001.09,3.06,9.07,6.12,340.90,341.35,341.07,350.95,333.39
[object Object],SOBI,Swedish Orphan Biovitrum AB,OMXSTO,457.40,stock,common,10.00,2.00,false,0.00,SEK,-0.22,250163.00,0.52,16105611936.46,USD,118.81,0.40,-69.44,0.00,Health technology,sweden,Health Technology,Buy,Buy,-0.22,1.24,-1.85,14.69,36.54,36.54,64.53,175.37,346.70,1293.57,2.60,2.84,Neutral,Neutral,Sell,Sell,Buy,Buy,47.38,-13.80,2.79,-76.43,38.71,43.65,0.00,0.00,0.00,0.00,0.00,0.00,250163.00,-45.86,0.00,0.00,0.00,70.73,118.81,0.00,5.24,3.76,20.37,20.44,147.98,17791487136.46,5.66,18.78,8.87,460.58,461.47,452.64,426.25,384.31
[object Object],PEO,Bank Polska Kasa Opieki S.A.,GPW,233.70,stock,common,10.00,1.00,false,0.00,PLN,0.34,234906.00,0.42,16091737694.90,USD,9.35,6.73,0.27,8.46,Finance,poland,Finance,Buy,Buy,0.34,0.39,1.21,-1.56,8.29,13.94,17.79,152.65,81.37,150.75,1.76,2.16,Sell,Sell,Sell,Sell,Neutral,Neutral,49.18,-10.60,0.75,13.59,46.23,48.80,0.00,0.00,0.00,0.00,0.00,-0.13,234906.00,-25.39,0.00,0.00,0.00,15.80,9.35,33.91,3.34,1.70,9.34,10.28,0.00,19929771894.90,3.15,0.00,0.00,234.94,233.41,234.52,230.91,218.05
[object Object],WKL,Wolters Kluwer N.V.,EURONEXT,62.46,stock,common,100.00,2.00,false,0.00,EUR,4.52,1177535.00,1.33,16049253518.11,USD,11.07,6.63,24.68,4.03,Technology services,netherlands,Technology Services,Buy,Buy,4.52,-0.92,10.35,-4.93,-24.80,-29.57,-55.06,-33.83,65.35,140.42,3.22,3.34,Buy,Buy,Buy,Buy,Buy,Buy,57.86,1.96,1.11,74.75,52.23,51.24,marubozu_white_bullish,0.00,0.00,0.00,0.00,1.10,1177535.00,16.18,62.46,0.00,446115.00,-57.61,11.07,0.43,2.25,17.70,8.62,8.73,15.43,20643858358.11,2.87,11.49,8.82,61.50,59.25,60.56,62.93,75.44
[object Object],MAS,Masco Corporation,NYSE,79.27,stock,common,100.00,1.00,false,0.00,USD,2.50,1867555.00,0.98,15991488067.00,USD,19.69,4.03,10.02,0.00,Producer manufacturing,america,Producer Manufacturing,Buy,Buy,2.50,-0.84,6.95,5.38,13.49,24.52,16.83,32.65,134.39,13477.35,2.30,2.80,StrongBuy,Strong buy,StrongBuy,Strong buy,Neutral,Neutral,56.53,1.43,1.02,-1.99,38.35,29.48,0.00,0.00,0.00,0.00,0.00,0.27,1867555.00,-0.31,79.27,0.00,318254.00,15.59,19.69,1.92,2.05,0.00,14.70,17.17,41.68,19174488067.00,2.50,14.86,13.31,77.98,77.50,73.92,69.61,68.29
[object Object],CON,Continental AG,XETR,70.08,stock,common,100.00,2.00,false,0.00,EUR,1.21,302391.00,0.90,15944518218.75,USD,0.00,-0.19,-102.56,3.85,Consumer durables,germany,Consumer Durables,Buy,Buy,1.21,-2.67,-4.00,6.50,7.16,3.18,20.11,-11.08,-43.58,587.63,2.09,2.46,Sell,Sell,Sell,Sell,Neutral,Neutral,43.87,-2.78,-1.33,-152.59,12.95,15.11,engulfing_bullish,68.66,-0.84,-0.52,50.00,-0.78,302391.00,-49.53,70.30,0.31,200449.00,-3.91,0.00,0.00,0.72,3.21,5.92,10.71,9.38,22021363738.75,0.99,11.52,7.07,71.55,72.48,71.19,67.59,66.96
[object Object],KGH,KGHM Polska Miedz S.A.,GPW,303.50,stock,common,100.00,5.00,false,0.00,PLN,0.50,467601.00,0.69,15924038000.00,USD,8.81,9.27,148.23,0.49,Non-energy minerals,poland,Non-Energy Minerals,Neutral,Neutral,0.50,1.23,-14.27,-4.77,-4.56,7.78,118.35,58.16,298.76,1191.49,2.96,3.51,Sell,Sell,StrongSell,Strong sell,Neutral,Neutral,43.38,-5.45,-25.59,-62.45,35.04,32.12,0.00,0.00,0.00,0.00,0.00,0.33,467601.00,-31.11,0.00,0.00,0.00,122.84,8.81,0.06,1.52,1.64,10.54,96.04,108.39,17441937240.00,1.63,8.95,6.37,305.49,328.48,333.54,318.13,285.93
[object Object],J,Jacobs Solutions Inc.,NYSE,134.56,stock,common,100.00,1.00,false,0.00,USD,1.94,699420.00,0.87,15888962818.00,USD,41.46,3.25,-10.48,1.01,Technology services,america,Technology Services,Buy,Buy,1.94,2.30,11.52,5.92,-3.98,1.43,-5.24,21.31,207.96,39577.71,1.89,2.51,StrongBuy,Strong buy,StrongBuy,Strong buy,Buy,Buy,65.45,8.73,4.56,160.11,71.28,61.08,0.00,0.00,0.00,0.00,0.00,0.48,699420.00,20.50,136.76,1.63,142370.00,-6.50,41.46,0.00,1.18,4.83,27.57,32.59,10.60,18950266818.00,1.44,29.57,21.62,130.57,126.90,123.13,125.71,134.44
[object Object],METSO,Metso Corporation,OMXHEX,16.86,stock,common,100.00,1.00,false,0.00,EUR,8.08,1888287.00,1.62,15881338742.67,USD,28.20,0.68,90.29,2.31,Producer manufacturing,finland,Producer Manufacturing,Buy,Buy,8.08,11.43,12.63,10.34,2.31,12.40,50.20,75.81,247.63,439.52,3.53,2.99,StrongBuy,Strong buy,StrongBuy,Strong buy,Buy,Buy,66.05,1.60,0.24,269.29,85.68,65.33,0.00,0.00,0.00,0.00,0.00,3.53,1888287.00,19.95,0.00,0.00,0.00,32.26,28.20,0.29,2.41,5.36,22.23,30.48,36.45,17280537542.67,2.82,18.19,14.78,15.50,15.31,15.44,15.41,15.12
[object Object],PZU,Powszechny Zaklad Ubezpieczen Spolka Akcyjna,GPW,69.60,stock,common,100.00,2.00,false,0.00,PLN,0.00,689416.00,0.44,15763739293.48,USD,9.54,1.97,7.75,6.42,Finance,poland,Finance,Buy,Buy,0.00,0.46,3.88,6.95,-0.77,3.88,11.40,88.01,134.19,99.43,1.82,2.06,Buy,Buy,StrongBuy,Strong buy,Neutral,Neutral,57.68,0.18,2.71,66.11,67.46,78.93,long_upper_shadow_bearish,0.00,0.00,0.00,0.00,0.00,689416.00,-42.35,0.00,0.00,0.00,11.58,9.54,1.23,0.90,1.63,3.38,3.71,0.00,36588550833.48,2.03,0.00,0.00,69.73,68.05,66.43,65.68,65.03
[object Object],DOC,"Healthpeak Properties, Inc.",NYSE,22.27,stock,common,100.00,1.00,false,0.00,USD,0.86,7422016.00,1.29,15731966547.00,USD,69.86,0.32,-19.66,5.48,Finance,america,Finance,Buy,Buy,0.86,-0.58,8.85,35.79,25.18,38.84,17.21,-38.43,-42.75,25.82,2.13,2.00,Buy,Buy,StrongBuy,Strong buy,Neutral,Neutral,61.66,0.62,1.11,83.19,59.86,67.48,0.00,22.08,0.00,-0.32,321.00,0.45,7422016.00,24.60,22.26,-0.04,2378872.00,22.30,69.86,0.00,5.34,1.98,12.25,13.72,12.23,26412643547.00,9.19,50.46,16.47,22.14,21.39,20.68,18.90,18.14
[object Object],KRX,Kingspan Group PLC,EURONEXT,76.10,stock,common,100.00,5.00,false,0.00,EUR,1.53,246117.00,0.87,15612169346.66,USD,20.71,4.32,1.40,0.72,Non-energy minerals,ireland,Non-Energy Minerals,Buy,Buy,1.53,-2.31,-7.48,-2.00,5.26,2.70,1.26,-14.57,240.95,2782.58,2.30,2.75,Sell,Sell,StrongSell,Strong sell,Neutral,Neutral,41.97,-3.45,-4.70,-109.73,18.51,19.07,0.00,0.00,0.00,0.00,0.00,-0.13,246117.00,19.61,76.10,0.00,136457.00,4.29,20.71,14.55,1.49,3.06,16.58,29.40,23.75,18291464414.66,1.69,17.26,12.80,76.80,80.24,79.36,77.65,75.35
[object Object],MAA,"Mid-America Apartment Communities, Inc.",NYSE,133.88,stock,common,100.00,1.00,false,0.00,USD,0.85,898477.00,0.82,15581598097.00,USD,40.60,3.30,-31.37,4.55,Finance,america,Finance,Neutral,Neutral,0.85,-1.17,-0.10,6.25,-0.51,-3.34,-12.45,-28.43,25.29,519.10,1.20,1.82,Neutral,Neutral,Sell,Sell,Neutral,Neutral,47.66,-1.37,-3.77,-60.35,12.44,9.33,0.00,133.32,0.43,0.00,300.00,0.68,898477.00,-25.06,133.57,-0.23,201967.00,-12.32,40.60,0.00,7.00,2.80,15.15,22.80,184.16,21326765097.00,9.63,33.91,16.92,133.33,136.08,134.27,130.56,132.15
[object Object],GEN,Gen Digital Inc.,NASDAQ,25.84,stock,common,100.00,1.00,false,0.00,USD,3.07,2691162.00,0.70,15566892040.00,USD,16.33,1.58,53.60,1.93,Technology services,america,Technology Services,Buy,Buy,3.07,-3.08,11.81,36.86,2.66,-5.10,-15.47,0.16,26.54,3495.13,2.82,3.35,Buy,Buy,Buy,Buy,Neutral,Neutral,52.09,-0.07,0.64,-24.59,22.15,32.55,0.00,25.53,1.83,1.12,1280.00,1.60,2691162.00,-33.32,26.00,0.62,545441.00,-14.20,16.33,0.30,3.05,5.92,10.19,10.33,38.29,23415892040.00,4.68,10.87,8.84,26.22,25.30,25.24,22.67,24.27
[object Object],SRT3,Sartorius AG Pref,XETR,221.00,stock,preferred,10.00,1.00,false,0.00,EUR,-0.36,115871.00,0.74,15526088400.04,USD,77.82,3.24,88.34,0.33,Health technology,germany,Health Technology,Buy,Buy,-0.36,-9.94,3.85,1.14,-15.33,-10.74,14.51,-55.68,226.15,12263.64,8.53,4.93,StrongSell,Strong sell,StrongSell,Strong sell,Sell,Sell,42.19,-21.00,-4.54,-97.87,30.87,31.89,0.00,0.00,0.00,0.00,0.00,0.81,115871.00,-64.91,221.10,0.05,52283.00,16.78,77.82,0.88,4.28,5.41,21.35,55.84,52.44,21140857048.04,5.17,29.23,17.51,235.60,229.06,231.64,224.82,232.12
[object Object],ANA,Acciona SA,BME,247.60,stock,common,10.00,2.00,false,0.00,EUR,0.41,46662.00,1.07,15391851307.95,USD,16.80,17.31,90.20,1.73,Industrial services,spain,Industrial Services,Sell,Sell,0.41,1.06,-11.57,3.17,36.42,33.05,49.43,90.17,262.47,345.32,2.61,2.99,Sell,Sell,Sell,Sell,Neutral,Neutral,43.92,-2.60,-8.22,-63.80,24.91,25.66,0.00,0.00,0.00,0.00,0.00,-0.65,46662.00,12.21,0.00,0.00,0.00,52.52,16.80,0.19,0.66,2.87,6.28,35.61,2.50,26074677267.95,1.10,12.88,7.22,249.06,260.19,255.47,244.08,215.98
[object Object],CPT,Camden Property Trust,NYSE,113.73,stock,common,100.00,1.00,false,0.00,USD,0.79,792864.00,0.80,15378541171.00,USD,31.78,3.58,229.13,3.71,Finance,america,Finance,Neutral,Neutral,0.79,-1.10,2.89,11.02,7.17,3.75,-1.30,-22.66,26.87,399.91,1.14,1.76,Buy,Buy,StrongBuy,Strong buy,Neutral,Neutral,53.02,0.77,-0.88,-41.64,16.67,12.32,long_lower_shadow_bullish,112.70,-0.12,-0.12,300.00,0.70,792864.00,11.07,113.73,0.00,151870.00,-5.27,31.78,0.14,7.47,2.94,14.43,32.20,91.56,19599281171.00,12.38,67.98,21.77,113.01,113.44,111.29,106.74,106.26
[object Object],NWSA,News Corporation Class A,NASDAQ,26.76,stock,common,100.00,1.00,false,0.00,USD,1.63,3137024.00,1.05,15275828325.00,USD,35.75,0.75,-12.30,0.75,Consumer services,america,Consumer Services,StrongBuy,Strong buy,1.63,-6.92,6.02,1.02,0.49,2.37,-8.73,5.11,118.81,75.13,2.27,2.65,Buy,Buy,Buy,Buy,Buy,Buy,48.58,-0.61,0.84,-25.42,25.21,44.64,harami_bullish,0.00,0.00,0.00,0.00,0.08,3137024.00,-32.86,26.55,-0.80,759272.00,-8.33,35.75,0.00,1.66,1.72,14.92,26.55,6.85,16730828325.00,1.90,15.98,10.98,27.67,26.48,26.47,25.79,25.74
[object Object],NWS,News Corporation Class B,NASDAQ,30.19,stock,common,100.00,1.00,false,0.00,USD,1.48,759200.00,0.73,15275828325.00,USD,40.33,0.75,-12.30,0.66,Consumer services,america,Consumer Services,Neutral,Neutral,1.48,-7.51,6.12,-0.74,-2.46,1.86,-10.55,28.09,131.70,98.49,2.52,2.83,Buy,Buy,Buy,Buy,Neutral,Neutral,47.50,-0.74,0.89,-32.35,24.65,44.22,0.00,29.80,0.17,-0.34,9961.00,-0.20,759200.00,-29.62,32.15,6.49,85572.00,-8.33,40.33,0.00,1.88,1.94,16.83,29.96,7.73,16730828325.00,1.90,15.98,10.98,31.35,30.02,30.14,29.42,29.34
[object Object],EG,"Everest Group, Ltd.",NYSE,385.12,stock,common,100.00,1.00,false,0.00,USD,2.55,313057.00,0.88,15239815118.00,USD,7.84,49.10,147.66,2.08,Finance,america,Finance,Neutral,Neutral,2.55,2.63,11.81,10.19,20.37,13.88,15.62,58.96,113.24,1953.97,1.84,2.18,StrongBuy,Strong buy,StrongBuy,Strong buy,Buy,Buy,66.00,14.54,20.46,129.23,68.90,65.66,0.00,0.00,0.00,0.00,0.00,0.33,313057.00,-23.61,385.12,0.00,80214.00,6.86,7.84,0.05,0.86,1.00,5.04,5.04,0.00,18828815118.00,1.09,0.00,0.00,375.95,360.67,352.36,343.94,336.84
[object Object],DVA,DaVita Inc.,NYSE,235.44,stock,common,100.00,1.00,false,0.00,USD,0.50,535285.00,0.85,15115247438.00,USD,22.60,10.42,3.12,0.00,Health services,america,Health Services,Neutral,Neutral,0.50,0.47,11.27,52.47,116.72,107.11,55.71,95.24,203.09,6626.82,2.35,2.88,Buy,Buy,StrongBuy,Strong buy,Neutral,Neutral,64.31,2.64,14.21,53.94,62.66,67.18,spinning_top_white,0.00,0.00,0.00,0.00,0.32,535285.00,11.41,235.44,0.00,82046.00,42.75,22.60,7.20,1.17,0.00,8.00,10.86,21.66,29391044438.00,2.12,14.33,10.62,234.38,224.19,212.64,184.30,153.84
[object Object],BG,BAWAG Group AG,VIE,172.00,stock,common,10.00,1.00,false,0.00,EUR,0.47,90837.00,0.68,15065844640.00,USD,16.73,12.08,10.26,3.63,Finance,austria,Finance,StrongBuy,Strong buy,0.47,-0.58,0.64,17.49,24.37,34.06,57.80,273.26,258.33,258.33,2.52,1.97,Neutral,Neutral,Neutral,Neutral,Neutral,Neutral,50.69,-4.30,1.58,-89.75,30.61,40.19,0.00,0.00,0.00,0.00,0.00,-0.29,90837.00,-36.45,172.00,0.00,67030.00,53.18,16.73,1.62,5.35,2.74,0.00,0.00,0.00,20154150520.00,4.23,0.00,0.00,173.80,173.78,165.12,151.37,137.37
[object Object],REG,Regency Centers Corporation,NASDAQ,82.15,stock,common,100.00,1.00,false,0.00,USD,1.19,1635483.00,1.31,15041402544.00,USD,28.19,2.91,37.47,3.62,Finance,america,Finance,Buy,Buy,1.19,-1.10,3.86,1.82,16.08,19.63,15.22,26.19,-0.58,326.75,1.39,1.63,StrongBuy,Strong buy,StrongBuy,Strong buy,Buy,Buy,58.63,2.53,1.98,71.77,62.45,64.38,0.00,81.18,0.00,0.00,300.00,0.02,1635483.00,12.86,82.15,0.00,290400.00,19.36,28.19,0.74,9.37,2.25,18.34,39.38,103.50,20990062544.00,13.21,35.35,20.82,81.51,80.24,79.21,78.55,74.95
[object Object],MAP,Mapfre SA,BME,4.33,stock,common,1000.00,2.00,false,0.00,EUR,-4.67,7697226.00,4.22,15013711059.22,USD,11.22,0.44,10.93,3.38,Finance,spain,Finance,Neutral,Neutral,-4.67,-2.17,1.12,5.41,10.13,1.45,25.81,147.17,103.19,233.95,1.81,1.59,Sell,Sell,Sell,Sell,Sell,Sell,46.07,-0.09,0.17,-118.83,61.12,76.06,0.00,0.00,0.00,0.00,0.00,-3.96,7697226.00,508.54,0.00,0.00,0.00,29.80,11.22,1.08,0.46,1.32,5.25,5.39,0.00,19561334671.22,0.57,0.00,0.00,4.46,4.36,4.24,4.10,4.06
[object Object],IPN,Ipsen SA,EURONEXT,158.40,stock,common,10.00,1.00,false,0.00,EUR,-2.82,95940.00,0.93,14903374155.06,USD,29.78,6.25,28.24,1.01,Health technology,france,Health Technology,Buy,Buy,-2.82,0.51,-2.82,-4.06,16.21,33.45,43.87,82.19,187.95,613.51,2.13,2.49,Sell,Sell,StrongSell,Strong sell,Neutral,Neutral,43.46,-4.30,-0.55,-103.36,33.21,36.84,spinning_top_white,0.00,0.00,0.00,0.00,-3.25,95940.00,38.98,158.40,0.00,49090.00,51.41,29.78,1.09,3.68,3.02,11.55,12.73,8.62,14273052159.06,3.31,12.20,7.49,160.68,162.44,160.28,160.73,145.49
[object Object],SOON,Sonova Holding AG,SIX,211.40,stock,common,10.00,2.00,false,0.00,CHF,1.25,124675.00,0.94,14889287022.77,USD,29.27,9.04,-20.12,2.22,Health technology,switzerland,Health Technology,Neutral,Neutral,1.25,1.63,9.99,20.59,-4.39,2.08,-10.42,-39.87,58.69,675.26,2.44,2.18,StrongBuy,Strong buy,StrongBuy,Strong buy,Buy,Buy,60.70,8.40,6.45,114.15,69.84,62.41,0.00,0.00,0.00,0.00,0.00,0.19,124675.00,-13.03,211.40,0.00,41816.00,-12.56,29.27,0.00,3.45,4.80,18.41,20.90,17.40,16125527022.77,3.57,17.35,12.85,206.76,200.80,201.72,192.07,200.85
[object Object],LOGN,Logitech International S.A.,SIX,85.96,stock,common,100.00,2.00,false,0.00,CHF,1.92,386441.00,0.62,14848133611.54,USD,22.35,4.81,5.00,1.47,Electronic technology,switzerland,Electronic Technology,Buy,Buy,1.92,6.54,1.70,15.44,19.09,7.45,10.83,-22.70,417.83,218.96,2.83,2.99,Buy,Buy,StrongBuy,Strong buy,Neutral,Neutral,59.08,3.34,1.21,111.41,90.64,90.07,0.00,0.00,0.00,0.00,0.00,-0.24,386441.00,2.43,85.96,0.00,147433.00,2.58,22.35,4.39,3.19,6.94,15.18,16.14,9.03,13221948829.76,2.72,16.49,15.03,83.32,82.28,84.91,79.88,81.47
[object Object],MONC,Moncler SpA,MIL,47.94,stock,common,100.00,1.00,false,0.00,EUR,1.25,2421069.00,1.47,14762483666.77,USD,0.00,0.00,0.00,2.92,Consumer non-durables,italy,Consumer Non-Durables,Buy,Buy,1.25,-6.98,-6.44,-11.02,-3.35,-14.09,0.29,-18.80,221.96,232.92,3.51,2.92,Sell,Sell,StrongSell,Strong sell,Neutral,Neutral,36.50,-2.00,-1.78,-243.85,31.64,49.29,0.00,0.00,0.00,0.00,0.00,-0.42,2421069.00,-63.56,47.94,0.00,547.00,0.48,0.00,0.00,0.00,0.00,0.00,0.00,0.00,14762483666.77,4.04,13.84,0.00,50.48,51.22,52.18,52.70,53.21
[object Object],ING,ING Bank Slaski S.A.,GPW,432.00,stock,common,10.00,2.00,false,0.00,PLN,-0.92,14139.00,0.68,14744348179.79,USD,12.66,9.19,1.16,6.18,Finance,poland,Finance,Sell,Sell,-0.92,-4.76,-4.55,2.52,18.03,26.50,32.31,134.78,242.59,540.00,2.07,2.54,Sell,Sell,Sell,Sell,Sell,Sell,38.22,-41.80,-11.79,-148.23,7.59,13.00,0.00,0.00,0.00,0.00,0.00,0.00,14139.00,-9.21,0.00,0.00,0.00,38.42,12.66,10.97,4.52,2.73,0.00,0.00,0.00,21093500859.79,4.49,0.00,0.00,452.24,454.89,443.18,426.54,389.13
[object Object],KRZ,Kerry Group PLC,EURONEXT,81.50,stock,common,100.00,5.00,false,0.00,EUR,1.62,223077.00,0.87,14716446277.99,USD,20.41,4.69,-2.06,1.72,Process industries,ireland,Process Industries,Buy,Buy,1.62,-2.69,4.96,21.64,10.96,6.33,-8.58,-34.03,1.88,432.68,2.26,1.99,Buy,Buy,Buy,Buy,Buy,Buy,52.41,-1.25,1.66,-122.30,29.01,25.25,marubozu_white_bullish,0.00,0.00,0.00,0.00,-0.56,223077.00,-37.15,81.50,0.00,154059.00,-11.26,20.41,0.00,1.94,2.21,17.65,27.00,38.23,17234321581.99,2.17,16.34,12.15,82.42,80.67,78.02,73.42,75.04
[object Object],INF,Informa Plc,LSE,881.00,stock,common,10.00,2.00,false,0.00,GBX,3.07,1905795.00,0.56,14672373925.68,USD,872.28,0.01,-95.44,2.50,Technology services,uk,Technology Services,StrongBuy,Strong buy,3.07,-1.67,1.12,11.49,-5.55,-0.97,0.80,77.23,27.25,269.47,1.93,2.05,Buy,Buy,Buy,Buy,Neutral,Neutral,51.88,-12.40,-1.81,-107.17,17.73,13.66,marubozu_white_bullish,0.00,0.00,0.00,0.00,-0.19,1905795.00,26.18,881.00,0.00,1265198.00,2.15,872.28,0.00,2.71,2.00,12.60,13.00,34.11,19674843145.68,3.61,18.40,11.79,881.44,884.50,854.87,821.16,861.55
[object Object],ADM,Admiral Group plc,LSE,3588.00,stock,common,1.00,2.00,false,0.00,GBX,0.79,233503.00,0.53,14632368942.47,USD,14.33,3.37,15.65,5.71,Finance,uk,Finance,Buy,Buy,0.79,0.34,7.04,5.50,28.05,11.50,7.49,7.68,69.57,1152.36,2.13,2.02,Buy,Buy,StrongBuy,Strong buy,Neutral,Neutral,54.74,-46.00,57.89,-48.98,31.00,25.94,0.00,0.00,0.00,0.00,0.00,-0.11,233503.00,-44.79,3588.00,0.00,161668.00,9.68,14.33,0.91,1.96,7.61,15.12,16.85,0.00,17153774262.47,2.29,0.00,0.00,3580.40,3535.27,3463.04,3351.79,3210.50
[object Object],MBK,mBank SA,GPW,1303.50,stock,common,10.00,5.00,false,0.00,PLN,-0.38,19714.00,0.87,14549728801.32,USD,14.63,23.99,40.98,0.00,Finance,poland,Finance,Sell,Sell,-0.38,-7.13,-8.07,10.56,27.05,21.54,53.61,319.67,320.42,40368.80,2.99,3.05,Sell,Sell,Sell,Sell,Sell,Sell,37.12,-126.50,-31.38,-186.63,11.95,26.47,0.00,0.00,0.00,0.00,0.00,0.04,19714.00,-55.90,0.00,0.00,0.00,60.15,14.63,0.36,4.00,2.48,12.70,16.25,0.00,14362680381.32,2.91,0.00,0.00,1381.05,1397.00,1342.76,1231.82,1125.04
[object Object],GJF,Gjensidige Forsikring ASA,OSL,279.00,stock,common,10.00,2.00,false,0.00,NOK,0.65,166906.00,0.56,14506262345.25,USD,20.08,1.40,5.89,3.58,Finance,norway,Finance,Neutral,Neutral,0.65,1.01,7.31,7.47,0.50,-7.62,0.36,38.26,100.86,372.88,1.33,1.63,Buy,Buy,StrongBuy,Strong buy,Neutral,Neutral,58.89,7.20,8.33,82.07,64.28,61.83,0.00,0.00,0.00,0.00,0.00,0.29,166906.00,-20.08,279.00,0.00,81671.00,-1.49,20.08,3.39,2.69,6.33,17.96,18.62,0.00,15271212785.25,3.04,0.00,0.00,277.82,271.64,264.56,262.08,271.40
[object Object],LIFCO_B,Lifco AB Class B,OMXSTO,312.60,stock,common,10.00,2.00,false,0.00,SEK,0.64,214048.00,0.50,14496975880.42,USD,36.85,0.87,12.86,0.86,Producer manufacturing,sweden,Producer Manufacturing,Buy,Buy,0.64,-6.07,3.99,0.13,-2.56,-11.44,-11.94,27.70,500.92,1320.91,2.73,2.38,Neutral,Neutral,Sell,Sell,Neutral,Neutral,46.90,-5.80,-0.71,-112.84,24.84,25.26,0.00,0.00,0.00,0.00,0.00,-0.26,214048.00,-29.07,0.00,0.00,0.00,-9.00,36.85,2.85,4.82,6.98,27.14,29.80,106.20,15590466880.42,5.19,28.11,20.67,321.68,317.26,309.00,300.65,319.25
[object Object],RTO,Rentokil Initial plc,LSE,426.00,stock,common,10.00,1.00,false,0.00,GBX,-0.81,13896737.00,2.98,14257340748.33,USD,30.36,0.19,15.57,2.15,Commercial services,uk,Commercial Services,Buy,Buy,-0.81,-4.57,-0.14,-13.59,-11.12,-4.70,15.82,-19.26,104.02,217.91,2.11,2.03,StrongSell,Strong sell,StrongSell,Strong sell,Neutral,Neutral,35.68,-14.00,-0.89,-143.11,28.16,42.67,0.00,0.00,0.00,0.00,0.00,-0.35,13896737.00,61.65,426.00,0.00,3715153.00,25.94,30.36,1.97,2.08,2.62,14.82,18.83,6.26,18025706087.91,2.55,18.67,10.82,441.39,440.08,445.84,463.27,449.94
[object Object],LUND_B,L E Lundbergforetagen AB Class B,OMXSTO,562.00,stock,common,10.00,5.00,false,0.00,SEK,2.09,81703.00,0.95,14230289600.00,USD,10.19,5.80,166.84,0.87,Finance,sweden,Finance,Neutral,Neutral,2.09,0.63,3.31,2.18,8.60,9.87,14.37,-5.86,121.70,1837.93,1.80,1.68,Buy,Buy,StrongBuy,Strong buy,Neutral,Neutral,56.58,8.50,3.50,57.87,56.61,46.60,marubozu_white_bullish,0.00,0.00,0.00,0.00,0.09,81703.00,25.38,0.00,0.00,0.00,14.81,10.19,0.06,4.72,1.04,16.13,21.72,0.00,22087905600.00,7.27,25.16,21.30,555.35,553.17,546.74,543.30,530.59
[object Object],SWK,"Stanley Black & Decker, Inc.",NYSE,91.26,stock,common,100.00,1.00,false,0.00,USD,4.40,1777523.00,1.40,14186875322.00,USD,37.39,2.44,3.67,3.64,Consumer durables,america,Consumer Durables,Neutral,Neutral,4.40,1.55,7.21,19.81,9.48,21.99,24.18,-55.66,-24.33,4058.64,3.70,3.52,StrongBuy,Strong buy,StrongBuy,Strong buy,Neutral,Neutral,57.71,3.04,1.46,32.55,55.39,43.45,0.00,0.00,0.00,0.00,0.00,1.57,1777523.00,21.39,91.26,0.00,261948.00,29.23,37.39,9.76,0.87,1.58,13.87,19.17,40.56,20345175322.00,1.34,16.21,11.63,88.69,88.35,84.08,78.91,77.40
[object Object],EVO,Evolution AB,OMXSTO,695.00,stock,common,10.00,2.00,false,0.00,SEK,0.75,732817.00,0.84,14137020509.98,USD,11.97,5.96,-12.30,0.00,Technology services,sweden,Technology Services,Neutral,Neutral,0.75,3.79,0.70,12.46,18.16,10.14,-18.71,-51.99,1246.90,3666.94,3.11,3.19,StrongBuy,Strong buy,StrongBuy,Strong buy,Buy,Buy,53.05,11.00,6.56,73.62,63.81,66.07,0.00,0.00,0.00,0.00,0.00,-0.12,732817.00,-3.19,0.00,0.00,0.00,-19.80,11.97,0.00,6.08,2.88,9.60,10.16,10.74,12935727881.98,5.62,9.73,8.52,695.16,686.75,691.19,647.56,636.07
[object Object],LDOS,"Leidos Holdings, Inc.",NYSE,112.14,stock,common,100.00,1.00,false,0.00,USD,1.64,1190630.00,0.87,14105582423.00,USD,10.26,10.93,10.00,1.51,Technology services,america,Technology Services,Buy,Buy,1.64,3.18,5.74,-23.58,-42.49,-37.56,-31.58,5.79,121.58,140.15,2.79,3.46,Buy,Buy,Buy,Buy,Buy,Buy,55.09,5.12,-1.82,209.96,67.78,55.46,long_upper_shadow_bearish,0.00,0.00,0.00,0.00,1.52,1190630.00,-2.26,112.14,0.00,213380.00,-35.98,10.26,1.01,0.81,2.81,7.20,7.72,26.68,20562582423.00,1.19,9.74,8.55,107.78,107.88,114.96,135.83,161.79
[object Object],BOL,Boliden AB,OMXSTO,481.40,stock,common,10.00,1.00,false,0.00,SEK,1.26,804999.00,0.63,13969948543.90,USD,10.79,4.58,52.37,2.29,Non-energy minerals,sweden,Non-Energy Minerals,Neutral,Neutral,1.26,-4.29,-12.85,-10.95,-18.71,-6.78,48.76,61.01,198.42,3.10,3.86,3.39,Sell,Sell,StrongSell,Strong sell,Neutral,Neutral,39.31,-38.60,-41.12,-145.23,25.45,24.81,0.00,0.00,0.00,0.00,0.00,-0.11,804999.00,-34.21,0.00,0.00,0.00,68.70,10.79,0.20,1.30,1.70,6.56,28.65,32.56,15863699343.90,1.49,9.46,5.88,501.73,528.47,534.49,544.74,529.13
[object Object],HRL,Hormel Foods Corporation,NYSE,25.31,stock,common,100.00,1.00,false,0.00,USD,1.16,2468112.00,0.75,13928470873.00,USD,29.85,0.85,-37.64,4.60,Consumer non-durables,america,Consumer Non-Durables,Neutral,Neutral,1.16,-2.65,1.65,16.15,3.77,6.34,-14.29,-46.42,-31.30,21497.77,1.61,2.38,Buy,Buy,StrongBuy,Strong buy,Neutral,Neutral,56.91,0.58,0.28,14.44,52.81,52.92,0.00,0.00,0.00,0.00,0.00,-0.36,2468112.00,-15.00,25.15,-0.62,435333.00,-12.80,29.85,0.00,1.13,1.75,13.84,20.12,16.22,15939508873.00,1.30,16.91,13.14,25.15,24.96,23.79,22.88,23.28
[object Object],NVMI,Nova Ltd.,NASDAQ,437.98,stock,common,100.00,1.00,false,0.00,USD,-3.82,491490.00,1.02,13920306573.00,USD,54.93,7.97,21.04,0.00,Electronic technology,america,Electronic Technology,Buy,Buy,-3.82,2.09,-16.95,-17.43,-5.31,30.35,64.13,353.16,3731.85,2333.22,4.40,5.86,Sell,Sell,StrongSell,Strong sell,Sell,Sell,40.68,-37.92,-51.39,-81.36,36.76,33.87,0.00,457.50,0.47,0.92,4281.00,0.47,491490.00,58.67,437.98,0.00,148688.00,69.99,54.93,2.71,17.38,10.03,65.01,72.71,13.73,13621933573.00,15.09,52.18,47.91,452.14,498.56,501.77,489.98,429.01
[object Object],SY1,Symrise AG,XETR,86.90,stock,common,100.00,2.00,false,0.00,EUR,1.54,186745.00,0.64,13817021337.69,USD,48.72,2.10,-47.86,1.44,Process industries,germany,Process Industries,Buy,Buy,1.54,-2.80,0.81,18.30,19.83,25.98,-3.06,-29.38,35.93,403.77,2.28,2.11,Buy,Buy,Buy,Buy,Buy,Buy,50.05,-1.70,0.27,-132.20,26.83,25.45,marubozu_white_bullish,84.98,-0.70,-0.70,188.00,-0.19,186745.00,-56.68,86.72,-0.21,122787.00,-0.76,48.72,0.00,2.43,3.27,16.92,23.31,12.03,15665577951.33,2.71,22.81,15.10,87.88,87.64,84.06,78.68,75.70
[object Object],COLO_B,Coloplast A/S Class B,OMXCOP,403.60,stock,common,10.00,1.00,false,0.00,DKK,1.20,289254.00,0.83,13784998407.19,USD,43.19,1.44,-53.71,5.70,Health technology,denmark,Health Technology,Neutral,Neutral,1.20,-2.75,8.88,-1.56,-27.28,-26.05,-34.59,-64.16,-22.90,491.79,2.25,2.58,Buy,Buy,Neutral,Neutral,Buy,Buy,52.00,2.60,18.57,15.15,31.75,49.52,0.00,0.00,0.00,0.00,0.00,0.50,289254.00,-10.54,0.00,0.00,0.00,-30.25,43.19,0.00,3.20,7.08,11.98,14.98,85.25,17300838207.19,4.00,15.06,9.41,409.53,393.39,393.68,413.38,486.21
[object Object],AIZ,"Assurant, Inc.",NYSE,276.94,stock,common,100.00,1.00,false,0.00,USD,1.15,235468.00,0.78,13721722972.00,USD,14.10,19.64,53.11,1.24,Finance,america,Finance,Buy,Buy,1.15,0.42,3.96,20.88,17.30,15.57,48.14,78.75,215.64,1066.06,1.46,1.87,StrongBuy,Strong buy,StrongBuy,Strong buy,Neutral,Neutral,61.22,-1.95,5.38,7.40,30.41,31.42,0.00,273.80,0.00,0.00,100.00,0.08,235468.00,-16.57,276.94,0.00,44431.00,43.85,14.10,0.26,1.04,2.34,8.27,9.57,0.00,15929222972.00,1.21,0.00,0.00,275.83,270.71,263.44,244.06,235.67
[object Object],COO,"Cooper Companies, Inc.",NASDAQ,70.31,stock,common,100.00,1.00,false,0.00,USD,0.11,1466649.00,0.76,13712602725.00,USD,59.38,1.18,-42.57,0.00,Health technology,america,Health Technology,Buy,Buy,0.11,-3.82,5.41,8.62,-14.54,-14.35,-4.00,-31.10,58.18,882.11,1.74,2.67,Neutral,Neutral,Neutral,Neutral,Neutral,Neutral,51.83,-0.39,1.18,-60.03,32.93,37.76,0.00,70.20,-0.04,0.00,738.00,0.54,1466649.00,-28.41,70.31,0.00,290396.00,-3.48,59.38,0.00,3.24,1.66,14.39,24.07,98.64,16034002725.00,3.79,20.84,13.89,70.89,69.92,66.88,68.01,73.02
[object Object],AGN,Aegon Ltd.,EURONEXT,8.06,stock,common,1000.00,2.00,false,0.00,EUR,1.21,2585631.00,0.67,13695104516.38,USD,12.81,0.74,45.09,4.96,Finance,netherlands,Finance,Buy,Buy,1.21,2.65,7.24,17.64,22.09,20.99,28.72,127.24,130.89,-71.96,1.41,1.43,StrongBuy,Strong buy,StrongBuy,Strong buy,Buy,Buy,70.57,0.36,0.39,110.50,83.74,89.10,marubozu_white_bullish,0.00,0.00,0.00,0.00,0.03,2585631.00,-24.08,8.06,0.00,1064409.00,22.19,12.81,0.28,0.42,1.62,13.13,13.74,0.00,20168958476.38,0.60,0.00,0.00,7.94,7.67,7.54,7.06,6.82
[object Object],PTC,PTC Inc.,NASDAQ,118.52,stock,common,100.00,1.00,false,0.00,USD,4.84,1420362.00,1.00,13689745927.00,USD,11.30,10.48,188.06,0.00,Technology services,america,Technology Services,Buy,Buy,4.84,-6.22,5.51,-12.68,-27.85,-32.02,-40.98,-22.02,193.22,6401.64,4.54,3.68,Sell,Sell,StrongSell,Strong sell,Neutral,Neutral,44.54,-6.22,-2.64,-66.92,18.44,27.41,0.00,0.00,0.00,0.00,0.00,1.88,1420362.00,-6.41,118.52,0.00,175164.00,-40.00,11.30,0.06,4.47,3.55,14.99,15.16,31.95,14631085927.00,4.88,12.02,10.81,121.36,119.06,128.03,136.59,155.85
[object Object],WISE,Wise Group plc Class A,LSE,861.00,stock,common,10.00,2.00,false,0.00,GBX,-4.90,2953674.00,1.48,13648155710.00,USD,0.00,0.00,0.00,0.00,Commercial services,uk,Commercial Services,Buy,Buy,-4.90,-9.08,4.24,-17.61,-11.78,-3.48,-14.75,-10.42,7.63,7.63,4.52,4.05,StrongSell,Strong sell,StrongSell,Strong sell,Sell,Sell,36.33,-91.00,18.03,-247.98,24.50,28.27,0.00,0.00,0.00,0.00,0.00,-3.42,2953674.00,282.55,861.00,0.00,874284.00,-16.04,0.00,0.00,0.00,6.06,0.00,0.00,0.67,-3550369963.45,0.00,0.00,0.00,926.42,903.31,890.96,932.91,918.79
[object Object],BVI,Bureau Veritas SA,EURONEXT,26.98,stock,common,100.00,1.00,false,0.00,EUR,-0.18,1150025.00,1.51,13612848812.05,USD,20.61,1.54,4.34,3.41,Commercial services,france,Commercial Services,Buy,Buy,-0.18,-1.24,4.82,5.64,-1.17,-0.30,-3.71,-1.86,40.37,37113.79,1.75,1.67,Sell,Sell,Sell,Sell,Sell,Sell,52.01,-0.22,0.61,-73.91,43.14,48.82,0.00,0.00,0.00,0.00,0.00,-0.44,1150025.00,25.40,26.98,0.00,724826.00,-1.93,20.61,4.76,1.87,7.00,12.46,14.69,8.82,15616660752.05,2.06,14.11,10.71,27.25,26.74,26.42,26.71,27.09
[object Object],TRYG,Tryg A/S,OMXCOP,155.40,stock,common,10.00,1.00,false,0.00,DKK,0.32,487088.00,0.74,13607319967.77,USD,20.50,1.16,-8.02,5.34,Finance,denmark,Finance,Buy,Buy,0.32,0.32,4.44,-0.70,-3.48,-6.39,-2.63,0.06,63.26,300.95,1.17,1.39,Buy,Buy,StrongBuy,Strong buy,Buy,Buy,58.45,1.00,3.41,81.98,80.05,84.27,spinning_top_white,0.00,0.00,0.00,0.00,0.13,487088.00,22.49,0.00,0.00,0.00,-4.41,20.50,0.00,2.08,2.47,11.84,0.00,0.00,14709084367.77,2.18,0.00,0.00,154.91,152.39,152.05,152.90,156.18
[object Object],LULU,lululemon athletica inc.,NASDAQ,114.28,stock,common,100.00,1.00,false,0.00,USD,3.30,2912477.00,1.20,13561601756.00,USD,9.23,12.38,-15.49,0.00,Consumer non-durables,america,Consumer Non-Durables,Neutral,Neutral,3.30,-3.16,3.05,-19.45,-40.70,-45.38,-48.85,-71.61,50.11,814.24,3.32,3.77,Sell,Sell,StrongSell,Strong sell,Neutral,Neutral,45.55,-4.98,-1.50,-88.50,24.37,31.56,0.00,111.95,1.19,0.29,5672.00,0.61,2912477.00,7.17,114.12,-0.14,322126.00,-51.92,9.23,0.00,1.14,2.71,6.82,10.31,8.71,14182880756.00,1.27,6.85,5.48,116.17,115.27,118.81,136.58,160.41
[object Object],ALB,Albemarle Corporation,NYSE,114.85,stock,common,100.00,1.00,false,0.00,USD,-1.76,1638310.00,0.80,13544793983.00,USD,0.00,-3.41,69.31,1.41,Process industries,america,Process Industries,Buy,Buy,-1.76,-1.34,-22.40,-39.87,-39.13,-20.12,39.20,-39.87,35.12,1484.14,4.25,4.23,Sell,Sell,StrongSell,Strong sell,Neutral,Neutral,25.03,-11.20,-20.87,-117.04,4.74,7.55,0.00,116.51,-0.34,-1.19,1887.00,-0.25,1638310.00,-10.11,114.90,0.04,203201.00,57.08,0.00,0.00,2.52,1.78,12.58,23.60,12.50,16954022983.00,3.09,39.70,15.67,120.55,136.98,150.50,165.95,151.93
[object Object],UU.,United Utilities Group PLC,LSE,1368.00,stock,common,1.00,1.00,false,0.00,GBX,0.29,730883.00,0.45,13530192644.13,USD,15.94,1.13,121.69,3.92,Utilities,uk,Utilities,Buy,Buy,0.29,0.88,6.63,1.60,14.24,14.24,20.58,30.72,34.51,123.53,1.73,2.39,Buy,Buy,StrongBuy,Strong buy,Neutral,Neutral,56.79,24.00,37.82,76.00,83.91,81.61,0.00,0.00,0.00,0.00,0.00,-0.29,730883.00,-46.40,1368.00,0.00,432646.00,33.99,15.94,0.13,3.56,4.16,6.77,0.00,5.21,26439846464.13,7.64,18.58,12.68,1363.80,1331.50,1328.54,1338.80,1284.53
[object Object],SOLV,Solventum Corporation,NYSE,78.01,stock,common,100.00,1.00,false,0.00,USD,1.00,636610.00,0.73,13509359742.00,USD,9.56,8.16,276.19,0.00,Health services,america,Health Services,Buy,Buy,1.00,-4.00,4.84,13.19,-2.30,-1.55,4.99,-14.32,-14.32,-14.32,2.29,2.86,Buy,Buy,StrongBuy,Strong buy,Neutral,Neutral,51.20,1.31,0.46,-4.57,33.45,37.58,doji,77.70,0.60,-0.01,599.00,0.98,636610.00,-12.05,78.01,0.00,138163.00,11.06,9.56,0.03,1.64,2.72,90.67,0.00,24.40,18235359742.00,2.20,18.49,12.48,78.58,77.40,77.30,72.50,74.92
[object Object],UPM,UPM-Kymmene Oyj,OMXHEX,22.46,stock,common,100.00,1.00,false,0.00,EUR,1.03,1544386.00,0.98,13472916366.57,USD,18.95,1.35,82.65,6.68,Process industries,finland,Process Industries,Buy,Buy,1.03,-3.11,-6.26,-15.12,-7.88,-9.80,-4.43,-33.94,28.20,9.16,2.98,2.04,Sell,Sell,StrongSell,Strong sell,Neutral,Neutral,38.27,-0.69,-0.47,-167.12,37.14,59.56,harami_bullish,0.00,0.00,0.00,0.00,0.00,1544386.00,-64.66,0.00,0.00,0.00,1.30,18.95,0.23,1.24,1.19,10.19,14.97,25.86,17728528326.57,1.64,19.98,12.04,23.22,23.46,24.15,25.09,24.62
[object Object],GL,Globe Life Inc.,NYSE,173.48,stock,common,100.00,1.00,false,0.00,USD,1.40,811839.00,1.20,13469812656.00,USD,11.52,15.06,20.35,0.66,Finance,america,Finance,Buy,Buy,1.40,-6.01,-1.36,12.19,26.27,24.24,39.00,85.74,178.91,21495.67,2.24,2.20,Neutral,Neutral,Sell,Sell,Buy,Buy,45.25,-5.65,4.80,-173.37,29.99,42.45,0.00,0.00,0.00,0.00,0.00,0.05,811839.00,-56.93,173.48,0.00,105399.00,42.35,11.52,0.56,2.18,0.00,0.00,0.00,0.00,13469812656.00,2.18,0.00,0.00,180.56,176.74,168.09,156.92,147.45
[object Object],FGR,Eiffage SA,EURONEXT,122.00,stock,common,100.00,5.00,false,0.00,EUR,0.25,134020.00,0.82,13444115837.49,USD,11.40,12.56,-2.20,3.93,Industrial services,france,Industrial Services,Buy,Buy,0.25,-0.08,-5.72,-11.27,0.54,-0.08,2.78,43.02,85.98,394.86,1.44,2.01,Sell,Sell,StrongSell,Strong sell,Neutral,Neutral,42.70,0.70,-3.34,-37.64,34.32,34.53,0.00,0.00,0.00,0.00,0.00,0.08,134020.00,-41.95,122.00,0.00,96961.00,3.45,11.40,0.00,0.45,1.55,3.38,4.10,1.97,26202988797.49,0.85,8.57,5.32,121.86,125.75,125.26,130.70,126.10
[object Object],MKC,"McCormick & Company, Incorporated",NYSE,49.96,stock,common,100.00,1.00,false,0.00,USD,-0.46,3179823.00,0.96,13441440033.00,USD,8.31,6.01,108.65,3.72,Consumer non-durables,america,Consumer Non-Durables,Buy,Buy,-0.46,-6.69,5.80,-3.72,-18.13,-26.79,-30.84,-41.34,-4.17,5876.52,2.96,3.37,Sell,Sell,StrongSell,Strong sell,Sell,Sell,46.22,-2.49,1.26,-141.88,21.73,37.77,0.00,50.31,0.24,0.62,223.00,0.46,3179823.00,-4.45,50.05,0.18,655872.00,-27.46,8.31,0.08,1.83,1.92,10.92,13.19,40.61,18621440033.00,2.52,15.08,12.48,51.89,50.46,49.10,51.37,58.95
[object Object],DPLM,Diploma PLC,LSE,7520.00,stock,common,1.00,5.00,false,0.00,GBX,1.21,200906.00,0.30,13425747341.73,USD,53.38,1.86,13.29,0.84,Distribution services,uk,Distribution Services,StrongBuy,Strong buy,1.21,5.25,5.92,7.51,36.11,41.09,47.02,144.00,797.37,7766.11,3.12,2.47,Buy,Buy,StrongBuy,Strong buy,Neutral,Neutral,65.11,720.00,380.00,116.88,86.32,84.72,0.00,0.00,0.00,0.00,0.00,-0.27,200906.00,-67.61,7520.00,0.00,95824.00,39.21,53.38,3.97,6.08,9.58,35.70,37.79,147.53,14007835421.73,6.43,29.82,23.54,7219.00,7101.00,7033.80,6644.55,6049.75
[object Object],BCVN,Banque Cantonale Vaudoise,SIX,127.30,stock,common,10.00,1.00,false,0.00,CHF,-1.32,37341.00,1.17,13386046682.38,USD,25.45,6.31,-2.47,3.46,Finance,switzerland,Finance,Neutral,Neutral,-1.32,0.55,8.25,4.09,20.78,26.92,31.99,57.35,93.03,1415.48,1.85,1.72,Buy,Buy,StrongBuy,Strong buy,Neutral,Neutral,65.82,5.60,7.94,99.01,81.87,88.62,0.00,0.00,0.00,0.00,0.00,0.47,37341.00,23.10,127.30,0.00,15916.00,32.01,25.45,0.00,9.07,2.75,0.00,0.00,0.00,22934470682.38,12.35,0.00,0.00,126.50,121.14,119.72,121.33,110.77
[object Object],DECK,Deckers Outdoor Corporation,NYSE,96.04,stock,common,100.00,1.00,false,0.00,USD,-0.20,5138382.00,2.33,13338126654.00,USD,13.63,7.05,8.22,0.00,Consumer non-durables,america,Consumer Non-Durables,Buy,Buy,-0.20,-10.57,-7.21,-10.83,-5.54,-7.93,-11.20,42.12,849.64,8765.30,4.40,3.73,StrongSell,Strong sell,StrongSell,Strong sell,Neutral,Neutral,35.00,-9.95,-5.33,-223.66,17.36,23.95,0.00,94.00,-2.32,-3.41,100721.00,-2.31,5138382.00,7.58,95.60,-0.46,468736.00,-2.17,13.63,1.66,2.42,0.00,0.00,0.00,8.30,12207871654.00,2.22,9.88,0.00,103.85,105.20,105.37,104.44,102.13
[object Object],ERF,Eurofins Scientific SE,EURONEXT,66.40,stock,common,100.00,2.00,false,0.00,EUR,0.42,273509.00,1.08,13293981490.00,USD,23.09,3.28,26.87,1.08,Commercial services,france,Commercial Services,Buy,Buy,0.42,-5.14,1.00,7.65,-7.05,6.41,4.96,-35.32,96.04,48085.78,3.60,2.45,Sell,Sell,Sell,Sell,Neutral,Neutral,44.51,-2.56,1.77,-240.74,40.53,58.64,0.00,0.00,0.00,0.00,0.00,0.00,273509.00,-35.83,66.40,0.00,173824.00,10.66,23.09,0.86,1.64,0.00,8.94,19.24,19.74,18852099650.00,2.24,18.15,10.49,69.14,67.49,65.68,64.23,63.92
[object Object],IVZ,Invesco Ltd.,NYSE,29.93,stock,common,100.00,1.00,false,0.00,USD,0.44,3335996.00,0.70,13267868297.00,USD,0.00,-1.49,-219.03,2.82,Finance,america,Finance,Buy,Buy,0.44,0.61,11.02,17.83,3.06,13.24,39.53,20.39,5.72,345.06,2.30,3.13,Buy,Buy,StrongBuy,Strong buy,Buy,Buy,59.53,0.95,1.77,77.82,78.94,79.95,0.00,30.25,1.51,1.51,400.00,0.87,3335996.00,-6.24,29.93,0.00,606657.00,47.86,0.00,0.00,1.99,1.36,7.38,7.69,7.96,17046268297.00,2.52,12.15,10.99,29.73,28.33,28.00,26.35,25.99
[object Object],DHER,Delivery Hero SE,XETR,38.00,stock,common,100.00,1.00,false,0.00,EUR,-0.68,572846.00,0.47,13248817011.30,USD,0.00,-3.11,16.07,0.00,Transportation,germany,Transportation,Neutral,Neutral,-0.68,-0.52,7.04,96.38,50.08,66.81,40.74,-70.51,41.26,41.26,0.73,2.67,Buy,Buy,StrongBuy,Strong buy,Neutral,Neutral,57.14,1.79,1.15,58.10,62.11,65.39,0.00,0.00,0.00,0.00,0.00,-0.34,572846.00,-21.89,38.01,0.03,334066.00,77.16,0.00,0.00,0.81,6.91,0.00,0.00,5.36,16282689531.30,0.99,162.53,26.11,38.28,37.13,36.96,27.88,24.74
[object Object],FME,Fresenius Medical Care AG,XETR,43.27,stock,common,100.00,1.00,false,0.00,EUR,0.65,539916.00,0.82,13079172592.95,USD,13.20,3.79,55.62,3.44,Health services,germany,Health Services,Neutral,Neutral,0.65,1.96,3.54,11.49,14.74,6.08,-7.01,-37.31,-46.70,86.67,1.87,2.09,StrongBuy,Strong buy,StrongBuy,Strong buy,Buy,Buy,64.34,1.34,1.56,106.60,83.83,84.33,0.00,0.00,0.00,0.00,0.00,-0.23,539916.00,-9.76,43.27,0.00,172377.00,-16.73,13.20,0.24,0.61,0.88,4.34,6.65,9.61,25311522494.27,1.13,11.09,6.40,42.63,41.63,40.08,39.39,40.26
[object Object],ALLE,Allegion Public Limited Company,NYSE,153.36,stock,common,100.00,1.00,false,0.00,USD,-0.78,1710990.00,1.18,13041242004.00,USD,20.12,7.62,5.89,1.38,Consumer durables,america,Consumer Durables,Buy,Buy,-0.78,10.29,18.34,4.38,-7.86,-3.69,-2.86,10.32,114.58,213.04,3.39,2.91,Buy,Buy,StrongBuy,Strong buy,Neutral,Neutral,72.63,16.73,7.65,311.16,79.27,70.20,0.00,154.90,0.21,0.21,228.00,-1.50,1710990.00,-56.89,153.36,0.00,283340.00,-10.31,20.12,3.45,3.10,6.16,16.89,19.36,41.14,14942942004.01,3.48,16.73,14.46,140.87,137.53,134.43,138.93,152.44
[object Object],CA,Carrefour SA,EURONEXT,15.71,stock,common,1000.00,5.00,false,0.00,EUR,-4.85,4934097.00,2.56,12985580567.44,USD,14.79,1.21,147.88,6.18,Retail trade,france,Retail Trade,Buy,Buy,-4.85,-5.42,-3.06,-5.08,14.64,10.56,26.45,-0.60,-32.26,-13.61,2.36,1.92,Sell,Sell,StrongSell,Strong sell,Sell,Sell,38.55,-0.78,0.11,-235.08,54.89,66.38,0.00,0.00,0.00,0.00,0.00,-4.03,4934097.00,115.75,15.71,0.00,2249525.00,38.03,14.79,0.11,0.14,1.00,3.06,4.48,2.09,32666506127.44,0.35,15.51,7.18,16.51,16.31,16.38,16.28,15.12
[object Object],UDR,"UDR, Inc.",NYSE,39.59,stock,common,100.00,1.00,false,0.00,USD,0.28,2231019.00,0.88,12863410610.00,USD,26.94,1.47,311.16,4.36,Finance,america,Finance,Neutral,Neutral,0.28,-2.63,2.41,13.44,5.46,8.26,-3.39,-27.62,6.11,1763.05,1.37,1.89,Buy,Buy,Buy,Buy,Buy,Buy,50.99,-0.14,0.11,-91.72,9.88,9.25,0.00,0.00,0.00,0.00,0.00,-0.56,2231019.00,6.18,39.59,0.00,383206.00,-4.26,26.94,0.09,7.60,3.98,11.26,14.70,375.78,19537204610.00,11.38,60.50,19.55,39.79,39.53,38.86,37.19,36.72
[object Object],PNW,Pinnacle West Capital Corp,NYSE,106.06,stock,common,100.00,1.00,false,0.00,USD,0.60,1126964.00,1.00,12853110350.00,USD,19.79,5.36,6.49,3.42,Utilities,america,Utilities,Neutral,Neutral,0.60,-4.12,0.90,2.68,14.66,19.57,14.01,25.46,31.57,356.17,1.83,1.90,Buy,Buy,Buy,Buy,Neutral,Neutral,49.78,-2.06,0.36,-104.31,18.91,16.26,0.00,105.90,0.45,0.07,200.00,0.39,1126964.00,-47.90,106.06,0.00,276764.00,18.20,19.79,3.03,2.39,1.82,8.01,0.00,1931.42,28032410350.00,5.14,23.70,12.97,107.15,106.17,104.06,102.79,97.13
[object Object],APA,APA Corporation,NASDAQ,36.15,stock,common,100.00,1.00,false,0.00,USD,-0.74,3368378.00,0.67,12777948806.00,USD,8.43,4.29,55.16,2.77,Energy minerals,america,Energy Minerals,Neutral,Neutral,-0.74,2.84,8.85,-6.32,37.87,47.07,89.07,98.30,-31.84,1685.87,2.66,3.03,Buy,Buy,StrongBuy,Strong buy,Sell,Sell,57.47,2.71,1.35,131.40,79.38,86.81,0.00,36.22,-0.55,0.03,6904.00,-0.19,3368378.00,-52.31,36.08,-0.20,535013.00,83.32,8.43,0.15,1.50,1.98,3.20,8.64,43.68,17962948806.00,2.09,6.01,3.31,35.23,34.28,35.74,36.85,31.03
[object Object],SN.,Smith & Nephew plc,LSE,1140.00,stock,common,10.00,5.00,false,0.00,GBX,1.92,1622377.00,0.62,12751243334.08,USD,21.00,0.73,47.38,2.54,Health technology,uk,Health Technology,Buy,Buy,1.92,-1.94,1.51,-3.10,-7.32,-7.54,-2.52,-26.36,-12.31,356.00,1.67,2.49,Buy,Buy,Buy,Buy,Neutral,Neutral,51.77,0.00,-7.39,10.20,31.11,33.20,0.00,0.00,0.00,0.00,0.00,-0.18,1622377.00,-1.87,1140.00,0.00,649138.00,-1.55,21.00,0.43,2.07,2.46,10.30,15.53,23.87,15493132483.19,2.46,14.68,9.44,1137.35,1131.62,1130.90,1168.25,1223.49
[object Object],SPSN,Swiss Prime Site AG,SIX,129.70,stock,common,10.00,1.00,false,0.00,CHF,-1.07,83510.00,0.98,12737192784.12,USD,27.08,6.04,6.49,2.70,Finance,switzerland,Finance,Neutral,Neutral,-1.07,-1.29,-1.97,-4.28,2.94,5.62,14.47,35.53,45.71,161.39,1.42,1.35,Sell,Sell,StrongSell,Strong sell,Sell,Sell,44.95,0.20,1.16,-40.67,49.82,65.30,0.00,0.00,0.00,0.00,0.00,0.00,83510.00,-16.51,129.70,0.00,56869.00,14.58,27.08,4.21,19.01,1.47,34.60,34.61,319.70,19857430896.12,28.45,38.85,38.34,131.20,131.18,130.52,133.72,127.97
[object Object],VSURE,Verisure Plc,OMXSTO,10.80,stock,common,1000.00,5.00,false,0.00,EUR,-2.13,484361.00,0.78,12701925030.77,USD,0.00,-0.29,-38.94,0.00,Commercial services,sweden,Commercial Services,StrongBuy,Strong buy,-2.13,1.12,6.25,-2.70,-24.06,-22.69,-26.03,-26.03,-26.03,-26.03,3.94,4.37,Buy,Buy,StrongBuy,Strong buy,Neutral,Neutral,53.18,0.54,0.40,83.67,79.21,81.34,0.00,0.00,0.00,0.00,0.00,0.23,484361.00,-9.79,0.00,0.00,0.00,0.00,0.00,-1.15,3.05,1.27,12.31,27.68,372.23,18714270898.79,4.25,54.36,11.62,10.67,10.45,10.77,10.26,0.00
[object Object],BEAN,BELIMO Holding AG,SIX,842.00,stock,common,10.00,5.00,false,0.00,CHF,2.00,20388.00,0.87,12675881014.56,USD,50.45,20.65,20.18,1.19,Producer manufacturing,switzerland,Producer Manufacturing,Buy,Buy,2.00,5.51,-8.38,19.09,-3.22,4.66,-8.23,83.04,465.10,2660.66,4.31,3.62,Buy,Buy,StrongBuy,Strong buy,Neutral,Neutral,49.71,21.00,-58.00,-7.33,65.04,57.12,0.00,0.00,0.00,0.00,0.00,0.24,20388.00,-18.29,842.00,0.00,8357.00,-9.94,50.45,2.45,8.22,16.59,59.55,115.69,100.45,12710397814.56,8.31,39.94,34.40,819.70,873.48,856.97,779.02,799.43
[object Object],SJM,J.M. Smucker Company,NYSE,118.32,stock,common,100.00,1.00,false,0.00,USD,2.26,1079496.00,0.72,12646122486.00,USD,0.00,-1.31,88.70,3.72,Consumer non-durables,america,Consumer Non-Durables,Buy,Buy,2.26,2.04,6.36,22.90,15.68,20.78,8.19,-9.33,-22.74,7412.70,2.15,2.63,Buy,Buy,StrongBuy,Strong buy,Buy,Buy,61.13,6.72,2.62,137.71,91.84,85.05,0.00,115.70,-0.01,-0.01,200.00,0.32,1079496.00,-24.51,118.20,-0.10,225926.00,5.71,0.00,0.00,1.37,2.28,8.58,10.94,215.84,19717322486.00,2.18,12.99,9.50,113.47,113.35,109.31,104.09,104.06
[object Object],VAR,Var Energi ASA,OSL,48.71,stock,common,100.00,1.00,false,0.00,NOK,-1.20,8082518.00,1.25,12645178420.62,USD,10.25,0.48,101.82,9.76,Energy minerals,norway,Energy Minerals,Buy,Buy,-1.20,12.44,14.61,6.52,41.19,47.56,40.01,73.96,73.96,73.96,3.84,2.70,Buy,Buy,StrongBuy,Strong buy,Neutral,Neutral,67.98,6.65,3.44,172.23,97.66,95.38,tweezer_top_bearish,0.00,0.00,0.00,0.00,-0.06,8082518.00,-13.92,48.71,0.00,4233285.00,29.82,10.25,0.10,1.18,53.24,2.34,4.27,4.91,17565808635.21,1.67,3.34,1.98,45.58,43.12,44.88,44.60,38.97
[object Object],RXL,Rexel SA,EURONEXT,37.63,stock,common,100.00,1.00,false,0.00,EUR,0.24,737613.00,1.09,12591488452.47,USD,18.88,2.34,77.33,3.19,Distribution services,france,Distribution Services,Buy,Buy,0.24,-2.51,0.91,7.45,7.36,12.13,38.91,112.72,210.35,128.06,1.99,2.31,Neutral,Neutral,Neutral,Neutral,Neutral,Neutral,47.92,-0.70,0.24,-68.91,38.63,42.68,0.00,0.00,0.00,0.00,0.00,-0.16,737613.00,-25.48,37.63,0.00,414823.00,44.02,18.88,0.24,0.57,2.05,13.94,17.06,10.69,17219082532.47,0.76,13.12,9.44,38.41,37.90,37.36,36.29,34.67
[object Object],HAS,"Hasbro, Inc.",NASDAQ,88.79,stock,common,100.00,1.00,false,0.00,USD,1.65,1675861.00,0.58,12562958685.00,USD,15.97,5.56,0.00,3.15,Consumer durables,america,Consumer Durables,StrongBuy,Strong buy,1.65,8.39,6.89,-8.85,0.23,8.28,16.10,-9.49,10.64,39560.52,4.14,2.96,Buy,Buy,StrongBuy,Strong buy,Neutral,Neutral,63.35,9.83,4.12,129.39,73.93,73.87,0.00,87.50,0.17,0.17,100.00,0.09,1675861.00,-33.29,88.55,-0.27,282561.00,5.82,15.97,0.00,2.51,0.00,9.86,10.47,9.22,14722958685.00,2.96,11.05,9.89,83.76,82.66,84.85,89.25,86.90
[object Object],ORNBV,Orion Oyj Class B,OMXHEX,78.45,stock,common,100.00,5.00,false,0.00,EUR,-0.82,163927.00,0.74,12545845126.98,USD,18.81,4.76,55.11,2.19,Health technology,finland,Health Technology,Buy,Buy,-0.82,15.28,13.61,13.20,12.72,22.96,11.36,122.30,114.29,301.69,2.61,2.91,Buy,Buy,StrongBuy,Strong buy,Buy,Buy,66.87,8.80,6.12,163.14,94.99,90.43,0.00,0.00,0.00,0.00,0.00,0.00,163927.00,-32.11,0.00,0.00,0.00,11.64,18.81,0.34,5.42,8.71,23.43,28.11,84.88,12548689026.98,5.34,14.86,13.75,73.82,71.15,70.65,70.14,67.75
[object Object],TYL,"Tyler Technologies, Inc.",NYSE,297.15,stock,common,100.00,1.00,false,0.00,USD,3.12,570697.00,0.90,12530058629.00,USD,41.05,7.24,9.14,0.00,Technology services,america,Technology Services,StrongBuy,Strong buy,3.12,-6.27,6.74,-11.54,-32.00,-34.06,-47.03,-40.04,77.17,8027.18,4.13,3.92,Sell,Sell,StrongSell,Strong sell,Neutral,Neutral,46.69,-12.33,-1.18,-63.44,14.73,15.78,0.00,293.40,1.82,1.02,100.00,2.00,570697.00,1.85,297.15,0.00,109925.00,-44.64,41.05,4.36,5.22,3.54,18.20,18.64,37.02,12231664629.00,5.14,33.21,23.50,304.21,299.51,303.79,321.99,380.20
[object Object],BOL,Bollore SE,EURONEXT,3.93,stock,common,1000.00,2.00,false,0.00,EUR,0.10,1267936.00,0.69,12486232703.48,USD,31.88,0.14,32.19,2.04,Distribution services,france,Distribution Services,Neutral,Neutral,0.10,-2.19,-1.80,-24.17,-17.31,-17.76,-27.12,-14.39,31.15,145.19,2.01,1.75,Sell,Sell,StrongSell,Strong sell,Buy,Buy,25.14,-0.18,-0.53,-120.11,26.77,20.20,0.00,0.00,0.00,0.00,0.00,-0.66,1267936.00,-32.35,3.93,0.00,952763.00,-24.87,31.88,0.00,3.75,0.45,33.19,36.21,1.89,6338858463.48,1.84,0.00,0.00,4.00,4.33,4.77,4.86,4.80
[object Object],AC,Accor SA,EURONEXT,46.31,stock,common,100.00,1.00,false,0.00,EUR,2.07,858006.00,1.41,12439331083.07,USD,29.63,1.84,-33.04,2.92,Consumer services,france,Consumer Services,Buy,Buy,2.07,-0.84,-5.35,5.73,-1.61,-3.52,-6.82,54.06,24.22,314.50,1.71,2.07,Sell,Sell,Sell,Sell,Neutral,Neutral,42.12,-2.68,-2.06,-93.82,10.00,6.76,0.00,0.00,0.00,0.00,0.00,0.46,858006.00,32.91,46.31,0.00,403290.00,-6.43,29.63,0.00,2.01,3.30,14.12,18.58,9.36,17542425243.07,2.65,17.17,12.45,46.76,48.61,47.35,45.11,45.73
[object Object],LI,Klepierre SA,EURONEXT,38.64,stock,common,100.00,2.00,false,0.00,EUR,0.89,681345.00,1.23,12388657667.48,USD,8.52,5.33,18.45,4.85,Finance,france,Finance,Neutral,Neutral,0.89,3.48,7.27,11.03,19.11,14.66,16.53,80.73,-4.58,1774.89,1.10,1.36,StrongBuy,Strong buy,StrongBuy,Strong buy,Buy,Buy,74.23,2.50,1.56,138.91,95.54,95.45,0.00,0.00,0.00,0.00,0.00,0.16,681345.00,19.72,38.64,0.00,443216.00,15.68,8.52,0.46,6.62,1.19,11.87,15.24,13.29,23496476043.48,12.08,19.49,19.18,37.55,36.63,35.99,34.85,34.09
[object Object],ZBRA,Zebra Technologies Corporation Class A,NASDAQ,259.92,stock,common,100.00,1.00,false,0.00,USD,1.16,406199.00,0.64,12380871975.00,USD,31.43,8.27,-21.82,0.00,Electronic technology,america,Electronic Technology,Buy,Buy,1.16,0.08,8.93,14.30,5.76,5.52,-22.34,-52.74,409.65,6308.92,3.43,4.12,Buy,Buy,Buy,Buy,Neutral,Neutral,51.91,-12.60,9.73,-28.91,35.83,41.13,0.00,0.00,0.00,0.00,0.00,0.59,406199.00,-35.55,259.92,0.00,70605.00,-24.50,31.43,0.00,2.25,3.62,14.04,15.37,112.70,15115871975.00,2.68,17.16,13.98,262.11,254.77,251.35,235.02,246.64
[object Object],GDDY,"GoDaddy, Inc. Class A",NYSE,93.16,stock,common,100.00,1.00,false,0.00,USD,6.32,1347817.00,0.95,12335302211.00,USD,14.73,6.33,21.42,0.00,Technology services,america,Technology Services,Buy,Buy,6.32,-2.10,23.15,9.36,-11.90,-24.63,-44.42,8.72,215.26,256.25,4.28,4.20,Buy,Buy,StrongBuy,Strong buy,Neutral,Neutral,58.06,4.24,6.72,65.91,48.52,53.14,0.00,0.00,0.00,0.00,0.00,1.60,1347817.00,21.08,92.76,-0.43,299186.00,-48.03,14.73,0.65,2.34,52.08,7.51,7.62,9.92,14921702211.00,2.97,12.39,11.36,92.11,85.42,86.03,85.53,101.50
[object Object],TRMB,Trimble Inc.,NASDAQ,52.91,stock,common,100.00,1.00,false,0.00,USD,5.08,3080275.00,1.35,12333930024.00,USD,27.75,1.91,-68.95,0.00,Technology services,america,Technology Services,StrongBuy,Strong buy,5.08,-0.99,7.67,-21.37,-25.64,-32.91,-36.42,-36.70,104.44,2959.84,4.19,3.42,Buy,Buy,Buy,Buy,Neutral,Neutral,52.10,0.09,-0.03,2.83,31.13,29.11,0.00,0.00,0.00,0.00,0.00,0.89,3080275.00,15.16,53.19,0.53,431387.00,-37.21,27.75,0.00,3.24,2.17,24.81,26.09,53.54,13512630024.00,3.67,20.10,15.47,52.07,51.38,52.92,59.60,67.86
[object Object],RVTY,"Revvity, Inc.",NYSE,110.47,stock,common,100.00,1.00,false,0.00,USD,-2.39,1117831.00,0.91,12324008625.00,USD,52.36,2.11,-16.59,0.25,Health technology,america,Health Technology,Buy,Buy,-2.39,-0.11,8.85,26.58,-5.84,13.65,11.48,-31.81,100.16,3234.94,4.59,3.47,Neutral,Neutral,Buy,Buy,Sell,Sell,53.66,-1.82,2.73,5.15,68.68,61.86,0.00,113.16,-0.01,-0.01,200.00,-0.03,1117831.00,-25.25,110.47,0.00,206508.00,11.79,52.36,0.00,4.36,1.72,21.68,25.09,14.36,14813439625.00,5.10,34.54,17.60,110.67,108.24,104.38,97.25,98.39
[object Object],AVY,Avery Dennison Corporation,NYSE,160.90,stock,common,100.00,1.00,false,0.00,USD,3.67,678380.00,0.99,12307301568.00,USD,18.12,8.88,2.17,2.37,Process industries,america,Process Industries,Buy,Buy,3.67,-1.51,1.04,-3.47,-13.21,-11.45,-10.56,-20.46,121.56,2455.24,2.57,2.60,Buy,Buy,Buy,Buy,Neutral,Neutral,51.75,0.19,-2.47,-41.71,21.76,14.59,0.00,156.50,0.84,-0.01,309.00,0.32,678380.00,-22.69,160.90,0.00,133343.00,-12.12,18.12,8.05,1.33,5.36,11.98,14.19,48.30,15840901568.00,1.76,14.01,10.85,158.45,160.51,159.26,164.37,172.18
[object Object],SDLF,Standard Life plc,LSE,916.50,stock,common,10.00,5.00,false,0.00,GBX,1.16,1571736.00,0.81,12227293242.25,USD,0.00,-0.63,57.89,6.04,Finance,uk,Finance,Buy,Buy,1.16,2.23,12.32,19.18,26.68,24.02,39.82,33.76,51.69,77.63,1.91,1.81,StrongBuy,Strong buy,StrongBuy,Strong buy,Buy,Buy,75.06,48.00,61.26,109.90,89.11,87.71,0.00,0.00,0.00,0.00,0.00,-0.50,1571736.00,9.12,916.50,0.00,919747.00,40.21,0.00,0.00,0.24,37.62,2.39,2.39,0.00,18006900642.26,0.36,0.00,0.00,899.15,854.60,823.24,772.29,741.03
[object Object],SDR,Schroders PLC,LSE,588.50,stock,common,10.00,5.00,false,0.00,GBX,0.09,440059.00,0.28,12149198549.32,USD,17.50,0.45,29.41,3.65,Finance,uk,Finance,Neutral,Neutral,0.09,0.17,0.51,1.73,27.49,43.33,43.89,-4.92,38.19,285.07,0.53,0.31,StrongBuy,Strong buy,StrongBuy,Strong buy,Neutral,Neutral,64.24,2.00,2.73,83.92,15.38,13.25,0.00,0.00,0.00,0.00,0.00,0.00,440059.00,-79.24,588.50,0.00,236250.00,47.52,17.50,0.59,2.81,2.07,15.83,15.90,2.07,6864206249.32,1.51,7.52,5.93,587.80,586.43,585.02,581.74,506.04
[object Object],SVT,Severn Trent Plc,LSE,3020.00,stock,common,1.00,2.00,false,0.00,GBX,0.20,257311.00,0.45,12134999831.36,USD,24.54,1.63,61.02,4.17,Utilities,uk,Utilities,Neutral,Neutral,0.20,0.67,5.30,-3.76,7.02,8.09,11.56,10.42,23.37,401.66,1.94,1.98,Buy,Buy,StrongBuy,Strong buy,Buy,Buy,54.04,60.00,55.99,75.32,53.49,51.71,0.00,0.00,0.00,0.00,0.00,-0.13,257311.00,-40.94,3020.00,0.00,156274.00,14.76,24.54,0.40,3.22,4.94,9.87,0.00,11.46,25699303031.36,6.87,22.55,14.29,3011.20,2959.80,2968.16,3047.12,2951.68
[object Object],YAR,Yara International ASA,OSL,456.10,stock,common,10.00,1.00,false,0.00,NOK,-1.32,699634.00,1.35,12081595862.99,USD,7.76,5.93,103.73,4.82,Process industries,norway,Process Industries,Neutral,Neutral,-1.32,5.38,5.33,-18.32,7.07,10.17,15.76,-2.73,58.42,760.57,2.75,2.82,Buy,Buy,Buy,Buy,Neutral,Neutral,51.22,11.60,3.11,80.45,63.68,54.41,spinning_top_black,0.00,0.00,0.00,0.00,-1.02,699634.00,-25.32,456.10,0.00,509776.00,18.02,7.76,0.08,0.72,1.30,6.34,13.49,16.65,15260278939.00,0.93,6.88,4.56,454.08,444.64,468.69,500.90,451.61
[object Object],BF.B,Brown-Forman Corporation Class B,NYSE,26.08,stock,common,100.00,1.00,false,0.00,USD,1.48,1128210.00,0.49,12073322205.00,USD,17.07,1.53,-16.85,3.53,Consumer non-durables,america,Consumer Non-Durables,Neutral,Neutral,1.48,-1.02,-5.06,-8.43,-5.75,-0.19,-15.13,-63.73,-34.60,10463.11,2.59,3.21,Sell,Sell,StrongSell,Strong sell,Sell,Sell,49.46,-0.09,-0.30,-19.60,53.98,58.37,0.00,0.00,0.00,0.00,0.00,0.43,1128210.00,-24.95,26.08,0.00,242275.00,-13.49,17.07,0.00,2.99,2.98,11.98,13.41,36.63,14326322205.00,3.63,12.73,11.77,25.89,26.38,26.18,26.28,27.19
[object Object],REC,Recordati S.p.A.,MIL,51.35,stock,common,100.00,5.00,false,0.00,EUR,0.00,260289.00,1.06,12054535488.37,USD,22.77,2.61,12.81,2.61,Health technology,italy,Health Technology,Buy,Buy,0.00,-0.10,0.20,2.91,10.00,6.45,-4.47,0.80,79.36,5216.97,0.21,0.44,Buy,Buy,Buy,Buy,Neutral,Neutral,53.02,0.05,0.15,-58.65,29.17,27.78,0.00,0.00,0.00,0.00,0.00,0.10,260289.00,-19.82,51.35,0.00,22.00,-1.91,22.77,1.78,4.05,5.07,20.07,21.90,28.22,14314292740.57,4.67,16.43,12.88,51.36,51.25,51.15,49.84,49.56
[object Object],JMT,"Jeronimo Martins, SGPS S.A.",EURONEXT,16.81,stock,common,100.00,1.00,false,0.00,EUR,0.00,1224878.00,0.86,12033586999.04,USD,16.53,1.17,1.59,3.87,Retail trade,portugal,Retail Trade,Buy,Buy,0.00,1.63,-4.11,-18.48,-18.79,-17.52,-23.59,3.13,20.50,808.65,2.05,2.22,Neutral,Neutral,Sell,Sell,Neutral,Neutral,47.94,0.43,-0.22,58.61,71.21,65.70,0.00,0.00,0.00,0.00,0.00,-0.06,1224878.00,-22.44,16.81,0.00,612072.00,-24.35,16.53,10.41,0.29,3.11,4.50,8.16,5.79,16693032759.04,0.40,10.85,5.79,16.63,16.92,17.43,18.98,19.91
[object Object],LHA,Deutsche Lufthansa AG,XETR,8.76,stock,common,1000.00,2.00,false,0.00,EUR,3.60,3022329.00,0.84,11976052358.45,USD,6.73,1.50,26.60,3.77,Transportation,germany,Transportation,Neutral,Neutral,3.60,-3.69,-4.80,18.35,-2.06,3.62,13.74,25.67,16.88,84.05,2.92,2.93,Neutral,Neutral,Sell,Sell,Buy,Buy,43.34,-0.75,-0.40,-110.66,7.42,7.70,tweezer_bottom_bullish,8.53,0.88,0.76,7550.00,0.33,3022329.00,-37.51,8.76,-0.02,1713872.00,21.27,6.73,0.24,0.25,0.85,2.61,0.00,1.36,18106363198.45,0.39,0.00,6.86,8.94,9.31,8.85,8.30,8.29
[object Object],ADP,Aeroports de Paris,EURONEXT,106.40,stock,common,10.00,1.00,false,0.00,EUR,1.72,80001.00,1.07,11975594244.84,USD,27.50,4.54,11.59,2.82,Transportation,france,Transportation,Neutral,Neutral,1.72,-1.48,-3.71,-3.71,-2.65,-4.06,-4.57,1.33,6.40,151900.00,2.07,2.23,Sell,Sell,StrongSell,Strong sell,Neutral,Neutral,42.48,-5.20,-4.31,-96.71,10.26,8.50,marubozu_white_bullish,0.00,0.00,0.00,0.00,-0.29,80001.00,41.74,106.40,0.00,51867.00,-2.11,27.50,2.33,1.54,2.42,6.90,31.65,5.55,22821091284.84,2.90,15.28,8.50,107.36,110.88,109.87,108.67,113.26
[object Object],APTV,Aptiv PLC,NYSE,56.55,stock,common,100.00,1.00,false,0.00,USD,0.80,1977121.00,0.92,11967140763.00,USD,33.43,1.69,-71.98,0.00,Producer manufacturing,america,Producer Manufacturing,StrongBuy,Strong buy,0.80,-3.05,-8.35,-6.44,-13.50,-13.11,-5.90,-57.65,16.43,275.06,2.62,3.49,StrongSell,Strong sell,StrongSell,Strong sell,Neutral,Neutral,39.65,-4.02,-4.40,-145.28,17.53,19.62,"harami_bullish,inverted_hammer_bullish",56.78,1.21,1.21,100.00,0.29,1977121.00,-51.51,56.55,0.00,317873.00,-18.10,33.43,0.00,0.58,1.30,6.83,11.08,3.81,18965140763.00,0.92,9.68,6.41,57.91,60.63,61.49,60.45,64.13
[object Object],ALGN,"Align Technology, Inc.",NASDAQ,167.01,stock,common,100.00,1.00,false,0.00,USD,-0.73,845955.00,1.14,11961301256.00,USD,27.99,5.97,8.58,0.00,Health technology,america,Health Technology,Buy,Buy,-0.73,-5.21,-1.95,-12.54,-0.70,5.89,-17.77,-73.74,97.35,1032.31,3.17,4.13,Sell,Sell,StrongSell,Strong sell,Neutral,Neutral,41.13,-12.44,-3.51,-175.76,5.60,17.02,0.00,0.00,0.00,0.00,0.00,0.15,845955.00,3.05,167.01,0.00,163879.00,-8.45,27.99,3.29,2.94,2.88,17.29,20.49,11.29,11017511256.00,2.69,15.07,11.99,175.57,176.73,172.30,174.43,165.63
[object Object],ALE,Allegro.eu S.A.,GPW,44.73,stock,common,1000.00,5.00,false,0.00,PLN,-0.33,4448791.00,0.53,11930148187.08,USD,30.89,0.40,47.82,0.00,Retail trade,poland,Retail Trade,Buy,Buy,-0.33,1.37,16.12,48.62,46.19,44.31,22.58,-38.84,-31.18,-31.18,2.12,2.94,Buy,Buy,StrongBuy,Strong buy,Sell,Sell,73.62,4.91,5.32,85.80,90.43,93.29,0.00,0.00,0.00,0.00,0.00,-0.63,4448791.00,-23.62,0.00,0.00,0.00,15.40,30.89,0.65,4.07,4.47,14.92,21.39,13.10,12538068669.08,3.93,20.70,14.42,44.00,40.17,37.66,32.95,32.27
[object Object],ITRK,Intertek Group plc,LSE,5820.00,stock,common,1.00,5.00,false,0.00,GBX,0.09,501932.00,0.40,11896058135.92,USD,26.94,2.91,1.58,2.84,Commercial services,uk,Commercial Services,Neutral,Neutral,0.09,0.00,0.26,20.75,27.63,25.70,19.26,4.60,60.46,1237.93,0.19,0.19,Buy,Buy,StrongBuy,Strong buy,Neutral,Neutral,66.91,10.00,48.90,57.85,27.78,33.60,doji,0.00,0.00,0.00,0.00,0.09,501932.00,-78.44,5820.00,0.00,103855.00,16.42,26.94,17.04,2.66,8.25,16.91,23.09,27.74,13711555175.92,2.97,17.44,12.94,5818.50,5799.00,5668.90,4968.38,4828.87
[object Object],SKF_B,SKF AB Class B,OMXSTO,255.80,stock,common,10.00,1.00,false,0.00,SEK,0.39,653558.00,0.51,11896030805.20,USD,25.86,1.02,-16.09,4.59,Producer manufacturing,sweden,Producer Manufacturing,Neutral,Neutral,0.39,0.31,3.27,10.50,2.40,3.98,6.58,11.80,91.90,652.35,2.25,2.65,Buy,Buy,StrongBuy,Strong buy,Sell,Sell,52.96,-3.70,0.77,-3.24,47.45,36.48,0.00,0.00,0.00,0.00,0.00,-0.67,653558.00,-21.79,0.00,0.00,0.00,7.48,25.86,0.00,1.30,2.02,19.42,45.89,9.35,12961138005.20,1.41,12.74,8.79,255.43,252.43,247.68,239.46,243.06
[object Object],GNRC,Generac Holdings Inc.,NYSE,202.01,stock,common,100.00,1.00,false,0.00,USD,-4.03,1072391.00,1.29,11892061531.00,USD,63.32,3.19,-44.44,0.00,Producer manufacturing,america,Producer Manufacturing,Buy,Buy,-4.03,-3.46,-25.55,-8.45,14.84,46.41,32.22,-55.24,434.42,1971.90,3.95,4.93,StrongSell,Strong sell,StrongSell,Strong sell,Sell,Sell,29.50,-31.93,-39.52,-107.09,8.72,9.43,0.00,0.00,0.00,0.00,0.00,-0.53,1072391.00,49.35,202.01,0.00,83762.00,39.86,63.32,0.00,2.88,4.44,23.97,36.17,45.06,12962892531.00,3.00,26.29,18.58,216.37,249.80,256.38,237.13,203.94
[object Object],LATO_B,Investment AB Latour Class B,OMXSTO,196.35,stock,common,100.00,5.00,false,0.00,SEK,1.53,255504.00,0.79,11865745583.73,USD,27.99,0.74,-9.77,2.60,Finance,sweden,Finance,Neutral,Neutral,1.53,-0.05,4.55,-13.39,-13.00,-12.89,-23.33,-40.70,136.78,1770.02,2.46,2.30,Buy,Buy,Buy,Buy,Buy,Buy,53.17,5.45,2.25,51.00,66.31,63.97,0.00,0.00,0.00,0.00,0.00,-0.21,255504.00,9.10,0.00,0.00,0.00,-21.31,27.99,0.00,4.43,2.93,30.58,0.00,44.80,13595625883.73,4.62,34.71,28.18,194.95,193.29,194.55,202.13,215.46
[object Object],BNZL,Bunzl plc,LSE,2758.00,stock,common,1.00,2.00,false,0.00,GBX,1.32,870405.00,1.37,11837337046.47,USD,19.58,1.90,-5.28,2.69,Distribution services,uk,Distribution Services,Neutral,Neutral,1.32,-0.86,6.00,13.54,32.21,32.47,18.88,3.49,17.31,921.49,1.64,1.80,Buy,Buy,StrongBuy,Strong buy,Sell,Sell,64.05,70.00,94.14,87.33,63.92,61.10,marubozu_white_bullish,0.00,0.00,0.00,0.00,-0.37,870405.00,2.55,2758.00,0.00,260617.00,20.10,19.58,0.00,0.75,3.17,10.70,11.70,16.58,14978242786.47,0.94,15.12,9.75,2737.60,2653.67,2559.12,2432.84,2303.75
[object Object],G1A,GEA Group Aktiengesellschaft,XETR,63.55,stock,common,100.00,5.00,false,0.00,EUR,0.39,335595.00,0.98,11682157967.30,USD,24.67,2.98,10.05,2.05,Producer manufacturing,germany,Producer Manufacturing,Buy,Buy,0.39,5.39,7.89,4.95,4.95,10.04,3.00,78.01,36.95,593.02,1.64,1.87,Buy,Buy,StrongBuy,Strong buy,Neutral,Neutral,66.01,3.45,2.04,137.37,87.34,63.31,spinning_top_white,63.15,-0.24,-0.24,35.00,0.32,335595.00,2.22,63.55,0.00,254956.00,1.01,24.67,2.45,1.87,3.98,16.63,28.23,24.89,11576678853.86,1.82,15.59,11.45,60.63,60.19,58.02,59.32,59.90
[object Object],MGM,MGM Resorts International,NYSE,45.54,stock,common,100.00,1.00,false,0.00,USD,1.22,2345371.00,1.11,11651465103.00,USD,62.81,0.72,-67.53,0.00,Consumer services,america,Consumer Services,Buy,Buy,1.22,-2.46,-3.09,17.19,31.85,24.32,18.66,17.98,96.29,1556.00,1.87,2.39,Buy,Buy,Neutral,Neutral,Buy,Buy,45.24,-1.34,-1.36,-107.20,12.29,8.64,0.00,45.18,0.42,0.09,399.00,0.31,2345371.00,9.52,45.24,-0.66,263788.00,16.61,62.81,0.00,0.66,4.79,4.28,6.69,5.14,41950787103.00,2.37,34.14,18.45,46.18,47.03,45.18,41.32,37.87
[object Object],IG,Italgas SpA,MIL,10.05,stock,common,1000.00,2.00,false,0.00,EUR,1.06,1525088.00,0.96,11627159781.79,USD,0.00,0.00,0.00,4.30,Utilities,italy,Utilities,Buy,Buy,1.06,0.25,-3.69,-3.60,0.90,6.35,40.24,92.86,-16.41,364.35,1.65,1.69,Sell,Sell,Sell,Sell,Neutral,Neutral,47.61,0.13,-0.24,-43.61,38.48,29.97,"harami_bullish,tweezer_bottom_bullish",0.00,0.00,0.00,0.00,0.20,1525088.00,-2.30,0.00,0.00,0.00,41.34,0.00,0.00,0.00,0.00,0.00,0.00,0.00,11627159781.79,3.41,8.18,5.07,10.03,10.22,10.20,10.23,9.95
[object Object],GET,Getlink SE,EURONEXT,18.88,stock,common,100.00,1.00,false,0.00,EUR,0.64,476168.00,0.74,11617873835.14,USD,31.56,0.68,26.31,4.24,Transportation,france,Transportation,Buy,Buy,0.64,1.89,1.89,-2.68,18.30,20.10,17.85,44.12,102.21,-37.07,1.81,1.63,StrongBuy,Strong buy,StrongBuy,Strong buy,Buy,Buy,57.56,0.40,0.20,139.61,72.53,71.31,0.00,0.00,0.00,0.00,0.00,0.05,476168.00,-46.31,18.88,0.00,345412.00,18.58,31.56,1.19,6.07,4.19,13.55,18.65,7.54,15856422395.14,8.26,20.63,15.39,18.69,18.62,18.56,18.57,17.36
[object Object],TEL2_B,Tele2 AB Class B,OMXSTO,163.50,stock,common,100.00,5.00,false,0.00,SEK,1.27,2352863.00,0.46,11596700295.57,USD,11.27,1.49,143.08,5.14,Communications,sweden,Communications,Neutral,Neutral,1.27,1.55,-6.81,-13.42,2.19,5.79,8.28,28.74,132.43,51.32,1.91,2.05,Sell,Sell,Sell,Sell,Buy,Buy,43.35,-4.35,-10.19,-49.75,34.39,24.11,0.00,0.00,0.00,0.00,0.00,-0.12,2352863.00,18.81,0.00,0.00,0.00,7.89,11.27,0.08,3.71,4.98,9.90,12.94,31.55,14369736295.57,4.65,19.51,10.43,163.49,168.96,173.10,181.46,170.25
[object Object],BAX,Baxter International Inc.,NYSE,22.40,stock,common,100.00,1.00,false,0.00,USD,3.37,4982980.00,0.94,11568905272.00,USD,0.00,-1.95,-77.71,0.89,Health technology,america,Health Technology,Neutral,Neutral,3.37,-3.28,10.24,22.20,12.68,16.06,-20.88,-72.23,-51.71,1546.71,2.73,3.24,StrongBuy,Strong buy,StrongBuy,Strong buy,Neutral,Neutral,56.17,-0.22,0.65,14.44,30.46,30.54,rising_window_bullish,0.00,0.00,0.00,0.00,1.29,4982980.00,10.32,22.40,0.00,677780.00,-18.06,0.00,-0.14,0.99,1.91,9.22,15.96,5.72,19211905272.00,1.70,30.99,12.08,22.26,21.63,20.50,18.98,19.51
[object Object],CLX,Clorox Company,NYSE,95.55,stock,common,100.00,1.00,false,0.00,USD,1.87,1438808.00,0.59,11554035225.00,USD,15.52,6.16,10.56,5.19,Consumer non-durables,america,Consumer Non-Durables,Neutral,Neutral,1.87,-4.45,2.04,-3.17,-16.35,-5.49,-27.61,-48.19,-28.81,5240.78,2.34,2.95,Sell,Sell,StrongSell,Strong sell,Sell,Sell,49.82,-1.01,-0.51,-63.16,32.42,36.26,0.00,94.47,0.71,0.21,2748.00,0.44,1438808.00,-34.83,95.60,0.05,202441.00,-26.39,15.52,1.44,1.69,0.00,20.20,30.62,9.80,15012035225.00,2.22,14.03,11.58,95.89,95.80,94.82,98.78,104.80
[object Object],HII,"Huntington Ingalls Industries, Inc.",NYSE,287.59,stock,common,100.00,1.00,false,0.00,USD,0.17,324635.00,0.74,11332203702.00,USD,18.72,15.37,10.75,1.91,Electronic technology,america,Electronic Technology,Buy,Buy,0.17,5.04,1.62,-22.52,-32.20,-15.43,8.64,40.89,70.16,705.12,2.66,2.60,Buy,Buy,Buy,Buy,Neutral,Neutral,52.12,1.50,-7.55,80.81,63.06,42.57,0.00,294.55,2.60,1.71,91.00,0.81,324635.00,-53.54,284.80,-0.97,56713.00,6.20,18.72,1.74,0.88,2.20,9.41,14.27,52.33,14047203702.00,1.09,23.03,15.01,277.36,284.27,295.02,341.36,346.80
[object Object],PODD,Insulet Corporation,NASDAQ,163.26,stock,common,100.00,1.00,false,0.00,USD,3.08,1147748.00,0.83,11308149860.00,USD,38.00,4.30,-22.68,0.00,Health technology,america,Health Technology,StrongBuy,Strong buy,3.08,0.62,12.73,-13.55,-41.66,-42.81,-43.11,-40.75,367.93,860.35,3.33,3.88,Buy,Buy,Buy,Buy,Buy,Buy,54.95,1.98,6.66,42.06,43.41,49.92,0.00,0.00,0.00,0.00,0.00,0.52,1147748.00,0.58,162.00,-0.77,187538.00,-43.19,38.00,0.00,3.83,8.68,18.51,27.57,23.86,11775849860.00,4.06,23.23,18.82,162.06,156.03,153.68,178.63,235.87
[object Object],CSGP,"CoStar Group, Inc.",NASDAQ,27.66,stock,common,100.00,1.00,false,0.00,USD,1.92,6847037.00,0.93,11295118956.00,USD,458.71,0.06,-79.02,0.00,Technology services,america,Technology Services,Buy,Buy,1.92,-9.73,-7.46,-25.84,-57.91,-58.78,-69.55,-69.20,25.02,2973.33,4.19,4.57,Sell,Sell,StrongSell,Strong sell,Neutral,Neutral,40.70,-0.73,-1.91,-132.89,18.88,29.72,0.00,27.12,-0.07,0.52,2386.00,0.52,6847037.00,-4.34,27.65,-0.04,1051657.00,-65.97,458.71,0.00,3.29,1.42,21.66,24.72,8.70,11158118956.00,3.27,0.00,38.24,28.58,29.55,31.03,35.47,49.99
[object Object],MNG,M&G Plc,LSE,356.00,stock,common,10.00,1.00,false,0.00,GBX,0.65,2524307.00,0.59,11291906852.69,USD,28.99,0.17,0.00,5.76,Finance,uk,Finance,Neutral,Neutral,0.65,1.34,7.23,20.31,16.72,24.00,36.92,58.08,61.82,61.82,1.74,1.61,Buy,Buy,StrongBuy,Strong buy,Neutral,Neutral,66.59,8.20,15.73,113.67,85.81,88.32,0.00,0.00,0.00,0.00,0.00,-0.11,2524307.00,-26.78,356.00,0.00,1343572.00,38.04,28.99,0.00,0.42,2.70,11.58,14.89,0.00,20563776452.69,0.70,0.00,0.00,352.38,341.25,330.09,312.07,298.75
[object Object],AKZA,Akzo Nobel N.V.,EURONEXT,57.86,stock,common,100.00,2.00,false,0.00,EUR,2.81,566924.00,1.02,11257829814.67,USD,15.64,4.23,53.05,3.42,Process industries,netherlands,Process Industries,Buy,Buy,2.81,1.51,-2.76,10.21,-2.98,-2.69,-1.50,-43.44,-10.66,1.94,3.29,2.50,Neutral,Neutral,Buy,Buy,Neutral,Neutral,49.74,0.46,-1.37,-64.59,28.50,24.43,tweezer_bottom_bullish,0.00,0.00,0.00,0.00,-0.43,566924.00,20.18,57.86,0.00,263726.00,-2.79,15.64,0.29,0.97,2.04,10.16,14.11,2.86,15019740734.67,1.33,35.16,17.51,57.39,58.73,58.02,54.44,56.35
[object Object],TECH,Bio-Techne Corporation,NASDAQ,71.60,stock,common,100.00,1.00,false,0.00,USD,-0.24,2065710.00,0.69,11210322698.00,USD,102.84,0.70,-15.14,0.45,Health technology,america,Health Technology,Neutral,Neutral,-0.24,0.00,25.22,36.30,3.45,21.75,29.45,-39.51,158.02,65362.86,0.51,0.62,Buy,Buy,StrongBuy,Strong buy,Sell,Sell,73.22,0.30,6.72,80.83,75.26,74.78,0.00,71.89,0.17,0.17,100.00,0.18,2065710.00,-33.65,71.60,0.00,231966.00,38.46,102.84,0.00,9.33,5.37,38.22,41.80,53.71,11290825698.00,9.33,42.05,30.61,71.64,66.68,59.60,56.68,59.32
[object Object],ABVX,Abivax SA,EURONEXT,112.80,stock,common,10.00,1.00,false,0.00,EUR,-1.48,148892.00,1.24,11196125842.64,USD,0.00,-5.23,-31.84,0.00,Health technology,france,Health Technology,StrongBuy,Strong buy,-1.48,-3.59,30.86,15.69,7.02,-3.92,97.55,268.03,2678.33,405.83,3.60,5.42,Neutral,Neutral,Buy,Buy,Neutral,Neutral,51.27,-10.10,11.49,-52.05,8.17,8.45,shooting_star_bearish,0.00,0.00,0.00,0.00,-0.44,148892.00,9.38,112.80,0.00,31735.00,1800.95,0.00,0.00,0.00,20.82,0.00,0.00,18.12,10675874152.24,0.00,0.00,0.00,117.54,107.44,102.82,101.86,100.48
[object Object],SKA_B,Skanska AB Class B,OMXSTO,264.40,stock,common,10.00,1.00,false,0.00,SEK,1.23,627322.00,0.75,11109354257.59,USD,16.58,1.64,7.17,5.30,Industrial services,sweden,Industrial Services,Buy,Buy,1.23,4.84,4.34,5.09,-2.44,4.05,14.11,7.35,49.38,153.01,1.96,2.03,Buy,Buy,StrongBuy,Strong buy,Buy,Buy,60.57,10.80,6.96,92.72,80.39,72.90,marubozu_white_bullish,0.00,0.00,0.00,0.00,-0.15,627322.00,-14.49,0.00,0.00,0.00,11.45,16.58,2.28,0.62,1.78,9.07,0.00,6.84,11074946557.59,0.62,15.95,9.19,257.13,255.78,251.37,252.39,256.02
[object Object],BXP,BXP Inc,NYSE,69.11,stock,common,100.00,1.00,false,0.00,USD,1.87,1297953.00,1.06,11021482277.00,USD,34.69,1.99,0.00,4.05,Finance,america,Finance,Buy,Buy,1.87,-1.76,6.85,21.25,6.16,2.28,-2.46,-39.75,-50.22,164.54,2.54,2.48,Buy,Buy,StrongBuy,Strong buy,Neutral,Neutral,58.48,2.29,1.64,58.35,35.55,34.27,0.00,67.88,0.06,0.06,100.00,0.78,1297953.00,-32.85,69.11,0.00,258322.00,2.04,34.69,0.00,3.09,2.13,9.22,16.76,18.91,29007884277.00,8.31,29.26,15.18,68.48,67.09,64.63,59.86,63.95
[object Object],DPZ,"Domino's Pizza, Inc.",NASDAQ,332.97,stock,common,100.00,1.00,false,0.00,USD,3.01,820607.00,0.71,11016289417.00,USD,18.88,17.64,2.40,2.24,Consumer services,america,Consumer Services,Buy,Buy,3.01,0.65,17.19,-9.81,-17.42,-20.09,-29.55,-36.43,124.78,2725.73,4.97,3.92,Buy,Buy,Buy,Buy,Buy,Buy,61.26,33.51,16.79,118.44,55.23,53.85,0.00,323.25,0.00,0.00,68.00,-0.32,820607.00,15.15,333.00,0.01,154737.00,-32.83,18.88,7.63,2.14,0.00,14.26,16.98,24.83,15692342417.00,3.12,16.17,14.81,321.38,309.69,310.28,338.09,374.03
[object Object],MICC,Magnum Ice Cream Co. N.V.,EURONEXT,15.76,stock,common,1000.00,2.00,false,0.00,EUR,0.72,577747.00,0.57,10977952793.90,USD,32.93,0.56,-49.39,0.00,Consumer non-durables,netherlands,Consumer Non-Durables,Buy,Buy,0.72,-3.36,7.94,40.61,13.72,16.07,29.20,29.20,29.20,29.20,2.47,2.63,Neutral,Neutral,Buy,Buy,Neutral,Neutral,51.02,-0.55,0.35,-69.04,23.81,22.32,0.00,0.00,0.00,0.00,0.00,-0.28,577747.00,-58.76,15.76,0.00,355414.00,0.00,32.93,0.00,1.21,15.44,26.22,877.31,21.49,14210898313.90,1.53,20.20,12.91,16.12,15.66,15.12,13.86,0.00
[object Object],FRT,Federal Realty Investment Trust,NYSE,126.08,stock,common,100.00,1.00,false,0.00,USD,1.00,986590.00,1.30,10958319802.00,USD,21.87,5.77,65.53,3.56,Finance,america,Finance,Buy,Buy,1.00,0.44,1.94,13.08,24.47,26.90,32.35,8.48,-24.70,3989.06,1.17,1.48,StrongBuy,Strong buy,StrongBuy,Strong buy,Buy,Buy,62.32,5.14,2.14,85.04,77.46,77.17,0.00,0.00,0.00,0.00,0.00,0.53,986590.00,6.91,126.08,0.00,127031.00,33.19,21.87,0.33,8.25,3.46,17.27,32.57,94.49,16189902802.00,12.35,34.53,19.07,124.47,123.32,121.56,115.28,107.93
[object Object],CRL,"Charles River Laboratories International, Inc.",NYSE,226.58,stock,common,100.00,1.00,false,0.00,USD,-1.18,476149.00,0.54,10913844859.00,USD,0.00,-3.76,-478.51,0.00,Commercial services,america,Commercial Services,Buy,Buy,-1.18,0.73,19.31,33.99,1.56,13.22,30.59,-42.73,160.89,1061.95,3.81,3.99,Buy,Buy,StrongBuy,Strong buy,Neutral,Neutral,60.04,-6.83,12.71,22.56,45.30,34.04,0.00,232.79,1.53,-0.00,557.00,0.41,476149.00,-55.71,226.58,0.00,87993.00,42.43,0.00,-0.13,2.79,3.71,18.27,28.35,57.24,13832336859.00,3.43,26.47,15.85,225.64,214.48,196.69,183.49,185.64
[object Object],MOWI,Mowi ASA,OSL,197.80,stock,common,10.00,1.00,false,0.00,NOK,-0.30,562307.00,0.81,10845958593.63,USD,10.49,1.95,155.10,3.41,Consumer non-durables,norway,Consumer Non-Durables,StrongBuy,Strong buy,-0.30,-0.10,1.44,-2.94,-7.57,-18.87,0.41,-12.40,35.95,-99.58,1.91,2.28,Neutral,Neutral,Buy,Buy,Neutral,Neutral,58.15,12.10,5.98,102.62,89.23,90.14,long_upper_shadow_bearish,0.00,0.00,0.00,0.00,-0.35,562307.00,-12.88,197.80,0.00,273458.00,3.60,10.49,0.07,1.52,2.05,12.23,28.78,41.77,14945050315.88,2.10,20.65,11.70,195.38,191.95,194.24,203.26,215.14
[object Object],UHR,Swatch Group Ltd. Bearer,SIX,169.90,stock,common,100.00,5.00,false,0.00,CHF,-2.05,96671.00,0.76,10796341579.34,USD,981.51,0.21,-85.06,2.65,Consumer durables,switzerland,Consumer Durables,Sell,Sell,-2.05,-17.48,-17.36,-6.67,1.31,0.56,9.61,-44.04,-35.64,-4.55,4.47,3.11,StrongSell,Strong sell,StrongSell,Strong sell,Sell,Sell,24.06,-33.10,-15.82,-237.22,1.37,7.15,0.00,0.00,0.00,0.00,0.00,-0.66,96671.00,-48.17,169.90,0.00,60228.00,44.90,981.51,0.00,1.42,0.78,14.00,32.72,6.50,9545413579.34,1.22,64.84,14.34,194.20,200.43,202.90,191.63,182.59
[object Object],MRL,"MERLIN Properties SOCIMI, S.A.",BME,15.34,stock,common,100.00,1.00,false,0.00,EUR,0.79,599188.00,0.82,10796165129.58,USD,11.18,1.58,143.51,2.22,Finance,spain,Finance,StrongBuy,Strong buy,0.79,2.47,-0.65,1.93,24.82,23.71,31.00,64.38,52.26,92.18,1.85,1.84,Buy,Buy,StrongBuy,Strong buy,Neutral,Neutral,56.53,0.29,-0.04,63.85,72.61,62.64,0.00,0.00,0.00,0.00,0.00,-0.46,599188.00,-33.79,0.00,0.00,0.00,44.02,11.18,0.08,16.96,1.06,0.00,0.00,5.42,14828987101.14,23.11,32.52,32.06,15.07,15.23,15.10,14.79,13.87
[object Object],NDX1,Nordex SE,XETR,40.04,stock,common,100.00,2.00,false,0.00,EUR,-0.50,257281.00,0.54,10789028271.52,USD,30.01,1.54,957.97,0.00,Producer manufacturing,germany,Producer Manufacturing,Buy,Buy,-0.50,1.21,-12.54,-12.31,20.17,37.31,99.20,168.88,77.42,1335.20,4.15,4.06,Sell,Sell,StrongSell,Strong sell,Neutral,Neutral,42.09,-0.94,-1.79,-69.90,18.27,22.05,0.00,40.34,0.25,0.25,49.00,0.05,257281.00,-30.30,40.04,0.00,171285.00,96.87,30.01,0.03,1.36,7.13,11.29,13.93,5.69,9338836069.40,1.05,16.06,11.85,40.59,42.91,42.43,43.87,36.72
[object Object],GBLB,Groupe Bruxelles Lambert SA,EURONEXT,78.45,stock,common,100.00,5.00,false,0.00,EUR,0.58,41081.00,0.68,10728077311.88,USD,0.00,-6.11,-689.97,4.57,Finance,belgium,Finance,Buy,Buy,0.58,0.97,-0.19,-1.94,-2.30,3.50,2.95,-19.54,4.95,37.26,1.20,1.16,Neutral,Neutral,Neutral,Neutral,Buy,Buy,49.82,0.70,-1.17,10.51,55.84,37.53,0.00,0.00,0.00,0.00,0.00,-0.06,41081.00,-33.02,78.45,0.00,29994.00,1.19,0.00,0.00,1.41,0.82,12.69,137.41,6.15,19495479743.88,2.48,62.85,19.08,77.70,78.63,79.43,79.56,78.67
[object Object],JKHY,"Jack Henry & Associates, Inc.",NASDAQ,150.58,stock,common,100.00,1.00,false,0.00,USD,1.59,714810.00,0.60,10698826771.00,USD,21.05,7.15,21.73,1.58,Technology services,america,Technology Services,Buy,Buy,1.59,-1.72,20.97,0.57,-20.17,-17.23,-16.19,-14.51,71.52,40052.95,2.85,3.26,Buy,Buy,StrongBuy,Strong buy,Neutral,Neutral,59.38,0.26,10.54,59.47,40.80,46.15,0.00,0.00,0.00,0.00,0.00,0.91,714810.00,-33.32,150.58,0.00,144761.00,-17.16,21.05,0.95,4.24,5.02,13.78,14.90,526.83,10814840771.00,4.30,16.54,12.52,149.71,140.22,138.32,147.80,159.25
[object Object],IDR,"Indra Sistemas, S.A. Class A",BME,53.36,stock,common,100.00,2.00,false,0.00,EUR,-2.49,1209674.00,1.09,10692860794.24,USD,21.24,2.87,16.97,0.38,Technology services,spain,Technology Services,Buy,Buy,-2.49,10.48,-0.04,3.61,-3.25,9.57,38.17,571.19,402.68,327.56,3.79,4.08,Buy,Buy,StrongBuy,Strong buy,Neutral,Neutral,57.52,5.91,-0.20,143.59,78.09,68.32,harami_bearish,0.00,0.00,0.00,0.00,-1.13,1209674.00,-58.60,0.00,0.00,0.00,26.13,21.24,1.28,1.55,4.83,0.00,0.00,3.78,10061839198.84,1.42,14.25,10.73,50.25,51.02,52.24,52.40,51.29
[object Object],TUB,Financiere de Tubize S.A.,EURONEXT,209.80,stock,common,10.00,2.00,false,0.00,EUR,1.25,10833.00,0.80,10623381174.17,USD,100.17,2.46,3.47,0.36,Finance,belgium,Finance,Buy,Buy,1.25,1.84,-2.69,-0.10,-6.34,-0.10,47.33,145.67,274.64,10501.31,3.02,2.95,Sell,Sell,Sell,Sell,Neutral,Neutral,46.21,1.20,-10.48,-38.53,33.33,28.21,0.00,0.00,0.00,0.00,0.00,-0.97,10833.00,-23.66,209.80,0.00,7748.00,49.28,100.17,28.53,0.00,4.95,101.68,101.68,7364.53,10621938667.32,0.00,0.00,0.00,206.70,216.03,217.14,214.48,217.10
[object Object],AES,AES Corporation,NYSE,14.84,stock,common,100.00,1.00,false,0.00,USD,0.07,6998085.00,1.06,10583260597.00,USD,7.68,1.93,5.51,4.74,Utilities,america,Utilities,Neutral,Neutral,0.07,0.27,1.16,2.42,1.85,2.27,6.76,-37.93,17.41,352.89,0.33,0.45,Buy,Buy,StrongBuy,Strong buy,Neutral,Neutral,63.72,0.06,0.12,81.90,90.38,92.09,hanging_man_bearish,14.88,0.34,0.34,1570.00,0.13,6998085.00,39.73,14.82,-0.10,648066.00,10.66,7.68,1.39,0.85,2.39,2.14,0.00,4.72,47163260597.00,3.79,21.52,12.59,14.81,14.71,14.68,14.49,14.52
[object Object],PUIG,"Puig Brands, S.A. Class B",BME,16.49,stock,common,100.00,1.00,false,0.00,EUR,0.30,265921.00,0.80,10566593308.73,USD,15.65,1.24,11.89,2.07,Consumer non-durables,spain,Consumer Non-Durables,Buy,Buy,0.30,-1.55,3.91,-9.89,-1.55,10.60,0.79,-35.33,-35.33,-35.33,1.94,1.83,Sell,Sell,Sell,Sell,Neutral,Neutral,46.85,-0.28,0.18,-88.20,30.88,42.31,0.00,0.00,0.00,0.00,0.00,-0.85,265921.00,-67.04,0.00,0.00,0.00,4.17,15.65,1.31,1.84,2.38,10.29,12.26,8.96,11400952616.57,1.93,11.95,9.26,16.71,16.48,16.42,16.66,15.94
[object Object],SMIN,Smiths Group Plc,LSE,2678.00,stock,common,1.00,1.00,false,0.00,GBX,2.10,442738.00,0.46,10528505342.93,USD,34.87,1.05,-13.45,1.75,Producer manufacturing,uk,Producer Manufacturing,Buy,Buy,2.10,5.98,3.76,6.78,2.61,12.81,15.33,68.59,117.19,375.45,2.84,2.88,Buy,Buy,StrongBuy,Strong buy,Neutral,Neutral,62.15,170.00,68.15,150.93,88.14,87.59,marubozu_white_bullish,0.00,0.00,0.00,0.00,-0.08,442738.00,-72.65,2678.00,0.00,183961.00,-2.10,34.87,0.00,3.81,5.09,23.14,27.92,25.08,11697474542.93,3.85,22.99,17.24,2578.80,2568.77,2534.86,2501.83,2497.24
[object Object],HAG,HENSOLDT AG,XETR,79.80,stock,common,100.00,2.00,false,0.00,EUR,0.86,156704.00,0.64,10484777164.42,USD,92.17,1.00,7.53,0.69,Electronic technology,germany,Electronic Technology,Buy,Buy,0.86,12.39,13.35,2.70,-4.09,6.61,-19.03,470.82,596.34,596.34,3.42,4.72,Buy,Buy,StrongBuy,Strong buy,Buy,Buy,59.77,5.48,3.73,96.66,70.18,60.43,0.00,80.40,1.62,1.37,200.00,-0.40,156704.00,-46.84,79.80,0.00,80913.00,-26.05,92.17,12.14,3.58,9.41,18.36,34.01,11.24,11443740244.42,3.88,37.95,22.77,75.76,73.39,76.93,77.01,80.19
[object Object],DIE,D'Ieteren Group SA/NV,EURONEXT,174.80,stock,common,10.00,1.00,false,0.00,EUR,0.92,24104.00,0.55,10465949175.66,USD,21.95,9.36,14.61,0.80,Consumer services,belgium,Consumer Services,StrongBuy,Strong buy,0.92,0.46,5.68,-0.74,-6.92,11.91,-3.05,31.33,361.21,899.43,2.68,2.39,Buy,Buy,StrongBuy,Strong buy,Sell,Sell,52.69,1.90,3.80,-1.72,48.65,46.79,0.00,0.00,0.00,0.00,0.00,-0.12,24104.00,-41.57,174.80,0.00,15316.00,0.69,21.95,1.49,1.15,642.81,14.69,17.84,30.50,12691016535.66,1.35,27.60,17.32,174.18,172.22,169.89,171.04,167.99
[object Object],MKS,Marks and Spencer Group plc,LSE,380.50,stock,common,10.00,1.00,false,0.00,GBX,0.21,4750316.00,0.57,10412507394.86,USD,31.04,0.16,-12.49,1.10,Retail trade,uk,Retail Trade,Buy,Buy,0.21,-0.70,4.36,12.44,5.31,15.02,8.65,173.15,18.47,-8.12,3.76,2.83,Buy,Buy,Buy,Buy,Sell,Sell,52.69,2.50,12.03,6.88,54.45,69.00,0.00,0.00,0.00,0.00,0.00,-0.53,4750316.00,-41.99,380.50,0.00,2272180.00,13.02,31.04,0.00,0.46,2.56,7.83,17.75,7.97,13831409454.86,0.61,19.49,8.33,381.19,375.47,367.11,356.43,360.69
[object Object],ERIE,Erie Indemnity Company Class A,NASDAQ,223.55,stock,common,100.00,1.00,false,0.00,USD,4.21,198164.00,0.64,10410805873.00,USD,20.61,10.85,-6.96,2.53,Finance,america,Finance,Buy,Buy,4.21,-1.85,0.03,-10.12,-21.19,-21.56,-38.75,21.77,129.26,1282.80,3.27,4.24,Sell,Sell,StrongSell,Strong sell,Neutral,Neutral,46.46,-28.26,-14.13,-77.51,18.70,17.73,0.00,0.00,0.00,0.00,0.00,1.17,198164.00,-7.23,223.55,0.00,35290.00,-35.66,20.61,0.00,2.76,4.42,17.83,21.93,36.41,10087324873.00,2.47,13.75,12.49,223.88,232.17,227.05,234.58,262.21
[object Object],ORK,Orkla ASA,OSL,102.00,stock,common,10.00,1.00,false,0.00,NOK,-0.10,867805.00,0.59,10400961554.53,USD,9.19,1.15,73.95,3.92,Consumer non-durables,norway,Consumer Non-Durables,Neutral,Neutral,-0.10,-4.94,0.59,-10.45,-9.65,-9.73,-5.90,27.15,33.60,251.72,1.71,1.46,StrongSell,Strong sell,StrongSell,Strong sell,Sell,Sell,38.05,-3.70,0.89,-233.28,6.32,15.66,0.00,0.00,0.00,0.00,0.00,0.10,867805.00,-43.16,102.00,0.00,557453.00,-3.76,9.19,0.12,1.40,2.13,10.34,14.04,21.41,12233161364.53,1.65,15.76,11.55,105.30,104.49,103.67,111.07,111.05
[object Object],RMBS,Rambus Inc.,NASDAQ,96.01,stock,common,100.00,1.00,false,0.00,USD,-6.96,2733666.00,1.05,10382230771.00,USD,45.64,2.10,10.15,0.00,Electronic technology,america,Electronic Technology,Buy,Buy,-6.96,0.72,-25.43,-35.85,-22.09,0.62,46.21,314.55,610.13,1517.01,5.45,7.88,StrongSell,Strong sell,StrongSell,Strong sell,Sell,Sell,34.93,-16.09,-19.24,-104.05,26.02,28.97,0.00,102.65,-0.52,-1.40,3269.00,-2.15,2733666.00,56.65,96.24,0.24,522206.00,49.72,45.64,4.83,15.70,7.45,28.80,31.42,13.40,9619495771.00,13.34,37.16,31.82,102.39,118.06,128.69,117.87,109.28
[object Object],AYV,Ayvens,EURONEXT,11.62,stock,common,100.00,1.00,false,0.00,EUR,0.17,380665.00,0.69,10356737991.78,USD,9.73,1.40,45.84,5.08,Finance,france,Finance,Buy,Buy,0.17,-0.17,-1.27,7.00,-3.57,1.48,18.81,4.06,-10.93,-10.93,2.54,2.24,Sell,Sell,Sell,Sell,Neutral,Neutral,48.85,-0.27,-0.04,-36.19,57.79,59.33,0.00,0.00,0.00,0.00,0.00,-0.26,380665.00,-63.87,11.62,0.00,304355.00,17.32,9.73,0.21,0.39,0.83,0.88,0.00,3.90,65532720719.78,2.24,17.90,4.71,11.69,11.73,11.55,11.06,11.11
[object Object],SGE,Sage Group plc,LSE,858.20,stock,common,10.00,2.00,false,0.00,GBX,4.45,1940789.00,0.80,10255293105.27,USD,21.57,0.53,16.04,2.62,Technology services,uk,Technology Services,Buy,Buy,4.45,0.85,6.95,-3.38,-16.31,-20.90,-31.21,22.36,23.48,4191.00,2.89,2.93,Buy,Buy,StrongBuy,Strong buy,Buy,Buy,56.00,29.20,6.67,73.56,49.48,46.17,marubozu_white_bullish,0.00,0.00,0.00,0.00,0.24,1940789.00,11.70,858.20,0.00,1004064.00,-36.88,21.57,1.29,2.99,36.13,15.28,16.22,15.87,12257718705.27,3.52,15.56,13.54,844.72,829.78,844.02,851.47,943.24
[object Object],SSAB_B,SSAB AB Class B,OMXSTO,100.10,stock,common,100.00,2.00,false,0.00,SEK,4.10,4499568.00,1.60,10196217780.03,USD,17.80,0.58,24.28,2.00,Producer manufacturing,sweden,Producer Manufacturing,Buy,Buy,4.10,1.42,5.50,20.17,28.20,43.00,71.82,145.34,347.87,242.05,4.41,3.45,StrongBuy,Strong buy,StrongBuy,Strong buy,Buy,Buy,61.60,4.28,1.72,83.29,66.40,68.33,0.00,0.00,0.00,0.00,0.00,-0.04,4499568.00,29.80,0.00,0.00,0.00,63.69,17.80,0.70,0.98,1.41,8.20,0.00,5.08,9301719680.03,0.93,12.02,7.75,98.68,95.62,94.46,85.97,77.23
[object Object],BEZ,Beazley Plc,LSE,1293.00,stock,common,10.00,5.00,false,0.00,GBX,0.43,1645284.00,0.54,10174890186.79,USD,11.79,1.48,-17.76,1.93,Finance,uk,Finance,Neutral,Neutral,0.43,0.39,0.66,1.49,16.70,54.20,41.54,233.25,222.44,1516.25,0.16,0.14,StrongBuy,Strong buy,StrongBuy,Strong buy,Buy,Buy,75.42,6.50,2.23,347.01,62.50,50.00,0.00,0.00,0.00,0.00,0.00,0.08,1645284.00,-79.53,1293.00,0.00,242597.00,35.87,11.79,0.00,1.57,2.14,11.31,11.47,0.00,10795230233.63,1.57,0.00,0.00,1288.30,1286.70,1284.80,1280.85,1121.00
[object Object],PNR,Pentair plc,NYSE,62.88,stock,common,100.00,1.00,false,0.00,USD,1.30,2887931.00,0.64,10161756845.00,USD,15.43,4.07,5.07,1.65,Producer manufacturing,america,Producer Manufacturing,Buy,Buy,1.30,-3.16,-14.36,-29.94,-41.81,-39.67,-39.05,-8.26,49.68,27621.45,2.62,3.84,Sell,Sell,StrongSell,Strong sell,Sell,Sell,32.41,-13.31,-9.80,-83.58,24.84,23.34,0.00,0.00,0.00,0.00,0.00,-0.39,2887931.00,38.28,62.88,0.00,483956.00,-41.96,15.43,3.00,2.42,2.67,13.09,14.38,152.05,12175656845.00,2.90,13.44,11.88,65.63,71.83,72.23,79.68,92.27
[object Object],SUBC,Subsea 7 S.A.,OSL,329.60,stock,common,10.00,2.00,false,0.00,NOK,-0.30,199048.00,0.70,10137211557.39,USD,19.75,1.72,138.68,5.92,Industrial services,norway,Industrial Services,Neutral,Neutral,-0.30,3.45,-4.07,7.08,44.06,62.20,60.78,300.97,267.24,319.28,2.75,3.14,Neutral,Neutral,Neutral,Neutral,Neutral,Neutral,49.12,-3.20,-9.24,-62.46,51.17,45.47,"hammer_bullish,long_lower_shadow_bullish",0.00,0.00,0.00,0.00,-0.54,199048.00,-18.79,329.60,0.00,78120.00,60.62,19.75,0.14,1.33,2.22,5.68,6.69,9.35,9966426266.95,1.31,10.92,6.11,327.54,334.57,330.61,310.40,261.14
[object Object],WYNN,"Wynn Resorts, Limited",NASDAQ,96.92,stock,common,100.00,1.00,false,0.00,USD,0.16,1494228.00,1.09,10059009479.00,USD,27.74,3.49,-4.62,1.03,Consumer services,america,Consumer Services,StrongBuy,Strong buy,0.16,-0.70,-6.94,-8.36,-15.03,-19.29,-10.80,-5.57,-0.34,645.54,2.54,2.80,Sell,Sell,StrongSell,Strong sell,Neutral,Neutral,45.85,-2.85,-4.85,2.61,41.21,31.40,0.00,0.00,0.00,0.00,0.00,0.54,1494228.00,-50.79,96.92,0.00,219785.00,-10.15,27.74,0.00,1.38,0.00,7.33,14.52,5.60,19693129479.00,2.70,16.73,10.92,96.32,99.48,99.98,101.64,110.58
[object Object],SBRY,J Sainsbury plc,LSE,345.00,stock,common,10.00,1.00,false,0.00,GBX,0.20,26829884.00,2.56,10008030750.97,USD,20.86,0.22,12.82,3.97,Retail trade,uk,Retail Trade,Buy,Buy,0.20,-3.33,12.12,1.74,9.38,6.09,15.46,23.66,49.93,-34.80,1.65,1.89,Buy,Buy,StrongBuy,Strong buy,Neutral,Neutral,59.65,3.50,23.84,28.13,52.17,64.29,0.00,0.00,0.00,0.00,0.00,-0.03,26829884.00,163.72,345.00,0.00,3718732.00,18.99,20.86,1.62,0.24,1.27,0.00,0.00,7.48,17375998350.97,0.38,14.44,6.05,350.08,330.08,320.22,328.62,329.74
[object Object],LOTB,Lotus Bakeries NV,EURONEXT,10720.00,stock,common,1.00,20.00,false,0.00,EUR,0.37,451.00,0.84,9950987119.92,USD,50.60,248.85,12.91,0.59,Consumer non-durables,belgium,Consumer Non-Durables,Buy,Buy,0.37,-2.90,-3.42,6.14,14.29,34.34,42.74,116.13,527.82,17811.45,2.42,2.47,Sell,Sell,Sell,Sell,Buy,Buy,38.97,-500.00,-386.24,-120.79,11.07,12.92,tweezer_bottom_bullish,0.00,0.00,0.00,0.00,0.00,451.00,1.81,10720.00,0.00,218.00,45.36,50.60,3.91,6.41,10.13,42.61,95.18,71.50,10167538729.32,6.39,37.25,31.76,10922.00,11222.00,11144.00,10624.30,9611.60
[object Object],ACKB,Ackermans & van Haaren NV,EURONEXT,265.80,stock,common,10.00,2.00,false,0.00,EUR,-0.08,24540.00,1.01,9921451280.02,USD,14.69,21.26,28.77,1.21,Industrial services,belgium,Industrial Services,Buy,Buy,-0.08,-1.70,-7.45,-3.97,10.75,14.27,23.97,85.61,158.06,771.48,1.35,1.59,Sell,Sell,StrongSell,Strong sell,Neutral,Neutral,39.39,-2.20,-8.45,-82.22,13.82,17.18,0.00,0.00,0.00,0.00,0.00,0.00,24540.00,7.01,265.80,0.00,10545.00,27.35,14.69,0.51,1.46,1.52,8.65,16.23,3.96,21146495214.02,3.02,24.16,14.05,268.70,277.29,274.81,275.22,256.20
[object Object],SPM,Saipem S.p.A.,MIL,4.41,stock,common,1000.00,1.00,false,0.00,EUR,1.92,15876081.00,0.94,9892004876.22,USD,29.11,0.18,10.51,3.86,Industrial services,italy,Industrial Services,Buy,Buy,1.92,5.00,-4.79,3.96,54.94,79.92,77.31,-9.25,-59.67,-11.44,2.91,3.35,StrongBuy,Strong buy,StrongBuy,Strong buy,Buy,Buy,52.21,-0.00,-0.08,13.01,50.87,47.91,piercing_bullish,0.00,0.00,0.00,0.00,-0.72,15876081.00,-1.98,4.41,0.00,8774.00,75.01,29.11,2.72,0.62,3.24,6.56,8.52,4.20,10752000236.22,0.59,12.66,5.35,4.33,4.40,4.38,4.18,3.41
[object Object],UNI,Unicaja Banco S.A.,BME,3.37,stock,common,1000.00,2.00,false,0.00,EUR,3.31,2818994.00,0.95,9856958689.99,USD,13.62,0.29,2.57,4.80,Finance,spain,Finance,Sell,Sell,3.31,4.53,5.97,27.17,19.50,21.66,64.71,320.20,188.03,188.03,2.27,1.86,StrongBuy,Strong buy,StrongBuy,Strong buy,Neutral,Neutral,66.77,0.10,0.15,151.43,79.55,82.32,marubozu_white_bullish,0.00,0.00,0.00,0.00,0.25,2818994.00,-12.76,0.00,0.00,0.00,58.15,13.62,5.13,3.91,1.23,0.00,0.00,0.00,13554028689.99,3.99,0.00,0.00,3.28,3.20,3.05,2.85,2.73
[object Object],CNA,Centrica plc,LSE,163.00,stock,common,100.00,5.00,false,0.00,GBX,0.99,21819109.00,0.97,9828831604.38,USD,10.39,0.21,0.00,3.37,Utilities,uk,Utilities,Buy,Buy,0.99,-5.97,-5.26,-21.48,-10.19,-3.98,4.72,238.17,-31.60,199.61,4.01,2.65,Sell,Sell,StrongSell,Strong sell,Neutral,Neutral,37.10,-8.00,-4.53,-275.51,41.90,54.47,0.00,0.00,0.00,0.00,0.00,-0.87,21819109.00,-52.36,163.00,0.00,10380424.00,7.44,10.39,0.00,0.37,2.17,15.24,0.00,2.13,9366835804.38,0.36,1.56,1.46,172.20,173.04,180.24,193.01,185.35
[object Object],LPP,LPP S.A.,GPW,20140.00,stock,common,1.00,20.00,false,0.00,PLN,-0.79,2452.00,0.72,9820535145.31,USD,22.84,242.85,-9.36,3.62,Retail trade,poland,Retail Trade,Buy,Buy,-0.79,0.60,8.45,-13.56,-1.27,-3.22,24.24,47.33,294.90,41511.57,2.62,2.42,Buy,Buy,StrongBuy,Strong buy,Neutral,Neutral,58.10,760.00,749.09,99.25,80.90,83.43,engulfing_bearish,0.00,0.00,0.00,0.00,0.30,2452.00,-50.31,0.00,0.00,0.00,26.60,22.84,0.00,1.60,6.14,7.70,21.56,31.58,11674491925.31,1.79,17.17,9.09,19934.00,19100.00,20090.80,20755.45,19797.45
[object Object],SOF,Sofina SA,EURONEXT,238.00,stock,common,10.00,2.00,false,0.00,EUR,1.45,12138.00,0.68,9787807878.22,USD,71.10,3.93,-91.59,1.08,Finance,belgium,Finance,StrongBuy,Strong buy,1.45,5.97,8.18,8.18,-2.70,-3.72,-12.85,-39.31,105.51,445.07,2.05,1.85,StrongBuy,Strong buy,StrongBuy,Strong buy,Buy,Buy,71.64,11.60,8.21,228.31,86.16,80.21,0.00,0.00,0.00,0.00,0.00,0.60,12138.00,-25.75,238.00,0.00,5383.00,-11.35,71.10,0.00,60.78,0.78,18.89,18.89,4.97,9440465307.82,62.15,64.93,0.00,229.92,225.90,223.29,222.89,233.80
[object Object],PSON,Pearson PLC,LSE,1226.00,stock,common,10.00,5.00,false,0.00,GBX,1.78,612248.00,0.33,9769229378.44,USD,24.41,0.68,-20.85,2.06,Consumer services,uk,Consumer Services,Neutral,Neutral,1.78,-1.96,8.30,14.21,28.03,16.82,16.37,43.29,27.51,124.37,2.10,2.69,Buy,Buy,Buy,Buy,Neutral,Neutral,52.68,-42.00,26.74,-59.91,15.44,18.65,marubozu_white_bullish,0.00,0.00,0.00,0.00,-0.12,612248.00,-64.72,1226.00,0.00,411792.00,10.47,24.41,0.00,2.23,2.23,8.34,8.60,24.43,11317647578.44,2.35,16.50,7.78,1239.35,1207.18,1177.64,1102.73,1053.90
[object Object],HSIC,"Henry Schein, Inc.",NASDAQ,85.47,stock,common,100.00,1.00,false,0.00,USD,1.11,1481179.00,1.18,9736465247.00,USD,25.81,3.31,2.93,0.00,Distribution services,america,Distribution Services,Buy,Buy,1.11,-3.16,5.52,9.55,9.49,12.98,15.97,10.64,20.55,1817.01,2.01,2.23,Buy,Buy,Buy,Buy,Neutral,Neutral,55.84,1.07,2.13,-14.33,37.08,40.97,0.00,0.00,0.00,0.00,0.00,0.00,1481179.00,44.56,85.47,0.00,263921.00,18.94,25.81,8.71,0.73,2.99,17.16,22.29,71.88,14903465247.00,1.11,18.94,13.48,86.28,84.01,80.46,77.80,75.74
[object Object],BNR,Brenntag SE,XETR,59.06,stock,common,100.00,2.00,false,0.00,EUR,-0.67,120133.00,0.47,9700429716.19,USD,37.37,1.83,-56.88,3.22,Distribution services,germany,Distribution Services,Neutral,Neutral,-0.67,-1.83,9.74,-0.84,17.42,18.95,2.64,-29.46,29.83,246.77,2.78,2.56,StrongBuy,Strong buy,StrongBuy,Strong buy,Neutral,Neutral,60.16,2.84,2.69,70.03,74.29,72.24,0.00,59.58,0.20,0.20,10.00,0.00,120133.00,-60.24,59.06,0.00,64683.00,6.82,37.37,0.00,0.58,1.90,9.00,13.01,12.25,12795730476.19,0.75,19.69,9.65,59.02,56.21,56.52,56.31,53.38
[object Object],IMI,IMI plc,LSE,3050.00,stock,common,1.00,2.00,false,0.00,GBX,1.13,431284.00,0.53,9657967920.48,USD,24.63,1.67,29.49,1.12,Producer manufacturing,uk,Producer Manufacturing,Buy,Buy,1.13,5.24,3.25,7.39,11.97,21.90,39.02,73.00,209.17,871.34,2.14,2.17,StrongBuy,Strong buy,StrongBuy,Strong buy,Buy,Buy,65.84,232.00,80.15,140.07,94.36,92.45,0.00,0.00,0.00,0.00,0.00,0.13,431284.00,-14.14,3050.00,0.00,191149.00,30.73,24.63,0.83,3.25,6.76,18.98,25.20,65.99,10362012240.48,3.34,17.93,14.18,2948.20,2932.20,2869.76,2807.10,2681.26
[object Object],AKER,Aker ASA Class A,OSL,1250.00,stock,common,1.00,2.00,false,0.00,NOK,-0.79,52352.00,0.60,9656422406.50,USD,3.33,37.89,0.00,4.44,Finance,norway,Finance,StrongBuy,Strong buy,-0.79,7.76,7.76,20.66,48.63,63.19,90.55,96.85,390.20,2036.75,1.82,2.52,Buy,Buy,StrongBuy,Strong buy,Neutral,Neutral,55.69,28.00,46.41,63.00,76.96,75.98,long_lower_shadow_bullish,0.00,0.00,0.00,0.00,-0.95,52352.00,-65.63,1250.00,0.00,13939.00,89.05,3.33,0.00,7.65,1.37,18.92,30.02,29.98,14535425226.50,11.77,5.20,4.93,1241.20,1194.80,1219.96,1139.60,971.87
[object Object],RED,Redeia Corporacion SA,BME,15.72,stock,common,100.00,1.00,false,0.00,EUR,0.38,650620.00,0.63,9638551914.76,USD,16.80,1.10,37.07,4.12,Utilities,spain,Utilities,Buy,Buy,0.38,1.62,2.88,5.15,9.55,3.08,-9.91,-3.17,-23.09,932.51,1.13,1.28,Buy,Buy,StrongBuy,Strong buy,Neutral,Neutral,65.71,0.33,0.30,158.11,89.26,80.45,spinning_top_white,0.00,0.00,0.00,0.00,0.13,650620.00,-20.59,0.00,0.00,0.00,-12.66,16.80,0.45,5.10,1.62,7.96,0.00,14.11,16018457069.48,8.22,18.73,11.35,15.50,15.31,15.13,14.99,15.20
[object Object],KESKOB,Kesko Oyj Class B,OMXHEX,20.90,stock,common,100.00,2.00,false,0.00,EUR,0.38,416200.00,0.76,9443615137.52,USD,19.90,1.20,10.18,4.31,Retail trade,finland,Retail Trade,Buy,Buy,0.38,6.15,6.96,3.16,1.26,8.18,7.73,-40.89,114.30,543.57,2.23,1.74,StrongBuy,Strong buy,StrongBuy,Strong buy,Buy,Buy,67.24,1.63,0.30,237.78,96.81,96.24,0.00,0.00,0.00,0.00,0.00,0.10,416200.00,-39.85,0.00,0.00,0.00,-1.63,19.90,1.95,0.64,3.14,8.16,12.05,22.12,13601738205.52,0.93,18.22,9.45,20.04,19.78,20.20,20.08,19.71
[object Object],PAH3,Porsche Automobil Holding SE Pref,XETR,27.10,stock,preferred,100.00,1.00,false,0.00,EUR,-1.38,530116.00,1.13,9441036687.14,USD,3.13,10.17,0.00,5.57,Consumer durables,germany,Consumer Durables,Neutral,Neutral,-1.38,-1.63,-9.55,-14.73,-27.83,-32.08,-25.71,-70.02,-41.72,-24.54,1.96,2.08,Sell,Sell,StrongSell,Strong sell,Neutral,Neutral,36.57,-0.08,-1.30,-86.90,29.67,32.43,0.00,27.05,-1.56,-1.86,240.00,-1.09,530116.00,-16.97,27.31,0.77,230207.00,-20.06,3.13,0.00,2.82,0.22,11.86,11.86,4.29,15240317567.14,4.35,4.14,4.14,27.39,28.37,29.66,30.87,33.81
[object Object],UHS,"Universal Health Services, Inc. Class B",NYSE,155.75,stock,common,100.00,1.00,false,0.00,USD,2.96,1602667.00,2.09,9426596379.00,USD,6.49,24.01,34.83,0.51,Health services,america,Health Services,Buy,Buy,2.96,1.77,6.39,-12.48,-23.72,-28.50,-5.04,1.67,12.63,8138.02,2.63,3.03,Buy,Buy,Buy,Buy,Buy,Buy,56.16,0.18,2.61,99.06,48.59,42.15,0.00,156.66,3.56,1.75,1539.00,5.10,1602667.00,80.92,155.00,-0.48,293214.00,-15.95,6.49,0.18,0.53,1.26,5.04,10.52,80.69,14573007379.00,0.82,7.14,5.46,150.66,149.65,151.65,166.63,192.67
[object Object],ADDT_B,Addtech AB Class B,OMXSTO,341.60,stock,common,10.00,2.00,false,0.00,SEK,0.65,188682.00,0.57,9414380914.44,USD,41.48,0.85,13.61,0.94,Distribution services,sweden,Distribution Services,StrongBuy,Strong buy,0.65,-1.73,6.29,1.07,13.26,4.27,1.01,99.77,997.51,9898.15,2.07,2.44,Buy,Buy,StrongBuy,Strong buy,Neutral,Neutral,54.94,12.40,7.12,42.54,66.20,62.52,0.00,0.00,0.00,0.00,0.00,-0.12,188682.00,-42.72,0.00,0.00,0.00,1.22,41.48,3.03,3.98,10.73,29.52,30.95,66.02,10027797714.44,4.24,31.93,26.87,340.36,334.33,332.27,326.96,321.63
[object Object],IT,"Gartner, Inc.",NYSE,140.50,stock,common,100.00,1.00,false,0.00,USD,5.09,1085240.00,0.87,9406740410.00,USD,13.88,10.12,-37.06,0.00,Technology services,america,Technology Services,Neutral,Neutral,5.09,-2.17,10.71,-4.60,-40.57,-43.89,-60.42,-46.01,41.29,4396.00,4.23,4.37,Buy,Buy,Buy,Buy,Buy,Buy,51.92,7.26,-3.15,82.44,40.43,37.82,0.00,0.00,0.00,0.00,0.00,1.99,1085240.00,-19.27,140.50,0.00,183807.00,-65.69,13.88,0.00,1.44,150.46,7.19,7.81,5.90,11094969410.00,1.71,9.54,7.82,137.32,135.74,144.93,150.37,186.32
[object Object],BIM,bioMerieux SA,EURONEXT,69.90,stock,common,100.00,5.00,false,0.00,EUR,1.30,141960.00,0.85,9388166011.85,USD,20.90,3.93,-8.08,1.40,Health technology,france,Health Technology,Buy,Buy,1.30,-4.44,4.95,-2.85,-33.17,-36.63,-42.70,-26.06,70.49,13006.38,2.39,2.52,Sell,Sell,StrongSell,Strong sell,Neutral,Neutral,47.51,0.10,0.74,-83.13,23.39,31.58,engulfing_bullish,0.00,0.00,0.00,0.00,-0.14,141960.00,-2.31,69.90,0.00,76531.00,-38.34,20.90,0.00,2.01,2.01,10.53,18.33,14.57,9269290991.85,1.94,12.05,8.16,70.99,69.76,70.65,78.13,91.74
[object Object],TREL_B,Trelleborg AB Class B,OMXSTO,419.00,stock,common,10.00,2.00,false,0.00,SEK,1.45,259259.00,1.00,9374373404.05,USD,24.87,1.73,7.71,1.91,Producer manufacturing,sweden,Producer Manufacturing,Buy,Buy,1.45,0.05,0.43,9.00,9.46,6.35,14.79,100.29,172.08,1093.48,1.99,2.36,StrongBuy,Strong buy,StrongBuy,Strong buy,Buy,Buy,55.81,8.00,1.10,126.60,70.19,64.08,marubozu_white_bullish,0.00,0.00,0.00,0.00,0.15,259259.00,17.05,0.00,0.00,0.00,15.45,24.87,3.18,2.66,2.49,17.76,23.62,40.16,10368623204.05,2.91,15.86,12.04,413.70,413.71,408.44,388.70,386.54
[object Object],SPIE,SPIE SA,EURONEXT,48.38,stock,common,100.00,2.00,false,0.00,EUR,0.50,253295.00,0.81,9320623552.93,USD,46.48,1.22,-35.72,2.23,Commercial services,france,Commercial Services,StrongBuy,Strong buy,0.50,2.72,-4.29,4.09,2.72,-0.98,0.79,138.09,182.51,184.59,2.21,2.59,Sell,Sell,Sell,Sell,Neutral,Neutral,45.85,0.32,-0.92,-46.48,26.45,28.12,0.00,0.00,0.00,0.00,0.00,-0.29,253295.00,-39.48,48.38,0.00,223338.00,1.70,46.48,0.00,0.78,3.83,10.20,11.25,10.35,11605299056.93,0.95,16.48,9.33,48.19,49.68,49.15,48.12,47.68
[object Object],SAVE,Nordnet AB,OMXSTO,365.80,stock,common,10.00,2.00,false,0.00,SEK,1.44,165589.00,0.80,9260051682.31,USD,28.21,1.33,15.57,2.35,Finance,sweden,Finance,Neutral,Neutral,1.44,-4.54,2.58,18.00,34.39,35.38,37.62,178.07,235.60,235.60,1.88,2.33,Buy,Buy,Buy,Buy,Neutral,Neutral,54.55,-1.00,4.69,-61.53,27.57,30.08,0.00,0.00,0.00,0.00,0.00,0.06,165589.00,-19.41,0.00,0.00,0.00,37.12,28.21,1.79,12.69,12.70,0.00,0.00,39.28,9115478082.31,12.56,21.68,20.47,366.76,363.09,347.64,327.51,302.50
[object Object],SW,Sodexo SA,EURONEXT,55.50,stock,common,100.00,5.00,false,0.00,EUR,2.02,245605.00,0.78,9235849388.60,USD,18.21,3.60,-33.44,4.86,Consumer services,france,Consumer Services,Neutral,Neutral,2.02,3.54,11.04,30.59,30.40,27.29,4.13,0.35,-27.02,677.57,2.35,2.35,StrongBuy,Strong buy,StrongBuy,Strong buy,Buy,Buy,64.37,2.55,2.37,132.23,89.02,78.02,marubozu_white_bullish,0.00,0.00,0.00,0.00,-0.28,245605.00,10.10,55.50,0.00,190585.00,6.04,18.21,0.00,0.34,2.25,8.43,13.06,6.94,14059103788.60,0.50,13.92,8.71,53.65,52.28,50.43,46.94,46.57
[object Object],PSKY,Paramount Skydance Corporation Class B,NASDAQ,8.21,stock,common,100.00,1.00,false,0.00,USD,-3.30,8476583.00,0.91,9188410870.00,USD,0.00,-0.52,93.71,2.44,Consumer services,america,Consumer Services,Neutral,Neutral,-3.30,-9.38,-15.27,-27.15,-30.01,-38.73,-37.71,-79.99,-85.05,-67.84,3.95,4.21,StrongSell,Strong sell,StrongSell,Strong sell,Sell,Sell,29.26,-1.20,-1.11,-138.46,8.24,8.79,0.00,8.41,-0.94,1.41,21446.00,0.12,8476583.00,25.52,8.18,-0.36,822200.00,6.78,0.00,0.00,0.33,0.78,14.03,28.16,4.73,24886410870.00,0.86,10.55,7.26,8.84,9.57,9.90,10.18,12.00
[object Object],VOE,voestalpine AG,VIE,44.68,stock,common,100.00,2.00,false,0.00,EUR,2.52,155298.00,0.61,9073521873.33,USD,18.70,2.76,172.52,1.34,Non-energy minerals,austria,Non-Energy Minerals,Buy,Buy,2.52,0.18,1.96,4.69,11.70,19.40,78.01,26.36,44.36,364.21,3.14,3.55,Buy,Buy,StrongBuy,Strong buy,Neutral,Neutral,53.02,1.38,0.37,51.96,69.63,70.93,marubozu_white_bullish,0.00,0.00,0.00,0.00,-0.87,155298.00,-20.79,44.68,0.00,67260.00,82.86,18.70,0.11,0.53,1.01,5.36,14.81,6.84,10783388309.33,0.62,13.68,6.50,44.59,43.74,44.80,43.27,40.64
[object Object],EVK,Evonik Industries AG,XETR,17.10,stock,common,100.00,1.00,false,0.00,EUR,0.47,1062507.00,0.93,9064760818.49,USD,50.76,0.39,-47.49,5.85,Process industries,germany,Process Industries,Neutral,Neutral,0.47,1.00,7.41,-2.62,29.55,27.80,-6.04,-41.26,-39.12,-48.18,2.40,2.25,StrongBuy,Strong buy,StrongBuy,Strong buy,Buy,Buy,61.48,0.76,0.65,101.73,76.18,68.94,0.00,16.99,-0.18,-0.18,50.00,-0.18,1062507.00,-37.15,17.08,-0.12,769132.00,-3.53,50.76,0.00,0.58,0.97,5.81,13.53,13.53,13198653858.49,0.83,13.70,6.27,16.85,16.25,16.40,16.33,15.13
[object Object],SWKS,"Skyworks Solutions, Inc.",NASDAQ,60.21,stock,common,100.00,1.00,false,0.00,USD,-0.43,4811069.00,1.04,9055943638.00,USD,25.03,2.41,-6.06,4.72,Electronic technology,america,Electronic Technology,Neutral,Neutral,-0.43,6.18,-18.13,-4.17,1.50,-6.17,-16.88,-68.68,-7.35,4068.34,3.30,4.76,Sell,Sell,StrongSell,Strong sell,Neutral,Neutral,42.18,-0.17,-4.98,-23.42,58.27,55.71,"doji_star_bullish,long_upper_shadow_bearish",60.51,0.07,-0.28,200.00,-0.40,4811069.00,-11.78,60.21,0.00,1318041.00,-18.29,25.03,0.00,2.25,1.57,9.46,12.91,6.38,8823743638.00,2.18,22.46,10.31,59.59,65.19,69.19,63.98,64.80
[object Object],FDS,FactSet Research Systems Inc.,NYSE,254.36,stock,common,100.00,1.00,false,0.00,USD,4.26,824166.00,1.05,9046451826.00,USD,16.76,15.17,9.52,1.75,Commercial services,america,Commercial Services,Neutral,Neutral,4.26,-2.63,15.93,11.86,-12.07,-11.85,-38.65,-26.20,49.85,6087.07,3.35,5.05,Buy,Buy,StrongBuy,Strong buy,Neutral,Neutral,55.21,7.25,6.85,37.21,34.66,39.75,rising_window_bullish,246.21,0.92,0.92,100.00,1.46,824166.00,35.58,253.50,-0.34,85877.00,-43.84,16.76,1.69,3.62,4.48,11.10,13.00,29.74,10307561826.00,4.23,13.73,10.75,253.37,241.17,239.19,229.21,247.96
[object Object],INDT,Indutrade AB,OMXSTO,242.40,stock,common,10.00,2.00,false,0.00,SEK,0.83,427499.00,0.71,9016644224.56,USD,32.94,0.76,-0.48,1.28,Producer manufacturing,sweden,Producer Manufacturing,Buy,Buy,0.83,-4.19,32.17,0.00,6.88,0.83,-0.66,-8.25,306.71,2898.77,2.80,3.20,StrongBuy,Strong buy,StrongBuy,Strong buy,Buy,Buy,65.84,32.00,34.86,80.78,74.45,74.64,0.00,0.00,0.00,0.00,0.00,-0.50,427499.00,52.92,0.00,0.00,0.00,0.65,32.94,0.00,2.64,4.94,21.38,24.08,64.84,9987615224.56,2.94,24.37,16.88,236.78,211.04,204.11,209.43,222.41
[object Object],WEIR,Weir Group PLC,LSE,2616.00,stock,common,1.00,2.00,false,0.00,GBX,2.83,975876.00,0.82,8984297061.68,USD,27.52,1.28,-20.98,1.59,Producer manufacturing,uk,Producer Manufacturing,Buy,Buy,2.83,4.81,8.91,-13.21,-18.20,-8.34,-2.02,39.19,69.10,990.00,2.87,2.66,Buy,Buy,StrongBuy,Strong buy,Buy,Buy,65.24,220.00,84.71,191.99,93.81,81.71,0.00,0.00,0.00,0.00,0.00,-0.16,975876.00,4.33,2616.00,0.00,467901.00,-6.83,27.52,0.00,2.58,3.54,21.05,25.85,13.37,10693015821.68,3.10,16.33,13.17,2474.60,2437.80,2428.20,2645.00,2835.62
[object Object],NCLH,Norwegian Cruise Line Holdings Ltd.,NYSE,19.37,stock,common,100.00,1.00,false,0.00,USD,3.53,13111481.00,1.26,8892963757.00,USD,16.58,1.17,-28.79,0.00,Consumer services,america,Consumer Services,Buy,Buy,3.53,1.36,-6.20,4.93,-5.83,-13.99,-19.66,-21.29,-53.03,-22.83,3.34,4.05,Sell,Sell,Sell,Sell,Neutral,Neutral,49.13,-0.24,-0.46,-38.47,45.38,42.27,0.00,18.95,1.28,0.16,81341.00,1.44,13111481.00,-1.30,19.37,0.00,1747213.00,-15.24,16.58,0.00,0.87,3.66,4.06,0.00,48.79,24790569757.00,2.47,15.31,8.93,19.42,19.88,18.85,19.04,20.37
[object Object],NDA,Aurubis AG,XETR,178.90,stock,common,10.00,1.00,false,0.00,EUR,1.25,87662.00,0.65,8885026550.07,USD,8.48,24.37,32.55,0.89,Non-energy minerals,germany,Non-Energy Minerals,Neutral,Neutral,1.25,6.68,-8.86,-5.84,17.54,43.93,89.41,112.12,297.56,1177.86,2.63,3.24,Buy,Buy,Buy,Buy,Neutral,Neutral,48.88,8.50,-7.65,57.62,78.71,70.91,0.00,0.00,0.00,0.00,0.00,-0.45,87662.00,-35.20,179.50,0.34,55956.00,87.51,8.48,0.26,0.38,1.35,12.02,0.00,46.77,9293410590.07,0.40,6.50,5.40,175.66,181.83,190.50,182.24,157.20
[object Object],ARE,"Alexandria Real Estate Equities, Inc.",NYSE,50.94,stock,common,100.00,1.00,false,0.00,USD,1.64,1062147.00,0.74,8877287351.00,USD,0.00,-6.27,-923.62,6.83,Finance,america,Finance,Neutral,Neutral,1.64,1.60,-1.98,9.90,-11.98,4.41,-38.23,-74.00,-53.26,146.98,2.94,3.48,Buy,Buy,StrongBuy,Strong buy,Buy,Buy,53.39,3.06,-0.96,2.63,59.15,49.17,0.00,0.00,0.00,0.00,0.00,0.72,1062147.00,-16.56,50.94,0.00,226996.00,-35.27,0.00,0.00,2.91,0.55,6.21,6.21,20.56,25088852351.00,8.54,37.50,12.65,49.60,50.87,50.24,48.43,52.33
[object Object],ACLN,Accelleron Industries AG,SIX,77.00,stock,common,100.00,5.00,false,0.00,CHF,1.18,117466.00,0.74,8835872239.66,USD,37.47,2.59,28.78,1.95,Producer manufacturing,switzerland,Producer Manufacturing,Buy,Buy,1.18,1.99,-8.00,-9.25,10.71,24.70,10.08,327.78,327.78,327.78,2.30,3.17,Sell,Sell,Sell,Sell,Neutral,Neutral,45.80,0.10,-3.27,-38.84,31.19,27.44,0.00,0.00,0.00,0.00,0.00,0.13,117466.00,1.99,77.00,0.00,33022.00,6.21,37.47,1.29,6.82,19.12,33.16,42.27,25.64,9082981549.13,6.87,28.98,25.60,76.60,79.71,79.37,78.88,72.50
[object Object],SECU_B,Securitas AB Class B,OMXSTO,151.00,stock,common,10.00,1.00,false,0.00,SEK,-10.97,7124220.00,8.41,8832727283.65,USD,15.48,1.00,0.13,3.25,Commercial services,sweden,Commercial Services,Buy,Buy,-10.97,-7.36,0.27,-8.26,2.06,1.96,3.60,27.89,30.27,16.41,2.72,1.92,StrongSell,Strong sell,StrongSell,Strong sell,Sell,Sell,35.20,-11.70,5.38,-267.01,66.67,84.03,0.00,0.00,0.00,0.00,0.00,-6.25,7124220.00,359.44,0.00,0.00,0.00,13.82,15.48,138.84,0.64,2.10,8.23,0.00,13.23,12252975183.65,0.79,11.07,8.05,163.61,159.71,158.10,158.55,152.29
[object Object],BKW,BKW AG,SIX,136.10,stock,common,10.00,1.00,false,0.00,CHF,0.22,38884.00,0.83,8789252998.90,USD,20.13,8.53,-42.65,2.79,Utilities,switzerland,Utilities,Neutral,Neutral,0.22,0.81,-0.73,-14.46,-13.81,-20.55,-23.28,36.65,213.23,353.67,1.87,1.72,Sell,Sell,StrongSell,Strong sell,Neutral,Neutral,47.77,3.60,1.07,50.13,71.23,80.91,0.00,0.00,0.00,0.00,0.00,0.88,38884.00,-23.68,136.10,0.00,24951.00,-24.21,20.13,0.00,1.71,1.31,10.54,23.66,6.83,10288897798.90,1.94,15.81,10.06,136.35,135.60,139.92,147.02,156.31
[object Object],INPST,InPost S.A.,EURONEXT,15.45,stock,common,100.00,1.00,false,0.00,EUR,0.00,332694.00,0.41,8787650891.93,USD,68.85,0.26,-58.99,0.00,Technology services,netherlands,Technology Services,Buy,Buy,0.00,0.06,0.59,1.44,13.69,47.71,17.85,-11.05,-18.68,-18.68,0.27,0.23,Buy,Buy,StrongBuy,Strong buy,Neutral,Neutral,56.92,-0.02,0.07,33.56,53.85,63.25,0.00,0.00,0.00,0.00,0.00,-0.06,332694.00,-65.54,15.45,0.00,144592.00,18.56,68.85,0.00,2.10,10.18,12.91,29.26,54.06,11395840812.63,2.68,24.90,10.33,15.46,15.41,15.37,15.26,13.57
[object Object],GAW,Games Workshop Group PLC,LSE,19940.00,stock,common,1.00,10.00,false,0.00,GBX,0.40,105009.00,1.07,8772781643.06,USD,31.93,8.26,17.75,2.43,Consumer durables,uk,Consumer Durables,StrongBuy,Strong buy,0.40,-2.06,-1.87,4.73,11.33,5.00,26.12,67.85,4129.06,10394.74,2.48,3.35,Sell,Sell,Sell,Sell,Neutral,Neutral,42.02,-120.00,-383.92,-81.69,50.77,49.64,0.00,0.00,0.00,0.00,0.00,0.00,105009.00,-38.66,19940.00,0.00,28305.00,25.03,31.93,1.79,10.09,20.60,23.26,25.70,38.51,8611282823.06,10.01,23.49,20.20,20178.00,20633.00,20161.60,19351.00,18410.05
[object Object],FRO,Frontline Plc,OSL,377.70,stock,common,10.00,1.00,false,0.00,NOK,1.07,411234.00,0.80,8746853720.00,USD,9.59,4.06,139.37,7.97,Transportation,norway,Transportation,Buy,Buy,1.07,5.33,-9.53,16.07,50.90,70.60,97.54,427.66,439.19,75.67,3.14,3.62,StrongBuy,Strong buy,StrongBuy,Strong buy,Neutral,Neutral,55.73,11.90,0.67,133.45,77.66,70.60,0.00,0.00,0.00,0.00,0.00,0.35,411234.00,-34.72,377.70,0.00,88878.00,89.02,9.59,0.06,3.84,3.05,9.36,14.66,18.39,10922766285.25,4.85,12.56,9.16,367.66,370.77,357.45,346.09,299.20
[object Object],ANDR,ANDRITZ AG,VIE,77.30,stock,common,10.00,1.00,false,0.00,EUR,3.20,85673.00,1.43,8746560799.37,USD,16.55,5.40,-3.77,3.49,Producer manufacturing,austria,Producer Manufacturing,StrongBuy,Strong buy,3.20,4.46,-1.02,10.74,8.80,15.37,14.77,66.24,74.10,2992.00,2.69,2.50,StrongBuy,Strong buy,StrongBuy,Strong buy,Buy,Buy,60.06,4.70,-0.41,193.86,80.08,80.67,0.00,0.00,0.00,0.00,0.00,0.40,85673.00,165.34,77.30,0.00,40014.00,15.02,16.55,0.00,0.93,3.27,11.40,16.10,7.44,8438964575.37,0.92,12.49,8.81,74.18,75.52,76.02,71.73,69.34
[object Object],FHZN,Flughafen Zurich AG,SIX,232.60,stock,common,10.00,2.00,false,0.00,CHF,1.84,30352.00,0.92,8739744533.06,USD,20.61,14.24,6.06,3.65,Transportation,switzerland,Transportation,Buy,Buy,1.84,-1.36,-5.22,1.13,-6.06,-7.77,-0.26,60.52,29.65,206.05,1.53,1.77,Sell,Sell,StrongSell,Strong sell,Buy,Buy,40.18,-14.20,-11.45,-93.63,8.96,9.14,0.00,0.00,0.00,0.00,0.00,0.35,30352.00,17.63,232.60,0.00,15693.00,0.26,20.61,3.34,5.15,2.27,10.45,49.43,16.92,10295081333.06,6.00,16.50,10.57,234.80,244.72,237.86,238.85,242.25
[object Object],TKA,thyssenkrupp AG,XETR,12.28,stock,common,1000.00,5.00,false,0.00,EUR,3.15,1331802.00,0.81,8696293078.62,USD,846.90,0.02,0.00,1.22,Non-energy minerals,germany,Non-Energy Minerals,Buy,Buy,3.15,5.86,13.86,38.38,12.15,30.36,60.70,122.47,-8.33,179.98,3.48,4.89,StrongBuy,Strong buy,StrongBuy,Strong buy,Buy,Buy,60.96,0.75,0.78,76.07,73.83,76.56,marubozu_white_bullish,11.89,-0.08,-0.04,3296.00,-0.55,1331802.00,-20.29,12.20,-0.65,506203.00,8.94,846.90,0.00,0.23,0.83,15.73,0.00,2.15,6856858558.62,0.19,0.00,5.17,11.96,11.35,11.29,10.10,9.96
[object Object],RNO,Renault SA,EURONEXT,26.14,stock,common,100.00,1.00,false,0.00,EUR,0.42,1198308.00,1.00,8610870467.55,USD,0.00,-47.01,-1529.73,8.42,Consumer durables,france,Consumer Durables,Buy,Buy,0.42,-2.24,-1.73,-14.74,-19.07,-26.32,-24.28,-16.51,-65.86,3.94,2.45,2.83,Sell,Sell,Sell,Sell,Neutral,Neutral,47.52,0.33,-0.50,0.00,51.47,48.11,0.00,0.00,0.00,0.00,0.00,-0.54,1198308.00,9.66,26.14,0.00,857334.00,-22.25,0.00,0.00,0.13,0.36,3.24,9.73,0.37,67189522667.55,0.99,15.75,7.68,26.22,26.41,27.03,28.23,31.08
[object Object],STB,Storebrand ASA,OSL,200.60,stock,common,10.00,1.00,false,0.00,NOK,1.06,509326.00,0.89,8593777227.03,USD,17.57,1.15,7.24,2.69,Finance,norway,Finance,Buy,Buy,1.06,1.93,13.01,18.00,16.70,16.02,35.54,164.30,520.86,291.44,1.36,1.47,StrongBuy,Strong buy,StrongBuy,Strong buy,Buy,Buy,72.32,12.90,12.93,109.81,94.47,90.34,0.00,0.00,0.00,0.00,0.00,0.00,509326.00,10.41,200.60,0.00,267801.00,26.09,17.57,2.40,0.61,2.63,0.00,0.00,0.00,15334824987.03,1.11,0.00,0.00,196.03,186.86,182.76,178.28,171.71
[object Object],QIA,QIAGEN NV,XETR,36.34,stock,common,1000.00,5.00,false,0.00,EUR,-0.66,457981.00,0.66,8525312304.00,USD,21.69,1.94,312.48,0.64,Health technology,germany,Health Technology,Buy,Buy,-0.66,0.04,10.51,12.13,-20.03,-10.82,-19.46,-26.00,50.42,44.52,2.56,2.90,Buy,Buy,StrongBuy,Strong buy,Neutral,Neutral,61.50,-0.07,1.59,76.99,65.45,59.36,doji,0.00,0.00,0.00,0.00,-0.60,457981.00,-45.40,36.34,0.00,183428.00,-17.86,21.69,0.06,4.14,2.60,14.26,21.33,13.57,9510161197.50,4.53,18.56,13.33,36.08,34.52,33.12,33.39,37.80
[object Object],DEMANT,Demant A/S,OMXCOP,273.60,stock,common,10.00,2.00,false,0.00,DKK,1.63,497301.00,2.11,8513066663.96,USD,37.42,1.15,-34.52,0.00,Health technology,denmark,Health Technology,Buy,Buy,1.63,-2.98,6.79,32.17,17.83,27.14,-1.58,-25.73,102.82,460.66,2.76,2.63,Buy,Buy,Buy,Buy,Neutral,Neutral,55.51,1.40,6.58,-37.67,31.25,29.69,0.00,0.00,0.00,0.00,0.00,0.30,497301.00,243.06,0.00,0.00,0.00,1.13,37.42,0.00,2.46,5.86,14.58,17.46,43.34,11508839663.96,3.18,18.05,13.14,275.58,268.11,258.95,229.10,222.60
[object Object],BGN,Banca Generali S.p.A.,MIL,65.25,stock,common,100.00,5.00,false,0.00,EUR,1.16,96153.00,0.63,8457563046.61,USD,16.11,4.68,10.11,4.37,Finance,italy,Finance,Buy,Buy,1.16,1.56,0.62,17.57,15.18,13.48,36.05,85.11,244.33,641.48,1.73,1.68,StrongBuy,Strong buy,StrongBuy,Strong buy,Neutral,Neutral,56.63,0.10,0.34,3.23,48.27,39.27,0.00,0.00,0.00,0.00,0.00,0.00,96153.00,-20.62,0.00,0.00,0.00,35.38,16.11,1.58,4.35,4.70,0.00,0.00,0.00,10461816359.89,5.01,0.00,0.00,64.77,65.12,61.40,57.57,55.84
[object Object],STERV,Stora Enso Oyj Class R,OMXHEX,9.38,stock,common,1000.00,2.00,false,0.00,EUR,2.27,2393226.00,1.14,8430796075.53,USD,12.83,0.84,0.00,2.67,Process industries,finland,Process Industries,Buy,Buy,2.27,-0.89,-0.99,-8.04,-10.54,-12.58,0.88,-42.21,18.58,-46.61,4.64,2.74,Sell,Sell,StrongSell,Strong sell,Neutral,Neutral,47.11,-0.06,0.05,-28.16,56.78,70.17,0.00,0.00,0.00,0.00,0.00,-0.78,2393226.00,-71.34,0.00,0.00,0.00,10.46,12.83,0.00,0.78,0.68,13.93,0.00,4.75,12375854155.53,1.16,0.00,27.36,9.53,9.48,9.64,9.86,10.04
[object Object],ALO,Alstom SA,EURONEXT,16.01,stock,common,1000.00,5.00,false,0.00,EUR,-0.09,1474361.00,1.15,8425318472.73,USD,26.61,0.70,97.86,0.00,Producer manufacturing,france,Producer Manufacturing,Neutral,Neutral,-0.09,1.20,-0.34,-5.15,-39.38,-36.09,-28.78,-53.64,-17.07,-26.15,2.99,2.96,Neutral,Neutral,Neutral,Neutral,Neutral,Neutral,51.54,0.34,0.04,75.86,62.61,56.64,0.00,0.00,0.00,0.00,0.00,0.31,1474361.00,-15.16,16.01,0.00,1041426.00,-24.47,26.61,0.27,0.39,0.75,8.36,23.00,3.20,10809644232.73,0.49,13.38,6.19,15.77,15.78,16.21,18.66,21.74
[object Object],RAA,Rational Aktiengesellschaft,XETR,649.50,stock,common,10.00,5.00,false,0.00,EUR,2.12,8503.00,1.04,8400670067.22,USD,28.82,26.04,1.97,2.46,Producer manufacturing,germany,Producer Manufacturing,Buy,Buy,2.12,1.17,1.01,-1.81,-3.06,-1.52,-8.46,-27.61,55.10,1786.98,1.93,2.26,Buy,Buy,Buy,Buy,Buy,Buy,52.60,13.00,-15.19,22.14,34.02,25.11,0.00,0.00,0.00,0.00,0.00,0.63,8503.00,-10.49,651.00,0.23,6172.00,-10.75,28.82,14.36,5.64,7.39,25.49,29.33,35.11,8181456567.42,5.52,21.09,19.01,637.20,648.78,650.53,653.94,660.69
[object Object],A2A,A2A S.p.A.,MIL,2.35,stock,common,1000.00,1.00,false,0.00,EUR,1.47,8323606.00,1.08,8385780486.36,USD,10.38,0.26,-14.17,4.42,Utilities,italy,Utilities,Buy,Buy,1.47,1.64,3.29,-2.41,-4.54,1.91,7.89,36.64,92.08,117.47,1.71,1.76,StrongBuy,Strong buy,StrongBuy,Strong buy,Buy,Buy,55.91,0.04,0.03,72.34,61.25,62.67,0.00,0.00,0.00,0.00,0.00,0.17,8323606.00,-1.16,0.00,0.00,0.00,8.00,10.38,0.00,0.51,1.21,4.42,16.11,4.04,15322621366.36,0.93,11.13,6.10,2.34,2.30,2.28,2.34,2.38
[object Object],AOS,A. O. Smith Corporation,NYSE,60.78,stock,common,100.00,1.00,false,0.00,USD,2.17,1507664.00,0.89,8377223863.00,USD,16.21,3.75,4.86,2.34,Producer manufacturing,america,Producer Manufacturing,Neutral,Neutral,2.17,0.65,4.47,-6.45,-16.80,-9.36,-17.35,-12.85,35.75,5510.41,2.28,2.69,Buy,Buy,Buy,Buy,Neutral,Neutral,54.36,0.34,-0.61,-8.02,40.96,28.79,0.00,60.01,0.87,0.44,300.00,-0.08,1507664.00,-7.66,60.78,0.00,261960.00,-18.81,16.21,3.27,2.17,4.46,11.96,13.06,41.48,8829823863.00,2.32,12.53,11.14,59.73,60.09,58.90,61.98,66.06
[object Object],JYSK,Jyske Bank A/S,OMXCOP,1003.00,stock,common,1.00,1.00,false,0.00,DKK,-0.50,46260.00,0.58,8238113473.60,USD,12.04,12.85,3.65,2.49,Finance,denmark,Finance,Neutral,Neutral,-0.50,1.47,6.19,13.85,6.99,15.29,53.83,237.60,273.56,1358.49,1.41,1.60,Buy,Buy,StrongBuy,Strong buy,Neutral,Neutral,64.82,21.00,49.40,92.51,78.66,88.13,0.00,0.00,0.00,0.00,0.00,0.00,46260.00,-53.39,0.00,0.00,0.00,35.61,12.04,3.31,3.82,1.25,0.00,0.00,0.00,76153888873.60,18.26,0.00,0.00,1000.40,969.77,943.24,918.24,878.28
[object Object],PNDORA,Pandora A/S,OMXCOP,757.60,stock,common,10.00,2.00,false,0.00,DKK,0.53,188393.00,0.77,8227903590.95,USD,11.38,10.27,-2.11,2.90,Consumer durables,denmark,Consumer Durables,Neutral,Neutral,0.53,-5.04,16.55,53.89,48.90,6.85,-28.56,-9.05,-13.42,235.96,2.87,2.99,Buy,Buy,Buy,Buy,Neutral,Neutral,56.55,-1.20,47.09,-59.91,16.71,25.25,0.00,0.00,0.00,0.00,0.00,-0.11,188393.00,-16.03,0.00,0.00,0.00,-29.67,11.38,0.00,1.74,14.06,7.35,9.15,68.41,10670365590.95,2.14,9.07,6.75,777.58,734.91,672.22,578.82,634.80
[object Object],SYENS,Syensqo SA/NV,EURONEXT,71.05,stock,common,100.00,5.00,false,0.00,EUR,1.57,88283.00,0.62,8188576520.20,USD,3570.35,0.02,0.00,1.60,Process industries,belgium,Process Industries,Buy,Buy,1.57,4.03,9.14,28.13,-2.67,3.84,0.07,-21.06,-21.06,-21.06,2.60,2.63,StrongBuy,Strong buy,StrongBuy,Strong buy,Buy,Buy,69.35,5.05,2.84,136.38,88.44,87.33,0.00,0.00,0.00,0.00,0.00,-0.93,88283.00,-24.21,71.05,0.00,51045.00,-2.21,3570.35,0.00,1.22,1.17,11.96,27.98,12.54,10523987200.20,1.56,22.49,8.36,69.00,67.10,66.57,59.37,65.02
[object Object],GTT,Gaztransport & Technigaz SA,EURONEXT,195.00,stock,common,10.00,1.00,false,0.00,EUR,-0.15,93207.00,1.28,8180556026.01,USD,17.53,13.07,18.78,4.58,Producer manufacturing,france,Producer Manufacturing,Buy,Buy,-0.15,4.84,2.52,-2.11,10.48,25.24,20.30,196.58,629.79,323.91,1.53,1.98,Buy,Buy,StrongBuy,Strong buy,Buy,Buy,57.20,6.90,0.13,182.21,84.29,70.42,doji,0.00,0.00,0.00,0.00,-0.15,93207.00,-20.59,195.00,0.00,69271.00,12.16,17.53,0.93,9.05,12.29,16.72,18.43,20.91,7931430386.01,8.41,13.09,12.59,189.95,190.00,194.66,198.52,185.32
[object Object],ZAB,Zabka Group S.A.,GPW,31.15,stock,common,100.00,1.00,false,0.00,PLN,-1.61,2596008.00,0.37,8170812553.58,USD,0.00,0.00,0.00,0.00,Retail trade,poland,Retail Trade,Buy,Buy,-1.61,0.48,19.62,25.96,37.89,35.43,47.14,35.43,35.43,35.43,3.53,3.95,Buy,Buy,StrongBuy,Strong buy,Neutral,Neutral,60.85,3.44,4.78,57.35,73.75,84.89,0.00,0.00,0.00,0.00,0.00,-1.14,2596008.00,-60.62,0.00,0.00,0.00,59.18,0.00,0.00,0.00,0.00,0.00,0.00,0.00,10490685173.64,1.39,18.64,9.64,31.14,28.32,26.86,24.69,23.50
[object Object],TTD,"Trade Desk, Inc. Class A",NASDAQ,17.29,stock,common,100.00,1.00,false,0.00,USD,2.98,19695161.00,1.63,8128180292.00,USD,19.49,0.89,8.51,0.00,Technology services,america,Technology Services,Buy,Buy,2.98,-8.57,-3.78,-26.86,-52.28,-54.73,-79.60,-78.41,501.39,501.39,4.89,4.96,Sell,Sell,StrongSell,Strong sell,Buy,Buy,37.67,-2.24,-0.95,-163.93,7.52,9.45,harami_bullish,16.96,1.01,0.66,110053.00,1.01,19695161.00,13.54,17.21,-0.46,2281331.00,-77.76,19.49,2.22,2.70,3.32,7.54,9.79,5.86,7145840292.00,2.41,11.88,9.86,18.44,18.62,19.61,21.62,30.15
[object Object],PSPN,PSP Swiss Property AG,SIX,144.20,stock,common,10.00,1.00,false,0.00,CHF,-0.89,33557.00,0.65,8095719002.69,USD,16.03,11.26,16.41,2.74,Finance,switzerland,Finance,Neutral,Neutral,-0.89,-0.55,-1.10,-7.80,-2.90,1.05,3.82,19.37,47.29,279.47,1.28,1.23,StrongSell,Strong sell,StrongSell,Strong sell,Neutral,Neutral,45.97,1.00,1.96,12.27,53.76,71.96,0.00,0.00,0.00,0.00,0.00,0.27,33557.00,-38.98,144.20,0.00,22839.00,4.54,16.03,0.99,18.47,1.16,28.44,28.44,27.06,12124516226.69,26.82,31.44,31.34,145.47,144.94,145.09,151.41,148.21
[object Object],SB1NO,SPAREBANK 1 SOR-NORGE ASA,OSL,208.50,stock,common,10.00,5.00,false,0.00,NOK,0.72,51585.00,0.43,8058170257.40,USD,12.51,1.72,-4.74,5.76,Finance,norway,Finance,Buy,Buy,0.72,1.21,8.26,5.62,6.92,5.30,10.90,53.31,53.31,53.31,1.36,1.65,StrongBuy,Strong buy,StrongBuy,Strong buy,Buy,Buy,65.43,5.50,10.25,96.44,81.70,85.56,0.00,0.00,0.00,0.00,0.00,0.48,51585.00,-23.37,208.50,0.00,32748.00,10.77,12.51,0.00,6.10,1.48,6.48,6.59,0.00,30295183877.40,9.64,0.00,0.00,206.35,199.05,195.28,200.49,193.80
[object Object],PIRC,Pirelli & C. S.p.A.,MIL,6.46,stock,common,1000.00,5.00,false,0.00,EUR,-0.23,1201237.00,0.63,7978574230.49,USD,12.69,0.59,3.37,3.87,Consumer durables,italy,Consumer Durables,Buy,Buy,-0.23,-5.76,2.38,9.39,1.08,9.99,8.11,29.33,-0.39,-0.39,1.78,2.02,Sell,Sell,Sell,Sell,Sell,Sell,43.15,-0.42,-0.05,-137.46,8.64,8.39,0.00,0.00,0.00,0.00,0.00,-1.00,1201237.00,-2.55,0.00,0.00,0.00,29.79,12.69,3.78,1.04,1.07,6.00,9.50,6.94,10778262961.09,1.38,9.61,5.97,6.70,6.64,6.44,6.19,6.16
[object Object],AVOL,Avolta AG,SIX,46.80,stock,common,100.00,2.00,false,0.00,CHF,1.78,272021.00,0.84,7970026787.86,USD,34.33,1.72,98.93,2.46,Retail trade,switzerland,Retail Trade,Buy,Buy,1.78,-3.78,-9.65,0.60,-3.27,-0.72,6.70,-2.50,-56.75,-36.04,1.85,2.57,Sell,Sell,StrongSell,Strong sell,Buy,Buy,34.84,-6.05,-4.43,-100.00,5.56,4.86,0.00,0.00,0.00,0.00,0.00,0.00,272021.00,-30.31,46.80,0.00,135442.00,5.72,34.33,0.34,0.48,3.47,2.40,2.85,9.44,21273682787.86,1.21,17.33,5.80,47.99,51.52,49.74,48.48,47.18
[object Object],HSX,Hiscox Ltd,LSE,1840.00,stock,common,1.00,1.00,false,0.00,GBX,2.45,1236242.00,1.27,7837527643.92,USD,13.91,1.78,-4.97,2.03,Finance,uk,Finance,Buy,Buy,2.45,-1.60,2.68,18.79,22.50,29.40,41.21,105.82,70.53,1339.61,1.95,2.00,Buy,Buy,Buy,Buy,Buy,Buy,51.91,-16.00,9.35,-123.73,23.28,25.55,marubozu_white_bullish,0.00,0.00,0.00,0.00,-0.06,1236242.00,19.23,1840.00,0.00,598128.00,38.91,13.91,0.00,1.52,2.03,116.53,118.65,0.00,8724632718.08,1.59,0.00,0.00,1847.80,1836.03,1813.82,1681.17,1544.72
[object Object],BLDR,"Builders FirstSource, Inc.",NYSE,72.86,stock,common,100.00,1.00,false,0.00,USD,3.27,1841775.00,0.94,7836812594.00,USD,27.81,2.62,-66.36,0.00,Retail trade,america,Retail Trade,Buy,Buy,3.27,-6.19,-7.96,-19.42,-41.67,-29.19,-45.82,60.10,463.93,341.04,3.84,4.75,Sell,Sell,StrongSell,Strong sell,Neutral,Neutral,43.62,-2.83,-6.67,-67.37,14.73,7.95,0.00,71.00,0.64,0.64,958.00,0.54,1841775.00,-9.92,72.00,-1.18,275200.00,-41.31,27.81,0.00,0.52,1.96,6.84,9.29,81.40,13030389594.00,0.88,21.07,10.74,73.41,78.52,76.64,80.84,97.18
[object Object],BZU,Buzzi Spa,MIL,40.70,stock,common,100.00,1.00,false,0.00,EUR,-1.50,459708.00,1.02,7825281635.36,USD,8.00,5.98,-0.99,1.72,Non-energy minerals,italy,Non-Energy Minerals,Buy,Buy,-1.50,-5.00,-12.10,-14.35,-19.88,-22.11,-13.03,85.51,131.38,206.45,2.64,3.04,StrongSell,Strong sell,StrongSell,Strong sell,Neutral,Neutral,32.97,-3.77,-3.04,-158.02,9.02,9.68,0.00,0.00,0.00,0.00,0.00,-0.02,459708.00,-0.70,40.70,0.00,640.00,-8.03,8.00,0.00,1.66,1.04,6.91,11.42,5.26,6787627842.36,1.28,6.75,4.87,42.76,44.74,44.61,45.14,47.76
[object Object],MRO,Melrose Industries PLC,LSE,470.40,stock,common,10.00,1.00,false,0.00,GBX,-0.76,3605569.00,1.23,7804540601.92,USD,16.24,0.39,0.00,1.53,Electronic technology,uk,Electronic Technology,Buy,Buy,-0.76,2.11,-0.70,-6.56,-25.12,-20.54,-11.71,40.78,84.06,1588.31,2.36,2.52,StrongSell,Strong sell,StrongSell,Strong sell,Sell,Sell,47.94,-5.60,-1.87,-24.17,41.15,37.50,0.00,0.00,0.00,0.00,0.00,-0.49,3605569.00,33.08,470.40,0.00,2420219.00,-15.68,16.24,0.00,1.66,2.09,27.65,46.23,35.65,10117182401.92,2.09,19.06,9.58,468.88,474.85,473.56,493.39,553.59
[object Object],ALSYDB,AL Sydbank A/S,OMXCOP,607.00,stock,common,10.00,5.00,false,0.00,DKK,0.17,73927.00,0.69,7738534453.96,USD,18.39,5.09,-30.28,4.12,Finance,denmark,Finance,StrongBuy,Strong buy,0.17,-0.25,8.20,12.72,5.84,6.49,7.82,7.82,7.82,7.82,1.43,1.80,Buy,Buy,Buy,Buy,Neutral,Neutral,60.38,4.50,33.35,51.54,63.39,76.63,"long_upper_shadow_bearish,shooting_star_bearish",0.00,0.00,0.00,0.00,0.25,73927.00,-45.20,0.00,0.00,0.00,117.51,18.39,0.00,5.82,1.52,14.95,15.38,0.00,8071128253.96,4.91,0.00,0.00,609.55,587.98,564.54,550.36,0.00
[object Object],VZN,VZ Holding AG,SIX,160.20,stock,common,10.00,2.00,false,0.00,CHF,1.39,27662.00,1.52,7704392486.54,USD,26.93,7.50,7.86,1.84,Finance,switzerland,Finance,Neutral,Neutral,1.39,-2.55,7.09,7.52,-1.35,7.52,-9.49,100.50,178.61,790.00,1.83,2.02,Buy,Buy,StrongBuy,Strong buy,Neutral,Neutral,57.38,2.00,6.30,15.32,41.68,51.08,marubozu_white_bullish,0.00,0.00,0.00,0.00,-0.38,27662.00,142.90,160.20,0.00,15580.00,-9.21,26.93,3.38,9.98,5.37,23.63,24.97,3.04,6038871206.54,7.63,17.45,15.93,161.30,155.88,152.08,151.63,151.87
[object Object],TAP,Molson Coors Beverage Company Class B,NYSE,40.95,stock,common,100.00,1.00,false,0.00,USD,2.27,2103797.00,0.75,7694015018.00,USD,0.00,-10.65,-314.08,4.64,Consumer non-durables,america,Consumer Non-Durables,Neutral,Neutral,2.27,-3.23,2.38,-4.90,-17.51,-12.89,-21.04,-17.66,-59.80,168.52,2.42,3.29,Buy,Buy,Buy,Buy,Buy,Buy,53.58,1.78,0.72,52.56,51.49,55.03,0.00,0.00,0.00,0.00,0.00,0.00,2103797.00,-12.07,40.95,0.00,372180.00,-24.14,0.00,0.00,0.68,0.72,4.13,6.65,20.27,14106215018.00,1.26,9.21,6.27,40.56,40.08,40.30,41.88,44.67
[object Object],ALK_B,ALK-abello A/S Class B,OMXCOP,227.00,stock,common,10.00,2.00,false,0.00,DKK,-0.61,98775.00,0.96,7670864932.47,USD,39.29,0.89,36.57,0.70,Health technology,denmark,Health Technology,StrongBuy,Strong buy,-0.61,-6.28,-11.60,0.89,2.90,-0.70,18.29,48.37,291.38,565.69,1.57,1.89,Sell,Sell,StrongSell,Strong sell,Sell,Sell,23.34,-15.60,-15.60,-235.74,9.51,10.44,falling_window_bearish,0.00,0.00,0.00,0.00,-0.18,98775.00,-31.82,0.00,0.00,0.00,23.58,39.29,1.08,7.71,7.66,22.98,26.28,32.56,7498571932.47,7.41,27.72,23.21,236.70,245.95,252.34,236.24,227.83
[object Object],ZAL,Zalando SE,XETR,27.44,stock,common,100.00,1.00,false,0.00,EUR,1.37,664427.00,0.65,7669185283.59,USD,61.28,0.52,-56.54,0.00,Retail trade,germany,Retail Trade,Buy,Buy,1.37,-0.97,8.46,25.30,10.82,7.69,-0.94,-72.70,-14.99,357.33,3.30,3.75,Buy,Buy,StrongBuy,Strong buy,Neutral,Neutral,57.55,0.49,1.76,14.06,60.15,73.19,0.00,0.00,0.00,0.00,0.00,-0.04,664427.00,-33.60,27.44,0.00,320823.00,-4.92,61.28,0.00,0.54,2.63,8.52,10.03,5.62,7837430407.59,0.52,12.93,7.04,27.80,26.41,24.95,23.16,23.45
[object Object],KBCA,KBC Ancora SCA,EURONEXT,87.50,stock,common,10.00,1.00,false,0.00,EUR,1.86,39607.00,0.64,7665489094.06,USD,21.33,4.82,-14.48,3.46,Finance,belgium,Finance,StrongBuy,Strong buy,1.86,3.43,5.68,14.23,12.61,18.89,39.78,139.07,220.04,-0.62,1.83,1.65,StrongBuy,Strong buy,StrongBuy,Strong buy,Buy,Buy,66.12,3.20,3.71,132.83,87.06,88.10,0.00,0.00,0.00,0.00,0.00,-0.35,39607.00,-45.98,87.50,0.00,21632.00,38.34,21.33,0.00,20.47,1.87,0.00,0.00,63.78,7659061880.06,20.18,20.38,20.38,85.87,83.44,81.34,78.26,75.78
[object Object],NIBE_B,NIBE Industrier AB Class B,OMXSTO,37.18,stock,common,100.00,1.00,false,0.00,SEK,1.25,3034366.00,0.55,7653145815.42,USD,31.36,0.12,-1.32,0.94,Producer manufacturing,sweden,Producer Manufacturing,Neutral,Neutral,1.25,2.51,7.27,-11.46,3.02,4.38,-19.17,-62.82,117.20,2014.58,2.95,2.78,Buy,Buy,StrongBuy,Strong buy,Neutral,Neutral,56.35,1.76,0.81,126.57,81.80,77.93,0.00,0.00,0.00,0.00,0.00,-0.14,3034366.00,-56.37,0.00,0.00,0.00,-15.96,31.36,0.00,1.81,2.37,14.46,0.00,13.61,9414472915.42,2.19,23.64,15.01,36.52,35.95,36.76,37.90,37.02
[object Object],QRVO,"Qorvo, Inc.",NASDAQ,86.51,stock,common,100.00,1.00,false,0.00,USD,-0.25,1116464.00,1.19,7631740229.00,USD,23.88,3.62,515.95,0.00,Electronic technology,america,Electronic Technology,Neutral,Neutral,-0.25,4.81,-13.28,0.77,6.25,1.30,-1.36,-55.13,45.64,25.38,2.52,3.36,Sell,Sell,StrongSell,Strong sell,Neutral,Neutral,43.80,0.70,-4.23,-12.52,62.41,60.30,"tweezer_bottom_bullish,inverted_hammer_bullish",86.81,0.09,-0.71,459.00,-0.75,1116464.00,-4.92,85.33,-1.36,245531.00,-8.28,23.88,0.05,2.18,2.27,9.91,11.79,6.57,8018962229.00,2.18,13.85,9.53,85.67,90.82,94.30,88.30,86.99
[object Object],SQN,Swissquote Group Holding Ltd.,SIX,40.70,stock,common,100.00,2.00,false,0.00,CHF,0.10,197600.00,0.80,7610403431.09,USD,16.80,3.06,24.05,1.82,Finance,switzerland,Finance,Buy,Buy,0.10,-2.49,4.90,2.52,-9.31,-17.78,-22.48,193.23,1685.09,1410.20,2.45,2.67,Neutral,Neutral,Buy,Buy,Neutral,Neutral,51.73,-1.06,0.85,9.85,31.98,40.47,0.00,0.00,0.00,0.00,0.00,-0.20,197600.00,0.53,40.70,0.00,51355.00,-19.03,16.80,0.70,7.73,4.35,7.56,8.50,1.12,1292794188.05,1.29,2.85,2.47,41.19,40.10,39.76,39.93,43.42
[object Object],CPR,Davide Campari-Milano N.V.,MIL,5.57,stock,common,1000.00,2.00,false,0.00,EUR,0.98,2722157.00,0.47,7595111795.81,USD,19.47,0.34,72.04,1.80,Consumer non-durables,italy,Consumer Non-Durables,Buy,Buy,0.98,-1.49,2.65,-10.65,-8.33,0.54,-14.31,-50.93,23.92,618.71,2.16,2.30,Sell,Sell,Sell,Sell,Buy,Buy,49.84,-0.02,0.10,-0.84,46.01,60.45,harami_bullish,0.00,0.00,0.00,0.00,0.07,2722157.00,-67.67,5.57,0.00,14753.00,-9.83,19.47,0.27,2.17,1.73,10.89,21.27,9.33,9696298871.81,2.71,13.70,11.00,5.61,5.53,5.53,5.85,5.87
[object Object],IGG,IG Group Holdings plc,LSE,1705.00,stock,common,1.00,1.00,false,0.00,GBX,0.24,385976.00,0.40,7536900057.57,USD,0.00,0.00,0.00,4.42,Finance,uk,Finance,Buy,Buy,0.24,-3.78,-10.64,14.16,26.02,29.46,61.61,94.97,100.12,1309.09,2.22,2.33,Sell,Sell,Sell,Sell,Neutral,Neutral,33.31,-101.00,-113.05,-117.27,8.17,10.21,0.00,0.00,0.00,0.00,0.00,-0.24,385976.00,-31.60,1705.00,0.00,259222.00,53.90,0.00,0.00,0.00,3.02,0.00,0.00,5.26,6826598157.57,0.00,0.00,0.00,1742.30,1823.63,1818.04,1638.05,1431.04
[object Object],SCA_B,Svenska Cellulosa AB SCA Class B,OMXSTO,104.80,stock,common,100.00,5.00,false,0.00,SEK,1.75,1656827.00,0.96,7513256752.82,USD,33.16,0.32,-41.24,2.86,Process industries,sweden,Process Industries,Buy,Buy,1.75,3.92,4.80,-1.50,-11.07,-14.90,-16.16,-32.76,91.84,484.34,3.30,2.30,Buy,Buy,StrongBuy,Strong buy,Buy,Buy,60.92,5.44,2.76,158.10,77.69,73.81,0.00,0.00,0.00,0.00,0.00,-0.19,1656827.00,-40.20,0.00,0.00,0.00,-14.35,33.16,0.00,3.66,0.73,20.34,41.96,454.35,9085392552.82,4.47,72.16,25.72,101.77,100.38,100.56,104.70,113.03
[object Object],NEM,Nemetschek SE,XETR,57.15,stock,common,100.00,5.00,false,0.00,EUR,6.03,247948.00,1.04,7508834687.21,USD,28.36,2.33,30.93,1.19,Technology services,germany,Technology Services,Buy,Buy,6.03,0.97,6.42,-12.01,-26.68,-38.18,-54.32,-21.80,218.68,15521.88,3.78,4.14,Buy,Buy,Buy,Buy,Buy,Buy,52.67,0.95,-0.79,21.02,24.94,20.13,marubozu_white_bullish,0.00,0.00,0.00,0.00,0.19,247948.00,15.23,56.95,-0.35,131130.00,-56.65,28.36,0.86,5.10,6.51,17.14,17.90,22.62,7611712200.93,5.39,20.92,16.94,55.79,55.29,58.35,61.50,74.61
[object Object],INVP,Investec plc,LSE,634.00,stock,common,10.00,5.00,false,0.00,GBX,2.34,4238445.00,1.11,7474487274.19,USD,8.17,1.03,5.64,5.91,Finance,uk,Finance,StrongBuy,Strong buy,2.34,2.67,0.32,0.63,8.38,14.44,12.51,129.05,93.89,434.77,2.99,2.50,StrongBuy,Strong buy,StrongBuy,Strong buy,Buy,Buy,57.63,25.00,4.24,117.26,81.71,87.04,0.00,0.00,0.00,0.00,0.00,-0.16,4238445.00,-49.77,634.00,0.00,794285.00,9.55,8.17,1.42,2.30,0.99,10.65,0.00,0.00,12442135058.59,1.96,0.00,0.00,622.10,619.43,623.97,615.11,597.17
[object Object],DNP,Dino Polska SA,GPW,28.78,stock,common,100.00,1.00,false,0.00,PLN,-0.28,3895024.00,0.90,7402162715.06,USD,18.05,0.43,2.77,0.00,Retail trade,poland,Retail Trade,Neutral,Neutral,-0.28,-2.34,-1.98,-14.09,-28.05,-30.87,-42.51,-5.39,696.13,696.13,3.13,3.25,Sell,Sell,StrongSell,Strong sell,Neutral,Neutral,47.14,0.56,0.64,24.71,63.76,76.36,0.00,0.00,0.00,0.00,0.00,0.35,3895024.00,-17.65,0.00,0.00,0.00,-42.73,18.05,6.55,0.81,3.15,12.08,79.46,37.26,7447148253.58,0.80,13.55,10.75,29.09,28.83,29.65,32.57,36.92
[object Object],AED,Aedifica SA,EURONEXT,70.05,stock,common,100.00,5.00,false,0.00,EUR,-0.36,90300.00,1.06,7381461337.53,USD,6.09,13.28,184.66,4.00,Finance,belgium,Finance,Buy,Buy,-0.36,0.07,1.67,-3.71,-5.34,3.32,8.60,-40.15,17.67,915107.73,1.54,1.47,Buy,Buy,Buy,Buy,Neutral,Neutral,51.69,0.85,0.50,26.31,72.46,74.80,spinning_top_black,0.00,0.00,0.00,0.00,-0.21,90300.00,-13.18,70.05,0.00,41296.00,112.85,6.09,0.03,10.09,0.88,0.00,0.00,87.69,13848885808.41,30.54,18.26,0.00,69.79,69.72,69.70,70.80,69.94
[object Object],BARN,Barry Callebaut AG,SIX,1095.00,stock,common,1.00,1.00,false,0.00,CHF,-0.18,7339.00,0.73,7346054157.19,USD,24.76,57.50,68.81,2.65,Consumer non-durables,switzerland,Consumer Non-Durables,Neutral,Neutral,-0.18,-5.60,-5.11,-3.27,-17.05,-16.28,5.39,-51.76,-13.78,365.96,2.83,3.36,Sell,Sell,StrongSell,Strong sell,Neutral,Neutral,41.46,-5.00,-25.18,-120.26,14.65,18.02,0.00,0.00,0.00,0.00,0.00,0.27,7339.00,-26.46,1095.00,0.00,3854.00,12.91,24.76,0.36,0.42,2.39,2.07,2.30,3.71,11762304909.19,0.63,13.73,9.90,1120.90,1137.53,1153.60,1214.58,1238.82
[object Object],BAB,Babcock International Group PLC,LSE,1121.00,stock,common,10.00,5.00,false,0.00,GBX,-1.15,1262265.00,0.46,7340603804.45,USD,27.13,0.55,-13.99,0.62,Producer manufacturing,uk,Producer Manufacturing,StrongBuy,Strong buy,-1.15,10.06,11.71,-4.51,-22.15,-10.18,7.07,285.36,16.89,798.98,4.04,4.07,Buy,Buy,Buy,Buy,Neutral,Neutral,64.32,111.50,69.37,164.55,86.85,81.14,long_upper_shadow_bearish,0.00,0.00,0.00,0.00,-0.71,1262265.00,-47.66,1121.00,0.00,668472.00,-4.93,27.13,0.00,1.11,9.02,13.70,21.52,7.57,7826298524.45,1.14,19.40,13.30,1059.20,1030.04,1032.78,1130.21,1207.69
[object Object],RAND,Randstad NV,EURONEXT,36.49,stock,common,100.00,1.00,false,0.00,EUR,2.70,541716.00,0.68,7304533442.11,USD,20.53,2.03,325.22,4.44,Commercial services,netherlands,Commercial Services,Neutral,Neutral,2.70,13.11,37.91,43.60,24.92,12.87,-11.19,-43.78,-6.10,143.59,5.46,4.20,StrongBuy,Strong buy,StrongBuy,Strong buy,Buy,Buy,76.54,7.90,5.63,151.65,93.47,90.56,0.00,0.00,0.00,0.00,0.00,0.03,541716.00,-27.50,36.49,0.00,339870.00,-25.49,20.53,0.06,0.27,1.64,10.42,10.93,24.88,9400525321.63,0.36,13.02,8.66,32.88,28.97,27.98,26.21,29.00
[object Object],STJ,St. James's Place Plc,LSE,1071.00,stock,common,10.00,5.00,false,0.00,GBX,0.47,1859770.00,0.59,7255257445.71,USD,10.85,1.33,36.08,1.68,Finance,uk,Finance,Buy,Buy,0.47,-2.28,-6.09,-15.77,-28.70,-22.67,-11.23,-29.52,19.27,1238.75,2.26,3.41,Sell,Sell,StrongSell,Strong sell,Buy,Buy,36.74,-84.50,-102.74,-95.13,6.20,5.59,0.00,0.00,0.00,0.00,0.00,-0.33,1859770.00,-22.53,1071.00,0.00,914405.00,-13.29,10.85,0.30,0.19,3.75,5.36,5.37,0.00,7844135665.71,0.19,0.00,0.00,1103.55,1174.07,1175.62,1211.07,1291.29
[object Object],NKT,NKT A/S,OMXCOP,889.00,stock,common,10.00,5.00,false,0.00,DKK,-0.89,73463.00,0.62,7249531086.20,USD,23.83,5.75,16.38,0.00,Producer manufacturing,denmark,Producer Manufacturing,Neutral,Neutral,-0.89,-1.22,-12.24,-3.94,14.19,11.33,53.28,237.60,579.51,1120.92,1.80,2.37,Sell,Sell,StrongSell,Strong sell,Sell,Sell,33.52,-47.50,-55.05,-136.25,11.40,17.81,0.00,0.00,0.00,0.00,0.00,-0.72,73463.00,-14.13,0.00,0.00,0.00,58.41,23.83,1.47,1.80,3.11,9.22,340.74,5.65,6464580163.81,1.56,20.88,13.83,913.60,957.48,988.45,928.64,850.48
[object Object],SALM,SalMar ASA,OSL,508.50,stock,common,10.00,5.00,false,0.00,NOK,1.50,136125.00,0.91,7157945743.87,USD,33.88,1.55,10.44,1.97,Process industries,norway,Process Industries,Buy,Buy,1.50,3.99,-4.95,-6.53,-6.78,-17.38,17.71,-13.99,92.98,1125.30,2.63,2.99,Buy,Buy,Buy,Buy,Neutral,Neutral,56.78,46.10,-3.60,128.34,89.30,89.66,0.00,0.00,0.00,0.00,0.00,-0.80,136125.00,-3.30,508.50,0.00,50152.00,20.65,33.88,3.20,2.37,3.70,11.91,16.58,121.18,9685734663.87,3.27,23.40,15.57,490.69,498.08,522.83,539.75,561.65
[object Object],DCC,DCC Energy plc,LSE,6285.00,stock,common,1.00,5.00,false,0.00,GBX,-0.08,846555.00,0.94,7148162311.15,USD,445.11,0.19,-93.23,3.45,Utilities,uk,Utilities,Buy,Buy,-0.08,0.24,1.95,22.16,37.65,35.98,30.45,4.75,-7.16,1867.42,0.75,1.73,Buy,Buy,StrongBuy,Strong buy,Sell,Sell,59.26,10.00,73.41,43.18,32.08,36.61,0.00,0.00,0.00,0.00,0.00,0.00,846555.00,-21.72,6285.00,0.00,111792.00,14.36,445.11,0.00,0.40,2.37,9.00,12.95,5.67,8868719879.95,0.43,12.59,7.66,6297.50,6227.00,6150.90,5611.14,5231.68
[object Object],EDEN,Edenred SA,EURONEXT,26.41,stock,common,100.00,1.00,false,0.00,EUR,0.99,591157.00,0.61,7099053761.07,USD,12.83,2.35,-0.23,5.04,Commercial services,france,Commercial Services,Buy,Buy,0.99,0.80,18.54,24.87,47.50,39.40,-2.29,-48.36,31.72,103.15,3.32,3.11,Buy,Buy,StrongBuy,Strong buy,Buy,Buy,66.07,2.84,3.20,64.58,78.55,86.21,hanging_man_bearish,0.00,0.00,0.00,0.00,-0.57,591157.00,-64.29,26.41,0.00,239387.00,-0.05,12.83,0.00,2.28,0.00,5.74,5.78,1.29,7188921001.07,2.29,7.72,5.77,26.13,23.83,23.15,21.24,20.34
[object Object],MOS,Mosaic Company,NYSE,22.30,stock,common,100.00,1.00,false,0.00,USD,0.09,6457252.00,0.92,7087980034.00,USD,175.04,0.13,-89.00,3.95,Process industries,america,Process Industries,Buy,Buy,0.09,-0.71,6.55,-7.85,-21.03,-7.47,-39.75,-25.67,-21.03,93.91,3.78,3.80,Neutral,Neutral,Neutral,Neutral,Neutral,Neutral,51.60,0.79,0.55,50.56,68.35,66.37,long_upper_shadow_bearish,22.25,-0.13,0.54,3297.00,-0.13,6457252.00,6.13,22.54,1.07,1038085.00,-38.82,175.04,0.00,0.57,0.60,7.99,0.00,24.83,12719080034.00,1.02,11.56,5.48,22.47,21.92,22.12,23.64,25.32
[object Object],BEIJ_B,Beijer Ref AB Class B,OMXSTO,136.40,stock,common,10.00,1.00,false,0.00,SEK,1.04,651145.00,0.85,7064198149.50,USD,29.25,0.48,-0.47,1.06,Distribution services,sweden,Distribution Services,Buy,Buy,1.04,-1.16,5.57,0.89,-1.76,-8.52,-17.86,-14.14,523.57,5372.13,3.14,3.01,Sell,Sell,Sell,Sell,Neutral,Neutral,46.90,-2.00,3.09,-125.40,36.76,49.10,0.00,0.00,0.00,0.00,0.00,0.07,651145.00,-54.47,0.00,0.00,0.00,-9.73,29.25,0.00,1.83,2.93,18.57,0.00,27.31,8258666049.50,2.15,22.18,17.17,140.52,138.08,134.07,133.42,139.30
[object Object],ICG,ICG plc,LSE,1866.00,stock,common,1.00,1.00,false,0.00,GBX,1.69,441130.00,0.38,7050862102.65,USD,11.38,2.17,6.59,4.66,Finance,uk,Finance,Buy,Buy,1.69,-2.56,8.36,3.04,-3.62,-8.17,-12.48,-16.47,226.22,1727.69,2.95,2.79,StrongBuy,Strong buy,StrongBuy,Strong buy,Buy,Buy,59.26,81.00,75.06,97.26,60.45,60.61,0.00,0.00,0.00,0.00,0.00,0.16,441130.00,-30.48,1866.00,0.00,165646.00,-11.61,11.38,1.70,5.14,1.96,0.00,0.00,3.74,13837939882.65,10.03,16.67,16.23,1850.30,1776.60,1797.14,1741.82,1843.45
[object Object],ATS,AT & S Austria Technologie & Systemtechnik Aktiengesellschaft,VIE,158.60,stock,common,10.00,2.00,false,0.00,EUR,-5.82,88675.00,0.80,7009201065.91,USD,0.00,-1.28,-159.69,0.00,Electronic technology,austria,Electronic Technology,Buy,Buy,-5.82,-4.46,-31.78,73.52,290.16,395.63,649.88,317.37,1362.43,1189.04,8.55,8.00,Sell,Sell,Sell,Sell,Sell,Sell,42.03,-28.20,-16.12,-134.10,29.28,35.98,0.00,0.00,0.00,0.00,0.00,-1.43,88675.00,1.76,158.60,0.00,17322.00,643.12,0.00,0.00,3.65,8.76,15.55,28.42,7.70,8932405504.31,4.32,167.69,19.40,172.90,193.00,169.88,120.68,78.25
[object Object],ISS,ISS A/S,OMXCOP,289.00,stock,common,10.00,2.00,false,0.00,DKK,-0.34,155256.00,0.70,6976677852.41,USD,18.75,2.42,6.86,1.11,Commercial services,denmark,Commercial Services,Buy,Buy,-0.34,1.90,9.06,27.43,21.84,32.69,52.27,102.66,12.71,65.14,2.01,1.95,Buy,Buy,StrongBuy,Strong buy,Neutral,Neutral,62.92,8.80,15.07,60.83,58.78,63.55,0.00,0.00,0.00,0.00,0.00,-0.07,155256.00,-8.66,0.00,0.00,0.00,41.39,18.75,2.74,0.57,4.77,12.08,14.51,27.88,9118879452.41,0.69,14.27,10.15,286.84,277.66,271.66,252.14,236.27
[object Object],KCR,Konecranes Oyj,OMXHEX,25.80,stock,common,100.00,2.00,false,0.00,EUR,-8.45,1745363.00,8.17,6974589942.92,USD,16.06,1.83,-0.13,1.94,Producer manufacturing,finland,Producer Manufacturing,StrongBuy,Strong buy,-8.45,-5.56,-4.94,-15.13,-21.94,-17.57,9.79,106.40,215.92,714.74,5.33,3.04,Sell,Sell,StrongSell,Strong sell,Neutral,Neutral,40.53,-0.66,0.56,-82.85,68.08,79.70,0.00,0.00,0.00,0.00,0.00,0.00,1745363.00,658.45,0.00,0.00,0.00,18.91,16.06,0.00,1.65,3.02,14.96,17.28,16.19,7001322602.92,1.50,0.00,0.00,27.25,27.02,27.10,28.37,28.94
[object Object],LTMC,Lottomatica Group S.P.A.,MIL,24.35,stock,common,100.00,1.00,false,0.00,EUR,0.70,464538.00,0.80,6970058058.58,USD,31.43,0.90,62.09,1.81,Consumer services,italy,Consumer Services,StrongBuy,Strong buy,0.70,-3.49,-5.55,-6.42,18.90,9.39,0.79,186.47,186.47,186.47,1.93,2.47,Sell,Sell,StrongSell,Strong sell,Neutral,Neutral,37.31,-1.42,-0.98,-104.79,6.20,10.28,0.00,0.00,0.00,0.00,0.00,0.00,464538.00,-21.10,24.35,0.00,50.00,0.08,31.43,0.50,2.52,16.83,10.85,12.21,45.75,9232714951.22,3.53,16.94,10.83,24.98,25.34,25.54,25.60,23.41
[object Object],SPX,Spirax Group plc.,LSE,7080.00,stock,common,1.00,5.00,false,0.00,GBX,1.72,102614.00,0.59,6952263546.16,USD,32.02,2.98,-14.54,2.40,Producer manufacturing,uk,Producer Manufacturing,Buy,Buy,1.72,3.06,4.58,-1.99,-3.54,1.36,14.10,-51.59,83.61,1182.61,2.27,2.60,StrongBuy,Strong buy,StrongBuy,Strong buy,Neutral,Neutral,60.52,525.00,136.72,117.21,91.09,89.55,marubozu_white_bullish,0.00,0.00,0.00,0.00,-0.22,102614.00,-27.35,7080.00,0.00,40462.00,12.24,32.02,0.00,3.02,4.27,19.91,24.34,14.18,7824463686.16,3.41,19.02,14.35,6848.50,6812.33,6840.10,6982.84,7039.77
[object Object],FRA,Fraport AG,XETR,66.00,stock,common,100.00,5.00,false,0.00,EUR,0.84,118377.00,1.09,6936645309.55,USD,14.17,5.38,2.89,1.52,Transportation,germany,Transportation,Buy,Buy,0.84,-2.94,-7.30,-7.69,-12.87,-5.71,0.00,22.31,38.34,150.00,2.15,2.51,Sell,Sell,StrongSell,Strong sell,Neutral,Neutral,35.66,-3.35,-4.61,-95.96,8.84,8.02,engulfing_bullish,64.95,-0.76,-0.76,20.00,-0.15,118377.00,-9.72,66.10,0.15,74105.00,2.66,14.17,4.86,1.36,1.17,4.36,14.43,2.42,18319980717.55,3.57,17.83,10.89,67.38,71.05,69.93,71.69,73.45
[object Object],TE,Technip Energies NV,EURONEXT,34.36,stock,common,100.00,2.00,false,0.00,EUR,1.06,335441.00,1.05,6901784169.06,USD,16.86,2.39,-5.88,2.91,Industrial services,france,Industrial Services,Buy,Buy,1.06,4.31,-2.11,-13.93,7.17,6.11,-8.37,204.47,186.33,186.33,2.07,2.34,Neutral,Neutral,Neutral,Neutral,Neutral,Neutral,52.37,1.04,-0.34,69.42,54.79,52.38,engulfing_bullish,0.00,0.00,0.00,0.00,-0.24,335441.00,-25.51,34.36,0.00,269287.00,-9.57,16.86,0.00,0.84,2.70,9.29,10.74,1.67,4163222225.06,0.49,7.64,6.05,33.59,34.20,34.71,35.77,34.89
[object Object],SCR,SCOR SE,EURONEXT,33.84,stock,common,100.00,2.00,false,0.00,EUR,2.30,344520.00,0.77,6891987895.94,USD,0.00,0.00,0.00,5.61,Finance,france,Finance,Buy,Buy,2.30,4.12,8.05,4.77,25.89,17.83,12.80,38.12,30.08,46.81,1.98,1.77,StrongBuy,Strong buy,StrongBuy,Strong buy,Buy,Buy,70.18,1.96,1.39,166.94,87.88,82.87,rising_window_bullish,0.00,0.00,0.00,0.00,0.60,344520.00,-24.29,33.84,0.00,242318.00,13.71,0.00,0.00,0.00,0.00,0.00,0.00,0.00,6891987895.94,0.37,0.00,0.00,32.83,31.98,31.66,31.40,29.82
[object Object],MYCR,Mycronic AB,OMXSTO,342.80,stock,common,10.00,2.00,false,0.00,SEK,-1.38,170592.00,0.53,6854132063.43,USD,38.56,0.91,-12.08,0.95,Producer manufacturing,sweden,Producer Manufacturing,Buy,Buy,-1.38,1.12,12.03,20.37,62.27,53.62,63.55,173.58,623.59,3566.31,2.78,3.34,Buy,Buy,StrongBuy,Strong buy,Neutral,Neutral,61.41,46.40,30.96,74.99,91.12,90.97,0.00,0.00,0.00,0.00,0.00,-0.75,170592.00,-11.66,0.00,0.00,0.00,62.80,38.56,0.00,7.85,8.49,32.65,0.00,24.91,6622671363.43,7.46,26.99,23.39,339.94,316.13,310.30,277.21,243.62
[object Object],LAND,Land Securities Group PLC,LSE,693.50,stock,common,10.00,5.00,false,0.00,GBX,1.02,1491710.00,0.58,6839136988.53,USD,15.02,0.61,-12.92,5.94,Finance,uk,Finance,Buy,Buy,1.02,0.43,9.56,15.68,8.44,11.58,18.14,0.80,-36.72,77.24,2.50,2.12,Buy,Buy,StrongBuy,Strong buy,Neutral,Neutral,62.62,26.50,35.65,82.68,75.76,80.08,0.00,0.00,0.00,0.00,0.00,0.22,1491710.00,-59.78,693.50,0.00,721008.00,20.91,15.02,0.00,5.70,0.79,22.83,22.83,43.90,12669337588.53,10.74,22.55,22.44,687.90,662.52,647.27,616.01,622.23
[object Object],COV,Covivio SA,EURONEXT,53.10,stock,common,100.00,5.00,false,0.00,EUR,0.38,75315.00,0.54,6729864241.66,USD,8.01,7.79,988.65,7.51,Finance,france,Finance,Neutral,Neutral,0.38,2.31,0.28,-6.10,0.19,-6.18,-3.98,-32.78,-36.03,-58.00,1.96,1.94,Sell,Sell,StrongSell,Strong sell,Neutral,Neutral,48.79,-0.25,-0.92,-8.43,50.88,46.64,0.00,0.00,0.00,0.00,0.00,-0.38,75315.00,-43.23,53.10,0.00,54937.00,1.55,8.01,0.01,4.02,0.68,8.40,46.21,4.93,22287248557.66,12.87,24.37,20.53,52.71,53.49,53.74,54.63,55.13
[object Object],BGEO,Lion Finance Group PLC,LSE,11700.00,stock,common,1.00,10.00,false,0.00,GBX,2.01,59299.00,1.45,6711675661.17,USD,8.24,18.76,12.56,2.08,Finance,uk,Finance,StrongBuy,Strong buy,2.01,3.54,2.09,4.46,19.63,25.81,58.75,698.09,580.40,1987.17,2.56,2.85,Buy,Buy,StrongBuy,Strong buy,Neutral,Neutral,58.40,110.00,176.46,97.42,72.74,65.37,0.00,0.00,0.00,0.00,0.00,0.52,59299.00,66.27,11700.00,0.00,16521.00,52.59,8.24,0.64,3.63,2.00,0.00,0.00,0.00,9684974257.88,3.58,0.00,0.00,11476.00,11407.33,11156.40,10827.65,9932.25
[object Object],CCC,Computacenter Plc,LSE,4790.00,stock,common,1.00,2.00,false,0.00,GBX,1.78,209655.00,0.34,6688505217.76,USD,32.91,1.96,-4.81,1.56,Technology services,uk,Technology Services,Buy,Buy,1.78,6.78,13.08,36.86,42.90,63.70,110.27,76.62,509.03,509.41,3.96,3.18,Buy,Buy,StrongBuy,Strong buy,Buy,Buy,64.73,336.00,425.24,108.38,79.39,84.01,0.00,0.00,0.00,0.00,0.00,0.30,209655.00,-82.64,4790.00,0.00,146474.00,99.83,32.91,0.00,0.54,5.60,17.10,18.46,8.04,6121062537.76,0.49,17.17,12.90,4685.20,4410.60,4341.56,3827.82,3401.13
[object Object],ELIS,Elis SA,EURONEXT,25.12,stock,common,100.00,2.00,false,0.00,EUR,0.40,235679.00,0.72,6650377455.08,USD,17.16,1.72,8.66,1.91,Commercial services,france,Commercial Services,StrongBuy,Strong buy,0.40,-0.71,-5.63,-2.64,4.67,3.72,-1.26,67.91,69.20,103.30,1.47,2.08,Sell,Sell,StrongSell,Strong sell,Neutral,Neutral,36.46,-0.60,-1.18,-70.82,14.71,15.60,harami_cross_bullish,0.00,0.00,0.00,0.00,0.40,235679.00,31.29,25.12,0.00,168920.00,1.08,17.16,1.97,1.35,1.55,4.61,11.90,16.35,10926124227.08,1.94,15.00,5.67,25.33,26.42,26.46,26.13,25.47
[object Object],DLG,De'Longhi S.p.A.,MIL,38.60,stock,common,100.00,2.00,false,0.00,EUR,0.89,146710.00,0.82,6604008996.52,USD,18.29,2.48,2.93,2.20,Consumer durables,italy,Consumer Durables,StrongBuy,Strong buy,0.89,-4.41,7.10,16.76,3.32,4.89,33.29,2.12,79.04,1173.43,2.21,2.69,Buy,Buy,StrongBuy,Strong buy,Neutral,Neutral,53.28,1.38,1.15,23.94,41.71,48.63,0.00,0.00,0.00,0.00,0.00,0.52,146710.00,2.75,0.00,0.00,0.00,35.91,18.29,6.18,1.51,2.85,10.85,12.20,5.74,6292548481.20,1.41,11.66,9.07,38.79,37.99,36.97,35.16,35.30
[object Object],GRF,"Grifols, S.A. Class A",BME,9.66,stock,common,1000.00,2.00,false,0.00,EUR,2.70,1893045.00,0.98,6594163667.26,USD,15.81,0.71,112.68,1.95,Health technology,spain,Health Technology,Buy,Buy,2.70,6.46,7.53,7.89,-11.41,-11.29,-19.50,-54.02,-52.92,287.01,3.14,2.30,Buy,Buy,StrongBuy,Strong buy,Neutral,Neutral,63.38,0.75,0.42,149.73,79.59,87.25,0.00,0.00,0.00,0.00,0.00,1.04,1893045.00,-7.13,0.00,0.00,0.00,-24.83,15.81,0.14,0.86,1.20,6.43,8.72,9.36,19512295027.26,2.27,13.79,10.19,9.28,9.11,9.16,9.16,10.06
[object Object],SIGN,SIG Group AG,SIX,14.08,stock,common,100.00,1.00,false,0.00,CHF,1.73,653989.00,1.06,6587917281.86,USD,0.00,-0.27,-143.41,0.00,Process industries,switzerland,Process Industries,Buy,Buy,1.73,4.22,15.32,27.08,19.02,20.55,-5.88,-44.35,18.82,18.82,2.22,2.90,StrongBuy,Strong buy,StrongBuy,Strong buy,Neutral,Neutral,62.50,0.72,0.60,73.00,56.11,43.59,0.00,0.00,0.00,0.00,0.00,-0.07,653989.00,-9.99,14.08,0.00,379497.00,-6.51,0.00,0.00,1.74,2.18,11.11,24.67,16.33,9023299572.51,2.35,69.27,16.93,13.64,13.34,12.76,12.32,11.29
[object Object],NEX,Nexans SA,EURONEXT,132.20,stock,common,10.00,1.00,false,0.00,EUR,-1.20,111709.00,0.72,6574984785.60,USD,131.70,1.18,-83.80,2.19,Producer manufacturing,france,Producer Manufacturing,Buy,Buy,-1.20,0.23,-12.80,-1.12,4.42,4.75,10.17,65.66,240.06,240.04,1.93,2.95,StrongSell,Strong sell,StrongSell,Strong sell,Neutral,Neutral,36.96,-1.80,-8.10,-76.76,29.83,32.02,0.00,0.00,0.00,0.00,0.00,-0.60,111709.00,-16.17,132.20,0.00,57203.00,17.33,131.70,0.00,0.74,2.89,7.42,14.80,3.47,6892364025.60,0.75,12.67,8.27,134.31,141.17,147.25,140.47,133.15
[object Object],KGF,Kingfisher Plc,LSE,299.50,stock,common,10.00,1.00,false,0.00,GBX,0.94,4680203.00,0.62,6572733756.81,USD,21.91,0.19,40.93,4.14,Retail trade,uk,Retail Trade,Neutral,Neutral,0.94,1.25,8.95,3.06,-6.76,-4.92,8.08,-19.79,-10.06,32.75,2.57,2.79,Buy,Buy,StrongBuy,Strong buy,Neutral,Neutral,59.86,24.30,11.82,102.92,84.04,80.13,0.00,0.00,0.00,0.00,0.00,-0.24,4680203.00,-59.85,299.50,0.00,2677335.00,2.55,21.91,0.53,0.39,0.83,3.49,4.46,10.93,9070440156.81,0.51,10.43,5.09,292.87,285.93,285.46,291.98,305.90
[object Object],HER,Hera S.p.A.,MIL,3.92,stock,common,1000.00,2.00,false,0.00,EUR,1.03,2488758.00,0.61,6528905793.98,USD,12.43,0.36,-9.67,4.08,Utilities,italy,Utilities,Buy,Buy,1.03,0.98,7.51,-4.85,-3.63,-2.10,0.72,12.34,60.16,217.36,1.75,1.59,Buy,Buy,StrongBuy,Strong buy,Buy,Buy,60.55,0.13,0.12,82.38,73.82,73.77,0.00,0.00,0.00,0.00,0.00,0.21,2488758.00,-58.97,3.92,0.00,4868.00,0.10,12.43,0.00,0.48,1.36,4.35,5.98,4.67,11760316721.98,0.85,12.65,7.26,3.89,3.79,3.80,3.92,4.00
[object Object],GETI_B,Getinge AB Class B,OMXSTO,230.30,stock,common,10.00,1.00,false,0.00,SEK,0.52,396682.00,0.47,6404397477.45,USD,23.44,1.01,79.60,2.06,Health technology,sweden,Health Technology,Buy,Buy,0.52,3.23,19.45,19.61,9.25,5.35,16.90,-35.27,34.59,906.96,1.74,2.37,Buy,Buy,StrongBuy,Strong buy,Neutral,Neutral,72.14,22.60,25.94,101.78,86.09,88.39,0.00,0.00,0.00,0.00,0.00,-0.04,396682.00,-15.59,0.00,0.00,0.00,15.79,23.44,0.29,1.82,2.03,12.46,16.49,30.57,7333507477.45,2.09,15.38,10.68,222.44,207.10,201.03,196.06,203.89
[object Object],SBMO,SBM Offshore NV,EURONEXT,33.56,stock,common,100.00,2.00,false,0.00,EUR,-1.12,355741.00,1.00,6388628005.75,USD,7.29,5.41,501.06,1.49,Industrial services,netherlands,Industrial Services,Buy,Buy,-1.12,5.60,2.01,-6.52,10.83,36.31,48.89,177.81,175.42,180.72,2.07,2.35,Buy,Buy,StrongBuy,Strong buy,Neutral,Neutral,58.77,2.08,0.71,149.82,91.16,87.05,"harami_cross_bearish,long_upper_shadow_bearish",0.00,0.00,0.00,0.00,-1.12,355741.00,-25.49,33.56,0.00,213849.00,35.24,7.29,0.01,1.14,1.51,8.06,8.40,6.36,16214969016.54,2.64,8.81,8.49,32.53,31.98,32.80,33.79,29.88
[object Object],BC,Brunello Cucinelli S.p.A.,MIL,81.58,stock,common,100.00,2.00,false,0.00,EUR,1.52,211620.00,0.96,6310545988.59,USD,41.03,2.34,13.11,1.27,Consumer non-durables,italy,Consumer Non-Durables,Buy,Buy,1.52,-1.28,-1.12,-3.09,-1.35,-17.60,-21.10,59.34,379.88,699.80,2.27,2.66,Sell,Sell,StrongSell,Strong sell,Neutral,Neutral,47.27,1.26,-1.35,-43.28,53.61,60.24,0.00,0.00,0.00,0.00,0.00,-0.02,211620.00,-18.31,81.58,0.00,1368.00,-21.69,41.03,3.08,3.87,10.14,22.82,48.11,27.17,7445776265.71,4.50,25.73,14.86,82.27,82.82,83.08,81.08,85.17
[object Object],ELISA,Elisa Oyj Class A,OMXHEX,34.40,stock,common,100.00,2.00,false,0.00,EUR,0.00,386094.00,0.69,6268460017.99,USD,16.15,2.43,-5.96,8.58,Communications,finland,Communications,Neutral,Neutral,0.00,-0.29,-8.85,-16.30,-6.78,-8.90,-24.40,-36.60,3.15,152.01,1.83,2.15,Sell,Sell,StrongSell,Strong sell,Neutral,Neutral,33.38,-1.78,-2.36,-96.28,18.52,14.28,0.00,0.00,0.00,0.00,0.00,-0.17,386094.00,-5.25,0.00,0.00,0.00,-23.07,16.15,0.00,2.46,4.14,8.46,14.56,48.19,7962059345.99,3.10,15.02,9.07,35.15,36.35,38.11,40.13,39.81
[object Object],AZA,Avanza Bank Holding AB,OMXSTO,388.40,stock,common,10.00,1.00,false,0.00,SEK,1.09,178081.00,0.63,6258282659.57,USD,21.71,1.84,12.84,3.28,Finance,sweden,Finance,Buy,Buy,1.09,-0.05,2.13,9.62,14.47,9.90,10.03,46.02,545.18,4791.70,2.15,2.50,Buy,Buy,StrongBuy,Strong buy,Neutral,Neutral,54.32,7.00,4.52,-6.26,61.15,62.60,0.00,0.00,0.00,0.00,0.00,0.03,178081.00,-0.33,0.00,0.00,0.00,7.88,21.71,1.67,9.75,9.18,0.00,0.00,19.61,6106255759.57,9.53,17.65,17.15,386.84,386.23,369.53,360.15,356.15
[object Object],ROCK_B,ROCKWOOL A/S Class B,OMXCOP,193.00,stock,common,10.00,1.00,false,0.00,DKK,1.63,299735.00,0.78,6253593419.55,USD,0.00,-0.98,-132.93,2.15,Non-energy minerals,denmark,Non-Energy Minerals,Buy,Buy,1.63,-6.49,-10.07,2.66,-9.73,-14.49,-33.54,-41.25,59.64,865.00,2.82,2.78,Sell,Sell,StrongSell,Strong sell,Buy,Buy,39.43,-12.20,-13.90,-139.33,9.32,6.98,0.00,0.00,0.00,0.00,0.00,0.11,299735.00,-25.50,0.00,0.00,0.00,-29.79,0.00,0.00,1.38,1.89,8.92,0.00,25.79,6018788736.12,1.37,10.17,6.49,198.57,208.55,203.61,194.42,207.56
[object Object],GFC,Gecina SA,EURONEXT,74.00,stock,common,100.00,5.00,false,0.00,EUR,-1.79,266446.00,1.29,6223682096.97,USD,33.88,2.49,-68.15,7.43,Finance,france,Finance,Buy,Buy,-1.79,0.95,3.21,2.21,-4.88,-8.53,-18.55,-45.97,-40.66,299.39,2.28,1.88,Buy,Buy,Buy,Buy,Neutral,Neutral,53.90,1.85,2.00,79.66,82.42,89.03,engulfing_bearish,0.00,0.00,0.00,0.00,0.27,266446.00,0.16,74.00,0.00,114807.00,-15.00,33.88,0.00,6.32,0.54,11.65,0.00,21.61,13907136594.21,13.73,20.07,19.75,74.02,73.12,72.83,71.79,75.57
[object Object],MIL,Bank Millennium SA,GPW,19.50,stock,common,1000.00,5.00,false,0.00,PLN,-0.36,449382.00,0.68,6207447158.07,USD,17.88,0.29,71.83,0.00,Finance,poland,Finance,Sell,Sell,-0.36,-2.96,-3.87,8.60,14.80,17.15,33.60,309.77,333.44,718.46,3.42,3.19,Sell,Sell,Sell,Sell,Sell,Sell,44.55,-1.30,-0.03,-64.88,23.52,37.18,0.00,0.00,0.00,0.00,0.00,0.59,449382.00,-32.15,0.00,0.00,0.00,32.01,17.88,0.25,3.15,2.21,38.09,71.94,0.00,7452536933.35,2.56,0.00,0.00,20.10,20.06,19.70,18.51,17.41
[object Object],SFSN,SFS Group AG,SIX,130.40,stock,common,10.00,2.00,false,0.00,CHF,-6.72,78361.00,2.66,6202269341.14,USD,19.77,8.16,8.62,1.92,Producer manufacturing,switzerland,Producer Manufacturing,Neutral,Neutral,-6.72,-6.19,-1.21,5.67,14.59,18.55,20.07,-4.61,82.51,94.63,2.70,2.18,Sell,Sell,Sell,Sell,Sell,Sell,39.80,-6.80,4.42,-135.95,55.03,78.15,0.00,0.00,0.00,0.00,0.00,-5.58,78361.00,26.84,130.40,0.00,27791.00,26.13,19.77,2.46,1.77,3.24,14.12,18.24,22.80,6616226141.14,1.74,14.33,10.43,138.32,135.09,131.63,125.68,118.21
[object Object],RILBA,Ringkjobing Landbobank A/S,OMXCOP,1708.00,stock,common,1.00,1.00,false,0.00,DKK,0.47,12401.00,0.67,6191775599.22,USD,18.31,14.39,3.88,0.70,Finance,denmark,Finance,StrongBuy,Strong buy,0.47,-0.47,9.77,10.05,4.72,11.05,20.45,142.61,530.26,6110.91,1.39,1.64,Buy,Buy,StrongBuy,Strong buy,Neutral,Neutral,64.09,30.00,105.38,51.69,65.70,78.80,0.00,0.00,0.00,0.00,0.00,0.00,12401.00,-14.11,0.00,0.00,0.00,17.61,18.31,4.70,9.72,3.60,0.00,0.00,0.00,7543370921.22,9.88,0.00,0.00,1715.60,1636.23,1598.20,1581.20,1546.22
[object Object],BBOX,Tritax Big Box REIT PLC,LSE,170.80,stock,common,10.00,1.00,false,0.00,GBX,1.43,6505106.00,0.75,6172851940.75,USD,11.87,0.19,-26.43,4.68,Miscellaneous,uk,Miscellaneous,StrongBuy,Strong buy,1.43,4.02,10.26,11.63,5.17,13.94,19.44,-18.43,31.15,74.81,2.29,1.89,StrongBuy,Strong buy,StrongBuy,Strong buy,Buy,Buy,69.20,8.30,7.98,185.40,87.00,82.33,0.00,0.00,0.00,0.00,0.00,-0.06,6505106.00,-74.22,170.80,0.00,2832332.00,26.70,11.87,0.00,9.97,0.91,17.18,17.18,33.54,9638885560.75,16.52,25.90,25.82,165.68,161.05,156.09,153.85,154.65
[object Object],EVD,CTS Eventim AG & Co. KGaA,XETR,56.25,stock,common,100.00,5.00,false,0.00,EUR,0.81,137435.00,0.65,6142824000.00,USD,18.31,3.55,-0.87,2.56,Consumer services,germany,Consumer Services,StrongBuy,Strong buy,0.81,-1.75,12.16,-3.18,-22.57,-28.44,-46.33,-0.12,85.74,10614.29,2.58,3.00,Neutral,Neutral,Neutral,Neutral,Neutral,Neutral,52.95,-0.25,3.17,16.20,56.66,66.65,0.00,55.95,0.27,0.27,170.00,-0.36,137435.00,-38.16,56.00,-0.44,82433.00,-45.09,18.31,0.00,1.68,4.70,16.09,0.00,3.84,5071117348.40,1.37,8.97,7.42,56.83,54.46,54.80,56.88,66.40
[object Object],SAGA_B,AB Sagax Class B,OMXSTO,161.70,stock,common,10.00,1.00,false,0.00,SEK,0.62,226268.00,0.50,6115177556.83,USD,12.79,1.30,29.13,2.29,Finance,sweden,Finance,Buy,Buy,0.62,-6.32,8.96,-13.94,-16.61,-18.00,-24.16,-46.42,289.64,1306.09,2.97,3.50,Sell,Sell,StrongSell,Strong sell,Neutral,Neutral,48.85,-0.30,5.32,-13.24,33.33,40.45,spinning_top_white,0.00,0.00,0.00,0.00,0.37,226268.00,-20.34,0.00,0.00,0.00,-17.26,12.79,0.44,9.87,1.77,14.68,14.68,19.85,10174163056.83,17.99,23.16,0.00,165.75,158.78,161.58,170.64,184.97
[object Object],LMP,LondonMetric Property Plc,LSE,195.10,stock,common,10.00,1.00,false,0.00,GBX,0.57,5750231.00,0.89,6080955211.17,USD,15.04,0.17,-23.93,6.38,Finance,uk,Finance,Buy,Buy,0.57,2.15,5.57,1.67,-1.91,2.74,1.56,-21.01,26.94,71.89,1.83,1.71,Buy,Buy,StrongBuy,Strong buy,Neutral,Neutral,64.50,6.30,5.81,153.29,83.03,83.29,0.00,0.00,0.00,0.00,0.00,-0.36,5750231.00,-30.88,195.10,0.00,1243689.00,0.79,15.04,0.00,9.75,0.97,17.50,19.27,31.76,9899942971.17,16.12,18.06,18.01,191.67,188.49,187.15,188.94,191.79
[object Object],GL9,Glanbia PLC,EURONEXT,22.42,stock,common,100.00,2.00,false,0.00,EUR,0.27,142689.00,0.37,6059777865.53,USD,34.84,0.76,11.62,1.91,Consumer non-durables,ireland,Consumer Non-Durables,Buy,Buy,0.27,-4.35,-2.01,28.19,41.01,55.48,71.15,54.62,31.19,1414.86,1.88,2.02,Neutral,Neutral,Sell,Sell,Buy,Buy,39.99,-1.68,-0.50,-128.91,8.67,7.44,marubozu_white_bullish,0.00,0.00,0.00,0.00,-1.52,142689.00,-46.52,22.42,0.00,91963.00,67.54,34.84,2.99,1.58,3.31,17.01,19.55,13.28,6674347936.63,1.63,18.29,12.84,22.97,23.28,22.43,20.09,17.69
[object Object],WDP,Warehouses De Pauw SA,EURONEXT,22.14,stock,common,100.00,2.00,false,0.00,EUR,-2.64,1351135.00,4.01,6058235152.16,USD,13.54,1.89,-8.39,2.72,Finance,belgium,Finance,Buy,Buy,-2.64,0.45,0.64,-6.58,-2.21,0.45,5.13,-38.84,77.24,532.73,2.98,2.04,Sell,Sell,Sell,Sell,Neutral,Neutral,50.11,0.32,0.42,113.07,62.59,67.43,0.00,0.00,0.00,0.00,0.00,1.93,1351135.00,144.28,22.14,0.00,298889.00,14.32,13.54,0.00,10.21,1.02,14.83,16.04,259.47,10135402625.20,16.75,20.66,20.12,22.18,22.08,22.01,22.61,22.74
[object Object],BALD_B,Fastighets AB Balder Class B,OMXSTO,49.86,stock,common,100.00,1.00,false,0.00,SEK,0.24,1432076.00,0.60,6057940240.06,USD,8.53,0.60,32.43,0.00,Finance,sweden,Finance,Buy,Buy,0.24,-2.66,-1.38,-12.86,-24.86,-26.89,-27.74,-49.59,34.03,2088.97,2.02,2.55,Sell,Sell,StrongSell,Strong sell,Neutral,Neutral,38.31,-3.20,-1.37,-108.59,11.36,9.82,spinning_top_white,0.00,0.00,0.00,0.00,0.00,1432076.00,-23.99,0.00,0.00,0.00,-26.29,8.53,0.26,4.46,0.63,13.64,13.80,6.09,22223024840.06,15.53,23.60,23.36,50.80,51.47,51.69,55.02,61.32
[object Object],KGX,KION GROUP AG,XETR,40.55,stock,common,100.00,1.00,false,0.00,EUR,1.60,171931.00,0.71,6048530933.80,USD,14.45,3.24,80.67,1.53,Producer manufacturing,germany,Producer Manufacturing,Buy,Buy,1.60,-1.17,-0.66,-11.79,-38.00,-40.98,-24.35,-54.77,-17.13,68.88,3.32,3.74,Sell,Sell,StrongSell,Strong sell,Neutral,Neutral,48.31,-0.41,0.01,-31.89,16.36,20.03,0.00,0.00,0.00,0.00,0.00,0.03,171931.00,-33.15,40.55,0.00,113091.00,-19.45,14.45,0.18,0.46,0.85,4.90,7.47,5.50,13210949961.80,1.01,16.08,6.11,40.64,40.83,41.26,43.62,52.95
[object Object],CAST,Castellum AB,OMXSTO,130.40,stock,common,100.00,5.00,false,0.00,SEK,0.12,1343347.00,1.02,6032265451.70,USD,23.53,0.57,2.93,1.90,Finance,sweden,Finance,Buy,Buy,0.12,0.31,8.67,7.46,20.46,22.67,12.95,-36.33,23.30,854.17,1.70,2.24,Buy,Buy,StrongBuy,Strong buy,Neutral,Neutral,57.47,2.15,3.33,51.45,51.61,46.38,long_upper_shadow_bearish,0.00,0.00,0.00,0.00,0.19,1343347.00,-33.12,0.00,0.00,0.00,9.27,23.53,8.01,6.31,0.90,14.16,14.16,648.77,12860202951.70,13.12,19.73,0.00,129.61,127.22,126.07,120.98,114.58