ticker-view,name,description,exchange,close,type,typespecs,pricescale,minmov,fractional,minmove2,currency,change,volume,relative_volume_10d_calc,market_cap_basic,fundamental_currency_code,price_earnings_ttm,earnings_per_share_diluted_ttm,earnings_per_share_diluted_yoy_growth_ttm,dividends_yield_current,sector.tr,market,sector,AnalystRating,AnalystRating.tr,change,Perf.W,Perf.1M,Perf.3M,Perf.6M,Perf.YTD,Perf.Y,Perf.5Y,Perf.10Y,Perf.All,Volatility.W,Volatility.M,TechRating_1D,TechRating_1D.tr,MARating_1D,MARating_1D.tr,OsRating_1D,OsRating_1D.tr,RSI,Mom,AO,CCI20,Stoch.K,Stoch.D,candlestick_patterns_1D,premarket_close,premarket_change,premarket_gap,premarket_volume,gap,volume,volume_change,postmarket_close,postmarket_change,postmarket_volume,Perf.1Y.MarketCap,price_earnings_ttm,price_earnings_growth_ttm,price_sales_current,price_book_fq,price_to_cash_f_operating_activities_ttm,price_free_cash_flow_ttm,price_to_cash_ratio,enterprise_value_current,enterprise_value_to_revenue_ttm,enterprise_value_to_ebit_ttm,enterprise_value_ebitda_ttm,SMA10,SMA30,SMA50,SMA100,SMA200,price_target_average,price_target_high,price_target_low,price_target_median,earnings_per_share_forecast_next_fy,earnings_per_share_forecast_fq,earnings_per_share_forecast_next_fq,revenue_forecast_next_fy,revenue_forecast_fq,revenue_forecast_next_fq
[object Object],NVDA,NVIDIA Corporation,NASDAQ,224.95,stock,common,100.00,1.00,false,0.00,USD,0.16,48290729.00,0.45,5421295044200.70,USD,28.44,7.91,125.15,0.12,Electronic technology,america,Electronic Technology,StrongBuy,Strong buy,0.16,2.55,5.79,16.48,32.32,18.50,28.93,936.14,13913.39,514069.08,2.06,2.42,Buy,Buy,StrongBuy,Strong buy,Buy,Buy,55.06,6.66,4.50,45.31,63.14,67.14,"doji_star_bearish,doji",225.13,0.24,0.19,1380039.00,0.24,48290729.00,-37.67,0.00,0.00,0.00,24.78,28.44,0.23,18.00,23.72,40.66,43.01,54.98,5360786044200.70,17.69,27.13,26.64,220.99,220.44,215.97,212.88,199.47,333.47,710.29,180.00,318.20,9.27,2.09,2.47,408940119887.00,92270936574.00,108704835183.00
[object Object],AAPL,Apple Inc.,NASDAQ,339.98,stock,common,100.00,1.00,false,0.00,USD,1.21,12998903.00,0.31,4961656437590.39,USD,38.97,8.72,32.61,0.32,Electronic technology,america,Electronic Technology,Buy,Buy,1.21,0.61,9.56,23.63,33.90,24.87,34.27,133.71,1118.11,264785.31,1.79,2.16,StrongBuy,Strong buy,StrongBuy,Strong buy,Neutral,Neutral,64.83,7.71,17.55,86.95,78.27,80.83,0.00,335.90,-0.01,0.01,195590.00,0.04,12998903.00,-47.44,0.00,0.00,0.00,34.64,38.97,1.18,10.59,46.19,34.10,36.60,80.17,4983601437590.39,10.68,32.18,29.67,336.16,323.14,321.81,311.73,287.76,337.68,405.00,245.00,342.83,8.83,1.89,1.98,477450887019.00,109038899874.00,113210569717.00
[object Object],GOOG,Alphabet Inc. Class C,NASDAQ,341.19,stock,common,100.00,1.00,false,0.00,USD,0.64,6541124.00,0.34,4195353102448.68,USD,17.14,19.91,112.02,0.25,Technology services,america,Technology Services,StrongBuy,Strong buy,0.64,-2.86,-0.58,0.06,23.00,7.43,39.35,140.98,774.85,1104.62,2.77,2.08,Neutral,Neutral,Buy,Buy,Neutral,Neutral,50.03,5.74,3.12,25.84,37.16,46.36,0.00,339.04,0.01,0.21,221208.00,-0.03,6541124.00,-59.03,0.00,0.00,0.00,37.70,17.14,0.15,9.35,6.70,22.62,78.83,17.32,4088250548448.68,9.16,26.97,23.05,342.81,339.63,342.01,355.37,336.79,426.25,515.00,340.00,425.00,20.60,2.88,3.03,497681481233.00,116353870857.00,126846545896.00
[object Object],GOOGL,Alphabet Inc. Class A,NASDAQ,344.42,stock,common,100.00,1.00,false,0.00,USD,0.60,11010654.00,0.38,4193629696982.17,USD,17.30,19.91,112.02,0.25,Technology services,america,Technology Services,StrongBuy,Strong buy,0.60,-3.61,-0.63,0.55,24.22,8.68,40.92,144.61,750.61,13662.07,2.80,2.11,Neutral,Neutral,Buy,Buy,Neutral,Neutral,50.08,5.92,3.87,22.56,37.87,47.07,0.00,342.25,-0.03,0.18,309412.00,-0.00,11010654.00,-53.69,0.00,0.00,0.00,37.70,17.30,0.15,9.44,6.77,22.83,79.58,17.48,4086527142982.17,9.16,26.96,23.04,346.49,342.87,344.30,357.86,338.21,426.58,515.00,340.00,425.00,20.60,2.88,3.04,497656986340.00,116376088547.00,126846221867.00
[object Object],MSFT,Microsoft Corporation,NASDAQ,515.83,stock,common,100.00,1.00,false,0.00,USD,3.59,24913258.00,1.16,3830319032579.68,USD,28.74,17.95,31.55,0.73,Technology services,america,Technology Services,StrongBuy,Strong buy,3.59,3.59,5.74,44.43,42.53,6.49,1.48,74.18,803.70,530463.76,2.78,2.10,StrongBuy,Strong buy,StrongBuy,Strong buy,Buy,Buy,63.08,20.20,4.41,140.52,62.08,51.77,0.00,498.74,0.16,-0.29,227652.00,0.22,24913258.00,49.56,0.00,0.00,0.00,-4.76,28.74,0.88,11.17,8.66,20.99,57.31,49.96,3882289032579.68,11.70,25.01,19.54,499.83,496.23,475.80,438.83,432.06,571.36,700.00,400.00,572.50,19.73,4.24,4.71,390596458299.00,87619545211.00,90585590186.00
[object Object],AMZN,"Amazon.com, Inc.",NASDAQ,250.06,stock,common,100.00,1.00,false,0.00,USD,0.27,18903088.00,0.50,2697225844959.74,USD,20.11,12.43,89.73,0.00,Retail trade,america,Retail Trade,StrongBuy,Strong buy,0.27,-1.13,-4.29,10.06,21.12,8.09,13.63,48.34,523.75,205079.12,2.07,1.92,Sell,Sell,StrongSell,Strong sell,Sell,Sell,44.99,-6.72,-6.03,-91.58,32.56,44.23,0.00,248.36,-0.41,0.45,449118.00,-0.33,18903088.00,-42.79,0.00,0.00,0.00,10.85,20.11,0.22,3.51,4.89,16.89,0.00,22.12,2815949844959.74,3.63,28.62,16.22,251.50,256.47,256.18,254.42,240.85,330.94,405.00,230.00,330.00,12.77,1.82,1.96,828589236957.00,197034781840.00,202117916174.00
[object Object],TSM,"Taiwan Semiconductor Manufacturing Co., Ltd. Sponsored ADR",NYSE,450.88,dr,0.00,100.00,1.00,false,0.00,USD,-0.06,3627933.00,0.33,2014628059013.82,USD,32.54,13.86,57.78,0.61,Electronic technology,america,Electronic Technology,StrongBuy,Strong buy,-0.06,5.09,7.75,6.09,38.80,44.52,65.08,289.70,1401.93,8541.24,2.10,1.98,Buy,Buy,StrongBuy,Strong buy,Sell,Sell,62.35,17.64,20.71,132.78,90.65,92.69,0.00,451.75,0.13,0.30,134945.00,0.28,3627933.00,-53.01,0.00,0.00,0.00,84.99,32.54,0.56,16.38,11.58,26.50,58.60,21.17,1939042657290.47,13.58,24.31,19.02,436.01,426.48,420.18,422.89,383.17,543.66,650.00,440.00,535.00,16.79,3.81,4.39,169256587550.00,39834731029.00,45258312769.00
[object Object],SPCX,Space Exploration Technologies Corp,NASDAQ,148.43,stock,common,100.00,1.00,false,0.00,USD,0.27,35548947.00,0.35,2014285941839.90,USD,0.00,0.00,0.00,0.00,Communications,america,Communications,Buy,Buy,0.27,-4.00,8.33,-1.47,-1.06,-1.06,-1.06,-1.06,-1.06,-1.05,3.24,4.11,Neutral,Neutral,Buy,Buy,Neutral,Neutral,52.59,-2.80,6.43,-6.35,37.63,51.85,doji,148.36,0.22,0.45,1375672.00,0.24,35548947.00,-51.12,0.00,0.00,0.00,0.00,0.00,0.00,0.00,15.37,0.00,0.00,19.51,1953774941839.90,0.00,0.00,0.00,150.14,145.38,135.92,0.00,0.00,222.94,800.00,75.00,212.00,0.00,-0.23,0.14,0.00,6826708501.00,12855870565.00
[object Object],META,Meta Platforms Inc Class A,NASDAQ,750.77,stock,common,100.00,1.00,false,0.00,USD,-3.45,16511900.00,0.64,1912591246254.27,USD,28.28,26.55,-3.86,0.27,Technology services,america,Technology Services,StrongBuy,Strong buy,-3.45,9.03,27.18,38.18,39.01,13.29,-0.36,114.63,488.33,1685.42,5.17,3.56,Buy,Buy,StrongBuy,Strong buy,Sell,Sell,71.05,102.74,122.16,129.34,89.74,90.47,0.00,769.77,-1.01,0.00,421194.00,-1.12,16511900.00,-52.56,0.00,0.00,0.00,-13.26,28.28,0.00,8.74,7.32,14.78,47.01,21.18,1933947246254.27,8.47,22.25,17.64,710.75,627.90,615.73,609.72,626.47,788.79,1000.00,580.00,780.00,31.23,7.19,6.77,254169861604.00,60223636026.00,63275938794.00
[object Object],AVGO,Broadcom Inc.,NASDAQ,353.08,stock,common,100.00,1.00,false,0.00,USD,0.78,9200345.00,0.35,1685473168554.38,USD,45.07,7.83,100.12,0.72,Electronic technology,america,Electronic Technology,StrongBuy,Strong buy,0.78,0.28,-1.13,-4.69,14.99,0.09,6.03,606.48,2038.58,21298.79,2.05,2.36,Sell,Sell,StrongSell,Strong sell,Buy,Buy,43.90,-8.91,-13.22,-48.50,46.08,56.69,0.00,352.62,0.65,1.29,226941.00,0.65,9200345.00,-56.04,0.00,0.00,0.00,4.80,45.07,0.45,19.22,16.91,42.44,43.79,71.97,1720917168554.38,19.31,39.76,33.07,351.40,362.13,376.63,390.35,368.35,533.94,715.00,350.00,527.50,11.67,3.22,3.83,105984309477.00,29240913570.00,34875559602.00
[object Object],TSLA,"Tesla, Inc.",NASDAQ,372.74,stock,common,100.00,1.00,false,0.00,USD,-1.38,33763771.00,0.99,1472154384699.74,USD,346.32,1.08,-37.67,0.00,Consumer durables,america,Consumer Durables,Buy,Buy,-1.38,1.02,7.96,0.70,0.83,-18.58,-14.36,44.64,2607.67,29326.88,2.73,3.17,Buy,Buy,Buy,Buy,Neutral,Neutral,55.71,7.31,21.60,88.44,71.23,77.33,engulfing_bearish,384.43,1.72,0.69,1042159.00,1.77,33763771.00,29.04,0.00,0.00,0.00,1.55,346.32,0.00,12.91,16.95,70.62,229.00,29.98,1444875384699.74,13.94,302.78,128.44,368.91,359.72,348.26,379.12,395.63,377.09,525.00,24.86,406.50,1.71,0.53,0.46,106302476394.00,26423384494.00,27573283001.00
[object Object],MU,"Micron Technology, Inc.",NASDAQ,1082.48,stock,common,100.00,1.00,false,0.00,USD,0.18,13927867.00,0.56,1222539905645.03,USD,24.51,44.17,697.29,0.05,Electronic technology,america,Electronic Technology,StrongBuy,Strong buy,0.18,9.93,16.93,-4.97,200.80,266.79,587.77,1369.76,6139.05,76535.41,4.11,3.92,Buy,Buy,StrongBuy,Strong buy,Neutral,Neutral,63.22,107.22,101.95,135.80,86.13,88.79,0.00,1095.60,1.39,1.06,466035.00,1.42,13927867.00,-36.89,0.00,0.00,0.00,529.95,24.51,0.04,13.71,12.13,24.10,47.36,47.58,1202866905645.03,13.32,20.27,17.60,1014.65,980.09,941.62,935.57,661.10,1575.88,2200.00,361.00,1600.00,73.72,20.86,31.52,130045894145.00,35911904101.00,50967247940.00
[object Object],LLY,Eli Lilly and Company,NYSE,1172.81,stock,common,100.00,1.00,false,0.00,USD,-0.77,914191.00,0.39,1104034205900.82,USD,39.85,29.43,95.14,0.57,Health technology,america,Health Technology,Buy,Buy,-0.77,1.98,-4.96,3.90,30.89,8.96,58.99,409.98,1347.92,41657.95,3.43,2.30,Buy,Buy,StrongBuy,Strong buy,Sell,Sell,52.60,57.11,-14.70,107.51,67.16,67.08,0.00,1185.02,0.26,0.15,2675.00,0.29,914191.00,-62.20,0.00,0.00,0.00,52.49,39.85,0.42,13.26,32.59,37.32,57.62,117.11,1149992205900.82,14.44,29.04,27.57,1155.83,1174.03,1177.20,1141.41,1070.04,1359.46,1680.00,930.00,1400.00,36.57,6.40,9.90,88510577401.00,20822836356.00,22288062971.00
[object Object],AMD,"Advanced Micro Devices, Inc.",NASDAQ,629.03,stock,common,100.00,1.00,false,0.00,USD,-0.04,12330695.00,0.48,1026875913076.29,USD,161.43,3.90,124.28,0.00,Electronic technology,america,Electronic Technology,StrongBuy,Strong buy,-0.04,14.92,32.41,21.02,211.76,187.36,300.31,498.71,9518.20,137140.93,3.81,3.58,Buy,Buy,StrongBuy,Strong buy,Sell,Sell,72.75,112.90,109.44,139.27,95.78,97.12,0.00,634.97,0.91,2.14,479272.00,0.84,12330695.00,-51.30,0.00,0.00,0.00,257.80,161.43,1.30,25.27,15.27,103.53,124.19,79.53,1018029913076.29,24.65,156.89,106.98,572.72,512.26,504.68,500.48,364.75,635.54,1250.00,465.00,620.00,7.63,1.62,1.93,50927902959.00,11309653407.00,12984082298.00
[object Object],BRK.B,Berkshire Hathaway Inc. Class B,NYSE,504.86,stock,common,100.00,1.00,false,0.00,USD,-0.06,1381369.00,0.26,972543169694.07,USD,12.69,39.77,36.30,0.00,Finance,america,Finance,Neutral,Neutral,-0.06,-0.45,-0.21,2.98,6.47,0.78,1.76,80.46,249.34,2076.12,1.19,1.15,Sell,Sell,Sell,Sell,Neutral,Neutral,47.31,-5.51,-1.73,-68.89,21.86,19.01,0.00,505.30,0.02,0.26,13351.00,0.01,1381369.00,-48.95,0.00,0.00,0.00,-7.81,12.69,0.35,2.83,1.45,23.33,44.92,2.98,738666169694.07,1.92,11.82,9.65,509.32,505.62,506.28,496.68,492.65,541.08,604.00,490.25,529.00,22.18,5.04,5.60,403512500000.00,96522968300.00,100929913950.00
[object Object],JPM,JPMorgan Chase & Co.,NYSE,341.51,stock,common,100.00,1.00,false,0.00,USD,0.87,3095111.00,0.33,907810480627.68,USD,14.63,23.34,19.77,1.77,Finance,america,Finance,Buy,Buy,0.87,-1.83,-4.20,1.64,18.11,5.90,8.72,106.98,412.79,3473.94,1.90,1.87,Neutral,Neutral,Sell,Sell,Buy,Buy,39.54,-14.72,-11.57,-129.56,13.06,13.53,spinning_top_white,341.00,0.72,0.25,19412.00,0.65,3095111.00,-55.41,0.00,0.00,0.00,7.38,14.63,0.73,4.58,2.57,5.98,5.98,0.00,2158449480627.68,7.26,0.00,0.00,346.02,353.16,353.31,335.45,321.25,376.87,436.00,305.00,375.00,24.77,5.59,5.85,207654835448.00,50720644720.00,50775729717.00
[object Object],WMT,Walmart Inc.,NASDAQ,107.84,stock,common,100.00,1.00,false,0.00,USD,0.23,9280778.00,0.40,855575149627.93,USD,39.07,2.76,4.13,0.91,Retail trade,america,Retail Trade,StrongBuy,Strong buy,0.23,1.51,2.21,-8.06,-11.63,-3.22,4.48,126.44,347.41,613394.14,2.07,1.66,Sell,Sell,StrongSell,Strong sell,Neutral,Neutral,48.92,0.69,0.21,16.41,57.55,71.30,0.00,106.68,-0.85,-0.08,84641.00,-0.47,9280778.00,-64.54,0.00,0.00,0.00,3.79,39.07,9.44,1.17,8.72,20.04,63.69,74.62,924362149627.93,1.26,28.64,19.51,108.17,107.58,109.38,114.68,118.57,129.07,155.00,110.00,130.00,2.89,0.74,0.64,752580359804.00,186641139353.00,187317652799.00
[object Object],V,Visa Inc. Class A,NYSE,367.43,stock,common,100.00,1.00,false,0.00,USD,-0.15,2089550.00,0.29,685999896177.10,USD,31.53,11.65,15.03,0.73,Finance,america,Finance,StrongBuy,Strong buy,-0.15,-0.31,-4.35,10.59,20.74,5.02,8.59,58.56,347.26,2370.08,1.89,1.42,Sell,Sell,Sell,Sell,Neutral,Neutral,47.98,-3.02,-4.70,-74.47,32.60,22.88,0.00,367.00,-0.27,-0.19,2379.00,-0.53,2089550.00,-52.70,0.00,0.00,0.00,4.48,31.53,2.10,15.70,19.80,30.88,33.19,43.88,694480896177.10,15.61,23.28,22.28,368.90,371.61,368.00,350.19,336.86,423.54,466.00,370.00,425.00,13.23,3.23,3.44,45854091712.00,11400783120.00,12077370802.00
[object Object],XOM,Exxonmobil Holdings Corporation,NYSE,160.18,stock,common,100.00,1.00,false,0.00,USD,-1.21,4739407.00,0.31,658646079199.97,USD,20.61,7.77,10.17,2.54,Energy minerals,america,Energy Minerals,Buy,Buy,-1.21,-1.43,1.38,16.95,-3.26,33.38,39.72,182.50,93.73,10050.02,2.09,1.99,Neutral,Neutral,Neutral,Neutral,Sell,Sell,48.02,-5.81,-1.66,-55.18,38.68,31.58,long_upper_shadow_bearish,160.45,-1.04,-1.20,16426.00,-1.18,4739407.00,-62.04,0.00,0.00,0.00,39.81,20.61,2.05,1.86,2.54,11.19,21.88,63.15,697157079199.97,1.92,16.97,9.86,162.51,162.39,159.42,152.78,147.99,172.39,200.00,142.00,172.00,11.99,3.56,3.62,413749200048.00,109936966477.00,109369826561.00
[object Object],INTC,Intel Corporation,NASDAQ,124.16,stock,common,100.00,1.00,false,0.00,USD,-2.54,60038371.00,0.49,656322851855.73,USD,0.00,-2.12,55.49,0.00,Electronic technology,america,Electronic Technology,Buy,Buy,-2.54,13.08,43.03,-3.53,184.64,228.73,292.79,130.18,236.29,307760.15,5.16,4.64,Buy,Buy,StrongBuy,Strong buy,Sell,Sell,68.41,21.22,21.93,132.23,94.72,95.59,harami_bearish,126.83,-0.44,1.70,3408139.00,-0.44,60038371.00,-49.67,0.00,0.00,0.00,315.55,0.00,0.00,11.40,7.15,42.43,1842.19,21.20,692563851855.73,12.14,151.28,40.84,113.26,100.83,99.08,108.30,79.21,119.90,200.00,75.00,117.00,1.54,0.22,0.39,63078004619.00,14434847186.00,16402721221.00
[object Object],ASML,ASML Holding NV Sponsored ADR,NASDAQ,1738.53,dr,0.00,100.00,1.00,false,0.00,USD,0.93,527427.00,0.36,653238102227.10,USD,54.12,32.12,23.10,0.45,Electronic technology,america,Electronic Technology,StrongBuy,Strong buy,0.93,6.66,-0.45,-2.42,31.86,53.34,85.30,106.16,1502.48,63363.48,2.47,2.34,Buy,Buy,StrongBuy,Strong buy,Neutral,Neutral,54.06,40.23,-4.68,89.96,74.77,75.16,0.00,1742.10,1.14,1.05,31640.00,1.09,527427.00,-58.29,0.00,0.00,0.00,75.51,54.12,2.32,16.09,26.85,51.36,59.08,77.20,646838937797.10,15.70,44.33,40.94,1674.33,1716.17,1717.46,1714.93,1524.90,2345.02,2859.00,1628.31,2392.50,43.97,7.92,11.81,50039214906.00,10239884383.00,13055196810.00
[object Object],ASML,ASML Holding NV,EURONEXT,1522.60,stock,common,10.00,2.00,false,0.00,EUR,1.29,348654.00,0.54,653238102227.10,USD,55.27,31.46,14.70,0.52,Electronic technology,netherlands,Electronic Technology,StrongBuy,Strong buy,1.29,5.74,1.76,-3.28,31.60,65.61,88.49,102.99,1469.69,5851.28,2.25,2.83,Buy,Buy,StrongBuy,Strong buy,Neutral,Neutral,56.88,44.20,10.69,123.53,84.53,81.54,"rising_window_bullish,long_upper_shadow_bearish",0.00,0.00,0.00,0.00,1.52,348654.00,-17.50,1522.60,0.00,112390.00,79.51,55.27,3.71,16.38,26.89,51.02,58.36,77.30,646870561412.10,16.03,45.26,41.80,1455.72,1480.03,1489.52,1496.12,1324.79,2392.57,2899.00,1497.04,2435.16,44.96,7.87,11.75,51113504810.18,10149779740.40,12967628330.89
[object Object],JNJ,Johnson & Johnson,NYSE,269.92,stock,common,100.00,1.00,false,0.00,USD,-0.28,1623116.00,0.25,650467719157.20,USD,31.28,8.63,-7.72,1.95,Health technology,america,Health Technology,Buy,Buy,-0.28,0.17,-0.76,8.72,11.91,30.51,52.32,63.83,126.04,121361.87,1.88,1.76,Buy,Buy,StrongBuy,Strong buy,Neutral,Neutral,54.13,4.34,1.89,20.85,56.17,49.64,0.00,271.79,0.41,0.01,1762.00,0.38,1623116.00,-74.33,0.00,0.00,0.00,53.34,31.28,0.00,6.74,7.65,23.86,29.61,31.73,678745719157.20,6.93,25.68,19.86,268.94,269.28,264.94,251.53,240.32,282.10,320.00,210.00,282.00,11.53,2.85,2.85,101275319014.00,25062319857.00,25350904677.00
[object Object],MA,Mastercard Incorporated Class A,NYSE,567.35,stock,common,100.00,1.00,false,0.00,USD,0.22,909128.00,0.32,497004252379.72,USD,31.21,18.18,22.62,0.60,Finance,america,Finance,StrongBuy,Strong buy,0.22,0.42,-5.34,16.12,13.59,-0.59,0.42,58.90,462.74,13978.16,1.85,1.43,Neutral,Neutral,Buy,Buy,Neutral,Neutral,48.37,-1.84,-10.94,-54.39,37.86,24.61,long_lower_shadow_bullish,566.00,-0.01,0.07,246.00,0.18,909128.00,-58.02,0.00,0.00,0.00,-6.26,31.21,1.38,14.23,88.78,29.08,30.38,41.41,509545252379.72,14.50,24.50,23.17,566.33,575.95,568.82,535.51,532.14,671.64,740.00,620.00,669.00,19.96,4.77,5.16,37263471500.00,9075236719.00,9645052315.00
[object Object],ABBV,"AbbVie, Inc.",NYSE,264.16,stock,common,100.00,1.00,false,0.00,USD,-0.36,833329.00,0.20,466801699899.06,USD,74.69,3.54,68.31,2.58,Health technology,america,Health Technology,Buy,Buy,-0.36,0.33,-0.17,7.71,24.95,15.48,20.02,146.58,309.42,613.95,1.80,1.89,Buy,Buy,StrongBuy,Strong buy,Neutral,Neutral,58.12,7.04,6.37,71.26,79.65,83.91,0.00,265.20,0.03,-0.37,1519.00,0.14,833329.00,-75.90,0.00,0.00,0.00,18.69,74.69,1.10,7.29,0.00,23.98,25.69,71.22,531101699899.06,8.25,24.13,17.75,263.93,260.14,257.04,242.09,230.56,279.73,315.00,230.00,283.50,14.05,3.61,3.86,67609969958.00,16804130773.00,17312383572.00
[object Object],PLTR,Palantir Technologies Inc. Class A,NASDAQ,192.00,stock,common,100.00,1.00,false,0.00,USD,-0.31,9641123.00,0.37,461387182093.36,USD,163.61,1.17,290.00,0.00,Technology services,america,Technology Services,Buy,Buy,-0.31,8.36,12.54,76.08,31.62,5.90,9.22,579.17,1820.00,1820.00,3.41,3.73,Buy,Buy,StrongBuy,Strong buy,Sell,Sell,66.59,24.77,10.22,134.35,92.44,92.57,spinning_top_black,192.60,0.01,-0.21,159924.00,0.06,9641123.00,-57.48,0.00,0.00,0.00,-1.34,163.61,0.57,80.36,47.20,145.04,146.86,52.36,452290434093.36,73.47,171.67,169.87,181.86,177.66,163.97,148.26,152.04,203.70,255.00,80.00,210.00,1.59,0.34,0.41,8190820548.00,1812279528.00,2166910581.00
[object Object],CSCO,"Cisco Systems, Inc.",NASDAQ,107.41,stock,common,100.00,1.00,false,0.00,USD,0.41,4300365.00,0.20,423453526114.99,USD,32.26,3.33,27.48,1.55,Electronic technology,america,Electronic Technology,Buy,Buy,0.41,-2.67,-3.68,-8.34,31.02,40.13,59.54,90.23,245.35,138921.20,2.54,2.11,Sell,Sell,StrongSell,Strong sell,Sell,Sell,43.40,-4.72,-3.68,-93.23,31.47,34.53,0.00,106.76,-0.20,-0.11,29514.00,0.02,4300365.00,-86.71,0.00,0.00,0.00,60.12,32.26,1.17,6.73,8.43,30.18,33.52,26.87,438711526114.99,6.93,27.54,23.75,108.63,109.84,112.46,114.03,96.99,139.73,170.00,115.00,137.00,5.10,1.17,1.32,72918410962.00,16836303500.00,18108761802.00
[object Object],ORCL,Oracle Corporation,NYSE,138.09,stock,common,100.00,1.00,false,0.00,USD,-1.04,13174095.00,0.34,417532577067.49,USD,21.65,6.38,47.65,1.43,Technology services,america,Technology Services,Buy,Buy,-1.04,-8.23,-6.06,-8.10,-2.02,-30.07,-53.23,53.80,254.06,218136.85,3.40,4.22,Sell,Sell,StrongSell,Strong sell,Neutral,Neutral,41.35,-12.19,-4.36,-120.09,15.40,21.34,0.00,138.70,-0.60,0.62,729210.00,-0.70,13174095.00,-76.74,0.00,0.00,0.00,-49.28,21.65,0.46,5.83,6.75,8.83,0.00,11.17,554976577067.49,7.73,22.58,15.65,144.64,147.80,142.26,161.05,164.54,244.47,400.00,110.00,240.00,8.14,1.74,1.89,90437499649.00,19134971114.00,21317435563.00
[object Object],COST,Costco Wholesale Corporation,NASDAQ,917.79,stock,common,100.00,1.00,false,0.00,USD,2.38,2934849.00,1.23,407020418075.37,USD,44.20,20.76,14.03,0.62,Retail trade,america,Retail Trade,Buy,Buy,2.38,2.84,-4.45,-3.72,-6.54,6.58,-3.64,97.14,503.49,36307.96,1.95,1.47,Neutral,Neutral,Sell,Sell,Buy,Buy,50.16,13.02,-29.57,-20.94,52.48,37.74,0.00,887.11,-1.05,0.00,50288.00,-1.06,2934849.00,1.44,0.00,0.00,0.00,-5.87,44.20,3.08,1.31,11.36,25.77,43.43,19.15,394295418075.37,1.30,33.74,27.46,902.01,925.85,934.35,956.65,960.39,1081.61,1315.00,781.00,1097.50,22.79,6.54,4.90,327976356959.00,94966661162.00,74172617115.00
[object Object],CVX,Chevron Corporation,NYSE,203.83,stock,common,100.00,1.00,false,0.00,USD,-0.88,3636116.00,0.29,402721439944.50,USD,19.54,10.43,34.63,3.43,Energy minerals,america,Energy Minerals,Buy,Buy,-0.88,-3.44,2.57,18.34,-2.08,33.95,27.84,104.55,105.18,6183.20,1.88,1.86,Sell,Sell,Neutral,Neutral,Sell,Sell,46.83,-10.23,-0.76,-90.94,24.80,19.90,long_upper_shadow_bearish,204.18,-0.71,-0.90,19761.00,-0.90,3636116.00,-61.27,0.00,0.00,0.00,29.43,19.54,0.57,1.92,2.12,8.88,14.77,45.93,436705439944.50,2.07,15.50,8.39,208.36,207.10,201.07,191.52,185.24,224.33,250.00,175.00,227.00,16.35,5.55,4.65,237662217975.00,62720794781.00,58347785176.00
[object Object],BAC,Bank of America Corp,NYSE,56.50,stock,common,100.00,1.00,false,0.00,USD,0.84,13757769.00,0.31,395090283628.92,USD,13.00,4.35,27.25,2.00,Finance,america,Finance,StrongBuy,Strong buy,0.84,-1.77,-9.44,-3.48,17.54,2.67,9.75,32.38,266.88,1717.09,1.83,2.07,Neutral,Neutral,StrongSell,Strong sell,Buy,Buy,29.31,-6.19,-4.71,-103.14,5.46,4.64,0.00,56.43,0.71,0.12,63198.00,0.50,13757769.00,-66.44,0.00,0.00,0.00,4.31,13.00,0.47,3.38,1.44,5.02,5.02,0.00,1135972283628.92,5.82,0.00,0.00,57.55,60.93,61.54,58.25,55.30,68.23,76.00,61.00,68.00,4.61,1.13,1.15,123799962850.00,30776101012.00,31055171304.00
[object Object],LRCX,Lam Research Corporation,NASDAQ,313.37,stock,common,100.00,1.00,false,0.00,USD,2.02,3228187.00,0.30,392126480522.62,USD,54.37,5.76,38.61,0.34,Producer manufacturing,america,Producer Manufacturing,StrongBuy,Strong buy,2.02,14.20,-0.39,-18.71,49.46,76.20,147.84,419.70,3324.43,140917.21,3.95,3.88,Buy,Buy,StrongBuy,Strong buy,Neutral,Neutral,55.46,15.15,-1.11,86.95,77.23,75.34,rising_window_bullish,308.73,0.51,1.79,60419.00,0.66,3228187.00,-59.16,0.00,0.00,0.00,125.25,54.37,1.38,16.61,31.44,67.19,80.47,70.55,390668874522.62,16.82,47.64,45.21,291.21,303.96,304.55,320.02,270.92,382.58,500.00,300.00,382.50,9.47,1.69,2.18,34850655603.00,6664835041.00,8132747773.00
[object Object],AMAT,"Applied Materials, Inc.",NASDAQ,482.76,stock,common,100.00,1.00,false,0.00,USD,1.79,2357989.00,0.34,383117086670.05,USD,41.63,11.60,38.27,0.42,Producer manufacturing,america,Producer Manufacturing,StrongBuy,Strong buy,1.79,14.48,0.63,-24.89,42.98,80.75,142.54,245.82,1537.03,872268.49,3.21,3.21,Buy,Buy,StrongBuy,Strong buy,Neutral,Neutral,55.08,26.27,-6.25,123.64,97.52,96.57,0.00,481.10,1.44,1.05,44802.00,0.98,2357989.00,-43.39,0.00,0.00,0.00,132.97,41.63,1.07,12.30,14.95,46.00,68.68,41.83,381230086670.05,12.36,39.77,37.69,449.08,466.73,490.20,506.72,421.41,670.33,900.00,515.00,670.00,12.81,3.40,4.06,34342259686.00,8994977809.00,10307481959.00
[object Object],KO,Coca-Cola Company,NYSE,88.00,stock,common,100.00,1.00,false,0.00,USD,-0.11,4766071.00,0.30,378624290317.64,USD,26.51,3.32,17.60,2.36,Consumer non-durables,america,Consumer Non-Durables,Buy,Buy,-0.11,0.23,-4.57,8.70,17.62,25.98,31.84,63.42,106.04,33861.77,1.44,1.28,Sell,Sell,Sell,Sell,Sell,Sell,49.40,-0.29,-0.46,-73.73,29.12,29.94,0.00,88.25,0.17,0.19,43868.00,0.07,4766071.00,-63.81,0.00,0.00,0.00,32.81,26.51,1.51,7.51,10.47,23.23,26.55,23.18,407961290317.64,8.07,25.27,23.75,88.22,88.80,87.49,84.24,79.61,96.24,104.00,85.00,96.00,3.31,0.93,0.88,49722162392.00,13170956898.00,12888215509.00
[object Object],CAT,Caterpillar Inc.,NYSE,815.01,stock,common,100.00,1.00,false,0.00,USD,1.21,900375.00,0.36,374641910686.78,USD,35.06,23.25,18.22,0.76,Producer manufacturing,america,Producer Manufacturing,Buy,Buy,1.21,1.78,-0.15,-21.01,17.36,41.11,75.38,316.57,875.95,50706.12,1.98,2.17,Buy,Buy,Buy,Buy,Neutral,Neutral,50.19,-3.56,-7.50,78.51,65.76,65.51,spinning_top_black,817.00,1.46,0.64,8683.00,1.38,900375.00,-59.04,0.00,0.00,0.00,70.14,35.06,1.90,4.98,19.32,27.78,41.91,56.15,413073910686.78,5.53,30.17,25.70,801.46,811.97,829.10,879.30,789.53,991.21,1225.00,575.00,985.00,27.25,6.22,6.93,79528857027.00,19335236841.00,20486013858.00
[object Object],MRK,"Merck & Co., Inc.",NYSE,148.26,stock,common,100.00,1.00,false,0.00,USD,0.19,3184092.00,0.28,365782855430.70,USD,118.50,1.25,-80.71,2.27,Health technology,america,Health Technology,Buy,Buy,0.19,0.80,-3.95,17.83,24.29,40.49,85.84,101.47,147.31,37609.36,2.94,2.09,Buy,Buy,StrongBuy,Strong buy,Neutral,Neutral,55.83,4.33,3.70,23.72,51.44,58.69,0.00,148.37,0.26,-0.01,9413.00,0.05,3184092.00,-69.12,0.00,0.00,0.00,77.98,118.50,0.00,5.51,8.73,18.34,22.80,50.99,412557855430.70,6.22,33.09,21.70,147.23,147.59,140.37,129.80,121.67,153.76,186.00,105.00,155.00,2.74,-0.27,2.21,67142441324.00,16368922837.00,17306961282.00
[object Object],DELL,"Dell Technologies, Inc. Class C",NYSE,570.67,stock,common,100.00,1.00,false,0.00,USD,6.46,6312541.00,0.62,362839280411.85,USD,33.13,17.23,153.32,0.43,Electronic technology,america,Electronic Technology,Buy,Buy,6.46,-3.79,26.93,44.02,225.86,344.45,341.10,997.64,4161.18,4574.56,4.85,5.90,Buy,Buy,StrongBuy,Strong buy,Neutral,Neutral,59.85,3.38,56.86,63.75,55.52,61.47,0.00,547.07,2.06,1.79,73126.00,1.92,6312541.00,-20.73,0.00,0.00,0.00,306.81,33.13,0.20,2.31,0.00,30.62,43.47,31.70,386373280411.85,2.56,25.84,21.47,557.83,505.53,475.88,418.82,282.95,593.12,735.00,500.00,600.00,25.89,4.91,6.56,194583649705.00,44890631026.00,49236292865.00
[object Object],ROP,Roche Holding Ltd,SIX,360.30,stock,common,10.00,1.00,false,0.00,CHF,-0.85,677622.00,0.60,350883325757.94,USD,23.51,18.96,30.49,2.70,Health technology,switzerland,Health Technology,Buy,Buy,-0.85,0.47,-3.66,8.46,15.81,9.85,38.84,5.68,47.42,180.39,1.90,2.05,Buy,Buy,StrongBuy,Strong buy,Neutral,Neutral,51.86,16.10,2.61,64.88,76.49,82.14,0.00,0.00,0.00,0.00,0.00,-0.03,677622.00,18.38,360.30,0.00,271633.00,34.12,23.51,0.78,4.81,8.78,15.80,19.70,29.87,382399658957.94,5.07,16.55,14.01,361.83,359.66,358.49,342.95,338.42,458.77,526.48,278.69,484.68,25.80,12.51,11.51,79844970573.18,37648198160.72,39092069037.96
[object Object],HSBA,HSBC Holdings Plc,LSE,1512.20,stock,common,10.00,2.00,false,0.00,GBX,0.83,10155961.00,0.46,339622283238.42,USD,14.53,1.38,35.01,3.75,Finance,uk,Finance,Neutral,Neutral,0.83,-2.46,-0.80,5.97,26.00,27.55,47.68,296.69,160.72,531.01,1.37,1.73,Sell,Sell,Sell,Sell,Sell,Sell,46.88,-40.40,-9.38,-81.08,13.56,15.35,0.00,0.00,0.00,0.00,0.00,1.04,10155961.00,-35.03,1512.20,0.00,4537594.00,46.00,14.53,0.41,4.59,1.99,0.00,0.00,0.00,679906309609.77,5.06,0.00,0.00,1516.82,1528.91,1532.76,1465.31,1359.91,20.84,25.60,15.06,20.96,1.73,0.44,0.44,76128472251.96,18659357176.00,19136544047.00
[object Object],UNH,UnitedHealth Group Incorporated,NYSE,377.62,stock,common,100.00,1.00,false,0.00,USD,0.70,2074140.00,0.39,338949775566.94,USD,24.28,15.55,-32.64,2.39,Health services,america,Health Services,Buy,Buy,0.70,0.62,-4.72,-9.26,41.17,14.12,8.23,-7.41,169.82,261172.20,1.92,2.31,Sell,Sell,Sell,Sell,Neutral,Neutral,41.09,-1.47,-16.74,-65.83,21.32,14.50,0.00,375.65,0.17,-0.02,8743.00,0.25,2074140.00,-55.42,0.00,0.00,0.00,10.94,24.28,0.00,0.75,3.47,12.66,14.49,0.00,419779775566.94,0.93,0.00,0.00,376.13,388.17,399.40,400.52,355.43,481.52,529.00,380.00,490.00,19.81,4.91,4.12,446008541184.00,110806566222.00,111311226504.00
[object Object],GE,GE Aerospace,NYSE,326.59,stock,common,100.00,1.00,false,0.00,USD,2.13,2353947.00,0.47,338857535581.02,USD,38.49,8.48,18.43,0.52,Electronic technology,america,Electronic Technology,Buy,Buy,2.13,4.13,-7.16,-11.35,15.41,5.44,9.41,411.18,127.33,8622.81,2.66,2.39,Buy,Buy,Buy,Buy,Buy,Buy,46.86,2.93,-18.64,3.38,42.46,37.67,0.00,320.06,0.09,0.67,2960.00,0.66,2353947.00,-36.86,0.00,0.00,0.00,2.11,38.49,2.04,6.61,19.21,34.89,40.73,36.59,349969535581.02,6.91,37.33,32.98,316.97,334.60,344.73,338.58,323.28,395.43,450.00,250.00,400.00,7.92,1.86,1.99,50288151279.00,11881567695.00,12814878810.00
[object Object],PG,Procter & Gamble Company,NYSE,145.74,stock,common,100.00,1.00,false,0.00,USD,0.04,2179254.00,0.27,338506253205.79,USD,22.02,6.62,1.74,2.95,Consumer non-durables,america,Consumer Non-Durables,Buy,Buy,0.04,-0.48,0.32,-3.06,2.12,1.84,-4.89,1.35,64.44,10149.85,1.18,1.34,Sell,Sell,StrongSell,Strong sell,Neutral,Neutral,49.01,0.47,1.66,-11.87,61.04,72.60,0.00,145.79,0.08,-0.05,10427.00,0.20,2179254.00,-70.67,0.00,0.00,0.00,-6.90,22.02,12.65,4.04,6.35,17.98,23.21,35.37,364575253205.79,4.19,17.56,15.24,146.69,145.42,145.96,146.25,147.53,159.67,177.00,143.00,162.00,6.98,1.41,1.88,88703871140.00,21379772305.00,22724989053.00
[object Object],ARM,ARM Holdings PLC Sponsored ADR,NASDAQ,316.06,dr,0.00,100.00,1.00,false,0.00,USD,3.17,4855995.00,0.72,327171116089.00,USD,324.23,0.97,48.44,0.00,Electronic technology,america,Electronic Technology,Buy,Buy,3.17,17.37,31.53,-5.67,108.58,180.12,123.36,463.38,463.38,463.38,6.06,5.04,Buy,Buy,StrongBuy,Strong buy,Neutral,Neutral,62.50,51.26,55.67,126.29,81.31,89.01,0.00,318.63,4.01,2.56,314299.00,3.97,4855995.00,-49.20,0.00,0.00,0.00,94.49,324.23,6.49,64.05,39.11,162.71,226.23,87.63,323768116089.00,62.79,363.78,280.56,287.64,263.35,264.43,289.74,211.86,298.26,480.00,130.00,300.00,2.23,0.40,0.47,6074509828.00,1262682669.00,1376975964.00
[object Object],PANW,"Palo Alto Networks, Inc.",NASDAQ,378.49,stock,common,100.00,1.00,false,0.00,USD,-2.93,2898274.00,0.40,309604830662.02,USD,738.52,0.51,-67.97,0.00,Technology services,america,Technology Services,Buy,Buy,-2.93,0.91,14.54,28.24,156.52,104.80,89.25,367.68,1381.85,4017.76,3.96,5.01,Buy,Buy,StrongBuy,Strong buy,Neutral,Neutral,55.90,47.84,16.02,74.06,88.54,89.99,0.00,387.29,-0.67,0.15,50640.00,-0.51,2898274.00,-27.00,0.00,0.00,0.00,113.57,738.52,0.00,27.75,11.22,67.92,75.18,100.53,309095830662.02,26.92,496.94,134.80,377.14,361.21,356.60,318.49,245.25,403.04,475.00,190.00,412.50,4.19,0.98,0.97,14171045994.00,3351708312.00,3307525759.00
[object Object],MS,Morgan Stanley,NYSE,196.28,stock,common,100.00,1.00,false,0.00,USD,-0.02,2521089.00,0.42,308270761759.29,USD,15.86,12.38,40.23,2.11,Finance,america,Finance,Buy,Buy,-0.02,-2.88,-9.55,-10.66,21.91,9.95,24.71,89.00,522.52,2786.47,2.27,2.29,Sell,Sell,StrongSell,Strong sell,Neutral,Neutral,31.72,-18.10,-11.55,-128.71,5.72,8.85,0.00,195.95,-0.19,0.35,10440.00,0.85,2521089.00,-51.51,0.00,0.00,0.00,24.64,15.86,0.39,3.94,2.89,6.72,7.19,0.00,857508761759.29,6.66,0.00,0.00,201.87,210.40,211.91,210.86,193.59,241.18,273.00,195.00,245.00,12.88,2.93,3.10,81766418488.00,19674830362.00,20239447007.00
[object Object],NFLX,"Netflix, Inc.",NASDAQ,71.19,stock,common,100.00,1.00,false,0.00,USD,-0.75,11413690.00,0.30,296410069774.43,USD,22.43,3.17,35.27,0.00,Technology services,america,Technology Services,Buy,Buy,-0.75,-0.12,-13.24,-0.70,-24.73,-24.38,-40.83,21.07,646.33,61455.98,2.03,2.44,Sell,Sell,StrongSell,Strong sell,Neutral,Neutral,37.15,-6.22,-5.41,-114.48,10.64,13.08,0.00,71.59,-0.18,-0.45,160327.00,-0.13,11413690.00,-59.56,0.00,0.00,0.00,-42.66,22.43,0.64,6.27,9.83,25.34,27.20,33.22,303918475774.43,6.23,20.60,9.37,74.15,77.68,75.54,78.24,84.71,93.57,135.00,57.00,92.50,3.60,0.79,0.82,51211553604.00,12581163486.00,12872611299.00
[object Object],PM,Philip Morris International Inc.,NYSE,189.48,stock,common,100.00,1.00,false,0.00,USD,-1.05,1153243.00,0.23,295326090790.71,USD,27.24,6.96,32.01,3.07,Consumer non-durables,america,Consumer Non-Durables,Buy,Buy,-1.05,0.79,-2.83,5.31,16.42,18.23,15.23,86.46,88.67,278.96,2.09,2.14,Neutral,Neutral,Buy,Buy,Neutral,Neutral,49.84,-1.58,0.44,-3.28,66.28,64.34,0.00,190.89,-0.32,-0.30,300.00,-0.50,1153243.00,-63.40,0.00,0.00,0.00,15.90,27.24,0.86,7.04,0.00,20.72,23.23,48.96,340328090790.71,8.02,21.48,19.02,190.93,189.52,190.06,185.58,176.94,209.77,230.00,175.00,215.00,8.39,2.05,2.30,43514524716.00,10601737596.00,11305467012.00
[object Object],HD,"Home Depot, Inc.",NYSE,294.25,stock,common,100.00,1.00,false,0.00,USD,0.71,3298482.00,0.65,293575156550.29,USD,20.59,14.29,-2.93,3.17,Retail trade,america,Retail Trade,Buy,Buy,0.71,-1.48,-13.31,-15.42,-10.15,-14.32,-27.64,-12.65,131.51,837803.64,2.29,1.84,Sell,Sell,StrongSell,Strong sell,Neutral,Neutral,32.36,-14.49,-24.38,-120.70,6.37,12.55,0.00,292.55,0.13,0.19,14906.00,0.17,3298482.00,-53.27,0.00,0.00,0.00,-27.67,20.59,0.00,1.72,17.67,15.61,19.41,140.56,354057156550.29,2.09,16.84,13.98,300.70,318.28,327.24,326.41,340.77,379.07,425.00,318.00,380.00,15.01,4.73,3.84,171584336715.00,47243150569.00,42795881029.00
[object Object],SHELL,Shell Plc,EURONEXT,42.06,stock,common,1000.00,5.00,false,0.00,EUR,-0.87,3635680.00,0.70,274764618036.57,USD,10.74,4.47,96.44,3.10,Energy minerals,netherlands,Energy Minerals,Buy,Buy,-0.87,1.43,7.09,24.25,5.18,33.67,36.78,135.56,82.79,746.28,1.80,1.71,Buy,Buy,StrongBuy,Strong buy,Neutral,Neutral,61.56,0.65,1.08,90.81,72.74,61.79,spinning_top_white,0.00,0.00,0.00,0.00,-1.04,3635680.00,-5.44,42.06,0.00,1119172.00,35.95,10.74,0.11,0.93,1.48,5.89,9.47,8.64,317247075770.57,1.08,7.93,5.07,41.73,40.60,39.87,37.97,36.50,51.39,63.40,42.97,51.02,5.92,1.53,1.51,339703004644.34,91889190349.00,83533564709.00
[object Object],GS,"Goldman Sachs Group, Inc.",NYSE,928.49,stock,common,100.00,1.00,false,0.00,USD,0.56,908714.00,0.36,270349160412.77,USD,14.33,64.79,42.77,1.84,Finance,america,Finance,Neutral,Neutral,0.56,-2.16,-12.49,-11.97,14.11,5.03,18.13,134.12,466.74,1121.69,2.29,2.46,Sell,Sell,StrongSell,Strong sell,Sell,Sell,33.99,-100.69,-69.82,-109.87,9.71,15.02,long_lower_shadow_bullish,923.91,0.07,0.03,11977.00,0.46,908714.00,-61.41,0.00,0.00,0.00,12.55,14.33,0.33,4.18,2.47,2.42,2.46,0.00,1074663160412.77,7.89,0.00,0.00,949.36,1004.06,1020.57,1023.10,959.29,1156.43,1300.00,955.00,1150.00,69.45,14.54,15.44,71225896637.00,16224979901.00,17320360169.00
[object Object],ANET,Arista Networks Inc,NYSE,208.88,stock,common,100.00,1.00,false,0.00,USD,1.54,2370106.00,0.43,263438286374.35,USD,65.85,3.17,24.73,0.00,Electronic technology,america,Electronic Technology,StrongBuy,Strong buy,1.54,3.22,9.41,30.60,72.14,55.82,47.42,832.22,3836.40,5948.87,2.99,3.25,Buy,Buy,StrongBuy,Strong buy,Sell,Sell,61.83,9.28,8.62,164.16,86.21,87.41,"doji_star_bearish,doji",208.22,1.23,1.12,28290.00,1.53,2370106.00,-33.41,0.00,0.00,0.00,33.74,65.85,2.62,24.90,17.80,50.23,51.70,19.97,250094986374.35,23.73,55.00,53.90,200.58,195.63,190.28,175.49,157.05,248.86,330.00,215.00,250.00,4.11,0.89,1.08,12669675525.00,2830279544.00,3326471167.00
[object Object],NOVN,Novartis AG,SIX,119.80,stock,common,100.00,2.00,false,0.00,CHF,0.71,3352962.00,0.93,263013118735.83,USD,22.79,6.50,-11.50,3.11,Health technology,switzerland,Health Technology,Buy,Buy,0.71,3.70,-6.89,-5.28,0.84,9.09,22.65,55.04,70.68,100.77,1.75,1.91,Buy,Buy,Buy,Buy,Neutral,Neutral,50.51,7.76,-4.33,2.84,61.61,43.13,0.00,0.00,0.00,0.00,0.00,-0.20,3352962.00,1.09,119.80,0.00,691731.00,13.57,22.79,0.00,5.24,6.54,15.79,17.35,36.96,303667535327.19,5.65,19.10,14.46,116.21,121.41,123.21,121.85,119.75,154.44,185.15,120.83,157.62,9.20,2.17,2.26,59726797671.76,14077353263.00,14622604595.00
[object Object],CRWD,"CrowdStrike Holdings, Inc. Class A",NASDAQ,256.37,stock,common,100.00,1.00,false,0.00,USD,-1.27,4461392.00,0.33,262506181955.58,USD,7181.23,0.04,0.00,0.00,Technology services,america,Technology Services,Buy,Buy,-1.27,3.80,40.28,49.44,176.52,116.35,115.03,295.48,1514.93,1514.93,4.38,5.67,Buy,Buy,StrongBuy,Strong buy,Sell,Sell,64.81,49.63,31.64,108.04,93.06,96.10,0.00,259.52,-0.06,0.73,128309.00,-0.05,4461392.00,-46.88,0.00,0.00,0.00,92.95,7181.23,0.00,50.26,51.45,132.78,175.52,52.54,258267714955.58,47.86,0.00,969.91,248.05,221.03,212.72,191.50,150.13,239.46,300.00,132.00,245.00,1.25,0.29,0.31,6006765222.00,1440080888.00,1527791078.00
[object Object],SNDK,Sandisk Corporation,NASDAQ,1779.47,stock,common,100.00,1.00,false,0.00,USD,1.47,5500689.00,0.56,260548228499.54,USD,24.41,72.89,0.00,0.00,Electronic technology,america,Electronic Technology,Buy,Buy,1.47,9.49,22.25,-18.00,196.70,628.25,1748.51,4975.50,4975.50,4975.50,5.67,5.80,Buy,Buy,StrongBuy,Strong buy,Buy,Buy,57.40,146.12,206.78,74.85,68.85,76.74,0.00,1792.46,2.21,2.07,229094.00,2.19,5500689.00,-33.18,0.00,0.00,0.00,1653.25,24.41,0.00,13.60,16.51,23.94,24.31,58.67,255987228499.54,12.64,20.53,20.29,1701.24,1635.17,1516.79,1621.06,1107.92,2269.12,3600.00,1400.00,2225.00,212.53,34.96,46.11,48909336343.00,8478519811.00,10632530047.00
[object Object],AZN,AstraZeneca PLC,LSE,12552.00,stock,common,1.00,2.00,false,0.00,GBX,1.23,1721391.00,0.46,254042947748.66,USD,25.19,6.61,21.16,0.00,Health technology,uk,Health Technology,Buy,Buy,1.23,0.74,0.82,-10.59,-11.07,-8.53,12.43,41.03,144.25,317.84,1.80,2.33,Buy,Buy,Buy,Buy,Buy,Buy,58.04,844.00,442.76,105.03,79.99,84.42,0.00,0.00,0.00,0.00,0.00,0.00,1721391.00,-17.86,12552.00,0.00,1021515.00,10.63,25.19,1.18,4.23,5.14,18.79,24.01,52.31,281260175851.96,4.64,20.74,14.18,12394.80,12106.00,12185.72,12903.22,13589.21,214.08,273.31,156.47,215.83,10.47,2.48,2.62,64475518440.59,15435596061.00,16063618848.00
[object Object],RTX,RTX Corporation,NYSE,188.24,stock,common,100.00,1.00,false,0.00,USD,-0.20,1489788.00,0.34,253695261590.35,USD,33.15,5.68,24.77,1.50,Electronic technology,america,Electronic Technology,Buy,Buy,-0.20,-2.47,-10.53,0.51,-2.17,2.58,16.09,117.44,212.58,29655.58,2.26,1.92,StrongSell,Strong sell,StrongSell,Strong sell,Neutral,Neutral,26.47,-9.44,-14.80,-131.16,17.25,20.43,0.00,188.30,-0.16,-0.06,7334.00,-0.29,1489788.00,-56.31,0.00,0.00,0.00,23.44,33.15,1.34,2.75,3.82,18.09,22.52,30.94,286013261590.35,3.06,28.63,19.88,192.96,203.54,207.62,195.58,194.68,236.43,265.00,200.00,240.00,7.25,1.66,1.77,96207249840.00,22891802621.00,24014888639.00
[object Object],GEV,GE Vernova Inc.,NYSE,951.05,stock,common,100.00,1.00,false,0.00,USD,-0.42,826137.00,0.32,253296552703.74,USD,27.22,34.93,735.94,0.18,Producer manufacturing,america,Producer Manufacturing,Buy,Buy,-0.42,1.72,2.83,-9.36,9.62,43.84,54.67,727.00,727.00,727.00,2.67,3.26,Neutral,Neutral,Buy,Buy,Neutral,Neutral,50.43,-6.22,-9.67,70.81,73.32,72.32,0.00,962.50,0.78,0.88,8868.00,0.66,826137.00,-50.93,0.00,0.00,0.00,47.39,27.22,0.04,6.24,21.18,18.16,20.65,19.57,244183552703.74,5.91,110.94,71.73,930.23,948.45,972.77,1004.92,910.30,1214.37,1450.00,470.00,1250.00,30.64,3.17,4.07,46286812007.00,10789499343.00,12003654152.00
[object Object],TXN,Texas Instruments Incorporated,NASDAQ,276.06,stock,common,100.00,1.00,false,0.00,USD,2.00,1664165.00,0.23,252111149038.98,USD,42.00,6.57,20.16,2.10,Electronic technology,america,Electronic Technology,Buy,Buy,2.00,5.85,5.97,-8.73,44.00,57.78,50.32,39.26,302.71,25352.11,2.60,2.80,Buy,Buy,StrongBuy,Strong buy,Sell,Sell,58.55,7.36,3.50,163.29,90.22,91.67,0.00,271.46,0.30,0.54,8104.00,-0.01,1664165.00,-50.21,0.00,0.00,0.00,49.33,42.00,2.04,12.80,14.00,29.30,47.43,36.28,259162149038.98,13.32,35.00,26.97,267.39,264.71,270.97,286.12,246.22,333.62,400.00,225.00,342.50,8.51,1.94,2.42,21939092599.00,5257966885.00,5916333280.00
[object Object],WFC,Wells Fargo & Company,NYSE,82.61,stock,common,100.00,1.00,false,0.00,USD,0.53,4690188.00,0.32,249827700418.28,USD,12.00,6.88,18.05,2.25,Finance,america,Finance,Buy,Buy,0.53,-4.23,-2.79,-2.61,5.08,-11.45,-1.28,70.76,82.09,7811.22,2.24,2.31,Sell,Sell,StrongSell,Strong sell,Buy,Buy,36.92,-7.68,-3.22,-149.45,9.06,6.66,0.00,82.28,0.12,0.01,7439.00,0.14,4690188.00,-61.67,0.00,0.00,0.00,-3.95,12.00,0.66,2.92,1.52,37.04,37.04,0.00,688396700418.28,5.36,0.00,0.00,85.49,86.59,86.81,83.95,85.03,100.19,115.00,90.00,100.00,7.30,1.72,1.85,88835739126.00,21861026603.00,22367552593.00
[object Object],TMO,Thermo Fisher Scientific Inc.,NYSE,671.13,stock,common,100.00,1.00,false,0.00,USD,-1.07,1110132.00,0.42,248148500025.67,USD,36.10,18.59,7.60,0.27,Health technology,america,Health Technology,Buy,Buy,-1.07,2.21,7.86,31.66,37.07,15.81,43.71,11.20,327.53,53240.15,2.40,2.30,Buy,Buy,StrongBuy,Strong buy,Sell,Sell,69.93,61.31,41.61,116.00,91.10,92.26,harami_bearish,0.00,0.00,0.00,0.00,-0.13,1110132.00,-47.09,0.00,0.00,0.00,33.01,36.10,4.80,5.43,4.71,27.63,34.02,61.10,286750500025.67,6.19,32.42,24.33,654.53,626.73,604.18,543.50,540.21,662.16,780.00,575.00,650.00,25.11,5.72,6.41,47877695451.00,11706053451.00,11953375658.00
[object Object],SAP,SAP SE,XETR,185.92,stock,common,100.00,2.00,false,0.00,EUR,0.94,1891137.00,0.75,244641394439.53,USD,27.26,7.79,22.75,1.36,Technology services,germany,Technology Services,Buy,Buy,0.94,-0.10,3.33,40.44,27.57,-10.57,-18.76,51.72,129.87,10919.04,2.09,2.63,StrongBuy,Strong buy,StrongBuy,Strong buy,Neutral,Neutral,55.91,8.66,1.06,35.68,77.30,70.95,0.00,184.40,0.12,0.10,311.00,0.13,1891137.00,-18.70,185.38,-0.29,740444.00,-19.49,27.26,1.19,5.59,4.80,23.01,24.97,20.49,244565171889.53,5.61,19.71,17.66,185.28,184.62,174.84,159.74,166.34,235.17,331.98,148.82,234.68,8.28,2.00,2.08,47270100491.75,11248666173.26,11494570189.55
[object Object],KLAC,KLA Corporation,NASDAQ,186.81,stock,common,100.00,1.00,false,0.00,USD,-0.16,3673534.00,0.37,243781734372.44,USD,50.93,3.67,20.66,0.36,Electronic technology,america,Electronic Technology,Buy,Buy,-0.16,9.56,1.85,-24.30,30.03,48.29,76.46,412.48,2597.16,161460.24,3.53,3.74,Neutral,Neutral,Buy,Buy,Neutral,Neutral,53.18,6.17,0.47,104.00,85.54,85.49,0.00,187.20,0.05,1.18,68351.00,0.12,3673534.00,-52.90,0.00,0.00,0.00,68.07,50.93,2.47,18.13,38.45,59.29,65.21,50.11,245031039372.44,18.05,43.31,40.49,178.45,182.03,188.87,202.84,175.93,238.09,325.00,180.00,245.00,5.50,1.00,1.18,18141174877.00,3607908304.00,4037897428.00
[object Object],NESN,Nestle S.A.,SIX,77.17,stock,common,100.00,1.00,false,0.00,CHF,-0.99,3037464.00,0.88,242138791484.23,USD,26.73,3.57,-27.91,3.98,Consumer non-durables,switzerland,Consumer Non-Durables,Buy,Buy,-0.99,0.03,-3.69,-7.05,1.26,-1.34,8.67,-32.72,-0.55,105.79,1.36,1.46,StrongSell,Strong sell,StrongSell,Strong sell,Neutral,Neutral,43.87,-0.37,-1.48,-65.60,26.19,24.02,0.00,0.00,0.00,0.00,0.00,-0.18,3037464.00,17.14,77.17,0.00,1300471.00,7.11,26.73,0.00,2.27,6.79,12.13,15.86,32.37,310965274484.23,2.84,17.97,14.29,77.58,78.45,79.71,80.08,79.05,106.46,121.17,83.61,109.05,5.66,2.56,2.85,113279630659.29,53267399115.83,56443205812.95
[object Object],SIE,Siemens AG,XETR,278.30,stock,common,100.00,5.00,false,0.00,EUR,1.27,918440.00,0.81,238303752445.36,USD,27.50,11.56,-18.65,1.95,Producer manufacturing,germany,Producer Manufacturing,Buy,Buy,1.27,4.47,-3.74,2.62,32.90,16.47,23.25,85.14,165.55,1804.48,1.84,1.92,Buy,Buy,StrongBuy,Strong buy,Neutral,Neutral,56.85,13.65,-0.32,98.05,84.77,83.84,0.00,277.85,1.11,0.84,317.00,1.64,918440.00,29.72,280.00,0.61,391229.00,12.26,27.50,0.00,2.64,3.11,17.22,21.45,19.86,290512786245.36,3.14,25.03,18.62,268.61,273.96,275.29,272.86,256.36,353.96,403.87,267.35,358.36,13.17,2.95,3.19,97432664449.95,23544924579.79,25919888713.35
[object Object],OR,L'Oreal S.A.,EURONEXT,381.85,stock,common,100.00,5.00,false,0.00,EUR,-0.73,267986.00,0.74,232492350911.36,USD,32.39,13.46,3.14,1.87,Consumer non-durables,france,Consumer Non-Durables,Buy,Buy,-0.73,0.66,-2.09,-1.96,7.81,4.34,4.30,-1.29,125.95,11242.13,2.06,1.92,Sell,Sell,Sell,Sell,Neutral,Neutral,49.23,2.00,1.38,21.40,44.58,52.20,0.00,0.00,0.00,0.00,0.00,-0.16,267986.00,-19.28,381.85,0.00,156175.00,1.63,32.39,10.40,4.53,6.01,22.72,27.07,50.43,246954499006.36,4.77,23.19,19.47,382.37,382.90,383.02,379.88,375.80,480.73,527.43,389.84,493.03,16.05,8.56,7.27,55281585899.80,27234021297.09,26368317836.14
[object Object],MRVL,"Marvell Technology, Inc.",NASDAQ,265.00,stock,common,100.00,1.00,false,0.00,USD,2.34,7304181.00,0.40,232378517423.79,USD,87.26,3.04,0.00,0.09,Electronic technology,america,Electronic Technology,StrongBuy,Strong buy,2.34,9.48,10.42,-1.26,168.27,205.51,239.24,322.24,1954.26,2131.58,4.51,4.61,Buy,Buy,StrongBuy,Strong buy,Neutral,Neutral,64.16,28.90,27.11,130.48,91.58,92.08,0.00,263.60,1.80,1.61,291992.00,1.78,7304181.00,-45.57,0.00,0.00,0.00,234.56,87.26,0.00,25.24,12.54,110.95,141.10,62.07,233951817423.79,24.76,147.30,82.09,245.98,233.82,220.63,227.89,162.53,293.93,400.00,220.00,295.00,4.21,0.93,1.10,12046001201.00,2721347782.00,3150802495.00
[object Object],C,Citigroup Inc.,NYSE,134.01,stock,common,100.00,1.00,false,0.00,USD,1.45,4028766.00,0.35,224793311609.10,USD,14.47,9.26,36.97,1.87,Finance,america,Finance,Buy,Buy,1.45,1.25,0.35,-7.34,20.65,14.33,32.64,86.53,188.13,683.86,2.21,2.50,Neutral,Neutral,Neutral,Neutral,Neutral,Neutral,49.09,-4.81,-1.86,-34.56,21.62,21.56,0.00,132.17,0.05,0.26,3558.00,0.57,4028766.00,-53.42,0.00,0.00,0.00,16.94,14.47,0.39,2.47,1.17,5.10,5.90,0.00,1017930311609.10,5.78,0.00,0.00,133.53,134.51,134.09,133.94,125.42,155.91,176.00,135.00,157.00,11.19,2.74,2.67,95917247837.00,23740615294.00,23731323429.00
[object Object],MC,LVMH Moet Hennessy Louis Vuitton SE,EURONEXT,396.85,stock,common,100.00,5.00,false,0.00,EUR,-0.06,508148.00,0.75,222432219109.79,USD,18.08,25.06,-0.26,3.27,Consumer non-durables,france,Consumer Non-Durables,Buy,Buy,-0.06,-3.21,-12.40,-19.58,-13.41,-38.14,-22.05,-38.71,158.45,2212.39,2.18,2.23,StrongSell,Strong sell,StrongSell,Strong sell,Sell,Sell,30.55,-18.45,-32.02,-95.16,3.26,4.37,0.00,0.00,0.00,0.00,0.00,1.10,508148.00,-23.88,396.85,0.00,220686.00,-22.25,18.08,0.00,2.47,2.87,10.53,13.04,16.10,252027046209.79,2.77,12.71,9.21,404.82,428.37,446.34,465.10,500.10,609.22,733.78,477.81,600.11,26.18,12.27,12.94,94569383174.91,43985108496.29,47457448966.29
[object Object],AMGN,Amgen Inc.,NASDAQ,411.09,stock,common,100.00,1.00,false,0.00,USD,1.24,729861.00,0.22,222248421385.62,USD,25.54,16.10,31.70,2.45,Health technology,america,Health Technology,Neutral,Neutral,1.24,8.61,-6.78,15.90,15.59,25.04,47.34,92.77,135.96,119490.86,2.62,2.21,Buy,Buy,StrongBuy,Strong buy,Neutral,Neutral,54.63,33.74,-10.32,13.51,59.96,49.10,0.00,406.01,-0.01,-0.28,131.00,0.54,729861.00,-71.10,0.00,0.00,0.00,35.69,25.54,0.80,5.78,19.01,17.92,21.98,15.99,265563421385.62,6.95,20.87,15.27,392.55,414.44,404.62,375.20,362.11,396.93,530.00,225.00,402.50,23.08,5.62,5.79,38956661067.00,9426191280.00,10046658818.00
[object Object],LIN,Linde plc,NASDAQ,469.09,stock,common,100.00,1.00,false,0.00,USD,0.20,571993.00,0.28,216241191697.10,USD,30.29,15.49,10.10,1.32,Process industries,america,Process Industries,Buy,Buy,0.20,2.34,-3.98,-9.96,-5.73,10.04,-1.06,51.08,301.76,5261.03,1.55,1.42,Sell,Sell,StrongSell,Strong sell,Neutral,Neutral,45.31,2.87,-11.59,-16.49,54.92,40.10,0.00,465.74,-0.51,-0.15,1195.00,-0.51,571993.00,-72.57,0.00,0.00,0.00,-5.51,30.29,2.99,6.13,5.53,20.77,43.80,44.49,240905191697.10,6.80,25.08,17.94,463.77,475.08,484.06,498.99,484.48,546.83,612.00,400.00,551.50,17.88,4.49,4.52,36322894300.00,9015893813.00,9160990621.00
[object Object],QCOM,QUALCOMM Incorporated,NASDAQ,204.13,stock,common,100.00,1.00,false,0.00,USD,5.08,10400988.00,0.63,214378986064.52,USD,23.62,8.64,-16.67,1.85,Electronic technology,america,Electronic Technology,Neutral,Neutral,5.08,6.68,27.50,1.20,57.15,17.45,19.22,54.14,226.65,38941.73,4.93,4.61,StrongBuy,Strong buy,StrongBuy,Strong buy,Buy,Buy,68.68,22.16,21.59,143.81,90.62,92.59,0.00,195.00,0.38,0.46,142083.00,0.40,10400988.00,14.43,0.00,0.00,0.00,3.68,23.62,0.00,4.71,7.80,17.60,20.95,26.28,221344986064.52,5.02,21.38,18.56,190.73,174.81,170.28,188.85,169.14,196.73,400.00,100.00,180.00,10.54,2.23,2.17,43004167300.00,9694904465.00,10147172854.00
[object Object],IBM,International Business Machines Corporation,NYSE,226.00,stock,common,100.00,1.00,false,0.00,USD,-0.47,2040051.00,0.32,212922371978.36,USD,20.06,11.27,82.73,2.97,Technology services,america,Technology Services,Buy,Buy,-0.47,-4.98,-2.04,-12.72,-5.38,-24.05,-17.20,72.67,52.04,2964.77,2.44,2.66,StrongSell,Strong sell,StrongSell,Strong sell,Sell,Sell,41.53,-17.29,-3.94,-138.45,8.19,11.92,"doji_star_bullish,long_upper_shadow_bearish",226.50,-0.25,0.22,36332.00,-0.40,2040051.00,-50.83,0.00,0.00,0.00,-12.85,20.06,0.24,3.13,6.18,14.47,15.62,26.35,270106371978.36,3.91,18.69,13.74,235.14,234.64,230.67,246.33,257.72,245.76,350.00,174.00,245.00,12.31,2.95,2.86,70358694454.00,17463936296.00,16813421075.00
[object Object],AXP,American Express Company,NYSE,308.92,stock,common,100.00,1.00,false,0.00,USD,1.06,1392896.00,0.38,208613333831.38,USD,18.74,16.48,15.72,1.16,Finance,america,Finance,Buy,Buy,1.06,-0.30,-8.13,-9.67,3.91,-16.40,-8.31,73.87,386.94,9054.59,2.09,1.73,StrongSell,Strong sell,StrongSell,Strong sell,Sell,Sell,36.85,-15.77,-20.36,-97.38,17.93,10.72,0.00,307.92,0.74,0.27,6734.00,0.44,1392896.00,-64.78,0.00,0.00,0.00,-11.37,18.74,1.18,2.47,6.08,11.27,13.81,4.64,222419333831.38,2.64,9.82,9.07,312.26,325.24,331.99,329.82,334.08,381.22,450.00,329.00,384.00,17.65,4.40,4.56,79499212787.00,19696657233.00,20124025377.00
[object Object],STX,Seagate Technology Holdings PLC,NASDAQ,916.76,stock,common,100.00,1.00,false,0.00,USD,1.20,1667537.00,0.38,208465753971.50,USD,66.08,13.87,104.84,0.32,Electronic technology,america,Electronic Technology,Buy,Buy,1.20,12.53,11.04,-7.82,142.19,225.13,316.81,966.13,2420.66,7871.86,5.12,5.27,Buy,Buy,StrongBuy,Strong buy,Neutral,Neutral,58.51,86.59,48.89,111.29,88.00,87.12,0.00,923.24,1.91,0.90,12977.00,2.04,1667537.00,-45.66,0.00,0.00,0.00,314.48,66.08,0.62,17.23,95.95,57.89,68.50,124.74,210658753971.50,17.27,49.85,46.79,856.62,856.49,849.75,864.55,635.26,1157.73,1600.00,860.00,1165.00,36.16,5.10,7.37,18731046575.00,3498370102.00,4118998265.00
[object Object],APH,Amphenol Corporation Class A,NYSE,84.25,stock,common,100.00,1.00,false,0.00,USD,1.41,3681501.00,0.29,207757727784.58,USD,42.18,2.00,59.36,0.55,Electronic technology,america,Electronic Technology,StrongBuy,Strong buy,1.41,7.56,5.93,3.71,37.55,22.89,39.14,336.75,948.70,116483.58,3.30,2.94,Buy,Buy,StrongBuy,Strong buy,Neutral,Neutral,58.48,0.33,1.03,146.13,81.05,74.99,0.00,84.40,1.59,0.73,13188.00,0.99,3681501.00,-68.57,0.00,0.00,0.00,26.38,42.18,0.70,7.38,13.41,37.00,46.08,40.09,221280427784.58,7.63,27.11,23.38,80.25,80.49,80.38,77.26,73.70,100.47,115.00,90.00,99.00,2.64,0.59,0.71,35379871667.00,8258209145.00,9397232510.00
[object Object],SAN,"Banco Santander, S.A.",BME,12.57,stock,common,1000.00,2.00,false,0.00,EUR,0.35,16722914.00,0.68,207244629942.91,USD,11.56,1.24,29.39,1.55,Finance,spain,Finance,StrongBuy,Strong buy,0.35,-3.13,-1.01,6.54,31.64,25.09,44.06,309.51,241.12,651.23,1.70,1.85,Neutral,Neutral,Neutral,Neutral,Neutral,Neutral,47.65,-0.31,-0.03,-97.84,25.80,34.29,0.00,0.00,0.00,0.00,0.00,0.97,16722914.00,-1.18,0.00,0.00,0.00,41.52,11.56,0.39,2.84,1.69,0.00,0.00,0.00,570601713482.56,4.04,0.00,0.00,12.68,12.67,12.57,11.92,11.08,15.83,18.36,13.77,16.07,1.22,0.27,0.28,74990042419.11,17883137849.59,18805657443.68
[object Object],TTE,TotalEnergies SE,EURONEXT,79.99,stock,common,100.00,1.00,false,0.00,EUR,-1.31,3753087.00,0.93,205822299526.33,USD,11.51,7.93,34.63,4.19,Energy minerals,france,Energy Minerals,Buy,Buy,-1.31,0.76,6.37,15.93,1.90,43.74,50.78,101.79,86.59,3178.28,2.34,1.77,Buy,Buy,StrongBuy,Strong buy,Neutral,Neutral,58.72,1.22,1.69,92.20,80.29,70.74,0.00,0.00,0.00,0.00,0.00,-0.74,3753087.00,11.29,79.99,0.00,1814065.00,53.84,11.51,0.34,1.09,1.58,6.31,12.68,6.51,239192570146.69,1.24,8.74,5.92,79.64,77.81,76.65,75.13,71.08,99.09,110.65,83.01,99.72,11.76,2.66,3.17,216258249446.21,56757640983.00,54181886487.00
[object Object],VZ,Verizon Communications Inc.,NYSE,46.99,stock,common,100.00,1.00,false,0.00,USD,-0.69,5450412.00,0.22,195253668222.76,USD,12.24,3.84,-10.79,5.91,Communications,america,Communications,Buy,Buy,-0.69,-1.06,-6.59,1.72,-7.85,15.27,8.68,-13.69,-10.40,481.19,1.97,1.87,Sell,Sell,Sell,Sell,Neutral,Neutral,39.31,-3.62,-1.91,-115.50,14.26,10.87,0.00,47.23,-0.19,-0.15,41892.00,-0.20,5450412.00,-74.10,0.00,0.00,0.00,8.99,12.24,0.00,1.42,1.88,5.05,9.10,101.72,383060668222.76,2.76,12.13,7.57,48.39,49.30,48.09,46.96,46.27,50.69,56.00,44.00,51.00,5.01,1.28,1.28,140873358948.00,35162020073.00,34773567975.00
[object Object],CRM,"Salesforce, Inc.",NYSE,234.60,stock,common,100.00,1.00,false,0.00,USD,-1.52,3631123.00,0.28,193071768289.71,USD,21.38,10.97,59.33,0.72,Technology services,america,Technology Services,Buy,Buy,-1.52,-3.95,17.33,54.86,27.50,-11.47,-4.05,-16.94,232.76,6155.87,2.99,3.55,Neutral,Neutral,Buy,Buy,Sell,Sell,50.53,-13.12,7.26,-105.12,19.93,15.96,0.00,237.50,-0.30,-0.24,21223.00,-0.50,3631123.00,-67.21,0.00,0.00,0.00,-16.76,21.38,0.37,4.45,5.03,12.23,12.71,16.89,224044768289.71,5.10,23.70,16.75,242.65,234.64,213.69,192.80,201.26,282.78,400.00,160.00,290.00,16.75,3.27,3.45,46287404085.00,11330308111.00,11472161245.00
[object Object],ADI,"Analog Devices, Inc.",NASDAQ,393.49,stock,common,100.00,1.00,false,0.00,USD,2.84,1092511.00,0.30,190671655636.19,USD,46.70,8.43,114.38,1.09,Electronic technology,america,Electronic Technology,StrongBuy,Strong buy,2.84,8.36,4.97,-2.95,26.58,43.05,58.94,121.97,526.68,351937.58,2.94,2.58,Buy,Buy,StrongBuy,Strong buy,Sell,Sell,62.30,14.71,10.47,159.98,86.12,89.60,0.00,382.97,0.09,0.59,8956.00,-0.28,1092511.00,-53.95,0.00,0.00,0.00,50.85,46.70,0.40,13.47,5.68,34.69,38.96,82.73,197468304636.19,14.23,39.64,28.40,375.75,371.42,373.18,390.42,356.48,477.61,675.00,405.00,467.50,12.87,3.34,3.86,15100897786.00,3919335809.00,4296432456.00
[object Object],ITX,"Industria de Diseno Textil, S.A.",BME,53.26,stock,common,100.00,2.00,false,0.00,EUR,0.68,1601549.00,0.71,187311033355.62,USD,25.89,2.37,8.85,2.63,Retail trade,spain,Retail Trade,Buy,Buy,0.68,1.84,-9.30,-5.53,5.55,-5.73,19.55,66.49,61.17,1337.90,1.95,1.77,Sell,Sell,StrongSell,Strong sell,Neutral,Neutral,40.60,-0.76,-3.18,-47.08,25.06,22.57,0.00,0.00,0.00,0.00,0.00,0.19,1601549.00,3.56,0.00,0.00,0.00,12.70,25.89,2.90,3.99,9.29,0.00,0.00,0.00,182531765705.62,3.84,18.92,13.46,52.75,55.63,56.11,54.98,54.58,70.72,77.69,62.62,70.74,2.57,0.62,0.73,50962722824.83,12593338449.30,12070888470.31
[object Object],SU,Schneider Electric SE,EURONEXT,291.00,stock,common,100.00,5.00,false,0.00,EUR,0.41,622788.00,0.67,186179686456.53,USD,35.12,9.46,9.59,1.45,Producer manufacturing,france,Producer Manufacturing,StrongBuy,Strong buy,0.41,1.11,-2.02,4.83,22.27,24.31,25.30,92.26,362.57,1277.48,2.16,2.41,Buy,Buy,StrongBuy,Strong buy,Neutral,Neutral,51.13,-0.10,0.05,50.75,73.58,78.30,0.00,0.00,0.00,0.00,0.00,1.73,622788.00,-22.00,291.00,0.00,341077.00,23.97,35.12,3.65,3.92,6.69,22.88,26.78,36.67,203193242206.53,4.23,23.35,19.11,286.38,291.58,289.41,281.07,265.71,379.92,421.18,328.98,383.84,11.96,5.06,6.52,52507588244.94,23690638531.65,27255330648.15
[object Object],GILD,"Gilead Sciences, Inc.",NASDAQ,149.09,stock,common,100.00,1.00,false,0.00,USD,-0.40,2117764.00,0.33,184864905612.99,USD,0.00,-2.66,-152.84,2.15,Health technology,america,Health Technology,Buy,Buy,-0.40,-0.98,0.74,19.03,8.94,21.72,30.19,109.66,84.06,27557.25,2.42,2.24,Buy,Buy,StrongBuy,Strong buy,Neutral,Neutral,55.77,5.37,5.16,20.81,63.14,73.48,0.00,149.82,0.09,-0.09,551.00,0.24,2117764.00,-58.27,0.00,0.00,0.00,31.48,0.00,0.00,6.09,15.64,13.67,14.32,37.96,206144905612.99,6.75,17.28,14.06,149.48,147.32,141.44,135.70,135.98,159.76,180.00,123.00,165.00,-0.44,-7.25,2.12,30702170803.00,7398662965.00,7765691282.00
[object Object],DE,Deere & Company,NYSE,684.41,stock,common,100.00,1.00,false,0.00,USD,-1.52,538859.00,0.39,184534318423.47,USD,38.04,17.99,-5.94,0.93,Producer manufacturing,america,Producer Manufacturing,Buy,Buy,-1.52,-0.05,8.27,9.90,17.86,46.87,45.83,96.23,721.92,30819.53,2.49,2.34,Buy,Buy,StrongBuy,Strong buy,Sell,Sell,55.90,8.67,41.33,35.61,55.28,69.13,0.00,697.00,0.30,0.44,180.00,0.01,538859.00,-54.17,0.00,0.00,0.00,45.27,38.04,0.00,3.92,6.59,25.57,57.38,18.03,238487318423.47,4.97,24.88,19.99,688.13,660.78,640.73,611.37,582.77,698.73,813.00,500.00,729.00,18.12,4.69,4.07,41431365853.00,10814673286.00,10416281300.00
[object Object],SHOP,"Shopify, Inc. Class A",NASDAQ,142.41,stock,common,100.00,1.00,false,0.00,USD,-1.89,3068326.00,0.25,183230978974.60,USD,98.10,1.45,-19.90,0.00,Commercial services,america,Commercial Services,Buy,Buy,-1.89,10.58,-6.55,26.48,25.46,-12.20,-1.79,-0.83,3146.92,4986.07,6.35,4.50,Buy,Buy,StrongBuy,Strong buy,Neutral,Neutral,53.58,13.62,-1.63,43.84,70.70,73.33,harami_bearish,143.89,-0.87,0.14,25485.00,-0.48,3068326.00,-67.57,0.00,0.00,0.00,-17.34,98.10,0.00,14.53,14.49,79.81,80.66,37.41,178467701774.60,13.82,77.52,76.58,136.64,141.88,137.96,124.94,129.93,171.95,218.55,119.11,174.59,1.88,0.40,0.46,15075840221.04,3395197524.22,3696727195.81
[object Object],DIS,Walt Disney Company,NYSE,105.59,stock,common,100.00,1.00,false,0.00,USD,0.03,2410044.00,0.26,182320864461.49,USD,21.78,4.85,-23.99,1.42,Consumer services,america,Consumer Services,StrongBuy,Strong buy,0.03,0.52,-5.13,7.69,12.10,-6.92,-6.32,-39.77,13.45,113550.06,1.61,1.87,Buy,Buy,StrongBuy,Strong buy,Neutral,Neutral,51.30,-0.96,-1.77,-28.23,35.46,27.79,0.00,105.17,-0.37,0.05,2040.00,-0.39,2410044.00,-69.44,0.00,0.00,0.00,-13.33,21.78,0.00,1.86,1.66,10.83,22.19,35.50,229986864461.49,2.32,15.03,11.04,105.27,106.37,103.48,102.27,104.00,127.54,144.00,88.00,130.00,6.91,1.86,1.68,101445448969.00,25391872575.00,25115751165.00
[object Object],ALV,Allianz SE,XETR,423.50,stock,common,10.00,1.00,false,0.00,EUR,1.03,611680.00,0.91,180600293722.03,USD,13.95,34.68,16.40,4.08,Finance,germany,Finance,Neutral,Neutral,1.03,-5.93,-5.93,4.08,20.45,8.56,22.54,116.76,213.12,262.76,2.54,1.55,Neutral,Neutral,Sell,Sell,Buy,Buy,39.18,-18.80,-14.10,-156.61,19.68,15.37,0.00,422.40,0.76,0.31,647.00,0.45,611680.00,-14.22,424.30,0.19,237382.00,25.66,13.95,0.84,1.04,2.80,0.00,0.00,0.00,217453327822.03,1.24,0.00,0.00,436.38,442.47,438.47,417.19,396.05,509.20,783.02,372.05,517.43,35.90,8.04,9.96,223703554224.73,23002649596.02,45391560020.88
[object Object],TMUS,"T-Mobile US, Inc.",NASDAQ,166.25,stock,common,100.00,1.00,false,0.00,USD,0.54,1827398.00,0.29,178331665213.41,USD,17.40,9.56,-9.89,2.47,Communications,america,Communications,StrongBuy,Strong buy,0.54,0.91,-8.10,-9.00,-21.92,-17.80,-30.78,29.15,255.46,231.18,2.72,2.79,StrongSell,Strong sell,StrongSell,Strong sell,Sell,Sell,37.99,-16.08,-13.29,-96.64,17.50,13.38,0.00,165.46,0.07,-0.22,2063.00,0.07,1827398.00,-63.35,0.00,0.00,0.00,-32.70,17.40,0.00,1.94,3.18,6.24,11.37,58.20,294678665213.41,3.20,15.10,8.69,169.92,177.74,178.84,182.21,192.07,242.25,296.00,169.00,240.50,10.92,2.59,2.89,94389871051.00,22945637232.00,23151798069.00
[object Object],BLK,"BlackRock, Inc.",NYSE,1080.47,stock,common,100.00,1.00,false,0.00,USD,0.65,143401.00,0.25,175550640694.78,USD,26.88,40.20,-2.84,2.04,Finance,america,Finance,StrongBuy,Strong buy,0.65,3.18,-8.10,11.07,12.57,0.84,-3.76,23.77,197.65,7617.64,2.12,2.06,Neutral,Neutral,Neutral,Neutral,Sell,Sell,47.10,0.82,-46.54,-30.05,51.89,46.74,0.00,1067.86,-0.52,0.14,173.00,0.26,143401.00,-71.40,0.00,0.00,0.00,-6.80,26.88,0.00,6.40,3.05,45.91,51.53,16.96,186953640694.78,6.77,19.93,17.22,1065.70,1113.02,1108.27,1071.89,1061.36,1333.63,1479.00,1190.00,1330.00,56.22,12.69,14.25,29073735639.00,6727418976.00,7439401330.00
[object Object],PEP,"PepsiCo, Inc.",NASDAQ,128.16,stock,common,100.00,1.00,false,0.00,USD,0.01,3319475.00,0.31,174924483680.14,USD,16.81,7.62,39.01,4.48,Consumer non-durables,america,Consumer Non-Durables,Buy,Buy,0.01,-3.06,-10.18,-8.80,-15.20,-10.52,-10.38,-16.67,19.51,17041.41,1.62,1.43,Sell,Sell,StrongSell,Strong sell,Neutral,Neutral,26.81,-8.16,-8.16,-138.61,9.71,13.73,on_neck_bearish,127.51,-0.50,-0.12,85750.00,-0.31,3319475.00,-65.58,0.00,0.00,0.00,-8.75,16.81,0.43,1.81,7.92,13.04,18.90,16.37,217594483680.14,2.25,14.44,11.20,131.69,137.35,137.83,141.16,147.81,153.75,180.00,124.00,155.00,8.55,2.19,2.30,98989991399.00,23946759247.00,24993915479.00
[object Object],ABT,Abbott Laboratories,NYSE,101.01,stock,common,100.00,1.00,false,0.00,USD,-0.06,3115219.00,0.32,174786016684.27,USD,32.65,3.09,-61.31,2.45,Health technology,america,Health Technology,Buy,Buy,-0.06,-0.81,-12.47,7.62,-3.71,-19.00,-24.86,-18.10,140.44,61248.69,1.89,2.24,Sell,Sell,StrongSell,Strong sell,Neutral,Neutral,34.95,-0.94,-5.72,-90.53,15.27,20.41,"on_neck_bearish,spinning_top_white",101.00,-0.07,-0.04,1940.00,-0.26,3115219.00,-49.89,0.00,0.00,0.00,-25.01,32.65,0.00,3.78,3.42,17.77,22.50,31.42,202443016684.27,4.35,26.43,18.23,102.46,107.93,107.00,98.19,104.64,120.75,135.00,103.00,120.00,5.52,1.28,1.42,50307191036.00,12519490695.00,12990793133.00
[object Object],ABBN,ABB Ltd.,SIX,80.18,stock,common,100.00,2.00,false,0.00,CHF,-0.40,1585626.00,0.61,174733550129.65,USD,36.58,2.71,11.26,1.17,Producer manufacturing,switzerland,Producer Manufacturing,Neutral,Neutral,-0.40,0.83,1.26,-8.03,25.09,34.53,41.31,143.34,261.50,209.07,2.11,2.11,Buy,Buy,StrongBuy,Strong buy,Neutral,Neutral,50.95,1.52,2.09,63.04,69.81,80.92,0.00,0.00,0.00,0.00,0.00,1.86,1585626.00,-18.13,80.18,0.00,661566.00,39.14,36.58,3.26,5.08,11.35,30.66,36.85,30.85,178271131289.63,5.00,28.46,25.06,79.83,79.43,79.93,81.83,74.17,104.78,121.85,86.56,105.36,3.51,0.74,0.80,39916274551.42,9475806545.00,9727008865.00
[object Object],AIR,Airbus SE,EURONEXT,192.40,stock,common,100.00,2.00,false,0.00,EUR,-1.02,1728900.00,1.46,174084808823.69,USD,25.59,8.59,20.51,1.65,Electronic technology,france,Electronic Technology,Buy,Buy,-1.02,-1.75,-6.17,-0.81,17.36,-2.39,-0.31,65.92,258.96,261.31,2.55,2.16,Sell,Sell,StrongSell,Strong sell,Sell,Sell,37.31,-7.00,-7.62,-198.35,31.48,26.37,0.00,0.00,0.00,0.00,0.00,0.07,1728900.00,87.56,192.40,0.00,574807.00,-0.79,25.59,1.26,1.99,5.89,16.74,30.48,12.35,176439744323.69,2.01,24.87,16.39,194.61,199.45,203.16,193.77,189.70,267.39,298.11,229.32,275.18,8.56,2.32,2.12,94948424866.32,23208936886.78,22469097291.20
[object Object],T,AT&T Inc,NYSE,25.33,stock,common,100.00,1.00,false,0.00,USD,-0.49,10621772.00,0.25,173537359362.14,USD,8.37,3.02,72.38,4.36,Communications,america,Communications,Buy,Buy,-0.49,0.98,-1.92,12.71,-12.67,2.16,-11.14,23.49,-18.72,553.37,1.90,2.09,Neutral,Neutral,Buy,Buy,Sell,Sell,49.56,-0.73,-0.04,-84.67,26.39,24.04,0.00,25.34,-0.43,-0.20,27633.00,-0.24,10621772.00,-68.96,0.00,0.00,0.00,-16.09,8.37,0.12,1.39,1.58,4.41,9.96,9.53,335959359362.14,2.64,12.44,7.09,25.65,25.58,24.76,23.99,25.15,29.01,36.00,20.00,29.63,2.34,0.59,0.60,129313341322.00,31795051646.00,31712071828.00
[object Object],SCHW,Charles Schwab Corp,NYSE,99.69,stock,common,100.00,1.00,false,0.00,USD,0.20,2279837.00,0.24,172388824890.96,USD,18.13,5.50,48.05,1.24,Finance,america,Finance,Buy,Buy,0.20,-4.77,-7.91,11.26,6.19,-0.09,7.90,31.16,227.59,27425.81,3.00,2.16,Sell,Sell,Sell,Sell,Neutral,Neutral,32.60,-7.56,-6.19,-159.81,9.16,11.97,spinning_top_white,99.93,0.44,-0.04,1934.00,0.03,2279837.00,-74.40,0.00,0.00,0.00,6.30,18.13,0.38,5.89,3.92,0.00,0.00,2.81,154132824890.96,5.25,10.56,9.67,103.60,107.66,106.66,99.55,98.28,124.63,145.00,91.00,126.00,6.50,1.56,1.67,28239080897.00,6895725187.00,7216133576.00
[object Object],ETN,Eaton Corp. Plc,NYSE,438.49,stock,common,100.00,1.00,false,0.00,USD,-0.34,629034.00,0.26,170309513323.22,USD,44.62,9.83,-1.12,0.99,Producer manufacturing,america,Producer Manufacturing,Buy,Buy,-0.34,6.56,6.44,6.81,22.97,35.67,19.53,181.14,594.91,28440.87,2.47,2.75,Buy,Buy,StrongBuy,Strong buy,Sell,Sell,58.39,13.12,14.55,121.12,90.21,93.16,0.00,445.50,1.25,0.46,1881.00,1.00,629034.00,-53.83,0.00,0.00,0.00,13.16,44.62,0.00,5.71,8.41,34.50,43.41,245.74,190985513323.22,6.36,32.72,27.20,421.28,417.65,419.07,411.68,386.82,487.72,534.00,381.62,490.00,13.55,3.07,3.53,32902738336.00,8155364234.00,8481665602.00
[object Object],NOVO_B,Novo Nordisk A/S Class B,OMXCOP,253.00,stock,common,100.00,5.00,false,0.00,DKK,0.00,3906196.00,0.60,170245415945.38,USD,9.66,3.99,5.13,4.62,Health technology,denmark,Health Technology,Neutral,Neutral,0.00,-9.96,-18.65,-18.69,8.58,-23.10,-31.91,-21.16,70.37,29037.56,3.93,2.78,Sell,Sell,StrongSell,Strong sell,Buy,Buy,27.28,-23.45,-30.87,-137.65,7.67,5.65,0.00,0.00,0.00,0.00,0.00,0.40,3906196.00,-47.11,0.00,0.00,0.00,-27.65,9.66,1.88,3.41,5.05,8.59,15.05,24.95,184688426945.38,3.68,8.11,7.13,266.69,286.19,296.89,298.61,296.58,48.35,69.83,30.56,46.99,3.47,0.77,0.75,46947106155.64,10873328481.14,11050123554.10
[object Object],MCD,McDonald's Corporation,NYSE,237.26,stock,common,100.00,1.00,false,0.00,USD,0.10,3671805.00,0.52,167895020451.14,USD,19.27,12.31,5.46,3.10,Consumer services,america,Consumer Services,Buy,Buy,0.10,-4.43,-11.64,-10.39,-23.40,-22.28,-22.43,-3.80,103.67,88598.64,2.62,1.73,Sell,Sell,StrongSell,Strong sell,Neutral,Neutral,25.50,-15.27,-16.68,-178.00,13.58,15.36,0.00,236.40,-0.26,0.32,106485.00,-0.10,3671805.00,-50.30,0.00,0.00,0.00,-18.59,19.27,3.52,6.08,0.00,14.87,21.74,205.25,221665020451.14,8.00,17.50,14.85,246.64,257.59,262.53,269.94,291.84,300.97,390.00,250.00,297.50,12.90,3.32,3.39,28190402630.00,7128733600.00,7311528192.00
[object Object],WELL,Welltower Inc.,NYSE,230.59,stock,common,100.00,1.00,false,0.00,USD,-1.29,919710.00,0.32,166200178509.06,USD,0.00,-0.55,-145.42,1.31,Finance,america,Finance,Buy,Buy,-1.29,0.43,-4.70,1.57,18.22,24.24,34.49,176.06,203.73,3358.91,1.97,2.02,Sell,Sell,Sell,Sell,Sell,Sell,43.66,-5.03,-3.58,-62.13,25.23,23.09,0.00,0.00,0.00,0.00,0.00,0.10,919710.00,-66.57,0.00,0.00,0.00,49.50,0.00,0.00,13.52,3.57,46.26,67.74,81.14,185073042509.06,14.52,274.01,58.94,231.98,235.86,237.16,227.48,213.07,264.14,292.00,233.00,265.00,2.84,0.62,0.64,14167688803.00,3403253243.00,3632969436.00
[object Object],WDC,Western Digital Corporation,NASDAQ,455.79,stock,common,100.00,1.00,false,0.00,USD,1.22,3393863.00,0.44,164329144187.60,USD,18.85,24.18,370.63,0.11,Electronic technology,america,Electronic Technology,Buy,Buy,1.22,6.62,1.31,-29.13,65.80,157.22,327.49,943.58,984.87,8673.68,5.59,5.15,Neutral,Neutral,Neutral,Neutral,Neutral,Neutral,49.37,8.61,-1.71,26.03,59.76,61.71,doji,455.50,1.15,1.06,92846.00,1.09,3393863.00,-52.94,0.00,0.00,0.00,330.17,18.85,0.05,13.56,18.56,45.13,50.50,112.29,163941144187.60,12.69,35.67,33.00,441.37,458.28,473.92,513.88,393.26,684.23,1050.00,525.00,668.00,20.39,3.31,4.07,19162322722.00,3700104820.00,4132610655.00
[object Object],RR.,Rolls-Royce Holdings plc,LSE,1481.40,stock,common,10.00,2.00,false,0.00,GBX,-0.18,18426854.00,0.93,162746759912.81,USD,40.98,0.48,-47.06,0.74,Electronic technology,uk,Electronic Technology,StrongBuy,Strong buy,-0.18,0.00,-2.46,4.54,28.04,27.71,26.40,989.42,502.91,2311.64,2.44,2.22,Buy,Buy,StrongBuy,Strong buy,Neutral,Neutral,50.80,26.80,-6.32,62.79,78.27,80.99,0.00,0.00,0.00,0.00,0.00,1.28,18426854.00,14.87,1481.40,0.00,3921848.00,24.25,40.98,0.00,5.36,43.38,25.02,28.84,18.56,159656940912.81,5.20,28.29,23.36,1466.96,1488.88,1477.74,1402.87,1314.90,23.59,26.73,20.31,23.39,0.59,0.24,0.28,31955165651.29,13514949213.62,16541379173.60
[object Object],UNP,Union Pacific Corporation,NYSE,273.43,stock,common,100.00,1.00,false,0.00,USD,-0.23,603620.00,0.22,162438068439.53,USD,22.14,12.35,7.26,2.03,Transportation,america,Transportation,Buy,Buy,-0.23,-2.78,-11.43,1.44,14.59,18.19,18.34,34.30,190.54,28188.54,1.93,1.81,Sell,Sell,StrongSell,Strong sell,Neutral,Neutral,32.86,-10.97,-18.11,-112.09,25.48,23.86,0.00,0.00,0.00,0.00,0.00,-0.38,603620.00,-71.09,0.00,0.00,0.00,26.86,22.14,3.06,6.41,7.86,15.83,24.97,76.76,191491068439.53,7.54,18.90,15.10,277.89,291.11,292.89,281.91,263.83,332.78,375.00,245.00,335.00,13.07,3.26,3.45,26842892327.00,6715495215.00,6986511354.00
[object Object],PFE,Pfizer Inc.,NYSE,28.39,stock,common,100.00,1.00,false,0.00,USD,-0.05,10589441.00,0.30,161842223615.36,USD,37.60,0.76,-59.83,6.05,Health technology,america,Health Technology,Neutral,Neutral,-0.05,2.73,-0.16,19.61,2.40,13.67,17.87,-35.35,-11.69,6510.65,1.64,1.61,Buy,Buy,StrongBuy,Strong buy,Neutral,Neutral,62.63,0.68,0.30,55.79,63.94,50.50,0.00,28.40,-0.04,-0.11,81281.00,0.14,10589441.00,-69.55,0.00,0.00,0.00,15.39,37.60,0.00,2.54,1.90,12.07,14.73,13.83,213639223615.36,3.35,12.62,9.09,27.87,27.96,26.98,26.14,26.33,28.57,35.75,25.00,28.00,2.97,0.68,0.76,62246115629.00,14399426006.00,15934507841.00
[object Object],RMS,Hermes International SCA,EURONEXT,1347.50,stock,common,10.00,5.00,false,0.00,EUR,-0.52,78189.00,0.73,161250293137.75,USD,31.34,49.11,0.76,1.33,Consumer non-durables,france,Consumer Non-Durables,Buy,Buy,-0.52,-1.43,-14.47,-16.41,-18.13,-36.29,-34.52,2.32,262.72,16828.56,2.65,2.59,Sell,Sell,StrongSell,Strong sell,Neutral,Neutral,31.25,-52.00,-142.18,-77.54,29.21,26.79,0.00,0.00,0.00,0.00,0.00,0.78,78189.00,-15.49,1347.50,0.00,43824.00,-37.46,31.34,41.63,8.82,7.42,24.35,29.84,11.49,149846489537.75,8.13,19.51,17.37,1362.90,1467.30,1524.73,1579.32,1756.28,2071.19,2390.49,1673.35,2048.99,52.29,23.89,26.92,19701488455.68,9303791790.00,9759444290.00
[object Object],RIO,Rio Tinto plc,LSE,7088.00,stock,common,1.00,1.00,false,0.00,GBX,0.25,2005333.00,0.77,160597328205.25,USD,12.89,7.29,13.27,4.92,Non-energy minerals,uk,Non-Energy Minerals,Neutral,Neutral,0.25,-3.12,-8.96,-0.94,8.25,18.23,45.23,45.81,180.77,725.80,1.97,2.19,Sell,Sell,StrongSell,Strong sell,Neutral,Neutral,37.84,-286.00,-216.17,-99.30,8.70,14.84,0.00,0.00,0.00,0.00,0.00,1.13,2005333.00,-66.78,7088.00,0.00,389581.00,57.85,12.89,0.97,2.52,2.34,8.16,27.25,16.23,180089107448.10,2.95,11.05,7.43,7191.70,7412.40,7294.14,7395.66,7072.47,102.76,124.91,88.19,99.94,8.50,4.09,3.89,65214194476.65,31624946429.00,32446259500.00
[object Object],SAF,Safran SA,EURONEXT,336.30,stock,common,10.00,1.00,false,0.00,EUR,0.60,518436.00,0.99,158559305517.11,USD,36.10,10.64,-9.86,1.00,Electronic technology,france,Electronic Technology,Buy,Buy,0.60,1.63,-2.80,-0.97,19.68,13.61,14.97,201.34,414.06,3011.01,2.20,2.10,Buy,Buy,StrongBuy,Strong buy,Neutral,Neutral,52.25,6.10,-6.22,120.94,81.27,77.35,0.00,0.00,0.00,0.00,0.00,1.11,518436.00,19.36,336.30,0.00,191457.00,10.18,36.10,0.00,4.14,9.61,20.87,26.71,20.99,157502428667.11,4.11,32.38,23.56,329.41,335.67,339.53,326.54,316.17,439.49,528.30,295.16,447.91,12.21,5.77,6.45,42877518793.40,19939753812.42,21354756933.11
[object Object],NEE,"NextEra Energy, Inc.",NYSE,75.77,stock,common,100.00,1.00,false,0.00,USD,0.19,8030705.00,0.67,158044149479.35,USD,17.00,4.46,55.30,3.22,Utilities,america,Utilities,Buy,Buy,0.19,-6.08,-9.98,-13.83,-16.94,-5.82,2.30,-5.31,139.48,3105.92,1.67,1.51,Sell,Sell,StrongSell,Strong sell,Buy,Buy,20.40,-6.55,-4.87,-198.68,2.17,1.59,doji,75.69,0.09,0.19,6435.00,0.20,8030705.00,-46.83,0.00,0.00,0.00,14.68,17.00,0.31,5.64,2.77,11.49,52.04,49.23,276052149479.35,9.83,36.74,18.70,79.21,82.34,84.33,86.40,87.53,102.69,114.00,91.00,103.00,4.03,1.11,1.18,30811883187.00,8108191351.00,8885163777.00
[object Object],BA,Boeing Company,NYSE,199.62,stock,common,100.00,1.00,false,0.00,USD,1.43,2886419.00,0.36,157769709021.75,USD,90.91,2.20,0.00,0.00,Electronic technology,america,Electronic Technology,StrongBuy,Strong buy,1.43,1.41,-5.74,-8.24,3.47,-8.50,-7.10,-8.91,52.09,23736.08,2.65,2.41,Sell,Sell,StrongSell,Strong sell,Sell,Sell,40.12,-10.83,-13.00,-89.33,19.66,18.56,0.00,197.90,0.56,0.35,45394.00,0.49,2886419.00,-70.01,0.00,0.00,0.00,-3.93,90.91,0.00,1.66,25.87,43.37,0.00,7.88,183668709021.75,1.95,0.00,0.00,201.23,209.18,214.40,218.49,221.09,273.59,305.00,230.00,273.50,-0.99,-0.28,-0.20,98114376247.00,24263697215.00,24965035561.00
[object Object],DHR,Danaher Corporation,NYSE,224.29,stock,common,100.00,1.00,false,0.00,USD,0.23,2181098.00,0.45,157672751787.65,USD,39.82,5.63,19.62,0.64,Health technology,america,Health Technology,StrongBuy,Strong buy,0.23,5.48,5.19,16.31,21.42,-1.98,21.61,-21.31,226.66,37550.68,2.68,2.54,Buy,Buy,StrongBuy,Strong buy,Neutral,Neutral,68.70,24.15,9.66,151.96,91.11,92.68,0.00,222.85,-0.41,-0.41,240.00,-0.18,2181098.00,-64.80,0.00,0.00,0.00,7.58,39.82,2.02,6.31,3.00,23.92,29.04,36.50,181193751787.65,7.22,34.05,23.08,215.18,211.36,205.88,194.00,201.80,230.09,310.00,195.00,230.00,8.51,1.85,1.91,26343370686.00,6120992495.00,6553641979.00
[object Object],BBVA,"Banco Bilbao Vizcaya Argentaria, S.A.",BME,25.20,stock,common,100.00,1.00,false,0.00,EUR,1.29,5523623.00,0.69,157568236245.24,USD,13.04,2.21,6.81,2.38,Finance,spain,Finance,Neutral,Neutral,1.29,0.00,1.86,17.21,37.25,26.32,53.99,355.78,366.67,90.38,1.59,1.71,Buy,Buy,StrongBuy,Strong buy,Neutral,Neutral,55.51,-0.21,0.06,48.78,44.07,40.99,0.00,0.00,0.00,0.00,0.00,1.21,5523623.00,12.15,0.00,0.00,0.00,43.65,13.04,1.89,2.44,2.35,0.00,0.00,0.00,332395462345.24,3.95,0.00,0.00,24.95,24.98,24.54,22.61,21.10,28.32,33.06,23.89,27.75,2.44,0.59,0.60,49882475277.21,11923694203.44,12278932169.72
[object Object],ABI,Anheuser-Busch InBev SA/NV,EURONEXT,67.68,stock,common,100.00,2.00,false,0.00,EUR,-0.91,1416460.00,0.73,154147063437.32,USD,17.00,4.55,23.83,1.18,Consumer non-durables,belgium,Consumer Non-Durables,StrongBuy,Strong buy,-0.91,-0.47,0.00,-8.54,14.13,24.69,32.76,35.01,-40.55,253.79,1.51,1.77,Sell,Sell,StrongSell,Strong sell,Neutral,Neutral,45.67,0.50,-0.06,-40.47,35.66,38.50,0.00,0.00,0.00,0.00,0.00,-0.26,1416460.00,1.95,67.68,0.00,728875.00,33.91,17.00,0.72,2.56,1.63,9.20,11.60,19.41,225783290849.68,3.68,14.29,10.50,68.27,67.93,69.58,70.05,65.79,95.35,111.91,75.88,94.56,4.67,2.10,0.00,67095644753.09,0.00,0.00
[object Object],IBKR,"Interactive Brokers Group, Inc. Class A",NASDAQ,90.00,stock,common,100.00,1.00,false,0.00,USD,0.20,1305733.00,0.32,153117827910.00,USD,35.83,2.51,31.74,0.36,Finance,america,Finance,Buy,Buy,0.20,0.10,-7.82,-1.58,37.40,37.59,41.71,470.98,901.11,990.91,2.79,2.83,Sell,Sell,StrongSell,Strong sell,Sell,Sell,47.36,-1.37,-0.49,-55.79,61.28,69.14,0.00,89.80,-0.02,0.41,5763.00,0.20,1305733.00,-67.18,0.00,0.00,0.00,39.90,35.83,1.13,3.58,6.87,1.85,1.85,0.39,111120827910.00,9.84,11.35,11.24,90.18,91.94,91.24,90.14,80.75,108.80,121.00,95.00,109.50,2.70,0.64,0.69,7438386665.00,1797700333.00,1898344801.00
[object Object],COP,ConocoPhillips,NYSE,127.29,stock,common,100.00,1.00,false,0.00,USD,-1.59,2269056.00,0.29,152913443802.72,USD,16.86,7.55,1.26,2.60,Energy minerals,america,Energy Minerals,Buy,Buy,-1.59,-4.22,-2.20,19.63,-4.40,35.91,33.64,90.75,217.44,5927.02,2.22,2.25,Sell,Sell,Sell,Sell,Neutral,Neutral,44.19,-10.12,-3.53,-115.37,21.87,16.40,0.00,127.00,-1.81,-1.42,3509.00,-1.50,2269056.00,-57.68,0.00,0.00,0.00,37.95,16.86,13.57,2.49,2.34,7.05,15.36,20.09,168511443802.72,2.67,12.06,6.50,131.29,132.49,127.13,120.56,115.76,146.58,189.00,126.00,147.00,10.40,2.90,2.59,70816260615.00,18786707100.00,17455792203.00
[object Object],IBE,Iberdrola SA,BME,20.33,stock,common,100.00,1.00,false,0.00,EUR,0.40,7611012.00,0.69,151923827575.47,USD,18.94,1.23,32.92,2.72,Utilities,spain,Utilities,Buy,Buy,0.40,-0.59,0.74,-5.75,5.28,10.67,30.15,119.36,239.17,514.37,1.44,1.56,Buy,Buy,StrongBuy,Strong buy,Buy,Buy,53.38,0.17,0.15,89.96,66.01,68.25,0.00,0.00,0.00,0.00,0.00,0.00,7611012.00,9.50,0.00,0.00,0.00,29.90,18.94,0.57,2.94,2.63,0.00,0.00,0.00,229285165225.47,4.43,20.01,12.37,20.22,20.08,20.36,20.39,19.85,23.60,26.75,19.35,24.02,1.19,0.29,0.27,53137053256.29,12062078056.75,12525291899.51
[object Object],BX,Blackstone Inc.,NYSE,119.17,stock,common,100.00,1.00,false,0.00,USD,1.67,1759117.00,0.45,147986593581.34,USD,26.73,4.46,20.33,4.46,Finance,america,Finance,Buy,Buy,1.67,-4.11,-16.71,4.74,10.39,-23.19,-31.90,-4.11,365.68,231.88,2.87,2.79,Sell,Sell,StrongSell,Strong sell,Neutral,Neutral,33.14,-9.34,-13.98,-114.47,9.54,10.50,downside_tasuki_gap_bearish,118.24,0.88,0.50,1036.00,0.25,1759117.00,-66.73,0.00,0.00,0.00,-32.66,26.73,1.29,5.90,16.44,45.94,48.55,34.37,172659291581.34,10.87,20.17,20.05,123.49,133.79,133.61,126.78,129.42,143.43,184.00,119.00,138.00,6.02,1.34,1.36,14479943962.00,3421581961.00,3447806363.00
[object Object],DTE,Deutsche Telekom AG,XETR,27.00,stock,common,100.00,1.00,false,0.00,EUR,0.41,6901610.00,0.95,146306783639.59,USD,15.11,2.04,-30.39,3.72,Communications,germany,Communications,StrongBuy,Strong buy,0.41,-2.53,-7.53,2.82,-15.09,-3.40,-5.26,54.11,80.60,66.87,2.16,2.13,Sell,Sell,StrongSell,Strong sell,Buy,Buy,38.75,-1.59,-1.22,-130.12,15.03,12.77,0.00,26.99,0.37,0.07,11400.00,-0.19,6901610.00,41.37,27.08,0.30,2424150.00,-7.48,15.11,0.00,1.07,2.14,3.19,4.49,24.19,337020154339.59,2.45,10.96,5.73,27.72,28.27,28.02,27.65,28.70,40.89,45.53,31.99,40.47,2.65,0.64,0.69,144479460349.72,34203209410.89,34647157117.31
[object Object],UBSG,UBS Group AG,SIX,40.80,stock,common,100.00,1.00,false,0.00,CHF,3.50,7627501.00,0.87,144163869480.26,USD,17.52,2.88,43.15,2.17,Finance,switzerland,Finance,Neutral,Neutral,3.50,-2.37,-6.21,1.49,37.70,9.38,23.64,180.61,200.88,102.81,3.00,2.41,Sell,Sell,Sell,Sell,Neutral,Neutral,39.31,-3.76,-2.51,-90.76,16.47,10.91,0.00,0.00,0.00,0.00,0.00,2.00,7627501.00,2.49,40.80,0.00,2067565.00,18.40,17.52,0.39,2.84,1.74,0.00,0.00,0.00,325849984885.34,4.12,0.00,0.00,41.23,43.02,43.00,41.04,37.35,53.55,74.35,41.42,52.95,3.80,0.90,0.92,55830186794.06,13401239351.00,13149611220.00
[object Object],TJX,TJX Companies Inc,NYSE,130.38,stock,common,100.00,1.00,false,0.00,USD,-0.95,4298289.00,0.41,143414615312.22,USD,24.11,5.41,23.38,1.38,Retail trade,america,Retail Trade,Buy,Buy,-0.95,3.13,-6.34,-16.44,-17.12,-14.92,-7.45,82.35,244.69,73560.60,2.12,1.94,Sell,Sell,Sell,Sell,Sell,Sell,41.14,4.36,-6.26,10.56,82.40,80.18,long_lower_shadow_bullish,130.53,-0.84,0.43,2131.00,-0.92,4298289.00,-47.16,0.00,0.00,0.00,-10.03,24.11,1.04,2.36,13.48,18.13,24.78,24.26,151727615312.22,2.43,19.54,16.70,128.26,133.96,143.24,149.77,153.14,171.58,198.00,140.00,175.00,5.28,1.19,1.35,64018909685.00,15164146314.00,15860046662.00
[object Object],ISRG,"Intuitive Surgical, Inc.",NASDAQ,402.95,stock,common,100.00,1.00,false,0.00,USD,0.86,1315822.00,0.52,142353384582.28,USD,46.18,8.73,21.75,0.00,Health technology,america,Health Technology,Buy,Buy,0.86,5.62,9.35,0.87,-13.42,-28.91,-8.50,16.25,412.09,20047.54,2.45,2.79,Buy,Buy,StrongBuy,Strong buy,Sell,Sell,64.34,33.80,17.46,111.51,92.93,93.35,0.00,396.89,-0.66,-0.33,4530.00,-0.47,1315822.00,-15.95,0.00,0.00,0.00,-11.65,46.18,2.10,12.94,7.85,38.84,44.68,27.44,137236184582.28,12.44,39.76,32.79,391.88,379.63,373.89,396.49,450.89,479.86,685.00,324.00,484.00,10.80,2.51,2.64,11761981793.00,2825330490.00,2907761315.00
[object Object],NOW,"ServiceNow, Inc.",NYSE,136.70,stock,common,100.00,1.00,false,0.00,USD,-0.78,3789931.00,0.30,141347798747.89,USD,85.37,1.60,0.77,0.00,Technology services,america,Technology Services,StrongBuy,Strong buy,-0.78,-2.15,11.75,51.15,33.18,-10.70,-26.30,3.58,786.17,2777.89,3.56,4.03,Neutral,Neutral,Buy,Buy,Sell,Sell,52.85,4.17,4.77,-31.71,46.74,47.06,0.00,137.40,-0.28,0.00,95642.00,-0.38,3789931.00,-60.43,0.00,0.00,0.00,-29.93,85.37,111.16,9.67,11.29,26.64,30.87,30.26,145127798747.89,9.85,72.53,48.65,138.79,134.73,125.81,114.46,116.64,145.87,248.00,72.00,145.00,4.07,0.86,1.02,16210143585.00,3927172702.00,4095632376.00
[object Object],UBER,"Uber Technologies, Inc.",NYSE,69.17,stock,common,100.00,1.00,false,0.00,USD,-0.07,5750217.00,0.30,141283890188.17,USD,15.20,4.55,-22.81,0.00,Transportation,america,Transportation,StrongBuy,Strong buy,-0.07,-2.43,-15.19,-4.86,-1.34,-15.69,-28.91,47.89,64.69,64.69,2.06,2.59,Sell,Sell,StrongSell,Strong sell,Neutral,Neutral,36.22,-2.50,-4.83,-97.79,8.57,9.26,spinning_top_black,69.31,0.13,0.29,151763.00,0.07,5750217.00,-60.29,0.00,0.00,0.00,-29.90,15.20,0.00,2.57,5.17,13.60,14.02,23.43,151045890188.17,2.74,20.53,18.57,70.49,74.24,73.29,73.14,75.15,101.35,150.00,70.00,100.00,3.37,0.80,0.86,57823415255.00,14235232688.00,14679701517.00
[object Object],UCG,UniCredit S.p.A.,MIL,83.95,stock,common,100.00,1.00,false,0.00,EUR,2.15,3573444.00,0.65,140981658785.87,USD,0.00,0.00,0.00,3.53,Finance,italy,Finance,Buy,Buy,2.15,0.93,-0.89,8.46,36.90,17.96,30.84,666.67,686.68,-36.27,2.02,2.05,StrongBuy,Strong buy,StrongBuy,Strong buy,Neutral,Neutral,51.82,-1.22,-0.57,17.81,44.71,45.19,0.00,0.00,0.00,0.00,0.00,1.22,3573444.00,-3.39,83.95,0.00,7103.00,20.98,0.00,0.00,4.87,1.93,0.00,0.00,0.00,350508347535.87,12.06,0.00,0.00,83.14,83.72,83.46,79.79,74.44,112.28,142.18,88.29,110.59,8.67,2.11,2.16,31076773067.68,7455193260.03,7382903083.86
[object Object],ENR,Siemens Energy AG,XETR,142.60,stock,common,100.00,2.00,false,0.00,EUR,0.35,1752256.00,0.84,137721761469.47,USD,45.99,3.54,186.97,0.49,Producer manufacturing,germany,Producer Manufacturing,Buy,Buy,0.35,0.00,-6.04,-11.43,-4.17,17.37,42.60,494.17,547.89,547.89,2.62,3.17,Sell,Sell,Sell,Sell,Neutral,Neutral,47.09,-1.66,-4.13,30.70,61.77,65.71,0.00,144.66,1.80,1.31,1671.00,1.65,1752256.00,22.89,143.10,0.35,730910.00,47.21,45.99,0.25,2.92,11.40,12.99,16.07,11.05,129011913069.47,2.70,28.66,20.42,140.30,145.93,148.21,155.32,152.84,228.50,357.44,113.83,233.36,5.23,1.34,1.57,51815967695.34,12786715117.62,14415121043.30
[object Object],ISP,Intesa Sanpaolo S.p.A.,MIL,6.79,stock,common,1000.00,1.00,false,0.00,EUR,0.95,36407370.00,0.85,135066761686.46,USD,12.34,0.63,8.03,5.59,Finance,italy,Finance,Buy,Buy,0.95,-0.38,-1.25,13.27,32.32,14.66,26.22,180.79,228.24,109.63,1.49,1.60,Buy,Buy,StrongBuy,Strong buy,Neutral,Neutral,54.28,-0.04,-0.02,100.05,70.12,68.10,0.00,0.00,0.00,0.00,0.00,1.34,36407370.00,17.26,6.79,0.00,31332.00,21.09,12.34,1.52,3.22,1.99,0.00,0.00,0.00,284513016286.46,5.40,0.00,0.00,6.74,6.76,6.71,6.31,6.00,8.52,9.00,7.68,8.42,0.69,0.16,0.17,33939864394.21,7957863638.15,8064656368.45
[object Object],GLW,Corning Inc,NYSE,155.91,stock,common,100.00,1.00,false,0.00,USD,1.14,2338147.00,0.26,134294738477.59,USD,71.51,2.18,130.83,0.73,Electronic technology,america,Electronic Technology,Buy,Buy,1.14,2.57,6.06,-30.53,15.14,75.35,99.67,306.53,577.85,2627.23,4.03,4.10,Buy,Buy,Buy,Buy,Neutral,Neutral,51.06,-10.50,0.82,26.12,45.03,51.11,"doji_star_bearish,doji",155.61,0.95,1.52,51303.00,1.20,2338147.00,-56.71,0.00,0.00,0.00,89.75,71.51,0.54,7.95,11.25,34.84,56.96,54.33,141729738477.59,8.35,50.69,33.55,151.25,153.84,152.76,172.48,148.85,193.87,238.00,129.00,199.00,3.29,0.76,0.88,19230444662.00,4630208867.00,4999016396.00
[object Object],ULVR,Unilever PLC,LSE,4664.50,stock,common,10.00,5.00,false,0.00,GBX,-0.93,5009718.00,1.34,133997620868.55,USD,20.92,2.96,5.37,3.50,Consumer non-durables,uk,Consumer Non-Durables,Neutral,Neutral,-0.93,0.92,-2.26,1.67,3.66,-3.85,-6.62,3.53,16.40,477.65,1.40,1.56,Sell,Sell,Sell,Sell,Neutral,Neutral,49.47,113.00,18.74,-3.62,66.96,64.52,0.00,0.00,0.00,0.00,0.00,-0.56,5009718.00,163.87,4664.50,0.00,746111.00,-10.84,20.92,3.93,2.57,7.20,13.80,16.23,19.55,166058410303.47,3.13,15.43,13.81,4662.25,4677.50,4684.81,4533.24,4654.40,68.67,79.62,51.96,68.47,3.75,1.83,1.88,60100713384.65,29146513260.00,29782435255.03
[object Object],VRTX,Vertex Pharmaceuticals Incorporated,NASDAQ,522.64,stock,common,100.00,1.00,false,0.00,USD,0.05,249245.00,0.23,132468817638.40,USD,30.41,17.19,22.86,0.00,Health technology,america,Health Technology,Buy,Buy,0.05,1.22,-4.95,8.32,15.90,15.03,36.39,185.28,480.39,11514.22,2.62,2.07,Buy,Buy,StrongBuy,Strong buy,Neutral,Neutral,51.03,7.20,-12.76,-23.81,42.56,31.25,"doji_star_bearish,doji",524.76,0.46,0.19,341.00,0.03,249245.00,-73.51,0.00,0.00,0.00,31.17,30.41,1.33,10.50,6.54,31.07,35.14,16.96,126583417638.40,9.97,25.21,24.15,515.92,530.63,514.24,486.46,471.83,574.78,672.00,350.00,580.00,18.67,4.74,4.76,13230639225.00,3230551825.00,3406125072.00
[object Object],PLD,"Prologis, Inc.",NYSE,133.01,stock,common,100.00,1.00,false,0.00,USD,-0.61,1041541.00,0.29,128923290198.30,USD,29.62,4.49,22.35,3.11,Finance,america,Finance,Buy,Buy,-0.61,-0.27,-7.24,-5.97,2.93,4.13,17.79,3.31,146.04,779.11,1.23,1.43,StrongSell,Strong sell,StrongSell,Strong sell,Sell,Sell,35.88,-2.74,-3.47,-108.59,12.96,25.74,0.00,134.74,0.69,0.29,2143.00,0.09,1041541.00,-62.32,0.00,0.00,0.00,21.11,29.62,1.33,13.95,2.31,24.31,29.12,72.18,168708473198.30,18.36,47.58,26.85,134.73,138.02,140.39,141.68,137.90,159.75,170.00,140.00,161.00,3.68,0.75,0.78,8609612429.00,2161330400.00,2172292500.00
[object Object],CB,Chubb Limited,NYSE,334.14,stock,common,100.00,1.00,false,0.00,USD,-0.21,537796.00,0.33,128911155525.31,USD,11.82,28.26,24.68,1.17,Finance,america,Finance,Buy,Buy,-0.21,-1.55,-2.51,-0.26,2.86,7.63,19.45,87.89,167.65,3432.76,1.27,1.37,Sell,Sell,StrongSell,Strong sell,Sell,Sell,38.91,-4.11,-5.06,-163.00,12.41,14.87,0.00,334.84,0.00,0.00,145.00,0.12,537796.00,-54.08,0.00,0.00,0.00,20.35,11.82,0.48,2.11,1.71,7.65,7.65,0.00,157528155525.31,2.54,0.00,0.00,338.50,340.28,344.92,337.81,329.31,368.30,425.00,306.00,369.00,27.69,6.77,6.34,59405365660.00,15074412500.00,15675638750.00
[object Object],FTNT,"Fortinet, Inc.",NASDAQ,174.93,stock,common,100.00,1.00,false,0.00,USD,-2.09,1230401.00,0.25,128348522763.93,USD,61.64,2.84,13.26,0.00,Technology services,america,Technology Services,Neutral,Neutral,-2.09,1.43,15.47,15.99,119.51,118.74,110.86,183.55,2321.51,10190.00,3.46,4.32,Buy,Buy,StrongBuy,Strong buy,Neutral,Neutral,59.38,18.86,12.19,84.17,88.88,92.70,0.00,177.72,-0.53,-0.05,27446.00,-0.77,1230401.00,-67.27,0.00,0.00,0.00,93.12,61.64,4.75,17.56,82.73,38.11,41.52,31.80,124775822763.93,16.58,51.21,48.07,173.86,163.37,161.59,151.00,116.19,168.18,220.00,107.00,172.50,3.45,0.75,0.86,8118150129.00,1888476165.00,2061480190.00
[object Object],NEM,Newmont Corporation,NYSE,121.14,stock,common,100.00,1.00,false,0.00,USD,-0.14,1715843.00,0.23,127639015216.60,USD,15.30,7.92,42.18,0.84,Non-energy minerals,america,Non-Energy Minerals,Buy,Buy,-0.14,-2.31,-8.67,26.26,22.59,19.95,45.09,124.87,206.36,1076.56,2.62,2.78,Neutral,Neutral,Sell,Sell,Neutral,Neutral,47.75,-5.67,-1.83,-120.32,19.07,33.33,spinning_top_white,121.09,-0.18,-0.28,40905.00,-0.24,1715843.00,-66.45,0.00,0.00,0.00,44.86,15.30,0.36,5.12,3.64,10.24,13.28,14.35,124398015216.60,4.92,9.11,7.57,123.31,125.72,115.49,109.47,111.03,139.53,170.00,112.00,138.86,9.45,1.99,2.16,26737969721.00,6353499331.00,6249774814.00
[object Object],BMY,Bristol-Myers Squibb Company,NYSE,62.27,stock,common,100.00,1.00,false,0.00,USD,1.25,4423869.00,0.33,127199838117.70,USD,13.72,4.54,83.17,4.08,Health technology,america,Health Technology,Buy,Buy,1.25,-0.70,-8.07,12.40,4.46,17.03,40.95,3.59,10.68,2960.70,1.72,1.79,Sell,Sell,Sell,Sell,Neutral,Neutral,40.83,-1.37,-2.87,-94.97,15.12,8.26,0.00,61.52,0.03,-0.15,1164.00,0.41,4423869.00,-70.32,0.00,0.00,0.00,40.57,13.72,0.16,2.56,5.70,9.98,11.15,11.52,161185838117.70,3.28,10.13,8.40,62.71,65.03,64.34,60.61,59.13,66.57,82.00,40.00,66.00,6.95,1.60,1.73,49649982562.00,11738871544.00,12615892005.00
[object Object],INVE_B,Investor AB Class B,OMXSTO,411.45,stock,common,100.00,5.00,false,0.00,SEK,0.64,2302162.00,0.81,124869012531.90,USD,4.80,8.80,1024.26,1.33,Finance,sweden,Finance,Neutral,Neutral,0.64,1.34,-0.99,4.03,18.37,24.16,43.59,108.01,425.81,1249.02,1.28,1.25,StrongBuy,Strong buy,StrongBuy,Strong buy,Buy,Buy,57.05,8.90,0.03,121.45,79.54,80.88,0.00,0.00,0.00,0.00,0.00,0.99,2302162.00,16.25,0.00,0.00,0.00,42.43,4.80,0.00,6.39,1.16,52.74,60.98,64.68,135572656531.90,6.73,4.91,0.00,405.74,408.56,409.83,397.43,374.88,42.30,46.16,34.30,43.74,5.24,0.00,0.00,7372976302.00,0.00,0.00
[object Object],BNP,BNP Paribas S.A. Class A,EURONEXT,99.30,stock,common,100.00,1.00,false,0.00,EUR,0.88,1845774.00,0.80,123697497073.34,USD,8.59,13.20,22.65,5.24,Finance,france,Finance,Buy,Buy,0.88,-4.06,-5.88,-2.65,20.29,23.45,27.62,82.44,111.48,376.93,2.29,2.11,Sell,Sell,StrongSell,Strong sell,Sell,Sell,37.66,-4.46,-4.43,-150.36,27.77,24.09,0.00,0.00,0.00,0.00,0.00,1.21,1845774.00,-47.11,99.30,0.00,1104555.00,25.06,8.59,0.38,1.00,0.91,6.33,7.68,0.00,924579206423.34,5.22,0.00,0.00,101.13,103.57,105.90,101.27,94.47,137.23,156.93,111.93,137.31,13.80,0.00,0.00,64785060493.83,0.00,0.00
[object Object],PH,Parker-Hannifin Corporation,NYSE,976.12,stock,common,100.00,1.00,false,0.00,USD,0.12,295986.00,0.50,123100844646.23,USD,34.26,28.49,5.02,0.78,Producer manufacturing,america,Producer Manufacturing,Buy,Buy,0.12,5.51,-4.78,-0.64,8.45,10.72,31.64,237.78,705.58,28716.14,1.92,2.13,Buy,Buy,StrongBuy,Strong buy,Neutral,Neutral,53.17,25.89,-24.03,84.66,91.46,85.97,spinning_top_white,0.00,0.00,0.00,0.00,-0.10,295986.00,-46.41,0.00,0.00,0.00,24.37,34.26,6.82,5.80,7.98,28.59,31.95,249.00,131341844646.23,6.11,27.83,23.22,948.67,977.92,987.89,948.36,942.82,1179.22,1358.00,850.00,1214.00,35.25,8.31,8.16,23050717952.00,5573716523.00,5531362008.00
[object Object],COF,Capital One Financial Corp,NYSE,200.11,stock,common,100.00,1.00,false,0.00,USD,1.78,1916982.00,0.48,122764444158.53,USD,12.39,16.15,731.42,1.63,Finance,america,Finance,Buy,Buy,1.78,-0.59,-7.46,-2.43,11.36,-18.11,-10.28,19.33,180.93,3652.10,2.35,2.21,Sell,Sell,StrongSell,Strong sell,Neutral,Neutral,38.88,-8.19,-13.36,-102.82,12.47,9.08,0.00,197.59,0.50,0.87,1521.00,0.24,1916982.00,-48.02,0.00,0.00,0.00,-14.95,12.39,0.02,1.97,1.08,3.95,4.18,0.00,162134444158.53,2.06,0.00,0.00,201.95,211.52,212.03,202.38,206.70,259.48,300.00,230.00,254.00,20.43,4.79,5.47,63916482526.00,15758436961.00,16269890550.00
[object Object],BKNG,Booking Holdings Inc.,NASDAQ,163.16,stock,common,100.00,1.00,false,0.00,USD,3.66,4317190.00,0.43,122599001019.78,USD,18.05,9.04,57.21,1.02,Consumer services,america,Consumer Services,StrongBuy,Strong buy,3.66,-3.54,-23.91,-8.03,-2.85,-23.85,-26.14,63.55,180.81,739.33,4.27,3.46,Sell,Sell,StrongSell,Strong sell,Neutral,Neutral,32.66,-10.75,-29.56,-87.36,9.17,6.48,0.00,158.84,0.91,0.01,17713.00,0.50,4317190.00,-54.56,0.00,0.00,0.00,-28.50,18.05,0.30,4.29,0.00,12.74,13.17,7.18,125785001019.78,4.45,12.67,11.82,166.57,188.41,191.23,180.30,183.90,238.80,301.00,188.00,240.00,10.45,2.43,4.48,29267391561.00,7196293969.00,9543538668.00
[object Object],AI,Air Liquide SA,EURONEXT,167.50,stock,common,100.00,2.00,false,0.00,EUR,-0.37,583503.00,0.74,121819959223.01,USD,30.14,6.35,3.14,2.00,Process industries,france,Process Industries,Buy,Buy,-0.37,1.84,-0.37,-2.06,6.53,15.50,6.50,54.75,178.28,1009.45,1.34,1.48,Sell,Sell,Sell,Sell,Neutral,Neutral,47.80,0.98,-1.49,-20.75,46.54,43.38,0.00,0.00,0.00,0.00,0.00,0.05,583503.00,20.32,167.50,0.00,346629.00,2.47,30.14,9.64,3.96,4.02,19.94,70.16,51.83,139957626938.01,4.53,21.36,14.69,166.43,168.14,170.09,169.13,161.76,223.91,258.40,184.41,227.67,7.55,3.53,3.81,33108955064.32,15812898233.61,16096723615.00
[object Object],CFR,Compagnie Financiere Richemont SA,SIX,171.40,stock,common,100.00,5.00,false,0.00,CHF,0.47,458373.00,0.45,120903089288.24,USD,31.18,6.88,24.56,1.76,Consumer durables,switzerland,Consumer Durables,Buy,Buy,0.47,0.23,-8.95,-8.02,23.09,-0.06,15.58,68.87,187.58,469.44,1.74,2.13,Sell,Sell,Sell,Sell,Sell,Sell,36.76,-3.60,-11.92,-50.85,21.43,18.01,0.00,0.00,0.00,0.00,0.00,1.11,458373.00,-19.88,171.40,0.00,247898.00,13.28,31.18,1.26,4.83,4.52,22.44,28.25,6.34,116817033004.09,4.48,21.57,16.03,170.54,180.55,186.19,179.96,167.49,262.70,300.62,204.41,268.59,8.80,3.72,4.12,29653454187.65,13354278123.69,13556995833.71
[object Object],BATS,British American Tobacco p.l.c.,LSE,4180.00,stock,common,1.00,1.00,false,0.00,GBX,-1.48,2124546.00,0.50,120639261044.14,USD,14.37,3.86,110.69,5.72,Consumer non-durables,uk,Consumer Non-Durables,Buy,Buy,-1.48,-0.36,1.26,-11.67,-3.13,0.26,6.85,56.55,-13.19,1186.15,1.78,2.09,Sell,Sell,StrongSell,Strong sell,Neutral,Neutral,48.48,80.00,37.81,51.60,72.41,71.02,0.00,0.00,0.00,0.00,0.00,-0.35,2124546.00,-43.69,4180.00,0.00,1045270.00,2.72,14.37,0.13,3.58,1.87,15.21,16.85,35.91,163896727044.14,4.80,12.64,9.89,4199.60,4157.03,4286.02,4439.63,4387.20,69.37,75.63,51.32,70.23,4.87,2.19,2.59,35244725974.02,16256617200.44,18302793197.14
[object Object],LMT,Lockheed Martin Corporation,NYSE,517.45,stock,common,100.00,1.00,false,0.00,USD,-1.19,548341.00,0.44,119422679592.96,USD,19.07,27.13,52.77,2.61,Electronic technology,america,Electronic Technology,Buy,Buy,-1.19,-3.64,-7.43,2.41,-17.30,7.08,5.69,48.28,110.28,14689.14,2.28,2.22,StrongSell,Strong sell,StrongSell,Strong sell,Sell,Sell,36.18,-6.74,-28.38,-118.87,22.67,26.34,0.00,526.79,0.59,-0.09,2327.00,0.08,548341.00,-34.22,0.00,0.00,0.00,11.49,19.07,0.37,1.57,13.57,11.50,13.70,31.54,136169679592.96,1.77,14.99,12.64,529.51,548.51,557.27,539.06,562.00,638.70,756.00,503.00,624.50,30.44,7.19,7.54,80976132058.00,19339115313.00,20445482913.00
[object Object],PGR,Progressive Corporation,NYSE,205.34,stock,common,100.00,1.00,false,0.00,USD,1.57,1165539.00,0.35,119323067905.92,USD,10.29,19.95,12.30,6.88,Finance,america,Finance,Neutral,Neutral,1.57,-4.07,-7.55,-6.02,1.03,-4.20,-14.84,124.51,562.60,384093.69,2.63,1.84,Sell,Sell,StrongSell,Strong sell,Buy,Buy,37.77,-12.28,-8.35,-158.47,9.56,8.02,0.00,202.20,0.01,0.01,755.00,0.16,1165539.00,-77.07,0.00,0.00,0.00,-12.68,10.29,0.82,1.30,3.47,7.34,7.52,0.00,127710067905.92,1.40,0.00,0.00,211.89,215.61,214.14,210.88,209.68,234.10,302.00,200.00,233.00,18.03,4.64,4.15,88380980789.00,19486686350.00,22538160060.00
[object Object],SPGI,"S&P Global, Inc.",NYSE,403.26,stock,common,100.00,1.00,false,0.00,USD,0.00,611200.00,0.37,118881043077.88,USD,24.56,16.42,26.22,0.96,Commercial services,america,Commercial Services,StrongBuy,Strong buy,0.00,0.46,-6.35,7.89,4.50,-18.30,-12.87,-5.55,243.66,14261.00,2.04,2.29,Sell,Sell,StrongSell,Strong sell,Neutral,Neutral,40.09,-7.45,-16.37,-83.89,9.25,7.75,0.00,402.00,-0.31,-0.06,2441.00,-0.25,611200.00,-58.58,0.00,0.00,0.00,-22.83,24.56,0.94,7.39,3.77,20.80,21.38,28.78,135627043077.88,8.41,18.87,16.16,406.72,421.95,421.60,412.42,425.99,519.05,553.00,485.00,521.00,17.87,4.81,4.43,14853040472.00,4093128224.00,3634687377.00
[object Object],BP.,BP PLC,LSE,558.50,stock,common,10.00,1.00,false,0.00,GBX,-2.33,81736236.00,1.65,116719283933.57,USD,21.87,0.34,959.75,4.38,Energy minerals,uk,Energy Minerals,Buy,Buy,-2.33,-0.57,6.65,17.06,-3.82,29.28,27.91,72.16,30.38,143.36,2.67,2.72,Buy,Buy,StrongBuy,Strong buy,Sell,Sell,53.84,-6.10,8.82,22.47,66.80,55.55,0.00,0.00,0.00,0.00,0.00,-2.17,81736236.00,65.93,558.50,0.00,6397619.00,32.94,21.87,0.02,0.55,1.97,4.02,7.23,3.12,169927541609.38,0.79,7.17,4.14,561.37,546.40,540.91,528.64,512.65,8.47,10.50,6.68,8.67,1.14,0.31,0.31,229030467598.19,62236026570.00,57985089779.00
[object Object],MO,"Altria Group, Inc.",NYSE,68.76,stock,common,100.00,1.00,false,0.00,USD,-0.17,2592936.00,0.30,114811585744.41,USD,14.48,4.75,-8.23,6.16,Consumer non-durables,america,Consumer Non-Durables,Neutral,Neutral,-0.17,-0.84,0.54,-6.44,5.78,19.25,4.58,41.19,6.82,148635.87,1.52,1.69,Sell,Sell,Sell,Sell,Sell,Sell,49.29,-0.22,0.95,-73.83,40.17,38.38,falling_window_bearish,68.53,-0.51,-0.11,11556.00,-0.55,2592936.00,-64.88,0.00,0.00,0.00,6.49,14.48,0.00,5.62,0.00,12.21,12.60,48.51,137071585744.41,6.70,9.36,9.21,69.35,68.31,68.96,70.24,67.13,69.90,82.00,58.00,70.50,5.68,1.50,1.51,20556363549.00,5345206878.00,5316054825.00
[object Object],MDT,Medtronic Plc,NYSE,88.37,stock,common,100.00,1.00,false,0.00,USD,-0.16,6674047.00,0.66,113037411650.24,USD,21.76,4.06,12.15,3.22,Health technology,america,Health Technology,Buy,Buy,-0.16,-4.24,-2.98,10.68,1.20,-7.99,-7.24,-31.89,1.25,28090.27,2.15,2.21,Sell,Sell,Sell,Sell,Neutral,Neutral,39.65,-2.59,-1.52,-204.46,9.52,11.51,0.00,88.04,-0.53,-0.11,16717.00,-1.02,6674047.00,-39.15,0.00,0.00,0.00,-3.37,21.76,1.79,3.03,2.25,14.13,18.52,12.88,132989411650.24,3.54,17.78,12.76,91.37,91.79,89.46,84.34,88.96,104.00,118.00,85.00,105.00,5.98,1.39,1.33,39054004291.00,9545805536.00,9482441338.00
[object Object],CVS,CVS Health Corporation,NYSE,88.15,stock,common,100.00,1.00,false,0.00,USD,3.64,5825949.00,0.69,112741239244.71,USD,23.27,3.79,5.68,3.13,Retail trade,america,Retail Trade,StrongBuy,Strong buy,3.64,-2.15,-5.37,-15.94,23.98,11.19,14.90,4.31,-2.14,13058.25,2.29,2.27,Sell,Sell,StrongSell,Strong sell,Buy,Buy,36.71,-6.51,-6.69,-106.71,10.90,5.62,0.00,85.19,0.16,-0.06,4847.00,0.35,5825949.00,-21.09,0.00,0.00,0.00,19.57,23.27,3.95,0.26,1.41,7.68,9.65,8.13,175286239244.71,0.42,11.92,9.11,89.46,93.08,97.05,97.42,87.50,114.58,125.00,101.00,115.50,8.02,1.85,1.65,416517898596.00,100028332623.00,104493625880.00
[object Object],PDD,PDD Holdings Inc. Sponsored ADR Class A,NASDAQ,77.66,dr,0.00,100.00,1.00,false,0.00,USD,-0.69,1937916.00,0.29,111309598985.00,USD,8.61,9.02,-1.70,0.00,Retail trade,america,Retail Trade,Buy,Buy,-0.69,-0.40,-11.57,7.80,-22.75,-33.18,-40.34,-16.37,193.06,193.06,1.61,1.93,Sell,Sell,StrongSell,Strong sell,Neutral,Neutral,37.25,-0.15,-4.44,-81.14,21.45,31.74,0.00,78.12,-0.10,-0.49,30167.00,0.00,1937916.00,-52.12,0.00,0.00,0.00,-37.69,8.61,0.00,1.79,1.68,7.21,0.00,1.45,33371083937.99,0.52,2.33,0.00,78.76,82.46,84.50,85.70,95.41,114.60,150.55,85.31,114.42,10.20,2.72,2.82,69488428608.83,16939381530.03,17288440357.46
[object Object],VLO,Valero Energy Corporation,NYSE,377.12,stock,common,100.00,1.00,false,0.00,USD,-1.50,1836924.00,0.37,108583199453.47,USD,15.64,24.11,899.64,1.24,Energy minerals,america,Energy Minerals,Buy,Buy,-1.50,-8.47,12.31,48.79,52.15,131.01,120.42,445.68,577.42,21968.73,5.43,3.88,Neutral,Neutral,Buy,Buy,Sell,Sell,53.00,-13.30,21.20,-28.67,29.11,32.98,0.00,377.59,-1.38,-1.32,4974.00,-1.27,1836924.00,-50.71,0.00,0.00,0.00,135.55,15.64,0.02,0.81,4.34,10.16,10.96,14.03,115297199453.47,0.83,10.86,8.33,391.53,370.01,346.37,301.74,254.64,367.11,457.00,260.00,372.50,48.01,10.11,18.92,152181506543.00,39468983320.00,40155424097.00
[object Object],MPC,Marathon Petroleum Corporation,NYSE,386.18,stock,common,100.00,1.00,false,0.00,USD,-1.22,857300.00,0.22,108448900533.06,USD,13.30,29.05,330.27,1.02,Energy minerals,america,Energy Minerals,Buy,Buy,-1.22,-8.11,10.09,52.65,56.14,137.14,99.99,513.08,808.87,1932.53,4.78,3.55,Neutral,Neutral,Buy,Buy,Neutral,Neutral,51.96,-9.75,18.43,-60.11,18.56,22.98,spinning_top_white,383.06,-2.02,-1.14,2986.00,-1.52,857300.00,-59.00,0.00,0.00,0.00,111.62,13.30,0.04,0.74,5.73,6.54,8.68,14.42,141615900533.06,0.92,10.95,8.72,402.56,383.42,356.43,308.55,256.29,383.71,472.00,297.00,385.00,56.55,14.27,22.70,176450588436.00,40865657701.00,45154140658.00
[object Object],ACN,Accenture Plc Class A,NYSE,177.17,stock,common,100.00,1.00,false,0.00,USD,-0.14,2165092.00,0.42,108417790946.69,USD,14.15,12.52,-0.34,3.68,Technology services,america,Technology Services,Buy,Buy,-0.14,-6.05,-2.84,40.33,-9.14,-34.09,-25.71,-47.51,57.55,1073.31,3.99,3.22,Sell,Sell,StrongSell,Strong sell,Sell,Sell,45.19,-6.73,0.27,-122.62,17.51,28.45,0.00,177.73,0.18,0.06,11638.00,-0.16,2165092.00,-53.33,0.00,0.00,0.00,-25.73,14.15,0.00,1.49,3.40,8.27,8.67,10.72,108252140946.69,1.48,9.57,8.30,185.76,184.03,175.35,167.13,197.98,190.05,275.00,130.00,190.00,13.86,3.71,3.18,73561411187.00,18777999773.00,18031353199.00
[object Object],SBUX,Starbucks Corporation,NASDAQ,94.22,stock,common,100.00,1.00,false,0.00,USD,0.61,2794011.00,0.36,107416501750.68,USD,54.33,1.73,-24.99,2.65,Consumer services,america,Consumer Services,Buy,Buy,0.61,-2.27,-11.22,-8.92,3.82,11.87,11.45,-17.07,73.57,28616.19,2.01,2.04,Sell,Sell,StrongSell,Strong sell,Buy,Buy,28.45,-4.52,-8.36,-93.41,8.52,8.40,spinning_top_white,94.09,0.47,0.03,20377.00,0.48,2794011.00,-61.37,0.00,0.00,0.00,13.66,54.33,0.00,2.80,0.00,21.62,29.59,29.85,126247501750.68,3.29,32.90,22.94,95.75,102.05,103.24,102.97,98.49,113.44,143.00,81.00,115.00,2.61,0.66,0.71,37987137258.00,9174497120.00,9213369774.00
[object Object],HOOD,"Robinhood Markets, Inc. Class A",NASDAQ,119.21,stock,common,100.00,1.00,false,0.00,USD,-1.33,8978330.00,0.38,107179599284.93,USD,52.79,2.26,14.70,0.00,Finance,america,Finance,Buy,Buy,-1.33,5.18,8.27,27.89,73.93,3.23,-3.34,166.69,213.71,213.71,3.64,5.25,Buy,Buy,StrongBuy,Strong buy,Neutral,Neutral,57.07,6.64,14.10,51.10,76.71,82.68,engulfing_bearish,121.60,0.65,0.46,261070.00,0.67,8978330.00,-40.02,0.00,0.00,0.00,-3.02,52.79,3.64,22.08,11.30,0.00,0.00,18.45,129035599284.93,25.85,58.47,56.15,116.91,110.35,104.24,98.40,94.63,133.77,170.00,80.00,137.00,2.15,0.43,0.52,5257667026.00,1286601143.00,1368877778.00
[object Object],LOW,"Lowe's Companies, Inc.",NYSE,189.00,stock,common,100.00,1.00,false,0.00,USD,0.27,1196647.00,0.35,106039212135.56,USD,15.98,11.83,-2.84,2.57,Retail trade,america,Retail Trade,Buy,Buy,0.27,-2.22,-12.13,-15.07,-19.67,-21.74,-25.86,-8.97,162.79,37232.96,2.31,1.97,Sell,Sell,StrongSell,Strong sell,Neutral,Neutral,32.98,-7.82,-13.88,-137.13,11.41,20.35,spinning_top_white,188.10,-0.21,0.59,3396.00,-0.07,1196647.00,-68.03,0.00,0.00,0.00,-27.39,15.98,0.00,1.17,0.00,11.43,15.12,31.07,144655212135.56,1.60,14.17,11.41,192.95,203.11,207.07,212.51,233.16,251.77,290.00,191.00,254.00,12.28,4.22,2.87,92186860743.00,26132272428.00,22414062254.00
[object Object],ADP,"Automatic Data Processing, Inc.",NASDAQ,264.28,stock,common,100.00,1.00,false,0.00,USD,0.44,495564.00,0.19,104988595402.05,USD,24.15,10.94,9.62,2.52,Technology services,america,Technology Services,Neutral,Neutral,0.44,-2.70,-5.91,21.11,29.88,2.82,-9.46,31.23,200.63,32545.42,2.14,1.77,Neutral,Neutral,Sell,Sell,Buy,Buy,40.88,-3.98,-7.85,-104.66,10.47,12.70,0.00,0.00,0.00,0.00,0.00,-0.46,495564.00,-75.14,0.00,0.00,0.00,-8.91,24.15,2.50,4.79,17.43,19.41,20.14,24.97,106273195402.05,4.84,18.33,16.65,270.05,274.87,270.15,248.11,238.03,289.36,322.00,225.00,288.50,12.26,2.59,2.77,23210997399.00,5437195686.00,5474585410.00
[object Object],SYK,Stryker Corporation,NYSE,273.38,stock,common,100.00,1.00,false,0.00,USD,1.35,1139757.00,0.37,104863112413.83,USD,28.33,9.65,27.71,1.29,Health technology,america,Health Technology,Buy,Buy,1.35,-1.67,-16.94,-13.96,-17.81,-22.17,-25.69,-0.75,133.31,327955.44,2.04,2.97,Sell,Sell,StrongSell,Strong sell,Sell,Sell,33.23,-2.17,-34.63,-65.53,12.50,12.15,0.00,270.25,0.19,-0.18,195.00,0.07,1139757.00,-50.26,0.00,0.00,0.00,-26.75,28.33,1.01,4.03,4.37,19.10,22.44,30.36,116833112413.83,4.52,18.63,15.59,276.92,302.38,315.31,312.94,332.14,373.65,465.00,298.00,380.00,14.99,3.49,3.56,27233490455.00,6579335902.00,6646209486.00
[object Object],APP,AppLovin Corp. Class A,NASDAQ,312.69,stock,common,100.00,1.00,false,0.00,USD,0.07,1731320.00,0.32,104642019460.78,USD,24.03,13.01,93.28,0.00,Technology services,america,Technology Services,StrongBuy,Strong buy,0.07,-3.31,1.11,-29.94,-20.35,-54.24,-49.96,302.33,346.70,346.70,4.64,4.74,Sell,Sell,StrongSell,Strong sell,Neutral,Neutral,43.33,-11.27,0.91,-67.69,34.98,49.44,doji,312.51,0.01,0.41,46833.00,0.01,1731320.00,-56.43,0.00,0.00,0.00,-53.08,24.03,0.26,15.42,33.15,23.28,23.28,34.52,105103785460.78,15.39,19.80,19.31,322.12,315.38,343.46,424.85,466.41,499.58,790.00,325.00,500.00,15.76,3.76,4.04,8131821958.00,1941897662.00,2074239987.00
[object Object],EQNR,Equinor ASA,OSL,404.70,stock,common,10.00,1.00,false,0.00,NOK,-2.79,2088062.00,0.60,104612702440.49,USD,11.48,3.56,7.86,3.49,Energy minerals,norway,Energy Minerals,Neutral,Neutral,-2.79,-1.60,6.19,31.40,1.68,70.26,58.33,96.22,214.70,462.08,3.41,2.52,Neutral,Neutral,Buy,Buy,Sell,Sell,50.72,-10.80,5.38,-25.76,53.48,45.50,0.00,0.00,0.00,0.00,0.00,-1.42,2088062.00,-2.54,404.70,0.00,638248.00,62.42,11.48,1.50,0.91,2.37,4.39,10.85,4.20,113726198876.30,1.01,3.47,2.65,413.38,403.39,394.02,366.45,332.44,40.11,49.28,27.08,40.18,5.10,1.38,1.35,115967278127.86,33856053122.00,32838829095.00
[object Object],FCX,"Freeport-McMoRan, Inc.",NYSE,71.83,stock,common,100.00,1.00,false,0.00,USD,-0.35,4659444.00,0.45,103141956401.40,USD,35.47,2.03,53.40,0.83,Non-energy minerals,america,Non-Energy Minerals,Buy,Buy,-0.35,1.16,-9.47,15.73,30.21,38.86,91.38,122.51,571.89,486.33,2.81,3.15,Neutral,Neutral,Buy,Buy,Neutral,Neutral,50.24,0.76,-0.01,-19.76,44.30,49.20,long_upper_shadow_bearish,72.04,-0.06,0.33,16874.00,-0.31,4659444.00,-49.03,0.00,0.00,0.00,59.22,35.47,0.67,4.13,5.13,17.57,58.82,23.78,121255956401.40,4.82,21.80,15.73,71.33,72.85,69.61,66.65,63.01,74.41,85.00,47.00,76.00,2.97,0.62,0.73,29430166695.00,6713004239.00,7316706259.00
[object Object],CS,AXA SA,EURONEXT,44.00,stock,common,100.00,1.00,false,0.00,EUR,0.07,2870574.00,0.75,102974311512.67,USD,9.23,5.44,36.00,5.28,Finance,france,Finance,StrongBuy,Strong buy,0.07,-1.65,0.43,2.14,15.79,7.98,10.69,88.48,124.20,529.47,1.71,1.72,Buy,Buy,StrongBuy,Strong buy,Neutral,Neutral,50.24,0.81,0.08,19.10,40.11,43.22,0.00,0.00,0.00,0.00,0.00,0.02,2870574.00,-13.39,44.00,0.00,2001561.00,8.08,9.23,0.26,0.77,2.21,6.44,6.64,0.00,179413015012.67,1.35,0.00,0.00,44.12,43.85,44.27,42.99,41.36,59.73,88.29,48.16,58.48,4.89,2.49,2.25,89786943849.41,43700762585.42,44715643828.45
[object Object],ZURN,Zurich Insurance Group Ltd,SIX,581.20,stock,common,10.00,2.00,false,0.00,CHF,0.35,240447.00,0.71,102943263372.46,USD,14.83,48.48,11.17,5.18,Finance,switzerland,Finance,Neutral,Neutral,0.35,-3.90,-2.09,-0.31,5.67,-2.97,5.25,49.83,126.68,-8.98,1.26,1.16,Sell,Sell,StrongSell,Strong sell,Neutral,Neutral,40.52,-7.00,-4.30,-136.58,13.51,18.99,downside_tasuki_gap_bearish,0.00,0.00,0.00,0.00,0.14,240447.00,-14.44,581.20,0.00,78272.00,9.71,14.83,1.32,1.05,3.38,3.45,3.51,0.00,119625720602.47,1.18,0.00,0.00,593.64,592.72,598.76,588.34,575.34,758.45,1113.24,633.45,734.45,47.85,24.20,24.40,72880676656.62,24332505000.00,26424768000.00
[object Object],CABK,CaixaBank SA,BME,13.22,stock,common,1000.00,5.00,false,0.00,EUR,2.56,6037898.00,0.87,102232639432.38,USD,15.05,1.00,3.21,2.85,Finance,spain,Finance,Neutral,Neutral,2.56,1.57,-0.19,7.83,29.40,26.62,51.04,406.51,495.72,179.17,1.83,1.83,StrongBuy,Strong buy,StrongBuy,Strong buy,Neutral,Neutral,53.95,-0.12,-0.00,-16.41,35.82,30.64,0.00,0.00,0.00,0.00,0.00,1.20,6037898.00,0.84,0.00,0.00,0.00,46.25,15.05,4.58,5.43,2.38,0.00,0.00,0.00,139440620332.38,5.23,0.00,0.00,13.08,13.14,13.02,12.46,11.48,15.36,17.42,13.20,15.71,1.08,0.24,0.26,20203990236.22,4797037559.46,4914148042.64
[object Object],ENEL,Enel SpA,MIL,8.91,stock,common,1000.00,1.00,false,0.00,EUR,1.04,15475536.00,0.72,101923568713.34,USD,19.61,0.52,-26.76,5.55,Utilities,italy,Utilities,Buy,Buy,1.04,-1.26,-6.85,-11.75,-3.50,0.79,11.96,25.11,126.79,40.43,1.57,1.86,Sell,Sell,StrongSell,Strong sell,Buy,Buy,41.45,-0.04,-0.33,-46.21,52.64,52.87,0.00,0.00,0.00,0.00,0.00,0.28,15475536.00,8.17,0.00,0.00,0.00,14.35,19.61,0.00,1.08,3.58,6.63,20.37,18.68,208150499813.34,2.25,14.45,8.22,8.87,9.13,9.43,9.64,9.52,11.97,13.92,10.20,12.09,0.85,0.20,0.21,97736334518.14,23967383978.40,25070560723.68
[object Object],BNY,Bank of New York Mellon Corp,NYSE,149.47,stock,common,100.00,1.00,false,0.00,USD,-0.48,1508409.00,0.33,101412624486.97,USD,17.40,8.59,31.19,1.48,Finance,america,Finance,Buy,Buy,-0.48,-1.84,-8.89,2.20,29.55,28.84,38.18,187.21,275.26,6910.86,1.88,1.88,Sell,Sell,StrongSell,Strong sell,Neutral,Neutral,30.32,-13.19,-8.27,-106.81,5.72,6.95,0.00,150.21,0.01,-0.11,1824.00,0.17,1508409.00,-57.45,0.00,0.00,0.00,36.10,17.40,0.56,4.89,2.54,28.98,64.99,0.00,47400624486.97,1.17,0.00,0.00,152.58,159.00,158.69,150.75,136.05,169.50,184.00,151.00,172.00,9.25,2.23,2.27,22186047412.00,5395525850.00,5535513430.00
[object Object],EQIX,"Equinix, Inc.",NASDAQ,1021.02,stock,common,100.00,1.00,false,0.00,USD,-1.33,301999.00,0.60,100745764019.40,USD,65.71,15.54,52.11,1.95,Finance,america,Finance,StrongBuy,Strong buy,-1.33,-0.16,-4.10,-5.57,5.98,33.26,29.28,23.36,185.13,150.25,2.40,2.43,Sell,Sell,StrongSell,Strong sell,Neutral,Neutral,44.88,-16.70,-3.72,-19.63,55.08,69.64,0.00,1043.25,0.82,0.82,58.00,0.92,301999.00,-23.96,0.00,0.00,0.00,30.14,65.71,1.28,10.46,7.00,25.68,0.00,45.49,121892764019.40,12.43,134.84,36.57,1027.91,1047.81,1045.12,1054.01,980.90,1236.39,1380.00,1060.00,1240.00,17.23,4.73,4.14,10281373965.00,2589959498.00,2566933883.00
[object Object],PSX,Phillips 66,NYSE,251.92,stock,common,100.00,1.00,false,0.00,USD,-1.54,1303808.00,0.33,100521344354.13,USD,14.34,17.57,322.82,1.96,Energy minerals,america,Energy Minerals,Buy,Buy,-1.54,-7.46,7.63,47.32,37.47,95.29,84.60,262.32,215.77,657.65,4.19,3.21,Neutral,Neutral,Buy,Buy,Sell,Sell,50.81,-7.55,10.76,-73.18,20.98,28.58,0.00,253.11,-1.08,-0.34,2704.00,-1.25,1303808.00,-52.62,0.00,0.00,0.00,107.89,14.34,0.05,0.67,3.19,11.36,15.86,24.74,118184344354.13,0.77,13.06,9.94,261.68,252.23,235.70,207.00,181.10,255.50,335.00,173.00,252.00,28.03,7.50,10.86,168086893710.00,43597335313.00,41572345146.00
[object Object],MCK,McKesson Corporation,NYSE,860.20,stock,common,100.00,1.00,false,0.00,USD,-1.05,175341.00,0.18,100291028175.04,USD,23.02,37.37,49.11,0.38,Distribution services,america,Distribution Services,Buy,Buy,-1.05,-1.44,-5.01,10.64,-0.27,5.16,12.80,324.43,418.16,5113.33,2.42,2.10,Sell,Sell,Sell,Sell,Sell,Sell,43.11,-21.31,-2.12,-174.66,12.26,23.56,0.00,0.00,0.00,0.00,0.00,-0.50,175341.00,-70.46,0.00,0.00,0.00,17.40,23.02,0.47,0.25,0.00,14.96,15.98,19.51,109675028175.04,0.27,16.34,14.66,883.98,884.61,873.24,821.12,845.81,988.19,1080.00,845.00,1000.00,44.63,9.56,10.71,431898183427.00,103875033741.00,109884582858.00
[object Object],INGA,ING Groep N.V.,EURONEXT,31.80,stock,common,1000.00,5.00,false,0.00,EUR,0.89,5218127.00,0.84,99947839092.43,USD,13.80,2.63,0.00,3.36,Finance,netherlands,Finance,Buy,Buy,0.89,-1.62,4.52,16.47,44.95,32.45,44.85,168.77,185.28,44.90,1.42,1.69,Buy,Buy,StrongBuy,Strong buy,Sell,Sell,55.43,-0.30,0.72,42.80,37.63,44.23,"rising_window_bullish,long_upper_shadow_bearish",0.00,0.00,0.00,0.00,1.06,5218127.00,3.23,31.80,0.00,2653011.00,43.14,13.80,0.00,2.29,1.81,0.00,0.00,0.00,273954819542.43,10.08,0.00,0.00,31.85,31.22,30.71,28.83,26.45,37.95,45.53,29.60,37.00,2.93,0.73,0.77,28990938666.15,6979276037.13,7213526421.96
[object Object],TT,Trane Technologies plc,NYSE,452.25,stock,common,100.00,1.00,false,0.00,USD,3.13,624197.00,0.54,99504384118.61,USD,34.26,13.20,4.75,0.91,Producer manufacturing,america,Producer Manufacturing,Buy,Buy,3.13,7.46,-1.33,-9.37,11.37,15.70,12.47,148.21,804.37,20118.18,2.25,2.12,Buy,Buy,StrongBuy,Strong buy,Buy,Buy,56.61,9.73,-11.88,109.96,74.72,67.42,0.00,440.50,0.45,0.31,243.00,1.33,624197.00,-32.38,0.00,0.00,0.00,4.36,34.26,6.99,4.39,11.55,25.60,27.98,76.33,102825084118.64,4.63,25.52,23.29,432.19,445.49,455.96,463.09,446.22,535.54,575.00,440.00,542.00,15.28,4.27,4.73,23756436638.00,6197117629.00,6480978614.00
[object Object],GSK,GSK plc,LSE,1851.00,stock,common,10.00,5.00,false,0.00,GBX,-1.39,4897531.00,0.73,99354775267.67,USD,15.69,1.56,42.25,3.62,Health technology,uk,Health Technology,Neutral,Neutral,-1.39,-2.94,-3.29,-6.16,-9.31,1.26,25.15,31.07,11.78,144.99,2.07,2.29,Sell,Sell,StrongSell,Strong sell,Neutral,Neutral,46.40,80.50,18.41,22.58,69.41,80.37,0.00,0.00,0.00,0.00,0.00,-0.27,4897531.00,37.31,1851.00,0.00,2570460.00,24.89,15.69,0.38,2.30,4.24,9.49,11.59,24.21,118725919267.67,2.70,10.80,8.52,1878.25,1864.17,1888.12,1907.44,1952.88,28.54,39.85,19.26,26.48,2.41,0.62,0.68,45671908074.96,10939777916.80,11746717115.09
[object Object],SAN,Sanofi SA,EURONEXT,71.79,stock,common,100.00,1.00,false,0.00,EUR,-0.43,1755708.00,0.76,98390376073.03,USD,21.56,3.80,-35.60,5.71,Health technology,france,Health Technology,Buy,Buy,-0.43,-4.20,-9.31,-3.34,-12.20,-13.30,-9.13,-13.51,4.73,1059.77,1.75,1.74,Sell,Sell,StrongSell,Strong sell,Neutral,Neutral,34.32,-1.47,-2.54,-176.08,7.37,12.39,0.00,0.00,0.00,0.00,0.00,-0.29,1755708.00,-19.24,71.79,0.00,836168.00,-9.45,21.56,0.00,1.90,1.26,7.31,8.48,13.63,118397088973.03,2.26,8.32,5.38,73.93,75.79,75.84,75.58,77.75,107.26,129.88,90.45,109.00,10.09,0.00,0.00,58550391754.43,0.00,0.00
[object Object],DDOG,"Datadog, Inc. Class A",NASDAQ,272.34,stock,common,100.00,1.00,false,0.00,USD,6.00,3112263.00,0.98,97790502203.77,USD,556.36,0.49,41.43,0.00,Technology services,america,Technology Services,StrongBuy,Strong buy,6.00,14.21,23.53,21.07,126.95,98.43,101.45,86.15,574.94,574.94,5.25,4.87,Buy,Buy,StrongBuy,Strong buy,Neutral,Neutral,68.41,51.13,16.25,219.11,92.26,93.73,rising_window_bullish,262.25,2.07,0.42,42320.00,2.43,3112263.00,-10.81,0.00,0.00,0.00,70.54,556.36,12.67,24.03,22.38,82.21,85.48,20.27,94082865203.77,23.72,4942.88,565.33,243.03,233.78,242.79,236.87,181.74,289.09,340.00,158.00,300.00,2.53,0.58,0.64,4473174680.00,1079748993.00,1144765305.00
[object Object],PWR,"Quanta Services, Inc.",NYSE,650.33,stock,common,100.00,1.00,false,0.00,USD,1.06,311665.00,0.35,97772061062.36,USD,74.48,8.73,35.41,0.07,Industrial services,america,Industrial Services,StrongBuy,Strong buy,1.06,5.29,6.09,-7.89,18.52,53.04,63.78,451.08,2389.76,8768.02,2.66,3.02,Buy,Buy,StrongBuy,Strong buy,Neutral,Neutral,54.78,-0.25,0.41,128.22,77.37,75.43,spinning_top_white,649.86,0.99,0.70,2829.00,0.56,311665.00,-66.78,0.00,0.00,0.00,67.21,74.48,2.08,2.98,10.14,31.19,41.46,194.31,103969020062.36,3.16,49.28,33.11,632.19,635.87,641.45,675.69,600.57,798.54,976.00,483.18,800.00,16.72,3.31,4.95,39390659510.00,8609759501.00,10906852194.00
[object Object],VRT,Vertiv Holdings Co. Class A,NYSE,250.45,stock,common,100.00,1.00,false,0.00,USD,2.10,2431335.00,0.44,96419099846.21,USD,56.67,4.42,111.13,0.09,Electronic technology,america,Electronic Technology,StrongBuy,Strong buy,2.10,1.73,-2.40,-20.24,0.19,47.79,82.79,955.40,2481.93,2481.93,2.80,4.37,Sell,Sell,StrongSell,Strong sell,Neutral,Neutral,46.46,-6.61,-12.67,-26.29,31.05,32.93,0.00,248.54,1.32,1.32,42163.00,1.58,2431335.00,-41.11,0.00,0.00,0.00,75.09,56.67,0.50,8.39,20.26,29.33,33.57,30.97,96581699846.21,8.41,42.46,36.29,245.11,259.27,265.89,294.46,262.75,339.21,427.00,245.00,340.00,6.72,1.42,1.82,14022971420.00,3379044204.00,3758514077.00
[object Object],ATCO_A,Atlas Copco AB Class A,OMXSTO,205.40,stock,common,10.00,1.00,false,0.00,SEK,1.08,2212670.00,0.57,95081539526.55,USD,37.63,0.56,-5.20,1.97,Producer manufacturing,sweden,Producer Manufacturing,Buy,Buy,1.08,3.14,0.34,6.51,26.75,23.59,28.82,53.80,253.80,2641.64,2.33,2.19,StrongBuy,Strong buy,StrongBuy,Strong buy,Buy,Buy,53.78,2.60,1.51,78.29,72.90,76.74,long_upper_shadow_bearish,0.00,0.00,0.00,0.00,1.13,2212670.00,-28.97,0.00,0.00,0.00,21.72,37.63,0.00,5.84,9.43,30.94,37.35,68.16,97224376726.55,5.57,27.66,21.42,200.53,202.71,203.28,194.15,186.41,22.88,25.91,16.19,22.77,0.66,0.15,0.16,19691873367.99,4517839016.48,4713051419.39
[object Object],SO,Southern Company,NYSE,82.59,stock,common,100.00,1.00,false,0.00,USD,-0.36,2189203.00,0.34,95008482535.41,USD,19.93,4.14,7.00,3.62,Utilities,america,Utilities,Neutral,Neutral,-0.36,-4.33,-8.15,-14.54,-13.59,-5.25,-12.69,30.78,54.23,864.38,1.34,1.36,Sell,Sell,StrongSell,Strong sell,Neutral,Neutral,20.78,-4.58,-4.50,-183.54,4.00,4.03,0.00,82.69,-0.24,0.14,1773.00,-0.27,2189203.00,-55.49,0.00,0.00,0.00,-2.58,19.93,2.86,3.13,2.40,8.85,0.00,31.53,171878482535.41,5.70,23.55,12.60,85.10,88.05,90.53,92.28,92.21,100.14,112.00,79.00,101.00,4.59,1.01,1.63,30580416502.00,7230474422.00,8238840927.00
[object Object],CME,CME Group Inc. Class A,NASDAQ,262.47,stock,common,100.00,1.00,false,0.00,USD,-2.39,974077.00,0.55,94378766727.94,USD,22.26,11.79,14.12,4.18,Finance,america,Finance,Buy,Buy,-2.39,-3.46,-5.73,16.48,-11.80,-3.59,-1.18,32.26,147.19,3265.00,2.56,1.98,StrongSell,Strong sell,StrongSell,Strong sell,Neutral,Neutral,39.20,-13.07,-3.50,-175.26,17.36,16.06,0.00,268.91,0.00,0.03,2178.00,-0.07,974077.00,-22.38,0.00,0.00,0.00,5.30,22.26,1.61,14.34,3.56,22.01,22.51,41.59,95967266727.94,14.17,21.77,20.24,272.01,275.40,268.76,264.89,278.60,284.40,330.00,230.00,286.00,12.25,2.91,2.94,7017832218.00,1682065411.00,1692268108.00
[object Object],ABNB,"Airbnb, Inc. Class A",NASDAQ,156.60,stock,common,100.00,1.00,false,0.00,USD,3.44,2720724.00,0.50,93769839855.57,USD,35.59,4.40,6.15,0.00,Consumer services,america,Consumer Services,Buy,Buy,3.44,-5.36,-17.71,10.01,21.19,15.20,27.41,-10.51,7.26,7.26,4.57,3.09,Sell,Sell,Sell,Sell,Buy,Buy,37.19,-13.59,-18.52,-122.31,10.24,6.47,0.00,152.06,0.44,0.22,12591.00,0.52,2720724.00,-68.36,0.00,0.00,0.00,26.10,35.59,5.60,6.83,11.85,19.24,19.24,7.70,84129839855.57,6.36,29.99,29.12,162.49,175.70,167.98,153.47,142.71,185.58,220.00,135.00,188.00,5.32,1.26,2.86,14181231760.00,3580236667.00,4745630035.00
[object Object],HCA,HCA Healthcare Inc,NYSE,431.45,stock,common,100.00,1.00,false,0.00,USD,1.88,474854.00,0.28,93409572596.79,USD,14.44,29.87,25.47,0.71,Health services,america,Health Services,Buy,Buy,1.88,0.53,0.92,10.96,-10.12,-7.37,3.13,68.03,469.42,1282.85,3.43,3.24,Buy,Buy,StrongBuy,Strong buy,Buy,Buy,56.89,4.51,13.16,56.03,68.45,75.16,0.00,423.40,-0.02,-0.02,40.00,-0.45,474854.00,-54.81,0.00,0.00,0.00,-1.63,14.44,0.56,1.21,0.00,8.64,16.03,85.08,147264572596.79,1.89,12.20,9.35,429.20,419.82,410.90,403.28,447.24,456.19,579.00,380.00,450.00,29.47,7.56,6.70,78513462055.00,19756774446.00,19347567627.00
[object Object],CEG,Constellation Energy Corporation,NASDAQ,261.64,stock,common,100.00,1.00,false,0.00,USD,0.01,723125.00,0.23,92700979354.33,USD,25.48,10.27,7.15,0.64,Utilities,america,Utilities,StrongBuy,Strong buy,0.01,0.53,-5.95,-1.36,-11.58,-26.92,-21.90,588.53,588.53,588.53,3.08,3.38,Sell,Sell,StrongSell,Strong sell,Neutral,Neutral,42.34,-23.11,-14.29,-62.17,21.41,22.24,0.00,262.00,0.15,0.07,8492.00,0.15,723125.00,-57.13,0.00,0.00,0.00,-12.70,25.48,3.56,3.06,2.90,22.39,304.82,87.46,116668979354.33,3.79,25.37,14.11,261.42,274.83,271.91,270.40,290.35,350.16,441.00,290.00,360.00,12.06,2.29,3.73,33570340729.00,7730228198.00,9212761479.00
[object Object],HWM,Howmet Aerospace Inc.,NYSE,232.11,stock,common,100.00,1.00,false,0.00,USD,1.19,909553.00,0.29,92565792975.25,USD,50.06,4.64,35.49,0.22,Electronic technology,america,Electronic Technology,StrongBuy,Strong buy,1.19,2.80,-12.78,-13.71,0.82,12.95,22.47,635.22,1282.42,807.10,2.47,2.99,Sell,Sell,StrongSell,Strong sell,Buy,Buy,39.56,2.50,-25.82,-32.57,22.90,15.03,0.00,0.00,0.00,0.00,0.00,0.71,909553.00,-59.18,0.00,0.00,0.00,19.44,50.06,1.39,10.11,16.20,42.01,52.10,165.44,96665792975.25,10.60,38.82,34.61,227.80,250.04,263.10,264.36,247.63,343.43,376.00,314.00,343.00,5.33,1.24,1.37,10102818517.00,2427901087.00,2582956689.00
[object Object],USB,U.S. Bancorp,NYSE,59.24,stock,common,100.00,1.00,false,0.00,USD,1.45,2772963.00,0.30,92306764339.45,USD,11.82,5.01,19.95,3.56,Finance,america,Finance,Buy,Buy,1.45,-1.01,-5.13,-3.57,15.51,11.09,20.81,-2.04,38.78,8819.82,1.87,1.88,Sell,Sell,StrongSell,Strong sell,Neutral,Neutral,37.53,-3.60,-3.05,-109.03,10.98,11.34,0.00,58.71,0.53,0.67,1425.00,0.41,2772963.00,-60.85,0.00,0.00,0.00,19.29,11.82,0.58,3.09,1.52,7.44,7.44,0.00,129094764339.45,2.97,0.00,0.00,60.09,61.92,62.69,60.14,57.55,70.19,77.00,62.00,69.00,5.23,1.28,1.31,30992641821.00,7577200835.00,7970625953.00
[object Object],ADBE,Adobe Inc.,NASDAQ,235.95,stock,common,100.00,1.00,false,0.00,USD,-1.25,1496979.00,0.24,91831740065.18,USD,13.16,17.93,11.66,0.00,Technology services,america,Technology Services,Neutral,Neutral,-1.25,-6.21,-11.03,20.70,-1.60,-32.72,-32.95,-61.68,120.70,111757.51,3.47,3.27,StrongSell,Strong sell,StrongSell,Strong sell,Sell,Sell,36.86,-16.28,-21.47,-101.62,4.04,5.12,0.00,238.63,-0.13,-0.21,28055.00,-0.03,1496979.00,-59.32,0.00,0.00,0.00,-35.40,13.16,1.14,3.64,7.84,8.64,8.81,16.55,92954740065.18,3.58,9.83,9.09,247.88,263.61,257.43,244.18,262.69,272.43,373.00,195.00,260.50,24.48,6.08,6.33,26610634435.00,6693882575.00,6831486174.00
[object Object],MAR,"Marriott International, Inc. Class A",NASDAQ,351.06,stock,common,100.00,1.00,false,0.00,USD,-0.13,496984.00,0.29,91544618552.37,USD,36.39,9.65,8.84,0.80,Consumer services,america,Consumer Services,Buy,Buy,-0.13,5.16,-1.96,-7.49,8.65,13.04,34.53,130.01,407.31,2020.51,1.84,2.08,Neutral,Neutral,Buy,Buy,Sell,Sell,56.20,16.37,1.42,119.75,90.93,93.06,0.00,0.00,0.00,0.00,0.00,0.10,496984.00,-55.06,0.00,0.00,0.00,21.25,36.39,4.12,3.46,0.00,24.91,29.65,200.99,108856618552.37,4.05,25.72,24.13,343.05,345.39,352.79,363.78,347.80,384.75,425.00,280.00,394.00,11.72,3.08,2.82,27800403269.00,7192559810.00,6916701179.00
[object Object],GD,General Dynamics Corporation,NYSE,337.54,stock,common,100.00,1.00,false,0.00,USD,0.37,485472.00,0.37,91322523427.03,USD,20.58,16.40,10.14,1.84,Electronic technology,america,Electronic Technology,Buy,Buy,0.37,-5.05,-10.72,-2.58,-4.58,0.30,3.75,71.64,122.00,46256.74,2.08,1.88,Sell,Sell,StrongSell,Strong sell,Sell,Sell,24.51,-18.36,-25.43,-175.33,4.75,5.40,0.00,337.28,0.29,0.47,761.00,-0.02,485472.00,-69.09,0.00,0.00,0.00,9.57,20.58,2.02,1.68,3.40,11.98,14.32,21.31,96468523427.03,1.76,17.03,14.61,349.89,366.44,373.54,362.68,355.39,424.45,465.00,319.00,430.50,17.00,3.96,4.12,55937140375.00,13522056180.00,13714174816.00
[object Object],JCI,Johnson Controls International plc,NYSE,149.55,stock,common,100.00,1.00,false,0.00,USD,2.88,1414258.00,0.37,90588644115.17,USD,26.00,5.75,70.85,1.10,Producer manufacturing,america,Producer Manufacturing,Buy,Buy,2.88,6.03,4.79,4.14,13.99,24.15,41.58,103.64,279.88,40134.41,2.04,2.07,StrongBuy,Strong buy,StrongBuy,Strong buy,Neutral,Neutral,60.05,3.54,0.97,144.83,88.19,88.62,0.00,145.95,0.41,0.41,200.00,1.15,1414258.00,-51.64,0.00,0.00,0.00,22.03,26.00,0.36,3.55,6.72,44.89,54.99,140.78,99448644115.17,3.98,27.64,22.74,143.33,143.89,145.02,143.48,136.76,168.78,194.00,130.00,166.50,5.07,1.30,1.57,25574462379.00,6463153955.00,7021525822.00
[object Object],RACE,Ferrari NV,MIL,357.05,stock,common,100.00,5.00,false,0.00,EUR,-1.00,363724.00,0.89,90172752068.29,USD,38.71,10.53,3.62,1.00,Consumer durables,italy,Consumer Durables,Buy,Buy,-1.00,-0.82,-0.93,14.00,26.75,12.28,-12.70,94.42,694.33,730.35,2.05,2.22,Buy,Buy,Buy,Buy,Neutral,Neutral,51.02,0.85,3.73,18.09,70.46,79.95,0.00,0.00,0.00,0.00,0.00,0.32,363724.00,0.22,0.00,0.00,0.00,-19.30,38.71,10.79,8.65,17.17,26.17,32.97,41.75,92064807362.18,10.96,36.81,28.10,358.18,358.15,351.68,330.25,315.69,455.79,528.30,379.00,459.39,11.57,2.86,2.74,8982560857.65,2139109182.50,2175099873.30
[object Object],PNC,"PNC Financial Services Group, Inc.",NYSE,225.47,stock,common,100.00,1.00,false,0.00,USD,0.96,610057.00,0.31,89951821289.85,USD,12.40,18.18,24.22,3.18,Finance,america,Finance,Buy,Buy,0.96,-2.59,-7.87,-8.35,10.31,8.02,11.01,14.09,153.68,6040.60,2.01,1.97,Sell,Sell,StrongSell,Strong sell,Buy,Buy,30.26,-18.77,-14.97,-127.25,9.62,9.43,0.00,223.17,-0.08,-0.08,100.00,0.11,610057.00,-64.61,0.00,0.00,0.00,14.93,12.40,0.51,3.58,1.55,9.31,9.31,0.00,177056821289.85,4.95,0.00,0.00,231.42,240.35,244.97,238.31,227.75,276.43,291.00,260.00,279.00,18.98,4.46,4.90,26318592998.00,6513615477.00,6608474070.00
[object Object],CDNS,"Cadence Design Systems, Inc.",NASDAQ,326.13,stock,common,100.00,1.00,false,0.00,USD,1.28,1226862.00,0.45,89813920841.18,USD,64.89,5.03,36.00,0.00,Technology services,america,Technology Services,StrongBuy,Strong buy,1.28,15.68,-0.72,-9.97,17.20,3.30,-7.49,101.94,1219.30,17624.46,3.84,3.49,Buy,Buy,StrongBuy,Strong buy,Neutral,Neutral,61.28,36.76,-2.45,105.79,91.80,80.98,rising_window_bullish,324.97,0.92,0.14,5044.00,0.92,1226862.00,-50.44,0.00,0.00,0.00,-23.42,64.89,1.78,15.23,13.10,48.56,53.65,58.79,90764085841.18,15.55,49.51,42.10,295.16,307.79,318.37,346.87,325.53,407.92,470.00,300.00,412.50,8.14,2.05,2.04,6318713920.00,1576923481.00,1612042107.00
[object Object],MELI,"MercadoLibre, Inc.",NASDAQ,1747.68,stock,common,100.00,1.00,false,0.00,USD,-0.37,384098.00,0.48,88601784075.60,USD,47.56,36.75,-9.25,0.00,Retail trade,america,Retail Trade,Buy,Buy,-0.37,-4.25,-12.41,7.88,7.95,-13.80,-30.31,-5.15,835.09,7844.00,2.87,2.91,Sell,Sell,StrongSell,Strong sell,Neutral,Neutral,35.67,-149.69,-93.36,-140.84,8.10,9.21,0.00,1742.80,-0.65,0.04,5604.00,-0.75,384098.00,-57.64,0.00,0.00,0.00,-27.12,47.56,0.00,2.53,11.31,8.63,9.92,4.70,88117784075.60,2.50,30.31,22.64,1812.96,1885.61,1870.55,1779.07,1845.09,2306.78,2800.00,1750.00,2300.00,37.70,8.65,9.25,41562587595.00,9794199521.00,10566383780.00
[object Object],EMR,Emerson Electric Co.,NYSE,158.52,stock,common,100.00,1.00,false,0.00,USD,1.52,740810.00,0.32,88422453719.76,USD,34.64,4.58,-1.70,1.42,Electronic technology,america,Electronic Technology,Buy,Buy,1.52,7.40,1.89,10.39,27.20,18.98,21.86,64.32,206.20,7724.20,1.98,2.16,Buy,Buy,StrongBuy,Strong buy,Neutral,Neutral,61.25,6.33,-0.20,179.89,92.55,90.15,rising_window_bullish,0.00,0.00,0.00,0.00,0.99,740810.00,-64.25,0.00,0.00,0.00,12.28,34.64,0.00,4.70,4.34,22.74,25.71,40.80,100059453719.76,5.37,26.07,18.80,151.36,153.50,152.81,146.59,144.10,177.49,205.00,135.00,180.00,6.56,1.68,1.85,18883189172.00,4804533720.00,5103478197.00
[object Object],DUK,Duke Energy Corporation,NYSE,112.95,stock,common,100.00,1.00,false,0.00,USD,-0.25,1832744.00,0.43,88067367170.88,USD,16.95,6.67,8.98,3.78,Utilities,america,Utilities,Buy,Buy,-0.25,-4.21,-7.11,-11.65,-12.81,-3.61,-8.99,14.73,37.04,591.99,1.21,1.24,Sell,Sell,StrongSell,Strong sell,Neutral,Neutral,23.44,-6.47,-5.12,-189.43,2.14,2.23,0.00,113.20,-0.03,0.38,4541.00,-0.08,1832744.00,-51.22,0.00,0.00,0.00,-2.67,16.95,1.89,2.65,1.64,7.60,0.00,107.96,182543367170.88,5.49,20.63,11.80,116.40,119.70,122.15,123.50,124.04,137.29,147.00,127.00,137.00,6.71,1.30,1.89,33614768977.00,7658943967.00,8912238409.00
[object Object],MMM,3M Company,NYSE,169.72,stock,common,100.00,1.00,false,0.00,USD,1.31,1120706.00,0.36,87528410015.58,USD,30.13,5.63,-21.67,1.83,Producer manufacturing,america,Producer Manufacturing,Buy,Buy,1.31,3.62,-5.97,1.53,18.12,6.01,10.21,12.26,14.78,4676.38,1.80,1.96,Buy,Buy,StrongBuy,Strong buy,Neutral,Neutral,50.93,4.75,-4.77,54.63,86.02,80.85,0.00,168.81,0.77,0.88,2538.00,0.62,1120706.00,-53.90,0.00,0.00,0.00,2.57,30.13,0.00,3.48,29.65,18.10,22.25,26.63,97411410015.58,3.87,18.54,14.66,166.17,171.41,173.44,164.18,160.67,191.63,219.00,132.00,193.50,8.94,2.25,2.39,25458357173.00,6398083141.00,6630897179.00
[object Object],ICE,"Intercontinental Exchange, Inc.",NYSE,154.59,stock,common,100.00,1.00,false,0.00,USD,-1.49,1106688.00,0.39,86785967100.01,USD,21.83,7.08,35.92,1.27,Finance,america,Finance,StrongBuy,Strong buy,-1.49,1.39,-4.08,22.37,-0.71,-4.18,-7.46,28.91,180.31,1881.92,2.64,2.10,Sell,Sell,Sell,Sell,Sell,Sell,47.22,-2.81,-1.91,-61.53,40.38,31.64,0.00,0.00,0.00,0.00,0.00,-0.22,1106688.00,-58.76,0.00,0.00,0.00,-10.19,21.83,0.62,6.76,2.93,15.87,17.23,33.91,104833967100.01,7.98,17.32,13.79,155.37,157.92,154.26,148.19,155.24,186.86,232.00,163.00,181.50,8.10,1.84,1.90,11031508760.00,2630985298.00,2687206904.00
[object Object],KKR,KKR & Co Inc,NYSE,96.62,stock,common,100.00,1.00,false,0.00,USD,1.02,1285921.00,0.36,86729553062.10,USD,30.80,3.14,50.44,0.79,Finance,america,Finance,Buy,Buy,1.02,-0.91,-10.08,4.66,8.97,-25.03,-28.64,56.39,578.04,315.57,2.80,2.93,Sell,Sell,StrongSell,Strong sell,Neutral,Neutral,38.62,-4.46,-7.44,-98.77,14.26,17.64,0.00,95.73,0.09,0.53,4089.00,0.43,1285921.00,-63.76,0.00,0.00,0.00,-33.15,30.80,0.60,3.84,3.04,9.90,10.06,4.31,172645868062.10,7.34,31.27,30.56,98.49,104.47,103.87,99.87,104.13,128.89,166.00,115.00,127.00,6.63,1.43,1.62,10616473741.00,2547923223.00,2725736425.00
[object Object],CSX,CSX Corporation,NASDAQ,46.80,stock,common,100.00,1.00,false,0.00,USD,-0.31,4607665.00,0.39,86705086927.87,USD,27.03,1.73,6.40,1.17,Transportation,america,Transportation,Buy,Buy,-0.31,-1.73,-8.71,-2.08,19.14,28.60,37.50,54.27,377.12,11864.62,2.10,2.01,Sell,Sell,StrongSell,Strong sell,Sell,Sell,35.55,-2.15,-2.68,-105.95,30.70,26.59,doji,46.50,-0.96,0.02,2897.00,-0.34,4607665.00,-51.77,0.00,0.00,0.00,41.91,27.03,4.23,6.01,6.16,16.35,31.12,62.60,104678086927.87,7.21,20.45,15.46,47.40,49.25,49.83,48.35,44.05,53.70,60.00,32.00,54.00,2.01,0.52,0.54,15209001578.00,3894161834.00,3931878835.00
[object Object],ELV,"Elevance Health, Inc.",NYSE,399.75,stock,common,100.00,1.00,false,0.00,USD,0.38,403712.00,0.32,86693499961.82,USD,17.77,22.50,-4.24,1.72,Health services,america,Health Services,Buy,Buy,0.38,-3.60,0.19,3.50,37.28,13.97,22.62,5.13,212.79,4066.75,2.01,2.29,Sell,Sell,Sell,Sell,Sell,Sell,46.28,-18.97,-1.10,-64.41,20.84,25.94,doji,398.72,0.12,0.12,89.00,0.44,403712.00,-65.48,0.00,0.00,0.00,26.16,17.77,0.00,0.43,1.93,11.67,13.85,0.00,117876499961.82,0.59,0.00,0.00,408.79,404.24,396.75,397.37,364.85,447.86,492.00,393.00,457.00,27.17,6.21,4.66,197455754930.00,48876839049.00,49295773568.00
[object Object],BE,Bloom Energy Corporation Class A,NYSE,289.22,stock,common,100.00,1.00,false,0.00,USD,8.46,12565557.00,0.66,85183196409.26,USD,394.09,0.73,15514.89,0.00,Electronic technology,america,Electronic Technology,Buy,Buy,8.46,1.72,35.19,-1.80,117.47,219.33,359.08,1418.22,1446.63,1446.63,6.84,6.38,StrongBuy,Strong buy,StrongBuy,Strong buy,Buy,Buy,62.93,13.47,32.94,81.59,78.33,79.60,0.00,269.05,0.90,2.15,194686.00,1.22,12565557.00,-30.50,0.00,0.00,0.00,293.67,394.09,0.02,27.69,52.63,126.31,149.08,35.05,85356400409.26,27.42,244.54,212.30,271.33,242.32,229.69,253.84,202.96,287.26,380.00,105.00,310.00,2.70,0.41,0.68,4089834855.00,826133681.00,1058340654.00
[object Object],LITE,"Lumentum Holdings, Inc.",NASDAQ,949.43,stock,common,100.00,1.00,false,0.00,USD,2.19,2846449.00,0.59,85163866088.52,USD,0.00,-82.23,-34971.97,0.00,Producer manufacturing,america,Producer Manufacturing,StrongBuy,Strong buy,2.19,3.69,7.89,15.43,34.40,150.26,547.54,996.21,2252.40,5004.46,5.02,5.89,StrongBuy,Strong buy,StrongBuy,Strong buy,Buy,Buy,55.22,22.40,45.59,50.25,55.63,57.50,0.00,936.00,0.75,0.83,46644.00,0.75,2846449.00,-22.59,0.00,0.00,0.00,608.00,0.00,0.00,26.08,18.11,106.90,267.65,29.33,84096666088.52,27.90,155.97,104.64,913.35,906.48,859.22,866.91,729.27,1148.76,1400.00,820.00,1168.00,21.55,2.97,4.21,6240627300.00,987695457.00,1251266356.00
[object Object],GLEN,Glencore plc,LSE,561.10,stock,common,10.00,1.00,false,0.00,GBX,2.20,16218862.00,0.40,85080165765.34,USD,16.67,0.45,0.00,2.28,Distribution services,uk,Distribution Services,Buy,Buy,2.20,-2.25,-7.26,9.01,5.11,36.72,67.49,67.37,177.36,2.39,2.95,2.85,Sell,Sell,Sell,Sell,Neutral,Neutral,45.13,-44.40,-29.93,-74.55,22.24,16.98,doji,0.00,0.00,0.00,0.00,2.22,16218862.00,-53.54,561.10,0.00,6713826.00,76.43,16.67,0.00,0.29,2.09,13.76,0.00,24.60,121626256554.57,0.40,17.34,8.81,562.53,582.98,567.00,561.48,530.16,8.59,10.54,6.28,8.67,0.59,0.28,0.30,321018426268.55,145583178167.00,146823638394.00
[object Object],HPE,Hewlett Packard Enterprise Co.,NYSE,64.03,stock,common,100.00,1.00,false,0.00,USD,0.80,9101150.00,0.37,84997566741.94,USD,33.39,1.92,142.21,0.88,Electronic technology,america,Electronic Technology,Buy,Buy,0.80,3.78,19.91,41.61,157.46,163.71,166.57,377.48,381.99,495.58,5.07,5.96,Buy,Buy,StrongBuy,Strong buy,Neutral,Neutral,63.42,1.94,6.21,126.81,88.62,88.02,0.00,63.50,-0.03,1.07,232010.00,0.20,9101150.00,-57.62,0.00,0.00,0.00,144.61,33.39,0.23,2.20,3.21,13.86,22.32,14.78,99025566741.94,2.36,29.45,14.45,60.24,56.51,53.97,48.30,35.91,69.37,88.00,54.00,68.00,3.82,0.93,1.26,46558778893.00,11968872218.00,14342833372.00
[object Object],WMB,"Williams Companies, Inc.",NYSE,69.32,stock,common,100.00,1.00,false,0.00,USD,-1.79,2942886.00,0.37,84789971945.63,USD,27.67,2.51,26.39,2.90,Industrial services,america,Industrial Services,Buy,Buy,-1.79,-2.85,-2.59,-11.00,-5.80,15.32,10.38,169.10,126.39,2901.08,1.96,2.42,StrongSell,Strong sell,StrongSell,Strong sell,Sell,Sell,35.71,-3.53,-1.82,-142.56,10.62,15.12,0.00,70.00,-0.82,-0.03,1003.00,-0.31,2942886.00,-32.65,0.00,0.00,0.00,20.06,27.67,1.07,7.02,6.44,14.17,0.00,418.31,117592971945.63,9.54,25.12,16.54,71.20,72.86,72.62,73.46,70.95,86.36,103.00,75.00,85.00,2.45,0.50,0.53,12391078307.00,2828370473.00,2994977631.00
[object Object],MNST,Monster Beverage Corporation,NASDAQ,43.06,stock,common,100.00,1.00,false,0.00,USD,0.91,3329196.00,0.34,84356765071.76,USD,39.96,1.08,34.58,0.00,Consumer non-durables,america,Consumer Non-Durables,Buy,Buy,0.91,-3.57,-12.01,-10.83,19.45,12.33,31.70,86.87,249.47,132180.66,2.39,1.95,Sell,Sell,StrongSell,Strong sell,Neutral,Neutral,37.43,-0.34,-1.65,-122.48,36.17,46.88,0.00,42.32,-0.82,-0.40,3028.00,-0.42,3329196.00,-65.99,0.00,0.00,0.00,39.88,39.96,1.15,9.15,9.01,38.02,40.58,24.90,80937509071.76,8.78,30.11,28.82,44.05,45.26,46.04,45.72,42.27,51.12,57.00,42.00,50.50,1.16,0.29,0.30,9752981367.00,2428904018.00,2485457593.00
[object Object],IFX,Infineon Technologies AG,XETR,56.71,stock,common,100.00,1.00,false,0.00,EUR,0.80,3354104.00,0.83,83293480226.49,USD,62.15,1.04,76.26,0.62,Electronic technology,germany,Electronic Technology,StrongBuy,Strong buy,0.80,1.25,2.90,-28.67,47.24,50.36,69.26,49.24,268.25,-9.37,3.46,3.72,Sell,Sell,Sell,Sell,Neutral,Neutral,47.85,-1.85,0.50,15.86,52.78,65.41,0.00,57.57,2.33,1.83,1196.00,2.63,3354104.00,20.77,57.03,0.56,1698505.00,69.32,62.15,0.81,4.75,4.24,22.20,45.37,45.07,90325294876.49,5.07,38.62,20.13,56.36,56.60,58.89,67.01,55.02,101.97,143.08,57.69,105.58,2.06,0.51,0.71,19182226560.80,4718427044.56,5324733075.50
[object Object],DASH,"DoorDash, Inc. Class A",NASDAQ,192.20,stock,common,100.00,1.00,false,0.00,USD,2.49,1243824.00,0.29,83284856866.86,USD,100.92,1.90,5.95,0.00,Transportation,america,Transportation,Buy,Buy,2.49,-1.21,-17.54,8.55,28.32,-16.34,-25.64,-12.63,5.60,5.60,3.92,3.42,Sell,Sell,StrongSell,Strong sell,Neutral,Neutral,38.31,-9.75,-21.00,-74.53,20.11,13.37,0.00,188.25,0.38,0.93,2227.00,0.15,1243824.00,-77.51,0.00,0.00,0.00,-26.24,100.92,16.54,5.18,8.39,29.84,39.48,14.93,80945856866.86,5.09,93.26,43.33,194.11,211.31,205.57,187.26,187.76,262.60,350.00,203.00,263.50,2.61,0.47,0.83,17844487639.00,4339595133.00,4557722764.00
[object Object],WM,"Waste Management, Inc.",NYSE,207.50,stock,common,100.00,1.00,false,0.00,USD,-0.22,835799.00,0.36,82942900988.48,USD,29.37,7.06,4.82,1.70,Industrial services,america,Industrial Services,Buy,Buy,-0.22,-2.29,-6.27,-7.69,-8.75,-5.40,-5.88,34.91,227.76,3948.88,1.25,1.41,Sell,Sell,StrongSell,Strong sell,Buy,Buy,30.27,-5.96,-10.98,-124.79,10.25,8.89,0.00,207.65,-0.15,0.02,210.00,-0.32,835799.00,-58.80,0.00,0.00,0.00,-3.20,29.37,6.10,3.26,8.36,12.81,23.37,147.53,105733900988.48,4.12,22.25,13.50,211.18,217.54,223.07,222.43,225.05,261.22,277.00,230.00,263.00,8.11,1.98,2.19,26377361682.00,6709225647.00,6799244571.00
[object Object],MRSH,"Marsh & McLennan Companies, Inc.",NYSE,173.33,stock,common,100.00,1.00,false,0.00,USD,2.00,1341724.00,0.42,82715026417.93,USD,21.21,8.17,-1.91,2.17,Finance,america,Finance,Neutral,Neutral,2.00,-0.25,-10.62,5.37,-0.29,-6.01,-13.67,8.57,158.82,168401.44,2.02,1.90,Sell,Sell,StrongSell,Strong sell,Neutral,Neutral,38.28,-3.58,-12.71,-82.23,17.60,11.37,0.00,170.01,0.05,0.05,129.00,0.01,1341724.00,-58.03,0.00,0.00,0.00,-13.67,21.21,0.00,2.93,5.46,16.45,17.53,49.14,103647026417.93,3.71,15.26,13.46,174.29,182.92,184.83,175.85,177.50,204.24,234.00,178.00,201.00,10.45,2.90,1.98,28575334268.00,7279532596.00,6657801084.00
[object Object],SNPS,"Synopsys, Inc.",NASDAQ,429.95,stock,common,100.00,1.00,false,0.00,USD,1.19,1282052.00,0.66,82394175134.31,USD,75.95,5.66,-55.68,0.00,Technology services,america,Technology Services,StrongBuy,Strong buy,1.19,11.68,6.13,-4.27,7.49,-10.23,-7.04,35.17,628.85,5934.39,4.03,3.99,Buy,Buy,Buy,Buy,Neutral,Neutral,61.23,32.57,6.79,110.43,88.59,84.20,0.00,444.00,4.49,0.16,29038.00,4.73,1282052.00,-25.30,0.00,0.00,0.00,-19.84,75.95,0.00,8.69,2.64,28.14,30.09,22.90,89623881134.31,9.53,78.71,29.65,397.27,406.33,400.79,437.32,445.31,560.25,700.00,420.00,570.00,15.14,3.67,4.12,9723504456.00,2437656923.00,2558301439.00
[object Object],LLOY,Lloyds Banking Group plc,LSE,108.80,stock,common,100.00,5.00,false,0.00,GBX,1.68,107786725.00,0.47,81628443116.58,USD,13.65,0.11,0.00,3.75,Finance,uk,Finance,Buy,Buy,1.68,-3.03,-2.86,-0.46,17.39,10.75,32.59,137.63,90.88,-16.32,2.04,2.07,Sell,Sell,Sell,Sell,Sell,Sell,45.44,-2.35,-2.44,-96.47,18.27,15.54,0.00,0.00,0.00,0.00,0.00,0.70,107786725.00,-60.04,108.80,0.00,23305978.00,29.32,13.65,0.00,1.85,1.53,0.00,0.00,0.00,213885642116.58,7.81,0.00,0.00,109.23,110.72,112.14,108.14,103.93,1.70,1.89,1.24,1.69,0.14,0.03,0.04,28297868404.24,6789607413.26,7122108768.35
[object Object],MCO,Moody's Corporation,NYSE,468.82,stock,common,100.00,1.00,false,0.00,USD,0.31,298638.00,0.39,81199623629.84,USD,29.73,15.77,34.03,0.86,Commercial services,america,Commercial Services,Buy,Buy,0.31,1.92,-8.49,7.07,9.59,-8.02,-1.25,24.75,327.05,6180.18,2.15,2.06,Sell,Sell,StrongSell,Strong sell,Sell,Sell,43.22,-6.13,-15.45,-69.92,32.10,28.72,0.00,0.00,0.00,0.00,0.00,-0.21,298638.00,-48.27,0.00,0.00,0.00,-5.90,29.73,0.87,9.99,26.84,24.65,27.57,54.69,87366623629.84,10.71,23.27,20.56,468.74,486.09,485.20,471.92,472.09,564.95,610.00,505.00,573.50,16.93,4.26,4.25,8278904499.00,2087313642.00,2071210558.00
[object Object],ENI,Eni S.p.A.,MIL,24.09,stock,common,1000.00,5.00,false,0.00,EUR,-1.17,6757824.00,0.79,81105277453.39,USD,14.08,1.95,116.81,4.31,Energy minerals,italy,Energy Minerals,Buy,Buy,-1.17,0.88,4.51,17.68,1.43,48.98,59.43,120.60,90.28,344.24,2.35,1.94,Buy,Buy,StrongBuy,Strong buy,Neutral,Neutral,54.67,0.09,0.00,72.44,79.13,62.35,spinning_top_black,0.00,0.00,0.00,0.00,-1.01,6757824.00,-23.38,24.09,0.00,19276.00,55.66,14.08,0.12,0.88,1.53,5.55,20.26,4.80,118455464603.39,1.25,17.01,7.93,24.01,23.74,23.51,22.86,21.32,30.01,34.97,21.79,29.81,3.21,0.82,0.90,113648155749.51,32921650334.84,31440450944.07
[object Object],REGN,"Regeneron Pharmaceuticals, Inc.",NASDAQ,785.60,stock,common,100.00,1.00,false,0.00,USD,-1.31,201194.00,0.26,80880924423.79,USD,19.42,40.46,1.95,0.46,Health technology,america,Health Technology,Buy,Buy,-1.31,-0.22,-5.10,25.97,3.83,1.47,36.08,23.38,91.61,3618.79,2.62,2.33,Neutral,Neutral,Sell,Sell,Neutral,Neutral,47.21,4.11,-9.75,-47.24,34.58,35.63,0.00,802.00,0.75,0.71,664.00,0.99,201194.00,-66.62,0.00,0.00,0.00,28.81,19.42,10.07,5.43,2.56,17.79,22.14,10.40,75582724423.79,4.87,18.11,16.07,790.23,808.03,776.74,711.54,735.67,855.72,1030.00,737.00,860.00,54.51,10.16,15.99,17057262770.00,3817252148.00,4541337516.00
[object Object],BARC,Barclays PLC,LSE,463.90,stock,common,100.00,5.00,false,0.00,GBX,1.60,44550534.00,0.86,80697661660.58,USD,9.20,0.67,18.46,2.52,Finance,uk,Finance,Buy,Buy,1.60,-3.44,-6.88,-9.76,19.67,-2.80,21.34,150.81,168.38,189.70,2.50,2.37,Sell,Sell,StrongSell,Strong sell,Neutral,Neutral,39.54,-29.85,-25.03,-110.43,7.70,8.13,0.00,0.00,0.00,0.00,0.00,1.40,44550534.00,-16.93,463.90,0.00,8528102.00,15.92,9.20,0.49,1.35,0.95,0.00,0.00,0.00,-227137610339.42,0.00,0.00,0.00,468.26,486.78,498.95,487.66,467.48,7.68,8.74,6.67,7.70,0.71,0.20,0.16,42410411990.79,10677256300.24,10060124890.87
[object Object],PRX,Prosus N.V. Class N,EURONEXT,36.09,stock,common,1000.00,5.00,false,0.00,EUR,1.83,2716502.00,0.76,80307587772.65,USD,7.87,5.30,-4.52,0.56,Technology services,netherlands,Technology Services,Buy,Buy,1.83,1.53,-5.28,-3.35,-9.01,-32.89,-38.20,10.90,3.50,3.50,2.78,2.04,Sell,Sell,StrongSell,Strong sell,Buy,Buy,45.78,0.48,-0.76,-51.51,18.11,31.70,0.00,0.00,0.00,0.00,0.00,0.71,2716502.00,8.95,36.09,0.00,1159071.00,-42.66,7.87,0.00,9.10,1.66,56.19,59.83,5.67,82258634813.10,8.52,270.73,99.77,36.05,36.83,37.90,38.55,42.25,68.61,91.36,45.01,68.60,4.29,1.99,2.10,12713835657.26,5645526000.00,5819552000.00
[object Object],CTAS,Cintas Corporation,NASDAQ,199.98,stock,common,100.00,1.00,false,0.00,USD,1.16,1210932.00,0.52,80132205176.79,USD,39.43,5.07,12.71,0.95,Commercial services,america,Commercial Services,Buy,Buy,1.16,1.02,-2.39,17.35,19.05,6.61,-0.07,100.29,602.61,83978.38,2.46,1.80,Buy,Buy,StrongBuy,Strong buy,Neutral,Neutral,51.23,-1.52,-4.13,9.64,39.84,31.07,0.00,198.38,0.35,0.27,300.00,0.27,1210932.00,-64.37,0.00,0.00,0.00,-1.80,39.43,3.07,6.91,15.35,33.31,39.90,331.90,82599980176.79,7.14,30.27,25.47,198.01,200.54,202.27,188.40,187.84,219.47,250.00,180.00,227.00,5.54,1.35,1.36,12248773659.00,2983896338.00,3028054139.00
[object Object],SHW,Sherwin-Williams Company,NYSE,329.00,stock,common,100.00,1.00,false,0.00,USD,2.68,878134.00,0.46,79867434253.91,USD,30.33,10.85,7.71,1.00,Process industries,america,Process Industries,Buy,Buy,2.68,3.44,-6.53,-3.16,3.32,1.78,-3.55,13.46,249.83,65700.00,2.07,2.03,Neutral,Neutral,Neutral,Neutral,Buy,Buy,48.58,5.69,-13.68,-8.63,55.96,52.04,0.00,0.00,0.00,0.00,0.00,0.21,878134.00,-64.74,0.00,0.00,0.00,-9.96,30.33,3.83,3.23,20.72,20.82,25.19,275.75,94605634253.91,3.88,23.45,19.87,323.64,334.24,338.54,328.73,333.28,391.43,420.00,340.00,396.00,12.11,3.52,3.69,25138399680.00,6602129172.00,6788629401.00
[object Object],MRNA,"Moderna, Inc.",NASDAQ,198.28,stock,common,100.00,1.00,false,0.00,USD,1.78,8959369.00,0.55,79162088294.93,USD,0.00,-7.98,-6.20,0.00,Health technology,america,Health Technology,Neutral,Neutral,1.78,25.21,28.59,233.45,272.08,564.71,672.13,-53.95,801.29,801.29,8.45,7.24,Buy,Buy,StrongBuy,Strong buy,Neutral,Neutral,75.94,54.31,50.07,191.39,92.03,90.78,0.00,194.91,0.05,1.01,205874.00,0.27,8959369.00,-46.04,0.00,0.00,0.00,526.23,0.00,-3.93,34.80,11.70,0.00,0.00,15.36,75311088294.93,33.80,0.00,0.00,167.89,144.90,110.10,83.44,64.25,115.47,170.00,40.00,125.00,-8.32,-2.03,-1.10,2100007655.00,102928355.00,894988600.00
[object Object],UPS,"United Parcel Service, Inc. Class B",NYSE,92.95,stock,common,100.00,1.00,false,0.00,USD,0.98,2500292.00,0.45,79080146972.40,USD,17.30,5.37,-20.14,7.13,Transportation,america,Transportation,Buy,Buy,0.98,-6.97,-11.55,-14.45,-3.68,-6.39,10.92,-50.39,-14.80,43.00,2.69,1.99,Sell,Sell,StrongSell,Strong sell,Neutral,Neutral,31.67,-7.33,-6.64,-168.49,10.25,11.45,"harami_bullish,spinning_top_white",92.70,0.71,0.14,27847.00,0.88,2500292.00,-70.59,0.00,0.00,0.00,18.22,17.30,0.00,0.87,5.25,8.92,14.50,17.00,103132146972.40,1.15,12.31,8.43,97.43,101.01,104.10,105.02,105.14,116.08,135.00,76.00,118.00,7.19,1.66,1.64,91394336125.00,21858106934.00,22109109653.00
[object Object],AMT,American Tower Corporation,NYSE,168.34,stock,common,100.00,1.00,false,0.00,USD,0.64,952391.00,0.33,78437382859.98,USD,23.15,7.27,164.02,4.17,Finance,america,Finance,StrongBuy,Strong buy,0.64,-2.81,-6.48,-2.34,-0.27,-3.95,-13.42,-41.53,50.10,868.83,2.29,2.15,Sell,Sell,StrongSell,Strong sell,Neutral,Neutral,38.96,-9.51,-2.91,-236.25,7.74,17.61,0.00,0.00,0.00,0.00,0.00,-0.19,952391.00,-70.40,0.00,0.00,0.00,-10.44,23.15,0.14,7.13,21.09,13.59,19.82,41.47,128057482859.98,11.70,25.92,18.26,173.68,174.88,173.06,175.55,177.28,215.73,260.00,188.00,210.00,6.97,1.57,1.64,11027432011.00,2699481153.00,2759901453.00
[object Object],ECL,Ecolab Inc.,NYSE,279.05,stock,common,100.00,1.00,false,0.00,USD,1.34,279466.00,0.23,78225689633.28,USD,37.44,7.45,-0.32,1.03,Process industries,america,Process Industries,Buy,Buy,1.34,3.43,-3.86,-0.38,6.00,6.90,4.51,25.49,134.55,12566.10,1.84,1.77,Buy,Buy,StrongBuy,Strong buy,Neutral,Neutral,53.98,3.05,-4.63,12.27,69.33,55.02,0.00,0.00,0.00,0.00,0.00,0.36,279466.00,-71.37,0.00,0.00,0.00,0.32,37.44,0.00,4.61,7.78,25.76,42.01,15.33,87038089633.28,5.17,28.37,21.24,274.29,278.77,278.06,271.01,273.43,326.14,360.00,295.00,330.00,8.15,2.08,2.18,17882694996.00,4382614100.00,4699060076.00
[object Object],ITW,Illinois Tool Works Inc.,NYSE,274.12,stock,common,100.00,1.00,false,0.00,USD,0.78,358939.00,0.27,78069372654.12,USD,24.85,11.03,-3.18,2.37,Producer manufacturing,america,Producer Manufacturing,Neutral,Neutral,0.78,2.44,-3.14,1.48,5.14,11.14,6.10,27.20,133.21,29139.47,1.49,1.70,Buy,Buy,StrongBuy,Strong buy,Neutral,Neutral,51.46,5.96,-6.11,90.84,85.55,78.38,0.00,0.00,0.00,0.00,0.00,0.27,358939.00,-73.17,0.00,0.00,0.00,0.52,24.85,0.00,4.74,26.98,23.63,26.93,93.77,86925372654.12,5.28,19.92,18.25,269.94,274.88,279.73,269.37,268.45,306.62,350.00,267.00,305.00,11.44,2.79,2.96,16833660168.00,4189261791.00,4253710982.00
[object Object],WBD,"Warner Bros. Discovery, Inc. Series A",NASDAQ,30.86,stock,common,100.00,1.00,false,0.00,USD,0.05,11770353.00,0.19,77467752837.72,USD,0.00,-1.27,-521.59,0.00,Consumer services,america,Consumer Services,Neutral,Neutral,0.05,9.96,6.76,14.07,13.90,7.17,57.26,21.67,18.63,355.59,1.14,1.10,Buy,Buy,StrongBuy,Strong buy,Buy,Buy,75.41,2.82,2.11,141.05,96.80,96.49,0.00,30.81,-0.10,-0.13,33788.00,-0.12,11770353.00,-74.47,0.00,0.00,0.00,45.85,0.00,0.00,2.20,2.36,23.21,36.45,23.14,107491752837.72,2.97,42.45,14.13,29.43,28.74,27.74,27.32,27.64,30.15,31.00,26.00,31.00,-1.14,-0.14,-0.02,36167734692.00,9251346384.00,8739720428.00
[object Object],BA.,BAE Systems plc,LSE,1972.00,stock,common,10.00,5.00,false,0.00,GBX,-1.03,2847663.00,0.38,77047429953.45,USD,28.24,0.93,7.38,1.82,Electronic technology,uk,Electronic Technology,Buy,Buy,-1.03,-3.57,-5.19,10.08,-5.78,15.09,-1.08,248.29,267.91,5055.56,2.26,2.33,Sell,Sell,StrongSell,Strong sell,Buy,Buy,43.92,74.00,-58.01,-16.73,63.46,68.91,0.00,0.00,0.00,0.00,0.00,-0.38,2847663.00,-39.73,1972.00,0.00,1204813.00,3.94,28.24,3.87,2.05,4.66,10.98,13.17,13.67,83612799953.45,2.15,23.66,16.41,2007.35,2039.77,2055.78,1979.20,2013.10,31.18,35.01,22.72,31.54,1.13,0.49,0.61,44648218318.78,20806681867.65,23339021891.58
[object Object],CMCSA,Comcast Corporation Class A,NASDAQ,21.70,stock,common,100.00,1.00,false,0.00,USD,-1.94,15483100.00,0.44,77005409426.00,USD,7.03,3.09,-49.00,5.96,Consumer services,america,Consumer Services,Neutral,Neutral,-1.94,-4.26,-19.96,-4.64,-24.39,-22.49,-26.95,-58.53,-31.11,85382.81,3.17,2.88,StrongSell,Strong sell,StrongSell,Strong sell,Neutral,Neutral,26.48,-3.50,-2.92,-127.57,6.15,6.22,falling_window_bearish,21.67,-2.08,-1.04,313346.00,-1.67,15483100.00,-57.09,0.00,0.00,0.00,-30.81,7.03,0.00,0.63,0.86,2.38,3.79,10.11,159917409426.00,1.28,8.62,4.66,23.04,25.24,24.86,24.52,26.81,29.50,44.00,18.00,29.00,3.47,0.97,0.99,120198327112.00,29235581590.00,29255318106.00
[object Object],MDLZ,"Mondelez International, Inc. Class A",NASDAQ,60.24,stock,common,100.00,1.00,false,0.00,USD,-1.01,2150210.00,0.26,76891175231.33,USD,22.10,2.73,-0.44,3.29,Consumer non-durables,america,Consumer Non-Durables,Buy,Buy,-1.01,-2.34,-4.36,-2.61,4.63,11.69,-6.86,0.14,41.16,192.31,1.62,1.82,Sell,Sell,StrongSell,Strong sell,Sell,Sell,39.59,-2.20,-1.38,-153.95,20.17,23.08,falling_window_bearish,60.56,-0.49,-0.28,3968.00,-0.44,2150210.00,-62.98,0.00,0.00,0.00,-5.79,22.10,0.00,1.97,2.90,17.48,25.13,44.08,97244175231.33,2.45,15.47,12.67,61.35,62.27,62.10,61.56,59.48,69.05,74.00,55.00,70.00,3.05,0.68,0.71,40204395755.00,9205897920.00,9990209800.00
[object Object],SLB,SLB Limited,NYSE,51.44,stock,common,100.00,1.00,false,0.00,USD,0.01,3589252.00,0.27,76336911630.60,USD,24.97,2.06,-29.43,2.26,Industrial services,america,Industrial Services,Buy,Buy,0.01,-0.67,-2.12,10.12,-1.75,33.91,49.43,72.60,-32.44,7193.76,2.99,3.55,Sell,Sell,StrongSell,Strong sell,Neutral,Neutral,40.66,-4.63,-2.45,-89.21,12.52,14.46,0.00,51.11,-0.62,-0.10,6969.00,-0.70,3589252.00,-61.96,0.00,0.00,0.00,47.53,24.97,0.00,2.13,2.93,11.86,16.12,19.03,86243911630.60,2.37,16.99,11.52,52.16,54.44,52.66,52.48,50.24,62.75,75.00,43.00,63.50,2.48,0.51,0.62,37002542914.00,8667176601.00,9265505060.00
[object Object],EL,EssilorLuxottica SA,EURONEXT,143.90,stock,common,100.00,5.00,false,0.00,EUR,-0.55,800577.00,0.87,76225531623.65,USD,26.89,6.11,3.83,2.76,Health technology,france,Health Technology,Buy,Buy,-0.55,2.82,-9.61,-14.45,-26.64,-46.41,-46.06,-16.73,22.00,2589.72,3.15,2.61,Sell,Sell,StrongSell,Strong sell,Neutral,Neutral,39.72,-2.50,-10.22,-74.26,54.61,49.06,falling_window_bearish,0.00,0.00,0.00,0.00,-0.79,800577.00,-27.89,143.90,0.00,358302.00,-49.09,26.89,7.05,2.29,1.69,12.65,16.16,34.61,92261846023.65,2.76,22.32,11.97,144.20,152.44,158.26,165.48,198.46,270.87,410.69,153.58,284.41,8.51,4.43,3.66,35474073556.11,17037484875.67,17278900667.17
[object Object],MSI,"Motorola Solutions, Inc.",NYSE,457.49,stock,common,100.00,1.00,false,0.00,USD,0.57,204162.00,0.21,75711747466.43,USD,36.03,12.70,2.19,1.04,Electronic technology,america,Electronic Technology,Buy,Buy,0.57,-0.41,-5.20,15.41,1.66,19.35,0.32,90.92,501.64,31938.19,1.89,1.84,Neutral,Neutral,Neutral,Neutral,Neutral,Neutral,45.35,-8.67,-11.66,-81.43,19.43,16.82,0.00,0.00,0.00,0.00,0.00,0.00,204162.00,-77.87,0.00,0.00,0.00,-4.33,36.03,16.40,6.22,28.34,25.72,28.57,107.74,84636747466.43,6.92,27.35,22.89,461.31,470.55,457.28,433.07,428.99,530.60,550.00,476.00,530.50,17.71,3.85,4.42,12970574833.00,3001855778.00,3252454333.00
[object Object],TRV,"Travelers Companies, Inc.",NYSE,361.52,stock,common,100.00,1.00,false,0.00,USD,-0.24,292851.00,0.18,75405084336.15,USD,9.68,37.35,65.14,1.26,Finance,america,Finance,Neutral,Neutral,-0.24,-4.09,-2.82,12.98,24.05,25.26,29.72,129.26,214.18,8047.04,1.89,1.68,Sell,Sell,Sell,Sell,Neutral,Neutral,41.45,-13.68,-4.33,-108.16,8.57,12.81,doji,362.50,0.03,-0.03,350.00,-0.20,292851.00,-72.21,0.00,0.00,0.00,25.29,9.68,0.15,1.58,2.28,7.00,7.00,0.00,84473084336.15,1.72,0.00,0.00,370.65,368.84,372.60,342.21,318.19,366.46,430.00,297.00,368.00,34.08,5.41,6.77,43950523152.00,11257970125.00,11313606000.00
[object Object],NG.,National Grid plc,LSE,1127.00,stock,common,10.00,5.00,false,0.00,GBX,-0.75,7785480.00,0.49,75402280517.71,USD,17.29,0.86,8.18,4.27,Utilities,uk,Utilities,Buy,Buy,-0.75,-2.30,-5.17,-10.34,-9.37,-0.97,7.74,32.96,14.92,160.89,1.73,1.94,StrongSell,Strong sell,StrongSell,Strong sell,Neutral,Neutral,40.39,-3.50,-18.34,-44.93,49.09,57.24,0.00,0.00,0.00,0.00,0.00,0.22,7785480.00,-49.20,1127.00,0.00,3698918.00,12.38,17.29,2.13,3.19,1.43,9.00,0.00,19.83,133470798517.71,5.71,20.02,13.85,1135.00,1154.93,1176.25,1205.06,1233.68,18.01,19.86,15.23,18.04,1.18,0.64,0.45,26270046934.76,16066999710.00,10060836396.00
[object Object],G,Assicurazioni Generali S.p.A.,MIL,43.72,stock,common,100.00,1.00,false,0.00,EUR,0.92,2067595.00,0.70,75319664934.09,USD,14.85,3.36,18.12,3.79,Finance,italy,Finance,Neutral,Neutral,0.92,-4.98,0.05,2.61,29.54,22.23,33.86,139.69,282.84,188.39,2.34,1.74,Sell,Sell,Sell,Sell,Neutral,Neutral,43.89,-1.36,0.02,-118.35,14.13,23.67,0.00,0.00,0.00,0.00,0.00,0.51,2067595.00,-2.85,43.72,0.00,544.00,38.12,14.85,0.81,0.94,2.06,2.99,3.04,0.00,125680017484.09,1.56,0.00,0.00,44.85,44.32,44.11,42.40,38.87,48.98,83.78,32.71,48.78,3.76,1.83,1.77,121521381856.00,0.00,0.00
[object Object],ROST,"Ross Stores, Inc.",NASDAQ,235.69,stock,common,100.00,1.00,false,0.00,USD,0.13,710128.00,0.34,75293502344.43,USD,28.48,8.28,31.42,0.72,Retail trade,america,Retail Trade,Buy,Buy,0.13,3.20,-2.81,9.69,10.35,30.51,57.06,103.62,267.58,42391.45,1.92,2.02,Buy,Buy,StrongBuy,Strong buy,Neutral,Neutral,55.05,4.95,-1.10,161.25,87.94,84.89,0.00,235.91,0.22,0.22,126.00,0.20,710128.00,-51.16,0.00,0.00,0.00,52.27,28.48,0.91,3.07,11.17,20.57,26.98,17.47,75723201344.43,3.09,24.29,20.71,230.60,232.17,237.92,230.99,216.57,275.47,310.00,234.00,285.00,8.49,1.95,1.84,25694196340.00,6160906587.00,6208240590.00
[object Object],MUV2,Munchener Ruckversicherungs-Gesellschaft AG,XETR,510.40,stock,common,10.00,2.00,false,0.00,EUR,-0.43,248279.00,0.68,74043811670.58,USD,9.51,61.31,39.07,4.68,Finance,germany,Finance,Neutral,Neutral,-0.43,0.55,-1.54,7.29,-2.45,-9.21,-1.77,112.80,202.91,697.47,1.90,1.66,Buy,Buy,Buy,Buy,Neutral,Neutral,49.89,7.00,-6.29,0.36,55.57,42.86,0.00,513.00,0.08,-0.04,67.00,-0.04,248279.00,-9.74,511.60,0.24,106325.00,-5.68,9.51,0.24,0.92,1.91,0.00,0.00,0.00,82641032720.58,1.02,0.00,0.00,508.76,513.04,514.18,495.56,515.84,648.58,734.52,557.86,653.74,60.25,16.31,12.13,73895181686.74,18730114680.05,18227416009.97
[object Object],INTU,Intuit Inc.,NASDAQ,275.74,stock,common,100.00,1.00,false,0.00,USD,-0.50,1777392.00,0.46,73687653850.98,USD,16.71,16.50,20.32,1.73,Technology services,america,Technology Services,Buy,Buy,-0.50,-11.88,-14.75,5.92,-35.35,-58.26,-60.13,-51.87,152.53,11932.41,4.30,3.90,Sell,Sell,StrongSell,Strong sell,Neutral,Neutral,29.55,-45.83,-43.07,-157.00,2.45,3.71,doji_star_bullish,276.17,-0.35,-0.31,28142.00,-0.58,1777392.00,-61.06,0.00,0.00,0.00,-57.76,16.71,0.83,3.51,3.90,8.49,8.70,10.42,74908653850.98,3.49,12.13,10.67,303.90,331.09,324.65,318.30,403.43,397.41,732.00,290.00,385.00,23.08,3.58,2.46,23415328789.00,4266803336.00,4305221520.00
[object Object],EOG,"EOG Resources, Inc.",NYSE,140.08,stock,common,100.00,1.00,false,0.00,USD,-1.95,1323063.00,0.36,73476047120.81,USD,10.90,12.85,25.00,2.86,Energy minerals,america,Energy Minerals,Buy,Buy,-1.95,-3.45,-2.72,4.98,-5.10,33.41,20.13,74.12,55.26,5503.20,1.99,2.25,Sell,Sell,StrongSell,Strong sell,Neutral,Neutral,42.28,-7.28,-4.42,-132.13,21.95,18.59,0.00,140.40,-1.72,-0.61,2261.00,-1.57,1323063.00,-50.48,0.00,0.00,0.00,19.45,10.90,0.44,2.83,2.31,5.54,11.19,15.10,76819047120.81,2.88,8.19,5.35,144.26,146.17,144.60,140.19,131.23,163.83,193.00,138.00,160.00,16.94,4.97,4.06,28249368408.00,8044916167.00,6884139133.00
[object Object],GM,General Motors Company,NYSE,82.69,stock,common,100.00,1.00,false,0.00,USD,2.63,3400634.00,0.41,72556467409.70,USD,41.71,1.98,-68.57,0.82,Consumer durables,america,Consumer Durables,Buy,Buy,2.63,-4.03,-3.83,5.49,9.95,1.57,38.90,57.78,158.24,136.26,3.04,2.86,Neutral,Neutral,Sell,Sell,Neutral,Neutral,45.25,-2.93,-2.70,-142.98,25.80,28.97,0.00,80.88,0.38,-0.12,8603.00,0.46,3400634.00,-57.15,0.00,0.00,0.00,28.45,41.71,0.00,0.40,1.20,3.24,124.17,2.71,174176467409.70,0.94,96.02,11.60,84.01,85.29,85.39,82.12,80.71,106.55,132.00,76.00,104.00,13.56,3.19,3.68,185684445728.00,47011489804.00,48742041978.00
[object Object],NOC,Northrop Grumman Corp.,NYSE,509.52,stock,common,100.00,1.00,false,0.00,USD,0.11,234670.00,0.27,72383958675.05,USD,16.16,31.54,15.97,1.88,Electronic technology,america,Electronic Technology,Buy,Buy,0.11,-2.70,-6.18,1.55,-26.40,-10.55,-13.64,42.87,135.26,23687.86,2.36,2.05,Sell,Sell,StrongSell,Strong sell,Neutral,Neutral,36.80,-9.45,-27.01,-130.78,16.92,20.22,0.00,509.00,0.00,0.07,1368.00,0.02,234670.00,-56.31,0.00,0.00,0.00,-8.68,16.16,1.01,1.69,4.05,14.29,19.90,31.45,87128958675.05,2.03,18.95,14.23,521.03,536.58,541.36,540.50,600.10,650.34,815.00,538.00,640.00,28.94,6.82,7.17,44070955269.00,10801413407.00,11129954578.00
[object Object],CMI,Cummins Inc.,NYSE,522.89,stock,common,100.00,1.00,false,0.00,USD,0.35,366403.00,0.30,71983386054.86,USD,26.72,19.57,-7.96,1.57,Producer manufacturing,america,Producer Manufacturing,Buy,Buy,0.35,-0.40,-9.65,-26.26,-0.80,2.44,26.45,129.78,334.55,12113.49,2.04,2.45,Sell,Sell,StrongSell,Strong sell,Neutral,Neutral,30.54,-33.86,-46.89,-90.59,15.97,17.84,0.00,526.51,1.04,0.95,8527.00,0.79,366403.00,-69.11,0.00,0.00,0.00,25.52,26.72,0.00,2.08,5.60,15.58,21.51,18.46,77404386054.86,2.23,19.50,15.21,529.22,561.06,594.15,636.49,603.20,766.54,894.00,600.00,781.50,29.57,7.21,8.21,37636061354.00,9330272673.00,9848631366.00
[object Object],DHL,DHL AG,XETR,57.20,stock,common,100.00,2.00,false,0.00,EUR,1.27,1391319.00,0.71,71916385806.64,USD,17.50,3.73,10.78,3.36,Transportation,germany,Transportation,Neutral,Neutral,1.27,1.78,1.20,8.13,27.62,22.88,51.97,-0.78,106.13,165.31,2.81,1.82,Buy,Buy,StrongBuy,Strong buy,Buy,Buy,56.35,2.18,1.62,90.30,60.77,70.60,0.00,0.00,0.00,0.00,0.00,0.92,1391319.00,-24.43,57.28,0.14,742795.00,44.40,17.50,1.60,0.75,2.85,7.09,10.38,14.96,99457754656.64,1.02,13.10,7.51,56.69,55.94,56.14,54.13,50.78,65.02,77.84,51.51,67.54,4.13,1.05,0.93,102647438160.74,24018391083.54,24713264809.54
[object Object],NWG,NatWest Group Plc,LSE,694.40,stock,common,10.00,2.00,false,0.00,GBX,1.43,26473141.00,0.93,71758220983.61,USD,9.32,0.99,24.79,5.11,Finance,uk,Finance,Buy,Buy,1.43,-2.75,0.00,5.79,28.83,6.34,36.10,193.89,250.63,-53.79,2.16,2.20,Buy,Buy,StrongBuy,Strong buy,Neutral,Neutral,50.82,-3.40,0.55,-13.60,33.98,40.97,0.00,0.00,0.00,0.00,0.00,0.79,26473141.00,-18.29,694.40,0.00,3701837.00,34.70,9.32,0.37,3.02,1.43,0.00,0.00,0.00,189785607983.61,4.66,0.00,0.00,695.18,692.17,692.53,656.22,633.82,10.74,12.01,8.67,10.80,1.01,0.23,0.25,24401728580.37,5825987532.84,6140832074.15
[object Object],APO,Apollo Global Management Inc,NYSE,121.09,stock,common,100.00,1.00,false,0.00,USD,0.33,757930.00,0.25,71508879095.94,USD,45.80,2.64,-50.12,1.78,Finance,america,Finance,Buy,Buy,0.33,-4.17,-9.21,-0.32,11.49,-16.50,-10.46,93.74,580.28,547.54,3.09,2.85,StrongSell,Strong sell,StrongSell,Strong sell,Neutral,Neutral,35.54,-7.89,-7.20,-145.67,13.86,15.85,doji,120.69,0.00,0.00,193.00,0.30,757930.00,-80.31,0.00,0.00,0.00,-10.72,45.80,0.00,2.05,3.56,7.36,7.36,2.58,78444879095.94,2.18,10.21,8.45,125.00,130.40,128.93,128.36,127.41,154.47,173.00,130.00,157.00,8.77,2.16,2.27,23134770242.00,5648931264.00,5898045399.00
[object Object],TGT,Target Corporation,NYSE,157.06,stock,common,100.00,1.00,false,0.00,USD,0.58,1473707.00,0.43,71351845226.01,USD,16.30,9.64,12.34,2.93,Retail trade,america,Retail Trade,Neutral,Neutral,0.58,-1.72,-4.04,11.82,34.12,60.41,78.87,-34.63,129.45,21363.20,2.07,2.18,Neutral,Neutral,Buy,Buy,Neutral,Neutral,49.87,1.23,-1.00,-77.03,25.85,30.02,0.00,155.24,-0.58,-0.03,843.00,-0.50,1473707.00,-56.00,0.00,0.00,0.00,79.46,16.30,1.31,0.66,4.00,8.22,16.09,13.25,85030845226.01,0.79,13.76,9.09,157.20,159.58,153.79,141.41,127.29,163.41,200.00,125.00,160.00,10.13,2.35,2.05,110007577004.00,26132443365.00,26383780700.00
[object Object],CI,Cigna Group,NYSE,269.83,stock,common,100.00,1.00,false,0.00,USD,1.63,753852.00,0.51,71301337754.65,USD,11.16,24.18,32.04,2.31,Health services,america,Health Services,Buy,Buy,1.63,-1.83,-3.53,-5.04,-0.72,-2.47,-7.90,32.86,106.42,4547.97,2.17,2.03,Sell,Sell,StrongSell,Strong sell,Buy,Buy,41.53,-10.93,-7.62,-133.87,11.34,8.60,0.00,266.00,0.19,-0.35,332.00,0.24,753852.00,-53.24,0.00,0.00,0.00,-6.15,11.16,0.34,0.25,1.67,6.93,7.82,0.00,103469337754.65,0.37,0.00,0.00,276.25,278.40,280.31,283.44,279.90,341.61,400.00,297.00,340.00,30.51,7.60,7.51,287157478441.00,70142525071.00,72647737129.00
[object Object],CVNA,Carvana Co. Class A,NYSE,64.54,stock,common,100.00,1.00,false,0.00,USD,0.56,1970117.00,0.26,71023933852.12,USD,29.94,2.16,169.88,0.00,Retail trade,america,Retail Trade,Buy,Buy,0.56,-2.12,-14.92,-1.47,8.02,-23.47,-10.40,0.72,2290.37,2290.37,4.24,4.05,Sell,Sell,StrongSell,Strong sell,Neutral,Neutral,40.06,-4.62,-5.61,-97.31,14.56,12.78,0.00,64.01,-0.26,0.16,41805.00,-0.14,1970117.00,-71.74,0.00,0.00,0.00,-15.57,29.94,0.18,1.90,11.52,42.64,51.41,14.72,74705933852.12,2.98,33.38,29.76,65.94,70.25,68.87,68.75,72.68,82.97,120.00,60.00,83.00,1.62,0.39,0.44,28899720353.00,6897393966.00,7606463373.00
[object Object],DG,VINCI SA,EURONEXT,111.30,stock,common,100.00,5.00,false,0.00,EUR,0.72,496004.00,0.51,70766833570.14,USD,12.36,10.28,8.24,4.52,Industrial services,france,Industrial Services,Buy,Buy,0.72,-0.98,-6.94,-15.17,-12.33,-6.51,-3.34,25.06,61.94,979.53,1.30,1.68,Sell,Sell,StrongSell,Strong sell,Neutral,Neutral,41.29,-0.15,-3.95,-56.02,26.53,34.35,spinning_top_white,0.00,0.00,0.00,0.00,0.63,496004.00,-22.79,111.30,0.00,225891.00,-5.08,12.36,1.49,0.81,2.02,5.15,7.55,4.02,102834911770.14,1.18,9.65,6.59,111.39,114.24,117.29,121.10,124.42,164.90,187.17,140.81,165.99,10.81,4.05,6.50,90009535624.53,40049102633.75,46643015191.30
[object Object],HLT,Hilton Worldwide Holdings Inc.,NYSE,313.31,stock,common,100.00,1.00,false,0.00,USD,0.38,652071.00,0.36,70515088334.00,USD,46.04,6.81,4.54,0.19,Consumer services,america,Consumer Services,Buy,Buy,0.38,3.68,-5.16,-8.20,4.34,9.22,19.24,128.14,551.48,616.94,1.86,1.92,Neutral,Neutral,Neutral,Neutral,Buy,Buy,50.58,7.12,-7.12,52.19,70.28,57.94,spinning_top_white,0.00,0.00,0.00,0.00,0.29,652071.00,-61.26,0.00,0.00,0.00,8.92,46.04,10.10,5.73,0.00,34.02,35.36,67.43,83507088334.00,6.69,28.65,26.88,308.05,316.04,317.93,324.74,315.03,355.79,394.00,316.00,361.50,9.04,2.27,2.35,13037815492.00,3323142675.00,3366987492.00
[object Object],NSC,Norfolk Southern Corporation,NYSE,313.36,stock,common,100.00,1.00,false,0.00,USD,0.06,155364.00,0.13,70383281188.73,USD,26.75,11.71,-20.86,1.72,Transportation,america,Transportation,Neutral,Neutral,0.06,-1.65,-10.65,0.32,11.47,8.47,6.62,27.85,236.69,8817.93,1.64,1.69,Sell,Sell,StrongSell,Strong sell,Neutral,Neutral,34.39,-6.91,-18.68,-91.22,23.41,21.29,0.00,0.00,0.00,0.00,0.00,-0.19,155364.00,-80.88,0.00,0.00,0.00,10.86,26.75,0.00,5.62,4.33,18.89,43.23,65.96,85930281188.73,6.85,21.34,15.80,315.50,330.80,333.72,324.06,310.98,364.76,414.00,297.00,376.00,12.99,3.32,3.59,13260518176.00,3377964312.00,3453955479.00
[object Object],ORLY,"O'Reilly Automotive, Inc.",NASDAQ,86.28,stock,common,100.00,1.00,false,0.00,USD,0.05,1892086.00,0.25,69801182230.79,USD,27.44,3.14,12.47,0.00,Retail trade,america,Retail Trade,StrongBuy,Strong buy,0.05,1.98,-4.44,-2.16,-6.55,-4.91,-17.06,107.34,360.55,52998.44,2.32,1.89,Sell,Sell,Sell,Sell,Neutral,Neutral,48.07,0.47,-2.63,-0.93,64.67,53.17,spinning_top_white,86.37,0.15,-0.86,1100.00,-0.16,1892086.00,-56.51,0.00,0.00,0.00,-22.29,27.44,2.20,3.85,0.00,21.74,33.17,272.79,79126434230.79,4.26,21.79,18.98,85.28,87.45,88.45,88.83,91.17,109.09,120.00,98.00,110.00,3.29,0.86,0.93,19122512932.00,4864050685.00,5001180013.00
[object Object],NDA_FI,Nordea Bank Abp,OMXHEX,17.86,stock,common,1000.00,5.00,false,0.00,EUR,0.53,3645589.00,0.74,68582919163.02,USD,12.97,1.57,-0.41,7.32,Finance,finland,Finance,Buy,Buy,0.53,-0.22,2.03,10.35,24.89,10.89,27.88,63.06,99.16,210.70,1.51,1.54,Buy,Buy,StrongBuy,Strong buy,Neutral,Neutral,55.85,0.04,0.28,91.20,59.43,64.76,0.00,0.00,0.00,0.00,0.00,1.10,3645589.00,44.77,0.00,0.00,0.00,24.71,12.97,0.00,3.31,1.95,2.94,2.95,0.00,314483691363.02,9.93,0.00,0.00,17.77,17.62,17.52,16.94,16.47,21.51,26.46,16.08,21.72,1.72,0.40,0.42,14221046856.24,3403572634.50,3464782822.05
[object Object],KMI,Kinder Morgan Inc Class P,NYSE,30.74,stock,common,100.00,1.00,false,0.00,USD,-1.63,4349770.00,0.30,68451893540.00,USD,19.83,1.55,27.19,3.78,Industrial services,america,Industrial Services,Buy,Buy,-1.63,-1.47,-0.45,-7.30,-9.59,11.82,10.42,82.98,39.73,-3.03,1.84,2.20,StrongSell,Strong sell,StrongSell,Strong sell,Sell,Sell,42.04,-0.12,-0.17,-106.95,36.94,44.58,0.00,31.10,-0.48,-0.26,5408.00,-0.76,4349770.00,-43.40,0.00,0.00,0.00,16.37,19.83,0.74,3.89,2.16,9.93,18.81,574.76,101828893540.00,5.69,19.22,13.09,31.20,31.54,31.67,31.95,31.37,36.30,43.00,32.00,36.00,1.54,0.32,0.32,18307825228.00,4224256330.00,4374699362.00
[object Object],CL,Colgate-Palmolive Company,NYSE,85.70,stock,common,100.00,1.00,false,0.00,USD,0.45,1446027.00,0.23,68317707904.32,USD,33.90,2.53,-28.95,2.46,Consumer non-durables,america,Consumer Non-Durables,Buy,Buy,0.45,-1.62,-6.38,-6.97,1.70,8.58,5.46,12.03,17.32,9170.18,1.47,1.57,Sell,Sell,StrongSell,Strong sell,Neutral,Neutral,36.51,-1.10,-3.21,-135.81,5.24,7.59,0.00,85.54,0.26,0.50,1273.00,-0.27,1446027.00,-69.74,0.00,0.00,0.00,6.29,33.90,0.00,3.25,289.48,15.42,17.81,47.29,75051707904.32,3.57,16.33,14.33,86.74,88.99,90.23,90.15,88.28,99.37,110.00,87.00,101.00,3.87,0.95,0.93,21423889489.00,5357637786.00,5339631071.00
[object Object],ENGI,ENGIE S.A.,EURONEXT,23.35,stock,common,100.00,1.00,false,0.00,EUR,-0.30,3692731.00,0.37,67699818031.98,USD,14.73,1.81,-22.97,5.76,Utilities,france,Utilities,StrongBuy,Strong buy,-0.30,-3.51,-7.85,-14.09,-14.41,4.19,29.61,98.99,68.29,-16.64,1.72,2.11,Sell,Sell,StrongSell,Strong sell,Buy,Buy,34.41,-0.63,-0.98,-149.46,13.35,19.55,doji,0.00,0.00,0.00,0.00,-0.21,3692731.00,-12.86,23.35,0.00,2303803.00,41.03,14.73,0.00,0.86,1.77,7.46,52.80,4.28,147923483081.98,1.83,14.00,9.35,23.74,24.34,25.27,26.15,26.10,35.19,38.82,31.01,35.60,2.41,0.00,0.00,87907242362.18,0.00,0.00
[object Object],HON,Honeywell International Inc.,NASDAQ,212.40,stock,common,100.00,1.00,false,0.00,USD,0.29,871605.00,0.23,67318054384.36,USD,7.85,27.04,53.73,3.70,Producer manufacturing,america,Producer Manufacturing,Buy,Buy,0.29,2.86,-1.90,-11.72,-10.43,3.54,2.95,-1.77,95.18,2482.18,1.91,2.02,Neutral,Neutral,Sell,Sell,Neutral,Neutral,48.95,10.04,-5.68,85.69,94.09,91.06,0.00,0.00,0.00,0.00,0.00,-0.12,871605.00,-59.36,0.00,0.00,0.00,-50.77,7.85,0.15,1.73,3.63,13.22,16.31,7.36,93397054384.36,2.39,12.49,10.48,208.05,212.70,223.53,227.32,230.13,266.29,303.00,231.00,265.00,8.32,1.83,2.17,20143072400.00,5025799960.00,5002275667.00
[object Object],MPWR,"Monolithic Power Systems, Inc.",NASDAQ,1368.42,stock,common,100.00,1.00,false,0.00,USD,2.46,192487.00,0.22,67248514363.23,USD,83.86,16.32,-57.51,0.53,Electronic technology,america,Electronic Technology,Buy,Buy,2.46,15.43,5.18,0.81,30.42,47.52,52.45,166.70,1699.61,15004.03,5.23,3.63,Buy,Buy,StrongBuy,Strong buy,Neutral,Neutral,60.52,133.96,36.11,154.90,86.47,89.36,0.00,1329.47,-0.46,1.21,1708.00,-0.22,192487.00,-60.93,0.00,0.00,0.00,36.37,83.86,0.00,20.10,17.26,81.97,115.12,47.68,65853687363.23,20.12,70.04,65.84,1253.84,1269.01,1303.84,1401.61,1273.14,1853.36,2100.00,1575.00,1835.00,27.42,5.87,7.69,4149458533.00,903302500.00,1151253429.00
[object Object],FDX,FedEx Corporation,NYSE,283.87,stock,common,100.00,1.00,false,0.00,USD,1.55,823867.00,0.49,67183640047.44,USD,15.31,18.54,9.93,1.99,Transportation,america,Transportation,Buy,Buy,1.55,-7.05,-14.96,-13.34,1.12,22.01,51.07,55.98,102.60,36885.76,2.77,2.19,Sell,Sell,StrongSell,Strong sell,Buy,Buy,29.00,-28.12,-27.18,-162.61,4.08,5.89,tweezer_bottom_bullish,280.59,0.38,0.31,2271.00,0.52,823867.00,-68.02,0.00,0.00,0.00,31.42,15.31,1.52,0.71,2.15,7.67,13.37,5.05,96579640047.44,1.02,14.58,8.79,297.87,316.05,315.94,317.02,297.40,369.41,479.00,269.80,362.50,17.69,4.55,3.47,92011369086.00,22623710992.00,23198359175.00
[object Object],DLR,"Digital Realty Trust, Inc.",NYSE,179.56,stock,common,100.00,1.00,false,0.00,USD,-0.80,649226.00,0.31,66614674857.11,USD,87.34,2.06,-46.12,2.70,Finance,america,Finance,StrongBuy,Strong buy,-0.80,-1.98,-6.45,-7.03,3.23,16.11,4.39,18.18,84.54,1396.29,2.30,2.50,StrongSell,Strong sell,StrongSell,Strong sell,Sell,Sell,41.03,-9.03,-4.99,-98.10,31.28,42.99,0.00,0.00,0.00,0.00,0.00,0.80,649226.00,-49.64,0.00,0.00,0.00,15.13,87.34,0.00,9.55,2.49,21.88,0.00,34.81,87438342857.11,12.77,66.72,26.44,181.98,187.45,188.24,187.54,180.58,223.34,250.00,197.00,224.50,2.72,0.48,0.52,7104222933.00,1657575075.00,1751267925.00
[object Object],SPG,"Simon Property Group, Inc.",NYSE,204.92,stock,common,100.00,1.00,false,0.00,USD,0.11,266309.00,0.21,66302175192.95,USD,38.88,5.27,-25.41,4.30,Finance,america,Finance,Buy,Buy,0.11,0.43,-6.43,-9.69,13.28,11.09,11.92,52.19,-3.87,868.72,0.88,1.41,Sell,Sell,Sell,Sell,Neutral,Neutral,36.93,0.09,-7.71,-52.17,34.04,35.63,0.00,206.47,0.86,0.86,100.00,0.24,266309.00,-69.38,0.00,0.00,0.00,12.59,38.88,0.00,9.56,15.09,14.73,18.31,65.15,96162991192.95,13.86,29.24,19.36,204.65,211.24,217.45,214.86,203.35,235.18,285.00,207.00,223.00,6.71,1.64,1.68,6656069629.00,1612095804.00,1627579124.00
[object Object],MRK,Merck KGaA,XETR,135.00,stock,common,100.00,5.00,false,0.00,EUR,0.78,202391.00,0.54,66255023799.21,USD,24.77,6.23,-17.22,1.64,Health technology,germany,Health Technology,Buy,Buy,0.78,2.70,-2.84,-7.31,26.40,9.22,25.41,-31.10,38.46,586.09,1.71,1.86,Buy,Buy,Buy,Buy,Buy,Buy,50.84,3.55,-2.60,27.39,63.88,49.86,0.00,0.00,0.00,0.00,0.00,0.49,202391.00,-42.69,135.00,0.00,110795.00,19.95,24.77,0.00,2.76,1.95,13.87,21.54,30.02,78157118099.21,3.24,16.45,10.39,132.21,135.48,137.76,135.82,127.21,179.73,206.70,155.89,176.10,9.86,2.31,2.37,25208070387.77,6041765524.85,6139312377.54
[object Object],DBK,Deutsche Bank Aktiengesellschaft,XETR,31.76,stock,common,1000.00,5.00,false,0.00,EUR,2.68,5483612.00,0.89,65916034481.29,USD,9.61,3.77,9.31,3.23,Finance,germany,Finance,Buy,Buy,2.68,-7.09,-6.55,5.51,25.19,-4.08,3.88,191.91,214.56,61.65,2.80,2.37,Neutral,Neutral,Sell,Sell,Buy,Buy,38.46,-3.08,-1.38,-146.41,6.75,4.93,0.00,31.40,1.52,1.31,2067.00,2.49,5483612.00,-23.13,32.04,0.88,1649410.00,3.95,9.61,1.01,1.81,0.87,0.00,0.00,0.00,90942059181.29,1.32,0.00,0.00,32.86,33.77,33.06,31.17,30.42,41.93,49.80,35.29,41.55,3.92,0.84,0.95,38963814827.25,9295052888.50,9333567356.06
[object Object],VOLV_B,Volvo AB Class B,OMXSTO,325.20,stock,common,10.00,1.00,false,0.00,SEK,1.25,2934305.00,0.91,65602287797.30,USD,18.45,1.81,-5.84,2.65,Producer manufacturing,sweden,Producer Manufacturing,Buy,Buy,1.25,-3.73,-7.14,-0.85,8.26,9.53,19.12,68.18,234.40,767.18,2.08,1.94,Sell,Sell,StrongSell,Strong sell,Neutral,Neutral,37.49,-15.30,-12.20,-133.35,6.64,11.23,spinning_top_white,0.00,0.00,0.00,0.00,0.75,2934305.00,-16.69,0.00,0.00,0.00,21.07,18.45,0.00,1.39,3.75,13.27,20.31,14.05,87028450997.30,1.80,15.44,10.82,330.78,339.93,345.93,335.20,327.01,37.14,45.59,28.36,38.09,2.33,0.54,0.55,54262517074.63,12683187775.37,12439413656.36
[object Object],RSG,"Republic Services, Inc.",NYSE,212.96,stock,common,100.00,1.00,false,0.00,USD,0.11,301700.00,0.17,65209585994.23,USD,30.16,7.06,4.36,1.18,Industrial services,america,Industrial Services,Buy,Buy,0.11,-2.64,-3.37,-1.66,-2.00,1.14,-6.61,70.73,320.78,1165.07,1.27,1.45,Sell,Sell,StrongSell,Strong sell,Neutral,Neutral,37.88,-9.78,-5.24,-149.20,4.93,3.19,0.00,0.00,0.00,0.00,0.00,-0.38,301700.00,-72.68,0.00,0.00,0.00,-5.76,30.16,6.92,3.87,5.42,14.42,24.69,612.26,79398585994.23,4.70,23.48,14.80,217.23,219.68,217.62,213.79,215.21,247.57,272.00,227.00,249.00,7.28,1.81,1.93,17284774808.00,4363233696.00,4398971700.00
[object Object],RCL,Royal Caribbean Group,NYSE,242.87,stock,common,100.00,1.00,false,0.00,USD,1.63,1271030.00,0.35,64956087306.40,USD,15.00,16.19,22.04,2.09,Consumer services,america,Consumer Services,Buy,Buy,1.63,-2.85,-17.11,-24.48,-10.01,-12.79,-24.79,164.10,235.32,2561.59,6.24,3.42,Sell,Sell,StrongSell,Strong sell,Neutral,Neutral,34.76,-17.27,-33.79,-94.86,31.19,22.15,spinning_top_white,242.01,1.27,0.34,39872.00,1.18,1271030.00,-76.80,0.00,0.00,0.00,-26.14,15.00,0.67,3.43,6.35,9.59,0.00,74.39,87824087306.40,4.70,17.35,12.81,245.14,268.40,284.36,285.05,287.10,351.88,415.00,298.00,357.50,17.78,3.98,6.33,19547384115.00,4817113629.00,5596737820.00
[object Object],URI,"United Rentals, Inc.",NYSE,1042.61,stock,common,100.00,1.00,false,0.00,USD,2.05,147392.00,0.34,64894329013.51,USD,25.05,41.62,7.66,0.75,Finance,america,Finance,Buy,Buy,2.05,4.52,-1.88,-8.31,43.50,28.62,13.42,192.31,1283.50,7090.38,2.39,2.69,Buy,Buy,StrongBuy,Strong buy,Buy,Buy,52.20,53.49,-22.02,95.92,71.95,73.83,engulfing_bullish,0.00,0.00,0.00,0.00,-0.39,147392.00,-66.86,0.00,0.00,0.00,4.18,25.05,3.21,3.80,7.05,11.37,103.32,583.02,80167329013.51,4.76,18.93,10.76,1017.48,1040.55,1066.22,1049.75,942.24,1281.95,1610.00,950.00,1320.00,49.48,11.54,13.92,17739467181.00,4211721380.00,4696877588.00
[object Object],NBIS,Nebius Group N.V. Class A,NASDAQ,238.66,stock,common,100.00,1.00,false,0.00,USD,-1.98,8270763.00,0.49,64882327329.52,USD,0.00,-0.13,-114.14,0.00,Technology services,america,Technology Services,Buy,Buy,-1.98,9.53,10.75,-2.53,125.52,174.37,120.87,192.84,1013.18,581.90,6.39,6.17,Buy,Buy,StrongBuy,Strong buy,Neutral,Neutral,56.12,14.11,10.92,95.60,65.95,64.42,0.00,245.91,1.00,1.45,293905.00,0.87,8270763.00,-66.01,0.00,0.00,0.00,143.66,0.00,0.00,50.38,6.27,0.00,0.00,8.32,66896327329.52,49.37,0.00,532.61,224.81,225.49,215.60,220.20,164.11,289.45,415.00,84.00,288.00,-2.05,-0.72,-0.81,3336873502.00,569890186.00,905410259.00
[object Object],STAN,Standard Chartered PLC,LSE,2313.00,stock,common,1.00,1.00,false,0.00,GBX,2.48,3035956.00,0.57,64877271935.63,USD,14.79,2.07,11.73,2.30,Finance,uk,Finance,Buy,Buy,2.48,-1.15,7.48,13.88,47.61,26.74,61.18,435.66,263.39,707.17,1.73,2.09,Buy,Buy,StrongBuy,Strong buy,Neutral,Neutral,57.64,15.00,57.71,80.77,46.23,49.09,rising_window_bullish,0.00,0.00,0.00,0.00,1.37,3035956.00,-18.83,2313.00,0.00,1282832.00,50.99,14.79,1.23,3.45,1.50,0.00,0.00,0.00,121395867528.20,3.27,0.00,0.00,2290.40,2236.93,2211.76,2103.61,1929.83,31.57,35.35,23.60,31.89,2.47,0.66,0.58,22885587637.49,5592779941.00,5623377432.00
[object Object],ALAB,"Astera Labs, Inc.",NASDAQ,373.27,stock,common,100.00,1.00,false,0.00,USD,3.54,1764525.00,0.39,64756787801.67,USD,183.79,2.03,256.13,0.00,Electronic technology,america,Electronic Technology,Buy,Buy,3.54,24.42,32.07,-2.40,236.28,117.42,93.86,610.18,610.18,610.18,7.55,6.22,Buy,Buy,StrongBuy,Strong buy,Neutral,Neutral,65.92,82.05,49.63,166.99,93.87,94.15,0.00,364.78,1.18,2.17,18848.00,1.52,1764525.00,-48.22,0.00,0.00,0.00,29.08,183.79,0.69,54.99,37.52,203.85,247.35,54.62,63548242801.67,52.87,232.40,222.66,317.40,301.24,305.20,321.17,236.25,420.47,500.00,310.00,430.00,3.99,0.69,1.19,1908551784.00,360851173.00,550619685.00
[object Object],AEP,"American Electric Power Company, Inc.",NASDAQ,117.17,stock,common,100.00,1.00,false,0.00,USD,-0.34,1274089.00,0.27,63789765167.60,USD,20.31,5.77,-15.47,3.23,Utilities,america,Utilities,Buy,Buy,-0.34,-2.85,-4.67,-15.11,-9.05,1.50,7.18,42.93,75.78,221.03,1.30,1.44,StrongSell,Strong sell,StrongSell,Strong sell,Neutral,Neutral,27.64,-6.16,-4.11,-157.40,4.39,7.78,0.00,117.50,-0.06,0.07,540.00,-0.03,1274089.00,-63.64,0.00,0.00,0.00,14.10,20.31,0.00,2.85,1.99,8.39,0.00,95.58,117822765167.60,5.19,22.23,13.37,119.86,122.61,125.15,128.23,126.94,141.69,153.00,128.00,141.00,6.38,1.48,2.01,23433760382.00,5342906305.00,6452988315.00
[object Object],BSX,Boston Scientific Corporation,NYSE,43.60,stock,common,100.00,1.00,false,0.00,USD,-2.41,5951570.00,0.25,63193652438.26,USD,17.68,2.47,46.77,0.00,Health technology,america,Health Technology,Buy,Buy,-2.41,1.22,-7.22,-1.79,-37.73,-54.45,-55.53,-2.03,84.85,926.00,2.68,3.12,StrongSell,Strong sell,StrongSell,Strong sell,Neutral,Neutral,40.45,0.63,-3.07,-55.28,28.15,28.56,0.00,44.64,-0.09,-0.16,11449.00,0.00,5951570.00,-65.59,0.00,0.00,0.00,-56.67,17.68,0.39,3.14,2.53,14.20,17.74,99.24,75411652438.26,3.59,16.47,12.59,44.13,46.76,46.87,47.84,62.95,59.59,78.00,44.00,60.00,3.27,0.84,0.77,21263241058.00,5375000163.00,5165208666.00
[object Object],TEL,TE Connectivity plc,NYSE,217.96,stock,common,100.00,1.00,false,0.00,USD,2.01,376455.00,0.19,63100852040.83,USD,21.37,10.20,110.63,1.39,Electronic technology,america,Electronic Technology,Buy,Buy,2.01,6.06,7.66,10.81,8.19,-5.40,2.91,52.04,243.13,489.07,2.52,2.65,Buy,Buy,StrongBuy,Strong buy,Neutral,Neutral,62.08,6.00,4.37,188.72,92.49,91.18,0.00,213.90,0.11,-1.72,494.00,0.73,376455.00,-70.89,0.00,0.00,0.00,-6.89,21.37,0.19,3.24,4.77,14.45,19.26,51.54,67640852040.83,3.50,16.49,13.25,208.85,206.97,208.01,207.08,214.90,251.67,306.00,215.00,240.50,11.45,2.85,3.07,19846629236.00,5012693373.00,5272489140.00
[object Object],APD,"Air Products and Chemicals, Inc.",NYSE,282.37,stock,common,100.00,1.00,false,0.00,USD,-0.75,270506.00,0.19,62879711404.18,USD,0.00,-0.22,-103.09,2.53,Process industries,america,Process Industries,Buy,Buy,-0.75,-0.57,-6.97,1.10,-3.53,15.12,4.10,4.97,107.20,26219.71,1.74,1.82,StrongSell,Strong sell,StrongSell,Strong sell,Neutral,Neutral,37.11,-9.06,-13.93,-86.28,18.91,19.65,0.00,0.00,0.00,0.00,0.00,-0.28,270506.00,-74.15,0.00,0.00,0.00,-2.00,0.00,0.00,5.03,4.53,13.76,0.00,64.16,82769111404.18,6.57,27.04,17.97,285.62,297.20,297.64,293.90,284.75,346.16,373.00,314.00,351.00,13.45,3.34,3.61,12753312827.00,3202007920.00,3319996891.00
[object Object],ACA,Credit Agricole SA,EURONEXT,18.18,stock,common,1000.00,5.00,false,0.00,EUR,1.37,3280493.00,0.81,62387048945.77,USD,8.72,2.38,-10.42,6.30,Finance,france,Finance,Neutral,Neutral,1.37,-1.94,-4.92,3.44,13.66,3.91,9.75,53.77,104.05,10.60,1.76,1.69,Sell,Sell,Sell,Sell,Neutral,Neutral,41.85,-0.44,-0.72,-98.68,19.67,11.39,0.00,0.00,0.00,0.00,0.00,0.89,3280493.00,-4.41,18.18,0.00,1632319.00,10.37,8.72,0.00,0.90,0.78,1.06,0.00,0.00,681774903195.77,6.13,0.00,0.00,18.25,18.66,18.84,18.00,17.69,24.28,30.02,21.82,23.67,2.70,0.00,0.00,33624947946.76,0.00,0.00
[object Object],MET,"MetLife, Inc.",NYSE,97.97,stock,common,100.00,1.00,false,0.00,USD,0.74,957886.00,0.30,62257674705.67,USD,18.75,5.23,-11.44,2.39,Finance,america,Finance,Buy,Buy,0.74,1.11,2.09,14.97,41.17,24.11,21.34,57.48,149.29,658.19,1.99,1.78,Buy,Buy,StrongBuy,Strong buy,Neutral,Neutral,56.50,0.83,0.36,68.87,64.43,50.78,0.00,0.00,0.00,0.00,0.00,0.30,957886.00,-72.18,0.00,0.00,0.00,17.14,18.75,0.00,0.79,2.28,3.82,3.82,0.00,84408674705.67,1.06,0.00,0.00,97.26,96.53,96.28,90.67,83.40,107.20,119.00,87.00,108.00,10.07,2.30,2.60,79809002749.00,19665219853.00,20135697115.00
[object Object],KEYS,Keysight Technologies Inc,NYSE,365.29,stock,common,100.00,1.00,false,0.00,USD,2.17,630671.00,0.54,62188280958.72,USD,50.31,7.26,131.29,0.00,Electronic technology,america,Electronic Technology,Buy,Buy,2.17,9.29,13.05,3.06,31.48,77.92,112.14,106.04,1064.08,1209.27,3.06,2.59,StrongBuy,Strong buy,StrongBuy,Strong buy,Neutral,Neutral,67.43,26.65,16.10,204.66,98.31,97.90,0.00,361.00,0.97,0.69,157.00,1.24,630671.00,-25.39,0.00,0.00,0.00,86.28,50.31,0.38,9.40,9.47,39.42,43.05,24.12,62314280958.72,9.47,38.87,31.24,338.23,331.16,329.53,335.83,298.60,421.00,452.00,400.00,425.00,11.46,2.48,3.37,7112099208.00,1745749205.00,1945803315.00
[object Object],KBC,KBC Group N.V.,EURONEXT,132.35,stock,common,100.00,5.00,false,0.00,EUR,1.38,221154.00,0.55,62031318988.64,USD,14.65,10.32,3.62,2.73,Finance,belgium,Finance,Buy,Buy,1.38,-0.64,-0.68,12.64,27.02,18.91,34.26,83.82,144.37,255.78,1.42,1.60,Buy,Buy,StrongBuy,Strong buy,Neutral,Neutral,53.43,0.40,1.10,24.87,46.17,54.97,0.00,0.00,0.00,0.00,0.00,1.11,221154.00,-19.22,132.35,0.00,149387.00,30.88,14.65,3.99,3.66,2.06,0.00,0.00,0.00,111302940488.64,3.79,0.00,0.00,131.98,131.73,129.10,122.52,117.96,154.79,180.14,101.62,154.74,11.64,3.12,3.33,16045780543.76,3824113239.83,3946398792.60
[object Object],TER,"Teradyne, Inc.",NASDAQ,396.41,stock,common,100.00,1.00,false,0.00,USD,2.25,712346.00,0.25,61975036287.27,USD,54.39,7.29,152.83,0.13,Electronic technology,america,Electronic Technology,Buy,Buy,2.25,10.35,8.26,-12.63,35.11,98.91,201.77,234.95,1776.94,37766.03,4.64,4.17,Buy,Buy,StrongBuy,Strong buy,Sell,Sell,57.63,16.69,13.46,119.48,88.63,90.34,0.00,393.43,1.48,2.11,10809.00,1.84,712346.00,-46.58,0.00,0.00,0.00,204.62,54.39,0.35,13.70,18.04,58.70,78.15,176.17,61756485287.27,13.84,44.81,40.91,368.13,371.19,368.96,375.18,329.68,455.92,550.00,390.00,450.00,9.22,2.09,2.08,5147678843.00,1219548062.00,1259579400.00
[object Object],TDG,TransDigm Group Incorporated,NYSE,1112.71,stock,common,100.00,1.00,false,0.00,USD,0.67,86980.00,0.18,61506742194.16,USD,33.74,32.98,9.48,0.00,Electronic technology,america,Electronic Technology,Buy,Buy,0.67,3.30,-7.43,-16.21,-3.00,-16.28,-14.20,71.52,287.16,4545.97,2.26,2.14,Sell,Sell,StrongSell,Strong sell,Neutral,Neutral,40.24,-27.61,-59.80,-42.80,39.47,38.46,0.00,1109.06,0.34,0.36,28.00,0.25,86980.00,-71.45,0.00,0.00,0.00,-16.93,33.74,3.53,6.34,0.00,29.06,33.14,23.03,92308742194.16,9.22,19.76,18.13,1098.37,1154.21,1190.18,1222.19,1252.66,1514.11,1972.00,1331.00,1450.00,41.12,10.30,12.15,10513151360.00,2677515626.00,2944341714.00
[object Object],MSTR,Strategy Inc Class A,NASDAQ,158.44,stock,common,100.00,1.00,false,0.00,USD,-1.96,11247374.00,0.43,60876690074.89,USD,0.00,-97.21,-955.74,0.00,Technology services,america,Technology Services,StrongBuy,Strong buy,-1.96,16.01,28.54,90.36,21.99,2.49,-49.96,162.64,826.87,1850.03,3.67,5.96,Buy,Buy,StrongBuy,Strong buy,Neutral,Neutral,63.36,27.47,37.61,98.60,78.19,84.37,engulfing_bearish,162.75,0.71,-0.27,721586.00,0.76,11247374.00,-33.60,0.00,0.00,0.00,-39.50,0.00,0.00,114.32,1.91,0.00,0.00,22.80,79638533074.89,159.81,0.00,0.00,149.70,131.69,117.66,124.53,136.54,235.22,435.00,136.00,208.00,-23.45,-2.19,13.99,500282872.00,122993311.00,128051841.00
[object Object],NXPI,NXP Semiconductors NV,NASDAQ,236.92,stock,common,100.00,1.00,false,0.00,USD,2.94,952288.00,0.24,59742735943.66,USD,20.22,11.72,39.67,1.76,Electronic technology,america,Electronic Technology,Buy,Buy,2.94,2.51,5.52,-17.99,21.01,7.50,5.41,10.72,185.56,1722.46,2.86,2.95,Buy,Buy,Buy,Buy,Neutral,Neutral,54.52,0.54,4.74,143.77,78.56,80.48,0.00,233.38,1.40,1.40,200.00,0.45,952288.00,-67.65,0.00,0.00,0.00,1.78,20.22,0.50,4.43,5.24,19.03,21.22,18.68,67858735943.73,5.15,17.93,14.87,229.82,227.57,236.02,267.26,245.49,313.29,400.00,190.00,312.00,15.08,3.52,4.11,14282549534.00,3465197409.00,3755651190.00
[object Object],ARGX,argenx SE,EURONEXT,845.20,stock,common,10.00,2.00,false,0.00,EUR,1.25,55346.00,0.77,59414813741.27,USD,37.54,25.71,24.40,0.00,Health technology,belgium,Health Technology,StrongBuy,Strong buy,1.25,-2.51,-5.56,7.78,37.92,18.47,37.07,212.57,5424.18,9843.53,2.28,2.23,Neutral,Neutral,Neutral,Neutral,Neutral,Neutral,47.69,-8.60,-5.61,-98.04,18.46,15.49,doji,0.00,0.00,0.00,0.00,1.32,55346.00,-3.31,845.20,0.00,29625.00,42.48,37.54,1.52,12.00,7.10,55.94,56.12,12.01,54303199947.83,10.61,36.82,36.06,855.38,872.19,826.92,788.21,733.94,1151.90,1422.06,972.69,1117.17,29.24,0.00,0.00,6295940954.10,0.00,3271500816.26
[object Object],AON,Aon Plc Class A,NYSE,279.74,stock,common,100.00,1.00,false,0.00,USD,1.32,621095.00,0.24,59338909871.67,USD,15.42,18.14,51.85,1.13,Finance,america,Finance,Buy,Buy,1.32,-4.93,-21.12,-12.51,-13.18,-20.33,-21.30,-6.73,149.96,10317.56,2.54,2.73,Sell,Sell,StrongSell,Strong sell,Buy,Buy,26.60,-22.95,-42.17,-126.56,3.84,3.03,harami_bullish,276.67,0.21,0.39,540.00,0.33,621095.00,-77.11,0.00,0.00,0.00,-17.22,15.42,0.29,3.36,6.18,16.95,18.42,47.23,74057909871.67,4.21,14.80,12.56,292.28,321.90,337.70,333.75,333.68,386.00,435.00,264.00,387.00,18.77,3.80,3.37,17922753461.00,4275112421.00,4087456165.00
[object Object],AJG,Arthur J. Gallagher & Co.,NYSE,231.28,stock,common,100.00,1.00,false,0.00,USD,1.83,548832.00,0.37,59277062451.21,USD,38.27,6.04,-8.90,1.19,Finance,america,Finance,Buy,Buy,1.83,-3.63,-13.59,4.85,10.10,-10.05,-24.19,50.06,359.62,12444.00,2.69,2.47,Sell,Sell,StrongSell,Strong sell,Buy,Buy,36.93,-9.04,-20.25,-109.38,8.40,6.30,0.00,0.00,0.00,0.00,0.00,-0.18,548832.00,-68.99,0.00,0.00,0.00,-20.11,38.27,0.00,3.73,2.50,24.41,26.16,43.17,72027062451.21,4.57,26.77,17.89,238.11,251.34,251.67,235.27,233.44,291.44,388.00,250.00,288.50,13.19,2.81,3.02,16639730881.00,4005692614.00,4021994350.00
[object Object],TRGP,Targa Resources Corp.,NYSE,275.71,stock,common,100.00,1.00,false,0.00,USD,-2.63,376363.00,0.29,59121846030.72,USD,26.32,10.47,49.98,1.59,Utilities,america,Utilities,StrongBuy,Strong buy,-2.63,-3.44,-3.01,0.50,11.33,49.98,60.84,470.25,478.63,1044.05,2.69,2.44,Sell,Sell,Sell,Sell,Sell,Sell,39.46,-14.54,-1.98,-202.98,9.28,13.57,0.00,0.00,0.00,0.00,0.00,-0.82,376363.00,-61.54,0.00,0.00,0.00,77.07,26.32,0.54,3.55,16.17,13.85,80.08,285.53,78631246030.72,4.59,18.50,13.32,284.83,289.49,281.89,274.18,245.88,325.14,359.00,284.00,325.00,11.27,2.83,2.70,18955889655.00,4897763837.00,4693478519.00
[object Object],PCAR,PACCAR Inc,NASDAQ,111.80,stock,common,100.00,1.00,false,0.00,USD,1.02,1438582.00,0.34,58847598111.16,USD,23.53,4.75,-18.59,1.23,Producer manufacturing,america,Producer Manufacturing,Buy,Buy,1.02,-4.74,-13.97,-7.60,-2.94,1.83,15.56,107.73,191.30,22709.44,2.36,2.29,Sell,Sell,StrongSell,Strong sell,Buy,Buy,24.37,-10.93,-11.09,-131.32,5.20,6.25,0.00,110.98,0.28,-0.21,241.00,0.36,1438582.00,-61.04,0.00,0.00,0.00,16.97,23.53,0.00,2.10,2.90,13.58,19.91,6.68,64709698111.16,2.33,22.45,17.43,116.02,122.84,126.40,121.70,120.79,145.50,164.00,125.00,144.00,5.95,1.36,1.61,28628614320.00,7047963787.00,7534245556.00
[object Object],GWW,"W.W. Grainger, Inc.",NYSE,1248.97,stock,common,100.00,1.00,false,0.00,USD,-2.38,164984.00,0.60,58827660564.41,USD,31.70,39.40,-0.59,0.74,Distribution services,america,Distribution Services,Neutral,Neutral,-2.38,-0.89,-4.62,-9.46,17.40,23.99,31.07,207.87,480.65,64104.06,1.98,1.88,Sell,Sell,StrongSell,Strong sell,Sell,Sell,37.84,-31.03,-26.39,-136.60,25.04,26.71,falling_window_bearish,1272.02,-0.58,-0.13,32.00,-1.52,164984.00,-28.17,0.00,0.00,0.00,26.29,31.70,0.00,3.20,14.24,27.10,39.04,100.09,61417660564.41,3.26,20.95,19.27,1268.00,1293.36,1313.39,1306.91,1200.22,1323.31,1500.00,1100.00,1350.00,46.49,11.30,11.66,19649364402.00,4956557950.00,5066221532.00
[object Object],COHR,Coherent Corp.,NYSE,300.22,stock,common,100.00,1.00,false,0.00,USD,3.31,3058628.00,0.43,58792753592.37,USD,73.01,4.11,0.00,0.00,Electronic technology,america,Electronic Technology,Buy,Buy,3.31,-1.80,4.89,-23.57,23.14,59.69,192.27,389.36,1186.84,73800.31,4.68,5.52,Buy,Buy,StrongBuy,Strong buy,Neutral,Neutral,50.81,-5.15,6.54,28.11,49.51,59.05,0.00,297.39,2.33,2.03,92228.00,2.52,3058628.00,-38.78,0.00,0.00,0.00,262.99,73.01,0.00,8.26,5.39,763.44,0.00,30.02,60660278592.37,8.52,61.80,40.35,296.43,293.87,296.85,331.73,286.18,415.56,500.00,280.00,420.00,9.44,1.62,1.97,10608166525.00,1984608374.00,2298413971.00
[object Object],FAST,Fastenal Company,NASDAQ,50.82,stock,common,100.00,1.00,false,0.00,USD,0.18,2424905.00,0.34,58315831605.33,USD,43.25,1.18,13.57,1.89,Distribution services,america,Distribution Services,Neutral,Neutral,0.18,3.59,0.22,7.78,13.03,26.23,6.76,88.50,405.55,160847.57,1.92,2.02,Buy,Buy,StrongBuy,Strong buy,Sell,Sell,59.36,1.50,-0.05,156.04,86.84,87.21,0.00,50.32,-0.81,0.00,424.00,-0.39,2424905.00,-76.40,0.00,0.00,0.00,2.99,43.25,3.18,6.67,14.33,41.78,50.57,285.58,58552631605.33,6.69,32.98,29.95,49.83,50.01,49.41,47.50,46.02,49.58,59.00,42.00,50.00,1.27,0.33,0.34,9328592682.00,2338089163.00,2436887793.00
[object Object],COR,"Cencora, Inc.",NYSE,305.60,stock,common,100.00,1.00,false,0.00,USD,-1.38,401986.00,0.33,58315830833.82,USD,22.72,13.45,38.37,0.77,Distribution services,america,Distribution Services,Buy,Buy,-1.38,-0.59,-6.94,5.71,-3.85,-9.37,-1.42,150.24,267.88,10564.52,2.47,2.08,Sell,Sell,StrongSell,Strong sell,Sell,Sell,38.48,-15.97,-7.46,-145.54,15.01,22.37,0.00,310.88,0.33,0.33,1500.00,-0.30,401986.00,-62.83,0.00,0.00,0.00,4.79,22.72,0.60,0.18,19.11,12.29,14.60,20.69,67362247833.82,0.20,15.30,12.34,314.49,320.32,317.47,297.91,319.12,368.92,430.00,330.00,370.00,17.88,4.35,4.57,337266187700.00,84314550956.00,88144158788.00
[object Object],TFC,Truist Financial Corporation,NYSE,47.64,stock,common,100.00,1.00,false,0.00,USD,0.97,3780822.00,0.42,58198273531.16,USD,10.94,4.36,18.37,4.41,Finance,america,Finance,Neutral,Neutral,0.97,-1.73,-5.46,-6.29,6.32,-3.28,4.45,-18.98,26.80,1409.72,1.89,2.09,Sell,Sell,StrongSell,Strong sell,Buy,Buy,36.09,-2.76,-2.60,-119.04,10.52,10.63,0.00,46.96,-0.47,0.25,1610.00,0.21,3780822.00,-40.66,0.00,0.00,0.00,0.04,10.94,0.59,2.79,0.99,11.52,11.52,0.00,129969273531.16,4.24,0.00,0.00,48.49,50.05,50.89,50.14,49.87,54.60,61.00,45.00,55.00,4.64,1.08,1.12,21098258477.00,5235761235.00,5352075726.00
[object Object],REL,RELX PLC,LSE,2527.00,stock,common,1.00,1.00,false,0.00,GBX,0.08,3507456.00,0.83,58007849801.56,USD,20.25,1.65,20.69,2.73,Commercial services,uk,Commercial Services,Buy,Buy,0.08,-0.51,-2.55,7.03,5.73,-16.32,-26.97,14.24,73.56,451.75,2.11,2.80,Sell,Sell,Sell,Sell,Neutral,Neutral,48.19,52.00,-63.46,-40.72,40.69,28.23,spinning_top_white,0.00,0.00,0.00,0.00,-0.32,3507456.00,50.21,2527.00,0.00,1080944.00,-31.54,20.25,0.98,4.66,35.72,15.50,15.61,206.08,69504512801.56,5.39,16.83,13.54,2524.40,2561.93,2580.24,2510.93,2588.27,45.40,68.68,28.72,42.16,1.91,0.89,0.96,13557175725.77,6533755402.68,6895934398.00
[object Object],FIX,"Comfort Systems USA, Inc.",NYSE,1644.84,stock,common,100.00,1.00,false,0.00,USD,0.09,107510.00,0.31,57888863518.86,USD,40.47,40.65,108.89,0.18,Industrial services,america,Industrial Services,StrongBuy,Strong buy,0.09,3.27,5.09,-15.95,20.39,75.28,111.88,2176.90,5540.72,10180.22,3.40,3.85,Buy,Buy,Buy,Buy,Neutral,Neutral,51.41,-45.98,-13.18,95.82,62.34,60.89,0.00,1666.00,1.38,1.62,324.00,0.78,107510.00,-50.53,0.00,0.00,0.00,106.50,40.47,0.37,5.16,18.00,22.77,26.89,30.42,56352378518.86,5.02,30.51,28.14,1614.41,1629.33,1664.42,1769.57,1538.74,2197.00,2500.00,1910.00,2165.50,49.01,10.45,12.81,12982328225.00,2989210050.00,3393712850.00
[object Object],ALL,Allstate Corporation,NYSE,228.51,stock,common,100.00,1.00,false,0.00,USD,0.59,670564.00,0.26,57780571044.22,USD,4.56,50.07,135.47,1.87,Finance,america,Finance,Neutral,Neutral,0.59,-9.11,-11.53,-2.54,9.13,10.37,9.11,74.40,234.81,1436.20,3.54,2.16,Sell,Sell,StrongSell,Strong sell,Neutral,Neutral,29.12,-25.20,-21.35,-164.89,4.34,3.79,0.00,227.10,-0.03,-0.03,100.00,0.40,670564.00,-77.40,0.00,0.00,0.00,16.35,4.56,0.03,0.84,1.83,4.75,4.83,0.00,67253571044.22,0.96,0.00,0.00,242.63,252.77,256.45,241.13,224.27,277.59,334.00,224.00,281.00,35.48,6.06,6.53,60964053262.00,15458284489.00,15841356652.00
[object Object],NOKIA,Nokia Oyj,OMXHEX,9.13,stock,common,1000.00,2.00,false,0.00,EUR,0.64,14639094.00,0.46,57592770991.50,USD,73.44,0.14,-30.17,1.54,Electronic technology,finland,Electronic Technology,Buy,Buy,0.64,-2.83,2.45,-24.53,29.92,63.00,127.63,90.84,79.33,-84.53,3.60,4.26,Neutral,Neutral,Buy,Buy,Neutral,Neutral,50.68,-0.43,0.36,39.60,58.52,67.09,0.00,0.00,0.00,0.00,0.00,1.98,14639094.00,11.36,0.00,0.00,0.00,141.86,73.44,0.00,2.60,2.41,46.70,98.99,10.96,56027364591.50,2.42,21.73,15.10,9.13,9.00,8.78,10.32,8.53,12.86,20.49,5.29,13.38,0.40,0.06,0.07,24382392002.43,5523227770.53,5738750115.13
[object Object],AME,"AMETEK, Inc.",NYSE,251.04,stock,common,100.00,1.00,false,0.00,USD,1.33,637518.00,0.41,57553744403.68,USD,36.69,6.84,10.33,0.52,Producer manufacturing,america,Producer Manufacturing,Buy,Buy,1.33,6.98,3.30,4.72,19.02,21.86,35.57,93.61,435.95,25720.86,1.95,1.96,Buy,Buy,StrongBuy,Strong buy,Neutral,Neutral,63.44,9.17,2.67,201.85,92.14,91.39,rising_window_bullish,0.00,0.00,0.00,0.00,0.91,637518.00,-68.00,0.00,0.00,0.00,25.56,36.69,3.51,7.24,5.11,29.77,32.00,116.47,59369242403.68,7.55,28.54,23.74,240.41,240.53,242.58,236.95,229.04,281.94,316.00,245.00,285.00,8.34,1.99,2.10,8205081043.00,1954008474.00,2100923983.00
[object Object],GLE,Societe Generale SA Class A,EURONEXT,72.31,stock,common,100.00,1.00,false,0.00,EUR,3.49,2344472.00,1.06,57202041750.89,USD,9.50,8.69,20.72,2.30,Finance,france,Finance,Buy,Buy,3.49,-2.51,-4.39,-6.43,13.66,6.03,27.76,179.89,124.81,151.83,3.17,2.57,Sell,Sell,StrongSell,Strong sell,Neutral,Neutral,44.13,-2.41,-2.72,-93.83,20.73,20.33,0.00,0.00,0.00,0.00,0.00,1.98,2344472.00,-24.92,72.31,0.00,1042834.00,34.10,9.50,0.44,1.18,0.88,0.00,0.00,0.00,282446502900.89,3.28,0.00,0.00,72.71,74.21,76.75,74.83,72.07,101.84,117.18,87.60,102.10,9.35,0.00,0.00,32734574169.20,0.00,0.00
[object Object],DB1,Deutsche Boerse AG,XETR,284.80,stock,common,10.00,1.00,false,0.00,EUR,0.71,276408.00,0.84,57177797559.09,USD,24.53,13.26,7.78,1.49,Finance,germany,Finance,Buy,Buy,0.71,2.52,-0.66,19.06,19.41,27.03,28.52,96.55,288.96,1393.45,1.47,1.75,Buy,Buy,StrongBuy,Strong buy,Neutral,Neutral,58.34,8.50,1.71,103.01,82.35,71.98,0.00,0.00,0.00,0.00,0.00,0.07,276408.00,32.41,285.00,0.07,160677.00,17.33,24.53,3.13,6.60,4.96,17.44,17.78,1.86,64450794009.09,7.25,17.76,15.31,280.41,281.54,275.11,261.97,247.04,338.95,398.42,280.29,343.21,14.99,3.72,0.00,7743182255.75,1850081731.77,0.00
[object Object],BKR,Baker Hughes Company Class A,NASDAQ,57.43,stock,common,100.00,1.00,false,0.00,USD,0.24,2512684.00,0.25,57009272881.34,USD,18.45,3.11,1.81,1.61,Industrial services,america,Industrial Services,Buy,Buy,0.24,1.92,-7.09,2.10,-7.55,25.61,15.60,131.67,65.48,340.50,2.18,2.96,Sell,Sell,StrongSell,Strong sell,Neutral,Neutral,38.53,-1.63,-4.02,-58.88,20.13,20.33,0.00,56.88,-0.72,0.77,4081.00,-0.70,2512684.00,-64.52,0.00,0.00,0.00,21.77,18.45,10.18,2.06,2.86,12.91,18.30,3.36,56382272881.34,2.03,15.70,11.53,57.15,61.02,60.62,61.02,59.14,72.27,85.00,51.00,74.00,2.64,0.50,0.60,28034229654.00,6523390867.00,7279127908.00
[object Object],AFL,Aflac Incorporated,NYSE,113.29,stock,common,100.00,1.00,false,0.00,USD,-0.63,645722.00,0.27,56797186098.85,USD,12.14,9.33,110.98,2.11,Finance,america,Finance,Neutral,Neutral,-0.63,-1.97,-2.71,-5.05,4.19,2.86,3.40,113.19,213.35,150953.33,1.50,1.44,StrongSell,Strong sell,StrongSell,Strong sell,Sell,Sell,35.34,-1.99,-2.52,-163.38,14.39,19.35,0.00,0.00,0.00,0.00,0.00,0.20,645722.00,-59.65,0.00,0.00,0.00,0.93,12.14,0.11,3.19,1.88,21.64,21.64,0.00,65526186098.85,3.63,0.00,0.00,115.66,116.63,119.96,118.66,114.95,118.53,138.00,99.00,116.00,7.01,1.76,1.80,16733719267.00,4142332995.00,4104787023.00
[object Object],CRH,CRH public limited company,NYSE,85.29,stock,common,100.00,1.00,false,0.00,USD,1.58,2171186.00,0.42,56742113095.22,USD,15.04,5.67,18.53,1.83,Non-energy minerals,america,Non-Energy Minerals,StrongBuy,Strong buy,1.58,-0.58,-12.05,-24.71,-16.23,-32.04,-21.90,72.58,156.67,2445.97,2.26,2.51,Sell,Sell,StrongSell,Strong sell,Buy,Buy,35.94,-3.26,-6.55,-103.84,8.07,11.77,engulfing_bullish,84.30,0.40,1.54,957.00,-0.02,2171186.00,-70.68,0.00,0.00,0.00,-24.66,15.04,0.80,1.45,2.24,10.18,19.54,18.50,74972113095.34,1.94,13.81,9.73,86.59,91.21,94.54,100.73,109.42,134.41,165.00,107.00,135.00,5.87,2.02,2.26,39703305649.00,10683007841.00,11591155498.00
[object Object],AAL,Anglo American plc,LSE,4042.00,stock,common,1.00,1.00,false,0.00,GBX,1.56,1971184.00,0.61,56736847450.77,USD,0.00,-2.51,40.97,0.72,Non-energy minerals,uk,Non-Energy Minerals,Buy,Buy,1.56,0.22,-4.31,10.71,31.40,30.47,49.93,35.13,286.95,1557.29,3.23,3.49,Buy,Buy,Buy,Buy,Neutral,Neutral,51.00,52.00,12.00,-15.89,39.15,43.71,0.00,0.00,0.00,0.00,0.00,2.41,1971184.00,-51.73,4042.00,0.00,818877.00,55.59,0.00,0.00,2.93,3.35,11.01,27.91,6.49,71306912623.16,3.70,15.93,10.43,3990.30,4061.13,3938.96,3883.37,3612.65,56.02,70.47,37.41,56.91,1.59,0.69,1.01,20957903512.13,10614652571.00,11599856000.00
[object Object],OXY,Occidental Petroleum Corporation,NYSE,56.71,stock,common,100.00,1.00,false,0.00,USD,-2.31,4131325.00,0.42,56689435649.82,USD,16.80,3.38,98.33,1.72,Energy minerals,america,Energy Minerals,Buy,Buy,-2.31,-3.96,-1.80,11.33,-12.08,37.51,21.54,95.42,-18.75,212.52,2.10,2.21,Sell,Sell,Sell,Sell,Neutral,Neutral,41.08,-4.75,-2.23,-128.73,15.72,12.22,falling_window_bearish,57.06,-1.71,-1.12,46947.00,-1.68,4131325.00,-58.05,0.00,0.00,0.00,29.61,16.80,0.17,2.42,1.69,5.23,10.81,13.77,76068435649.82,3.13,13.55,5.73,58.85,59.71,58.37,56.65,53.64,68.45,82.00,55.00,69.00,6.31,1.83,1.21,26441392883.00,7074403961.00,6437829001.00
[object Object],GRMN,Garmin Ltd.,NYSE,292.99,stock,common,100.00,1.00,false,0.00,USD,-0.69,211821.00,0.22,56503862585.75,USD,30.21,9.70,19.64,0.00,Electronic technology,america,Electronic Technology,Neutral,Neutral,-0.69,7.22,2.14,25.30,25.45,43.86,24.15,69.99,505.60,3605.80,2.89,2.31,Buy,Buy,StrongBuy,Strong buy,Sell,Sell,61.15,10.32,-3.31,203.46,93.12,93.62,0.00,0.00,0.00,0.00,0.00,0.50,211821.00,-73.09,0.00,0.00,0.00,16.78,30.21,1.55,7.44,6.26,28.64,35.43,21.26,54015629585.75,7.04,25.50,23.37,282.63,285.37,283.40,260.69,244.34,316.20,370.00,289.00,297.00,10.17,2.30,2.39,8109678110.00,1925932931.00,1988650000.00
[object Object],NUE,Nucor Corporation,NYSE,247.21,stock,common,100.00,1.00,false,0.00,USD,-0.30,305325.00,0.22,56085936241.85,USD,19.72,12.53,126.29,0.90,Non-energy minerals,america,Non-Energy Minerals,Buy,Buy,-0.30,-2.77,-0.68,0.84,49.40,49.66,82.03,145.64,408.04,162158.13,2.45,2.71,Sell,Sell,Sell,Sell,Sell,Sell,44.08,-12.22,-10.75,-88.75,22.87,18.89,spinning_top_black,0.00,0.00,0.00,0.00,-0.06,305325.00,-71.63,0.00,0.00,0.00,84.17,19.72,0.16,1.57,2.54,12.77,35.68,20.98,61649936241.85,1.71,14.83,10.87,251.79,254.09,255.54,247.27,212.79,288.86,310.00,256.00,291.50,18.84,4.46,5.75,40483118257.00,10147011804.00,10816955390.00
[object Object],DAL,"Delta Air Lines, Inc.",NYSE,84.62,stock,common,100.00,1.00,false,0.00,USD,2.25,3417321.00,0.40,55648058498.24,USD,14.06,6.02,-12.69,0.94,Transportation,america,Transportation,StrongBuy,Strong buy,2.25,6.55,0.08,-8.27,28.15,21.15,47.81,92.76,119.68,271.96,3.18,2.61,StrongBuy,Strong buy,StrongBuy,Strong buy,Buy,Buy,57.88,4.71,0.19,182.35,74.80,76.83,0.00,84.14,1.67,0.70,27956.00,1.50,3417321.00,-45.38,0.00,0.00,0.00,34.19,14.06,0.00,0.80,2.55,6.85,16.33,11.72,70881058498.24,1.04,12.85,8.81,81.12,81.27,84.04,82.80,75.44,106.02,125.00,85.00,105.00,6.26,1.49,2.01,66452655954.00,17546620902.00,17591881531.00
[object Object],OKE,"ONEOK, Inc.",NYSE,88.16,stock,common,100.00,1.00,false,0.00,USD,-3.31,1187206.00,0.29,55576873466.98,USD,15.23,5.79,12.85,4.65,Industrial services,america,Industrial Services,Buy,Buy,-3.31,-4.83,-3.54,-1.65,-5.81,20.01,20.19,51.01,80.43,5688.53,2.45,2.63,Sell,Sell,StrongSell,Strong sell,Neutral,Neutral,34.28,-8.46,-3.04,-172.48,8.02,5.93,0.00,0.00,0.00,0.00,0.00,-0.53,1187206.00,-56.07,0.00,0.00,0.00,30.76,15.23,1.23,1.45,2.42,9.05,19.17,346.07,88581873466.98,2.23,13.86,11.18,92.28,94.26,92.75,90.83,86.41,101.68,112.00,89.00,105.00,5.71,1.46,1.48,42713571516.00,8949851681.00,10515861794.00
[object Object],BAYN,Bayer AG,XETR,50.02,stock,common,100.00,1.00,false,0.00,EUR,1.30,2466137.00,1.06,55189792542.24,USD,0.00,-2.02,49.15,0.22,Health technology,germany,Health Technology,Buy,Buy,1.30,1.98,1.03,7.57,29.48,35.19,82.42,6.75,-44.58,273.34,2.28,2.37,StrongBuy,Strong buy,StrongBuy,Strong buy,Buy,Buy,58.81,1.85,0.45,199.46,71.47,66.58,0.00,49.74,0.73,0.69,377.00,-0.12,2466137.00,37.86,49.87,-0.30,895175.00,74.87,0.00,0.00,1.07,1.66,14.04,61.73,11.46,94172507442.24,1.82,13.16,8.23,49.14,48.91,48.51,44.92,42.69,67.16,80.13,52.66,68.11,5.32,0.88,0.57,53822828433.64,12252284530.57,11236133371.01
[object Object],EBS,Erste Group Bank AG,VIE,123.10,stock,common,10.00,1.00,false,0.00,EUR,2.24,309423.00,0.80,54794679706.38,USD,13.77,10.21,21.11,0.62,Finance,austria,Finance,Buy,Buy,2.24,0.57,-0.24,6.03,31.24,19.63,48.13,232.61,364.88,998.27,1.93,2.21,StrongBuy,Strong buy,StrongBuy,Strong buy,Neutral,Neutral,54.52,1.10,0.04,71.12,66.38,61.08,0.00,0.00,0.00,0.00,0.00,1.41,309423.00,1.14,123.10,0.00,216478.00,43.13,13.77,0.64,3.33,1.97,3.55,3.78,0.00,159170654256.38,5.99,0.00,0.00,120.59,121.83,120.00,114.12,107.62,152.32,178.99,92.27,155.89,11.74,2.78,3.20,18727912902.98,4490236807.49,4544800713.08
[object Object],HO,Thales SA,EURONEXT,229.40,stock,common,10.00,1.00,false,0.00,EUR,-1.21,182001.00,0.62,54290368382.83,USD,31.58,8.30,119.01,1.68,Electronic technology,france,Electronic Technology,Buy,Buy,-1.21,-3.98,-7.87,5.52,-4.77,0.17,-9.51,177.05,182.34,726.67,2.22,2.14,Sell,Sell,StrongSell,Strong sell,Neutral,Neutral,37.64,2.60,-10.01,-68.75,48.18,57.41,0.00,0.00,0.00,0.00,0.00,-0.30,182001.00,-20.88,229.40,0.00,98184.00,-3.64,31.58,0.27,2.10,5.89,10.09,11.97,9.35,54894005472.83,2.11,19.87,13.68,236.08,241.15,245.31,236.93,243.21,337.67,384.11,286.65,338.82,12.68,5.33,6.32,27989755587.61,12481836699.32,14357048575.05
[object Object],PSA,Public Storage,NYSE,287.28,stock,common,100.00,1.00,false,0.00,USD,0.96,322476.00,0.34,53678926824.83,USD,27.39,10.49,14.42,4.22,Finance,america,Finance,Buy,Buy,0.96,-4.41,-10.92,-10.74,7.35,10.88,2.15,-5.46,29.49,1933.84,1.75,1.96,Sell,Sell,StrongSell,Strong sell,Neutral,Neutral,32.74,-9.22,-18.47,-151.49,7.91,7.28,piercing_bullish,285.00,0.15,0.16,80.00,-0.13,322476.00,-57.92,0.00,0.00,0.00,13.10,27.39,1.88,10.27,10.42,15.99,17.72,195.08,68044737824.83,13.91,30.41,20.00,292.88,305.61,312.49,312.93,299.31,339.63,374.00,308.00,342.00,10.04,2.53,2.44,5166461402.00,1233984957.00,1339617861.00
[object Object],D,Dominion Energy Inc,NYSE,60.55,stock,common,100.00,1.00,false,0.00,USD,0.26,2225939.00,0.41,53259694639.14,USD,21.06,2.88,-0.65,4.42,Utilities,america,Utilities,Neutral,Neutral,0.26,-5.40,-9.73,-12.98,-0.63,2.79,-0.86,-18.97,-21.39,452.06,1.69,1.63,Sell,Sell,StrongSell,Strong sell,Buy,Buy,23.18,-3.80,-3.93,-173.00,2.91,1.77,0.00,60.31,-0.15,-0.04,2500.00,-0.12,2225939.00,-55.92,0.00,0.00,0.00,9.48,21.06,0.00,2.88,1.91,9.91,0.00,145.55,111996694639.14,6.05,22.01,14.81,62.71,65.33,66.95,67.06,64.30,72.18,87.00,66.00,70.00,3.59,0.68,1.20,18400243913.00,4044009692.00,4914764833.00
[object Object],NKE,"NIKE, Inc. Class B",NYSE,35.90,stock,common,100.00,1.00,false,0.00,USD,-0.26,25346953.00,0.70,53250188819.60,USD,17.11,2.10,-2.83,4.53,Consumer non-durables,america,Consumer Non-Durables,Neutral,Neutral,-0.26,-1.03,-8.90,-10.42,-30.58,-43.91,-49.56,-75.99,-34.50,19876.32,2.64,2.29,Sell,Sell,StrongSell,Strong sell,Neutral,Neutral,35.74,-0.90,-2.48,-87.92,19.23,19.84,0.00,35.28,-1.97,0.06,2269693.00,-2.06,25346953.00,-35.40,0.00,0.00,0.00,-49.69,17.11,0.00,1.15,3.58,18.56,24.37,5.90,55256188819.60,1.19,13.57,11.47,36.11,38.04,39.69,41.65,49.49,45.78,75.00,23.00,44.80,1.68,0.12,0.44,45463754249.00,10849541206.00,11325820199.00
[object Object],BAS,BASF SE,XETR,50.42,stock,common,100.00,1.00,false,0.00,EUR,-3.59,4368301.00,2.36,53104263392.66,USD,7.58,7.60,1430.04,4.30,Process industries,germany,Process Industries,Neutral,Neutral,-3.59,-3.11,-2.63,4.32,-1.14,13.35,19.06,-21.78,-30.28,832.84,2.22,2.06,Sell,Sell,StrongSell,Strong sell,Sell,Sell,40.13,-1.41,-0.33,-156.16,28.24,27.93,0.00,52.21,-0.17,-0.17,50.00,-0.55,4368301.00,240.99,50.55,0.26,1239913.00,20.55,7.58,0.01,0.74,1.20,9.24,41.84,5.54,73802667492.66,1.05,16.22,8.55,51.84,52.19,51.37,50.54,49.53,61.07,73.38,45.86,64.21,3.61,0.94,0.48,74573557372.40,18773158068.33,17855985575.00
[object Object],RHM,Rheinmetall AG,XETR,982.40,stock,common,10.00,1.00,false,0.00,EUR,-0.77,199201.00,1.16,52547100786.38,USD,63.70,17.61,-14.62,1.16,Electronic technology,germany,Electronic Technology,StrongBuy,Strong buy,-0.77,-3.69,-11.96,4.93,-31.06,-37.49,-50.16,1076.81,1436.44,4655.08,2.71,3.37,StrongSell,Strong sell,StrongSell,Strong sell,Sell,Sell,37.54,-8.20,-86.46,-113.14,27.33,28.47,0.00,994.60,0.46,0.95,54.00,0.00,199201.00,-3.46,983.10,0.07,53323.00,-46.63,63.70,0.00,4.43,9.22,34.88,117.43,179.59,56551628786.38,4.75,26.27,21.70,1006.57,1072.57,1089.93,1110.51,1357.46,1867.67,2641.50,1148.48,1837.57,44.05,6.92,7.84,16349248097.93,3706290445.45,3587719774.78
[object Object],LSEG,London Stock Exchange Group plc,LSE,8200.00,stock,common,1.00,2.00,false,0.00,GBX,-0.56,1700402.00,0.99,52507243620.46,USD,29.69,3.66,48.73,1.92,Commercial services,uk,Commercial Services,Buy,Buy,-0.56,0.00,-6.22,2.50,-1.98,-8.97,-0.85,3.96,189.34,2029.87,1.84,2.46,Sell,Sell,StrongSell,Strong sell,Neutral,Neutral,41.98,-38.00,-287.88,-73.50,20.16,19.67,0.00,0.00,0.00,0.00,0.00,0.05,1700402.00,-19.48,8200.00,0.00,690869.00,-6.24,29.69,0.61,4.26,2.13,10.42,10.83,9.62,67865189620.46,5.30,20.25,10.77,8257.60,8530.20,8617.84,8759.72,8715.24,156.17,184.28,109.51,158.18,6.41,3.19,3.11,13166207187.53,6521950839.60,6621013162.00
[object Object],RWE,RWE AG,XETR,59.40,stock,common,100.00,2.00,false,0.00,EUR,0.41,880055.00,0.48,52495633371.83,USD,13.75,4.93,23.51,2.03,Utilities,germany,Utilities,StrongBuy,Strong buy,0.41,-2.08,2.20,7.61,5.66,31.30,60.19,83.62,305.60,489.39,1.76,2.36,Buy,Buy,StrongBuy,Strong buy,Neutral,Neutral,52.11,-0.44,1.23,15.86,61.07,66.88,0.00,0.00,0.00,0.00,0.00,0.03,880055.00,-31.71,59.50,0.17,519035.00,78.78,13.75,0.58,3.04,1.17,7.54,0.00,3.61,74269116721.83,4.28,1383.63,21.33,59.56,58.83,58.23,57.20,55.31,77.90,87.00,62.96,77.84,3.56,0.72,0.75,22799045896.89,0.00,0.00
[object Object],MT,ArcelorMittal SA,EURONEXT,61.78,stock,common,100.00,2.00,false,0.00,EUR,-0.35,1191480.00,0.84,52464306934.49,USD,30.35,2.32,-31.54,0.79,Non-energy minerals,netherlands,Non-Energy Minerals,Buy,Buy,-0.35,-5.51,-2.31,14.45,38.15,58.61,101.24,137.71,291.51,-7.42,2.86,3.01,Sell,Sell,Sell,Sell,Neutral,Neutral,42.59,-2.58,-0.79,-112.26,7.73,15.53,0.00,0.00,0.00,0.00,0.00,1.61,1191480.00,0.67,61.78,0.00,550945.00,90.41,30.35,0.00,0.88,0.97,11.90,0.00,11.02,63933347343.91,1.04,24.37,11.26,63.31,63.91,62.83,59.63,53.38,75.21,92.93,55.22,75.31,4.55,0.00,0.00,69457185053.43,0.00,0.00
[object Object],O,Realty Income Corporation,NYSE,55.39,stock,common,100.00,1.00,false,0.00,USD,-0.04,6404781.00,0.66,52411019230.48,USD,40.51,1.37,33.39,5.85,Finance,america,Finance,Buy,Buy,-0.04,-3.13,-12.01,-11.31,-8.20,-1.70,-7.99,-14.31,-15.66,614.98,1.24,1.41,Sell,Sell,StrongSell,Strong sell,Neutral,Neutral,15.25,-4.11,-4.49,-118.81,4.96,3.83,spinning_top_black,55.44,0.05,0.16,34949.00,0.07,6404781.00,-31.63,0.00,0.00,0.00,-0.88,40.51,1.21,8.53,1.33,12.43,12.94,93.68,86880152230.48,14.31,31.37,16.36,56.87,60.14,61.67,61.89,61.89,66.76,72.00,59.00,67.50,1.52,0.40,0.41,5689970658.00,1404780527.00,1430203024.00
[object Object],NDAQ,"Nasdaq, Inc.",NASDAQ,93.51,stock,common,100.00,1.00,false,0.00,USD,-1.10,865599.00,0.24,52269974243.04,USD,27.25,3.43,31.85,1.18,Finance,america,Finance,StrongBuy,Strong buy,-1.10,1.64,-5.00,19.90,12.85,-3.85,7.83,42.66,305.51,1770.20,2.23,2.19,Sell,Sell,Sell,Sell,Neutral,Neutral,47.67,2.32,-1.08,-22.13,67.34,65.95,0.00,94.64,0.10,-0.61,677.00,0.06,865599.00,-72.91,0.00,0.00,0.00,1.74,27.25,0.87,6.17,4.38,23.64,27.21,97.24,61045974243.04,7.01,22.78,18.34,92.71,95.51,94.85,91.15,90.68,111.13,135.00,90.00,109.50,4.13,0.98,1.02,5911328791.00,1455134271.00,1471533974.00
[object Object],CTVA,Corteva Inc,NYSE,78.17,stock,common,100.00,1.00,false,0.00,USD,-1.60,1287595.00,0.26,52158044037.21,USD,51.68,1.51,-26.40,0.91,Process industries,america,Process Industries,Buy,Buy,-1.60,-2.83,-5.94,-4.10,-5.36,16.68,11.79,84.51,162.77,162.77,3.01,2.85,StrongSell,Strong sell,StrongSell,Strong sell,Sell,Sell,37.27,-5.73,-1.82,-135.27,10.07,10.98,falling_window_bearish,78.75,-0.88,0.00,924.00,-0.60,1287595.00,-63.19,0.00,0.00,0.00,11.65,51.68,0.00,2.99,2.07,43.24,83.25,19.99,54658044037.21,3.07,18.41,12.98,80.65,82.33,82.46,81.61,78.50,92.42,103.00,79.00,95.00,3.77,2.24,-0.39,18113554107.00,6599341986.00,2646240870.00
[object Object],FANG,"Diamondback Energy, Inc.",NASDAQ,186.03,stock,common,100.00,1.00,false,0.00,USD,-1.58,740914.00,0.16,52092928879.24,USD,36.04,5.16,-63.30,2.25,Energy minerals,america,Energy Minerals,Buy,Buy,-1.58,-5.54,-6.01,2.93,-8.90,23.12,28.64,103.22,105.60,943.94,2.15,2.56,Sell,Sell,StrongSell,Strong sell,Neutral,Neutral,38.36,-18.94,-12.91,-120.78,11.37,8.35,0.00,186.00,-1.59,-0.60,644.00,-1.35,740914.00,-67.88,0.00,0.00,0.00,33.26,36.04,0.00,3.11,1.38,5.16,8.05,112.74,70327928879.24,4.11,11.73,6.26,193.56,200.34,199.15,195.48,183.94,235.87,283.00,205.00,234.50,20.85,6.08,4.94,18747265540.00,4886836763.00,4505666638.00
[object Object],DVN,Devon Energy Corporation,NYSE,47.16,stock,common,100.00,1.00,false,0.00,USD,-3.57,5132422.00,0.32,51870501618.12,USD,11.17,4.22,-5.41,2.13,Energy minerals,america,Energy Minerals,StrongBuy,Strong buy,-3.57,-2.91,2.05,10.74,-8.67,28.56,34.46,38.69,18.45,777.30,2.89,2.56,Sell,Sell,Sell,Sell,Sell,Sell,46.39,-3.07,-0.07,-109.06,29.59,24.72,0.00,48.01,-1.82,-1.23,32350.00,-2.17,5132422.00,-70.82,0.00,0.00,0.00,148.04,11.17,0.00,2.32,1.30,5.16,29.22,43.93,62754501618.12,3.17,13.00,7.04,48.54,48.36,46.68,45.67,44.36,60.90,68.00,44.00,63.00,5.14,1.40,1.19,24827736969.00,6010442805.00,6368816595.00
[object Object],COIN,"Coinbase Global, Inc. Class A",NASDAQ,195.02,stock,common,100.00,1.00,false,0.00,USD,-2.10,3885367.00,0.32,51453491740.00,USD,0.00,-3.84,-137.16,0.00,Finance,america,Finance,Buy,Buy,-2.10,9.47,7.36,40.07,16.05,-15.43,-37.96,-15.58,-48.81,-48.81,3.94,5.61,Buy,Buy,StrongBuy,Strong buy,Neutral,Neutral,56.84,19.76,23.66,83.14,76.93,80.22,0.00,199.24,0.02,-0.68,144809.00,-0.03,3885367.00,-47.38,0.00,0.00,0.00,0.00,0.00,0.00,10.94,3.93,29.98,29.98,5.67,49057123740.00,10.23,0.00,0.00,189.08,179.71,170.44,171.61,187.40,202.45,330.00,85.00,205.00,-3.12,-0.44,-0.36,5184957391.00,1292321522.00,1169639537.00
[object Object],EOAN,E.ON SE,XETR,17.18,stock,common,1000.00,5.00,false,0.00,EUR,-0.09,2734051.00,0.60,51131612747.53,USD,13.30,1.48,7.19,3.31,Utilities,germany,Utilities,Buy,Buy,-0.09,-3.29,-3.40,-4.39,-8.40,6.44,9.46,56.51,172.99,241.79,1.68,1.80,Sell,Sell,StrongSell,Strong sell,Neutral,Neutral,39.53,-0.45,-0.34,-118.36,11.94,17.52,0.00,17.20,0.03,0.03,251.00,0.26,2734051.00,-27.89,17.20,0.12,1315515.00,11.67,13.30,1.85,0.60,2.12,5.88,0.00,9.75,102254190797.53,1.19,17.04,9.74,17.39,17.52,18.08,18.23,18.16,24.17,27.52,19.49,24.65,1.28,0.35,0.19,93189702550.75,0.00,0.00
[object Object],CAH,"Cardinal Health, Inc.",NYSE,220.09,stock,common,100.00,1.00,false,0.00,USD,-1.14,569665.00,0.27,50963894338.03,USD,30.41,7.24,12.39,0.92,Distribution services,america,Distribution Services,Buy,Buy,-1.14,-2.26,-7.44,-7.40,5.93,7.64,42.34,329.97,185.22,24347.41,2.11,1.99,Sell,Sell,StrongSell,Strong sell,Sell,Sell,32.52,-14.38,-10.79,-126.09,3.72,4.45,0.00,223.00,0.17,0.17,100.00,-0.28,569665.00,-83.63,0.00,0.00,0.00,47.48,30.41,2.48,0.21,0.00,10.00,11.43,10.65,56214894338.03,0.22,17.13,13.27,226.37,233.57,232.73,223.15,217.37,273.31,292.00,250.00,275.50,12.54,2.42,2.94,265747980596.00,65152962429.00,66713973274.00
[object Object],MAERSK_B,A.P. Moller - Maersk A/S Class B,OMXCOP,23240.00,stock,common,1.00,10.00,false,0.00,DKK,-2.02,11730.00,0.84,50798688958.51,USD,23.42,151.26,-67.15,2.02,Transportation,denmark,Transportation,Sell,Sell,-2.02,2.88,7.25,41.49,41.15,59.12,76.73,25.64,146.69,250.31,3.94,3.31,Buy,Buy,StrongBuy,Strong buy,Neutral,Neutral,59.87,910.00,1532.82,104.56,73.48,74.19,0.00,0.00,0.00,0.00,0.00,-0.46,11730.00,-17.75,0.00,0.00,0.00,56.40,23.42,0.00,0.96,0.93,5.63,9.90,2.79,50914807761.31,0.93,18.39,5.58,23072.00,22196.33,20246.00,18130.70,16821.37,2776.24,3986.51,1533.27,2723.75,385.30,28.74,213.23,63239453296.99,14071454593.00,17176715442.00
[object Object],F,Ford Motor Company,NYSE,12.72,stock,common,100.00,1.00,false,0.00,USD,0.95,22598732.00,0.44,50719424777.67,USD,0.00,-1.73,-320.89,4.76,Consumer durables,america,Consumer Durables,Buy,Buy,0.95,-6.06,-8.69,-8.95,10.22,-3.50,10.22,-8.43,4.94,622.56,2.39,2.91,Sell,Sell,StrongSell,Strong sell,Buy,Buy,35.64,-1.25,-0.83,-155.84,4.85,6.25,0.00,12.60,0.00,0.24,291423.00,0.04,22598732.00,-56.79,0.00,0.00,0.00,13.90,0.00,0.00,0.27,1.51,2.99,6.97,1.62,182717424777.67,0.97,48.99,18.71,13.21,13.77,13.99,14.06,13.53,16.17,20.00,14.00,16.00,1.85,0.36,0.42,186106674099.00,47237897600.00,48832360714.00
[object Object],CIEN,Ciena Corporation,NYSE,357.51,stock,common,100.00,1.00,false,0.00,USD,-0.26,916973.00,0.33,50697967494.57,USD,79.78,4.48,362.86,0.00,Electronic technology,america,Electronic Technology,Buy,Buy,-0.26,0.46,-7.68,-23.34,-9.45,48.34,165.79,587.39,1528.01,209.53,3.99,5.96,Sell,Sell,Sell,Sell,Neutral,Neutral,48.31,7.97,-13.09,43.27,68.34,73.73,0.00,364.00,1.55,0.88,11346.00,1.28,916973.00,-35.48,0.00,0.00,0.00,153.42,79.78,0.22,8.69,16.60,49.48,64.08,19.84,51353843494.57,8.53,60.38,50.07,349.39,366.74,376.88,440.12,387.79,525.78,660.00,347.00,548.00,7.17,1.73,2.08,6431101404.00,1637225504.00,1757183504.00
[object Object],SRE,Sempra,NYSE,77.41,stock,common,100.00,1.00,false,0.00,USD,-0.43,867980.00,0.24,50615158345.16,USD,22.43,3.45,-16.44,3.35,Utilities,america,Utilities,Buy,Buy,-0.43,-5.02,-7.98,-17.50,-18.87,-12.75,-11.20,19.06,40.75,727.30,1.40,1.92,Sell,Sell,StrongSell,Strong sell,Neutral,Neutral,28.15,-5.94,-4.18,-178.63,2.66,3.82,spinning_top_black,77.35,-0.50,0.33,593.00,-0.35,867980.00,-80.37,0.00,0.00,0.00,-2.06,22.43,0.00,3.83,1.55,9.37,0.00,1015.47,97850158345.16,7.35,29.04,16.66,80.57,83.34,85.43,88.71,90.31,101.59,118.00,84.00,101.50,5.12,1.06,1.09,13569781201.00,3138223267.00,3206723372.00
[object Object],HONA,Honeywell Aerospace Inc,NASDAQ,159.55,stock,common,100.00,1.00,false,0.00,USD,0.69,960685.00,0.19,50569809938.45,USD,0.00,0.00,0.00,0.00,Electronic technology,america,Electronic Technology,Buy,Buy,0.69,-4.46,-0.60,-30.55,-20.22,-20.22,-20.22,-20.22,-20.22,-20.22,3.30,3.54,Sell,Sell,StrongSell,Strong sell,Neutral,Neutral,45.40,1.29,1.84,-7.19,53.27,67.00,spinning_top_white,158.95,0.31,-0.09,2786.00,0.35,960685.00,-65.28,0.00,0.00,0.00,0.00,0.00,0.00,0.00,0.00,0.00,0.00,47.84,65472809938.45,0.00,0.00,0.00,163.52,161.11,174.37,0.00,0.00,211.31,250.00,175.00,210.00,0.00,2.12,1.94,0.00,4609269572.00,4586320833.00
[object Object],CBK,Commerzbank AG,XETR,42.19,stock,common,100.00,1.00,false,0.00,EUR,2.73,1412243.00,0.55,50500730436.04,USD,15.24,3.16,20.12,2.68,Finance,germany,Finance,Buy,Buy,2.73,1.18,5.47,12.00,33.30,17.26,29.94,661.14,569.68,-53.50,1.87,2.23,StrongBuy,Strong buy,StrongBuy,Strong buy,Neutral,Neutral,57.59,-0.54,0.85,39.70,36.36,35.61,"rising_three_methods_bullish,rising_window_bullish",41.51,1.07,1.07,11.00,1.49,1412243.00,-18.59,42.40,0.50,546858.00,20.80,15.24,0.74,3.26,1.51,0.00,0.00,0.00,-10684361863.96,0.00,0.00,0.00,41.70,40.98,39.90,38.53,36.32,50.16,60.05,44.46,49.65,3.70,0.83,0.91,15650670568.96,3716100393.66,3800266828.71
[object Object],BDX,"Becton, Dickinson and Company",NYSE,182.83,stock,common,100.00,1.00,false,0.00,USD,2.01,652173.00,0.32,49800479340.72,USD,55.15,3.32,-40.38,2.34,Health technology,america,Health Technology,Buy,Buy,2.01,1.71,-3.00,19.65,15.61,19.74,25.65,-5.37,33.90,6108.30,1.95,2.04,Buy,Buy,StrongBuy,Strong buy,Neutral,Neutral,52.82,4.98,-2.40,-41.11,50.61,46.18,0.00,0.00,0.00,0.00,0.00,-0.01,652173.00,-53.58,0.00,0.00,0.00,-8.07,55.15,0.00,2.37,2.04,15.43,19.86,58.23,65744479340.72,3.15,21.69,12.52,182.13,184.38,177.53,163.09,161.87,193.00,210.00,170.00,195.00,12.67,3.14,4.07,19290340808.00,4887136303.00,5114499063.00
[object Object],EW,Edwards Lifesciences Corporation,NYSE,86.37,stock,common,100.00,1.00,false,0.00,USD,0.75,1329421.00,0.35,49783672058.07,USD,51.25,1.69,15.05,0.00,Health technology,america,Health Technology,Buy,Buy,0.75,-1.88,-4.34,-4.36,5.59,1.07,15.94,-27.60,117.30,6696.33,1.95,2.30,Sell,Sell,StrongSell,Strong sell,Neutral,Neutral,43.19,2.00,-2.00,-76.88,37.51,42.93,0.00,85.95,0.26,0.00,300.00,1.08,1329421.00,-65.64,0.00,0.00,0.00,16.45,51.25,3.38,7.60,4.69,29.00,34.80,11.72,46339872058.07,7.12,24.94,22.90,87.31,88.89,88.32,87.58,85.06,102.17,110.00,85.00,102.00,3.00,0.74,0.74,6770291901.00,1700167871.00,1677103104.00
[object Object],STT,State Street Corporation,NYSE,180.74,stock,common,100.00,1.00,false,0.00,USD,-0.19,706006.00,0.27,49649593599.85,USD,15.94,11.34,27.10,1.86,Finance,america,Finance,Buy,Buy,-0.19,-0.70,-6.42,6.45,44.88,40.56,59.95,107.77,158.72,55814.76,2.23,2.13,Sell,Sell,Sell,Sell,Sell,Sell,38.86,-12.66,-6.97,-92.46,20.04,19.67,spinning_top_black,0.00,0.00,0.00,0.00,0.27,706006.00,-79.78,0.00,0.00,0.00,56.01,15.94,0.59,3.67,2.01,0.00,0.00,0.00,79389593599.85,3.64,0.00,0.00,182.86,188.38,186.88,175.58,153.71,202.93,215.00,187.00,200.00,13.65,3.34,3.61,15876288508.00,3882662607.00,4002325856.00
[object Object],CPG,Compass Group PLC,LSE,29.44,stock,common,100.00,1.00,false,0.00,USD,1.10,2699576.00,1.19,49513122755.00,USD,24.79,1.19,38.09,2.32,Consumer services,uk,Consumer Services,Buy,Buy,1.10,-5.22,-4.38,-8.26,10.73,-3.00,-6.51,55.95,54.14,214.61,2.58,2.69,Sell,Sell,StrongSell,Strong sell,Buy,Buy,37.39,-1.41,-1.14,-201.75,13.58,18.76,harami_bullish,0.00,0.00,0.00,0.00,0.14,2699576.00,15.14,29.44,0.00,1443960.00,-11.49,24.79,0.64,1.02,6.30,13.48,16.31,95.64,58246122755.11,1.20,16.79,11.57,30.37,30.73,31.23,31.67,30.15,38.89,43.00,32.45,40.00,1.48,0.71,0.75,50632188461.00,24724205250.00,25714562000.00
[object Object],ELE,Endesa S.A.,BME,42.18,stock,common,100.00,1.00,false,0.00,EUR,-0.12,311997.00,0.43,49430275659.34,USD,16.61,2.90,26.14,3.04,Utilities,spain,Utilities,Neutral,Neutral,-0.12,-3.26,0.09,6.52,20.65,37.84,58.81,133.04,122.59,114.11,1.94,1.78,Buy,Buy,StrongBuy,Strong buy,Neutral,Neutral,51.53,0.08,0.56,28.87,37.37,45.65,long_upper_shadow_bearish,0.00,0.00,0.00,0.00,-0.40,311997.00,-38.98,0.00,0.00,0.00,56.49,16.61,0.64,2.05,5.30,10.03,16.81,155.86,62862509209.34,2.61,13.74,9.03,42.46,41.93,41.72,39.74,36.69,41.96,50.40,31.29,42.49,2.80,0.69,0.74,25746850670.45,5402608847.81,5404840720.73
[object Object],WAB,Westinghouse Air Brake Technologies Corporation,NYSE,289.70,stock,common,100.00,1.00,false,0.00,USD,-0.18,192254.00,0.24,48934317593.12,USD,39.02,7.43,10.82,0.41,Producer manufacturing,america,Producer Manufacturing,Buy,Buy,-0.18,3.85,-2.88,3.19,18.99,35.62,51.00,223.66,279.05,3762.73,1.98,1.96,Buy,Buy,StrongBuy,Strong buy,Sell,Sell,55.39,6.48,-0.82,111.43,84.57,88.10,spinning_top_black,0.00,0.00,0.00,0.00,0.25,192254.00,-64.53,0.00,0.00,0.00,46.73,39.02,3.61,4.11,4.37,24.58,28.67,73.33,55230317593.12,4.61,27.53,21.64,283.72,287.87,289.13,276.72,259.63,329.58,355.00,292.00,335.00,10.86,2.60,2.73,12546624646.00,3073741036.00,3196453000.00
[object Object],HUM,Humana Inc.,NYSE,404.04,stock,common,100.00,1.00,false,0.00,USD,6.24,1078747.00,1.16,48517248177.03,USD,38.26,10.56,-18.96,0.93,Health services,america,Health Services,Buy,Buy,6.24,5.00,3.60,7.94,132.88,57.80,54.21,0.83,130.31,33791.74,3.60,3.26,StrongBuy,Strong buy,StrongBuy,Strong buy,Neutral,Neutral,58.85,-5.76,-8.90,52.36,33.93,18.14,0.00,388.84,2.24,2.07,703.00,2.47,1078747.00,19.99,0.00,0.00,0.00,52.62,38.26,0.00,0.32,2.53,19.28,25.11,0.00,62828248177.03,0.43,0.00,0.00,386.88,390.27,386.86,365.81,290.23,425.46,515.00,280.00,422.50,9.16,7.27,-1.00,162489654453.00,40580154030.00,40867092771.00
[object Object],ANTO,Antofagasta plc,LSE,3730.00,stock,common,1.00,1.00,false,0.00,GBX,0.32,537858.00,0.56,48420134811.81,USD,29.83,1.66,46.11,1.29,Non-energy minerals,uk,Non-Energy Minerals,Neutral,Neutral,0.32,0.70,-7.63,-0.32,14.49,13.06,43.24,155.48,620.08,5551.52,3.97,4.19,Sell,Sell,StrongSell,Strong sell,Sell,Sell,47.56,-60.00,-46.13,-30.82,36.37,41.12,0.00,0.00,0.00,0.00,0.00,2.12,537858.00,-26.16,3730.00,0.00,233971.00,57.43,29.83,0.64,5.29,4.54,13.24,1147.96,11.73,56678064365.43,6.17,13.97,10.05,3685.00,3802.23,3783.98,3859.71,3725.95,51.23,62.14,34.45,53.16,1.96,0.73,1.03,10402503752.40,4451399000.00,5383449333.00
[object Object],A,"Agilent Technologies, Inc.",NYSE,171.38,stock,common,100.00,1.00,false,0.00,USD,-0.85,1119415.00,0.40,48315552733.39,USD,33.74,5.08,19.11,0.59,Health technology,america,Health Technology,Buy,Buy,-0.85,9.86,12.41,26.78,50.95,25.79,38.59,0.18,268.87,459.03,4.03,3.02,Buy,Buy,StrongBuy,Strong buy,Sell,Sell,72.39,24.44,12.99,173.40,90.35,92.47,0.00,0.00,0.00,0.00,0.00,-0.50,1119415.00,-63.34,0.00,0.00,0.00,23.18,33.74,1.78,6.64,6.56,30.14,38.28,27.59,50506552733.39,6.85,28.44,24.67,160.23,154.35,148.72,137.72,132.07,176.11,190.00,155.00,180.00,6.20,1.49,1.73,7500748712.00,1841510467.00,1989233506.00
[object Object],DGE,Diageo plc,LSE,1642.00,stock,common,10.00,5.00,false,0.00,GBX,-0.03,1810662.00,0.49,48269331081.93,USD,28.24,0.77,-28.90,3.83,Consumer non-durables,uk,Consumer Non-Durables,Buy,Buy,-0.03,1.55,-4.92,4.59,17.79,2.53,-7.34,-53.15,-24.85,177.36,1.55,1.91,Buy,Buy,Buy,Buy,Neutral,Neutral,49.62,39.00,-47.39,18.38,65.08,55.22,doji,0.00,0.00,0.00,0.00,0.00,1810662.00,-33.96,1642.00,0.00,1003112.00,-11.45,28.24,0.00,2.50,4.46,11.18,15.37,24.03,70426499663.65,3.63,12.54,11.09,1626.50,1664.87,1660.96,1595.90,1591.16,27.02,33.23,20.55,27.25,1.67,0.64,0.99,19208506972.77,9147931667.00,10288467000.00
[object Object],ROK,"Rockwell Automation, Inc.",NYSE,434.63,stock,common,100.00,1.00,false,0.00,USD,0.39,163961.00,0.22,48265088348.19,USD,40.74,10.67,25.19,1.28,Producer manufacturing,america,Producer Manufacturing,Buy,Buy,0.39,5.90,0.71,-8.49,23.70,10.88,28.15,43.66,276.60,23770.54,2.15,2.18,Neutral,Neutral,Buy,Buy,Neutral,Neutral,54.08,6.24,-2.48,118.96,88.83,81.75,spinning_top_white,433.00,0.02,0.71,440.00,0.24,163961.00,-59.31,0.00,0.00,0.00,18.02,40.74,1.61,5.38,13.82,28.01,32.25,101.26,51401088348.19,5.73,39.63,31.75,422.90,428.25,439.99,449.96,422.99,482.59,550.00,378.00,490.00,13.23,3.38,3.68,9063497117.00,2244745105.00,2404874067.00
[object Object],EBAY,eBay Inc.,NASDAQ,108.46,stock,common,100.00,1.00,false,0.00,USD,0.58,1078745.00,0.18,48264700819.76,USD,22.45,4.83,6.74,1.13,Retail trade,america,Retail Trade,Neutral,Neutral,0.58,-2.72,2.59,0.74,21.40,24.67,16.06,49.13,240.21,11460.46,3.12,3.19,Buy,Buy,StrongBuy,Strong buy,Neutral,Neutral,51.79,0.71,2.97,34.88,62.50,64.21,0.00,108.14,0.29,-0.09,797.00,0.32,1078745.00,-65.77,0.00,0.00,0.00,19.53,22.45,3.31,4.05,10.35,15.58,18.81,14.25,51931700819.76,4.29,20.01,17.25,109.39,106.07,107.90,109.52,100.49,117.04,145.00,75.00,116.50,6.14,1.50,1.41,12535289400.00,3014946907.00,3111110669.00
[object Object],CRWV,"CoreWeave, Inc. Class A",NASDAQ,87.27,stock,common,100.00,1.00,false,0.00,USD,-3.17,15683488.00,0.44,48132596357.29,USD,0.00,-3.66,-47.09,0.00,Technology services,america,Technology Services,Buy,Buy,-3.17,9.32,0.44,-8.31,11.30,18.04,-32.91,123.77,123.77,123.77,5.69,5.32,Neutral,Neutral,Neutral,Neutral,Neutral,Neutral,50.43,-1.72,-2.66,35.06,37.35,34.93,engulfing_bearish,90.41,0.31,0.83,489045.00,0.26,15683488.00,-53.53,0.00,0.00,0.00,-26.44,0.00,-0.52,6.54,9.57,6.96,0.00,7.50,93328596357.29,12.30,0.00,24.81,84.50,88.19,85.76,94.37,92.18,141.16,317.00,39.00,145.00,-4.06,-1.21,-1.26,12892723638.00,2554498690.00,3543482748.00
[object Object],DNB,DNB Bank ASA,OSL,317.10,stock,common,10.00,1.00,false,0.00,NOK,0.63,1094865.00,0.67,47714028003.02,USD,11.47,2.79,-7.52,5.71,Finance,norway,Finance,Neutral,Neutral,0.63,-0.19,0.96,8.60,8.78,12.33,18.59,66.89,203.74,911.93,1.06,1.21,Buy,Buy,StrongBuy,Strong buy,Buy,Buy,54.32,0.60,2.16,-6.14,51.93,55.21,0.00,0.00,0.00,0.00,0.00,0.41,1094865.00,-4.36,317.10,0.00,509785.00,13.71,11.47,0.00,4.84,1.78,11.06,11.68,0.00,162463666103.02,8.32,0.00,0.00,315.83,316.09,311.06,300.69,294.58,33.54,41.29,29.54,33.19,2.63,0.65,0.69,8861959901.27,2243480096.73,2329045664.83
[object Object],AZO,"AutoZone, Inc.",NYSE,2903.19,stock,common,100.00,1.00,false,0.00,USD,1.45,210749.00,0.46,47395608920.15,USD,19.00,152.79,5.45,0.00,Retail trade,america,Retail Trade,StrongBuy,Strong buy,1.45,2.76,-3.66,-5.56,-14.71,-13.99,-30.49,71.54,290.36,39432.80,3.83,2.45,Neutral,Neutral,Sell,Sell,Neutral,Neutral,48.28,26.44,-85.14,-26.62,44.60,37.98,0.00,2880.00,0.64,0.04,1346.00,0.56,210749.00,-56.27,0.00,0.00,0.00,-32.70,19.00,3.44,2.34,0.00,0.00,0.00,147.96,59516932920.15,2.93,15.98,13.50,2868.07,2939.63,2978.66,3075.34,3312.28,3716.41,4800.00,3000.00,3583.00,170.71,54.08,35.57,21833828858.00,6702067449.00,4949345943.00
[object Object],VMRK,Vivmark Residential,NYSE,61.09,stock,common,100.00,1.00,false,0.00,USD,0.07,1083466.00,0.15,47270165469.16,USD,26.81,2.28,-12.81,4.57,Finance,america,Finance,Buy,Buy,0.07,-1.66,-9.67,-9.68,2.85,-1.97,-5.24,-25.34,-4.83,340.29,1.84,1.89,Sell,Sell,StrongSell,Strong sell,Neutral,Neutral,34.16,-4.45,-3.44,-124.58,8.67,13.34,long_lower_shadow_bullish,0.00,0.00,0.00,0.00,-0.05,1083466.00,-74.20,0.00,0.00,0.00,90.68,26.81,0.00,7.42,2.18,14.93,19.42,644.17,55884183469.16,17.70,61.42,29.16,62.63,64.57,65.67,66.29,64.06,72.92,80.00,66.00,72.50,1.27,0.44,0.38,3157072014.00,787277663.00,793788550.00
[object Object],SHL,Siemens Healthineers AG,XETR,37.79,stock,common,100.00,1.00,false,0.00,EUR,1.56,927006.00,0.87,47233491554.75,USD,19.14,2.25,2.35,2.69,Health technology,germany,Health Technology,Buy,Buy,1.56,-1.64,-4.47,9.79,3.85,-15.78,-15.55,-36.68,29.86,29.86,1.69,1.70,Sell,Sell,StrongSell,Strong sell,Buy,Buy,44.77,-0.44,-1.33,-98.35,16.95,9.67,0.00,0.00,0.00,0.00,0.00,0.73,927006.00,-14.84,37.79,0.00,548095.00,-19.89,19.14,8.01,1.80,2.21,13.96,19.09,17.92,61685059504.75,2.33,15.71,11.72,38.00,38.84,38.28,36.39,38.50,51.91,65.92,41.35,52.26,2.75,0.60,0.78,27627281500.93,6472168929.51,7713215743.18
[object Object],FITB,Fifth Third Bancorp,NYSE,52.08,stock,common,100.00,1.00,false,0.00,USD,1.20,2809693.00,0.41,47230964628.43,USD,17.73,2.94,-8.56,3.11,Finance,america,Finance,Buy,Buy,1.20,-2.25,-5.50,-7.82,15.02,11.16,15.32,24.00,150.63,1368111.16,2.04,2.00,Sell,Sell,StrongSell,Strong sell,Neutral,Neutral,37.64,-2.64,-2.45,-126.84,14.30,17.46,0.00,51.57,0.21,0.04,1807.00,0.06,2809693.00,-65.62,0.00,0.00,0.00,57.32,17.73,0.00,4.25,1.46,11.86,14.39,0.00,67307964628.43,4.42,0.00,0.00,52.89,54.31,55.52,54.08,51.60,62.80,67.00,55.00,63.00,3.06,0.84,0.84,12875945137.00,3244341304.00,3340420861.00
[object Object],PYPL,"PayPal Holdings, Inc.",NASDAQ,54.92,stock,common,100.00,1.00,false,0.00,USD,4.41,11499828.00,0.89,46981909972.84,USD,10.38,5.29,13.30,0.80,Commercial services,america,Commercial Services,Neutral,Neutral,4.41,4.31,-11.17,29.90,22.81,-6.39,-18.35,-80.01,38.69,44.53,3.51,2.95,Buy,Buy,StrongBuy,Strong buy,Buy,Buy,51.53,1.20,-3.43,73.13,49.41,37.19,engulfing_bullish,52.70,0.19,-0.15,30730.00,-0.02,11499828.00,34.72,0.00,0.00,0.00,-31.21,10.38,0.75,1.35,2.39,6.48,7.35,4.30,49946909972.84,1.45,7.68,6.69,53.14,56.13,56.79,50.65,50.45,56.50,72.00,36.00,56.00,5.39,1.28,1.31,34763834147.00,8473401023.00,8725557789.00
[object Object],LONN,Lonza Group AG,SIX,569.20,stock,common,10.00,2.00,false,0.00,CHF,-0.14,74785.00,0.53,46916487688.00,USD,0.00,-1.92,-115.18,0.88,Health technology,switzerland,Health Technology,Buy,Buy,-0.14,4.67,-3.79,5.84,15.86,6.83,9.21,-24.61,232.70,560.78,1.81,1.84,Buy,Buy,StrongBuy,Strong buy,Neutral,Neutral,57.34,38.00,-5.21,52.62,81.25,67.59,0.00,0.00,0.00,0.00,0.00,0.18,74785.00,-43.15,569.20,0.00,39795.00,0.44,0.00,0.00,6.30,4.90,27.59,185.16,81.75,51399841288.00,6.56,26.72,19.30,551.30,565.06,564.15,540.98,530.23,835.35,1021.37,538.21,831.78,22.96,10.76,11.23,8974742482.64,4198015036.48,4506089054.48
[object Object],SAND,Sandvik AB,OMXSTO,378.00,stock,common,10.00,1.00,false,0.00,SEK,1.64,1966942.00,1.08,46837211964.20,USD,28.16,1.38,16.38,1.61,Producer manufacturing,sweden,Producer Manufacturing,Buy,Buy,1.64,1.12,-4.13,-3.94,8.81,25.75,45.44,79.83,312.66,835.64,2.31,2.62,Buy,Buy,Buy,Buy,Buy,Buy,50.00,-7.20,1.22,-13.91,36.49,41.03,long_upper_shadow_bearish,0.00,0.00,0.00,0.00,1.45,1966942.00,81.76,0.00,0.00,0.00,43.48,28.16,1.69,3.61,4.72,22.12,26.86,131.05,50810742764.20,3.83,19.95,15.18,375.01,379.87,370.66,376.19,365.19,40.53,46.69,30.12,41.67,1.81,0.45,0.45,15638982979.04,3704462641.34,3677310154.97
[object Object],ETR,Entergy Corporation,NYSE,97.91,stock,common,100.00,1.00,false,0.00,USD,-0.25,969962.00,0.30,46779193424.09,USD,25.03,3.91,-2.65,2.61,Utilities,america,Utilities,Buy,Buy,-0.25,-5.05,-7.99,-15.54,-7.68,5.77,7.30,94.83,140.18,675.52,1.65,1.77,Sell,Sell,StrongSell,Strong sell,Buy,Buy,24.68,-7.42,-5.42,-156.16,4.33,3.69,0.00,0.00,0.00,0.00,0.00,-0.16,969962.00,-61.03,0.00,0.00,0.00,23.13,25.03,0.00,3.40,2.51,7.52,0.00,11.85,77863446424.09,5.78,25.98,13.89,101.22,105.00,106.96,109.60,106.08,124.56,137.00,98.00,126.00,4.40,1.01,1.65,13967858247.00,3490670695.00,4152173127.00
[object Object],SREN,Swiss Re AG,SIX,141.65,stock,common,100.00,5.00,false,0.00,CHF,-0.32,533897.00,0.71,46626244400.62,USD,10.89,16.10,19.98,4.43,Finance,switzerland,Finance,Sell,Sell,-0.32,1.98,0.96,12.15,10.92,7.96,1.00,76.27,61.89,187.85,1.97,1.68,Buy,Buy,StrongBuy,Strong buy,Neutral,Neutral,58.40,4.80,0.43,96.60,78.73,66.87,0.00,0.00,0.00,0.00,0.00,0.00,533897.00,-53.32,141.65,0.00,185020.00,-0.57,10.89,0.55,1.13,2.12,23.11,23.11,0.00,55883775709.36,1.21,0.00,0.00,139.76,139.68,138.12,131.36,130.08,160.72,202.41,142.21,155.76,17.16,0.00,0.00,44441798820.72,0.00,0.00
[object Object],CARR,Carrier Global Corp.,NYSE,56.11,stock,common,100.00,1.00,false,0.00,USD,2.26,3140160.00,0.36,46252878958.92,USD,39.54,1.42,-43.38,1.72,Producer manufacturing,america,Producer Manufacturing,Buy,Buy,2.26,2.71,-4.95,-25.14,2.24,5.65,-4.18,6.09,367.58,367.58,1.91,2.76,Sell,Sell,StrongSell,Strong sell,Buy,Buy,42.33,-1.35,-3.59,-30.83,32.45,29.52,0.00,55.21,0.62,0.77,4299.00,0.64,3140160.00,-37.81,0.00,0.00,0.00,-13.58,39.54,0.00,2.08,3.52,19.66,24.34,34.84,57624878958.92,2.61,31.77,18.61,55.13,57.92,60.75,64.43,61.57,77.15,90.00,60.00,78.00,2.90,0.82,0.77,23230581771.00,6018039602.00,6001595750.00
[object Object],ASM,ASM International N.V.,EURONEXT,844.60,stock,common,10.00,2.00,false,0.00,EUR,1.37,114057.00,0.71,46124844033.66,USD,38.62,24.98,104.67,0.39,Producer manufacturing,netherlands,Producer Manufacturing,Buy,Buy,1.37,5.31,2.50,-13.37,26.06,60.45,68.92,135.20,2185.79,3810.19,2.85,3.64,Buy,Buy,StrongBuy,Strong buy,Neutral,Neutral,53.72,14.40,11.47,79.44,79.17,81.97,spinning_top_black,0.00,0.00,0.00,0.00,1.66,114057.00,6.80,844.60,0.00,48623.00,65.37,38.62,0.36,12.17,9.30,41.41,54.88,35.18,44862507593.66,11.68,38.50,30.77,810.14,821.22,828.82,878.54,783.37,1273.03,1657.56,784.98,1302.61,27.58,6.39,6.74,4893517031.38,1139894404.13,1237653695.50
[object Object],XYZ,"Block, Inc. Class A",NYSE,76.64,stock,common,100.00,1.00,false,0.00,USD,-0.12,1413663.00,0.37,46048083173.58,USD,136.45,0.56,-87.98,0.00,Commercial services,america,Commercial Services,Buy,Buy,-0.12,0.12,-6.53,3.23,31.40,16.62,2.14,-70.30,547.89,584.33,2.98,3.06,Sell,Sell,Sell,Sell,Sell,Sell,43.53,-2.56,-3.32,-89.14,19.21,17.10,0.00,76.94,0.26,-0.13,6824.00,-0.30,1413663.00,-61.32,0.00,0.00,0.00,-2.40,136.45,0.00,1.87,2.09,11.50,12.02,6.17,45623782173.58,1.82,10.35,9.53,77.07,79.94,80.15,76.82,69.88,99.25,125.00,75.00,100.00,4.06,0.87,1.03,25998397435.00,6474087248.00,6595175985.00
[object Object],SWED_A,Swedbank AB Class A,OMXSTO,410.70,stock,common,10.00,1.00,false,0.00,SEK,0.93,1909207.00,0.92,45813686695.69,USD,14.87,2.84,-8.05,5.03,Finance,sweden,Finance,Neutral,Neutral,0.93,0.74,10.97,15.37,34.66,27.55,48.16,138.50,106.38,297.21,1.65,1.59,StrongBuy,Strong buy,StrongBuy,Strong buy,Buy,Buy,69.61,23.40,24.21,111.27,80.02,82.76,doji,0.00,0.00,0.00,0.00,0.96,1909207.00,37.12,0.00,0.00,0.00,44.59,14.87,0.00,5.49,2.23,80.87,88.14,0.00,130737930295.69,10.09,0.00,0.00,403.93,386.82,382.97,365.00,348.52,39.55,50.65,35.05,38.49,2.97,0.66,0.73,7773821376.25,1807841951.87,1841733215.13
[object Object],UCB,UCB S.A.,EURONEXT,214.40,stock,common,10.00,1.00,false,0.00,EUR,1.18,239904.00,0.88,45802013086.33,USD,18.96,12.91,64.98,0.48,Health technology,belgium,Health Technology,StrongBuy,Strong buy,1.18,2.63,-4.24,-16.61,-15.19,-9.19,5.41,124.69,196.75,376.44,2.23,2.55,Neutral,Neutral,Neutral,Neutral,Neutral,Neutral,50.36,8.80,-2.86,43.36,74.63,63.28,0.00,0.00,0.00,0.00,0.00,-0.28,239904.00,-19.78,214.40,0.00,138306.00,2.36,18.96,0.29,4.82,3.51,22.54,28.80,52.18,48977194236.33,5.03,15.81,12.84,210.67,213.83,220.85,235.22,244.72,337.10,390.21,252.49,341.43,13.64,5.81,5.96,10200344798.89,4637909086.18,4989640371.51
[object Object],P911,Porsche AG,XETR,45.63,stock,preferred,100.00,1.00,false,0.00,EUR,2.75,509900.00,0.71,45798654986.99,USD,48.97,1.06,-60.84,2.27,Consumer durables,germany,Consumer Durables,Neutral,Neutral,2.75,-3.29,5.31,3.38,20.08,-0.72,7.74,-45.68,-45.68,-45.68,3.95,3.42,StrongBuy,Strong buy,StrongBuy,Strong buy,Neutral,Neutral,53.59,0.79,0.22,20.06,27.93,27.61,marubozu_white_bullish,44.46,0.11,0.11,15.00,-0.50,509900.00,-33.19,45.52,-0.24,232128.00,5.02,48.97,0.00,1.14,1.81,10.43,41.74,5.81,51228658436.99,1.27,95.44,7.81,45.33,44.86,44.61,45.46,43.51,54.49,73.26,41.21,53.23,2.33,0.57,0.36,41122231319.41,10030514970.78,9908942469.22
[object Object],VST,Vistra Corp.,NYSE,136.45,stock,common,100.00,1.00,false,0.00,USD,-1.08,2769854.00,0.62,45797422877.77,USD,23.03,5.92,-6.01,0.66,Utilities,america,Utilities,StrongBuy,Strong buy,-1.08,-4.84,-2.12,-17.73,-10.08,-16.74,-31.09,670.90,534.21,319.85,2.36,2.91,StrongSell,Strong sell,StrongSell,Strong sell,Sell,Sell,39.33,-11.93,-3.34,-90.48,4.96,10.80,0.00,138.89,0.69,0.68,63501.00,0.74,2769854.00,-24.01,0.00,0.00,0.00,-34.05,23.03,0.00,2.66,15.25,9.04,20.53,97.24,67704422877.77,3.85,35.86,14.51,140.04,141.84,145.56,149.80,155.63,221.00,305.00,169.00,219.00,8.46,1.61,2.58,22445739631.00,5464233899.00,7154144225.00
[object Object],WDAY,"Workday, Inc. Class A",NASDAQ,189.94,stock,common,100.00,1.00,false,0.00,USD,-0.55,495347.00,0.18,45774336316.69,USD,38.55,4.93,127.88,0.00,Technology services,america,Technology Services,Buy,Buy,-0.55,-4.71,0.93,62.92,49.28,-11.74,-21.10,-28.51,110.38,295.29,3.16,4.00,Sell,Sell,Neutral,Neutral,Sell,Sell,50.62,4.24,-1.41,-47.59,33.25,28.55,spinning_top_black,190.20,-0.41,-0.79,1400.00,-0.43,495347.00,-60.34,0.00,0.00,0.00,-25.10,38.55,0.30,4.63,7.09,15.18,16.45,13.72,46136336316.69,4.54,35.90,27.98,191.92,194.02,180.94,156.05,158.08,211.14,275.00,92.00,218.00,11.08,2.61,2.74,10667260456.00,2636157385.00,2691598292.00
[object Object],GALD,Galderma Group AG,SIX,163.00,stock,common,100.00,5.00,false,0.00,CHF,0.46,527718.00,0.41,45696997768.63,USD,56.13,3.59,110.71,0.22,Health technology,switzerland,Health Technology,StrongBuy,Strong buy,0.46,3.30,-4.65,-8.45,7.59,-0.61,17.10,167.21,167.21,167.21,2.56,2.70,Neutral,Neutral,Neutral,Neutral,Neutral,Neutral,50.53,8.05,-2.46,61.99,74.23,73.33,long_upper_shadow_bearish,0.00,0.00,0.00,0.00,0.55,527718.00,-2.69,163.00,0.00,274318.00,9.06,56.13,0.50,8.15,5.74,41.47,46.37,56.55,47503297815.61,8.22,44.38,34.09,159.01,163.45,168.38,168.64,161.63,248.68,321.64,213.83,244.65,5.01,2.25,2.45,6666384675.05,3046913667.00,3262523057.00
[object Object],STMMI,STMicroelectronics NV,MIL,45.13,stock,common,1000.00,5.00,false,0.00,EUR,0.52,2775160.00,0.76,45570410564.41,USD,104.43,0.49,-32.83,0.69,Electronic technology,italy,Electronic Technology,Buy,Buy,0.52,4.41,5.99,-28.62,55.60,101.72,82.32,14.78,525.00,106.56,3.32,3.24,Buy,Buy,Buy,Buy,Neutral,Neutral,50.98,0.45,0.91,82.33,71.45,78.33,0.00,0.00,0.00,0.00,0.00,2.92,2775160.00,19.95,45.13,0.00,26878.00,84.69,104.43,0.00,3.71,2.61,21.51,113.69,7.94,43977322442.29,3.43,65.52,17.32,43.95,44.01,45.63,53.24,41.23,78.51,97.43,55.44,79.09,1.40,0.26,0.40,14794265832.21,3434878642.75,3714314207.41
[object Object],SEB_A,Skandinaviska Enskilda Banken AB Class A,OMXSTO,233.90,stock,common,10.00,1.00,false,0.00,SEK,1.04,2009955.00,0.91,45501537623.49,USD,14.92,1.61,-2.93,3.67,Finance,sweden,Finance,Neutral,Neutral,1.04,1.39,5.89,23.17,36.78,19.61,28.48,88.17,173.57,424.14,1.69,1.39,StrongBuy,Strong buy,StrongBuy,Strong buy,Buy,Buy,65.29,5.90,7.92,137.51,73.64,76.04,0.00,0.00,0.00,0.00,0.00,0.82,2009955.00,12.78,0.00,0.00,0.00,21.30,14.92,0.00,5.44,2.04,20.22,0.00,0.00,112654077623.49,7.14,0.00,0.00,230.83,225.54,223.67,206.95,197.84,22.72,28.79,19.19,22.22,1.79,0.40,0.42,8504585737.88,1972411263.92,1981551024.70
[object Object],VEEV,Veeva Systems Inc. Class A,NYSE,279.94,stock,common,100.00,1.00,false,0.00,USD,1.86,820588.00,0.47,45324761183.36,USD,46.06,6.08,24.70,0.00,Technology services,america,Technology Services,Buy,Buy,1.86,6.28,16.70,74.69,57.27,25.30,1.06,-5.55,567.48,636.68,2.48,3.06,StrongBuy,Strong buy,StrongBuy,Strong buy,Neutral,Neutral,66.80,17.54,8.33,78.22,71.65,45.31,0.00,276.00,0.42,0.06,931.00,0.73,820588.00,-40.54,0.00,0.00,0.00,-7.47,46.06,1.83,13.12,6.10,27.74,28.20,6.38,38233509183.36,11.06,36.95,35.12,266.89,263.21,241.66,206.34,199.90,297.42,343.00,180.00,300.00,9.24,2.23,2.34,3690608448.00,905380638.00,935007483.00
[object Object],DANSKE,Danske Bank A/S,OMXCOP,377.60,stock,common,10.00,1.00,false,0.00,DKK,0.56,675184.00,0.79,45288418804.42,USD,12.99,4.43,4.11,4.51,Finance,denmark,Finance,Buy,Buy,0.56,0.16,1.07,8.94,25.41,18.56,39.96,252.24,98.11,218.79,1.46,1.47,Buy,Buy,StrongBuy,Strong buy,Neutral,Neutral,56.09,-0.40,2.46,136.89,45.00,43.51,rising_window_bullish,0.00,0.00,0.00,0.00,0.77,675184.00,-30.83,0.00,0.00,0.00,35.91,12.99,3.14,2.21,1.83,9.68,9.81,0.00,227271571804.42,8.50,0.00,0.00,374.92,372.91,371.43,357.19,339.56,60.74,66.23,51.65,61.14,4.78,1.12,1.14,9374324205.59,2235048405.48,2226732411.24
[object Object],PKN,ORLEN Spolka Akcyjna,GPW,148.84,stock,common,100.00,2.00,false,0.00,PLN,-0.89,712639.00,0.46,45196818820.07,USD,8.22,4.81,95.89,5.33,Energy minerals,poland,Energy Minerals,Buy,Buy,-0.89,-3.35,-1.98,18.13,15.81,53.79,68.50,88.17,128.39,570.45,2.76,2.65,Sell,Sell,Sell,Sell,Neutral,Neutral,41.07,-12.28,-4.52,-122.41,12.11,13.79,0.00,0.00,0.00,0.00,0.00,-0.13,712639.00,-51.31,0.00,0.00,0.00,85.40,8.22,0.09,0.61,1.17,3.95,13.16,5.49,47856777850.07,0.63,4.69,3.42,153.23,154.45,152.83,145.74,130.35,41.25,49.82,27.66,42.08,6.64,1.43,1.43,85992206179.64,22087649547.49,16429686076.44
[object Object],MBG,Mercedes-Benz Group AG,XETR,41.28,stock,common,1000.00,5.00,false,0.00,EUR,0.10,2261541.00,0.81,45181725975.50,USD,7.86,6.00,-24.21,8.49,Consumer durables,germany,Consumer Durables,Buy,Buy,0.10,-9.91,-7.58,-7.51,-20.53,-31.25,-21.42,-33.70,-20.18,85.28,2.30,2.60,Sell,Sell,StrongSell,Strong sell,Buy,Buy,26.36,-5.40,-3.01,-173.12,2.20,3.56,doji,41.72,1.14,1.19,665.00,0.13,2261541.00,-27.59,41.49,0.51,895827.00,-14.54,7.86,0.00,0.30,0.43,2.86,4.95,2.24,142525885875.50,0.96,19.70,9.18,44.05,45.49,45.80,46.69,51.35,63.64,83.70,41.28,63.06,6.37,1.44,1.56,152304355601.09,36410837115.79,36338086902.53
[object Object],CCEP,Coca-Cola Europacific Partners plc,NASDAQ,101.41,stock,common,100.00,1.00,false,0.00,USD,1.09,528964.00,0.25,44944481748.01,USD,19.59,5.18,42.73,2.38,Consumer non-durables,america,Consumer Non-Durables,Buy,Buy,1.09,1.67,-8.20,1.30,9.28,11.88,12.89,80.37,153.83,2465.32,1.90,1.65,Sell,Sell,StrongSell,Strong sell,Neutral,Neutral,42.88,-1.36,-4.72,-80.97,16.54,16.60,engulfing_bullish,100.06,-0.25,0.42,5718.00,-0.12,528964.00,-68.09,0.00,0.00,0.00,6.70,19.59,0.45,1.80,4.75,13.60,18.36,19.84,57157212348.09,2.30,16.95,12.95,101.49,105.23,106.14,101.79,98.50,109.30,119.60,90.93,114.12,5.10,2.47,2.60,24546272406.07,12222428525.09,12361939824.73
[object Object],VTR,"Ventas, Inc.",NYSE,85.70,stock,common,100.00,1.00,false,0.00,USD,-1.30,784608.00,0.17,44936483150.90,USD,157.19,0.55,26.06,2.30,Finance,america,Finance,Buy,Buy,-1.30,-1.87,-8.77,-3.00,3.45,10.77,24.69,54.05,19.08,5205.18,1.54,1.82,StrongSell,Strong sell,StrongSell,Strong sell,Sell,Sell,30.05,-4.29,-3.50,-116.74,8.58,9.63,marubozu_black_bearish,0.00,0.00,0.00,0.00,0.26,784608.00,-74.96,0.00,0.00,0.00,45.32,157.19,6.11,6.71,3.00,23.10,29.59,190.58,58254169150.90,9.04,60.99,24.69,87.33,90.26,91.85,89.44,85.73,102.19,113.00,90.00,102.00,0.58,0.14,0.16,6955073315.00,1680769614.00,1777101000.00
[object Object],IQV,IQVIA Holdings Inc,NYSE,271.37,stock,common,100.00,1.00,false,0.00,USD,-1.33,389550.00,0.20,44667501871.73,USD,33.66,8.06,16.77,0.00,Health technology,america,Health Technology,Buy,Buy,-1.33,0.71,6.46,46.35,61.93,20.39,51.16,4.26,242.64,520.13,2.73,2.46,Buy,Buy,StrongBuy,Strong buy,Neutral,Neutral,61.88,9.60,12.51,94.16,75.94,76.37,harami_bearish,275.01,-0.01,-0.01,223.00,-0.04,389550.00,-79.43,0.00,0.00,0.00,37.78,33.66,2.03,2.71,7.24,16.11,20.79,21.83,58958501871.73,3.47,24.96,16.63,269.42,261.36,247.61,215.93,204.76,278.53,300.00,247.00,280.00,12.97,3.03,3.27,17410252730.00,4302040570.00,4361197900.00
[object Object],HEIA,Heineken NV,EURONEXT,70.58,stock,common,100.00,2.00,false,0.00,EUR,-0.87,345643.00,0.58,44549160837.34,USD,17.27,4.67,26.56,2.70,Consumer non-durables,netherlands,Consumer Non-Durables,Buy,Buy,-0.87,-0.56,-2.84,-3.97,6.52,1.55,6.07,-22.22,-10.94,112.28,1.37,1.48,Sell,Sell,StrongSell,Strong sell,Neutral,Neutral,40.40,0.30,-1.04,-97.16,19.79,25.93,0.00,0.00,0.00,0.00,0.00,-0.14,345643.00,-3.13,70.58,0.00,184783.00,4.95,17.27,0.66,1.33,2.05,6.67,9.76,13.68,67753807887.34,2.02,16.96,9.95,71.32,71.98,74.02,72.39,71.13,101.79,144.47,80.26,99.75,6.19,2.58,3.37,36231892680.04,17012668238.50,18005818061.78
[object Object],RKLB,Rocket Lab Corporation,NASDAQ,74.24,stock,common,100.00,1.00,false,0.00,USD,0.86,14212727.00,0.66,44429654274.16,USD,0.00,-0.28,38.89,0.00,Electronic technology,america,Electronic Technology,StrongBuy,Strong buy,0.86,8.49,11.81,-8.47,12.47,5.11,54.67,423.55,661.44,661.44,5.73,4.88,Neutral,Neutral,Buy,Buy,Neutral,Neutral,59.82,11.29,1.47,184.33,84.83,86.92,"doji_star_bearish,doji",74.20,0.80,1.34,553039.00,0.73,14212727.00,-43.83,0.00,0.00,0.00,67.08,0.00,0.00,60.26,12.72,0.00,0.00,20.31,42261164274.16,54.95,0.00,0.00,68.22,68.33,69.49,88.10,81.09,111.89,150.00,80.00,115.00,-0.28,-0.06,-0.07,959794216.00,231623736.00,257267688.00
[object Object],LHX,L3Harris Technologies Inc,NYSE,238.38,stock,common,100.00,1.00,false,0.00,USD,0.14,647521.00,0.37,44388907567.22,USD,24.08,9.90,10.54,2.06,Electronic technology,america,Electronic Technology,Buy,Buy,0.14,-4.66,-8.31,-17.85,-31.49,-18.92,-16.82,6.10,164.42,6776.96,2.05,2.09,Sell,Sell,StrongSell,Strong sell,Neutral,Neutral,24.51,-7.16,-20.16,-122.27,1.84,2.18,long_upper_shadow_bearish,238.28,0.10,0.18,1586.00,0.03,647521.00,-55.37,0.00,0.00,0.00,-13.32,24.08,2.28,1.94,2.23,13.56,15.90,29.35,54834907567.22,2.39,21.53,14.67,244.95,257.87,269.94,285.66,311.82,344.29,443.00,269.00,348.00,11.93,2.80,2.98,23584408579.00,5811507604.00,5959619300.00
[object Object],ADSK,"Autodesk, Inc.",NASDAQ,211.79,stock,common,100.00,1.00,false,0.00,USD,0.21,764480.00,0.33,44264111278.66,USD,27.43,7.72,60.06,0.00,Technology services,america,Technology Services,StrongBuy,Strong buy,0.21,-3.53,-13.65,10.51,-10.87,-28.45,-34.32,-27.96,197.17,42258.42,2.74,3.51,StrongSell,Strong sell,StrongSell,Strong sell,Sell,Sell,38.30,-0.61,-20.72,-69.12,21.46,24.21,0.00,211.03,-0.15,0.09,424.00,0.00,764480.00,-63.69,0.00,0.00,0.00,-34.03,27.43,0.46,5.71,13.08,15.43,15.74,10.76,43814111278.66,5.61,23.97,21.47,219.01,234.14,233.73,226.85,241.23,312.28,375.00,215.00,312.50,12.59,3.12,3.07,8322921082.00,2012017290.00,2132393990.00
[object Object],PST,Poste Italiane SpA,MIL,25.82,stock,common,100.00,1.00,false,0.00,EUR,0.43,2790613.00,0.53,44106876980.18,USD,13.93,2.12,12.41,4.86,Transportation,italy,Transportation,Buy,Buy,0.43,-4.33,-6.31,-8.60,30.04,20.60,30.08,116.07,321.90,271.51,2.84,2.51,Sell,Sell,StrongSell,Strong sell,Sell,Sell,42.59,-0.24,-0.75,-56.03,24.04,25.72,0.00,0.00,0.00,0.00,0.00,0.86,2790613.00,-18.71,0.00,0.00,0.00,33.78,13.93,1.12,1.44,2.60,12.17,17.47,1.32,122627479980.18,4.65,32.36,25.03,26.13,26.67,26.77,26.88,24.42,34.28,40.92,19.18,36.04,2.26,0.51,0.60,16147151024.32,3814889067.90,3811300644.64
[object Object],AENA,Aena SME SA,BME,25.88,stock,common,100.00,2.00,false,0.00,EUR,0.39,691170.00,0.47,43992926671.78,USD,17.29,1.71,11.17,3.42,Transportation,spain,Transportation,Buy,Buy,0.39,1.73,-6.44,-5.89,1.73,9.20,11.12,87.54,96.28,297.54,2.06,2.01,Buy,Buy,Buy,Buy,Neutral,Neutral,51.36,1.22,-0.14,59.49,66.67,72.15,0.00,0.00,0.00,0.00,0.00,-0.23,691170.00,-45.03,0.00,0.00,0.00,8.88,17.29,1.54,5.86,4.49,13.20,17.52,21.55,51043427223.03,6.77,14.66,11.64,25.51,25.93,26.20,25.84,25.69,31.24,35.04,22.75,32.20,1.83,0.49,0.58,8082320558.33,2064179465.31,2227493837.80
[object Object],BN,Danone SA,EURONEXT,59.56,stock,common,100.00,2.00,false,0.00,EUR,-0.96,1128976.00,0.85,43932434552.81,USD,19.74,3.45,5.84,3.74,Consumer non-durables,france,Consumer Non-Durables,Buy,Buy,-0.96,-2.36,-9.01,-16.82,-12.39,-21.86,-17.80,-0.37,-10.26,1838.38,1.35,1.44,StrongSell,Strong sell,StrongSell,Strong sell,Sell,Sell,29.70,-1.82,-3.44,-112.34,3.53,6.70,0.00,0.00,0.00,0.00,0.00,-0.23,1128976.00,-7.22,59.56,0.00,690599.00,-18.42,19.74,3.41,1.41,2.17,10.89,15.81,4.59,54362409752.81,1.73,11.86,9.04,60.79,63.27,65.57,66.22,68.55,91.50,108.14,69.44,89.93,4.65,2.15,2.26,33160698488.78,15789550530.00,16326983975.00
[object Object],AMP,"Ameriprise Financial, Inc.",NYSE,496.05,stock,common,100.00,1.00,false,0.00,USD,2.25,306418.00,0.40,43817693941.53,USD,11.97,41.46,28.98,1.36,Finance,america,Finance,Buy,Buy,2.25,-8.85,-11.31,9.51,11.24,1.23,1.03,82.25,405.45,1204.71,4.54,2.69,Sell,Sell,StrongSell,Strong sell,Neutral,Neutral,30.48,-61.56,-39.44,-197.01,11.75,11.81,0.00,488.00,0.59,0.59,120.00,0.25,306418.00,-69.97,0.00,0.00,0.00,4.19,11.97,0.40,2.27,6.89,5.50,5.60,4.50,40101693941.53,2.02,7.45,7.53,528.09,547.54,546.69,507.95,493.07,582.90,645.00,489.00,578.50,46.47,10.81,11.79,20014486280.00,4865049629.00,5090225586.00
[object Object],XEL,Xcel Energy Inc.,NASDAQ,69.11,stock,common,100.00,1.00,false,0.00,USD,-0.64,3036917.00,0.49,43171600782.18,USD,18.92,3.65,1.34,3.34,Utilities,america,Utilities,StrongBuy,Strong buy,-0.64,-5.66,-10.50,-16.05,-11.52,-6.37,-11.57,9.32,60.70,845.16,1.52,1.63,StrongSell,Strong sell,StrongSell,Strong sell,Sell,Sell,24.42,-6.39,-4.82,-158.96,2.18,3.38,0.00,69.51,-0.07,0.01,597.00,-0.09,3036917.00,-54.00,0.00,0.00,0.00,5.89,18.92,14.18,2.99,1.79,9.08,0.00,19.81,82594600782.18,5.65,26.72,13.45,71.85,75.31,76.68,78.15,78.18,92.50,101.00,83.00,92.00,4.12,0.79,1.31,15567898509.00,3543123454.00,4239837041.00
[object Object],HOLN,Holcim Ltd,SIX,67.26,stock,common,100.00,2.00,false,0.00,CHF,1.42,1084422.00,0.92,43155888161.52,USD,95.49,0.87,-87.25,2.56,Non-energy minerals,switzerland,Non-Energy Minerals,Buy,Buy,1.42,-1.12,-5.61,-11.48,2.56,-13.77,0.42,188.71,149.05,53.03,2.29,2.34,Sell,Sell,StrongSell,Strong sell,Neutral,Neutral,38.08,-3.18,-2.97,-84.17,8.14,9.57,spinning_top_black,0.00,0.00,0.00,0.00,1.51,1084422.00,11.59,67.26,0.00,717946.00,-2.17,95.49,0.00,2.33,2.35,12.43,19.98,10.37,53102121161.52,2.72,16.81,11.69,67.76,70.30,71.40,73.06,72.93,101.51,113.36,80.45,103.61,4.69,1.98,2.78,21189704792.42,9656220544.45,11055925821.60
[object Object],FERG,Ferguson Enterprises Inc.,NYSE,222.39,stock,common,100.00,1.00,false,0.00,USD,1.01,505821.00,0.35,43021948489.32,USD,19.91,11.17,37.48,2.37,Distribution services,america,Distribution Services,Buy,Buy,1.01,4.29,-5.20,-6.88,0.77,-0.35,-1.02,54.87,286.77,101.39,2.20,2.29,Sell,Sell,Sell,Sell,Neutral,Neutral,46.50,-0.15,-11.03,11.40,49.77,45.85,0.00,0.00,0.00,0.00,0.00,-0.02,505821.00,-62.32,0.00,0.00,0.00,-7.82,19.91,0.00,1.32,6.94,21.34,26.52,98.73,49471948489.34,1.53,15.87,14.12,218.15,227.22,232.51,232.14,237.88,287.76,325.00,250.00,288.00,11.36,3.31,3.31,32959177402.00,8685783365.00,8707799797.00
[object Object],FLEX,Flex Ltd,NASDAQ,116.03,stock,common,100.00,1.00,false,0.00,USD,3.23,1827065.00,0.50,42861825346.60,USD,44.80,2.59,13.73,0.00,Electronic technology,america,Electronic Technology,StrongBuy,Strong buy,3.23,5.92,5.50,-26.45,80.25,88.85,107.79,740.43,1078.96,8700.76,4.52,4.17,Buy,Buy,StrongBuy,Strong buy,Neutral,Neutral,54.26,0.25,-0.71,183.48,62.93,65.91,0.00,113.80,1.25,0.54,3577.00,1.81,1827065.00,-41.21,0.00,0.00,0.00,82.09,44.80,3.16,1.44,7.79,27.78,52.54,15.28,45951825346.60,1.57,28.14,21.26,110.85,112.08,115.23,128.90,98.53,159.55,180.00,142.00,160.00,4.70,0.90,1.06,34608931416.00,7528380489.00,8168967853.00
[object Object],KDP,Keurig Dr Pepper Inc.,NASDAQ,31.48,stock,common,100.00,1.00,false,0.00,USD,1.96,2682884.00,0.24,42845607013.76,USD,31.91,0.99,-12.46,2.98,Consumer non-durables,america,Consumer Non-Durables,Buy,Buy,1.96,0.54,-1.64,-3.63,20.77,13.17,19.31,-6.79,113.73,574.34,2.56,2.07,Buy,Buy,Buy,Buy,Neutral,Neutral,50.01,0.09,-0.20,-79.83,33.40,31.32,0.00,30.79,-0.29,-0.26,5761.00,0.00,2682884.00,-71.21,0.00,0.00,0.00,14.40,31.91,0.00,2.10,1.71,17.95,23.40,27.66,83091607013.76,4.14,24.40,18.99,31.35,31.69,31.19,30.90,29.39,36.38,42.00,29.00,38.00,2.29,0.54,0.62,26310355611.00,7231588225.00,7329406338.00
[object Object],TRI,Thomson Reuters Corporation,NASDAQ,98.72,stock,common,100.00,1.00,false,0.00,USD,-1.60,474232.00,0.29,42768408394.62,USD,27.23,3.63,-2.56,2.49,Technology services,america,Technology Services,Buy,Buy,-1.60,-1.08,-4.29,21.42,8.87,-26.42,-38.77,-21.23,80.99,138.60,2.91,3.47,Sell,Sell,StrongSell,Strong sell,Sell,Sell,47.78,1.37,-5.32,-35.60,35.74,25.48,0.00,100.33,0.01,0.01,333.00,-0.16,474232.00,-59.28,0.00,0.00,0.00,-44.11,27.23,16.54,5.75,3.88,15.42,19.92,75.13,45370282394.62,5.95,22.18,15.17,99.22,102.15,100.87,93.40,100.18,122.10,142.18,99.98,122.22,4.39,0.95,0.90,8035808035.79,1887707619.78,1896777694.80
[object Object],WAT,Waters Corporation,NYSE,434.80,stock,common,100.00,1.00,false,0.00,USD,1.05,303888.00,0.40,42718276107.05,USD,108.57,4.00,-63.90,0.00,Health technology,america,Health Technology,Buy,Buy,1.05,1.30,6.11,15.04,44.78,14.68,49.81,11.12,177.53,11398.84,2.63,2.55,StrongBuy,Strong buy,StrongBuy,Strong buy,Buy,Buy,64.79,26.46,13.20,132.38,83.78,79.80,0.00,430.50,0.05,0.05,108.00,-0.37,303888.00,-70.54,0.00,0.00,0.00,131.30,108.57,0.00,9.10,2.81,81.09,113.82,79.22,47633276107.05,10.26,86.68,40.97,423.24,414.45,403.63,382.29,362.39,448.96,515.00,400.00,455.00,14.57,3.01,4.00,6455387123.00,1622303345.00,1753738453.00
[object Object],P,"Everpure, Inc. Class A",NYSE,127.95,stock,common,100.00,1.00,false,0.00,USD,4.98,3311737.00,0.29,42636460842.06,USD,174.58,0.73,79.99,0.00,Electronic technology,america,Electronic Technology,StrongBuy,Strong buy,4.98,21.45,24.03,82.79,108.69,86.98,52.78,375.47,831.90,664.34,7.64,6.11,StrongBuy,Strong buy,StrongBuy,Strong buy,Neutral,Neutral,72.02,29.77,10.22,221.68,82.77,84.50,0.00,123.00,0.92,2.11,44348.00,0.82,3311737.00,-71.61,0.00,0.00,0.00,20.17,174.58,2.08,9.88,27.68,103.36,345.00,43.76,41851376842.06,9.82,186.66,108.65,108.05,104.51,96.06,86.46,77.10,147.26,180.00,80.00,145.00,2.78,0.58,0.77,5051935484.00,1097623654.00,1330451711.00
[object Object],MCHP,Microchip Technology Incorporated,NASDAQ,78.13,stock,common,100.00,1.00,false,0.00,USD,4.61,3453597.00,0.38,42425268538.49,USD,116.80,0.67,0.00,2.44,Electronic technology,america,Electronic Technology,Buy,Buy,4.61,9.29,6.43,-14.21,22.98,19.72,19.37,-4.64,158.28,21805.77,3.13,3.03,Buy,Buy,StrongBuy,Strong buy,Neutral,Neutral,58.09,3.93,-0.06,194.23,86.89,87.32,0.00,75.63,1.26,1.22,10527.00,0.68,3453597.00,-60.42,0.00,0.00,0.00,13.16,116.80,0.00,8.03,6.58,35.90,38.72,157.95,47551668538.49,9.28,57.21,31.57,73.56,74.31,76.12,84.57,78.61,110.26,135.00,88.00,112.00,3.64,0.70,0.93,6397435147.00,1458498833.00,1605299184.00
[object Object],ORA,Orange SA,EURONEXT,14.16,stock,common,1000.00,5.00,false,0.00,EUR,1.03,4215389.00,0.64,42393841819.29,USD,9.36,1.73,256.29,5.35,Communications,france,Communications,Buy,Buy,1.03,-7.84,-10.97,-17.24,-17.77,-0.28,5.40,52.03,3.36,-42.43,2.50,2.11,Sell,Sell,StrongSell,Strong sell,Buy,Buy,29.11,-1.38,-1.13,-176.79,5.80,4.65,0.00,0.00,0.00,0.00,0.00,-0.04,4215389.00,-23.09,14.16,0.00,2518302.00,9.67,9.36,0.04,0.93,1.40,3.17,7.78,3.53,103493610369.29,2.18,18.75,6.55,15.01,15.42,15.83,16.56,16.51,21.93,25.60,17.06,22.07,1.51,0.47,0.00,53265383942.09,23657772900.00,0.00
[object Object],DSV,DSV A/S,OMXCOP,1215.50,stock,common,10.00,5.00,false,0.00,DKK,2.83,619190.00,0.92,42155531185.07,USD,42.02,4.41,-35.38,0.59,Transportation,denmark,Transportation,StrongBuy,Strong buy,2.83,-7.53,-11.47,-23.02,-19.77,-24.55,-7.60,-25.91,269.68,5207.86,5.22,3.19,Sell,Sell,StrongSell,Strong sell,Neutral,Neutral,38.12,-75.00,-114.06,-132.32,22.08,22.36,0.00,0.00,0.00,0.00,0.00,1.14,619190.00,-36.42,0.00,0.00,0.00,-3.56,42.02,0.00,0.97,2.31,23.55,29.71,28.85,55185891385.07,1.25,16.36,11.21,1242.15,1315.83,1356.78,1470.28,1561.90,302.49,349.37,265.82,296.96,9.88,2.36,2.60,46792561043.58,11316230927.46,11557796695.02
[object Object],ILMN,"Illumina, Inc.",NASDAQ,276.17,stock,common,100.00,1.00,false,0.00,USD,0.83,1875870.00,0.32,41701669070.36,USD,51.47,5.37,-32.04,0.00,Health technology,america,Health Technology,Buy,Buy,0.83,10.85,25.09,56.86,124.53,110.29,195.34,-33.92,58.45,1802.42,5.56,4.66,Buy,Buy,StrongBuy,Strong buy,Neutral,Neutral,77.39,69.72,37.61,174.18,97.04,94.47,0.00,271.56,-0.85,0.13,2335.00,-0.64,1875870.00,-46.10,0.00,0.00,0.00,129.11,51.47,0.00,9.32,14.69,38.59,45.39,36.18,43060669070.36,9.58,48.22,36.93,243.60,222.00,210.92,187.48,159.32,204.63,260.00,113.00,215.00,5.35,1.23,1.36,4623709531.00,1130597859.00,1152247934.00
[object Object],PRY,Prysmian S.p.A.,MIL,122.40,stock,common,100.00,5.00,false,0.00,EUR,0.04,780393.00,0.67,41651150361.37,USD,25.32,5.52,84.91,0.74,Producer manufacturing,italy,Producer Manufacturing,Buy,Buy,0.04,-0.33,1.16,-16.73,28.71,41.34,47.58,280.72,445.00,744.03,3.38,3.36,Sell,Sell,StrongSell,Strong sell,Neutral,Neutral,47.74,-4.85,1.65,2.31,52.24,68.00,0.00,0.00,0.00,0.00,0.00,2.04,780393.00,-3.57,122.40,0.00,2436.00,57.03,25.32,0.30,1.68,5.04,21.35,35.97,26.87,46619267911.37,1.92,19.47,14.56,123.02,123.07,123.63,134.47,118.39,183.28,206.73,149.30,188.35,5.64,1.43,1.68,26473332378.30,6305335210.39,6680643590.90
[object Object],EXC,Exelon Corporation,NASDAQ,40.05,stock,common,100.00,1.00,false,0.00,USD,-0.36,3334301.00,0.52,41346930999.75,USD,14.67,2.73,3.62,4.08,Utilities,america,Utilities,Neutral,Neutral,-0.36,-5.79,-9.22,-15.21,-17.38,-8.05,-9.93,13.94,61.51,274.48,1.43,1.53,Sell,Sell,StrongSell,Strong sell,Neutral,Neutral,21.27,-3.10,-2.59,-184.30,3.34,2.84,"falling_window_bearish,hammer_bullish,long_lower_shadow_bullish",40.14,-0.15,-0.05,1166.00,-0.17,3334301.00,-58.83,0.00,0.00,0.00,-0.95,14.67,4.07,1.63,1.39,5.71,0.00,17.01,91930930999.75,3.63,17.46,10.19,41.68,43.42,44.47,45.13,45.72,48.94,58.00,41.00,48.50,2.86,0.44,0.80,25450601845.00,5444465599.00,6805294874.00
[object Object],RKT,Reckitt Benckiser Group plc,LSE,4905.00,stock,common,1.00,1.00,false,0.00,GBX,-0.37,1720106.00,1.08,41237942679.46,USD,11.11,5.85,133.98,4.40,Consumer non-durables,uk,Consumer Non-Durables,Buy,Buy,-0.37,-1.82,-4.87,1.28,-3.29,-18.17,-12.35,-16.85,-31.71,527.24,1.81,1.98,Sell,Sell,StrongSell,Strong sell,Neutral,Neutral,40.42,-95.00,-123.65,-134.73,17.48,23.84,0.00,0.00,0.00,0.00,0.00,-0.49,1720106.00,64.94,4905.00,0.00,315497.00,-18.93,11.11,0.08,2.34,5.49,15.15,20.55,36.21,53549662679.46,2.96,10.40,8.42,4995.40,5063.83,5107.30,4925.97,5321.57,83.66,101.35,72.32,82.43,4.54,1.88,2.51,17697298999.89,8177790904.88,8875110098.50
[object Object],SCMN,Swisscom AG,SIX,657.00,stock,common,10.00,5.00,false,0.00,CHF,0.08,62618.00,0.35,41073699996.37,USD,25.90,31.38,-1.35,3.96,Communications,switzerland,Communications,Sell,Sell,0.08,-1.65,2.26,2.66,-1.87,14.16,15.36,22.99,38.75,2.66,1.95,1.72,Buy,Buy,StrongBuy,Strong buy,Neutral,Neutral,56.10,5.50,10.76,51.58,52.27,51.32,0.00,0.00,0.00,0.00,0.00,-0.23,62618.00,-28.43,657.00,0.00,38247.00,12.10,25.90,0.00,2.29,2.95,5.57,10.56,158.30,60741515196.37,3.31,21.32,7.01,660.10,643.73,637.93,642.28,645.97,711.60,889.72,556.83,720.25,34.55,7.34,8.17,18548482928.17,4459349216.05,4427379132.01
[object Object],PRU,"Prudential Financial, Inc.",NYSE,118.89,stock,common,100.00,1.00,false,0.00,USD,0.11,360142.00,0.23,41015497500.00,USD,10.77,11.04,144.26,4.67,Finance,america,Finance,Neutral,Neutral,0.11,1.65,-0.80,10.75,24.40,5.33,15.34,13.22,49.41,308.54,1.65,1.88,Neutral,Neutral,Buy,Buy,Sell,Sell,49.01,-0.35,-1.93,-17.30,42.50,35.56,0.00,0.00,0.00,0.00,0.00,0.35,360142.00,-78.60,0.00,0.00,0.00,12.02,10.77,0.07,0.64,1.30,3.77,3.77,0.00,78729497500.00,1.22,0.00,0.00,118.36,119.98,120.53,113.47,108.74,113.50,131.00,92.00,113.50,14.40,3.52,3.48,59510070149.00,14360835837.00,15086323688.00
[object Object],BMPS,Banca Monte dei Paschi di Siena S.p.A.,MIL,11.97,stock,common,1000.00,2.00,false,0.00,EUR,1.27,10157022.00,0.93,40843852913.52,USD,10.00,1.37,-10.50,7.28,Finance,italy,Finance,Buy,Buy,1.27,0.30,1.41,10.29,58.34,28.67,53.82,-46.83,-97.02,-99.99,1.28,1.87,Buy,Buy,StrongBuy,Strong buy,Neutral,Neutral,57.10,-0.01,0.17,106.91,82.12,81.68,0.00,0.00,0.00,0.00,0.00,1.05,10157022.00,23.57,11.97,0.00,20226.00,76.12,10.00,0.00,5.01,1.38,10.81,11.26,0.00,108437782723.52,9.52,0.00,0.00,11.84,11.71,11.70,10.93,9.68,13.73,14.60,11.79,14.13,0.90,0.00,0.00,9429552751.60,0.00,0.00
[object Object],IDXX,"IDEXX Laboratories, Inc.",NASDAQ,516.74,stock,common,100.00,1.00,false,0.00,USD,0.65,167255.00,0.33,40708963359.92,USD,36.32,14.23,18.43,0.00,Health technology,america,Health Technology,Buy,Buy,0.65,2.02,-5.03,-6.74,-10.37,-23.62,-16.78,-23.22,363.23,54562.85,2.23,2.43,Sell,Sell,StrongSell,Strong sell,Neutral,Neutral,42.84,12.04,-22.59,-42.15,45.73,39.96,0.00,515.39,0.39,-0.40,390.00,-0.48,167255.00,-49.05,0.00,0.00,0.00,-23.22,36.32,1.96,8.94,25.27,29.96,32.77,208.11,41608111359.92,9.14,28.45,25.74,514.10,532.38,546.69,550.87,592.40,718.00,805.00,665.00,705.00,14.77,3.94,3.72,4724179559.00,1200226154.00,1190787209.00
[object Object],VOW3,Volkswagen AG Pref,XETR,71.72,stock,preferred,100.00,2.00,false,0.00,EUR,1.27,973076.00,0.53,40381830068.90,USD,6.86,11.94,-37.21,7.43,Consumer durables,germany,Consumer Durables,Buy,Buy,1.27,-10.64,-1.78,-7.15,-17.70,-30.74,-23.33,-62.62,-40.13,108.55,2.97,3.47,Sell,Sell,StrongSell,Strong sell,Buy,Buy,37.90,-9.46,-2.99,-140.96,5.25,9.52,0.00,71.46,0.90,0.79,135.00,-0.59,973076.00,-37.20,71.96,0.33,418581.00,-22.05,6.86,0.00,0.11,0.21,2.05,0.00,0.50,308183502418.90,0.84,14.81,5.30,76.46,76.69,75.73,79.14,87.72,117.11,152.75,77.29,117.72,19.82,5.41,5.07,375693362169.81,92685678769.71,89816798417.32
[object Object],PKO,PKO Bank Polski SA,GPW,124.54,stock,common,100.00,2.00,false,0.00,PLN,0.06,2109954.00,0.81,40329706953.44,USD,14.36,2.30,7.99,4.93,Finance,poland,Finance,Buy,Buy,0.06,3.11,9.25,19.87,43.18,46.24,78.17,189.63,360.75,450.90,1.97,1.98,Buy,Buy,StrongBuy,Strong buy,Neutral,Neutral,76.92,4.02,7.05,130.72,91.79,92.12,doji_star_bearish,0.00,0.00,0.00,0.00,0.03,2109954.00,38.11,0.00,0.00,0.00,70.66,14.36,1.80,4.68,2.78,18.31,22.28,0.00,48372317703.44,4.42,0.00,0.00,121.90,117.26,114.14,108.56,99.32,30.69,33.65,26.55,30.23,2.47,0.56,0.61,8721812946.50,2020624480.25,2098159143.99
[object Object],CRDO,Credo Technology Group Holding Ltd.,NASDAQ,213.97,stock,common,100.00,1.00,false,0.00,USD,9.18,7950741.00,0.91,40215132718.49,USD,76.36,2.80,312.15,0.00,Technology services,america,Technology Services,StrongBuy,Strong buy,9.18,25.05,-4.05,-18.10,125.23,44.18,53.01,1668.31,1668.31,1668.31,5.99,5.81,Buy,Buy,StrongBuy,Strong buy,Buy,Buy,58.90,51.02,-15.17,94.85,97.72,92.07,0.00,202.00,3.08,2.06,102913.00,2.87,7950741.00,37.14,0.00,0.00,0.00,12.70,76.36,0.22,23.94,14.72,83.12,94.83,54.42,39477079718.49,24.81,76.77,70.01,178.97,200.52,210.02,219.39,176.18,285.09,350.00,235.00,288.50,6.30,1.17,1.29,2502005685.00,473295789.00,531564918.00
[object Object],LYV,"Live Nation Entertainment, Inc.",NYSE,170.34,stock,common,100.00,1.00,false,0.00,USD,-0.42,415112.00,0.20,40137872052.36,USD,0.00,-1.12,-148.66,0.00,Consumer services,america,Consumer Services,Buy,Buy,-0.42,1.39,-9.79,-2.98,14.11,19.60,5.70,83.16,523.04,1381.22,2.13,2.24,Sell,Sell,StrongSell,Strong sell,Neutral,Neutral,42.43,0.19,-8.07,-47.64,35.62,26.91,0.00,168.20,-1.67,-1.67,150.00,-0.27,415112.00,-78.56,0.00,0.00,0.00,3.70,0.00,0.00,1.59,481.98,15.93,30.06,4.53,43985770052.36,1.67,29.88,19.54,169.78,176.11,178.13,174.78,163.08,204.46,222.00,155.00,209.00,-0.34,0.66,1.57,28089048360.00,7556393065.00,9590939674.00
[object Object],MSCI,MSCI Inc. Class A,NYSE,551.79,stock,common,100.00,1.00,false,0.00,USD,-0.77,181142.00,0.29,40115132548.51,USD,30.18,18.28,21.13,1.43,Commercial services,america,Commercial Services,Buy,Buy,-0.77,0.98,-1.49,0.54,3.84,-3.46,-2.16,-15.87,542.06,2299.09,1.93,2.09,Sell,Sell,StrongSell,Strong sell,Neutral,Neutral,45.81,-2.82,-5.95,-46.71,48.01,44.93,doji,554.50,-0.28,-0.28,90.00,-0.72,181142.00,-66.53,0.00,0.00,0.00,-7.19,30.18,1.44,12.16,0.00,25.01,25.49,112.87,46302932548.51,13.89,24.95,22.30,551.26,559.41,565.29,580.33,572.93,696.94,805.00,570.00,700.00,19.71,4.99,5.03,3512885691.00,870709369.00,884375759.00
[object Object],HLN,Haleon PLC,LSE,342.70,stock,common,10.00,1.00,false,0.00,GBX,-0.64,32861017.00,0.95,40072287764.28,USD,18.91,0.24,8.37,2.12,Health technology,uk,Health Technology,Buy,Buy,-0.64,0.44,-7.40,-1.47,-5.70,-8.59,3.75,3.85,3.85,3.85,1.65,1.94,Sell,Sell,StrongSell,Strong sell,Neutral,Neutral,42.78,8.90,-9.43,-28.20,52.04,41.20,doji,0.00,0.00,0.00,0.00,-0.61,32861017.00,41.22,342.70,0.00,6338366.00,-0.87,18.91,2.27,2.76,1.84,12.94,15.09,37.01,49961293764.28,3.38,14.50,12.77,341.75,351.40,357.65,350.03,361.90,5.64,6.86,4.20,5.80,0.28,0.13,0.14,15338440122.32,7409394967.95,7645459230.00
[object Object],LR,Legrand SA,EURONEXT,134.85,stock,common,100.00,5.00,false,0.00,EUR,0.19,459018.00,0.84,40063300118.89,USD,27.52,5.60,6.22,1.77,Electronic technology,france,Electronic Technology,Buy,Buy,0.19,-1.06,-1.10,-8.76,2.16,6.39,-5.30,40.03,149.17,461.88,2.67,2.62,StrongSell,Strong sell,StrongSell,Strong sell,Sell,Sell,45.56,-7.00,0.08,-59.75,27.80,39.68,0.00,0.00,0.00,0.00,0.00,1.37,459018.00,-8.63,134.85,0.00,268207.00,-3.03,27.52,4.41,3.60,4.72,23.25,27.20,18.49,46652113858.89,4.04,19.25,15.93,135.96,137.27,136.85,141.20,139.99,194.09,227.67,158.23,193.52,6.89,1.77,1.61,12944361141.02,3159350103.19,3008292739.11
[object Object],CMG,"Chipotle Mexican Grill, Inc.",NYSE,31.59,stock,common,100.00,1.00,false,0.00,USD,-1.33,5278643.00,0.38,39968224447.48,USD,29.13,1.08,-4.17,0.00,Consumer services,america,Consumer Services,Buy,Buy,-1.33,-6.02,-15.09,-2.21,-1.33,-15.21,-19.75,-18.14,282.64,3409.44,3.14,2.98,StrongSell,Strong sell,StrongSell,Strong sell,Neutral,Neutral,30.99,-4.62,-2.53,-125.48,5.98,5.55,0.00,31.99,-0.06,0.19,71612.00,-0.19,5278643.00,-66.04,0.00,0.00,0.00,-19.76,29.13,0.00,3.30,18.20,17.36,25.75,59.60,44709563447.48,3.60,23.36,19.50,33.46,35.47,34.78,33.65,34.95,44.14,53.00,36.00,43.50,1.15,0.32,0.29,13028279003.00,3331365806.00,3278678408.00
[object Object],FER,Ferrovial N.V.,NASDAQ,55.63,stock,common,100.00,1.00,false,0.00,USD,0.44,751254.00,0.48,39951708896.84,USD,58.08,0.96,-82.53,1.95,Industrial services,america,Industrial Services,Buy,Buy,0.44,1.88,-9.52,-20.14,-11.26,-14.19,-1.11,68.05,68.05,68.05,1.28,1.16,Sell,Sell,StrongSell,Strong sell,Neutral,Neutral,37.17,-0.52,-3.78,-39.89,33.72,37.80,0.00,55.73,0.63,0.22,2371.00,0.65,751254.00,-35.54,0.00,0.00,0.00,-4.57,58.08,0.00,3.58,6.17,16.04,17.11,9.11,49606684136.84,4.41,42.29,28.06,55.22,58.46,60.90,64.23,66.11,69.51,78.99,51.51,70.29,1.09,0.00,0.00,11494461173.11,4927988900.00,0.00
[object Object],ABN,ABN AMRO Bank N.V. Depositary receipts,EURONEXT,43.65,dr,0.00,100.00,1.00,false,0.00,EUR,1.80,1499074.00,0.80,39754546994.19,USD,14.37,3.47,9.43,3.22,Finance,netherlands,Finance,Buy,Buy,1.80,-0.34,6.23,19.23,60.77,46.97,62.15,277.40,136.65,140.10,1.44,1.71,Buy,Buy,StrongBuy,Strong buy,Sell,Sell,60.04,0.13,1.38,82.16,59.79,62.40,0.00,0.00,0.00,0.00,0.00,1.17,1499074.00,-25.02,43.65,0.00,694638.00,64.74,14.37,1.50,3.58,1.48,0.00,0.00,0.00,132808628744.19,6.51,0.00,0.00,43.35,42.34,41.05,38.21,33.74,49.41,62.02,33.31,51.68,3.73,0.91,1.01,11224916582.15,2667306241.62,2843389913.14
[object Object],SSE,SSE PLC,LSE,2456.00,stock,common,1.00,1.00,false,0.00,GBX,-0.77,1497041.00,0.59,39716147115.40,USD,23.31,1.39,-2.62,2.78,Utilities,uk,Utilities,Buy,Buy,-0.77,-1.05,1.74,1.28,-2.81,13.02,42.62,49.66,60.42,266.02,2.15,2.57,Buy,Buy,StrongBuy,Strong buy,Neutral,Neutral,55.53,94.00,64.18,101.86,81.88,84.51,engulfing_bearish,0.00,0.00,0.00,0.00,0.40,1497041.00,-62.31,2456.00,0.00,849075.00,60.93,23.31,0.00,2.82,2.34,8.48,0.00,18.17,55951765515.40,4.15,21.32,14.66,2431.10,2406.17,2403.54,2402.83,2445.43,37.77,40.82,31.35,38.15,2.46,1.48,0.57,13997949072.21,7399088580.00,7563016941.00
[object Object],FER,Ferrovial N.V.,BME,48.56,stock,common,100.00,1.00,false,0.00,EUR,0.31,602439.00,0.50,39555701453.28,USD,57.91,0.96,-81.98,1.95,Industrial services,spain,Industrial Services,Buy,Buy,0.31,1.70,-8.62,-21.09,-11.68,-11.77,0.56,92.24,166.37,614.29,1.79,1.87,Sell,Sell,StrongSell,Strong sell,Neutral,Neutral,38.05,0.30,-2.56,-9.50,50.29,52.16,0.00,0.00,0.00,0.00,0.00,0.70,602439.00,-25.80,0.00,0.00,0.00,-2.39,57.91,0.00,3.56,6.15,15.99,17.06,9.09,49173394553.28,4.37,41.92,27.81,48.05,50.30,52.71,55.56,56.85,69.51,78.99,51.51,70.29,1.12,0.00,0.00,11866883129.63,4927988900.00,0.00
[object Object],DHI,"D.R. Horton, Inc.",NYSE,141.35,stock,common,100.00,1.00,false,0.00,USD,0.71,1294406.00,0.42,39536394960.98,USD,13.45,10.51,-15.75,1.28,Consumer durables,america,Consumer Durables,Neutral,Neutral,0.71,1.41,-6.01,-15.75,4.75,-2.07,-14.48,63.62,370.23,8455.50,1.99,2.29,Sell,Sell,Sell,Sell,Neutral,Neutral,48.37,3.46,-3.28,8.02,59.64,61.64,spinning_top_white,140.80,0.32,-0.24,991.00,0.16,1294406.00,-40.10,0.00,0.00,0.00,-23.06,13.45,0.00,1.19,1.67,11.93,12.49,18.74,45172394960.98,1.35,11.21,10.91,140.16,143.33,144.84,147.50,148.95,160.00,206.00,125.00,160.00,10.46,3.02,3.03,32770402275.00,9096153217.00,9109410691.00
[object Object],ASSA_B,ASSA ABLOY AB Class B,OMXSTO,355.30,stock,common,10.00,1.00,false,0.00,SEK,0.77,1267569.00,0.80,39322638154.53,USD,24.07,1.52,12.81,1.74,Consumer durables,sweden,Consumer Durables,Buy,Buy,0.77,1.66,0.94,4.90,7.34,-0.81,10.79,34.08,103.26,793.10,1.56,1.59,Buy,Buy,StrongBuy,Strong buy,Buy,Buy,55.86,14.20,3.96,78.03,74.81,81.80,0.00,0.00,0.00,0.00,0.00,0.37,1267569.00,8.07,0.00,0.00,0.00,5.62,24.07,1.86,2.59,3.55,16.47,18.28,102.01,46118814554.53,2.96,17.90,14.45,350.24,350.70,352.51,344.60,353.12,41.25,50.65,35.30,41.28,1.74,0.40,0.43,17030482244.59,4011063353.42,4076757518.23
[object Object],TSCO,Tesco PLC,LSE,473.20,stock,common,10.00,1.00,false,0.00,GBX,-0.80,6405937.00,0.37,39248255566.64,USD,17.49,0.36,15.11,3.04,Retail trade,uk,Retail Trade,Buy,Buy,-0.80,-1.56,1.76,2.87,3.70,6.84,9.64,81.97,165.10,1252.01,2.05,1.90,Neutral,Neutral,Buy,Buy,Neutral,Neutral,50.57,7.80,11.75,8.83,39.33,51.58,"harami_bearish,harami_cross_bearish,long_upper_shadow_bearish",0.00,0.00,0.00,0.00,-0.78,6405937.00,-61.90,473.20,0.00,4503552.00,5.14,17.49,1.17,0.42,2.62,7.45,11.03,7.41,53660365566.64,0.54,12.84,7.97,478.09,467.39,471.88,465.21,463.11,6.90,7.36,6.15,6.96,0.42,0.18,0.22,100840668150.05,48957373984.80,50400481577.60
[object Object],CBRE,"CBRE Group, Inc. Class A",NYSE,135.47,stock,common,100.00,1.00,false,0.00,USD,-0.78,796102.00,0.37,39228767895.32,USD,31.06,4.36,22.19,0.00,Finance,america,Finance,StrongBuy,Strong buy,-0.78,-1.38,-10.39,0.50,1.38,-15.49,-13.17,39.93,368.59,2039.02,2.82,2.80,StrongSell,Strong sell,StrongSell,Strong sell,Sell,Sell,38.36,-5.04,-6.33,-126.37,7.23,16.78,0.00,137.13,0.44,0.71,345.00,0.06,796102.00,-66.62,0.00,0.00,0.00,-17.29,31.06,1.41,0.92,4.68,29.25,42.44,23.17,49092767895.32,1.12,39.82,24.86,139.11,144.65,144.83,139.99,145.87,186.45,200.00,174.00,190.00,7.83,1.47,1.95,46722154633.00,11181189200.00,11793056794.00
[object Object],NTAP,"NetApp, Inc.",NASDAQ,199.13,stock,common,100.00,1.00,false,0.00,USD,0.96,467081.00,0.20,39112917823.34,USD,28.11,7.08,25.19,1.05,Electronic technology,america,Electronic Technology,Buy,Buy,0.96,0.48,6.17,29.18,91.49,84.98,63.40,113.61,471.06,18370.03,3.55,4.32,Buy,Buy,StrongBuy,Strong buy,Neutral,Neutral,58.50,-0.15,3.81,109.19,79.41,82.29,0.00,197.89,0.33,2.92,1118.00,0.04,467081.00,-80.11,0.00,0.00,0.00,55.50,28.11,1.11,5.34,26.11,20.99,24.14,11.11,38060917823.34,5.15,19.77,18.06,194.82,192.22,187.43,168.75,136.35,196.87,219.00,170.00,195.00,10.00,2.12,2.60,8177071277.00,1836984109.00,2100853688.00
[object Object],ADM,Archer-Daniels-Midland Company,NYSE,80.94,stock,common,100.00,1.00,false,0.00,USD,-1.15,1085075.00,0.28,39009808288.16,USD,22.16,3.65,60.79,2.53,Process industries,america,Process Industries,Neutral,Neutral,-1.15,-7.74,2.56,5.89,12.42,40.91,30.57,34.47,91.44,15474.97,2.22,2.98,Sell,Sell,Sell,Sell,Neutral,Neutral,42.02,-5.78,-0.06,-127.87,6.55,7.45,0.00,81.30,-0.71,-0.10,2409.00,-0.60,1085075.00,-60.34,0.00,0.00,0.00,38.60,22.16,0.37,0.48,1.65,14.05,23.41,7.15,43160808288.16,0.53,21.06,13.33,84.20,83.06,82.53,80.90,73.89,85.33,95.00,77.00,85.00,5.38,1.49,1.55,87340851023.00,22748515194.00,22861809468.00
[object Object],SGO,Compagnie de Saint-Gobain SA,EURONEXT,69.82,stock,common,100.00,2.00,false,0.00,EUR,0.00,1001119.00,0.91,38893320735.00,USD,12.94,6.16,-4.10,3.29,Producer manufacturing,france,Producer Manufacturing,Buy,Buy,0.00,-0.43,-14.73,-14.42,-0.11,-19.54,-23.74,15.40,78.29,216.21,2.07,2.22,StrongSell,Strong sell,StrongSell,Strong sell,Neutral,Neutral,33.89,-1.70,-5.97,-61.98,25.21,28.36,0.00,0.00,0.00,0.00,0.00,0.92,1001119.00,50.88,69.82,0.00,608627.00,-26.93,12.94,0.00,0.74,1.35,6.46,10.19,5.98,52510991235.00,0.99,9.70,6.39,69.99,75.04,77.03,77.00,78.90,113.00,157.04,80.24,114.63,7.34,3.59,3.46,55209453886.11,26642286777.14,26560256645.88
[object Object],BMW,Bayerische Motoren Werke AG,XETR,55.72,stock,common,100.00,2.00,false,0.00,EUR,-1.31,1948709.00,0.89,38883217753.40,USD,5.37,11.86,11.84,7.79,Consumer durables,germany,Consumer Durables,Neutral,Neutral,-1.31,-11.56,-3.77,-8.48,-28.73,-40.18,-34.68,-32.31,-25.85,769.04,3.01,2.96,StrongSell,Strong sell,StrongSell,Strong sell,Sell,Sell,30.35,-7.28,-1.92,-218.34,3.64,4.79,0.00,57.02,0.99,0.99,401.00,0.32,1948709.00,-42.91,56.00,0.50,747693.00,-26.00,5.37,0.46,0.27,0.35,8.84,0.00,1.82,153087350653.40,1.05,16.71,7.78,60.11,60.42,59.82,63.33,74.47,79.81,102.39,65.98,79.07,7.66,2.14,1.31,150724004890.69,36981378167.93,34971985079.52
[object Object],AIG,"American International Group, Inc.",NYSE,74.24,stock,common,100.00,1.00,false,0.00,USD,-0.78,753731.00,0.17,38819585623.32,USD,13.60,5.46,1.17,2.47,Finance,america,Finance,Buy,Buy,-0.78,-1.22,-3.02,-1.86,-0.79,-12.89,-4.82,34.08,27.04,420.74,1.88,1.66,StrongSell,Strong sell,StrongSell,Strong sell,Sell,Sell,39.15,-1.09,-1.02,-140.65,29.99,33.51,0.00,0.00,0.00,0.00,0.00,0.04,753731.00,-76.21,0.00,0.00,0.00,-7.64,13.60,11.70,1.50,0.96,10.29,10.29,0.00,47966585623.32,1.80,0.00,0.00,75.37,75.86,77.07,76.73,77.30,88.65,101.00,81.00,88.00,8.04,1.92,1.81,28873691639.00,7247586658.00,7426028971.00
[object Object],REP,Repsol SA,BME,30.75,stock,common,100.00,1.00,false,0.00,EUR,-2.50,3299254.00,0.87,38706548683.33,USD,9.67,3.63,396.76,4.06,Energy minerals,spain,Energy Minerals,Buy,Buy,-2.50,3.71,15.38,44.50,27.07,92.67,100.98,188.19,157.54,33.70,3.34,2.65,Buy,Buy,StrongBuy,Strong buy,Neutral,Neutral,66.39,1.83,2.09,158.13,87.40,90.12,0.00,0.00,0.00,0.00,0.00,-1.24,3299254.00,-10.71,0.00,0.00,0.00,92.86,9.67,0.03,0.57,1.44,6.28,20.86,4.18,50697379683.33,0.73,8.17,5.65,29.85,28.43,27.40,24.96,22.09,33.36,43.57,25.80,31.24,6.28,1.68,2.35,93439644535.36,28836449632.33,31817232230.48
[object Object],SYY,Sysco Corporation,NYSE,78.61,stock,common,100.00,1.00,false,0.00,USD,0.54,2888533.00,0.50,38671818033.18,USD,21.51,3.65,-2.14,2.78,Distribution services,america,Distribution Services,Buy,Buy,0.54,-0.29,-6.08,-4.07,-4.85,7.80,-4.30,-2.70,59.53,58252.63,1.71,1.89,Sell,Sell,StrongSell,Strong sell,Sell,Sell,41.10,-4.59,-3.50,-91.69,12.62,8.53,0.00,78.19,0.00,0.00,348.00,-0.10,2888533.00,-57.87,0.00,0.00,0.00,-1.37,21.51,0.00,0.44,14.11,14.31,19.48,21.14,51852818033.18,0.61,14.69,11.13,79.11,81.18,82.15,80.09,79.75,90.67,100.00,78.00,89.50,5.07,1.51,1.19,89593707877.00,21945346781.00,22019765652.00
[object Object],VOD,Vodafone Group Public Limited Company,LSE,125.80,stock,common,100.00,5.00,false,0.00,GBX,0.40,52379164.00,0.73,38306533677.15,USD,0.00,-0.02,87.67,3.19,Communications,uk,Communications,Neutral,Neutral,0.40,-3.82,6.79,18.79,13.28,27.82,49.76,10.25,-44.30,158.68,2.06,2.28,Buy,Buy,Buy,Buy,Neutral,Neutral,53.31,-2.95,2.92,0.84,27.34,34.03,0.00,0.00,0.00,0.00,0.00,-0.44,52379164.00,-38.63,125.80,0.00,9792252.00,42.37,0.00,0.00,0.83,0.66,2.49,3.91,2.11,85185910805.71,1.84,19.21,4.56,127.93,123.62,121.39,115.49,112.05,1.65,2.06,1.26,1.70,0.12,0.03,0.06,51193608883.10,0.00,24793969128.30
[object Object],YUM,"Yum! Brands, Inc.",NYSE,139.12,stock,common,100.00,1.00,false,0.00,USD,1.30,1043525.00,0.40,37966681233.47,USD,17.50,7.95,57.04,2.13,Consumer services,america,Consumer Services,Buy,Buy,1.30,2.68,-10.83,-8.86,-10.98,-8.19,-6.82,11.23,114.45,2318.50,2.05,2.42,StrongSell,Strong sell,StrongSell,Strong sell,Neutral,Neutral,41.26,-1.75,-7.83,-78.95,25.79,26.53,piercing_bullish,0.00,0.00,0.00,0.00,-0.25,1043525.00,-58.22,0.00,0.00,0.00,-6.85,17.50,0.30,4.36,0.00,18.50,22.95,44.76,50519681233.47,5.79,17.87,16.49,139.49,146.54,147.72,151.03,154.25,174.22,200.00,147.00,175.00,6.56,1.57,1.55,8933639601.00,2180557829.00,2125965475.00
[object Object],GIVN,Givaudan SA,SIX,3447.00,stock,common,1.00,1.00,false,0.00,CHF,1.20,16091.00,0.87,37961497425.85,USD,33.56,127.05,-12.95,2.11,Consumer non-durables,switzerland,Consumer Non-Durables,Buy,Buy,1.20,5.93,3.42,-0.06,30.67,9.71,6.72,-23.45,72.01,571.41,2.39,1.92,Buy,Buy,StrongBuy,Strong buy,Neutral,Neutral,63.49,283.00,141.00,158.46,82.01,85.75,0.00,0.00,0.00,0.00,0.00,0.47,16091.00,11.97,3447.00,0.00,11502.00,-1.99,33.56,0.00,4.28,7.23,23.21,28.92,101.41,43552403625.85,4.75,25.96,20.39,3329.00,3273.50,3286.26,3204.87,3088.34,4194.48,4951.98,3485.71,4197.10,150.50,75.46,69.96,9630218080.27,4680379656.16,4601114100.00
[object Object],ED,"Consolidated Edison, Inc.",NYSE,102.74,stock,common,100.00,1.00,false,0.00,USD,0.03,697676.00,0.35,37862743518.63,USD,16.87,6.09,10.41,3.42,Utilities,america,Utilities,Neutral,Neutral,0.03,-3.62,-4.21,-8.02,-8.09,3.12,3.26,40.80,30.71,914.72,1.34,1.33,Sell,Sell,StrongSell,Strong sell,Buy,Buy,33.81,-3.72,-3.32,-156.52,6.57,6.61,0.00,0.00,0.00,0.00,0.00,-0.10,697676.00,-76.95,0.00,0.00,0.00,11.84,16.87,1.62,2.15,1.34,9.61,0.00,25.86,64989743518.63,3.67,20.44,11.79,104.47,106.62,107.91,108.06,107.74,110.43,130.00,94.00,112.00,6.10,0.76,2.03,17645819994.00,3597227048.00,4762040450.00
[object Object],TTWO,"Take-Two Interactive Software, Inc.",NASDAQ,201.36,stock,common,100.00,1.00,false,0.00,USD,-0.80,779000.00,0.29,37650380250.44,USD,0.00,-1.73,92.77,0.00,Technology services,america,Technology Services,StrongBuy,Strong buy,-0.80,-4.48,-13.42,-16.39,4.33,-21.86,-17.51,37.10,337.45,5391.61,2.95,3.43,StrongSell,Strong sell,StrongSell,Strong sell,Sell,Sell,32.56,-14.11,-19.65,-144.14,6.81,10.81,0.00,203.47,0.24,0.13,12437.00,0.25,779000.00,-66.69,0.00,0.00,0.00,-16.98,0.00,0.00,5.65,10.44,74.96,111.09,20.37,38754480250.44,5.80,0.00,29.96,208.88,221.43,229.33,230.66,225.59,294.88,368.00,270.00,295.00,6.95,0.33,0.97,8576953104.00,1367082729.00,1608192601.00
[object Object],SDZ,Sandoz Group Ltd,SIX,71.16,stock,common,100.00,2.00,false,0.00,CHF,0.54,1057602.00,0.37,37614756311.41,USD,60.44,1.46,166.48,1.13,Health technology,switzerland,Health Technology,Buy,Buy,0.54,4.13,-2.57,-2.17,16.66,22.27,51.69,196.50,196.50,196.50,2.54,2.96,Buy,Buy,StrongBuy,Strong buy,Neutral,Neutral,58.56,4.42,0.33,113.90,81.19,81.86,0.00,0.00,0.00,0.00,0.00,-0.42,1057602.00,-23.25,71.16,0.00,544230.00,43.95,60.44,0.36,3.37,4.24,20.67,28.87,30.94,42441299155.39,3.72,24.47,18.36,68.83,69.89,69.03,68.15,65.38,92.29,114.51,68.00,92.70,4.25,1.74,2.26,12630723162.46,5760446333.00,6395834392.00
[object Object],UAL,"United Airlines Holdings, Inc.",NASDAQ,113.91,stock,common,100.00,1.00,false,0.00,USD,2.45,1971227.00,0.46,36973338137.82,USD,10.65,10.70,7.20,0.00,Transportation,america,Transportation,StrongBuy,Strong buy,2.45,5.76,-3.82,-15.38,24.76,1.16,14.08,130.07,125.43,161.86,3.97,3.10,Buy,Buy,StrongBuy,Strong buy,Neutral,Neutral,52.83,4.09,-0.77,124.21,53.77,61.35,spinning_top_white,113.40,1.99,0.71,13614.00,1.82,1971227.00,-50.78,0.00,0.00,0.00,2.53,10.65,1.44,0.58,2.21,4.17,14.62,2.24,54004338137.82,0.86,12.68,7.44,110.40,111.75,116.33,114.74,109.01,160.34,203.00,131.00,160.00,9.68,1.88,2.85,68046298345.00,17620247780.00,17817263620.00
[object Object],DTG,Daimler Truck Holding AG,XETR,42.54,stock,common,100.00,1.00,false,0.00,EUR,1.62,1039188.00,0.83,36399275217.79,USD,12.71,3.82,8.91,4.54,Consumer durables,germany,Consumer Durables,Buy,Buy,1.62,-3.54,-9.12,1.48,3.40,13.77,13.83,51.93,51.93,51.93,1.96,1.96,Sell,Sell,StrongSell,Strong sell,Neutral,Neutral,37.00,-1.77,-2.18,-126.21,8.60,8.82,"hammer_bullish,long_lower_shadow_bullish",42.01,0.36,0.36,50.00,1.36,1039188.00,-25.76,42.55,0.02,490922.00,10.79,12.71,1.40,0.71,1.43,8.54,12.24,3.05,57882657817.79,1.14,21.79,15.17,43.20,44.83,45.56,43.59,42.51,58.76,72.30,37.87,60.02,4.50,0.95,1.24,57592693387.64,14253695894.05,14843913559.17
[object Object],PAYX,"Paychex, Inc.",NASDAQ,101.70,stock,common,100.00,1.00,false,0.00,USD,0.11,1645478.00,0.40,36204992269.43,USD,20.20,5.03,12.93,4.47,Technology services,america,Technology Services,Neutral,Neutral,0.11,-12.71,-17.87,4.85,9.07,-9.29,-21.10,-7.17,70.53,48771.02,3.79,2.35,Sell,Sell,StrongSell,Strong sell,Neutral,Neutral,22.50,-14.09,-10.98,-201.31,4.23,5.37,0.00,101.30,-0.29,-0.08,1426.00,-0.40,1645478.00,-62.98,0.00,0.00,0.00,-11.63,20.20,1.56,5.49,9.77,16.11,17.98,36.66,39836692269.43,6.03,13.56,11.79,112.35,118.99,118.38,108.78,104.18,117.85,150.00,109.00,113.00,5.96,1.32,1.29,6863054139.00,1626550708.00,1624251462.00
[object Object],ODFL,"Old Dominion Freight Line, Inc.",NASDAQ,174.01,stock,common,100.00,1.00,false,0.00,USD,-0.52,445925.00,0.24,36083162182.94,USD,33.49,5.20,1.48,0.65,Transportation,america,Transportation,Buy,Buy,-0.52,-0.41,-11.98,-20.06,-6.41,10.31,23.28,14.99,684.32,30393.67,2.44,2.98,StrongSell,Strong sell,StrongSell,Strong sell,Neutral,Neutral,29.38,-5.78,-17.28,-84.30,29.47,31.45,0.00,0.00,0.00,0.00,0.00,-0.25,445925.00,-62.42,0.00,0.00,0.00,21.19,33.49,22.68,6.52,7.94,26.05,32.58,127.91,35819220182.94,6.39,24.60,19.63,176.47,189.50,202.14,211.06,199.28,232.09,280.00,182.00,232.50,5.83,1.54,1.59,5918850534.00,1539379678.00,1551075451.00
[object Object],TLX,Talanx AG,XETR,120.80,stock,common,10.00,1.00,false,0.00,EUR,-0.17,72953.00,0.64,35533662739.93,USD,11.97,11.53,15.31,2.98,Finance,germany,Finance,Buy,Buy,-0.17,-2.11,-1.39,12.27,15.93,6.06,7.66,225.26,336.42,534.12,1.70,1.56,Neutral,Neutral,Neutral,Neutral,Neutral,Neutral,48.91,-0.40,-1.15,-52.87,33.36,26.96,0.00,121.70,0.58,0.83,100.00,0.00,72953.00,-39.63,121.10,0.25,52969.00,7.82,11.97,0.78,0.56,2.16,0.00,0.00,0.00,54341292539.93,0.85,0.00,0.00,121.56,122.28,119.34,112.96,111.08,148.49,185.55,127.49,142.29,13.07,3.09,3.34,58683437469.51,13504330726.22,13941437726.45
[object Object],HNR1,Hannover Rueck SE,XETR,257.80,stock,common,10.00,2.00,false,0.00,EUR,-0.46,155297.00,1.11,35528594984.72,USD,11.37,25.89,10.15,4.83,Finance,germany,Finance,Buy,Buy,-0.46,1.18,1.34,8.50,0.16,-2.79,4.80,66.48,168.54,1075.39,1.95,1.54,Buy,Buy,StrongBuy,Strong buy,Neutral,Neutral,56.23,7.40,0.70,68.03,76.36,63.47,0.00,258.40,-0.23,-0.23,11.00,0.31,155297.00,4.45,258.60,0.31,98157.00,2.77,11.37,1.13,1.09,2.34,4.81,0.00,0.00,41411383134.72,1.27,0.00,0.00,255.02,254.47,253.36,246.09,251.01,324.99,375.65,280.03,324.42,26.98,6.37,6.12,31461657589.29,7223529500.00,7640800798.51
[object Object],ROP,"Roper Technologies, Inc.",NASDAQ,359.02,stock,common,100.00,1.00,false,0.00,USD,-1.37,201417.00,0.19,35507389734.54,USD,14.88,24.13,69.58,0.98,Technology services,america,Technology Services,Neutral,Neutral,-1.37,-4.00,-11.88,7.35,2.62,-19.27,-29.07,-22.51,99.90,17851.00,2.61,2.20,StrongSell,Strong sell,StrongSell,Strong sell,Sell,Sell,29.68,-29.48,-30.64,-107.14,4.80,5.29,0.00,0.00,0.00,0.00,0.00,-0.47,201417.00,-74.82,0.00,0.00,0.00,-32.12,14.88,0.22,4.42,1.90,13.53,13.77,98.98,46461889734.54,5.61,20.06,14.35,372.05,395.86,390.84,364.10,371.40,448.77,550.00,335.00,450.00,22.22,5.28,5.79,8569657641.00,2095346371.00,2174586453.00
[object Object],AXON,Axon Enterprise Inc,NASDAQ,436.60,stock,common,100.00,1.00,false,0.00,USD,-1.89,323881.00,0.26,35468253860.41,USD,180.82,2.41,-40.31,0.00,Electronic technology,america,Electronic Technology,StrongBuy,Strong buy,-1.89,-4.17,-28.31,-1.90,-1.89,-23.85,-37.36,144.05,1463.19,74746.40,3.37,4.43,StrongSell,Strong sell,StrongSell,Strong sell,Sell,Sell,34.72,-42.74,-91.86,-90.14,11.96,15.77,0.00,445.00,0.00,0.26,854.00,-0.19,323881.00,-77.35,0.00,0.00,0.00,-40.18,180.82,0.00,11.41,9.65,135.58,270.57,51.16,36597295860.41,11.37,991.77,250.19,454.55,529.99,538.52,501.89,500.54,722.65,830.00,600.00,700.00,7.71,1.84,1.93,3708196647.00,876420095.00,940793701.00
[object Object],SIKA,Sika AG,SIX,183.10,stock,common,100.00,5.00,false,0.00,CHF,0.55,243116.00,0.60,35290864148.72,USD,28.24,8.02,-14.91,2.03,Process industries,switzerland,Process Industries,Buy,Buy,0.55,-0.87,-3.63,9.41,40.68,12.23,6.70,-44.01,129.89,2025.26,2.53,2.13,Neutral,Neutral,Sell,Sell,Neutral,Neutral,46.61,-1.90,-2.59,-65.64,39.33,47.90,0.00,0.00,0.00,0.00,0.00,1.43,243116.00,-44.52,183.10,0.00,116098.00,1.36,28.24,0.00,2.63,4.32,18.63,24.00,47.06,41859967568.72,3.04,22.21,16.43,183.52,187.17,183.88,169.71,159.35,250.67,284.49,183.15,258.24,9.45,4.26,4.78,14392259356.38,6835503267.50,7109099929.80
[object Object],III,3i Group plc,LSE,2664.00,stock,common,1.00,1.00,false,0.00,GBX,1.80,1263394.00,0.55,35201284662.67,USD,4.95,7.12,3.50,3.23,Miscellaneous,uk,Miscellaneous,Buy,Buy,1.80,-1.41,-7.88,5.63,17.51,-18.58,-31.16,100.75,312.70,839.61,2.68,2.51,Sell,Sell,StrongSell,Strong sell,Neutral,Neutral,45.50,13.00,-85.85,-44.02,32.47,36.40,0.00,0.00,0.00,0.00,0.00,1.07,1263394.00,11.99,2664.00,0.00,463580.00,-27.44,4.95,1.39,20.97,0.88,108.88,109.33,42.35,36028230662.67,21.63,5.64,0.00,2659.70,2751.30,2759.76,2567.80,2801.02,44.90,55.67,25.16,47.00,6.82,0.00,2.20,6780923926.17,0.00,2313803938.36
[object Object],MLM,"Martin Marietta Materials, Inc.",NYSE,486.43,stock,common,100.00,1.00,false,0.00,USD,1.32,507605.00,0.55,34546416986.11,USD,11.96,40.69,125.40,0.69,Non-energy minerals,america,Non-Energy Minerals,Buy,Buy,1.32,-0.67,-9.19,-22.66,-16.18,-21.45,-19.35,38.43,169.06,1875.35,2.86,2.45,Sell,Sell,StrongSell,Strong sell,Sell,Sell,37.39,-23.53,-26.15,-144.70,10.78,15.20,tweezer_bottom_bullish,0.00,0.00,0.00,0.00,0.02,507605.00,-63.56,0.00,0.00,0.00,-6.59,11.96,0.09,4.32,2.53,19.28,36.15,244.03,40773416986.11,6.10,28.61,19.76,494.56,513.31,528.81,554.51,593.07,659.52,800.00,556.00,665.00,18.07,4.76,6.71,7236394318.00,1870077961.00,2184532438.00
[object Object],KR,Kroger Co.,NYSE,58.33,stock,common,100.00,1.00,false,0.00,USD,-1.00,5040094.00,0.57,34449036872.22,USD,31.57,1.85,-53.23,2.44,Retail trade,america,Retail Trade,Buy,Buy,-1.00,-3.62,-0.21,-0.70,-19.36,-6.46,-11.63,44.96,89.44,6254.25,2.38,2.50,Sell,Sell,StrongSell,Strong sell,Sell,Sell,48.49,-0.16,0.92,-31.39,38.38,40.36,0.00,58.22,-1.19,-0.25,1800.00,-0.49,5040094.00,-37.69,0.00,0.00,0.00,-17.71,31.57,0.00,0.24,5.95,5.35,15.35,12.96,55877036872.22,0.37,11.81,6.54,59.82,58.28,57.98,60.08,63.58,68.19,85.00,57.00,68.00,5.19,1.20,1.15,150907043636.00,34958392669.00,34621131351.00
[object Object],TKO,"TKO Group Holdings, Inc. Class A",NYSE,181.67,stock,common,100.00,1.00,false,0.00,USD,-1.83,267388.00,0.21,34384628533.18,USD,62.84,2.89,33.09,1.68,Consumer services,america,Consumer Services,StrongBuy,Strong buy,-1.83,-2.81,-5.57,-11.55,-5.39,-13.46,-7.31,224.41,794.93,495.64,2.68,2.80,StrongSell,Strong sell,StrongSell,Strong sell,Sell,Sell,39.52,-8.64,-3.56,-142.73,29.39,41.97,0.00,0.00,0.00,0.00,0.00,-0.63,267388.00,-83.25,0.00,0.00,0.00,-10.18,62.84,1.93,2.65,3.98,7.68,8.24,8.88,42755414533.18,8.06,36.78,25.30,189.06,190.32,188.54,192.22,197.22,231.58,250.00,188.00,235.00,4.64,1.41,1.32,5818421870.00,1541754547.00,1388134427.00
[object Object],EL,Estee Lauder Companies Inc. Class A,NYSE,94.33,stock,common,100.00,1.00,false,0.00,USD,-1.09,1177404.00,0.40,34128458957.86,USD,189.57,0.50,0.00,1.47,Consumer non-durables,america,Consumer Non-Durables,Buy,Buy,-1.09,0.51,-9.70,17.18,36.71,-10.69,11.70,-70.43,7.49,993.68,3.04,3.08,Sell,Sell,Sell,Sell,Neutral,Neutral,46.07,-2.79,0.40,-96.67,27.06,39.26,0.00,95.45,0.08,0.24,1395.00,-0.27,1177404.00,-72.35,0.00,0.00,0.00,6.98,189.57,0.00,2.30,8.97,19.32,26.03,9.79,39876458957.86,2.64,23.60,16.04,96.25,97.97,92.67,88.22,92.39,108.74,127.00,90.00,108.00,3.32,0.32,0.51,15729496677.00,3545150258.00,3640186979.00
[object Object],KVUE,"Kenvue, Inc.",NYSE,17.75,stock,common,100.00,1.00,false,0.00,USD,0.82,5950041.00,0.21,34103335731.79,USD,20.58,0.86,17.19,4.71,Consumer non-durables,america,Consumer Non-Durables,Neutral,Neutral,0.82,-0.25,-8.57,-6.65,1.14,2.81,4.69,-30.45,-30.45,-30.45,1.30,1.58,Sell,Sell,StrongSell,Strong sell,Neutral,Neutral,37.92,-0.03,-0.83,-67.44,13.84,13.90,piercing_bullish,17.63,0.11,-0.06,3570.00,-0.11,5950041.00,-65.99,0.00,0.00,0.00,-2.80,20.58,1.19,2.20,3.23,14.69,17.84,30.76,41606335731.79,2.70,14.04,11.79,17.79,18.48,18.78,18.44,18.03,19.30,22.00,18.00,19.00,1.18,0.32,0.29,15604914071.00,3965752900.00,3863027100.00
[object Object],HOT,HOCHTIEF Aktiengesellschaft,XETR,397.20,stock,common,10.00,2.00,false,0.00,EUR,0.05,41214.00,0.49,33989607196.54,USD,33.62,13.49,8.35,1.66,Industrial services,germany,Industrial Services,Neutral,Neutral,0.05,0.91,-6.98,-22.12,1.90,18.28,74.98,469.22,222.80,2344.31,2.18,3.24,Sell,Sell,StrongSell,Strong sell,Neutral,Neutral,41.49,-19.00,-19.26,-38.73,31.78,34.19,0.00,0.00,0.00,0.00,0.00,1.36,41214.00,-37.14,399.60,0.60,23778.00,70.87,33.62,4.03,0.75,23.07,12.89,16.02,3.34,35192556031.24,0.77,18.85,13.48,392.60,414.70,427.48,458.10,426.01,582.82,698.63,446.89,569.30,16.97,0.00,0.00,50685970289.33,12069861110.00,0.00
[object Object],HIG,"Hartford Insurance Group, Inc.",NYSE,124.58,stock,common,100.00,1.00,false,0.00,USD,-0.88,510839.00,0.27,33745235570.87,USD,8.05,15.47,40.27,1.85,Finance,america,Finance,Buy,Buy,-0.88,-5.80,-10.10,-5.58,-7.70,-9.19,-5.82,78.63,193.13,400.82,1.72,1.55,Sell,Sell,StrongSell,Strong sell,Neutral,Neutral,23.57,-11.78,-8.05,-176.55,1.50,1.10,0.00,0.00,0.00,0.00,0.00,-0.18,510839.00,-63.29,0.00,0.00,0.00,-2.97,8.05,0.20,1.20,1.75,5.85,5.95,0.00,38453235570.87,1.32,0.00,0.00,130.99,135.44,137.91,135.38,136.12,149.62,164.00,135.00,150.00,12.74,3.16,3.06,28878513526.00,7168459755.00,7266106268.00
[object Object],ALNY,"Alnylam Pharmaceuticals, Inc",NASDAQ,252.02,stock,common,100.00,1.00,false,0.00,USD,0.97,416153.00,0.30,33722575894.80,USD,42.55,5.92,0.00,0.00,Health technology,america,Health Technology,Buy,Buy,0.97,2.28,5.65,-15.31,-22.95,-36.89,-44.86,35.57,227.13,4031.48,3.34,4.05,Buy,Buy,Buy,Buy,Buy,Buy,53.50,3.34,7.19,16.03,37.07,35.21,0.00,247.91,-0.67,0.36,1027.00,-0.48,416153.00,-55.43,0.00,0.00,0.00,-46.08,42.55,0.00,7.18,24.89,39.34,43.89,10.53,33401917894.80,6.95,33.41,31.67,245.68,244.49,244.21,269.58,306.93,374.25,536.00,256.00,350.00,6.67,1.63,1.77,5462256071.00,1322127769.00,1429041065.00
[object Object],BPE,BPER Banca S.p.A.,MIL,14.35,stock,common,1000.00,2.00,false,0.00,EUR,2.06,5155274.00,0.91,33620428124.28,USD,13.11,1.25,0.18,4.70,Finance,italy,Finance,Buy,Buy,2.06,-0.71,0.46,6.27,29.48,23.67,52.58,706.86,530.41,483.58,1.88,1.84,StrongBuy,Strong buy,StrongBuy,Strong buy,Buy,Buy,52.19,-0.01,0.04,41.01,40.05,47.01,0.00,0.00,0.00,0.00,0.00,0.88,5155274.00,28.38,14.35,0.00,11358.00,61.33,13.11,70.15,3.65,1.66,0.00,0.00,0.00,64976972232.98,6.53,0.00,0.00,14.30,14.24,14.22,13.55,12.67,17.62,18.68,16.39,17.71,1.41,0.34,0.33,9083416507.03,2299434517.53,2144623832.75
[object Object],STLD,"Steel Dynamics, Inc.",NASDAQ,234.24,stock,common,100.00,1.00,false,0.00,USD,-0.41,218076.00,0.20,33573172416.08,USD,21.25,11.02,60.82,0.88,Non-energy minerals,america,Non-Energy Minerals,Buy,Buy,-0.41,-4.38,1.21,-4.54,35.15,36.48,72.54,289.82,843.37,5254.06,2.36,2.96,Sell,Sell,StrongSell,Strong sell,Sell,Sell,45.58,-5.55,-7.87,-75.31,27.89,23.09,0.00,0.00,0.00,0.00,0.00,0.10,218076.00,-61.27,0.00,0.00,0.00,64.48,21.25,0.35,1.66,3.57,21.55,35.44,59.66,37131145416.08,1.81,18.06,13.88,236.03,237.66,243.82,244.90,215.47,276.08,310.00,255.00,272.00,17.25,3.63,5.38,23834249309.00,5559427494.00,6418005348.00
[object Object],BIIB,Biogen Inc.,NASDAQ,226.97,stock,common,100.00,1.00,false,0.00,USD,0.27,256297.00,0.23,33534986201.91,USD,40.19,5.65,-45.98,0.00,Health technology,america,Health Technology,Buy,Buy,0.27,3.61,3.48,12.07,18.79,29.42,63.99,-21.70,-21.29,7891.63,2.83,2.53,Buy,Buy,StrongBuy,Strong buy,Neutral,Neutral,62.16,9.81,7.13,136.01,88.95,87.15,0.00,0.00,0.00,0.00,0.00,0.84,256297.00,-75.23,0.00,0.00,0.00,52.40,40.19,0.00,3.48,1.78,11.72,12.52,26.26,40605086201.91,4.20,21.56,14.89,220.94,218.34,212.94,205.71,193.95,239.28,300.00,175.00,241.00,12.42,2.94,2.03,10451253182.00,2460436717.00,2637872339.00
[object Object],EQT,EQT AB,OMXSTO,284.90,stock,common,10.00,1.00,false,0.00,SEK,-0.21,1332466.00,0.82,33513504842.11,USD,29.40,1.00,20.39,1.63,Finance,sweden,Finance,Buy,Buy,-0.21,-6.53,-15.78,8.74,-0.31,-21.41,-13.82,-26.50,253.91,253.91,2.17,2.34,Sell,Sell,StrongSell,Strong sell,Neutral,Neutral,24.14,-24.50,-25.41,-165.33,4.49,10.25,0.00,0.00,0.00,0.00,0.00,0.81,1332466.00,-45.35,0.00,0.00,0.00,-13.16,29.40,1.45,13.44,3.90,24.88,25.30,8.21,32348140424.90,12.65,21.40,16.27,299.08,318.22,323.19,308.03,310.67,39.26,46.23,28.88,39.76,1.52,0.58,0.76,3691231142.33,1493204867.79,1789647226.32
[object Object],HSY,Hershey Company,NYSE,166.78,stock,common,100.00,1.00,false,0.00,USD,-0.06,343435.00,0.22,33509419752.75,USD,24.37,6.84,-9.04,3.43,Consumer non-durables,america,Consumer Non-Durables,Buy,Buy,-0.06,-0.80,-10.70,-6.11,-20.93,-8.36,-13.29,-4.01,74.71,15910.56,1.47,1.93,Sell,Sell,StrongSell,Strong sell,Neutral,Neutral,33.21,-6.54,-9.38,-117.14,7.62,10.51,0.00,166.90,0.01,0.02,527.00,-0.23,343435.00,-65.35,0.00,0.00,0.00,-11.51,24.37,0.00,3.53,7.34,16.16,19.92,54.25,38641518752.75,3.18,17.94,14.40,169.15,176.59,177.33,180.01,191.48,205.32,250.00,170.00,200.00,8.49,1.43,2.12,12296806914.00,2633436720.00,3255133879.00
[object Object],JBL,Jabil Inc.,NYSE,319.30,stock,common,100.00,1.00,false,0.00,USD,2.77,649321.00,0.50,33458516977.73,USD,39.85,8.01,55.77,0.10,Producer manufacturing,america,Producer Manufacturing,Buy,Buy,2.77,6.72,2.84,-12.37,22.81,38.05,54.47,413.18,1366.02,36391.43,3.57,3.32,Buy,Buy,StrongBuy,Strong buy,Neutral,Neutral,55.36,1.22,-10.23,226.60,64.03,59.79,"doji_star_bearish,long_upper_shadow_bearish",321.48,3.47,0.90,8801.00,2.64,649321.00,-33.27,0.00,0.00,0.00,30.38,39.85,0.70,0.99,25.30,18.31,26.04,25.00,35994516977.73,1.07,21.32,15.09,303.89,312.21,317.65,337.21,299.70,432.10,475.00,365.00,445.00,12.76,3.10,4.06,35031164731.00,8605258826.00,9692836787.00
[object Object],EME,"EMCOR Group, Inc.",NYSE,758.51,stock,common,100.00,1.00,false,0.00,USD,0.87,139539.00,0.36,33458022859.31,USD,23.54,32.23,33.74,0.19,Industrial services,america,Industrial Services,Buy,Buy,0.87,3.74,2.06,-9.77,4.50,23.04,23.26,542.75,1194.39,56677.71,2.35,2.83,Neutral,Neutral,Neutral,Neutral,Neutral,Neutral,49.66,-22.14,-19.82,55.87,51.46,51.92,0.00,760.00,1.07,1.63,1364.00,0.31,139539.00,-57.42,0.00,0.00,0.00,16.95,23.54,0.69,1.80,8.23,26.20,28.85,36.56,33082676859.31,1.78,18.53,16.62,748.05,763.77,770.54,805.00,769.20,1033.29,1200.00,885.00,1047.00,32.95,7.23,8.33,20336398233.00,4710303750.00,5188517512.00
[object Object],SAAB_B,Saab AB Class B,OMXSTO,622.70,stock,common,10.00,1.00,false,0.00,SEK,1.17,1095693.00,0.86,33330237103.36,USD,47.48,1.35,36.29,0.36,Electronic technology,sweden,Electronic Technology,Buy,Buy,1.17,1.30,-1.94,28.17,1.45,14.51,11.22,896.32,798.59,3271.94,2.93,2.72,Buy,Buy,StrongBuy,Strong buy,Neutral,Neutral,54.86,51.10,-7.88,84.67,85.20,86.24,0.00,0.00,0.00,0.00,0.00,0.15,1095693.00,-14.41,0.00,0.00,0.00,15.50,47.48,1.29,3.78,6.68,23.28,47.42,26.43,33541177503.36,3.70,36.36,27.47,607.76,619.45,619.55,573.96,599.14,64.90,76.99,33.43,64.33,1.63,0.35,0.25,10606764680.23,2452260630.60,1986778961.53
[object Object],IRM,"Iron Mountain, Inc.",NYSE,111.44,stock,common,100.00,1.00,false,0.00,USD,-2.32,423267.00,0.25,33176001176.78,USD,79.54,1.40,920.47,2.96,Finance,america,Finance,StrongBuy,Strong buy,-2.32,-2.59,-7.73,-14.59,12.29,34.27,10.80,149.25,198.05,3656.47,2.24,2.76,Sell,Sell,StrongSell,Strong sell,Neutral,Neutral,39.04,-3.74,-3.32,-104.01,42.86,60.33,0.00,113.77,-0.28,-0.28,100.00,-0.24,423267.00,-59.17,0.00,0.00,0.00,15.38,79.54,0.09,4.52,0.00,20.19,0.00,163.17,53307479176.78,7.05,34.13,20.11,114.02,117.65,120.31,123.12,111.60,136.50,155.00,44.00,144.50,2.49,0.54,0.61,8030684903.00,1968636965.00,1990773778.00
[object Object],PEG,Public Service Enterprise Group Inc,NYSE,66.55,stock,common,100.00,1.00,false,0.00,USD,-0.02,1118385.00,0.31,33169852707.74,USD,16.55,4.02,1.56,3.91,Utilities,america,Utilities,Buy,Buy,-0.02,-5.36,-9.41,-19.94,-17.41,-17.63,-18.87,9.35,52.01,514.30,1.51,1.41,Sell,Sell,StrongSell,Strong sell,Neutral,Neutral,18.37,-5.84,-4.69,-160.19,2.61,2.46,0.00,67.08,0.78,0.78,500.00,0.00,1118385.00,-69.96,0.00,0.00,0.00,-14.61,16.55,10.64,2.52,1.91,9.25,120.32,170.30,57652852707.74,4.37,16.29,11.47,69.13,72.26,74.23,76.86,79.17,85.91,96.00,73.00,86.00,4.37,0.79,1.18,12545377832.00,2660751275.00,3193531961.00
[object Object],WEC,WEC Energy Group Inc,NYSE,101.00,stock,common,100.00,1.00,false,0.00,USD,0.10,1237013.00,0.41,32910786386.02,USD,19.56,5.16,-1.02,3.72,Utilities,america,Utilities,Buy,Buy,0.10,-2.99,-5.39,-14.37,-11.52,-4.42,-10.21,12.22,60.78,3554.23,1.22,1.35,Sell,Sell,StrongSell,Strong sell,Buy,Buy,30.06,-4.33,-4.10,-157.14,4.95,4.32,0.00,100.95,0.05,0.05,61800.00,0.10,1237013.00,-70.94,0.00,0.00,0.00,-5.15,19.56,0.00,3.27,2.33,9.23,0.00,664.38,56278586386.02,5.55,23.22,14.29,102.93,105.81,107.77,110.66,111.34,121.97,140.00,108.50,121.00,5.60,0.80,0.93,10125275614.00,2106892581.00,2201922998.00
[object Object],DXCM,"DexCom, Inc.",NASDAQ,87.08,stock,common,100.00,1.00,false,0.00,USD,-0.45,790108.00,0.16,32860574420.11,USD,34.37,2.53,77.36,0.00,Health technology,america,Health Technology,StrongBuy,Strong buy,-0.45,-0.85,-1.24,27.24,32.12,30.69,30.55,-37.48,272.18,2783.44,1.97,2.50,Neutral,Neutral,Neutral,Neutral,Neutral,Neutral,50.18,4.05,-0.21,-19.95,61.87,65.97,0.00,0.00,0.00,0.00,0.00,-0.10,790108.00,-63.11,0.00,0.00,0.00,27.47,34.37,0.45,6.87,12.54,19.43,24.18,17.45,32311974420.11,6.50,28.37,23.03,87.67,88.37,85.14,77.64,72.57,95.13,115.00,82.00,94.50,2.67,0.61,0.67,5230471160.00,1290317508.00,1328468833.00
[object Object],SCHP,Schindler Holding Ltd. Pref,SIX,262.80,stock,preferred,10.00,2.00,false,0.00,CHF,1.86,79277.00,0.74,32794473737.60,USD,27.37,11.88,4.70,2.33,Producer manufacturing,switzerland,Producer Manufacturing,Neutral,Neutral,1.86,3.38,-0.83,-2.74,2.26,-11.93,-12.40,-2.95,43.61,2319.89,2.09,1.55,Buy,Buy,StrongBuy,Strong buy,Buy,Buy,57.58,11.60,1.33,91.19,76.90,78.02,0.00,0.00,0.00,0.00,0.00,0.70,79277.00,-32.96,262.80,0.00,46523.00,-15.20,27.37,5.71,2.55,6.08,19.98,22.15,14.82,31475556137.60,2.36,17.98,14.56,256.94,258.04,258.27,261.66,274.04,364.27,422.73,281.42,363.55,13.06,0.00,0.00,13949057859.85,0.00,0.00
[object Object],KNIN,Kuehne & Nagel International AG,SIX,226.70,stock,common,10.00,1.00,false,0.00,CHF,-0.61,207266.00,0.40,32718302998.42,USD,31.11,9.01,-25.06,2.63,Transportation,switzerland,Transportation,Neutral,Neutral,-0.61,4.95,3.56,14.87,30.29,31.46,47.93,-36.12,60.78,1093.16,2.83,2.27,Buy,Buy,StrongBuy,Strong buy,Neutral,Neutral,63.45,14.10,11.69,107.29,84.33,90.16,0.00,0.00,0.00,0.00,0.00,0.04,207266.00,-9.08,226.70,0.00,125541.00,40.01,31.11,0.00,1.12,13.15,16.47,18.79,43.76,36945602998.43,1.23,25.42,14.43,222.58,217.50,212.16,200.97,189.35,246.20,301.95,200.49,241.56,11.22,2.74,2.86,32025012354.53,7534827444.40,8226265734.90
[object Object],HEN3,Henkel AG & Co. KGaA Pref,XETR,73.74,stock,preferred,100.00,2.00,false,0.00,EUR,-0.51,376638.00,1.00,32617992172.60,USD,15.65,5.38,-5.47,2.79,Process industries,germany,Process Industries,Neutral,Neutral,-0.51,0.05,-2.77,1.01,8.73,5.55,6.87,-7.80,-39.28,258.72,2.03,1.64,Neutral,Neutral,Sell,Sell,Neutral,Neutral,45.46,1.44,-1.03,-34.76,42.39,47.10,0.00,0.00,0.00,0.00,0.00,-0.13,376638.00,-7.99,73.92,0.24,189671.00,-0.22,15.65,0.00,1.47,1.42,11.03,14.76,7.50,35120822172.60,1.50,10.17,8.22,73.74,74.85,75.49,72.57,71.96,89.98,108.14,73.99,91.07,6.44,3.16,3.07,24919897514.23,11734655650.43,12491346564.56
[object Object],KMB,Kimberly-Clark Corporation,NASDAQ,98.01,stock,common,100.00,1.00,false,0.00,USD,0.81,1708064.00,0.35,32596072171.32,USD,16.70,5.87,-19.12,5.23,Consumer non-durables,america,Consumer Non-Durables,Buy,Buy,0.81,0.29,-12.29,-10.04,-0.85,-3.14,-21.16,-26.23,-22.51,49470.37,1.59,1.85,Sell,Sell,StrongSell,Strong sell,Neutral,Neutral,34.89,-0.14,-6.74,-63.20,8.93,9.20,0.00,96.93,-0.30,0.13,5031.00,0.05,1708064.00,-53.25,0.00,0.00,0.00,-21.28,16.70,0.00,1.95,18.63,9.80,17.95,34.17,38303072171.32,2.31,16.22,12.41,98.15,104.10,106.34,104.46,102.77,115.14,162.00,90.00,112.50,7.38,2.01,1.61,16604181964.00,4224661700.00,4124524182.00
[object Object],ACGL,Arch Capital Group Ltd.,NASDAQ,94.78,stock,common,100.00,1.00,false,0.00,USD,-0.26,1685198.00,0.35,32339989272.09,USD,7.41,12.80,32.19,0.00,Finance,america,Finance,Buy,Buy,-0.26,-1.76,-5.79,-0.02,0.64,-1.04,4.15,140.36,255.58,4060.90,1.94,1.76,StrongSell,Strong sell,StrongSell,Strong sell,Sell,Sell,37.28,-1.31,-2.33,-112.10,22.15,17.88,0.00,0.00,0.00,0.00,0.00,0.31,1685198.00,-62.97,0.00,0.00,0.00,0.21,7.41,0.23,1.78,1.39,5.42,5.46,0.00,37455989272.09,2.02,0.00,0.00,96.12,97.70,98.85,96.83,96.35,111.33,134.00,95.00,110.50,9.39,2.47,1.85,16545898173.00,4357737991.00,4081267570.00
[object Object],LDO,Leonardo SpA,MIL,48.98,stock,common,1000.00,5.00,false,0.00,EUR,-0.68,1518468.00,0.79,32265820239.75,USD,25.10,2.23,7.22,1.28,Electronic technology,italy,Electronic Technology,Buy,Buy,-0.68,-3.95,-9.67,6.98,-15.97,-1.06,-6.71,612.26,374.56,251.62,2.07,2.67,StrongSell,Strong sell,StrongSell,Strong sell,Sell,Sell,36.26,-1.02,-3.40,-133.87,36.39,47.48,0.00,0.00,0.00,0.00,0.00,0.34,1518468.00,-25.41,48.98,0.00,1904.00,1.22,25.10,3.50,1.38,2.93,12.48,24.90,28.66,37638941189.75,1.60,23.08,15.55,50.00,52.23,53.48,52.34,54.30,79.16,94.02,68.80,79.11,2.77,0.00,0.00,26161141746.57,10367489990.00,0.00
[object Object],DSY,Dassault Systemes SE,EURONEXT,21.07,stock,common,100.00,1.00,false,0.00,EUR,-0.47,1817439.00,1.00,32245054018.06,USD,21.12,1.14,16.52,1.28,Technology services,france,Technology Services,Neutral,Neutral,-0.47,2.63,-5.98,18.87,23.87,-11.84,-24.59,-58.29,33.88,1617.20,2.38,2.81,Neutral,Neutral,Sell,Sell,Buy,Buy,49.40,0.83,-0.50,-2.51,70.78,57.03,0.00,0.00,0.00,0.00,0.00,0.43,1817439.00,3.57,21.07,0.00,830974.00,-26.39,21.12,1.28,4.52,2.99,16.24,17.56,4.93,29648254128.06,4.18,16.60,12.38,20.96,21.54,21.14,19.94,20.11,27.87,38.18,19.46,26.19,1.58,0.34,0.35,7483149178.36,1758901697.18,1730786467.87
[object Object],NTGY,"Naturgy Energy Group, S.A.",BME,29.10,stock,common,100.00,2.00,false,0.00,EUR,-1.36,829147.00,0.65,32234813257.94,USD,12.70,2.62,10.96,4.86,Utilities,spain,Utilities,Buy,Buy,-1.36,-2.74,-2.68,4.53,14.39,12.70,10.06,34.72,61.22,49.41,1.47,1.64,Sell,Sell,Sell,Sell,Sell,Sell,45.93,-0.38,-0.03,-100.49,35.63,41.00,0.00,0.00,0.00,0.00,0.00,-0.34,829147.00,-4.18,0.00,0.00,0.00,25.98,12.70,0.00,1.40,2.82,0.00,0.00,5.40,47809241757.94,2.14,11.48,7.99,29.38,29.48,29.30,28.84,27.40,35.44,40.07,27.82,36.06,2.58,0.60,0.60,23374215145.53,5679875521.60,5526214292.07
[object Object],ALC,Alcon AG,SIX,53.30,stock,common,100.00,2.00,false,0.00,CHF,-0.04,1119779.00,1.02,32180628632.68,USD,51.41,1.28,-44.92,0.53,Health technology,switzerland,Health Technology,Buy,Buy,-0.04,-0.30,-8.86,-3.16,-10.99,-14.53,-10.09,-32.69,-3.09,-3.09,1.54,1.83,Sell,Sell,StrongSell,Strong sell,Neutral,Neutral,35.16,-0.68,-3.46,-91.22,13.21,12.95,0.00,0.00,0.00,0.00,0.00,0.19,1119779.00,11.34,53.30,0.00,632548.00,-12.43,51.41,0.00,3.02,1.48,14.36,19.07,22.18,35925729700.96,3.37,30.83,14.84,54.03,56.61,56.80,54.96,58.51,89.77,103.36,58.37,91.29,3.57,0.75,0.86,11344802459.12,2721244618.09,2685825962.64
[object Object],RMD,ResMed Inc.,NYSE,222.31,stock,common,100.00,1.00,false,0.00,USD,0.19,159002.00,0.11,32068733022.95,USD,21.30,10.44,9.76,1.11,Health technology,america,Health Technology,Buy,Buy,0.19,-2.59,-4.86,11.41,-0.09,-8.04,-17.25,-19.80,250.92,29541.33,1.95,2.40,Neutral,Neutral,Sell,Sell,Neutral,Neutral,46.87,4.04,-3.52,-64.18,34.36,32.57,0.00,0.00,0.00,0.00,0.00,-0.37,159002.00,-80.09,0.00,0.00,0.00,-18.86,21.30,2.18,5.69,4.87,17.85,19.54,21.89,31422059022.95,5.56,16.34,14.50,224.62,227.37,220.71,210.30,226.46,262.31,330.55,175.00,259.85,12.10,2.89,2.68,5811372591.00,1461306459.00,1391833429.00
[object Object],NTRS,Northern Trust Corporation,NASDAQ,175.25,stock,common,100.00,1.00,false,0.00,USD,0.43,341406.00,0.32,32062064279.18,USD,15.04,11.65,36.92,1.83,Finance,america,Finance,Neutral,Neutral,0.43,-0.96,-6.26,-0.36,27.79,28.13,34.96,59.73,154.98,17125.53,2.14,2.10,Sell,Sell,StrongSell,Strong sell,Sell,Sell,38.43,-13.94,-8.75,-93.90,17.56,14.66,0.00,0.00,0.00,0.00,0.00,0.45,341406.00,-55.80,0.00,0.00,0.00,29.42,15.04,0.41,3.55,2.56,61.21,72.76,0.00,-7649935720.82,0.00,0.00,0.00,176.80,183.32,183.42,177.65,161.95,186.58,208.00,173.00,185.50,11.48,2.71,2.84,9462321540.00,2693476442.00,2255221524.00
[object Object],EXPE,"Expedia Group, Inc.",NASDAQ,266.58,stock,common,100.00,1.00,false,0.00,USD,1.85,953416.00,0.35,31994635097.86,USD,16.63,16.03,96.19,0.70,Consumer services,america,Consumer Services,Buy,Buy,1.85,-6.28,-21.36,6.58,14.26,-5.81,24.20,54.22,143.81,886.15,5.31,4.43,Sell,Sell,StrongSell,Strong sell,Neutral,Neutral,37.34,-14.25,-33.49,-103.49,12.96,18.17,0.00,262.88,0.43,0.43,100.00,0.15,953416.00,-58.12,0.00,0.00,0.00,21.84,16.63,0.17,2.04,26.46,6.26,7.33,3.43,29412635097.86,1.87,11.26,8.37,278.09,300.66,297.99,268.98,260.35,346.21,430.00,235.00,340.00,20.87,5.22,8.80,16208258024.00,4174170459.00,4727113095.00
[object Object],MTB,M&T Bank Corporation,NYSE,220.93,stock,common,100.00,1.00,false,0.00,USD,1.04,219865.00,0.19,31905884804.16,USD,11.67,18.94,22.69,2.74,Finance,america,Finance,Neutral,Neutral,1.04,-2.25,-8.27,-6.81,7.61,9.94,10.91,50.80,89.67,17486.47,1.72,1.90,Sell,Sell,StrongSell,Strong sell,Buy,Buy,29.71,-18.90,-15.90,-122.49,6.95,6.44,0.00,0.00,0.00,0.00,0.00,-0.00,219865.00,-76.26,0.00,0.00,0.00,3.98,11.67,0.51,3.26,1.26,8.47,8.95,0.00,50582884804.16,3.82,0.00,0.00,226.24,236.01,241.67,233.13,223.53,257.86,304.00,224.00,255.00,19.34,4.66,4.93,10070029658.00,2462613832.00,2530326620.00
[object Object],VMC,Vulcan Materials Company,NYSE,245.54,stock,common,100.00,1.00,false,0.00,USD,1.59,646628.00,0.53,31816762276.47,USD,28.98,8.47,18.43,0.85,Non-energy minerals,america,Non-Energy Minerals,Buy,Buy,1.59,1.55,-10.64,-21.73,-7.88,-13.87,-15.84,39.20,120.75,30513.10,2.82,2.42,Sell,Sell,StrongSell,Strong sell,Buy,Buy,37.83,-7.20,-18.21,-71.71,13.48,16.08,0.00,0.00,0.00,0.00,0.00,0.26,646628.00,-46.67,0.00,0.00,0.00,-20.69,28.98,1.55,3.88,3.75,17.73,31.15,110.82,36494062276.47,4.50,21.68,15.16,245.51,260.32,268.74,277.60,285.36,324.67,365.00,254.00,330.00,9.11,2.46,3.03,8156780856.00,2140540211.00,2277641376.00
[object Object],EQT,EQT Corporation,NYSE,50.84,stock,common,100.00,1.00,false,0.00,USD,-1.99,3688405.00,0.41,31801232338.32,USD,11.79,4.31,131.90,1.27,Energy minerals,america,Energy Minerals,Buy,Buy,-1.99,1.06,-5.27,-1.95,-24.63,-4.70,-3.91,143.84,26.65,11022.68,2.84,2.65,StrongSell,Strong sell,StrongSell,Strong sell,Sell,Sell,38.81,-3.23,-2.69,-71.17,32.22,28.86,0.00,51.21,-1.27,-0.81,14727.00,-1.41,3688405.00,-54.67,0.00,0.00,0.00,1.88,11.79,0.09,3.44,1.26,5.12,8.50,283.36,40948604338.32,4.32,10.19,6.10,51.18,53.35,52.98,53.31,55.68,67.93,81.00,52.00,67.00,4.07,0.41,0.43,9271343754.00,1763350073.00,1831017727.00
[object Object],HBAN,Huntington Bancshares Incorporated,NASDAQ,15.65,stock,common,100.00,1.00,false,0.00,USD,2.22,22024346.00,0.59,31619494317.61,USD,12.06,1.30,-3.41,4.05,Finance,america,Finance,Buy,Buy,2.22,-1.32,-8.10,-13.06,1.49,-9.95,-9.43,1.76,59.37,1370.83,2.16,2.16,Sell,Sell,StrongSell,Strong sell,Buy,Buy,35.50,-1.21,-1.18,-105.64,10.41,9.46,0.00,15.45,0.91,0.85,2804.00,0.52,22024346.00,-52.83,0.00,0.00,0.00,23.52,12.06,0.00,3.27,1.06,12.06,14.07,0.00,53060494317.61,3.72,0.00,0.00,15.92,16.66,17.02,16.93,16.98,19.74,22.50,17.00,20.00,1.36,0.36,0.35,11146649449.00,2839704318.00,2833212012.00
[object Object],ERIC_B,Telefonaktiebolaget LM Ericsson Class B,OMXSTO,94.96,stock,common,100.00,2.00,false,0.00,SEK,0.66,6090838.00,0.69,31594611892.48,USD,12.86,0.76,42.45,3.10,Electronic technology,sweden,Electronic Technology,Neutral,Neutral,0.66,-6.21,-3.10,-11.91,-10.42,4.81,22.21,-3.83,59.60,-86.85,2.32,1.95,Sell,Sell,StrongSell,Strong sell,Neutral,Neutral,40.95,-3.70,-0.55,-134.92,16.46,26.26,"harami_bullish,inverted_hammer_bullish",0.00,0.00,0.00,0.00,0.23,6090838.00,-17.85,0.00,0.00,0.00,31.18,12.86,0.30,1.38,3.02,9.34,10.12,5.83,30198248692.48,1.29,9.38,7.76,97.98,97.25,96.45,104.88,102.40,10.01,13.35,6.83,10.24,0.59,0.12,0.14,24450663471.19,5539433550.18,5574280991.30
[object Object],KER,Kering SA,EURONEXT,223.35,stock,common,100.00,5.00,false,0.00,EUR,-1.06,372882.00,1.04,31483325296.82,USD,0.00,-1.99,-129.28,1.33,Consumer non-durables,france,Consumer Non-Durables,Neutral,Neutral,-1.06,-6.27,-9.89,-16.03,-11.53,-25.76,-18.10,-65.68,22.45,773.39,2.85,2.81,StrongSell,Strong sell,StrongSell,Strong sell,Neutral,Neutral,33.23,-15.25,-19.39,-136.58,5.14,10.89,0.00,0.00,0.00,0.00,0.00,0.58,372882.00,28.72,223.35,0.00,234541.00,-13.04,0.00,0.00,1.94,1.89,8.07,9.70,3.23,43209083846.82,2.64,23.90,10.51,232.00,242.99,253.88,253.07,261.80,328.69,412.77,200.65,325.06,7.62,3.54,3.43,17275422447.19,8196564620.00,8354749913.71
[object Object],AD,Koninklijke Ahold Delhaize N.V.,EURONEXT,31.76,stock,common,100.00,1.00,false,0.00,EUR,0.51,2088097.00,0.87,31430846651.35,USD,12.64,2.87,24.31,3.92,Retail trade,netherlands,Retail Trade,Buy,Buy,0.51,-0.63,1.50,-10.03,-21.17,-8.63,-5.70,10.47,51.53,61.90,1.92,1.69,Neutral,Neutral,Sell,Sell,Buy,Buy,49.96,0.97,0.33,47.77,47.26,55.06,0.00,0.00,0.00,0.00,0.00,-0.32,2088097.00,-8.12,31.76,0.00,1374756.00,-7.26,12.64,0.52,0.30,1.92,4.33,7.19,7.79,45131565601.35,0.43,12.06,5.74,31.81,31.33,32.41,34.18,36.10,44.75,51.08,27.94,45.27,3.22,0.73,0.78,110082934250.25,26443510853.84,26237317410.20
[object Object],NSIS_B,Novonesis A/S Class B,OMXCOP,424.30,stock,common,10.00,1.00,false,0.00,DKK,-4.20,1144741.00,2.09,31302995964.68,USD,42.07,1.54,11.47,1.49,Process industries,denmark,Process Industries,StrongBuy,Strong buy,-4.20,-0.66,-5.21,3.24,10.27,4.20,11.07,-8.75,45.26,1209.57,2.73,2.08,Sell,Sell,Sell,Sell,Sell,Sell,43.55,-3.00,-0.04,-46.03,48.21,51.28,0.00,0.00,0.00,0.00,0.00,0.70,1144741.00,91.46,0.00,0.00,0.00,9.26,42.07,3.83,6.43,2.37,20.10,31.21,84.39,34428837557.20,7.04,33.51,19.73,432.10,438.66,430.93,412.77,399.70,77.20,85.23,63.00,76.10,2.43,0.62,0.89,5259792175.34,1262076801.28,1305453375.00
[object Object],NESTE,Neste Corporation,OMXHEX,34.01,stock,common,100.00,1.00,false,0.00,EUR,-5.05,1464732.00,1.01,31295232100.17,USD,17.26,2.25,0.00,0.56,Energy minerals,finland,Energy Minerals,Buy,Buy,-5.05,-1.13,8.66,25.59,18.21,74.95,102.50,-37.02,174.20,525.95,3.60,3.33,Buy,Buy,StrongBuy,Strong buy,Neutral,Neutral,55.48,1.12,2.39,78.98,79.11,82.60,0.00,0.00,0.00,0.00,0.00,-1.42,1464732.00,44.44,0.00,0.00,0.00,117.77,17.26,0.00,1.34,3.09,11.61,18.44,24.22,35405561550.17,1.50,14.70,10.22,34.12,32.75,31.82,30.12,26.59,40.60,60.30,20.93,40.96,4.43,1.15,0.90,25790948584.48,7166506821.08,5774163198.32
[object Object],SHB_A,Svenska Handelsbanken AB Class A,OMXSTO,156.00,stock,common,100.00,5.00,false,0.00,SEK,0.97,4519197.00,1.12,31021366200.00,USD,13.14,1.22,-9.09,11.33,Finance,sweden,Finance,Sell,Sell,0.97,0.42,7.22,10.99,32.04,15.81,29.35,60.36,33.56,333.33,1.35,1.31,StrongBuy,Strong buy,StrongBuy,Strong buy,Buy,Buy,66.88,5.15,5.18,136.37,78.07,77.99,rising_window_bullish,0.00,0.00,0.00,0.00,0.58,4519197.00,41.16,0.00,0.00,0.00,25.57,13.14,0.00,5.26,1.73,4.14,4.17,0.00,139898037800.00,10.05,0.00,0.00,153.77,149.97,148.06,142.89,139.36,13.78,17.07,11.85,13.65,1.24,0.28,0.30,6129186960.77,1436666996.76,1422032953.74
[object Object],PRU,Prudential plc,LSE,941.80,stock,common,10.00,2.00,false,0.00,GBX,-0.82,6241195.00,0.50,30896092570.36,USD,8.88,1.41,6.54,2.09,Finance,uk,Finance,StrongBuy,Strong buy,-0.82,-4.42,-10.00,-5.27,-11.73,-18.42,-8.34,-33.32,-32.99,194.18,1.99,2.06,Sell,Sell,StrongSell,Strong sell,Sell,Sell,32.22,-37.00,-44.49,-136.72,6.17,6.49,0.00,0.00,0.00,0.00,0.00,0.46,6241195.00,-43.55,941.80,0.00,3315788.00,-8.64,8.88,1.37,1.07,1.57,21.22,22.34,0.00,37603358722.20,1.26,0.00,0.00,967.36,1001.27,1027.50,1038.99,1082.34,18.96,20.62,16.29,19.00,1.20,0.64,0.69,9070616842.45,0.00,0.00
[object Object],RJF,"Raymond James Financial, Inc.",NYSE,159.95,stock,common,100.00,1.00,false,0.00,USD,0.75,356359.00,0.23,30768256825.65,USD,13.94,11.47,12.60,1.34,Finance,america,Finance,Buy,Buy,0.75,-2.58,-8.28,6.48,12.14,-0.17,-6.36,70.56,318.35,26780.00,2.75,2.23,Sell,Sell,StrongSell,Strong sell,Neutral,Neutral,32.44,-13.51,-12.79,-99.98,14.29,13.64,0.00,0.00,0.00,0.00,0.00,0.28,356359.00,-81.09,0.00,0.00,0.00,-8.68,13.94,1.10,1.84,2.42,14.59,16.05,2.24,22618256825.65,1.33,7.21,6.77,163.42,172.29,173.33,164.31,161.02,184.69,205.00,160.00,184.00,12.15,2.93,3.36,15749708002.00,3870947973.00,4232921907.00
[object Object],CNC,Centene Corporation,NYSE,62.16,stock,common,100.00,1.00,false,0.00,USD,0.39,1442253.00,0.27,30706727988.32,USD,0.00,-10.44,-358.11,0.00,Health services,america,Health Services,Buy,Buy,0.39,-7.07,-4.37,-4.55,85.83,50.95,80.23,-1.58,82.15,5127.16,2.93,3.25,Sell,Sell,Sell,Sell,Neutral,Neutral,40.67,-4.26,-2.32,-125.78,7.44,12.89,long_upper_shadow_bearish,61.94,0.03,0.13,1430.00,0.27,1442253.00,-68.46,0.00,0.00,0.00,106.14,0.00,0.00,0.15,1.36,3.17,3.46,0.00,46906727988.32,0.23,0.00,0.00,64.97,65.31,65.09,63.58,52.23,71.78,85.00,56.00,70.50,4.87,1.09,0.10,196206029568.00,47640529129.00,47114072678.00
[object Object],EXPN,Experian PLC,LSE,2610.00,stock,common,1.00,1.00,false,0.00,GBX,-0.99,3217747.00,1.14,30653351541.65,USD,21.40,1.61,22.99,1.97,Commercial services,uk,Commercial Services,StrongBuy,Strong buy,-0.99,-6.45,-12.80,4.44,2.07,-22.85,-29.84,-21.22,66.03,366.07,2.15,2.63,StrongSell,Strong sell,StrongSell,Strong sell,Sell,Sell,33.64,-172.00,-162.48,-155.59,4.48,4.59,0.00,0.00,0.00,0.00,0.00,-0.38,3217747.00,61.01,2610.00,0.00,947127.00,-30.98,21.40,0.94,3.84,5.58,14.32,14.64,89.25,35911506542.82,4.31,17.01,12.07,2728.90,2841.73,2834.90,2717.10,2790.99,50.80,62.18,33.29,50.68,2.02,0.94,0.93,9188611400.12,4373463667.00,4420478333.00
[object Object],CCL,Carnival Corporation Ltd.,NYSE,22.28,stock,common,100.00,1.00,false,0.00,USD,2.26,13036137.00,0.54,30519208911.54,USD,10.04,2.22,20.35,2.07,Consumer services,america,Consumer Services,Buy,Buy,2.26,0.67,-14.98,-20.98,-9.31,-27.39,-25.90,-14.17,-53.54,465.90,3.63,2.91,Sell,Sell,StrongSell,Strong sell,Buy,Buy,36.91,-0.47,-2.41,-63.39,21.37,18.83,0.00,21.95,0.73,0.69,287206.00,0.78,13036137.00,-54.26,0.00,0.00,0.00,-16.05,10.04,0.48,1.11,2.36,4.57,9.75,13.79,54462208911.54,1.99,12.20,7.43,22.15,23.95,25.42,26.37,27.55,33.41,43.00,19.91,33.00,2.22,0.34,1.35,27602284299.00,6687506093.00,8386926752.00
[object Object],ADYEN,Adyen NV,EURONEXT,875.50,stock,common,10.00,1.00,false,0.00,EUR,3.79,124401.00,0.83,30403786296.14,USD,24.61,40.63,12.18,0.00,Commercial services,netherlands,Commercial Services,StrongBuy,Strong buy,3.79,-3.69,-18.48,7.19,-1.19,-36.56,-36.69,-68.20,118.88,118.88,3.51,3.16,Sell,Sell,StrongSell,Strong sell,Neutral,Neutral,38.63,-53.20,-110.62,-100.00,7.33,7.25,0.00,0.00,0.00,0.00,0.00,0.84,124401.00,-23.08,875.50,0.00,40020.00,-35.93,24.61,1.95,9.27,4.68,42.69,55.10,2.24,16759006734.29,5.09,12.26,10.87,896.38,986.38,951.44,913.16,1005.35,1601.42,2175.04,1239.78,1511.08,45.63,18.97,24.34,3369230853.47,1480516930.66,1781952505.29
[object Object],TEN,Tenaris S.A.,MIL,24.42,stock,common,100.00,1.00,false,0.00,EUR,-1.89,1065366.00,0.93,30354722392.46,USD,15.21,1.83,-5.17,3.08,Non-energy minerals,italy,Non-Energy Minerals,Neutral,Neutral,-1.89,-0.69,5.67,-2.40,-3.71,47.46,63.89,185.15,108.01,1295.43,2.14,2.35,Buy,Buy,Buy,Buy,Neutral,Neutral,52.08,-0.23,0.66,16.59,70.64,68.96,evening_star_bearish,0.00,0.00,0.00,0.00,-0.80,1065366.00,-10.63,0.00,0.00,0.00,64.07,15.21,0.00,2.43,1.66,12.64,16.18,10.13,28285041211.65,2.40,12.74,9.98,24.46,23.92,24.07,24.86,23.28,25.95,47.78,16.31,22.94,1.33,0.27,0.30,12466699249.82,2919317582.16,2987444538.36
[object Object],UMG,Universal Music Group N.V.,EURONEXT,14.59,stock,common,1000.00,5.00,false,0.00,EUR,0.76,2669931.00,0.86,30286370170.01,USD,83.28,0.20,-87.52,3.59,Commercial services,netherlands,Commercial Services,Buy,Buy,0.76,-0.88,-2.11,-20.45,-6.50,-34.22,-38.10,-37.64,-42.22,-42.22,1.62,2.08,Sell,Sell,StrongSell,Strong sell,Neutral,Neutral,45.05,-0.02,-0.02,30.42,54.89,56.18,0.00,0.00,0.00,0.00,0.00,0.52,2669931.00,-6.91,14.59,0.00,1855328.00,-37.14,83.28,0.00,2.09,7.29,16.99,18.03,55.53,36080421620.01,2.46,15.18,12.32,14.67,14.60,15.42,17.21,18.43,25.13,45.44,13.98,23.30,1.18,0.48,0.61,15728925558.15,7090563374.89,8088025974.75
[object Object],MTD,Mettler-Toledo International Inc.,NYSE,1511.52,stock,common,100.00,1.00,false,0.00,USD,-0.50,50537.00,0.19,30285658863.85,USD,34.02,44.43,12.54,0.00,Health technology,america,Health Technology,Neutral,Neutral,-0.50,7.60,8.58,21.84,20.20,8.05,22.67,-2.50,271.74,10648.59,3.39,2.81,Buy,Buy,StrongBuy,Strong buy,Sell,Sell,70.12,218.00,83.10,149.96,90.98,92.42,doji,1516.00,-0.21,-0.21,14.00,-0.58,50537.00,-80.63,0.00,0.00,0.00,7.01,34.02,2.73,7.41,2361.82,31.26,35.28,593.23,32346238863.85,7.82,27.54,24.78,1424.18,1391.25,1387.25,1286.40,1315.82,1477.31,1600.00,1200.00,1500.00,47.33,10.85,12.11,4238159301.00,1027745401.00,1071351924.00
[object Object],SLHN,Swiss Life Holding AG,SIX,915.80,stock,common,10.00,2.00,false,0.00,CHF,1.40,50605.00,0.84,30252102074.90,USD,19.89,56.96,10.31,4.04,Finance,switzerland,Finance,Sell,Sell,1.40,-1.84,-0.46,3.69,9.00,-0.09,10.10,95.27,257.87,698.95,1.45,1.42,Sell,Sell,Sell,Sell,Neutral,Neutral,47.79,3.00,-6.31,-53.12,23.45,26.03,morning_star_bullish,0.00,0.00,0.00,0.00,0.20,50605.00,27.45,915.80,0.00,14728.00,9.43,19.89,1.90,1.67,4.01,13.58,14.23,0.00,50148191474.90,2.69,0.00,0.00,917.86,919.24,930.07,904.30,889.91,1058.08,1298.87,901.82,1065.24,59.99,28.58,29.81,27423088280.00,15386431250.00,10693861200.00
[object Object],VWS,Vestas Wind Systems A/S,OMXCOP,198.50,stock,common,10.00,1.00,false,0.00,DKK,-0.80,2203878.00,1.06,30211665899.27,USD,24.15,1.25,46.03,0.37,Producer manufacturing,denmark,Producer Manufacturing,Buy,Buy,-0.80,-5.92,-5.39,14.21,12.91,11.86,65.69,-24.70,80.45,269.50,3.12,2.96,Sell,Sell,Sell,Sell,Sell,Sell,43.08,-17.30,-1.67,-168.85,19.94,37.94,"long_upper_shadow_bearish,shooting_star_bearish",0.00,0.00,0.00,0.00,-0.35,2203878.00,18.04,0.00,0.00,0.00,75.92,24.15,0.53,1.32,6.60,11.59,17.47,7.32,30116352013.05,1.30,17.75,10.12,206.21,209.97,197.90,189.69,182.34,35.32,44.93,16.75,37.31,1.55,0.17,0.48,25080984491.41,5202172914.02,6914449866.02
[object Object],KNEBV,KONE Oyj Class B,OMXHEX,51.50,stock,common,100.00,2.00,false,0.00,EUR,0.70,455548.00,0.76,30146882623.64,USD,28.27,2.08,-3.38,3.52,Producer manufacturing,finland,Producer Manufacturing,Buy,Buy,0.70,2.43,-1.27,3.54,-6.94,-14.54,-9.27,-18.90,10.75,740.82,2.18,1.67,Buy,Buy,Buy,Buy,Buy,Buy,54.80,1.86,0.45,63.07,65.63,71.17,"long_upper_shadow_bearish,shooting_star_bearish",0.00,0.00,0.00,0.00,0.35,455548.00,-12.22,0.00,0.00,0.00,-10.41,28.27,0.00,2.33,11.61,19.08,0.00,23.61,29677260703.64,2.29,18.92,15.23,50.81,51.10,50.65,50.38,54.78,70.73,95.77,51.92,69.23,2.53,0.63,0.61,13835623098.31,3381097907.85,3344392942.53
[object Object],ON,ON Semiconductor Corporation,NASDAQ,77.31,stock,common,100.00,1.00,false,0.00,USD,5.68,5617140.00,0.41,30095742102.45,USD,49.78,1.55,44.90,0.00,Electronic technology,america,Electronic Technology,Buy,Buy,5.68,10.22,6.54,-21.35,25.92,39.92,53.66,59.17,554.57,251.39,4.02,4.21,Neutral,Neutral,Buy,Buy,Neutral,Neutral,54.97,1.17,-1.88,171.52,82.57,76.15,0.00,74.19,1.42,1.75,24443.00,1.53,5617140.00,-46.24,0.00,0.00,0.00,30.44,49.78,1.05,4.77,4.17,18.70,20.84,8.09,30958642102.45,5.00,27.51,16.17,71.96,73.70,77.73,93.78,79.87,106.04,150.00,75.00,100.00,3.20,0.71,0.88,6551031502.00,1589004230.00,1702223053.00
[object Object],GEHC,GE Healthcare Technologies Inc.,NASDAQ,66.54,stock,common,100.00,1.00,false,0.00,USD,0.24,2385627.00,0.59,30055201749.81,USD,15.29,4.35,-10.91,0.21,Health technology,america,Health Technology,Buy,Buy,0.24,3.55,-9.79,2.07,-6.39,-19.42,-8.72,5.62,5.62,5.62,1.80,2.15,Sell,Sell,Sell,Sell,Buy,Buy,46.64,2.61,-3.70,-9.32,53.54,42.54,spinning_top_white,66.20,-0.27,0.00,8622.00,-0.27,2385627.00,-39.86,0.00,0.00,0.00,-15.30,15.29,0.00,1.42,2.74,14.38,19.13,14.35,38734201749.81,1.82,13.26,10.98,65.05,68.97,68.41,65.95,71.75,82.78,96.00,70.00,83.00,4.92,1.04,1.20,21717455718.00,5263699780.00,5350713048.00
[object Object],IR,Ingersoll Rand Inc.,NYSE,76.57,stock,common,100.00,1.00,false,0.00,USD,2.39,1639480.00,0.29,29709117453.37,USD,31.55,2.43,89.48,0.11,Producer manufacturing,america,Producer Manufacturing,Buy,Buy,2.39,5.88,-3.30,-6.16,-5.40,-4.08,-4.45,42.77,260.33,260.33,2.32,2.45,Buy,Buy,Buy,Buy,Buy,Buy,52.33,3.64,-3.23,70.63,85.34,70.37,0.00,0.00,0.00,0.00,0.00,0.27,1639480.00,-69.72,0.00,0.00,0.00,-14.08,31.55,0.34,3.69,2.92,22.24,24.61,25.57,33434117453.37,4.21,22.61,16.60,73.37,76.34,79.85,77.63,81.70,97.42,109.00,83.00,97.50,3.54,0.83,0.90,8114688506.00,1956446002.00,2050451375.00
[object Object],RDDT,"Reddit, Inc. Class A",NYSE,153.11,stock,common,100.00,1.00,false,0.00,USD,0.26,1313387.00,0.25,29457831481.58,USD,35.60,4.30,263.04,0.00,Technology services,america,Technology Services,Buy,Buy,0.26,0.28,-4.90,-2.24,22.45,-34.06,-32.89,225.77,225.77,225.77,4.31,4.51,Sell,Sell,StrongSell,Strong sell,Neutral,Neutral,47.31,-4.66,-2.08,-18.40,36.50,43.15,spinning_top_white,153.09,0.24,0.31,17140.00,0.01,1313387.00,-59.74,0.00,0.00,0.00,-42.15,35.60,0.13,11.10,8.96,30.15,30.37,11.10,26692341481.58,9.61,34.00,33.30,155.55,155.30,159.58,165.82,170.68,216.20,303.00,130.00,212.50,5.38,0.95,1.32,3385632378.00,731002273.00,872375382.00
[object Object],EPI_A,Epiroc AB Class A,OMXSTO,260.20,stock,common,10.00,1.00,false,0.00,SEK,1.60,1945660.00,1.60,29422212728.83,USD,35.60,0.75,-1.61,1.48,Producer manufacturing,sweden,Producer Manufacturing,Buy,Buy,1.60,1.60,-3.02,0.93,14.73,24.08,30.75,41.41,200.24,200.24,2.09,2.52,StrongBuy,Strong buy,StrongBuy,Strong buy,Buy,Buy,52.40,5.50,0.74,26.61,60.39,64.01,spinning_top_white,0.00,0.00,0.00,0.00,1.37,1945660.00,76.09,0.00,0.00,0.00,23.36,35.60,0.00,4.97,7.06,31.75,39.79,45.44,30612053128.83,4.78,25.06,19.88,255.39,259.12,254.13,259.56,249.87,28.30,32.73,23.09,28.36,0.90,0.21,0.22,7214366536.68,1693332140.27,1737506204.88
[object Object],HM_B,H&M Hennes & Mauritz AB Class B,OMXSTO,161.60,stock,common,100.00,5.00,false,0.00,SEK,-0.77,3465229.00,1.50,29279391122.05,USD,21.04,0.83,23.81,4.27,Retail trade,sweden,Retail Trade,Sell,Sell,-0.77,-1.67,-10.52,-1.76,-5.16,-13.44,-5.83,-9.48,-34.92,9.56,2.47,1.92,StrongSell,Strong sell,StrongSell,Strong sell,Sell,Sell,36.40,-2.80,-8.28,-88.44,21.97,29.25,0.00,0.00,0.00,0.00,0.00,-0.09,3465229.00,-32.23,0.00,0.00,0.00,19.05,21.04,0.91,1.18,7.60,7.82,10.60,13.81,34594466722.05,1.45,16.47,8.24,164.31,171.64,172.04,168.55,173.53,15.77,20.58,11.45,16.06,0.85,0.23,0.27,23443894345.70,5937682538.22,6106371905.62
[object Object],KOG,Kongsberg Gruppen ASA,OSL,312.70,stock,common,10.00,1.00,false,0.00,NOK,-1.11,823492.00,0.54,29233928424.16,USD,37.49,0.84,9.29,1.80,Producer manufacturing,norway,Producer Manufacturing,Buy,Buy,-1.11,-3.34,0.22,10.89,-1.87,45.08,19.38,698.39,1588.40,6814.41,2.42,2.23,Neutral,Neutral,Neutral,Neutral,Neutral,Neutral,49.22,9.70,5.33,16.33,67.32,78.19,0.00,0.00,0.00,0.00,0.00,0.19,823492.00,-55.43,312.70,0.00,423195.00,5.69,37.49,4.08,6.67,22.31,30.09,40.39,56.61,29136071014.16,6.92,42.81,35.19,317.77,313.82,309.49,306.60,298.15,42.80,58.42,33.75,40.07,0.73,0.16,0.17,4231261494.17,1015222271.85,1095701676.63
[object Object],FRE,Fresenius SE & Co. KGaA,XETR,46.15,stock,common,1000.00,5.00,false,0.00,EUR,0.91,1046687.00,0.86,29009552429.57,USD,17.08,3.09,35.29,2.30,Health services,germany,Health Services,StrongBuy,Strong buy,0.91,0.49,0.87,14.97,4.55,-5.93,-0.88,11.26,-35.37,427.63,2.07,2.24,StrongBuy,Strong buy,StrongBuy,Strong buy,Buy,Buy,55.96,1.11,-0.06,93.11,87.71,84.06,0.00,45.86,0.27,0.20,25.00,0.46,1046687.00,19.10,46.19,0.08,636180.00,-2.05,17.08,0.48,1.10,1.32,8.77,17.98,20.32,41339403129.57,1.55,16.11,10.74,45.81,45.53,45.42,42.41,44.65,63.08,72.28,56.92,63.75,4.31,1.02,0.88,27901219117.58,6666499742.87,6578503816.45
[object Object],ZTS,"Zoetis, Inc. Class A",NYSE,70.13,stock,common,100.00,1.00,false,0.00,USD,-0.20,1741445.00,0.37,28979369844.44,USD,11.54,6.08,4.59,2.97,Health technology,america,Health Technology,Buy,Buy,-0.20,-3.36,-8.71,-8.79,-39.96,-44.52,-50.38,-65.62,35.83,122.63,2.79,2.33,StrongSell,Strong sell,StrongSell,Strong sell,Neutral,Neutral,35.48,-2.84,-2.87,-142.09,11.38,17.31,spinning_top_white,70.32,0.07,0.00,16321.00,-0.38,1741445.00,-48.36,0.00,0.00,0.00,-54.36,11.54,2.52,3.08,9.23,10.15,12.38,17.48,36541369844.44,3.84,10.20,8.99,72.07,74.35,74.91,76.95,99.55,91.00,115.00,80.00,85.00,6.25,1.85,1.51,9285938866.00,2501455777.00,2294609272.00
[object Object],CCI,Crown Castle Inc.,NYSE,67.56,stock,common,100.00,1.00,false,0.00,USD,-0.10,1407847.00,0.34,28743768652.11,USD,14.89,4.54,0.00,6.28,Finance,america,Finance,Buy,Buy,-0.10,-8.07,-11.73,-15.94,-13.31,-23.96,-28.25,-62.65,-28.77,424.74,2.70,2.52,StrongSell,Strong sell,StrongSell,Strong sell,Neutral,Neutral,26.42,-8.06,-3.63,-226.69,3.21,8.36,spinning_top_black,67.88,0.37,0.37,222.00,0.00,1407847.00,-69.37,0.00,0.00,0.00,-23.74,14.89,0.00,7.05,0.00,11.17,12.19,23.48,50898768652.11,12.23,25.34,18.93,71.85,74.30,74.94,80.62,83.59,93.65,120.00,80.00,92.50,1.92,0.39,0.68,4039372602.00,995051633.00,1010568487.00
[object Object],HEI,Heidelberg Materials AG,XETR,144.00,stock,common,100.00,5.00,false,0.00,EUR,0.63,484359.00,0.80,28711831061.65,USD,12.79,12.86,7.48,2.52,Non-energy minerals,germany,Non-Energy Minerals,Buy,Buy,0.63,-1.44,-12.44,-22.81,-19.46,-36.31,-26.34,113.33,75.14,272.06,2.43,2.72,Sell,Sell,StrongSell,Strong sell,Neutral,Neutral,32.50,-10.95,-12.51,-85.66,6.12,8.63,0.00,144.35,0.87,0.73,68.00,0.98,484359.00,10.58,144.00,0.00,285538.00,-29.93,12.79,1.70,1.17,1.36,8.00,14.94,11.58,38906654006.65,1.57,10.73,7.61,146.32,156.75,159.97,168.89,185.18,242.53,327.92,160.52,247.66,14.98,3.63,9.80,26233901312.70,11844875290.00,13645195701.71
[object Object],TDY,Teledyne Technologies Incorporated,NYSE,615.35,stock,common,100.00,1.00,false,0.00,USD,0.54,86061.00,0.27,28524731237.76,USD,29.73,20.70,14.03,0.00,Electronic technology,america,Electronic Technology,Buy,Buy,0.54,1.83,-2.22,-1.26,1.71,19.95,9.38,41.54,467.30,7192.98,1.66,1.62,Sell,Sell,Sell,Sell,Neutral,Neutral,48.42,11.56,-14.73,86.23,75.52,80.73,spinning_top_white,0.00,0.00,0.00,0.00,0.41,86061.00,-76.65,0.00,0.00,0.00,5.52,29.73,2.11,4.50,2.61,22.70,25.27,84.86,30211631237.76,4.74,24.40,19.12,607.24,619.87,637.00,631.57,621.16,758.82,877.00,640.00,760.00,24.73,5.79,6.15,6557379197.00,1578448084.00,1649725879.00
[object Object],SMCI,"Super Micro Computer, Inc.",NASDAQ,43.11,stock,common,100.00,1.00,false,0.00,USD,3.85,35242433.00,0.86,28321776949.38,USD,13.11,3.29,98.10,0.00,Electronic technology,america,Electronic Technology,Neutral,Neutral,3.85,7.24,13.37,39.22,94.10,43.89,-4.33,1058.56,1752.60,4771.19,4.46,5.30,Buy,Buy,StrongBuy,Strong buy,Neutral,Neutral,63.53,3.01,3.45,151.24,86.97,88.43,0.00,41.99,1.16,1.42,525034.00,1.18,35242433.00,1.02,0.00,0.00,0.00,-5.67,13.11,0.13,0.75,2.76,0.00,0.00,4.00,34216501949.38,0.88,12.35,11.96,39.75,38.50,35.03,34.21,31.79,41.33,60.00,15.00,42.00,4.34,0.92,1.04,67129640474.00,11599418007.00,14941898912.00
[object Object],HPQ,HP Inc.,NYSE,31.36,stock,common,100.00,1.00,false,0.00,USD,0.72,6547510.00,0.36,28284674650.54,USD,11.96,2.62,-4.55,3.82,Technology services,america,Technology Services,Neutral,Neutral,0.72,-9.72,6.61,37.93,62.60,39.15,15.87,12.66,107.72,23792.96,4.61,5.25,Neutral,Neutral,Neutral,Neutral,Neutral,Neutral,48.76,-4.11,1.00,-70.83,12.97,20.46,0.00,31.53,1.25,0.16,14738.00,1.48,6547510.00,-44.99,0.00,0.00,0.00,17.86,11.96,0.00,0.49,0.00,6.23,7.49,6.97,34454674650.54,0.58,8.38,6.83,32.93,31.54,29.90,26.74,23.47,27.39,33.80,19.00,30.00,3.26,0.66,0.75,59962050744.00,14435160161.00,15443849053.00
[object Object],ACS,"ACS, Actividades de Construccion y Servicios SA",BME,93.60,stock,common,100.00,5.00,false,0.00,EUR,0.92,276301.00,0.49,28071698816.08,USD,24.13,4.43,14.97,2.03,Industrial services,spain,Industrial Services,Buy,Buy,0.92,-0.85,-10.09,-27.50,-10.26,10.25,40.65,300.00,245.45,1070.99,2.98,2.83,Sell,Sell,StrongSell,Strong sell,Neutral,Neutral,36.50,-4.65,-7.12,-64.63,17.66,23.24,0.00,0.00,0.00,0.00,0.00,1.02,276301.00,-33.48,0.00,0.00,0.00,38.99,24.13,1.60,0.47,4.12,7.63,9.84,1.56,29053151746.38,0.49,15.43,9.83,93.41,99.94,104.37,114.90,109.45,152.96,182.02,106.46,154.54,5.02,0.00,0.00,65291084289.26,0.00,0.00
[object Object],EXR,Extra Space Storage Inc.,NYSE,132.85,stock,common,100.00,1.00,false,0.00,USD,0.47,340281.00,0.18,28067160374.06,USD,29.74,4.47,-2.93,4.90,Finance,america,Finance,Buy,Buy,0.47,-4.08,-8.26,-10.25,2.08,2.15,-3.50,-23.10,66.12,941.14,1.75,1.81,Sell,Sell,StrongSell,Strong sell,Sell,Sell,32.92,-4.79,-6.91,-174.44,8.92,9.98,0.00,0.00,0.00,0.00,0.00,0.17,340281.00,-76.57,0.00,0.00,0.00,-2.33,29.74,0.00,8.46,2.12,15.40,16.65,42.11,42705632374.06,12.39,47.55,19.91,136.02,140.50,143.64,144.30,141.72,158.00,178.00,140.00,157.00,4.65,1.16,1.19,3505325903.00,874987625.00,889368853.00
[object Object],ADS,adidas AG,XETR,146.50,stock,common,100.00,5.00,false,0.00,EUR,2.99,439249.00,0.78,27923739306.20,USD,18.90,8.85,15.24,1.97,Consumer non-durables,germany,Consumer Non-Durables,Buy,Buy,2.99,2.88,-4.12,-18.00,9.49,-13.67,-21.19,-48.51,-5.09,252.67,2.62,2.38,Neutral,Neutral,Sell,Sell,Buy,Buy,46.54,3.75,-5.20,-1.44,47.57,48.70,marubozu_white_bullish,0.00,0.00,0.00,0.00,1.16,439249.00,23.20,147.00,0.34,231190.00,-23.35,18.90,1.20,0.96,4.31,0.00,0.00,22.21,33855446406.20,1.14,14.10,9.08,143.83,148.23,156.46,162.68,156.22,229.37,284.41,177.47,227.53,10.96,2.73,3.73,31664028053.59,7535326174.02,8102068526.81
[object Object],BAMI,Banco BPM SpA,MIL,16.40,stock,common,1000.00,5.00,false,0.00,EUR,1.14,5344963.00,0.66,27883407456.72,USD,12.80,1.46,-19.23,6.17,Finance,italy,Finance,Neutral,Neutral,1.14,1.93,0.77,7.26,38.69,25.96,28.28,511.71,700.78,-70.78,2.67,1.95,StrongBuy,Strong buy,StrongBuy,Strong buy,Buy,Buy,55.07,0.15,-0.01,206.89,68.96,67.38,0.00,0.00,0.00,0.00,0.00,1.42,5344963.00,25.85,16.40,0.00,55035.00,23.87,12.80,0.00,3.31,1.58,23.96,25.33,0.00,72812580226.62,6.61,0.00,0.00,16.13,16.23,16.22,15.30,13.86,18.33,20.89,15.35,18.81,1.55,0.00,0.00,7413408584.48,3592920760.00,0.00
[object Object],KHC,Kraft Heinz Company,NYSE,23.50,stock,common,100.00,1.00,false,0.00,USD,-1.51,5530190.00,0.20,27866858379.11,USD,0.00,-2.86,36.07,6.71,Consumer non-durables,america,Consumer Non-Durables,Neutral,Neutral,-1.51,-4.59,-3.69,-0.68,8.65,-3.25,-12.61,-35.63,-73.65,-66.90,2.21,2.47,StrongSell,Strong sell,StrongSell,Strong sell,Sell,Sell,34.30,-1.10,-0.90,-140.54,10.62,12.74,0.00,23.79,-0.28,-0.59,18378.00,0.04,5530190.00,-58.93,0.00,0.00,0.00,-7.36,0.00,0.00,1.14,0.77,6.03,7.30,9.80,44146858379.11,1.77,10.36,8.38,24.24,24.92,25.28,24.55,23.98,24.33,32.00,19.00,24.00,2.05,0.54,0.42,24657766429.00,6176365692.00,6086207786.00
[object Object],PUB,Publicis Groupe SA,EURONEXT,97.86,stock,common,100.00,2.00,false,0.00,EUR,0.20,445250.00,0.70,27866656370.48,USD,15.23,7.34,-4.76,3.84,Commercial services,france,Commercial Services,Buy,Buy,0.20,0.45,-5.17,13.29,40.56,9.91,23.09,69.78,43.91,1298.00,1.56,2.08,Neutral,Neutral,Neutral,Neutral,Neutral,Neutral,48.48,1.06,-1.95,-52.80,37.84,31.08,0.00,0.00,0.00,0.00,0.00,-0.06,445250.00,17.23,97.86,0.00,253363.00,22.82,15.23,0.00,1.39,2.32,9.10,9.93,11.67,31631140220.48,1.57,10.59,8.25,97.92,99.81,97.56,91.67,85.48,126.99,151.31,102.39,129.69,9.25,4.10,4.98,17753971064.07,8663387355.30,9573612196.61
[object Object],AV.,Aviva plc,LSE,699.20,stock,common,10.00,2.00,false,0.00,GBX,0.20,3611934.00,0.45,27571283046.80,USD,40.79,0.23,-21.98,5.63,Finance,uk,Finance,Buy,Buy,0.20,-3.40,-4.27,8.57,17.39,1.95,4.51,73.33,17.93,-46.81,1.68,1.54,Sell,Sell,Sell,Sell,Neutral,Neutral,42.81,-8.00,-11.19,-115.56,16.61,19.15,0.00,0.00,0.00,0.00,0.00,0.32,3611934.00,-32.83,699.20,0.00,1657806.00,3.87,40.79,0.00,0.29,2.35,4.52,4.63,0.00,36979445046.80,0.38,0.00,0.00,709.92,718.66,708.78,671.78,658.50,9.85,10.95,7.25,9.81,0.76,0.40,0.39,58478428398.40,38171637074.70,40963904849.00
[object Object],DG,Dollar General Corporation,NYSE,124.86,stock,common,100.00,1.00,false,0.00,USD,1.91,767044.00,0.30,27547315305.32,USD,16.23,7.69,42.34,1.93,Retail trade,america,Retail Trade,Buy,Buy,1.91,-0.70,2.35,5.50,4.40,-5.96,19.02,-42.42,74.32,467.57,2.28,3.13,Buy,Buy,StrongBuy,Strong buy,Neutral,Neutral,51.11,0.28,-1.51,-38.31,20.06,11.54,0.00,121.86,-0.55,0.68,1113.00,0.11,767044.00,-67.01,0.00,0.00,0.00,20.16,16.23,0.38,0.62,2.97,8.34,13.76,17.40,41730825305.32,0.96,17.10,11.84,123.68,124.67,124.38,118.11,127.08,141.41,176.00,90.00,140.00,7.90,2.01,1.41,44523845719.00,11195475074.00,11135900306.00
[object Object],CFG,"Citizens Financial Group, Inc.",NYSE,65.39,stock,common,100.00,1.00,false,0.00,USD,1.02,1584396.00,0.38,27540751616.71,USD,14.21,4.60,40.28,2.84,Finance,america,Finance,StrongBuy,Strong buy,1.02,-2.58,-6.67,-7.89,12.51,11.85,23.77,42.28,170.65,204.14,1.89,2.25,Sell,Sell,StrongSell,Strong sell,Neutral,Neutral,34.45,-5.09,-4.25,-124.51,11.45,9.35,0.00,64.84,0.17,0.17,1336.00,0.46,1584396.00,-62.98,0.00,0.00,0.00,22.24,14.21,0.35,3.21,1.15,11.16,11.86,0.00,33240751616.71,2.71,0.00,0.00,66.96,69.36,70.61,68.36,64.99,80.17,90.00,70.00,80.00,5.30,1.24,1.39,9188164323.00,2250921536.00,2338865021.00
[object Object],WTW,Willis Towers Watson Public Limited Company,NASDAQ,296.02,stock,common,100.00,1.00,false,0.00,USD,0.81,155116.00,0.26,27491952317.76,USD,18.26,16.21,1032.80,1.28,Finance,america,Finance,Buy,Buy,0.81,-4.61,-14.53,15.48,3.22,-9.60,-14.12,26.26,131.61,577.26,2.62,2.21,Sell,Sell,StrongSell,Strong sell,Buy,Buy,31.65,-19.59,-26.74,-124.34,5.63,5.84,0.00,294.91,0.44,0.47,1131.00,0.99,155116.00,-67.76,0.00,0.00,0.00,-12.35,18.26,0.02,2.73,3.58,14.47,16.47,16.56,32994952317.76,3.27,13.96,11.83,307.68,325.42,323.57,293.62,299.66,381.05,455.00,303.00,383.00,19.82,3.11,3.60,10451396522.00,2416528807.00,2458147407.00
[object Object],FRES,Fresnillo PLC,LSE,2890.00,stock,common,1.00,1.00,false,0.00,GBX,2.37,374329.00,0.30,27480108724.55,USD,12.54,3.06,382.60,3.97,Non-energy minerals,uk,Non-Energy Minerals,Neutral,Neutral,2.37,-4.08,-9.63,3.88,-9.23,-14.34,25.76,265.45,64.30,445.28,3.88,4.13,Sell,Sell,StrongSell,Strong sell,Neutral,Neutral,45.54,-124.00,-88.60,-118.01,10.23,17.95,0.00,0.00,0.00,0.00,0.00,2.23,374329.00,-82.15,2890.00,0.00,240114.00,33.35,12.54,0.03,4.62,5.52,10.30,12.41,11.29,26259210118.41,4.40,7.40,6.52,2929.80,3028.70,2877.98,2969.88,3267.84,43.16,64.18,29.54,39.09,3.00,1.56,1.13,6366668331.46,3410500000.00,0.00
[object Object],AEE,Ameren Corporation,NYSE,98.89,stock,common,100.00,1.00,false,0.00,USD,-0.32,682790.00,0.39,27375645093.24,USD,17.41,5.68,24.77,2.94,Utilities,america,Utilities,Buy,Buy,-0.32,-3.56,-7.83,-14.04,-9.01,-0.86,-2.37,18.21,91.30,341.94,1.08,1.35,Sell,Sell,StrongSell,Strong sell,Sell,Sell,20.90,-6.02,-5.33,-166.31,3.28,3.74,0.00,0.00,0.00,0.00,0.00,-0.14,682790.00,-70.70,0.00,0.00,0.00,5.58,17.41,0.70,3.16,2.00,8.48,0.00,483.50,49255645093.24,5.63,22.64,12.68,101.75,105.30,107.21,108.81,107.80,120.36,136.00,107.00,120.00,5.39,1.08,2.30,9038029015.00,2274794241.00,2821572930.00
[object Object],WSM,"Williams-Sonoma, Inc.",NYSE,232.06,stock,common,100.00,1.00,false,0.00,USD,1.48,236589.00,0.19,27331246846.86,USD,23.74,9.77,7.44,1.24,Retail trade,america,Retail Trade,Buy,Buy,1.48,5.29,3.60,-2.95,30.44,27.03,17.24,143.64,823.42,44652.34,2.34,2.93,Buy,Buy,StrongBuy,Strong buy,Buy,Buy,53.71,5.83,-3.23,99.52,72.74,74.18,0.00,0.00,0.00,0.00,0.00,0.00,236589.00,-72.60,0.00,0.00,0.00,9.36,23.74,3.14,3.40,12.76,17.15,20.54,26.81,27830256846.86,3.48,18.08,15.73,226.06,230.35,232.85,220.37,207.73,252.95,280.00,190.00,259.00,9.51,2.08,2.18,8271767139.00,1927005022.00,1997429945.00
[object Object],OMV,OMV Aktiengesellschaft,VIE,71.60,stock,common,100.00,5.00,false,0.00,EUR,-2.32,184508.00,0.59,27269399525.43,USD,9.36,8.74,182.65,6.00,Energy minerals,austria,Energy Minerals,Neutral,Neutral,-2.32,-0.56,6.87,30.54,16.23,50.74,57.02,38.28,184.13,640.82,2.02,1.81,Buy,Buy,StrongBuy,Strong buy,Neutral,Neutral,58.62,-0.25,2.33,77.31,74.08,69.25,0.00,0.00,0.00,0.00,0.00,-1.09,184508.00,-42.20,71.60,0.00,106731.00,58.98,9.36,0.05,1.26,1.54,6.65,25.49,10.77,39896176875.43,1.33,9.28,5.75,71.80,69.84,67.41,63.44,59.03,73.28,91.64,62.61,72.85,11.20,2.67,3.15,35166567134.53,8918953952.61,8777885921.16
[object Object],ARES,Ares Management Corporation Class A,NYSE,121.57,stock,common,100.00,1.00,false,0.00,USD,1.22,481756.00,0.20,27226541758.07,USD,55.43,2.19,25.46,4.11,Finance,america,Finance,Buy,Buy,1.22,-2.42,-14.36,9.19,13.70,-25.27,-26.21,57.62,559.99,569.81,3.55,3.21,Sell,Sell,StrongSell,Strong sell,Neutral,Neutral,34.53,-10.07,-12.59,-102.35,12.51,12.35,0.00,0.00,0.00,0.00,0.00,0.02,481756.00,-84.71,0.00,0.00,0.00,-29.84,55.43,2.15,3.88,11.02,0.00,0.00,14.85,46366661758.07,6.62,21.79,19.49,124.85,134.86,133.64,128.68,131.31,150.53,168.00,122.00,151.00,5.86,1.28,1.31,5485754406.00,1266132705.00,1253368079.00
[object Object],ORSTED,Orsted,OMXCOP,137.00,stock,common,100.00,5.00,false,0.00,DKK,0.92,699941.00,0.48,27222866344.59,USD,0.00,-0.80,-166.97,0.00,Utilities,denmark,Utilities,Buy,Buy,0.92,-1.44,-3.56,-7.56,-6.48,11.65,15.95,-72.91,-8.09,-3.34,2.50,2.74,Neutral,Neutral,Sell,Sell,Buy,Buy,48.87,1.65,0.39,17.27,65.41,74.19,0.00,0.00,0.00,0.00,0.00,0.22,699941.00,-41.64,0.00,0.00,0.00,29.68,0.00,0.00,2.43,1.47,7.42,0.00,2.25,34824706744.59,3.10,204.94,20.00,135.89,136.75,139.91,148.18,146.90,26.73,33.62,19.86,27.50,1.24,0.18,0.28,12766187334.90,2528882928.00,2624488416.00
[object Object],A5G,AIB Group PLC,EURONEXT,11.70,stock,common,1000.00,5.00,false,0.00,EUR,1.56,2273865.00,0.44,27088814534.36,USD,12.07,1.11,8.41,5.71,Finance,ireland,Finance,Neutral,Neutral,1.56,-0.30,5.83,11.85,35.42,28.22,51.85,408.70,93.39,-41.50,1.94,1.97,Buy,Buy,StrongBuy,Strong buy,Sell,Sell,61.66,0.05,0.42,83.82,68.31,69.04,0.00,0.00,0.00,0.00,0.00,1.52,2273865.00,-21.60,11.70,0.00,1248516.00,47.48,12.07,1.41,5.32,1.92,31.93,34.59,0.00,1318766734.36,0.20,0.00,0.00,11.61,11.27,11.03,10.61,9.92,13.08,14.82,10.34,13.58,1.06,0.44,0.53,5454118677.46,2566615393.36,2662576537.70
[object Object],PCG,PG&E Corporation,NYSE,12.22,stock,common,100.00,1.00,false,0.00,USD,-0.77,17458305.00,0.45,26923935215.56,USD,8.92,1.37,26.79,1.42,Utilities,america,Utilities,Buy,Buy,-0.77,-8.01,-33.05,-28.88,-29.62,-24.49,-16.72,22.86,-80.94,-31.13,2.98,4.75,Sell,Sell,StrongSell,Strong sell,Neutral,Neutral,27.37,-1.58,-2.67,-129.12,6.20,7.91,0.00,12.41,0.73,0.00,14087.00,0.49,17458305.00,-59.07,0.00,0.00,0.00,-11.29,8.92,0.34,1.09,0.83,3.43,0.00,22.88,92236935215.56,3.57,17.73,8.96,12.95,15.03,16.01,16.36,16.60,19.13,24.00,14.00,19.00,1.65,0.36,0.42,26172585106.00,6204280335.00,6764594545.00
[object Object],HAL,Halliburton Company,NYSE,32.25,stock,common,100.00,1.00,false,0.00,USD,-1.56,4609249.00,0.42,26868453091.51,USD,16.89,1.91,-10.68,2.08,Industrial services,america,Industrial Services,Buy,Buy,-1.56,-4.73,-3.33,-5.43,-17.27,13.80,33.54,49.51,-23.18,2337.82,2.25,2.87,StrongSell,Strong sell,StrongSell,Strong sell,Sell,Sell,33.52,-3.59,-1.94,-125.50,2.54,4.08,0.00,32.34,-1.28,-0.52,8237.00,-1.10,4609249.00,-39.29,0.00,0.00,0.00,46.03,16.89,0.00,1.23,2.44,9.83,15.67,13.20,33061453091.51,1.48,11.25,8.05,33.71,35.10,34.16,36.10,35.35,43.54,53.00,29.00,43.50,2.34,0.54,0.59,22365653160.00,5495754081.00,5583206759.00
[object Object],CBOE,Cboe Global Markets Inc,CBOE,257.06,stock,common,100.00,1.00,false,0.00,USD,-3.93,678508.00,0.69,26845496950.64,USD,20.02,12.84,50.50,1.13,Finance,america,Finance,Neutral,Neutral,-3.93,-4.84,-16.89,6.15,-9.03,2.44,5.71,105.59,269.56,683.73,3.22,3.33,StrongSell,Strong sell,StrongSell,Strong sell,Sell,Sell,31.69,-23.98,-21.13,-120.48,8.98,9.08,0.00,0.00,0.00,0.00,0.00,-0.89,678508.00,26.76,0.00,0.00,0.00,16.90,20.02,0.41,5.55,4.78,25.76,28.14,11.33,26046696950.64,5.15,14.59,13.67,269.67,288.68,288.75,293.76,286.66,314.29,356.00,258.00,315.00,14.01,3.48,3.39,2870155275.00,718623893.00,707093539.00
[object Object],RYA,Ryanair Holdings PLC,EURONEXT,23.24,stock,common,100.00,1.00,false,0.00,EUR,2.29,1877729.00,0.98,26786076383.64,USD,13.13,2.02,-5.72,1.71,Transportation,ireland,Transportation,StrongBuy,Strong buy,2.29,2.70,-2.19,-14.50,-6.78,-20.52,-0.26,36.71,87.04,70.63,3.15,2.29,Neutral,Neutral,Neutral,Neutral,Buy,Buy,51.42,0.62,-0.14,87.44,56.17,60.25,0.00,0.00,0.00,0.00,0.00,1.14,1877729.00,44.76,23.24,0.00,639393.00,-3.21,13.13,0.00,1.53,2.55,7.09,14.39,8.61,23768118463.64,1.33,9.81,5.83,22.72,22.97,23.67,24.48,25.65,32.90,37.40,29.24,32.42,1.95,0.68,1.71,18374718083.42,5069644361.21,6461030912.49
[object Object],DSFIR,DSM-Firmenich AG,EURONEXT,97.78,stock,common,100.00,2.00,false,0.00,EUR,-0.49,719823.00,0.80,26770496469.39,USD,0.00,-6.26,-301.20,2.54,Consumer non-durables,netherlands,Consumer Non-Durables,Buy,Buy,-0.49,6.72,6.10,22.10,60.19,41.83,33.65,-13.47,-13.47,-13.47,2.68,2.35,Buy,Buy,StrongBuy,Strong buy,Neutral,Neutral,65.41,8.86,3.61,155.65,87.67,89.02,0.00,0.00,0.00,0.00,0.00,0.06,719823.00,-5.93,97.78,0.00,418046.00,11.74,0.00,0.00,3.42,1.38,15.27,26.80,10.60,32009374719.39,3.90,49.52,20.96,94.20,92.68,91.17,83.26,73.63,106.15,133.11,76.22,108.08,4.31,1.98,1.68,10890762312.76,5331391330.41,5290136208.40
[object Object],GFS,GlobalFoundries Inc.,NASDAQ,48.64,stock,common,100.00,1.00,false,0.00,USD,3.38,2627358.00,0.60,26691250035.62,USD,37.96,1.28,0.00,0.26,Electronic technology,america,Electronic Technology,Buy,Buy,3.38,5.28,6.42,-40.45,11.11,36.86,47.35,3.49,3.49,3.49,3.60,3.73,Buy,Buy,Buy,Buy,Buy,Buy,53.67,1.69,0.37,137.81,72.07,72.71,0.00,47.50,0.96,1.55,13722.00,0.94,2627358.00,-44.46,0.00,0.00,0.00,44.26,37.96,0.00,3.77,2.26,14.11,33.97,11.47,26068250035.62,3.76,32.42,12.72,46.16,46.61,49.05,62.67,54.02,75.85,140.00,55.00,73.50,1.94,0.43,0.51,7304613268.00,1765269294.00,1886182556.00
[object Object],SAMPO,Sampo Oyj,OMXHEX,8.83,stock,common,1000.00,2.00,false,0.00,EUR,0.27,5203625.00,0.41,26592852880.36,USD,13.75,0.73,44.04,4.09,Finance,finland,Finance,Buy,Buy,0.27,-7.00,-10.05,-2.15,-3.01,-14.72,-7.56,1.80,6.98,530.43,1.82,1.29,Sell,Sell,StrongSell,Strong sell,Neutral,Neutral,22.24,-0.59,-0.49,-193.02,8.51,7.28,0.00,0.00,0.00,0.00,0.00,1.11,5203625.00,-37.21,0.00,0.00,0.00,-3.47,13.75,0.31,1.96,3.39,14.32,16.03,0.00,30224231680.36,2.21,0.00,0.00,9.23,9.52,9.55,9.36,9.40,12.25,13.02,11.06,12.21,0.65,0.21,0.17,13102476136.64,2936405461.90,2710076805.16
[object Object],ATO,Atmos Energy Corporation,NYSE,156.44,stock,common,100.00,1.00,false,0.00,USD,0.02,362528.00,0.30,26437411932.47,USD,18.62,8.40,16.00,2.56,Utilities,america,Utilities,Neutral,Neutral,0.02,-2.83,-6.73,-8.88,-14.72,-6.40,-6.28,77.07,104.26,2701.99,1.20,1.26,Sell,Sell,StrongSell,Strong sell,Buy,Buy,22.90,-6.75,-8.62,-130.23,9.51,6.40,0.00,0.00,0.00,0.00,0.00,-0.20,362528.00,-70.24,0.00,0.00,0.00,3.57,18.62,1.16,5.38,1.73,13.12,0.00,50.39,36235469932.47,7.36,19.92,13.95,159.49,165.12,168.76,171.72,174.75,185.00,200.00,173.00,183.00,8.45,1.35,1.15,5108800996.00,900815824.00,798696083.00
[object Object],ECHO,EchoStar Corporation Class A,NASDAQ,90.53,stock,common,100.00,1.00,false,0.00,USD,0.17,1875428.00,0.54,26327557711.53,USD,0.00,-24.94,-2120.06,0.00,Communications,america,Communications,StrongBuy,Strong buy,0.17,-3.69,5.52,-4.60,-18.84,-16.70,24.65,241.17,172.31,645.05,2.63,2.86,Sell,Sell,StrongSell,Strong sell,Sell,Sell,47.19,-2.61,3.12,-0.81,33.92,57.76,"gravestone_doji_bearish,long_upper_shadow_bearish",91.35,1.07,0.46,2874.00,0.11,1875428.00,-32.82,0.00,0.00,0.00,30.21,0.00,-0.00,2.17,1.86,0.00,0.00,20.51,42521859711.53,2.90,40.58,21.38,93.14,90.24,89.72,102.51,109.04,131.00,165.00,103.00,130.00,24.41,-0.10,0.07,14216291122.00,3586837820.00,3476672579.00
[object Object],CPAY,"Corpay, Inc.",NYSE,400.31,stock,common,100.00,1.00,false,0.00,USD,-0.00,127437.00,0.28,26284522976.00,USD,24.33,16.45,11.78,0.00,Commercial services,america,Commercial Services,Buy,Buy,-0.00,-0.72,-2.46,23.66,37.73,32.71,35.99,49.22,135.88,1501.26,1.74,1.86,Neutral,Neutral,Neutral,Neutral,Neutral,Neutral,48.26,-7.91,-10.69,-68.76,33.33,22.36,spinning_top_black,0.00,0.00,0.00,0.00,0.07,127437.00,-72.17,0.00,0.00,0.00,22.50,24.33,2.07,5.29,7.42,14.37,16.21,2.61,27099779976.00,5.40,11.80,9.89,401.06,407.17,398.99,372.56,344.72,459.06,536.00,390.00,454.50,27.38,6.58,7.19,5315650246.00,1299873164.00,1357822681.00
[object Object],HEXA_B,Hexagon AB Class B,OMXSTO,98.40,stock,common,100.00,2.00,false,0.00,SEK,0.94,2943291.00,0.71,26271986227.54,USD,48.11,0.21,-48.03,1.55,Electronic technology,sweden,Electronic Technology,Neutral,Neutral,0.94,4.02,-2.33,23.37,7.00,-9.77,-14.10,-33.56,85.36,6230.02,2.16,1.93,Buy,Buy,StrongBuy,Strong buy,Neutral,Neutral,59.79,4.52,0.83,74.37,77.95,78.82,0.00,0.00,0.00,0.00,0.00,-0.12,2943291.00,-32.74,0.00,0.00,0.00,-17.55,48.11,0.00,5.04,4.26,18.06,0.00,11.04,26840559639.10,5.04,0.00,49.94,96.08,97.12,94.70,89.94,95.26,10.39,13.37,8.07,10.28,0.39,0.08,0.08,5071318817.39,1139125768.06,1152301351.80
[object Object],ML,Cie Generale des Etablissements Michelin SA,EURONEXT,33.80,stock,common,100.00,1.00,false,0.00,EUR,0.90,1253414.00,0.73,26205556002.62,USD,14.97,2.58,3.27,4.12,Consumer durables,france,Consumer Durables,Buy,Buy,0.90,1.72,-2.87,0.75,15.52,19.06,10.82,1.20,39.11,359.07,1.91,1.77,Neutral,Neutral,Neutral,Neutral,Neutral,Neutral,48.44,0.34,-0.58,-25.20,40.56,39.70,0.00,0.00,0.00,0.00,0.00,0.33,1253414.00,-35.86,33.80,0.00,943998.00,3.53,14.97,4.54,0.91,1.31,5.68,9.42,8.13,31934761402.62,1.09,10.73,6.03,33.45,34.15,34.34,33.59,32.19,41.74,49.04,32.69,40.87,3.10,1.48,1.68,31114894757.72,14653200830.00,16229714900.00
[object Object],VRSN,"VeriSign, Inc.",NASDAQ,290.03,stock,common,100.00,1.00,false,0.00,USD,-0.63,236078.00,0.30,26189710323.56,USD,31.48,9.21,9.96,1.10,Technology services,america,Technology Services,Neutral,Neutral,-0.63,-3.98,-0.92,14.20,16.19,19.31,1.71,34.08,272.45,5559.12,2.63,2.49,Sell,Sell,Sell,Sell,Sell,Sell,47.49,-2.68,7.67,-51.12,40.99,54.19,0.00,0.00,0.00,0.00,0.00,0.00,236078.00,-61.56,0.00,0.00,0.00,3.81,31.48,3.18,15.57,0.00,23.99,24.78,25.55,27495910323.56,16.10,23.72,23.18,298.23,290.49,287.87,283.40,264.86,330.00,355.00,316.00,324.50,9.79,2.42,2.46,1752773116.00,433195401.00,440277767.00
[object Object],DGX,Quest Diagnostics Incorporated,NYSE,236.97,stock,common,100.00,1.00,false,0.00,USD,0.16,242225.00,0.19,26155726505.82,USD,25.14,9.43,12.73,1.40,Health services,america,Health Services,Buy,Buy,0.16,-3.87,-2.92,13.95,19.73,36.73,26.92,55.41,179.12,6219.33,2.42,2.25,Neutral,Neutral,Neutral,Neutral,Neutral,Neutral,48.18,1.95,-2.14,-35.18,38.34,40.19,0.00,0.00,0.00,0.00,0.00,-0.09,242225.00,-73.87,0.00,0.00,0.00,32.49,25.14,1.97,2.29,3.47,13.95,19.67,42.40,32295726505.82,2.79,19.19,14.27,241.22,239.92,235.72,217.55,204.78,250.86,265.00,232.00,250.50,11.19,2.82,2.87,12007242110.00,2972744228.00,3042732441.00
[object Object],WST,"West Pharmaceutical Services, Inc.",NYSE,370.91,stock,common,100.00,1.00,false,0.00,USD,-0.72,176990.00,0.23,26103074658.60,USD,47.42,7.82,17.18,0.24,Health technology,america,Health Technology,StrongBuy,Strong buy,-0.72,1.18,6.59,7.40,49.90,34.75,43.41,-18.25,415.73,33334.14,2.11,2.26,Buy,Buy,StrongBuy,Strong buy,Neutral,Neutral,63.80,24.68,18.24,88.77,86.11,88.52,0.00,0.00,0.00,0.00,0.00,-0.43,176990.00,-75.28,0.00,0.00,0.00,39.14,47.42,2.78,8.01,8.73,39.94,60.53,60.68,25983774658.60,7.81,35.55,28.48,366.44,352.41,350.45,340.52,299.78,412.07,459.00,390.00,410.00,8.97,2.08,2.19,3374001137.00,839979158.00,825996225.00
[object Object],TSEM,Tower Semiconductor Ltd,NASDAQ,231.24,stock,common,100.00,1.00,false,0.00,USD,6.42,1151224.00,0.46,26089639797.99,USD,91.21,2.54,45.74,0.00,Electronic technology,america,Electronic Technology,StrongBuy,Strong buy,6.42,2.77,7.85,-7.56,36.59,91.92,244.98,615.03,1422.32,10.11,5.83,4.87,Buy,Buy,StrongBuy,Strong buy,Buy,Buy,54.44,19.72,4.13,95.81,72.38,78.51,0.00,223.34,2.79,1.68,13599.00,2.83,1151224.00,-34.96,0.00,0.00,0.00,236.82,91.21,1.87,14.54,8.48,29.19,86.33,17.86,24735161797.99,14.47,89.53,44.48,218.07,219.72,225.41,239.05,193.93,312.91,355.00,270.00,313.00,3.89,0.76,1.07,1974630729.00,454680200.00,521834323.00
[object Object],VIE,Veolia Environnement SA,EURONEXT,31.36,stock,common,100.00,1.00,false,0.00,EUR,0.16,1046104.00,0.66,26070476063.89,USD,18.49,1.94,13.17,4.79,Utilities,france,Utilities,Buy,Buy,0.16,-2.00,-8.06,-13.27,-2.61,5.23,9.27,14.04,60.22,-1.63,1.22,1.61,Sell,Sell,StrongSell,Strong sell,Buy,Buy,32.11,-0.08,-1.22,-80.86,17.85,22.11,0.00,0.00,0.00,0.00,0.00,0.29,1046104.00,-12.55,31.36,0.00,599260.00,12.36,18.49,1.40,0.52,3.22,5.20,16.19,3.16,63453655063.89,1.25,15.67,8.28,31.57,32.41,33.61,34.58,33.57,46.09,52.53,42.33,46.38,2.79,0.00,0.00,54240722954.61,25145877080.00,0.00
[object Object],AWK,"American Water Works Company, Inc.",NYSE,131.03,stock,common,100.00,1.00,false,0.00,USD,-0.38,407648.00,0.22,26039459140.60,USD,22.68,5.78,4.00,2.62,Utilities,america,Utilities,Neutral,Neutral,-0.38,-4.25,-4.69,-0.21,-4.86,0.61,-4.82,-24.82,71.17,536.07,1.72,1.78,Sell,Sell,StrongSell,Strong sell,Buy,Buy,32.54,-6.66,-3.84,-189.75,6.86,5.63,0.00,0.00,0.00,0.00,0.00,0.05,407648.00,-68.33,0.00,0.00,0.00,-1.08,22.68,5.69,4.88,2.23,11.00,0.00,104.82,41855459140.60,7.92,21.34,14.46,135.22,137.18,136.25,131.71,131.99,143.00,162.00,128.00,140.00,6.09,1.53,2.08,5374803040.00,1325667737.00,1553974906.00
[object Object],Q,"Qnity Electronics, Inc.",NYSE,123.89,stock,common,100.00,1.00,false,0.00,USD,1.29,323365.00,0.18,25918845734.55,USD,44.36,2.79,-26.24,0.25,Electronic technology,america,Electronic Technology,StrongBuy,Strong buy,1.29,4.92,-2.54,-23.16,11.39,51.66,75.73,75.73,75.73,75.73,3.23,3.61,Neutral,Neutral,Sell,Sell,Neutral,Neutral,49.76,-2.51,-3.35,72.71,76.68,77.73,0.00,124.43,1.73,0.78,2002.00,0.22,323365.00,-78.31,0.00,0.00,0.00,0.00,44.36,0.00,4.93,3.57,22.28,31.57,27.10,29771845734.55,5.71,26.32,19.64,120.12,124.07,128.59,140.57,124.59,179.88,189.00,170.00,180.00,4.55,1.07,1.19,5640221286.00,1364556333.00,1486704286.00
[object Object],CTSH,Cognizant Technology Solutions Corporation Class A,NASDAQ,57.53,stock,common,100.00,1.00,false,0.00,USD,0.63,1987637.00,0.29,25914054793.80,USD,12.35,4.66,-5.38,2.27,Technology services,america,Technology Services,Buy,Buy,0.63,-7.03,-6.70,46.72,-5.19,-30.68,-15.56,-25.63,5.85,27514.71,3.79,3.13,Sell,Sell,Sell,Sell,Neutral,Neutral,43.22,-2.47,-1.67,-116.08,9.26,11.67,0.00,57.08,-0.16,-0.16,264.00,-0.10,1987637.00,-57.06,0.00,0.00,0.00,-17.51,12.35,0.00,1.23,1.80,9.19,10.32,25.51,26957054793.80,1.25,7.73,6.66,60.29,60.99,57.46,52.70,61.60,64.26,82.00,47.00,66.00,5.76,1.38,1.47,22186509476.00,5480763092.00,5644460107.00
[object Object],DOV,Dover Corporation,NYSE,191.50,stock,common,100.00,1.00,false,0.00,USD,1.92,586111.00,0.43,25790588943.13,USD,23.05,8.31,-49.91,1.11,Producer manufacturing,america,Producer Manufacturing,Buy,Buy,1.92,1.17,-5.75,-16.54,-8.32,-1.83,15.37,18.55,242.47,31652.31,2.37,2.03,Neutral,Neutral,Sell,Sell,Buy,Buy,46.73,2.56,-8.33,12.99,48.72,36.99,0.00,0.00,0.00,0.00,0.00,0.46,586111.00,-60.02,0.00,0.00,0.00,7.43,23.05,0.00,3.02,3.36,18.67,22.15,14.78,27294605943.13,3.24,17.92,14.25,188.43,194.52,199.64,208.24,210.25,249.24,288.00,215.00,250.00,10.69,2.72,2.86,8678239130.00,2208509667.00,2211364674.00
[object Object],VICI,VICI Properties Inc,NYSE,23.39,stock,common,100.00,1.00,false,0.00,USD,0.54,3888930.00,0.35,25759708962.04,USD,9.07,2.58,-1.35,7.74,Finance,america,Finance,Buy,Buy,0.54,-2.68,-11.18,-12.25,-13.74,-16.92,-26.74,-21.65,26.12,26.12,1.27,1.42,Sell,Sell,StrongSell,Strong sell,Neutral,Neutral,27.00,-1.43,-1.70,-135.94,4.15,6.03,0.00,23.27,0.00,0.39,16363.00,-0.04,3888930.00,-67.98,0.00,0.00,0.00,-23.08,9.07,0.00,6.19,0.88,9.67,9.67,88.54,43747281962.04,10.68,12.03,12.02,24.06,25.23,25.75,26.65,27.56,31.79,38.00,26.00,31.50,2.76,0.71,0.72,4195806037.00,1038867523.00,1057822320.00
[object Object],EXO,EXOR N.V.,EURONEXT,70.55,stock,common,100.00,5.00,false,0.00,EUR,-0.21,180130.00,0.70,25756679899.42,USD,0.00,0.00,0.00,0.69,Finance,netherlands,Finance,StrongBuy,Strong buy,-0.21,-0.77,-1.88,8.04,8.29,-3.22,-15.26,3.75,3.75,3.75,2.41,2.03,Sell,Sell,StrongSell,Strong sell,Sell,Sell,46.96,-0.70,0.03,-72.89,49.86,54.30,0.00,0.00,0.00,0.00,0.00,0.35,180130.00,-25.69,70.55,0.00,75615.00,-19.94,0.00,0.00,0.00,0.47,0.00,0.00,14.85,28835160799.42,0.00,0.00,0.00,71.03,71.49,70.76,68.85,69.51,124.53,136.60,103.59,128.63,2.60,0.00,0.00,0.00,0.00,0.00
[object Object],CPRT,"Copart, Inc.",NASDAQ,27.75,stock,common,100.00,1.00,false,0.00,USD,-1.05,5511987.00,0.45,25686641556.67,USD,17.89,1.55,-2.33,0.00,Retail trade,america,Retail Trade,Buy,Buy,-1.05,-6.39,-15.92,-8.43,-16.00,-29.12,-38.77,-24.34,311.19,19629.64,2.21,2.98,Sell,Sell,StrongSell,Strong sell,Neutral,Neutral,32.35,-2.20,-2.77,-137.20,4.20,4.25,falling_window_bearish,27.88,-0.57,-0.07,12735.00,-0.57,5511987.00,-34.21,0.00,0.00,0.00,-38.86,17.89,0.00,5.60,0.00,16.13,20.43,5.76,21301791556.67,4.57,12.89,11.32,29.49,31.56,30.50,30.74,33.78,39.11,55.00,25.00,38.00,1.63,0.38,0.40,4848297900.00,1143743246.00,1183099875.00
[object Object],HBAN,Helvetia Baloise Holding AG,SIX,213.80,stock,common,10.00,2.00,false,0.00,CHF,0.38,129175.00,0.56,25576437230.09,USD,67.51,3.92,-69.32,3.62,Finance,switzerland,Finance,Buy,Buy,0.38,-4.38,-0.93,2.59,6.05,2.30,7.87,7.87,7.87,7.87,1.71,1.58,Sell,Sell,StrongSell,Strong sell,Neutral,Neutral,48.26,2.20,2.60,-19.48,32.61,43.48,0.00,0.00,0.00,0.00,0.00,0.09,129175.00,-28.44,213.80,0.00,77239.00,111.79,67.51,0.00,1.25,1.73,72.45,93.79,0.00,33938157410.09,1.63,0.00,0.00,216.50,214.00,214.66,211.62,0.00,284.62,323.66,237.59,287.90,14.86,10.06,0.00,20195094776.27,0.00,0.00
[object Object],AM,Dassault Aviation SA,EURONEXT,292.60,stock,common,10.00,2.00,false,0.00,EUR,0.27,47512.00,0.74,25522719769.65,USD,22.66,14.75,29.17,1.64,Electronic technology,france,Electronic Technology,Buy,Buy,0.27,0.14,0.14,1.88,-7.11,7.42,2.59,211.77,181.35,11748.27,2.01,1.90,Buy,Buy,Buy,Buy,Buy,Buy,53.73,13.80,-3.12,96.79,74.85,69.30,0.00,0.00,0.00,0.00,0.00,0.41,47512.00,-31.88,292.60,0.00,15559.00,0.85,22.66,0.77,2.59,3.44,15.51,16.96,2.24,14250914286.20,1.43,16.27,12.79,289.78,289.26,295.87,294.09,305.69,425.25,682.59,341.30,398.18,18.05,6.57,9.62,10425311464.94,4019399940.29,5141474932.30
[object Object],FFIV,"F5, Inc.",NASDAQ,447.20,stock,common,100.00,1.00,false,0.00,USD,0.15,167039.00,0.27,25323675101.30,USD,35.62,12.55,10.69,0.00,Technology services,america,Technology Services,Buy,Buy,0.15,1.84,16.89,15.79,54.19,74.80,39.01,120.26,272.20,8625.85,2.81,3.27,Buy,Buy,StrongBuy,Strong buy,Neutral,Neutral,63.58,35.49,39.61,97.87,84.12,90.30,0.00,446.57,0.00,0.15,101.00,0.00,167039.00,-69.68,0.00,0.00,0.00,29.56,35.62,3.33,7.77,6.59,24.52,26.54,16.03,23970273101.30,7.24,29.02,24.79,438.58,409.00,407.53,399.68,340.54,440.11,515.00,300.00,461.00,17.33,4.00,4.26,3383164575.00,834595474.00,884034506.00
[object Object],FOXA,Fox Corporation Class A,NASDAQ,63.31,stock,common,100.00,1.00,false,0.00,USD,-0.82,1613431.00,0.30,25247841013.47,USD,16.51,3.83,-21.89,0.88,Consumer services,america,Consumer Services,Buy,Buy,-0.82,-1.70,-9.97,29.24,8.05,-13.42,5.65,61.72,62.35,62.35,1.83,2.48,Sell,Sell,StrongSell,Strong sell,Sell,Sell,42.73,-2.63,-2.31,-121.62,14.92,19.26,hammer_bullish,62.89,-1.49,-1.49,100.00,-0.38,1613431.00,-60.58,0.00,0.00,0.00,0.47,16.51,0.00,1.60,2.28,13.76,18.46,6.44,28796841013.47,1.68,8.24,7.37,65.18,66.75,63.77,61.86,63.37,77.94,112.00,54.00,78.00,5.97,1.44,2.06,17634717848.00,3643432554.00,4317634971.00
[object Object],OTIS,Otis Worldwide Corporation,NYSE,66.25,stock,common,100.00,1.00,false,0.00,USD,-0.64,1227717.00,0.23,25219344025.18,USD,17.01,3.90,2.98,2.58,Industrial services,america,Industrial Services,Buy,Buy,-0.64,-3.57,-7.56,-9.75,-14.42,-24.04,-25.39,-22.44,65.63,65.63,2.08,1.92,StrongSell,Strong sell,StrongSell,Strong sell,Sell,Sell,36.06,-2.85,-3.02,-149.41,12.72,18.84,0.00,66.71,0.04,1.23,426.00,-0.45,1227717.00,-53.81,0.00,0.00,0.00,-25.46,17.01,5.73,1.71,0.00,13.58,14.84,29.93,33510344025.18,2.25,14.38,13.39,68.11,70.02,71.12,71.72,78.65,85.92,100.00,75.00,85.00,4.04,1.01,1.01,15270270968.00,3761572222.00,3849654731.00
[object Object],LVS,Las Vegas Sands Corp.,NYSE,38.92,stock,common,100.00,1.00,false,0.00,USD,0.70,1578340.00,0.25,25208530604.31,USD,15.16,2.57,29.61,2.98,Consumer services,america,Consumer Services,Buy,Buy,0.70,-3.92,-16.87,-15.85,-25.40,-40.31,-26.41,5.47,-31.52,-7.11,2.61,2.56,Sell,Sell,StrongSell,Strong sell,Buy,Buy,24.64,-3.91,-4.30,-119.29,8.50,6.54,spinning_top_white,38.75,0.26,0.78,998.00,0.36,1578340.00,-78.11,0.00,0.00,0.00,-29.97,15.16,0.51,1.85,43.41,6.86,9.48,7.56,37410530604.31,2.73,11.65,7.91,40.21,43.41,44.67,46.96,52.44,59.24,71.50,47.00,60.00,3.10,0.76,0.75,13806461272.00,3310459500.00,3408189148.00
[object Object],FOX,Fox Corporation Class B,NASDAQ,56.63,stock,common,100.00,1.00,false,0.00,USD,-1.00,195524.00,0.14,25203511111.35,USD,14.77,3.83,-21.89,0.98,Consumer services,america,Consumer Services,Buy,Buy,-1.00,-2.35,-9.36,27.37,6.93,-12.81,4.27,56.26,46.71,46.71,1.92,2.44,Sell,Sell,Sell,Sell,Sell,Sell,43.02,-1.82,-1.89,-112.51,15.03,18.74,0.00,57.05,-0.26,-0.79,3961.00,-0.59,195524.00,-79.35,0.00,0.00,0.00,0.47,14.77,0.00,1.43,2.04,12.30,16.51,5.76,28752511111.35,1.68,8.22,7.36,58.28,59.58,56.93,55.42,56.90,77.94,112.00,54.00,77.00,5.98,1.44,2.06,17633343698.00,3640073257.00,4317505926.00
[object Object],DTE,DTE Energy Company,NYSE,120.87,stock,common,100.00,1.00,false,0.00,USD,-0.26,705472.00,0.33,25151603690.71,USD,19.10,6.33,-8.94,3.78,Utilities,america,Utilities,Buy,Buy,-0.26,-6.49,-11.17,-21.36,-16.32,-6.55,-13.26,6.40,47.76,367.56,1.70,1.58,Sell,Sell,StrongSell,Strong sell,Neutral,Neutral,15.27,-11.71,-10.37,-161.84,2.28,2.22,0.00,0.00,0.00,0.00,0.00,-0.10,705472.00,-58.07,0.00,0.00,0.00,-5.04,19.10,0.00,1.54,2.07,7.45,0.00,299.30,52912603690.71,3.24,25.65,13.11,126.77,133.51,137.33,141.88,141.13,156.31,168.00,141.00,156.00,7.71,1.14,2.39,15983314691.00,3357457324.00,3437804402.00
[object Object],INCY,Incyte Corporation,NASDAQ,123.90,stock,common,100.00,1.00,false,0.00,USD,-0.43,417998.00,0.25,25114252201.74,USD,15.79,7.85,78.38,0.00,Health technology,america,Health Technology,Buy,Buy,-0.43,-3.09,-4.09,13.18,34.27,26.11,47.75,79.80,39.79,6508.00,2.70,2.56,Neutral,Neutral,Sell,Sell,Neutral,Neutral,49.00,2.43,0.52,-25.99,47.52,52.47,0.00,125.55,0.89,0.77,1007.00,1.03,417998.00,-70.24,0.00,0.00,0.00,50.32,15.79,0.20,4.45,3.92,13.03,13.43,5.69,20616779201.74,3.54,11.21,10.64,124.62,125.39,123.24,113.76,106.25,128.91,155.00,104.00,130.00,3.76,2.20,-2.83,5937159463.00,1503904802.00,1471521580.00
[object Object],LH,Labcorp Holdings Inc.,NYSE,309.66,stock,common,100.00,1.00,false,0.00,USD,0.23,307509.00,0.33,25113426520.19,USD,25.61,12.09,33.35,0.93,Health services,america,Health Services,Buy,Buy,0.23,-3.83,-7.79,15.65,15.96,23.22,11.41,22.15,163.90,1378.80,2.46,2.46,Sell,Sell,Sell,Sell,Sell,Sell,42.02,-1.88,-12.83,-101.51,16.34,19.24,0.00,0.00,0.00,0.00,0.00,-0.23,307509.00,-60.82,0.00,0.00,0.00,12.88,25.61,0.77,1.77,2.91,15.50,21.98,179.07,31754126520.19,2.21,19.49,13.66,316.23,324.16,316.90,290.95,279.21,348.27,385.00,306.00,355.00,18.35,4.78,4.65,14750665463.00,3709367203.00,3755574084.00
[object Object],FE,FirstEnergy Corp.,NYSE,43.14,stock,common,100.00,1.00,false,0.00,USD,-0.12,1923790.00,0.51,24962526805.24,USD,23.02,1.87,-17.28,4.21,Utilities,america,Utilities,Buy,Buy,-0.12,-5.22,-7.46,-10.68,-14.06,-3.83,-2.49,17.13,25.63,65.92,1.39,1.44,Sell,Sell,StrongSell,Strong sell,Neutral,Neutral,22.34,-2.99,-2.00,-211.27,2.96,1.83,"doji_star_bullish,long_lower_shadow_bullish",43.26,0.16,0.46,200.00,-0.14,1923790.00,-52.16,0.00,0.00,0.00,4.97,23.02,0.00,1.58,1.93,8.01,0.00,130.78,55245526805.24,3.49,18.80,14.03,44.72,45.96,46.90,46.73,47.46,53.36,56.00,49.00,53.00,2.73,0.50,0.92,15698256470.00,3511701274.00,4316343739.00
[object Object],CINF,Cincinnati Financial Corporation,NASDAQ,162.57,stock,common,100.00,1.00,false,0.00,USD,0.15,112101.00,0.14,24950925667.64,USD,7.67,21.21,83.99,2.23,Finance,america,Finance,Buy,Buy,0.15,-4.31,-5.44,-9.25,3.51,-0.46,5.00,38.70,118.68,8764.73,1.63,1.55,Sell,Sell,StrongSell,Strong sell,Buy,Buy,29.99,-7.23,-5.61,-184.69,4.54,5.32,0.00,0.00,0.00,0.00,0.00,0.41,112101.00,-81.51,0.00,0.00,0.00,6.25,7.67,0.09,1.81,1.50,7.41,7.44,0.00,25826925667.64,1.85,0.00,0.00,167.35,169.64,173.12,171.87,167.54,191.67,200.00,177.00,192.50,8.37,1.84,1.93,10570693829.00,2711469714.00,2640226143.00
[object Object],BT.A,BT Group plc,LSE,196.55,stock,common,100.00,5.00,false,0.00,GBX,1.63,11816524.00,0.69,24885909454.33,USD,18.13,0.14,2.46,4.30,Communications,uk,Communications,Neutral,Neutral,1.63,-4.86,-4.86,2.13,-4.36,6.53,2.24,24.08,-50.32,-86.91,2.86,2.38,Sell,Sell,StrongSell,Strong sell,Neutral,Neutral,45.46,-4.95,-6.63,-93.49,30.51,20.90,0.00,0.00,0.00,0.00,0.00,0.23,11816524.00,14.12,196.55,0.00,5407016.00,-0.48,18.13,7.26,0.99,1.54,3.23,20.94,9.31,52094546454.33,2.01,11.67,4.79,199.16,201.39,200.28,203.11,202.27,3.05,4.37,1.99,3.01,0.24,0.11,0.00,24121198712.58,0.00,0.00
[object Object],WRB,W. R. Berkley Corporation,NYSE,66.72,stock,common,100.00,1.00,false,0.00,USD,-0.84,856423.00,0.17,24770157880.58,USD,13.72,4.86,10.67,0.55,Finance,america,Finance,Neutral,Neutral,-0.84,-4.41,-2.42,-4.81,1.50,-4.36,-11.03,103.43,292.60,40940.65,1.81,1.80,Sell,Sell,StrongSell,Strong sell,Neutral,Neutral,33.11,-3.18,-1.27,-156.42,4.17,9.19,0.00,0.00,0.00,0.00,0.00,-0.19,856423.00,-56.84,0.00,0.00,0.00,-6.66,13.72,1.30,1.77,2.52,6.97,7.23,0.00,27883179880.58,1.87,0.00,0.00,69.08,69.13,70.51,69.36,68.90,69.65,83.00,51.00,70.00,4.87,1.08,1.12,14902512870.00,3282737280.00,3766572429.00
[object Object],FISV,"Fiserv, Inc.",NASDAQ,46.57,stock,common,100.00,1.00,false,0.00,USD,1.28,2895365.00,0.41,24764376072.82,USD,8.93,5.21,-12.86,0.00,Commercial services,america,Commercial Services,Neutral,Neutral,1.28,-5.67,-10.77,-2.10,-15.31,-31.04,-64.18,-57.17,-7.41,16706.70,3.19,3.36,Sell,Sell,StrongSell,Strong sell,Buy,Buy,35.65,-5.01,-4.82,-110.05,12.73,9.29,0.00,46.31,0.73,0.24,3000.00,0.04,2895365.00,-64.50,0.00,0.00,0.00,-64.97,8.93,0.00,1.18,0.92,4.24,6.27,39.64,52171376072.82,2.50,11.59,6.79,47.80,50.62,51.52,52.21,57.31,57.84,85.00,40.00,57.00,7.25,1.91,1.72,19549698318.00,5039300236.00,4854867047.00
[object Object],VER,VERBUND AG Class A,VIE,62.55,stock,common,100.00,5.00,false,0.00,EUR,0.00,72723.00,0.51,24722102687.93,USD,18.04,3.96,-31.85,5.04,Utilities,austria,Utilities,Sell,Sell,0.00,0.40,6.92,12.70,-3.62,0.89,1.87,-31.60,342.36,351.72,2.09,2.12,Buy,Buy,StrongBuy,Strong buy,Buy,Buy,62.37,2.15,2.57,109.91,74.01,70.10,doji,0.00,0.00,0.00,0.00,0.00,72723.00,-36.66,62.55,0.00,49017.00,4.03,18.04,0.00,2.87,2.25,14.93,0.00,243.07,29335842262.93,3.39,14.34,10.65,61.59,60.00,59.31,58.69,60.69,66.52,74.41,62.50,63.82,3.44,0.97,0.56,8153834368.68,0.00,0.00
[object Object],AMS,Amadeus IT Group SA Class A,BME,53.48,stock,common,100.00,2.00,false,0.00,EUR,-0.63,871083.00,1.23,24701128746.14,USD,17.69,3.45,1.91,2.32,Technology services,spain,Technology Services,Buy,Buy,-0.63,-3.74,-6.80,2.85,6.53,-14.89,-17.62,-4.09,20.31,245.03,2.31,2.28,Sell,Sell,StrongSell,Strong sell,Neutral,Neutral,40.34,-0.70,-1.72,-131.24,11.74,17.23,doji,0.00,0.00,0.00,0.00,-0.52,871083.00,-1.98,0.00,0.00,0.00,-24.42,17.69,9.30,3.47,4.91,10.68,10.95,23.41,27714422301.14,3.68,13.57,9.51,54.70,56.06,55.23,53.54,53.84,79.24,93.34,58.05,79.68,4.05,0.99,1.05,8022703834.27,1887627693.84,1974380408.97
[object Object],IAG,International Consolidated Airlines Group SA,LSE,436.20,stock,common,10.00,1.00,false,0.00,GBX,1.87,29479618.00,2.81,24691964554.00,USD,7.81,0.74,8.50,1.61,Transportation,uk,Transportation,Buy,Buy,1.87,3.02,-2.13,-9.93,21.44,5.34,14.10,146.44,61.73,46.21,2.82,2.20,Buy,Buy,StrongBuy,Strong buy,Buy,Buy,54.78,16.50,4.69,109.00,64.69,70.99,0.00,0.00,0.00,0.00,0.00,1.68,29479618.00,355.86,436.20,0.00,1571818.00,3.41,7.81,0.90,0.71,2.60,3.37,5.98,2.64,30037894945.01,0.78,5.60,3.47,424.88,427.17,431.80,433.64,416.97,7.03,8.60,5.34,6.94,0.75,0.00,0.00,39662507545.36,0.00,0.00
[object Object],IMB,Imperial Brands PLC,LSE,2442.00,stock,common,1.00,1.00,false,0.00,GBX,-1.33,1794708.00,0.72,24614277658.93,USD,11.49,2.81,-29.03,6.61,Consumer non-durables,uk,Consumer Non-Durables,Buy,Buy,-1.33,-1.93,-3.10,-12.30,-19.88,-21.73,-21.93,57.85,-38.70,761.54,1.70,1.86,Sell,Sell,StrongSell,Strong sell,Neutral,Neutral,37.69,-48.00,-57.13,-130.36,20.71,20.94,0.00,0.00,0.00,0.00,0.00,-0.24,1794708.00,-12.18,2442.00,0.00,422341.00,-24.55,11.49,0.00,1.02,4.71,6.25,6.92,39.26,39552145658.93,1.54,8.09,6.85,2485.60,2508.63,2616.66,2692.78,2890.82,43.06,46.23,35.67,44.91,4.50,1.68,2.41,13563750975.49,5940210683.00,7334192000.00
[object Object],PFG,"Principal Financial Group, Inc.",NASDAQ,114.88,stock,common,100.00,1.00,false,0.00,USD,0.64,391793.00,0.26,24596341920.78,USD,16.30,7.05,41.88,2.79,Finance,america,Finance,Neutral,Neutral,0.64,-0.80,2.90,8.50,29.72,30.09,40.63,76.44,133.02,460.39,2.38,2.18,Buy,Buy,StrongBuy,Strong buy,Neutral,Neutral,51.24,-1.29,0.87,-11.73,34.36,35.60,0.00,0.00,0.00,0.00,0.00,0.27,391793.00,-67.90,0.00,0.00,0.00,38.41,16.30,0.39,1.59,2.03,5.01,5.18,0.00,29683641920.78,1.89,0.00,0.00,115.85,113.90,113.47,110.01,101.04,111.83,125.00,92.00,113.50,9.59,2.34,2.51,16305809861.00,4137379648.00,4246400000.00
[object Object],HUBB,Hubbell Incorporated,NYSE,463.18,stock,common,100.00,1.00,false,0.00,USD,-0.58,166974.00,0.33,24470989622.87,USD,27.42,16.89,9.66,1.22,Producer manufacturing,america,Producer Manufacturing,Buy,Buy,-0.58,4.34,-0.64,-11.87,-3.13,3.45,8.88,153.03,337.50,27020.77,2.48,2.40,Neutral,Neutral,Neutral,Neutral,Neutral,Neutral,50.90,2.78,-9.45,98.35,81.69,77.31,0.00,471.51,1.21,1.10,155.00,0.15,166974.00,-55.87,0.00,0.00,0.00,0.66,27.42,2.86,3.97,6.26,23.02,27.29,62.31,29643989622.87,4.76,22.82,19.28,451.92,462.24,474.38,481.69,487.39,568.36,630.00,531.00,575.00,20.48,5.39,5.76,6871074222.00,1661981960.00,1847848390.00
[object Object],EXPD,"Expeditors International of Washington, Inc.",NYSE,186.99,stock,common,100.00,1.00,false,0.00,USD,1.81,267310.00,0.22,24306948595.21,USD,27.21,6.87,12.14,0.86,Transportation,america,Transportation,Neutral,Neutral,1.81,-1.16,-1.30,15.63,31.85,25.38,55.01,50.24,268.45,108693.55,2.56,1.96,Buy,Buy,Buy,Buy,Buy,Buy,49.34,-5.61,0.23,-103.16,23.77,31.71,0.00,0.00,0.00,0.00,0.00,0.08,267310.00,-78.35,0.00,0.00,0.00,52.21,27.21,2.20,2.00,11.48,25.26,26.59,23.82,23845156595.21,1.98,20.01,19.13,189.49,188.68,183.88,173.02,161.79,181.00,220.00,100.00,184.00,7.72,1.69,2.12,13068670654.00,2909348116.00,3460498325.00
[object Object],SW,Smurfit Westrock PLC,NYSE,46.44,stock,common,100.00,1.00,false,0.00,USD,0.96,1300266.00,0.27,24282972597.47,USD,49.38,0.94,42.25,3.89,Process industries,america,Process Industries,StrongBuy,Strong buy,0.96,2.74,-6.80,0.30,16.54,19.57,9.27,-7.31,-4.29,264.24,2.44,2.91,Buy,Buy,StrongBuy,Strong buy,Neutral,Neutral,53.26,3.22,-0.53,62.24,82.47,84.25,0.00,0.00,0.00,0.00,0.00,1.17,1300266.00,-74.27,0.00,0.00,0.00,1.63,49.38,1.16,0.77,1.35,7.27,23.25,36.08,37793972597.56,1.21,20.95,8.32,45.26,46.29,46.68,44.46,43.09,56.91,69.00,46.00,57.00,2.22,0.40,0.62,32201450514.00,7932594337.00,8265120522.00
[object Object],LISP,Chocoladefabriken Lindt & Spruengli AG Partizipsch.,SIX,8580.00,stock,preferred,1.00,5.00,false,0.00,CHF,-0.06,2782.00,0.80,24184179498.24,USD,26.99,393.32,14.88,2.10,Consumer non-durables,switzerland,Consumer Non-Durables,Sell,Sell,-0.06,-0.35,-5.45,-11.64,-20.85,-26.35,-30.58,-19.29,53.63,1002.83,1.81,2.10,Sell,Sell,StrongSell,Strong sell,Neutral,Neutral,42.95,160.00,-208.15,9.94,63.37,66.10,0.00,0.00,0.00,0.00,0.00,-0.29,2782.00,-28.68,8580.00,0.00,1691.00,-29.49,26.99,1.82,3.34,4.48,18.94,25.37,47.89,25917976398.24,3.55,21.55,16.31,8612.50,8750.33,9006.60,9173.25,10188.78,12401.56,16352.35,10696.65,11692.55,407.41,93.11,281.12,7606854390.78,2922674552.19,4477431756.60
[object Object],FORTUM,Fortum Oyj,OMXHEX,23.42,stock,common,100.00,1.00,false,0.00,EUR,-1.06,719409.00,0.42,24161695070.41,USD,25.38,1.05,-12.20,3.13,Utilities,finland,Utilities,Neutral,Neutral,-1.06,-4.13,15.65,20.38,10.21,28.68,51.34,-10.95,70.82,415.86,3.13,3.69,Buy,Buy,StrongBuy,Strong buy,Sell,Sell,58.08,-0.57,1.96,34.30,56.48,58.19,0.00,0.00,0.00,0.00,0.00,-0.21,719409.00,-3.42,0.00,0.00,0.00,62.25,25.38,0.00,3.87,2.58,24.35,47.22,10.00,26261796970.41,4.19,23.58,17.74,23.76,21.94,21.09,20.66,20.38,24.87,33.20,16.71,25.76,1.19,0.14,0.13,6738803938.02,1143519409.92,1123950744.07
[object Object],CNP,"CenterPoint Energy, Inc.",NYSE,36.60,stock,common,100.00,1.00,false,0.00,USD,-0.58,1932316.00,0.27,24112457732.74,USD,21.58,1.70,18.24,2.50,Utilities,america,Utilities,Buy,Buy,-0.58,-4.30,-6.17,-17.67,-13.59,-4.50,-6.60,45.95,52.14,239.46,1.26,1.56,StrongSell,Strong sell,StrongSell,Strong sell,Neutral,Neutral,25.21,-2.51,-1.88,-160.74,3.15,3.77,0.00,36.86,0.11,0.49,600.00,-0.11,1932316.00,-72.10,0.00,0.00,0.00,1.43,21.58,1.19,2.55,2.06,9.46,0.00,51.32,48730457732.74,5.07,21.79,12.49,37.82,39.07,40.31,41.62,41.40,45.47,50.00,38.00,46.00,1.91,0.37,0.49,9931211327.00,2124178194.00,2112923425.00
[object Object],XYL,Xylem Inc.,NYSE,102.94,stock,common,100.00,1.00,false,0.00,USD,0.27,852621.00,0.32,24035133737.92,USD,24.45,4.21,9.42,1.65,Producer manufacturing,america,Producer Manufacturing,Buy,Buy,0.27,-4.14,-9.01,-12.29,-13.43,-24.47,-26.86,-24.01,100.98,338.04,2.51,2.43,StrongSell,Strong sell,StrongSell,Strong sell,Sell,Sell,31.37,-4.02,-5.17,-281.87,27.32,40.28,"tweezer_bottom_bullish,doji",0.00,0.00,0.00,0.00,0.22,852621.00,-79.08,0.00,0.00,0.00,-27.79,24.45,2.59,2.66,2.31,18.72,26.39,19.09,26059133737.92,2.86,18.60,13.25,106.67,109.75,113.96,113.60,121.93,155.53,180.00,130.00,160.00,5.66,1.35,1.45,9204158768.00,2341514241.00,2285833882.00
[object Object],PPL,PPL Corporation,NYSE,31.86,stock,common,100.00,1.00,false,0.00,USD,-0.33,3222115.00,0.58,23979839530.72,USD,18.93,1.68,26.57,3.49,Utilities,america,Utilities,Buy,Buy,-0.33,-4.45,-9.09,-14.34,-15.12,-8.96,-12.84,11.89,-10.67,373.68,1.58,1.46,Sell,Sell,StrongSell,Strong sell,Neutral,Neutral,23.74,-2.21,-1.88,-162.67,3.61,2.55,0.00,0.00,0.00,0.00,0.00,0.03,3222115.00,-50.37,0.00,0.00,0.00,-4.94,18.93,0.71,2.58,1.59,9.09,0.00,71.18,43963839530.72,4.68,19.42,11.66,32.94,34.23,34.76,35.34,36.13,40.64,45.00,35.00,41.50,1.95,0.34,0.53,9691475717.00,2190192002.00,2415487539.00
[object Object],AKRBP,Aker BP ASA,OSL,348.60,stock,common,10.00,1.00,false,0.00,NOK,-3.27,654976.00,0.54,23942040211.32,USD,16.06,2.19,66.91,6.99,Energy minerals,norway,Energy Minerals,Neutral,Neutral,-3.27,-1.25,1.63,14.30,0.20,36.12,34.96,35.96,191.47,463.01,2.67,1.96,Sell,Sell,Sell,Sell,Sell,Sell,45.49,-11.80,-3.71,-103.59,40.32,34.49,0.00,0.00,0.00,0.00,0.00,-2.08,654976.00,-34.08,348.60,0.00,265123.00,42.57,16.06,0.25,2.00,1.91,2.70,22.21,7.97,31158157030.81,2.72,4.04,3.04,359.54,356.20,347.93,338.23,317.99,35.08,41.37,22.78,34.71,3.28,0.94,0.81,12242155055.58,3651407909.00,3261383427.00
[object Object],DIM,Sartorius Stedim Biotech SA,EURONEXT,212.40,stock,common,10.00,2.00,false,0.00,EUR,-1.58,89707.00,0.92,23894821209.65,USD,70.63,3.43,29.94,0.32,Health technology,france,Health Technology,StrongBuy,Strong buy,-1.58,8.20,9.48,20.89,26.43,1.43,18.33,-60.22,217.06,849500.00,3.35,3.02,Buy,Buy,StrongBuy,Strong buy,Sell,Sell,68.42,25.50,14.53,190.58,91.01,92.78,0.00,0.00,0.00,0.00,0.00,0.09,89707.00,-24.74,212.40,0.00,61277.00,6.51,70.63,2.40,6.99,4.88,33.60,93.64,101.35,26407548764.65,7.69,41.40,26.22,200.39,194.27,186.04,180.20,181.91,275.05,304.27,241.55,278.72,5.90,1.44,1.35,3678618562.89,906420315.69,859632116.88
[object Object],PPG,"PPG Industries, Inc.",NYSE,107.47,stock,common,100.00,1.00,false,0.00,USD,1.08,581656.00,0.32,23889469759.77,USD,15.43,6.96,23.48,2.70,Process industries,america,Process Industries,Buy,Buy,1.08,2.85,-6.09,-11.46,2.73,4.30,2.09,-27.79,4.26,7775.26,1.68,2.10,Sell,Sell,StrongSell,Strong sell,Buy,Buy,45.60,1.97,-4.13,-21.75,36.78,33.93,0.00,0.00,0.00,0.00,0.00,0.43,581656.00,-64.17,0.00,0.00,0.00,-5.92,15.43,0.65,1.45,2.83,11.12,17.10,15.09,29901469759.77,1.82,13.77,10.92,105.88,109.73,112.17,113.13,111.89,126.76,138.00,115.00,126.00,7.90,2.25,2.14,16788469220.00,4365175209.00,4278474736.00
[object Object],ES,Eversource Energy,NYSE,63.38,stock,common,100.00,1.00,false,0.00,USD,-0.66,1172048.00,0.44,23873644967.56,USD,16.42,3.86,66.18,4.83,Utilities,america,Utilities,Neutral,Neutral,-0.66,-7.70,-10.74,-12.31,-6.21,-6.51,-7.76,-23.39,12.70,281.23,1.63,1.66,Sell,Sell,StrongSell,Strong sell,Neutral,Neutral,24.17,-5.14,-4.43,-178.13,1.76,2.16,0.00,0.00,0.00,0.00,0.00,0.16,1172048.00,-54.41,0.00,0.00,0.00,2.59,16.42,0.25,1.72,1.46,5.39,80.26,13.13,52017679967.56,3.72,16.63,9.62,66.55,69.50,70.97,70.67,70.24,73.64,85.00,52.00,75.00,4.65,0.87,1.03,13694827043.00,2988920513.00,3258925862.00
[object Object],SYF,Synchrony Financial,NYSE,73.12,stock,common,100.00,1.00,false,0.00,USD,2.19,1072150.00,0.34,23791117538.69,USD,7.50,9.75,18.48,1.73,Finance,america,Finance,Buy,Buy,2.19,-1.52,-9.36,-6.84,10.39,-12.65,-0.57,44.48,169.22,217.91,3.00,2.56,Sell,Sell,StrongSell,Strong sell,Neutral,Neutral,40.76,-2.87,-4.68,-116.24,15.38,9.12,0.00,72.12,0.80,0.60,216.00,0.21,1072150.00,-57.16,0.00,0.00,0.00,-14.32,7.50,0.40,1.26,1.57,2.52,2.52,1.51,25746117538.69,1.36,2.44,2.36,73.93,77.17,76.84,74.96,74.97,89.32,104.00,78.00,89.50,9.36,2.14,2.38,15150183247.00,3724720221.00,3825965818.00
[object Object],PHIA,Koninklijke Philips N.V.,EURONEXT,21.87,stock,common,100.00,1.00,false,0.00,EUR,1.91,1403611.00,0.91,23729952174.16,USD,18.98,1.32,0.00,3.96,Health services,netherlands,Health Services,Buy,Buy,1.91,1.44,-7.13,-9.44,-8.19,-5.53,-2.58,-40.21,-9.32,348.30,1.28,1.72,Sell,Sell,StrongSell,Strong sell,Buy,Buy,44.97,0.73,-0.88,-26.91,40.83,36.30,0.00,0.00,0.00,0.00,0.00,0.56,1403611.00,22.82,21.87,0.00,947892.00,-7.43,18.98,0.00,1.18,1.87,9.28,10.62,11.84,30220245424.16,1.50,16.42,9.32,21.66,22.41,22.70,22.95,23.69,30.69,38.27,25.51,30.15,1.92,0.40,0.41,21051670435.52,4919722416.18,5040312691.58
[object Object],VLTO,Veralto Corporation,NYSE,97.14,stock,common,100.00,1.00,false,0.00,USD,0.98,529564.00,0.28,23682085288.94,USD,24.48,3.97,11.10,0.52,Producer manufacturing,america,Producer Manufacturing,Buy,Buy,0.98,2.25,-1.68,9.58,12.63,-2.10,-8.36,25.75,25.75,25.75,1.58,1.64,StrongBuy,Strong buy,StrongBuy,Strong buy,Buy,Buy,55.42,3.04,-1.09,37.86,69.29,55.25,0.00,0.00,0.00,0.00,0.00,-0.16,529564.00,-73.12,0.00,0.00,0.00,-13.16,24.48,2.18,4.15,7.66,21.65,22.81,11.27,24943085288.94,4.38,19.26,17.97,95.75,96.83,96.22,91.58,93.07,114.57,136.00,100.00,112.50,4.38,1.01,1.09,5910324308.00,1454912600.00,1497820250.00
[object Object],RBI,Raiffeisen Bank International AG,VIE,64.70,stock,common,100.00,5.00,false,0.00,EUR,2.62,264626.00,0.55,23558834346.90,USD,9.02,8.20,0.00,2.54,Finance,austria,Finance,Buy,Buy,2.62,4.52,3.52,17.74,72.17,68.84,121.88,194.36,379.79,73.24,2.60,2.91,StrongBuy,Strong buy,StrongBuy,Strong buy,Neutral,Neutral,55.49,-1.80,0.73,45.36,66.67,62.76,0.00,0.00,0.00,0.00,0.00,0.56,264626.00,-28.13,64.70,0.00,175682.00,118.00,9.02,0.00,2.06,1.04,3.93,4.38,0.00,77790609846.90,4.91,0.00,0.00,63.20,63.27,61.77,56.50,48.43,69.81,92.31,41.31,77.31,7.97,1.92,2.32,10094028789.10,2284295863.54,2692369221.48
[object Object],RF,Regions Financial Corporation,NYSE,27.58,stock,common,100.00,1.00,false,0.00,USD,1.17,4777094.00,0.51,23496215928.70,USD,11.22,2.46,14.60,3.89,Finance,america,Finance,Neutral,Neutral,1.17,-3.80,-10.25,-8.52,8.50,1.81,3.92,31.58,184.62,1006.62,1.95,2.00,Sell,Sell,StrongSell,Strong sell,Buy,Buy,28.23,-2.55,-2.20,-127.87,6.99,6.13,0.00,27.60,1.25,0.48,800.00,0.11,4777094.00,-45.39,0.00,0.00,0.00,0.19,11.22,0.76,3.09,1.35,13.29,13.29,0.00,22638215928.70,2.38,0.00,0.00,28.38,29.77,30.36,29.59,28.70,32.64,36.00,28.00,33.00,2.64,0.63,0.66,7828722335.00,1936372974.00,1987127631.00
[object Object],TPL,Texas Pacific Land Corporation,NYSE,339.42,stock,common,100.00,1.00,false,0.00,USD,0.35,139508.00,0.28,23411385220.31,USD,43.27,7.84,17.27,0.67,Miscellaneous,america,Miscellaneous,Buy,Buy,0.35,-2.37,-8.16,-10.87,-35.11,18.68,8.92,131.77,1289.17,482239.44,4.76,3.68,Sell,Sell,StrongSell,Strong sell,Neutral,Neutral,39.66,-29.68,-15.06,-158.24,6.71,13.85,0.00,335.00,-0.96,-0.37,474.00,-1.29,139508.00,-59.63,0.00,0.00,0.00,20.97,43.27,2.50,26.02,14.00,39.18,44.92,94.25,23178286220.31,25.82,34.47,31.32,352.08,363.77,373.78,383.71,395.89,442.00,639.00,247.00,440.00,9.30,2.18,2.36,1010000000.00,249500000.00,255000000.00
[object Object],INDU_C,Industrivarden AB Class C,OMXSTO,541.40,stock,common,10.00,2.00,false,0.00,SEK,0.67,239779.00,0.78,23398689047.31,USD,3.72,14.95,379.35,1.63,Finance,sweden,Finance,Sell,Sell,0.67,0.48,0.67,4.40,18.81,30.24,45.85,97.09,246.83,518.74,1.46,1.49,Buy,Buy,StrongBuy,Strong buy,Buy,Buy,55.49,11.60,8.82,118.73,75.43,80.64,rising_window_bullish,0.00,0.00,0.00,0.00,1.34,239779.00,7.51,0.00,0.00,0.00,45.79,3.72,0.01,24.44,1.04,25.35,25.35,59.51,23634629047.31,24.21,3.64,0.00,535.64,532.57,534.94,520.89,490.06,52.04,57.74,47.00,50.65,9.37,0.00,0.00,841146800.00,0.00,0.00
[object Object],VACN,VAT Group AG,SIX,654.80,stock,common,10.00,2.00,false,0.00,CHF,1.46,67438.00,0.78,23378934579.76,USD,94.71,8.55,-7.14,1.08,Producer manufacturing,switzerland,Producer Manufacturing,Buy,Buy,1.46,8.63,7.34,-1.89,29.00,63.29,88.98,52.00,712.91,1159.23,2.84,2.92,Buy,Buy,StrongBuy,Strong buy,Neutral,Neutral,59.90,40.40,33.71,134.28,82.43,88.57,0.00,0.00,0.00,0.00,0.00,1.70,67438.00,29.05,654.80,0.00,28822.00,82.31,94.71,0.00,18.86,28.65,73.87,84.07,170.46,23719002747.76,18.66,75.81,62.90,618.68,613.20,620.90,633.64,565.91,888.58,1036.07,738.65,908.08,13.49,4.01,7.25,1682720072.72,630364521.49,969392358.00
[object Object],ULTA,Ulta Beauty Inc.,NASDAQ,545.76,stock,common,100.00,1.00,false,0.00,USD,-0.55,106512.00,0.20,23335319705.67,USD,19.88,27.45,5.20,0.00,Retail trade,america,Retail Trade,Buy,Buy,-0.55,-0.06,1.97,11.56,5.44,-9.96,1.18,42.87,131.25,1553.82,2.64,3.08,Buy,Buy,Buy,Buy,Sell,Sell,52.60,-1.02,13.55,11.19,44.97,51.35,0.00,0.00,0.00,0.00,0.00,0.36,106512.00,-65.63,0.00,0.00,0.00,-1.07,19.88,3.85,1.82,8.84,15.00,20.46,110.10,25645899705.67,1.98,15.71,13.13,545.83,538.32,528.45,505.42,557.00,638.30,731.00,500.00,645.00,29.00,6.22,5.62,13276043561.00,2988196506.00,2986772334.00
[object Object],EMSN,EMS-CHEMIE HOLDING AG,SIX,820.50,stock,common,10.00,5.00,false,0.00,CHF,-0.24,11904.00,0.78,23235021596.02,USD,40.46,25.09,2.71,2.24,Process industries,switzerland,Process Industries,Neutral,Neutral,-0.24,2.43,6.14,15.56,31.07,48.64,45.22,-12.53,56.43,698.54,1.98,1.67,Buy,Buy,StrongBuy,Strong buy,Neutral,Neutral,59.54,24.50,29.26,108.43,77.24,85.14,0.00,0.00,0.00,0.00,0.00,0.00,11904.00,-33.49,820.50,0.00,5979.00,38.24,40.46,14.97,9.92,9.15,33.01,34.59,22.65,22254679323.22,9.27,31.02,28.38,812.50,793.52,797.45,747.46,680.72,889.73,1042.06,763.37,908.77,27.07,13.36,12.70,2488463503.76,1220399150.00,1120113720.00
[object Object],ALFA,Alfa Laval AB,OMXSTO,563.40,stock,common,10.00,2.00,false,0.00,SEK,0.68,290680.00,0.52,23222259068.23,USD,28.42,2.04,2.11,1.61,Producer manufacturing,sweden,Producer Manufacturing,Buy,Buy,0.68,1.51,-1.98,-0.04,9.19,21.03,29.49,65.71,314.87,2235.34,1.76,1.77,Buy,Buy,StrongBuy,Strong buy,Neutral,Neutral,53.95,15.20,1.23,80.98,82.85,84.23,spinning_top_black,0.00,0.00,0.00,0.00,1.00,290680.00,-52.77,0.00,0.00,0.00,26.78,28.42,13.41,3.28,5.12,26.53,39.56,46.79,24874441468.23,3.44,18.93,15.57,552.82,557.96,560.90,554.75,533.38,60.18,69.28,43.67,62.25,2.39,0.57,0.57,7978285317.16,1839889621.61,1876047271.22
[object Object],ENTG,"Entegris, Inc.",NASDAQ,151.04,stock,common,100.00,1.00,false,0.00,USD,1.62,343882.00,0.15,23078913219.46,USD,75.64,2.00,2.65,0.27,Producer manufacturing,america,Producer Manufacturing,Buy,Buy,1.62,10.31,7.97,-10.02,33.37,75.30,65.89,15.47,783.27,1288.87,4.29,3.86,Buy,Buy,StrongBuy,Strong buy,Neutral,Neutral,59.00,10.67,4.39,143.94,90.28,93.07,0.00,150.13,1.01,0.96,499.00,0.16,343882.00,-80.44,0.00,0.00,0.00,53.64,75.64,28.12,6.86,5.55,29.72,40.33,65.61,26285313219.46,7.90,46.25,28.40,141.01,141.50,139.53,143.07,130.54,175.20,215.00,120.00,174.00,3.92,0.82,1.02,3574756692.00,835789431.00,921955400.00
[object Object],DRI,"Darden Restaurants, Inc.",NYSE,202.05,stock,common,100.00,1.00,false,0.00,USD,-2.50,729881.00,0.50,22941112342.42,USD,19.45,10.39,17.07,2.95,Consumer services,america,Consumer Services,Buy,Buy,-2.50,-2.20,-8.04,-4.95,2.05,9.49,8.18,27.42,221.74,3371.47,2.27,2.34,StrongSell,Strong sell,StrongSell,Strong sell,Sell,Sell,39.27,-7.84,-5.55,-165.20,21.07,31.95,0.00,0.00,0.00,0.00,0.00,-1.12,729881.00,-62.64,0.00,0.00,0.00,10.59,19.45,1.17,1.81,10.44,12.56,21.30,102.27,30724112342.42,2.33,19.11,14.17,209.96,214.89,211.68,206.88,203.69,236.40,276.00,200.00,237.00,11.28,2.05,2.27,13700614028.00,3207363929.00,3270805753.00
[object Object],IHG,InterContinental Hotels Group PLC,LSE,156.35,stock,common,100.00,5.00,false,0.00,USD,0.35,186156.00,0.57,22798423936.00,USD,33.22,4.71,-0.31,1.22,Consumer services,uk,Consumer Services,Buy,Buy,0.35,2.19,-4.84,-9.44,18.40,11.68,33.12,146.62,226.81,1755.64,2.12,2.04,Neutral,Neutral,Neutral,Neutral,Neutral,Neutral,50.24,2.85,-2.10,34.58,62.68,51.13,0.00,0.00,0.00,0.00,0.00,0.83,186156.00,-45.48,156.35,0.00,116875.00,23.68,33.22,0.00,4.42,0.00,25.11,25.85,28.43,26512423936.01,4.98,21.11,19.02,154.13,157.41,157.63,159.34,148.66,166.31,195.00,133.00,172.50,5.76,2.65,2.99,5548953415.00,2702650000.00,2930000000.00
[object Object],CHD,"Church & Dwight Co., Inc.",NYSE,96.05,stock,common,100.00,1.00,false,0.00,USD,0.76,310101.00,0.17,22783435339.58,USD,30.91,3.11,46.59,1.28,Consumer non-durables,america,Consumer Non-Durables,Buy,Buy,0.76,2.17,-6.38,-3.12,2.97,15.00,9.72,16.10,99.65,38800.03,1.37,1.59,Sell,Sell,Sell,Sell,Neutral,Neutral,45.16,1.90,-2.50,-30.63,47.91,43.03,0.00,95.38,0.05,0.05,100.00,-0.02,310101.00,-75.23,0.00,0.00,0.00,2.11,30.91,0.66,3.65,5.24,18.15,20.51,89.79,24956935339.58,4.01,22.94,19.04,95.34,97.80,98.67,97.47,95.73,106.82,115.00,86.00,110.00,3.78,0.90,0.90,6232295109.00,1502775746.00,1576885564.00
[object Object],SGSN,SGS SA,SIX,94.50,stock,common,100.00,2.00,false,0.00,CHF,0.04,212982.00,0.60,22684193627.61,USD,27.85,4.20,2.64,3.39,Commercial services,switzerland,Commercial Services,Buy,Buy,0.04,1.79,1.16,1.70,10.84,4.28,16.58,-17.68,7.68,382.14,1.59,1.47,Buy,Buy,StrongBuy,Strong buy,Neutral,Neutral,56.57,2.22,1.44,112.20,68.01,74.28,"doji_star_bearish,doji",0.00,0.00,0.00,0.00,0.02,212982.00,-33.57,94.50,0.00,149185.00,16.56,27.85,10.53,2.57,18.54,14.76,18.62,14.25,27554043227.61,3.09,20.62,14.10,93.78,93.05,94.16,92.29,91.32,124.72,145.30,101.34,128.21,5.17,2.16,2.91,9608474068.33,4530313807.25,4920278873.40
[object Object],GPN,Global Payments Inc.,NYSE,85.58,stock,common,100.00,1.00,false,0.00,USD,0.31,691703.00,0.26,22644717022.08,USD,26.85,3.19,-44.26,1.17,Finance,america,Finance,Buy,Buy,0.31,0.69,-8.63,26.65,23.61,10.28,-0.94,-47.04,14.21,2182.00,2.46,2.75,Sell,Sell,Sell,Sell,Neutral,Neutral,43.94,-2.72,-4.64,-73.29,17.50,11.99,0.00,85.22,-0.11,0.11,875.00,1.05,691703.00,-69.40,0.00,0.00,0.00,7.20,26.85,0.00,2.26,0.98,13.94,28.10,4.06,41365856022.08,4.06,19.72,8.98,86.11,89.65,87.79,79.23,76.45,104.31,194.00,70.00,96.00,13.65,3.44,3.58,12356666522.00,3163650887.00,3181619859.00
[object Object],TPR,"Tapestry, Inc.",NYSE,113.38,stock,common,100.00,1.00,false,0.00,USD,1.12,731453.00,0.23,22607028989.25,USD,15.57,7.28,1049.79,1.43,Retail trade,america,Retail Trade,Buy,Buy,1.12,-2.01,-13.03,-21.62,-19.01,-12.26,1.58,186.89,215.82,4435.20,2.82,2.96,Sell,Sell,StrongSell,Strong sell,Neutral,Neutral,34.36,-5.11,-13.09,-89.19,15.53,12.83,0.00,112.57,0.40,0.77,445.00,-0.52,731453.00,-59.76,0.00,0.00,0.00,-2.99,15.57,0.01,2.90,32.83,11.87,12.96,20.38,25408028989.25,3.17,13.24,11.90,114.57,121.60,133.08,137.11,138.75,172.61,232.00,140.00,169.50,7.98,1.28,1.56,8554080745.00,1873166798.00,1846153946.00
[object Object],NN,NN Group N.V.,EURONEXT,79.96,stock,common,100.00,2.00,false,0.00,EUR,1.39,413770.00,0.67,22595567473.12,USD,11.79,7.74,44.63,5.14,Finance,netherlands,Finance,Buy,Buy,1.39,-1.16,3.04,4.52,20.39,21.52,35.76,78.64,187.47,280.76,1.55,1.43,StrongBuy,Strong buy,StrongBuy,Strong buy,Neutral,Neutral,54.73,1.70,1.38,56.34,61.40,65.48,0.00,0.00,0.00,0.00,0.00,0.51,413770.00,-8.93,79.96,0.00,221433.00,33.79,11.79,0.26,0.87,1.09,0.00,0.00,0.00,39625050323.12,1.47,0.00,0.00,79.74,78.47,79.03,76.94,72.60,94.62,111.61,84.71,92.15,9.95,4.21,4.33,17403654278.00,9093081720.00,7045466450.00
[object Object],MTX,MTU Aero Engines AG,XETR,369.90,stock,common,10.00,1.00,false,0.00,EUR,0.49,145172.00,1.00,22559050524.72,USD,21.60,19.55,10.74,0.98,Electronic technology,germany,Electronic Technology,Buy,Buy,0.49,7.03,4.88,3.21,20.06,3.79,2.01,83.76,311.00,1589.81,2.55,2.58,Buy,Buy,StrongBuy,Strong buy,Neutral,Neutral,61.35,26.20,3.53,190.98,92.49,90.58,doji,0.00,0.00,0.00,0.00,0.52,145172.00,-15.92,370.70,0.22,70677.00,-5.13,21.60,2.00,2.19,4.39,19.99,35.76,15.68,24058473224.72,2.28,17.32,13.20,349.59,352.85,356.20,340.62,345.27,469.20,602.95,364.05,477.81,22.06,0.00,0.00,11389337792.11,0.00,0.00
[object Object],EDP,EDP S.A.,EURONEXT,4.84,stock,common,1000.00,1.00,false,0.00,EUR,0.94,8653719.00,0.85,22540345831.76,USD,17.09,0.32,57.72,4.28,Utilities,portugal,Utilities,Buy,Buy,0.94,0.06,3.18,7.53,9.18,23.44,20.94,3.93,65.92,111.31,1.43,1.83,StrongBuy,Strong buy,StrongBuy,Strong buy,Buy,Buy,58.94,0.04,0.12,99.26,74.44,77.12,0.00,0.00,0.00,0.00,0.00,0.13,8653719.00,-15.09,4.84,0.00,3831066.00,27.17,17.09,0.29,1.24,1.74,7.25,0.00,6.18,51740270726.11,2.82,17.18,9.57,4.77,4.71,4.63,4.54,4.42,6.03,6.87,5.15,6.07,0.38,0.09,0.07,18649945795.59,4313477250.76,4510094574.70
[object Object],TROW,"T. Rowe Price Group, Inc.",NASDAQ,105.35,stock,common,100.00,1.00,false,0.00,USD,1.04,400021.00,0.23,22472823196.59,USD,10.57,9.97,11.48,4.93,Finance,america,Finance,Sell,Sell,1.04,2.44,-7.02,-1.04,17.57,2.81,2.26,-50.06,60.50,12992.03,1.88,1.90,Sell,Sell,Sell,Sell,Neutral,Neutral,40.94,-0.94,-4.74,-45.23,35.61,31.53,0.00,0.00,0.00,0.00,0.00,0.57,400021.00,-70.75,0.00,0.00,0.00,-4.59,10.57,0.91,2.94,2.04,7.32,7.99,6.98,21058323196.59,2.77,7.51,6.55,104.24,108.41,111.28,109.79,103.88,106.67,124.00,90.00,108.50,10.20,2.51,2.67,7741474655.00,1894552550.00,1982654664.00
[object Object],PHM,"PulteGroup, Inc.",NYSE,119.53,stock,common,100.00,1.00,false,0.00,USD,1.14,447593.00,0.25,22406202781.63,USD,12.21,9.79,-26.81,0.85,Consumer durables,america,Consumer Durables,Buy,Buy,1.14,1.66,-8.55,-12.21,3.18,0.91,-7.01,152.97,507.06,73931.18,2.03,2.21,Sell,Sell,StrongSell,Strong sell,Neutral,Neutral,44.96,1.27,-5.22,-40.55,38.20,41.09,morning_star_bullish,118.48,0.25,0.25,162.00,0.30,447593.00,-70.97,0.00,0.00,0.00,-15.54,12.21,0.00,1.37,1.72,13.76,14.77,16.54,23457041781.63,1.43,9.18,8.79,118.97,123.44,125.77,124.03,124.91,139.57,166.00,100.00,145.00,10.12,2.36,2.66,16395200989.00,3942035239.00,4174902547.00
[object Object],VRSK,"Verisk Analytics, Inc.",NASDAQ,169.55,stock,common,100.00,1.00,false,0.00,USD,0.53,579187.00,0.43,22067952581.77,USD,26.05,6.51,0.38,1.13,Technology services,america,Technology Services,Buy,Buy,0.53,-3.56,-9.29,-4.55,-8.60,-23.61,-30.51,-17.98,109.89,527.96,2.59,2.95,Sell,Sell,StrongSell,Strong sell,Buy,Buy,36.98,-6.65,-10.77,-107.84,8.01,6.82,tweezer_bottom_bullish,0.00,0.00,0.00,0.00,-0.21,579187.00,-62.05,0.00,0.00,0.00,-32.88,26.05,68.58,7.04,0.00,14.76,17.94,40.18,26132852581.77,8.33,18.60,15.09,175.47,181.98,187.12,182.73,191.27,237.29,263.00,195.00,235.00,7.71,1.93,1.93,3219532699.00,804019081.00,806282494.00
[object Object],MTSI,"MACOM Technology Solutions Holdings, Inc.",NASDAQ,287.75,stock,common,100.00,1.00,false,0.00,USD,0.99,346153.00,0.23,21975734116.62,USD,92.55,3.11,0.00,0.00,Electronic technology,america,Electronic Technology,Buy,Buy,0.99,5.57,7.74,-23.89,27.85,64.64,130.02,328.71,621.90,1406.54,3.92,4.34,Buy,Buy,StrongBuy,Strong buy,Buy,Buy,56.36,12.85,1.76,114.98,89.55,85.47,0.00,289.81,1.71,0.37,1546.00,0.52,346153.00,-69.38,0.00,0.00,0.00,122.54,92.55,0.00,19.19,14.26,83.20,110.56,34.03,21726755116.62,18.67,103.05,78.96,267.77,272.56,273.81,315.52,270.51,395.33,475.00,300.00,380.00,5.51,1.35,2.00,1324154557.00,336081403.00,420154023.00
[object Object],CASY,"Casey's General Stores, Inc.",NASDAQ,594.24,stock,common,100.00,1.00,false,0.00,USD,-0.77,170629.00,0.23,21963208701.40,USD,28.61,20.77,33.36,0.39,Retail trade,america,Retail Trade,Buy,Buy,-0.77,-2.29,-27.75,-24.47,-16.09,7.69,9.01,213.60,406.99,47438.97,2.73,3.48,Sell,Sell,StrongSell,Strong sell,Neutral,Neutral,26.91,-21.23,-139.98,-60.21,11.25,8.76,0.00,595.76,-0.52,0.11,140.00,-0.07,170629.00,-72.12,0.00,0.00,0.00,8.56,28.61,0.86,1.19,5.37,15.89,34.01,42.12,24327297701.40,1.30,22.17,15.65,596.33,714.43,770.67,797.69,730.69,790.53,933.00,687.00,775.00,21.37,6.78,5.87,20903912664.00,5560967597.00,5496863430.00
[object Object],KEY,KeyCorp,NYSE,20.57,stock,common,100.00,1.00,false,0.00,USD,1.56,7496005.00,0.43,21945498426.12,USD,11.96,1.72,0.00,4.05,Finance,america,Finance,Buy,Buy,1.56,-1.60,-6.57,-12.38,3.92,-0.32,10.21,-4.17,68.57,1107.49,1.76,1.97,Sell,Sell,StrongSell,Strong sell,Buy,Buy,35.93,-1.27,-1.30,-101.25,11.79,7.90,0.00,20.37,0.59,0.54,1199.00,0.40,7496005.00,-54.71,0.00,0.00,0.00,6.14,11.96,0.00,2.85,1.27,25.44,29.19,0.00,37393498426.12,3.38,0.00,0.00,20.85,21.64,22.11,22.17,21.62,24.92,28.00,22.00,25.00,1.83,0.42,0.46,8073847338.00,1970203195.00,2039836308.00
[object Object],UNI,UNIPOL ASSICURAZIONI SPA,MIL,27.08,stock,common,100.00,1.00,false,0.00,EUR,0.74,733104.00,0.62,21918787856.67,USD,11.01,2.81,51.57,4.17,Finance,italy,Finance,StrongBuy,Strong buy,0.74,-4.31,-5.05,12.51,38.55,31.65,53.51,445.97,1012.57,-53.60,2.44,1.96,Sell,Sell,Sell,Sell,Neutral,Neutral,41.24,-0.85,-0.70,-178.65,15.65,20.16,0.00,0.00,0.00,0.00,0.00,1.12,733104.00,-33.32,0.00,0.00,0.00,53.88,11.01,0.21,1.26,1.69,4.61,5.41,0.00,26460286656.67,1.52,0.00,0.00,27.70,28.06,27.87,25.70,23.01,36.79,39.12,33.87,37.37,2.54,0.00,0.00,20748423856.00,10321938280.00,9517579900.00
[object Object],TPRO,Technoprobe SpA,MIL,30.14,stock,common,100.00,2.00,false,0.00,EUR,2.24,753783.00,0.39,21858704688.75,USD,93.75,0.37,196.86,0.00,Electronic technology,italy,Electronic Technology,StrongBuy,Strong buy,2.24,3.22,10.00,-11.09,105.31,141.12,243.08,383.01,383.01,383.01,4.35,4.94,Buy,Buy,StrongBuy,Strong buy,Neutral,Neutral,54.37,-0.86,1.65,82.25,69.61,77.91,0.00,0.00,0.00,0.00,0.00,2.44,753783.00,-7.86,30.14,0.00,9167.00,254.09,93.75,0.47,24.62,13.89,84.08,246.83,27.36,21096166335.00,24.10,79.38,61.33,29.56,28.59,28.86,30.24,23.00,46.39,58.04,28.56,46.43,0.62,0.22,0.32,1280490538.02,520863492.13,673525204.80
[object Object],IFF,International Flavors & Fragrances Inc.,NYSE,85.58,stock,common,100.00,1.00,false,0.00,USD,-0.31,518880.00,0.29,21835733478.11,USD,79.40,1.08,0.00,1.86,Consumer non-durables,america,Consumer Non-Durables,Buy,Buy,-0.31,1.82,-2.12,15.07,20.65,26.73,37.35,-35.43,-38.91,1183.71,1.58,1.72,Buy,Buy,StrongBuy,Strong buy,Neutral,Neutral,54.93,1.97,0.27,32.96,71.12,61.42,engulfing_bearish,0.00,0.00,0.00,0.00,0.56,518880.00,-76.45,0.00,0.00,0.00,30.00,79.40,0.00,2.21,1.56,18.94,40.88,38.65,27542733478.11,2.76,26.33,14.27,84.65,84.96,83.19,79.89,75.85,95.69,105.00,76.00,96.00,3.44,1.07,0.81,7918114191.00,2620958580.00,1902951181.00
[object Object],NXT,Next plc,LSE,14655.00,stock,common,1.00,5.00,false,0.00,GBX,1.77,260014.00,0.69,21714460288.39,USD,18.63,10.61,19.33,1.70,Consumer non-durables,uk,Consumer Non-Durables,Buy,Buy,1.77,-1.08,-6.06,-0.54,16.63,6.97,21.87,77.34,196.84,5715.48,2.12,2.62,Neutral,Neutral,Neutral,Neutral,Neutral,Neutral,46.04,-30.00,-554.83,-62.17,26.73,28.07,0.00,0.00,0.00,0.00,0.00,0.49,260014.00,-27.17,14655.00,0.00,80928.00,17.61,18.63,0.95,2.34,11.12,14.00,16.84,190.99,24342061388.39,2.51,13.43,10.77,14573.00,15018.33,15074.70,14451.00,13835.23,214.73,247.03,183.62,214.33,11.21,4.85,5.97,10033814245.25,4395886863.12,4973970547.00
[object Object],TEF,Telefonica SA,BME,3.45,stock,common,1000.00,1.00,false,0.00,EUR,2.41,13299557.00,0.82,21624452591.35,USD,0.00,-0.67,-40.72,7.22,Communications,spain,Communications,Neutral,Neutral,2.41,-7.39,-6.30,-6.25,-6.07,-1.57,-20.48,-15.12,-63.39,-84.20,2.60,1.98,Sell,Sell,StrongSell,Strong sell,Buy,Buy,38.56,-0.21,-0.16,-171.72,9.65,6.43,"engulfing_bullish,marubozu_white_bullish",0.00,0.00,0.00,0.00,-0.27,13299557.00,14.28,0.00,0.00,0.00,-20.72,0.00,-0.14,0.55,2.72,2.19,4.79,3.31,75124719141.35,1.91,38.54,7.29,3.56,3.62,3.63,3.71,3.66,4.46,5.58,3.53,4.44,0.39,0.13,0.14,39270554667.30,9409929023.04,9504942041.94
[object Object],DLTR,"Dollar Tree, Inc.",NASDAQ,114.46,stock,common,100.00,1.00,false,0.00,USD,0.85,769780.00,0.22,21476163543.01,USD,13.98,8.19,0.00,0.00,Retail trade,america,Retail Trade,Neutral,Neutral,0.85,0.41,-14.54,-4.80,8.67,-6.72,19.35,35.44,43.78,9693.34,2.81,3.87,Sell,Sell,StrongSell,Strong sell,Neutral,Neutral,39.29,-3.71,-10.57,-65.51,11.81,11.09,0.00,113.24,-0.23,1.45,590.00,-0.17,769780.00,-58.42,0.00,0.00,0.00,8.12,13.98,0.00,1.08,6.27,7.01,11.04,20.65,28088863543.01,1.40,13.28,10.00,113.92,123.70,125.03,117.12,117.61,137.33,170.00,98.00,141.00,7.88,1.15,0.93,20684454130.00,4860972016.00,5040724548.00
[object Object],L,Loews Corporation,NYSE,104.88,stock,common,100.00,1.00,false,0.00,USD,-0.18,328472.00,0.26,21440379118.48,USD,12.85,8.16,29.80,0.24,Finance,america,Finance,NoRating,No rating,-0.18,-2.56,-5.67,-4.30,-1.87,-0.11,5.60,96.07,162.86,53029.89,1.62,1.40,Sell,Sell,StrongSell,Strong sell,Buy,Buy,24.61,-3.91,-3.84,-191.86,6.88,5.27,hammer_bullish,0.00,0.00,0.00,0.00,0.23,328472.00,-61.72,0.00,0.00,0.00,9.85,12.85,0.43,1.16,1.12,6.05,7.83,0.00,31293379118.48,1.67,0.00,0.00,107.10,109.11,111.74,110.40,108.96,0.00,0.00,0.00,0.00,0.00,0.00,0.00,21903000000.00,0.00,0.00
[object Object],SRG,Snam S.p.A.,MIL,5.59,stock,common,1000.00,2.00,false,0.00,EUR,-0.04,3827307.00,0.64,21315310631.52,USD,16.37,0.39,-18.07,5.40,Utilities,italy,Utilities,Neutral,Neutral,-0.04,-0.18,-4.71,-12.00,-11.69,-0.82,11.49,12.68,37.65,180.22,1.51,1.68,Sell,Sell,StrongSell,Strong sell,Neutral,Neutral,43.83,0.09,-0.06,7.34,71.43,76.85,0.00,0.00,0.00,0.00,0.00,0.25,3827307.00,-2.46,0.00,0.00,0.00,10.81,16.37,0.00,4.74,2.27,5.52,16.69,6.38,43964784481.52,9.72,21.09,12.76,5.58,5.66,5.78,6.04,6.12,7.35,8.38,6.20,7.46,0.50,0.00,0.00,4751057179.38,2283739313.71,0.00
[object Object],EBP,Erste Bank Polska S.A.,GPW,807.60,stock,common,10.00,2.00,false,0.00,PLN,0.77,36872.00,0.53,21229516464.71,USD,13.92,15.40,5.77,6.24,Finance,poland,Finance,Neutral,Neutral,0.77,5.79,11.86,25.02,41.44,48.18,70.60,170.46,152.34,1055.36,3.19,2.59,StrongBuy,Strong buy,StrongBuy,Strong buy,Buy,Buy,74.79,52.80,48.26,174.68,92.89,91.34,0.00,0.00,0.00,0.00,0.00,-0.37,36872.00,-25.90,0.00,0.00,0.00,54.18,13.92,2.40,4.89,2.56,16.83,19.49,0.00,24989735234.45,4.57,0.00,0.00,775.34,745.66,729.26,679.73,629.51,196.82,231.37,175.29,191.68,14.57,2.93,3.92,4396354761.48,1048072746.02,1073582380.44
[object Object],AMUN,Amundi SA,EURONEXT,91.25,stock,common,100.00,5.00,false,0.00,EUR,0.83,112720.00,0.61,21182875779.10,USD,13.75,7.58,-18.98,4.70,Finance,france,Finance,Buy,Buy,0.83,-1.24,-3.95,9.94,25.34,29.07,38.57,22.32,105.75,108.77,1.72,1.91,Sell,Sell,Sell,Sell,Neutral,Neutral,42.92,-3.30,-2.00,-78.16,24.80,31.14,long_upper_shadow_bearish,0.00,0.00,0.00,0.00,0.99,112720.00,7.78,91.25,0.00,64023.00,39.73,13.75,0.00,2.56,1.47,7.21,7.53,6.70,20673816084.20,2.54,11.04,10.35,91.77,93.93,93.48,89.31,82.35,109.19,125.22,93.34,110.08,9.00,0.00,0.00,4278626112.93,0.00,0.00
[object Object],PKG,Packaging Corporation of America,NYSE,237.57,stock,common,100.00,1.00,false,0.00,USD,-0.22,202018.00,0.32,21167527991.92,USD,30.88,7.69,-23.22,2.20,Process industries,america,Process Industries,Buy,Buy,-0.22,2.18,-4.16,-0.38,12.24,15.36,10.97,67.76,190.93,1879.79,1.80,2.22,Neutral,Neutral,Buy,Buy,Neutral,Neutral,49.23,3.17,-2.83,69.94,78.40,79.37,0.00,0.00,0.00,0.00,0.00,0.53,202018.00,-60.06,0.00,0.00,0.00,9.09,30.88,0.00,2.22,4.54,13.02,28.48,35.61,24978027991.92,2.62,20.74,12.62,235.75,239.74,242.90,234.16,225.75,269.56,320.00,242.00,270.00,10.48,2.31,2.93,10076716821.00,2492654184.00,2611280548.00
[object Object],JBHT,"J.B. Hunt Transport Services, Inc.",NASDAQ,225.20,stock,common,100.00,1.00,false,0.00,USD,-1.72,679741.00,0.45,21149643897.36,USD,31.93,7.05,28.18,0.78,Transportation,america,Transportation,Buy,Buy,-1.72,-4.90,-14.09,-18.12,10.24,15.82,69.49,29.47,187.80,14507.50,2.70,2.83,StrongSell,Strong sell,StrongSell,Strong sell,Neutral,Neutral,27.53,-45.25,-28.08,-117.22,3.43,8.01,0.00,229.00,-0.07,-0.07,284.00,0.31,679741.00,-37.90,0.00,0.00,0.00,71.50,31.93,1.15,1.71,5.78,13.40,19.44,5137.29,22290818897.36,1.76,23.13,13.25,241.84,259.71,267.03,269.37,242.64,303.27,370.00,200.00,303.50,7.58,1.74,1.98,13739270608.00,3262962370.00,3565251835.00
[object Object],LGEN,Legal & General Group Plc,LSE,297.50,stock,common,10.00,1.00,false,0.00,GBX,0.37,19683245.00,0.96,21094806233.22,USD,26.35,0.15,190.23,7.39,Finance,uk,Finance,Sell,Sell,0.37,-0.67,2.41,3.84,22.43,13.68,25.85,5.38,32.40,501.30,1.75,1.77,StrongBuy,Strong buy,StrongBuy,Strong buy,Buy,Buy,53.31,10.40,2.09,89.30,60.57,61.21,0.00,0.00,0.00,0.00,0.00,0.54,19683245.00,16.10,297.50,0.00,7231371.00,18.33,26.35,0.14,0.24,7.55,7.94,8.69,0.00,56870128233.22,0.58,0.00,0.00,296.43,293.58,296.82,286.70,272.68,3.61,5.14,2.55,3.54,0.33,0.16,0.15,20035064426.22,0.00,0.00
[object Object],HEIO,Heineken Holding N.V.,EURONEXT,66.50,stock,common,100.00,5.00,false,0.00,EUR,-0.37,149066.00,0.75,21079426296.47,USD,15.68,4.84,26.48,2.88,Consumer non-durables,netherlands,Consumer Non-Durables,Buy,Buy,-0.37,-0.67,-2.49,-0.45,8.22,6.23,13.97,-12.38,-8.58,175.70,1.49,1.52,Sell,Sell,StrongSell,Strong sell,Neutral,Neutral,43.63,0.35,-1.16,-82.74,24.77,28.83,0.00,0.00,0.00,0.00,0.00,0.30,149066.00,-7.02,66.50,0.00,69306.00,11.11,15.68,0.59,0.63,1.88,3.15,4.62,6.44,55196412146.47,1.64,13.63,8.12,66.97,67.56,69.31,66.94,65.44,111.22,134.15,90.58,108.93,6.47,0.00,0.00,36439275167.27,0.00,0.00
[object Object],CCH,Coca-Cola HBC AG,LSE,4372.00,stock,common,1.00,2.00,false,0.00,GBX,0.28,256577.00,0.27,20991554800.58,USD,18.41,3.15,12.70,2.38,Consumer non-durables,uk,Consumer Non-Durables,Buy,Buy,0.28,-2.84,-5.20,-8.42,2.82,13.56,21.92,76.22,158.39,149.83,2.20,2.05,Sell,Sell,StrongSell,Strong sell,Neutral,Neutral,41.79,-122.00,-174.19,-86.05,36.41,36.17,0.00,0.00,0.00,0.00,0.00,0.18,256577.00,-28.78,4372.00,0.00,159311.00,16.88,18.41,1.45,1.50,4.50,11.56,24.73,3.84,22649840104.69,1.61,14.05,10.62,4449.40,4516.67,4664.86,4610.62,4416.27,68.74,76.11,51.02,71.58,3.39,1.64,1.65,14512161185.83,7038674297.93,7149532224.94
[object Object],BIRG,Bank of Ireland Group PLC,EURONEXT,20.11,stock,common,1000.00,5.00,false,0.00,EUR,1.62,2410400.00,0.84,20988290554.28,USD,14.86,1.55,13.90,3.54,Finance,ireland,Finance,Buy,Buy,1.62,-1.18,5.07,14.20,28.50,23.37,44.68,302.20,183.24,183.24,2.19,2.04,StrongBuy,Strong buy,StrongBuy,Strong buy,Neutral,Neutral,57.50,-0.26,0.53,44.23,38.25,41.94,0.00,0.00,0.00,0.00,0.00,1.06,2410400.00,6.57,20.11,0.00,757769.00,47.37,14.86,1.05,2.77,1.60,3.37,3.47,0.00,12288681004.28,1.29,0.00,0.00,20.10,19.63,19.17,18.32,17.33,24.10,27.56,18.38,24.00,1.92,0.80,1.05,5161992295.20,2398219026.67,2517890210.70
[object Object],RL,Ralph Lauren Corporation Class A,NYSE,352.10,stock,common,100.00,1.00,false,0.00,USD,0.07,251771.00,0.36,20962297556.40,USD,22.20,15.86,26.61,1.06,Consumer non-durables,america,Consumer Non-Durables,StrongBuy,Strong buy,0.07,5.78,-3.33,-13.56,6.97,-0.82,14.33,200.04,254.58,996.03,2.93,2.85,Neutral,Neutral,Buy,Buy,Neutral,Neutral,51.25,13.01,-14.24,113.78,59.87,49.98,0.00,351.00,-0.24,-0.60,89.00,-1.40,251771.00,-73.34,0.00,0.00,0.00,5.38,22.20,0.83,2.58,7.71,16.38,20.69,11.10,22022397556.40,2.64,15.82,13.52,341.05,352.00,365.00,370.93,365.36,459.00,520.00,425.00,457.50,18.92,4.32,4.22,8686872695.00,1866119503.00,2116993302.00
[object Object],BG,Bunge Global SA,NYSE,108.97,stock,common,100.00,1.00,false,0.00,USD,-1.12,405359.00,0.18,20936181513.14,USD,21.13,5.16,-48.49,2.58,Process industries,america,Process Industries,StrongBuy,Strong buy,-1.12,-8.29,-1.65,-2.81,-12.87,22.17,37.25,37.42,81.75,581.09,3.05,3.71,Sell,Sell,StrongSell,Strong sell,Neutral,Neutral,37.97,-13.44,-4.29,-133.45,4.43,4.39,0.00,110.70,0.44,-1.02,1219.00,-0.64,405359.00,-71.72,0.00,0.00,0.00,40.19,21.13,0.00,0.23,1.31,19.77,0.00,25.46,38414181513.14,0.42,19.07,12.91,114.83,116.35,115.16,117.43,115.77,145.20,155.00,135.00,146.00,9.50,1.97,2.47,92506973884.00,22814120572.00,23204191928.00
[object Object],TRN,Terna S.p.A.,MIL,9.17,stock,common,1000.00,2.00,false,0.00,EUR,0.22,2480098.00,0.49,20916262847.48,USD,16.51,0.63,0.93,4.33,Utilities,italy,Utilities,Neutral,Neutral,0.22,-2.09,-7.33,-10.41,-3.53,1.48,8.54,40.40,103.87,405.45,1.47,1.76,Sell,Sell,StrongSell,Strong sell,Neutral,Neutral,37.52,-0.03,-0.26,-72.10,50.98,55.35,0.00,0.00,0.00,0.00,0.00,0.39,2480098.00,-47.89,0.00,0.00,0.00,12.12,16.51,17.78,4.41,3.09,6.29,0.00,8.12,38167132387.48,8.03,18.93,12.06,9.25,9.49,9.73,9.91,9.77,11.37,12.82,9.96,11.45,0.64,0.00,0.00,5182812985.49,2338938880.00,0.00
[object Object],NRG,"NRG Energy, Inc.",NYSE,99.07,stock,common,100.00,1.00,false,0.00,USD,1.25,1113600.00,0.39,20825551902.27,USD,26.20,3.78,59.99,1.91,Utilities,america,Utilities,Buy,Buy,1.25,-6.29,-13.09,-31.76,-32.28,-38.69,-38.45,130.50,762.23,942.84,2.54,3.32,Sell,Sell,StrongSell,Strong sell,Neutral,Neutral,32.57,-14.39,-11.66,-138.64,3.56,4.57,0.00,98.51,0.67,1.01,200.00,0.30,1113600.00,-57.87,0.00,0.00,0.00,-31.46,26.20,0.43,0.63,4.95,13.51,60.35,99.07,44730551902.27,1.35,24.71,12.79,103.54,111.25,118.03,127.16,142.58,194.20,270.00,159.00,190.00,8.89,1.69,3.16,35065847356.00,7311835033.00,9332507759.00
[object Object],OMC,Omnicom Group Inc,NYSE,75.62,stock,common,100.00,1.00,false,0.00,USD,1.23,778613.00,0.20,20746041992.25,USD,64.82,1.17,-83.26,4.15,Commercial services,america,Commercial Services,Buy,Buy,1.23,-2.38,-13.97,2.73,0.51,-6.35,-1.54,0.56,-9.69,6748.57,2.79,2.62,Sell,Sell,StrongSell,Strong sell,Buy,Buy,35.76,-3.39,-7.46,-100.27,12.06,8.79,engulfing_bullish,0.00,0.00,0.00,0.00,-0.27,778613.00,-57.82,0.00,0.00,0.00,44.56,64.82,0.00,0.94,2.37,8.23,8.89,6.37,29750241992.25,1.33,9.30,8.06,77.22,82.51,82.40,79.10,78.40,99.54,139.00,77.00,100.00,10.44,2.67,2.67,25891759315.00,6442346803.00,6213717826.00
[object Object],LUV,Southwest Airlines Co.,NYSE,42.30,stock,common,100.00,1.00,false,0.00,USD,1.79,2697222.00,0.37,20691060054.53,USD,25.66,1.65,147.88,1.73,Transportation,america,Transportation,Buy,Buy,1.79,4.41,1.31,-18.66,8.81,1.89,28.65,-20.94,14.40,441715.52,2.99,2.71,Buy,Buy,Buy,Buy,Neutral,Neutral,57.39,3.05,0.63,133.04,71.23,73.68,0.00,42.00,1.08,0.60,13482.00,1.54,2697222.00,-55.22,0.00,0.00,0.00,17.38,25.66,0.17,0.68,2.92,8.25,0.00,5.50,23789060054.53,0.79,18.29,8.30,40.80,40.33,42.76,43.77,43.47,50.90,65.00,35.00,50.00,3.22,0.51,0.59,33023214148.00,8584022516.00,8216527674.00
[object Object],GMAB,Genmab A/S,OMXCOP,2277.00,stock,common,1.00,1.00,false,0.00,DKK,0.40,99355.00,0.83,20576641559.09,USD,28.09,12.36,-40.84,0.00,Health technology,denmark,Health Technology,StrongBuy,Strong buy,0.40,1.43,4.16,33.67,33.16,14.14,22.39,-18.24,100.97,877.25,1.89,2.16,Buy,Buy,StrongBuy,Strong buy,Neutral,Neutral,66.59,185.00,122.08,106.77,79.48,84.64,0.00,0.00,0.00,0.00,0.00,1.19,99355.00,24.37,0.00,0.00,0.00,21.50,28.09,0.00,5.29,3.49,24.21,24.80,14.30,24318247427.09,6.03,18.68,17.45,2235.70,2174.00,2071.29,1896.93,1897.08,393.93,500.00,313.29,399.75,12.32,3.56,3.77,4622002138.19,1116420085.00,1213041985.00
[object Object],BRO,"Brown & Brown, Inc.",NYSE,61.46,stock,common,100.00,1.00,false,0.00,USD,1.87,751469.00,0.29,20565152830.73,USD,19.43,3.16,-8.81,1.09,Finance,america,Finance,Neutral,Neutral,1.87,-4.95,-15.62,-1.43,-5.62,-22.95,-34.30,5.57,229.10,34470.82,3.16,2.50,Sell,Sell,StrongSell,Strong sell,Buy,Buy,31.06,-4.73,-6.72,-128.31,5.66,4.48,"piercing_bullish,tweezer_bottom_bullish",0.00,0.00,0.00,0.00,-0.31,751469.00,-58.49,0.00,0.00,0.00,-28.09,19.43,0.00,2.97,1.61,13.51,14.20,22.36,27738152830.73,4.09,13.85,11.07,64.18,68.67,69.31,64.95,68.41,76.50,90.00,60.00,77.00,4.49,1.08,1.09,6992594740.00,1714149067.00,1764822750.00
[object Object],STE,STERIS plc,NYSE,208.38,stock,common,100.00,1.00,false,0.00,USD,-0.19,123949.00,0.16,20316585173.02,USD,25.47,8.18,24.05,1.21,Health technology,america,Health Technology,Buy,Buy,-0.19,1.04,-11.21,-1.72,-6.37,-17.78,-14.95,-5.03,185.72,11396.55,1.57,2.04,StrongSell,Strong sell,StrongSell,Strong sell,Neutral,Neutral,33.99,-2.38,-16.54,-63.26,24.22,20.71,0.00,0.00,0.00,0.00,0.00,-0.32,123949.00,-76.36,0.00,0.00,0.00,-18.41,25.47,1.06,3.39,2.82,15.83,22.04,42.30,21893285173.02,3.63,18.49,13.07,208.98,222.48,224.28,217.87,229.30,265.86,280.00,232.00,270.00,11.21,2.49,2.68,6375401112.00,1494865741.00,1561236825.00
[object Object],GEBN,Geberit AG,SIX,545.80,stock,common,10.00,2.00,false,0.00,CHF,1.11,46752.00,0.60,20283492977.15,USD,28.94,23.33,6.58,2.39,Industrial services,switzerland,Industrial Services,Neutral,Neutral,1.11,0.44,-6.16,1.07,2.02,-12.28,-6.32,-25.19,27.43,876.39,2.07,1.65,Sell,Sell,Sell,Sell,Neutral,Neutral,47.23,-0.60,-14.73,-46.27,37.14,36.38,0.00,0.00,0.00,0.00,0.00,0.63,46752.00,-4.69,545.80,0.00,21572.00,-9.46,28.94,4.35,5.54,16.70,21.73,27.82,115.42,21895181297.15,5.52,19.15,16.29,542.48,557.11,549.44,533.35,560.90,706.51,867.86,566.79,700.87,24.49,0.00,0.00,4131248889.92,998339700.00,0.00
[object Object],EIX,Edison International,NYSE,52.37,stock,common,100.00,1.00,false,0.00,USD,-0.32,1282070.00,0.27,20152707689.84,USD,5.39,9.71,42.64,6.59,Utilities,america,Utilities,Neutral,Neutral,-0.32,-4.83,-28.75,-30.29,-26.06,-13.25,-4.47,-9.33,-30.76,488.01,2.19,4.09,Sell,Sell,StrongSell,Strong sell,Neutral,Neutral,29.76,-3.63,-8.80,-128.13,1.11,8.90,0.00,52.80,0.49,0.59,580.00,0.57,1282070.00,-68.71,0.00,0.00,0.00,-0.60,5.39,0.13,1.05,1.16,3.17,0.00,83.75,65097707689.84,3.35,11.22,7.12,54.47,61.95,66.89,69.59,68.30,65.23,86.00,50.00,62.00,6.13,1.18,2.01,19086191554.00,4819875678.00,5460313399.00
[object Object],VTRS,"Viatris, Inc.",NASDAQ,17.53,stock,common,100.00,1.00,false,0.00,USD,0.63,3224930.00,0.36,20134797167.78,USD,0.00,-0.36,87.72,2.76,Health technology,america,Health Technology,Buy,Buy,0.63,1.98,4.84,9.22,31.21,40.24,80.54,30.14,-58.05,34960.00,2.37,2.35,Buy,Buy,StrongBuy,Strong buy,Neutral,Neutral,64.56,1.02,0.59,152.28,83.51,80.39,doji_star_bearish,17.51,0.52,0.46,4058.00,0.57,3224930.00,-76.54,0.00,0.00,0.00,68.67,0.00,0.00,1.37,1.42,8.75,10.43,14.46,32351397167.78,2.19,22.64,7.64,17.08,16.72,16.88,16.60,15.16,19.67,25.00,13.00,20.00,2.52,0.60,0.64,14790047684.00,3675407539.00,3797857209.00
[object Object],EXE,Expand Energy Corporation,NASDAQ,86.97,stock,common,100.00,1.00,false,0.00,USD,-1.86,1289693.00,0.30,20133884734.26,USD,7.51,11.59,2897.49,2.60,Energy minerals,america,Energy Minerals,StrongBuy,Strong buy,-1.86,-1.52,-8.66,-2.04,-21.92,-20.92,-15.91,44.81,102.26,102.26,2.36,2.50,Sell,Sell,StrongSell,Strong sell,Neutral,Neutral,32.49,-7.86,-7.29,-93.91,15.56,14.74,0.00,87.25,-1.55,-0.32,3960.00,-1.40,1289693.00,-67.23,0.00,0.00,0.00,-13.65,7.51,0.00,1.68,1.05,3.67,8.37,15.18,22495884734.26,1.79,8.30,3.99,88.95,94.22,93.50,92.66,99.14,125.71,160.00,93.00,124.00,8.60,1.13,1.44,13269832360.00,3047952332.00,2890864527.00
[object Object],SAB,Banco de Sabadell SA,BME,3.75,stock,common,1000.00,1.00,false,0.00,EUR,1.27,12445888.00,0.74,20115311062.30,USD,15.86,0.27,-32.82,5.78,Finance,spain,Finance,Neutral,Neutral,1.27,1.02,1.51,21.29,22.19,11.59,14.48,468.94,237.32,-1.57,1.50,1.63,Buy,Buy,StrongBuy,Strong buy,Neutral,Neutral,61.98,0.02,0.06,121.33,80.12,73.25,0.00,0.00,0.00,0.00,0.00,0.84,12445888.00,-2.87,0.00,0.00,0.00,3.45,15.86,0.00,3.02,1.50,0.00,0.00,0.00,64711952150.15,7.85,0.00,0.00,3.70,3.68,3.56,3.34,3.28,4.14,5.12,3.53,4.07,0.34,0.12,0.08,6107250396.53,1443897044.00,1452666984.65
[object Object],BCP,Banco Comercial Portugues S.A.,EURONEXT,1.21,stock,common,10000.00,5.00,false,0.00,EUR,1.77,66766747.00,1.26,20025713478.65,USD,16.58,0.08,20.07,2.89,Finance,portugal,Finance,Buy,Buy,1.77,0.58,8.52,19.27,47.81,35.41,64.22,759.99,512.24,-92.54,1.48,1.58,Buy,Buy,StrongBuy,Strong buy,Neutral,Neutral,67.92,0.02,0.05,125.00,79.49,71.68,rising_window_bullish,0.00,0.00,0.00,0.00,0.63,66766747.00,27.84,1.21,0.00,9318485.00,57.88,16.58,0.81,4.38,2.38,0.00,0.00,0.00,26155863143.45,4.27,0.00,0.00,1.19,1.15,1.12,1.05,0.97,1.34,1.55,1.03,1.36,0.09,0.02,0.02,4692815300.32,1085176107.64,1166423105.92
[object Object],CAP,Capgemini SE,EURONEXT,104.50,stock,common,100.00,5.00,false,0.00,EUR,0.72,396386.00,0.71,20009601946.25,USD,13.27,8.99,-11.28,3.28,Technology services,france,Technology Services,Buy,Buy,0.72,-2.06,-3.51,18.27,7.95,-26.30,-14.90,-46.49,19.29,352.71,2.64,3.05,Sell,Sell,StrongSell,Strong sell,Sell,Sell,47.90,1.60,-1.18,-59.29,39.94,45.30,0.00,0.00,0.00,0.00,0.00,0.05,396386.00,8.22,104.50,0.00,228266.00,-16.71,13.27,0.00,0.77,1.53,7.50,8.47,6.98,28647778396.25,1.07,9.34,7.28,106.16,106.80,104.76,100.46,108.85,166.16,236.39,123.99,161.07,14.44,6.79,8.32,28528525729.56,13723020369.44,13929963767.39
[object Object],SITM,SiTime Corporation,NASDAQ,665.36,stock,common,100.00,1.00,false,0.00,USD,3.44,261222.00,0.47,20008063799.60,USD,1348.52,0.49,0.00,0.00,Electronic technology,america,Electronic Technology,StrongBuy,Strong buy,3.44,7.92,12.34,1.75,102.75,82.01,135.77,182.41,3837.04,3837.04,5.87,5.76,Buy,Buy,StrongBuy,Strong buy,Neutral,Neutral,58.79,29.70,7.27,159.35,86.77,84.70,0.00,651.70,1.32,1.52,1729.00,1.05,261222.00,-42.02,0.00,0.00,0.00,127.06,1348.52,0.00,37.80,17.21,143.19,216.49,9.52,19413534799.60,41.50,22060.83,407.52,606.01,608.80,600.79,649.80,521.41,849.50,900.00,730.00,850.00,11.22,1.95,3.61,875433372.00,146460143.00,291831444.00
[object Object],DOW,"Dow, Inc.",NYSE,27.68,stock,common,100.00,1.00,false,0.00,USD,-3.06,4022963.00,0.43,19998001856.86,USD,0.00,-1.82,-30.14,4.90,Process industries,america,Process Industries,Buy,Buy,-3.06,-5.74,-7.75,-4.53,-30.14,17.56,20.26,-51.33,-47.52,-47.52,2.41,3.07,StrongSell,Strong sell,StrongSell,Strong sell,Sell,Sell,35.64,-1.35,-1.79,-149.97,16.07,15.78,falling_window_bearish,28.30,-0.91,-0.63,8995.00,-1.05,4022963.00,-44.52,0.00,0.00,0.00,24.64,0.00,-0.52,0.50,1.26,5.19,12.55,4.41,36386001856.86,0.88,24.23,8.50,28.84,30.05,30.10,31.70,31.91,34.88,41.00,29.00,35.00,2.36,1.28,0.63,43659403394.00,12032435552.00,11245091207.00
[object Object],CHTR,"Charter Communications, Inc. Class A",NASDAQ,113.83,stock,common,100.00,1.00,false,0.00,USD,-3.16,1298840.00,0.40,19933362107.23,USD,2.96,38.49,4.73,0.00,Consumer services,america,Consumer Services,Neutral,Neutral,-3.16,-13.26,-26.63,-12.69,-47.91,-45.65,-56.63,-84.52,-58.61,211.89,5.28,4.79,Sell,Sell,StrongSell,Strong sell,Neutral,Neutral,30.30,-31.94,-24.50,-141.61,7.73,5.87,0.00,116.02,-1.30,0.00,9932.00,-1.29,1298840.00,-64.13,0.00,0.00,0.00,-43.92,2.96,0.65,0.26,0.80,0.84,3.17,23.04,119397362107.23,2.19,9.15,5.48,126.97,141.83,142.08,140.86,177.36,204.39,700.00,101.00,150.00,40.78,9.98,9.63,54236184779.00,13511802841.00,13534505463.00
[object Object],KRX,Kingspan Group PLC,EURONEXT,97.05,stock,common,100.00,5.00,false,0.00,EUR,0.83,150299.00,0.42,19756736271.42,USD,25.83,4.29,1.91,0.57,Non-energy minerals,ireland,Non-Energy Minerals,StrongBuy,Strong buy,0.83,0.00,-4.67,15.60,36.69,30.97,38.74,2.52,301.03,3576.14,2.56,2.53,Neutral,Neutral,Sell,Sell,Neutral,Neutral,47.39,-5.45,-3.00,-69.65,19.09,24.85,0.00,0.00,0.00,0.00,0.00,1.19,150299.00,-18.81,97.05,0.00,117998.00,46.57,25.83,13.44,1.83,3.67,17.47,27.83,29.58,22453649361.42,2.06,20.79,15.47,97.19,100.44,94.15,86.73,81.40,143.45,174.37,111.60,141.82,5.13,2.02,2.85,12032179492.82,5433037525.56,6162993934.29
[object Object],CMS,CMS Energy Corporation,NYSE,62.73,stock,common,100.00,1.00,false,0.00,USD,-0.06,1642196.00,0.45,19670692750.19,USD,18.85,3.33,-1.79,3.59,Utilities,america,Utilities,Buy,Buy,-0.06,-4.75,-8.88,-19.30,-17.82,-10.27,-12.80,3.09,42.99,44.62,1.30,1.40,Sell,Sell,StrongSell,Strong sell,Neutral,Neutral,17.28,-4.42,-4.22,-155.43,2.86,2.72,long_lower_shadow_bullish,62.77,0.00,0.00,200.00,-0.08,1642196.00,-67.32,0.00,0.00,0.00,-2.38,18.85,0.00,2.21,2.06,9.08,0.00,56.51,39475692750.19,4.48,23.64,13.07,64.79,67.53,69.43,71.74,73.00,79.64,87.00,74.00,79.00,3.87,0.36,1.12,9004943267.00,1874571112.00,2166122668.00
[object Object],AMCR,Amcor PLC,NYSE,42.30,stock,common,100.00,1.00,false,0.00,USD,0.46,926855.00,0.25,19554909513.89,USD,17.74,2.38,32.21,6.15,Process industries,america,Process Industries,Buy,Buy,0.46,0.42,-10.45,-0.80,5.98,1.31,6.27,-28.13,-27.76,14.31,1.94,1.91,StrongSell,Strong sell,StrongSell,Strong sell,Neutral,Neutral,39.41,-0.02,-2.52,-61.02,19.34,20.22,0.00,42.32,0.52,-0.38,1844.00,1.14,926855.00,-77.91,0.00,0.00,0.00,1.73,17.74,0.55,0.83,1.66,8.73,15.27,17.62,33530909513.96,1.43,16.56,9.65,42.35,44.75,45.09,42.75,42.78,49.63,56.89,44.00,49.70,0.00,1.19,0.00,0.00,6054068965.00,0.00
[object Object],LEN,Lennar Corporation Class A,NYSE,81.16,stock,common,100.00,1.00,false,0.00,USD,-0.39,1866825.00,0.31,19501713015.68,USD,15.33,5.30,-47.70,2.45,Consumer durables,america,Consumer Durables,Sell,Sell,-0.39,3.71,-7.01,-13.55,-10.42,-21.22,-34.63,-18.14,89.30,14394.35,2.66,2.86,Sell,Sell,StrongSell,Strong sell,Neutral,Neutral,47.93,1.56,-2.80,-0.24,63.92,58.62,0.00,81.99,0.64,0.28,17369.00,0.65,1866825.00,-60.98,0.00,0.00,0.00,-43.96,15.33,0.00,0.61,0.00,0.00,0.00,16.29,22752217015.68,0.71,12.98,0.00,79.98,82.98,83.79,86.03,95.20,76.75,94.00,63.00,75.00,4.89,1.28,1.48,31475616146.00,8318852030.00,8739032897.00
[object Object],BMED,Banca Mediolanum SpA,MIL,23.28,stock,common,100.00,1.00,false,0.00,EUR,0.22,604530.00,0.83,19491926245.42,USD,13.10,2.03,15.65,5.29,Finance,italy,Finance,Buy,Buy,0.22,-0.56,-4.16,6.69,38.00,19.57,38.99,154.43,281.33,1412.63,1.93,1.84,Sell,Sell,Sell,Sell,Neutral,Neutral,46.81,-0.14,-0.26,-11.42,48.37,53.39,0.00,0.00,0.00,0.00,0.00,1.12,604530.00,22.77,0.00,0.00,0.00,36.89,13.10,0.84,4.81,3.77,0.00,0.00,0.00,25178823579.57,6.95,0.00,0.00,23.31,23.66,23.55,22.21,20.37,29.03,30.96,26.83,28.66,1.83,0.41,0.42,2890776137.48,673815400.00,0.00
[object Object],STZ,"Constellation Brands, Inc. Class A",NYSE,114.03,stock,common,100.00,1.00,false,0.00,USD,-0.16,561080.00,0.23,19473569836.54,USD,10.88,10.48,0.00,3.59,Consumer non-durables,america,Consumer Non-Durables,Buy,Buy,-0.16,-6.18,-15.68,-21.63,-24.13,-17.61,-14.74,-46.32,-31.31,5936.82,2.26,2.44,Sell,Sell,StrongSell,Strong sell,Neutral,Neutral,25.06,-8.42,-11.33,-153.76,3.80,4.80,"doji_star_bullish,doji",113.83,-0.33,0.57,4093.00,-0.20,561080.00,-66.10,0.00,0.00,0.00,-12.67,10.88,0.00,2.17,2.37,7.30,10.72,203.52,30204969836.54,3.34,11.01,9.57,119.39,126.79,128.93,135.12,144.09,163.68,209.00,110.00,163.00,11.73,3.19,3.55,9089887381.00,2388444554.00,2538410812.00
[object Object],KBX,Knorr-Bremse AG,XETR,107.70,stock,common,10.00,1.00,false,0.00,EUR,1.51,147132.00,0.99,19457591349.54,USD,29.68,4.14,38.64,1.79,Producer manufacturing,germany,Producer Manufacturing,Buy,Buy,1.51,1.70,3.86,6.85,7.70,13.73,37.02,9.36,34.46,34.46,2.13,2.14,StrongBuy,Strong buy,StrongBuy,Strong buy,Buy,Buy,60.40,5.80,3.39,126.83,76.54,77.16,"hanging_man_bearish,long_lower_shadow_bullish",0.00,0.00,0.00,0.00,1.70,147132.00,-6.69,107.70,0.00,118106.00,30.74,29.68,0.76,2.15,5.43,14.59,18.53,14.20,21804563299.54,2.40,19.60,13.87,105.24,103.69,103.65,102.85,101.94,136.71,152.75,109.11,140.11,5.47,1.29,1.34,9757297211.37,2381183015.86,2435784254.81
[object Object],GALP,"Galp Energia, SGPS S.A. Class B",EURONEXT,22.50,stock,common,100.00,1.00,false,0.00,EUR,-2.93,1557066.00,1.04,19435829242.69,USD,15.16,1.69,12.85,2.93,Energy minerals,portugal,Energy Minerals,Buy,Buy,-2.93,2.51,6.99,22.98,8.17,54.96,37.78,152.47,89.79,280.71,2.89,2.20,Buy,Buy,StrongBuy,Strong buy,Neutral,Neutral,61.75,1.00,0.81,161.98,90.02,89.11,0.00,0.00,0.00,0.00,0.00,-1.12,1557066.00,-8.25,22.50,0.00,552422.00,36.38,15.16,1.22,0.80,3.51,6.59,11.15,6.55,22839678042.69,0.93,7.36,5.80,22.11,21.53,20.92,19.99,18.99,26.72,29.60,23.90,26.18,2.68,0.76,0.78,31065820329.71,7756905707.57,7615987303.90
[object Object],WRT1V,Wartsila Oyj Abp,OMXHEX,29.12,stock,common,100.00,1.00,false,0.00,EUR,1.22,774126.00,0.73,19311577818.43,USD,26.03,1.28,17.82,1.70,Producer manufacturing,finland,Producer Manufacturing,Neutral,Neutral,1.22,-0.41,-2.28,-9.54,-10.12,-4.27,15.10,173.17,128.39,1312.82,2.39,2.69,Neutral,Neutral,Neutral,Neutral,Buy,Buy,50.58,0.22,0.07,56.81,70.78,78.37,0.00,0.00,0.00,0.00,0.00,1.36,774126.00,-5.62,0.00,0.00,0.00,12.85,26.03,1.44,2.51,6.78,11.46,12.90,7.74,17421941168.43,2.26,16.95,14.30,28.60,29.01,29.33,31.38,32.53,38.76,49.65,21.94,38.11,1.33,0.32,0.30,7530243313.21,1845441356.49,1721781563.12
[object Object],SNA,Snap-on Incorporated,NYSE,369.76,stock,common,100.00,1.00,false,0.00,USD,0.56,67403.00,0.20,19126879287.83,USD,18.86,19.60,4.49,2.65,Consumer durables,america,Consumer Durables,Neutral,Neutral,0.56,-0.37,-6.63,-7.13,2.10,7.32,9.22,72.06,144.23,6062.78,1.48,1.64,Sell,Sell,StrongSell,Strong sell,Buy,Buy,32.62,-5.68,-16.52,-104.40,8.63,9.33,engulfing_bullish,0.00,0.00,0.00,0.00,-0.08,67403.00,-66.17,0.00,0.00,0.00,9.43,18.86,4.17,3.66,3.17,16.37,17.52,11.81,18817179287.83,3.57,14.02,13.05,371.86,383.16,393.93,389.15,378.93,425.75,485.00,355.00,432.50,19.80,4.95,4.96,4955048995.00,1219276312.00,1238265375.00
[object Object],PEO,Bank Polska Kasa Opieki S.A.,GPW,280.30,stock,common,10.00,1.00,false,0.00,PLN,-0.28,246483.00,0.42,19126074304.05,USD,11.36,6.55,-3.70,7.03,Finance,poland,Finance,Buy,Buy,-0.28,3.05,8.27,21.39,29.89,36.67,58.54,168.87,119.50,200.75,2.54,2.33,Buy,Buy,StrongBuy,Strong buy,Neutral,Neutral,68.78,12.90,15.96,134.38,79.45,86.59,0.00,0.00,0.00,0.00,0.00,0.57,246483.00,-25.81,0.00,0.00,0.00,50.91,11.36,0.00,4.05,2.24,14.22,15.94,0.00,24119881024.05,3.95,0.00,0.00,275.24,265.23,257.48,245.96,233.50,74.21,84.13,65.85,72.57,6.35,1.45,2.12,4752172286.06,1137574204.42,1134756253.53
[object Object],FSLR,"First Solar, Inc.",NASDAQ,177.86,stock,common,100.00,1.00,false,0.00,USD,3.31,1830973.00,0.71,19114576828.32,USD,10.96,16.22,38.72,0.00,Electronic technology,america,Electronic Technology,Buy,Buy,3.31,-12.00,-14.25,-26.31,-4.14,-33.10,-17.15,95.28,382.40,625.96,5.35,4.68,Sell,Sell,StrongSell,Strong sell,Buy,Buy,35.22,-31.17,-19.17,-240.61,8.31,16.56,harami_bullish,174.00,1.07,1.04,28945.00,1.12,1830973.00,-71.25,0.00,0.00,0.00,-7.59,10.96,0.27,3.45,1.85,8.89,12.77,11.10,17581622828.32,3.27,9.34,7.16,194.02,204.62,210.84,230.23,226.37,276.81,402.00,150.00,279.00,17.55,2.90,4.67,5024055786.00,1062705887.00,1282497360.00
[object Object],BBY,"Best Buy Co., Inc.",NYSE,91.00,stock,common,100.00,1.00,false,0.00,USD,0.00,1182906.00,0.31,19085221329.00,USD,15.14,6.01,65.59,4.20,Retail trade,america,Retail Trade,Neutral,Neutral,0.00,-3.39,6.82,16.94,45.46,34.97,23.81,-13.58,140.49,54498.91,3.27,3.78,Buy,Buy,StrongBuy,Strong buy,Sell,Sell,53.45,0.20,4.63,11.34,42.66,58.05,0.00,90.25,-0.82,1.10,3174.00,-1.42,1182906.00,-64.96,0.00,0.00,0.00,28.32,15.14,0.23,0.46,6.02,7.82,10.95,7.20,20529221329.00,0.49,11.20,7.80,92.88,88.62,87.32,79.34,72.58,87.16,100.00,71.00,85.00,6.81,1.39,1.48,42671719534.00,9594466259.00,9871895324.00
[object Object],BEI,Beiersdorf AG,XETR,78.56,stock,common,100.00,2.00,false,0.00,EUR,0.49,408067.00,1.15,18991703406.17,USD,18.30,4.90,8.61,1.28,Consumer non-durables,germany,Consumer Non-Durables,Neutral,Neutral,0.49,5.08,-2.68,6.13,4.75,-18.56,-10.89,-22.37,-6.36,87.79,2.47,1.95,Buy,Buy,StrongBuy,Strong buy,Buy,Buy,58.57,5.24,-0.81,127.39,79.87,70.26,0.00,0.00,0.00,0.00,0.00,-0.51,408067.00,-32.61,78.56,0.00,166803.00,-19.23,18.30,2.11,1.78,1.90,16.34,26.98,6.32,16261343406.17,1.48,12.21,9.42,75.69,76.99,78.03,75.46,81.93,91.98,108.14,73.99,92.20,4.46,2.84,1.30,11348101901.72,5663236849.46,5311552469.65
[object Object],EN,Bouygues SA,EURONEXT,43.14,stock,common,100.00,1.00,false,0.00,EUR,0.33,467767.00,0.67,18910579452.69,USD,13.24,3.72,17.79,4.88,Industrial services,france,Industrial Services,Buy,Buy,0.33,-3.71,-6.70,-14.17,-12.19,-2.62,15.97,19.87,46.29,313.22,1.30,1.78,Sell,Sell,StrongSell,Strong sell,Buy,Buy,36.37,-0.84,-1.69,-135.48,8.62,10.89,spinning_top_black,0.00,0.00,0.00,0.00,0.53,467767.00,0.48,43.14,0.00,324006.00,17.59,13.24,0.74,0.29,1.33,3.26,6.18,3.44,32099355902.69,0.50,10.84,4.95,43.68,44.64,46.00,47.66,48.10,69.11,85.86,60.67,67.54,3.90,0.95,1.40,66736140329.31,15902841359.63,17228769551.10
[object Object],NI,NiSource Inc,NYSE,39.31,stock,common,100.00,1.00,false,0.00,USD,0.50,1894540.00,0.32,18853904388.82,USD,20.82,1.89,0.32,3.02,Utilities,america,Utilities,Buy,Buy,0.50,-3.12,-3.19,-18.40,-13.35,-5.85,-7.28,63.00,56.57,587.03,1.44,1.48,Sell,Sell,StrongSell,Strong sell,Buy,Buy,29.58,-2.09,-1.46,-176.19,8.24,6.44,0.00,0.00,0.00,0.00,0.00,0.00,1894540.00,-71.21,0.00,0.00,0.00,2.51,20.82,63.92,2.74,1.97,8.21,0.00,198.31,38481304388.82,5.59,20.70,12.29,40.19,40.98,42.36,44.68,44.90,50.38,55.00,45.00,51.00,2.05,0.16,0.21,7074652010.00,1147142825.00,1349452631.00
[object Object],BR,"Broadridge Financial Solutions, Inc.",NYSE,165.21,stock,common,100.00,1.00,false,0.00,USD,1.56,295094.00,0.27,18836971427.36,USD,17.17,9.62,35.67,2.16,Technology services,america,Technology Services,Buy,Buy,1.56,1.02,-10.08,20.99,3.62,-25.97,-30.06,-1.98,141.88,817.81,2.29,2.33,Sell,Sell,StrongSell,Strong sell,Neutral,Neutral,44.81,-2.53,-8.93,-71.89,13.28,8.87,engulfing_bullish,0.00,0.00,0.00,0.00,-0.34,295094.00,-69.36,0.00,0.00,0.00,-34.00,17.17,0.47,2.51,6.63,14.19,14.94,47.29,21950771427.36,2.94,16.65,12.02,165.81,172.92,167.10,156.90,172.82,208.14,240.00,176.00,214.00,10.56,3.76,1.37,7854649809.00,2170560000.00,1647967714.00
[object Object],LYB,LyondellBasell Industries NV,NYSE,57.90,stock,common,100.00,1.00,false,0.00,USD,-3.79,1308314.00,0.31,18703896436.21,USD,0.00,-1.12,-247.11,5.72,Process industries,america,Process Industries,Buy,Buy,-3.79,-8.88,-6.48,4.72,-25.62,32.86,13.46,-38.30,-25.14,160.22,2.58,3.03,StrongSell,Strong sell,StrongSell,Strong sell,Neutral,Neutral,35.00,-5.79,-3.75,-178.72,9.50,8.08,falling_window_bearish,59.42,-1.26,2.58,420.00,-1.35,1308314.00,-49.31,0.00,0.00,0.00,19.59,0.00,0.00,0.62,1.75,6.29,11.85,7.08,30406896436.21,0.97,12.47,7.87,61.68,63.72,62.61,63.30,61.69,68.78,88.00,56.00,67.00,9.20,3.44,2.65,33119783293.00,9206369089.00,8859959395.00
[object Object],SRT3,Sartorius AG Pref,XETR,258.30,stock,preferred,10.00,1.00,false,0.00,EUR,-2.64,158174.00,1.72,18663999465.90,USD,90.95,3.24,88.34,0.28,Health technology,germany,Health Technology,Buy,Buy,-2.64,4.45,5.99,13.94,20.14,4.32,28.44,-55.54,243.62,14350.35,3.83,3.12,Buy,Buy,StrongBuy,Strong buy,Neutral,Neutral,61.74,25.40,12.35,154.95,88.89,91.47,0.00,266.00,0.26,-0.49,48.00,0.83,158174.00,6.85,260.50,0.85,106986.00,16.18,90.95,1.06,5.11,6.32,24.95,65.26,61.29,24279212335.90,5.94,33.57,20.11,248.28,243.69,237.22,233.82,233.30,323.04,511.07,218.21,326.74,6.29,1.49,1.41,4378956963.05,1066912807.18,1018165862.80
[object Object],FICO,Fair Isaac Corporation,NYSE,861.04,stock,common,100.00,1.00,false,0.00,USD,0.53,188440.00,0.47,18596535436.76,USD,24.88,34.61,35.37,0.00,Commercial services,america,Commercial Services,Buy,Buy,0.53,-10.77,-23.11,-25.15,-15.86,-49.08,-43.85,106.96,572.67,62732.07,4.03,3.98,Sell,Sell,StrongSell,Strong sell,Neutral,Neutral,29.24,-124.24,-138.79,-122.24,3.34,5.67,spinning_top_white,856.50,0.00,0.12,884.00,0.06,188440.00,-62.50,0.00,0.00,0.00,-42.16,24.88,0.70,8.12,0.00,19.52,20.82,78.68,23946101436.76,10.00,19.20,18.95,933.10,1035.18,1084.42,1136.28,1246.69,1432.79,1750.00,696.00,1530.00,42.94,11.76,11.04,2541328543.00,679172263.00,664018415.00
[object Object],STMN,Straumann Holding AG,SIX,97.48,stock,common,100.00,2.00,false,0.00,CHF,1.14,273809.00,0.70,18560108710.58,USD,42.14,2.86,-5.94,1.04,Health technology,switzerland,Health Technology,Buy,Buy,1.14,3.59,6.07,-8.04,16.91,3.79,10.30,-49.52,151.40,1985.13,2.29,2.12,Buy,Buy,StrongBuy,Strong buy,Neutral,Neutral,55.08,3.38,0.82,126.56,79.12,82.90,spinning_top_white,0.00,0.00,0.00,0.00,0.89,273809.00,20.67,97.48,0.00,174806.00,3.96,42.14,0.00,5.83,6.81,29.63,40.60,40.82,18722912903.78,5.74,27.27,21.14,96.09,95.13,97.51,97.27,93.93,140.03,164.26,103.87,143.73,4.09,1.97,2.00,3496985828.47,1698306755.70,1681425695.57
[object Object],IP,International Paper Company,NYSE,35.01,stock,common,100.00,1.00,false,0.00,USD,0.38,1398753.00,0.24,18540771820.09,USD,0.00,-6.48,-6527.81,5.30,Process industries,america,Process Industries,Buy,Buy,0.38,1.04,-14.44,-9.34,-2.26,-11.41,-23.77,-35.25,-22.94,317.63,2.48,3.28,Sell,Sell,StrongSell,Strong sell,Neutral,Neutral,40.71,0.65,-2.41,-40.74,41.09,45.13,0.00,35.43,1.58,-0.37,1144.00,0.97,1398753.00,-70.08,0.00,0.00,0.00,-25.41,0.00,-0.00,0.76,1.28,7.00,37.68,25.53,29848771820.09,1.23,142.82,10.32,34.90,37.32,38.69,36.73,38.15,48.80,62.00,42.00,47.50,1.34,-0.03,0.32,24503694402.00,6189199076.00,6245930430.00
[object Object],PGHN,Partners Group Holding AG,SIX,601.00,stock,common,10.00,2.00,false,0.00,CHF,1.69,120654.00,0.89,18490554448.36,USD,13.12,56.66,-0.11,7.78,Finance,switzerland,Finance,Neutral,Neutral,1.69,-3.22,-17.56,-6.39,-28.08,-40.50,-42.16,-63.25,21.78,651.72,2.51,2.55,Sell,Sell,StrongSell,Strong sell,Buy,Buy,30.00,-46.20,-66.09,-110.76,9.97,11.71,harami_bullish,0.00,0.00,0.00,0.00,1.12,120654.00,-41.24,601.00,0.00,45162.00,-43.06,13.12,0.00,5.45,10.57,10.06,10.13,89.49,21691707568.36,6.28,11.30,10.81,617.60,673.09,684.12,716.05,821.51,965.78,1193.05,825.40,940.44,51.59,26.88,26.54,2921203066.00,1407276218.26,1473636377.80
[object Object],TEL,Telenor ASA,OSL,128.50,stock,common,10.00,1.00,false,0.00,NOK,-0.08,1730073.00,0.72,18438968759.61,USD,11.02,1.18,44.73,7.47,Communications,norway,Communications,Buy,Buy,-0.08,-4.81,-5.31,-11.74,-22.22,-12.41,-21.07,-13.20,-6.20,242.25,1.60,1.60,Sell,Sell,StrongSell,Strong sell,Buy,Buy,35.30,-5.30,-3.55,-164.32,9.06,6.66,"doji_star_bullish,long_upper_shadow_bearish",0.00,0.00,0.00,0.00,-0.08,1730073.00,-27.38,128.50,0.00,711835.00,-20.73,11.02,0.25,2.30,2.79,6.16,10.18,4.38,23928023179.61,3.10,13.23,6.95,132.31,133.94,133.86,141.24,150.78,16.54,20.14,14.24,16.56,0.99,0.21,0.23,7343001280.67,1844704920.10,1946864293.62
[object Object],CARL_B,Carlsberg AS Class B,OMXCOP,859.40,stock,common,10.00,2.00,false,0.00,DKK,-1.35,197924.00,0.93,18419751661.15,USD,17.81,7.35,-6.10,3.33,Consumer non-durables,denmark,Consumer Non-Durables,Buy,Buy,-1.35,1.27,-2.34,-2.74,6.89,2.90,14.83,-18.23,36.52,278.88,2.30,2.02,Sell,Sell,StrongSell,Strong sell,Buy,Buy,45.53,14.20,-19.40,5.35,50.26,48.09,0.00,0.00,0.00,0.00,0.00,0.23,197924.00,9.16,0.00,0.00,0.00,14.45,17.81,0.00,1.28,3.99,7.59,12.36,11.77,28556500261.15,2.08,15.25,10.52,858.68,872.61,897.56,884.28,875.97,160.17,233.02,118.81,160.97,10.18,4.86,5.01,14492769579.72,7162226322.81,6842655811.20
[object Object],FIS,"Fidelity National Information Services, Inc.",NYSE,35.30,stock,common,100.00,1.00,false,0.00,USD,0.87,2313215.00,0.37,18201841764.99,USD,5.42,6.51,2338.26,4.80,Technology services,america,Technology Services,Buy,Buy,0.87,-2.34,-12.11,-7.19,-25.28,-46.91,-44.94,-71.04,-54.01,169.05,2.59,2.93,Sell,Sell,StrongSell,Strong sell,Buy,Buy,30.34,-2.84,-4.53,-91.93,9.93,5.95,0.00,34.99,0.00,0.03,2149.00,0.21,2313215.00,-59.20,0.00,0.00,0.00,-45.99,5.42,0.00,1.48,1.14,5.91,6.22,23.73,38691841764.99,3.17,13.80,7.50,35.95,39.11,40.71,41.03,47.62,48.88,60.00,37.00,49.50,6.20,1.47,1.60,13660605386.00,3383997762.00,3433832568.00
[object Object],GIS,"General Mills, Inc.",NYSE,34.02,stock,common,100.00,1.00,false,0.00,USD,-2.31,4205794.00,0.40,18192730683.67,USD,0.00,-1.67,-131.64,7.01,Consumer non-durables,america,Consumer Non-Durables,Neutral,Neutral,-2.31,-6.73,-14.08,-4.15,-5.93,-26.80,-33.60,-43.83,-47.21,3718.44,3.12,2.89,StrongSell,Strong sell,StrongSell,Strong sell,Sell,Sell,30.17,-1.83,-2.78,-117.93,10.18,9.51,0.00,34.70,-0.37,0.03,8857.00,-0.20,4205794.00,-66.47,0.00,0.00,0.00,-27.70,0.00,0.00,1.02,2.44,8.85,11.84,42.26,31388630683.67,1.72,11.67,9.67,35.84,38.10,37.64,36.12,39.15,36.65,45.00,30.00,37.00,3.08,0.72,0.95,17701395125.00,4351352646.00,4714602311.00
[object Object],NDSN,Nordson Corporation,NASDAQ,326.06,stock,common,100.00,1.00,false,0.00,USD,0.87,99837.00,0.25,18161336322.77,USD,32.99,9.88,24.24,1.01,Producer manufacturing,america,Producer Manufacturing,Buy,Buy,0.87,4.42,-2.80,7.42,23.87,35.19,47.33,33.78,233.63,24874.55,1.72,1.74,Buy,Buy,StrongBuy,Strong buy,Neutral,Neutral,62.71,11.59,2.07,139.29,93.42,87.70,0.00,0.00,0.00,0.00,0.00,0.58,99837.00,-70.07,0.00,0.00,0.00,37.23,32.99,1.35,6.08,5.56,23.62,25.23,161.05,19866117322.77,6.67,24.76,20.91,315.46,318.44,311.36,299.49,284.79,361.00,375.00,335.00,365.00,11.94,3.09,3.46,3056700000.00,779485714.00,828700000.00
[object Object],CLNX,Cellnex Telecom S.A.,BME,23.99,stock,common,100.00,1.00,false,0.00,EUR,-1.11,1335706.00,0.71,18092353106.41,USD,0.00,-0.58,-230.68,2.50,Industrial services,spain,Industrial Services,Buy,Buy,-1.11,-4.19,-12.06,-15.62,-8.40,-13.17,-15.38,-58.35,97.32,102.73,2.99,2.37,StrongSell,Strong sell,StrongSell,Strong sell,Sell,Sell,32.88,-1.68,-1.01,-243.67,7.69,23.41,0.00,0.00,0.00,0.00,0.00,-0.04,1335706.00,-4.70,0.00,0.00,0.00,-17.93,0.00,0.00,3.46,1.36,0.00,0.00,8.68,42631039262.96,7.97,59.75,11.12,25.05,25.73,26.04,26.83,27.45,40.51,57.57,23.89,40.67,-0.10,-0.05,0.02,4847013013.82,1152442896.87,1172331700.52
[object Object],LSCC,Lattice Semiconductor Corporation,NASDAQ,126.95,stock,common,100.00,1.00,false,0.00,USD,3.87,566194.00,0.27,18031451607.19,USD,490.36,0.26,13.06,0.00,Electronic technology,america,Electronic Technology,StrongBuy,Strong buy,3.87,14.81,8.35,-9.63,35.22,68.11,77.68,88.28,1877.49,13147.41,4.73,3.92,Buy,Buy,StrongBuy,Strong buy,Neutral,Neutral,60.57,7.19,1.65,182.13,96.49,95.16,rising_window_bullish,124.00,1.46,1.07,1914.00,1.29,566194.00,-45.84,0.00,0.00,0.00,59.58,490.36,36.16,26.32,22.12,76.91,117.69,102.73,17896228607.19,27.49,324.57,181.31,114.94,117.05,121.42,129.84,111.16,164.54,180.00,125.00,165.00,2.13,0.44,0.55,919317386.00,185500062.00,255123102.00
[object Object],GPC,Genuine Parts Company,NYSE,130.59,stock,common,100.00,1.00,false,0.00,USD,1.03,156848.00,0.15,18003796123.43,USD,523.22,0.25,-95.70,3.24,Distribution services,america,Distribution Services,Buy,Buy,1.03,0.30,-5.67,15.91,24.28,6.07,-5.37,5.55,33.23,5447.87,2.40,2.19,Buy,Buy,Buy,Buy,Neutral,Neutral,47.48,-3.09,-4.49,-68.22,29.42,23.17,0.00,0.00,0.00,0.00,0.00,0.03,156848.00,-80.06,0.00,0.00,0.00,-7.56,523.22,0.00,0.71,3.98,15.20,23.73,32.23,24115240123.43,0.96,19.82,13.53,129.84,133.57,131.49,119.35,120.03,139.22,170.00,122.00,130.00,7.74,2.08,2.04,25539268796.00,6428362985.00,6490930321.00
[object Object],ENX,Euronext NV,EURONEXT,159.50,stock,common,10.00,1.00,false,0.00,EUR,-0.31,119341.00,0.55,17955915184.46,USD,23.39,7.79,7.68,1.99,Finance,france,Finance,Buy,Buy,-0.31,2.05,-3.16,14.09,19.12,24.41,24.32,57.14,348.10,800.59,1.52,1.50,Buy,Buy,StrongBuy,Strong buy,Neutral,Neutral,50.67,1.30,-0.91,13.47,63.68,59.54,0.00,0.00,0.00,0.00,0.00,0.00,119341.00,-19.88,159.50,0.00,70539.00,19.52,23.39,3.06,8.45,3.50,13.75,13.98,11.97,20045814639.26,8.93,17.16,14.27,158.78,160.72,158.39,151.30,141.63,191.58,228.95,152.25,191.17,9.93,2.51,2.26,2451843322.42,596905589.46,587888298.44
[object Object],EVRG,"Evergy, Inc.",NASDAQ,77.67,stock,common,100.00,1.00,false,0.00,USD,0.01,616603.00,0.28,17903947962.42,USD,19.68,3.95,8.63,3.58,Utilities,america,Utilities,Buy,Buy,0.01,-3.87,-4.66,-10.64,-3.62,7.38,4.96,22.53,37.54,488.97,1.19,1.39,Sell,Sell,StrongSell,Strong sell,Neutral,Neutral,29.43,-3.95,-2.79,-195.07,4.18,5.16,0.00,0.00,0.00,0.00,0.00,0.00,616603.00,-62.58,0.00,0.00,0.00,10.53,19.68,2.28,3.04,1.75,9.26,0.00,717.54,34429047962.42,5.70,22.30,12.31,79.44,81.12,82.38,83.12,80.96,92.40,103.00,85.00,91.50,4.26,0.81,2.17,6281690104.00,1363278570.00,1909340276.00
[object Object],ESSITY_B,Essity AB Class B,OMXSTO,258.90,stock,common,10.00,1.00,false,0.00,SEK,-0.58,1346355.00,1.03,17736997020.17,USD,14.60,1.82,0.20,3.36,Consumer non-durables,sweden,Consumer Non-Durables,Neutral,Neutral,-0.58,-1.67,-7.93,-6.87,7.43,-2.63,7.43,-3.68,4.44,4.44,1.53,1.34,StrongSell,Strong sell,StrongSell,Strong sell,Sell,Sell,34.77,-2.40,-8.40,-103.79,13.16,19.83,0.00,0.00,0.00,0.00,0.00,-0.08,1346355.00,-0.54,0.00,0.00,0.00,5.94,14.60,73.62,1.29,1.89,9.85,16.21,25.62,21366858620.17,1.51,11.74,8.36,263.04,269.83,273.37,269.09,265.25,27.47,32.13,21.59,27.61,2.03,0.45,0.44,15298129396.85,3556443712.09,3627010504.86
[object Object],DD,"DuPont de Nemours, Inc.",NYSE,131.14,stock,common,100.00,1.00,false,0.00,USD,0.71,291340.00,0.25,17709535087.41,USD,311.50,0.42,0.00,1.84,Process industries,america,Process Industries,StrongBuy,Strong buy,0.71,2.14,-4.00,-3.82,-4.45,8.09,38.16,52.02,40.27,1411.04,1.62,2.06,Sell,Sell,Sell,Sell,Neutral,Neutral,47.17,4.15,-3.97,19.64,78.02,73.99,0.00,130.24,0.02,0.02,200.00,0.22,291340.00,-64.03,0.00,0.00,0.00,-46.72,311.50,0.00,2.16,1.29,15.01,17.10,10.07,19164535087.41,2.32,15.14,9.63,129.12,133.27,136.20,139.18,137.46,169.44,186.00,156.00,171.00,7.25,1.76,1.87,7166763255.00,1806472244.00,1843565919.00
[object Object],AGS,ageas SA/NV,EURONEXT,74.45,stock,common,100.00,5.00,false,0.00,EUR,0.61,173985.00,0.35,17667907741.17,USD,7.66,11.10,55.29,3.55,Finance,belgium,Finance,Neutral,Neutral,0.61,-2.81,0.27,7.51,21.06,24.08,29.25,87.53,127.09,-74.19,1.63,1.50,Neutral,Neutral,Neutral,Neutral,Neutral,Neutral,48.56,-0.65,0.55,-84.36,23.27,31.88,0.00,0.00,0.00,0.00,0.00,0.07,173985.00,-6.04,74.45,0.00,144152.00,40.00,7.66,0.14,0.96,1.52,3.81,4.09,0.00,29377739191.17,1.70,0.00,0.00,75.39,74.68,73.82,71.00,66.60,85.07,104.52,70.84,83.62,10.91,4.19,5.45,10768886437.94,0.00,0.00
[object Object],SBAC,SBA Communications Corp. Class A,NASDAQ,166.22,stock,common,100.00,1.00,false,0.00,USD,0.06,377334.00,0.37,17633965437.88,USD,17.90,9.29,14.12,2.93,Finance,america,Finance,Buy,Buy,0.06,-8.02,-11.41,-9.37,0.36,-13.51,-15.26,-51.77,49.02,1734.15,2.98,2.78,Sell,Sell,StrongSell,Strong sell,Neutral,Neutral,28.38,-19.25,-10.42,-190.16,3.68,3.93,"tweezer_bottom_bullish,spinning_top_white",0.00,0.00,0.00,0.00,-0.07,377334.00,-68.15,0.00,0.00,0.00,-11.38,17.90,1.27,6.15,0.00,13.75,37.40,45.89,30063445437.88,10.47,19.50,16.08,176.09,182.67,181.85,189.63,192.02,224.70,280.00,167.00,223.00,7.70,1.85,2.08,2864706064.00,706008081.00,724362671.00
[object Object],ZBRA,Zebra Technologies Corporation Class A,NASDAQ,371.38,stock,common,100.00,1.00,false,0.00,USD,1.72,237283.00,0.38,17570233693.03,USD,33.98,10.93,3.26,0.00,Electronic technology,america,Electronic Technology,Buy,Buy,1.72,6.25,2.60,54.48,83.40,50.77,21.92,-33.21,439.48,9057.22,2.90,2.94,Buy,Buy,StrongBuy,Strong buy,Neutral,Neutral,62.46,21.01,2.40,169.50,85.02,81.77,0.00,370.00,1.34,1.34,100.00,0.30,237283.00,-56.67,0.00,0.00,0.00,1.25,33.98,10.25,2.98,5.12,18.26,19.77,113.85,20375233693.03,3.46,20.17,16.65,355.01,356.97,339.74,293.52,264.54,419.23,455.00,355.00,430.00,21.13,4.36,4.88,6223382527.00,1497262500.00,1567425000.00
[object Object],TELIA,Telia Company AB,OMXSTO,45.59,stock,common,100.00,1.00,false,0.00,SEK,0.11,4210034.00,0.64,17524051832.47,USD,36.52,0.13,14.70,4.44,Communications,sweden,Communications,Neutral,Neutral,0.11,-4.44,3.54,-6.23,-3.82,15.39,29.15,24.73,18.57,41.58,1.72,1.86,Buy,Buy,StrongBuy,Strong buy,Neutral,Neutral,51.51,0.11,1.07,8.93,32.69,39.41,0.00,0.00,0.00,0.00,0.00,-0.09,4210034.00,-26.64,0.00,0.00,0.00,28.04,36.52,2.48,2.19,3.60,6.58,13.58,16.36,25899118632.47,3.08,17.04,7.85,46.43,44.91,44.63,46.52,45.17,4.69,5.72,3.41,4.62,0.25,0.06,0.07,9030563658.88,2112366193.49,2075135258.75
[object Object],EFX,Equifax Inc.,NYSE,149.03,stock,common,100.00,1.00,false,0.00,USD,0.16,1615162.00,0.99,17509362643.40,USD,26.19,5.69,11.28,1.47,Commercial services,america,Commercial Services,Buy,Buy,0.16,-7.36,-21.44,-1.95,-13.58,-31.17,-41.77,-43.64,13.07,9739.55,3.35,3.35,StrongSell,Strong sell,StrongSell,Strong sell,Sell,Sell,25.90,-19.97,-21.51,-137.05,3.24,3.51,spinning_top_white,0.00,0.00,0.00,0.00,-0.13,1615162.00,-11.81,0.00,0.00,0.00,-41.47,26.19,2.32,2.75,4.00,11.02,16.08,104.44,22946062643.40,3.56,19.21,11.83,159.48,175.90,176.66,171.04,184.44,212.68,245.00,179.00,210.00,8.56,2.20,2.22,6747914253.00,1696177855.00,1700378111.00
[object Object],TSN,"Tyson Foods, Inc. Class A",NYSE,50.75,stock,common,100.00,1.00,false,0.00,USD,-0.76,1025635.00,0.26,17498631027.56,USD,30.66,1.66,-26.44,3.97,Consumer non-durables,america,Consumer Non-Durables,Buy,Buy,-0.76,-2.52,-10.96,-13.07,-19.48,-13.35,-7.31,-33.86,-33.40,62899.41,1.84,2.13,StrongSell,Strong sell,StrongSell,Strong sell,Sell,Sell,31.21,-2.23,-3.03,-115.64,10.44,15.65,0.00,0.00,0.00,0.00,0.00,-0.18,1025635.00,-60.49,0.00,0.00,0.00,-2.65,30.66,0.00,0.32,0.97,8.74,15.08,23.66,24870631027.56,0.45,17.54,8.96,52.00,54.37,55.91,58.31,60.20,64.25,75.00,56.00,65.50,3.59,0.99,0.78,56255849527.00,14065837261.00,14372572666.00
[object Object],HLMA,Halma plc,LSE,3484.00,stock,common,1.00,2.00,false,0.00,GBX,-0.57,507346.00,0.38,17482995882.43,USD,35.49,1.30,25.61,0.71,Electronic technology,uk,Electronic Technology,Buy,Buy,-0.57,-1.47,-3.17,-10.90,-6.60,-2.02,3.94,13.49,230.55,6156.34,3.23,2.73,StrongSell,Strong sell,StrongSell,Strong sell,Sell,Sell,43.40,-150.00,-29.86,-61.46,38.27,45.98,0.00,0.00,0.00,0.00,0.00,2.17,507346.00,-70.65,3484.00,0.00,288436.00,3.19,35.49,1.39,5.15,6.07,29.14,33.15,92.20,18500165882.43,5.42,26.61,21.31,3506.60,3571.73,3604.40,3910.72,3882.16,58.31,66.05,48.35,58.12,1.76,0.76,0.83,3931371517.46,1747188690.23,1888829186.86
[object Object],KGH,KGHM Polska Miedz S.A.,GPW,330.50,stock,common,100.00,5.00,false,0.00,PLN,-1.59,514178.00,0.68,17412479416.52,USD,7.61,11.53,265.92,0.45,Non-energy minerals,poland,Non-Energy Minerals,Neutral,Neutral,-1.59,-4.48,-10.55,1.55,26.63,17.37,117.43,104.01,352.68,1306.38,3.46,3.67,Sell,Sell,StrongSell,Strong sell,Sell,Sell,43.11,-21.40,-7.07,-104.53,20.59,28.48,0.00,0.00,0.00,0.00,0.00,0.68,514178.00,-0.73,0.00,0.00,0.00,148.65,7.61,0.03,1.51,1.66,8.56,28.07,53.35,18638896546.52,1.58,7.99,5.99,337.14,348.42,339.59,339.32,319.35,83.80,118.25,54.92,88.12,11.16,2.62,2.96,13611454993.91,3380605241.64,3450825448.52
[object Object],ESS,"Essex Property Trust, Inc.",NYSE,270.87,stock,common,100.00,1.00,false,0.00,USD,-0.29,166969.00,0.28,17408070676.54,USD,42.16,6.43,-48.35,3.80,Finance,america,Finance,Neutral,Neutral,-0.29,0.38,-7.50,-6.13,10.87,4.57,2.42,-17.30,17.63,1298.01,1.39,1.61,Sell,Sell,StrongSell,Strong sell,Neutral,Neutral,38.69,-2.05,-7.54,-93.59,32.86,38.44,0.00,0.00,0.00,0.00,0.00,0.14,166969.00,-80.18,0.00,0.00,0.00,0.72,42.16,0.00,9.06,3.27,13.23,14.65,262.43,24279795676.54,12.60,43.06,20.62,272.61,279.19,283.06,282.22,268.04,303.03,352.00,239.00,299.50,5.62,1.46,1.47,1951994111.00,485115131.00,490842165.00
[object Object],ZBH,"Zimmer Biomet Holdings, Inc.",NYSE,91.17,stock,common,100.00,1.00,false,0.00,USD,1.66,594544.00,0.24,17390509008.65,USD,22.19,4.11,0.06,1.07,Health technology,america,Health Technology,Neutral,Neutral,1.66,-3.05,-8.39,-0.26,2.23,1.34,-7.02,-37.60,-26.35,218.59,3.00,2.84,Sell,Sell,StrongSell,Strong sell,Neutral,Neutral,39.75,-2.31,-4.86,-121.38,12.09,14.86,0.00,0.00,0.00,0.00,0.00,-0.29,594544.00,-77.53,0.00,0.00,0.00,-8.26,22.19,344.74,2.03,1.38,10.08,14.65,42.87,24468209008.65,2.88,17.61,9.80,94.14,97.13,96.08,91.41,91.41,106.45,120.00,93.00,105.50,8.53,2.01,1.88,8598107019.00,2134846050.00,2040065794.00
[object Object],CF,"CF Industries Holdings, Inc.",NYSE,114.73,stock,common,100.00,1.00,false,0.00,USD,-3.13,1219858.00,0.46,17363779499.67,USD,8.51,13.48,76.22,1.77,Process industries,america,Process Industries,Neutral,Neutral,-3.13,-13.55,-8.98,9.26,-13.78,48.08,25.07,105.99,409.03,3430.31,3.32,3.92,Sell,Sell,StrongSell,Strong sell,Sell,Sell,34.06,-18.33,-6.52,-175.35,4.67,6.90,0.00,117.98,-0.39,0.30,4423.00,-0.52,1219858.00,-38.39,0.00,0.00,0.00,40.22,8.51,0.12,2.36,3.03,5.93,9.24,7.12,21668779499.67,2.80,6.75,5.29,125.80,127.95,125.34,120.05,111.56,126.41,195.72,98.00,123.00,14.86,5.63,3.07,8107533569.00,2449982679.00,1792207663.00
[object Object],BAER,Julius Baer Gruppe AG,SIX,71.24,stock,common,100.00,2.00,false,0.00,CHF,1.66,371461.00,0.77,17339727014.50,USD,12.84,6.86,31.91,3.71,Finance,switzerland,Finance,Buy,Buy,1.66,-2.73,-4.91,4.98,22.24,13.44,32.56,17.48,74.27,51.61,2.31,1.95,Neutral,Neutral,Sell,Sell,Neutral,Neutral,39.18,-3.38,-2.71,-131.99,17.23,12.97,0.00,0.00,0.00,0.00,0.00,0.68,371461.00,-22.48,71.24,0.00,176485.00,30.46,12.84,0.40,3.10,1.99,43.57,342.14,0.00,21785397254.50,2.86,0.00,0.00,72.19,74.08,73.50,70.68,66.78,89.22,99.71,68.10,92.42,7.57,3.94,3.16,5612216899.02,2842205910.55,2695722236.20
[object Object],TIT,Telecom Italia S.p.A.,MIL,7.24,stock,common,1000.00,1.00,false,0.00,EUR,-2.69,8379207.00,0.46,17325711227.49,USD,68.38,0.12,158.92,0.00,Communications,italy,Communications,Neutral,Neutral,-2.69,-7.39,-6.08,-8.69,21.21,40.44,68.40,104.73,-4.97,-96.11,3.00,2.37,Sell,Sell,StrongSell,Strong sell,Sell,Sell,36.53,-0.37,-0.10,-190.56,17.75,28.58,0.00,0.00,0.00,0.00,0.00,1.06,8379207.00,-16.18,7.24,0.00,9036.00,63.73,68.38,0.44,1.13,1.34,4.42,10.73,6.53,31367725177.49,1.97,17.72,6.13,7.59,7.64,7.58,7.61,6.79,8.51,10.19,7.33,8.64,0.22,0.10,0.11,16973820623.29,4015743729.99,4102311292.80
[object Object],CDW,CDW Corporation,NASDAQ,138.25,stock,common,100.00,1.00,false,0.00,USD,-0.86,292810.00,0.18,17284286054.78,USD,16.62,8.32,3.42,1.81,Technology services,america,Technology Services,Buy,Buy,-0.86,-7.34,-3.71,8.38,15.58,0.77,-12.90,-27.98,192.17,683.76,3.34,3.89,Sell,Sell,StrongSell,Strong sell,Neutral,Neutral,41.52,-15.53,0.68,-180.13,12.40,23.61,0.00,0.00,0.00,0.00,0.00,0.39,292810.00,-81.32,0.00,0.00,0.00,-13.50,16.62,4.90,0.76,7.09,17.94,20.48,48.68,23351986054.78,0.99,13.87,11.78,146.85,144.63,142.39,133.91,132.04,158.67,171.00,148.00,159.00,10.96,2.80,2.96,24243219216.00,6206039255.00,6168043727.00
[object Object],FDXF,"FedEx Freight Holding Company, Inc.",NYSE,115.56,stock,common,100.00,1.00,false,0.00,USD,1.54,588986.00,0.27,17278316200.12,USD,0.00,0.00,0.00,0.00,Transportation,america,Transportation,Buy,Buy,1.54,-5.43,-9.73,-25.62,-14.40,-14.40,-14.40,-14.40,-14.40,-14.40,4.08,3.85,Sell,Sell,StrongSell,Strong sell,Neutral,Neutral,33.19,-12.75,-13.25,-136.72,10.42,12.65,0.00,114.49,0.60,0.17,450.00,0.00,588986.00,-69.38,0.00,0.00,0.00,0.00,0.00,0.00,0.00,0.00,0.00,0.00,68.83,23392316200.12,0.00,0.00,0.00,120.58,128.66,135.77,0.00,0.00,167.15,200.00,133.00,165.00,4.30,1.34,1.39,9052759750.00,2290019034.00,2363456965.00
[object Object],BESI,BE Semiconductor Industries N.V.,EURONEXT,187.60,stock,common,100.00,5.00,false,0.00,EUR,0.11,320164.00,0.65,17210125270.78,USD,72.19,2.97,25.03,0.84,Producer manufacturing,netherlands,Producer Manufacturing,Buy,Buy,0.11,1.43,-4.77,-33.66,2.74,37.69,45.65,132.18,1183.83,3938.75,2.90,3.49,Sell,Sell,StrongSell,Strong sell,Neutral,Neutral,43.76,-1.65,-11.34,-0.93,51.82,53.79,0.00,0.00,0.00,0.00,0.00,1.49,320164.00,-4.66,187.60,0.00,149271.00,53.62,72.19,2.88,20.67,26.45,61.11,62.64,29.82,17038247971.13,20.33,56.72,49.47,184.44,195.24,204.64,240.24,211.40,334.84,456.47,250.43,310.19,5.20,1.27,1.40,1182714739.27,284491169.48,307804549.86
[object Object],CSG,CSG N.V.,EURONEXT,15.08,stock,common,1000.00,2.00,false,0.00,EUR,0.32,562832.00,0.68,17103430551.65,USD,0.00,0.00,0.00,0.00,Electronic technology,netherlands,Electronic Technology,StrongBuy,Strong buy,0.32,-5.60,-18.83,21.51,-41.54,-52.87,-52.87,-52.87,-52.87,-52.87,4.28,4.05,Sell,Sell,StrongSell,Strong sell,Neutral,Neutral,38.04,-0.56,-1.96,-110.62,20.50,20.11,0.00,0.00,0.00,0.00,0.00,1.44,562832.00,-55.87,15.08,0.00,277069.00,0.00,0.00,0.00,0.00,8.80,0.00,0.00,9.24,20791208350.40,0.00,0.00,0.00,15.55,17.11,17.12,16.13,0.00,29.53,36.63,20.61,28.62,1.30,0.00,0.00,8851942531.75,1895819600.00,0.00
[object Object],NHY,Norsk Hydro ASA,OSL,82.38,stock,common,100.00,2.00,false,0.00,NOK,-0.70,2462581.00,0.78,17078982127.58,USD,16.59,0.50,2.51,3.62,Non-energy minerals,norway,Non-Energy Minerals,Neutral,Neutral,-0.70,-4.85,-11.42,-8.22,-9.33,5.05,21.79,26.54,135.37,292.10,2.09,2.12,StrongSell,Strong sell,StrongSell,Strong sell,Neutral,Neutral,32.06,-5.16,-5.62,-107.63,3.90,6.60,0.00,0.00,0.00,0.00,0.00,-0.19,2462581.00,30.71,82.38,0.00,1753916.00,29.89,16.59,6.66,0.79,1.56,8.60,22.23,8.43,19653441357.58,0.95,11.20,6.96,84.80,89.73,89.05,94.99,92.52,9.80,12.40,7.88,9.78,0.85,0.20,0.23,21462530830.24,5655521781.57,5679388543.27
[object Object],WKL,Wolters Kluwer N.V.,EURONEXT,68.66,stock,common,100.00,2.00,false,0.00,EUR,-0.23,963776.00,0.49,17074185682.75,USD,11.73,6.69,22.74,3.66,Technology services,netherlands,Technology Services,Buy,Buy,-0.23,-1.35,-0.15,21.78,6.58,-22.58,-39.16,-28.64,80.23,164.28,2.41,2.98,Buy,Buy,StrongBuy,Strong buy,Neutral,Neutral,51.11,2.42,-1.27,-1.83,54.99,44.31,0.00,0.00,0.00,0.00,0.00,-0.52,963776.00,-16.67,68.66,0.00,489026.00,-41.26,11.73,0.52,2.54,16.30,9.14,9.24,10.35,21658915182.75,3.11,12.13,9.46,68.56,68.99,68.46,64.47,68.70,101.96,120.51,61.97,106.16,6.62,3.13,3.21,7375662216.16,3485998590.27,3662832547.20
[object Object],CHRW,"C.H. Robinson Worldwide, Inc.",NASDAQ,145.86,stock,common,100.00,1.00,false,0.00,USD,-0.23,493619.00,0.32,17043924037.34,USD,27.83,5.24,19.29,1.72,Transportation,america,Transportation,Buy,Buy,-0.23,-4.98,1.39,-19.12,-12.62,-9.61,9.60,64.35,110.32,2582.48,2.95,2.49,StrongSell,Strong sell,StrongSell,Strong sell,Sell,Sell,37.98,-6.92,0.49,-113.91,18.27,31.98,0.00,0.00,0.00,0.00,0.00,-0.15,493619.00,-67.00,0.00,0.00,0.00,11.25,27.83,1.45,1.03,10.49,25.49,26.12,112.99,18861905037.34,1.11,22.62,20.20,151.93,149.00,156.92,169.52,172.44,200.17,237.00,91.00,209.50,6.24,1.53,1.70,18329011524.00,4347374373.00,4853877690.00
[object Object],RI,Pernod Ricard SA,EURONEXT,59.04,stock,common,100.00,2.00,false,0.00,EUR,-0.91,723321.00,1.07,17030962864.39,USD,12.38,5.44,-26.11,7.89,Consumer non-durables,france,Consumer Non-Durables,Neutral,Neutral,-0.91,-1.17,-11.88,-10.68,-4.77,-19.43,-31.36,-69.12,-44.35,347.34,1.52,2.35,Sell,Sell,StrongSell,Strong sell,Neutral,Neutral,34.68,-0.38,-3.99,-101.46,14.98,22.06,0.00,0.00,0.00,0.00,0.00,-0.54,723321.00,33.43,59.04,0.00,594787.00,-33.12,12.38,0.00,1.61,0.96,9.47,12.59,7.51,30357394964.39,2.83,10.97,9.37,60.06,62.96,64.65,64.09,68.15,93.92,140.77,66.93,92.31,6.43,1.93,3.22,10583364408.00,4840286686.42,5848357172.75
[object Object],ABF,Associated British Foods plc,LSE,1860.50,stock,common,10.00,5.00,false,0.00,GBX,1.00,440003.00,0.50,17008575904.11,USD,13.97,1.80,-24.87,3.42,Consumer non-durables,uk,Consumer Non-Durables,Sell,Sell,1.00,1.28,-10.12,-6.11,1.72,-13.18,-6.72,-1.74,-29.95,833.20,1.96,1.92,Sell,Sell,StrongSell,Strong sell,Neutral,Neutral,39.49,17.00,-140.61,-46.74,23.08,21.64,0.00,0.00,0.00,0.00,0.00,0.16,440003.00,-23.38,1860.50,0.00,303307.00,-10.40,13.97,0.00,0.67,1.16,5.86,11.19,18.55,21215960904.11,0.81,10.76,6.35,1840.45,1963.53,2003.02,1947.71,1937.38,24.03,27.21,20.28,24.01,2.06,0.95,1.12,26206747985.19,12569576000.00,13250790498.50
[object Object],IEX,IDEX Corporation,NYSE,230.63,stock,common,100.00,1.00,false,0.00,USD,0.93,122218.00,0.20,17001652407.83,USD,33.13,6.96,12.35,1.26,Producer manufacturing,america,Producer Manufacturing,Buy,Buy,0.93,4.21,-0.35,1.56,21.75,29.54,45.05,6.61,151.83,7883.01,1.98,1.87,Buy,Buy,StrongBuy,Strong buy,Neutral,Neutral,56.99,6.41,-2.56,148.19,87.61,78.96,0.00,0.00,0.00,0.00,0.00,0.10,122218.00,-85.20,0.00,0.00,0.00,36.04,33.13,2.66,4.73,4.26,23.88,26.68,27.37,18260552407.83,5.09,24.19,18.87,224.91,228.26,229.04,223.37,209.59,258.23,280.00,215.00,268.00,8.83,2.11,2.24,3692017208.00,905374806.00,932694510.00
[object Object],STLAM,Stellantis N.V.,MIL,4.03,stock,common,10000.00,5.00,false,0.00,EUR,1.74,41519066.00,0.94,16971793954.10,USD,0.00,-9.09,-230.64,0.00,Consumer durables,italy,Consumer Durables,Neutral,Neutral,1.74,-9.08,-10.76,-20.15,-31.63,-57.10,-51.16,-75.95,-25.12,-40.81,3.01,3.56,Sell,Sell,StrongSell,Strong sell,Neutral,Neutral,34.20,-0.64,-0.38,-153.10,4.77,5.17,piercing_bullish,0.00,0.00,0.00,0.00,-0.09,41519066.00,-18.47,4.03,0.00,1500.00,-50.01,0.00,0.00,0.07,0.21,0.00,0.00,0.34,43237857154.10,0.24,0.00,0.00,4.26,4.48,4.66,5.24,6.31,6.25,11.38,3.96,6.26,0.78,0.27,0.11,188509143716.87,48917416726.59,41712392310.00
[object Object],KPN,Royal KPN NV,EURONEXT,4.06,stock,common,1000.00,1.00,false,0.00,EUR,2.60,11961145.00,0.91,16967525051.03,USD,17.57,0.26,8.60,4.78,Communications,netherlands,Communications,Buy,Buy,2.60,-3.20,-1.50,-9.33,-14.09,2.01,0.02,46.84,35.83,15.46,1.94,1.93,Sell,Sell,StrongSell,Strong sell,Neutral,Neutral,48.64,-0.02,-0.07,-41.80,25.54,16.20,0.00,0.00,0.00,0.00,0.00,1.92,11961145.00,47.18,4.06,0.00,6719110.00,-4.57,17.57,1.99,2.59,6.76,6.70,11.77,36.89,25819579701.03,3.88,15.88,8.30,4.07,4.08,4.09,4.25,4.34,5.39,6.03,4.49,5.45,0.28,0.00,0.00,6933414624.99,3315400180.00,0.00
[object Object],FTV,Fortive Corp.,NYSE,56.18,stock,common,100.00,1.00,false,0.00,USD,1.33,543160.00,0.24,16967317972.36,USD,33.17,1.69,-23.54,0.43,Electronic technology,america,Electronic Technology,Neutral,Neutral,1.33,1.96,-5.90,-8.84,3.06,1.54,17.19,2.03,73.67,107.40,1.56,1.90,Sell,Sell,StrongSell,Strong sell,Buy,Buy,45.36,1.49,-2.34,-15.56,56.68,50.29,0.00,0.00,0.00,0.00,0.00,0.02,543160.00,-75.42,0.00,0.00,0.00,0.96,33.17,0.00,3.95,2.81,16.44,18.10,44.05,20093117972.36,4.66,25.54,16.99,55.59,57.47,58.91,59.76,58.26,64.31,72.00,51.00,64.00,3.02,0.71,0.70,4368330743.00,1069341092.00,1068530345.00
[object Object],SGRO,SEGRO plc,LSE,941.20,stock,common,10.00,2.00,false,0.00,GBX,-0.82,7363018.00,1.74,16961494369.00,USD,42.76,0.29,-51.99,3.32,Finance,uk,Finance,Buy,Buy,-0.82,0.06,-2.77,7.20,43.78,30.61,45.65,-26.81,118.43,107.70,1.53,1.40,Sell,Sell,Sell,Sell,Sell,Sell,48.38,7.80,-2.08,45.24,57.99,68.43,0.00,0.00,0.00,0.00,0.00,0.95,7363018.00,49.67,941.20,0.00,675101.00,47.34,42.76,0.00,17.23,1.07,28.17,30.10,72.34,23364381369.00,23.66,34.09,33.13,942.00,949.00,949.92,860.74,796.07,13.16,17.21,11.25,13.18,0.52,0.25,0.26,946296015.35,503397455.40,514308893.00
[object Object],TSCO,Tractor Supply Company,NASDAQ,32.40,stock,common,100.00,1.00,false,0.00,USD,3.04,3657332.00,0.38,16879094329.04,USD,16.91,1.92,-5.80,3.02,Retail trade,america,Retail Trade,Buy,Buy,3.04,-0.77,-8.33,5.35,-29.19,-35.17,-43.27,-23.14,136.94,11291.65,3.06,2.96,Sell,Sell,StrongSell,Strong sell,Neutral,Neutral,43.39,-0.61,-2.01,-106.21,11.56,13.04,0.00,31.46,0.06,0.19,1106.00,0.06,3657332.00,-61.24,0.00,0.00,0.00,-46.92,16.91,0.00,1.05,6.42,13.22,55.36,73.38,23192484329.04,1.47,16.52,12.12,32.60,34.08,33.37,32.05,40.43,35.07,42.00,28.00,35.00,1.94,0.82,0.40,15953623831.00,4579079586.00,3796922870.00
[object Object],BKT,Bankinter SA,BME,16.63,stock,common,1000.00,5.00,false,0.00,EUR,0.88,1267645.00,0.98,16850812779.86,USD,0.00,0.00,0.00,3.03,Finance,spain,Finance,Neutral,Neutral,0.88,-0.69,-1.13,15.33,22.73,17.69,28.86,229.96,265.24,270.26,1.61,1.65,Neutral,Neutral,Buy,Buy,Neutral,Neutral,50.81,-0.30,0.01,-25.02,46.97,51.30,0.00,0.00,0.00,0.00,0.00,0.97,1267645.00,19.87,0.00,0.00,0.00,25.46,0.00,0.00,4.28,2.23,0.00,0.00,0.00,35472143291.16,6.23,0.00,0.00,16.63,16.69,16.46,15.49,14.76,18.96,25.61,11.74,18.90,1.55,0.36,0.37,3856581923.64,908830331.81,934941905.26
[object Object],BEN,"Franklin Templeton, Inc.",NYSE,33.16,stock,common,100.00,1.00,false,0.00,USD,1.86,1618683.00,0.39,16845289366.89,USD,22.60,1.47,181.27,4.02,Finance,america,Finance,Neutral,Neutral,1.86,0.59,-5.51,0.65,41.33,38.26,41.45,6.27,-7.47,52352.14,2.34,2.32,Neutral,Neutral,Neutral,Neutral,Neutral,Neutral,46.72,-0.49,-0.81,-67.34,24.98,28.39,0.00,32.70,0.46,0.46,318.00,0.55,1618683.00,-66.70,0.00,0.00,0.00,32.28,22.60,0.12,1.79,1.43,59.69,71.16,4.55,32456889366.89,3.47,22.79,18.16,33.07,33.79,33.65,32.96,29.30,35.42,41.00,26.00,36.00,2.90,0.66,0.76,7160684125.00,1758562000.00,1855584925.00
[object Object],EVO,Evolution AB,OMXSTO,816.00,stock,common,10.00,2.00,false,0.00,SEK,-2.72,539311.00,0.69,16777972169.64,USD,14.05,5.96,-12.30,0.00,Technology services,sweden,Technology Services,Neutral,Neutral,-2.72,-9.45,-2.74,24.31,47.08,29.32,0.12,-46.25,1378.26,4322.76,2.14,2.11,Sell,Sell,Sell,Sell,Sell,Sell,40.52,-59.20,18.39,-139.70,12.22,26.97,0.00,0.00,0.00,0.00,0.00,-0.45,539311.00,20.69,0.00,0.00,0.00,2.36,14.05,0.00,7.39,3.38,11.27,11.93,12.61,15596681475.70,6.78,11.73,10.27,869.08,844.53,798.05,741.53,667.71,75.90,101.43,55.66,74.73,6.55,1.46,1.51,2564799593.98,595438251.36,602482791.63
[object Object],AKAM,"Akamai Technologies, Inc.",NASDAQ,116.50,stock,common,100.00,1.00,false,0.00,USD,5.52,24891631.00,5.98,16742986059.91,USD,42.03,2.77,-1.72,0.00,Technology services,america,Technology Services,Buy,Buy,5.52,8.62,10.36,3.55,0.66,33.45,53.51,6.14,124.73,5.91,8.18,5.04,Buy,Buy,StrongBuy,Strong buy,Buy,Buy,56.02,9.71,5.00,189.06,60.28,71.52,0.00,125.25,13.44,20.73,2010033.00,13.42,24891631.00,252.93,0.00,0.00,0.00,37.34,42.03,0.00,3.93,3.52,12.37,28.43,5.34,22726585059.91,5.26,44.11,18.27,110.81,110.17,113.32,123.77,111.14,161.43,225.00,93.00,165.00,6.68,1.57,1.67,4490541231.00,1091295536.00,1117785336.00
[object Object],NVR,"NVR, Inc.",NYSE,6280.63,stock,common,100.00,1.00,false,0.00,USD,0.72,9750.00,0.22,16737000354.38,USD,16.29,385.60,-18.61,0.00,Consumer durables,america,Consumer Durables,Neutral,Neutral,0.72,1.12,-1.78,-8.13,-3.40,-13.81,-21.43,25.87,281.08,26524.12,1.85,2.04,Neutral,Neutral,Neutral,Neutral,Neutral,Neutral,50.61,119.87,-38.70,19.31,56.83,54.23,0.00,0.00,0.00,0.00,0.00,0.10,9750.00,-75.51,0.00,0.00,0.00,-29.44,16.29,0.00,1.88,4.76,16.58,16.90,14.77,16590443354.38,1.78,13.66,13.37,6242.17,6281.98,6303.29,6289.24,6723.61,6717.80,7400.00,5664.00,7000.00,360.03,89.98,104.11,9400253731.00,2397300112.00,2592067120.00
[object Object],SOON,Sonova Holding AG,SIX,241.00,stock,common,10.00,2.00,false,0.00,CHF,0.50,70201.00,0.52,16666013269.74,USD,33.37,9.04,-20.12,1.96,Health technology,switzerland,Health Technology,Neutral,Neutral,0.50,2.99,-1.47,24.10,38.23,16.37,7.21,-37.17,75.42,783.81,1.56,1.72,Buy,Buy,StrongBuy,Strong buy,Neutral,Neutral,59.96,14.80,2.09,126.55,93.50,93.91,0.00,0.00,0.00,0.00,0.00,0.33,70201.00,-38.03,241.00,0.00,39177.00,-1.23,33.37,0.00,3.96,5.48,20.99,23.83,19.84,17885891269.74,3.96,19.25,14.25,235.66,236.30,231.70,215.22,205.66,282.07,341.29,207.21,295.58,13.63,7.14,5.16,4817436497.34,2457051088.49,2165811862.50
[object Object],RVTY,"Revvity, Inc.",NYSE,149.10,stock,common,100.00,1.00,false,0.00,USD,-1.05,750642.00,0.29,16637530725.05,USD,70.81,2.11,-10.66,0.19,Health technology,america,Health Technology,Neutral,Neutral,-1.05,1.69,20.84,32.60,71.85,53.27,77.53,-17.79,169.99,4401.13,3.74,3.49,Buy,Buy,StrongBuy,Strong buy,Sell,Sell,70.29,24.67,16.80,112.70,86.21,81.97,0.00,151.49,0.54,1.21,1715.00,0.01,750642.00,-70.45,0.00,0.00,0.00,59.02,70.81,0.00,5.78,2.30,26.52,29.82,16.26,18955390725.05,6.51,42.13,21.99,143.33,130.81,123.64,113.29,104.99,129.81,165.00,110.00,128.00,5.36,1.21,1.30,2851468575.00,702956637.00,694442782.00
[object Object],MBK,mBank SA,GPW,1495.50,stock,common,10.00,5.00,false,0.00,PLN,-0.63,9324.00,0.42,16599733222.57,USD,16.36,24.27,20.61,0.00,Finance,poland,Finance,Sell,Sell,-0.63,2.78,7.98,7.63,38.73,39.44,67.32,273.88,331.10,46329.68,3.94,3.25,Buy,Buy,StrongBuy,Strong buy,Neutral,Neutral,60.86,32.00,83.47,109.65,72.96,80.89,0.00,0.00,0.00,0.00,0.00,0.40,9324.00,-23.49,0.00,0.00,0.00,53.03,16.36,0.80,4.61,2.72,14.15,17.93,0.00,18293542042.57,3.78,0.00,0.00,1473.30,1422.38,1405.83,1366.11,1219.23,331.26,408.84,285.64,315.50,27.59,0.00,0.00,3524354891.35,758093830.09,0.00
[object Object],ASRNL,ASR Nederland N.V.,EURONEXT,73.48,stock,common,100.00,2.00,false,0.00,EUR,1.02,430633.00,0.77,16554833751.35,USD,13.84,6.06,2.26,4.85,Finance,netherlands,Finance,Buy,Buy,1.02,-1.40,5.03,11.33,25.65,20.62,29.59,89.87,293.78,259.32,1.47,1.37,Buy,Buy,StrongBuy,Strong buy,Neutral,Neutral,54.93,0.02,1.26,8.03,25.83,25.85,rising_window_bullish,0.00,0.00,0.00,0.00,0.30,430633.00,12.90,73.48,0.00,246319.00,24.04,13.84,6.05,0.79,1.65,11.89,12.14,0.00,28371604301.35,1.21,0.00,0.00,73.64,72.46,71.60,68.88,64.97,87.08,97.30,60.10,88.72,7.53,3.17,3.25,12009138774.28,3651104148.76,3958496405.70
[object Object],VNA,Vonovia SE,XETR,17.17,stock,common,1000.00,5.00,false,0.00,EUR,0.47,2848274.00,0.73,16495675075.36,USD,3.79,5.17,894.92,7.31,Finance,germany,Finance,Neutral,Neutral,0.47,-3.70,-14.15,-19.73,-18.12,-30.09,-34.21,-66.73,-46.76,13.01,2.34,2.11,Sell,Sell,StrongSell,Strong sell,Neutral,Neutral,23.84,-0.93,-1.70,-106.20,6.58,9.12,0.00,17.27,1.08,0.94,1670.00,0.85,2848274.00,-18.39,17.25,0.44,917506.00,-31.42,3.79,0.00,2.44,0.54,12.60,17.77,8.42,68541342335.36,9.43,23.40,21.71,17.60,18.77,19.65,20.45,22.38,30.05,51.22,18.21,28.46,2.17,0.46,0.51,4103110800.99,999152030.17,1007496014.10
[object Object],PZU,Powszechny Zaklad Ubezpieczen Spolka Akcyjna,GPW,73.18,stock,common,100.00,2.00,false,0.00,PLN,-0.41,788284.00,0.23,16445229050.99,USD,9.75,1.99,5.75,6.08,Finance,poland,Finance,Buy,Buy,-0.41,-0.84,0.72,10.95,15.39,9.22,30.21,98.86,161.36,109.68,1.81,1.76,Sell,Sell,Sell,Sell,Neutral,Neutral,47.29,-3.24,-0.49,-77.97,29.94,33.13,0.00,0.00,0.00,0.00,0.00,0.00,788284.00,-48.64,0.00,0.00,0.00,20.13,9.75,1.70,0.95,1.83,2.40,2.56,0.00,37829111750.99,2.14,0.00,0.00,73.98,73.92,72.97,69.37,68.22,20.47,22.39,19.23,20.19,1.99,0.00,0.47,8748436330.40,1640578053.00,0.00
[object Object],LNT,Alliant Energy Corporation,NASDAQ,63.09,stock,common,100.00,1.00,false,0.00,USD,-0.35,892455.00,0.37,16358271982.10,USD,19.99,3.16,-2.48,3.34,Utilities,america,Utilities,Buy,Buy,-0.35,-5.13,-7.68,-17.56,-10.31,-2.95,-3.64,10.55,57.33,1108.91,1.30,1.43,Sell,Sell,StrongSell,Strong sell,Neutral,Neutral,21.24,-4.17,-3.58,-170.27,3.10,2.45,0.00,0.00,0.00,0.00,0.00,-0.08,892455.00,-63.53,0.00,0.00,0.00,3.16,19.99,0.00,3.73,2.17,14.21,0.00,658.41,28451271982.10,6.42,29.06,15.40,65.09,67.40,69.14,71.44,70.33,78.00,83.00,73.00,78.00,3.42,0.58,1.22,4395479211.00,896935450.00,1286028100.00
[object Object],J,Jacobs Solutions Inc.,NYSE,137.83,stock,common,100.00,1.00,false,0.00,USD,1.85,251963.00,0.31,16131432160.88,USD,48.38,2.85,-28.81,1.03,Technology services,america,Technology Services,Buy,Buy,1.85,-4.27,-8.51,11.13,6.94,3.90,-5.90,21.78,230.38,40541.93,3.24,2.31,Sell,Sell,Sell,Sell,Neutral,Neutral,39.11,-4.02,-4.48,-182.98,14.25,17.27,0.00,0.00,0.00,0.00,0.00,-0.30,251963.00,-69.64,0.00,0.00,0.00,-5.88,48.38,0.00,1.13,4.95,22.27,25.43,13.71,18977042160.88,1.34,27.43,20.53,142.12,145.30,142.51,132.30,133.07,164.62,181.00,146.00,167.00,7.26,1.83,2.13,9554943259.00,2403630393.00,2557830350.00
[object Object],ING,ING Bank Slaski S.A.,GPW,479.20,stock,common,10.00,2.00,false,0.00,PLN,0.63,14132.00,0.40,16060238077.84,USD,13.86,9.18,-1.34,5.61,Finance,poland,Finance,Sell,Sell,0.63,5.78,8.17,6.02,19.65,40.32,56.60,107.00,221.50,609.93,4.08,2.62,StrongBuy,Strong buy,StrongBuy,Strong buy,Buy,Buy,65.12,33.20,21.39,192.20,78.88,83.51,0.00,0.00,0.00,0.00,0.00,0.00,14132.00,-75.94,0.00,0.00,0.00,45.60,13.86,0.00,4.82,3.17,4.10,4.15,0.00,20464815007.84,4.38,0.00,0.00,460.86,450.57,447.80,443.11,417.49,114.19,127.52,102.85,115.68,8.88,0.00,0.00,3364200621.04,802051237.50,0.00
[object Object],NWS,News Corporation Class B,NASDAQ,31.73,stock,common,100.00,1.00,false,0.00,USD,0.52,231048.00,0.16,16014909091.40,USD,30.88,1.03,26.23,0.63,Consumer services,america,Consumer Services,Buy,Buy,0.52,-4.01,-9.67,11.39,15.95,7.03,-5.13,31.80,123.57,108.58,2.07,1.99,Neutral,Neutral,Sell,Sell,Buy,Buy,38.80,-0.98,-1.40,-135.97,10.58,8.07,0.00,31.13,-1.36,-1.36,450.00,-0.82,231048.00,-71.01,0.00,0.00,0.00,-7.17,30.88,1.17,1.92,2.02,14.15,21.63,8.31,17544909091.40,1.94,15.38,10.79,32.69,33.58,32.94,31.51,30.12,39.00,39.00,39.00,39.00,1.32,0.23,0.26,9411419527.00,2247630192.00,2266864000.00
[object Object],NWSA,News Corporation Class A,NASDAQ,28.52,stock,common,100.00,1.00,false,0.00,USD,0.26,810528.00,0.16,15973630176.38,USD,27.76,1.03,26.23,0.70,Consumer services,america,Consumer Services,StrongBuy,Strong buy,0.26,-5.55,-8.05,12.98,17.93,9.09,-5.89,17.68,106.18,86.62,2.35,2.12,Neutral,Neutral,Sell,Sell,Buy,Buy,39.14,-0.93,-0.81,-149.54,11.06,10.57,0.00,0.00,0.00,0.00,0.00,-0.53,810528.00,-81.01,0.00,0.00,0.00,-7.17,27.76,1.06,1.73,1.82,12.71,19.44,7.47,17503630176.38,1.94,15.34,10.76,29.52,29.94,29.23,27.80,26.49,36.76,43.00,30.30,38.00,1.32,0.23,0.26,9407977091.00,2245702250.00,2267240525.00
[object Object],METSO,Metso Corporation,OMXHEX,17.08,stock,common,100.00,1.00,false,0.00,EUR,1.43,1383951.00,0.86,15863754228.21,USD,28.57,0.68,90.29,2.32,Producer manufacturing,finland,Producer Manufacturing,Buy,Buy,1.43,-2.73,-5.32,15.33,16.47,13.87,43.35,109.78,286.25,446.56,3.29,3.17,Neutral,Neutral,Sell,Sell,Buy,Buy,46.93,-0.74,0.08,-89.46,22.02,34.57,shooting_star_bearish,0.00,0.00,0.00,0.00,2.02,1383951.00,-30.63,0.00,0.00,0.00,40.57,28.57,0.31,2.60,5.43,22.52,30.88,36.93,17263063728.21,2.82,18.17,14.76,17.37,17.54,17.02,16.20,15.98,20.64,24.61,15.45,20.61,0.87,0.20,0.22,6593651861.27,1559973370.54,1659294934.37
[object Object],CON,Continental AG,XETR,69.00,stock,common,100.00,2.00,false,0.00,EUR,-0.26,357899.00,0.59,15740996224.42,USD,0.00,-1.51,-117.79,3.90,Consumer durables,germany,Consumer Durables,Buy,Buy,-0.26,-2.18,-1.09,-5.58,14.73,1.59,21.61,-4.85,-46.09,577.03,2.43,2.68,Sell,Sell,StrongSell,Strong sell,Sell,Sell,46.98,-1.52,-0.33,-78.66,37.24,39.85,0.00,0.00,0.00,0.00,0.00,0.66,357899.00,1.56,69.00,0.00,240697.00,20.64,0.00,0.00,0.78,3.28,5.45,8.56,15.59,22764847324.42,1.13,11.95,7.53,69.33,69.68,69.91,70.46,68.47,90.82,103.16,71.07,91.70,6.84,1.63,1.50,17428769895.31,5032511373.26,4034567648.25
[object Object],BG,BAWAG Group AG,VIE,180.80,stock,common,10.00,1.00,false,0.00,EUR,1.01,87735.00,0.73,15680229950.00,USD,15.81,13.06,13.98,3.49,Finance,austria,Finance,StrongBuy,Strong buy,1.01,1.46,1.29,6.10,40.70,40.92,63.18,250.05,276.67,276.67,2.66,2.03,StrongBuy,Strong buy,StrongBuy,Strong buy,Buy,Buy,54.76,1.20,1.64,173.75,49.51,52.63,shooting_star_bearish,0.00,0.00,0.00,0.00,0.28,87735.00,-22.00,180.80,0.00,57841.00,51.27,15.81,1.12,5.16,2.96,11.28,12.85,0.00,21698398450.00,4.92,0.00,0.00,178.51,178.26,177.71,170.11,152.15,229.55,257.32,201.93,228.47,14.66,0.00,0.00,2805534050.55,0.00,0.00
[object Object],INVH,"Invitation Homes, Inc.",NYSE,26.43,stock,common,100.00,1.00,false,0.00,USD,-0.25,2188829.00,0.34,15613125084.05,USD,47.22,0.56,24.79,4.49,Finance,america,Finance,Buy,Buy,-0.25,-2.24,-12.64,-12.50,6.29,-4.46,-9.10,-33.24,31.52,31.52,1.19,1.48,StrongSell,Strong sell,StrongSell,Strong sell,Sell,Sell,20.52,-1.11,-1.89,-130.04,6.40,7.42,0.00,0.00,0.00,0.00,0.00,0.08,2188829.00,-63.57,0.00,0.00,0.00,-12.53,47.22,1.91,5.47,1.72,12.91,19.02,47.86,23909736084.05,8.33,32.16,15.84,27.06,28.51,29.11,29.23,27.85,33.18,36.00,28.00,33.50,1.01,0.17,0.18,2951425000.00,731130333.00,738524667.00
[object Object],LDOS,"Leidos Holdings, Inc.",NYSE,124.15,stock,common,100.00,1.00,false,0.00,USD,0.65,377507.00,0.26,15580171457.59,USD,11.57,10.73,1.47,1.37,Technology services,america,Technology Services,Buy,Buy,0.65,-4.86,-7.57,24.46,-21.17,-30.87,-33.71,30.88,187.39,165.88,2.73,2.83,Sell,Sell,StrongSell,Strong sell,Buy,Buy,40.15,-4.71,-9.65,-121.06,11.46,9.12,0.00,123.66,0.25,-0.04,692.00,-0.41,377507.00,-67.17,0.00,0.00,0.00,-33.37,11.57,7.82,0.88,2.95,6.80,7.23,18.85,21380171457.59,1.21,10.28,8.98,127.38,133.92,129.07,123.43,148.90,157.27,225.00,132.00,160.00,12.38,2.91,3.05,18324222992.00,4436589000.00,4718041840.00
[object Object],ERF,Eurofins Scientific SE,EURONEXT,77.36,stock,common,100.00,2.00,false,0.00,EUR,-0.46,274276.00,0.64,15561596052.59,USD,26.88,3.29,26.97,0.93,Commercial services,france,Commercial Services,Neutral,Neutral,-0.46,1.15,4.74,13.63,25.18,23.97,25.46,-36.96,88.16,56039.33,3.03,2.42,Buy,Buy,StrongBuy,Strong buy,Neutral,Neutral,62.95,6.66,4.71,99.59,80.26,84.55,0.00,0.00,0.00,0.00,0.00,0.15,274276.00,14.20,77.36,0.00,182730.00,18.05,26.88,1.00,1.93,3.71,10.42,22.42,23.00,21119698892.59,2.50,20.09,11.34,76.19,73.39,71.65,68.18,66.65,83.38,99.97,67.42,80.21,4.67,2.18,1.84,8905632438.75,4231223804.30,4329203071.15
[object Object],EDPR,EDP Renewables SA,EURONEXT,12.99,stock,common,100.00,1.00,false,0.00,EUR,0.70,788165.00,0.65,15551807886.06,USD,44.65,0.33,0.00,0.96,Utilities,portugal,Utilities,Buy,Buy,0.70,1.88,-6.21,-4.49,-3.99,8.25,14.45,-42.52,80.44,62.38,2.12,2.49,Sell,Sell,StrongSell,Strong sell,Buy,Buy,47.41,-0.03,-0.33,-7.84,64.79,66.17,0.00,0.00,0.00,0.00,0.00,0.16,788165.00,-34.70,12.99,0.00,376760.00,29.21,44.65,0.00,5.19,1.32,0.00,0.00,24.34,28569861751.16,9.56,27.58,13.48,12.75,13.22,13.40,13.68,13.40,17.48,20.77,11.54,17.77,0.55,0.08,0.08,3243385103.15,767767892.11,725477631.40
[object Object],UPM,UPM-Kymmene Oyj,OMXHEX,25.31,stock,common,100.00,1.00,false,0.00,EUR,-1.06,1021085.00,0.76,15345702593.22,USD,21.36,1.35,82.65,5.86,Process industries,finland,Process Industries,Buy,Buy,-1.06,-4.13,6.39,6.79,-3.87,1.65,8.91,-21.30,34.84,23.01,1.82,2.07,Buy,Buy,Buy,Buy,Sell,Sell,53.86,-0.46,1.28,14.65,62.25,68.06,0.00,0.00,0.00,0.00,0.00,0.00,1021085.00,40.69,0.00,0.00,0.00,13.84,21.36,0.26,1.42,1.34,11.49,16.87,29.14,19601651243.22,1.81,22.09,13.32,25.84,24.67,24.12,24.25,24.87,30.13,44.72,22.82,30.79,1.69,0.33,0.34,11251517258.13,2776216668.14,2675559591.76
[object Object],KRZ,Kerry Group PLC,EURONEXT,85.55,stock,common,100.00,5.00,false,0.00,EUR,0.23,304104.00,0.85,15335312234.40,USD,21.80,4.48,-7.27,1.64,Process industries,ireland,Process Industries,Buy,Buy,0.23,1.12,1.00,6.87,28.26,11.61,11.83,-29.06,15.47,459.15,2.21,2.02,StrongBuy,Strong buy,StrongBuy,Strong buy,Buy,Buy,57.16,2.05,1.04,226.25,70.67,74.94,0.00,0.00,0.00,0.00,0.00,0.88,304104.00,-57.41,85.55,0.00,98662.00,4.71,21.80,0.00,2.07,2.22,18.53,30.28,30.26,17876936099.40,2.36,17.49,12.93,84.78,84.11,83.62,80.32,76.21,110.58,119.45,85.32,114.90,5.99,2.46,3.42,8017993190.60,3848160891.46,3974472424.65
[object Object],HST,"Host Hotels & Resorts, Inc.",NASDAQ,22.34,stock,common,100.00,1.00,false,0.00,USD,0.56,2631444.00,0.29,15302252612.18,USD,14.98,1.49,57.83,3.60,Finance,america,Finance,Buy,Buy,0.56,2.27,-2.85,-10.41,15.79,25.83,28.88,30.23,37.87,673.19,1.97,1.74,Buy,Buy,Buy,Buy,Buy,Buy,48.70,0.10,-0.22,80.15,62.37,63.20,0.00,22.03,-0.81,-0.45,5334.00,0.14,2631444.00,-65.26,0.00,0.00,0.00,24.93,14.98,0.26,2.45,2.40,9.58,15.15,7.86,19224252612.18,3.09,21.53,11.44,22.13,22.36,23.10,23.24,21.26,25.18,29.00,21.00,25.00,1.38,0.34,0.09,6119206250.00,1615766898.00,1351830894.00
[object Object],FBK,FinecoBank SpA,MIL,21.86,stock,common,100.00,1.00,false,0.00,EUR,-0.18,2647983.00,1.60,15242946124.88,USD,20.02,1.25,2.97,3.61,Finance,italy,Finance,Buy,Buy,-0.18,-5.45,-8.76,-1.09,16.21,-1.13,19.91,37.35,326.12,446.50,2.89,2.12,Sell,Sell,StrongSell,Strong sell,Neutral,Neutral,32.96,-1.40,-0.84,-195.94,8.13,20.95,0.00,0.00,0.00,0.00,0.00,0.87,2647983.00,63.48,21.86,0.00,38706.00,20.84,20.02,6.75,6.84,5.58,11.13,11.31,0.00,15797246747.33,6.78,0.00,0.00,22.64,23.23,23.54,22.71,21.81,31.33,33.71,27.20,31.62,1.33,0.00,0.00,1733423996.18,761082480.00,889642300.00
[object Object],URW,Unibail-Rodamco-Westfield SE Stapled Secs Cons of 1 Sh Unibail Rodamco + 1 Sh WFD Unib Rod,EURONEXT,91.72,fund,reit,100.00,2.00,false,0.00,EUR,-0.69,269739.00,0.71,15182320008.94,USD,8.49,12.33,102.25,4.87,Finance,france,Finance,Buy,Buy,-0.69,-2.05,-11.51,-10.86,-1.69,-1.48,5.30,38.55,-62.41,-47.90,1.86,1.55,Sell,Sell,StrongSell,Strong sell,Neutral,Neutral,29.73,-1.18,-4.65,-102.06,8.37,23.10,0.00,0.00,0.00,0.00,0.00,-0.30,269739.00,-9.89,91.72,0.00,150388.00,6.28,8.49,0.08,4.50,0.81,8.31,16.49,4.73,44457126163.94,12.96,22.21,21.87,93.31,96.94,99.96,100.06,98.69,130.91,153.58,113.77,133.11,10.88,5.61,5.18,2623120894.23,1696807650.58,1387718047.86
[object Object],SOLV,Solventum Corporation,NYSE,89.12,stock,common,100.00,1.00,false,0.00,USD,0.60,171389.00,0.17,15170339048.27,USD,10.89,8.18,276.86,0.00,Health services,america,Health Services,Buy,Buy,0.60,1.72,-2.58,14.27,38.56,12.47,25.40,-2.12,-2.12,-2.12,1.37,2.16,Buy,Buy,StrongBuy,Strong buy,Neutral,Neutral,52.42,1.67,-0.32,-48.95,36.20,31.30,0.00,0.00,0.00,0.00,0.00,-0.07,171389.00,-73.05,0.00,0.00,0.00,18.31,10.89,0.04,1.85,3.16,73.90,0.00,38.32,20053339048.27,2.41,28.44,16.94,88.87,89.58,87.15,81.84,77.78,95.83,113.00,70.00,97.50,7.16,1.90,1.35,8240359586.00,2154045686.00,1935615912.00
[object Object],SOBI,Swedish Orphan Biovitrum AB,OMXSTO,436.20,stock,common,10.00,2.00,false,0.00,SEK,0.05,229017.00,0.81,15096474442.50,USD,113.30,0.40,-69.44,0.00,Health technology,sweden,Health Technology,Buy,Buy,0.05,-2.15,-7.11,-6.91,11.85,30.21,57.47,91.24,328.80,1228.98,2.08,2.20,Sell,Sell,StrongSell,Strong sell,Neutral,Neutral,41.72,-2.20,-9.06,-97.65,17.98,27.81,"inverted_hammer_bullish,long_upper_shadow_bearish",0.00,0.00,0.00,0.00,0.46,229017.00,-36.50,0.00,0.00,0.00,59.84,113.30,0.00,4.98,3.58,19.42,19.49,141.12,16754279242.50,5.33,17.69,8.35,442.36,451.91,452.98,451.75,412.88,53.53,59.71,47.16,53.89,2.05,0.35,0.63,3594620400.00,752411047.79,907377550.00
[object Object],MAP,Mapfre SA,BME,4.34,stock,common,1000.00,2.00,false,0.00,EUR,0.28,1239494.00,0.65,15028774874.20,USD,11.26,0.44,10.93,3.38,Finance,spain,Finance,Sell,Sell,0.28,-4.44,-1.72,1.69,15.59,1.83,11.38,138.42,80.25,235.19,1.77,1.60,Sell,Sell,Sell,Sell,Neutral,Neutral,43.62,-0.08,-0.04,-117.55,15.60,20.87,0.00,0.00,0.00,0.00,0.00,0.18,1239494.00,-22.70,0.00,0.00,0.00,15.11,11.26,1.03,0.44,1.33,5.27,5.41,0.00,19576758279.20,0.57,0.00,0.00,4.41,4.42,4.43,4.32,4.16,4.78,5.28,4.19,4.76,0.48,0.00,0.00,34725743397.12,0.00,0.00
[object Object],BALL,Ball Corporation,NYSE,56.68,stock,common,100.00,1.00,false,0.00,USD,0.04,654186.00,0.30,15003385192.76,USD,16.12,3.52,64.15,1.41,Process industries,america,Process Industries,Buy,Buy,0.04,-7.28,-11.84,-7.29,-4.82,6.82,16.36,-38.35,43.15,16870.87,2.44,1.88,StrongSell,Strong sell,StrongSell,Strong sell,Sell,Sell,25.64,-3.22,-2.84,-196.03,4.09,6.35,spinning_top_black,0.00,0.00,0.00,0.00,0.16,654186.00,-73.94,0.00,0.00,0.00,20.11,16.12,0.25,1.05,2.61,10.62,18.31,30.34,22106385192.76,1.53,13.31,9.60,59.57,61.48,62.33,60.16,59.87,73.31,79.00,65.00,74.00,4.02,0.99,1.06,15031360017.00,3691884072.00,3767625839.00
[object Object],PTC,PTC Inc.,NASDAQ,137.84,stock,common,100.00,1.00,false,0.00,USD,0.31,220139.00,0.11,14956502740.37,USD,13.33,10.34,143.85,0.00,Technology services,america,Technology Services,Buy,Buy,0.31,2.63,-7.53,20.98,-3.50,-20.94,-31.90,12.02,213.34,7461.47,3.03,3.30,Sell,Sell,StrongSell,Strong sell,Neutral,Neutral,47.81,7.06,-6.70,-19.52,56.41,48.85,0.00,0.00,0.00,0.00,0.00,-0.17,220139.00,-84.65,0.00,0.00,0.00,-40.23,13.33,0.09,5.35,4.40,16.61,16.96,45.02,16212142740.37,5.49,13.79,12.38,136.18,143.61,140.03,135.47,145.96,174.05,230.00,140.00,170.00,8.19,1.57,1.96,2723203080.00,611619659.00,660893403.00
[object Object],KIM,Kimco Realty Corporation,NYSE,22.27,stock,common,100.00,1.00,false,0.00,USD,0.07,1327450.00,0.21,14935125271.52,USD,26.10,0.85,2.92,4.63,Finance,america,Finance,Buy,Buy,0.07,-0.91,-7.42,-13.47,0.07,10.06,2.89,2.41,-25.58,400.96,1.04,1.37,Sell,Sell,StrongSell,Strong sell,Buy,Buy,22.87,-0.93,-1.25,-107.84,7.26,6.77,long_lower_shadow_bullish,22.01,-1.08,-1.08,390.00,0.27,1327450.00,-67.11,0.00,0.00,0.00,1.72,26.10,8.93,6.80,1.45,12.69,18.79,21.36,23560913271.52,10.72,31.06,17.12,22.57,23.48,24.22,24.38,23.22,26.96,31.00,23.00,26.00,0.85,0.20,0.20,2216087395.00,543753979.00,550785916.00
[object Object],APA,APA Corporation,NASDAQ,42.41,stock,common,100.00,1.00,false,0.00,USD,-2.92,2657606.00,0.39,14856655523.51,USD,8.97,4.73,58.66,2.29,Energy minerals,america,Energy Minerals,Neutral,Neutral,-2.92,-6.41,4.25,27.92,-1.95,72.52,76.03,86.72,-30.61,1994.87,2.84,3.09,Sell,Sell,Sell,Sell,Neutral,Neutral,47.27,-2.32,0.23,-119.09,19.48,18.40,0.00,42.55,-2.59,-0.73,12791.00,-2.01,2657606.00,-56.69,0.00,0.00,0.00,87.13,8.97,0.16,1.76,2.12,3.32,7.14,33.81,19216655523.51,2.18,5.28,3.16,44.35,43.54,40.88,38.42,34.92,46.38,62.00,36.00,46.50,6.08,1.90,1.34,8964472880.00,2460458417.00,2222844679.00
[object Object],SY1,Symrise AG,XETR,93.08,stock,common,100.00,2.00,false,0.00,EUR,-0.17,302868.00,0.84,14826247910.41,USD,52.35,2.03,-50.97,1.34,Process industries,germany,Process Industries,Buy,Buy,-0.17,4.26,1.00,5.10,30.55,34.94,25.11,-20.38,42.11,439.59,2.42,2.08,Buy,Buy,StrongBuy,Strong buy,Neutral,Neutral,58.44,5.88,1.94,114.16,84.58,84.90,0.00,0.00,0.00,0.00,0.00,0.56,302868.00,-6.29,93.36,0.30,176148.00,17.56,52.35,0.00,2.63,3.42,15.24,19.29,28.58,16928664928.16,3.02,25.56,17.07,91.15,90.51,90.09,86.40,79.52,113.70,127.42,84.19,113.77,4.63,2.16,2.09,5902846816.66,2875556613.60,2829335550.00
[object Object],BOL,Boliden AB,OMXSTO,521.00,stock,common,10.00,2.00,false,0.00,SEK,0.58,618865.00,0.60,14781770544.41,USD,11.67,4.58,52.37,2.12,Non-energy minerals,sweden,Non-Energy Minerals,Neutral,Neutral,0.58,-3.30,-10.14,-2.54,11.56,0.89,40.81,100.08,204.82,11.58,2.83,3.37,Sell,Sell,StrongSell,Strong sell,Neutral,Neutral,44.04,-29.00,-11.78,-102.29,14.09,21.87,0.00,0.00,0.00,0.00,0.00,1.85,618865.00,-28.38,0.00,0.00,0.00,56.89,11.67,0.22,1.42,1.84,7.10,31.01,35.24,16643989744.41,1.56,9.92,6.17,527.56,546.27,526.84,532.75,553.23,56.39,70.84,47.56,55.31,4.56,0.80,1.07,12447224555.17,2986200197.81,2866114644.14
[object Object],ADM,Admiral Group plc,LSE,3618.00,stock,common,1.00,2.00,false,0.00,GBX,-0.60,701557.00,1.03,14728477732.53,USD,15.93,3.01,-15.85,5.63,Finance,uk,Finance,Buy,Buy,-0.60,-7.47,-11.19,4.33,17.32,12.43,13.99,5.08,72.29,1162.83,1.95,1.94,Sell,Sell,Sell,Sell,Sell,Sell,34.20,-168.00,-156.84,-197.14,4.19,4.60,0.00,0.00,0.00,0.00,0.00,0.27,701557.00,8.15,3618.00,0.00,356349.00,15.28,15.93,0.00,1.99,7.40,24.26,30.24,0.00,17481045432.53,2.36,0.00,0.00,3777.00,3871.73,3811.80,3614.75,3347.36,53.53,63.41,34.61,55.48,3.20,1.31,1.58,6806770126.94,3761704241.10,3506257645.00
[object Object],ELI,Elia Group SA/NV,EURONEXT,118.30,stock,common,10.00,1.00,false,0.00,EUR,0.17,81417.00,0.72,14648774319.28,USD,20.32,6.65,-2.78,1.22,Utilities,belgium,Utilities,Buy,Buy,0.17,-2.95,-7.29,-14.89,-8.93,6.87,21.46,17.67,177.75,346.24,1.76,2.42,Sell,Sell,StrongSell,Strong sell,Buy,Buy,41.43,1.30,-4.25,-36.16,48.35,52.70,0.00,0.00,0.00,0.00,0.00,0.25,81417.00,-17.43,118.30,0.00,60741.00,26.12,20.32,0.00,2.67,1.64,6.80,0.00,3.74,33409532939.28,6.05,15.87,11.17,118.70,122.17,126.26,130.96,128.68,174.08,197.62,145.31,174.66,7.83,4.13,4.10,6665857594.26,3632868876.74,3170684019.55
[object Object],LUND_B,L E Lundbergforetagen AB Class B,OMXSTO,591.50,stock,common,10.00,5.00,false,0.00,SEK,0.77,93298.00,0.94,14615830400.00,USD,7.93,7.66,154.56,0.83,Finance,sweden,Finance,Neutral,Neutral,0.77,0.68,3.14,6.96,14.30,15.64,21.96,18.80,111.25,1939.66,1.48,1.55,StrongBuy,Strong buy,StrongBuy,Strong buy,Buy,Buy,58.09,11.50,14.17,94.57,68.63,76.49,shooting_star_bearish,0.00,0.00,0.00,0.00,0.34,93298.00,62.27,0.00,0.00,0.00,19.27,7.93,0.05,5.05,1.02,17.57,21.28,0.00,22096935600.00,7.46,26.18,22.15,586.75,579.30,574.89,559.41,546.78,64.50,72.24,59.89,62.92,0.00,0.00,0.00,0.00,0.00,0.00
[object Object],ROL,"Rollins, Inc.",NYSE,30.13,stock,common,100.00,1.00,false,0.00,USD,-0.90,4201402.00,0.52,14494505483.19,USD,27.35,1.10,9.07,2.40,Commercial services,america,Commercial Services,Neutral,Neutral,-0.90,-8.71,-17.08,-29.78,-42.84,-49.58,-46.42,-19.39,134.13,10848.12,2.64,2.29,StrongSell,Strong sell,StrongSell,Strong sell,Sell,Sell,19.83,-4.60,-3.47,-182.50,8.16,12.11,"on_neck_bearish,spinning_top_white",30.22,-0.59,-0.10,21404.00,-1.28,4201402.00,-69.22,0.00,0.00,0.00,-42.00,27.35,3.04,3.73,10.14,22.42,23.42,132.94,15500723483.19,3.95,20.89,17.78,32.63,34.84,36.58,42.18,50.36,44.44,66.00,32.00,43.50,1.17,0.34,0.35,4086987036.00,1094107882.00,1108029135.00
[object Object],CVC,CVC Capital Partners plc,EURONEXT,12.37,stock,common,100.00,1.00,false,0.00,EUR,1.23,763476.00,0.63,14493860302.63,USD,16.00,0.88,60.17,4.10,Finance,netherlands,Finance,Buy,Buy,1.23,-5.21,-18.19,0.00,11.34,-13.13,-14.98,-28.66,-28.66,-28.66,2.21,2.52,Sell,Sell,StrongSell,Strong sell,Buy,Buy,28.73,-1.29,-1.51,-128.24,5.41,7.52,0.00,0.00,0.00,0.00,0.00,1.47,763476.00,-36.82,12.37,0.00,463917.00,-17.92,16.00,0.26,6.62,8.20,19.22,19.84,13.01,16796463902.63,7.32,12.77,11.04,12.81,13.92,14.32,13.76,13.38,20.29,24.39,16.46,20.08,0.95,0.41,0.47,2233356296.50,973836846.12,1144238131.15
[object Object],AAF,Airtel Africa Plc,LSE,299.60,stock,common,10.00,2.00,false,0.00,GBX,-0.99,1862938.00,0.42,14478415622.75,USD,20.62,0.19,104.65,1.78,Communications,uk,Communications,Buy,Buy,-0.99,-15.13,-10.83,-12.81,-15.27,-15.80,33.27,190.87,289.09,289.09,5.00,4.04,Sell,Sell,StrongSell,Strong sell,Neutral,Neutral,30.79,-45.40,-22.48,-164.94,5.34,11.89,0.00,0.00,0.00,0.00,0.00,0.40,1862938.00,-64.01,299.60,0.00,839552.00,42.10,20.62,0.20,2.16,4.49,5.69,8.85,6.20,19020923816.39,2.81,8.33,5.62,325.54,333.68,334.55,340.29,345.15,4.89,6.23,3.81,4.74,0.26,0.05,0.08,7928992241.84,1658542000.00,1966733000.00
[object Object],WY,Weyerhaeuser Company,NYSE,20.02,stock,common,100.00,1.00,false,0.00,USD,-0.57,3236889.00,0.44,14432738421.87,USD,30.62,0.65,70.20,4.17,Finance,america,Finance,Buy,Buy,-0.57,-7.08,-17.96,-22.05,-14.75,-15.61,-18.27,-46.20,-37.34,658.04,2.59,2.14,StrongSell,Strong sell,StrongSell,Strong sell,Sell,Sell,22.55,-2.04,-2.23,-177.53,3.82,8.23,0.00,20.14,0.00,1.04,8838.00,-0.05,3236889.00,-62.95,0.00,0.00,0.00,-12.04,30.62,0.44,2.12,1.53,26.43,0.00,27.17,19349738421.87,2.82,45.85,20.76,21.31,22.82,23.55,23.75,24.25,31.00,38.00,28.00,30.00,0.33,0.08,0.09,7181989552.00,1849387604.00,1928224533.00
[object Object],INF,Informa Plc,LSE,876.40,stock,common,10.00,2.00,false,0.00,GBX,0.57,9383868.00,2.08,14398773507.64,USD,50.57,0.23,219.74,2.58,Technology services,uk,Technology Services,Buy,Buy,0.57,-1.59,-2.51,-1.77,14.77,-1.48,-3.86,57.17,30.49,267.54,2.39,2.10,Sell,Sell,Sell,Sell,Neutral,Neutral,44.73,-13.00,-4.27,-85.69,19.51,32.37,long_upper_shadow_bearish,0.00,0.00,0.00,0.00,0.64,9383868.00,30.84,876.40,0.00,781474.00,-7.26,50.57,0.23,2.73,1.94,12.95,13.37,18.68,19999020907.64,3.71,19.84,12.43,888.18,893.82,894.10,870.25,851.23,14.63,17.21,12.39,14.33,0.76,0.32,0.40,5813108584.44,2671806500.10,2938567802.50
[object Object],COLO_B,Coloplast A/S Class B,OMXCOP,417.60,stock,common,10.00,1.00,false,0.00,DKK,-0.71,362766.00,1.16,14365635100.36,USD,34.06,1.87,-32.23,5.47,Health technology,denmark,Health Technology,Neutral,Neutral,-0.71,-0.55,-9.41,9.72,-4.79,-23.49,-25.46,-61.15,-18.60,512.32,2.03,2.32,Sell,Sell,StrongSell,Strong sell,Neutral,Neutral,39.30,1.50,-19.44,-65.66,12.78,11.70,0.00,0.00,0.00,0.00,0.00,0.52,362766.00,28.29,0.00,0.00,0.00,-29.37,34.06,0.00,3.33,7.04,12.26,15.01,115.19,17854909900.36,4.12,15.70,9.80,419.56,439.35,434.06,413.69,452.34,72.67,96.25,58.06,70.84,3.97,0.93,0.84,4523544152.87,1106456689.19,1115954322.30
[object Object],LIFCO_B,Lifco AB Class B,OMXSTO,317.80,stock,common,10.00,2.00,false,0.00,SEK,1.86,520800.00,1.36,14228233995.62,USD,37.46,0.87,12.86,0.87,Producer manufacturing,sweden,Producer Manufacturing,Buy,Buy,1.86,3.72,-0.06,0.70,11.74,-9.97,-1.49,24.63,558.52,1344.55,1.64,1.73,StrongBuy,Strong buy,StrongBuy,Strong buy,Neutral,Neutral,57.30,15.00,0.18,89.51,80.24,77.28,0.00,0.00,0.00,0.00,0.00,0.83,520800.00,145.82,0.00,0.00,0.00,-5.66,37.46,2.86,4.84,7.10,27.60,30.29,107.97,15303517995.62,5.09,27.59,20.29,309.86,312.49,316.12,310.89,312.03,36.78,43.94,33.33,36.06,1.08,0.24,0.23,3307025773.80,784229247.94,751297264.19
[object Object],EG,"Everest Group, Ltd.",NYSE,370.80,stock,common,100.00,1.00,false,0.00,USD,-0.31,118293.00,0.24,14217485919.08,USD,7.85,47.25,146.14,2.15,Finance,america,Finance,Buy,Buy,-0.31,-3.20,-1.18,7.35,14.43,9.65,7.57,43.84,93.80,1877.60,2.09,1.75,Sell,Sell,Sell,Sell,Sell,Sell,46.45,-0.91,-0.77,-64.16,42.44,39.13,0.00,0.00,0.00,0.00,0.00,0.41,118293.00,-58.49,0.00,0.00,0.00,2.17,7.85,0.05,0.86,0.93,6.45,6.45,0.00,17806485919.08,1.06,0.00,0.00,374.73,373.95,374.95,362.00,347.12,407.76,480.00,350.00,400.00,53.88,14.52,8.56,15583020058.00,3993517940.00,3818189057.00
[object Object],DOC,"Healthpeak Properties, Inc.",NYSE,20.10,stock,common,100.00,1.00,false,0.00,USD,-0.84,2027110.00,0.34,14201126823.88,USD,57.46,0.35,49.04,6.02,Finance,america,Finance,Buy,Buy,-0.84,-2.14,-7.20,-5.77,19.78,25.31,7.72,-41.45,-43.11,320.38,1.83,1.78,Sell,Sell,StrongSell,Strong sell,Sell,Sell,38.17,-0.20,-0.29,-127.76,24.52,34.82,0.00,20.28,0.05,0.05,511.00,0.10,2027110.00,-70.90,0.00,0.00,0.00,9.54,57.46,1.18,4.74,1.77,11.01,12.51,8.07,24456511823.88,8.29,46.19,15.03,20.39,20.73,21.16,20.73,18.80,22.91,29.00,17.00,23.00,0.45,0.03,0.05,3019985826.00,725644112.00,748352483.00
[object Object],LOGN,Logitech International S.A.,SIX,84.00,stock,common,100.00,2.00,false,0.00,CHF,1.67,395043.00,0.47,14082322219.50,USD,19.44,5.35,18.52,1.53,Electronic technology,switzerland,Electronic Technology,Neutral,Neutral,1.67,-0.64,6.25,3.37,14.85,5.00,-3.02,-9.29,302.88,211.69,3.20,2.99,Buy,Buy,StrongBuy,Strong buy,Neutral,Neutral,53.34,0.70,3.25,42.99,65.49,75.78,0.00,0.00,0.00,0.00,0.00,0.27,395043.00,-56.83,84.00,0.00,155575.00,-5.78,19.44,1.03,3.07,6.36,14.15,15.01,8.63,12459876042.83,2.58,14.20,13.08,83.94,81.21,82.66,83.67,79.53,112.41,142.39,84.11,113.98,5.77,1.26,1.31,5053733968.06,1202355418.00,1210994901.00
[object Object],IPN,Ipsen SA,EURONEXT,143.30,stock,common,10.00,1.00,false,0.00,EUR,-3.89,119496.00,1.08,14029476438.36,USD,23.19,7.06,15.12,1.07,Health technology,france,Health Technology,Neutral,Neutral,-3.89,-8.26,-13.88,-11.60,-6.28,20.72,25.70,72.98,135.42,545.50,3.77,2.54,StrongSell,Strong sell,StrongSell,Strong sell,Sell,Sell,30.30,-13.80,-11.42,-164.28,17.76,19.97,0.00,0.00,0.00,0.00,0.00,0.07,119496.00,-6.61,143.30,0.00,85304.00,35.57,23.19,1.60,3.06,2.52,9.11,9.69,6.03,12884204183.36,2.79,9.25,5.82,152.87,159.98,159.81,160.24,153.81,188.59,267.35,147.89,187.71,17.15,7.42,8.15,5310639745.42,2418312050.00,2627402675.00
[object Object],VAR,Var Energi ASA,OSL,51.10,stock,common,100.00,2.00,false,0.00,NOK,-4.09,5492130.00,1.08,13980525764.87,USD,10.76,0.48,101.82,9.17,Energy minerals,norway,Energy Minerals,Buy,Buy,-4.09,-3.58,6.66,25.71,6.50,54.80,44.76,82.50,82.50,82.50,2.98,2.39,Sell,Sell,Sell,Sell,Sell,Sell,48.49,-2.02,1.25,-34.59,41.28,42.92,0.00,0.00,0.00,0.00,0.00,-2.78,5492130.00,10.78,51.10,0.00,2391155.00,64.22,10.76,0.11,1.28,55.85,2.45,4.48,5.15,18954152477.58,1.80,3.61,2.14,53.11,51.20,49.67,47.17,42.73,5.52,7.40,3.87,5.61,0.71,0.21,0.17,12504325380.36,3709667603.00,3349178503.00
[object Object],CRL,"Charles River Laboratories International, Inc.",NYSE,292.43,stock,common,100.00,1.00,false,0.00,USD,-0.68,312771.00,0.27,13960278609.42,USD,0.00,-4.85,-266.29,0.00,Commercial services,america,Commercial Services,Buy,Buy,-0.68,3.97,-0.25,39.25,78.75,46.12,97.07,-35.76,255.32,1399.64,4.37,3.15,StrongBuy,Strong buy,StrongBuy,Strong buy,Neutral,Neutral,59.55,14.17,0.32,102.39,67.80,58.63,"harami_bearish,long_lower_shadow_bullish",297.25,0.95,0.99,1425.00,-0.42,312771.00,-80.34,0.00,0.00,0.00,73.58,0.00,-0.23,3.54,4.92,24.12,37.89,64.88,16827036609.42,4.21,31.14,20.07,280.74,285.46,269.04,230.12,207.49,306.07,330.00,219.00,314.00,11.33,2.74,2.96,3905280725.00,977198118.00,958288120.00
[object Object],SWK,"Stanley Black & Decker, Inc.",NYSE,91.46,stock,common,100.00,1.00,false,0.00,USD,1.43,377695.00,0.21,13811982285.11,USD,22.30,4.10,30.04,3.68,Consumer durables,america,Consumer Durables,Neutral,Neutral,1.43,2.58,-7.49,0.33,30.16,22.26,23.41,-50.70,-24.15,4067.76,2.45,2.69,Neutral,Neutral,Sell,Sell,Buy,Buy,46.00,2.22,-5.02,-26.86,37.63,35.24,engulfing_bullish,0.00,0.00,0.00,0.00,-0.01,377695.00,-69.41,0.00,0.00,0.00,13.99,22.30,0.73,0.89,1.54,8.88,10.69,22.81,17965882285.11,1.18,12.87,9.51,89.94,94.58,95.27,89.11,83.45,100.73,110.00,93.00,100.00,5.59,1.21,1.56,15158035464.00,3966862091.00,3727754307.00
[object Object],MAA,"Mid-America Apartment Communities, Inc.",NYSE,118.25,stock,common,100.00,1.00,false,0.00,USD,0.84,387972.00,0.29,13719015700.61,USD,34.55,3.42,-29.50,5.21,Finance,america,Finance,Neutral,Neutral,0.84,-1.92,-10.45,-15.02,-3.07,-14.63,-15.83,-37.68,23.18,446.80,1.57,1.63,Sell,Sell,StrongSell,Strong sell,Buy,Buy,26.34,-6.55,-9.25,-114.16,5.86,5.56,0.00,0.00,0.00,0.00,0.00,0.20,387972.00,-71.48,0.00,0.00,0.00,-16.33,34.55,0.00,6.14,2.52,13.58,21.29,211.27,19517887700.61,8.80,31.67,15.52,120.34,126.55,129.32,131.62,131.43,141.44,160.00,121.00,142.00,3.66,0.76,0.77,2228771721.00,556184457.00,558864495.00
[object Object],UU.,United Utilities Group PLC,LSE,1402.00,stock,common,1.00,1.00,false,0.00,GBX,0.29,1401951.00,0.77,13718900152.29,USD,16.33,1.13,121.69,3.84,Utilities,uk,Utilities,Buy,Buy,0.29,1.08,-2.71,7.76,8.64,17.08,24.57,38.06,40.90,129.08,2.17,2.12,Buy,Buy,StrongBuy,Strong buy,Buy,Buy,56.51,78.00,6.14,87.52,81.19,82.47,doji_star_bearish,0.00,0.00,0.00,0.00,0.21,1401951.00,-19.47,1402.00,0.00,794981.00,31.98,16.33,0.13,3.65,4.27,6.94,0.00,5.34,26527712452.29,7.67,18.64,12.73,1377.20,1383.60,1387.20,1359.26,1325.71,19.92,21.80,17.83,20.10,1.39,0.70,0.67,3651562249.76,2047923420.00,1476060301.00
[object Object],IVZ,Invesco Ltd.,NYSE,30.98,stock,common,100.00,1.00,false,0.00,USD,0.99,3159531.00,0.67,13678767267.71,USD,0.00,-0.70,-175.03,2.77,Finance,america,Finance,Buy,Buy,0.99,2.56,-5.34,18.48,29.80,17.22,41.34,24.08,2.32,360.71,2.61,2.74,Neutral,Neutral,Neutral,Neutral,Sell,Sell,46.92,-1.30,-1.11,-61.41,33.21,34.32,0.00,0.00,0.00,0.00,0.00,0.55,3159531.00,-54.67,0.00,0.00,0.00,34.39,0.00,0.00,1.96,1.37,6.89,7.20,8.74,17201267267.71,2.41,10.67,9.82,30.78,31.87,31.35,29.53,27.73,34.12,39.00,29.00,34.00,2.81,0.67,0.73,5431153849.00,1318170080.00,1392284067.00
[object Object],DPLM,Diploma PLC,LSE,7750.00,stock,common,1.00,5.00,false,0.00,GBX,0.45,473629.00,0.71,13666296883.42,USD,55.02,1.86,13.29,0.82,Distribution services,uk,Distribution Services,StrongBuy,Strong buy,0.45,5.73,6.90,8.85,30.91,45.40,45.95,148.72,777.19,8006.69,2.20,2.17,Buy,Buy,StrongBuy,Strong buy,Sell,Sell,70.96,635.00,311.25,178.24,91.09,92.96,0.00,0.00,0.00,0.00,0.00,0.97,473629.00,25.60,7750.00,0.00,152799.00,34.79,55.02,4.12,6.31,9.88,36.79,38.95,152.04,14243838083.42,6.54,30.32,23.93,7418.50,7268.00,7349.60,7156.65,6468.63,112.28,121.68,100.05,112.55,3.42,1.43,1.92,2458247769.69,1098582000.00,0.00
[object Object],GJF,Gjensidige Forsikring ASA,OSL,259.40,stock,common,10.00,2.00,false,0.00,NOK,0.00,211152.00,0.58,13632444665.05,USD,18.67,1.40,5.89,3.86,Finance,norway,Finance,Neutral,Neutral,0.00,-6.35,-8.01,-2.70,5.36,-14.11,-5.88,31.14,73.51,339.66,2.16,1.41,Sell,Sell,StrongSell,Strong sell,Neutral,Neutral,25.15,-18.60,-12.14,-206.98,15.03,12.43,"inverted_hammer_bullish,long_upper_shadow_bearish",0.00,0.00,0.00,0.00,-0.08,211152.00,-35.86,259.40,0.00,156833.00,0.36,18.67,3.17,2.51,5.88,16.70,17.31,0.00,14405633825.05,2.86,0.00,0.00,271.16,277.81,278.94,270.38,271.24,31.06,34.10,25.92,31.33,1.55,0.43,0.46,4567002224.47,1138634517.39,1251282794.15
[object Object],BCVN,Banque Cantonale Vaudoise,SIX,131.20,stock,common,10.00,1.00,false,0.00,CHF,0.08,34154.00,0.63,13603173603.58,USD,25.60,6.34,1.46,3.36,Finance,switzerland,Finance,Neutral,Neutral,0.08,5.04,3.63,11.38,4.04,30.81,42.30,84.27,102.47,1461.90,1.78,2.05,StrongBuy,Strong buy,StrongBuy,Strong buy,Buy,Buy,58.37,5.10,2.11,58.04,55.56,45.19,shooting_star_bearish,0.00,0.00,0.00,0.00,-0.31,34154.00,-35.01,131.20,0.00,17609.00,37.88,25.60,17.56,9.11,2.95,0.00,0.00,0.00,23678641203.58,13.11,0.00,0.00,128.56,127.88,127.16,122.71,118.04,131.68,138.26,125.92,130.86,6.65,0.00,0.00,1492831551.79,724322050.00,0.00
[object Object],SWKS,"Skyworks Solutions, Inc.",NASDAQ,89.90,stock,common,100.00,1.00,false,0.00,USD,2.38,2527966.00,0.28,13527502394.95,USD,46.57,1.93,-23.08,3.23,Electronic technology,america,Electronic Technology,Neutral,Neutral,2.38,-2.34,36.73,32.17,60.22,40.10,12.56,-47.28,21.59,6123.78,4.16,6.17,Buy,Buy,StrongBuy,Strong buy,Neutral,Neutral,62.99,1.55,14.38,68.02,85.33,87.79,0.00,87.83,0.02,2.06,773.00,0.16,2527966.00,-35.40,0.00,0.00,0.00,13.97,46.57,0.00,3.31,2.36,19.03,31.43,17.03,13409402394.95,3.34,38.41,16.50,88.28,76.65,71.77,70.88,65.34,68.07,85.00,52.00,70.00,5.04,1.03,1.27,3949921348.00,925966187.00,1036070861.00
[object Object],MAS,Masco Corporation,NYSE,68.52,stock,common,100.00,1.00,false,0.00,USD,1.80,695102.00,0.25,13511282827.49,USD,15.79,4.34,15.22,0.00,Producer manufacturing,america,Producer Manufacturing,Buy,Buy,1.80,1.30,-6.60,-13.57,14.37,7.63,-3.34,22.60,101.00,11636.09,2.55,2.36,Sell,Sell,StrongSell,Strong sell,Buy,Buy,43.29,0.00,-3.04,-66.57,16.34,20.63,0.00,0.00,0.00,0.00,0.00,0.18,695102.00,-69.71,0.00,0.00,0.00,-11.27,15.79,1.02,1.76,0.00,10.56,12.11,24.88,16703282827.49,2.19,12.38,11.12,68.46,70.93,73.13,73.11,70.01,80.29,96.00,68.00,79.00,4.53,1.32,1.03,7648107437.00,2082777191.00,1927980026.00
[object Object],BVI,Bureau Veritas SA,EURONEXT,26.89,stock,common,100.00,1.00,false,0.00,EUR,0.49,723190.00,0.65,13502915646.66,USD,23.87,1.29,-22.53,3.44,Commercial services,france,Commercial Services,Buy,Buy,0.49,-2.50,-3.13,3.74,1.86,-0.63,4.47,-4.92,38.82,36989.66,2.07,1.49,Sell,Sell,StrongSell,Strong sell,Buy,Buy,41.49,-0.93,-0.26,-136.93,13.59,27.68,tweezer_bottom_bullish,0.00,0.00,0.00,0.00,0.07,723190.00,-38.66,26.89,0.00,411899.00,5.42,23.87,0.00,1.83,7.20,12.54,14.88,12.78,15944312546.66,2.14,14.70,11.13,27.42,27.47,27.61,26.97,27.12,37.48,43.83,31.87,37.00,1.80,0.74,1.03,7910212414.16,3686554833.22,4058409379.30
[object Object],WISE,Wise Group plc Class A,LSE,867.40,stock,common,10.00,2.00,false,0.00,GBX,2.58,1641925.00,1.26,13486922018.00,USD,0.00,0.00,0.00,0.00,Commercial services,uk,Commercial Services,StrongBuy,Strong buy,2.58,-0.87,-8.69,2.70,-3.35,-2.76,-20.35,-23.68,8.42,8.42,2.59,2.84,Sell,Sell,StrongSell,Strong sell,Neutral,Neutral,40.96,-22.60,-60.84,-74.27,12.04,10.04,0.00,0.00,0.00,0.00,0.00,0.54,1641925.00,66.87,867.40,0.00,933305.00,-24.97,0.00,0.00,0.00,6.11,0.00,0.00,2.19,8588330263.02,0.00,0.00,0.00,865.18,918.33,914.52,910.70,915.39,16.57,18.50,13.00,16.90,0.58,0.27,0.29,2980783308.88,1261323388.00,1428117400.00
[object Object],MONC,Moncler SpA,MIL,43.56,stock,common,100.00,1.00,false,0.00,EUR,-0.11,826097.00,0.61,13430180952.95,USD,18.55,2.68,3.85,3.21,Consumer non-durables,italy,Consumer Non-Durables,Buy,Buy,-0.11,-1.36,-8.16,-14.76,-15.48,-21.94,-12.88,-20.66,176.57,202.50,2.30,2.57,Sell,Sell,StrongSell,Strong sell,Neutral,Neutral,37.57,-1.13,-2.42,-62.34,27.04,27.86,0.00,0.00,0.00,0.00,0.00,1.15,826097.00,4.39,43.56,0.00,250.00,-13.91,18.55,4.83,3.71,3.25,11.54,14.82,23.09,14253261626.75,3.90,13.36,9.73,43.76,45.63,47.27,49.76,51.46,67.89,80.26,55.38,67.65,2.77,0.68,2.08,3806432340.96,1471905962.71,2200215100.00
[object Object],TYL,"Tyler Technologies, Inc.",NYSE,327.28,stock,common,100.00,1.00,false,0.00,USD,0.13,165342.00,0.21,13402860590.29,USD,43.37,7.55,7.90,0.00,Technology services,america,Technology Services,Buy,Buy,0.13,-3.98,-4.42,14.80,-3.43,-27.37,-37.30,-31.74,89.60,8851.25,3.59,3.41,Sell,Sell,StrongSell,Strong sell,Neutral,Neutral,41.46,-9.39,-12.94,-98.11,9.36,9.61,0.00,0.00,0.00,0.00,0.00,-0.59,165342.00,-73.28,0.00,0.00,0.00,-40.21,43.37,5.48,5.63,4.41,18.75,19.18,14.12,13887855590.29,5.72,37.76,26.58,338.84,348.37,334.12,320.15,348.75,423.14,525.00,335.00,425.00,13.08,3.05,3.48,2554534217.00,647946789.00,651686349.00
[object Object],TRMB,Trimble Inc.,NASDAQ,57.38,stock,common,100.00,1.00,false,0.00,USD,-0.53,616145.00,0.26,13381024804.47,USD,0.00,-0.49,-141.85,0.00,Technology services,america,Technology Services,StrongBuy,Strong buy,-0.53,0.10,-2.47,14.59,-11.15,-27.23,-27.43,-34.38,105.83,3218.63,2.49,2.54,Sell,Sell,StrongSell,Strong sell,Sell,Sell,46.13,-0.27,-0.26,-72.25,38.82,46.59,long_upper_shadow_bearish,57.43,-0.45,-0.26,2177.00,-0.29,616145.00,-61.50,0.00,0.00,0.00,-31.87,0.00,0.00,3.55,2.62,16.73,17.29,62.36,14625924804.47,3.87,20.71,16.10,58.12,58.71,57.66,55.87,63.27,80.22,94.00,61.00,80.00,3.67,0.80,0.86,3930626933.00,952091545.00,966328455.00
[object Object],GEN,Gen Digital Inc.,NASDAQ,22.30,stock,common,100.00,1.00,false,0.00,USD,-3.32,15936462.00,1.47,13351483664.41,USD,12.95,1.72,79.82,2.17,Technology services,america,Technology Services,Buy,Buy,-3.32,-26.12,-22.79,-5.17,18.39,-18.09,-22.93,-13.41,-10.60,3003.30,8.12,3.92,StrongSell,Strong sell,StrongSell,Strong sell,Sell,Sell,21.93,-7.96,-2.83,-282.52,2.30,4.63,falling_window_bearish,22.92,-0.65,-0.17,33434.00,-0.69,15936462.00,-50.38,0.00,0.00,0.00,-2.74,12.95,0.17,2.74,5.03,8.57,8.69,23.85,20963483664.41,4.13,9.64,7.86,28.06,29.06,28.45,26.55,24.75,33.50,46.00,26.00,32.00,2.93,0.69,0.72,5423192814.00,1311795133.00,1337631822.00
[object Object],CA,Carrefour SA,EURONEXT,16.20,stock,common,1000.00,5.00,false,0.00,EUR,0.37,1481059.00,0.70,13346312977.43,USD,15.26,1.21,147.85,6.01,Retail trade,france,Retail Trade,Buy,Buy,0.37,-3.20,1.73,-0.86,4.15,14.04,29.60,5.92,-30.77,-10.89,1.65,1.71,Neutral,Neutral,Sell,Sell,Buy,Buy,47.87,-0.07,0.19,-62.68,6.78,15.07,0.00,0.00,0.00,0.00,0.00,-0.25,1481059.00,-14.82,16.20,0.00,1034839.00,35.05,15.26,0.10,0.14,1.04,3.17,4.64,2.19,33118669977.43,0.36,12.99,6.43,16.48,16.19,16.11,16.28,15.76,19.49,25.40,10.39,20.79,2.03,0.54,1.33,96693836960.40,45835471443.86,49399885849.25
[object Object],REG,Regency Centers Corporation,NASDAQ,72.84,stock,common,100.00,1.00,false,0.00,USD,-0.11,420964.00,0.27,13338500121.81,USD,24.58,2.96,38.21,4.07,Finance,america,Finance,Buy,Buy,-0.11,-0.01,-5.27,-9.99,-2.16,6.07,1.69,6.26,-7.80,278.39,1.16,1.30,Sell,Sell,StrongSell,Strong sell,Neutral,Neutral,32.32,-1.78,-2.27,-98.39,13.35,15.98,0.00,0.00,0.00,0.00,0.00,0.38,420964.00,-71.40,0.00,0.00,0.00,4.71,24.58,0.64,8.25,2.00,15.55,32.09,69.70,19133200121.81,11.80,31.67,18.61,73.28,75.03,76.92,77.82,76.20,86.00,102.00,76.00,85.00,2.49,0.59,0.60,1680533538.00,411074118.00,421220491.00
[object Object],CPT,Camden Property Trust,NYSE,98.20,stock,common,100.00,1.00,false,0.00,USD,0.81,676877.00,0.56,13280504906.42,USD,32.50,3.02,110.85,4.33,Finance,america,Finance,Neutral,Neutral,0.81,-2.37,-8.72,-14.11,1.15,-10.44,-8.65,-35.05,13.79,331.65,1.70,1.60,Sell,Sell,StrongSell,Strong sell,Buy,Buy,28.00,-4.83,-6.61,-124.32,6.44,6.38,engulfing_bullish,0.00,0.00,0.00,0.00,-0.08,676877.00,-63.95,0.00,0.00,0.00,-12.27,32.50,0.29,6.31,2.65,12.45,31.19,181.33,18174289906.42,11.50,64.95,20.27,99.94,104.31,107.33,108.82,107.07,115.42,132.00,102.00,114.50,1.14,0.31,0.25,1544584604.00,392874687.00,385054063.00
[object Object],ORNBV,Orion Oyj Class B,OMXHEX,82.95,stock,common,100.00,5.00,false,0.00,EUR,0.06,106588.00,0.62,13245986552.24,USD,19.88,4.76,55.11,2.07,Health technology,finland,Health Technology,Neutral,Neutral,0.06,1.72,2.72,18.25,21.63,30.02,25.30,136.80,133.79,324.73,1.93,1.72,StrongBuy,Strong buy,StrongBuy,Strong buy,Buy,Buy,61.86,4.55,2.78,125.30,78.96,85.00,spinning_top_black,0.00,0.00,0.00,0.00,0.36,106588.00,-11.71,0.00,0.00,0.00,21.55,19.88,0.36,5.68,9.21,24.77,29.72,89.75,13248830677.24,5.64,15.69,14.52,81.81,80.20,79.91,74.81,71.59,89.21,99.09,63.37,94.48,4.75,1.09,1.26,2470881285.05,577071334.09,610879559.89
[object Object],AGN,Aegon Ltd.,EURONEXT,7.85,stock,common,1000.00,2.00,false,0.00,EUR,1.06,5421448.00,1.16,13203275684.35,USD,12.17,0.74,-22.63,5.15,Finance,netherlands,Finance,Buy,Buy,1.06,-1.63,-1.38,5.94,27.39,17.87,14.30,91.93,124.03,-72.69,1.45,1.40,Sell,Sell,Sell,Sell,Neutral,Neutral,46.67,-0.05,-0.10,-64.08,26.96,26.17,0.00,0.00,0.00,0.00,0.00,0.67,5421448.00,33.16,7.85,0.00,2528386.00,12.28,12.17,0.00,0.45,1.31,50.01,58.77,0.00,17648074234.35,0.59,0.00,0.00,7.88,7.92,8.01,7.73,7.13,9.47,10.84,8.03,9.17,1.13,0.35,0.78,33995780871.50,0.00,0.00
[object Object],ALLE,Allegion Public Limited Company,NYSE,155.26,stock,common,100.00,1.00,false,0.00,USD,1.83,266815.00,0.22,13203236664.56,USD,20.37,7.62,5.89,1.39,Consumer durables,america,Consumer Durables,Buy,Buy,1.83,1.18,-2.99,13.74,6.70,-2.49,-10.87,13.33,124.86,216.93,1.64,2.04,Buy,Buy,StrongBuy,Strong buy,Buy,Buy,50.85,1.91,-4.70,17.01,42.28,36.44,0.00,0.00,0.00,0.00,0.00,0.11,266815.00,-72.94,0.00,0.00,0.00,-15.88,20.37,3.40,3.06,6.23,17.10,19.60,41.65,15104936664.57,3.52,16.91,14.62,153.59,156.57,156.99,145.13,150.45,175.10,200.00,160.00,170.00,8.96,2.22,2.49,4413668395.00,1118638543.00,1136968500.00
[object Object],TXT,Textron Inc.,NYSE,76.49,stock,common,100.00,1.00,false,0.00,USD,0.62,569670.00,0.29,13155279176.34,USD,14.44,5.30,19.88,0.11,Electronic technology,america,Electronic Technology,Buy,Buy,0.62,-5.75,-7.16,-14.00,-13.45,-12.59,-7.21,7.14,94.43,1046.45,1.96,1.99,Sell,Sell,StrongSell,Strong sell,Neutral,Neutral,29.96,-4.51,-4.59,-169.66,5.74,6.76,0.00,0.00,0.00,0.00,0.00,0.14,569670.00,-67.03,0.00,0.00,0.00,-8.03,14.44,0.72,0.87,1.63,10.84,17.66,8.34,15760279176.34,1.03,15.36,11.06,78.92,81.23,84.60,87.78,89.83,102.21,115.00,92.00,99.50,6.47,1.55,1.52,15590222037.00,3806677417.00,3776320880.00
[object Object],AIZ,"Assurant, Inc.",NYSE,265.68,stock,common,100.00,1.00,false,0.00,USD,1.46,162257.00,0.32,13104337099.00,USD,12.61,21.07,52.57,1.34,Finance,america,Finance,StrongBuy,Strong buy,1.46,-5.93,-6.83,0.94,22.43,10.87,23.35,63.75,195.63,1018.65,3.00,1.94,Sell,Sell,StrongSell,Strong sell,Buy,Buy,33.86,-16.78,-10.83,-210.40,7.85,4.86,0.00,0.00,0.00,0.00,0.00,-0.11,162257.00,-71.19,0.00,0.00,0.00,31.62,12.61,0.24,0.97,2.15,7.08,8.00,0.00,15312437099.00,1.14,0.00,0.00,276.19,280.91,281.28,270.19,249.50,330.00,355.00,320.00,327.00,22.29,5.17,4.52,13925284112.00,3430975248.00,3477191568.00
[object Object],ANA,Acciona SA,BME,213.80,stock,common,10.00,2.00,false,0.00,EUR,1.81,40786.00,0.40,13055510593.17,USD,32.27,7.57,-56.65,2.22,Industrial services,spain,Industrial Services,Neutral,Neutral,1.81,3.19,-0.09,-19.44,-1.11,14.88,23.94,47.35,220.59,284.53,2.75,2.78,Neutral,Neutral,Neutral,Neutral,Buy,Buy,52.04,5.60,4.27,102.18,70.72,79.44,0.00,0.00,0.00,0.00,0.00,1.33,40786.00,-16.08,0.00,0.00,0.00,25.27,32.27,0.00,0.53,2.41,6.53,129.26,2.14,25155555993.17,1.04,16.59,8.29,209.12,208.96,217.34,236.88,222.63,236.12,265.58,171.71,252.99,11.28,0.00,0.00,25116294639.13,10963776000.00,0.00
[object Object],ALB,Albemarle Corporation,NYSE,110.42,stock,common,100.00,1.00,false,0.00,USD,2.00,986298.00,0.36,13030118536.49,USD,0.00,-0.04,99.61,1.50,Process industries,america,Process Industries,Buy,Buy,2.00,-4.07,-16.71,-19.50,-36.79,-23.20,35.14,-51.14,36.56,1423.03,2.99,3.82,Sell,Sell,StrongSell,Strong sell,Neutral,Neutral,38.05,-7.10,-14.47,-83.67,10.25,16.10,0.00,109.27,0.94,1.15,4321.00,0.50,986298.00,-60.59,0.00,0.00,0.00,35.89,0.00,0.00,2.50,1.62,8.35,11.20,9.22,15891158536.49,2.69,19.05,10.74,112.58,126.15,124.08,142.27,156.02,174.89,225.00,140.00,172.50,11.48,3.20,2.56,6119023308.00,1606941023.00,1530188874.00
[object Object],ALE,Allegro.eu S.A.,GPW,49.55,stock,common,1000.00,5.00,false,0.00,PLN,0.59,4206578.00,0.68,12982478676.92,USD,28.29,0.47,64.02,0.00,Retail trade,poland,Retail Trade,Buy,Buy,0.59,-0.73,10.44,30.44,86.30,59.85,42.34,-19.81,-23.76,-23.76,3.14,2.91,StrongBuy,Strong buy,StrongBuy,Strong buy,Buy,Buy,66.01,4.61,3.12,97.19,69.12,70.39,long_lower_shadow_bullish,0.00,0.00,0.00,0.00,0.41,4206578.00,-20.53,0.00,0.00,0.00,38.54,28.29,0.44,4.15,4.54,14.68,21.16,12.61,13447200297.92,4.18,21.41,14.93,48.28,46.16,45.86,41.02,35.11,13.52,16.04,11.04,13.56,0.53,0.24,0.34,3752628549.59,1669872667.50,1904647578.21
[object Object],AVY,Avery Dennison Corporation,NYSE,170.98,stock,common,100.00,1.00,false,0.00,USD,1.17,139475.00,0.15,12958255643.65,USD,18.71,9.14,2.41,2.26,Process industries,america,Process Industries,Buy,Buy,1.17,-0.30,-5.75,3.08,2.19,-5.90,6.21,-20.92,119.83,2615.32,2.18,2.23,Sell,Sell,Sell,Sell,Neutral,Neutral,47.64,1.60,-4.20,-49.05,48.21,48.61,0.00,170.00,0.59,0.47,719.00,0.39,139475.00,-77.84,0.00,0.00,0.00,-0.84,18.71,7.66,1.40,5.59,10.59,12.29,47.55,16361755643.65,1.77,13.28,10.44,170.76,174.69,172.49,166.19,172.99,201.80,225.00,181.00,204.50,10.19,2.47,2.33,9340810048.00,2296134169.00,2258397017.00
[object Object],SJM,J.M. Smucker Company,NYSE,121.28,stock,common,100.00,1.00,false,0.00,USD,-0.31,305739.00,0.22,12956049915.86,USD,56.87,2.13,0.00,3.63,Consumer non-durables,america,Consumer Non-Durables,Buy,Buy,-0.31,-1.28,-10.03,6.75,27.40,23.81,9.32,1.70,-11.46,7600.96,1.96,2.18,Sell,Sell,Sell,Sell,Sell,Sell,45.34,0.14,-2.36,-73.52,27.46,21.47,"doji_star_bullish,falling_window_bearish,long_lower_shadow_bullish",0.00,0.00,0.00,0.00,-0.29,305739.00,-72.80,0.00,0.00,0.00,13.17,56.87,0.00,1.42,2.25,6.80,8.18,300.69,19853049915.86,2.17,11.60,8.78,121.96,124.42,122.13,114.71,108.18,142.73,157.00,112.00,145.00,10.83,2.22,2.55,8955147346.00,2131105250.00,2263387862.00
[object Object],LII,Lennox International Inc.,NYSE,373.81,stock,common,100.00,1.00,false,0.00,USD,1.64,168532.00,0.34,12919126467.05,USD,16.90,22.12,-5.42,1.43,Producer manufacturing,america,Producer Manufacturing,Neutral,Neutral,1.64,4.02,-4.60,-33.96,-15.38,-23.43,-28.15,21.86,139.01,1854.56,2.34,2.70,Sell,Sell,Sell,Sell,Buy,Buy,41.27,7.77,-21.11,-4.24,45.85,43.83,0.00,370.31,0.69,0.00,1092.00,0.08,168532.00,-55.84,0.00,0.00,0.00,-34.50,16.90,0.00,2.41,9.96,14.54,17.61,249.68,14891726467.05,2.81,14.27,12.78,365.63,383.68,419.63,473.27,490.15,482.23,600.00,375.00,469.00,23.60,7.67,7.49,5587736934.00,1559748938.00,1578213538.00
[object Object],GL,Globe Life Inc.,NYSE,167.68,stock,common,100.00,1.00,false,0.00,USD,0.22,129613.00,0.29,12886114919.16,USD,11.13,15.06,20.33,0.72,Finance,america,Finance,Buy,Buy,0.22,-2.24,-2.91,-5.65,20.87,20.09,17.02,87.27,163.98,20773.66,2.06,1.94,Sell,Sell,StrongSell,Strong sell,Neutral,Neutral,36.60,-3.49,-4.23,-192.96,9.49,15.42,long_lower_shadow_bullish,0.00,0.00,0.00,0.00,0.33,129613.00,-83.06,0.00,0.00,0.00,13.13,11.13,0.55,2.13,2.10,9.51,10.74,0.00,15829363919.16,2.56,0.00,0.00,171.02,172.76,176.15,170.51,156.68,195.58,225.00,166.00,192.50,15.73,3.67,4.92,6404979331.00,1590303678.00,1563075272.00
[object Object],MKC,"McCormick & Company, Incorporated",NYSE,47.72,stock,common,100.00,1.00,false,0.00,USD,-0.21,809763.00,0.22,12853959512.79,USD,7.94,6.01,108.65,3.95,Consumer non-durables,america,Consumer Non-Durables,Buy,Buy,-0.21,-2.77,-11.99,-2.61,-7.59,-30.07,-27.25,-43.59,-1.07,5608.56,2.10,2.24,StrongSell,Strong sell,StrongSell,Strong sell,Sell,Sell,28.74,-3.60,-3.84,-131.78,6.40,8.41,spinning_top_white,47.75,-0.15,0.36,13808.00,-0.42,809763.00,-68.82,0.00,0.00,0.00,-25.43,7.94,0.07,1.74,1.83,10.43,12.60,38.79,18033959512.79,2.44,14.60,12.09,49.17,52.37,52.21,50.44,55.99,60.00,75.00,52.00,59.00,3.08,0.69,0.76,7907106234.00,1913593572.00,1976136380.00
[object Object],JMT,"Jeronimo Martins, SGPS S.A.",EURONEXT,17.89,stock,common,100.00,1.00,false,0.00,EUR,0.22,1401823.00,0.88,12779091825.03,USD,17.62,1.16,3.74,3.64,Retail trade,portugal,Retail Trade,StrongBuy,Strong buy,0.22,-1.49,-2.24,2.52,-14.73,-12.22,-13.07,1.16,16.17,867.03,2.12,1.83,Sell,Sell,Sell,Sell,Sell,Sell,50.75,-0.03,0.25,-70.31,42.17,50.49,0.00,0.00,0.00,0.00,0.00,-0.11,1401823.00,4.39,17.89,0.00,395467.00,-16.70,17.62,4.70,0.30,3.59,5.06,9.96,7.09,18075990225.03,0.43,11.74,6.21,17.90,17.87,17.60,17.59,19.17,25.85,33.01,17.19,25.04,1.32,0.31,0.41,44726940846.72,10742309212.90,11021651257.47
[object Object],DHER,Delivery Hero SE,XETR,36.30,stock,common,100.00,1.00,false,0.00,EUR,-0.47,371594.00,0.52,12716384223.70,USD,0.00,-2.96,-34.78,0.00,Transportation,germany,Transportation,Neutral,Neutral,-0.47,-0.95,-1.57,4.61,135.71,59.35,39.35,-69.65,34.94,34.94,0.80,0.75,Sell,Sell,StrongSell,Strong sell,Sell,Sell,39.51,-0.54,-0.10,-117.83,39.83,64.68,0.00,0.00,0.00,0.00,0.00,0.11,371594.00,17.25,36.30,0.00,235980.00,35.98,0.00,-0.41,0.74,9.02,354.59,0.00,4.09,15858118463.70,0.93,0.00,35.77,36.65,36.73,37.06,36.41,28.48,46.47,48.19,33.81,48.19,-0.39,0.00,7.80,18805574671.84,8672518125.00,8678636439.83
[object Object],REC,Recordati S.p.A.,MIL,53.05,stock,common,100.00,5.00,false,0.00,EUR,0.09,213622.00,0.58,12442861670.13,USD,22.29,2.72,22.24,2.53,Health technology,italy,Health Technology,Buy,Buy,0.09,0.28,0.66,2.81,8.98,9.97,2.02,3.98,93.83,5393.00,0.42,0.53,StrongBuy,Strong buy,StrongBuy,Strong buy,Buy,Buy,65.77,1.05,0.32,115.12,95.23,93.40,spinning_top_white,0.00,0.00,0.00,0.00,0.00,213622.00,-28.17,0.00,0.00,0.00,-0.19,22.29,1.00,4.08,5.10,17.14,18.42,28.23,14625457984.58,4.73,15.85,12.58,52.78,52.53,52.30,51.71,49.87,69.80,82.45,59.58,65.90,3.73,0.00,0.00,3279286716.76,778370993.00,767686220.00
[object Object],TRYG,Tryg A/S,OMXCOP,141.30,stock,common,10.00,1.00,false,0.00,DKK,0.00,582137.00,0.85,12372679720.08,USD,18.64,1.16,-8.02,5.94,Finance,denmark,Finance,Buy,Buy,0.00,-8.19,-8.90,-5.80,-6.55,-14.88,-12.62,-6.95,35.79,264.57,2.27,1.38,Sell,Sell,StrongSell,Strong sell,Neutral,Neutral,22.38,-11.80,-6.63,-225.99,12.39,8.31,0.00,0.00,0.00,0.00,0.00,0.71,582137.00,-61.50,0.00,0.00,0.00,-9.69,18.64,0.00,1.90,2.25,10.76,0.00,0.00,13474444120.08,2.00,0.00,0.00,149.15,152.81,153.27,152.36,154.32,25.57,28.86,21.27,25.37,1.20,0.19,0.38,6655524716.82,1622915067.60,1625408771.85
[object Object],LATO_B,Investment AB Latour Class B,OMXSTO,209.00,stock,common,10.00,1.00,false,0.00,SEK,0.43,233305.00,0.64,12366425254.21,USD,20.06,1.07,38.94,2.45,Finance,sweden,Finance,Neutral,Neutral,0.43,0.48,4.50,8.71,8.32,-7.28,-7.11,-27.81,137.23,1890.50,1.73,1.97,Buy,Buy,StrongBuy,Strong buy,Buy,Buy,57.15,3.80,8.55,88.89,61.70,73.48,long_upper_shadow_bearish,0.00,0.00,0.00,0.00,0.48,233305.00,-1.74,0.00,0.00,0.00,-9.85,20.06,0.51,4.74,3.05,30.69,0.00,27.77,13760278454.21,4.76,34.48,28.17,208.09,202.98,200.97,198.06,208.26,23.51,30.89,19.26,21.93,0.00,0.00,0.00,3101877600.00,0.00,0.00
[object Object],HAS,"Hasbro, Inc.",NASDAQ,87.56,stock,common,100.00,1.00,false,0.00,USD,0.87,663117.00,0.37,12350558152.41,USD,15.74,5.56,0.00,3.23,Consumer durables,america,Consumer Durables,StrongBuy,Strong buy,0.87,-1.35,-9.93,3.10,-3.35,6.79,16.50,-7.11,9.48,39013.34,2.36,2.16,Sell,Sell,StrongSell,Strong sell,Neutral,Neutral,38.85,-3.98,-5.24,-87.81,19.82,14.84,0.00,0.00,0.00,0.00,0.00,0.33,663117.00,-60.83,0.00,0.00,0.00,18.78,15.74,0.00,2.50,17.54,9.73,10.33,9.09,14875658152.41,2.99,10.64,9.57,88.21,91.75,91.65,88.85,90.18,110.23,120.00,90.00,111.00,6.14,1.16,1.86,5055746167.00,1068890500.00,1472252545.00
[object Object],GDDY,"GoDaddy, Inc. Class A",NYSE,96.86,stock,common,100.00,1.00,false,0.00,USD,-3.92,1402540.00,0.41,12266779797.79,USD,14.36,6.74,20.19,0.00,Technology services,america,Technology Services,Buy,Buy,-3.92,-0.64,0.77,21.09,19.74,-21.64,-32.26,37.39,183.54,270.39,8.62,4.92,Sell,Sell,Sell,Sell,Neutral,Neutral,48.59,-1.21,2.08,-34.74,36.78,45.50,0.00,99.61,-1.19,0.25,6547.00,-1.50,1402540.00,-85.35,0.00,0.00,0.00,-38.41,14.36,0.74,2.59,1833.73,7.34,7.45,10.98,14952679797.79,2.93,11.62,10.84,99.86,98.35,96.28,90.92,94.18,106.20,170.00,76.00,100.00,7.40,1.69,1.89,5237002667.00,1294523020.00,1324769197.00
[object Object],GNRC,Generac Holdings Inc.,NYSE,207.66,stock,common,100.00,1.00,false,0.00,USD,4.85,613704.00,0.30,12265216791.64,USD,47.87,4.34,-27.95,0.00,Producer manufacturing,america,Producer Manufacturing,Buy,Buy,4.85,-0.89,2.30,-27.38,6.03,50.50,26.92,-52.90,506.48,2029.85,3.80,4.40,Buy,Buy,Buy,Buy,Neutral,Neutral,56.80,20.67,3.94,95.13,48.54,49.28,0.00,202.00,1.99,1.19,9418.00,1.00,613704.00,-29.54,0.00,0.00,0.00,14.44,47.87,0.00,2.66,4.26,22.59,32.65,46.75,13341323791.64,3.01,22.73,16.64,195.80,196.33,201.16,232.16,211.41,299.20,375.00,250.00,286.00,9.70,2.01,2.43,4939328470.00,1177919872.00,1327422851.00
[object Object],SVT,Severn Trent Plc,LSE,3062.00,stock,common,1.00,2.00,false,0.00,GBX,0.00,346185.00,0.45,12218057139.64,USD,24.88,1.63,61.02,4.12,Utilities,uk,Utilities,Neutral,Neutral,0.00,-0.26,-3.47,3.31,2.41,9.59,20.98,13.03,25.49,408.64,2.07,2.05,Buy,Buy,StrongBuy,Strong buy,Neutral,Neutral,53.78,132.00,22.20,66.40,72.41,79.07,long_upper_shadow_bearish,0.00,0.00,0.00,0.00,-0.20,346185.00,-18.73,3062.00,0.00,209739.00,20.74,24.88,0.41,3.27,5.01,10.01,0.00,11.62,25676405139.64,6.86,22.53,14.28,3036.80,3039.80,3045.68,3013.52,3013.26,44.09,48.48,36.83,44.50,2.70,0.99,1.47,4131987460.51,1808572676.00,2118063659.00
[object Object],IDR,"Indra Sistemas, S.A. Class A",BME,61.72,stock,common,100.00,2.00,false,0.00,EUR,1.58,503893.00,0.73,12176716612.99,USD,24.57,2.87,16.97,0.40,Technology services,spain,Technology Services,Buy,Buy,1.58,-1.88,1.18,30.62,31.32,26.74,56.65,549.68,407.15,394.55,2.32,2.84,Buy,Buy,StrongBuy,Strong buy,Neutral,Neutral,55.20,2.44,0.55,63.22,72.01,72.31,0.00,0.00,0.00,0.00,0.00,1.09,503893.00,-10.64,0.00,0.00,0.00,69.50,24.57,1.43,1.72,5.58,0.00,0.00,4.37,11545645093.24,1.63,16.36,12.31,61.68,60.80,59.84,55.97,54.44,75.99,97.30,57.24,77.27,3.26,0.72,0.70,8120830598.93,2054857526.19,1801331516.39
[object Object],ADP,Aeroports de Paris,EURONEXT,110.80,stock,common,10.00,1.00,false,0.00,EUR,2.50,80180.00,0.68,12167895888.09,USD,18.35,6.90,548.17,2.78,Transportation,france,Transportation,Buy,Buy,2.50,2.59,-4.15,-2.98,5.73,-0.09,0.45,5.22,22.65,158185.71,2.83,2.14,Buy,Buy,StrongBuy,Strong buy,Buy,Buy,53.06,1.90,-0.32,133.09,48.09,51.04,0.00,0.00,0.00,0.00,0.00,0.83,80180.00,-40.12,110.80,0.00,48686.00,-1.19,18.35,0.03,1.58,2.54,8.03,99.68,4.33,23487513388.09,3.04,16.57,9.05,108.88,109.15,110.67,110.26,110.96,142.71,170.75,124.08,142.29,7.55,3.11,4.30,7981289209.31,3556173837.44,4090728878.15
[object Object],SKF_B,SKF AB Class B,OMXSTO,272.10,stock,common,10.00,1.00,false,0.00,SEK,2.25,659463.00,0.60,12163617467.36,USD,27.50,1.02,-16.09,4.42,Producer manufacturing,sweden,Producer Manufacturing,Buy,Buy,2.25,-1.20,-0.04,8.41,24.25,10.61,15.30,29.57,92.57,700.29,2.18,2.29,StrongBuy,Strong buy,StrongBuy,Strong buy,Neutral,Neutral,53.25,2.90,2.02,17.20,47.91,53.01,0.00,0.00,0.00,0.00,0.00,1.13,659463.00,-21.44,0.00,0.00,0.00,13.62,27.50,0.00,1.35,2.15,20.66,48.82,9.94,13210990267.36,1.44,12.98,8.95,269.60,269.34,265.06,255.53,248.26,27.37,31.88,22.26,27.32,1.85,0.38,0.40,9789246576.65,2363459932.35,2318321903.65
[object Object],G1A,GEA Group Aktiengesellschaft,XETR,66.65,stock,common,100.00,5.00,false,0.00,EUR,0.91,261708.00,0.56,12142684904.25,USD,24.99,3.05,10.56,1.97,Producer manufacturing,germany,Producer Manufacturing,Buy,Buy,0.91,2.15,-0.30,10.71,9.98,15.41,5.04,67.50,34.55,626.83,1.64,1.45,Buy,Buy,StrongBuy,Strong buy,Buy,Buy,58.50,2.80,1.00,102.01,73.86,81.06,long_upper_shadow_bearish,0.00,0.00,0.00,0.00,0.91,261708.00,-13.26,66.65,0.00,158988.00,5.91,24.99,2.34,1.91,4.34,15.02,22.31,32.57,12136382323.25,1.88,15.68,11.67,65.43,65.50,64.61,61.00,61.00,80.61,89.43,60.77,84.85,3.90,0.90,1.12,6896874826.09,1644566400.00,1667787278.88
[object Object],RXL,Rexel SA,EURONEXT,36.31,stock,common,100.00,1.00,false,0.00,EUR,0.19,530934.00,0.88,12127335952.29,USD,16.06,2.58,170.71,3.31,Distribution services,france,Distribution Services,Buy,Buy,0.19,0.06,-0.19,-2.73,9.24,8.19,33.94,108.68,166.99,120.06,2.08,2.43,Sell,Sell,Sell,Sell,Neutral,Neutral,48.95,-0.20,0.40,20.34,53.39,61.16,0.00,0.00,0.00,0.00,0.00,0.72,530934.00,-5.78,36.31,0.00,391629.00,27.21,16.06,0.09,0.55,1.93,11.49,13.55,10.42,17666895097.29,0.79,13.02,9.50,36.32,36.24,36.57,36.94,36.00,47.98,53.34,34.79,50.44,2.98,1.34,1.54,24145041415.69,11311110707.80,12226772784.10
[object Object],SPSN,Swiss Prime Site AG,SIX,124.50,stock,common,10.00,1.00,false,0.00,CHF,-0.32,70446.00,0.57,12103467472.72,USD,24.50,6.29,10.77,2.80,Finance,switzerland,Finance,Neutral,Neutral,-0.32,-1.35,-3.19,-6.25,-6.32,1.38,14.12,34.09,46.31,150.91,1.28,1.30,Sell,Sell,StrongSell,Strong sell,Neutral,Neutral,42.17,-1.40,-1.01,-80.63,23.81,36.62,0.00,0.00,0.00,0.00,0.00,0.24,70446.00,-27.68,124.50,0.00,56837.00,14.68,24.50,2.28,18.57,1.43,31.04,31.05,627.54,19428052208.32,28.65,37.92,37.44,125.57,125.98,127.68,129.05,130.76,161.54,185.17,129.62,158.02,4.86,0.00,0.00,648836670.31,0.00,0.00
[object Object],BAX,Baxter International Inc.,NYSE,23.39,stock,common,100.00,1.00,false,0.00,USD,-0.36,2375340.00,0.30,12095120521.27,USD,0.00,-1.93,-626.14,0.17,Health technology,america,Health Technology,Neutral,Neutral,-0.36,1.50,-11.68,8.97,41.02,21.22,4.72,-70.91,-50.58,1619.86,2.67,2.97,Sell,Sell,Sell,Sell,Neutral,Neutral,38.48,-0.41,-1.87,-62.88,26.07,25.41,spinning_top_black,23.50,0.09,0.17,651.00,-0.21,2375340.00,-67.67,0.00,0.00,0.00,-0.30,0.00,-0.02,1.06,1.95,9.19,14.87,5.64,18775120521.27,1.64,29.11,11.75,23.39,24.97,25.10,22.52,20.71,27.60,32.00,23.00,28.00,2.05,0.37,0.52,11615115273.00,2795512463.00,2908362636.00
[object Object],SDR,Schroders PLC,LSE,588.50,stock,common,10.00,5.00,false,0.00,GBX,0.00,8526758.00,1.40,12054297193.67,USD,13.52,0.58,95.55,3.74,Finance,uk,Finance,Neutral,Neutral,0.00,0.17,0.77,0.60,2.62,43.33,59.31,-6.69,25.34,285.07,0.18,0.21,Buy,Buy,StrongBuy,Strong buy,Neutral,Neutral,68.07,3.50,3.13,113.90,69.31,71.03,0.00,0.00,0.00,0.00,0.00,0.08,8526758.00,-77.16,588.50,0.00,5673203.00,55.26,13.52,0.14,2.62,2.04,11.25,11.25,2.60,8099355293.67,1.69,7.73,6.32,587.65,585.33,585.95,585.07,549.95,0.00,0.00,0.00,0.00,0.55,0.26,0.27,3673111161.60,1777534353.90,1830444971.00
[object Object],BF.B,Brown-Forman Corporation Class B,NYSE,26.08,stock,common,100.00,1.00,false,0.00,USD,0.31,492051.00,0.17,12034779082.25,USD,16.81,1.55,-13.06,3.54,Consumer non-durables,america,Consumer Non-Durables,Neutral,Neutral,0.31,-0.76,-8.10,-4.73,0.23,-0.19,-5.68,-61.93,-30.77,10463.11,2.02,2.66,Sell,Sell,StrongSell,Strong sell,Neutral,Neutral,43.87,-0.14,-0.92,-91.32,29.22,32.55,0.00,25.99,-0.04,-0.04,200.00,0.12,492051.00,-72.73,0.00,0.00,0.00,-6.89,16.81,0.00,3.04,3.02,11.83,12.96,37.45,14155779082.25,3.60,12.62,11.65,26.17,26.98,27.26,26.77,27.05,27.84,35.00,20.00,28.00,1.71,0.37,0.46,3935422499.00,914782449.00,1042446571.00
[object Object],BEAN,BELIMO Holding AG,SIX,815.00,stock,common,10.00,5.00,false,0.00,CHF,0.80,10432.00,0.50,12010461464.19,USD,48.84,20.65,20.18,1.24,Producer manufacturing,switzerland,Producer Manufacturing,Buy,Buy,0.80,3.89,-1.39,-13.11,26.65,1.31,-3.55,53.48,403.40,2572.13,2.91,3.42,Neutral,Neutral,Sell,Sell,Buy,Buy,48.89,-10.00,-11.77,-6.77,55.03,58.83,0.00,0.00,0.00,0.00,0.00,1.67,10432.00,-54.10,815.00,0.00,6976.00,-5.43,48.84,2.40,8.05,16.06,57.64,111.98,97.23,12044521424.19,7.88,37.85,32.59,796.10,824.68,830.67,840.23,805.92,1189.24,1393.45,805.78,1248.05,24.49,0.00,0.00,1685664307.72,801008229.95,811394604.90
[object Object],FME,Fresenius Medical Care AG,XETR,39.80,stock,common,100.00,1.00,false,0.00,EUR,1.14,730150.00,0.93,11895219198.91,USD,11.97,3.80,48.60,3.79,Health services,germany,Health Services,Neutral,Neutral,1.14,2.45,-0.95,-3.61,2.60,-2.43,-9.34,-35.70,-49.91,71.70,1.80,1.95,Buy,Buy,Buy,Buy,Buy,Buy,51.30,1.36,-0.61,74.44,66.18,58.09,engulfing_bullish,0.00,0.00,0.00,0.00,-0.20,730150.00,20.98,39.78,-0.05,481805.00,-18.21,11.97,0.24,0.54,0.84,3.77,5.99,10.07,24269025281.96,1.09,10.03,5.97,39.40,39.61,40.82,40.16,39.66,48.23,74.40,34.87,48.24,4.79,1.22,1.20,22832929251.31,5467868394.64,5618859348.83
[object Object],AC,Accor SA,EURONEXT,45.89,stock,common,100.00,1.00,false,0.00,EUR,1.48,375705.00,0.56,11894874997.22,USD,41.78,1.25,-51.06,2.99,Consumer services,france,Consumer Services,Buy,Buy,1.48,0.44,-1.88,-8.59,12.31,-4.40,14.50,54.98,29.58,310.74,2.26,1.87,Sell,Sell,StrongSell,Strong sell,Neutral,Neutral,48.26,-0.18,-0.04,-34.95,24.70,37.72,0.00,0.00,0.00,0.00,0.00,1.39,375705.00,-54.72,45.89,0.00,198613.00,4.19,41.78,0.00,1.86,3.51,12.51,17.73,8.50,17534206047.22,2.72,17.45,12.68,45.81,46.11,46.24,46.68,46.03,65.82,81.29,59.23,63.87,2.60,0.78,1.44,6823164428.35,3114760795.08,3427398155.00
[object Object],ITRK,Intertek Group plc,LSE,5860.00,stock,common,1.00,5.00,false,0.00,GBX,0.00,3408212.00,2.90,11884254874.21,USD,28.56,2.72,-8.16,2.82,Commercial services,uk,Commercial Services,Neutral,Neutral,0.00,-0.09,0.17,1.03,58.72,26.57,27.11,13.61,65.96,1247.13,0.22,0.22,Buy,Buy,StrongBuy,Strong buy,Neutral,Neutral,54.36,10.00,17.85,63.78,54.17,62.50,0.00,0.00,0.00,0.00,0.00,0.17,3408212.00,-15.98,5860.00,0.00,105498.00,25.67,28.56,0.00,2.57,8.48,15.10,20.10,20.68,13873945074.21,2.96,16.90,12.64,5863.00,5852.50,5844.60,5722.51,5044.40,79.92,80.26,78.25,80.26,3.58,1.48,1.98,4858322553.76,2283290229.60,2441411434.00
[object Object],LPP,LPP S.A.,GPW,24900.00,stock,common,1.00,20.00,false,0.00,PLN,1.06,2590.00,0.44,11872362189.52,USD,23.86,278.68,5.93,2.96,Retail trade,poland,Retail Trade,Buy,Buy,1.06,7.33,19.71,34.30,12.72,19.65,38.68,65.45,551.48,51346.28,2.11,2.70,Buy,Buy,StrongBuy,Strong buy,Buy,Buy,77.39,3340.00,2508.06,135.96,96.82,96.66,0.00,0.00,0.00,0.00,0.00,0.24,2590.00,-52.16,0.00,0.00,0.00,35.40,23.86,3.98,1.86,8.84,7.83,15.87,38.10,13568504079.52,2.06,15.96,9.25,23482.00,21896.00,21674.80,20902.20,20869.35,6601.07,8947.32,5132.75,6623.33,412.64,106.79,100.53,7494770214.49,1737273064.31,1834017021.68
[object Object],YAR,Yara International ASA,OSL,433.10,stock,common,10.00,1.00,false,0.00,NOK,-2.28,577079.00,1.08,11866330708.26,USD,7.37,5.93,103.73,4.96,Process industries,norway,Process Industries,Neutral,Neutral,-2.28,-5.68,-3.33,-0.44,-18.90,4.61,15.93,3.12,59.64,717.17,3.26,2.52,StrongSell,Strong sell,StrongSell,Strong sell,Neutral,Neutral,41.89,-19.20,0.98,-274.81,23.38,25.35,falling_window_bearish,0.00,0.00,0.00,0.00,-0.45,577079.00,60.18,433.10,0.00,365502.00,24.41,7.37,0.07,0.69,1.24,6.02,12.81,15.81,15079249047.71,0.92,6.80,4.50,450.77,450.25,444.30,460.55,467.91,49.81,60.06,40.19,50.83,5.69,2.25,1.49,16347256417.28,5138584167.00,4553654847.00
[object Object],IT,"Gartner, Inc.",NYSE,187.59,stock,common,100.00,1.00,false,0.00,USD,4.61,365056.00,0.32,11845801028.76,USD,16.83,11.15,-31.45,0.00,Technology services,america,Technology Services,Neutral,Neutral,4.61,-0.39,-1.71,45.23,21.89,-25.08,-28.08,-42.08,109.71,5902.72,4.35,4.12,Buy,Buy,StrongBuy,Strong buy,Neutral,Neutral,53.48,8.00,-4.92,-14.88,42.73,38.62,0.00,179.75,0.24,-0.14,1100.00,0.24,365056.00,-57.30,0.00,0.00,0.00,-39.58,16.83,0.00,1.85,0.00,9.04,9.70,8.39,13686591028.76,2.12,11.27,9.35,186.53,187.53,177.17,162.06,174.27,188.08,229.00,150.00,193.00,14.47,3.76,2.84,6418406060.00,1648479695.00,1487769965.00
[object Object],MICC,Magnum Ice Cream Co. N.V.,EURONEXT,16.54,stock,common,1000.00,2.00,false,0.00,EUR,-2.08,1121211.00,1.12,11765908587.09,USD,56.78,0.33,-69.30,0.00,Consumer non-durables,netherlands,Consumer Non-Durables,Neutral,Neutral,-2.08,0.62,-5.81,10.25,29.22,21.80,35.57,35.57,35.57,35.57,2.83,2.56,Sell,Sell,Sell,Sell,Sell,Sell,46.72,-0.36,-0.04,-8.24,45.54,49.27,0.00,0.00,0.00,0.00,0.00,0.34,1121211.00,11.88,16.54,0.00,489402.00,0.00,56.78,0.00,1.29,9.37,18.52,62.99,17.69,15530392437.09,1.68,22.04,14.59,16.71,16.86,16.64,15.74,14.55,18.69,21.39,15.13,19.28,1.14,0.78,0.28,9824382523.54,5237842569.07,4213169028.23
[object Object],SGE,Sage Group plc,LSE,1002.50,stock,common,10.00,2.00,false,0.00,GBX,1.26,1926276.00,0.63,11752218430.16,USD,25.20,0.53,16.04,2.27,Technology services,uk,Technology Services,Buy,Buy,1.26,-2.58,-6.92,25.97,22.74,-7.60,-7.69,32.85,34.38,4912.50,2.34,2.70,Neutral,Neutral,Sell,Sell,Neutral,Neutral,47.68,44.50,-37.25,-54.14,40.71,35.40,"engulfing_bullish,marubozu_white_bullish",0.00,0.00,0.00,0.00,-0.16,1926276.00,-33.76,1002.50,0.00,1497132.00,-13.74,25.20,1.55,3.60,42.20,17.85,18.94,18.54,13739002430.16,3.95,17.44,15.17,1005.96,1039.20,1004.48,926.11,923.70,15.21,18.67,11.34,15.34,0.68,0.32,0.36,3716339305.68,1798607440.00,1897952143.64
[object Object],SDLF,Standard Life plc,LSE,894.00,stock,common,10.00,5.00,false,0.00,GBX,0.79,2700472.00,1.05,11742613164.39,USD,0.00,-0.65,22.49,6.25,Finance,uk,Finance,Buy,Buy,0.79,-5.70,-4.79,7.00,32.35,20.97,41.01,38.52,34.44,73.27,2.00,2.23,Sell,Sell,Sell,Sell,Neutral,Neutral,41.37,-22.00,-4.00,-161.81,20.27,35.95,0.00,0.00,0.00,0.00,0.00,0.90,2700472.00,9.74,894.00,0.00,741716.00,42.14,0.00,0.00,0.18,0.00,2.80,2.81,0.00,16827142164.40,0.25,0.00,0.00,926.40,925.67,922.15,863.79,795.71,12.79,14.67,10.31,12.94,0.88,0.70,0.63,8179300266.22,0.00,0.00
[object Object],TEL2_B,Tele2 AB Class B,OMXSTO,167.90,stock,common,100.00,5.00,false,0.00,SEK,0.27,1389329.00,0.36,11680570070.64,USD,11.57,1.49,143.08,5.02,Communications,sweden,Communications,Neutral,Neutral,0.27,-2.36,-1.44,-4.71,-11.70,8.64,7.08,28.17,142.50,55.39,1.74,1.72,Sell,Sell,StrongSell,Strong sell,Neutral,Neutral,45.76,-2.60,-0.87,-89.23,32.86,28.96,0.00,0.00,0.00,0.00,0.00,0.00,1389329.00,19.75,0.00,0.00,0.00,7.05,11.57,0.08,3.85,5.11,10.16,13.28,32.40,14407434070.64,4.66,19.56,10.46,170.11,169.60,167.23,171.36,173.87,17.53,21.59,14.46,17.07,1.62,0.19,0.21,3285964016.35,759106778.56,758275442.20
[object Object],LULU,lululemon athletica inc.,NASDAQ,100.60,stock,common,100.00,1.00,false,0.00,USD,-1.02,1617769.00,0.31,11652101848.40,USD,8.25,12.20,-16.47,0.00,Consumer non-durables,america,Consumer Non-Durables,Neutral,Neutral,-1.02,0.96,-14.87,-10.18,-33.09,-51.92,-43.20,-76.63,54.51,704.80,3.26,3.72,Sell,Sell,StrongSell,Strong sell,Neutral,Neutral,41.12,1.63,-9.43,-30.06,51.75,40.02,inverted_hammer_bullish,101.00,-0.63,0.03,16110.00,-0.16,1617769.00,-59.31,0.00,0.00,0.00,-45.87,8.25,0.00,1.03,2.34,5.73,8.39,8.17,12403491848.40,1.12,6.20,4.88,100.16,109.50,113.71,117.17,147.37,98.35,128.20,44.00,98.00,9.58,1.79,1.00,10463283227.00,2458076537.00,2311888181.00
[object Object],LI,Klepierre SA,EURONEXT,36.52,stock,common,100.00,2.00,false,0.00,EUR,0.77,698461.00,1.31,11620095817.08,USD,7.65,5.45,16.00,5.24,Finance,france,Finance,Neutral,Neutral,0.77,-0.87,-6.98,-0.49,16.68,8.37,12.02,85.95,-11.19,1672.03,1.34,1.30,Sell,Sell,StrongSell,Strong sell,Neutral,Neutral,38.82,-0.12,-1.20,-51.37,12.75,10.92,0.00,0.00,0.00,0.00,0.00,1.99,698461.00,128.07,36.52,0.00,302276.00,10.90,7.65,0.47,6.18,1.11,11.36,14.45,29.46,22717644037.08,11.83,18.67,18.37,36.63,37.50,38.13,36.86,35.19,43.49,51.76,35.27,44.37,3.31,1.58,1.85,1545204311.42,747174482.04,816784918.70
[object Object],FGR,Eiffage SA,EURONEXT,106.05,stock,common,100.00,5.00,false,0.00,EUR,0.71,130473.00,0.41,11604733126.86,USD,9.66,12.54,7.74,4.56,Industrial services,france,Industrial Services,Buy,Buy,0.71,-1.62,-10.58,-19.29,-18.67,-13.14,-0.98,22.86,51.54,330.16,1.58,1.89,Sell,Sell,StrongSell,Strong sell,Buy,Buy,37.10,-1.35,-5.37,-95.13,13.00,22.14,0.00,0.00,0.00,0.00,0.00,0.52,130473.00,-35.71,106.05,0.00,53361.00,-4.71,9.66,1.24,0.39,1.35,2.98,3.54,2.23,25385087576.86,0.85,8.50,5.22,106.63,110.54,115.36,120.90,126.47,181.76,224.12,146.76,180.89,13.30,4.23,9.39,30534582247.57,13780211308.06,15561914350.00
[object Object],LOTB,Lotus Bakeries NV,EURONEXT,12440.00,stock,common,1.00,20.00,false,0.00,EUR,-0.16,614.00,0.89,11567081076.79,USD,52.98,268.18,19.42,0.51,Consumer non-durables,belgium,Consumer Non-Durables,Buy,Buy,-0.16,3.49,-4.75,7.99,28.12,55.89,56.28,108.72,444.85,20685.30,2.01,2.12,Buy,Buy,StrongBuy,Strong buy,Buy,Buy,54.33,540.00,69.06,56.43,67.46,71.32,0.00,0.00,0.00,0.00,0.00,0.32,614.00,-7.95,12440.00,0.00,332.00,48.57,52.98,2.73,7.00,11.27,43.80,78.28,102.19,11919966454.99,7.21,41.14,34.86,12276.00,12449.33,12038.00,11577.20,10609.25,14521.16,17215.05,10329.03,14919.71,293.21,130.59,154.07,1799854499.07,837586804.00,909017995.99
[object Object],BOL,Bollore SE,EURONEXT,3.61,stock,common,1000.00,2.00,false,0.00,EUR,-0.28,1747826.00,0.67,11508408553.92,USD,0.00,0.00,0.00,2.21,Distribution services,france,Distribution Services,Neutral,Neutral,-0.28,-0.61,-5.00,-11.74,-25.41,-24.41,-22.50,-32.90,12.64,125.34,1.69,2.01,StrongSell,Strong sell,StrongSell,Strong sell,Sell,Sell,34.16,-0.11,-0.13,-81.86,4.77,6.84,long_upper_shadow_bearish,0.00,0.00,0.00,0.00,-0.06,1747826.00,19.01,3.61,0.00,1553605.00,-22.51,0.00,0.00,0.00,0.00,0.00,0.00,0.00,11508408553.92,3.33,0.00,0.00,3.66,3.77,3.81,4.36,4.59,4.81,5.74,3.73,4.88,0.12,0.00,0.00,3525646618.53,0.00,0.00
[object Object],SKA_B,Skanska AB Class B,OMXSTO,280.60,stock,common,10.00,1.00,false,0.00,SEK,0.97,509095.00,0.76,11482193177.75,USD,17.60,1.64,7.17,5.04,Industrial services,sweden,Industrial Services,Buy,Buy,0.97,3.54,3.09,7.06,13.33,10.43,18.65,21.79,41.79,168.52,1.73,1.63,Buy,Buy,StrongBuy,Strong buy,Buy,Buy,60.59,14.40,8.87,140.35,75.97,82.72,shooting_star_bearish,0.00,0.00,0.00,0.00,0.40,509095.00,-0.67,0.00,0.00,0.00,12.51,17.60,2.43,0.66,1.89,9.62,0.00,7.26,11448358377.75,0.64,16.48,9.50,273.33,270.94,269.14,259.74,259.72,29.07,33.43,24.31,30.14,1.85,0.44,0.46,19583609263.49,4677002014.24,4675169028.53
[object Object],CSGP,"CoStar Group, Inc.",NASDAQ,28.30,stock,common,100.00,1.00,false,0.00,USD,1.60,4180560.00,0.60,11467051408.86,USD,155.75,0.18,-28.72,0.00,Technology services,america,Technology Services,Buy,Buy,1.60,-3.41,-12.41,-2.08,-31.09,-57.83,-66.33,-67.81,30.87,3044.43,3.73,3.68,Sell,Sell,StrongSell,Strong sell,Neutral,Neutral,38.34,-2.16,-2.48,-118.43,14.21,10.80,engulfing_bullish,28.27,1.49,-1.53,2295.00,-0.45,4180560.00,-35.66,0.00,0.00,0.00,-68.06,155.75,0.00,3.17,1.44,23.01,25.75,9.04,11369051408.86,3.20,131.74,28.18,29.40,30.88,30.41,31.04,41.06,36.63,52.00,25.00,35.00,1.37,0.29,0.34,3748849490.00,928807579.00,944899516.00
[object Object],GET,Getlink SE,EURONEXT,18.83,stock,common,100.00,1.00,false,0.00,EUR,1.45,421685.00,0.61,11421864487.72,USD,31.48,0.68,26.31,4.31,Transportation,france,Transportation,Buy,Buy,1.45,1.18,-2.54,-0.37,6.69,19.78,22.59,36.65,92.93,-37.23,1.46,1.42,StrongBuy,Strong buy,StrongBuy,Strong buy,Buy,Buy,56.84,0.38,-0.08,177.99,62.39,54.11,0.00,0.00,0.00,0.00,0.00,0.11,421685.00,-22.87,18.83,0.00,280490.00,20.61,31.48,1.18,6.00,4.18,13.51,18.60,7.52,15660748387.72,8.16,20.38,15.20,18.57,18.70,18.67,18.60,18.06,22.83,26.42,15.50,22.97,0.67,0.00,0.00,2023050955.39,928610508.37,1033677322.38
[object Object],TECH,Bio-Techne Corporation,NASDAQ,72.60,stock,common,100.00,1.00,false,0.00,USD,0.04,1339652.00,0.38,11385003980.10,USD,62.67,1.16,155.44,0.44,Health technology,america,Health Technology,Neutral,Neutral,0.04,0.26,0.37,2.47,37.98,23.45,42.97,-45.76,169.71,66277.14,0.19,0.23,Buy,Buy,StrongBuy,Strong buy,Sell,Sell,65.44,0.48,0.20,140.55,79.23,77.15,spinning_top_white,0.00,0.00,0.00,0.00,0.03,1339652.00,-55.14,0.00,0.00,0.00,37.15,62.67,0.40,9.38,5.38,39.03,43.31,43.07,11409378980.10,9.39,41.89,30.86,72.44,72.36,72.21,64.58,61.72,71.09,75.00,50.00,73.00,2.05,0.52,0.44,1268063750.00,314627337.00,292405590.00
[object Object],PSKY,Paramount Skydance Corporation Class B,NASDAQ,10.14,stock,common,100.00,1.00,false,0.00,USD,-0.34,7707313.00,0.24,11382141372.75,USD,0.00,-0.56,-2130.43,1.96,Consumer services,america,Consumer Services,Neutral,Neutral,-0.34,-4.16,-4.56,8.39,14.25,-24.29,-45.82,-74.60,-80.34,-60.26,7.41,4.95,Sell,Sell,StrongSell,Strong sell,Neutral,Neutral,47.05,-0.46,-0.19,-111.39,18.90,15.51,0.00,10.20,0.20,-0.29,69117.00,0.25,7707313.00,-49.69,0.00,0.00,0.00,-43.13,0.00,-0.01,0.39,0.97,13.96,24.18,6.98,26996141372.75,0.93,11.81,7.43,10.42,10.53,9.78,9.97,10.67,9.70,16.00,2.00,9.50,0.51,0.15,0.13,29939881063.00,6866490555.00,7047244349.00
[object Object],PUIG,"Puig Brands, S.A. Class B",BME,17.84,stock,common,100.00,1.00,false,0.00,EUR,0.62,491824.00,0.89,11362069090.64,USD,17.28,1.18,-10.79,1.93,Consumer non-durables,spain,Consumer Non-Durables,Buy,Buy,0.62,6.06,-0.34,12.41,1.94,19.65,24.93,-30.04,-30.04,-30.04,2.46,2.20,Buy,Buy,StrongBuy,Strong buy,Neutral,Neutral,58.03,0.49,-0.06,22.02,54.51,46.04,0.00,0.00,0.00,0.00,0.00,0.11,491824.00,-7.72,0.00,0.00,0.00,17.90,17.28,0.00,1.96,2.49,11.98,14.57,49.01,13189173670.74,2.27,14.08,10.87,17.28,17.63,17.28,16.89,16.62,22.62,25.40,18.48,22.86,1.29,0.51,0.73,6135789651.77,2666299338.71,3285194180.30
[object Object],DVA,DaVita Inc.,NYSE,177.97,stock,common,100.00,1.00,false,0.00,USD,1.89,200175.00,0.23,11354804745.27,USD,15.01,11.86,16.52,0.00,Health services,america,Health Services,Buy,Buy,1.89,-3.25,2.66,-16.14,13.35,56.56,33.39,47.72,169.29,4984.97,2.65,2.77,Sell,Sell,StrongSell,Strong sell,Buy,Buy,41.89,-3.58,0.64,-111.07,17.37,25.54,harami_bullish,176.10,0.82,0.82,250.00,0.41,200175.00,-75.37,0.00,0.00,0.00,26.04,15.01,0.89,0.82,0.00,5.36,7.31,15.24,25834040745.27,1.84,12.35,9.22,184.29,180.70,195.28,201.31,168.64,229.00,270.00,180.00,222.00,14.77,3.88,3.55,14100128947.00,3496344055.00,3517075260.00
[object Object],BNZL,Bunzl plc,LSE,2638.00,stock,common,1.00,2.00,false,0.00,GBX,-1.86,1220306.00,0.68,11270586037.55,USD,17.47,2.00,3.90,2.76,Distribution services,uk,Distribution Services,Neutral,Neutral,-1.86,0.15,-5.31,-0.68,21.34,26.71,10.10,5.27,14.35,877.05,1.50,1.95,Sell,Sell,Sell,Sell,Neutral,Neutral,45.44,72.00,-45.76,11.06,77.61,73.95,0.00,0.00,0.00,0.00,0.00,-0.22,1220306.00,-33.93,2638.00,0.00,664935.00,6.98,17.47,4.56,0.72,2.99,9.06,9.72,14.22,14065293637.55,0.88,13.50,8.85,2629.00,2688.27,2727.20,2620.69,2404.71,36.73,48.21,27.46,37.50,2.51,1.09,1.33,16400857165.99,7840597452.75,8336486219.00
[object Object],AKER,Aker ASA Class A,OSL,1446.00,stock,common,1.00,2.00,false,0.00,NOK,0.84,137145.00,0.82,11197159156.22,USD,3.85,37.89,0.00,3.87,Finance,norway,Finance,StrongBuy,Strong buy,0.84,-8.60,-1.77,27.07,33.89,88.77,88.28,117.61,456.15,2371.79,4.36,3.39,Neutral,Neutral,Sell,Sell,Neutral,Neutral,41.41,-126.00,-24.21,-156.62,14.13,17.47,0.00,0.00,0.00,0.00,0.00,0.42,137145.00,-15.53,1446.00,0.00,38996.00,103.93,3.85,0.00,8.70,1.59,21.89,34.72,34.68,16128710136.22,13.06,5.78,5.46,1515.20,1530.47,1438.28,1323.14,1126.05,170.84,223.06,123.22,168.09,7.46,0.00,0.00,0.00,0.00,0.00
[object Object],UHR,Swatch Group Ltd. Bearer,SIX,183.25,stock,common,100.00,5.00,false,0.00,CHF,1.95,138945.00,1.22,11176147226.18,USD,1058.64,0.21,-85.06,2.50,Consumer durables,switzerland,Consumer Durables,Neutral,Neutral,1.95,4.00,-2.73,-10.96,5.65,8.46,20.76,-28.08,-34.30,2.95,2.05,2.20,Buy,Buy,Buy,Buy,Buy,Buy,52.94,3.25,-4.19,51.59,68.71,55.01,0.00,0.00,0.00,0.00,0.00,0.95,138945.00,5.35,183.25,0.00,56883.00,14.92,1058.64,0.00,1.47,0.84,15.10,35.29,7.01,9941775626.18,1.27,67.53,14.94,177.55,182.61,183.21,194.20,186.21,203.51,273.92,109.57,194.78,5.55,1.78,3.38,8296328385.30,3840051182.50,4204049850.00
[object Object],MOWI,Mowi ASA,OSL,205.60,stock,common,10.00,2.00,false,0.00,NOK,2.49,1338342.00,0.98,11117958482.38,USD,14.27,1.45,89.15,3.79,Consumer non-durables,norway,Consumer Non-Durables,Buy,Buy,2.49,2.29,-0.68,5.44,-5.17,-15.67,-4.73,-13.97,49.64,-99.56,2.38,1.87,Buy,Buy,StrongBuy,Strong buy,Neutral,Neutral,54.89,-0.20,-3.64,48.81,57.09,41.19,0.00,0.00,0.00,0.00,0.00,0.40,1338342.00,20.22,205.60,0.00,468806.00,-5.94,14.27,0.16,1.51,2.28,11.87,27.02,36.27,15372432773.82,2.17,20.67,11.91,200.87,202.97,202.12,198.00,210.34,24.18,26.84,20.36,24.33,1.21,0.29,0.25,6912283177.59,1826241790.68,1871752687.34
[object Object],SN.,Smith & Nephew plc,LSE,1008.00,stock,common,10.00,5.00,false,0.00,GBX,0.35,1948900.00,0.64,11106958037.02,USD,18.41,0.73,27.05,2.88,Health technology,uk,Health Technology,Neutral,Neutral,0.35,-3.22,-5.22,-11.97,-15.96,-18.25,-23.43,-24.27,-20.32,303.20,1.48,2.57,Sell,Sell,StrongSell,Strong sell,Neutral,Neutral,36.50,-0.50,-40.92,-143.66,8.30,14.81,0.00,0.00,0.00,0.00,0.00,-0.45,1948900.00,-31.82,1008.00,0.00,603562.00,-27.43,18.41,0.68,1.84,2.19,8.78,13.74,15.27,14123685104.28,2.27,13.31,8.54,1027.55,1051.18,1086.01,1106.45,1174.18,16.77,20.76,13.88,16.54,1.12,0.47,0.60,6599815229.52,3459130400.00,3322102000.00
[object Object],PNW,Pinnacle West Capital Corp,NYSE,91.14,stock,common,100.00,1.00,false,0.00,USD,0.06,414566.00,0.36,11045310244.07,USD,17.48,5.21,7.43,4.00,Utilities,america,Utilities,Neutral,Neutral,0.06,-3.82,-6.96,-15.44,-7.69,2.75,4.32,25.20,14.64,291.98,1.33,1.44,Sell,Sell,StrongSell,Strong sell,Buy,Buy,20.29,-4.96,-4.90,-168.48,6.29,5.65,long_lower_shadow_bullish,0.00,0.00,0.00,0.00,-0.03,414566.00,-65.55,0.00,0.00,0.00,10.50,17.48,2.35,2.04,1.57,6.41,0.00,1242.83,27581809244.07,4.97,21.42,12.08,93.58,96.66,99.17,101.24,98.90,106.00,129.00,89.00,106.00,4.72,1.46,3.13,5488360678.00,1396538854.00,1841777432.00
[object Object],AKZA,Akzo Nobel N.V.,EURONEXT,56.84,stock,common,100.00,2.00,false,0.00,EUR,0.67,437683.00,0.96,11012055440.24,USD,15.36,4.23,53.05,3.51,Process industries,netherlands,Process Industries,Buy,Buy,0.67,1.07,-6.48,-7.64,13.91,-4.41,-6.88,-41.95,-17.58,0.15,2.11,1.96,Sell,Sell,StrongSell,Strong sell,Neutral,Neutral,39.16,-1.40,-2.90,-68.79,18.21,20.27,harami_bullish,0.00,0.00,0.00,0.00,0.46,437683.00,-2.03,56.84,0.00,213885.00,-8.42,15.36,0.29,0.98,2.01,9.98,13.86,2.81,14774263990.24,1.31,34.59,17.23,56.91,59.25,59.86,58.55,57.00,74.67,85.37,62.61,75.13,4.64,1.34,1.30,11776010872.81,2939533223.91,2936961989.69
[object Object],UDR,"UDR, Inc.",NYSE,33.69,stock,common,100.00,1.00,false,0.00,USD,0.42,1210897.00,0.27,10823391365.94,USD,21.47,1.57,309.31,3.86,Finance,america,Finance,Neutral,Neutral,0.42,-1.35,-11.94,-14.34,-0.97,-7.88,-9.00,-37.18,-8.03,1485.40,1.41,1.56,Sell,Sell,StrongSell,Strong sell,Buy,Buy,24.41,-1.43,-2.48,-107.29,6.81,7.26,hammer_bullish,33.81,0.77,0.77,439.00,0.09,1210897.00,-69.62,0.00,0.00,0.00,-12.49,21.47,0.07,6.32,3.74,9.60,12.43,301.46,17725919365.94,10.33,54.48,17.82,34.18,36.02,37.10,37.83,37.04,41.45,46.00,38.00,41.00,1.09,0.13,0.15,1704071757.00,423349090.00,428101633.00
[object Object],DECK,Deckers Outdoor Corporation,NYSE,78.98,stock,common,100.00,1.00,false,0.00,USD,0.38,1130264.00,0.30,10755642890.43,USD,11.21,7.05,8.22,0.00,Consumer non-durables,america,Consumer Non-Durables,Buy,Buy,0.38,-1.28,-11.05,-22.82,-15.57,-24.29,-28.52,23.08,664.15,7190.52,2.84,2.81,Sell,Sell,StrongSell,Strong sell,Neutral,Neutral,36.81,-2.30,-6.24,-67.17,15.43,19.25,spinning_top_white,78.81,0.17,0.88,1084.00,0.27,1130264.00,-46.74,0.00,0.00,0.00,-36.73,11.21,1.36,1.98,4.69,9.17,9.79,6.83,9625387890.43,1.75,7.79,7.34,79.05,84.31,90.19,97.66,101.86,119.67,184.00,70.00,115.00,7.52,0.88,1.79,5880789251.00,1018031764.00,1505880211.00
[object Object],HRL,Hormel Foods Corporation,NYSE,19.54,stock,common,100.00,1.00,false,0.00,USD,-1.51,2077603.00,0.45,10753855302.70,USD,31.40,0.62,-54.63,5.88,Consumer non-durables,america,Consumer Non-Durables,Neutral,Neutral,-1.51,-5.42,-18.04,-25.39,-14.34,-17.90,-21.40,-52.19,-48.24,16574.06,2.69,2.35,StrongSell,Strong sell,StrongSell,Strong sell,Sell,Sell,20.58,-1.03,-2.09,-169.48,5.38,3.91,0.00,19.81,-0.15,0.05,7445.00,-0.10,2077603.00,-47.56,0.00,0.00,0.00,-16.02,31.40,0.00,0.90,1.37,9.86,13.79,12.40,12756742302.70,1.05,14.25,10.93,20.42,21.89,23.19,23.21,23.26,25.88,30.00,23.00,26.00,1.49,0.35,0.38,12157231698.00,3034831071.00,3195880270.00
[object Object],FRO,Frontline Plc,OSL,456.20,stock,common,10.00,1.00,false,0.00,NOK,-1.11,861837.00,0.69,10679220511.00,USD,6.89,6.68,512.74,6.52,Transportation,norway,Transportation,Buy,Buy,-1.11,-4.76,12.92,18.49,38.41,106.05,93.31,551.71,660.33,112.19,4.55,3.83,Buy,Buy,StrongBuy,Strong buy,Neutral,Neutral,54.22,-2.20,33.20,9.04,39.86,46.03,0.00,0.00,0.00,0.00,0.00,-1.71,861837.00,1.50,456.20,0.00,187605.00,109.65,6.89,0.01,3.98,3.25,7.57,14.87,31.79,12879626318.61,4.74,9.66,7.82,474.50,436.24,410.86,383.29,338.56,48.02,70.00,38.99,47.30,9.49,2.74,2.56,2507881837.56,758889542.00,671386800.00
[object Object],AES,AES Corporation,NYSE,14.87,stock,common,100.00,1.00,false,0.00,USD,0.10,2283142.00,0.28,10605265041.25,USD,5.56,2.68,88.93,4.74,Utilities,america,Utilities,Neutral,Neutral,0.10,-0.03,0.92,1.47,5.95,2.45,11.60,-36.37,12.36,353.66,0.26,0.30,StrongBuy,Strong buy,StrongBuy,Strong buy,Buy,Buy,63.46,0.08,0.06,153.37,61.67,54.11,0.00,14.85,0.00,-0.34,2281.00,0.20,2283142.00,-62.94,0.00,0.00,0.00,13.86,5.56,0.06,0.82,2.15,2.11,0.00,4.46,48221265041.25,3.70,19.82,11.86,14.83,14.78,14.78,14.70,14.66,15.00,15.00,15.00,15.00,2.29,0.45,0.53,12818493604.00,3111549000.00,3449572000.00
[object Object],COO,"Cooper Companies, Inc.",NASDAQ,55.52,stock,common,100.00,1.00,false,0.00,USD,0.26,1563063.00,0.29,10558373455.60,USD,18.95,2.93,44.27,0.00,Health technology,america,Health Technology,Buy,Buy,0.26,1.89,-23.54,-20.08,-22.24,-32.36,-18.01,-49.23,22.80,675.59,2.68,3.18,Sell,Sell,StrongSell,Strong sell,Neutral,Neutral,30.92,1.62,-11.45,-46.50,24.43,22.82,0.00,55.01,-0.67,0.09,3908.00,-0.36,1563063.00,-75.01,0.00,0.00,0.00,-22.42,18.95,0.43,2.53,1.27,10.39,15.84,69.33,12947873455.60,3.06,15.86,10.79,54.75,65.20,68.39,67.01,71.98,65.85,75.00,58.00,65.00,4.54,1.12,1.08,4238740683.00,1098406295.00,1068074752.00
[object Object],UHS,"Universal Health Services, Inc. Class B",NYSE,179.19,stock,common,100.00,1.00,false,0.00,USD,1.24,220902.00,0.24,10558307811.17,USD,7.30,24.56,29.35,0.45,Health services,america,Health Services,Buy,Buy,1.24,-1.06,1.71,23.24,-3.35,-17.74,-10.39,27.92,44.36,28215.65,3.42,3.25,Buy,Buy,StrongBuy,Strong buy,Buy,Buy,56.82,4.35,5.09,70.43,63.35,66.80,0.00,0.00,0.00,0.00,0.00,0.00,220902.00,-75.19,0.00,0.00,0.00,-13.26,7.30,0.25,0.59,1.41,5.96,12.70,77.34,15823108811.17,0.87,7.69,5.86,178.03,174.47,170.09,161.92,182.01,193.25,290.00,166.00,190.50,22.59,5.94,5.24,18605050104.00,4578899092.00,4714247320.00
[object Object],SSAB_B,SSAB AB Class B,OMXSTO,104.35,stock,common,100.00,5.00,false,0.00,SEK,-0.57,1153456.00,0.53,10493911135.30,USD,18.55,0.58,24.28,1.91,Producer manufacturing,sweden,Producer Manufacturing,Buy,Buy,-0.57,-4.53,2.30,12.33,42.55,49.07,94.97,180.81,414.04,256.57,2.72,2.89,Neutral,Neutral,Buy,Buy,Sell,Sell,50.14,0.70,1.66,23.57,49.04,54.87,0.00,0.00,0.00,0.00,0.00,1.29,1153456.00,-0.18,0.00,0.00,0.00,102.27,18.55,0.77,1.07,1.47,8.55,0.00,5.29,9614306735.30,0.96,12.42,8.01,105.50,104.01,103.08,98.10,86.72,11.13,13.66,6.48,11.44,0.81,0.23,0.17,11312370904.59,2752248158.98,2530464628.69
[object Object],ERIE,Erie Indemnity Company Class A,NASDAQ,225.29,stock,common,100.00,1.00,false,0.00,USD,2.89,57744.00,0.25,10491838492.47,USD,20.57,10.95,-7.67,2.63,Finance,america,Finance,Buy,Buy,2.89,-7.58,-12.62,-2.30,-7.83,-20.95,-28.54,24.53,124.19,1293.56,4.06,3.05,Sell,Sell,StrongSell,Strong sell,Neutral,Neutral,35.87,-19.74,-22.00,-156.57,8.75,9.51,0.00,0.00,0.00,0.00,0.00,0.00,57744.00,-70.64,0.00,0.00,0.00,-24.82,20.57,0.00,2.80,4.25,17.01,21.46,34.24,10145248492.47,2.46,13.73,12.42,237.39,249.55,245.21,235.99,250.49,0.00,0.00,0.00,0.00,12.68,3.35,3.41,4169221000.00,1088527000.00,1091701000.00
[object Object],UNI,Unicaja Banco S.A.,BME,3.63,stock,common,1000.00,2.00,false,0.00,EUR,1.57,2712782.00,0.54,10442767693.14,USD,14.18,0.29,5.62,4.53,Finance,spain,Finance,Sell,Sell,1.57,-1.52,0.61,17.65,43.77,30.90,62.31,327.59,209.91,209.91,1.73,1.65,Buy,Buy,StrongBuy,Strong buy,Neutral,Neutral,54.53,-0.02,0.02,17.66,58.72,57.80,0.00,0.00,0.00,0.00,0.00,0.84,2712782.00,-2.02,0.00,0.00,0.00,52.85,14.18,2.49,4.25,1.41,0.00,0.00,0.00,20188523778.34,6.01,0.00,0.00,3.62,3.60,3.52,3.25,2.98,3.67,4.35,3.21,3.61,0.31,0.08,0.07,2546082806.63,630022094.01,594928379.25
[object Object],ALGN,"Align Technology, Inc.",NASDAQ,146.79,stock,common,100.00,1.00,false,0.00,USD,0.80,385901.00,0.40,10427939336.30,USD,25.46,5.76,-2.76,0.00,Health technology,america,Health Technology,Buy,Buy,0.80,-1.83,-7.59,-15.65,-16.36,-6.93,16.74,-79.52,56.04,895.19,3.22,2.93,Sell,Sell,StrongSell,Strong sell,Buy,Buy,39.16,-4.03,-10.55,-110.38,13.04,18.72,spinning_top_white,0.00,0.00,0.00,0.00,-0.04,385901.00,-50.89,0.00,0.00,0.00,10.10,25.46,0.00,2.52,2.47,13.89,16.57,9.52,9446190336.30,2.28,12.42,9.97,148.85,156.29,163.10,167.43,170.77,209.57,240.00,170.00,209.50,11.29,2.62,2.80,4166231669.00,1051959194.00,1014726142.00
[object Object],SMIN,Smiths Group Plc,LSE,2816.00,stock,common,1.00,1.00,false,0.00,GBX,2.14,1593410.00,1.35,10411742197.97,USD,4.50,8.44,634.20,1.70,Producer manufacturing,uk,Producer Manufacturing,Buy,Buy,2.14,10.34,6.83,9.10,22.22,18.62,24.16,104.95,98.73,399.95,2.92,1.92,Buy,Buy,StrongBuy,Strong buy,Neutral,Neutral,70.58,269.00,113.69,198.46,91.30,90.90,0.00,0.00,0.00,0.00,0.00,0.54,1593410.00,112.10,2816.00,0.00,343275.00,-5.39,4.50,0.01,4.47,3.21,36.69,49.95,2.99,8115844197.97,3.11,20.00,15.76,2640.00,2604.43,2620.82,2569.86,2533.55,39.02,43.59,31.70,40.95,1.54,0.64,0.67,2767100042.97,1364333042.00,1287405649.00
[object Object],HII,"Huntington Ingalls Industries, Inc.",NYSE,263.72,stock,common,100.00,1.00,false,0.00,USD,-0.86,124488.00,0.23,10391780647.02,USD,15.72,16.77,25.62,2.08,Electronic technology,america,Electronic Technology,Buy,Buy,-0.86,-4.84,-9.42,-5.19,-30.73,-22.45,-5.45,33.91,72.06,638.30,2.41,2.39,StrongSell,Strong sell,StrongSell,Strong sell,Sell,Sell,25.83,-15.97,-23.84,-158.03,4.75,8.08,0.00,265.93,-0.03,0.38,168.00,-0.38,124488.00,-66.86,0.00,0.00,0.00,-0.41,15.72,0.62,0.80,1.96,30.02,0.00,868.08,13314780647.02,1.01,20.64,13.77,273.41,288.72,295.21,297.80,345.56,367.45,439.00,304.00,364.00,18.66,3.79,4.36,13399384777.00,3152366959.00,3363212436.00
[object Object],TKA,thyssenkrupp AG,XETR,15.36,stock,common,1000.00,5.00,false,0.00,EUR,4.67,2617688.00,1.17,10389634868.20,USD,33.31,0.53,0.00,1.02,Non-energy minerals,germany,Non-Energy Minerals,Buy,Buy,4.67,-1.60,11.51,38.90,93.29,63.00,94.80,154.40,7.70,250.09,4.54,4.24,StrongBuy,Strong buy,StrongBuy,Strong buy,Neutral,Neutral,57.44,-0.05,0.71,41.88,35.86,43.64,0.00,0.00,0.00,0.00,0.00,1.23,2617688.00,4.21,15.39,0.23,1126434.00,30.65,33.31,0.00,0.28,0.98,26.85,0.00,2.83,8744592968.20,0.23,36.99,5.48,15.13,14.60,13.71,12.42,11.04,18.93,25.50,11.01,18.55,-0.98,0.03,0.11,38028364399.75,9582912048.87,9059708897.68
[object Object],JKHY,"Jack Henry & Associates, Inc.",NASDAQ,148.13,stock,common,100.00,1.00,false,0.00,USD,0.26,237044.00,0.18,10385780898.75,USD,21.24,6.97,11.76,1.61,Technology services,america,Technology Services,Buy,Buy,0.26,-4.94,-14.27,14.24,-5.52,-18.57,-2.22,-13.41,70.40,39399.65,2.53,2.67,Sell,Sell,StrongSell,Strong sell,Buy,Buy,36.63,-12.99,-10.11,-131.29,5.16,3.54,0.00,147.75,0.00,0.00,132.00,0.01,237044.00,-69.79,0.00,0.00,0.00,-1.68,21.24,1.80,4.13,5.06,13.78,15.11,870.79,10451545898.75,4.13,16.55,12.37,153.35,160.60,157.88,147.83,158.68,188.35,209.00,148.00,196.00,7.37,1.47,2.07,2692956521.00,631597503.00,685111618.00
[object Object],NDX1,Nordex SE,XETR,39.78,stock,common,100.00,2.00,false,0.00,EUR,3.22,441973.00,0.68,10385779252.89,USD,24.38,1.86,539.67,0.00,Producer manufacturing,germany,Producer Manufacturing,Buy,Buy,3.22,-1.87,4.08,-7.62,-9.38,36.42,84.00,168.48,78.20,1325.88,4.08,3.64,Buy,Buy,StrongBuy,Strong buy,Buy,Buy,51.56,0.40,1.13,32.37,52.14,68.19,0.00,0.00,0.00,0.00,0.00,0.73,441973.00,-25.87,39.92,0.35,251450.00,88.29,24.38,0.04,1.25,6.49,10.53,12.92,5.28,8734311905.69,0.95,12.47,9.59,39.66,38.98,39.15,41.05,39.76,55.97,69.82,32.58,59.34,2.37,0.49,0.62,10297663236.40,2407687721.64,2393092373.15
[object Object],BIM,bioMerieux SA,EURONEXT,77.70,stock,common,100.00,5.00,false,0.00,EUR,0.71,163036.00,1.12,10362722608.42,USD,19.92,4.46,22.76,1.27,Health technology,france,Health Technology,Neutral,Neutral,0.71,8.60,2.85,10.84,-13.71,-29.56,-31.24,-28.72,70.15,14468.90,2.34,2.16,Buy,Buy,StrongBuy,Strong buy,Buy,Buy,67.59,7.30,0.83,145.84,88.06,67.95,0.00,0.00,0.00,0.00,0.00,-0.13,163036.00,-13.75,77.70,0.00,137686.00,-37.08,19.92,0.87,2.29,2.13,10.13,15.71,13.98,10096740038.42,2.22,14.59,9.62,73.58,73.78,73.05,71.98,83.78,91.45,114.66,75.67,91.73,5.12,2.32,2.89,4850406443.34,2210342924.00,2451294455.00
[object Object],LHA,Deutsche Lufthansa AG,XETR,7.64,stock,common,1000.00,2.00,false,0.00,EUR,0.82,4997416.00,1.27,10357820470.02,USD,13.66,0.64,-62.23,4.36,Transportation,germany,Transportation,Neutral,Neutral,0.82,-1.06,-4.55,-21.44,1.35,-9.65,2.17,21.21,2.99,60.47,2.99,2.12,Sell,Sell,StrongSell,Strong sell,Buy,Buy,43.45,-0.09,-0.11,-27.31,31.16,44.31,0.00,7.72,1.90,1.66,1046.00,1.40,4997416.00,35.82,7.72,1.05,3346022.00,2.22,13.66,0.00,0.22,0.76,2.68,0.00,1.13,18032407370.02,0.38,0.00,7.30,7.64,7.75,8.11,8.45,8.37,11.01,23.90,7.40,10.24,1.09,0.31,1.04,50268533924.75,12771368034.25,14051051421.12
[object Object],KESKOB,Kesko Oyj Class B,OMXHEX,22.96,stock,common,100.00,2.00,false,0.00,EUR,-0.09,345952.00,0.52,10295449622.19,USD,21.86,1.20,10.18,3.92,Retail trade,finland,Retail Trade,Buy,Buy,-0.09,2.32,3.80,16.14,20.02,18.84,27.91,-29.64,127.33,607.01,1.42,1.55,Buy,Buy,StrongBuy,Strong buy,Neutral,Neutral,64.34,1.06,0.52,177.67,91.36,90.23,tweezer_top_bearish,0.00,0.00,0.00,0.00,0.00,345952.00,-24.76,0.00,0.00,0.00,20.73,21.86,2.15,0.71,3.45,8.96,13.23,24.30,14453901667.19,0.98,19.36,10.04,22.41,22.24,21.84,21.02,20.51,25.63,28.27,22.50,25.96,1.36,0.37,0.44,15475159193.98,3863834522.90,3854111708.79
[object Object],BEZ,Beazley Plc,LSE,1306.00,stock,common,10.00,5.00,false,0.00,GBX,0.00,542426.00,0.07,10279012457.45,USD,15.97,1.08,-29.95,1.91,Finance,uk,Finance,Neutral,Neutral,0.00,0.11,0.62,1.63,3.16,55.75,54.37,233.84,220.57,1532.50,0.16,0.19,Buy,Buy,StrongBuy,Strong buy,Neutral,Neutral,73.96,2.00,7.25,83.92,64.65,74.02,"gravestone_doji_bearish,long_upper_shadow_bearish",0.00,0.00,0.00,0.00,0.00,542426.00,-96.72,1306.00,0.00,206304.00,55.48,15.97,0.00,1.63,2.12,11.27,11.40,0.00,10897088177.93,1.68,0.00,0.00,1305.25,1300.30,1296.53,1290.11,1214.41,17.71,17.76,17.66,17.71,1.33,0.50,0.69,6410379597.95,3218971000.00,3066741180.00
[object Object],RTO,Rentokil Initial plc,LSE,308.70,stock,common,10.00,1.00,false,0.00,GBX,-0.16,6930453.00,0.53,10267451455.15,USD,21.97,0.19,38.70,3.04,Commercial services,uk,Commercial Services,Buy,Buy,-0.16,-5.31,-11.22,-29.20,-33.28,-30.94,-14.70,-49.34,39.43,130.37,2.65,2.21,StrongSell,Strong sell,StrongSell,Strong sell,Neutral,Neutral,25.15,-19.00,-23.37,-141.03,10.02,11.11,0.00,0.00,0.00,0.00,0.00,0.10,6930453.00,-69.63,308.70,0.00,3484309.00,-11.92,21.97,0.57,1.47,1.87,11.41,13.76,4.20,13865428475.31,1.97,14.11,8.45,320.79,336.76,359.96,405.31,435.47,6.41,8.47,5.32,6.46,0.29,0.13,0.12,7390354245.50,3533935000.00,3631047500.00
[object Object],MNG,M&G Plc,LSE,326.70,stock,common,10.00,1.00,false,0.00,GBX,0.21,2825325.00,0.43,10259761371.22,USD,0.00,-0.06,-82.44,6.29,Finance,uk,Finance,Neutral,Neutral,0.21,-3.97,-6.47,-2.04,16.89,13.79,30.42,60.54,48.50,48.50,1.70,2.11,Sell,Sell,StrongSell,Strong sell,Neutral,Neutral,36.61,-5.70,-13.28,-93.80,5.53,10.59,0.00,0.00,0.00,0.00,0.00,0.71,2825325.00,-40.70,326.70,0.00,1786047.00,29.08,0.00,-0.83,0.31,2.97,11.15,13.87,0.00,18854187371.22,0.57,0.00,0.00,332.38,343.16,348.47,336.32,316.69,4.39,4.94,2.87,4.47,0.38,0.18,0.19,5846810763.39,0.00,0.00
[object Object],MKS,Marks and Spencer Group plc,LSE,374.50,stock,common,10.00,1.00,false,0.00,GBX,0.94,8829150.00,0.99,10139749574.06,USD,30.55,0.16,-12.49,1.13,Retail trade,uk,Retail Trade,Buy,Buy,0.94,2.72,-5.00,-1.19,13.24,13.21,4.52,98.88,22.82,-9.57,2.87,2.63,Neutral,Neutral,Neutral,Neutral,Neutral,Neutral,47.35,-4.50,-12.69,-26.86,43.17,41.76,0.00,0.00,0.00,0.00,0.00,0.32,8829150.00,57.53,374.50,0.00,3340328.00,2.89,30.55,0.00,0.45,2.52,6.80,13.44,7.84,13531945474.06,0.59,19.07,8.15,369.25,380.69,387.48,373.42,364.51,5.93,6.41,4.81,6.01,0.43,0.21,0.17,25103337773.35,12537848000.00,11284234280.62
[object Object],SOF,Sofina SA,EURONEXT,248.00,stock,common,10.00,2.00,false,0.00,EUR,0.81,15130.00,0.67,10117610232.22,USD,6.42,44.15,225.53,1.04,Finance,belgium,Finance,StrongBuy,Strong buy,0.81,-0.40,1.14,13.35,12.73,0.32,-2.67,-29.52,96.24,467.97,1.35,1.69,Buy,Buy,Buy,Buy,Buy,Buy,49.40,-7.00,-1.15,-48.39,15.43,19.90,0.00,0.00,0.00,0.00,0.00,0.41,15130.00,-0.77,248.00,0.00,9790.00,3.32,6.42,0.03,75.23,0.76,22.57,22.58,9.31,10512987975.57,77.24,6.64,0.00,249.58,248.42,246.11,233.83,235.23,349.91,366.18,319.68,356.88,0.00,0.00,0.00,0.00,0.00,0.00
[object Object],BXP,BXP Inc,NYSE,63.15,stock,common,100.00,1.00,false,0.00,USD,1.41,422570.00,0.26,10082627591.89,USD,33.93,1.86,9300.00,4.50,Finance,america,Finance,Buy,Buy,1.41,-0.86,-12.05,-4.03,19.49,-6.54,-15.57,-44.59,-54.61,141.72,2.07,2.10,Sell,Sell,StrongSell,Strong sell,Sell,Sell,39.63,-1.55,-3.46,-85.44,10.78,12.69,engulfing_bullish,0.00,0.00,0.00,0.00,0.00,422570.00,-66.38,0.00,0.00,0.00,-16.69,33.93,0.00,2.83,1.95,7.85,13.17,18.21,28462228591.89,8.09,28.63,14.77,63.57,66.26,67.49,65.51,63.10,75.58,88.00,60.00,75.00,2.12,0.40,0.52,3510941406.00,858073851.00,886469696.00
[object Object],ACKB,Ackermans & van Haaren NV,EURONEXT,270.00,stock,common,10.00,2.00,false,0.00,EUR,0.37,20690.00,0.69,10041691757.86,USD,13.43,22.97,23.59,1.20,Industrial services,belgium,Industrial Services,Buy,Buy,0.37,-1.46,3.85,-5.66,3.05,16.08,22.73,78.93,128.14,785.25,1.50,1.82,Neutral,Neutral,Buy,Buy,Neutral,Neutral,49.89,-2.00,4.07,-45.65,37.66,41.04,0.00,0.00,0.00,0.00,0.00,0.45,20690.00,1.45,270.00,0.00,6026.00,18.31,13.43,0.57,1.48,1.50,6.90,12.27,3.96,21033374819.46,3.09,24.30,14.30,271.22,268.33,267.63,272.14,266.98,360.04,418.50,312.71,348.75,24.12,0.00,12.30,7370920170.80,0.00,0.00
[object Object],TREL_B,Trelleborg AB Class B,OMXSTO,465.00,stock,common,10.00,2.00,false,0.00,SEK,1.97,512345.00,1.18,10032312205.84,USD,27.60,1.73,7.71,1.75,Producer manufacturing,sweden,Producer Manufacturing,Buy,Buy,1.97,2.97,5.01,10.29,36.20,18.02,32.63,140.50,183.54,1224.51,1.79,1.81,StrongBuy,Strong buy,StrongBuy,Strong buy,Buy,Buy,63.68,13.00,14.01,189.09,74.12,75.62,0.00,0.00,0.00,0.00,0.00,0.88,512345.00,35.74,0.00,0.00,0.00,18.88,27.60,3.51,2.94,2.76,19.70,26.22,44.57,11010007405.84,3.09,16.84,12.78,453.78,445.32,438.26,422.07,400.03,45.45,55.76,35.42,45.24,2.14,0.50,0.51,3929489056.95,930815195.16,929399742.52
[object Object],SUBC,Subsea 7 S.A.,OSL,324.80,stock,common,10.00,2.00,false,0.00,NOK,0.68,149281.00,0.29,10028780549.03,USD,16.19,2.02,110.94,6.04,Industrial services,norway,Industrial Services,Buy,Buy,0.68,-1.99,-2.93,-3.56,15.83,59.84,59.84,406.39,289.22,313.18,2.13,2.61,Neutral,Neutral,Neutral,Neutral,Neutral,Neutral,48.71,2.80,-9.96,-40.58,59.82,56.21,0.00,0.00,0.00,0.00,0.00,-0.81,149281.00,-29.68,324.80,0.00,55456.00,59.54,16.19,0.14,1.30,2.24,5.09,5.85,9.33,9862882046.23,1.32,9.80,5.89,321.86,329.91,328.86,329.16,291.67,37.77,47.57,25.80,38.79,2.44,0.60,0.71,7285400901.39,1913006474.00,1985716857.00
[object Object],GBLB,Groupe Bruxelles Lambert SA,EURONEXT,73.20,stock,common,100.00,5.00,false,0.00,EUR,0.00,66044.00,0.70,10010929088.67,USD,0.00,-5.82,-513.32,4.90,Finance,belgium,Finance,Buy,Buy,0.00,-1.81,-0.41,-7.22,-4.31,-3.43,-2.27,-24.82,-7.34,28.07,1.05,1.12,Sell,Sell,StrongSell,Strong sell,Neutral,Neutral,37.23,-1.80,-0.18,-109.79,1.37,16.93,0.00,0.00,0.00,0.00,0.00,0.61,66044.00,-29.87,73.20,0.00,37595.00,-4.11,0.00,-0.03,1.30,0.82,15.02,0.00,5.74,18764804543.67,2.40,53.61,17.79,74.21,73.89,75.41,77.53,78.63,102.29,108.36,89.92,103.75,4.10,0.00,0.00,7498001369.40,0.00,0.00
[object Object],CLX,Clorox Company,NYSE,82.69,stock,common,100.00,1.00,false,0.00,USD,1.08,1030320.00,0.28,9999180718.53,USD,17.18,4.81,-26.25,6.08,Consumer non-durables,america,Consumer Non-Durables,Neutral,Neutral,1.08,-1.65,-21.31,-14.09,-19.25,-18.21,-33.15,-49.69,-34.57,4521.69,2.90,2.75,Sell,Sell,StrongSell,Strong sell,Neutral,Neutral,30.82,-5.08,-12.15,-104.34,6.94,13.85,0.00,82.20,0.49,0.10,12537.00,0.48,1030320.00,-66.36,0.00,0.00,0.00,-32.46,17.18,0.00,1.48,111.10,16.46,24.87,70.43,15600180718.53,2.32,17.57,13.74,84.99,94.74,97.06,95.59,101.91,97.44,117.00,77.00,97.50,5.79,1.64,1.11,7631957105.00,1914937418.00,1877074542.00
[object Object],HAG,HENSOLDT AG,XETR,75.86,stock,common,100.00,2.00,false,0.00,EUR,-0.18,138636.00,0.67,9986291700.00,USD,73.01,1.19,31.87,0.72,Electronic technology,germany,Electronic Technology,Buy,Buy,-0.18,-2.74,-12.28,18.01,9.86,1.35,-26.13,472.10,561.95,561.95,3.11,3.34,StrongSell,Strong sell,StrongSell,Strong sell,Neutral,Neutral,36.13,-0.78,-6.67,-110.22,22.83,28.18,0.00,0.00,0.00,0.00,0.00,0.82,138636.00,-25.77,76.18,0.42,75898.00,-16.58,73.01,2.30,3.28,9.05,15.37,28.26,14.88,11250220850.00,3.68,35.56,21.89,77.43,82.64,83.75,80.14,79.73,105.02,121.76,71.90,104.36,2.18,0.16,-1.42,3289503047.53,742719686.29,746298400.00
[object Object],FDS,FactSet Research Systems Inc.,NYSE,275.52,stock,common,100.00,1.00,false,0.00,USD,1.57,145918.00,0.18,9799018718.43,USD,18.16,15.17,9.52,1.67,Commercial services,america,Commercial Services,Neutral,Neutral,1.57,-0.79,-5.47,32.46,40.46,-4.52,-3.97,-25.59,55.07,6601.77,3.66,4.00,Sell,Sell,Sell,Sell,Neutral,Neutral,45.92,15.81,-8.55,-64.40,36.32,35.53,0.00,0.00,0.00,0.00,0.00,-0.51,145918.00,-78.54,0.00,0.00,0.00,-7.66,18.16,1.88,4.03,4.85,12.02,14.08,32.21,11060128718.43,4.54,14.73,11.53,277.98,288.82,280.83,258.11,249.65,276.50,389.00,210.00,278.50,17.84,4.45,4.35,2470757098.00,617905979.00,629827514.00
[object Object],SPM,Saipem S.p.A.,MIL,4.35,stock,common,1000.00,1.00,false,0.00,EUR,-0.28,9785475.00,0.64,9787306479.56,USD,33.22,0.15,-14.67,3.90,Industrial services,italy,Industrial Services,Buy,Buy,-0.28,0.18,-3.03,0.79,14.18,77.51,78.46,-16.14,-51.74,-12.63,2.04,2.60,Neutral,Neutral,Neutral,Neutral,Neutral,Neutral,49.34,0.04,-0.10,-14.17,75.30,69.10,0.00,0.00,0.00,0.00,0.00,-0.30,9785475.00,-7.54,4.35,0.00,1000.00,81.49,33.22,0.00,0.55,3.65,5.70,7.07,3.67,10523366029.56,0.59,14.93,5.32,4.30,4.40,4.36,4.38,3.87,5.60,6.87,3.89,5.70,0.20,0.00,0.00,18328209615.72,6802683120.00,0.00
[object Object],IG,Italgas SpA,MIL,8.35,stock,common,1000.00,2.00,false,0.00,EUR,-0.88,1664481.00,0.56,9752095208.66,USD,0.00,0.00,0.00,5.13,Utilities,italy,Utilities,Buy,Buy,-0.88,-1.53,-5.63,-19.71,-16.08,-11.69,9.44,55.02,124.10,285.61,1.66,1.85,Sell,Sell,StrongSell,Strong sell,Neutral,Neutral,40.57,0.07,-0.10,-11.42,69.02,76.48,0.00,0.00,0.00,0.00,0.00,0.31,1664481.00,-7.98,0.00,0.00,0.00,12.09,0.00,0.00,0.00,2.25,0.00,0.00,6.76,22493396371.21,7.35,15.14,9.61,8.37,8.51,8.83,9.53,9.86,12.47,13.57,11.36,12.41,0.87,0.22,0.21,3272022956.15,761061388.02,747562082.28
[object Object],SBRY,J Sainsbury plc,LSE,337.00,stock,common,10.00,1.00,false,0.00,GBX,0.00,4498549.00,0.54,9698847946.96,USD,20.37,0.22,12.82,4.07,Retail trade,uk,Retail Trade,Buy,Buy,0.00,-0.53,0.12,7.84,1.51,3.63,4.01,13.54,34.26,-36.31,1.76,1.69,Buy,Buy,Buy,Buy,Neutral,Neutral,49.36,4.70,-0.49,-2.57,41.03,43.14,0.00,0.00,0.00,0.00,0.00,-0.36,4498549.00,-51.17,337.00,0.00,3531412.00,-0.03,20.37,1.59,0.23,1.24,0.00,0.00,7.31,17009261946.96,0.38,14.13,5.92,337.07,335.98,342.36,328.80,331.77,4.90,5.46,4.09,4.90,0.32,0.16,0.15,44930703410.78,21420047398.00,24149313285.00
[object Object],BNR,Brenntag SE,XETR,59.56,stock,common,100.00,2.00,false,0.00,EUR,1.19,310181.00,1.18,9668345052.72,USD,23.58,2.89,-13.76,3.23,Distribution services,germany,Distribution Services,Neutral,Neutral,1.19,-1.91,-0.93,8.73,5.01,19.96,17.01,-28.28,25.26,249.70,2.28,2.12,Neutral,Neutral,Sell,Sell,Neutral,Neutral,44.59,-1.06,-1.42,-131.66,13.02,15.06,engulfing_bullish,0.00,0.00,0.00,0.00,-0.48,310181.00,-18.39,59.56,0.00,192019.00,17.30,23.58,0.00,0.56,1.94,10.68,16.72,16.85,13238290752.72,0.76,15.29,9.21,60.13,60.87,61.00,58.90,56.17,68.99,87.28,53.98,66.61,4.91,1.98,1.24,18374374650.92,4620281199.36,4572613811.91
[object Object],ORK,Orkla ASA,OSL,93.35,stock,common,100.00,5.00,false,0.00,NOK,-0.43,1587254.00,0.86,9662667905.33,USD,14.20,0.66,-37.76,4.27,Consumer non-durables,norway,Consumer Non-Durables,Neutral,Neutral,-0.43,2.58,-2.25,-11.10,-21.88,-17.39,-9.89,17.57,15.32,221.90,1.99,1.42,Sell,Sell,Sell,Sell,Neutral,Neutral,45.47,2.25,-2.36,50.10,78.41,80.08,0.00,0.00,0.00,0.00,0.00,0.00,1587254.00,-4.29,93.35,0.00,767738.00,-15.87,14.20,0.00,1.30,2.14,9.77,13.84,63.35,12262143315.33,1.72,16.38,11.99,92.36,94.48,98.56,101.41,109.50,11.63,16.11,9.56,11.27,0.66,0.16,0.18,6976409035.88,1782401333.51,1859599425.12
[object Object],IMI,IMI plc,LSE,3120.00,stock,common,1.00,2.00,false,0.00,GBX,0.32,470407.00,0.60,9655112241.97,USD,23.00,1.80,45.36,1.14,Producer manufacturing,uk,Producer Manufacturing,Buy,Buy,0.32,1.23,0.26,6.41,18.00,24.70,39.29,69.75,185.71,893.63,1.58,1.78,Buy,Buy,StrongBuy,Strong buy,Sell,Sell,57.90,84.00,36.71,124.03,85.54,85.96,0.00,0.00,0.00,0.00,0.00,0.84,470407.00,-59.64,3120.00,0.00,159419.00,29.51,23.00,0.51,3.19,8.05,15.38,19.39,84.12,10547051441.97,3.35,16.01,13.01,3070.80,3064.20,3049.12,2944.60,2827.10,44.81,53.57,37.50,45.44,1.91,0.79,1.03,3217816901.72,1502780377.50,1621826077.70
[object Object],FRT,Federal Realty Investment Trust,NYSE,110.15,stock,common,100.00,1.00,false,0.00,USD,-0.18,293810.00,0.31,9628821337.71,USD,22.24,4.95,25.62,4.10,Finance,america,Finance,Buy,Buy,-0.18,-1.51,-6.43,-12.32,6.36,10.87,10.99,-7.91,-30.59,3472.41,1.34,1.38,Sell,Sell,StrongSell,Strong sell,Neutral,Neutral,26.16,-4.21,-5.40,-107.07,8.09,8.69,0.00,0.00,0.00,0.00,0.00,0.05,293810.00,-72.00,0.00,0.00,0.00,12.03,22.24,0.87,7.12,2.99,14.91,28.34,88.52,14786379337.71,11.08,32.10,17.35,111.45,115.11,118.17,119.28,112.24,131.56,149.00,117.00,132.00,4.26,0.72,0.72,1356903829.00,331919002.00,336200227.00
[object Object],PSON,Pearson PLC,LSE,1218.50,stock,common,10.00,5.00,false,0.00,GBX,0.49,667786.00,0.31,9595466197.66,USD,24.59,0.66,-23.84,2.11,Consumer services,uk,Consumer Services,Neutral,Neutral,0.49,1.54,-1.30,6.05,27.14,16.10,18.30,71.76,57.43,122.99,1.86,1.97,StrongBuy,Strong buy,StrongBuy,Strong buy,Neutral,Neutral,57.51,58.00,9.50,117.31,86.90,82.59,0.00,0.00,0.00,0.00,0.00,-0.25,667786.00,-28.74,1218.50,0.00,439206.00,6.00,24.59,0.00,2.08,2.18,6.83,7.09,22.37,11489780197.66,2.38,16.41,7.89,1197.15,1194.53,1212.44,1187.16,1091.95,16.86,18.27,14.34,17.34,0.95,0.35,0.54,5007010967.32,2333304250.65,2544790912.50
[object Object],EVK,Evonik Industries AG,XETR,19.37,stock,common,100.00,1.00,false,0.00,EUR,7.19,5563586.00,4.09,9579718181.45,USD,74.59,0.30,-71.46,5.53,Process industries,germany,Process Industries,Neutral,Neutral,7.19,10.75,3.80,21.44,20.99,44.77,28.45,-29.74,-35.92,-41.30,4.28,2.32,StrongBuy,Strong buy,StrongBuy,Strong buy,Buy,Buy,67.92,1.51,-0.12,135.95,63.75,50.57,0.00,0.00,0.00,0.00,0.00,-0.11,5563586.00,381.24,19.43,0.31,1690209.00,11.32,74.59,0.00,0.60,1.15,5.59,10.89,23.14,14285038581.45,0.89,12.07,5.84,17.86,18.29,17.97,17.23,16.06,21.09,25.39,16.15,20.77,2.03,0.63,0.59,17261523483.77,4358954535.64,4144715490.08
[object Object],DPZ,"Domino's Pizza, Inc.",NASDAQ,289.49,stock,common,100.00,1.00,false,0.00,USD,-1.21,264946.00,0.32,9577869038.56,USD,16.41,17.64,2.40,2.55,Consumer services,america,Consumer Services,Buy,Buy,-1.21,-2.40,-16.70,0.51,-19.14,-30.53,-32.26,-40.82,88.10,2356.77,2.37,2.97,Sell,Sell,StrongSell,Strong sell,Neutral,Neutral,30.66,-22.11,-34.69,-102.34,7.98,8.28,0.00,292.02,-0.34,0.18,211.00,0.16,264946.00,-54.90,0.00,0.00,0.00,-33.13,16.41,6.91,1.94,0.00,12.40,14.76,21.59,14253922038.56,2.84,14.69,13.46,299.97,325.30,333.68,321.80,357.04,377.18,450.00,270.00,375.00,18.97,4.17,4.38,5185843143.00,1178770280.00,1172401364.00
[object Object],HSIC,"Henry Schein, Inc.",NASDAQ,85.94,stock,common,100.00,1.00,false,0.00,USD,0.47,547259.00,0.42,9577158349.39,USD,25.04,3.43,10.35,0.00,Distribution services,america,Distribution Services,Buy,Buy,0.47,1.29,-4.48,2.23,17.17,13.60,28.22,9.99,34.19,1827.44,2.14,2.00,Sell,Sell,Sell,Sell,Sell,Sell,44.39,-2.42,-2.67,-79.85,21.37,23.39,0.00,85.54,0.01,0.20,1225.00,0.00,547259.00,-60.39,0.00,0.00,0.00,14.90,25.04,2.41,0.72,3.05,14.04,17.28,62.61,14799158349.39,1.09,18.20,12.98,86.22,88.27,87.79,83.25,80.04,100.47,112.00,85.00,102.00,5.38,1.24,1.36,13871342398.00,3373853433.00,3473530416.00
[object Object],DIE,D'Ieteren Group SA/NV,EURONEXT,162.50,stock,common,10.00,1.00,false,0.00,EUR,1.56,54639.00,0.68,9539524380.11,USD,19.69,9.42,-1.66,0.88,Consumer services,belgium,Consumer Services,StrongBuy,Strong buy,1.56,-4.64,-8.09,-5.47,3.11,4.03,0.87,17.75,284.71,829.10,2.43,2.76,Sell,Sell,StrongSell,Strong sell,Neutral,Neutral,37.97,-7.80,-9.36,-119.81,9.16,7.13,spinning_top_white,0.00,0.00,0.00,0.00,1.25,54639.00,-31.73,162.50,0.00,34539.00,-0.91,19.69,0.00,1.07,80.10,14.53,18.13,27.97,12196847250.11,1.35,31.15,18.19,165.61,171.81,174.61,172.14,172.99,274.00,320.78,242.31,265.39,15.34,7.71,0.00,9373777390.52,7078487880.00,6991655605.00
[object Object],DEMANT,Demant A/S,OMXCOP,307.20,stock,common,10.00,2.00,false,0.00,DKK,0.46,174844.00,0.70,9514969385.39,USD,39.84,1.18,-28.65,0.00,Health technology,denmark,Health Technology,Buy,Buy,0.46,2.40,6.67,14.88,61.68,42.75,32.19,-12.95,122.61,529.51,1.77,1.93,Buy,Buy,StrongBuy,Strong buy,Buy,Buy,65.73,12.80,13.68,107.20,80.72,86.51,hanging_man_bearish,0.00,0.00,0.00,0.00,0.13,174844.00,-23.11,0.00,0.00,0.00,25.22,39.84,0.00,2.58,5.71,16.19,19.03,42.89,12378220985.39,3.28,18.67,13.51,303.10,294.30,289.32,271.94,237.66,47.13,59.40,33.68,48.23,2.17,0.85,1.12,4127689733.70,1933914852.00,2027504657.25
[object Object],PODD,Insulet Corporation,NASDAQ,137.04,stock,common,100.00,1.00,false,0.00,USD,0.93,428827.00,0.28,9504298748.46,USD,27.17,5.04,53.51,0.00,Health technology,america,Health Technology,Buy,Buy,0.93,-2.98,-2.99,-11.27,-36.80,-51.99,-57.77,-52.27,212.45,706.12,3.07,3.35,Sell,Sell,StrongSell,Strong sell,Buy,Buy,41.51,5.08,-4.66,-76.00,28.66,32.10,0.00,0.00,0.00,0.00,0.00,0.00,428827.00,-60.50,0.00,0.00,0.00,-58.13,27.17,0.50,3.09,6.68,18.60,32.37,17.78,9917798748.46,3.25,19.25,15.51,138.90,142.57,148.32,150.71,197.44,169.86,275.00,144.00,165.00,6.50,1.47,1.59,3291181059.00,787389296.00,833252946.00
[object Object],ANDR,ANDRITZ AG,VIE,84.00,stock,common,10.00,1.00,false,0.00,EUR,0.24,119244.00,1.00,9482791491.32,USD,17.71,5.42,0.83,3.22,Producer manufacturing,austria,Producer Manufacturing,StrongBuy,Strong buy,0.24,-0.94,4.22,7.69,31.97,25.37,39.30,71.08,74.82,3260.00,2.23,1.82,Buy,Buy,StrongBuy,Strong buy,Sell,Sell,53.93,0.00,2.31,13.67,41.82,62.69,spinning_top_black,0.00,0.00,0.00,0.00,0.60,119244.00,15.50,84.00,0.00,92943.00,40.45,17.71,21.26,1.02,3.37,10.62,14.63,10.70,9318059771.32,1.01,13.44,9.56,84.30,83.02,81.45,78.68,73.69,106.80,114.66,91.73,108.93,6.18,1.34,1.52,9693700834.00,2226845691.00,2252433235.00
[object Object],STERV,Stora Enso Oyj Class R,OMXHEX,10.44,stock,common,1000.00,5.00,false,0.00,EUR,-0.71,1209783.00,0.66,9427296831.04,USD,14.27,0.84,0.00,2.38,Process industries,finland,Process Industries,Buy,Buy,-0.71,-2.48,5.30,11.25,3.73,-2.75,11.44,-31.10,28.27,-40.61,2.23,2.52,Buy,Buy,StrongBuy,Strong buy,Neutral,Neutral,54.63,0.31,0.55,38.92,49.40,65.87,0.00,0.00,0.00,0.00,0.00,0.00,1209783.00,-19.43,0.00,0.00,0.00,10.88,14.27,0.00,0.89,0.76,15.50,0.00,5.28,13372667031.04,1.26,0.00,29.57,10.52,10.15,9.99,9.81,10.12,12.99,15.50,10.34,13.09,0.61,0.16,0.14,11118096200.19,2765574104.51,2685144402.23
[object Object],GTT,Gaztransport & Technigaz SA,EURONEXT,218.80,stock,common,10.00,2.00,false,0.00,EUR,-2.06,76101.00,0.81,9372721819.70,USD,18.32,13.64,24.12,4.00,Producer manufacturing,france,Producer Manufacturing,Buy,Buy,-2.06,-3.19,6.21,20.82,6.84,40.53,42.54,236.62,705.45,375.65,1.59,1.95,Buy,Buy,StrongBuy,Strong buy,Sell,Sell,54.76,2.60,10.24,36.40,66.88,76.39,0.00,0.00,0.00,0.00,0.00,-0.18,76101.00,36.09,218.80,0.00,56145.00,45.33,18.32,0.78,10.36,13.21,16.36,17.48,21.30,9059071714.70,9.90,15.58,14.78,221.82,214.11,206.89,201.52,193.85,270.30,317.56,211.32,274.83,13.32,6.53,6.57,904410294.89,437735609.16,435706013.79
[object Object],SW,Sodexo SA,EURONEXT,57.35,stock,common,100.00,5.00,false,0.00,EUR,2.23,281179.00,1.09,9336435738.03,USD,18.82,3.60,-33.44,4.81,Consumer services,france,Consumer Services,Neutral,Neutral,2.23,-0.78,0.70,12.23,34.00,31.54,7.90,6.15,-27.04,703.49,1.58,1.70,Buy,Buy,StrongBuy,Strong buy,Neutral,Neutral,52.64,0.95,-0.07,-36.70,34.22,37.33,0.00,0.00,0.00,0.00,0.00,0.62,281179.00,-4.16,57.35,0.00,197452.00,8.77,18.82,0.00,0.35,2.32,8.71,13.49,7.17,14160071738.03,0.51,14.02,8.77,56.96,57.14,56.87,53.22,48.56,64.12,78.10,52.83,62.02,3.77,2.82,1.60,27859511090.78,14296003267.68,13825503786.00
[object Object],APTV,Aptiv PLC,NYSE,44.77,stock,common,100.00,1.00,false,0.00,USD,2.73,1193335.00,0.26,9295744632.62,USD,42.47,1.05,-75.87,0.00,Producer manufacturing,america,Producer Manufacturing,Buy,Buy,2.73,3.01,-3.60,-26.11,-24.43,-31.21,-36.93,-64.83,-8.73,196.93,3.37,3.10,Sell,Sell,Sell,Sell,Neutral,Neutral,44.58,-0.77,-2.04,-34.71,29.94,28.56,0.00,43.88,0.69,0.69,250.00,0.96,1193335.00,-68.51,0.00,0.00,0.00,-51.26,42.47,0.00,0.49,1.07,2.90,3.54,12.41,14214744632.62,0.76,7.87,5.17,44.08,45.84,49.06,55.21,59.64,66.61,78.00,55.00,67.50,5.75,1.42,1.33,12729360022.00,3314249981.00,3179049566.00
[object Object],VSURE,Verisure Plc,OMXSTO,8.08,stock,common,1000.00,2.00,false,0.00,EUR,2.38,1209593.00,0.76,9287252969.27,USD,0.00,-0.29,0.00,0.00,Commercial services,sweden,Commercial Services,StrongBuy,Strong buy,2.38,-10.18,-12.24,-17.93,-9.68,-42.13,-44.63,-44.63,-44.63,-44.63,3.18,2.81,Sell,Sell,StrongSell,Strong sell,Buy,Buy,31.88,-0.59,-0.69,-184.66,7.17,3.48,0.00,0.00,0.00,0.00,0.00,0.68,1209593.00,-56.72,0.00,0.00,0.00,0.00,0.00,-0.82,2.18,0.94,9.24,20.79,228.48,15171178769.32,3.45,44.07,9.42,8.53,8.87,9.47,10.15,10.81,17.97,22.06,13.81,18.28,0.68,0.17,0.18,4860802600.99,1170865265.73,1175675951.25
[object Object],RED,Redeia Corporacion SA,BME,14.96,stock,common,100.00,1.00,false,0.00,EUR,-0.93,837468.00,0.96,9259138035.97,USD,16.18,1.06,35.60,4.29,Utilities,spain,Utilities,Neutral,Neutral,-0.93,-0.66,-2.48,-3.48,3.31,-1.90,-8.22,-14.76,-22.33,882.59,1.35,1.29,Sell,Sell,StrongSell,Strong sell,Neutral,Neutral,44.76,0.16,0.04,2.52,64.73,74.68,0.00,0.00,0.00,0.00,0.00,-0.20,837468.00,-14.19,0.00,0.00,0.00,-6.73,16.18,0.46,4.76,1.70,7.99,0.00,8.22,16255906240.07,8.29,19.44,11.49,15.03,15.05,15.21,15.12,15.08,19.36,22.55,15.69,19.76,1.10,0.59,0.00,2035228061.31,983884690.00,0.00
[object Object],VOE,voestalpine AG,VIE,45.80,stock,common,100.00,2.00,false,0.00,EUR,0.70,135640.00,0.56,9236714780.41,USD,15.74,3.32,323.65,1.65,Non-energy minerals,austria,Non-Energy Minerals,Buy,Buy,0.70,-1.93,4.28,6.56,17.02,22.39,57.93,38.79,47.50,375.84,3.17,2.87,StrongBuy,Strong buy,StrongBuy,Strong buy,Buy,Buy,52.16,1.24,0.22,52.96,56.12,54.02,long_upper_shadow_bearish,0.00,0.00,0.00,0.00,0.79,135640.00,-16.97,45.80,0.00,55898.00,54.13,15.74,0.05,0.53,1.01,5.63,18.37,8.26,10686649705.41,0.62,13.33,6.45,45.57,45.29,45.45,45.17,43.31,59.28,71.71,51.79,56.92,4.30,1.16,0.70,18210449561.74,4560137482.88,4408919991.62
[object Object],INDT,Indutrade AB,OMXSTO,256.40,stock,common,10.00,2.00,false,0.00,SEK,1.58,561610.00,1.21,9232294297.29,USD,34.84,0.76,-0.48,1.23,Producer manufacturing,sweden,Producer Manufacturing,Buy,Buy,1.58,3.64,3.30,32.30,23.03,6.66,13.96,-6.01,306.98,3071.97,2.24,2.02,Buy,Buy,StrongBuy,Strong buy,Neutral,Neutral,64.16,15.20,6.55,162.93,84.79,87.13,0.00,0.00,0.00,0.00,0.00,0.71,561610.00,-50.77,0.00,0.00,0.00,6.34,34.84,0.00,2.78,5.22,22.61,25.47,68.58,10187098297.29,2.99,24.85,17.22,249.02,247.04,245.03,222.17,223.55,29.64,33.66,27.46,29.77,1.03,0.21,0.24,3798838209.93,886637170.99,885526132.66
[object Object],QIA,QIAGEN NV,XETR,38.95,stock,common,1000.00,5.00,false,0.00,EUR,0.31,457034.00,0.89,9182691268.00,USD,22.60,1.97,12.91,0.79,Health technology,germany,Health Technology,Buy,Buy,0.31,1.39,3.33,13.99,11.38,-4.39,-3.12,-25.78,42.52,54.94,2.44,2.52,StrongBuy,Strong buy,StrongBuy,Strong buy,Neutral,Neutral,63.61,2.43,1.26,122.84,77.02,76.27,0.00,0.00,0.00,0.00,0.00,0.42,457034.00,30.50,38.95,0.00,262872.00,-8.32,22.60,2.37,4.37,2.74,14.13,20.65,11.65,10029530570.05,4.78,19.39,13.94,38.13,37.50,37.11,34.74,36.66,45.95,50.00,40.00,46.50,2.50,0.60,0.62,2205007371.44,527501910.00,535881062.00
[object Object],ADDT_B,Addtech AB Class B,OMXSTO,341.40,stock,common,10.00,2.00,false,0.00,SEK,0.77,328555.00,0.83,9181745551.37,USD,41.46,0.85,13.61,1.06,Distribution services,sweden,Distribution Services,StrongBuy,Strong buy,0.77,3.45,0.23,2.83,10.84,4.21,8.45,105.66,919.10,9892.29,1.88,1.88,Buy,Buy,StrongBuy,Strong buy,Neutral,Neutral,56.94,15.80,5.22,127.02,83.33,88.33,0.00,0.00,0.00,0.00,0.00,1.95,328555.00,-6.13,0.00,0.00,0.00,1.21,41.46,3.02,3.97,10.72,29.50,30.93,65.98,9784948751.37,4.14,31.16,26.22,332.58,333.80,338.77,334.92,327.08,40.09,43.53,35.50,40.19,1.09,0.24,0.22,2612247261.41,632241811.89,592529126.51
[object Object],PNDORA,Pandora A/S,OMXCOP,836.20,stock,common,10.00,2.00,false,0.00,DKK,-0.45,103580.00,0.45,9122807865.79,USD,12.23,10.42,0.60,2.62,Consumer durables,denmark,Consumer Durables,Neutral,Neutral,-0.45,3.52,1.78,12.94,81.43,17.94,0.46,0.10,4.66,270.82,3.42,2.63,Buy,Buy,StrongBuy,Strong buy,Neutral,Neutral,55.97,38.40,7.57,46.23,75.29,69.80,0.00,0.00,0.00,0.00,0.00,0.26,103580.00,-49.07,0.00,0.00,0.00,-14.78,12.23,20.63,1.83,13.71,7.26,8.82,65.00,11497415265.79,2.32,9.67,7.19,813.68,819.64,810.52,729.78,636.79,128.06,151.80,66.79,130.70,10.25,1.29,0.95,5245490173.36,1100235321.75,1006468761.90
[object Object],NIBE_B,NIBE Industrier AB Class B,OMXSTO,45.67,stock,common,100.00,1.00,false,0.00,SEK,1.53,3669458.00,0.63,9104540170.61,USD,34.76,0.13,-1.71,0.78,Producer manufacturing,sweden,Producer Manufacturing,Buy,Buy,1.53,6.18,7.69,24.00,22.28,28.21,30.15,-62.63,147.98,2497.45,2.20,2.39,Buy,Buy,StrongBuy,Strong buy,Buy,Buy,68.58,1.10,2.45,146.92,92.46,91.84,0.00,0.00,0.00,0.00,0.00,0.67,3669458.00,6.02,0.00,0.00,0.00,16.01,34.76,0.00,2.18,2.85,18.65,0.00,17.17,10909430970.61,2.55,26.08,16.76,44.05,42.88,41.06,39.20,38.31,4.84,5.74,3.03,4.91,0.18,0.04,0.05,4707653010.88,1088750416.37,1103110586.49
[object Object],SYENS,Syensqo SA/NV,EURONEXT,78.20,stock,common,100.00,5.00,false,0.00,EUR,-0.45,86998.00,0.43,9053674481.26,USD,0.00,-0.26,72.60,1.44,Process industries,belgium,Process Industries,Buy,Buy,-0.45,0.26,-1.01,16.80,60.31,14.29,13.73,-13.11,-13.11,-13.11,2.06,2.09,Sell,Sell,Sell,Sell,Neutral,Neutral,46.64,-2.20,-1.34,-77.28,25.49,27.87,0.00,0.00,0.00,0.00,0.00,0.45,86998.00,-19.75,78.20,0.00,61712.00,10.34,0.00,0.00,1.39,1.31,11.65,21.54,12.05,11509860831.26,1.74,27.76,9.53,78.32,79.88,78.28,71.91,67.20,92.72,116.36,45.38,95.41,4.13,1.08,1.24,6931934424.09,1727471390.55,1713975905.29
[object Object],TUB,Financiere de Tubize S.A.,EURONEXT,180.90,stock,common,10.00,1.00,false,0.00,EUR,1.29,9322.00,0.48,9044261325.12,USD,81.82,2.52,6.12,0.42,Finance,belgium,Finance,Buy,Buy,1.29,2.38,-6.27,-18.44,-13.44,-13.86,10.17,102.12,192.25,9040.98,2.27,2.25,Neutral,Neutral,Sell,Sell,Buy,Buy,47.13,5.30,-3.57,22.61,65.96,55.22,0.00,0.00,0.00,0.00,0.00,0.45,9322.00,-53.57,180.90,0.00,6075.00,6.05,81.82,13.20,0.00,4.05,81.87,81.87,161.36,8987487994.01,0.00,0.00,0.00,178.66,182.04,188.44,202.47,210.70,289.44,329.15,249.74,289.44,0.00,0.00,0.00,0.00,0.00,0.00
[object Object],JYSK,Jyske Bank A/S,OMXCOP,1107.00,stock,common,1.00,1.00,false,0.00,DKK,0.73,59577.00,0.58,9026606886.87,USD,12.90,13.07,6.40,2.27,Finance,denmark,Finance,Buy,Buy,0.73,-0.27,2.50,18.90,28.95,27.24,57.80,295.36,255.95,1509.72,1.35,1.38,Buy,Buy,StrongBuy,Strong buy,Neutral,Neutral,61.58,13.00,24.07,126.63,62.96,66.67,rising_window_bullish,0.00,0.00,0.00,0.00,1.09,59577.00,16.23,0.00,0.00,0.00,38.23,12.90,2.00,4.04,1.35,0.00,0.00,0.00,77671781286.87,18.76,0.00,0.00,1102.90,1087.87,1063.77,997.22,948.17,164.28,186.96,143.49,162.81,13.09,3.15,3.22,2078043576.44,502156655.53,496715661.48
[object Object],ALSYDB,AL Sydbank A/S,OMXCOP,721.00,stock,common,10.00,5.00,false,0.00,DKK,2.27,127897.00,0.38,8987918929.24,USD,21.78,5.05,-25.16,3.55,Finance,denmark,Finance,StrongBuy,Strong buy,2.27,2.41,9.33,29.79,41.65,26.49,28.06,28.06,28.06,28.06,1.43,1.66,StrongBuy,Strong buy,StrongBuy,Strong buy,Neutral,Neutral,74.82,23.50,35.04,159.03,80.11,77.16,rising_window_bullish,0.00,0.00,0.00,0.00,0.57,127897.00,27.97,0.00,0.00,0.00,139.26,21.78,0.00,5.70,1.76,19.15,19.89,0.00,10497114529.24,5.50,0.00,0.00,703.80,680.47,658.11,607.45,0.00,116.39,120.59,112.86,115.95,7.63,1.77,2.01,1959930872.19,468439500.00,480522900.00
[object Object],CNA,Centrica plc,LSE,147.40,stock,common,100.00,5.00,false,0.00,GBX,-1.27,10975927.00,0.43,8932438025.59,USD,9.39,0.21,0.00,3.80,Utilities,uk,Utilities,Buy,Buy,-1.27,-3.03,-5.51,-16.91,-27.17,-13.17,-11.47,170.56,-34.17,170.94,2.09,2.57,Sell,Sell,StrongSell,Strong sell,Neutral,Neutral,40.83,-3.50,-3.56,-94.07,25.25,31.99,0.00,0.00,0.00,0.00,0.00,-0.30,10975927.00,-41.89,147.40,0.00,5369397.00,-14.99,9.39,0.00,0.35,1.96,13.79,0.00,1.92,8474051025.59,0.33,1.41,1.32,149.24,152.03,154.93,169.42,181.17,2.80,3.07,2.44,2.78,0.16,0.09,0.07,29205657922.01,16453957366.80,16901274263.00
[object Object],WEIR,Weir PLC,LSE,2644.00,stock,common,1.00,2.00,false,0.00,GBX,0.92,728684.00,0.75,8927748245.74,USD,26.12,1.34,-14.68,1.59,Producer manufacturing,uk,Producer Manufacturing,Buy,Buy,0.92,-1.20,-9.08,11.56,-4.82,-7.36,0.00,52.66,66.92,1001.67,2.82,2.83,Sell,Sell,StrongSell,Strong sell,Sell,Sell,46.83,-78.00,-51.17,-85.95,26.67,34.05,0.00,0.00,0.00,0.00,0.00,-0.38,728684.00,-8.71,2644.00,0.00,302519.00,-0.76,26.12,0.00,2.58,3.40,23.81,29.15,17.75,10854558845.74,3.10,17.18,13.42,2646.60,2716.80,2681.88,2553.68,2804.60,43.51,52.84,33.02,43.26,1.77,0.68,1.03,3728043484.10,1670517442.79,1982835531.00
[object Object],PAH3,Porsche Automobil Holding SE Pref,XETR,25.77,stock,preferred,100.00,1.00,false,0.00,EUR,0.70,540001.00,0.55,8915691555.52,USD,83.08,0.35,0.00,5.90,Consumer durables,germany,Consumer Durables,Neutral,Neutral,0.70,-13.09,-5.74,-9.48,-17.08,-35.41,-22.89,-69.87,-43.49,-28.25,2.77,2.84,Sell,Sell,StrongSell,Strong sell,Buy,Buy,33.75,-3.29,-1.47,-177.56,4.79,5.95,0.00,25.73,0.55,0.55,110.00,-0.47,540001.00,-55.50,25.97,0.78,344721.00,-19.15,83.08,0.00,2.89,0.22,18.40,18.40,4.12,14583463855.52,4.71,4.34,4.34,27.78,28.04,28.16,29.14,32.09,38.51,51.68,28.71,37.90,12.91,3.52,2.90,20522960748.06,0.00,0.00
[object Object],AYV,Ayvens,EURONEXT,10.01,stock,common,1000.00,5.00,false,0.00,EUR,0.30,1240300.00,1.11,8895733129.04,USD,7.92,1.44,32.38,5.91,Finance,france,Finance,Buy,Buy,0.30,-5.21,-13.93,-13.11,1.16,-12.58,4.27,-8.72,-23.27,-23.27,3.14,2.49,Sell,Sell,StrongSell,Strong sell,Neutral,Neutral,30.29,-0.80,-0.85,-131.51,17.53,21.52,spinning_top_black,0.00,0.00,0.00,0.00,0.50,1240300.00,19.22,10.01,0.00,751355.00,4.90,7.92,0.24,0.31,0.71,0.82,0.00,3.36,64568228589.04,2.26,18.66,5.02,10.34,10.88,11.19,11.35,11.18,14.87,18.55,12.52,14.95,1.45,0.00,0.00,27454453111.26,0.00,0.00
[object Object],SB1NO,SPAREBANK 1 SOR-NORGE ASA,OSL,230.00,stock,common,10.00,5.00,false,0.00,NOK,1.10,142588.00,0.64,8887185367.90,USD,13.71,1.69,-4.25,5.27,Finance,norway,Finance,Buy,Buy,1.10,1.55,3.14,19.42,13.02,16.16,31.28,69.12,69.12,69.12,1.10,1.46,Buy,Buy,StrongBuy,Strong buy,Neutral,Neutral,62.92,3.50,5.39,172.00,76.72,77.59,0.00,0.00,0.00,0.00,0.00,0.66,142588.00,2.83,230.00,0.00,47678.00,24.58,13.71,0.00,6.84,1.73,21.76,22.69,0.00,32752515977.90,10.75,0.00,0.00,227.20,224.50,219.01,206.20,203.92,24.02,25.89,22.35,23.74,1.69,0.40,0.44,1334605481.17,335240654.97,350400007.52
[object Object],INPST,InPost S.A.,EURONEXT,15.55,stock,common,100.00,1.00,false,0.00,EUR,-0.06,13901713.00,24.67,8850917238.91,USD,75.23,0.24,-54.41,0.00,Technology services,netherlands,Technology Services,Buy,Buy,-0.06,0.00,0.19,0.97,3.19,48.66,41.11,3.67,-18.16,-18.16,0.32,0.31,Neutral,Neutral,Neutral,Neutral,Neutral,Neutral,49.53,-0.01,0.02,-29.41,31.11,30.12,0.00,0.00,0.00,0.00,0.00,0.06,13901713.00,796.92,15.55,0.00,13798854.00,42.08,75.23,0.00,2.03,10.06,13.19,31.72,53.32,11517668356.02,2.63,28.52,10.67,15.59,15.55,15.52,15.44,14.77,19.46,27.13,13.78,18.44,0.47,0.10,0.09,4585979218.62,1093809298.06,1012916507.42
[object Object],DNP,Dino Polska SA,GPW,34.44,stock,common,100.00,1.00,false,0.00,PLN,-0.55,3025493.00,0.87,8801183546.68,USD,21.57,0.42,-0.32,0.00,Retail trade,poland,Retail Trade,Buy,Buy,-0.55,-4.86,-4.86,17.22,-1.60,-17.27,-23.97,2.35,852.70,852.70,2.38,2.67,Sell,Sell,Sell,Sell,Neutral,Neutral,46.01,-0.96,0.31,-172.92,12.97,25.08,0.00,0.00,0.00,0.00,0.00,0.75,3025493.00,-35.80,0.00,0.00,0.00,-21.91,21.57,0.00,0.95,3.60,14.95,144.30,43.70,8826324968.23,0.93,16.44,12.86,35.42,35.19,33.73,31.68,34.97,9.49,13.88,5.97,9.73,0.47,0.11,0.13,10597465215.74,2530972727.34,2567762007.30
[object Object],SECU_B,Securitas AB Class B,OMXSTO,150.60,stock,common,10.00,1.00,false,0.00,SEK,-0.20,377184.00,0.37,8679906903.10,USD,15.44,1.00,0.13,3.25,Commercial services,sweden,Commercial Services,Buy,Buy,-0.20,-1.63,2.31,-3.65,-3.46,1.69,9.93,34.06,23.63,16.10,1.20,1.34,Sell,Sell,StrongSell,Strong sell,Neutral,Neutral,47.00,0.60,1.57,-44.11,30.86,34.16,"inverted_hammer_bullish,long_upper_shadow_bearish",0.00,0.00,0.00,0.00,0.00,377184.00,-46.33,0.00,0.00,0.00,7.68,15.44,123.53,0.57,2.10,8.20,0.00,13.19,12043206503.10,0.78,10.88,7.91,151.72,150.08,152.29,154.70,154.32,17.08,21.27,12.97,17.32,1.39,0.32,0.34,16363796460.46,3867703585.69,3840297091.61
[object Object],SCA_B,Svenska Cellulosa AB SCA Class B,OMXSTO,123.30,stock,common,100.00,5.00,false,0.00,SEK,0.24,1332685.00,0.63,8670312477.20,USD,39.01,0.32,-41.24,2.44,Process industries,sweden,Process Industries,Buy,Buy,0.24,2.28,9.84,22.69,11.38,0.12,-1.04,-12.02,122.78,587.49,1.89,1.78,Buy,Buy,StrongBuy,Strong buy,Buy,Buy,69.85,6.80,8.37,110.21,72.50,82.97,0.00,0.00,0.00,0.00,0.00,0.08,1332685.00,41.99,0.00,0.00,0.00,-1.20,39.01,0.00,4.37,0.86,23.94,49.37,534.56,10216271677.20,5.03,81.14,28.92,121.60,116.12,112.86,106.61,110.93,12.17,14.78,9.72,11.94,0.37,0.08,0.10,2186087377.89,523860368.40,507456251.75
[object Object],ARE,"Alexandria Real Estate Equities, Inc.",NYSE,49.67,stock,common,100.00,1.00,false,0.00,USD,-1.60,516356.00,0.23,8654876156.82,USD,0.00,-6.06,-4488.12,6.89,Finance,america,Finance,Neutral,Neutral,-1.60,-12.40,-5.87,-7.38,3.96,1.80,-41.91,-74.61,-56.01,140.82,2.80,3.37,StrongSell,Strong sell,StrongSell,Strong sell,Sell,Sell,42.66,-1.47,1.02,-121.53,17.89,33.37,0.00,51.36,1.74,1.74,100.00,-0.36,516356.00,-68.33,0.00,0.00,0.00,-37.70,0.00,-0.00,3.03,0.55,6.63,6.63,17.85,25086898156.82,8.83,32.38,12.26,52.72,51.72,51.19,50.44,50.26,53.43,60.00,46.00,52.50,1.51,0.09,-0.03,2633457324.00,464856301.00,637496048.00
[object Object],ATS,AT & S Austria Technologie & Systemtechnik Aktiengesellschaft,VIE,203.50,stock,common,10.00,2.00,false,0.00,EUR,4.36,81316.00,0.58,8618551648.48,USD,147.97,1.57,6.20,0.00,Electronic technology,austria,Electronic Technology,Buy,Buy,4.36,20.56,49.63,8.82,283.96,535.94,818.74,495.03,1703.28,1553.97,6.75,5.89,Buy,Buy,StrongBuy,Strong buy,Neutral,Neutral,65.89,37.10,34.54,142.10,77.55,85.28,0.00,0.00,0.00,0.00,0.00,2.82,81316.00,-32.44,203.50,0.00,29702.00,725.35,147.97,22.87,3.90,10.19,31.35,87.25,6.68,10591293630.98,4.78,69.60,18.91,180.28,162.52,157.89,160.51,106.81,323.59,686.86,114.48,283.33,10.30,0.98,2.11,3141350897.55,627105146.00,739529382.50
[object Object],RNO,Renault SA,EURONEXT,26.30,stock,common,100.00,1.00,false,0.00,EUR,0.57,1337625.00,0.73,8614846202.98,USD,8.02,3.74,0.00,8.41,Consumer durables,france,Consumer Durables,Buy,Buy,0.57,-7.88,-3.80,0.38,-6.74,-25.87,-23.57,-12.03,-64.14,4.57,2.91,3.38,Sell,Sell,StrongSell,Strong sell,Neutral,Neutral,37.65,-3.28,-1.64,-152.02,5.01,6.40,spinning_top_white,0.00,0.00,0.00,0.00,0.00,1337625.00,-8.86,26.30,0.00,670267.00,-22.50,8.02,0.00,0.13,0.37,1.56,2.27,0.36,68463199752.98,0.99,16.91,7.78,27.70,28.40,28.07,27.65,29.62,41.37,56.92,29.60,39.27,7.12,3.25,3.89,72214433441.06,33749915166.59,35377200003.93
[object Object],PNR,Pentair plc,NYSE,53.71,stock,common,100.00,1.00,false,0.00,USD,1.28,625605.00,0.22,8574154350.71,USD,13.52,3.97,8.54,2.00,Producer manufacturing,america,Producer Manufacturing,Buy,Buy,1.28,-3.64,-13.98,-29.79,-36.82,-48.46,-50.26,-30.54,31.66,23578.73,2.75,2.55,Sell,Sell,StrongSell,Strong sell,Buy,Buy,24.76,-2.87,-5.67,-129.09,10.14,8.02,0.00,53.15,0.23,1.53,2882.00,0.21,625605.00,-79.02,0.00,0.00,0.00,-50.63,13.52,1.56,2.14,2.29,11.55,12.90,94.55,10247054350.71,2.55,11.70,10.28,55.41,59.48,61.93,67.99,82.33,76.31,94.00,60.00,78.00,4.65,1.12,1.08,3932100300.00,943239219.00,965954479.00
[object Object],ACLN,Accelleron Industries AG,SIX,76.45,stock,common,100.00,5.00,false,0.00,CHF,1.06,131728.00,0.44,8566062742.14,USD,33.94,2.79,25.15,1.98,Producer manufacturing,switzerland,Producer Manufacturing,Buy,Buy,1.06,3.38,0.66,-6.77,2.55,23.81,10.56,324.72,324.72,324.72,3.03,3.65,Buy,Buy,StrongBuy,Strong buy,Buy,Buy,52.96,1.80,1.40,56.35,69.78,76.24,doji,0.00,0.00,0.00,0.00,1.12,131728.00,-22.36,76.45,0.00,75936.00,5.01,33.94,1.34,6.45,20.77,32.65,42.87,35.29,8907115378.68,6.52,26.41,23.74,74.47,75.20,74.87,77.65,75.02,103.13,116.94,92.94,100.24,3.24,1.36,1.74,1566588274.18,685643500.00,788470000.00
[object Object],MRL,"MERLIN Properties SOCIMI, S.A.",BME,12.26,stock,common,100.00,1.00,false,0.00,EUR,0.99,983201.00,0.70,8544707727.82,USD,8.63,1.62,20.37,2.80,Finance,spain,Finance,Buy,Buy,0.99,-1.21,-12.30,-21.11,-13.36,-1.13,-3.69,31.21,19.09,53.59,1.98,1.96,Sell,Sell,StrongSell,Strong sell,Neutral,Neutral,29.37,-0.86,-0.89,-99.20,11.87,18.84,"harami_bullish,long_upper_shadow_bearish",0.00,0.00,0.00,0.00,0.91,983201.00,-47.72,0.00,0.00,0.00,6.33,8.63,0.42,12.91,0.82,0.00,0.00,4.85,12452185081.62,18.72,26.48,26.10,12.43,13.18,13.85,14.45,14.02,19.18,23.11,14.23,19.69,0.63,0.15,0.16,717061579.76,172332856.79,167914864.70
[object Object],KBCA,KBC Ancora SCA,EURONEXT,98.20,stock,common,10.00,1.00,false,0.00,EUR,2.29,42610.00,0.70,8410801988.37,USD,0.00,0.00,0.00,3.15,Finance,belgium,Finance,StrongBuy,Strong buy,2.29,3.26,3.92,21.99,39.89,33.42,48.34,140.10,183.82,11.53,1.69,1.62,StrongBuy,Strong buy,StrongBuy,Strong buy,Buy,Buy,65.42,4.00,2.59,194.76,83.36,81.99,0.00,0.00,0.00,0.00,0.00,0.62,42610.00,-15.97,98.20,0.00,21406.00,38.64,0.00,0.00,18.63,2.12,0.00,0.00,0.00,8410801988.37,18.55,18.72,0.00,95.35,94.22,92.03,86.29,80.90,128.42,128.42,128.42,128.42,7.21,0.00,0.00,563389618.60,0.00,0.00
[object Object],WYNN,"Wynn Resorts, Limited",NASDAQ,81.13,stock,common,100.00,1.00,false,0.00,USD,1.17,1128788.00,0.45,8353757260.15,USD,19.43,4.18,23.17,1.25,Consumer services,america,Consumer Services,StrongBuy,Strong buy,1.17,-2.06,-18.05,-17.77,-18.02,-32.44,-35.35,-0.66,-20.11,524.04,3.45,2.81,Sell,Sell,StrongSell,Strong sell,Neutral,Neutral,26.12,-6.58,-11.23,-107.61,17.22,13.34,spinning_top_white,80.97,0.97,0.39,5321.00,0.86,1128788.00,-73.42,0.00,0.00,0.00,-37.54,19.43,0.83,1.11,0.00,5.73,10.54,3.98,17858281260.15,2.41,14.78,9.67,83.19,91.26,94.49,97.68,104.27,133.85,155.00,116.00,134.50,4.62,0.99,0.90,7486721305.00,1832286431.00,1821029635.00
[object Object],STB,Storebrand ASA,OSL,194.30,stock,common,10.00,1.00,false,0.00,NOK,0.78,460227.00,0.75,8348580591.02,USD,17.02,1.15,7.24,2.80,Finance,norway,Finance,Buy,Buy,0.78,-3.04,-5.68,6.76,14.50,12.38,29.53,139.76,398.21,279.15,1.71,1.36,Neutral,Neutral,Sell,Sell,Neutral,Neutral,37.51,-6.70,-5.05,-174.19,9.13,17.43,inverted_hammer_bullish,0.00,0.00,0.00,0.00,0.36,460227.00,-4.57,194.30,0.00,243484.00,25.78,17.02,2.33,0.59,2.55,0.00,0.00,0.00,15162231231.02,1.10,0.00,0.00,198.31,201.78,201.99,191.33,181.86,21.72,26.54,15.38,23.29,1.18,0.29,0.32,4603200680.00,0.00,0.00
[object Object],SPIE,SPIE SA,EURONEXT,43.46,stock,common,100.00,2.00,false,0.00,EUR,0.46,499494.00,0.61,8334891504.87,USD,24.48,2.03,48.04,2.50,Commercial services,france,Commercial Services,StrongBuy,Strong buy,0.46,-2.86,-3.34,-15.53,0.14,-11.05,-8.27,113.88,143.81,155.65,3.38,2.57,StrongSell,Strong sell,StrongSell,Strong sell,Neutral,Neutral,44.09,-1.18,-0.75,-158.91,24.55,29.66,0.00,0.00,0.00,0.00,0.00,-0.55,499494.00,-66.37,43.46,0.00,366264.00,-7.72,24.48,0.51,0.70,3.53,7.94,8.59,17.84,11707796224.87,0.97,17.40,9.76,43.83,44.29,45.59,47.38,47.67,66.35,72.07,59.68,65.99,3.61,0.00,0.00,13195196560.12,5911616626.50,6911109985.00
[object Object],NDA,Aurubis AG,XETR,167.90,stock,common,10.00,1.00,false,0.00,EUR,0.30,81241.00,0.51,8314539494.71,USD,7.36,26.06,61.71,0.96,Non-energy minerals,germany,Non-Energy Minerals,Neutral,Neutral,0.30,-0.42,-5.41,-9.10,12.61,35.08,66.24,161.45,240.71,1099.29,2.88,3.16,Sell,Sell,StrongSell,Strong sell,Sell,Sell,44.72,-5.40,-2.90,-51.67,30.12,33.97,0.00,168.30,0.54,0.54,400.00,1.14,81241.00,-50.22,167.90,0.00,54187.00,74.70,7.36,0.12,0.33,1.24,25.36,0.00,138.31,9097242694.71,0.36,6.03,5.01,167.14,172.34,174.27,183.76,171.12,197.97,244.68,131.03,200.61,10.70,2.72,3.03,29261058489.09,7082457537.80,8534515273.46
[object Object],BGN,Banca Generali S.p.A.,MIL,63.95,stock,common,100.00,5.00,false,0.00,EUR,0.16,139302.00,0.64,8276752672.94,USD,13.91,5.25,33.89,4.46,Finance,italy,Finance,Buy,Buy,0.16,-3.18,-4.55,-1.92,24.42,11.22,35.72,64.61,244.93,626.70,2.10,1.90,Sell,Sell,Sell,Sell,Neutral,Neutral,40.99,-2.15,-0.90,-137.62,36.59,50.54,0.00,0.00,0.00,0.00,0.00,1.17,139302.00,-2.99,0.00,0.00,0.00,32.65,13.91,0.41,3.89,5.19,0.00,0.00,0.00,9965723790.04,4.37,0.00,0.00,65.00,65.93,65.95,63.30,59.19,82.54,87.71,74.53,83.13,4.61,0.00,0.00,1308972353.84,326857572.00,0.00
[object Object],SAVE,Nordnet AB,OMXSTO,328.60,stock,common,10.00,2.00,false,0.00,SEK,-0.36,349382.00,0.60,8209719707.44,USD,25.34,1.33,15.57,2.61,Finance,sweden,Finance,Buy,Buy,-0.36,-3.58,-10.80,-8.72,11.16,21.61,22.43,102.09,201.47,201.47,2.44,2.29,Sell,Sell,StrongSell,Strong sell,Sell,Sell,36.93,-14.80,-16.21,-117.59,14.30,25.35,0.00,0.00,0.00,0.00,0.00,1.15,349382.00,-2.50,0.00,0.00,0.00,18.15,25.34,1.63,11.61,11.41,0.00,0.00,35.28,8067553307.44,11.12,19.19,18.12,336.00,350.77,355.20,348.46,319.96,38.39,44.57,30.39,38.75,1.58,0.36,0.37,688249842.66,156942742.27,162000556.24
[object Object],MGM,MGM Resorts International,NYSE,32.59,stock,common,100.00,1.00,false,0.00,USD,-3.27,5774392.00,1.21,8199407157.08,USD,19.72,1.65,-8.96,0.00,Consumer services,america,Consumer Services,Buy,Buy,-3.27,-14.98,-24.79,-31.46,-12.67,-11.03,-4.93,-27.04,28.06,1085.09,3.83,2.57,StrongSell,Strong sell,StrongSell,Strong sell,Sell,Sell,14.35,-7.30,-4.63,-231.89,4.41,13.39,0.00,34.25,1.66,0.65,39985.00,0.89,5774392.00,-70.95,0.00,0.00,0.00,-2.38,19.72,0.00,0.49,3.26,3.09,4.81,3.30,36672999157.08,2.06,31.83,16.39,37.53,40.68,42.45,43.34,39.90,49.65,57.00,40.00,49.00,1.84,0.56,0.16,17670404582.00,4416318966.00,4277674719.00
[object Object],A2A,A2A S.p.A.,MIL,2.29,stock,common,1000.00,1.00,false,0.00,EUR,-0.17,4141070.00,0.51,8179723797.95,USD,10.55,0.25,-15.88,4.53,Utilities,italy,Utilities,Neutral,Neutral,-0.17,-3.33,-1.84,-0.82,-4.18,-0.78,4.95,25.67,84.46,111.74,1.84,1.94,Sell,Sell,StrongSell,Strong sell,Sell,Sell,45.80,-0.08,0.00,-67.11,21.35,38.74,0.00,0.00,0.00,0.00,0.00,0.00,4141070.00,-30.92,0.00,0.00,0.00,8.77,10.55,0.00,0.47,1.21,4.29,16.45,4.53,15464096747.95,0.89,11.69,6.28,2.32,2.31,2.31,2.30,2.35,3.34,3.66,3.03,3.32,0.24,0.00,0.00,16538599555.80,3827614090.00,0.00
[object Object],ZAB,Zabka Group S.A.,GPW,31.48,stock,common,100.00,1.00,false,0.00,PLN,-0.06,2331878.00,0.78,8164667464.62,USD,24.60,0.34,95.31,1.68,Retail trade,poland,Retail Trade,Neutral,Neutral,-0.06,-0.10,-0.06,19.24,43.16,36.87,40.85,36.87,36.87,36.87,0.40,0.35,Buy,Buy,Buy,Buy,Buy,Buy,54.21,0.02,0.01,-73.63,55.15,55.16,0.00,0.00,0.00,0.00,0.00,-0.10,2331878.00,179.12,0.00,0.00,0.00,42.99,24.60,0.26,1.09,14.42,8.14,13.46,19.44,10231662755.75,1.33,17.56,9.17,31.51,31.48,31.36,28.62,25.52,8.51,9.96,6.60,8.62,0.35,0.09,0.12,8668818437.37,2165832880.21,2225588575.86
[object Object],CPR,Davide Campari-Milano N.V.,MIL,5.97,stock,common,1000.00,2.00,false,0.00,EUR,0.20,2093380.00,0.35,8122093768.61,USD,26.62,0.26,45.21,1.68,Consumer non-durables,italy,Consumer Non-Durables,Buy,Buy,0.20,1.50,1.22,8.47,-2.96,7.73,7.53,-51.24,22.92,670.06,1.80,1.90,Buy,Buy,StrongBuy,Strong buy,Buy,Buy,54.54,0.25,0.11,60.53,65.10,70.57,0.00,0.00,0.00,0.00,0.00,0.57,2093380.00,-50.92,5.97,0.00,1136.00,4.41,26.62,0.59,2.35,1.79,14.66,34.94,10.05,10371227818.61,2.99,15.17,12.21,5.99,5.87,5.86,5.68,5.90,8.26,12.46,6.12,8.19,0.37,0.19,0.15,3586961216.60,1706503903.29,1762311999.65
[object Object],PSPN,PSP Swiss Property AG,SIX,146.60,stock,common,10.00,1.00,false,0.00,CHF,0.07,43786.00,0.58,8115988194.82,USD,14.92,12.15,9.13,2.70,Finance,switzerland,Finance,Neutral,Neutral,0.07,-0.61,0.27,0.41,-5.42,2.73,9.90,28.03,57.63,285.79,1.37,1.35,Sell,Sell,Sell,Sell,Sell,Sell,50.44,-0.10,1.64,-7.62,37.73,49.48,doji,0.00,0.00,0.00,0.00,0.07,43786.00,-43.13,146.60,0.00,29326.00,10.60,14.92,1.63,13.16,1.18,17.34,17.34,170.73,12158120376.82,19.24,28.32,28.23,147.40,146.07,145.64,145.52,149.64,194.07,226.51,159.17,197.74,6.87,6.00,2.51,442734840.34,113429960.03,103827574.05
[object Object],ABVX,Abivax SA,EURONEXT,81.90,stock,common,100.00,5.00,false,0.00,EUR,0.55,116547.00,0.82,8093993902.35,USD,0.00,-5.98,-59.53,0.00,Health technology,france,Health Technology,StrongBuy,Strong buy,0.55,-12.87,-18.75,1.11,-14.42,-30.24,16.34,152.00,891.53,267.26,4.44,3.81,Sell,Sell,StrongSell,Strong sell,Neutral,Neutral,26.97,-19.40,-12.59,-156.22,3.65,5.31,0.00,0.00,0.00,0.00,0.00,2.21,116547.00,-41.11,81.90,0.00,46684.00,49.83,0.00,0.00,0.00,17.85,0.00,0.00,16.21,7637602851.85,0.00,0.00,0.00,89.28,96.54,102.18,101.87,102.25,161.16,206.06,80.13,161.41,-4.39,-0.92,-0.98,4706292.11,796823.26,787366.43
[object Object],NEM,Nemetschek SE,XETR,62.25,stock,common,100.00,5.00,false,0.00,EUR,1.47,220658.00,0.84,8061302376.02,USD,29.18,2.44,30.85,1.11,Technology services,germany,Technology Services,Buy,Buy,1.47,1.47,-3.04,20.17,-1.74,-32.67,-42.78,-31.82,248.41,16915.96,4.04,3.99,Neutral,Neutral,Neutral,Neutral,Neutral,Neutral,51.16,3.85,-1.33,-26.18,54.84,46.29,0.00,0.00,0.00,0.00,0.00,0.08,220658.00,11.47,62.10,-0.24,128277.00,-43.73,29.18,0.93,5.63,7.05,19.81,20.66,18.34,8284088375.52,5.76,22.43,18.18,60.94,63.41,61.48,60.15,66.58,98.40,131.65,59.53,97.30,2.59,0.60,0.53,1649471685.66,372692427.87,424726563.88
[object Object],PIRC,Pirelli & C. S.p.A.,MIL,6.48,stock,common,1000.00,5.00,false,0.00,EUR,-0.54,1048725.00,0.59,8040915906.45,USD,12.93,0.57,0.46,5.22,Consumer durables,italy,Consumer Durables,Buy,Buy,-0.54,1.89,-3.64,-0.54,10.69,10.24,9.42,25.14,-0.15,-0.15,2.10,2.09,Neutral,Neutral,Buy,Buy,Neutral,Neutral,49.40,0.13,-0.03,13.05,66.32,70.94,0.00,0.00,0.00,0.00,0.00,-0.23,1048725.00,-43.21,0.00,0.00,0.00,13.55,12.93,28.20,0.00,1.10,0.00,0.00,0.00,8040915906.45,1.04,0.00,0.00,6.42,6.52,6.53,6.46,6.27,8.13,8.65,7.40,8.14,0.61,0.17,0.15,8034407916.86,1985354101.52,1843158016.13
[object Object],BGEO,Lion Finance Group PLC,LSE,14580.00,stock,common,1.00,10.00,false,0.00,GBX,3.26,79048.00,0.89,8027764260.10,USD,9.73,19.87,14.96,1.72,Finance,uk,Finance,StrongBuy,Strong buy,3.26,4.22,8.00,32.79,54.61,56.77,92.60,820.45,672.01,2500.94,2.46,2.30,StrongBuy,Strong buy,StrongBuy,Strong buy,Buy,Buy,72.77,910.00,698.16,196.35,92.40,86.06,marubozu_white_bullish,0.00,0.00,0.00,0.00,0.00,79048.00,-63.58,14580.00,0.00,37766.00,82.51,9.73,0.63,4.23,2.31,0.00,0.00,0.00,10463083607.48,3.67,0.00,0.00,13905.00,13527.67,12880.80,11988.40,11017.25,200.23,223.06,187.85,196.85,22.58,4.90,5.31,1932710086.38,453935957.20,477958377.94
[object Object],KCR,Konecranes Oyj,OMXHEX,31.86,stock,common,100.00,2.00,false,0.00,EUR,7.42,627549.00,2.02,8018709665.59,USD,19.84,1.83,-0.13,1.69,Producer manufacturing,finland,Producer Manufacturing,StrongBuy,Strong buy,7.42,8.00,6.20,19.24,7.13,1.79,35.57,150.14,210.32,906.11,2.76,2.47,StrongBuy,Strong buy,StrongBuy,Strong buy,Neutral,Neutral,67.20,2.70,1.01,291.41,77.98,74.95,rising_window_bullish,0.00,0.00,0.00,0.00,5.60,627549.00,184.30,0.00,0.00,0.00,18.97,19.84,0.00,1.73,3.73,18.48,21.34,19.99,8045444440.59,1.73,13.39,10.62,29.44,29.23,28.50,27.78,29.37,40.17,43.26,35.29,40.98,2.06,0.51,0.56,5032359741.41,1252369454.59,1240425626.37
[object Object],SALM,SalMar ASA,OSL,580.50,stock,common,10.00,5.00,false,0.00,NOK,3.75,344682.00,1.59,7960676828.55,USD,35.72,1.64,89.94,1.79,Process industries,norway,Process Industries,Buy,Buy,3.75,4.59,5.26,10.15,3.66,-5.69,4.59,-4.05,132.85,1298.80,3.17,2.23,StrongBuy,Strong buy,StrongBuy,Strong buy,Neutral,Neutral,59.98,-1.00,3.20,114.45,69.21,49.72,0.00,0.00,0.00,0.00,0.00,0.36,344682.00,108.90,580.50,0.00,68895.00,-1.37,35.72,0.38,2.52,4.49,11.92,15.57,83.62,10389663818.55,3.42,21.51,14.99,557.95,553.00,537.54,532.18,552.69,64.93,71.47,56.65,66.17,2.68,0.58,0.73,3117134021.98,779111174.86,939020164.52
[object Object],AOS,A. O. Smith Corporation,NYSE,58.51,stock,common,100.00,1.00,false,0.00,USD,1.40,455423.00,0.28,7951330975.05,USD,16.31,3.59,0.04,2.50,Producer manufacturing,america,Producer Manufacturing,Neutral,Neutral,1.40,2.80,-6.33,-4.99,-10.52,-12.76,-18.71,-8.67,21.70,5300.41,1.96,2.09,Neutral,Neutral,Sell,Sell,Buy,Buy,47.96,1.12,-2.24,-5.10,35.06,29.77,0.00,57.23,-0.82,0.14,2759.00,0.28,455423.00,-79.33,0.00,0.00,0.00,-24.43,16.31,384.51,2.09,4.34,11.65,12.61,44.49,8446730975.05,2.22,12.27,10.82,57.44,59.55,60.33,59.61,64.63,69.70,84.00,59.00,69.00,3.73,0.96,0.90,3893757564.00,994893205.00,963083280.00
[object Object],HSX,Hiscox Ltd,LSE,1873.00,stock,common,1.00,1.00,false,0.00,GBX,0.00,1615360.00,0.94,7821212813.70,USD,13.27,1.87,7.11,2.09,Finance,uk,Finance,Buy,Buy,0.00,-3.30,2.35,1.30,22.18,31.72,44.19,120.82,73.91,1365.43,1.78,1.53,Neutral,Neutral,Buy,Buy,Neutral,Neutral,50.82,0.00,50.64,-25.40,28.83,42.04,spinning_top_black,0.00,0.00,0.00,0.00,0.16,1615360.00,-66.15,1873.00,0.00,629583.00,38.64,13.27,1.87,1.48,2.01,11.36,11.42,0.00,8646607652.66,1.56,0.00,0.00,1899.10,1857.30,1840.18,1814.39,1650.57,26.35,29.12,15.51,27.25,1.80,0.71,0.91,5415862005.95,2731324500.00,2517781000.00
[object Object],MRO,Melrose Industries PLC,LSE,474.00,stock,common,10.00,1.00,false,0.00,GBX,0.32,3611050.00,1.13,7777797974.33,USD,37.18,0.17,-47.98,1.59,Electronic technology,uk,Electronic Technology,Buy,Buy,0.32,-2.95,-6.95,1.69,-4.51,-19.93,-20.20,23.06,33.07,1601.23,2.87,2.71,StrongSell,Strong sell,StrongSell,Strong sell,Sell,Sell,45.15,-2.00,-7.86,-76.77,30.89,38.63,spinning_top_black,0.00,0.00,0.00,0.00,0.53,3611050.00,33.31,474.00,0.00,1487351.00,-21.14,37.18,0.00,1.58,2.09,20.53,29.38,29.67,10225610974.33,2.06,18.32,9.51,478.11,486.74,482.86,479.81,526.14,8.53,10.92,5.96,8.34,0.47,0.23,0.21,5137039103.52,2409212639.52,2573202320.00
[object Object],ALO,Alstom SA,EURONEXT,14.54,stock,common,1000.00,5.00,false,0.00,EUR,0.03,1588396.00,1.04,7652331083.77,USD,24.17,0.70,97.86,0.00,Producer manufacturing,france,Producer Manufacturing,Neutral,Neutral,0.03,-6.55,-10.22,-7.03,-38.78,-41.94,-31.62,-51.70,-30.37,-32.91,3.04,2.75,Sell,Sell,StrongSell,Strong sell,Neutral,Neutral,33.61,-1.33,-0.99,-165.21,2.70,8.67,0.00,0.00,0.00,0.00,0.00,0.41,1588396.00,11.25,14.54,0.00,970667.00,-26.94,24.17,0.25,0.35,0.68,7.60,20.90,2.91,10036845483.77,0.45,12.43,5.75,15.23,15.81,16.00,16.17,20.33,23.83,32.16,11.48,22.97,1.87,0.79,0.85,23443657215.29,11584916557.29,11052210023.38
[object Object],BKW,BKW AG,SIX,120.40,stock,common,10.00,1.00,false,0.00,CHF,0.75,51645.00,0.68,7615095146.07,USD,17.09,8.72,-19.07,3.18,Utilities,switzerland,Utilities,Neutral,Neutral,0.75,-3.29,-3.29,-13.13,-20.26,-29.71,-27.77,15.11,164.04,301.33,2.05,1.74,Sell,Sell,StrongSell,Strong sell,Buy,Buy,34.25,-5.70,-3.59,-170.30,10.84,19.04,0.00,0.00,0.00,0.00,0.00,0.00,51645.00,-36.41,120.40,0.00,33421.00,-23.04,17.09,0.00,1.49,1.15,9.94,22.83,9.08,9603254726.07,1.84,16.63,10.11,123.17,125.18,128.67,134.99,146.06,173.89,206.72,139.84,170.24,11.33,0.00,6.04,5627029753.84,2642239416.25,2778543900.00
[object Object],LTMC,Lottomatica Group S.P.A.,MIL,26.54,stock,common,100.00,1.00,false,0.00,EUR,-0.19,844329.00,0.78,7611848252.20,USD,29.59,1.02,61.55,1.65,Consumer services,italy,Consumer Services,StrongBuy,Strong buy,-0.19,-3.49,5.44,5.65,3.83,19.23,16.30,212.24,212.24,212.24,2.98,3.99,Buy,Buy,StrongBuy,Strong buy,Neutral,Neutral,52.66,-0.79,1.66,20.95,61.47,77.15,0.00,0.00,0.00,0.00,0.00,1.54,844329.00,-32.70,0.00,0.00,0.00,22.58,29.59,0.48,2.87,27.56,12.36,13.61,17.61,10000444540.40,3.83,18.32,11.64,27.21,25.76,25.16,25.44,24.31,37.09,42.42,34.40,36.12,2.19,0.39,0.40,2834724498.76,659714765.49,644997493.40
[object Object],GAW,Games Workshop Group PLC,LSE,17570.00,stock,common,1.00,10.00,false,0.00,GBX,0.80,77665.00,0.60,7608706951.88,USD,28.23,8.37,4.88,2.78,Consumer durables,uk,Consumer Durables,StrongBuy,Strong buy,0.80,-1.07,-5.33,-19.48,-3.62,-7.48,19.93,59.87,3240.30,9147.37,2.23,2.34,Sell,Sell,StrongSell,Strong sell,Neutral,Neutral,39.33,-80.00,-465.71,-75.28,31.80,41.80,doji,0.00,0.00,0.00,0.00,0.80,77665.00,18.59,17570.00,0.00,17078.00,18.95,28.23,5.73,8.76,17.32,21.55,24.45,31.84,7441072051.88,8.39,19.98,17.11,17723.00,18149.67,18698.60,19395.70,18804.70,296.95,297.96,295.94,296.95,8.57,3.34,0.00,939747663.00,421935480.00,0.00
[object Object],VZN,VZ Holding AG,SIX,157.40,stock,common,10.00,2.00,false,0.00,CHF,-1.13,23659.00,0.72,7554966762.80,USD,24.37,7.99,12.42,1.85,Finance,switzerland,Finance,Buy,Buy,-1.13,-4.02,-12.26,5.64,2.08,5.64,-4.37,66.56,191.48,774.44,2.80,2.16,Sell,Sell,StrongSell,Strong sell,Sell,Sell,31.24,-9.00,-6.58,-129.16,6.75,15.84,0.00,0.00,0.00,0.00,0.00,0.38,23659.00,-26.36,157.40,0.00,15369.00,-1.32,24.37,1.98,9.48,5.14,21.13,22.62,2.96,6154125296.60,7.49,16.72,15.33,163.86,171.20,167.10,158.93,155.17,230.09,243.48,219.13,228.87,8.73,3.97,4.18,822892126.20,389067950.00,398453220.00
[object Object],BARN,Barry Callebaut AG,SIX,1118.00,stock,common,1.00,1.00,false,0.00,CHF,-0.27,9286.00,0.85,7420945235.91,USD,25.28,57.50,68.81,2.59,Consumer non-durables,switzerland,Consumer Non-Durables,Neutral,Neutral,-0.27,0.45,-2.61,-3.12,-14.98,-14.53,1.64,-49.37,-12.79,375.74,2.63,2.53,Neutral,Neutral,Neutral,Neutral,Neutral,Neutral,50.41,18.00,7.28,43.61,63.88,71.17,doji,0.00,0.00,0.00,0.00,-0.18,9286.00,7.70,1118.00,0.00,5932.00,4.53,25.28,0.37,0.43,2.44,2.12,2.35,3.79,11778745610.31,0.64,13.75,9.91,1116.60,1115.37,1116.92,1138.88,1223.36,1388.51,1811.70,1159.49,1419.16,47.12,32.71,26.06,15557928639.04,9154067867.10,6442624774.40
[object Object],NKT,NKT A/S,OMXCOP,918.00,stock,common,10.00,5.00,false,0.00,DKK,0.93,82344.00,0.63,7416702500.54,USD,24.58,5.69,26.44,0.00,Producer manufacturing,denmark,Producer Manufacturing,Neutral,Neutral,0.93,-1.71,-1.29,-4.62,13.75,14.97,45.14,240.54,449.96,1160.74,2.46,2.50,Sell,Sell,StrongSell,Strong sell,Neutral,Neutral,47.97,-6.50,4.65,-32.19,55.39,68.78,0.00,0.00,0.00,0.00,0.00,1.54,82344.00,-19.68,0.00,0.00,0.00,45.05,24.58,0.92,1.81,3.11,11.96,0.00,7.72,6917439286.98,1.69,22.76,15.01,919.00,928.85,920.65,958.05,892.94,156.14,198.19,119.63,161.81,4.86,1.14,1.10,4381780371.51,1061745201.53,1036087433.90
[object Object],FHZN,Flughafen Zurich AG,SIX,201.80,stock,common,10.00,1.00,false,0.00,CHF,1.10,41980.00,0.69,7400535974.03,USD,17.76,14.06,3.79,4.26,Transportation,switzerland,Transportation,Buy,Buy,1.10,0.20,-12.94,-20.30,-18.76,-19.98,-13.98,22.01,5.32,165.53,2.06,2.11,Sell,Sell,StrongSell,Strong sell,Neutral,Neutral,38.42,-0.60,-11.47,-39.94,27.00,34.43,0.00,0.00,0.00,0.00,0.00,0.90,41980.00,-39.02,201.80,0.00,23599.00,-15.33,17.76,4.64,4.40,2.04,8.86,38.53,23.19,9243397214.03,5.36,15.24,9.47,201.55,210.81,220.36,228.51,237.54,298.61,344.13,261.44,293.66,13.19,7.03,5.89,1772131134.61,832039810.88,867200400.00
[object Object],BEIJ_B,Beijer Ref AB Class B,OMXSTO,148.10,stock,common,10.00,1.00,false,0.00,SEK,1.93,443501.00,0.53,7399836360.46,USD,31.76,0.48,-0.47,1.00,Distribution services,sweden,Distribution Services,Buy,Buy,1.93,5.79,12.03,7.94,14.81,-0.67,-2.31,-12.95,561.67,5841.52,2.20,2.42,Buy,Buy,StrongBuy,Strong buy,Buy,Buy,65.21,11.00,10.24,130.01,84.55,88.09,0.00,0.00,0.00,0.00,0.00,0.41,443501.00,-19.56,0.00,0.00,0.00,-8.35,31.76,0.00,1.97,3.18,20.16,0.00,29.66,8574415960.46,2.24,23.03,17.82,142.21,137.26,137.32,135.02,136.36,16.87,19.18,12.05,17.07,0.59,0.17,0.16,4281126691.53,1107898257.17,1077722285.69
[object Object],EDEN,Edenred SA,EURONEXT,27.46,stock,common,100.00,1.00,false,0.00,EUR,0.11,262890.00,0.54,7373814998.69,USD,13.34,2.35,-0.23,4.85,Commercial services,france,Commercial Services,Buy,Buy,0.11,-4.98,-8.86,24.70,77.39,44.95,33.56,-42.68,31.73,111.23,2.39,2.39,Neutral,Neutral,Sell,Sell,Neutral,Neutral,39.32,-0.54,-1.15,-122.57,6.85,8.57,spinning_top_black,0.00,0.00,0.00,0.00,0.26,262890.00,-8.32,27.46,0.00,163393.00,39.47,13.34,0.00,2.39,0.00,5.97,6.01,1.34,7463689348.69,2.37,8.02,5.99,28.23,29.02,28.58,25.60,22.12,33.28,40.20,19.52,35.60,2.50,1.26,1.39,3486322327.74,1669198504.26,1730770767.16
[object Object],RAA,Rational Aktiengesellschaft,XETR,573.00,stock,common,10.00,5.00,false,0.00,EUR,0.53,10217.00,0.71,7372995811.05,USD,24.50,26.71,4.83,2.81,Producer manufacturing,germany,Producer Manufacturing,Buy,Buy,0.53,0.17,-10.33,-13.90,-8.76,-13.12,-14.86,-34.59,30.23,1564.73,1.80,1.82,Sell,Sell,StrongSell,Strong sell,Buy,Buy,35.06,-11.50,-36.65,-64.75,15.80,16.40,0.00,577.00,1.23,1.23,1.00,0.00,10217.00,-45.48,573.00,0.00,7718.00,-14.59,24.50,5.05,5.01,7.70,20.70,23.80,31.63,7170097071.20,4.85,18.03,16.32,572.70,602.18,623.18,637.38,656.35,922.73,1235.59,675.53,935.36,28.04,6.92,6.50,1582509766.33,371733726.75,380319563.36
[object Object],INVP,Investec plc,LSE,616.50,stock,common,10.00,5.00,false,0.00,GBX,-0.24,2753550.00,1.11,7320930321.16,USD,7.95,1.03,5.64,6.23,Finance,uk,Finance,StrongBuy,Strong buy,-0.24,-6.73,-4.86,-1.52,6.02,11.28,8.16,103.80,85.00,420.01,2.42,2.39,StrongSell,Strong sell,StrongSell,Strong sell,Sell,Sell,33.68,-44.00,-18.00,-228.84,3.58,9.86,long_upper_shadow_bearish,0.00,0.00,0.00,0.00,-0.57,2753550.00,63.22,616.50,0.00,416232.00,19.07,7.95,1.41,2.30,0.97,10.35,0.00,0.00,12249774187.16,1.93,0.00,0.00,643.35,652.35,651.93,636.85,617.35,10.38,10.80,9.54,10.80,1.15,0.00,0.00,3064322851.10,0.00,0.00
[object Object],MIL,Bank Millennium SA,GPW,23.50,stock,common,100.00,1.00,false,0.00,PLN,0.99,375494.00,0.48,7317862293.83,USD,20.37,0.31,60.29,0.00,Finance,poland,Finance,Sell,Sell,0.99,4.21,11.16,19.75,43.47,41.14,59.43,252.06,319.64,886.10,3.37,3.38,Buy,Buy,StrongBuy,Strong buy,Neutral,Neutral,67.68,1.30,1.52,143.43,86.62,86.63,rising_window_bullish,0.00,0.00,0.00,0.00,0.77,375494.00,-36.21,0.00,0.00,0.00,44.53,20.37,0.33,3.78,2.91,21.54,25.47,0.00,9261809658.50,3.27,0.00,0.00,22.72,21.72,21.17,20.35,18.72,5.24,6.31,4.50,5.00,0.36,0.00,0.00,1894781506.55,440879302.50,0.00
[object Object],MOS,Mosaic Company,NYSE,22.91,stock,common,100.00,1.00,false,0.00,USD,-3.31,5404672.00,0.64,7281400265.95,USD,0.00,-2.02,-168.44,3.71,Process industries,america,Process Industries,Buy,Buy,-3.31,-9.68,-7.79,5.36,-8.38,-4.96,-36.62,-36.88,-7.45,99.17,5.24,4.37,StrongSell,Strong sell,StrongSell,Strong sell,Sell,Sell,40.17,-2.29,-0.09,-168.59,18.86,28.28,0.00,23.71,0.08,-0.38,3231.00,0.04,5404672.00,-41.39,0.00,0.00,0.00,-27.84,0.00,0.00,0.61,0.64,16.40,0.00,24.52,13234500265.95,1.08,15.91,6.35,24.49,24.27,23.60,22.88,24.57,26.29,34.00,17.00,26.00,0.43,0.12,0.05,12100238261.00,3099458175.00,3083364354.00
[object Object],DCC,DCC Energy Plc,LSE,6435.00,stock,common,1.00,5.00,false,0.00,GBX,-0.08,134852.00,0.21,7267236210.11,USD,455.74,0.19,-93.23,3.37,Utilities,uk,Utilities,Neutral,Neutral,-0.08,1.10,1.18,3.29,37.74,39.23,33.67,1.63,-7.08,1914.37,0.56,0.48,Buy,Buy,StrongBuy,Strong buy,Neutral,Neutral,67.89,105.00,60.75,70.03,82.76,82.29,0.00,0.00,0.00,0.00,0.00,-1.48,134852.00,-77.46,6435.00,0.00,60623.00,19.15,455.74,0.00,0.41,2.43,9.21,13.26,5.81,8974353942.12,0.44,12.74,7.75,6398.50,6368.00,6355.90,6223.50,5552.24,88.53,90.67,85.93,88.30,6.62,0.00,0.00,21316148333.77,0.00,0.00
[object Object],CCC,Computacenter Plc,LSE,5410.00,stock,common,1.00,5.00,false,0.00,GBX,3.24,203088.00,0.53,7259707243.27,USD,27.93,2.57,32.14,1.42,Technology services,uk,Technology Services,Buy,Buy,3.24,1.22,3.94,26.88,86.55,84.89,116.23,89.03,648.27,588.30,3.19,3.78,Buy,Buy,StrongBuy,Strong buy,Neutral,Neutral,55.22,190.00,202.11,-9.70,35.91,42.30,0.00,0.00,0.00,0.00,0.00,0.48,203088.00,22.96,5410.00,0.00,121480.00,123.46,27.93,0.84,0.46,5.80,15.05,16.59,17.10,7084014243.27,0.44,16.10,12.61,5375.50,5294.33,5090.76,4669.90,3906.71,80.19,93.63,49.09,85.00,3.48,1.38,2.07,18656390902.71,8600928936.51,9437563096.74
[object Object],RAND,Randstad NV,EURONEXT,35.93,stock,common,100.00,1.00,false,0.00,EUR,-0.19,532553.00,0.80,7207015527.00,USD,20.22,2.03,325.22,4.50,Commercial services,netherlands,Commercial Services,Neutral,Neutral,-0.19,-1.26,-9.50,37.72,52.89,11.14,-0.36,-38.37,-13.17,139.85,2.21,2.55,Neutral,Neutral,Sell,Sell,Buy,Buy,38.98,-1.61,-2.13,-110.45,12.96,11.26,spinning_top_black,0.00,0.00,0.00,0.00,-0.06,532553.00,25.14,35.93,0.00,400448.00,1.11,20.22,0.06,0.27,1.62,10.26,10.77,24.50,9303173234.50,0.35,12.89,8.57,36.59,38.21,37.83,32.42,29.90,42.25,68.26,27.30,42.09,3.04,0.70,0.80,27515855021.22,6623439072.94,6805125536.03
[object Object],ISS,ISS A/S,OMXCOP,293.20,stock,common,10.00,2.00,false,0.00,DKK,-1.15,308353.00,1.02,7160147728.85,USD,17.18,2.60,11.56,1.08,Commercial services,denmark,Commercial Services,Buy,Buy,-1.15,-0.81,0.27,9.32,25.09,34.62,45.73,108.83,6.77,67.54,2.34,2.20,Buy,Buy,StrongBuy,Strong buy,Neutral,Neutral,54.02,13.40,8.90,78.94,78.37,87.70,0.00,0.00,0.00,0.00,0.00,0.81,308353.00,38.67,0.00,0.00,0.00,32.96,17.18,1.50,0.54,5.06,9.04,10.40,17.61,9618700528.85,0.72,14.34,10.37,291.78,288.25,287.98,278.34,254.48,50.56,56.57,39.45,51.22,3.03,1.09,1.73,14300147691.36,6711168772.20,7114825241.70
[object Object],KGF,Kingfisher Plc,LSE,328.40,stock,common,10.00,1.00,false,0.00,GBX,0.06,5129794.00,0.79,7092614053.67,USD,18.81,0.24,69.84,3.78,Retail trade,uk,Retail Trade,Neutral,Neutral,0.06,6.18,0.98,12.31,17.29,4.25,12.58,-5.14,-14.32,45.56,3.20,2.76,Buy,Buy,StrongBuy,Strong buy,Neutral,Neutral,59.51,39.90,15.02,115.51,72.58,81.34,0.00,0.00,0.00,0.00,0.00,0.64,5129794.00,-26.43,328.40,0.00,3596816.00,13.16,18.81,0.27,0.43,0.88,4.50,5.80,13.61,9642144053.67,0.55,10.72,5.35,313.82,311.70,311.75,297.79,307.88,4.27,5.30,3.51,4.17,0.35,0.24,0.12,17901234189.58,9314680000.00,8269493402.81
[object Object],BZU,Buzzi Spa,MIL,37.18,stock,common,100.00,1.00,false,0.00,EUR,1.31,338234.00,0.62,7056770465.77,USD,7.81,5.44,-4.63,1.91,Non-energy minerals,italy,Non-Energy Minerals,Buy,Buy,1.31,-2.41,-8.36,-19.85,-15.19,-28.84,-21.89,82.97,109.35,179.95,3.05,2.84,Sell,Sell,StrongSell,Strong sell,Neutral,Neutral,36.63,-1.70,-2.50,-85.10,27.14,25.75,0.00,0.00,0.00,0.00,0.00,0.65,338234.00,-16.07,0.00,0.00,0.00,-29.50,7.81,0.00,1.46,0.90,6.65,12.31,5.51,6303004531.17,1.22,6.83,4.81,37.55,39.29,40.17,42.64,45.36,56.88,64.21,38.98,59.62,5.37,2.25,3.07,5388507368.29,2502678686.63,2737275425.09
[object Object],SQN,Swissquote Group Holding Ltd.,SIX,37.22,stock,common,100.00,2.00,false,0.00,CHF,-2.36,579325.00,1.31,7033633735.39,USD,15.53,2.96,17.63,1.94,Finance,switzerland,Finance,Buy,Buy,-2.36,-2.10,-11.80,-1.85,-4.56,-24.81,-28.70,104.51,1236.45,1281.08,4.06,2.91,StrongSell,Strong sell,StrongSell,Strong sell,Sell,Sell,36.65,-3.26,-0.84,-143.81,17.73,33.40,0.00,0.00,0.00,0.00,0.00,1.05,579325.00,33.12,37.22,0.00,192176.00,-25.66,15.53,0.90,7.17,4.01,9.54,11.62,0.98,478529279.02,0.48,1.08,0.92,38.89,40.09,40.65,40.10,41.52,57.82,73.61,44.91,56.77,2.68,1.49,1.33,934337246.33,473862495.30,443011981.50
[object Object],AVOL,Avolta AG,SIX,42.72,stock,common,100.00,2.00,false,0.00,CHF,2.15,259116.00,0.88,7027667967.93,USD,29.89,1.77,77.50,2.75,Retail trade,switzerland,Retail Trade,Buy,Buy,2.15,0.61,-8.99,-21.69,-10.10,-9.38,-6.44,-13.35,-61.23,-41.61,2.49,2.48,Sell,Sell,StrongSell,Strong sell,Neutral,Neutral,40.65,-0.88,-2.65,-60.10,25.91,30.79,0.00,0.00,0.00,0.00,0.00,1.15,259116.00,37.34,42.72,0.00,151621.00,-11.64,29.89,0.38,0.41,3.63,2.07,2.43,5.88,21088875567.93,1.23,18.17,6.02,42.58,44.66,46.27,47.92,47.93,62.69,67.79,54.47,62.95,4.55,1.77,2.22,17550278480.82,7990131377.45,9030797899.20
[object Object],SBMO,SBM Offshore NV,EURONEXT,36.00,stock,common,100.00,2.00,false,0.00,EUR,-1.85,272870.00,0.66,6983117026.39,USD,7.88,5.22,147.29,2.75,Industrial services,netherlands,Industrial Services,Buy,Buy,-1.85,-1.69,4.96,13.28,2.51,46.22,63.79,139.20,188.92,201.13,1.99,2.20,Buy,Buy,StrongBuy,Strong buy,Sell,Sell,53.14,0.26,0.82,29.00,77.42,80.05,0.00,0.00,0.00,0.00,0.00,-0.49,272870.00,-3.60,36.00,0.00,134832.00,65.60,7.88,0.05,1.25,1.53,2.51,2.53,5.61,15026172173.83,2.62,8.58,8.25,36.27,35.57,34.56,33.80,32.49,48.85,56.56,42.85,48.75,6.01,3.53,0.00,7746352278.55,4568000000.00,2319000000.00
[object Object],ICG,ICG plc,LSE,1857.00,stock,common,1.00,1.00,false,0.00,GBX,0.81,1667747.00,0.99,6967349771.60,USD,11.33,2.17,6.59,4.72,Finance,uk,Finance,Buy,Buy,0.81,-2.67,-8.16,12.41,22.49,-8.61,-17.25,-13.55,219.90,1718.88,2.49,2.44,Sell,Sell,StrongSell,Strong sell,Neutral,Neutral,41.33,-46.00,-74.22,-116.90,29.72,40.56,spinning_top_white,0.00,0.00,0.00,0.00,0.38,1667747.00,-55.33,1857.00,0.00,244662.00,-17.93,11.33,1.71,5.16,1.95,0.00,0.00,3.72,13701411471.60,9.93,16.51,16.07,1877.50,1945.03,1946.34,1872.71,1832.86,33.59,39.85,23.83,34.42,2.25,0.79,1.16,1320149534.47,580730892.57,614556346.55
[object Object],STJ,St. James's Place Plc,LSE,1071.00,stock,common,10.00,5.00,false,0.00,GBX,0.61,910725.00,0.27,6954429971.52,USD,10.05,1.41,12.90,1.69,Finance,uk,Finance,Buy,Buy,0.61,-3.12,-10.75,-10.26,-10.41,-22.67,-13.49,-32.89,10.47,1238.75,3.43,2.67,Sell,Sell,StrongSell,Strong sell,Neutral,Neutral,36.96,-56.00,-46.98,-152.28,16.96,27.97,0.00,0.00,0.00,0.00,0.00,0.89,910725.00,-77.42,1071.00,0.00,516723.00,-16.92,10.05,0.77,0.12,3.47,9.98,10.00,0.00,7635273371.52,0.13,0.00,0.00,1100.30,1141.12,1125.83,1157.53,1247.33,22.05,27.34,16.81,21.34,1.13,0.45,0.62,3743817470.33,0.00,0.00
[object Object],AED,Aedifica SA,EURONEXT,64.50,stock,common,100.00,5.00,false,0.00,EUR,-0.62,63851.00,0.58,6839325233.59,USD,5.68,12.98,207.26,4.31,Finance,belgium,Finance,Buy,Buy,-0.62,-1.83,-6.99,-9.09,-5.56,-4.87,3.20,-42.94,-4.71,842596.63,1.49,1.58,StrongSell,Strong sell,StrongSell,Strong sell,Sell,Sell,31.15,-1.20,-1.60,-136.27,5.64,17.60,inverted_hammer_bullish,0.00,0.00,0.00,0.00,-0.15,63851.00,-27.53,64.50,0.00,39230.00,103.01,5.68,0.03,11.08,0.84,0.00,0.00,96.81,13668666624.84,24.49,29.06,0.00,65.64,66.92,68.03,68.86,70.72,92.29,102.45,79.68,93.34,6.26,0.00,0.00,795735988.82,0.00,0.00
[object Object],SPX,Spirax Group plc.,LSE,7050.00,stock,common,1.00,5.00,false,0.00,GBX,1.15,406518.00,1.96,6790784906.32,USD,26.29,3.56,21.91,2.44,Producer manufacturing,uk,Producer Manufacturing,Buy,Buy,1.15,-0.35,-1.54,1.59,4.83,0.93,1.00,-56.32,56.28,1177.17,2.31,2.29,Buy,Buy,StrongBuy,Strong buy,Buy,Buy,51.62,195.00,71.62,38.35,55.39,69.09,"harami_bullish,piercing_bullish,tweezer_bottom_bullish",0.00,0.00,0.00,0.00,0.00,406518.00,72.86,7050.00,0.00,59713.00,-1.43,26.29,1.19,2.95,4.16,20.89,24.02,13.77,7725656606.32,3.34,18.32,13.97,6982.50,6997.00,7047.50,6962.17,7074.90,107.45,124.19,88.71,111.22,4.34,1.93,2.31,2408264706.79,1124679690.44,1222312515.35
[object Object],NEX,Nexans SA,EURONEXT,135.60,stock,common,10.00,1.00,false,0.00,EUR,-0.22,92669.00,0.65,6759539385.18,USD,0.00,-5.71,-147.03,2.13,Producer manufacturing,france,Producer Manufacturing,Buy,Buy,-0.22,-2.24,-3.97,-7.00,16.70,7.45,0.52,58.50,171.74,248.79,2.77,3.02,StrongSell,Strong sell,StrongSell,Strong sell,Sell,Sell,45.97,-6.60,0.43,-61.24,44.90,60.54,0.00,0.00,0.00,0.00,0.00,1.10,92669.00,-17.48,135.60,0.00,31006.00,2.32,0.00,0.00,0.78,2.78,8.78,21.69,4.19,7966586035.18,0.89,15.30,10.12,137.34,138.83,137.27,143.85,136.48,199.59,220.82,174.33,208.04,8.69,3.95,4.84,9619394277.29,4746342543.91,7467220608.60
[object Object],DLG,De'Longhi S.p.A.,MIL,39.58,stock,common,100.00,2.00,false,0.00,EUR,0.30,137761.00,0.92,6751679187.27,USD,17.35,2.61,7.34,2.15,Consumer durables,italy,Consumer Durables,StrongBuy,Strong buy,0.30,0.20,-3.04,8.20,34.08,7.55,31.32,15.60,80.48,1205.76,1.28,1.94,Neutral,Neutral,Neutral,Neutral,Neutral,Neutral,48.86,0.24,-0.68,-7.65,55.31,52.11,0.00,0.00,0.00,0.00,0.00,0.76,137761.00,37.28,0.00,0.00,0.00,25.60,17.35,2.36,1.52,2.86,10.03,11.23,6.48,6546690584.37,1.47,11.24,8.98,39.19,40.01,40.04,38.37,36.96,54.25,62.92,43.11,53.60,2.93,0.00,0.00,4705146727.46,1890375780.29,0.00
[object Object],ELISA,Elisa Oyj Class A,OMXHEX,36.82,stock,common,100.00,2.00,false,0.00,EUR,-0.59,339825.00,0.56,6750061747.03,USD,17.29,2.43,-5.96,6.40,Communications,finland,Communications,Neutral,Neutral,-0.59,-3.51,0.88,-1.71,-13.49,-2.49,-18.18,-32.83,13.19,169.74,2.16,2.07,Sell,Sell,Sell,Sell,Sell,Sell,51.18,0.00,0.86,21.20,54.98,59.99,0.00,0.00,0.00,0.00,0.00,-0.43,339825.00,-27.68,0.00,0.00,0.00,-19.55,17.29,0.00,2.65,4.43,9.06,15.59,51.58,8443795067.03,3.29,15.93,9.62,37.40,36.44,35.84,37.29,38.88,43.83,56.92,30.17,44.39,2.86,0.68,0.72,2653674229.75,636284374.45,638088360.65
[object Object],SCR,SCOR SE,EURONEXT,33.16,stock,common,100.00,2.00,false,0.00,EUR,0.36,421113.00,0.88,6729589277.95,USD,0.00,0.00,0.00,5.75,Finance,france,Finance,Buy,Buy,0.36,2.03,-1.84,4.61,8.51,15.46,15.06,36.24,17.57,43.86,1.86,1.66,Buy,Buy,StrongBuy,Strong buy,Neutral,Neutral,51.49,0.54,-0.75,17.20,54.91,36.32,0.00,0.00,0.00,0.00,0.00,-0.06,421113.00,-16.73,33.16,0.00,346232.00,12.38,0.00,0.00,0.37,1.35,0.00,0.00,0.00,10550955627.95,0.59,0.00,0.00,32.69,33.24,33.51,32.50,31.06,41.65,51.15,36.50,42.43,4.83,0.97,1.03,18108058647.39,4245185502.65,4228961644.34
[object Object],NCLH,Norwegian Cruise Line Holdings Ltd.,NYSE,14.57,stock,common,100.00,1.00,false,0.00,USD,2.71,11007947.00,0.57,6692662507.52,USD,9.21,1.58,13.90,0.00,Consumer services,america,Consumer Services,Buy,Buy,2.71,1.57,-16.24,-30.36,-25.14,-35.28,-41.68,-48.93,-60.52,-41.93,4.54,3.46,Sell,Sell,StrongSell,Strong sell,Buy,Buy,36.11,-0.25,-1.89,-48.50,31.75,21.86,spinning_top_white,14.31,0.85,0.78,279953.00,1.69,11007947.00,-46.96,0.00,0.00,0.00,-43.14,9.21,0.65,0.65,2.60,3.21,0.00,31.00,22453381507.52,2.21,13.98,8.04,14.34,15.75,17.24,17.90,19.58,19.48,26.00,13.00,20.00,1.54,0.41,0.90,10029985424.00,2645677274.00,2857174250.00
[object Object],ALK_B,ALK-abello A/S Class B,OMXCOP,199.70,stock,common,10.00,1.00,false,0.00,DKK,1.47,198183.00,0.98,6650335868.47,USD,32.64,0.93,35.69,0.81,Health technology,denmark,Health Technology,StrongBuy,Strong buy,1.47,-0.15,-4.08,-21.81,-3.06,-12.64,-3.53,37.44,320.42,485.63,1.94,1.99,Sell,Sell,StrongSell,Strong sell,Buy,Buy,41.83,3.80,-9.02,-43.67,38.50,36.77,engulfing_bullish,0.00,0.00,0.00,0.00,-0.15,198183.00,31.65,0.00,0.00,0.00,-6.28,32.64,0.90,6.39,6.38,20.53,23.38,25.52,6450870668.47,6.20,23.21,19.45,197.37,205.73,213.23,233.94,226.39,44.43,45.57,42.53,44.81,1.03,0.23,0.26,1140439193.29,266395200.00,260033400.00
[object Object],GETI_B,Getinge AB Class B,OMXSTO,242.90,stock,common,10.00,1.00,false,0.00,SEK,-0.04,563506.00,0.76,6645054977.32,USD,24.72,1.01,79.60,1.95,Health technology,sweden,Health Technology,Buy,Buy,-0.04,1.76,-0.16,21.78,29.89,11.12,16.22,-37.04,47.47,962.05,1.79,1.65,Buy,Buy,StrongBuy,Strong buy,Neutral,Neutral,55.12,8.50,0.94,54.16,74.61,74.62,0.00,0.00,0.00,0.00,0.00,0.00,563506.00,9.21,0.00,0.00,0.00,12.05,24.72,0.31,1.93,2.14,13.14,17.39,32.24,7558694977.32,2.15,15.86,11.01,240.92,241.99,239.68,218.27,209.55,25.79,30.39,16.71,26.08,1.38,0.22,0.25,3812174524.06,853676633.30,844419075.52
[object Object],RILBA,Ringkjobing Landbobank A/S,OMXCOP,1836.00,stock,common,1.00,1.00,false,0.00,DKK,0.38,20598.00,0.60,6630420123.49,USD,19.18,14.59,4.83,0.66,Finance,denmark,Finance,StrongBuy,Strong buy,0.38,-1.02,3.26,19.53,21.75,19.38,25.24,144.80,533.54,6576.36,1.49,1.44,Buy,Buy,StrongBuy,Strong buy,Neutral,Neutral,55.35,-11.00,40.75,55.94,41.79,56.59,shooting_star_bearish,0.00,0.00,0.00,0.00,0.71,20598.00,-6.45,0.00,0.00,0.00,18.34,19.18,3.96,10.27,3.76,0.00,0.00,0.00,7857118048.69,10.32,0.00,0.00,1840.90,1812.30,1786.04,1684.12,1626.31,297.30,312.25,262.14,303.00,16.18,3.70,4.02,683581920.00,160842960.00,166410750.00
[object Object],MYCR,Mycronic AB,OMXSTO,334.00,stock,common,10.00,2.00,false,0.00,SEK,0.91,190609.00,0.74,6508001355.95,USD,37.57,0.91,-12.08,0.98,Producer manufacturing,sweden,Producer Manufacturing,Buy,Buy,0.91,4.57,3.60,7.74,53.14,49.68,52.16,179.26,533.18,3472.19,2.94,2.63,Buy,Buy,StrongBuy,Strong buy,Buy,Buy,57.14,13.60,13.17,115.98,78.25,85.29,0.00,0.00,0.00,0.00,0.00,2.11,190609.00,19.95,0.00,0.00,0.00,46.55,37.57,0.00,7.47,8.28,31.81,0.00,24.27,6280394555.95,7.07,25.60,22.18,324.82,321.72,324.12,314.76,268.35,35.57,39.89,23.83,37.55,1.11,0.23,0.17,1015363194.71,228571489.19,214757216.84
[object Object],FRA,Fraport AG,XETR,62.55,stock,common,100.00,5.00,false,0.00,EUR,1.62,171685.00,1.09,6469458976.36,USD,14.89,4.80,-1.81,1.62,Transportation,germany,Transportation,Buy,Buy,1.62,3.39,-3.25,-15.76,-17.43,-10.64,-14.61,4.53,27.67,136.93,3.43,2.62,Neutral,Neutral,Sell,Sell,Neutral,Neutral,50.79,2.40,-0.74,63.56,64.19,67.90,0.00,61.95,0.65,0.65,35.00,0.57,171685.00,36.40,62.55,0.00,60052.00,-18.83,14.89,0.00,1.26,1.12,4.58,17.17,2.46,17977130021.36,3.49,18.69,10.80,61.24,62.17,64.07,67.08,71.18,89.23,109.77,71.24,90.15,3.75,1.08,2.59,5353065784.40,1277754739.43,1570432427.35
[object Object],BAB,Babcock International Group PLC,LSE,988.20,stock,common,10.00,2.00,false,0.00,GBX,0.28,3822623.00,1.75,6384840726.53,USD,23.92,0.55,-13.99,0.76,Producer manufacturing,uk,Producer Manufacturing,StrongBuy,Strong buy,0.28,-3.68,-9.88,1.37,-18.60,-20.82,-18.80,157.81,-10.41,692.48,3.02,2.97,Sell,Sell,StrongSell,Strong sell,Neutral,Neutral,41.57,22.80,-72.45,-36.90,48.21,46.91,0.00,0.00,0.00,0.00,0.00,0.37,3822623.00,3.63,988.20,0.00,1791220.00,-18.90,23.92,0.00,0.96,7.95,12.08,18.97,6.67,6866741526.53,1.00,17.02,11.67,992.34,1034.91,1077.94,1051.99,1185.74,19.08,21.78,14.90,19.03,0.86,0.33,0.00,7247600843.25,3383394600.00,0.00
[object Object],GRF,"Grifols, S.A. Class A",BME,9.59,stock,common,1000.00,2.00,false,0.00,EUR,2.06,963161.00,0.82,6378403113.13,USD,14.43,0.76,51.93,2.00,Health technology,spain,Health Technology,Buy,Buy,2.06,-0.87,-4.30,5.75,9.40,-11.86,-21.49,-56.76,-50.26,284.53,2.32,1.95,Sell,Sell,Sell,Sell,Neutral,Neutral,45.78,-0.23,-0.32,-77.93,21.34,17.81,0.00,0.00,0.00,0.00,0.00,0.15,963161.00,-23.27,0.00,0.00,0.00,-21.49,14.43,0.27,0.86,1.18,5.97,7.97,12.73,18253193813.13,2.15,13.27,9.71,9.57,9.81,9.87,9.48,9.82,18.03,26.67,10.44,17.97,0.99,0.26,0.30,8967795567.43,2155055440.79,2246665875.09
[object Object],CDR,CD PROJEKT RED Spolka Akcyjna,GPW,244.60,stock,common,10.00,1.00,false,0.00,PLN,-0.53,183952.00,0.57,6368760854.16,USD,39.74,1.63,36.34,0.41,Technology services,poland,Technology Services,Neutral,Neutral,-0.53,2.17,-0.12,9.49,2.86,-0.93,-3.32,31.93,523.98,2561.63,2.41,2.62,Buy,Buy,StrongBuy,Strong buy,Neutral,Neutral,53.35,9.20,1.62,116.77,82.03,87.66,0.00,0.00,0.00,0.00,0.00,0.20,183952.00,-11.86,0.00,0.00,0.00,-7.29,39.74,1.10,28.57,6.86,38.72,44.91,55.31,6266253016.80,27.47,50.82,44.99,242.29,241.91,244.19,239.86,246.37,64.20,86.76,40.75,65.07,1.29,0.28,0.27,243319372.19,52712671.19,55198621.59
[object Object],SFSN,SFS Group AG,SIX,135.80,stock,common,10.00,2.00,false,0.00,CHF,0.30,16608.00,0.49,6354849990.46,USD,20.59,8.16,8.62,1.85,Producer manufacturing,switzerland,Producer Manufacturing,Buy,Buy,0.30,2.26,1.34,1.34,15.28,23.45,26.92,2.65,79.04,102.69,1.80,1.82,Buy,Buy,StrongBuy,Strong buy,Neutral,Neutral,53.71,-0.20,3.28,75.32,68.15,78.67,"long_upper_shadow_bearish,shooting_star_bearish",0.00,0.00,0.00,0.00,0.44,16608.00,-49.82,135.80,0.00,12265.00,28.16,20.59,2.38,1.72,3.37,14.70,18.99,23.74,6763327950.46,1.78,14.65,10.66,134.76,133.64,133.91,132.00,124.40,178.61,187.72,172.90,177.84,9.10,0.00,4.83,3940339362.81,1897587690.00,1887308280.00
[object Object],ALLFG,Allfunds Group plc,EURONEXT,9.21,stock,common,1000.00,5.00,false,0.00,EUR,-0.32,495928.00,1.37,6323411906.20,USD,136.85,0.08,0.00,2.16,Finance,netherlands,Finance,Neutral,Neutral,-0.32,0.99,1.38,8.93,8.93,14.34,47.71,-45.16,-27.19,-27.19,1.05,1.49,Buy,Buy,StrongBuy,Strong buy,Sell,Sell,61.18,0.22,0.18,121.14,91.43,91.90,0.00,0.00,0.00,0.00,0.00,-1.46,495928.00,-45.32,9.21,0.00,106999.00,42.69,136.85,0.00,8.59,2.96,0.00,0.00,1.96,3132872481.17,4.26,9.80,6.32,9.15,9.04,8.93,8.73,8.51,10.25,10.88,9.23,10.38,0.57,0.00,0.00,806194302.71,0.00,0.00
[object Object],IMCD,IMCD N.V.,EURONEXT,95.90,stock,common,100.00,2.00,false,0.00,EUR,2.20,113354.00,0.83,6300586588.06,USD,24.59,4.45,-14.64,1.93,Distribution services,netherlands,Distribution Services,Buy,Buy,2.20,1.20,0.86,17.70,14.58,23.11,4.92,-44.36,151.01,335.91,2.47,2.44,Buy,Buy,StrongBuy,Strong buy,Neutral,Neutral,50.53,-1.36,-2.20,-56.17,21.20,19.09,0.00,0.00,0.00,0.00,0.00,-0.13,113354.00,9.49,95.90,0.00,64736.00,0.37,24.59,0.00,1.12,2.67,14.75,15.29,22.77,8076396804.96,1.43,17.69,12.94,94.99,96.53,95.67,91.72,87.44,135.45,175.15,87.58,140.12,6.60,3.92,3.32,6072468216.62,2979461517.91,2932426548.88
[object Object],AZM,Azimut Holding Spa,MIL,38.88,stock,common,100.00,1.00,false,0.00,EUR,0.08,293283.00,0.65,6271579284.38,USD,10.46,4.24,6.84,5.15,Finance,italy,Finance,Buy,Buy,0.08,-1.22,0.54,7.58,19.93,8.79,25.54,62.32,212.13,1133.86,2.09,1.89,Neutral,Neutral,Buy,Buy,Neutral,Neutral,51.35,0.00,0.64,38.30,57.50,69.63,0.00,0.00,0.00,0.00,0.00,1.29,293283.00,-15.56,0.00,0.00,0.00,25.36,10.46,1.53,3.61,2.84,4.03,0.00,12.42,5962953041.78,3.40,7.39,7.05,39.05,38.75,38.03,36.95,36.07,47.83,58.09,40.66,47.17,4.08,0.73,0.74,1843469887.98,443652241.71,0.00
[object Object],BC,Brunello Cucinelli S.p.A.,MIL,80.80,stock,common,100.00,2.00,false,0.00,EUR,-0.20,193562.00,0.71,6263081721.47,USD,39.81,2.32,4.63,1.28,Consumer non-durables,italy,Consumer Non-Durables,Buy,Buy,-0.20,3.25,-8.08,-0.44,10.11,-18.38,-21.48,63.17,350.39,692.16,2.47,2.40,Sell,Sell,Sell,Sell,Neutral,Neutral,47.13,4.08,-3.29,22.69,85.59,75.46,0.00,0.00,0.00,0.00,0.00,0.67,193562.00,11.98,0.00,0.00,0.00,-23.86,39.81,8.62,3.74,10.03,18.89,32.71,30.40,7468185265.27,4.44,25.02,14.43,79.01,82.72,84.52,83.82,84.00,116.87,149.06,100.90,114.66,2.67,1.28,1.34,1815289377.43,850606288.00,910120000.00
[object Object],ZAL,Zalando SE,XETR,22.03,stock,common,100.00,1.00,false,0.00,EUR,-0.41,692948.00,0.66,6182797420.81,USD,58.97,0.43,-63.79,0.00,Retail trade,germany,Retail Trade,Buy,Buy,-0.41,1.85,-6.02,-9.38,7.31,-13.54,-20.12,-73.79,-40.46,267.17,2.86,2.97,Sell,Sell,StrongSell,Strong sell,Neutral,Neutral,41.38,-0.29,-0.87,-51.01,32.46,32.72,0.00,22.35,1.04,0.99,191.00,-0.41,692948.00,-17.03,22.09,0.27,426253.00,-22.32,58.97,0.00,0.41,2.10,5.44,6.08,3.97,6150715690.81,0.40,10.56,5.48,21.95,22.78,24.35,24.23,23.37,41.12,61.17,27.12,40.39,1.70,0.58,0.37,16272043651.56,3963289168.87,3564353922.72
[object Object],SUN,Sulzer AG,SIX,152.00,stock,common,10.00,1.00,false,0.00,CHF,1.00,18130.00,0.41,6141828905.82,USD,17.12,10.99,11.24,3.16,Producer manufacturing,switzerland,Producer Manufacturing,Buy,Buy,1.00,3.12,-3.80,11.68,-8.87,2.15,13.60,64.84,129.97,222.76,2.05,2.20,Buy,Buy,Buy,Buy,Neutral,Neutral,50.98,2.70,-3.86,-7.97,41.67,38.25,0.00,0.00,0.00,0.00,0.00,1.00,18130.00,-52.41,152.00,0.00,11273.00,2.90,17.12,1.51,1.47,3.92,18.45,28.15,6.13,6590526605.82,1.53,11.97,9.43,148.36,153.56,151.21,147.45,154.46,227.98,256.41,158.73,239.32,12.37,5.81,5.52,4484191350.94,2103094742.00,2195176500.00
[object Object],SIGN,SIG Group AG,SIX,13.37,stock,common,100.00,1.00,false,0.00,CHF,1.52,1014465.00,0.97,6080578086.23,USD,0.00,-0.14,-122.72,0.00,Process industries,switzerland,Process Industries,Buy,Buy,1.52,1.98,-3.95,0.45,12.35,14.47,54.30,-50.52,12.83,12.83,2.12,2.25,Buy,Buy,Buy,Buy,Neutral,Neutral,47.57,0.46,-0.24,7.82,66.17,66.00,0.00,0.00,0.00,0.00,0.00,0.99,1014465.00,22.97,13.37,0.00,765706.00,48.39,0.00,0.00,1.68,1.90,8.98,16.26,19.24,8484453367.25,2.29,50.55,16.56,13.23,13.39,13.99,13.32,12.49,20.84,23.87,17.34,21.49,0.90,0.32,0.50,3899495365.07,1750970988.14,1976315909.97
[object Object],LAND,Land Securities Group PLC,LSE,618.00,stock,common,10.00,5.00,false,0.00,GBX,-0.08,3389962.00,0.91,6052748215.55,USD,13.39,0.61,-12.92,6.66,Finance,uk,Finance,Buy,Buy,-0.08,-2.83,-11.59,-6.22,13.71,-0.56,7.38,-11.56,-40.86,57.95,2.16,2.22,StrongSell,Strong sell,StrongSell,Strong sell,Sell,Sell,33.25,-12.50,-39.81,-88.69,14.48,22.69,0.00,0.00,0.00,0.00,0.00,0.57,3389962.00,-7.60,618.00,0.00,1440596.00,11.08,13.39,0.00,5.14,0.70,20.34,20.34,39.12,11837407215.55,10.04,21.07,20.97,626.65,658.23,677.47,655.43,634.73,9.61,12.42,6.16,9.54,0.68,0.34,0.33,850508776.68,550003558.00,460548554.94
[object Object],ROCK_B,ROCKWOOL A/S Class B,OMXCOP,188.60,stock,common,10.00,1.00,false,0.00,DKK,1.45,317888.00,0.54,6005905148.48,USD,0.00,-1.13,-139.70,2.23,Non-energy minerals,denmark,Non-Energy Minerals,Buy,Buy,1.45,1.40,-9.85,-14.58,7.32,-16.44,-19.40,-36.63,56.51,843.00,2.42,2.34,Sell,Sell,StrongSell,Strong sell,Buy,Buy,42.37,-1.80,-14.36,-35.59,34.59,33.03,0.00,0.00,0.00,0.00,0.00,1.29,317888.00,-1.87,0.00,0.00,0.00,-21.99,0.00,0.00,1.37,1.90,8.96,0.00,51.74,5889032168.95,1.35,10.73,6.64,186.27,198.54,203.58,203.37,203.62,35.38,42.18,24.97,35.78,2.16,0.53,0.57,4544245972.25,1084228203.55,1101072006.44
[object Object],AZA,Avanza Bank Holding AB,OMXSTO,378.60,stock,common,10.00,1.00,false,0.00,SEK,0.72,140194.00,0.65,5968971612.60,USD,21.16,1.84,12.84,3.39,Finance,sweden,Finance,Buy,Buy,0.72,-2.95,-5.89,-1.94,10.80,7.13,12.54,13.93,465.92,4668.27,2.73,2.20,Sell,Sell,Sell,Sell,Sell,Sell,40.20,-14.30,-8.59,-164.55,11.80,23.00,0.00,0.00,0.00,0.00,0.00,0.82,140194.00,-33.98,0.00,0.00,0.00,12.95,21.16,1.64,9.54,8.95,0.00,0.00,19.12,5819476012.60,9.08,16.82,16.35,386.67,393.49,393.71,378.58,362.91,42.28,50.14,33.94,42.55,2.10,0.49,0.51,565187555.26,132996298.71,132301625.51
[object Object],EVD,CTS Eventim AG & Co. KGaA,XETR,54.95,stock,common,100.00,5.00,false,0.00,EUR,0.64,132833.00,0.68,5963106073.90,USD,17.13,3.66,8.69,2.64,Consumer services,germany,Consumer Services,StrongBuy,Strong buy,0.64,-1.96,-6.23,11.23,-11.73,-30.09,-33.43,-15.12,79.34,10366.67,2.36,2.79,StrongSell,Strong sell,StrongSell,Strong sell,Sell,Sell,41.17,-1.90,-2.08,-130.03,18.47,17.00,0.00,0.00,0.00,0.00,0.00,0.82,132833.00,-12.75,54.95,0.00,79670.00,-33.13,17.13,1.96,1.59,4.96,10.28,0.00,3.88,4913501082.70,1.30,8.73,7.22,55.66,57.41,57.81,56.22,61.45,100.94,114.85,60.87,106.23,3.97,0.66,0.57,3889778556.16,1003339872.82,946581682.50
[object Object],CRDA,Croda International Plc,LSE,3236.00,stock,common,1.00,1.00,false,0.00,GBX,0.28,274546.00,0.62,5950570448.10,USD,56.90,0.75,-43.22,3.44,Process industries,uk,Process Industries,Buy,Buy,0.28,1.41,-6.15,2.21,13.98,18.71,20.88,-63.62,-4.88,791.46,2.41,2.21,Neutral,Neutral,Buy,Buy,Neutral,Neutral,49.51,59.00,-40.69,-21.92,53.30,56.00,0.00,0.00,0.00,0.00,0.00,0.68,274546.00,21.21,3236.00,0.00,193678.00,16.67,56.90,0.00,2.62,2.08,15.96,24.09,22.03,6735640748.10,2.95,18.92,12.51,3203.90,3281.90,3225.06,3092.69,2965.30,48.38,56.14,42.14,48.88,2.13,1.03,1.16,2382375580.56,1186286736.60,1199880152.00
[object Object],HER,Hera S.p.A.,MIL,3.55,stock,common,1000.00,2.00,false,0.00,EUR,-0.62,1392135.00,0.49,5950360340.46,USD,11.12,0.37,-8.40,4.47,Utilities,italy,Utilities,Buy,Buy,-0.62,-3.63,-9.10,-3.58,-10.07,-11.33,-5.07,-2.23,47.84,187.44,1.83,2.01,StrongSell,Strong sell,StrongSell,Strong sell,Sell,Sell,37.44,-0.08,-0.13,-111.76,25.71,36.10,0.00,0.00,0.00,0.00,0.00,0.22,1392135.00,33.69,0.00,0.00,0.00,-2.60,11.12,0.00,0.00,1.29,0.00,0.00,0.00,11451239385.46,0.80,7.01,0.00,3.61,3.72,3.77,3.79,3.95,5.22,5.53,5.07,5.13,0.37,0.00,0.00,15068331602.72,3015419086.29,0.00
[object Object],TE,Technip Energies NV,EURONEXT,28.76,stock,common,100.00,2.00,false,0.00,EUR,-1.64,660072.00,1.48,5938209488.74,USD,18.84,1.74,-30.59,3.42,Industrial services,france,Industrial Services,Buy,Buy,-1.64,-2.18,-4.64,-14.46,-20.81,-11.18,-28.39,126.28,139.67,139.67,2.13,3.03,Sell,Sell,StrongSell,Strong sell,Neutral,Neutral,42.34,-0.70,-0.75,-109.02,38.71,43.01,0.00,0.00,0.00,0.00,0.00,-0.41,660072.00,86.42,28.76,0.00,557183.00,-25.45,18.84,0.00,0.69,2.44,4.66,5.07,1.11,2635042713.74,0.31,7.54,5.24,29.36,29.85,30.53,32.76,33.75,45.87,55.09,36.73,45.91,2.22,0.00,0.00,9337475885.61,0.00,0.00
[object Object],SAGA_B,AB Sagax Class B,OMXSTO,155.70,stock,common,10.00,1.00,false,0.00,SEK,-2.57,442240.00,0.95,5916630451.07,USD,12.31,1.30,29.13,2.32,Finance,sweden,Finance,Buy,Buy,-2.57,-6.60,-7.98,3.66,-7.04,-21.04,-20.88,-49.81,229.52,1253.91,2.82,2.57,StrongSell,Strong sell,StrongSell,Strong sell,Sell,Sell,32.63,-15.70,-4.39,-189.06,3.88,13.08,0.00,0.00,0.00,0.00,0.00,0.00,442240.00,61.44,0.00,0.00,0.00,-17.39,12.31,0.43,9.82,1.70,14.13,14.13,19.12,9908032451.07,17.52,22.55,0.00,164.63,168.37,167.42,165.34,175.98,19.62,22.08,14.89,20.28,1.28,0.32,0.34,599068561.87,141486366.70,142417400.00
[object Object],FPE3,FUCHS SE Pref Registered Shs,XETR,42.32,stock,preferred,100.00,2.00,false,0.00,EUR,-0.61,87136.00,0.74,5911360366.27,USD,16.31,2.96,17.05,2.89,Process industries,germany,Process Industries,StrongBuy,Strong buy,-0.61,3.73,5.96,8.68,20.57,10.09,11.72,1.24,5.88,3902.07,1.82,1.71,Buy,Buy,StrongBuy,Strong buy,Neutral,Neutral,58.42,0.54,1.22,54.61,77.61,74.64,spinning_top_black,0.00,0.00,0.00,0.00,-0.42,87136.00,-17.13,42.18,-0.33,54767.00,8.92,16.31,0.96,1.48,2.71,14.25,19.45,29.18,5899983866.27,1.37,10.42,8.71,41.77,41.08,40.80,39.75,38.54,55.92,62.77,47.66,56.38,3.01,0.71,0.71,4668170650.95,1204302270.00,1115352060.00
[object Object],VPK,Royal Vopak NV,EURONEXT,46.52,stock,common,100.00,2.00,false,0.00,EUR,-1.73,79649.00,0.63,5896009427.97,USD,11.30,4.70,-0.06,3.80,Distribution services,netherlands,Distribution Services,Buy,Buy,-1.73,-3.08,-2.06,2.69,0.65,22.42,21.34,33.26,-1.00,565.59,1.69,1.56,Sell,Sell,StrongSell,Strong sell,Sell,Sell,40.30,-0.60,-0.32,-176.79,22.90,25.70,0.00,0.00,0.00,0.00,0.00,-0.17,79649.00,-7.99,46.52,0.00,54288.00,28.00,11.30,0.00,4.09,1.62,7.05,13.12,53.69,9268572852.97,6.13,21.42,11.54,47.51,47.62,47.45,46.78,44.80,64.84,73.66,55.24,64.45,3.87,1.82,0.00,1557321958.94,0.00,0.00
[object Object],VALMT,Valmet Corp,OMXHEX,28.26,stock,common,100.00,2.00,false,0.00,EUR,0.64,383685.00,0.81,5885344245.91,USD,17.41,1.85,17.21,4.81,Producer manufacturing,finland,Producer Manufacturing,Buy,Buy,0.64,-0.49,-0.49,30.71,14.55,-0.14,-7.10,-16.76,110.42,292.50,1.71,1.49,Buy,Buy,StrongBuy,Strong buy,Neutral,Neutral,54.98,0.16,0.24,20.37,53.89,56.85,"long_upper_shadow_bearish,shooting_star_bearish",0.00,0.00,0.00,0.00,0.78,383685.00,75.90,0.00,0.00,0.00,-6.68,17.41,1.01,0.97,2.09,13.56,16.27,8.40,6985451795.91,1.15,11.58,8.34,28.19,28.19,27.32,24.71,25.82,36.77,44.11,31.34,34.83,2.49,0.55,0.64,6274566502.32,1431091923.52,1518177645.23
[object Object],SOI,Soitec SA,EURONEXT,143.05,stock,common,100.00,5.00,false,0.00,EUR,-0.76,112267.00,0.36,5872556728.85,USD,0.00,-7.12,-340.83,0.00,Electronic technology,france,Electronic Technology,Neutral,Neutral,-0.76,0.21,31.24,29.22,167.98,513.95,270.88,-30.96,761.75,365.81,5.22,6.63,Buy,Buy,StrongBuy,Strong buy,Neutral,Neutral,56.74,1.90,21.30,55.90,70.70,79.83,0.00,0.00,0.00,0.00,0.00,1.46,112267.00,-38.45,143.05,0.00,44142.00,302.30,0.00,0.00,8.69,3.85,25.72,61.35,9.05,5936574569.65,8.67,0.00,49.04,141.33,127.78,121.66,127.36,89.54,182.02,246.12,107.61,194.61,0.48,-0.77,-0.91,856047295.86,415788778.75,298708968.71
[object Object],ELIS,Elis SA,EURONEXT,22.20,stock,common,100.00,2.00,false,0.00,EUR,0.18,338879.00,0.53,5867198172.10,USD,14.77,1.72,1.70,2.17,Commercial services,france,Commercial Services,StrongBuy,Strong buy,0.18,-1.33,-9.46,-18.80,-8.49,-8.34,-5.13,32.46,53.66,79.66,3.22,2.33,Sell,Sell,StrongSell,Strong sell,Neutral,Neutral,38.52,-0.50,-1.46,-107.40,47.55,41.12,long_lower_shadow_bullish,0.00,0.00,0.00,0.00,0.09,338879.00,-57.49,22.20,0.00,249391.00,-7.16,14.77,8.68,1.13,1.39,3.96,11.44,12.43,10879229012.10,1.94,14.74,5.65,22.32,23.36,24.03,25.35,25.36,34.96,37.37,32.23,35.03,2.37,0.00,0.00,5930780398.23,2800331120.00,0.00
[object Object],KGX,KION GROUP AG,XETR,39.48,stock,common,100.00,1.00,false,0.00,EUR,0.56,248608.00,0.70,5856574753.17,USD,13.43,3.36,67.69,1.58,Producer manufacturing,germany,Producer Manufacturing,Buy,Buy,0.56,-5.30,-6.53,0.51,-12.07,-42.53,-31.70,-52.63,-30.83,64.43,3.97,3.87,Sell,Sell,StrongSell,Strong sell,Buy,Buy,40.67,-3.66,-1.81,-104.47,5.30,11.00,0.00,0.00,0.00,0.00,0.00,1.88,248608.00,-31.73,39.48,0.00,125017.00,-30.33,13.43,0.20,0.45,0.82,11.00,54.77,13.24,13352778133.17,1.02,15.49,6.07,40.79,42.31,41.72,41.75,48.84,66.11,80.26,48.16,67.65,4.17,1.00,1.00,13775185991.93,3280398036.18,3232550765.56
[object Object],COV,Covivio SA,EURONEXT,46.38,stock,common,100.00,2.00,false,0.00,EUR,-0.04,118224.00,0.58,5845382362.48,USD,7.90,6.71,55.74,3.34,Finance,france,Finance,Buy,Buy,-0.04,-2.97,-10.46,-15.05,-8.52,-18.06,-17.03,-38.88,-44.13,-63.32,1.89,1.82,Sell,Sell,StrongSell,Strong sell,Neutral,Neutral,25.52,-1.30,-2.69,-126.58,4.22,9.09,0.00,0.00,0.00,0.00,0.00,0.39,118224.00,7.96,46.38,0.00,82357.00,-17.54,7.90,0.14,3.44,0.61,6.16,31.21,7.72,21615259132.48,12.69,23.32,20.03,47.19,49.03,50.56,52.22,53.89,68.88,76.95,61.47,69.44,5.82,2.74,2.68,804728033.86,0.00,0.00
[object Object],LMP,LondonMetric Property Plc,LSE,178.70,stock,common,10.00,1.00,false,0.00,GBX,-0.33,7086256.00,0.91,5776076112.93,USD,13.78,0.17,-23.93,6.94,Finance,uk,Finance,Buy,Buy,-0.33,-0.22,-8.64,-6.00,-1.38,-5.90,-0.22,-28.06,10.79,57.44,1.62,1.74,Sell,Sell,StrongSell,Strong sell,Neutral,Neutral,38.99,0.70,-6.06,-48.14,32.48,37.55,0.00,0.00,0.00,0.00,0.00,-0.11,7086256.00,20.58,178.70,0.00,2282682.00,3.91,13.78,0.00,9.01,0.88,16.03,17.65,29.09,9565232512.93,15.57,17.45,17.41,179.09,184.56,188.83,187.59,191.42,2.93,3.34,2.65,2.98,0.18,0.10,0.09,644083847.96,321659786.00,314209097.00
[object Object],IGG,IG Group Holdings plc,LSE,1305.00,stock,common,1.00,1.00,false,0.00,GBX,-0.91,1004140.00,0.59,5771372574.87,USD,0.00,0.00,0.00,5.72,Finance,uk,Finance,Buy,Buy,-0.91,-1.29,-4.11,-29.61,-9.38,-0.91,23.70,57.13,44.60,978.51,2.84,2.43,StrongSell,Strong sell,StrongSell,Strong sell,Neutral,Neutral,38.73,-26.00,-8.62,-124.88,14.39,35.23,0.00,0.00,0.00,0.00,0.00,-0.08,1004140.00,12.12,1305.00,0.00,218303.00,19.57,0.00,0.00,0.00,2.30,0.00,0.00,4.29,5224346474.87,0.00,0.00,0.00,1331.40,1347.07,1424.00,1609.24,1492.93,24.27,34.83,16.85,23.93,1.78,0.82,0.91,1770024300.10,795474588.35,817034070.69
[object Object],UMI,Umicore SA,EURONEXT,21.40,stock,common,100.00,2.00,false,0.00,EUR,1.71,339323.00,0.83,5758470491.76,USD,10.60,2.30,277.06,1.66,Non-energy minerals,belgium,Non-Energy Minerals,Buy,Buy,1.71,-3.52,-8.23,1.04,29.85,19.22,54.07,-57.20,-21.97,460.54,2.64,3.10,Sell,Sell,StrongSell,Strong sell,Neutral,Neutral,41.55,-1.02,-1.24,-97.54,11.85,16.94,0.00,0.00,0.00,0.00,0.00,2.00,339323.00,-3.00,21.40,0.00,260529.00,66.39,10.60,0.04,0.21,2.14,5.27,7.68,2.88,7460053596.76,0.27,5.73,4.63,21.62,22.61,22.28,22.54,20.37,29.38,37.83,21.21,28.66,2.12,1.20,0.81,4404442459.40,2217233257.50,2044357050.00
[object Object],BBY,Balfour Beatty plc,LSE,935.00,stock,common,10.00,5.00,false,0.00,GBX,0.70,1330077.00,0.89,5756360680.67,USD,17.89,0.69,47.99,1.51,Industrial services,uk,Industrial Services,Buy,Buy,0.70,3.54,5.71,5.77,21.90,31.41,52.16,239.26,230.62,701.20,2.43,2.55,Buy,Buy,StrongBuy,Strong buy,Neutral,Neutral,63.99,75.50,41.17,117.51,82.12,84.01,0.00,0.00,0.00,0.00,0.00,0.22,1330077.00,4.43,935.00,0.00,921721.00,39.70,17.89,0.37,0.46,4.06,6.63,7.08,2.20,4430076680.67,0.34,18.46,11.37,908.40,888.00,882.66,860.41,807.14,13.78,14.94,12.47,14.01,0.69,0.00,0.38,15352075336.95,0.00,7668735250.00
[object Object],VK,Vallourec SA,EURONEXT,18.88,stock,common,1000.00,5.00,false,0.00,EUR,-2.76,1120493.00,0.81,5741239886.04,USD,13.87,1.56,-6.80,7.73,Non-energy minerals,france,Non-Energy Minerals,Buy,Buy,-2.76,-2.45,4.11,-10.48,-11.98,19.15,18.74,180.33,-65.31,-39.41,2.91,2.97,Sell,Sell,Sell,Sell,Neutral,Neutral,50.31,0.34,0.30,35.15,48.87,38.84,0.00,0.00,0.00,0.00,0.00,-0.98,1120493.00,-20.72,18.88,0.00,714264.00,36.18,13.87,0.00,1.37,1.81,7.69,11.04,4.38,5692036249.90,1.40,9.78,7.00,18.89,18.52,19.10,21.02,20.31,28.95,32.20,24.10,28.44,1.53,0.00,0.00,4374083380.79,0.00,0.00
[object Object],BALD_B,Fastighets AB Balder Class B,OMXSTO,47.53,stock,common,100.00,1.00,false,0.00,SEK,-0.86,1552385.00,0.64,5727679300.44,USD,8.13,0.60,32.43,0.00,Finance,sweden,Finance,Buy,Buy,-0.86,-5.88,-11.16,-6.80,-11.52,-30.31,-29.73,-49.58,22.55,1986.68,2.18,2.33,StrongSell,Strong sell,StrongSell,Strong sell,Sell,Sell,27.63,-3.81,-3.02,-138.52,2.30,5.80,0.00,0.00,0.00,0.00,0.00,0.54,1552385.00,-18.36,0.00,0.00,0.00,-27.24,8.13,0.25,4.30,0.60,13.00,13.16,5.80,21623609700.44,15.11,22.96,22.73,49.51,51.89,52.13,52.14,57.59,6.76,9.35,5.20,6.55,0.49,0.12,0.13,1546633423.65,364765458.59,362343600.00
[object Object],BBOX,Tritax Big Box REIT PLC,LSE,146.70,stock,common,10.00,1.00,false,0.00,GBX,-0.27,5038759.00,0.59,5689492765.02,USD,14.02,0.14,-38.97,5.55,Miscellaneous,uk,Miscellaneous,StrongBuy,Strong buy,-0.27,-0.54,-9.05,-9.16,1.80,-2.13,3.31,-35.03,4.40,50.14,1.76,1.78,Sell,Sell,StrongSell,Strong sell,Buy,Buy,37.57,1.00,-5.92,-51.29,36.30,40.66,long_upper_shadow_bearish,0.00,0.00,0.00,0.00,-0.27,5038759.00,-20.64,146.70,0.00,1619332.00,21.10,14.02,0.00,10.82,0.79,16.73,16.73,33.02,9000315065.02,18.46,23.57,23.56,146.97,152.55,158.64,156.31,156.49,2.59,3.46,2.34,2.54,0.12,0.06,0.06,489067976.50,243372006.00,252555385.00
[object Object],KMAR,Kongsberg Maritime ASA,OSL,60.80,stock,common,100.00,2.00,false,0.00,NOK,-1.01,881926.00,0.53,5678630679.78,USD,0.00,0.00,0.00,0.00,Producer manufacturing,norway,Producer Manufacturing,StrongBuy,Strong buy,-1.01,0.50,8.57,17.60,-6.46,-6.46,-6.46,-6.46,-6.46,-6.46,3.06,2.37,Buy,Buy,StrongBuy,Strong buy,Neutral,Neutral,59.35,2.78,4.74,70.20,61.72,74.79,0.00,0.00,0.00,0.00,0.00,0.62,881926.00,-5.11,60.80,0.00,408484.00,0.00,0.00,0.00,0.00,6.46,0.00,0.00,21.39,5614408469.78,0.00,0.00,0.00,60.79,57.80,56.68,55.75,0.00,7.36,8.47,5.29,7.62,0.28,0.06,0.09,2771875389.65,674194480.32,717901300.00
[object Object],GF,Georg Fischer AG,SIX,57.95,stock,common,100.00,5.00,false,0.00,CHF,1.13,135055.00,0.47,5675680758.03,USD,0.00,-2.02,-148.37,2.36,Producer manufacturing,switzerland,Producer Manufacturing,StrongBuy,Strong buy,1.13,5.94,3.85,35.02,42.38,6.82,-6.91,-21.79,40.15,114.63,2.43,2.10,Buy,Buy,StrongBuy,Strong buy,Neutral,Neutral,63.65,2.80,2.62,129.17,84.65,86.73,0.00,0.00,0.00,0.00,0.00,0.96,135055.00,-46.80,57.95,0.00,88717.00,-11.02,0.00,0.00,1.75,0.00,18.41,89.61,10.53,7692706758.03,2.31,88.83,38.86,56.02,55.26,54.15,48.83,48.54,81.07,87.91,73.26,79.98,3.63,0.00,1.93,4198657607.66,1944927383.75,2006699310.00
[object Object],CAST,Castellum AB,OMXSTO,124.50,stock,common,100.00,5.00,false,0.00,SEK,-0.20,742382.00,0.51,5674810955.49,USD,22.47,0.57,2.93,1.99,Finance,sweden,Finance,Neutral,Neutral,-0.20,-1.50,-6.85,-0.72,18.29,17.12,17.84,-34.07,14.62,811.00,1.53,1.46,Sell,Sell,StrongSell,Strong sell,Sell,Sell,29.81,-5.75,-5.13,-125.53,5.35,13.22,inverted_hammer_bullish,0.00,0.00,0.00,0.00,0.20,742382.00,-35.27,0.00,0.00,0.00,12.12,22.47,7.68,6.05,0.86,13.52,13.52,619.41,12389060955.49,12.64,19.00,0.00,126.85,130.84,132.03,128.69,120.05,14.13,16.71,12.66,14.18,0.93,0.23,0.23,980097005.31,238085153.70,226724200.37
[object Object],ABDN,Aberdeen Group plc,LSE,245.60,stock,common,10.00,2.00,false,0.00,GBX,1.91,13865755.00,3.11,5674471018.81,USD,11.80,0.28,18.97,6.06,Finance,uk,Finance,Neutral,Neutral,1.91,0.82,-1.92,2.16,30.57,18.19,29.33,-3.61,-31.09,0.24,2.49,2.54,Buy,Buy,StrongBuy,Strong buy,Neutral,Neutral,50.17,-2.60,-0.03,-11.70,39.72,45.27,0.00,0.00,0.00,0.00,0.00,0.91,13865755.00,266.57,245.60,0.00,12043090.00,26.91,11.80,0.61,2.95,0.87,6.23,6.31,0.00,6696925018.81,3.38,0.00,0.00,243.58,245.69,246.40,243.16,225.26,3.16,3.92,2.13,3.17,0.21,0.10,0.10,1769692721.85,863097647.85,876239115.00
[object Object],WDP,Warehouses De Pauw SA,EURONEXT,20.50,stock,common,100.00,2.00,false,0.00,EUR,0.59,438213.00,0.88,5609663499.76,USD,12.00,1.95,7.15,2.96,Finance,belgium,Finance,Buy,Buy,0.59,-2.38,-5.09,-8.56,-7.91,-6.99,-0.68,-46.78,66.18,485.87,1.95,1.68,Sell,Sell,StrongSell,Strong sell,Neutral,Neutral,39.06,-0.48,-0.39,-137.06,4.11,9.53,"harami_bullish,long_upper_shadow_bearish",0.00,0.00,0.00,0.00,0.39,438213.00,-12.29,20.50,0.00,235499.00,4.40,12.00,1.67,8.95,0.98,14.98,16.03,248.05,9824540709.46,15.90,19.75,19.29,20.78,21.09,21.48,21.73,22.58,30.35,36.43,26.18,30.73,1.89,0.48,0.47,574877671.84,137748424.84,139260874.15
[object Object],AXFO,Axfood AB,OMXSTO,255.10,stock,common,10.00,1.00,false,0.00,SEK,-0.62,360345.00,0.68,5568890612.89,USD,22.75,1.15,14.73,3.41,Retail trade,sweden,Retail Trade,Buy,Buy,-0.62,1.96,3.15,-1.47,-19.27,-12.31,-12.94,21.24,70.38,1319.42,1.57,1.44,Buy,Buy,Buy,Buy,Neutral,Neutral,62.17,18.20,11.13,109.03,86.62,92.26,0.00,0.00,0.00,0.00,0.00,0.12,360345.00,-11.38,0.00,0.00,0.00,-15.56,22.75,1.55,0.62,8.18,9.37,12.66,164.10,7162539812.89,0.78,24.28,9.99,252.80,245.69,242.66,253.02,280.71,26.72,30.63,21.95,26.80,1.26,0.33,0.35,9871191386.80,2423707162.50,2290751500.00
[object Object],IVG,Iveco Group NV,MIL,14.11,stock,common,1000.00,5.00,false,0.00,EUR,0.11,565857.00,0.70,5524740734.98,USD,2.80,5.75,319.50,2.34,Consumer durables,italy,Consumer Durables,Neutral,Neutral,0.11,-0.04,1.26,1.44,-26.27,-24.73,-22.67,25.27,25.27,25.27,0.21,0.20,Buy,Buy,StrongBuy,Strong buy,Buy,Buy,69.42,0.05,0.10,71.21,73.74,78.51,0.00,0.00,0.00,0.00,0.00,-0.07,565857.00,-12.74,14.11,0.00,8844.00,-23.05,2.80,0.01,0.28,1.52,9.09,37.43,1.50,9728357484.98,0.62,18.85,7.32,14.10,14.02,13.98,13.95,16.12,16.04,16.04,16.04,16.04,0.96,-0.06,0.09,16626595232.10,4323417739.86,3815708816.55
[object Object],BTRW,Barratt Redrow plc,LSE,309.00,stock,common,10.00,1.00,false,0.00,GBX,1.64,4132247.00,0.59,5518712656.49,USD,18.35,0.22,26.33,5.63,Consumer durables,uk,Consumer Durables,Buy,Buy,1.64,-1.28,-3.89,4.67,15.60,-18.51,-17.56,-55.18,-36.64,147.40,2.97,3.23,Buy,Buy,StrongBuy,Strong buy,Neutral,Neutral,53.99,23.50,-3.70,58.92,74.38,74.48,0.00,0.00,0.00,0.00,0.00,0.82,4132247.00,-18.75,309.00,0.00,1446008.00,-21.09,18.35,0.69,0.70,0.56,9.74,10.01,4.60,4563365456.49,0.57,6.35,5.95,301.12,306.65,305.44,285.24,308.58,4.39,5.47,3.41,4.54,0.31,0.24,0.10,8151382907.85,4553509057.20,3369242502.55
[object Object],NEXI,Nexi S.p.A.,MIL,4.17,stock,common,1000.00,1.00,false,0.00,EUR,1.63,3223024.00,0.59,5479479738.15,USD,0.00,-3.27,-1429.05,7.32,Commercial services,italy,Commercial Services,Neutral,Neutral,1.63,-0.33,-6.65,19.40,34.85,-1.28,-11.72,-76.26,-52.38,-52.38,2.15,2.13,Neutral,Neutral,Buy,Buy,Neutral,Neutral,48.70,-0.02,-0.07,-42.48,38.10,37.86,0.00,0.00,0.00,0.00,0.00,0.49,3223024.00,-11.26,4.17,0.00,2812.00,-14.16,0.00,0.00,0.81,0.72,4.35,6.67,2.76,10061933938.15,1.39,10.68,5.14,4.16,4.22,4.21,3.91,3.73,4.71,6.97,3.02,4.70,0.76,0.32,0.39,4281400215.12,1980077245.27,2153588324.76
[object Object],G24,Scout24 SE,XETR,67.35,stock,common,100.00,5.00,false,0.00,EUR,-1.68,507225.00,1.06,5447805573.54,USD,16.98,4.53,62.57,2.19,Technology services,germany,Technology Services,StrongBuy,Strong buy,-1.68,-9.23,-16.34,-5.41,6.40,-21.55,-35.18,4.16,101.47,119.02,3.88,3.06,StrongSell,Strong sell,StrongSell,Strong sell,Sell,Sell,29.35,-5.70,-3.79,-228.60,3.91,16.79,0.00,0.00,0.00,0.00,0.00,0.00,507225.00,-28.47,67.30,-0.07,241319.00,-30.87,16.98,0.28,6.86,4.07,17.73,17.79,142.64,6161445454.99,7.67,15.80,13.66,72.86,75.61,75.01,74.30,74.59,120.26,159.37,91.07,116.68,4.68,0.00,0.00,896100283.11,374836418.00,0.00
[object Object],WPP,WPP Plc,LSE,393.50,stock,common,10.00,1.00,false,0.00,GBX,2.96,3281820.00,0.64,5446523401.46,USD,0.00,-0.30,-163.19,3.92,Commercial services,uk,Commercial Services,Neutral,Neutral,2.96,2.23,0.51,57.21,67.52,14.76,10.88,-60.64,-78.31,185.14,3.39,3.39,StrongBuy,Strong buy,StrongBuy,Strong buy,Neutral,Neutral,60.15,26.40,-0.37,121.17,77.93,73.73,0.00,0.00,0.00,0.00,0.00,1.26,3281820.00,-27.46,393.50,0.00,2262663.00,6.57,0.00,0.00,0.32,1.63,3.93,4.25,1.83,12058128401.46,0.69,7.28,5.43,385.44,382.76,360.06,314.24,297.82,5.19,7.40,3.33,5.10,0.71,0.16,0.50,13112473200.78,6158580115.28,6583382495.50
[object Object],SECT_B,Sectra AB Class B,OMXSTO,285.20,stock,common,10.00,2.00,false,0.00,SEK,2.59,89990.00,0.38,5446058486.27,USD,88.75,0.34,5.70,0.40,Technology services,sweden,Technology Services,Buy,Buy,2.59,-4.93,3.26,3.41,26.53,13.72,-8.30,46.23,1045.10,859.87,3.47,3.95,Buy,Buy,Buy,Buy,Neutral,Neutral,50.11,-0.80,-2.16,-69.95,23.00,20.81,0.00,0.00,0.00,0.00,0.00,0.43,89990.00,-32.45,0.00,0.00,0.00,-11.06,88.75,15.19,14.32,23.67,55.96,62.96,31.35,5283080873.07,13.49,68.85,62.42,288.04,285.71,280.24,280.67,255.23,36.14,47.84,22.88,36.92,0.42,0.07,0.09,451979180.90,97231400.03,100667733.37
[object Object],TEMN,Temenos AG,SIX,67.15,stock,common,100.00,5.00,false,0.00,CHF,0.07,189010.00,0.87,5437128838.28,USD,29.78,2.79,-26.22,2.09,Technology services,switzerland,Technology Services,Buy,Buy,0.07,0.07,-10.82,4.76,-2.40,-15.80,3.47,-48.94,9.01,225.97,1.91,2.54,Sell,Sell,StrongSell,Strong sell,Neutral,Neutral,39.81,-1.30,-3.50,-91.48,21.61,24.72,doji,0.00,0.00,0.00,0.00,0.00,189010.00,6.80,67.15,0.00,135121.00,2.99,29.78,0.00,0.00,0.00,0.00,0.00,0.00,6110750151.92,5.62,21.19,15.04,68.02,71.34,70.24,69.38,71.35,100.52,124.15,66.71,106.61,4.64,1.26,1.13,1218844290.86,296591836.00,291319424.00
[object Object],HWDN,Howden Joinery Group PLC,LSE,759.00,stock,common,10.00,5.00,false,0.00,GBX,0.40,580022.00,0.35,5396234544.40,USD,15.57,0.65,5.24,2.90,Consumer durables,uk,Consumer Durables,Buy,Buy,0.40,-0.07,-6.58,-12.05,-4.17,-10.97,-10.44,-21.13,74.16,961.54,2.00,2.12,Sell,Sell,StrongSell,Strong sell,Neutral,Neutral,45.50,15.50,-17.23,3.98,57.69,63.02,0.00,0.00,0.00,0.00,0.00,1.65,580022.00,-30.46,759.00,0.00,275960.00,-10.08,15.57,2.96,1.68,3.58,8.48,12.40,12.43,5898346644.40,1.82,12.29,8.28,755.75,774.40,785.02,786.18,812.11,13.63,16.36,11.45,13.18,0.69,0.00,0.45,3481194272.69,1394437545.00,2056598850.00
[object Object],GL9,Glanbia PLC,EURONEXT,19.74,stock,common,100.00,1.00,false,0.00,EUR,-0.85,552756.00,0.84,5381789536.97,USD,23.73,0.95,93.42,2.24,Consumer non-durables,ireland,Consumer Non-Durables,Buy,Buy,-0.85,-0.70,-14.17,-16.78,14.37,36.89,39.01,33.02,20.26,1233.78,3.09,3.02,Sell,Sell,StrongSell,Strong sell,Neutral,Neutral,36.12,-1.76,-2.24,-82.45,31.58,31.02,0.00,0.00,0.00,0.00,0.00,0.95,552756.00,23.94,19.74,0.00,132838.00,27.63,23.73,0.26,1.38,2.83,12.93,14.95,14.63,6209876941.85,1.55,15.90,11.76,20.19,21.60,22.16,22.16,19.35,27.34,31.74,22.40,27.46,1.64,0.70,0.79,4324954304.59,2016233333.00,2146950000.00
[object Object],CTEC,ConvaTec Group Plc,LSE,209.40,stock,common,10.00,2.00,false,0.00,GBX,-1.04,5839727.00,1.00,5373707293.63,USD,45.42,0.06,-43.44,2.64,Health technology,uk,Health Technology,StrongBuy,Strong buy,-1.04,-3.86,-8.56,-0.76,-7.75,-14.04,-9.19,-6.97,-6.93,-6.93,1.57,2.14,StrongSell,Strong sell,StrongSell,Strong sell,Sell,Sell,32.15,-6.40,-10.77,-117.78,5.52,8.59,0.00,0.00,0.00,0.00,0.00,0.47,5839727.00,-11.03,209.40,0.00,2536589.00,-11.88,45.42,0.00,2.23,3.99,14.42,28.94,55.03,7007975140.68,2.85,17.55,11.27,215.02,223.05,223.74,215.85,223.78,4.05,4.96,3.05,4.04,0.20,0.08,0.12,2605705316.55,1227786500.00,1338397333.00
[object Object],GFC,Gecina SA,EURONEXT,63.75,stock,common,100.00,5.00,false,0.00,EUR,0.00,152613.00,0.75,5362042216.24,USD,29.18,2.49,-68.15,8.63,Finance,france,Finance,Buy,Buy,0.00,-3.63,-12.25,-13.68,-3.26,-21.20,-24.11,-48.34,-53.03,244.07,1.41,1.36,StrongSell,Strong sell,StrongSell,Strong sell,Sell,Sell,24.17,-2.20,-3.96,-143.78,0.00,5.81,"inverted_hammer_bullish,long_upper_shadow_bearish",0.00,0.00,0.00,0.00,0.24,152613.00,-27.34,63.75,0.00,79485.00,-22.52,29.18,0.00,5.35,0.46,10.04,0.00,18.61,13046104603.09,12.88,18.82,18.53,65.27,68.04,70.83,71.67,73.28,99.00,124.08,79.68,99.83,7.90,3.72,3.78,834051880.56,401301611.04,390628054.60
[object Object],BLND,British Land Company PLC,LSE,396.60,stock,common,10.00,2.00,false,0.00,GBX,0.25,2180814.00,0.56,5356189064.81,USD,8.75,0.60,29.38,5.84,Finance,uk,Finance,Buy,Buy,0.25,-1.64,-8.74,-5.80,11.40,-1.44,14.69,-21.25,-37.25,16.09,2.06,2.08,Sell,Sell,StrongSell,Strong sell,Neutral,Neutral,38.72,-2.40,-16.92,-69.90,26.24,32.99,0.00,0.00,0.00,0.00,0.00,0.86,2180814.00,-22.45,396.60,0.00,623089.00,19.53,8.75,0.30,7.56,0.67,12.88,21.52,22.62,9225398064.81,13.29,25.66,25.66,398.86,413.50,424.12,414.11,403.12,6.08,7.14,4.08,6.41,0.41,0.19,0.20,777609149.00,282254932.00,0.00
[object Object],DKSH,DKSH Holding Ltd,SIX,68.90,stock,common,10.00,1.00,false,0.00,CHF,1.32,84132.00,1.02,5334575382.12,USD,21.15,4.03,8.66,3.68,Distribution services,switzerland,Distribution Services,Buy,Buy,1.32,5.19,5.35,10.77,15.03,17.38,30.25,-9.70,-4.50,35.10,1.65,1.50,Buy,Buy,StrongBuy,Strong buy,Neutral,Neutral,67.89,3.10,1.04,222.54,94.52,92.63,0.00,0.00,0.00,0.00,0.00,0.74,84132.00,-10.48,68.90,0.00,32723.00,23.26,21.15,2.41,0.40,2.62,13.25,14.56,8.92,5720225922.12,0.42,14.45,10.55,66.64,66.33,66.63,64.75,61.80,89.47,100.92,79.74,90.33,4.60,0.00,0.00,14148425766.47,6678278166.25,6966590400.00
[object Object],IFCN,INFICON Holding AG,SIX,183.60,stock,common,10.00,2.00,false,0.00,CHF,2.80,26703.00,0.58,5274118908.43,USD,57.80,3.93,-13.87,1.12,Electronic technology,switzerland,Electronic Technology,Buy,Buy,2.80,13.90,8.77,5.64,79.65,83.97,81.78,47.12,372.89,693.95,3.59,3.17,Buy,Buy,StrongBuy,Strong buy,Neutral,Neutral,63.95,16.20,9.67,153.25,86.29,89.24,0.00,0.00,0.00,0.00,0.00,1.79,26703.00,-25.40,183.60,0.00,16471.00,72.05,57.80,0.00,7.57,13.43,47.21,57.81,30.76,5200316840.01,7.29,41.84,35.69,170.40,168.79,168.20,167.36,141.23,235.88,272.40,189.44,241.88,5.36,2.24,3.07,829537639.16,374700000.00,421900000.00
[object Object],ROR,Rotork plc,LSE,485.60,stock,common,10.00,2.00,false,0.00,GBX,-0.08,3597220.00,0.48,5228665660.06,USD,32.90,0.20,25.83,1.72,Producer manufacturing,uk,Producer Manufacturing,Neutral,Neutral,-0.08,0.21,0.12,57.66,55.24,49.05,45.65,33.85,122.04,2690.80,0.33,0.43,Buy,Buy,StrongBuy,Strong buy,Sell,Sell,73.09,1.40,0.77,104.05,81.37,85.76,"gravestone_doji_bearish,long_upper_shadow_bearish",0.00,0.00,0.00,0.00,-0.08,3597220.00,-50.34,485.60,0.00,2888826.00,40.42,32.90,1.27,5.14,7.09,34.00,36.39,57.02,5197357960.06,5.04,21.46,19.13,485.12,484.87,485.45,396.42,368.18,6.51,6.78,4.32,6.78,0.24,0.10,0.14,1062606531.39,476655435.00,569351000.00
[object Object],WTB,Whitbread PLC,LSE,2348.00,stock,common,1.00,1.00,false,0.00,GBX,0.86,352547.00,0.61,5140083421.18,USD,19.53,1.62,-13.72,4.17,Consumer services,uk,Consumer Services,Buy,Buy,0.86,0.26,-5.70,-6.64,0.99,-8.17,-26.05,-30.98,-31.67,330.25,1.73,1.88,Sell,Sell,StrongSell,Strong sell,Buy,Buy,45.64,1.00,-68.07,-25.35,40.73,36.49,0.00,0.00,0.00,0.00,0.00,0.77,352547.00,-5.90,2348.00,0.00,227958.00,-29.11,19.53,0.00,1.33,1.25,5.20,39.85,16.79,12052083821.18,3.06,14.04,8.41,2330.60,2386.03,2422.94,2396.68,2467.22,34.66,43.59,29.06,34.35,2.35,0.94,1.93,3906172388.46,1828810276.90,2110949640.80
[object Object],ADEN,Adecco Group AG,SIX,24.32,stock,common,100.00,2.00,false,0.00,CHF,-0.57,698986.00,0.93,5120413741.75,USD,15.11,1.99,-0.91,4.09,Commercial services,switzerland,Commercial Services,Neutral,Neutral,-0.57,-1.86,0.58,61.59,31.46,4.29,6.85,-49.48,-55.90,-76.67,2.86,2.74,Buy,Buy,StrongBuy,Strong buy,Sell,Sell,54.59,0.18,0.45,58.27,71.63,65.75,doji,0.00,0.00,0.00,0.00,-0.49,698986.00,21.66,24.32,0.00,516042.00,23.22,15.11,0.00,0.19,1.26,8.27,11.21,8.01,8541154665.72,0.32,13.54,9.72,24.31,23.98,23.52,19.93,20.38,31.20,42.07,22.60,31.48,2.87,0.56,0.76,28335014259.30,6837405866.36,6921101001.36
[object Object],OCTV_SDB,Octave Intelligence PLC Shs Swedish Depository Receipt Repr 1 Sh,OMXSTO,187.25,dr,0.00,100.00,5.00,false,0.00,SEK,-0.77,326221.00,0.46,5113739519.00,USD,0.00,0.00,0.00,0.00,Technology services,sweden,Technology Services,Buy,Buy,-0.77,4.06,10.60,19.27,1.22,1.22,1.22,1.22,1.22,1.22,4.05,4.05,Buy,Buy,StrongBuy,Strong buy,Buy,Buy,56.07,18.75,9.87,59.32,80.77,80.15,0.00,0.00,0.00,0.00,0.00,0.29,326221.00,-43.40,0.00,0.00,0.00,0.00,0.00,0.00,0.00,0.98,0.00,0.00,17.08,5496229261.29,0.00,0.00,0.00,184.29,179.59,176.34,0.00,0.00,23.02,30.00,17.00,23.02,1.51,0.30,0.30,1776435911.14,397680429.00,403257286.00
[object Object],ZEG,Zegona Communications Plc,LSE,1740.00,stock,common,1.00,2.00,false,0.00,GBX,1.52,415012.00,0.53,5105843315.18,USD,0.00,-0.34,4.06,0.00,Finance,uk,Finance,StrongBuy,Strong buy,1.52,-6.05,6.10,2.35,2.96,25.63,44.40,1067.49,1518.60,1270.08,4.36,4.14,Buy,Buy,StrongBuy,Strong buy,Neutral,Neutral,55.46,44.00,127.94,26.86,52.52,61.91,0.00,0.00,0.00,0.00,0.00,0.35,415012.00,-68.98,1740.00,0.00,192918.00,-55.98,0.00,0.00,3.40,0.00,4.59,5.16,23.87,9958133549.88,2.40,29.93,4.98,1784.20,1665.67,1597.04,1647.72,1639.75,28.25,33.09,19.19,29.11,0.58,0.00,0.00,4190745880.35,0.00,0.00
[object Object],AALB,Aalberts N.V.,EURONEXT,42.14,stock,common,100.00,2.00,false,0.00,EUR,1.54,141470.00,0.48,5100631967.39,USD,30.25,1.59,1.69,2.77,Commercial services,netherlands,Commercial Services,Buy,Buy,1.54,3.03,-2.09,7.12,38.62,49.22,46.52,-18.65,37.67,652.50,1.82,2.03,Buy,Buy,StrongBuy,Strong buy,Buy,Buy,51.15,0.38,-0.66,18.98,52.28,53.80,0.00,0.00,0.00,0.00,0.00,1.30,141470.00,-39.44,42.14,0.00,76746.00,36.79,30.25,17.59,1.45,1.86,12.68,24.00,26.65,6315869697.39,1.79,17.76,10.25,41.18,42.26,42.55,40.73,36.18,53.82,63.06,44.38,54.89,3.26,0.00,1.80,3610317084.37,0.00,1713755960.00
[object Object],REY,Reply S.p.A.,MIL,117.60,stock,common,10.00,1.00,false,0.00,EUR,0.00,30755.00,0.36,4987366694.94,USD,16.88,7.96,10.21,1.15,Commercial services,italy,Commercial Services,StrongBuy,Strong buy,0.00,1.20,-3.37,33.26,50.10,1.82,-5.39,-35.74,293.64,2840.00,2.26,2.48,Neutral,Neutral,Buy,Buy,Sell,Sell,50.85,3.60,-0.59,-14.22,67.88,66.73,0.00,0.00,0.00,0.00,0.00,0.43,30755.00,-1.84,117.60,0.00,245.00,-3.94,16.88,1.65,1.71,2.84,13.62,16.38,7.44,4532434111.74,1.57,11.90,9.83,117.39,119.05,115.43,107.00,102.49,174.55,224.42,139.26,176.66,9.02,0.00,0.00,3181708640.90,1485820060.00,0.00
[object Object],FLS,FLSmidth & Co. A/S,OMXCOP,581.00,stock,common,10.00,5.00,false,0.00,DKK,0.87,88443.00,0.79,4969626213.47,USD,20.77,4.26,200.07,0.69,Non-energy minerals,denmark,Non-Energy Minerals,StrongBuy,Strong buy,0.87,1.40,-3.25,20.44,20.99,30.39,30.62,145.35,127.49,133.33,2.03,2.84,Buy,Buy,StrongBuy,Strong buy,Neutral,Neutral,56.07,7.00,17.81,55.29,54.41,57.03,"long_upper_shadow_bearish,shooting_star_bearish",0.00,0.00,0.00,0.00,1.04,88443.00,-12.77,0.00,0.00,0.00,30.73,20.77,0.10,2.10,2.98,62.57,125.64,47.98,5299487613.47,2.36,17.63,13.70,573.00,572.46,539.07,513.24,510.00,98.22,107.31,91.21,97.73,6.19,0.85,0.95,2357497936.89,544183357.35,571656033.04
[object Object],GALE,Galenica AG,SIX,82.55,stock,common,100.00,5.00,false,0.00,CHF,0.30,71906.00,0.71,4952902510.39,USD,25.88,3.95,-17.30,3.04,Distribution services,switzerland,Distribution Services,Neutral,Neutral,0.30,-0.06,-0.60,-3.96,-8.02,-15.38,-2.13,15.54,91.98,91.98,1.54,1.38,Sell,Sell,StrongSell,Strong sell,Neutral,Neutral,47.91,-0.40,-0.10,-64.16,35.85,43.29,0.00,0.00,0.00,0.00,0.00,-0.36,71906.00,-10.69,82.55,0.00,33896.00,-3.55,25.88,0.00,0.96,2.91,16.37,18.72,103.99,6269547030.79,1.19,24.80,14.52,82.57,82.65,83.69,84.12,89.18,110.15,118.14,104.46,108.19,4.75,2.39,2.50,5537544130.61,2634682797.50,2705472000.00
[object Object],ENG,Enagas SA,BME,16.62,stock,common,100.00,1.00,false,0.00,EUR,0.06,947407.00,1.00,4941175696.53,USD,12.52,1.52,156.60,4.88,Utilities,spain,Utilities,Neutral,Neutral,0.06,-0.95,-1.95,-7.25,7.02,26.10,27.55,-14.02,-36.70,158.48,1.40,1.44,Sell,Sell,Sell,Sell,Buy,Buy,48.09,0.19,0.01,27.21,65.96,73.38,long_upper_shadow_bearish,0.00,0.00,0.00,0.00,-0.06,947407.00,10.18,0.00,0.00,0.00,27.85,12.52,0.08,4.54,1.88,0.00,0.00,6.01,8052616592.33,7.41,32.16,14.14,16.62,16.67,16.81,16.98,15.98,19.53,22.54,14.80,19.12,1.07,0.26,0.30,981726710.82,278624776.14,266719884.38
[object Object],HOLM_B,Holmen AB Class B,OMXSTO,325.60,stock,common,10.00,2.00,false,0.00,SEK,-0.12,309051.00,0.86,4915032107.93,USD,18.80,1.78,-0.17,2.91,Process industries,sweden,Process Industries,Buy,Buy,-0.12,-0.12,1.12,4.90,-3.21,-8.02,-9.45,-19.49,108.65,113.51,1.90,1.82,Buy,Buy,StrongBuy,Strong buy,Neutral,Neutral,52.54,4.20,3.69,11.20,62.25,72.76,long_lower_shadow_bullish,0.00,0.00,0.00,0.00,-0.06,309051.00,141.06,0.00,0.00,0.00,-16.66,18.80,0.00,2.27,0.90,14.23,25.92,269.13,5591226107.93,2.52,25.75,15.30,323.96,322.95,322.14,315.39,329.35,35.67,42.93,28.79,35.35,1.56,0.33,0.31,2379864376.78,557119505.01,549148221.02
[object Object],BRBY,Burberry Group plc,LSE,1017.00,stock,common,10.00,5.00,false,0.00,GBX,-0.73,3498176.00,1.25,4886358239.16,USD,174.44,0.08,0.00,0.00,Consumer non-durables,uk,Consumer Non-Durables,Neutral,Neutral,-0.73,0.30,-6.53,-5.96,-1.93,-20.89,-9.40,-44.94,-25.93,352.00,3.03,3.17,Sell,Sell,StrongSell,Strong sell,Neutral,Neutral,42.38,-1.00,-36.01,-38.31,45.13,45.14,0.00,0.00,0.00,0.00,0.00,0.83,3498176.00,48.35,1017.00,0.00,1368319.00,-11.79,174.44,0.00,1.52,3.88,7.55,8.89,5.44,6019776239.16,1.88,26.02,8.28,1012.02,1051.46,1084.58,1102.06,1137.85,16.59,19.86,12.45,16.55,0.50,0.22,0.05,3361250175.92,1860054000.00,1432404332.89
[object Object],AKE,Arkema SA,EURONEXT,56.50,stock,common,100.00,5.00,false,0.00,EUR,-0.35,187069.00,0.90,4883765245.02,USD,101.22,0.64,-80.36,6.35,Process industries,france,Process Industries,Neutral,Neutral,-0.35,-0.70,-3.25,-1.40,0.89,8.45,4.44,-50.57,-32.53,112.85,2.17,2.37,Sell,Sell,StrongSell,Strong sell,Neutral,Neutral,39.24,-0.50,-2.07,-79.99,28.72,32.53,spinning_top_black,0.00,0.00,0.00,0.00,-0.09,187069.00,2.82,56.50,0.00,96545.00,-0.27,101.22,0.00,0.65,0.71,6.45,20.15,3.95,9191818265.02,0.90,19.90,6.53,56.85,58.45,58.71,58.65,57.61,72.67,92.38,57.74,71.60,5.32,1.85,1.58,10689044281.71,2855704184.62,2655275100.00
[object Object],TEP,Teleperformance SE,EURONEXT,72.36,stock,common,100.00,2.00,false,0.00,EUR,1.12,193936.00,0.76,4874018965.62,USD,9.15,9.03,-2.07,6.29,Commercial services,france,Commercial Services,Buy,Buy,1.12,4.66,2.03,42.11,48.58,16.45,13.06,-80.70,-23.97,22222.38,3.40,2.83,Buy,Buy,StrongBuy,Strong buy,Buy,Buy,58.21,3.30,1.23,129.78,72.57,66.94,0.00,0.00,0.00,0.00,0.00,-0.06,193936.00,-8.83,72.36,0.00,131803.00,6.44,9.15,0.00,0.42,1.00,3.02,3.62,4.11,9447371965.62,0.83,7.95,4.71,70.88,70.42,67.61,63.23,59.19,88.46,162.97,51.65,78.04,15.91,6.42,8.23,11808266188.42,5526405879.11,5843977220.25
[object Object],PSN,Persimmon Plc,LSE,1154.50,stock,common,10.00,5.00,false,0.00,GBX,0.52,660138.00,0.25,4872051648.00,USD,12.26,1.25,18.81,5.22,Consumer durables,uk,Consumer Durables,StrongBuy,Strong buy,0.52,-2.04,-3.27,2.99,3.13,-14.64,2.90,-58.02,-36.88,515.41,2.78,2.89,Buy,Buy,StrongBuy,Strong buy,Buy,Buy,51.83,47.50,10.83,42.58,62.83,74.40,spinning_top_black,0.00,0.00,0.00,0.00,0.87,660138.00,-17.22,1154.50,0.00,395614.00,4.17,12.26,0.65,0.94,1.02,0.00,0.00,34.08,5112209448.00,0.97,8.58,8.17,1150.20,1151.33,1138.87,1103.36,1201.30,18.52,22.86,15.14,18.22,1.35,0.48,0.84,5404675276.82,2156933785.50,2993540121.07
[object Object],AIXA,AIXTRON SE,XETR,34.80,stock,common,100.00,1.00,false,0.00,EUR,-0.80,267703.00,0.47,4872050726.46,USD,67.52,0.59,-46.54,0.43,Producer manufacturing,germany,Producer Manufacturing,Buy,Buy,-0.80,-0.49,-5.87,-30.68,-0.91,100.81,121.02,45.91,523.66,288.83,3.40,4.13,Sell,Sell,StrongSell,Strong sell,Neutral,Neutral,42.74,-2.74,-1.24,-42.14,41.59,49.77,0.00,0.00,0.00,0.00,0.00,1.11,267703.00,-29.29,34.80,0.00,156110.00,176.29,67.52,0.00,8.22,3.95,13.21,14.31,4.81,4340999119.41,7.90,77.65,55.45,34.86,36.46,37.53,44.88,36.73,55.82,85.94,46.45,51.10,0.87,0.13,0.38,675488154.00,137883885.72,211958326.89
[object Object],EMG,Man Group PLC,LSE,330.00,stock,common,10.00,2.00,false,0.00,GBX,-0.78,3997815.00,0.76,4868263780.90,USD,15.77,0.28,72.61,3.80,Finance,uk,Finance,Buy,Buy,-0.78,-1.96,7.77,11.49,33.06,43.48,83.64,60.82,187.71,1073.98,2.00,2.24,Buy,Buy,StrongBuy,Strong buy,Neutral,Neutral,61.23,25.00,25.24,73.41,70.46,78.40,0.00,0.00,0.00,0.00,0.00,1.02,3997815.00,-25.99,330.00,0.00,3298534.00,89.54,15.77,0.22,2.95,3.06,12.17,12.77,18.04,4893146056.28,2.84,10.07,8.65,329.24,314.31,310.76,299.96,276.63,4.78,5.11,4.45,4.85,0.45,0.18,0.26,1887181674.07,803667333.00,1027565395.00
[object Object],AAK,AAK AB,OMXSTO,181.40,stock,common,10.00,1.00,false,0.00,SEK,-0.66,717956.00,0.76,4803055227.80,USD,13.08,1.42,7.36,3.01,Consumer non-durables,sweden,Consumer Non-Durables,Buy,Buy,-0.66,-7.83,-7.64,-21.94,-20.79,-31.08,-25.47,-7.07,71.54,671.92,2.38,2.09,Sell,Sell,StrongSell,Strong sell,Neutral,Neutral,27.70,-18.80,-12.84,-134.94,5.45,8.29,0.00,0.00,0.00,0.00,0.00,0.22,717956.00,8.86,0.00,0.00,0.00,-25.98,13.08,1.79,1.05,2.34,14.40,23.88,25.83,5207566827.80,1.11,11.07,9.28,190.15,196.42,198.17,220.47,234.63,25.38,32.63,19.58,25.10,1.50,0.35,0.35,5066971017.64,1206229087.38,1206695050.00
[object Object],JD.,JD Sports Fashion Plc,LSE,77.50,stock,common,100.00,2.00,false,0.00,GBX,1.39,8317438.00,0.37,4797682135.31,USD,6.95,0.15,12.85,1.57,Retail trade,uk,Retail Trade,Buy,Buy,1.39,2.13,-9.76,-9.74,10.43,-8.31,-11.06,-65.23,34.08,2466.23,5.55,3.48,Sell,Sell,StrongSell,Strong sell,Buy,Buy,44.05,-0.60,-6.95,-38.37,27.53,27.26,0.00,0.00,0.00,0.00,0.00,0.42,8317438.00,-34.02,77.50,0.00,3097158.00,-21.53,6.95,0.53,0.30,1.23,2.65,3.43,5.38,9283798135.31,0.55,8.06,3.75,76.04,81.87,85.58,83.76,80.70,1.36,2.38,0.99,1.26,0.14,0.06,0.08,17160125764.18,7951852000.00,8759068395.11
[object Object],ACP,Asseco Poland S.A.,GPW,219.70,stock,common,10.00,1.00,false,0.00,PLN,-0.95,96398.00,0.69,4772286374.35,USD,12.80,4.56,106.58,5.88,Technology services,poland,Technology Services,Sell,Sell,-0.95,-2.96,-7.69,29.39,35.28,-3.05,6.14,153.26,283.76,303.02,2.86,3.39,Sell,Sell,Sell,Sell,Neutral,Neutral,43.40,-7.90,-4.99,-108.99,34.07,42.81,0.00,0.00,0.00,0.00,0.00,0.09,96398.00,52.83,0.00,0.00,0.00,7.79,12.80,0.12,0.99,2.54,8.32,9.18,3.30,5668911098.35,1.18,10.55,7.69,223.50,229.58,219.82,201.79,198.50,44.18,55.83,35.16,44.83,2.61,0.00,0.00,5372459300.00,1207516842.00,0.00
[object Object],MNDI,Mondi plc,LSE,824.20,stock,common,10.00,2.00,false,0.00,GBX,1.18,934345.00,0.50,4740557792.81,USD,0.00,-0.68,-241.62,1.51,Process industries,uk,Process Industries,Neutral,Neutral,1.18,-3.42,-3.98,14.73,-3.60,-9.90,-17.87,-56.14,-49.15,50.54,2.47,2.73,Sell,Sell,StrongSell,Strong sell,Neutral,Neutral,44.98,-1.60,-19.39,-110.14,36.83,50.14,tweezer_bottom_bullish,0.00,0.00,0.00,0.00,1.10,934345.00,-41.03,824.20,0.00,529160.00,-16.29,0.00,0.00,0.53,0.94,4.84,15.89,24.96,8281753062.46,0.93,23.04,8.81,833.50,848.00,841.47,785.32,825.41,12.09,14.67,9.17,11.68,0.42,0.02,0.29,9380615638.52,4483081725.07,4645722710.56
[object Object],BC8,Bechtle AG,XETR,33.52,stock,common,100.00,2.00,false,0.00,EUR,1.64,131654.00,0.44,4727481756.02,USD,17.20,2.23,14.82,2.12,Technology services,germany,Technology Services,StrongBuy,Strong buy,1.64,0.12,-5.47,8.13,22.34,-22.69,-16.24,-46.71,95.61,2338.61,2.85,2.65,Sell,Sell,StrongSell,Strong sell,Neutral,Neutral,41.79,-2.04,-1.10,-133.15,15.74,26.54,"harami_bullish,spinning_top_white",0.00,0.00,0.00,0.00,1.39,131654.00,-31.54,33.52,0.00,67550.00,-13.01,17.20,1.14,0.61,2.04,28.36,187.78,7.86,5381289211.02,0.70,15.39,9.95,34.35,35.39,35.15,33.15,34.42,49.25,56.24,43.61,48.20,2.35,0.47,0.52,8172371080.98,1868310889.86,1928722079.91
[object Object],ACX,Acerinox SA,BME,17.42,stock,common,100.00,1.00,false,0.00,EUR,0.58,396735.00,0.80,4699199389.08,USD,80.24,0.25,-41.75,2.90,Non-energy minerals,spain,Non-Energy Minerals,Buy,Buy,0.58,-0.85,0.58,11.24,39.58,37.17,57.22,57.36,47.00,74.20,2.07,2.22,Neutral,Neutral,Sell,Sell,Neutral,Neutral,47.44,-0.03,-0.24,-32.52,26.31,26.32,"inverted_hammer_bullish,long_upper_shadow_bearish",0.00,0.00,0.00,0.00,0.92,396735.00,48.27,0.00,0.00,0.00,57.18,80.24,0.00,0.76,2.05,12.37,178.48,4.73,6275584111.58,0.97,26.59,13.59,17.42,17.61,17.65,16.74,14.83,22.10,26.96,16.84,22.75,1.12,0.00,0.00,7302318575.61,3521012110.00,0.00
[object Object],AUTO,Autotrader Group PLC,LSE,456.40,stock,common,10.00,1.00,false,0.00,GBX,-0.78,4412632.00,0.98,4687556422.10,USD,13.40,0.45,7.95,2.52,Technology services,uk,Technology Services,Neutral,Neutral,-0.78,-7.85,-16.84,-6.48,-2.06,-21.55,-39.42,-26.03,12.19,74.87,3.95,2.99,StrongSell,Strong sell,StrongSell,Strong sell,Neutral,Neutral,31.84,-33.00,-35.00,-201.18,9.36,11.63,spinning_top_black,0.00,0.00,0.00,0.00,-0.52,4412632.00,-11.17,456.40,0.00,1237145.00,-43.53,13.40,1.70,6.25,9.22,11.87,12.95,212.69,4942245222.10,5.99,9.62,9.07,484.74,508.29,510.90,496.82,507.06,7.15,10.49,5.42,7.13,0.51,0.23,0.24,859866061.89,415607716.00,423928715.00
[object Object],SWEC_B,Sweco AB Class B,OMXSTO,127.10,stock,common,10.00,1.00,false,0.00,SEK,-0.08,165369.00,0.28,4605368946.75,USD,20.17,0.65,7.86,2.91,Industrial services,sweden,Industrial Services,StrongBuy,Strong buy,-0.08,-0.70,-0.78,0.95,-3.93,-15.21,-17.25,-14.41,113.02,6103.10,2.77,2.16,Sell,Sell,StrongSell,Strong sell,Neutral,Neutral,47.73,0.50,0.67,-24.33,38.99,37.37,0.00,0.00,0.00,0.00,0.00,0.63,165369.00,-45.88,0.00,0.00,0.00,-21.28,20.17,2.57,1.41,3.63,11.66,13.12,69.22,5257667746.75,1.57,15.59,10.58,127.16,127.56,129.29,129.93,136.55,17.09,20.26,13.47,17.22,0.76,0.17,0.14,3661944202.90,871797538.19,772264250.00
[object Object],AG1,AUTO1 Group SE,XETR,18.35,stock,common,100.00,1.00,false,0.00,EUR,1.10,246593.00,0.53,4583434609.71,USD,0.00,0.00,0.00,0.00,Technology services,germany,Technology Services,StrongBuy,Strong buy,1.10,-1.40,-15.90,-24.11,14.97,-34.23,-37.03,-42.19,-66.64,-66.64,3.52,3.92,Sell,Sell,StrongSell,Strong sell,Neutral,Neutral,35.89,-1.79,-2.14,-85.46,9.43,8.36,0.00,18.46,1.71,1.71,500.00,0.61,246593.00,-46.82,18.35,0.00,156905.00,-33.34,0.00,0.00,0.44,5.27,0.00,0.00,0.00,5648518466.81,0.54,45.52,29.45,18.59,20.36,21.32,22.17,21.87,38.46,45.19,25.96,40.56,0.74,0.14,0.23,11635310387.46,2699559742.81,2905215667.35
[object Object],R3NK,RENK Group AG,XETR,40.59,stock,common,1000.00,5.00,false,0.00,EUR,0.88,372584.00,0.66,4576765897.67,USD,40.99,1.13,28.89,1.44,Electronic technology,germany,Electronic Technology,StrongBuy,Strong buy,0.88,-1.87,-12.72,-3.10,-13.35,-25.40,-47.83,131.91,131.91,131.91,3.17,3.44,StrongSell,Strong sell,StrongSell,Strong sell,Neutral,Neutral,37.94,-1.16,-4.06,-92.75,29.51,34.58,0.00,0.00,0.00,0.00,0.00,0.41,372584.00,-10.74,40.63,0.11,119665.00,-39.59,40.99,1.41,2.91,8.67,28.55,41.75,29.78,5034740556.97,3.19,24.02,16.72,41.25,44.41,45.92,46.45,51.10,73.27,85.94,56.92,72.85,2.02,0.43,0.34,1822005563.87,405264749.96,404235486.25
[object Object],LAGR_B,Lagercrantz Group AB Class B,OMXSTO,226.00,stock,common,10.00,2.00,false,0.00,SEK,1.35,173890.00,0.75,4571740548.37,USD,37.26,0.62,18.07,1.12,Electronic technology,sweden,Electronic Technology,StrongBuy,Strong buy,1.35,3.29,0.00,-10.60,14.49,6.00,7.41,107.34,721.82,5753.25,2.06,2.16,Buy,Buy,Buy,Buy,Neutral,Neutral,52.57,5.00,1.28,68.62,77.99,83.80,0.00,0.00,0.00,0.00,0.00,0.90,173890.00,-21.33,0.00,0.00,0.00,-0.90,37.26,2.03,4.17,9.86,31.26,35.12,120.91,5026753348.37,4.43,29.07,25.41,221.34,223.41,225.33,237.14,224.11,27.71,29.35,23.28,28.34,0.75,0.16,0.15,1265419764.11,295123931.31,282213244.46
[object Object],RS1,RS Group PLC,LSE,757.00,stock,common,10.00,5.00,false,0.00,GBX,0.26,464988.00,0.40,4569073052.32,USD,21.93,0.46,6.38,3.03,Distribution services,uk,Distribution Services,Buy,Buy,0.26,4.92,1.14,23.59,34.10,21.51,33.51,-26.29,-26.29,-26.29,3.13,2.49,Buy,Buy,StrongBuy,Strong buy,Neutral,Neutral,59.01,21.50,16.31,70.58,77.87,79.73,0.00,0.00,0.00,0.00,0.00,-1.59,464988.00,-61.39,757.00,0.00,330891.00,28.69,21.93,3.43,1.23,2.48,13.48,14.52,21.36,5004078352.32,1.31,15.86,11.88,742.70,740.25,726.81,677.66,657.51,9.76,11.76,6.95,10.02,0.54,0.27,0.25,3976086730.44,2005474000.00,0.00
[object Object],VEND,Vend Marketplaces ASA,OSL,208.20,stock,common,10.00,2.00,false,0.00,NOK,-0.19,564059.00,0.85,4516414794.13,USD,0.00,-3.91,-222.32,1.20,Technology services,norway,Technology Services,Buy,Buy,-0.19,-12.15,-19.55,-12.15,-11.63,-26.69,-39.05,-42.33,19.23,6.92,3.86,2.69,StrongSell,Strong sell,StrongSell,Strong sell,Sell,Sell,23.86,-29.80,-20.32,-209.56,2.16,5.80,0.00,0.00,0.00,0.00,0.00,0.67,564059.00,-52.71,208.20,0.00,191740.00,-39.65,0.00,0.00,6.87,2.61,19.87,26.04,10.30,4369576124.13,6.83,24.79,18.72,227.32,242.40,241.80,242.71,250.73,32.36,46.59,22.45,30.71,0.65,0.20,0.21,647872096.65,174983987.38,175609131.46