ticker-view,name,description,exchange,close,type,typespecs,pricescale,minmov,fractional,minmove2,currency,change,volume,relative_volume_10d_calc,market_cap_basic,fundamental_currency_code,price_earnings_ttm,earnings_per_share_diluted_ttm,earnings_per_share_diluted_yoy_growth_ttm,dividends_yield_current,sector.tr,market,sector,AnalystRating,AnalystRating.tr,change,Perf.W,Perf.1M,Perf.3M,Perf.6M,Perf.YTD,Perf.Y,Perf.5Y,Perf.10Y,Perf.All,Volatility.W,Volatility.M,TechRating_1D,TechRating_1D.tr,MARating_1D,MARating_1D.tr,OsRating_1D,OsRating_1D.tr,RSI,Mom,AO,CCI20,Stoch.K,Stoch.D,candlestick_patterns_1D,premarket_close,premarket_change,premarket_gap,premarket_volume,gap,volume,volume_change,postmarket_close,postmarket_change,postmarket_volume,Perf.1Y.MarketCap,price_earnings_ttm,price_earnings_growth_ttm,price_sales_current,price_book_fq,price_to_cash_f_operating_activities_ttm,price_free_cash_flow_ttm,price_to_cash_ratio,enterprise_value_current,enterprise_value_to_revenue_ttm,enterprise_value_to_ebit_ttm,enterprise_value_ebitda_ttm,SMA10,SMA30,SMA50,SMA100,SMA200,price_target_average,price_target_high,price_target_low,price_target_median,earnings_per_share_forecast_next_fy,earnings_per_share_forecast_fq,earnings_per_share_forecast_next_fq,revenue_forecast_next_fy,revenue_forecast_fq,revenue_forecast_next_fq
[object Object],NVDA,NVIDIA Corporation,NASDAQ,222.54,stock,common,100.00,1.00,false,0.00,USD,1.62,15601875.00,0.12,5385468135089.98,USD,34.08,6.53,110.33,0.13,Electronic technology,america,Electronic Technology,StrongBuy,Strong buy,1.62,12.14,14.02,4.46,25.95,17.23,22.56,988.43,14987.46,508560.53,2.97,3.72,Buy,Buy,StrongBuy,Strong buy,Neutral,Neutral,63.59,15.70,11.63,168.97,91.21,87.70,0.00,221.60,1.19,0.36,1347575.00,1.16,15601875.00,-86.31,0.00,0.00,0.00,11.33,34.08,0.30,21.07,27.57,43.20,45.58,67.37,5317710135089.98,20.98,32.77,32.13,205.87,204.18,206.05,202.07,193.97,314.29,743.10,180.00,300.00,9.00,1.75,2.08,393652880225.00,78906699004.00,91913606236.00
[object Object],AAPL,Apple Inc.,NASDAQ,312.04,stock,common,100.00,1.00,false,0.00,USD,-0.12,4765245.00,0.07,4553967883069.33,USD,35.77,8.72,32.61,0.34,Electronic technology,america,Electronic Technology,Buy,Buy,-0.12,2.37,0.04,7.60,12.60,14.61,42.57,113.43,1060.86,243020.27,2.26,2.45,Neutral,Neutral,Neutral,Neutral,Neutral,Neutral,46.62,-20.98,-3.32,-73.03,26.51,22.95,0.00,311.45,-0.31,0.04,330656.00,-0.31,4765245.00,-89.67,0.00,0.00,0.00,59.31,35.77,1.10,9.85,42.40,31.29,33.59,73.58,4575912883069.33,9.80,29.55,27.24,320.58,316.45,309.76,291.32,279.41,326.82,400.00,240.00,335.00,8.80,1.89,1.99,477252895159.00,109038899874.00,113441189152.00
[object Object],GOOGL,Alphabet Inc. Class A,NASDAQ,355.98,stock,common,100.00,1.00,false,0.00,USD,-0.49,3630584.00,0.11,4347420763363.71,USD,17.88,19.91,112.02,0.24,Technology services,america,Technology Services,StrongBuy,Strong buy,-0.49,4.45,-2.41,-10.33,8.80,12.33,80.65,161.86,783.33,14123.98,3.64,3.22,Buy,Buy,StrongBuy,Strong buy,Neutral,Neutral,51.53,36.24,15.43,36.68,62.98,74.80,0.00,356.57,-0.33,0.36,260432.00,-0.29,3630584.00,-85.61,0.00,0.00,0.00,71.84,17.88,0.16,9.87,6.99,23.60,82.25,18.07,4240318209363.71,9.50,27.97,23.91,351.41,351.93,356.54,350.54,329.12,428.85,550.00,340.00,428.00,20.24,2.88,3.02,495359381557.00,116445882659.00,126392830454.00
[object Object],GOOG,Alphabet Inc. Class C,NASDAQ,354.67,stock,common,100.00,1.00,false,0.00,USD,-0.55,2692981.00,0.12,4345153171976.62,USD,17.82,19.91,112.02,0.24,Technology services,america,Technology Services,StrongBuy,Strong buy,-0.55,4.29,-2.08,-10.04,8.35,11.68,79.39,158.98,816.72,1152.21,3.41,3.17,Buy,Buy,StrongBuy,Strong buy,Neutral,Neutral,51.57,35.58,15.28,35.98,63.14,74.85,0.00,355.00,-0.45,0.25,199492.00,-0.38,2692981.00,-83.69,0.00,0.00,0.00,71.84,17.82,0.16,9.84,6.97,23.51,81.95,18.00,4238050617976.62,9.50,27.96,23.90,350.45,350.38,354.74,348.43,328.30,428.55,550.00,340.00,426.50,20.23,2.88,3.02,495344518829.00,116425581881.00,126383702078.00
[object Object],MSFT,Microsoft Corporation,NASDAQ,502.47,stock,common,100.00,1.00,false,0.00,USD,0.52,4573626.00,0.09,3731113692900.56,USD,28.00,17.95,31.55,0.71,Technology services,america,Technology Services,StrongBuy,Strong buy,0.52,11.66,30.84,20.39,25.88,3.73,-4.62,73.42,765.51,516722.15,2.84,3.17,Buy,Buy,StrongBuy,Strong buy,Neutral,Neutral,78.53,120.77,88.13,128.72,95.57,94.59,0.00,499.13,-0.15,-0.17,253203.00,-0.13,4573626.00,-87.45,0.00,0.00,0.00,-23.31,28.00,0.88,11.21,8.44,20.44,55.83,48.67,3783083692900.56,11.40,24.37,19.04,455.91,409.90,407.06,404.08,433.09,561.28,870.00,400.00,550.00,19.67,4.24,4.72,390047934108.00,87619545211.00,90574589016.00
[object Object],AMZN,"Amazon.com, Inc.",NASDAQ,277.12,stock,common,100.00,1.00,false,0.00,USD,1.79,6337704.00,0.10,2989103568465.48,USD,22.29,12.43,89.73,0.00,Retail trade,america,Retail Trade,StrongBuy,Strong buy,1.79,4.57,13.45,2.02,36.71,19.79,25.39,65.76,622.79,227282.38,2.63,2.84,Buy,Buy,StrongBuy,Strong buy,Buy,Buy,65.35,45.01,30.31,110.56,78.39,80.64,0.00,272.76,0.18,0.06,396533.00,0.22,6337704.00,-79.34,0.00,0.00,0.00,0.80,22.29,0.24,3.83,5.42,18.72,0.00,24.51,3107827568465.48,4.01,31.59,17.90,257.94,248.54,247.56,245.92,236.55,327.03,400.00,230.00,325.00,12.17,1.82,1.96,827485191019.00,197034781840.00,201836695635.00
[object Object],AVGO,Broadcom Inc.,NASDAQ,424.95,stock,common,100.00,1.00,false,0.00,USD,1.04,1894841.00,0.10,2021757453836.21,USD,70.74,6.01,125.81,0.60,Electronic technology,america,Electronic Technology,StrongBuy,Strong buy,1.04,7.63,12.56,1.23,32.76,20.46,38.80,773.51,2399.74,25654.85,3.69,3.90,Buy,Buy,StrongBuy,Strong buy,Buy,Buy,63.96,43.03,25.91,197.95,88.35,88.52,0.00,428.03,1.77,0.45,142921.00,1.86,1894841.00,-86.38,0.00,0.00,0.00,29.54,70.74,0.56,27.17,23.06,61.63,63.25,105.57,2067036453836.21,27.39,62.05,49.14,398.58,387.13,394.98,387.98,367.58,529.43,675.00,215.88,527.50,11.59,2.40,3.21,105647201255.00,22130302985.00,29247819031.00
[object Object],TSM,"Taiwan Semiconductor Manufacturing Co., Ltd. Sponsored ADR",NYSE,418.01,dr,0.00,100.00,1.00,false,0.00,USD,-0.05,1741826.00,0.12,1899391741954.39,USD,30.17,13.86,57.78,0.66,Electronic technology,america,Electronic Technology,StrongBuy,Strong buy,-0.05,-0.36,-2.56,0.25,23.85,33.99,70.99,252.99,1353.44,7911.28,2.67,3.63,Buy,Buy,StrongBuy,Strong buy,Neutral,Neutral,51.40,14.60,-9.20,66.92,82.15,79.29,0.00,424.80,1.58,0.62,245955.00,1.58,1741826.00,-83.61,0.00,0.00,0.00,84.07,30.17,0.52,15.19,0.00,24.57,54.33,19.63,1821115314851.60,12.75,22.83,17.87,404.71,420.65,425.84,401.04,360.19,537.70,650.00,430.00,532.50,16.61,3.81,4.36,168145782199.00,39834731029.00,44979785901.00
[object Object],SPCX,Space Exploration Technologies Corp,NASDAQ,120.83,stock,common,100.00,1.00,false,0.00,USD,5.14,48090590.00,0.46,1602845382874.94,USD,0.00,0.00,0.00,0.00,Communications,america,Communications,Buy,Buy,5.14,6.84,-20.79,-19.45,-19.45,-19.45,-19.45,-19.45,-19.45,-19.45,9.08,7.29,Buy,Buy,Buy,Buy,Buy,Buy,46.29,5.76,-21.15,-12.24,39.21,37.50,0.00,114.93,0.01,0.10,6509973.00,0.04,48090590.00,-81.15,0.00,0.00,0.00,0.00,0.00,0.00,0.00,12.51,0.00,0.00,15.89,1542334382874.94,0.00,0.00,0.00,114.69,132.26,0.00,0.00,0.00,227.09,800.00,75.00,217.00,0.00,-0.23,0.13,0.00,6826708501.00,12575296801.00
[object Object],META,Meta Platforms Inc Class A,NASDAQ,589.90,stock,common,100.00,1.00,false,0.00,USD,0.00,1703702.00,0.09,1502773930623.00,USD,22.22,26.55,-3.86,0.36,Technology services,america,Technology Services,StrongBuy,Strong buy,0.00,8.52,-3.99,-4.11,-11.36,-10.99,-23.74,62.17,370.98,1302.85,3.29,3.71,Sell,Sell,StrongSell,Strong sell,Neutral,Neutral,47.00,-5.29,-14.45,-42.97,49.50,46.38,0.00,585.48,-0.75,-0.35,184799.00,-0.72,1703702.00,-85.58,0.00,0.00,0.00,-14.41,22.22,0.00,6.63,5.75,11.62,36.94,16.64,1524129930623.00,6.68,17.53,13.90,581.54,607.83,599.71,608.83,631.28,749.20,1000.00,580.00,750.00,31.78,7.19,6.76,254065308644.00,60223636026.00,63247888848.00
[object Object],TSLA,"Tesla, Inc.",NASDAQ,326.68,stock,common,100.00,1.00,false,0.00,USD,2.24,6697623.00,0.17,1290218459725.22,USD,303.52,1.08,-37.67,0.00,Consumer durables,america,Consumer Durables,Buy,Buy,2.24,5.48,-18.20,-21.56,-18.51,-28.64,2.15,38.00,2049.18,25690.17,2.84,3.82,Sell,Sell,StrongSell,Strong sell,Buy,Buy,40.52,13.65,-44.81,-36.02,28.57,27.61,0.00,322.27,0.86,0.52,408726.00,0.88,6697623.00,-74.27,0.00,0.00,0.00,17.20,303.52,0.00,10.92,14.85,61.89,200.70,26.27,1262939459725.22,12.19,264.66,112.27,315.22,364.22,380.40,385.24,408.79,376.83,600.00,24.86,403.00,1.70,0.53,0.46,106152720452.00,26423384487.00,27660698641.00
[object Object],LLY,Eli Lilly and Company,NYSE,1189.89,stock,common,100.00,1.00,false,0.00,USD,-0.17,367068.00,0.12,1120111291901.75,USD,40.43,29.43,95.14,0.54,Health technology,america,Health Technology,Buy,Buy,-0.17,3.60,-2.56,22.16,12.68,10.54,76.11,349.73,1361.06,42266.04,4.40,3.30,Buy,Buy,StrongBuy,Strong buy,Sell,Sell,54.52,-6.14,-11.53,38.82,60.84,41.04,long_lower_shadow_bullish,1189.00,-0.25,-0.21,9428.00,-0.33,367068.00,-89.27,0.00,0.00,0.00,58.98,40.43,0.43,13.37,33.07,37.87,58.46,118.82,1166069291901.75,14.64,29.44,27.96,1172.08,1184.25,1157.63,1052.22,1033.39,1328.08,1680.00,850.00,1371.50,36.33,6.40,9.72,87009055400.00,20822836356.00,22029528965.00
[object Object],BRK.B,Berkshire Hathaway Inc. Class B,NYSE,521.33,stock,common,100.00,1.00,false,0.00,USD,-0.63,403804.00,0.09,1011506088147.09,USD,15.52,33.59,-10.48,0.00,Finance,america,Finance,Neutral,Neutral,-0.63,2.42,3.32,9.79,3.40,4.07,11.11,81.11,258.82,2147.11,1.52,1.47,Buy,Buy,StrongBuy,Strong buy,Neutral,Neutral,69.43,26.40,17.15,113.78,94.07,92.00,0.00,521.54,-0.59,-0.28,26405.00,-0.83,403804.00,-90.72,0.00,0.00,0.00,-3.23,15.52,0.00,2.98,1.55,24.71,47.11,2.83,762507088147.09,2.03,12.58,10.26,513.51,501.62,495.06,486.33,491.03,509.86,585.00,463.56,481.00,20.86,5.08,5.04,388791300000.00,92910349950.00,96522968300.00
[object Object],MU,"Micron Technology, Inc.",NASDAQ,863.23,stock,common,100.00,1.00,false,0.00,USD,-2.07,8016975.00,0.16,974920297345.29,USD,19.54,44.17,697.29,0.06,Electronic technology,america,Electronic Technology,StrongBuy,Strong buy,-2.07,-6.14,-4.37,27.61,128.39,192.49,656.29,956.19,5840.98,61013.27,6.92,8.15,Neutral,Neutral,Sell,Sell,Neutral,Neutral,46.55,-57.73,-90.70,-18.90,51.63,51.91,marubozu_black_bearish,903.68,2.52,0.85,1058316.00,2.51,8016975.00,-77.60,0.00,0.00,0.00,639.60,19.54,0.03,11.18,9.68,19.22,37.77,37.94,955247297345.29,10.58,16.09,13.97,851.75,934.45,970.66,754.40,534.95,1554.51,2200.00,361.00,1600.00,73.22,20.86,31.16,129427668035.00,35911904101.00,50452182719.00
[object Object],JPM,JPMorgan Chase & Co.,NYSE,354.57,stock,common,100.00,1.00,false,0.00,USD,-0.49,557945.00,0.08,950074351001.74,USD,15.19,23.34,19.77,1.68,Finance,america,Finance,Buy,Buy,-0.49,0.36,5.36,15.03,12.67,9.94,21.04,125.10,436.66,3610.56,1.60,2.22,Buy,Buy,StrongBuy,Strong buy,Sell,Sell,59.80,1.36,14.42,62.79,75.89,78.67,0.00,357.24,0.26,0.10,9530.00,-0.15,557945.00,-90.41,0.00,0.00,0.00,17.22,15.19,0.77,4.82,2.67,0.00,0.00,0.00,2184265351001.74,7.34,0.00,0.00,354.11,343.96,332.94,317.66,313.22,375.70,420.00,305.00,375.00,24.83,5.59,5.84,207515653962.00,50720644720.00,50631264332.00
[object Object],WMT,Walmart Inc.,NASDAQ,111.75,stock,common,100.00,1.00,false,0.00,USD,-0.29,3081904.00,0.13,889314620950.32,USD,39.37,2.84,21.78,0.86,Retail trade,america,Retail Trade,Buy,Buy,-0.29,1.11,-1.24,-14.25,-12.21,0.29,8.01,129.76,353.04,635637.34,2.33,2.23,Sell,Sell,StrongSell,Strong sell,Neutral,Neutral,46.47,2.28,-1.40,-30.16,53.31,48.25,0.00,110.69,-1.23,-0.14,135665.00,-1.30,3081904.00,-86.72,0.00,0.00,0.00,14.70,39.37,1.81,1.24,9.43,21.86,71.21,83.32,959409620950.32,1.32,31.79,21.40,111.98,112.18,114.61,120.65,118.11,139.84,155.00,120.00,140.00,2.90,0.66,0.74,752228689963.00,174841664217.00,186784491598.00
[object Object],AMD,"Advanced Micro Devices, Inc.",NASDAQ,486.82,stock,common,100.00,1.00,false,0.00,USD,-0.50,5509123.00,0.16,794729628006.94,USD,124.94,3.90,124.28,0.00,Electronic technology,america,Electronic Technology,Buy,Buy,-0.50,-4.60,-3.56,16.30,146.96,122.40,191.80,337.36,7166.04,106114.82,5.59,6.83,Sell,Sell,Sell,Sell,Neutral,Neutral,47.43,-35.13,-26.39,-41.09,45.13,49.89,0.00,498.00,1.78,0.80,385315.00,1.77,5509123.00,-77.67,0.00,0.00,0.00,157.66,124.94,1.01,19.65,11.82,80.12,96.11,61.55,785883628006.94,19.03,121.11,82.59,480.20,515.44,514.15,414.77,318.31,598.39,1250.00,320.00,597.00,7.61,1.62,1.93,51061215786.00,11309653407.00,12906435240.00
[object Object],V,Visa Inc. Class A,NYSE,368.09,stock,common,100.00,1.00,false,0.00,USD,-0.64,428117.00,0.06,687243331501.50,USD,31.59,11.65,15.03,0.70,Finance,america,Finance,StrongBuy,Strong buy,-0.64,1.19,5.08,14.68,10.94,5.21,7.81,52.26,358.79,2374.56,1.91,2.12,Buy,Buy,StrongBuy,Strong buy,Sell,Sell,62.22,12.35,14.24,87.27,80.62,79.83,spinning_top_black,368.49,-0.53,-0.02,10822.00,-0.53,428117.00,-91.48,0.00,0.00,0.00,2.06,31.59,2.12,15.81,19.84,30.94,33.25,43.96,695724331501.50,15.64,23.33,22.32,367.26,357.69,344.40,329.39,330.94,420.00,450.00,370.00,420.00,13.22,3.23,3.44,45827037323.00,11400783120.00,12097809815.00
[object Object],ASML,ASML Holding NV Sponsored ADR,NASDAQ,1735.85,dr,0.00,100.00,1.00,false,0.00,USD,1.85,241929.00,0.13,657440873034.40,USD,54.04,32.12,23.10,0.45,Electronic technology,america,Electronic Technology,StrongBuy,Strong buy,1.85,3.12,0.12,12.82,26.49,53.11,143.11,119.67,1488.87,63265.47,3.08,3.97,Buy,Buy,StrongBuy,Strong buy,Buy,Buy,51.52,-21.24,-67.82,26.22,59.85,54.04,0.00,1757.51,3.12,1.01,47462.00,3.25,241929.00,-77.44,0.00,0.00,0.00,116.56,54.04,2.30,15.92,26.81,51.28,58.99,77.08,651041708604.40,15.80,44.62,41.21,1654.22,1750.54,1760.48,1603.34,1409.03,2373.23,2859.00,2045.00,2400.00,43.62,7.92,11.74,49500830222.00,10239884383.00,12987597220.00
[object Object],ASML,ASML Holding NV,EURONEXT,1501.80,stock,common,10.00,2.00,false,0.00,EUR,0.52,256607.00,0.36,657440873034.40,USD,54.52,31.46,14.70,0.52,Electronic technology,netherlands,Electronic Technology,StrongBuy,Strong buy,0.52,1.89,-1.44,15.52,31.46,63.35,148.52,124.59,1413.61,5769.98,3.66,4.62,Buy,Buy,Buy,Buy,Buy,Buy,49.92,-61.20,-75.65,0.07,56.81,49.94,0.00,0.00,0.00,0.00,0.00,-0.74,256607.00,-52.89,0.00,0.00,0.00,119.59,54.52,3.69,16.28,26.52,50.32,57.57,76.24,650992901892.40,16.14,45.55,42.07,1440.84,1535.40,1544.90,1397.76,1222.40,2327.90,2841.25,1420.63,2386.65,44.90,7.87,11.87,50891660679.97,10149779740.40,13105881561.10
[object Object],XOM,Exxonmobil Holdings Corporation,NYSE,152.17,stock,common,100.00,1.00,false,0.00,USD,-1.72,1004316.00,0.07,625709650884.63,USD,19.58,7.77,10.17,2.63,Energy minerals,america,Energy Minerals,Buy,Buy,-1.72,-1.02,6.09,4.33,3.79,26.71,42.03,166.36,72.82,6957.16,2.36,2.23,Buy,Buy,StrongBuy,Strong buy,Sell,Sell,53.41,-4.77,7.09,10.80,47.98,55.68,0.00,152.25,-1.67,-0.54,43949.00,-1.42,1004316.00,-91.55,0.00,0.00,0.00,31.80,19.58,1.96,1.78,2.41,10.63,20.79,59.99,664220650884.63,1.83,16.17,9.39,154.46,147.29,146.46,150.90,140.20,168.36,185.00,142.00,168.00,11.32,3.56,3.46,396632107642.00,109936966477.00,105477214407.00
[object Object],JNJ,Johnson & Johnson,NYSE,257.53,stock,common,100.00,1.00,false,0.00,USD,0.21,432480.00,0.06,620621171142.29,USD,29.85,8.63,-7.72,2.04,Health technology,america,Health Technology,Buy,Buy,0.21,0.59,-4.12,15.52,7.77,24.52,50.45,48.24,107.69,41105.26,2.07,2.38,Buy,Buy,StrongBuy,Strong buy,Sell,Sell,53.52,-5.87,0.80,1.65,40.38,37.45,0.00,255.50,-0.58,0.01,4549.00,-0.42,432480.00,-93.76,0.00,0.00,0.00,58.77,29.85,0.00,6.40,7.30,22.76,28.25,30.27,648899171142.29,6.63,24.55,18.98,259.18,257.38,247.69,240.30,228.04,277.81,305.00,210.00,280.00,11.59,2.85,2.90,101267265669.00,25062319857.00,25318303053.00
[object Object],INTC,Intel Corporation,NASDAQ,99.38,stock,common,100.00,1.00,false,0.00,USD,-0.43,17920312.00,0.14,501264637339.25,USD,0.00,-2.12,55.49,0.00,Electronic technology,america,Electronic Technology,Buy,Buy,-0.43,2.75,-8.24,-11.12,102.40,163.11,396.89,83.76,184.75,246313.09,6.48,7.19,Buy,Buy,Buy,Buy,Neutral,Neutral,48.11,7.06,-11.18,43.81,73.00,70.00,0.00,102.33,2.52,0.59,1679920.00,2.52,17920312.00,-77.05,0.00,0.00,0.00,387.27,0.00,0.00,8.93,5.72,33.96,1474.50,16.97,537505637339.25,9.42,117.41,31.70,93.33,104.97,110.60,95.06,68.57,121.72,200.00,75.00,118.00,1.49,0.22,0.38,62559066901.00,14434847186.00,16293372117.00
[object Object],MA,Mastercard Incorporated Class A,NYSE,569.80,stock,common,100.00,1.00,false,0.00,USD,-1.07,423698.00,0.13,499409261219.09,USD,31.35,18.18,22.62,0.59,Finance,america,Finance,StrongBuy,Strong buy,-1.07,0.37,7.28,13.93,3.02,-0.16,-0.55,52.28,487.42,14038.96,1.66,2.01,Buy,Buy,StrongBuy,Strong buy,Neutral,Neutral,64.21,30.14,35.99,74.56,80.65,80.21,0.00,572.98,-0.52,-0.35,681.00,-0.59,423698.00,-85.96,0.00,0.00,0.00,-2.39,31.35,1.40,14.47,89.16,29.21,30.51,41.59,511950261219.09,14.57,24.62,23.28,568.65,543.30,521.61,511.54,528.19,667.68,735.00,600.00,668.00,19.92,4.77,5.15,37250448030.00,9075236719.00,9649483895.00
[object Object],CSCO,"Cisco Systems, Inc.",NASDAQ,121.33,stock,common,100.00,1.00,false,0.00,USD,0.38,1222397.00,0.06,478233982345.83,USD,39.56,3.07,25.71,1.37,Electronic technology,america,Electronic Technology,Buy,Buy,0.38,5.21,8.65,30.01,45.22,58.31,73.83,117.37,291.40,156951.70,3.25,3.42,Buy,Buy,StrongBuy,Strong buy,Neutral,Neutral,60.85,7.16,3.62,143.22,78.69,84.16,0.00,121.60,0.60,0.22,37802.00,0.83,1222397.00,-91.30,0.00,0.00,0.00,69.27,39.56,1.53,7.92,9.78,37.09,40.99,29.04,494594982345.83,8.14,34.01,28.96,117.35,115.44,117.88,104.69,90.78,133.75,150.00,121.00,131.00,4.28,1.03,1.17,62901513521.00,15558333278.00,16819319474.00
[object Object],BAC,Bank of America Corp,NYSE,62.66,stock,common,100.00,1.00,false,0.00,USD,-0.53,2678346.00,0.09,438200586955.72,USD,14.42,4.35,27.25,1.78,Finance,america,Finance,Buy,Buy,-0.53,1.83,5.55,18.28,12.81,13.87,37.09,56.47,315.55,1915.36,1.40,1.87,Buy,Buy,StrongBuy,Strong buy,Sell,Sell,62.87,0.62,2.49,82.41,77.58,81.75,0.00,62.75,-0.40,-0.30,52352.00,-0.46,2678346.00,-89.06,0.00,0.00,0.00,23.05,14.42,0.53,3.80,1.59,5.56,5.56,0.00,1179082586955.72,6.04,0.00,0.00,62.38,60.72,58.38,54.70,53.86,68.23,75.00,61.00,67.50,4.65,1.13,1.19,124013763715.00,30776101012.00,31321129649.00
[object Object],ABBV,"AbbVie, Inc.",NYSE,246.21,stock,common,100.00,1.00,false,0.00,USD,0.96,420344.00,0.07,435081944077.60,USD,69.61,3.54,68.31,2.80,Health technology,america,Health Technology,Buy,Buy,0.96,-2.51,-2.78,21.93,12.55,7.64,24.95,114.88,271.13,565.43,2.92,2.57,Neutral,Neutral,Neutral,Neutral,Neutral,Neutral,47.41,-13.15,-4.09,-89.36,14.81,11.62,0.00,243.24,-0.26,0.47,3822.00,-0.10,420344.00,-90.80,0.00,0.00,0.00,37.67,69.61,1.01,6.71,0.00,22.35,23.94,66.38,499381944077.60,7.76,22.69,16.69,251.69,252.44,241.16,224.61,225.10,275.44,300.00,218.00,280.00,14.05,3.61,3.86,67572718403.00,16804130773.00,17308493284.00
[object Object],AMAT,"Applied Materials, Inc.",NASDAQ,535.58,stock,common,100.00,1.00,false,0.00,USD,1.53,750946.00,0.10,425224796134.10,USD,50.32,10.64,29.54,0.36,Producer manufacturing,america,Producer Manufacturing,StrongBuy,Strong buy,1.53,0.73,-2.11,26.58,73.10,100.53,190.53,273.25,1894.69,967707.51,4.21,6.40,Buy,Buy,Buy,Buy,Neutral,Neutral,49.54,-0.67,-40.33,2.36,68.57,66.63,0.00,540.30,2.43,1.38,41639.00,2.30,750946.00,-82.01,0.00,0.00,0.00,152.03,50.32,1.68,14.52,17.79,53.54,80.09,51.93,424251796134.10,14.62,48.51,45.94,510.14,563.10,553.04,473.17,381.14,641.58,900.00,425.00,650.00,12.31,2.68,3.39,33497820642.00,7683265924.00,8995620050.00
[object Object],COST,Costco Wholesale Corporation,NASDAQ,945.25,stock,common,100.00,1.00,false,0.00,USD,-0.41,157324.00,0.08,419198366144.39,USD,47.54,19.88,12.78,0.58,Retail trade,america,Retail Trade,Buy,Buy,-0.41,-0.05,-1.43,-6.57,-4.34,9.77,-3.02,114.51,465.17,37397.27,1.85,1.91,Sell,Sell,Sell,Sell,Neutral,Neutral,48.75,10.22,5.61,4.46,40.55,42.56,"hammer_bullish,long_lower_shadow_bullish",942.00,-0.75,-0.14,6707.00,-0.59,157324.00,-92.57,0.00,0.00,0.00,3.43,47.54,3.74,1.44,12.51,28.01,47.71,21.01,407434366144.39,1.39,36.30,29.55,953.66,941.08,951.41,979.67,958.07,1090.03,1315.00,781.00,1100.00,20.53,5.00,6.56,302019303752.00,69829227249.00,94515140473.00
[object Object],ORCL,Oracle Corporation,NYSE,143.10,stock,common,100.00,1.00,false,0.00,USD,-0.25,4206529.00,0.12,412209798415.30,USD,24.57,5.82,34.18,1.39,Technology services,america,Technology Services,Buy,Buy,-0.25,10.02,2.91,-25.69,2.40,-27.53,-44.47,59.97,247.51,226070.72,5.35,5.55,Neutral,Neutral,Neutral,Neutral,Neutral,Neutral,53.57,28.11,4.46,132.42,85.25,88.19,0.00,145.33,1.30,0.61,360917.00,1.29,4206529.00,-81.76,0.00,0.00,0.00,-50.79,24.57,0.72,6.21,10.97,13.05,0.00,13.08,553249798415.30,8.21,24.65,17.43,133.36,134.06,160.21,164.44,179.29,249.85,400.00,110.00,241.00,8.06,1.96,1.73,89614290797.00,19100839464.00,19126461221.00
[object Object],PLTR,Palantir Technologies Inc. Class A,NASDAQ,168.44,stock,common,100.00,1.00,false,0.00,USD,8.03,14504864.00,0.27,404777002865.90,USD,143.95,1.17,288.87,0.00,Technology services,america,Technology Services,Buy,Buy,8.03,37.74,30.08,23.98,24.47,-7.09,-6.94,643.99,1584.40,1584.40,6.29,5.39,StrongBuy,Strong buy,StrongBuy,Strong buy,Buy,Buy,71.62,45.52,22.90,205.13,87.43,82.48,"rising_window_bullish,marubozu_white_bullish",160.00,2.62,0.72,622772.00,2.66,14504864.00,-65.26,0.00,0.00,0.00,-20.10,143.95,0.46,65.06,41.41,127.25,128.84,45.98,395689993865.90,64.28,150.19,148.61,139.45,131.75,132.53,137.24,152.26,197.71,255.00,80.00,203.00,1.59,0.34,0.41,8134580832.00,1812279528.00,2161932973.00
[object Object],CAT,Caterpillar Inc.,NYSE,846.08,stock,common,100.00,1.00,false,0.00,USD,-1.27,287802.00,0.08,388921720362.70,USD,42.09,20.10,-2.05,0.72,Producer manufacturing,america,Producer Manufacturing,Buy,Buy,-1.27,0.32,-9.75,-7.13,22.17,46.48,98.22,308.16,919.37,24438.75,4.24,4.40,Sell,Sell,StrongSell,Strong sell,Neutral,Neutral,43.48,-42.65,-54.02,-42.19,51.60,53.89,0.00,866.00,1.05,0.24,10265.00,1.01,287802.00,-90.06,0.00,0.00,0.00,92.25,42.09,0.00,5.64,20.89,31.99,49.88,96.78,427914720362.70,6.05,35.33,29.65,840.15,905.48,916.96,862.11,746.22,984.41,1225.00,575.00,980.50,26.80,6.22,6.89,78815915002.00,19335236841.00,20394706166.00
[object Object],GE,GE Aerospace,NYSE,373.89,stock,common,100.00,1.00,false,0.00,USD,-0.18,240108.00,0.07,387934230481.32,USD,44.07,8.48,18.43,0.44,Electronic technology,america,Electronic Technology,Buy,Buy,-0.18,4.95,3.82,22.81,20.34,20.71,37.48,480.12,149.62,7743.68,2.49,2.87,Buy,Buy,StrongBuy,Strong buy,Neutral,Neutral,60.25,20.16,13.63,117.63,78.21,86.82,0.00,375.15,0.16,-0.01,3587.00,0.49,240108.00,-93.24,0.00,0.00,0.00,31.61,44.07,2.40,7.74,21.99,39.95,46.62,41.89,399046230481.32,7.88,42.56,37.61,366.68,361.46,351.95,323.24,316.95,407.80,455.00,350.00,402.50,7.92,1.86,1.99,50291013479.00,11881567695.00,12833925894.00
[object Object],LRCX,Lam Research Corporation,NASDAQ,307.01,stock,common,100.00,1.00,false,0.00,USD,0.41,1006110.00,0.08,383937927764.09,USD,53.29,5.76,38.54,0.34,Producer manufacturing,america,Producer Manufacturing,StrongBuy,Strong buy,0.41,-2.65,-5.67,3.82,39.13,72.62,211.39,372.32,3195.51,138055.24,5.52,6.87,Neutral,Neutral,Neutral,Neutral,Buy,Buy,47.51,1.80,-30.12,1.04,72.43,70.28,0.00,310.05,1.40,0.91,64699.00,1.99,1006110.00,-86.46,0.00,0.00,0.00,166.42,53.29,1.38,16.53,30.80,65.83,78.84,69.12,382093319764.09,16.45,46.60,44.22,293.69,327.82,337.75,298.88,245.18,381.00,500.00,300.00,380.00,9.48,1.69,2.18,34761782542.00,6664835041.00,8132747773.00
[object Object],KO,Coca-Cola Company,NYSE,86.94,stock,common,100.00,1.00,false,0.00,USD,0.10,1019485.00,0.05,374042075800.96,USD,26.19,3.32,17.60,2.39,Consumer non-durables,america,Consumer Non-Durables,Buy,Buy,0.10,-0.83,3.29,10.65,10.75,24.46,25.16,53.07,100.17,33450.76,1.55,2.03,Buy,Buy,StrongBuy,Strong buy,Neutral,Neutral,59.51,4.69,3.03,51.87,59.75,59.00,0.00,86.50,-0.40,-0.06,59113.00,-0.39,1019485.00,-92.49,0.00,0.00,0.00,27.19,26.19,1.49,7.41,10.35,22.94,26.23,22.90,403379075800.96,7.98,24.98,23.48,87.15,84.20,82.57,80.08,76.56,96.24,104.00,85.00,96.00,3.31,0.93,0.88,49727687271.00,13170956898.00,12895215509.00
[object Object],CVX,Chevron Corporation,NYSE,186.51,stock,common,100.00,1.00,false,0.00,USD,-1.44,898813.00,0.11,371452893248.27,USD,17.88,10.43,34.60,3.69,Energy minerals,america,Energy Minerals,Buy,Buy,-1.44,-4.41,5.49,2.46,3.44,22.57,21.27,84.83,84.68,4636.76,2.02,1.95,Neutral,Neutral,Neutral,Neutral,Sell,Sell,49.55,-8.28,7.47,-44.61,13.65,29.75,0.00,186.22,-1.59,-0.38,17634.00,-1.60,898813.00,-87.49,0.00,0.00,0.00,16.20,17.88,0.52,1.77,0.00,8.13,13.58,43.19,405672893248.27,1.92,14.32,7.78,190.43,183.09,182.85,187.81,176.29,217.21,236.00,175.00,220.00,15.26,5.55,4.42,228468226946.00,62720794781.00,56710056337.00
[object Object],UNH,UnitedHealth Group Incorporated,NYSE,405.61,stock,common,100.00,1.00,false,0.00,USD,0.41,392947.00,0.09,368352430164.46,USD,26.08,15.55,-32.64,2.22,Health services,america,Health Services,Buy,Buy,0.41,-3.88,-5.04,9.04,51.88,22.58,64.60,-2.25,184.42,280538.25,2.67,3.17,Neutral,Neutral,Sell,Sell,Buy,Buy,42.92,-15.13,-11.11,-162.75,24.45,19.59,0.00,401.50,-0.61,-0.09,19977.00,-0.59,392947.00,-91.66,0.00,0.00,0.00,64.43,26.08,0.00,0.81,0.00,13.60,15.56,0.00,443116430164.46,0.98,0.00,0.00,414.83,421.58,412.77,373.64,345.93,481.52,529.00,380.00,490.00,19.72,4.91,4.09,445725111000.00,110806566222.00,111311289742.00
[object Object],ROP,Roche Holding Ltd,SIX,371.60,stock,common,10.00,1.00,false,0.00,CHF,1.89,583991.00,0.65,357558849710.68,USD,24.25,18.96,30.49,2.69,Health technology,switzerland,Health Technology,Buy,Buy,1.89,4.35,10.76,17.22,4.59,13.29,49.78,3.28,50.93,189.18,1.68,2.17,StrongBuy,Strong buy,StrongBuy,Strong buy,Buy,Buy,69.73,16.50,20.80,113.59,88.17,80.70,0.00,0.00,0.00,0.00,0.00,1.45,583991.00,-14.21,0.00,0.00,0.00,40.80,24.25,0.78,4.83,9.06,16.30,20.31,30.81,389670126110.68,5.17,16.87,14.27,361.14,344.28,336.07,327.41,325.70,459.16,534.70,283.04,467.63,25.56,12.51,11.88,79819253993.85,37648198160.72,39767289091.95
[object Object],HD,"Home Depot, Inc.",NYSE,354.41,stock,common,100.00,1.00,false,0.00,USD,1.40,258158.00,0.06,353388118261.91,USD,25.16,14.08,-4.45,2.65,Retail trade,america,Retail Trade,Buy,Buy,1.40,6.61,4.86,9.83,-7.06,3.20,-8.80,7.65,158.86,1009097.56,2.35,2.45,Buy,Buy,StrongBuy,Strong buy,Neutral,Neutral,60.65,21.43,6.36,140.63,92.58,85.62,0.00,351.80,0.65,-0.43,9293.00,0.57,258158.00,-90.16,0.00,0.00,0.00,-8.51,25.16,0.00,2.09,25.47,19.58,24.66,220.48,414944118261.91,2.49,20.01,16.63,342.95,342.05,334.56,329.98,348.13,373.24,430.00,310.00,377.00,14.95,3.41,4.73,170966476249.00,41586653550.00,47258713876.00
[object Object],HSBA,HSBC Holdings Plc,LSE,1530.40,stock,common,10.00,2.00,false,0.00,GBX,0.60,14390932.00,0.53,351630411218.10,USD,14.70,1.38,35.01,3.69,Finance,uk,Finance,Buy,Buy,0.60,-3.91,5.25,16.66,19.92,29.08,62.20,277.09,199.32,538.61,2.74,2.55,Buy,Buy,StrongBuy,Strong buy,Neutral,Neutral,53.76,-22.40,60.85,12.73,45.77,63.66,0.00,0.00,0.00,0.00,0.00,-0.01,14390932.00,-22.00,0.00,0.00,0.00,57.46,14.70,0.42,0.00,2.02,0.00,0.00,0.00,698148255483.61,5.19,0.00,0.00,1555.46,1501.43,1458.51,1382.66,1281.33,20.36,25.01,15.06,20.44,1.70,0.44,0.45,74531218124.67,18659357176.00,19090816071.00
[object Object],PG,Procter & Gamble Company,NYSE,145.21,stock,common,100.00,1.00,false,0.00,USD,-1.20,865313.00,0.09,337530934048.40,USD,21.94,6.62,1.74,2.92,Consumer non-durables,america,Consumer Non-Durables,Buy,Buy,-1.20,1.18,-3.81,-0.91,-8.23,1.47,-5.17,2.30,69.62,9967.82,2.09,2.19,StrongSell,Strong sell,StrongSell,Strong sell,Sell,Sell,44.87,-2.20,-2.03,-91.08,44.71,46.92,falling_window_bearish,144.84,-1.45,-0.05,16670.00,-1.41,865313.00,-90.13,0.00,0.00,0.00,-5.58,21.94,12.76,4.07,6.33,17.92,23.13,35.24,363599934048.40,4.18,17.51,15.20,146.40,147.87,147.56,146.09,147.96,159.76,177.00,145.00,162.00,6.99,1.41,1.88,88706188108.00,21381948776.00,22724969053.00
[object Object],MS,Morgan Stanley,NYSE,214.07,stock,common,100.00,1.00,false,0.00,USD,0.15,770450.00,0.14,336211124453.94,USD,17.30,12.38,40.23,1.94,Finance,america,Finance,Buy,Buy,0.15,1.60,-2.70,12.15,19.67,19.92,50.51,114.99,637.66,3048.09,2.22,3.23,Neutral,Neutral,Neutral,Neutral,Neutral,Neutral,49.42,-0.41,-2.33,-32.82,72.33,66.47,0.00,215.47,0.80,0.00,4193.00,-0.00,770450.00,-78.53,0.00,0.00,0.00,45.47,17.30,0.44,4.39,3.16,7.33,7.84,0.00,885449124453.94,6.87,0.00,0.00,212.41,215.87,215.82,198.98,185.78,242.14,273.00,195.00,245.00,12.90,2.93,3.13,81858702645.00,19674830362.00,20353263673.00
[object Object],MRK,"Merck & Co., Inc.",NYSE,128.00,stock,common,100.00,1.00,false,0.00,USD,-0.29,1006382.00,0.12,316137519225.49,USD,36.02,3.55,-48.27,2.62,Health technology,america,Health Technology,Buy,Buy,-0.29,-0.71,-0.26,13.90,6.00,21.29,60.70,68.75,114.23,8472.40,2.60,2.63,Buy,Buy,StrongBuy,Strong buy,Sell,Sell,52.81,-3.07,1.88,-10.86,37.78,38.10,long_lower_shadow_bullish,128.02,-0.27,0.00,3873.00,-0.41,1006382.00,-85.73,0.00,0.00,0.00,56.91,36.02,0.00,4.84,6.89,17.69,22.42,54.81,359534519225.49,5.49,19.96,14.91,129.34,127.61,123.84,119.86,112.67,137.36,155.00,105.00,142.00,2.78,-0.27,2.22,67090470168.00,16368922837.00,17293882570.00
[object Object],NFLX,"Netflix, Inc.",NASDAQ,73.97,stock,common,100.00,1.00,false,0.00,USD,0.38,5119119.00,0.13,308006647670.22,USD,23.30,3.17,35.27,0.00,Technology services,america,Technology Services,Buy,Buy,0.38,2.79,-3.02,-15.67,-8.70,-21.42,-37.41,41.94,671.24,63864.26,2.31,3.15,Neutral,Neutral,Neutral,Neutral,Neutral,Neutral,51.73,3.88,0.82,62.23,85.01,86.04,tweezer_bottom_bullish,73.01,-0.92,-0.08,255167.00,-0.77,5119119.00,-82.28,0.00,0.00,0.00,-39.31,23.30,0.66,6.44,10.22,26.33,28.26,34.52,315515053670.22,6.47,21.39,9.73,73.01,72.85,75.67,84.52,90.13,94.20,135.00,70.00,93.00,3.60,0.79,0.82,51212849655.00,12581163486.00,12872571796.00
[object Object],ARM,ARM Holdings PLC Sponsored ADR,NASDAQ,281.40,dr,0.00,100.00,1.00,false,0.00,USD,-1.84,1093846.00,0.16,306174232178.00,USD,288.67,0.97,48.44,0.00,Electronic technology,america,Electronic Technology,Buy,Buy,-1.84,8.67,-5.42,29.70,149.66,149.40,104.25,401.60,401.60,401.60,9.09,8.62,Buy,Buy,Buy,Buy,Buy,Buy,50.03,21.39,-29.94,79.69,79.97,74.06,0.00,299.92,4.62,1.33,86735.00,4.29,1093846.00,-75.00,0.00,0.00,0.00,50.42,288.67,6.07,59.94,34.82,144.87,201.43,78.02,302771232178.00,58.72,340.19,262.37,257.95,287.03,322.18,255.98,192.45,290.28,480.00,130.00,277.20,2.23,0.40,0.47,6056493674.00,1262682669.00,1376798251.00
[object Object],GS,"Goldman Sachs Group, Inc.",NYSE,1038.62,stock,common,100.00,1.00,false,0.00,USD,0.58,185816.00,0.09,302416444499.26,USD,16.03,64.79,42.77,1.65,Finance,america,Finance,Neutral,Neutral,0.58,0.38,0.84,10.96,14.40,17.49,42.16,161.89,540.73,1266.61,2.23,3.37,Neutral,Neutral,Sell,Sell,Neutral,Neutral,48.40,-22.61,-10.62,-50.94,51.30,48.76,doji,1042.00,0.91,0.04,4932.00,0.56,185816.00,-89.24,0.00,0.00,0.00,37.57,16.03,0.37,4.67,2.76,2.71,2.76,0.00,1106730444499.26,8.13,0.00,0.00,1031.72,1050.71,1054.46,979.40,923.49,1170.71,1325.00,955.00,1200.00,70.22,14.54,16.42,71548952377.00,16224979901.00,17641629385.00
[object Object],PANW,"Palo Alto Networks, Inc.",NASDAQ,369.95,stock,common,100.00,1.00,false,0.00,USD,2.91,711427.00,0.11,301509241809.42,USD,304.31,1.22,-30.43,0.00,Technology services,america,Technology Services,Buy,Buy,2.91,11.32,9.84,89.86,134.72,100.18,113.23,471.63,1603.14,3924.85,4.28,4.97,Buy,Buy,StrongBuy,Strong buy,Buy,Buy,66.10,46.16,24.61,112.19,81.08,81.30,0.00,365.50,1.67,1.56,23853.00,1.67,711427.00,-87.48,0.00,0.00,0.00,101.15,304.31,0.00,27.15,10.87,70.27,78.12,95.07,300463241809.42,28.33,383.20,167.07,341.36,339.85,316.07,251.73,218.14,345.82,433.00,207.00,340.00,3.77,0.79,0.98,11417705564.00,2943254304.00,3350110523.00
[object Object],RTX,RTX Corporation,NYSE,221.78,stock,common,100.00,1.00,false,0.00,USD,-0.66,254400.00,0.04,298912547665.19,USD,39.05,5.68,24.77,1.24,Electronic technology,america,Electronic Technology,Buy,Buy,-0.66,3.95,11.45,25.86,12.61,20.86,43.41,154.75,249.01,14507.33,1.87,2.47,Buy,Buy,StrongBuy,Strong buy,Neutral,Neutral,73.17,9.00,18.58,90.92,93.63,92.70,0.00,222.80,-0.20,-0.09,6142.00,-0.32,254400.00,-95.74,0.00,0.00,0.00,40.07,39.05,1.59,3.26,4.50,21.31,26.54,36.45,331230547665.19,3.54,33.16,23.02,218.38,203.55,194.81,190.65,189.40,236.86,265.00,200.00,240.00,7.25,1.66,1.77,96204672568.00,22891802621.00,23999721973.00
[object Object],PM,Philip Morris International Inc.,NYSE,187.62,stock,common,100.00,1.00,false,0.00,USD,-0.23,120511.00,0.02,292427074379.21,USD,26.97,6.96,32.01,3.13,Consumer non-durables,america,Consumer Non-Durables,Buy,Buy,-0.23,-1.29,0.18,9.19,4.33,17.07,12.39,89.42,89.94,275.24,2.13,2.98,Neutral,Neutral,Buy,Buy,Neutral,Neutral,49.35,-5.38,1.49,-38.71,16.41,20.08,0.00,187.00,-0.56,-0.03,3794.00,-0.41,120511.00,-97.86,0.00,0.00,0.00,23.15,26.97,0.84,6.91,0.00,20.52,23.01,48.48,337429074379.21,7.95,21.30,18.86,191.60,187.40,183.79,176.44,170.72,208.62,230.00,175.00,215.00,8.37,2.05,2.27,43407087622.00,10601737596.00,11171946396.00
[object Object],NOVN,Novartis AG,SIX,126.52,stock,common,100.00,2.00,false,0.00,CHF,1.07,853187.00,0.38,281989730601.17,USD,24.07,6.50,-11.50,2.96,Health technology,switzerland,Health Technology,Neutral,Neutral,1.07,-0.39,0.16,11.71,6.32,15.21,38.03,51.79,77.46,112.04,1.69,1.96,Buy,Buy,StrongBuy,Strong buy,Neutral,Neutral,53.93,-0.38,-0.08,24.01,37.75,33.65,0.00,0.00,0.00,0.00,0.00,0.00,853187.00,-56.10,0.00,0.00,0.00,32.06,24.07,0.00,5.51,6.91,16.68,18.32,39.04,323411592711.89,6.02,20.34,15.40,126.73,125.77,123.27,120.56,116.49,155.48,174.54,116.90,158.01,9.01,2.17,2.23,58433251076.14,14077353263.00,14600626960.00
[object Object],DELL,"Dell Technologies, Inc. Class C",NYSE,429.29,stock,common,100.00,1.00,false,0.00,USD,-1.91,935962.00,0.15,278300565022.98,USD,34.11,12.58,100.64,0.53,Electronic technology,america,Electronic Technology,Buy,Buy,-1.91,2.46,1.52,83.78,267.23,234.34,229.79,765.95,1885.43,1885.43,7.20,7.90,Buy,Buy,StrongBuy,Strong buy,Neutral,Neutral,52.34,-8.21,24.06,40.78,66.50,75.28,0.00,441.60,0.90,1.29,34876.00,1.67,935962.00,-84.64,0.00,0.00,0.00,180.12,34.11,0.35,2.14,0.00,22.58,29.83,23.96,298453565022.98,2.22,25.95,20.51,422.48,420.86,415.48,311.31,221.72,507.90,700.00,360.00,500.00,18.48,2.96,4.88,171789702408.00,35743754808.00,44843216796.00
[object Object],MC,LVMH Moet Hennessy Louis Vuitton SE,EURONEXT,479.10,stock,common,100.00,5.00,false,0.00,EUR,-0.49,184509.00,0.33,273086575004.06,USD,21.83,25.06,-0.26,2.70,Consumer non-durables,france,Consumer Non-Durables,Buy,Buy,-0.49,2.16,-2.93,1.08,-10.28,-25.32,4.15,-31.15,218.44,2691.65,2.38,2.71,Sell,Sell,Sell,Sell,Neutral,Neutral,48.84,17.40,-1.78,8.66,62.86,63.71,0.00,0.00,0.00,0.00,0.00,-0.15,184509.00,-63.16,0.00,0.00,0.00,-2.13,21.83,0.00,2.99,3.47,12.71,15.74,19.43,303055223284.06,3.33,15.29,11.08,476.56,483.16,486.32,477.75,532.96,654.21,760.33,483.85,668.17,26.28,12.27,13.10,94925979594.98,43985108496.29,49025363120.00
[object Object],WFC,Wells Fargo & Company,NYSE,86.61,stock,common,100.00,1.00,false,0.00,USD,-1.12,652894.00,0.05,261908565614.68,USD,12.58,6.88,18.05,2.06,Finance,america,Finance,Buy,Buy,-1.12,0.71,0.10,9.63,-6.62,-7.17,10.64,77.99,77.55,8193.78,1.84,2.44,Neutral,Neutral,Buy,Buy,Sell,Sell,51.18,0.30,1.71,-43.90,64.92,73.01,0.00,86.54,-1.20,-0.22,5682.00,-1.29,652894.00,-95.01,0.00,0.00,0.00,0.41,12.58,0.71,3.12,1.59,38.83,38.83,0.00,700477565614.68,5.45,0.00,0.00,86.95,86.48,84.59,81.84,84.89,99.98,115.00,90.00,100.00,7.29,1.72,1.84,88878907807.00,21861026603.00,22368702072.00
[object Object],GEV,GE Vernova Inc.,NYSE,981.45,stock,common,100.00,1.00,false,0.00,USD,-1.88,258168.00,0.10,261393096406.12,USD,28.09,34.93,735.94,0.17,Producer manufacturing,america,Producer Manufacturing,Buy,Buy,-1.88,-5.72,-8.70,-8.05,29.47,48.44,47.42,753.43,753.43,753.43,4.13,5.55,Sell,Sell,StrongSell,Strong sell,Sell,Sell,45.09,-33.30,-39.14,-49.55,42.01,45.70,0.00,1014.20,1.39,0.47,10202.00,1.29,258168.00,-85.36,0.00,0.00,0.00,45.88,28.09,0.04,6.53,21.86,18.74,21.30,20.20,252280096406.12,6.10,114.62,74.11,983.75,1044.04,1021.13,1008.43,846.34,1246.37,1450.00,827.40,1268.00,30.78,3.17,4.14,46219206434.00,10789499343.00,11995360772.00
[object Object],TXN,Texas Instruments Incorporated,NASDAQ,283.27,stock,common,100.00,1.00,false,0.00,USD,1.75,451310.00,0.05,258695664830.33,USD,43.09,6.57,20.16,2.04,Electronic technology,america,Electronic Technology,Buy,Buy,1.75,-0.28,-1.64,-3.15,25.55,61.90,48.50,46.56,304.50,26016.86,3.01,3.72,Neutral,Neutral,Neutral,Neutral,Buy,Buy,48.37,3.69,-13.80,-11.08,45.84,42.47,0.00,282.13,1.34,0.77,5271.00,1.92,451310.00,-90.59,0.00,0.00,0.00,45.43,43.09,2.10,13.17,14.36,30.07,48.67,37.22,265746664830.33,13.66,35.89,27.66,277.43,288.92,294.89,271.04,229.10,331.36,405.00,225.00,340.00,8.48,1.94,2.42,21914596273.00,5257966885.00,5916333280.00
[object Object],KLAC,KLA Corporation,NASDAQ,197.28,stock,common,100.00,1.00,false,0.00,USD,2.10,928938.00,0.07,257701986608.84,USD,53.74,3.67,20.77,0.41,Electronic technology,america,Electronic Technology,Buy,Buy,2.10,4.94,-8.57,8.60,43.25,56.61,116.22,458.04,2441.94,170519.66,4.85,6.14,Neutral,Neutral,Sell,Sell,Neutral,Neutral,45.60,-13.24,-30.80,-26.63,48.10,42.91,0.00,198.13,2.54,0.82,76191.00,2.46,928938.00,-92.99,0.00,0.00,0.00,106.17,53.74,2.53,18.72,0.00,0.00,0.00,52.92,258686993608.84,19.06,45.62,42.66,188.90,217.66,221.42,196.43,164.61,238.58,325.00,180.00,241.50,5.48,1.00,1.18,18109951687.00,3607908304.00,4037897428.00
[object Object],NESN,Nestle S.A.,SIX,81.34,stock,common,100.00,1.00,false,0.00,CHF,0.27,745571.00,0.24,256775626566.17,USD,28.17,3.57,-27.91,3.82,Consumer non-durables,switzerland,Consumer Non-Durables,Buy,Buy,0.27,-0.80,-3.64,5.50,3.62,3.99,13.49,-27.99,4.82,116.91,1.40,1.72,Sell,Sell,Sell,Sell,Sell,Sell,46.98,0.67,-1.65,-55.98,26.98,24.59,0.00,0.00,0.00,0.00,0.00,0.02,745571.00,-72.96,0.00,0.00,0.00,15.71,28.17,0.00,2.36,7.16,12.78,16.72,34.12,326901367566.17,2.99,18.89,15.02,81.41,83.03,81.50,79.90,79.27,106.97,122.05,84.21,109.84,5.65,2.56,2.86,113147421454.63,53267399115.83,57449608105.81
[object Object],AZN,AstraZeneca PLC,LSE,11982.00,stock,common,1.00,2.00,false,0.00,GBX,1.11,2078662.00,0.43,247220822255.66,USD,24.04,6.61,21.16,2.07,Health technology,uk,Health Technology,StrongBuy,Strong buy,1.11,-5.65,-16.28,-10.19,-13.70,-12.68,9.93,46.07,137.83,298.87,4.00,3.76,Sell,Sell,StrongSell,Strong sell,Neutral,Neutral,39.09,-688.00,-1164.47,-86.47,54.24,50.73,0.00,0.00,0.00,0.00,0.00,0.41,2078662.00,-8.57,0.00,0.00,0.00,16.02,24.04,1.12,4.04,4.90,17.93,22.92,49.94,274936655143.29,4.54,20.27,13.86,12342.20,12975.13,13199.40,13698.94,13799.47,216.47,271.84,154.63,217.56,10.25,2.48,2.63,63446423649.86,15435596061.00,16051822574.00
[object Object],SHELL,Shell Plc,EURONEXT,38.37,stock,common,1000.00,5.00,false,0.00,EUR,-1.06,1598467.00,0.33,246807059241.89,USD,9.79,4.47,96.44,3.33,Energy minerals,netherlands,Energy Minerals,Buy,Buy,-1.06,-1.62,6.76,6.58,19.96,21.95,23.34,124.47,60.56,672.03,2.44,2.01,Buy,Buy,Buy,Buy,Buy,Buy,54.69,-0.41,2.18,24.79,38.77,52.44,engulfing_bearish,0.00,0.00,0.00,0.00,0.34,1598467.00,-51.80,0.00,0.00,0.00,14.49,9.79,0.10,0.85,1.35,5.37,8.64,7.88,289826125702.34,0.99,7.24,4.63,38.79,37.08,36.66,37.44,35.06,50.07,60.42,40.98,48.73,5.55,1.53,1.39,334745401413.60,91889190349.00,84602152492.00
[object Object],ANET,Arista Networks Inc,NYSE,192.52,stock,common,100.00,1.00,false,0.00,USD,0.10,887779.00,0.09,242810971043.48,USD,60.70,3.17,24.73,0.00,Electronic technology,america,Electronic Technology,StrongBuy,Strong buy,0.10,8.40,15.85,34.96,46.51,43.62,38.42,717.19,4167.55,5475.24,6.24,5.92,Buy,Buy,StrongBuy,Strong buy,Neutral,Neutral,61.55,18.53,18.73,130.21,64.10,74.08,0.00,197.99,2.95,-0.16,65848.00,2.95,887779.00,-88.58,0.00,0.00,0.00,43.44,60.70,2.45,23.28,16.41,46.29,47.65,18.41,229467671043.48,21.77,50.47,49.46,180.74,175.34,170.62,159.28,147.04,239.81,289.00,182.00,250.00,4.04,0.89,1.06,12496197527.00,2830279544.00,3309591760.00
[object Object],SIE,Siemens AG,XETR,280.90,stock,common,100.00,5.00,false,0.00,EUR,2.86,582304.00,0.51,239821010990.17,USD,27.76,11.56,-18.65,1.96,Producer manufacturing,germany,Producer Manufacturing,Buy,Buy,2.86,-0.20,4.95,6.34,14.33,17.56,29.87,100.24,183.45,1822.27,2.39,2.18,StrongBuy,Strong buy,StrongBuy,Strong buy,Buy,Buy,55.12,8.65,8.00,59.09,59.31,72.98,0.00,274.65,0.57,0.02,38.00,0.31,582304.00,-76.00,0.00,0.00,0.00,16.24,27.76,0.00,2.63,3.14,17.38,21.65,20.05,292689512830.17,3.16,25.22,18.76,279.22,274.60,272.99,257.93,249.34,348.01,408.97,270.72,353.09,13.02,2.95,3.22,97419406573.98,23544924579.79,26204901292.48
[object Object],OR,L'Oreal S.A.,EURONEXT,388.80,stock,common,100.00,5.00,false,0.00,EUR,-0.41,84394.00,0.24,238948379201.98,USD,32.98,13.46,3.14,1.84,Consumer non-durables,france,Consumer Non-Durables,Buy,Buy,-0.41,-0.58,-0.10,6.81,-1.32,6.24,3.31,-2.19,127.43,11448.56,2.13,2.08,Buy,Buy,StrongBuy,Strong buy,Neutral,Neutral,55.61,14.10,6.63,94.23,66.38,65.35,0.00,0.00,0.00,0.00,0.00,-0.42,84394.00,-70.18,0.00,0.00,0.00,2.12,32.98,10.56,4.60,6.12,23.13,27.56,51.35,253593203047.98,4.90,23.82,20.00,386.79,382.76,382.34,371.12,372.63,481.27,530.35,392.00,495.76,16.06,8.56,7.43,55153620245.84,27234021297.09,26556161708.47
[object Object],AXP,American Express Company,NYSE,342.64,stock,common,100.00,1.00,false,0.00,USD,0.01,209597.00,0.06,231391535495.19,USD,20.79,16.48,15.72,1.03,Finance,america,Finance,Buy,Buy,0.01,1.29,-0.81,7.38,-4.34,-7.27,15.10,101.14,420.50,10054.16,1.65,2.10,Buy,Buy,Buy,Buy,Neutral,Neutral,50.60,16.47,0.25,-32.42,68.25,67.17,long_lower_shadow_bullish,342.70,0.03,0.00,1816.00,-0.26,209597.00,-92.44,0.00,0.00,0.00,5.88,20.79,1.32,2.77,6.75,12.50,15.31,5.14,245197535495.19,2.92,10.83,10.00,340.30,345.50,336.97,324.77,339.66,377.21,450.00,315.00,380.50,17.64,4.40,4.55,79501838437.00,19696657233.00,20119771109.00
[object Object],SAP,SAP SE,XETR,177.40,stock,common,100.00,2.00,false,0.00,EUR,3.75,2070106.00,0.54,229976860920.39,USD,26.01,7.79,22.75,1.46,Technology services,germany,Technology Services,Buy,Buy,3.75,14.53,24.89,18.47,5.60,-14.67,-29.70,42.67,129.70,10414.08,3.71,4.13,Buy,Buy,StrongBuy,Strong buy,Neutral,Neutral,74.54,37.20,24.94,135.50,95.02,94.37,rising_window_bullish,172.84,1.09,0.85,476.00,1.66,2070106.00,-41.65,0.00,0.00,0.00,-32.29,26.01,1.10,5.19,4.58,21.95,23.82,19.55,229899675580.39,5.27,18.53,16.60,163.58,146.37,146.24,147.34,172.12,224.02,329.59,147.75,227.30,8.35,2.00,2.11,47264599852.69,11248666173.26,11633027556.60
[object Object],C,Citigroup Inc.,NYSE,133.99,stock,common,100.00,1.00,false,0.00,USD,0.13,593565.00,0.06,229780464575.98,USD,14.46,9.26,36.97,1.79,Finance,america,Finance,Buy,Buy,0.13,0.33,-4.39,2.92,14.17,14.32,43.70,88.88,192.36,683.74,2.35,2.93,Buy,Buy,Buy,Buy,Neutral,Neutral,49.13,1.80,-1.66,12.15,67.28,76.78,0.00,133.88,0.04,0.00,19249.00,0.00,593565.00,-93.32,0.00,0.00,0.00,30.61,14.46,0.39,2.50,1.17,0.00,0.00,0.00,1040955464575.98,5.92,0.00,0.00,133.34,135.60,136.12,129.31,119.71,155.55,176.00,135.00,157.00,11.20,2.74,2.68,95939948118.00,23740615294.00,23747440990.00
[object Object],LIN,Linde plc,NASDAQ,491.62,stock,common,100.00,1.00,false,0.00,USD,0.31,160056.00,0.06,226627061243.19,USD,31.74,15.49,10.10,1.27,Process industries,america,Process Industries,Buy,Buy,0.31,3.50,-8.30,-0.48,7.84,15.33,3.86,60.60,319.94,5518.51,1.58,2.02,Sell,Sell,StrongSell,Strong sell,Sell,Sell,40.69,-20.66,-25.91,-85.73,42.31,36.66,0.00,487.50,-0.53,0.05,1292.00,-0.72,160056.00,-92.24,0.00,0.00,0.00,6.95,31.74,3.13,6.42,5.80,21.77,45.90,46.62,251291061243.19,7.09,26.16,18.71,495.43,512.83,512.02,506.30,474.99,548.35,612.00,400.00,560.00,17.90,4.49,4.53,36218937649.00,9015893813.00,9112263771.00
[object Object],IBM,International Business Machines Corporation,NYSE,234.83,stock,common,100.00,1.00,false,0.00,USD,0.60,533387.00,0.06,221239718230.93,USD,20.84,11.27,82.73,2.88,Technology services,america,Technology Services,Buy,Buy,0.60,6.19,-21.92,2.22,-19.72,-21.08,-7.11,72.89,51.08,1502.94,2.67,4.16,Sell,Sell,Sell,Sell,Neutral,Neutral,48.30,20.64,-14.91,62.56,89.35,91.48,0.00,236.50,1.32,0.24,23237.00,0.84,533387.00,-87.45,0.00,0.00,0.00,-12.30,20.84,0.25,3.22,6.42,15.04,16.23,27.38,278423718230.93,4.03,19.27,14.17,228.13,245.96,259.00,248.57,269.33,245.29,350.00,174.00,245.00,12.32,2.95,2.89,70412561622.00,17463936296.00,16842142126.00
[object Object],AMGN,Amgen Inc.,NASDAQ,408.76,stock,common,100.00,1.00,false,0.00,USD,0.97,119565.00,0.04,220988747435.32,USD,25.39,16.10,31.70,2.42,Health technology,america,Health Technology,Buy,Buy,0.97,7.01,11.63,24.06,10.48,24.33,42.25,77.32,135.85,118813.04,4.13,2.98,Buy,Buy,StrongBuy,Strong buy,Neutral,Neutral,71.28,32.72,26.54,140.46,82.02,78.96,0.00,404.85,0.00,-0.54,1799.00,-0.19,119565.00,-95.42,0.00,0.00,0.00,29.98,25.39,0.79,5.77,18.91,17.82,21.85,15.90,264303747435.32,6.92,20.77,15.20,392.01,374.07,361.94,352.30,346.34,376.44,452.00,230.00,384.00,22.82,5.62,5.81,38550581366.00,9426191280.00,9942082453.00
[object Object],CRWD,"CrowdStrike Holdings, Inc. Class A",NASDAQ,216.23,stock,common,100.00,1.00,false,0.00,USD,4.26,878412.00,0.11,220178202892.23,USD,0.00,-0.05,73.04,0.00,Technology services,america,Technology Services,Buy,Buy,4.26,15.50,11.74,73.27,124.69,82.47,91.49,234.01,1262.08,1262.08,4.29,5.43,Buy,Buy,StrongBuy,Strong buy,Buy,Buy,67.41,32.95,16.34,112.30,81.88,81.70,"rising_window_bullish,hanging_man_bearish",213.98,3.18,1.82,59463.00,3.10,878412.00,-87.29,0.00,0.00,0.00,59.55,0.00,0.00,41.99,47.51,122.61,155.83,48.57,216448992892.23,42.49,0.00,1105.86,196.46,194.38,185.95,151.96,134.83,197.12,250.00,103.00,191.25,1.23,0.27,0.29,5944404714.00,1362804972.00,1440077243.00
[object Object],SAN,"Banco Santander, S.A.",BME,12.90,stock,common,1000.00,2.00,false,0.00,EUR,0.25,9416594.00,0.44,217459488280.92,USD,11.86,1.24,29.39,1.51,Finance,spain,Finance,Buy,Buy,0.25,5.65,4.76,23.12,23.52,28.32,68.88,312.61,264.65,670.59,1.56,2.23,Buy,Buy,StrongBuy,Strong buy,Neutral,Neutral,67.56,0.92,0.58,151.15,92.00,94.29,0.00,0.00,0.00,0.00,0.00,-0.73,9416594.00,-57.81,0.00,0.00,0.00,56.52,11.86,0.40,2.91,1.73,0.00,0.00,0.00,585406244646.54,4.15,0.00,0.00,12.47,12.19,11.81,11.02,10.45,15.39,16.59,13.82,15.55,1.22,0.27,0.29,74577987021.60,17883137849.59,18799907752.37
[object Object],TMO,Thermo Fisher Scientific Inc.,NYSE,583.96,stock,common,100.00,1.00,false,0.00,USD,0.68,165251.00,0.08,215917631197.76,USD,31.41,18.59,7.60,0.31,Health technology,america,Health Technology,Buy,Buy,0.68,1.84,14.31,23.33,7.50,0.77,28.38,7.38,270.91,46312.04,2.26,2.80,StrongBuy,Strong buy,StrongBuy,Strong buy,Buy,Buy,68.86,15.70,41.06,79.80,91.49,86.22,0.00,579.71,-0.05,-0.00,295.00,-0.35,165251.00,-90.39,0.00,0.00,0.00,17.65,31.41,4.10,4.64,4.10,24.04,29.60,53.17,254519631197.76,5.49,28.78,21.60,574.41,542.93,517.35,498.05,531.76,639.04,750.00,540.00,650.00,25.11,5.72,6.41,47865485126.00,11706053451.00,11953559863.00
[object Object],ITX,"Industria de Diseno Textil, S.A.",BME,58.84,stock,common,100.00,2.00,false,0.00,EUR,0.07,373984.00,0.24,210831910077.25,USD,29.15,2.37,7.00,2.36,Retail trade,spain,Retail Trade,Buy,Buy,0.07,2.33,4.55,13.02,4.96,4.14,41.07,103.95,87.09,1488.55,1.79,2.04,Buy,Buy,StrongBuy,Strong buy,Neutral,Neutral,65.66,4.38,2.62,123.28,91.71,92.24,0.00,0.00,0.00,0.00,0.00,-0.03,373984.00,-75.20,0.00,0.00,0.00,31.13,29.15,4.16,4.54,9.66,0.00,0.00,0.00,205352902957.25,4.34,21.37,15.19,57.48,55.76,55.54,53.49,53.44,68.91,74.88,57.14,70.27,2.60,0.52,0.61,50628493606.46,10221742609.45,12553270818.53
[object Object],APH,Amphenol Corporation Class A,NYSE,169.19,stock,common,100.00,1.00,false,0.00,USD,-0.83,791777.00,0.10,208608482580.62,USD,42.36,3.99,59.37,0.54,Electronic technology,america,Electronic Technology,StrongBuy,Strong buy,-0.83,2.65,9.30,22.98,28.02,23.39,54.38,361.32,1030.57,116960.99,3.92,4.20,Buy,Buy,StrongBuy,Strong buy,Sell,Sell,60.27,16.52,8.14,133.25,85.84,89.29,engulfing_bearish,175.15,2.66,1.29,465.00,0.61,791777.00,-85.23,0.00,0.00,0.00,37.64,42.36,0.72,7.58,13.46,37.15,46.27,40.25,222131182580.62,7.66,27.22,23.47,161.07,160.35,157.66,146.42,143.22,200.50,230.00,175.00,199.00,5.26,1.18,1.42,35258398075.00,8258209145.00,9350228606.00
[object Object],NOVO_B,Novo Nordisk A/S Class B,OMXCOP,304.05,stock,common,100.00,5.00,false,0.00,DKK,3.56,4151282.00,0.76,200038257073.12,USD,11.61,3.99,5.13,3.99,Health technology,denmark,Health Technology,Buy,Buy,3.56,-7.61,-6.07,3.52,7.76,-7.58,5.03,-1.92,85.40,34916.90,4.04,3.43,Sell,Sell,Sell,Sell,Neutral,Neutral,44.23,-16.55,-17.75,-103.31,21.77,19.99,0.00,0.00,0.00,0.00,0.00,1.31,4151282.00,-27.84,0.00,0.00,0.00,-3.45,11.61,2.19,3.95,6.07,10.33,18.09,29.98,214662043573.12,4.28,9.42,8.29,313.92,320.62,308.03,284.37,302.05,48.89,69.63,30.74,47.26,3.42,0.77,0.77,45741560984.45,10873330442.37,11126033290.04
[object Object],RMS,Hermes International SCA,EURONEXT,1631.50,stock,common,10.00,5.00,false,0.00,EUR,0.34,31540.00,0.25,196016843962.04,USD,37.94,49.11,0.76,1.11,Consumer non-durables,france,Consumer Non-Durables,Buy,Buy,0.34,5.43,0.46,-3.03,-19.63,-22.86,-23.08,22.21,326.31,20396.44,3.16,3.11,Neutral,Neutral,Buy,Buy,Sell,Sell,51.74,-11.50,-47.38,5.80,56.46,46.21,spinning_top_white,0.00,0.00,0.00,0.00,-0.12,31540.00,-76.15,0.00,0.00,0.00,-28.70,37.94,49.98,10.58,8.98,29.48,36.13,13.92,184468995482.04,10.01,24.02,21.39,1586.50,1624.62,1635.37,1644.72,1868.89,2235.10,2680.16,1879.58,2281.60,52.41,23.89,27.26,19720162250.91,9303791790.00,10046881622.00
[object Object],MCD,McDonald's Corporation,NYSE,275.75,stock,common,100.00,1.00,false,0.00,USD,-0.18,346120.00,0.07,195921997647.91,USD,22.40,12.31,5.46,2.66,Consumer services,america,Consumer Services,Buy,Buy,-0.18,3.23,-1.96,-3.25,-14.60,-9.68,-10.81,16.95,131.39,157559.84,2.36,2.14,Buy,Buy,Buy,Buy,Neutral,Neutral,55.05,10.99,0.76,132.50,81.04,64.85,0.00,275.23,-0.37,-0.10,18497.00,-0.63,346120.00,-91.79,0.00,0.00,0.00,-10.19,22.40,4.11,0.00,0.00,0.00,0.00,0.00,195921997647.91,7.07,0.00,0.00,271.39,271.09,273.94,285.26,299.65,314.30,390.00,250.00,310.50,12.92,3.32,3.40,28064891707.00,7128733600.00,7334033672.00
[object Object],SU,Schneider Electric SE,EURONEXT,304.65,stock,common,100.00,5.00,false,0.00,EUR,1.35,289829.00,0.29,195557404486.92,USD,36.76,9.46,9.59,1.40,Producer manufacturing,france,Producer Manufacturing,StrongBuy,Strong buy,1.35,6.28,13.70,11.31,21.98,30.14,40.62,106.37,421.21,1342.09,2.50,2.75,Buy,Buy,StrongBuy,Strong buy,Buy,Buy,70.23,36.60,22.01,141.96,94.76,94.64,0.00,0.00,0.00,0.00,0.00,-0.20,289829.00,-65.77,0.00,0.00,0.00,10.26,36.76,3.78,4.07,7.00,23.96,28.03,38.39,212785863586.92,4.43,24.45,20.01,285.36,275.80,276.23,268.60,255.65,379.74,427.44,317.69,384.12,11.94,5.06,6.60,52304000978.88,23690638531.65,27347144112.57
[object Object],VZ,Verizon Communications Inc.,NYSE,46.45,stock,common,100.00,1.00,false,0.00,USD,-1.15,1853351.00,0.06,192989323787.92,USD,12.10,3.84,-10.79,5.95,Communications,america,Communications,Buy,Buy,-1.15,1.20,9.35,-1.61,-1.11,13.93,9.29,-15.97,-13.40,474.45,2.14,2.82,Buy,Buy,Buy,Buy,Neutral,Neutral,54.68,0.07,2.03,44.76,61.22,63.75,0.00,46.43,-1.19,-0.32,39779.00,-1.38,1853351.00,-92.37,0.00,0.00,0.00,11.74,12.10,0.00,1.41,1.86,4.99,9.00,100.54,380796323787.92,2.74,12.06,7.52,46.98,44.53,45.33,46.65,44.78,51.60,71.00,44.00,51.00,4.99,1.28,1.28,140984097844.00,35162020073.00,34798607599.00
[object Object],SHOP,"Shopify, Inc. Class A",NASDAQ,149.88,stock,common,100.00,1.00,false,0.00,USD,1.66,1615486.00,0.11,192848638661.49,USD,103.25,1.45,-19.90,0.00,Commercial services,america,Commercial Services,Buy,Buy,1.66,23.94,23.94,35.72,33.77,-7.59,-2.96,-1.77,3893.74,5253.04,4.98,5.29,StrongBuy,Strong buy,StrongBuy,Strong buy,Buy,Buy,70.55,36.13,13.92,208.25,84.37,69.53,0.00,147.93,0.33,-0.39,49976.00,0.67,1615486.00,-90.79,0.00,0.00,0.00,4.39,103.25,0.00,14.74,15.25,84.00,84.89,39.37,188085361461.49,14.56,81.70,80.71,130.78,123.84,119.22,117.50,132.63,167.01,219.97,105.05,174.98,1.90,0.40,0.47,15136426999.38,3395197524.22,3731159424.79
[object Object],AIR,Airbus SE,EURONEXT,214.30,stock,common,100.00,5.00,false,0.00,EUR,0.87,252639.00,0.22,192671448800.39,USD,28.50,8.59,20.51,1.51,Electronic technology,france,Electronic Technology,Buy,Buy,0.87,4.33,6.12,17.92,12.72,8.72,19.83,83.95,322.93,302.44,1.76,2.07,Buy,Buy,StrongBuy,Strong buy,Neutral,Neutral,63.25,8.25,11.37,100.87,88.74,90.38,0.00,0.00,0.00,0.00,0.00,0.49,252639.00,-69.29,0.00,0.00,0.00,17.51,28.50,1.38,2.18,6.56,18.64,33.95,13.75,195056130200.39,2.22,27.49,18.12,210.08,202.72,194.74,182.75,190.24,266.17,299.53,230.40,266.12,8.56,2.32,2.05,94889656257.10,23208936886.78,22732406426.55
[object Object],ALV,Allianz SE,XETR,438.00,stock,common,10.00,1.00,false,0.00,EUR,-0.61,567731.00,1.14,192261167807.76,USD,15.83,32.50,0.00,3.88,Finance,germany,Finance,Buy,Buy,-0.61,1.25,4.29,18.47,13.41,12.28,21.03,120.54,242.19,275.18,1.12,1.18,Buy,Buy,StrongBuy,Strong buy,Sell,Sell,70.63,10.90,14.47,111.07,83.97,88.63,0.00,437.00,-0.84,-0.95,2607.00,-1.16,567731.00,-16.75,0.00,0.00,0.00,23.57,15.83,0.00,1.19,2.87,5.02,5.29,0.00,229442613307.76,1.39,0.00,0.00,433.79,424.77,410.72,393.65,381.97,485.30,779.01,370.15,478.72,36.07,0.00,0.00,221699163879.52,0.00,0.00
[object Object],TTE,TotalEnergies SE,EURONEXT,73.99,stock,common,100.00,1.00,false,0.00,EUR,-0.74,1123970.00,0.34,191681470264.31,USD,10.65,7.93,34.63,4.56,Energy minerals,france,Energy Minerals,Buy,Buy,-0.74,-1.54,7.43,-2.00,18.16,32.96,42.76,97.57,74.73,2932.38,2.55,2.02,Buy,Buy,StrongBuy,Strong buy,Neutral,Neutral,52.60,-1.91,3.49,30.47,56.35,65.50,engulfing_bearish,0.00,0.00,0.00,0.00,0.59,1123970.00,-57.87,0.00,0.00,0.00,40.48,10.65,0.31,1.00,1.47,5.84,11.73,6.02,225473250829.57,1.17,8.24,5.58,74.90,71.66,72.58,75.12,67.19,95.59,106.96,83.01,96.65,11.00,2.66,2.93,209209173410.16,55129969180.00,53676351087.00
[object Object],TMUS,"T-Mobile US, Inc.",NASDAQ,178.29,stock,common,100.00,1.00,false,0.00,USD,-0.93,424601.00,0.07,191246626362.93,USD,18.66,9.56,-9.89,2.19,Communications,america,Communications,StrongBuy,Strong buy,-0.93,3.96,-3.96,-8.15,-11.52,-11.85,-25.59,24.85,273.54,255.16,2.16,3.39,Sell,Sell,StrongSell,Strong sell,Sell,Sell,47.51,-1.80,-4.97,-45.31,28.61,25.31,doji,178.29,-0.93,-0.34,895.00,-0.87,424601.00,-90.79,0.00,0.00,0.00,-27.34,18.66,0.00,2.11,3.41,6.69,12.19,62.41,307593626362.93,3.34,15.76,9.07,177.32,181.34,182.21,189.68,197.79,243.67,300.00,169.00,238.50,10.90,2.59,2.89,94407866596.00,22945637232.00,23156544412.00
[object Object],ADI,"Analog Devices, Inc.",NASDAQ,388.68,stock,common,100.00,1.00,false,0.00,USD,3.01,332177.00,0.07,189320987978.99,USD,57.76,6.73,83.19,1.11,Electronic technology,america,Electronic Technology,Buy,Buy,3.01,3.88,3.86,-7.01,20.35,41.30,74.22,127.22,508.93,347634.29,2.90,3.24,Buy,Buy,StrongBuy,Strong buy,Buy,Buy,53.81,16.82,-9.62,98.82,77.89,68.92,0.00,385.46,2.16,0.45,12762.00,2.50,332177.00,-90.73,0.00,0.00,0.00,55.61,57.76,0.67,14.53,5.61,37.33,41.76,55.43,194566528978.99,15.27,46.32,31.56,371.10,380.51,394.98,382.20,334.64,462.57,550.00,365.00,460.00,12.41,2.89,3.34,14746004414.00,3513118620.00,3914944900.00
[object Object],PEP,"PepsiCo, Inc.",NASDAQ,138.02,stock,common,100.00,1.00,false,0.00,USD,-0.30,635614.00,0.08,188382188832.35,USD,18.10,7.62,39.01,4.15,Consumer non-durables,america,Consumer Non-Durables,Neutral,Neutral,-0.30,-1.08,-5.47,-11.95,-17.58,-3.63,-2.28,-10.75,27.30,18360.18,1.70,2.15,Sell,Sell,StrongSell,Strong sell,Neutral,Neutral,45.92,1.38,-0.68,-16.41,40.03,43.21,tweezer_bottom_bullish,137.50,-0.68,-0.11,31504.00,-0.65,635614.00,-92.53,0.00,0.00,0.00,-1.02,18.10,0.47,1.96,8.53,14.04,20.36,17.63,231052188832.35,2.38,15.33,11.89,139.99,139.01,140.55,147.08,149.41,155.00,183.00,124.00,155.00,8.55,2.19,2.30,99006518066.00,23946759247.00,25003290493.00
[object Object],ABT,Abbott Laboratories,NYSE,107.73,stock,common,100.00,1.00,false,0.00,USD,-0.21,518619.00,0.05,186414191412.20,USD,34.82,3.09,-61.31,2.30,Health technology,america,Health Technology,Buy,Buy,-0.21,3.13,13.27,23.61,-2.15,-13.61,-17.86,-11.98,139.08,65330.10,2.08,2.67,Buy,Buy,StrongBuy,Strong buy,Neutral,Neutral,67.14,4.67,8.17,76.93,72.83,71.58,0.00,107.26,-0.65,-0.65,1100.00,-0.86,518619.00,-94.71,0.00,0.00,0.00,-16.11,34.82,0.00,3.96,3.65,18.96,24.00,33.51,214071191412.20,4.60,27.95,19.28,106.51,99.36,95.27,95.21,107.78,118.91,135.00,103.00,119.00,5.52,1.28,1.42,50309281169.00,12519490695.00,12991816357.00
[object Object],SCHW,Charles Schwab Corp,NYSE,106.92,stock,common,100.00,1.00,false,0.00,USD,-0.69,335889.00,0.04,185939678098.88,USD,19.45,5.50,48.01,1.10,Finance,america,Finance,Buy,Buy,-0.69,1.84,4.91,19.74,3.55,7.16,10.07,49.24,256.38,29422.22,1.65,2.26,Buy,Buy,StrongBuy,Strong buy,Neutral,Neutral,66.08,4.95,6.39,102.33,85.86,89.60,0.00,107.25,-0.38,0.13,1156.00,-0.55,335889.00,-94.72,0.00,0.00,0.00,3.60,19.45,0.41,6.31,0.00,0.00,0.00,2.53,149439678098.88,5.04,10.05,9.21,105.90,101.74,96.95,94.68,95.88,123.95,145.00,91.00,126.50,6.50,1.56,1.67,28141325721.00,6895725187.00,7212147862.00
[object Object],BLK,"BlackRock, Inc.",NYSE,1138.56,stock,common,100.00,1.00,false,0.00,USD,0.82,17689.00,0.02,185132504149.61,USD,27.93,40.76,-1.47,1.94,Finance,america,Finance,StrongBuy,Strong buy,0.82,3.43,13.66,5.98,6.46,6.26,0.76,26.79,203.99,8032.57,1.82,2.56,Buy,Buy,StrongBuy,Strong buy,Neutral,Neutral,65.96,82.89,82.18,119.70,86.19,86.47,0.00,1132.00,0.24,-0.12,234.00,0.29,17689.00,-97.48,0.00,0.00,0.00,-2.53,27.93,0.00,6.73,0.00,0.00,0.00,0.00,185132504149.61,6.71,17.70,0.00,1108.68,1051.92,1039.80,1034.00,1053.15,1323.75,1488.00,1190.00,1320.00,56.41,12.69,14.28,28954407312.00,6727418976.00,7439401330.00
[object Object],MRVL,"Marvell Technology, Inc.",NASDAQ,211.31,stock,common,100.00,1.00,false,0.00,USD,0.37,5329387.00,0.22,185058195982.71,USD,72.21,2.93,0.00,0.11,Electronic technology,america,Electronic Technology,StrongBuy,Strong buy,0.37,5.99,-6.15,28.31,175.02,143.61,176.22,246.07,1743.89,1679.45,7.28,7.47,Buy,Buy,Buy,Buy,Neutral,Neutral,49.90,17.08,-17.90,71.21,80.40,79.93,0.00,218.73,3.89,2.50,578745.00,4.04,5329387.00,-68.29,0.00,0.00,0.00,132.14,72.21,0.00,21.58,10.16,91.79,113.34,49.11,186736995982.71,21.42,130.57,68.87,194.31,217.81,240.74,191.40,138.11,268.15,400.00,180.00,250.00,4.05,0.80,0.93,11520260260.00,2406043378.00,2707769111.00
[object Object],BA,Boeing Company,NYSE,232.06,stock,common,100.00,1.00,false,0.00,USD,-0.06,502982.00,0.07,183413262995.55,USD,105.68,2.20,0.00,0.00,Electronic technology,america,Electronic Technology,StrongBuy,Strong buy,-0.06,4.93,2.23,-0.74,-3.07,6.38,2.61,1.34,75.62,7990.27,3.23,3.28,Buy,Buy,StrongBuy,Strong buy,Neutral,Neutral,57.93,22.54,13.54,118.84,83.12,90.30,0.00,232.51,0.14,-0.05,17213.00,0.81,502982.00,-92.95,0.00,0.00,0.00,2.17,105.68,0.00,1.95,30.08,50.42,0.00,9.16,209312262995.55,2.23,0.00,0.00,225.92,220.33,220.32,219.36,218.90,275.38,300.00,248.00,277.50,-0.99,-0.28,-0.20,97936315297.00,24263697215.00,24873161064.00
[object Object],ABBN,ABB Ltd.,SIX,82.00,stock,common,100.00,2.00,false,0.00,CHF,-0.39,830130.00,0.34,182057119050.10,USD,37.41,2.71,11.26,1.14,Producer manufacturing,switzerland,Producer Manufacturing,Neutral,Neutral,-0.39,2.42,-1.56,1.36,23.27,37.58,54.66,143.25,297.09,216.08,2.32,2.68,Buy,Buy,StrongBuy,Strong buy,Sell,Sell,52.23,2.00,-1.13,59.22,87.30,79.74,doji,0.00,0.00,0.00,0.00,-0.34,830130.00,-48.64,0.00,0.00,0.00,42.39,37.41,3.33,5.19,11.60,31.36,37.69,31.55,185661480182.29,5.21,29.64,26.10,79.93,82.08,82.99,78.73,70.24,104.39,121.85,83.47,106.14,3.45,0.74,0.80,39071957169.53,9475806545.00,9702677305.00
[object Object],DIS,Walt Disney Company,NYSE,104.25,stock,common,100.00,1.00,false,0.00,USD,-0.41,1390984.00,0.10,180007108770.29,USD,21.50,4.85,-23.99,1.43,Consumer services,america,Consumer Services,StrongBuy,Strong buy,-0.41,8.51,7.14,-4.38,-1.77,-8.10,-9.94,-41.10,8.47,36692.73,1.93,2.18,Buy,Buy,StrongBuy,Strong buy,Sell,Sell,64.43,9.40,2.88,213.63,94.05,87.36,harami_bearish,104.59,-0.09,-0.50,26442.00,-0.25,1390984.00,-90.10,0.00,0.00,0.00,-20.34,21.50,0.00,1.84,1.64,10.70,21.91,35.04,227673108770.29,2.30,14.88,10.93,99.34,97.60,98.93,100.22,104.45,127.00,144.00,88.00,129.50,6.87,1.86,1.67,101452662997.00,25391872575.00,25085953704.00
[object Object],SNDK,Sandisk Corporation,NASDAQ,1215.20,stock,common,100.00,1.00,false,0.00,USD,-3.45,3468916.00,0.18,179958679129.06,USD,16.67,72.89,0.00,0.00,Electronic technology,america,Electronic Technology,Buy,Buy,-3.45,-12.18,-23.66,-12.85,97.75,397.32,2793.33,3366.06,3366.06,3366.06,10.87,12.02,Sell,Sell,StrongSell,Strong sell,Neutral,Neutral,41.90,-221.36,-334.10,-67.87,39.61,46.63,0.00,1308.92,4.00,1.30,389388.00,4.03,3468916.00,-81.90,0.00,0.00,0.00,2502.25,16.67,0.00,9.76,11.27,16.36,16.61,40.06,175196679129.06,8.65,14.05,13.89,1242.49,1563.99,1688.15,1364.75,872.27,2274.74,3169.00,1300.00,2300.00,210.96,34.96,45.55,48353492661.00,8478519811.00,10585620280.00
[object Object],TJX,TJX Companies Inc,NYSE,160.62,stock,common,100.00,1.00,false,0.00,USD,-0.89,270261.00,0.05,177437628940.37,USD,31.20,5.15,21.38,1.08,Retail trade,america,Retail Trade,Buy,Buy,-0.89,0.99,4.30,3.61,3.37,4.81,21.03,132.75,291.04,90645.25,1.88,2.08,Buy,Buy,StrongBuy,Strong buy,Neutral,Neutral,57.99,6.40,3.00,94.82,80.10,71.33,0.00,161.36,-0.43,-0.05,4008.00,-0.99,270261.00,-96.06,0.00,0.00,0.00,26.00,31.20,1.47,2.95,17.06,23.67,32.85,32.24,186037628940.37,3.02,24.96,21.29,159.31,155.07,157.70,157.18,154.84,180.16,197.00,160.00,181.00,5.24,1.02,1.19,64141879189.00,14015273326.00,15194078383.00
[object Object],STX,Seagate Technology Holdings PLC,NASDAQ,775.96,stock,common,100.00,1.00,false,0.00,USD,-9.03,890496.00,0.14,175867081145.14,USD,55.93,13.87,104.84,0.34,Electronic technology,america,Electronic Technology,Buy,Buy,-9.03,-13.94,-4.35,-0.52,82.04,175.19,435.22,744.90,2307.57,6647.48,8.93,8.87,Sell,Sell,Sell,Sell,Sell,Sell,42.82,-75.73,-43.43,-53.51,51.87,57.34,marubozu_black_bearish,857.00,0.47,0.36,32879.00,1.14,890496.00,-83.99,0.00,0.00,0.00,416.04,55.93,0.59,16.23,81.21,49.00,57.98,105.59,178060081145.14,14.60,42.13,39.55,817.95,852.42,891.41,744.63,533.55,1148.18,1600.00,860.00,1145.00,35.66,5.10,7.25,18548870923.00,3498370102.00,4090248265.00
[object Object],ETN,Eaton Corp. Plc,NYSE,451.20,stock,common,100.00,1.00,false,0.00,USD,0.67,125550.00,0.04,175246078201.00,USD,45.91,9.83,-1.12,0.95,Producer manufacturing,america,Producer Manufacturing,Buy,Buy,0.67,7.43,15.21,12.64,25.57,39.60,25.33,178.16,586.55,29268.16,3.64,4.13,Buy,Buy,StrongBuy,Strong buy,Neutral,Neutral,63.45,47.13,33.30,161.41,92.42,93.18,0.00,450.22,0.45,-0.38,2338.00,0.80,125550.00,-92.84,0.00,0.00,0.00,-1.72,45.91,0.00,5.81,8.65,35.50,44.67,252.87,195922078201.00,6.53,33.57,27.91,417.85,410.21,408.78,400.38,376.02,485.68,534.00,386.00,487.00,13.50,3.07,3.51,32740699312.00,8155364234.00,8444872132.00
[object Object],UNP,Union Pacific Corporation,NYSE,294.74,stock,common,100.00,1.00,false,0.00,USD,-0.22,132777.00,0.04,175097815908.40,USD,23.87,12.35,7.26,1.87,Transportation,america,Transportation,Buy,Buy,-0.22,1.74,3.74,11.59,17.01,27.40,29.74,34.05,213.95,30393.24,1.69,2.22,Buy,Buy,StrongBuy,Strong buy,Sell,Sell,55.99,-12.58,7.37,-24.18,33.43,33.10,0.00,0.00,0.00,0.00,0.00,-0.89,132777.00,-92.70,0.00,0.00,0.00,31.81,23.87,3.29,6.90,8.47,17.06,26.92,82.74,204150815908.40,8.03,20.15,16.10,294.08,289.77,279.86,267.87,252.42,332.70,375.00,245.00,339.00,13.06,3.26,3.45,26776232383.00,6715495215.00,6954283033.00
[object Object],NEE,"NextEra Energy, Inc.",NYSE,83.93,stock,common,100.00,1.00,false,0.00,USD,-0.79,835093.00,0.07,175076153168.31,USD,18.83,4.46,55.30,2.81,Utilities,america,Utilities,Buy,Buy,-0.79,-4.43,-4.79,-10.60,-7.29,4.33,18.76,3.67,165.94,3451.42,2.16,2.03,StrongSell,Strong sell,StrongSell,Strong sell,Sell,Sell,32.42,-5.85,-2.27,-211.67,10.28,16.64,on_neck_bearish,84.00,-0.71,0.12,14143.00,-0.84,835093.00,-95.51,0.00,0.00,0.00,25.68,18.83,0.34,6.31,3.06,12.73,57.64,54.53,293084153168.31,10.44,39.01,19.86,86.96,87.93,87.10,89.87,87.71,103.00,116.00,91.00,103.00,4.03,1.11,1.21,31241818242.00,8108191351.00,9050205298.00
[object Object],QCOM,QUALCOMM Incorporated,NASDAQ,164.66,stock,common,100.00,1.00,false,0.00,USD,2.66,1034045.00,0.07,172931511129.23,USD,19.06,8.64,-16.67,2.24,Electronic technology,america,Electronic Technology,Neutral,Neutral,2.66,7.65,-8.79,-22.69,20.30,-5.26,11.02,12.17,165.37,31393.50,4.40,4.48,Sell,Sell,StrongSell,Strong sell,Buy,Buy,45.28,-2.31,-19.53,-16.93,50.25,46.13,0.00,162.95,1.60,0.57,54578.00,1.67,1034045.00,-85.70,0.00,0.00,0.00,-1.83,19.06,0.00,3.89,6.29,14.19,16.90,21.20,179897511129.23,4.08,17.37,15.08,158.46,172.73,191.72,176.37,168.90,203.10,400.00,100.00,177.50,10.60,2.23,2.22,43100518262.00,9694904465.00,10205810507.00
[object Object],RIO,Rio Tinto plc,LSE,7470.00,stock,common,1.00,1.00,false,0.00,GBX,0.17,1588064.00,0.58,171958357859.35,USD,13.58,7.29,13.27,4.04,Non-energy minerals,uk,Non-Energy Minerals,Neutral,Neutral,0.17,3.82,10.24,-3.45,11.74,24.60,66.15,24.94,211.38,770.31,2.20,2.26,Buy,Buy,StrongBuy,Strong buy,Neutral,Neutral,63.64,601.00,394.81,139.94,90.11,88.51,doji,0.00,0.00,0.00,0.00,0.21,1588064.00,-35.61,0.00,0.00,0.00,47.52,13.58,1.02,2.66,2.46,8.60,28.72,17.10,191807215874.10,3.14,11.77,7.91,7182.40,6970.00,7237.22,7281.66,6727.52,102.26,124.91,81.06,99.49,8.31,4.09,3.91,64293672361.89,31624946429.00,32601259500.00
[object Object],RR.,Rolls-Royce Holdings plc,LSE,1531.00,stock,common,10.00,2.00,false,0.00,GBX,-0.16,3667654.00,0.12,171822135080.97,USD,42.35,0.48,-47.06,0.62,Electronic technology,uk,Electronic Technology,StrongBuy,Strong buy,-0.16,2.77,7.06,22.75,27.00,31.98,40.27,1263.07,490.52,2392.39,2.43,2.94,Buy,Buy,StrongBuy,Strong buy,Sell,Sell,63.29,115.40,105.03,120.79,83.46,88.07,long_upper_shadow_bearish,0.00,0.00,0.00,0.00,-0.43,3667654.00,-78.84,0.00,0.00,0.00,39.29,42.35,0.00,5.54,44.83,25.86,29.80,19.18,168675712280.97,5.49,29.89,24.68,1481.48,1439.71,1396.48,1302.60,1248.71,22.88,25.56,19.24,23.10,0.57,0.24,0.29,31660776925.89,13514949213.62,16934516715.36
[object Object],WELL,Welltower Inc.,NYSE,238.06,stock,common,100.00,1.00,false,0.00,USD,0.87,70481.00,0.02,171580539007.21,USD,0.00,-0.55,-145.42,1.25,Finance,america,Finance,Buy,Buy,0.87,1.64,0.61,11.63,23.40,28.26,40.96,179.71,211.19,3470.88,2.32,2.43,Buy,Buy,StrongBuy,Strong buy,Neutral,Neutral,53.44,-14.01,-0.59,-38.09,36.99,28.78,0.00,0.00,0.00,0.00,0.00,-0.36,70481.00,-97.66,0.00,0.00,0.00,55.11,0.00,0.00,13.66,3.69,47.76,69.93,83.77,190453403007.21,14.94,281.97,60.66,237.90,237.31,225.83,217.42,205.70,258.91,292.00,215.00,262.50,2.83,0.62,0.62,14106984298.00,3403253243.00,3579778352.00
[object Object],BX,Blackstone Inc.,NYSE,137.56,stock,common,100.00,1.00,false,0.00,USD,3.08,467709.00,0.08,171098920945.39,USD,30.86,4.46,20.33,3.72,Finance,america,Finance,Buy,Buy,3.08,7.65,15.51,12.20,6.30,-11.33,-20.09,20.03,400.95,283.10,3.53,3.60,Buy,Buy,StrongBuy,Strong buy,Neutral,Neutral,63.67,7.56,10.03,127.12,79.04,84.02,0.00,134.20,0.56,0.64,2450.00,1.24,467709.00,-87.70,0.00,0.00,0.00,-22.94,30.86,1.47,6.43,18.98,0.00,0.00,39.68,195771618945.39,11.80,22.86,22.67,133.06,126.12,123.23,121.05,131.37,141.64,184.00,119.00,139.00,5.93,1.34,1.37,14563038774.00,3421581961.00,3457663823.00
[object Object],SAF,Safran SA,EURONEXT,356.90,stock,common,10.00,1.00,false,0.00,EUR,0.48,123889.00,0.23,170600262059.61,USD,38.31,10.64,-9.86,0.94,Electronic technology,france,Electronic Technology,Buy,Buy,0.48,4.91,4.72,22.23,18.18,20.57,22.73,220.55,489.92,3201.57,1.97,2.46,Buy,Buy,StrongBuy,Strong buy,Sell,Sell,64.89,27.10,16.49,126.66,89.09,91.54,0.00,0.00,0.00,0.00,0.00,-0.06,123889.00,-75.91,0.00,0.00,0.00,21.12,38.31,0.00,4.40,10.20,22.15,28.35,22.28,169530035479.61,4.42,34.85,25.36,347.30,340.02,329.51,308.92,309.11,437.94,497.67,296.07,448.14,12.16,5.77,6.38,42692998887.95,19939753812.42,21497956505.13
[object Object],ABI,Anheuser-Busch InBev SA/NV,EURONEXT,73.06,stock,common,100.00,2.00,false,0.00,EUR,-0.52,526924.00,0.32,167841163995.34,USD,18.35,4.55,23.83,1.10,Consumer non-durables,belgium,Consumer Non-Durables,Buy,Buy,-0.52,-1.43,4.70,8.24,14.26,34.60,40.02,40.02,-34.06,281.91,1.61,2.13,Buy,Buy,StrongBuy,Strong buy,Neutral,Neutral,53.99,1.42,1.59,55.36,57.36,59.61,0.00,0.00,0.00,0.00,0.00,-0.25,526924.00,-60.36,0.00,0.00,0.00,27.38,18.35,0.77,2.75,1.76,9.93,12.52,20.95,240382250184.93,3.92,15.21,11.18,73.45,71.75,71.30,68.16,63.23,94.38,111.69,76.17,94.49,4.57,2.10,0.00,66154736475.15,0.00,0.00
[object Object],DE,Deere & Company,NYSE,620.11,stock,common,100.00,1.00,false,0.00,USD,0.86,30477.00,0.03,167390912587.48,USD,35.14,17.65,-14.63,1.05,Producer manufacturing,america,Producer Manufacturing,Buy,Buy,0.86,3.34,3.36,6.96,9.17,33.07,20.83,69.94,689.45,27914.66,2.32,2.74,StrongBuy,Strong buy,StrongBuy,Strong buy,Neutral,Neutral,55.70,-8.05,5.66,64.28,55.70,53.40,0.00,614.43,-0.07,-0.07,1000.00,-0.40,30477.00,-96.27,0.00,0.00,0.00,24.67,35.14,0.00,3.51,6.11,21.17,44.57,17.99,222271912587.48,4.69,22.94,18.52,613.73,608.33,596.68,585.57,551.82,653.09,812.00,500.00,641.29,18.09,5.70,4.71,41639896191.00,11550036866.00,10811753530.00
[object Object],GILD,"Gilead Sciences, Inc.",NASDAQ,132.87,stock,common,100.00,1.00,false,0.00,USD,1.54,797236.00,0.10,164967383313.32,USD,0.00,-2.66,-152.84,2.46,Health technology,america,Health Technology,Buy,Buy,1.54,2.03,-2.72,2.21,-11.24,8.47,20.16,93.18,65.14,24548.32,3.82,3.09,StrongBuy,Strong buy,StrongBuy,Strong buy,Neutral,Neutral,52.89,3.56,1.40,12.04,38.48,39.55,0.00,132.15,0.99,-0.65,3224.00,0.95,797236.00,-91.37,0.00,0.00,0.00,17.36,0.00,0.00,5.33,14.04,12.19,0.00,51.95,161788383313.32,5.30,11.08,0.00,132.10,131.43,129.72,132.56,132.08,159.33,180.00,123.00,163.50,-0.50,-7.25,2.11,30674603359.00,7398662965.00,7796952365.00
[object Object],T,AT&T Inc,NYSE,23.71,stock,common,100.00,1.00,false,0.00,USD,-0.02,2548134.00,0.04,162436482985.16,USD,7.84,3.02,72.38,4.68,Communications,america,Communications,Buy,Buy,-0.02,2.31,13.04,-6.03,-13.04,-4.38,-13.63,12.29,-27.25,511.58,2.18,2.96,Buy,Buy,Buy,Buy,Neutral,Neutral,57.43,-0.42,0.99,51.67,51.00,49.64,0.00,23.54,-0.72,-0.34,56517.00,-0.89,2548134.00,-94.66,0.00,0.00,0.00,-13.78,7.84,0.11,1.29,1.48,4.13,9.33,8.92,324858482985.16,2.55,12.03,6.86,23.69,22.35,22.68,24.58,25.13,28.65,36.00,20.00,28.50,2.34,0.59,0.60,129236274569.00,31795051646.00,31687325712.00
[object Object],DTE,Deutsche Telekom AG,XETR,28.85,stock,common,100.00,1.00,false,0.00,EUR,-1.03,2877209.00,0.42,160606667854.25,USD,15.91,2.10,-26.06,3.43,Communications,germany,Communications,StrongBuy,Strong buy,-1.03,7.25,12.96,4.87,-5.72,3.22,-3.74,63.09,88.81,78.31,3.20,2.53,Buy,Buy,StrongBuy,Strong buy,Sell,Sell,62.04,2.46,1.73,208.23,80.56,81.11,0.00,29.13,-0.07,0.14,2297.00,0.96,2877209.00,-75.89,0.00,0.00,0.00,-15.08,15.91,0.00,1.18,2.21,3.46,4.88,15.68,348701581334.25,2.53,11.50,5.96,27.74,26.53,26.89,28.14,28.56,42.40,46.08,38.02,42.16,2.63,0.64,0.71,144295174115.39,34203209410.89,35047881623.51
[object Object],UBSG,UBS Group AG,SIX,43.29,stock,common,100.00,1.00,false,0.00,CHF,0.56,1995404.00,0.36,160411265279.37,USD,18.58,2.88,43.15,1.99,Finance,switzerland,Finance,Neutral,Neutral,0.56,0.67,4.26,24.72,29.22,16.06,40.10,186.40,236.36,115.19,2.22,2.17,Buy,Buy,StrongBuy,Strong buy,Neutral,Neutral,60.39,0.98,1.04,56.32,64.97,61.09,0.00,0.00,0.00,0.00,0.00,-0.77,1995404.00,-52.58,0.00,0.00,0.00,32.42,18.58,0.43,3.10,1.84,0.00,0.00,0.00,345527123548.53,4.37,0.00,0.00,42.89,42.28,41.03,37.17,35.18,52.75,73.14,36.57,51.42,3.71,0.90,0.92,54658580963.39,13401239351.00,13136103663.00
[object Object],BKNG,Booking Holdings Inc.,NASDAQ,213.31,stock,common,100.00,1.00,false,0.00,USD,2.85,812671.00,0.11,160273215622.99,USD,23.59,9.04,57.21,0.78,Consumer services,america,Consumer Services,StrongBuy,Strong buy,2.85,11.33,18.91,26.07,20.00,-0.45,-3.92,144.28,276.72,997.25,3.49,3.66,StrongBuy,Strong buy,StrongBuy,Strong buy,Buy,Buy,72.62,35.84,18.65,149.06,92.58,83.10,marubozu_white_bullish,206.68,-0.34,0.48,6842.00,-0.07,812671.00,-88.17,0.00,0.00,0.00,-14.77,23.59,0.40,5.65,0.00,16.66,17.22,9.38,163459215622.99,5.79,16.46,15.35,198.82,185.85,179.03,174.89,185.40,238.00,301.00,188.00,240.00,10.46,2.43,4.48,29270432065.00,7196293969.00,9548909287.00
[object Object],CRM,"Salesforce, Inc.",NYSE,192.64,stock,common,100.00,1.00,false,0.00,USD,3.14,1462546.00,0.11,157772163608.97,USD,22.30,8.64,35.12,0.92,Technology services,america,Technology Services,Buy,Buy,3.14,8.41,15.10,7.21,0.53,-27.31,-23.16,-23.38,136.72,5037.07,2.93,4.34,Buy,Buy,StrongBuy,Strong buy,Neutral,Neutral,62.47,28.98,20.02,117.37,89.59,89.36,rising_window_bullish,190.01,1.73,1.73,47664.00,2.31,1462546.00,-89.00,0.00,0.00,0.00,-41.85,22.30,0.62,3.80,4.61,11.02,11.44,14.17,188483163608.97,4.40,20.12,14.35,185.75,172.14,172.15,176.70,203.70,237.27,400.00,160.00,233.00,14.15,3.13,3.28,46108452099.00,11053265918.00,11331188451.00
[object Object],BBVA,"Banco Bilbao Vizcaya Argentaria, S.A.",BME,24.65,stock,common,100.00,1.00,false,0.00,EUR,0.24,2392684.00,0.29,157698728425.81,USD,12.76,2.21,6.81,2.40,Finance,spain,Finance,Neutral,Neutral,0.24,2.88,8.26,32.14,23.87,23.56,59.50,336.28,380.51,86.22,1.55,2.06,Buy,Buy,StrongBuy,Strong buy,Neutral,Neutral,67.79,1.79,1.86,116.99,87.59,89.43,0.00,0.00,0.00,0.00,0.00,-0.33,2392684.00,-57.69,0.00,0.00,0.00,64.63,12.76,1.87,2.41,2.30,0.00,0.00,0.00,334734249905.81,3.98,0.00,0.00,24.02,22.92,21.95,20.46,19.91,27.15,32.60,23.62,26.84,2.42,0.59,0.60,49399156326.89,11923694203.44,12174924167.31
[object Object],IBE,Iberdrola SA,BME,20.73,stock,common,100.00,1.00,false,0.00,EUR,0.05,2667592.00,0.41,157413490944.19,USD,19.31,1.23,32.92,2.66,Utilities,spain,Utilities,Buy,Buy,0.05,0.63,-1.71,6.31,8.25,12.85,33.31,103.24,245.62,526.45,1.11,1.49,Sell,Sell,Sell,Sell,Sell,Sell,45.90,-0.48,-0.46,-79.04,21.09,16.67,0.00,0.00,0.00,0.00,0.00,0.29,2667592.00,-47.86,0.00,0.00,0.00,34.71,19.31,0.59,3.01,2.68,0.00,0.00,0.00,235752002964.19,4.56,20.57,12.72,20.72,21.08,20.81,20.27,19.44,23.77,27.07,19.58,24.19,1.19,0.29,0.27,53371936757.76,12062078056.75,12683502636.20
[object Object],UBER,"Uber Technologies, Inc.",NYSE,74.11,stock,common,100.00,1.00,false,0.00,USD,5.17,6651476.00,0.29,151374341867.44,USD,16.29,4.55,-22.81,0.00,Transportation,america,Transportation,StrongBuy,Strong buy,5.17,5.93,0.82,-3.82,-1.83,-9.67,-18.31,69.43,76.45,76.45,3.23,3.38,Buy,Buy,StrongBuy,Strong buy,Buy,Buy,56.40,8.17,-1.26,85.19,64.74,57.79,0.00,71.32,1.21,0.13,134359.00,1.16,6651476.00,-78.89,0.00,0.00,0.00,-20.95,16.29,0.00,2.62,5.53,14.58,15.02,25.11,161136341867.44,2.92,21.90,19.82,70.72,72.06,71.73,72.90,78.02,102.46,150.00,70.00,103.00,3.31,0.80,0.86,58069379403.00,14235232688.00,14717797784.00
[object Object],ENR,Siemens Energy AG,XETR,154.12,stock,common,100.00,2.00,false,0.00,EUR,0.29,1046385.00,0.40,150826325604.42,USD,49.70,3.54,186.97,0.46,Producer manufacturing,germany,Producer Manufacturing,Buy,Buy,0.29,1.39,-1.66,-14.00,4.81,26.85,51.32,564.02,600.23,600.23,4.72,5.00,Buy,Buy,Buy,Buy,Neutral,Neutral,52.38,2.78,-2.35,99.26,69.55,64.56,long_upper_shadow_bearish,154.00,0.21,-0.22,285.00,0.29,1046385.00,-46.35,0.00,0.00,0.00,51.87,49.70,0.27,3.16,12.32,14.04,17.37,11.95,142006460484.42,2.97,31.55,22.48,147.21,153.22,155.18,161.21,145.99,229.48,299.53,115.20,236.16,5.22,1.34,1.54,51728035402.17,12786715117.62,14497339636.27
[object Object],PFE,Pfizer Inc.,NYSE,26.44,stock,common,100.00,1.00,false,0.00,USD,0.93,5502220.00,0.13,150714186644.51,USD,35.01,0.76,-59.83,6.56,Health technology,america,Health Technology,Neutral,Neutral,0.93,6.54,9.95,1.08,-0.85,5.86,9.40,-41.38,-20.93,6056.11,2.23,1.93,StrongBuy,Strong buy,StrongBuy,Strong buy,Buy,Buy,68.30,1.90,0.89,234.06,99.23,90.19,0.00,26.20,0.01,-0.11,288725.00,0.08,5502220.00,-89.23,0.00,0.00,0.00,4.17,35.01,0.00,0.00,1.77,0.00,0.00,0.00,150714186644.51,2.37,0.00,0.00,25.39,24.76,25.07,25.93,25.86,28.21,34.00,25.00,28.00,2.97,0.68,0.77,62188324668.00,14399426006.00,15961616298.00
[object Object],UCG,UniCredit S.p.A.,MIL,84.27,stock,common,100.00,1.00,false,0.00,EUR,-0.54,2198204.00,0.47,147192285553.26,USD,0.00,0.00,0.00,3.43,Finance,italy,Finance,Buy,Buy,-0.54,2.71,3.35,19.31,15.28,18.41,29.51,728.61,751.65,-36.03,1.76,2.12,Buy,Buy,StrongBuy,Strong buy,Sell,Sell,58.93,3.84,3.38,123.62,82.61,88.30,0.00,0.00,0.00,0.00,0.00,0.00,2198204.00,-47.57,0.00,0.00,0.00,25.34,0.00,0.00,0.00,0.00,0.00,0.00,0.00,281252852953.26,9.68,0.00,0.00,82.95,81.72,79.24,73.33,70.97,104.91,121.86,87.70,106.60,8.65,2.11,2.15,30940321672.93,7412729392.96,7476158757.67
[object Object],WDC,Western Digital Corporation,NASDAQ,426.49,stock,common,100.00,1.00,false,0.00,USD,-5.54,2669384.00,0.29,147003477580.39,USD,17.62,24.21,371.29,0.11,Electronic technology,america,Electronic Technology,Buy,Buy,-5.54,-25.06,-18.92,-10.22,57.67,140.68,478.61,720.62,1127.54,8109.76,9.07,8.92,Sell,Sell,StrongSell,Strong sell,Neutral,Neutral,37.72,-93.31,-56.55,-139.91,32.67,52.58,marubozu_black_bearish,456.70,1.15,0.84,262108.00,1.31,2669384.00,-83.51,0.00,0.00,0.00,548.54,17.62,0.05,13.60,0.00,42.23,47.25,105.07,146476477580.39,11.34,31.87,29.47,497.43,535.22,561.04,475.17,341.17,671.57,1050.00,500.00,650.00,19.81,3.31,4.03,18942252538.00,3700104820.00,4132303215.00
[object Object],IBKR,"Interactive Brokers Group, Inc. Class A",NASDAQ,85.86,stock,common,100.00,1.00,false,0.00,USD,-0.19,702810.00,0.13,145636772193.90,USD,34.23,2.51,31.57,0.38,Finance,america,Finance,Buy,Buy,-0.19,-6.47,-7.47,1.51,19.43,31.26,33.54,439.41,854.00,940.73,2.72,3.65,Sell,Sell,Sell,Sell,Sell,Sell,40.61,-5.88,-4.10,-129.00,12.80,19.77,0.00,86.61,0.69,0.45,8282.00,0.64,702810.00,-90.36,0.00,0.00,0.00,39.46,34.23,1.09,3.42,0.00,0.00,0.00,0.34,93490772193.90,8.25,9.43,0.00,88.49,91.34,90.77,83.70,76.50,109.42,121.00,94.00,110.00,2.71,0.64,0.70,7463900447.00,1797700333.00,1912931333.00
[object Object],BNP,BNP Paribas S.A. Class A,EURONEXT,112.60,stock,common,100.00,2.00,false,0.00,EUR,0.00,487659.00,0.29,143292400412.06,USD,9.74,13.20,22.65,4.58,Finance,france,Finance,Buy,Buy,0.00,3.15,11.71,22.50,21.85,39.98,41.26,114.89,163.39,440.80,1.18,1.93,Buy,Buy,StrongBuy,Strong buy,Neutral,Neutral,72.17,6.68,7.60,112.44,93.27,95.43,0.00,0.00,0.00,0.00,0.00,-0.09,487659.00,-69.09,0.00,0.00,0.00,36.24,9.74,0.43,1.14,1.03,7.18,8.70,0.00,954290287992.06,5.39,0.00,0.00,110.22,105.02,101.94,95.38,88.45,133.35,156.73,114.09,135.02,13.83,0.00,0.00,64678293269.01,0.00,0.00
[object Object],GLW,Corning Inc,NYSE,165.33,stock,common,100.00,1.00,false,0.00,USD,5.19,2823248.00,0.16,142413321939.02,USD,75.83,2.18,130.83,0.71,Electronic technology,america,Electronic Technology,Buy,Buy,5.19,14.98,-9.86,-11.69,43.89,85.95,148.65,303.64,630.26,2792.10,7.63,7.34,Buy,Buy,Buy,Buy,Buy,Buy,51.45,18.68,-21.24,60.02,86.88,81.15,0.00,162.74,3.54,3.04,247299.00,3.63,2823248.00,-77.06,0.00,0.00,0.00,104.26,75.83,0.55,8.11,11.93,36.95,60.40,57.61,149848321939.02,8.83,53.59,35.48,145.26,172.67,179.12,172.01,137.03,192.38,226.00,129.00,200.00,3.28,0.76,0.87,19215685439.00,4630208867.00,4989916396.00
[object Object],CFR,Compagnie Financiere Richemont SA,SIX,195.50,stock,common,100.00,5.00,false,0.00,CHF,-0.33,306452.00,0.38,141634332475.60,USD,35.57,6.88,24.56,1.53,Consumer durables,switzerland,Consumer Durables,Buy,Buy,-0.33,2.09,6.28,24.56,26.58,13.99,48.90,70.00,240.59,549.50,2.44,2.33,Buy,Buy,StrongBuy,Strong buy,Sell,Sell,58.81,2.45,5.69,65.10,78.92,79.29,shooting_star_bearish,0.00,0.00,0.00,0.00,-0.87,306452.00,-59.96,0.00,0.00,0.00,40.63,35.57,1.45,5.55,5.16,25.60,32.22,7.23,137471142491.11,5.27,25.38,18.86,193.73,190.22,184.44,167.06,164.16,265.48,304.64,212.70,272.75,8.68,3.72,4.17,29348734825.07,13354278123.69,13657917112.50
[object Object],DHR,Danaher Corporation,NYSE,200.56,stock,common,100.00,1.00,false,0.00,USD,0.29,354310.00,0.06,140990885992.00,USD,35.61,5.63,19.62,0.72,Health technology,america,Health Technology,StrongBuy,Strong buy,0.29,1.55,4.59,14.63,-7.55,-12.35,1.76,-26.45,177.08,33567.22,2.74,3.33,Buy,Buy,StrongBuy,Strong buy,Buy,Buy,57.20,9.06,4.18,51.16,77.73,74.19,0.00,199.04,-0.47,-0.12,673.00,-0.29,354310.00,-87.32,0.00,0.00,0.00,-5.53,35.61,1.81,5.64,2.68,21.39,25.96,32.64,164511885992.00,6.55,30.92,20.95,197.57,195.75,190.28,186.27,203.47,228.14,310.00,195.00,230.00,8.50,1.85,1.92,26309734613.00,6120992495.00,6543766718.00
[object Object],COP,ConocoPhillips,NYSE,115.33,stock,common,100.00,1.00,false,0.00,USD,-1.23,435296.00,0.06,140499751813.49,USD,15.28,7.55,1.26,2.83,Energy minerals,america,Energy Minerals,Buy,Buy,-1.23,-3.45,4.81,0.60,9.57,23.20,25.30,107.16,181.42,5360.66,2.58,2.44,Neutral,Neutral,Neutral,Neutral,Sell,Sell,49.95,-4.94,4.74,-26.33,27.26,39.06,0.00,115.60,-0.99,-0.03,21031.00,-0.98,435296.00,-94.97,0.00,0.00,0.00,13.58,15.28,12.25,2.25,2.12,6.39,13.91,18.21,156097751813.49,2.47,11.17,6.02,117.15,112.98,113.40,118.41,108.48,143.63,189.00,115.00,145.50,9.83,2.90,2.42,69408705957.00,18786707100.00,17234916562.00
[object Object],ISP,Intesa Sanpaolo S.p.A.,MIL,6.83,stock,common,1000.00,1.00,false,0.00,EUR,0.50,30563416.00,0.56,138257722152.85,USD,0.00,0.00,0.00,5.53,Finance,italy,Finance,Buy,Buy,0.50,4.61,10.59,15.78,15.58,15.39,31.62,190.87,257.64,110.95,1.33,1.57,Buy,Buy,StrongBuy,Strong buy,Sell,Sell,72.77,0.39,0.44,153.67,90.73,92.56,spinning_top_white,0.00,0.00,0.00,0.00,0.38,30563416.00,-47.36,0.00,0.00,0.00,23.81,0.00,0.00,0.00,0.00,0.00,0.00,0.00,167059374172.85,3.55,0.00,0.00,6.64,6.37,6.17,5.88,5.80,8.23,9.01,7.01,8.40,0.69,0.16,0.17,33710451514.85,7957863638.15,8287255169.46
[object Object],PH,Parker-Hannifin Corporation,NYSE,1083.31,stock,common,100.00,1.00,false,0.00,USD,1.26,67204.00,0.09,136590650822.69,USD,38.02,28.49,5.03,0.69,Producer manufacturing,america,Producer Manufacturing,Buy,Buy,1.26,11.56,14.49,21.45,10.82,22.88,48.52,262.70,792.13,31880.51,2.76,2.64,StrongBuy,Strong buy,StrongBuy,Strong buy,Buy,Buy,75.29,95.77,53.60,271.38,84.39,84.24,spinning_top_white,1079.49,0.91,-2.58,415.00,0.85,67204.00,-95.32,0.00,0.00,0.00,33.06,38.02,7.46,6.36,0.00,31.72,35.45,276.34,144618650822.69,6.73,26.72,22.78,1000.88,975.31,946.18,930.44,914.29,1147.41,1358.00,850.00,1157.50,34.65,8.31,8.13,22931729008.00,5573716523.00,5508451959.00
[object Object],ULVR,Unilever PLC,LSE,4699.50,stock,common,10.00,5.00,false,0.00,GBX,-0.20,1422624.00,0.33,136466861885.55,USD,21.07,2.96,5.37,3.66,Consumer non-durables,uk,Consumer Non-Durables,Neutral,Neutral,-0.20,-2.08,0.55,9.18,-10.23,-3.13,-7.76,2.09,20.68,481.99,2.37,2.21,Buy,Buy,Buy,Buy,Sell,Sell,52.02,124.00,97.06,2.46,43.00,46.69,0.00,0.00,0.00,0.00,0.00,-0.70,1422624.00,-39.78,0.00,0.00,0.00,-0.99,21.07,3.93,2.57,7.25,13.91,16.36,19.69,169114987508.46,3.19,15.71,14.06,4790.50,4659.98,4529.82,4426.30,4729.19,69.60,80.87,51.25,69.52,3.72,1.83,1.91,59731869436.38,29146513260.00,30235078633.06
[object Object],CB,Chubb Limited,NYSE,350.43,stock,common,100.00,1.00,false,0.00,USD,-1.02,123841.00,0.07,135195835785.05,USD,12.40,28.26,24.68,1.11,Finance,america,Finance,Buy,Buy,-1.02,0.24,-2.88,8.79,5.56,12.87,29.71,100.25,175.41,3604.99,1.59,2.14,Neutral,Neutral,Neutral,Neutral,Sell,Sell,51.03,-9.32,1.59,-19.61,51.27,48.17,0.00,354.06,0.01,0.01,40.00,-0.89,123841.00,-92.40,0.00,0.00,0.00,31.68,12.40,0.51,2.23,1.79,8.03,8.03,0.00,163812835785.05,2.64,0.00,0.00,353.87,351.38,340.18,333.13,320.48,367.65,425.00,306.00,369.00,27.67,6.77,6.32,58004574767.00,15074412500.00,15556950400.00
[object Object],INVE_B,Investor AB Class B,OMXSTO,425.45,stock,common,100.00,5.00,false,0.00,SEK,0.41,1468344.00,0.58,134855592823.26,USD,4.97,8.80,1024.26,1.29,Finance,sweden,Finance,Neutral,Neutral,0.41,3.77,7.44,15.13,18.56,28.38,49.81,94.62,482.81,1294.92,1.09,1.41,Buy,Buy,StrongBuy,Strong buy,Sell,Sell,76.12,21.95,19.73,131.82,94.55,95.47,0.00,0.00,0.00,0.00,0.00,0.02,1468344.00,-35.33,0.00,0.00,0.00,38.76,4.97,0.00,6.62,1.20,54.53,63.05,66.88,146017659823.26,7.25,5.29,0.00,415.19,403.75,395.94,381.36,358.46,41.66,45.45,33.78,43.08,5.24,0.00,0.00,7372976302.00,0.00,0.00
[object Object],COF,Capital One Financial Corp,NYSE,219.24,stock,common,100.00,1.00,false,0.00,USD,-0.35,175435.00,0.04,134500408044.29,USD,77.28,2.84,-76.18,1.36,Finance,america,Finance,StrongBuy,Strong buy,-0.35,4.40,9.09,13.63,-0.59,-10.28,2.24,33.00,221.32,4010.79,2.52,2.64,Buy,Buy,StrongBuy,Strong buy,Sell,Sell,63.62,16.40,12.29,119.07,88.01,91.52,0.00,219.00,-0.45,-0.45,228.00,-0.69,175435.00,-93.23,0.00,0.00,0.00,-4.70,77.28,0.00,2.34,1.20,4.70,5.01,0.00,179071408044.29,2.39,0.00,0.00,214.78,207.40,200.33,194.73,207.61,257.68,300.00,229.00,254.50,20.44,4.79,5.37,63963440691.00,15758436961.00,16284488400.00
[object Object],LMT,Lockheed Martin Corporation,NYSE,579.90,stock,common,100.00,1.00,false,0.00,USD,-0.51,94012.00,0.07,133835553929.65,USD,21.37,27.13,52.77,2.34,Electronic technology,america,Electronic Technology,Buy,Buy,-0.51,1.01,7.86,14.02,-5.64,20.00,34.73,60.77,123.04,2208.06,2.00,2.67,Buy,Buy,StrongBuy,Strong buy,Neutral,Neutral,62.47,-2.70,45.56,57.43,87.19,89.52,0.00,584.49,0.28,0.03,2915.00,-0.30,94012.00,-87.28,0.00,0.00,0.00,36.78,21.37,0.41,1.75,15.21,12.88,15.35,35.35,150582553929.65,1.96,16.57,13.98,580.33,542.91,534.15,551.28,547.17,633.21,756.00,503.00,620.00,30.36,7.19,7.58,80812900333.00,19339115313.00,20415085150.00
[object Object],ISRG,"Intuitive Surgical, Inc.",NASDAQ,377.67,stock,common,100.00,1.00,false,0.00,USD,1.06,231596.00,0.07,133420750061.62,USD,43.28,8.73,21.75,0.00,Health technology,america,Health Technology,Buy,Buy,1.06,7.67,-11.62,-16.87,-21.67,-33.37,-21.06,9.67,390.95,18783.29,2.53,3.55,Sell,Sell,Sell,Sell,Neutral,Neutral,50.86,40.17,-11.97,45.42,95.08,81.51,0.00,374.30,0.16,0.07,2291.00,0.22,231596.00,-91.07,0.00,0.00,0.00,-28.24,43.28,1.97,12.10,7.36,36.41,41.87,25.72,128303550061.62,11.63,37.18,30.66,364.83,380.51,393.16,424.67,480.17,479.11,685.00,324.00,483.00,10.80,2.51,2.64,11760597133.00,2825330490.00,2906246115.00
[object Object],PLD,"Prologis, Inc.",NYSE,139.78,stock,common,100.00,1.00,false,0.00,USD,0.46,366997.00,0.06,133078830217.95,USD,31.13,4.49,22.35,2.99,Finance,america,Finance,Buy,Buy,0.46,-4.26,-1.86,-2.23,2.03,9.43,30.69,7.72,159.63,494.83,1.70,2.34,Sell,Sell,StrongSell,Strong sell,Neutral,Neutral,42.01,-7.84,-2.19,-131.39,11.04,10.18,0.00,139.36,0.16,0.00,76967.00,0.13,366997.00,-92.98,0.00,0.00,0.00,34.30,31.13,1.39,14.50,2.43,25.55,30.61,75.86,172864013217.95,18.81,48.75,27.51,143.35,143.13,143.42,141.05,135.76,159.83,170.00,140.00,161.00,3.64,0.75,0.81,8591013000.00,2161330400.00,2164448167.00
[object Object],BMY,Bristol-Myers Squibb Company,NYSE,64.55,stock,common,100.00,1.00,false,0.00,USD,0.62,863712.00,0.05,131857230541.28,USD,14.22,4.54,83.17,3.91,Health technology,america,Health Technology,Buy,Buy,0.62,-0.69,11.50,14.59,7.58,21.31,43.51,-5.35,1.65,3072.76,3.47,3.08,StrongBuy,Strong buy,StrongBuy,Strong buy,Neutral,Neutral,62.73,2.46,4.76,67.15,51.93,58.92,0.00,64.01,-0.22,-0.20,3705.00,0.14,863712.00,-90.96,0.00,0.00,0.00,36.17,14.22,0.17,2.67,5.91,10.34,11.56,11.95,165843230541.28,3.37,10.42,8.64,64.31,60.69,58.73,58.54,56.09,66.04,80.00,40.00,66.00,6.90,1.60,1.72,49471444923.00,11738871544.00,12588195126.00
[object Object],SYK,Stryker Corporation,NYSE,337.20,stock,common,100.00,1.00,false,0.00,USD,-0.07,89971.00,0.03,129340822424.35,USD,34.94,9.65,27.71,1.03,Health technology,america,Health Technology,StrongBuy,Strong buy,-0.07,2.15,2.56,14.69,-6.77,-4.01,-10.56,28.65,193.24,404531.91,2.74,2.99,Buy,Buy,StrongBuy,Strong buy,Neutral,Neutral,54.38,6.95,10.53,46.21,66.51,66.82,spinning_top_white,337.51,0.02,0.00,1173.00,-0.23,89971.00,-95.01,0.00,0.00,0.00,-13.23,34.94,1.26,5.04,5.39,23.56,27.68,37.45,141310822424.35,5.47,22.53,18.86,339.81,328.55,319.56,320.90,342.29,384.68,465.00,315.00,382.00,15.01,3.49,3.60,27294489137.00,6579335902.00,6688176664.00
[object Object],PDD,PDD Holdings Inc. Sponsored ADR Class A,NASDAQ,91.28,dr,0.00,100.00,1.00,false,0.00,USD,0.48,522445.00,0.09,129315566401.00,USD,9.95,9.17,-1.20,0.00,Retail trade,america,Retail Trade,Buy,Buy,0.48,4.18,8.71,-9.45,-10.92,-21.45,-20.23,3.26,244.47,244.47,1.66,2.34,Buy,Buy,Buy,Buy,Neutral,Neutral,65.27,8.63,6.73,128.89,88.85,91.12,0.00,91.00,0.17,-0.83,27017.00,0.15,522445.00,-86.84,0.00,0.00,0.00,-24.07,9.95,0.00,2.16,2.12,8.95,0.00,1.82,55901073479.54,0.90,4.05,0.00,88.91,85.03,83.75,91.46,102.88,117.13,170.57,80.24,117.34,10.22,2.40,2.72,71049153570.01,15916053642.81,16985674131.97
[object Object],NOW,"ServiceNow, Inc.",NYSE,124.25,stock,common,100.00,1.00,false,0.00,USD,5.88,6848310.00,0.26,128474498329.22,USD,77.63,1.60,0.72,0.00,Technology services,america,Technology Services,StrongBuy,Strong buy,5.88,14.52,16.99,36.34,22.20,-18.83,-32.62,5.31,727.34,2515.79,4.69,6.07,StrongBuy,Strong buy,StrongBuy,Strong buy,Neutral,Neutral,66.59,25.47,12.27,164.51,92.30,90.89,rising_window_bullish,121.78,3.78,2.26,424367.00,3.68,6848310.00,-57.94,0.00,0.00,0.00,-44.63,77.63,101.31,8.24,10.26,24.21,28.06,27.50,132254498329.22,8.98,66.09,44.34,114.44,107.27,107.30,102.44,123.34,140.51,248.00,72.00,140.00,4.07,0.86,1.03,16209385196.00,3927172702.00,4095640420.00
[object Object],AI,Air Liquide SA,EURONEXT,173.68,stock,common,100.00,2.00,false,0.00,EUR,0.27,146592.00,0.17,127100646205.59,USD,31.26,6.35,3.14,1.94,Process industries,france,Process Industries,Buy,Buy,0.27,1.61,-2.20,8.86,13.72,19.76,11.19,58.07,212.55,1050.39,1.15,1.29,Buy,Buy,StrongBuy,Strong buy,Neutral,Neutral,50.86,-2.84,-1.88,-27.81,47.90,40.22,doji,0.00,0.00,0.00,0.00,0.28,146592.00,-74.31,0.00,0.00,0.00,9.22,31.26,9.93,4.09,4.17,20.67,72.75,53.74,145467416267.59,4.71,22.20,15.27,172.75,175.13,171.67,167.49,158.84,226.07,249.03,184.47,230.59,7.62,3.53,3.84,33118328626.61,15812898233.61,16130418149.12
[object Object],BATS,British American Tobacco p.l.c.,LSE,4440.00,stock,common,1.00,1.00,false,0.00,GBX,1.46,1212496.00,0.36,126948516515.62,USD,15.27,3.86,110.69,5.54,Consumer non-durables,uk,Consumer Non-Durables,Buy,Buy,1.46,-2.16,-4.00,3.81,-2.63,6.50,5.49,67.58,-5.22,1266.15,2.56,2.57,Sell,Sell,StrongSell,Strong sell,Neutral,Neutral,44.76,-132.00,-132.44,-77.16,11.70,11.48,0.00,0.00,0.00,0.00,0.00,-0.59,1212496.00,-20.53,0.00,0.00,0.00,17.12,15.27,0.14,3.69,1.99,16.16,17.90,38.14,170998435715.62,5.00,13.19,10.32,4516.40,4547.53,4537.02,4489.42,4387.34,68.54,77.07,47.84,69.43,4.88,2.19,2.64,35307133365.05,16256617200.44,18797761844.64
[object Object],PGR,Progressive Corporation,NYSE,213.47,stock,common,100.00,1.00,false,0.00,USD,-0.87,149385.00,0.07,124105428592.69,USD,10.70,19.95,12.30,6.45,Finance,america,Finance,Neutral,Neutral,-0.87,1.33,-10.12,9.00,2.16,-0.49,-13.73,119.50,525.12,399305.02,1.67,2.43,Neutral,Neutral,Neutral,Neutral,Sell,Sell,49.15,-0.54,-5.61,-4.14,53.46,47.96,long_lower_shadow_bullish,0.00,0.00,0.00,0.00,-0.84,149385.00,-91.11,0.00,0.00,0.00,-9.39,10.70,0.88,1.38,3.61,7.63,7.82,0.00,132492428592.69,1.46,0.00,0.00,214.26,218.19,211.99,206.07,210.53,232.48,308.00,198.00,230.00,17.53,4.64,3.66,88172628049.00,19486686350.00,22230392643.00
[object Object],LOW,"Lowe's Companies, Inc.",NYSE,221.31,stock,common,100.00,1.00,false,0.00,USD,1.33,200184.00,0.07,124090083125.95,USD,18.72,11.82,-2.06,2.22,Retail trade,america,Retail Trade,Buy,Buy,1.33,6.53,1.95,-5.00,-19.98,-8.36,-7.79,16.63,170.81,43615.12,2.43,2.62,Buy,Buy,Buy,Buy,Neutral,Neutral,57.80,13.67,2.04,138.19,94.72,89.68,0.00,220.06,0.76,-0.13,2266.00,0.19,200184.00,-90.64,0.00,0.00,0.00,-5.08,18.72,0.00,1.38,0.00,12.60,16.27,99.63,165386083125.95,1.87,16.20,13.19,215.31,213.98,214.61,224.02,238.69,263.73,300.00,202.00,275.00,12.46,2.97,4.25,93077853169.00,22976265101.00,26245321758.00
[object Object],VRTX,Vertex Pharmaceuticals Incorporated,NASDAQ,488.44,stock,common,100.00,1.00,false,0.00,USD,0.91,47832.00,0.03,123800452547.26,USD,28.42,17.19,22.86,0.00,Health technology,america,Health Technology,Buy,Buy,0.91,1.62,-6.62,15.64,6.25,7.51,26.87,142.55,375.65,10754.22,2.92,2.77,Buy,Buy,StrongBuy,Strong buy,Neutral,Neutral,55.59,11.08,-4.27,91.25,70.34,56.36,0.00,485.50,0.30,-0.21,796.00,0.64,47832.00,-95.29,0.00,0.00,0.00,3.47,28.42,1.23,9.73,6.11,29.04,32.84,15.85,117915052547.26,9.29,23.48,22.50,481.82,488.50,473.00,456.02,454.64,563.83,653.00,350.00,572.50,18.74,4.74,4.79,13195390164.00,3230551825.00,3402203546.00
[object Object],CVS,CVS Health Corporation,NYSE,95.54,stock,common,100.00,1.00,false,0.00,USD,-0.71,1091561.00,0.13,122192827538.87,USD,25.22,3.79,5.68,2.76,Retail trade,america,Retail Trade,Buy,Buy,-0.71,-9.43,-8.42,8.57,25.10,20.51,50.15,17.66,-1.88,14161.36,3.43,2.80,Sell,Sell,Sell,Sell,Sell,Sell,31.45,-12.20,-4.48,-242.69,20.14,23.25,falling_window_bearish,95.44,-0.81,0.39,18652.00,-1.06,1091561.00,-89.69,0.00,0.00,0.00,83.33,25.22,4.47,0.30,1.53,8.32,10.46,8.81,184737827538.87,0.45,12.56,9.61,103.26,104.81,101.87,91.58,85.05,113.92,126.00,101.00,113.00,7.80,1.85,1.66,413661710082.00,100028332623.00,104038489828.00
[object Object],SPGI,"S&P Global, Inc.",NYSE,408.31,stock,common,100.00,1.00,false,0.00,USD,0.76,102108.00,0.04,120369780114.71,USD,24.86,16.42,26.22,0.95,Commercial services,america,Commercial Services,StrongBuy,Strong buy,0.76,-1.79,-7.62,1.46,-4.53,-17.27,-23.73,-2.11,257.38,14440.84,2.22,2.83,Sell,Sell,StrongSell,Strong sell,Neutral,Neutral,43.57,-18.09,-7.12,-102.71,8.48,10.70,downside_tasuki_gap_bearish,405.00,-0.06,0.30,1962.00,-0.06,102108.00,-93.75,0.00,0.00,0.00,-22.49,24.86,0.94,7.43,3.82,21.06,21.65,29.14,137115780114.71,8.51,19.08,16.34,416.31,424.84,412.60,407.23,433.65,519.36,553.00,444.00,524.50,17.99,4.81,4.45,14899597615.00,4093128224.00,3636628405.00
[object Object],FTNT,"Fortinet, Inc.",NASDAQ,163.55,stock,common,100.00,1.00,false,0.00,USD,2.15,345984.00,0.05,119998863506.91,USD,57.63,2.84,13.26,0.00,Technology services,america,Technology Services,Neutral,Neutral,2.15,6.19,4.18,52.42,99.94,104.51,120.12,167.98,2341.04,9520.59,3.50,4.90,StrongBuy,Strong buy,StrongBuy,Strong buy,Buy,Buy,57.85,11.18,6.83,67.02,66.48,74.05,0.00,165.00,3.05,1.01,6788.00,3.06,345984.00,-93.08,0.00,0.00,0.00,37.02,57.63,4.25,15.74,77.35,35.63,38.82,29.74,116426163506.91,15.47,47.78,44.85,159.11,158.58,152.95,123.54,102.55,165.26,220.00,102.00,167.50,3.43,0.75,0.85,8103235386.00,1888476165.00,2058838901.00
[object Object],SBUX,Starbucks Corporation,NASDAQ,104.99,stock,common,100.00,1.00,false,0.00,USD,-0.16,351050.00,0.04,119688604168.25,USD,60.54,1.73,-24.99,2.35,Consumer services,america,Consumer Services,Buy,Buy,-0.16,-1.49,0.67,0.55,9.02,24.66,17.01,-11.77,87.58,31896.95,2.93,2.94,Buy,Buy,StrongBuy,Strong buy,Sell,Sell,52.47,1.74,0.37,-35.22,51.63,47.05,0.00,103.94,-1.16,-0.24,18304.00,-1.07,351050.00,-94.18,0.00,0.00,0.00,11.20,60.54,0.00,3.14,0.00,24.09,32.97,33.26,138519604168.25,3.62,36.10,25.17,104.65,104.64,102.49,100.84,95.42,113.44,143.00,81.00,115.00,2.61,0.66,0.71,37960983051.00,9174497120.00,9209726199.00
[object Object],NEM,Newmont Corporation,NYSE,112.58,stock,common,100.00,1.00,false,0.00,USD,6.78,1900650.00,0.27,118624675058.14,USD,14.22,7.92,42.18,0.97,Non-energy minerals,america,Non-Energy Minerals,Buy,Buy,6.78,19.22,20.30,-2.91,2.02,11.48,64.45,90.30,155.11,993.47,2.64,2.98,StrongBuy,Strong buy,StrongBuy,Strong buy,Buy,Buy,71.97,19.39,6.95,290.91,95.21,92.12,rising_window_bullish,110.69,4.99,1.49,125465.00,4.83,1900650.00,-76.12,0.00,0.00,0.00,37.19,14.22,0.32,4.45,3.38,9.51,12.34,13.33,115383675058.14,4.56,8.45,7.02,98.12,95.37,98.26,104.55,104.47,133.44,168.00,102.00,130.00,9.46,1.99,2.18,26859064535.00,6353499331.00,6179309410.00
[object Object],ENEL,Enel SpA,MIL,10.00,stock,common,1000.00,1.00,false,0.00,EUR,0.31,8847350.00,0.51,116666681858.02,USD,22.87,0.50,-29.51,4.91,Utilities,italy,Utilities,Buy,Buy,0.31,1.40,-0.97,3.26,5.75,13.11,29.46,29.63,144.43,57.59,1.47,1.69,Buy,Buy,StrongBuy,Strong buy,Neutral,Neutral,52.31,0.08,-0.04,-3.09,64.12,56.05,long_lower_shadow_bullish,0.00,0.00,0.00,0.00,0.51,8847350.00,-30.24,0.00,0.00,0.00,28.45,22.87,0.00,0.00,0.00,0.00,0.00,0.00,212725565518.02,2.34,14.53,8.32,9.91,10.02,9.92,9.79,9.45,11.86,13.84,10.15,11.99,0.85,0.20,0.21,96238773102.00,23967383978.40,25387234531.62
[object Object],APP,AppLovin Corp. Class A,NASDAQ,344.74,stock,common,100.00,1.00,false,0.00,USD,2.70,1527677.00,0.19,115811958381.17,USD,26.50,13.01,93.28,0.00,Technology services,america,Technology Services,StrongBuy,Strong buy,2.70,-13.36,-34.30,-30.22,-13.67,-49.55,-13.22,448.51,392.49,392.49,4.91,5.75,Sell,Sell,StrongSell,Strong sell,Neutral,Neutral,31.61,-47.24,-61.68,-211.51,27.25,40.22,downside_tasuki_gap_bearish,337.25,0.47,0.66,103199.00,0.56,1527677.00,-89.97,0.00,0.00,0.00,14.84,26.50,0.28,16.57,36.54,25.66,25.66,38.05,116273724381.17,17.03,21.90,21.36,395.42,447.28,478.46,465.08,515.09,571.72,860.00,357.00,580.00,15.97,3.76,4.05,8164242162.00,1941897662.00,2073101172.00
[object Object],HWM,Howmet Aerospace Inc.,NYSE,286.71,stock,common,100.00,1.00,false,0.00,USD,-1.04,176198.00,0.07,114714816908.37,USD,61.81,4.64,35.54,0.17,Electronic technology,america,Electronic Technology,Buy,Buy,-1.04,1.92,5.64,4.86,34.00,39.53,57.85,811.06,1605.59,1605.59,3.46,3.37,Buy,Buy,StrongBuy,Strong buy,Neutral,Neutral,56.96,-2.55,12.49,79.42,59.11,69.10,0.00,292.00,0.79,0.44,1521.00,0.60,176198.00,-94.78,0.00,0.00,0.00,50.08,61.81,1.76,12.77,20.01,51.89,64.35,204.72,118652816908.37,13.01,47.65,42.48,284.87,278.04,272.23,260.32,238.71,327.74,375.00,280.00,326.00,5.16,1.24,1.29,9860322253.00,2427901087.00,2509412172.00
[object Object],MO,"Altria Group, Inc.",NYSE,68.23,stock,common,100.00,1.00,false,0.00,USD,0.71,651257.00,0.06,113926626057.31,USD,14.37,4.75,-8.23,6.26,Consumer non-durables,america,Consumer Non-Durables,Neutral,Neutral,0.71,0.99,-6.43,-1.34,4.36,18.33,8.30,44.04,2.88,59816.05,1.86,2.60,Sell,Sell,StrongSell,Strong sell,Neutral,Neutral,39.97,-4.76,-3.64,-99.25,12.81,13.01,0.00,67.17,-0.86,0.25,41179.00,-0.89,651257.00,-93.81,0.00,0.00,0.00,25.29,14.37,0.00,5.53,0.00,12.11,12.50,48.14,136186626057.31,6.66,9.30,9.15,69.97,71.65,71.31,69.75,65.65,70.50,82.00,59.00,70.50,5.68,1.50,1.50,20549899904.00,5345206878.00,5312727583.00
[object Object],MDT,Medtronic Plc,NYSE,86.25,stock,common,100.00,1.00,false,0.00,USD,0.38,317596.00,0.04,110403903745.07,USD,23.15,3.73,3.00,3.32,Health technology,america,Health Technology,Buy,Buy,0.38,1.08,3.73,10.10,-16.25,-10.19,-4.16,-32.97,-1.19,27413.98,1.90,2.46,Buy,Buy,StrongBuy,Strong buy,Neutral,Neutral,59.30,3.04,2.98,57.48,60.93,62.95,0.00,85.64,-0.33,0.03,1441.00,-0.54,317596.00,-93.62,0.00,0.00,0.00,-6.10,23.15,7.68,3.04,2.23,15.16,20.48,12.05,130940903745.07,3.60,18.64,13.12,86.08,83.38,81.66,82.20,89.87,97.35,121.00,78.00,100.00,5.95,1.54,1.39,38893477042.00,9620223370.00,9549049828.00
[object Object],ADP,"Automatic Data Processing, Inc.",NASDAQ,272.40,stock,common,100.00,1.00,false,0.00,USD,-0.40,186366.00,0.07,108215371849.64,USD,24.89,10.94,9.62,2.43,Technology services,america,Technology Services,Neutral,Neutral,-0.40,4.71,11.10,28.07,16.32,5.98,-10.30,27.63,204.05,33548.76,2.28,3.05,Buy,Buy,StrongBuy,Strong buy,Neutral,Neutral,67.14,22.31,23.92,98.37,78.63,76.61,long_lower_shadow_bullish,271.77,-0.64,0.10,2329.00,-0.27,186366.00,-93.22,0.00,0.00,0.00,-15.71,24.89,2.60,4.98,17.97,20.01,20.76,25.74,109499971849.64,4.99,18.89,17.16,267.93,251.12,240.57,223.82,235.60,288.36,322.00,225.00,286.50,12.25,2.59,2.78,23210997399.00,5437195686.00,5488316923.00
[object Object],BP.,BP PLC,LSE,516.70,stock,common,10.00,1.00,false,0.00,GBX,-0.58,28343607.00,0.59,108025116605.53,USD,20.23,0.34,959.75,4.78,Energy minerals,uk,Energy Minerals,Buy,Buy,-0.58,-4.53,6.17,-4.51,9.70,19.61,21.56,69.05,24.60,125.14,3.85,2.63,Sell,Sell,Sell,Sell,Neutral,Neutral,47.65,-31.70,23.03,-50.25,11.22,26.30,0.00,0.00,0.00,0.00,0.00,0.87,28343607.00,25.32,0.00,0.00,0.00,29.27,20.23,0.02,0.00,1.82,0.00,0.00,0.00,162208120561.25,0.76,6.85,3.95,532.73,510.12,513.31,538.05,497.23,8.22,10.67,6.20,8.27,0.99,0.31,0.26,222905081097.27,57887702093.00,57159128057.00
[object Object],BNY,Bank of New York Mellon Corp,NYSE,158.14,stock,common,100.00,1.00,false,0.00,USD,-0.43,154809.00,0.06,107298651291.46,USD,18.41,8.59,31.19,1.40,Finance,america,Finance,Buy,Buy,-0.43,0.94,3.75,20.41,29.56,36.32,53.85,198.38,290.47,7317.78,1.39,2.21,Buy,Buy,StrongBuy,Strong buy,Neutral,Neutral,58.42,-0.77,4.59,28.63,76.77,65.53,spinning_top_black,158.77,-0.03,-0.62,1748.00,-0.28,154809.00,-94.36,0.00,0.00,0.00,49.51,18.41,0.59,5.17,2.69,30.66,68.76,0.00,53286651291.46,1.32,0.00,0.00,156.79,154.37,149.84,139.54,127.59,169.93,184.00,151.00,173.50,9.23,2.23,2.25,22181412632.00,5395525850.00,5527413430.00
[object Object],CS,AXA SA,EURONEXT,45.26,stock,common,100.00,1.00,false,0.00,EUR,0.47,741554.00,0.26,106833024487.78,USD,9.49,5.44,36.00,5.15,Finance,france,Finance,Buy,Buy,0.47,1.37,3.03,9.85,14.32,11.07,10.34,93.75,160.56,547.49,1.26,1.26,StrongBuy,Strong buy,StrongBuy,Strong buy,Neutral,Neutral,63.86,0.43,0.60,102.83,52.72,46.33,0.00,0.00,0.00,0.00,0.00,-0.11,741554.00,-63.68,0.00,0.00,0.00,1.20,9.49,0.26,0.79,2.27,6.62,6.83,0.00,184237248287.78,1.38,0.00,0.00,45.02,44.51,43.22,41.73,40.41,58.18,88.78,48.88,56.78,4.88,2.49,2.29,91604342326.16,43700762585.42,45536821916.10
[object Object],ZURN,Zurich Insurance Group Ltd,SIX,592.40,stock,common,10.00,2.00,false,0.00,CHF,0.58,132373.00,0.52,106661220643.78,USD,15.12,48.48,11.17,5.09,Finance,switzerland,Finance,Neutral,Neutral,0.58,-3.83,-3.08,9.79,2.92,-1.10,2.99,57.76,155.34,-7.22,1.40,1.30,Sell,Sell,Sell,Sell,Neutral,Neutral,37.41,-30.60,-4.41,-227.72,10.72,19.79,0.00,0.00,0.00,0.00,0.00,-0.17,132373.00,-78.13,0.00,0.00,0.00,15.65,15.12,1.35,1.07,3.45,3.52,3.58,0.00,123658597583.05,1.22,0.00,0.00,610.68,611.51,593.78,574.20,571.04,760.12,1126.94,586.24,747.18,48.23,24.20,24.40,69791678055.33,24332505000.00,26424768000.00
[object Object],SO,Southern Company,NYSE,92.57,stock,common,100.00,1.00,false,0.00,USD,-0.35,265681.00,0.04,106489683276.05,USD,22.34,4.14,7.00,3.21,Utilities,america,Utilities,Neutral,Neutral,-0.35,-1.41,-4.99,0.08,1.17,6.20,-1.94,42.77,75.62,980.92,2.31,2.14,Sell,Sell,StrongSell,Strong sell,Sell,Sell,39.83,-4.68,-2.55,-143.93,21.11,21.11,0.00,92.31,-0.64,-0.64,1753.00,-0.75,265681.00,-93.29,0.00,0.00,0.00,4.18,22.34,3.20,3.51,2.69,9.92,0.00,35.34,183359683276.05,6.08,25.13,13.44,94.30,95.42,94.41,94.61,92.69,101.87,114.00,79.00,103.00,4.59,1.01,1.64,30711901912.00,7230474422.00,8198823562.00
[object Object],TT,Trane Technologies plc,NYSE,480.19,stock,common,100.00,1.00,false,0.00,USD,0.32,34565.00,0.02,105654030815.97,USD,36.37,13.20,4.75,0.83,Producer manufacturing,america,Producer Manufacturing,Buy,Buy,0.32,5.86,2.45,1.63,7.98,22.85,12.51,148.82,805.61,21367.72,2.73,3.36,Buy,Buy,StrongBuy,Strong buy,Buy,Buy,54.31,-0.80,-2.46,74.25,83.71,76.23,0.00,0.00,0.00,0.00,0.00,0.22,34565.00,-95.81,0.00,0.00,0.00,-0.86,36.37,7.63,4.80,12.27,27.19,29.71,81.05,108974730815.99,4.91,27.05,24.68,467.13,474.38,471.65,463.90,441.24,533.62,575.00,440.00,548.00,15.19,4.27,4.68,23670692432.00,6197117629.00,6461069213.00
[object Object],VRT,Vertiv Holdings Co. Class A,NYSE,274.37,stock,common,100.00,1.00,false,0.00,USD,-0.29,694445.00,0.08,105627289821.17,USD,62.08,4.42,111.13,0.08,Electronic technology,america,Electronic Technology,Buy,Buy,-0.29,11.14,-9.04,-21.56,51.65,61.90,94.59,908.32,2728.51,2728.51,6.18,6.38,Neutral,Neutral,Sell,Sell,Neutral,Neutral,46.56,-16.00,-25.02,-9.09,59.24,56.72,0.00,285.00,3.57,1.03,39252.00,3.54,694445.00,-86.34,0.00,0.00,0.00,90.39,62.08,0.56,9.41,22.20,32.13,36.78,33.93,105789889821.17,9.22,46.51,39.75,260.97,291.38,300.75,303.09,248.70,340.06,410.00,245.00,345.00,6.70,1.42,1.81,14002876570.00,3379044204.00,3753810832.00
[object Object],ABNB,"Airbnb, Inc. Class A",NASDAQ,175.02,stock,common,100.00,1.00,false,0.00,USD,15.42,4210612.00,1.08,105485410525.77,USD,43.11,4.06,2.15,0.00,Consumer services,america,Consumer Services,Buy,Buy,15.42,16.03,18.94,26.71,44.32,28.75,45.39,17.47,19.88,19.88,3.77,3.06,StrongBuy,Strong buy,StrongBuy,Strong buy,Buy,Buy,77.80,33.92,7.99,330.22,84.80,77.88,rising_window_bullish,164.50,8.48,8.12,241954.00,8.61,4210612.00,-30.30,0.00,0.00,0.00,8.54,43.11,17.34,7.25,13.64,23.31,23.44,8.82,95954410525.77,7.55,36.13,34.97,153.63,148.20,143.45,138.87,133.33,166.78,200.00,115.00,170.00,5.21,1.26,2.83,14070323784.00,3580236667.00,4682392630.00
[object Object],ADBE,Adobe Inc.,NASDAQ,264.97,stock,common,100.00,1.00,false,0.00,USD,1.82,654430.00,0.11,105325571047.44,USD,15.16,17.48,11.81,0.00,Technology services,america,Technology Services,Neutral,Neutral,1.82,8.27,19.68,4.77,-2.47,-24.44,-22.98,-58.27,168.03,125515.11,3.47,4.57,Buy,Buy,StrongBuy,Strong buy,Buy,Buy,65.88,39.86,30.28,119.46,91.39,86.61,rising_window_bullish,263.01,1.06,0.63,28618.00,0.99,654430.00,-86.08,0.00,0.00,0.00,-37.01,15.16,1.26,4.15,9.18,10.16,10.36,18.93,106764571047.44,4.24,11.53,10.66,254.20,231.99,229.78,237.11,274.55,252.86,380.00,190.00,240.00,24.40,5.82,6.07,26524309379.00,6453986328.00,6689579785.00
[object Object],ACN,Accenture Plc Class A,NYSE,171.54,stock,common,100.00,1.00,false,0.00,USD,0.25,395395.00,0.05,104972554842.57,USD,13.70,12.52,-0.34,3.81,Technology services,america,Technology Services,Buy,Buy,0.25,6.67,22.75,-3.65,-26.16,-36.18,-30.89,-46.73,49.69,1036.03,4.85,5.27,Buy,Buy,Buy,Buy,Neutral,Neutral,65.33,24.55,24.24,97.73,86.96,84.95,0.00,172.06,0.56,-0.23,5890.00,0.01,395395.00,-92.41,0.00,0.00,0.00,-42.00,13.70,0.00,1.44,3.29,8.01,8.39,10.38,104806904842.57,1.43,9.27,8.03,167.07,147.25,153.57,169.71,209.27,175.41,275.00,130.00,170.00,13.86,3.71,3.18,73595073145.00,18777999773.00,18054676400.00
[object Object],GD,General Dynamics Corporation,NYSE,385.83,stock,common,100.00,1.00,false,0.00,USD,-0.28,72100.00,0.06,104389084217.73,USD,23.52,16.40,10.14,1.60,Electronic technology,america,Electronic Technology,Buy,Buy,-0.28,0.90,3.46,10.98,8.82,14.65,22.88,94.47,159.71,23417.26,1.72,2.20,Buy,Buy,StrongBuy,Strong buy,Sell,Sell,60.97,-0.92,13.78,56.08,62.87,61.55,hanging_man_bearish,387.75,0.21,0.28,1095.00,0.01,72100.00,-88.91,0.00,0.00,0.00,25.61,23.52,2.33,1.93,3.89,13.70,16.37,24.36,109535084217.73,2.00,19.34,16.59,385.39,374.67,364.07,352.64,350.76,420.45,465.00,319.00,430.00,16.92,3.96,4.12,55790906365.00,13522056180.00,13700854906.00
[object Object],GSK,GSK plc,LSE,1961.00,stock,common,10.00,5.00,false,0.00,GBX,1.27,2346027.00,0.29,104381831903.86,USD,16.62,1.56,42.25,3.46,Health technology,uk,Health Technology,Neutral,Neutral,1.27,1.58,-1.48,5.71,-9.46,7.28,43.98,34.99,16.01,159.55,2.21,2.87,StrongBuy,Strong buy,StrongBuy,Strong buy,Buy,Buy,53.17,41.50,-17.59,51.27,35.51,30.07,0.00,0.00,0.00,0.00,0.00,-0.28,2346027.00,-25.12,0.00,0.00,0.00,44.15,16.62,0.39,2.37,4.50,10.06,12.28,25.65,124107844703.86,2.82,11.29,8.91,1950.55,1949.17,1940.83,1968.47,1937.27,28.83,40.52,19.59,26.93,2.40,0.62,0.70,45624116824.52,10939777916.80,11963190819.90
[object Object],EQIX,"Equinix, Inc.",NASDAQ,1057.51,stock,common,100.00,1.00,false,0.00,USD,0.44,90591.00,0.13,104346291375.45,USD,68.06,15.54,52.11,1.87,Finance,america,Finance,StrongBuy,Strong buy,0.44,-0.10,4.94,-1.39,29.61,38.03,36.39,28.34,189.81,159.19,2.62,2.92,Buy,Buy,StrongBuy,Strong buy,Neutral,Neutral,53.68,-26.73,-2.68,93.39,53.24,50.99,spinning_top_black,0.00,0.00,0.00,0.00,0.63,90591.00,-90.50,0.00,0.00,0.00,28.57,68.06,1.30,10.65,7.26,26.59,0.00,47.12,125493291375.45,12.80,138.82,37.65,1040.60,1035.70,1051.84,1048.72,937.03,1228.86,1350.00,1060.00,1225.00,17.19,4.73,4.16,10269683063.00,2589959498.00,2568518498.00
[object Object],CABK,CaixaBank SA,BME,12.88,stock,common,1000.00,5.00,false,0.00,EUR,0.00,1442178.00,0.17,103403544572.91,USD,14.66,1.00,3.21,2.86,Finance,spain,Finance,Buy,Buy,0.00,2.96,2.34,18.60,18.55,23.31,51.64,402.93,462.45,171.89,1.54,2.16,Buy,Buy,StrongBuy,Strong buy,Sell,Sell,56.16,-0.42,0.11,47.73,50.78,43.40,0.00,0.00,0.00,0.00,0.00,0.27,1442178.00,-72.27,0.00,0.00,0.00,62.34,14.66,4.57,5.43,2.32,0.00,0.00,0.00,141081510692.91,5.29,0.00,0.00,12.75,12.65,12.39,11.55,10.83,14.82,16.70,11.52,14.69,1.07,0.24,0.26,20202895042.06,4797037559.46,4960020168.85
[object Object],ATCO_A,Atlas Copco AB Class A,OMXSTO,210.50,stock,common,10.00,1.00,false,0.00,SEK,0.05,846799.00,0.19,102888794741.78,USD,38.56,0.56,-5.20,1.90,Producer manufacturing,sweden,Producer Manufacturing,Buy,Buy,0.05,4.67,10.44,16.07,13.17,26.65,46.59,51.18,285.57,2709.71,1.72,2.68,Buy,Buy,StrongBuy,Strong buy,Neutral,Neutral,66.94,6.60,11.73,127.23,90.91,91.19,0.00,0.00,0.00,0.00,0.00,-0.57,846799.00,-72.27,0.00,0.00,0.00,28.59,38.56,0.00,6.04,9.66,31.71,38.28,69.86,105123406841.78,6.02,29.91,23.16,203.64,197.07,192.50,183.76,178.75,23.43,26.18,16.75,23.56,0.66,0.15,0.17,19646281245.97,4517839016.48,4895044050.32
[object Object],SAN,Sanofi SA,EURONEXT,75.75,stock,common,100.00,1.00,false,0.00,EUR,1.94,804974.00,0.30,102687116717.92,USD,22.75,3.80,-35.60,5.54,Health technology,france,Health Technology,Buy,Buy,1.94,2.05,0.54,3.30,-5.98,-8.51,-4.19,-11.21,4.20,1123.75,2.10,2.49,Sell,Sell,Sell,Sell,Neutral,Neutral,50.06,-0.28,-1.02,-62.64,34.32,30.85,0.00,0.00,0.00,0.00,0.00,-0.27,804974.00,-65.94,0.00,0.00,0.00,-8.56,22.75,0.00,1.95,1.33,7.71,8.95,14.38,122946540437.92,2.35,8.64,5.58,75.78,75.90,75.54,76.88,79.64,107.40,129.13,89.93,109.53,10.04,0.00,0.00,58329291529.49,0.00,0.00
[object Object],MCK,McKesson Corporation,NYSE,872.00,stock,common,100.00,1.00,false,0.00,USD,0.07,214234.00,0.19,101666796712.19,USD,23.33,37.37,49.11,0.38,Distribution services,america,Distribution Services,StrongBuy,Strong buy,0.07,2.59,7.94,17.88,-8.69,6.60,27.58,336.68,347.29,5184.85,4.55,3.15,StrongBuy,Strong buy,StrongBuy,Strong buy,Buy,Buy,60.24,31.10,38.99,84.94,63.74,52.43,0.00,869.01,-0.27,-0.09,263.00,-0.81,214234.00,-86.67,0.00,0.00,0.00,17.08,23.33,0.47,0.25,0.00,15.17,16.20,19.78,111050796712.19,0.27,16.54,14.84,862.80,823.08,799.66,813.17,837.65,986.13,1080.00,812.00,1000.00,44.51,9.56,10.75,431658174696.00,103875033741.00,109945561751.00
[object Object],PWR,"Quanta Services, Inc.",NYSE,668.34,stock,common,100.00,1.00,false,0.00,USD,0.07,55475.00,0.04,100480501161.92,USD,76.55,8.73,35.41,0.06,Industrial services,america,Industrial Services,Buy,Buy,0.07,-1.59,2.35,-12.25,36.59,57.27,71.45,628.12,2579.79,9013.68,3.87,4.16,Buy,Buy,StrongBuy,Strong buy,Neutral,Neutral,52.01,42.50,18.13,80.62,77.26,83.14,0.00,685.00,2.57,0.77,3024.00,2.27,55475.00,-93.29,0.00,0.00,0.00,44.17,76.55,2.16,3.09,10.42,32.06,42.61,199.70,106677460161.92,3.24,50.56,33.97,648.75,656.80,676.41,661.35,567.40,808.92,976.00,690.00,800.00,16.22,3.31,4.82,38547295545.00,8609759501.00,10646043643.00
[object Object],FCX,"Freeport-McMoRan, Inc.",NYSE,69.84,stock,common,100.00,1.00,false,0.00,USD,2.43,1581644.00,0.11,100399177890.67,USD,34.39,2.03,53.83,0.88,Non-energy minerals,america,Non-Energy Minerals,Buy,Buy,2.43,11.57,20.58,13.05,15.71,35.02,71.55,92.29,459.17,470.12,2.91,4.10,Buy,Buy,StrongBuy,Strong buy,Buy,Buy,63.61,7.24,5.07,182.34,88.97,89.27,spinning_top_black,70.08,2.79,0.78,99909.00,2.63,1581644.00,-87.48,0.00,0.00,0.00,42.72,34.39,0.62,3.89,0.00,17.08,57.20,23.13,118513177890.67,4.68,20.91,15.17,64.88,62.31,64.09,62.81,57.75,73.68,82.00,50.00,75.00,2.92,0.62,0.72,29347775942.00,6713004239.00,7336906259.00
[object Object],PNC,"PNC Financial Services Group, Inc.",NYSE,251.51,stock,common,100.00,1.00,false,0.00,USD,-0.49,126978.00,0.08,100338318890.15,USD,13.83,18.18,24.22,2.81,Finance,america,Finance,Buy,Buy,-0.49,0.70,-0.51,14.22,4.44,20.50,32.30,32.66,191.23,6749.63,1.56,1.79,Buy,Buy,Buy,Buy,Sell,Sell,54.60,0.52,3.80,-28.14,61.53,68.83,hanging_man_bearish,253.00,0.09,0.09,500.00,-0.69,126978.00,-91.70,0.00,0.00,0.00,31.83,13.83,0.57,4.05,1.73,10.38,10.38,0.00,187443318890.15,5.24,0.00,0.00,251.38,250.99,242.68,229.18,218.31,278.18,305.00,260.00,279.00,18.99,4.46,4.91,26335319399.00,6513615477.00,6608938593.00
[object Object],USB,U.S. Bancorp,NYSE,63.63,stock,common,100.00,1.00,false,0.00,USD,-0.27,354127.00,0.05,99143332134.13,USD,12.70,5.01,19.95,3.26,Finance,america,Finance,Buy,Buy,-0.27,0.91,1.83,14.43,6.15,19.32,41.82,11.84,48.02,9480.77,1.52,1.87,Buy,Buy,StrongBuy,Strong buy,Sell,Sell,56.29,-0.34,1.44,-0.40,59.30,66.62,long_lower_shadow_bullish,63.60,-0.33,0.31,2686.00,-0.33,354127.00,-94.31,0.00,0.00,0.00,39.79,12.70,0.64,3.38,1.64,0.00,0.00,0.00,135931332134.13,3.12,0.00,0.00,63.65,62.90,60.53,57.45,55.11,70.19,77.00,62.00,69.00,5.22,1.28,1.30,30987649715.00,7577200835.00,7960827156.00
[object Object],INGA,ING Groep N.V.,EURONEXT,30.57,stock,common,1000.00,5.00,false,0.00,EUR,-0.84,2500811.00,0.40,98994382191.27,USD,13.26,2.63,0.00,3.44,Finance,netherlands,Finance,Buy,Buy,-0.84,1.04,8.46,20.24,21.22,27.33,53.01,171.40,199.36,39.29,1.26,1.82,Buy,Buy,StrongBuy,Strong buy,Sell,Sell,65.83,1.62,1.83,107.40,89.43,92.19,0.00,0.00,0.00,0.00,0.00,-0.29,2500811.00,-52.08,0.00,0.00,0.00,39.42,13.26,0.00,2.24,1.74,0.00,0.00,0.00,275199297251.27,10.12,0.00,0.00,30.09,28.98,28.04,26.22,24.88,36.65,46.21,28.87,37.55,2.90,0.73,0.77,28852904185.78,6979276037.13,7280675439.96
[object Object],RACE,Ferrari NV,MIL,357.20,stock,common,100.00,5.00,false,0.00,EUR,0.42,221157.00,0.36,96878995469.26,USD,38.73,10.53,3.62,1.02,Consumer durables,italy,Consumer Durables,Buy,Buy,0.42,3.19,6.06,24.42,26.22,12.33,-5.88,93.03,742.45,730.70,2.00,2.52,Buy,Buy,StrongBuy,Strong buy,Neutral,Neutral,69.24,39.05,21.08,131.60,90.23,86.97,0.00,0.00,0.00,0.00,0.00,-0.14,221157.00,-71.58,0.00,0.00,0.00,-22.37,38.73,10.64,8.53,17.18,26.18,32.99,41.77,98794949883.78,11.76,39.50,30.15,345.69,334.06,323.59,307.83,313.36,454.61,530.35,380.47,455.13,11.55,2.86,2.77,8979549798.07,2139109182.50,2205523813.90
[object Object],DUK,Duke Energy Corporation,NYSE,123.58,stock,common,100.00,1.00,false,0.00,USD,-0.26,291604.00,0.07,96355600232.90,USD,18.92,6.53,8.97,3.44,Utilities,america,Utilities,Buy,Buy,-0.26,-1.65,-3.64,-1.17,-0.34,5.46,-0.91,15.82,46.54,657.11,1.91,1.97,Sell,Sell,StrongSell,Strong sell,Neutral,Neutral,41.51,-6.94,-2.88,-116.62,16.67,16.88,0.00,123.25,-0.52,0.08,1150.00,-0.73,291604.00,-94.24,0.00,0.00,0.00,8.49,18.92,2.12,2.91,1.80,8.24,0.00,43.40,188340600232.90,5.68,21.95,12.49,125.82,126.56,125.45,126.60,124.57,138.89,147.00,132.00,138.50,6.70,1.30,1.91,33589572975.00,7658943967.00,8974805839.00
[object Object],CME,CME Group Inc. Class A,NASDAQ,264.99,stock,common,100.00,1.00,false,0.00,USD,0.25,93279.00,0.04,95284907790.40,USD,22.47,11.79,14.12,4.26,Finance,america,Finance,Buy,Buy,0.25,-0.62,10.07,-7.48,-11.51,-2.66,-5.83,25.97,153.46,3297.31,1.93,2.49,Buy,Buy,Buy,Buy,Neutral,Neutral,61.69,9.68,18.06,73.63,83.86,82.89,0.00,260.00,-1.63,-0.27,232.00,-0.66,93279.00,-94.93,0.00,0.00,0.00,-5.53,22.47,1.59,14.10,3.59,22.22,22.73,41.99,96873407790.40,14.30,21.97,20.43,263.87,247.73,250.63,272.50,278.50,284.73,330.00,230.00,286.00,12.26,2.91,2.94,7028868684.00,1682065411.00,1696594744.00
[object Object],CEG,Constellation Energy Corporation,NASDAQ,265.01,stock,common,100.00,1.00,false,0.00,USD,1.50,269961.00,0.09,95165628615.06,USD,25.82,10.26,7.10,0.62,Utilities,america,Utilities,StrongBuy,Strong buy,1.50,-0.54,11.81,-15.84,4.28,-25.97,-20.95,597.39,597.39,597.39,4.76,3.73,Buy,Buy,Buy,Buy,Neutral,Neutral,51.62,-9.34,7.92,8.52,43.52,54.75,"harami_bullish,spinning_top_white",263.63,0.97,0.95,12654.00,1.08,269961.00,-94.45,0.00,0.00,0.00,-9.93,25.82,3.58,3.13,0.00,22.68,308.75,88.58,119133628615.06,3.97,37.75,17.46,264.63,258.09,260.82,277.18,304.94,352.05,441.00,290.00,354.00,11.84,2.29,3.67,33299014882.00,7730228198.00,9362003781.00
[object Object],CDNS,"Cadence Design Systems, Inc.",NASDAQ,344.78,stock,common,100.00,1.00,false,0.00,USD,1.88,137130.00,0.05,94950004159.66,USD,68.60,5.03,36.00,0.00,Technology services,america,Technology Services,StrongBuy,Strong buy,1.88,2.84,-6.14,-3.17,24.84,9.21,-5.02,128.33,1295.87,18638.04,2.96,4.06,Buy,Buy,Buy,Buy,Buy,Buy,47.33,18.54,-17.26,-0.85,51.14,44.40,0.00,343.55,1.52,0.52,1322.00,1.35,137130.00,-91.18,0.00,0.00,0.00,-4.73,68.60,1.87,16.01,13.85,51.33,56.72,62.15,95900169159.66,16.43,52.32,44.48,338.60,354.75,368.49,343.58,327.96,410.77,470.00,300.00,420.00,8.14,2.05,2.04,6319378822.00,1576923481.00,1611868113.00
[object Object],DASH,"DoorDash, Inc. Class A",NASDAQ,218.20,stock,common,100.00,1.00,false,0.00,USD,2.32,731384.00,0.17,94562429529.55,USD,114.58,1.90,5.95,0.00,Transportation,america,Transportation,Buy,Buy,2.32,10.44,12.93,28.54,17.12,-5.02,-19.97,19.61,19.89,19.89,3.51,4.29,StrongBuy,Strong buy,StrongBuy,Strong buy,Buy,Buy,72.13,45.29,18.00,178.20,96.09,94.92,0.00,214.10,0.39,-0.59,12330.00,-0.47,731384.00,-91.50,0.00,0.00,0.00,-17.30,114.58,18.81,5.90,9.53,33.87,44.82,16.95,92223429529.55,5.80,106.25,49.37,200.87,191.17,179.69,171.45,189.56,253.80,350.00,172.00,255.00,2.61,0.47,0.79,17793327688.00,4339595146.00,4541979742.00
[object Object],PRX,Prosus N.V. Class N,EURONEXT,42.08,stock,common,1000.00,5.00,false,0.00,EUR,2.17,1538871.00,0.62,94493204633.68,USD,9.24,5.26,-5.20,0.49,Technology services,netherlands,Technology Services,Buy,Buy,2.17,5.92,5.16,0.66,-7.28,-21.76,-17.11,25.27,20.67,20.67,2.86,2.63,Buy,Buy,StrongBuy,Strong buy,Neutral,Neutral,61.88,5.32,2.43,123.95,84.84,86.74,0.00,0.00,0.00,0.00,0.00,1.31,1538871.00,-22.58,0.00,0.00,0.00,-31.49,9.24,0.00,0.00,0.00,67.25,71.61,8.52,99624402897.90,10.31,327.88,216.07,40.35,39.24,39.21,39.94,45.76,70.65,91.36,44.35,73.36,4.26,1.99,2.03,12505814335.38,5645526000.00,5819153000.00
[object Object],BARC,Barclays PLC,LSE,518.10,stock,common,10.00,1.00,false,0.00,GBX,-0.37,16479166.00,0.33,94280279623.39,USD,10.27,0.67,18.46,1.65,Finance,uk,Finance,Buy,Buy,-0.37,0.72,1.09,20.49,10.33,8.56,42.65,182.81,248.19,223.55,2.08,2.54,Buy,Buy,StrongBuy,Strong buy,Sell,Sell,52.71,-7.30,5.55,26.76,68.58,69.30,0.00,0.00,0.00,0.00,0.00,-0.13,16479166.00,-22.83,0.00,0.00,0.00,30.05,10.27,0.56,1.54,1.06,0.00,0.00,0.00,-219194366776.61,0.00,0.00,0.00,515.04,516.22,501.97,462.66,454.51,7.74,8.79,6.71,7.79,0.71,0.20,0.17,42410299188.38,10677256300.24,10250205255.68
[object Object],KKR,KKR & Co Inc,NYSE,104.39,stock,common,100.00,1.00,false,0.00,USD,1.01,259403.00,0.06,93728953237.02,USD,33.26,3.14,50.53,0.73,Finance,america,Finance,Buy,Buy,1.01,4.95,10.95,4.36,1.78,-19.00,-28.82,54.19,610.14,348.99,3.94,3.66,Buy,Buy,StrongBuy,Strong buy,Neutral,Neutral,58.14,5.03,7.41,80.70,66.71,77.85,0.00,103.35,0.00,0.26,1913.00,-0.08,259403.00,-92.42,0.00,0.00,0.00,-31.46,33.26,0.65,4.27,0.00,0.00,0.00,0.00,93728953237.02,4.10,18.58,18.18,103.41,98.42,97.06,96.87,106.81,126.89,147.00,115.00,125.00,6.26,1.43,1.61,10535251333.00,2547923223.00,2738469381.00
[object Object],MMM,3M Company,NYSE,181.67,stock,common,100.00,1.00,false,0.00,USD,0.53,120333.00,0.03,93691294089.02,USD,32.26,5.63,-21.67,1.67,Producer manufacturing,america,Producer Manufacturing,Buy,Buy,0.53,2.93,16.46,25.53,8.80,13.47,19.54,9.94,21.46,5012.69,1.94,2.57,Buy,Buy,StrongBuy,Strong buy,Neutral,Neutral,68.53,9.05,12.76,80.99,84.50,84.61,0.00,180.30,-0.23,1.04,434.00,-0.27,120333.00,-95.28,0.00,0.00,0.00,16.40,32.26,0.00,3.75,31.74,19.37,23.82,28.50,103574294089.02,4.11,19.71,15.59,179.41,167.56,163.54,155.30,159.78,187.20,218.00,132.00,192.00,8.90,2.25,2.38,25373294277.00,6398083141.00,6595418752.00
[object Object],MAR,"Marriott International, Inc. Class A",NASDAQ,359.08,stock,common,100.00,1.00,false,0.00,USD,-0.17,103337.00,0.05,93634687447.49,USD,37.22,9.65,8.84,0.76,Consumer services,america,Consumer Services,Buy,Buy,-0.17,-4.76,-5.04,1.58,10.01,15.63,35.35,154.63,391.95,2068.93,3.03,2.50,Sell,Sell,StrongSell,Strong sell,Sell,Sell,43.37,-15.35,-17.10,-78.27,44.24,33.06,0.00,360.98,0.36,0.36,120.00,-0.23,103337.00,-93.84,0.00,0.00,0.00,36.23,37.22,4.22,3.54,0.00,25.48,30.32,205.57,110946687447.49,4.12,26.21,24.59,366.81,369.61,376.99,363.91,337.35,384.22,425.00,280.00,393.00,11.68,3.08,2.82,27863126975.00,7192559810.00,6917011399.00
[object Object],CSX,CSX Corporation,NASDAQ,50.41,stock,common,100.00,1.00,false,0.00,USD,-0.57,522912.00,0.04,93383258771.39,USD,29.11,1.73,6.40,1.07,Transportation,america,Transportation,Buy,Buy,-0.57,0.22,3.24,13.30,25.66,38.51,39.62,56.16,429.89,12786.16,1.98,2.23,Neutral,Neutral,Buy,Buy,Sell,Sell,52.85,-2.82,1.03,-29.87,32.71,34.61,doji,50.42,-0.55,-0.95,6071.00,-0.63,522912.00,-95.44,0.00,0.00,0.00,42.63,29.11,4.57,6.49,6.63,17.61,33.52,67.42,111356258771.39,7.67,21.76,16.44,50.71,49.96,48.57,45.89,41.66,53.78,60.00,32.00,54.00,2.01,0.52,0.54,15199265663.00,3894161834.00,3929108059.00
[object Object],EQNR,Equinor ASA,OSL,371.10,stock,common,10.00,1.00,false,0.00,NOK,-0.05,906784.00,0.34,92976135616.25,USD,10.52,3.56,7.86,3.94,Energy minerals,norway,Energy Minerals,Neutral,Neutral,-0.05,-1.88,11.11,8.22,42.73,56.12,46.51,109.12,174.08,415.42,3.13,2.92,Buy,Buy,Buy,Buy,Buy,Buy,54.47,-21.40,27.16,19.64,37.93,47.43,0.00,0.00,0.00,0.00,0.00,2.13,906784.00,-49.73,0.00,0.00,0.00,31.34,10.52,1.34,0.81,2.18,4.02,9.95,3.86,102057551434.79,0.91,3.12,2.37,378.26,354.41,346.65,356.06,304.21,38.30,45.83,27.08,38.54,4.89,1.38,1.27,113258946082.09,33856053122.00,32508343395.00
[object Object],JCI,Johnson Controls International plc,NYSE,152.87,stock,common,100.00,1.00,false,0.00,USD,-1.09,129371.00,0.03,92599707396.83,USD,26.57,5.75,70.85,1.04,Producer manufacturing,america,Producer Manufacturing,Buy,Buy,-1.09,4.26,9.87,8.69,12.36,26.91,44.79,113.09,259.56,41027.61,3.03,3.38,Buy,Buy,StrongBuy,Strong buy,Sell,Sell,64.18,9.50,7.86,151.52,83.81,86.92,0.00,0.00,0.00,0.00,0.00,-0.16,129371.00,-96.59,0.00,0.00,0.00,26.69,26.57,0.38,3.77,6.87,45.89,56.21,143.91,101459707396.83,4.06,28.20,23.20,147.47,143.87,143.56,141.03,131.77,163.39,186.00,130.00,161.50,5.02,1.30,1.56,25497634004.00,6463153955.00,7002650822.00
[object Object],MELI,"MercadoLibre, Inc.",NASDAQ,1823.97,stock,common,100.00,1.00,false,0.00,USD,-0.33,79145.00,0.17,92470138508.34,USD,0.00,0.00,0.00,0.00,Retail trade,america,Retail Trade,StrongBuy,Strong buy,-0.33,-2.67,1.32,8.25,-10.70,-10.04,-22.01,3.33,950.49,8190.77,2.64,2.91,Sell,Sell,Sell,Sell,Neutral,Neutral,50.29,22.53,72.97,-54.45,51.74,66.57,spinning_top_white,1820.00,-0.55,0.26,4502.00,-0.52,79145.00,-93.41,0.00,0.00,0.00,-21.90,0.00,0.00,0.00,0.00,0.00,0.00,0.00,92470138508.34,2.63,31.81,0.00,1867.31,1821.10,1747.79,1736.76,1887.40,2259.50,2800.00,1750.00,2275.00,38.31,8.65,9.44,41216683200.00,9794199521.00,10506591264.00
[object Object],WM,"Waste Management, Inc.",NYSE,230.21,stock,common,100.00,1.00,false,0.00,USD,0.52,196733.00,0.09,92018429252.83,USD,32.59,7.06,4.82,1.55,Industrial services,america,Industrial Services,Buy,Buy,0.52,1.93,-2.75,4.23,1.35,4.96,-0.62,55.75,248.91,4391.90,1.96,2.17,Buy,Buy,Buy,Buy,Neutral,Neutral,49.84,-8.54,-4.59,-59.14,26.02,18.12,0.00,227.00,-0.88,-0.88,100.00,-0.71,196733.00,-93.15,0.00,0.00,0.00,1.32,32.59,6.72,3.59,9.28,14.21,25.93,163.67,114809429252.83,4.47,24.16,14.66,230.20,232.11,226.31,226.05,223.48,262.22,285.00,230.00,268.00,8.12,1.98,2.19,26383739070.00,6709225647.00,6799972680.00
[object Object],MRSH,"Marsh & McLennan Companies, Inc.",NYSE,191.88,stock,common,100.00,1.00,false,0.00,USD,-0.73,63778.00,0.02,91567295920.17,USD,23.48,8.17,-1.91,1.91,Finance,america,Finance,Neutral,Neutral,-0.73,1.69,7.87,15.91,1.91,4.05,-6.41,27.93,188.19,186434.68,1.62,2.41,Buy,Buy,StrongBuy,Strong buy,Neutral,Neutral,61.51,11.14,12.40,74.44,73.74,73.13,0.00,194.55,0.65,0.65,112.00,-1.09,63778.00,-96.24,0.00,0.00,0.00,-8.06,23.48,0.00,3.33,6.04,18.21,19.40,54.40,112499295920.17,4.02,16.56,14.61,191.52,181.81,174.51,172.19,177.19,202.67,234.00,178.00,200.00,10.45,2.90,1.98,28581528386.00,7279532596.00,6664014656.00
[object Object],EL,EssilorLuxottica SA,EURONEXT,172.45,stock,common,100.00,5.00,false,0.00,EUR,0.67,317900.00,0.37,91377791707.14,USD,32.22,6.11,3.83,2.34,Health technology,france,Health Technology,StrongBuy,Strong buy,0.67,6.68,-1.46,-1.46,-32.82,-35.77,-30.83,3.77,54.32,3123.36,3.61,2.98,Neutral,Neutral,Buy,Buy,Neutral,Neutral,56.20,8.95,2.74,163.57,69.71,66.22,0.00,0.00,0.00,0.00,0.00,0.29,317900.00,-63.52,0.00,0.00,0.00,-35.77,32.22,8.35,2.72,2.02,15.15,19.36,41.48,107616665627.14,3.22,26.03,13.96,168.21,168.47,170.89,178.98,225.67,286.91,416.21,200.61,288.23,8.64,4.43,4.03,35610562912.19,17037484875.67,18247328628.40
[object Object],IFX,Infineon Technologies AG,XETR,62.51,stock,common,100.00,1.00,false,0.00,EUR,3.63,1717564.00,0.30,90432382331.89,USD,68.50,1.04,76.26,0.58,Electronic technology,germany,Electronic Technology,Buy,Buy,3.63,-2.33,-11.77,4.41,48.83,65.74,83.10,75.44,346.50,-0.10,5.16,5.49,Neutral,Neutral,Sell,Sell,Buy,Buy,45.05,-1.90,-7.46,-29.07,43.90,45.63,0.00,60.99,1.11,0.94,495.00,1.29,1717564.00,-56.27,0.00,0.00,0.00,62.82,68.50,0.87,5.09,4.67,24.47,50.01,49.68,97553017951.89,5.48,41.71,21.75,60.30,67.59,72.80,63.15,51.03,100.78,131.33,57.60,103.68,2.04,0.51,0.72,19108945604.78,4718427044.56,5382802864.09
[object Object],MNST,Monster Beverage Corporation,NASDAQ,92.41,stock,common,100.00,1.00,false,0.00,USD,-1.86,698715.00,0.12,90377733669.50,USD,44.85,2.06,36.04,0.00,Consumer non-durables,america,Consumer Non-Durables,Buy,Buy,-1.86,-5.12,-5.12,9.37,12.78,20.53,54.12,89.83,242.07,141842.12,2.87,2.29,Sell,Sell,Sell,Sell,Sell,Sell,41.71,-1.08,-2.11,-132.41,22.63,22.28,0.00,94.95,0.84,0.49,7430.00,-0.39,698715.00,-89.77,0.00,0.00,0.00,59.66,44.85,1.27,10.58,10.36,41.60,44.08,30.59,87392740669.50,9.94,33.88,32.40,95.31,96.14,94.12,86.11,81.20,100.75,113.00,80.00,100.50,2.31,0.58,0.60,9671925397.00,2428904018.00,2462023833.00
[object Object],SHW,Sherwin-Williams Company,NYSE,369.76,stock,common,100.00,1.00,false,0.00,USD,1.74,124790.00,0.05,89762261834.14,USD,34.09,10.85,7.71,0.88,Process industries,america,Process Industries,Buy,Buy,1.74,7.75,11.07,14.41,1.80,14.39,4.17,24.44,268.74,73852.00,2.12,2.68,Buy,Buy,StrongBuy,Strong buy,Sell,Sell,65.44,52.25,23.87,134.41,95.29,95.50,0.00,366.19,0.76,0.23,452.00,0.55,124790.00,-93.35,0.00,0.00,0.00,4.00,34.09,4.35,3.66,23.29,23.40,28.31,309.92,104500461834.14,4.28,25.90,21.95,352.98,339.94,328.69,324.39,333.38,392.60,420.00,360.00,395.50,12.07,3.52,3.69,25126140082.00,6602129172.00,6791281948.00
[object Object],INTU,Intuit Inc.,NASDAQ,328.05,stock,common,100.00,1.00,false,0.00,USD,1.91,329812.00,0.08,89733262632.18,USD,19.86,16.51,34.39,1.49,Technology services,america,Technology Services,Buy,Buy,1.91,5.68,17.51,-17.06,-24.95,-50.34,-58.13,-38.59,193.37,14214.96,3.09,4.83,Buy,Buy,Buy,Buy,Neutral,Neutral,62.17,31.72,34.13,105.58,81.08,78.90,"rising_window_bullish,spinning_top_white",326.94,1.56,0.88,10140.00,1.58,329812.00,-88.84,0.00,0.00,0.00,-61.94,19.86,0.57,4.25,4.36,11.48,11.74,13.35,89853262632.18,4.29,15.63,13.65,320.15,293.22,291.93,344.42,458.67,441.45,921.00,250.00,412.00,23.83,12.57,3.54,21365667643.00,8539225086.00,4275947062.00
[object Object],LLOY,Lloyds Banking Group plc,LSE,115.40,stock,common,100.00,5.00,false,0.00,GBX,0.61,45954645.00,0.32,89582197181.99,USD,14.48,0.11,0.00,3.18,Finance,uk,Finance,Buy,Buy,0.61,-1.37,1.50,18.69,8.87,17.47,42.40,148.17,117.00,-11.25,1.79,2.32,Buy,Buy,StrongBuy,Strong buy,Sell,Sell,56.68,1.90,3.47,65.00,78.96,84.77,0.00,0.00,0.00,0.00,0.00,-0.26,45954645.00,-55.41,0.00,0.00,0.00,38.70,14.48,0.00,1.98,1.62,0.00,0.00,0.00,224262275981.99,8.19,0.00,0.00,115.03,113.33,109.25,103.53,100.58,1.69,1.81,1.25,1.68,0.14,0.03,0.04,28314937596.64,6789607413.26,7252581919.14
[object Object],CMCSA,Comcast Corporation Class A,NASDAQ,25.23,stock,common,100.00,1.00,false,0.00,USD,0.24,1574923.00,0.05,89532099511.47,USD,8.17,3.09,-49.00,5.24,Consumer services,america,Consumer Services,Neutral,Neutral,0.24,7.64,7.18,-3.89,-18.11,-9.88,-16.78,-54.09,-19.73,99288.54,2.04,3.50,Neutral,Neutral,Buy,Buy,Neutral,Neutral,60.37,2.93,1.08,146.08,97.51,96.49,0.00,24.96,-0.83,0.04,20068.00,-0.72,1574923.00,-94.29,0.00,0.00,0.00,-29.18,8.17,0.00,0.72,1.00,2.77,4.41,11.76,172444099511.47,1.38,9.30,5.03,24.39,23.80,23.76,25.60,26.91,30.62,52.00,21.00,29.00,3.51,0.97,1.01,120713682771.00,29235581590.00,29519653782.00
[object Object],GLEN,Glencore plc,LSE,555.50,stock,common,10.00,1.00,false,0.00,GBX,-1.86,9043550.00,0.19,89076285202.48,USD,16.51,0.45,0.00,1.76,Distribution services,uk,Distribution Services,Buy,Buy,-1.86,1.28,8.99,-2.42,19.09,35.36,96.99,71.45,199.78,1.37,3.29,3.14,Buy,Buy,StrongBuy,Strong buy,Neutral,Neutral,56.93,18.20,31.63,121.02,80.07,81.31,0.00,0.00,0.00,0.00,0.00,-0.07,9043550.00,-68.30,0.00,0.00,0.00,63.13,16.51,0.00,0.30,2.07,13.62,0.00,24.35,126291880455.83,0.42,18.01,9.15,541.27,525.33,543.89,550.98,492.61,8.48,10.30,6.50,8.49,0.58,0.28,0.30,304250971288.38,145583178167.00,140845629333.00
[object Object],CMI,Cummins Inc.,NYSE,644.67,stock,common,100.00,1.00,false,0.00,USD,0.11,43072.00,0.03,88748163913.04,USD,33.46,19.27,-4.16,1.24,Producer manufacturing,america,Producer Manufacturing,Buy,Buy,0.11,-0.81,-1.58,-6.53,17.25,26.29,67.04,181.93,411.72,14957.99,4.27,3.87,Neutral,Neutral,Sell,Sell,Neutral,Neutral,47.03,-19.98,-26.21,-15.21,73.25,70.32,0.00,652.09,1.26,0.00,1262.00,0.89,43072.00,-94.69,0.00,0.00,0.00,75.40,33.46,0.00,2.64,7.20,22.75,33.50,28.12,94827163913.04,2.80,24.35,18.92,640.03,659.47,667.51,644.64,585.22,784.81,894.00,690.00,768.00,29.51,7.21,8.12,37628928077.00,9330272673.00,9802479366.00
[object Object],HCA,HCA Healthcare Inc,NYSE,409.65,stock,common,100.00,1.00,false,0.00,USD,0.19,91958.00,0.06,88689840752.37,USD,13.71,29.87,25.47,0.73,Health services,america,Health Services,Buy,Buy,0.19,3.58,-2.20,-5.49,-20.30,-12.05,11.76,64.52,438.87,1212.98,2.61,3.71,Buy,Buy,Buy,Buy,Neutral,Neutral,56.79,27.46,12.49,76.76,78.25,74.35,0.00,399.69,-2.25,2.72,100.00,-1.12,91958.00,-90.68,0.00,0.00,0.00,11.94,13.71,0.54,1.17,0.00,8.21,15.22,80.78,142544840752.37,1.83,11.81,9.05,404.99,395.27,388.41,422.59,456.88,455.00,579.00,380.00,462.50,29.57,7.56,6.78,78501068398.00,19756774446.00,19397431927.00
[object Object],UPS,"United Parcel Service, Inc. Class B",NYSE,104.09,stock,common,100.00,1.00,false,0.00,USD,0.86,530544.00,0.08,88616952806.65,USD,19.38,5.37,-20.14,6.36,Transportation,america,Transportation,Buy,Buy,0.86,-1.56,-6.67,3.34,-10.49,4.82,19.88,-45.52,-4.58,60.14,2.71,2.87,Sell,Sell,StrongSell,Strong sell,Neutral,Neutral,40.90,-10.70,-3.82,-104.32,14.86,23.99,0.00,103.28,0.08,0.28,40224.00,0.00,530544.00,-94.10,0.00,0.00,0.00,16.44,19.38,0.00,0.98,5.88,9.99,16.23,19.04,112668952806.65,1.25,13.45,9.20,106.35,110.37,109.26,105.00,103.83,116.24,135.00,76.00,118.00,7.18,1.66,1.64,91407529387.00,21858106934.00,22163354057.00
[object Object],EMR,Emerson Electric Co.,NYSE,158.34,stock,common,100.00,1.00,false,0.00,USD,0.91,108956.00,0.03,88324841128.16,USD,34.60,4.58,-1.70,1.40,Electronic technology,america,Electronic Technology,Buy,Buy,0.91,5.75,16.23,11.06,3.64,18.85,16.64,56.19,192.64,7715.57,4.25,3.39,Buy,Buy,StrongBuy,Strong buy,Neutral,Neutral,64.07,10.41,13.10,111.28,80.79,88.20,spinning_top_white,158.10,0.76,0.76,732.00,0.68,108956.00,-97.16,0.00,0.00,0.00,2.41,34.60,0.00,4.73,4.33,22.71,25.68,40.76,99961841128.16,5.37,26.05,18.78,153.67,144.40,144.03,140.47,140.29,174.01,203.00,125.00,176.00,6.55,1.68,1.84,18861670282.00,4804533720.00,5101173652.00
[object Object],BA.,BAE Systems plc,LSE,2207.00,stock,common,1.00,1.00,false,0.00,GBX,0.32,1955772.00,0.30,86718557087.78,USD,31.61,0.93,7.38,1.65,Electronic technology,uk,Electronic Technology,Buy,Buy,0.32,7.03,12.46,10.37,19.52,28.80,19.72,284.23,321.59,5669.93,2.45,4.01,Buy,Buy,StrongBuy,Strong buy,Sell,Sell,75.10,236.00,241.73,131.47,89.20,90.85,long_upper_shadow_bearish,0.00,0.00,0.00,0.00,0.09,1955772.00,-68.19,0.00,0.00,0.00,11.27,31.61,4.27,2.26,5.22,12.29,14.74,15.29,93404201087.78,2.40,26.43,18.33,2107.90,1968.60,1932.08,2016.00,1961.99,31.50,35.24,22.87,32.02,1.12,0.49,0.62,44721686744.52,20806681867.65,23597139107.84
[object Object],WMB,"Williams Companies, Inc.",NYSE,70.75,stock,common,100.00,1.00,false,0.00,USD,-1.41,204997.00,0.03,86539101818.96,USD,28.24,2.51,26.39,2.86,Industrial services,america,Industrial Services,Buy,Buy,-1.41,-0.06,-6.15,-3.21,4.63,17.70,20.22,184.59,173.59,2962.99,2.91,2.82,Sell,Sell,StrongSell,Strong sell,Sell,Sell,41.87,-3.25,-2.50,-61.13,36.96,36.35,0.00,71.73,-0.04,0.04,527.00,-0.45,204997.00,-97.20,0.00,0.00,0.00,19.33,28.24,1.09,7.13,6.58,14.46,0.00,426.94,119342101818.96,9.68,25.49,16.79,70.98,73.36,73.07,73.44,68.72,85.22,99.00,72.00,84.00,2.41,0.50,0.54,12270554437.00,2828370473.00,2957688440.00
[object Object],RCL,Royal Caribbean Group,NYSE,318.94,stock,common,100.00,1.00,false,0.00,USD,-0.50,117222.00,0.05,85539443620.62,USD,19.70,16.19,22.04,1.56,Consumer services,america,Consumer Services,Buy,Buy,-0.50,-0.58,14.13,13.68,-3.04,14.64,1.15,307.90,328.54,3395.29,2.33,3.74,Buy,Buy,StrongBuy,Strong buy,Neutral,Neutral,59.39,25.72,21.72,68.91,79.07,83.03,0.00,327.50,2.17,0.61,2042.00,0.87,117222.00,-90.24,0.00,0.00,0.00,-4.77,19.70,0.90,4.60,8.33,12.60,0.00,97.69,108407443620.62,5.80,21.42,15.81,320.83,302.47,299.76,284.38,286.80,350.32,415.00,297.00,355.00,17.76,3.98,6.34,19550093490.00,4817113629.00,5602051022.00
[object Object],DDOG,"Datadog, Inc. Class A",NASDAQ,240.16,stock,common,100.00,1.00,false,0.00,USD,4.74,1794702.00,0.32,85488928956.23,USD,492.75,0.49,40.83,0.00,Technology services,america,Technology Services,StrongBuy,Strong buy,4.74,-11.54,-4.89,29.47,120.33,74.98,62.55,85.00,495.20,495.20,5.74,5.71,Sell,Sell,Sell,Sell,Neutral,Neutral,43.99,-6.70,9.58,-114.97,36.91,62.53,0.00,234.81,2.41,1.17,98378.00,2.41,1794702.00,-88.06,0.00,0.00,0.00,72.28,492.75,11.52,21.45,0.00,72.50,75.38,17.87,81781291956.23,20.62,4803.88,497.42,261.78,258.75,249.20,199.02,169.93,282.93,330.00,158.00,295.00,2.52,0.58,0.64,4454952540.00,1079748993.00,1140190849.00
[object Object],ICE,"Intercontinental Exchange, Inc.",NYSE,152.20,stock,common,100.00,1.00,false,0.00,USD,1.64,319286.00,0.06,85444238367.03,USD,21.49,7.08,35.92,1.34,Finance,america,Finance,StrongBuy,Strong buy,1.64,-1.82,12.21,-2.49,-10.39,-5.67,-19.24,26.64,174.35,1851.28,2.33,2.75,Buy,Buy,StrongBuy,Strong buy,Neutral,Neutral,62.86,6.41,10.80,68.07,61.43,59.53,marubozu_white_bullish,149.97,0.15,-1.39,200.00,0.17,319286.00,-93.90,0.00,0.00,0.00,-18.32,21.49,0.59,6.45,2.89,15.62,16.96,33.39,103492238367.03,7.88,17.10,13.62,151.73,141.14,140.17,148.95,154.60,185.64,232.00,163.00,179.50,8.13,1.84,1.90,11051533402.00,2630985298.00,2689875111.00
[object Object],ITW,Illinois Tool Works Inc.,NYSE,296.67,stock,common,100.00,1.00,false,0.00,USD,0.67,38960.00,0.02,85351966156.52,USD,26.89,11.03,-3.18,2.19,Producer manufacturing,america,Producer Manufacturing,Neutral,Neutral,0.67,5.01,10.87,15.84,2.42,20.28,14.43,30.69,153.17,31544.80,2.29,2.53,Buy,Buy,StrongBuy,Strong buy,Neutral,Neutral,65.73,13.65,16.38,94.94,82.17,79.00,0.00,0.00,0.00,0.00,0.00,-0.39,38960.00,-95.73,0.00,0.00,0.00,12.26,26.89,0.00,5.14,0.00,0.00,0.00,101.48,94207966156.52,5.72,20.19,0.00,291.53,278.64,269.83,265.18,263.26,301.62,350.00,267.00,300.00,11.41,2.79,2.96,16809324399.00,4189261791.00,4246204444.00
[object Object],VLO,Valero Energy Corporation,NYSE,294.78,stock,common,100.00,1.00,false,0.00,USD,-2.71,289995.00,0.11,84875253839.91,USD,12.23,24.11,899.64,1.56,Energy minerals,america,Energy Minerals,Buy,Buy,-2.71,-5.62,8.37,25.33,50.49,80.57,118.36,351.36,445.89,17150.27,3.67,3.79,Neutral,Neutral,Buy,Buy,Sell,Sell,50.11,-7.72,17.14,-123.24,25.25,38.45,0.00,300.00,-0.99,0.00,2775.00,-1.48,289995.00,-89.16,0.00,0.00,0.00,97.39,12.23,0.01,0.64,3.39,7.95,8.56,10.97,91589253839.91,0.66,8.63,6.62,304.62,293.25,276.21,259.47,222.17,316.44,365.00,245.00,320.50,40.40,10.11,14.95,147427054616.00,39468983320.00,38529398653.00
[object Object],HOOD,"Robinhood Markets, Inc. Class A",NASDAQ,94.14,stock,common,100.00,1.00,false,0.00,USD,3.78,2586340.00,0.12,84635110328.38,USD,41.69,2.26,14.70,0.00,Finance,america,Finance,Buy,Buy,3.78,9.29,-15.09,23.47,20.90,-18.48,-12.75,62.95,147.72,147.72,4.55,6.01,Neutral,Neutral,Sell,Sell,Neutral,Neutral,46.73,-0.77,-9.91,-42.11,36.15,32.83,0.00,92.75,2.25,0.28,265669.00,2.43,2586340.00,-79.22,0.00,0.00,0.00,-9.11,41.69,2.73,16.58,8.93,0.00,0.00,14.57,106491110328.38,21.34,48.25,46.34,91.29,101.92,98.35,87.30,98.27,122.86,163.60,78.00,125.00,2.07,0.43,0.49,5150627061.00,1286601143.00,1345325855.00
[object Object],ELV,"Elevance Health, Inc.",NYSE,389.70,stock,common,100.00,1.00,false,0.00,USD,-0.43,67521.00,0.06,84513962247.29,USD,17.32,22.50,-4.24,1.75,Health services,america,Health Services,Buy,Buy,-0.43,3.64,-6.86,3.58,18.09,11.10,39.72,2.72,205.26,1824.44,2.54,3.36,Buy,Buy,StrongBuy,Strong buy,Neutral,Neutral,50.52,12.02,-9.28,22.11,84.19,73.39,0.00,391.02,-0.10,-0.09,120.00,-0.26,67521.00,-92.59,0.00,0.00,0.00,28.67,17.32,0.00,0.42,1.88,11.38,13.50,0.00,115696962247.29,0.58,0.00,0.00,382.54,393.97,396.08,368.50,352.06,445.57,492.00,393.00,455.00,27.14,6.21,4.70,196962054356.00,48876839049.00,49263542318.00
[object Object],MCO,Moody's Corporation,NYSE,476.54,stock,common,100.00,1.00,false,0.00,USD,0.72,20342.00,0.02,82536727397.69,USD,30.22,15.77,34.03,0.83,Commercial services,america,Commercial Services,Buy,Buy,0.72,-0.28,-3.99,4.25,3.26,-6.51,-8.59,23.50,354.89,3832.18,2.16,2.48,Neutral,Neutral,Sell,Sell,Neutral,Neutral,47.36,5.04,1.22,-88.03,22.84,24.42,0.00,473.00,-0.03,0.29,280.00,-0.03,20342.00,-97.52,0.00,0.00,0.00,-8.43,30.22,0.88,10.12,27.28,25.05,28.03,55.59,88703727397.69,10.87,23.63,20.88,481.47,484.74,471.12,458.05,471.90,564.95,610.00,505.00,573.50,16.94,4.26,4.26,8280827226.00,2087313642.00,2072642136.00
[object Object],MPC,Marathon Petroleum Corporation,NYSE,293.00,stock,common,100.00,1.00,false,0.00,USD,-2.09,198752.00,0.10,82283052225.02,USD,10.09,29.05,330.27,1.31,Energy minerals,america,Energy Minerals,Buy,Buy,-2.09,-7.37,7.87,20.98,48.89,79.92,78.37,418.32,593.67,1442.13,3.88,3.18,Sell,Sell,Sell,Sell,Sell,Sell,47.34,-16.24,14.50,-166.98,8.39,19.02,0.00,297.50,-0.58,-0.75,464.00,-1.37,198752.00,-89.95,0.00,0.00,0.00,65.78,10.09,0.03,0.00,4.35,0.00,0.00,0.00,123218052225.02,0.80,9.53,7.58,306.73,294.69,279.11,259.38,224.76,322.53,376.00,265.00,321.00,45.87,14.27,17.71,167567926797.00,40865657701.00,42868110945.00
[object Object],DG,VINCI SA,EURONEXT,125.75,stock,common,100.00,5.00,false,0.00,EUR,-0.67,371194.00,0.42,82101772618.92,USD,13.96,10.28,8.24,3.95,Industrial services,france,Industrial Services,Buy,Buy,-0.67,2.15,3.03,-3.64,-1.53,5.63,3.33,39.46,86.71,1119.69,1.58,1.66,Buy,Buy,StrongBuy,Strong buy,Sell,Sell,58.14,7.40,2.86,112.57,85.67,89.72,0.00,0.00,0.00,0.00,0.00,-0.08,371194.00,-68.09,0.00,0.00,0.00,-4.37,13.96,1.71,0.93,2.28,5.82,8.54,4.54,114574912378.92,1.32,10.75,7.34,123.14,121.98,123.86,126.39,125.02,165.89,188.36,137.09,167.04,10.84,4.05,6.58,89906026199.17,40049102633.75,47232177172.84
[object Object],ROST,"Ross Stores, Inc.",NASDAQ,253.28,stock,common,100.00,1.00,false,0.00,USD,-0.40,84969.00,0.04,81248710967.52,USD,35.30,7.18,13.47,0.67,Retail trade,america,Retail Trade,Buy,Buy,-0.40,0.20,17.78,12.24,32.88,40.25,72.83,106.71,309.71,45562.43,1.49,2.24,Buy,Buy,StrongBuy,Strong buy,Neutral,Neutral,68.46,14.39,21.13,77.48,87.36,85.99,0.00,254.07,-0.09,-0.10,1088.00,-0.37,84969.00,-94.28,0.00,0.00,0.00,76.41,35.30,2.63,3.44,12.90,23.56,30.91,19.60,81819743967.52,3.44,28.17,23.85,251.48,232.52,231.87,226.26,204.86,259.24,290.00,230.00,262.00,7.87,1.73,1.94,25247799073.00,5641386717.00,6146809980.00
[object Object],NG.,National Grid plc,LSE,1201.25,stock,common,10.00,5.00,false,0.00,GBX,0.44,2813633.00,0.38,80874139237.46,USD,18.42,0.86,8.18,4.05,Utilities,uk,Utilities,Buy,Buy,0.44,0.78,-3.40,-4.45,-5.86,5.56,11.59,39.04,23.12,178.08,1.66,1.90,Sell,Sell,StrongSell,Strong sell,Neutral,Neutral,45.14,-36.25,-34.33,-72.69,25.30,19.56,0.00,0.00,0.00,0.00,0.00,-0.21,2813633.00,-35.93,0.00,0.00,0.00,18.21,18.42,2.24,3.36,1.52,9.59,0.00,21.14,140006440837.46,5.99,21.00,14.53,1196.98,1223.94,1219.21,1249.30,1232.08,18.26,20.20,14.27,18.54,1.18,0.64,0.46,26022536496.09,16066999710.00,10245145435.20
[object Object],CTAS,Cintas Corporation,NASDAQ,202.04,stock,common,100.00,1.00,false,0.00,USD,-0.05,57418.00,0.02,80850254585.21,USD,41.16,4.91,11.52,0.89,Commercial services,america,Commercial Services,Buy,Buy,-0.05,-1.56,11.11,18.82,3.99,7.71,-10.59,106.56,655.29,84844.47,2.01,2.68,Buy,Buy,Buy,Buy,Neutral,Neutral,56.74,-3.87,12.09,-9.19,25.31,29.94,0.00,200.28,-0.93,-0.57,1056.00,-0.75,57418.00,-96.58,0.00,0.00,0.00,-4.19,41.16,3.58,7.26,15.73,36.00,43.59,282.63,83267193585.21,7.39,31.77,26.57,206.71,193.84,186.05,179.72,185.30,217.40,250.00,175.00,225.00,5.50,1.24,1.35,12214550362.00,2872591073.00,2977378052.00
[object Object],PSX,Phillips 66,NYSE,202.61,stock,common,100.00,1.00,false,0.00,USD,-1.42,151216.00,0.06,80845627149.65,USD,11.53,17.57,322.82,2.40,Energy minerals,america,Energy Minerals,Buy,Buy,-1.42,-5.10,11.06,20.54,30.96,57.06,66.72,178.27,156.83,509.35,3.52,3.16,Neutral,Neutral,Buy,Buy,Sell,Sell,54.15,-4.16,11.61,-70.68,20.61,29.74,long_lower_shadow_bullish,205.50,-0.01,-0.27,800.00,-1.50,151216.00,-94.07,0.00,0.00,0.00,59.04,11.53,0.04,0.54,2.57,9.14,12.76,19.90,98508627149.65,0.64,10.88,8.29,206.55,196.79,188.61,180.42,162.00,217.28,255.00,138.00,218.50,22.88,7.50,8.66,159706717751.00,43597335313.00,40332646053.00
[object Object],ECL,Ecolab Inc.,NYSE,285.98,stock,common,100.00,1.00,false,0.00,USD,0.89,56060.00,0.04,80485493823.62,USD,38.34,7.46,-0.26,1.00,Process industries,america,Process Industries,Buy,Buy,0.89,4.22,2.75,11.03,-0.56,9.49,5.77,29.74,132.50,12880.65,2.14,2.30,Buy,Buy,StrongBuy,Strong buy,Sell,Sell,61.59,17.23,6.65,111.45,89.46,88.34,0.00,283.82,0.13,0.13,66.00,-0.26,56060.00,-95.42,0.00,0.00,0.00,8.22,38.34,0.00,4.75,0.00,0.00,0.00,15.72,89131993823.62,5.29,23.37,0.00,281.24,276.51,271.40,266.81,270.97,327.20,360.00,295.00,330.00,8.16,2.08,2.17,17880154315.00,4382614100.00,4702597719.00
[object Object],REGN,"Regeneron Pharmaceuticals, Inc.",NASDAQ,780.50,stock,common,100.00,1.00,false,0.00,USD,1.09,32950.00,0.04,80356365260.43,USD,19.29,40.46,1.95,0.47,Health technology,america,Health Technology,Buy,Buy,1.09,7.40,16.65,10.04,1.41,0.81,39.96,27.77,84.76,3594.67,2.21,2.85,StrongBuy,Strong buy,StrongBuy,Strong buy,Buy,Buy,79.71,124.49,92.76,122.74,93.88,91.90,0.00,0.00,0.00,0.00,0.00,0.31,32950.00,-95.80,0.00,0.00,0.00,23.22,19.29,9.77,5.27,2.54,17.67,22.00,10.34,75058165260.43,4.83,17.98,15.96,739.98,684.47,656.63,690.66,714.57,838.68,1030.00,641.00,850.00,53.65,10.16,15.90,16933232953.00,3817252148.00,4531287769.00
[object Object],NOC,Northrop Grumman Corp.,NYSE,564.56,stock,common,100.00,1.00,false,0.00,USD,-0.56,51510.00,0.07,80203105128.46,USD,17.90,31.54,15.97,1.66,Electronic technology,america,Electronic Technology,Buy,Buy,-0.56,5.55,3.39,1.73,-19.58,-0.88,-3.20,56.08,157.98,26257.50,1.89,2.87,Neutral,Neutral,Buy,Buy,Sell,Sell,62.68,22.32,24.00,140.29,95.05,90.44,0.00,564.27,-0.61,0.29,305.00,-0.17,51510.00,-91.47,0.00,0.00,0.00,-4.94,17.90,1.13,1.88,4.48,15.83,22.05,34.85,94948105128.46,2.21,20.65,15.51,549.90,535.34,535.99,579.65,605.14,648.45,815.00,538.00,640.00,28.89,6.82,7.14,44063900758.00,10801413407.00,11125616198.00
[object Object],MDLZ,"Mondelez International, Inc. Class A",NASDAQ,62.72,stock,common,100.00,1.00,false,0.00,USD,-0.05,455404.00,0.04,80050036718.50,USD,23.01,2.73,-0.44,3.19,Consumer non-durables,america,Consumer Non-Durables,Buy,Buy,-0.05,0.43,4.10,2.40,4.59,16.28,1.03,1.13,44.82,204.32,2.46,2.48,Buy,Buy,StrongBuy,Strong buy,Neutral,Neutral,55.82,2.20,1.47,56.75,47.58,45.21,0.00,62.29,-0.73,-0.40,433.00,-0.53,455404.00,-91.54,0.00,0.00,0.00,-11.14,23.01,0.00,2.04,3.01,18.20,26.17,45.89,100403036718.50,2.53,15.98,13.09,62.54,60.73,61.10,60.09,58.64,68.95,74.00,55.00,70.00,3.05,0.68,0.72,40194058636.00,9205897920.00,9991604133.00
[object Object],TRV,"Travelers Companies, Inc.",NYSE,383.63,stock,common,100.00,1.00,false,0.00,USD,-0.61,142919.00,0.07,80016674808.13,USD,10.27,37.35,65.14,1.18,Finance,america,Finance,Neutral,Neutral,-0.61,2.58,12.56,27.92,27.00,32.93,43.33,150.92,223.96,8545.30,1.65,2.65,Buy,Buy,StrongBuy,Strong buy,Sell,Sell,65.35,-3.63,26.49,55.92,65.09,67.53,long_lower_shadow_bullish,383.50,-0.65,-0.52,27544.00,-0.53,142919.00,-90.32,0.00,0.00,0.00,41.64,10.27,0.16,1.68,2.42,7.43,7.43,0.00,89084674808.13,1.82,0.00,0.00,383.00,359.39,336.77,318.20,303.12,366.08,430.00,297.00,368.00,34.08,5.41,6.77,43950523152.00,11257970125.00,11313606000.00
[object Object],AMT,American Tower Corporation,NYSE,171.50,stock,common,100.00,1.00,false,0.00,USD,0.17,92995.00,0.02,79909817777.03,USD,23.58,7.27,164.02,4.08,Finance,america,Finance,StrongBuy,Strong buy,0.17,-0.69,3.56,-4.63,-0.74,-2.15,-17.91,-39.19,47.16,716.64,3.37,2.73,Sell,Sell,Sell,Sell,Neutral,Neutral,50.23,4.83,1.27,34.17,43.40,48.82,0.00,0.00,0.00,0.00,0.00,-0.40,92995.00,-96.79,0.00,0.00,0.00,-20.51,23.58,0.14,7.30,21.48,13.85,20.19,42.25,129529917777.03,11.84,26.21,18.47,172.43,168.80,175.13,176.38,178.49,216.48,260.00,188.00,210.00,6.89,1.57,1.63,11013596763.00,2699481153.00,2755560276.00
[object Object],CVNA,Carvana Co. Class A,NYSE,71.86,stock,common,100.00,1.00,false,0.00,USD,5.15,1242392.00,0.10,79079324276.91,USD,33.33,2.16,169.88,0.00,Retail trade,america,Retail Trade,Buy,Buy,5.15,15.68,8.63,-11.32,-8.19,-14.79,-0.98,4.52,2561.48,2561.48,4.05,5.58,Buy,Buy,StrongBuy,Strong buy,Buy,Buy,59.45,11.40,2.03,116.89,92.88,83.90,0.00,69.49,1.68,0.16,33593.00,1.59,1242392.00,-85.23,0.00,0.00,0.00,-0.55,33.33,0.19,2.02,12.83,47.48,57.24,16.39,82761324276.91,3.30,36.98,32.97,66.41,66.22,66.77,68.40,72.31,82.83,120.00,60.00,82.50,1.61,0.39,0.44,28834106068.00,6897393966.00,7572568636.00
[object Object],G,Assicurazioni Generali S.p.A.,MIL,44.78,stock,common,100.00,1.00,false,0.00,EUR,-0.11,1023834.00,0.54,78929624876.63,USD,16.59,3.17,12.37,3.66,Finance,italy,Finance,Buy,Buy,-0.11,1.80,5.61,16.28,26.46,25.19,33.67,169.11,278.53,195.38,1.61,1.39,Buy,Buy,StrongBuy,Strong buy,Sell,Sell,72.49,1.88,1.82,113.54,83.82,88.65,0.00,0.00,0.00,0.00,0.00,0.00,1023834.00,-32.26,0.00,0.00,0.00,33.25,16.59,1.34,1.00,2.10,3.55,3.63,0.00,127653158756.63,1.53,0.00,0.00,44.23,42.96,42.23,39.60,36.97,47.87,84.10,32.83,47.35,3.73,1.83,1.87,122134945880.00,0.00,0.00
[object Object],ENI,Eni S.p.A.,MIL,23.16,stock,common,1000.00,5.00,false,0.00,EUR,-1.03,3380432.00,0.32,78844551663.75,USD,13.54,1.95,116.81,4.49,Energy minerals,italy,Energy Minerals,Buy,Buy,-1.03,-2.07,9.89,2.39,31.22,43.23,56.09,127.01,71.30,327.09,2.49,2.27,Buy,Buy,StrongBuy,Strong buy,Neutral,Neutral,56.66,0.20,1.62,61.06,65.34,69.70,engulfing_bearish,0.00,0.00,0.00,0.00,0.43,3380432.00,-48.41,0.00,0.00,0.00,42.89,13.54,0.12,0.85,1.47,5.33,19.48,4.61,116666520283.75,1.23,16.75,7.81,23.25,21.91,22.09,22.76,19.98,29.37,34.57,21.90,29.96,3.10,0.82,0.86,112921027430.44,32921650334.84,31515187349.97
[object Object],SNPS,"Synopsys, Inc.",NASDAQ,411.57,stock,common,100.00,1.00,false,0.00,USD,1.38,149673.00,0.08,78808105048.68,USD,95.22,4.32,-68.87,0.00,Technology services,america,Technology Services,Buy,Buy,1.38,8.91,-5.63,-18.40,-3.16,-14.07,-34.96,40.09,646.15,5676.49,2.76,3.78,Neutral,Neutral,Neutral,Neutral,Buy,Buy,51.62,38.10,-16.20,59.01,84.79,73.11,spinning_top_white,409.92,0.97,0.10,5803.00,0.69,149673.00,-89.89,0.00,0.00,0.00,-37.53,95.22,0.00,8.99,2.59,28.28,30.03,31.79,87161291048.68,10.05,83.58,33.79,392.19,411.40,434.61,446.75,448.44,569.89,650.00,450.00,575.00,14.78,3.15,3.67,9682449283.00,2250887460.00,2437663173.00
[object Object],MSI,"Motorola Solutions, Inc.",NYSE,470.22,stock,common,100.00,1.00,false,0.00,USD,-0.81,84382.00,0.08,77818483807.66,USD,37.91,12.40,3.48,1.00,Electronic technology,america,Electronic Technology,StrongBuy,Strong buy,-0.81,10.17,11.21,12.76,11.66,22.67,5.67,105.77,538.37,15546.46,3.04,2.74,Buy,Buy,StrongBuy,Strong buy,Neutral,Neutral,72.33,52.39,33.88,189.37,78.66,83.87,0.00,470.00,-0.86,-0.77,134.00,0.90,84382.00,-95.58,0.00,0.00,0.00,0.91,37.91,10.99,6.71,30.72,28.44,31.75,89.16,86540483807.66,7.29,29.19,24.69,442.74,423.99,416.76,424.00,416.17,525.00,550.00,476.00,529.50,17.54,3.85,4.42,12938548383.00,3001855778.00,3267258444.00
[object Object],ENGI,ENGIE S.A.,EURONEXT,26.73,stock,common,100.00,1.00,false,0.00,EUR,0.64,592641.00,0.17,77746351746.79,USD,16.87,1.81,-22.97,5.08,Utilities,france,Utilities,StrongBuy,Strong buy,0.64,0.49,-2.02,-0.07,5.11,19.28,39.91,130.47,83.90,-4.57,2.45,2.18,Sell,Sell,Sell,Sell,Neutral,Neutral,48.25,-1.06,-0.31,-62.28,32.33,35.06,long_lower_shadow_bullish,0.00,0.00,0.00,0.00,0.53,592641.00,-81.79,0.00,0.00,0.00,40.27,16.87,0.00,0.98,2.02,8.54,60.45,4.90,158983346086.79,1.97,15.05,10.05,26.57,26.99,26.97,27.34,25.52,35.99,39.20,31.13,35.74,2.34,0.00,0.00,87504958439.20,0.00,0.00
[object Object],VOLV_B,Volvo AB Class B,OMXSTO,356.20,stock,common,10.00,1.00,false,0.00,SEK,-1.60,1498868.00,0.56,77098367565.58,USD,20.21,1.81,-5.84,2.35,Producer manufacturing,sweden,Producer Manufacturing,Buy,Buy,-1.60,-2.68,5.38,9.40,2.89,19.97,28.50,75.90,303.63,849.85,2.17,2.17,Buy,Buy,StrongBuy,Strong buy,Sell,Sell,56.34,1.40,22.16,27.35,66.32,79.54,0.00,0.00,0.00,0.00,0.00,-0.80,1498868.00,-28.73,0.00,0.00,0.00,28.22,20.21,0.00,1.56,4.10,14.53,22.25,15.39,99442185165.58,2.05,17.65,12.37,363.83,346.69,336.18,325.95,314.13,37.39,46.26,28.78,37.52,2.32,0.54,0.57,54023101294.53,12683187775.37,12928949745.95
[object Object],ORLY,"O'Reilly Automotive, Inc.",NASDAQ,92.71,stock,common,100.00,1.00,false,0.00,USD,-0.71,358930.00,0.04,76830178057.91,USD,29.51,3.14,12.37,0.00,Retail trade,america,Retail Trade,StrongBuy,Strong buy,-0.71,6.45,7.30,-1.98,0.64,2.17,-11.56,131.06,380.28,56952.28,2.09,2.97,Buy,Buy,StrongBuy,Strong buy,Sell,Sell,58.81,5.31,3.66,111.83,89.74,87.23,0.00,92.60,-0.82,0.00,2083.00,-0.91,358930.00,-91.31,0.00,0.00,0.00,-10.63,29.51,2.40,4.17,0.00,23.36,35.64,293.10,86155430057.91,4.64,23.72,20.66,91.02,88.43,88.44,90.24,92.88,108.58,120.00,97.00,110.00,3.28,0.86,0.93,19111109089.00,4864050685.00,4996262137.00
[object Object],HON,Honeywell Technologies Inc.,NASDAQ,241.32,stock,common,100.00,1.00,false,0.00,USD,0.24,267225.00,0.08,76485547834.66,USD,8.92,27.04,53.73,0.00,Electronic technology,america,Electronic Technology,Buy,Buy,0.24,0.33,8.22,6.35,-1.93,17.64,10.93,6.81,120.13,2833.83,2.40,2.85,Buy,Buy,StrongBuy,Strong buy,Buy,Buy,53.89,-1.83,10.86,26.50,68.81,78.00,0.00,240.06,-0.28,-0.32,7296.00,-0.08,267225.00,-94.70,0.00,0.00,0.00,-44.38,8.92,0.17,1.97,4.13,15.02,18.54,8.36,102564547834.66,2.63,13.71,11.51,244.46,233.84,234.52,233.98,228.39,268.16,306.00,230.00,265.00,8.32,1.83,2.14,20178072124.00,5025799960.00,5029112256.00
[object Object],MUV2,Munchener Ruckversicherungs-Gesellschaft AG,XETR,509.40,stock,common,10.00,2.00,false,0.00,EUR,-2.53,316978.00,1.02,76441802497.03,USD,9.77,60.22,49.68,4.59,Finance,germany,Finance,Neutral,Neutral,-2.53,-2.71,1.03,0.59,-3.96,-9.39,-14.47,117.14,241.88,695.90,2.07,1.86,Sell,Sell,Sell,Sell,Sell,Sell,50.21,0.40,12.14,-78.23,63.67,66.63,0.00,504.80,-3.41,0.04,4283.00,-4.32,316978.00,7.36,0.00,0.00,0.00,-11.05,9.77,0.20,0.96,1.89,0.00,0.00,0.00,85306596397.03,1.06,0.00,0.00,519.92,508.93,489.84,504.25,520.64,645.71,765.33,552.42,647.36,59.35,15.78,16.39,74353728906.89,19511809907.03,18334799644.74
[object Object],NSC,Norfolk Southern Corporation,NYSE,339.99,stock,common,100.00,1.00,false,0.00,USD,-0.72,43461.00,0.04,76364597104.08,USD,29.02,11.71,-20.86,1.58,Transportation,america,Transportation,Neutral,Neutral,-0.72,2.10,4.94,9.09,12.03,17.69,19.53,33.15,282.01,9575.80,1.56,2.08,Buy,Buy,StrongBuy,Strong buy,Sell,Sell,58.16,-10.67,10.66,21.14,42.33,42.36,0.00,343.61,0.34,-0.86,279.00,-0.94,43461.00,-92.51,0.00,0.00,0.00,22.01,29.02,0.00,6.14,4.70,20.50,46.90,71.56,91911597104.08,7.33,22.83,16.90,338.94,331.60,322.00,312.42,303.25,366.76,414.00,297.00,376.00,12.94,3.32,3.58,13238065198.00,3377964312.00,3451205479.00
[object Object],GM,General Motors Company,NYSE,86.77,stock,common,100.00,1.00,false,0.00,USD,-0.20,294376.00,0.04,76136472097.34,USD,43.77,1.98,-68.57,0.76,Consumer durables,america,Consumer Durables,Buy,Buy,-0.20,-2.34,15.36,9.65,3.87,6.58,64.34,59.89,180.63,147.91,2.47,3.22,Buy,Buy,StrongBuy,Strong buy,Neutral,Neutral,58.96,4.13,6.99,48.16,75.21,77.70,0.00,86.79,-0.17,0.30,728.00,-0.06,294376.00,-94.58,0.00,0.00,0.00,59.70,43.77,0.00,0.43,1.26,3.40,130.30,2.85,177756472097.34,0.96,97.99,11.84,88.29,81.24,81.36,78.95,78.14,102.83,132.00,61.00,102.00,13.39,3.19,3.60,185848285092.00,47011489804.00,48714682249.00
[object Object],NWG,NatWest Group Plc,LSE,712.60,stock,common,10.00,2.00,false,0.00,GBX,0.11,5567950.00,0.20,76119787752.66,USD,9.57,0.99,24.79,4.57,Finance,uk,Finance,Buy,Buy,0.11,3.28,5.85,25.63,9.46,9.13,37.67,208.05,247.90,-52.58,2.02,2.35,Buy,Buy,StrongBuy,Strong buy,Sell,Sell,64.84,36.60,40.58,103.72,81.09,84.28,0.00,0.00,0.00,0.00,0.00,-0.81,5567950.00,-57.42,0.00,0.00,0.00,24.54,9.57,0.39,3.14,1.46,0.00,0.00,0.00,196309372152.66,4.82,0.00,0.00,697.72,678.67,655.19,616.31,618.01,10.61,11.84,8.74,10.63,1.01,0.23,0.26,24393305705.45,5825987532.84,6238405775.70
[object Object],APO,Apollo Global Management Inc,NYSE,128.68,stock,common,100.00,1.00,false,0.00,USD,0.54,435173.00,0.11,76063395470.83,USD,84.62,1.52,-73.14,1.63,Finance,america,Finance,Buy,Buy,0.54,6.66,9.05,0.42,-0.56,-11.26,-14.12,108.73,589.23,588.13,3.83,3.53,Buy,Buy,StrongBuy,Strong buy,Neutral,Neutral,56.89,6.07,6.64,104.28,65.07,76.03,0.00,130.00,1.57,1.57,100.00,0.17,435173.00,-85.16,0.00,0.00,0.00,-14.91,84.62,0.00,2.40,4.00,9.08,9.08,3.20,87357395470.83,2.76,14.63,11.66,126.36,121.79,125.35,123.13,127.06,153.42,173.00,126.00,157.00,8.79,2.16,2.27,23192671081.00,5648931264.00,5907259395.00
[object Object],SLB,SLB Limited,NYSE,51.23,stock,common,100.00,1.00,false,0.00,USD,-0.60,845208.00,0.06,76032663149.56,USD,24.87,2.06,-29.43,2.25,Industrial services,america,Industrial Services,Buy,Buy,-0.60,3.62,9.68,-3.67,3.49,33.38,53.89,84.41,-37.25,7164.69,2.98,3.08,Buy,Buy,StrongBuy,Strong buy,Neutral,Neutral,57.44,-1.19,2.40,97.22,71.24,66.98,0.00,51.32,-0.43,0.02,1273.00,-0.95,845208.00,-92.63,0.00,0.00,0.00,39.73,24.87,0.00,2.14,2.92,11.81,16.05,18.95,85939663149.56,2.37,16.93,11.48,50.18,48.11,50.18,51.72,47.20,62.39,71.00,43.00,63.50,2.49,0.51,0.62,36904519225.00,8667176601.00,9231617930.00
[object Object],AON,Aon Plc Class A,NYSE,357.20,stock,common,100.00,1.00,false,0.00,USD,-0.98,46849.00,0.03,75772268690.32,USD,19.70,18.14,51.85,0.85,Finance,america,Finance,Buy,Buy,-0.98,-1.62,-0.78,14.12,3.62,1.73,-1.79,36.75,223.26,13202.61,1.91,2.50,Neutral,Neutral,Buy,Buy,Sell,Sell,50.46,-4.50,5.96,-75.89,28.27,26.75,long_lower_shadow_bullish,358.65,-0.58,0.07,240.00,-0.90,46849.00,-95.89,0.00,0.00,0.00,6.67,19.70,0.38,4.39,7.89,21.64,23.52,60.30,90491268690.32,5.15,18.08,15.34,364.49,357.66,344.29,332.83,336.77,404.63,445.00,339.00,412.00,19.08,3.80,3.40,17921008655.00,4275112421.00,4090656165.00
[object Object],FDX,FedEx Corporation,NYSE,317.38,stock,common,100.00,1.00,false,0.00,USD,0.48,64813.00,0.04,75086137561.42,USD,17.12,18.54,9.93,1.76,Transportation,america,Transportation,Buy,Buy,0.48,2.05,1.48,4.21,8.25,36.41,72.30,43.30,141.30,41251.82,1.69,2.40,Buy,Buy,StrongBuy,Strong buy,Buy,Buy,53.60,2.42,-2.20,74.40,60.93,52.39,0.00,316.00,0.04,1.29,290.00,-0.26,64813.00,-96.62,0.00,0.00,0.00,33.68,17.12,1.72,0.80,2.41,8.57,14.95,5.65,104482137561.42,1.10,15.78,9.51,311.45,313.39,319.84,310.53,279.14,368.13,479.00,269.76,362.50,17.75,4.62,3.31,92070420226.00,22700356658.00,23211645093.00
[object Object],CL,Colgate-Palmolive Company,NYSE,92.64,stock,common,100.00,1.00,false,0.00,USD,-0.39,198698.00,0.04,73850087314.41,USD,36.65,2.53,-28.95,2.26,Consumer non-durables,america,Consumer Non-Durables,Buy,Buy,-0.39,1.97,-1.39,5.67,-1.92,17.37,9.53,17.61,24.38,9920.88,2.95,2.52,Buy,Buy,StrongBuy,Strong buy,Neutral,Neutral,52.63,1.89,-0.00,32.18,58.95,52.02,0.00,92.56,-0.47,0.00,837.00,-0.88,198698.00,-95.76,0.00,0.00,0.00,5.70,36.65,0.00,3.54,312.92,16.67,19.25,51.12,80584087314.41,3.83,17.53,15.38,92.24,92.29,91.06,88.60,86.39,99.53,110.00,87.00,101.00,3.87,0.95,0.93,21422400349.00,5356298279.00,5340966786.00
[object Object],CI,Cigna Group,NYSE,277.44,stock,common,100.00,1.00,false,0.00,USD,0.79,394287.00,0.17,73309565623.23,USD,11.47,24.18,32.04,2.23,Health services,america,Health Services,Buy,Buy,0.79,-2.69,-3.48,-2.88,-2.22,0.28,2.75,32.61,116.51,4678.88,2.58,3.10,Sell,Sell,StrongSell,Strong sell,Neutral,Neutral,44.39,-12.13,-11.15,-94.56,27.14,19.70,0.00,274.70,-0.20,-0.06,403.00,-0.28,394287.00,-86.76,0.00,0.00,0.00,2.12,11.47,0.36,0.26,1.72,7.13,8.04,0.00,105477565623.23,0.37,0.00,0.00,283.46,286.21,285.71,281.77,279.36,341.17,400.00,297.00,340.00,30.49,7.60,7.52,287103834214.00,70142525071.00,72524275590.00
[object Object],COHR,Coherent Corp.,NYSE,374.04,stock,common,100.00,1.00,false,0.00,USD,11.91,3067371.00,0.50,73176934513.54,USD,178.57,2.09,0.00,0.00,Electronic technology,america,Electronic Technology,Buy,Buy,11.91,35.57,19.83,14.76,72.74,98.96,234.09,445.01,1713.97,91971.38,11.30,8.99,StrongBuy,Strong buy,StrongBuy,Strong buy,Buy,Buy,62.89,91.65,3.61,180.19,87.87,84.33,0.00,358.85,7.37,3.56,225773.00,7.72,3067371.00,-49.19,0.00,0.00,0.00,186.28,178.57,0.00,9.94,6.85,523.36,0.00,29.86,74480989513.54,11.28,89.14,55.81,289.70,312.21,342.87,329.07,260.33,395.09,465.00,230.00,402.50,5.48,1.40,1.62,7074473716.00,1781709456.00,1984608374.00
[object Object],URI,"United Rentals, Inc.",NYSE,1169.53,stock,common,100.00,1.00,false,0.00,USD,0.59,27591.00,0.06,72794460138.05,USD,28.10,41.62,7.66,0.65,Finance,america,Finance,Buy,Buy,0.59,8.65,11.78,23.59,35.98,44.28,34.06,252.97,1362.64,7965.72,2.42,3.37,Buy,Buy,StrongBuy,Strong buy,Buy,Buy,63.19,27.94,49.48,125.29,92.93,87.73,0.00,0.00,0.00,0.00,0.00,0.20,27591.00,-94.16,0.00,0.00,0.00,19.66,28.10,3.65,4.33,7.90,12.76,115.90,654.00,88067460138.05,5.23,20.79,11.82,1118.25,1094.65,1081.22,964.94,907.15,1274.15,1550.00,950.00,1320.00,49.22,11.54,13.86,17707244224.00,4211721380.00,4694135721.00
[object Object],MRK,Merck KGaA,XETR,144.95,stock,common,100.00,5.00,false,0.00,EUR,-0.14,111627.00,0.43,72701684882.04,USD,24.89,6.73,-10.15,1.52,Health technology,germany,Health Technology,Buy,Buy,-0.14,1.05,2.98,27.48,19.01,17.27,38.18,-19.74,47.76,636.65,2.51,2.40,Buy,Buy,StrongBuy,Strong buy,Neutral,Neutral,59.98,5.80,3.35,88.48,82.86,87.38,spinning_top_black,145.25,0.07,0.07,200.00,0.03,111627.00,-72.31,0.00,0.00,0.00,27.82,24.89,0.00,3.01,2.12,15.03,23.84,22.98,83498416322.04,3.45,17.77,11.31,144.10,141.77,139.40,126.98,123.47,171.90,206.21,139.39,173.96,9.55,2.31,2.35,24952594128.48,6041765524.85,6165709996.21
[object Object],HLT,Hilton Worldwide Holdings Inc.,NYSE,321.39,stock,common,100.00,1.00,false,0.00,USD,-0.18,81406.00,0.04,72333614179.04,USD,47.22,6.81,4.54,0.19,Consumer services,america,Consumer Services,Buy,Buy,-0.18,-0.38,-4.78,-0.10,3.99,12.03,21.55,155.09,559.28,635.43,2.27,2.57,Sell,Sell,Sell,Sell,Neutral,Neutral,46.16,-3.58,-9.96,-27.32,50.17,37.00,0.00,0.00,0.00,0.00,0.00,0.07,81406.00,-91.41,0.00,0.00,0.00,14.29,47.22,10.42,5.91,0.00,34.90,36.27,69.17,85325614179.04,6.83,29.27,27.46,321.19,326.76,332.43,324.69,307.27,355.00,394.00,312.00,360.00,9.04,2.27,2.37,13036269092.00,3323142675.00,3371683740.00
[object Object],SPG,"Simon Property Group, Inc.",NYSE,221.88,stock,common,100.00,1.00,false,0.00,USD,0.02,56785.00,0.04,71953294720.82,USD,40.60,5.47,-18.35,3.97,Finance,america,Finance,Buy,Buy,0.02,-4.09,-1.91,9.72,10.95,20.28,31.46,65.12,1.00,948.92,1.80,1.93,Neutral,Neutral,Neutral,Neutral,Sell,Sell,44.25,-7.90,-0.19,-113.61,10.77,17.20,long_lower_shadow_bullish,224.99,1.42,1.42,633.00,-0.03,56785.00,-95.92,0.00,0.00,0.00,39.88,40.60,0.00,10.84,14.93,16.21,20.27,132.80,101910982720.82,15.33,31.76,21.38,228.74,226.01,220.31,208.88,198.05,231.11,285.00,194.00,221.00,6.70,1.46,1.64,6657536834.00,1542723837.00,1612095804.00
[object Object],BSX,Boston Scientific Corporation,NYSE,49.63,stock,common,100.00,1.00,false,0.00,USD,0.66,1248881.00,0.05,71918012436.67,USD,20.12,2.47,46.77,0.00,Health technology,america,Health Technology,StrongBuy,Strong buy,0.66,8.26,11.02,-11.90,-35.75,-48.16,-51.98,11.02,105.40,1067.65,2.90,3.53,Neutral,Neutral,Buy,Buy,Sell,Sell,65.67,5.38,3.73,146.45,85.60,87.19,0.00,49.32,0.04,0.06,18682.00,0.41,1248881.00,-94.16,0.00,0.00,0.00,-56.60,20.12,0.43,3.46,2.88,16.16,20.19,112.94,84136012436.67,4.01,18.38,14.04,47.45,45.14,45.90,53.45,71.94,61.41,85.00,44.00,60.00,3.30,0.84,0.81,21349189201.00,5375000163.00,5256220365.00
[object Object],DLR,"Digital Realty Trust, Inc.",NYSE,194.03,stock,common,100.00,1.00,false,0.00,USD,0.77,45708.00,0.01,71799971963.01,USD,94.38,2.06,-46.12,2.53,Finance,america,Finance,StrongBuy,Strong buy,0.77,-0.45,11.20,-0.60,15.76,25.48,14.27,23.81,92.42,1516.96,2.53,3.21,Buy,Buy,StrongBuy,Strong buy,Neutral,Neutral,57.82,-5.05,7.63,66.54,59.72,60.83,spinning_top_white,0.00,0.00,0.00,0.00,0.72,45708.00,-97.98,0.00,0.00,0.00,19.03,94.38,0.00,10.17,2.69,23.64,0.00,37.62,92623639963.01,13.52,70.68,28.00,192.55,183.66,185.28,187.66,176.63,222.72,250.00,197.00,223.00,2.63,0.48,0.51,7055735573.00,1657575075.00,1742843994.00
[object Object],DHL,Deutsche Post AG,XETR,55.30,stock,common,100.00,2.00,false,0.00,EUR,0.00,490018.00,0.30,71303301988.15,USD,16.92,3.73,10.78,3.44,Transportation,germany,Transportation,Buy,Buy,0.00,-4.92,-2.61,17.94,11.42,18.80,41.76,-4.16,101.86,156.49,2.28,1.86,Neutral,Neutral,Neutral,Neutral,Neutral,Neutral,45.07,-1.74,0.82,-217.62,12.48,31.42,0.00,55.22,-0.14,-0.14,53.00,0.87,490018.00,-74.16,0.00,0.00,0.00,40.15,16.92,1.57,0.73,2.76,6.85,10.03,14.46,99192554168.15,1.02,13.07,7.49,56.85,56.32,54.57,51.03,48.49,64.21,75.09,51.99,65.85,4.08,1.05,0.93,101998354120.25,24018391083.54,24977555937.16
[object Object],DBK,Deutsche Bank Aktiengesellschaft,XETR,32.99,stock,common,1000.00,5.00,false,0.00,EUR,0.81,2294092.00,0.47,70622344432.67,USD,9.98,3.77,18.59,3.06,Finance,germany,Finance,Buy,Buy,0.81,2.56,3.64,22.43,7.06,-0.36,10.59,205.46,221.76,67.91,1.71,2.32,Buy,Buy,StrongBuy,Strong buy,Sell,Sell,65.84,2.40,1.45,143.27,90.28,91.10,0.00,32.76,0.09,0.08,357.00,0.32,2294092.00,-54.01,0.00,0.00,0.00,5.29,9.98,0.53,1.91,0.90,0.00,0.00,0.00,95964480392.67,1.39,0.00,0.00,32.04,31.34,30.43,28.71,29.91,40.83,47.36,35.81,41.59,3.90,0.84,0.98,38959885426.53,9295052888.50,9473218928.42
[object Object],EOG,"EOG Resources, Inc.",NYSE,133.96,stock,common,100.00,1.00,false,0.00,USD,-1.64,197098.00,0.06,70265926682.76,USD,10.42,12.85,25.00,3.00,Energy minerals,america,Energy Minerals,Buy,Buy,-1.64,-8.77,-1.95,2.63,18.78,27.58,14.34,92.47,47.26,5258.40,2.99,2.59,Sell,Sell,StrongSell,Strong sell,Sell,Sell,42.08,-12.43,1.71,-146.81,6.34,24.12,0.00,135.89,-0.23,-0.38,1000.00,-1.40,197098.00,-95.36,0.00,0.00,0.00,10.66,10.42,0.42,2.70,2.21,5.30,10.70,14.44,73608926682.76,2.76,7.85,5.13,141.37,138.34,137.35,137.69,124.74,160.18,196.00,127.00,157.00,16.60,4.97,4.10,27835003184.00,8044916167.00,6816601501.00
[object Object],PCAR,PACCAR Inc,NASDAQ,132.59,stock,common,100.00,1.00,false,0.00,USD,0.41,152617.00,0.03,69793356496.92,USD,27.91,4.75,-18.59,1.01,Producer manufacturing,america,Producer Manufacturing,Neutral,Neutral,0.41,-2.65,7.23,15.84,3.90,20.77,35.38,148.86,241.80,26952.03,2.94,2.97,Buy,Buy,StrongBuy,Strong buy,Sell,Sell,57.43,0.35,6.80,30.49,55.92,61.92,0.00,131.75,-0.23,-0.05,200.00,-0.23,152617.00,-94.24,0.00,0.00,0.00,39.25,27.91,0.00,2.51,3.43,16.10,23.61,7.92,75655456496.92,2.72,26.24,20.38,133.80,127.62,123.29,120.42,116.87,142.00,164.00,119.00,139.50,5.91,1.36,1.60,28801123411.00,7052263787.00,7514300000.00
[object Object],LITE,"Lumentum Holdings, Inc.",NASDAQ,896.99,stock,common,100.00,1.00,false,0.00,USD,7.03,1779073.00,0.37,69785824534.51,USD,166.48,5.39,0.00,0.00,Producer manufacturing,america,Producer Manufacturing,StrongBuy,Strong buy,7.03,19.92,30.21,-2.18,66.11,136.44,708.10,1000.74,2747.59,4722.53,9.92,9.58,StrongBuy,Strong buy,StrongBuy,Strong buy,Buy,Buy,59.51,134.00,50.07,137.40,82.55,79.01,0.00,870.00,3.81,4.05,150751.00,3.81,1779073.00,-57.03,0.00,0.00,0.00,567.55,166.48,0.00,32.40,21.63,190.74,756.93,27.20,69927224534.51,28.10,275.96,137.71,756.41,771.62,818.11,838.15,618.09,1122.30,1400.00,800.00,1119.00,8.23,2.27,2.97,3000576673.00,810212033.00,987695457.00
[object Object],TDG,TransDigm Group Incorporated,NYSE,1245.83,stock,common,100.00,1.00,false,0.00,USD,-1.29,25406.00,0.05,68865148453.11,USD,37.78,32.98,9.48,0.00,Electronic technology,america,Electronic Technology,Buy,Buy,-1.29,-0.32,-4.96,0.25,-2.13,-6.26,-11.12,99.01,342.35,5101.80,4.24,3.07,Sell,Sell,StrongSell,Strong sell,Neutral,Neutral,47.08,9.12,-7.30,16.14,37.16,44.66,0.00,1270.17,0.64,1.05,60.00,0.86,25406.00,-95.40,0.00,0.00,0.00,-18.93,37.78,4.04,6.97,0.00,0.00,0.00,0.00,68955148453.11,6.89,14.76,13.54,1268.63,1268.89,1268.32,1230.76,1280.60,1507.39,1972.00,1200.00,1462.50,40.84,10.30,11.99,10477965688.00,2677515626.00,2924170863.00
[object Object],KMI,Kinder Morgan Inc Class P,NYSE,30.88,stock,common,100.00,1.00,false,0.00,USD,-1.29,438564.00,0.04,68752513319.41,USD,19.92,1.55,27.19,3.76,Industrial services,america,Industrial Services,Buy,Buy,-1.29,-2.14,-5.15,-2.11,1.53,12.31,14.82,81.51,50.46,-2.60,1.87,2.24,Sell,Sell,StrongSell,Strong sell,Neutral,Neutral,37.98,-1.98,-0.92,-149.01,15.96,18.55,0.00,31.15,-0.42,0.03,412.00,-0.70,438564.00,-94.58,0.00,0.00,0.00,13.62,19.92,0.74,3.89,2.17,9.97,18.89,577.28,102129513319.41,5.71,19.27,13.13,31.51,32.08,31.93,32.32,30.55,36.22,43.00,32.00,36.00,1.51,0.32,0.31,18239638951.00,4224256330.00,4386582812.00
[object Object],MPWR,"Monolithic Power Systems, Inc.",NASDAQ,1392.61,stock,common,100.00,1.00,false,0.00,USD,2.47,54347.00,0.05,68437033184.91,USD,85.34,16.32,-57.51,0.52,Electronic technology,america,Electronic Technology,Buy,Buy,2.47,-7.10,10.15,-13.43,11.41,50.13,70.60,201.57,1802.47,15270.97,6.14,5.71,Buy,Buy,StrongBuy,Strong buy,Buy,Buy,52.56,58.80,9.43,92.19,38.90,35.13,0.00,1384.01,1.83,0.42,1676.00,1.98,54347.00,-91.37,0.00,0.00,0.00,81.56,85.34,0.00,20.45,17.57,83.42,117.16,48.52,67042206184.91,20.48,71.31,67.02,1338.86,1338.59,1421.54,1410.43,1219.52,1844.50,2100.00,1575.00,1835.00,27.15,5.87,7.62,4115252714.00,903302500.00,1140595286.00
[object Object],HPE,Hewlett Packard Enterprise Co.,NYSE,51.67,stock,common,100.00,1.00,false,0.00,USD,-1.45,2212334.00,0.13,68421594788.83,USD,48.59,1.06,9.86,1.06,Electronic technology,america,Electronic Technology,Buy,Buy,-1.45,5.45,19.30,72.23,123.87,112.81,152.54,247.71,307.12,380.62,6.75,6.25,Buy,Buy,StrongBuy,Strong buy,Neutral,Neutral,60.02,3.98,4.33,142.62,80.67,85.89,0.00,53.88,2.77,0.19,98697.00,2.00,2212334.00,-87.32,0.00,0.00,0.00,120.65,48.59,5.00,1.93,2.70,11.64,18.55,13.82,84374594788.83,2.17,35.23,14.78,49.32,47.01,47.55,37.71,30.16,68.82,80.00,52.00,69.00,3.42,0.53,0.92,44968907587.00,9779086701.00,11927315989.00
[object Object],NDA_FI,Nordea Bank Abp,OMXHEX,17.52,stock,common,1000.00,5.00,false,0.00,EUR,0.11,1653333.00,0.42,68413525234.45,USD,12.72,1.57,-0.41,5.48,Finance,finland,Finance,Buy,Buy,0.11,0.49,3.33,12.63,5.38,8.78,35.85,72.73,121.70,204.78,1.11,1.62,Buy,Buy,StrongBuy,Strong buy,Sell,Sell,58.29,0.25,0.55,70.75,64.37,73.76,0.00,0.00,0.00,0.00,0.00,-0.03,1653333.00,-56.96,0.00,0.00,0.00,33.38,12.72,0.00,3.26,1.91,2.89,2.89,0.00,317420344194.45,10.02,0.00,0.00,17.47,17.11,16.77,16.22,15.99,20.78,22.89,15.26,21.19,1.70,0.40,0.43,14178872498.31,3403572634.50,3507697765.47
[object Object],AEP,"American Electric Power Company, Inc.",NASDAQ,125.10,stock,common,100.00,1.00,false,0.00,USD,-0.13,319060.00,0.07,68104115889.53,USD,0.00,0.00,0.00,3.02,Utilities,america,Utilities,Buy,Buy,-0.13,-2.27,-9.11,-4.66,3.21,8.37,10.07,40.91,85.50,242.74,2.31,2.17,StrongSell,Strong sell,StrongSell,Strong sell,Sell,Sell,33.02,-10.44,-6.58,-141.89,10.47,14.60,long_lower_shadow_bullish,125.00,-0.21,0.16,1857.00,-0.22,319060.00,-89.67,0.00,0.00,0.00,24.05,0.00,0.00,3.00,0.00,0.00,0.00,0.00,68104115889.53,3.00,0.00,0.00,128.51,132.81,131.29,131.63,126.48,145.05,173.00,129.00,145.00,6.37,1.48,2.01,23447193916.00,5342906305.00,6555394786.00
[object Object],ACA,Credit Agricole SA,EURONEXT,19.55,stock,common,1000.00,5.00,false,0.00,EUR,0.49,893955.00,0.19,67810313937.51,USD,9.38,2.38,-10.42,5.81,Finance,france,Finance,Neutral,Neutral,0.49,0.57,11.77,15.57,10.36,11.74,19.82,63.20,150.32,18.93,1.19,1.53,Buy,Buy,StrongBuy,Strong buy,Neutral,Neutral,73.95,1.05,1.31,110.93,84.17,82.83,0.00,0.00,0.00,0.00,0.00,0.21,893955.00,-75.01,0.00,0.00,0.00,15.11,9.38,0.00,0.98,0.84,1.14,0.00,0.00,695021842837.51,6.25,0.00,0.00,19.09,18.20,17.72,17.28,17.24,23.80,29.98,20.87,23.06,2.67,0.00,0.00,33357923435.35,0.00,0.00
[object Object],ALL,Allstate Corporation,NYSE,266.86,stock,common,100.00,1.00,false,0.00,USD,-3.00,182701.00,0.12,67477670527.62,USD,5.33,50.07,135.47,1.51,Finance,america,Finance,Neutral,Neutral,-3.00,1.54,5.00,24.29,24.12,28.89,27.51,103.45,287.65,1694.02,2.37,2.41,Buy,Buy,StrongBuy,Strong buy,Sell,Sell,59.83,6.89,14.70,82.83,72.58,69.19,0.00,271.71,-1.24,-1.04,1817.00,-1.10,182701.00,-90.45,0.00,0.00,0.00,36.57,5.33,0.04,1.02,2.14,5.55,5.64,0.00,76950670527.62,1.10,0.00,0.00,266.93,254.76,240.37,226.64,215.63,266.23,334.00,211.00,261.50,33.02,6.06,6.32,61418226100.00,15458284489.00,15908576989.00
[object Object],RSG,"Republic Services, Inc.",NYSE,218.25,stock,common,100.00,1.00,false,0.00,USD,4.13,407114.00,0.28,67146148807.55,USD,31.29,6.98,5.16,1.19,Industrial services,america,Industrial Services,Buy,Buy,4.13,4.31,-2.27,6.80,-0.22,3.65,-7.52,84.17,326.26,1196.50,1.99,2.22,StrongBuy,Strong buy,StrongBuy,Strong buy,Neutral,Neutral,55.71,1.34,-6.25,1.75,36.94,19.73,0.00,216.04,3.08,0.42,6873.00,1.99,407114.00,-71.68,0.00,0.00,0.00,-13.23,31.29,5.82,3.88,5.61,15.01,26.02,572.01,81116148807.55,4.86,24.24,15.29,212.65,216.39,212.72,212.18,214.23,247.70,270.00,220.00,250.00,7.27,1.81,1.93,17249791414.00,4363233696.00,4389649236.00
[object Object],TGT,Target Corporation,NYSE,146.94,stock,common,100.00,1.00,false,0.00,USD,-0.10,201112.00,0.06,66738845706.79,USD,19.39,7.58,-16.70,3.10,Retail trade,america,Retail Trade,Neutral,Neutral,-0.10,1.32,13.03,14.92,31.70,50.08,37.97,-43.51,95.92,19980.24,1.77,2.65,Buy,Buy,StrongBuy,Strong buy,Neutral,Neutral,63.77,10.16,9.71,78.04,83.85,86.77,0.00,146.55,-0.36,-0.31,1942.00,-0.69,201112.00,-91.96,0.00,0.00,0.00,38.36,19.39,0.00,0.63,4.07,9.56,22.10,18.95,82411845706.79,0.77,16.69,10.18,145.86,138.39,134.83,129.07,115.74,140.19,197.00,92.00,135.00,8.45,1.47,2.29,109009258598.00,24659185145.00,26074684015.00
[object Object],WBD,"Warner Bros. Discovery, Inc. Series A",NASDAQ,26.61,stock,common,100.00,1.00,false,0.00,USD,0.78,1428446.00,0.06,66702371438.92,USD,0.00,-0.70,84.13,0.00,Consumer services,america,Consumer Services,Neutral,Neutral,0.78,4.74,0.78,-1.79,-1.10,-7.59,102.32,-8.35,0.43,292.84,1.89,2.37,Buy,Buy,StrongBuy,Strong buy,Buy,Buy,54.86,0.84,-0.27,34.70,67.30,47.07,0.00,26.28,-0.45,-0.42,52600.00,-0.30,1428446.00,-94.49,0.00,0.00,0.00,97.67,0.00,0.00,1.77,2.05,18.63,28.70,20.08,97261371438.92,2.61,46.40,13.04,25.92,26.33,26.51,26.87,26.67,29.86,31.00,26.00,31.00,-1.29,-0.14,-0.02,36447748089.00,9251346384.00,8785547847.00
[object Object],APD,"Air Products and Chemicals, Inc.",NYSE,299.43,stock,common,100.00,1.00,false,0.00,USD,-0.16,32515.00,0.03,66678731716.62,USD,0.00,-0.22,-103.09,2.40,Process industries,america,Process Industries,Buy,Buy,-0.16,-0.05,-1.41,1.24,5.94,22.08,2.54,3.14,116.35,27809.88,1.84,2.34,Buy,Buy,StrongBuy,Strong buy,Sell,Sell,55.38,1.56,0.21,47.22,43.96,35.14,0.00,300.00,0.03,0.00,287.00,-0.89,32515.00,-95.24,0.00,0.00,0.00,-0.74,0.00,0.00,5.30,4.80,14.60,0.00,68.04,86568131716.62,6.87,28.28,18.80,295.69,296.53,290.19,292.41,277.23,344.42,365.00,314.00,350.00,13.41,3.34,3.61,12760966540.00,3202007920.00,3313479098.00
[object Object],CRH,CRH public limited company,NYSE,99.09,stock,common,100.00,1.00,false,0.00,USD,1.46,550471.00,0.11,65923042077.03,USD,17.47,5.67,18.53,1.56,Non-energy minerals,america,Non-Energy Minerals,StrongBuy,Strong buy,1.46,4.18,-3.70,-12.89,-20.02,-21.04,-6.63,95.52,224.78,2857.91,2.73,3.18,Sell,Sell,StrongSell,Strong sell,Neutral,Neutral,45.09,-0.78,-5.29,-58.11,44.70,43.03,engulfing_bullish,98.97,1.34,0.14,421.00,-0.13,550471.00,-90.34,0.00,0.00,0.00,5.63,17.47,0.93,1.69,2.60,11.82,22.70,21.50,84153042077.15,2.18,15.51,10.93,99.12,102.49,104.54,107.04,113.50,140.38,165.00,120.00,142.50,5.92,2.02,2.30,39698410735.00,10683007841.00,11607446972.00
[object Object],STAN,Standard Chartered PLC,LSE,2222.00,stock,common,1.00,1.00,false,0.00,GBX,1.23,2024102.00,0.28,64186662888.58,USD,14.21,2.07,11.73,2.09,Finance,uk,Finance,Buy,Buy,1.23,0.18,4.96,18.84,18.91,21.64,59.83,385.56,259.86,675.41,3.36,2.79,Buy,Buy,StrongBuy,Strong buy,Neutral,Neutral,60.22,83.00,90.64,101.79,72.29,76.76,0.00,0.00,0.00,0.00,0.00,-0.18,2024102.00,-20.78,0.00,0.00,0.00,44.22,14.21,1.20,3.36,1.44,0.00,0.00,0.00,121740648347.41,3.27,0.00,0.00,2187.00,2132.97,2073.13,1920.75,1821.25,30.44,35.35,22.92,30.67,2.41,0.66,0.58,22383494473.32,5592779941.00,5541887141.00
[object Object],TFC,Truist Financial Corporation,NYSE,52.44,stock,common,100.00,1.00,false,0.00,USD,-0.29,384609.00,0.05,64062079199.36,USD,12.04,4.36,18.37,3.96,Finance,america,Finance,Neutral,Neutral,-0.29,0.71,3.53,5.92,-5.82,6.47,20.75,-7.04,37.64,1561.83,1.66,2.06,Buy,Buy,StrongBuy,Strong buy,Sell,Sell,55.59,0.68,0.98,18.29,66.10,60.83,0.00,52.25,-0.65,0.13,814.00,-0.70,384609.00,-93.77,0.00,0.00,0.00,14.46,12.04,0.66,3.11,1.09,12.69,12.69,0.00,135833079199.36,4.44,0.00,0.00,52.37,51.72,50.63,49.43,48.99,54.69,61.00,45.00,55.00,4.63,1.08,1.12,21208987289.00,5235761235.00,5343884357.00
[object Object],AJG,Arthur J. Gallagher & Co.,NYSE,248.34,stock,common,100.00,1.00,false,0.00,USD,-1.35,39370.00,0.03,63649540357.49,USD,41.09,6.04,-8.90,1.07,Finance,america,Finance,Buy,Buy,-1.35,0.98,-1.99,23.62,1.67,-3.41,-13.33,78.34,403.63,13369.29,2.66,3.23,Neutral,Neutral,Buy,Buy,Sell,Sell,51.09,0.57,3.82,-55.30,32.74,30.97,spinning_top_white,249.00,-1.09,0.00,700.00,-1.50,39370.00,-96.94,0.00,0.00,0.00,-7.81,41.09,0.00,4.13,2.68,26.21,28.09,46.35,76399540357.49,4.85,28.39,18.98,254.04,249.67,235.00,223.12,234.06,293.06,388.00,255.00,289.50,13.25,2.81,3.08,16734960100.00,4005692614.00,4084822258.00
[object Object],AFL,Aflac Incorporated,NYSE,124.48,stock,common,100.00,1.00,false,0.00,USD,-1.72,339637.00,0.17,63358441412.43,USD,14.13,8.81,37.55,1.88,Finance,america,Finance,Neutral,Neutral,-1.72,-1.60,2.03,9.53,5.67,13.02,21.48,121.73,240.02,165873.33,1.66,1.63,Neutral,Neutral,Buy,Buy,Sell,Sell,51.49,-1.12,3.09,-3.78,40.30,45.49,engulfing_bearish,0.00,0.00,0.00,0.00,0.00,339637.00,-84.80,0.00,0.00,0.00,20.97,14.13,0.38,3.60,2.12,21.84,21.84,0.00,71266441412.43,3.93,0.00,0.00,126.82,123.59,120.52,116.71,113.75,117.79,137.00,99.00,118.00,7.02,1.76,1.80,16768774546.00,4106599594.00,4069450397.00
[object Object],MET,"MetLife, Inc.",NYSE,98.28,stock,common,100.00,1.00,false,0.00,USD,-1.67,204373.00,0.04,63236963586.95,USD,18.81,5.23,-11.44,2.30,Finance,america,Finance,Buy,Buy,-1.67,1.20,7.23,24.33,29.59,24.50,36.31,63.26,166.26,660.59,1.97,1.93,Buy,Buy,StrongBuy,Strong buy,Neutral,Neutral,66.15,3.45,5.08,124.22,79.44,78.40,0.00,99.10,-0.85,0.04,200.00,-0.46,204373.00,-95.17,0.00,0.00,0.00,20.29,18.81,0.00,0.81,2.28,0.00,0.00,0.00,83890963586.95,1.06,0.00,0.00,96.98,93.04,89.86,82.96,80.16,102.13,119.00,80.00,103.00,9.90,2.30,2.54,80259639659.00,19665219853.00,20093398985.00
[object Object],GLE,Societe Generale SA Class A,EURONEXT,84.19,stock,common,100.00,1.00,false,0.00,EUR,-0.05,451458.00,0.28,62740409995.26,USD,11.06,8.69,20.72,1.91,Finance,france,Finance,Buy,Buy,-0.05,3.47,12.84,23.16,15.52,23.45,50.77,211.18,179.61,193.20,1.47,2.45,Buy,Buy,StrongBuy,Strong buy,Sell,Sell,69.41,7.02,6.01,123.32,95.75,95.49,0.00,0.00,0.00,0.00,0.00,0.17,451458.00,-63.74,0.00,0.00,0.00,41.51,11.06,0.53,1.42,1.03,0.00,0.00,0.00,290830001815.26,3.37,0.00,0.00,81.25,77.69,76.18,72.19,69.00,100.41,110.59,84.59,99.65,9.30,0.00,0.00,32733088423.45,0.00,0.00
[object Object],HO,Thales SA,EURONEXT,265.50,stock,common,10.00,1.00,false,0.00,EUR,0.34,86934.00,0.32,62647216058.62,USD,36.55,8.30,119.01,1.47,Electronic technology,france,Electronic Technology,Buy,Buy,0.34,8.06,11.55,12.74,7.45,15.94,12.31,199.12,227.05,856.76,2.54,2.68,Buy,Buy,StrongBuy,Strong buy,Neutral,Neutral,74.15,29.10,26.39,129.34,90.37,93.01,"doji_star_bearish,long_upper_shadow_bearish",0.00,0.00,0.00,0.00,0.34,86934.00,-67.59,0.00,0.00,0.00,5.68,36.55,0.31,2.39,6.81,11.67,13.85,10.82,63258477870.62,2.43,22.90,15.77,253.53,236.88,233.80,238.21,241.58,339.29,385.98,288.05,341.05,12.52,5.33,6.54,27960139863.42,12481836699.32,14462017856.34
[object Object],NKE,"NIKE, Inc. Class B",NYSE,42.06,stock,common,100.00,1.00,false,0.00,USD,0.14,1467748.00,0.07,62395955906.83,USD,20.05,2.10,-2.83,3.88,Consumer non-durables,america,Consumer Non-Durables,Neutral,Neutral,0.14,0.10,-1.50,-4.97,-33.25,-34.28,-44.89,-75.62,-25.07,23307.27,2.21,2.93,Sell,Sell,StrongSell,Strong sell,Sell,Sell,46.81,0.36,-0.50,-53.00,42.80,37.41,"tweezer_bottom_bullish,spinning_top_white",42.04,0.10,0.00,86261.00,0.05,1467748.00,-91.91,0.00,0.00,0.00,-44.84,20.05,0.00,1.34,4.20,21.75,28.56,6.91,64401955906.83,1.39,15.82,13.37,42.31,42.64,43.27,44.64,53.93,49.71,75.00,23.00,47.00,1.73,0.12,0.45,45696155425.00,10849541206.00,11381053478.00
[object Object],RHM,Rheinmetall AG,XETR,1130.00,stock,common,10.00,2.00,false,0.00,EUR,-2.50,195244.00,0.77,62294305515.68,USD,72.47,18.02,-6.42,0.99,Electronic technology,germany,Electronic Technology,StrongBuy,Strong buy,-2.50,-1.69,1.86,-14.32,-28.30,-28.09,-33.80,1239.50,1665.63,5369.51,5.53,4.72,Neutral,Neutral,Neutral,Neutral,Neutral,Neutral,54.61,92.40,129.46,73.17,71.86,82.36,0.00,1161.20,0.19,0.26,840.00,0.00,195244.00,-60.91,0.00,0.00,0.00,-36.22,72.47,0.00,5.65,9.84,30.80,62.63,39.68,64031551675.68,5.79,33.81,27.27,1143.58,1063.11,1099.32,1238.36,1455.89,1918.21,2649.65,1152.02,1941.15,43.91,6.92,7.86,16415397979.84,3706290445.45,3663508273.47
[object Object],TEL,TE Connectivity plc,NYSE,214.88,stock,common,100.00,1.00,false,0.00,USD,-0.09,86477.00,0.03,62210599977.68,USD,21.06,10.20,110.63,1.35,Electronic technology,america,Electronic Technology,Buy,Buy,-0.09,2.09,10.60,1.17,0.65,-6.74,6.46,43.99,262.91,480.76,2.76,3.55,Buy,Buy,StrongBuy,Strong buy,Sell,Sell,58.53,11.94,9.32,114.52,85.75,87.01,0.00,219.38,2.00,2.00,1000.00,-0.19,86477.00,-94.12,0.00,0.00,0.00,0.38,21.06,0.19,3.26,4.70,14.25,18.99,50.82,66750599977.68,3.45,16.27,13.08,211.09,204.05,206.74,209.60,219.46,251.56,338.00,209.00,237.50,11.44,2.85,3.06,19831422147.00,5012693373.00,5259494038.00
[object Object],COR,"Cencora, Inc.",NYSE,324.12,stock,common,100.00,1.00,false,0.00,USD,-0.27,97260.00,0.06,61850907101.63,USD,24.10,13.45,38.37,0.72,Distribution services,america,Distribution Services,Buy,Buy,-0.27,3.04,7.18,27.56,-8.59,-3.87,15.27,168.67,261.30,11211.00,3.17,2.51,Buy,Buy,StrongBuy,Strong buy,Neutral,Neutral,66.05,14.23,14.08,175.66,80.97,64.09,long_upper_shadow_bearish,324.21,-0.25,0.00,1339.00,-0.31,97260.00,-96.69,0.00,0.00,0.00,10.71,24.10,0.63,0.19,20.27,13.04,15.48,21.94,70897324101.63,0.21,16.10,12.99,315.39,305.05,293.22,297.20,324.41,366.83,430.00,330.00,362.50,17.84,4.35,4.59,337115795008.00,84314550956.00,88064929705.00
[object Object],BKR,Baker Hughes Company Class A,NASDAQ,62.25,stock,common,100.00,1.00,false,0.00,USD,-0.80,330839.00,0.03,61793960998.86,USD,20.00,3.11,1.81,1.47,Industrial services,america,Industrial Services,Buy,Buy,-0.80,2.50,11.45,-2.14,7.72,36.15,41.61,201.16,87.97,377.47,2.31,2.95,Buy,Buy,StrongBuy,Strong buy,Sell,Sell,62.59,5.00,3.82,118.53,89.89,88.20,0.00,62.80,0.08,0.57,3730.00,-1.05,330839.00,-93.38,0.00,0.00,0.00,28.66,20.00,11.15,2.26,3.10,13.99,19.84,3.64,61166960998.86,2.21,17.03,12.51,60.74,57.63,59.40,61.52,56.93,71.32,85.00,51.00,72.50,2.57,0.51,0.60,28122387424.00,6537654025.00,7171023917.00
[object Object],NUE,Nucor Corporation,NYSE,269.90,stock,common,100.00,1.00,false,0.00,USD,-0.77,126642.00,0.07,61467282819.77,USD,21.54,12.53,126.26,0.82,Non-energy minerals,america,Non-Energy Minerals,Buy,Buy,-0.77,4.25,18.64,18.37,43.27,63.40,92.11,160.35,402.51,177050.88,3.01,3.11,Buy,Buy,StrongBuy,Strong buy,Neutral,Neutral,66.35,22.34,26.74,100.69,83.86,87.83,spinning_top_black,0.00,0.00,0.00,0.00,-0.37,126642.00,-89.86,0.00,0.00,0.00,87.39,21.54,0.17,1.72,0.00,13.94,38.96,22.91,67031282819.77,1.86,16.09,11.80,263.58,241.97,246.34,223.96,194.71,287.07,305.00,256.00,294.00,17.94,4.46,5.75,39878699062.00,10147011804.00,10701218075.00
[object Object],PSA,Public Storage,NYSE,328.69,stock,common,100.00,1.00,false,0.00,USD,0.52,25517.00,0.02,61292750619.41,USD,31.34,10.49,14.42,3.67,Finance,america,Finance,Buy,Buy,0.52,3.31,0.48,6.42,15.61,26.86,16.32,7.91,41.37,2227.01,1.79,2.48,Buy,Buy,StrongBuy,Strong buy,Neutral,Neutral,56.98,6.21,4.50,77.79,71.87,69.69,0.00,0.00,0.00,0.00,0.00,-0.18,25517.00,-97.43,0.00,0.00,0.00,20.05,31.34,2.16,11.80,11.93,18.29,20.28,223.20,75658561619.41,15.47,33.82,22.24,326.10,322.22,319.07,306.52,294.49,341.20,379.00,316.00,340.00,10.06,2.53,2.58,5074646462.00,1233984957.00,1311475639.00
[object Object],KBC,KBC Group N.V.,EURONEXT,128.20,stock,common,100.00,5.00,false,0.00,EUR,0.79,68506.00,0.19,61202981327.55,USD,14.19,10.32,3.62,2.81,Finance,belgium,Finance,Neutral,Neutral,0.79,4.27,6.83,12.16,7.87,15.18,30.82,82.73,174.61,244.62,1.84,1.73,Buy,Buy,StrongBuy,Strong buy,Neutral,Neutral,68.09,5.80,5.73,144.08,81.85,87.02,0.00,0.00,0.00,0.00,0.00,-0.04,68506.00,-85.66,0.00,0.00,0.00,34.39,14.19,3.88,3.56,1.99,0.00,0.00,0.00,111096967527.55,3.79,0.00,0.00,124.98,122.04,119.34,115.58,113.45,148.10,170.50,101.38,148.03,11.55,3.12,3.38,15929678665.81,3824113239.83,3976781874.84
[object Object],REL,RELX PLC,LSE,2651.00,stock,common,1.00,1.00,false,0.00,GBX,1.84,2068145.00,0.44,61090178623.47,USD,21.25,1.65,20.69,2.59,Commercial services,uk,Commercial Services,Buy,Buy,1.84,0.26,8.03,7.98,21.38,-12.22,-27.01,24.40,90.86,478.82,3.58,4.35,Buy,Buy,StrongBuy,Strong buy,Neutral,Neutral,54.87,83.00,163.54,25.32,52.45,55.79,0.00,0.00,0.00,0.00,0.00,0.27,2068145.00,-53.28,0.00,0.00,0.00,0.00,21.25,1.01,4.80,37.47,16.26,16.38,216.19,72797454223.47,5.65,17.62,14.18,2698.80,2522.40,2497.16,2517.04,2693.33,44.91,68.17,28.51,41.68,1.91,0.89,0.97,13563148594.90,6533755402.68,7022264157.60
[object Object],GWW,"W.W. Grainger, Inc.",NYSE,1280.96,stock,common,100.00,1.00,false,0.00,USD,-0.13,12533.00,0.04,60334418937.67,USD,34.30,37.34,-4.65,0.72,Distribution services,america,Distribution Services,Neutral,Neutral,-0.13,-5.60,-4.99,3.34,7.21,27.17,32.69,193.15,477.30,65748.53,2.82,2.58,Sell,Sell,Sell,Sell,Neutral,Neutral,35.68,-101.64,-55.22,-184.94,14.28,20.28,0.00,1304.00,1.67,0.05,135.00,-0.56,12533.00,-95.84,0.00,0.00,0.00,30.87,34.30,0.00,3.31,15.39,28.80,44.03,87.36,62833418937.67,3.42,22.42,20.55,1341.48,1358.28,1337.73,1247.46,1142.05,1304.62,1428.00,1100.00,1300.00,46.30,11.30,11.68,19608375702.00,4956557950.00,5049881340.00
[object Object],DAL,"Delta Air Lines, Inc.",NYSE,91.48,stock,common,100.00,1.00,false,0.00,USD,-0.54,326742.00,0.06,60159352940.08,USD,15.20,6.02,-12.69,0.85,Transportation,america,Transportation,StrongBuy,Strong buy,-0.54,3.93,5.40,24.58,29.80,30.97,68.01,128.59,144.21,302.11,2.03,2.73,Buy,Buy,StrongBuy,Strong buy,Neutral,Neutral,58.82,6.42,3.79,109.26,80.45,85.75,0.00,92.76,0.85,-0.30,30647.00,0.35,326742.00,-93.76,0.00,0.00,0.00,65.16,15.20,0.00,0.89,2.76,7.40,17.65,12.67,75392352940.08,1.10,13.67,9.38,89.93,88.56,86.21,77.76,71.70,107.93,125.00,95.00,105.00,6.65,1.49,2.21,66361640553.00,17546620902.00,17566860409.00
[object Object],FIX,"Comfort Systems USA, Inc.",NYSE,1700.54,stock,common,100.00,1.00,false,0.00,USD,-0.76,28692.00,0.05,59849362208.84,USD,41.84,40.65,108.89,0.15,Industrial services,america,Industrial Services,StrongBuy,Strong buy,-0.76,-4.34,3.06,-14.11,44.73,81.22,143.71,2137.55,5774.06,10528.38,5.12,5.85,Sell,Sell,Sell,Sell,Neutral,Neutral,46.54,-33.06,-33.31,-1.88,58.09,64.03,0.00,1762.00,2.82,2.12,357.00,2.75,28692.00,-92.68,0.00,0.00,0.00,135.91,41.84,0.39,5.45,18.61,23.54,27.81,31.45,58312877208.84,5.19,31.57,29.12,1700.22,1751.08,1806.63,1746.16,1420.72,2217.63,2500.00,1910.00,2198.50,48.97,10.45,12.79,12952938225.00,2989210050.00,3391369833.00
[object Object],NXPI,NXP Semiconductors NV,NASDAQ,237.10,stock,common,100.00,1.00,false,0.00,USD,2.30,195049.00,0.03,59788124228.67,USD,20.24,11.72,39.67,1.75,Electronic technology,america,Electronic Technology,Buy,Buy,2.30,-4.86,-12.76,-19.74,5.49,7.48,13.58,10.22,175.70,1723.85,3.46,4.41,Sell,Sell,StrongSell,Strong sell,Neutral,Neutral,38.10,-32.14,-38.86,-77.10,24.27,22.97,0.00,236.00,1.82,0.96,803.00,2.39,195049.00,-93.63,0.00,0.00,0.00,14.44,20.24,0.50,4.47,5.25,19.04,21.24,18.69,67904124228.73,5.15,17.95,14.88,240.39,265.24,282.43,263.38,241.77,313.29,400.00,190.00,312.00,15.08,3.52,4.11,14282550686.00,3465197409.00,3755651190.00
[object Object],TER,"Teradyne, Inc.",NASDAQ,380.23,stock,common,100.00,1.00,false,0.00,USD,-1.21,458125.00,0.10,59444661656.40,USD,52.17,7.29,152.83,0.13,Electronic technology,america,Electronic Technology,Buy,Buy,-1.21,-0.72,10.86,3.60,34.99,90.79,255.23,198.68,1790.73,36220.00,6.27,7.69,Buy,Buy,StrongBuy,Strong buy,Buy,Buy,52.61,30.31,6.16,94.84,77.34,81.64,0.00,395.01,2.63,1.48,12515.00,3.30,458125.00,-82.58,0.00,0.00,0.00,248.48,52.17,0.35,13.60,17.30,56.30,74.95,168.98,59226110656.40,13.27,42.98,39.23,363.19,369.69,382.50,364.00,295.55,455.92,550.00,390.00,450.00,9.21,2.09,2.08,5145478843.00,1219548062.00,1259579400.00
[object Object],GRMN,Garmin Ltd.,NYSE,307.32,stock,common,100.00,1.00,false,0.00,USD,1.81,37959.00,0.03,59268400919.33,USD,31.69,9.70,19.64,0.00,Electronic technology,america,Electronic Technology,Neutral,Neutral,1.81,3.95,26.10,26.44,53.25,50.89,31.74,85.68,456.85,3787.11,2.35,3.50,Buy,Buy,StrongBuy,Strong buy,Neutral,Neutral,76.86,64.29,49.38,99.31,91.90,93.08,0.00,304.98,1.03,1.03,200.00,0.98,37959.00,-94.80,0.00,0.00,0.00,6.20,31.69,1.58,7.61,6.57,30.05,37.17,22.30,56780167919.33,7.40,26.81,24.56,290.61,258.17,249.57,247.02,230.74,307.20,330.00,289.00,297.00,10.01,2.30,2.38,8103258110.00,1925932931.00,1986150000.00
[object Object],FAST,Fastenal Company,NASDAQ,51.22,stock,common,100.00,1.00,false,0.00,USD,0.83,635612.00,0.08,58774830320.64,USD,43.59,1.18,13.57,1.89,Distribution services,america,Distribution Services,Neutral,Neutral,0.83,10.13,8.75,15.39,6.93,27.22,8.10,85.55,376.69,162114.38,2.64,3.21,Buy,Buy,StrongBuy,Strong buy,Neutral,Neutral,70.21,4.20,2.46,171.70,96.06,94.09,0.00,51.00,0.39,1.04,645.00,-0.44,635612.00,-93.11,0.00,0.00,0.00,3.21,43.59,3.19,6.68,14.44,42.11,50.97,287.83,59011630320.64,6.74,33.24,30.19,48.77,47.33,46.75,45.87,44.44,48.75,55.00,42.00,47.50,1.26,0.33,0.33,9307234560.00,2338089163.00,2423734289.00
[object Object],ALAB,"Astera Labs, Inc.",NASDAQ,337.79,stock,common,100.00,1.00,false,0.00,USD,1.90,648823.00,0.11,58601291556.53,USD,166.32,2.03,256.13,0.00,Electronic technology,america,Electronic Technology,Buy,Buy,1.90,2.88,-11.27,67.22,121.61,96.75,93.02,542.67,542.67,542.67,10.64,9.98,Buy,Buy,StrongBuy,Strong buy,Buy,Buy,51.14,46.21,-27.15,61.80,68.67,71.83,0.00,340.01,2.57,1.81,55443.00,2.57,648823.00,-86.88,0.00,0.00,0.00,128.42,166.32,0.64,50.57,33.96,184.47,223.84,49.43,57392746556.53,47.75,209.89,201.10,307.38,351.91,357.89,269.77,211.92,391.01,500.00,177.29,425.00,3.93,0.69,1.17,1857551005.00,360851173.00,543354001.00
[object Object],O,Realty Income Corporation,NYSE,62.69,stock,common,100.00,1.00,false,0.00,USD,0.53,518886.00,0.10,58457954937.59,USD,45.89,1.37,33.29,5.19,Finance,america,Finance,Buy,Buy,0.53,-1.91,-2.06,1.00,-1.12,11.25,10.06,-8.25,-5.44,709.21,2.06,1.89,Sell,Sell,StrongSell,Strong sell,Neutral,Neutral,42.29,-2.91,-0.71,-126.38,9.72,11.14,0.00,62.33,-0.05,0.30,75483.00,-0.10,518886.00,-91.39,0.00,0.00,0.00,18.32,45.89,1.37,9.64,1.50,0.00,0.00,106.33,92398550937.59,15.23,33.69,17.48,63.92,63.94,62.80,62.71,61.43,67.96,72.00,61.50,68.00,1.56,0.40,0.41,5679877234.00,1404780527.00,1430491635.00
[object Object],D,Dominion Energy Inc,NYSE,66.38,stock,common,100.00,1.00,false,0.00,USD,-0.63,587849.00,0.16,58382934560.35,USD,23.08,2.88,-0.65,4.00,Utilities,america,Utilities,Neutral,Neutral,-0.63,-4.31,-4.99,7.31,5.38,12.68,9.11,-12.65,-11.58,505.17,2.23,1.94,Sell,Sell,StrongSell,Strong sell,Sell,Sell,33.26,-4.72,-1.73,-222.01,7.74,12.46,long_lower_shadow_bullish,66.62,-0.27,-0.15,3415.00,-0.57,587849.00,-93.15,0.00,0.00,0.00,24.07,23.08,0.00,3.18,2.09,10.87,0.00,159.55,117119934560.35,6.32,23.01,15.49,68.98,69.74,68.76,65.89,63.43,70.82,79.00,67.00,70.00,3.58,0.68,1.20,18250105146.00,4044009692.00,5099461509.00
[object Object],AME,"AMETEK, Inc.",NYSE,253.47,stock,common,100.00,1.00,false,0.00,USD,0.83,57857.00,0.04,58110849082.87,USD,37.05,6.84,10.33,0.52,Producer manufacturing,america,Producer Manufacturing,Buy,Buy,0.83,4.08,10.95,7.02,9.20,23.04,35.08,85.12,446.98,25970.80,2.64,2.35,Buy,Buy,StrongBuy,Strong buy,Neutral,Neutral,65.95,11.50,12.10,151.63,81.06,84.60,0.00,252.00,0.25,0.25,699.00,0.63,57857.00,-94.64,0.00,0.00,0.00,33.88,37.05,3.56,7.33,5.16,0.00,0.00,0.00,60421793082.87,7.68,29.05,24.17,245.90,239.40,235.64,230.85,220.88,280.76,316.00,245.00,282.00,8.30,1.99,2.09,8170302773.00,1954008474.00,2060072613.00
[object Object],KEYS,Keysight Technologies Inc,NYSE,339.23,stock,common,100.00,1.00,false,0.00,USD,0.67,36813.00,0.03,57972835059.16,USD,55.89,6.07,42.55,0.00,Electronic technology,america,Electronic Technology,Buy,Buy,0.67,5.22,10.15,-6.49,50.33,65.23,108.13,103.84,1083.22,1115.88,3.21,3.76,Buy,Buy,StrongBuy,Strong buy,Neutral,Neutral,56.97,20.56,6.55,141.50,86.16,86.03,long_upper_shadow_bearish,341.28,1.28,1.28,44.00,0.75,36813.00,-95.99,0.00,0.00,0.00,81.44,55.89,1.30,9.58,9.15,39.44,43.28,24.17,58303835059.16,9.58,43.22,34.28,322.27,323.09,332.14,329.51,273.13,400.91,426.00,376.00,400.00,10.17,2.32,2.48,6892930572.00,1705746764.00,1745971427.00
[object Object],AAL,Anglo American plc,LSE,4022.00,stock,common,1.00,1.00,false,0.00,GBX,1.16,1627313.00,0.26,57718167673.48,USD,0.00,-2.51,40.97,0.43,Non-energy minerals,uk,Non-Energy Minerals,Buy,Buy,1.16,6.32,12.13,4.22,19.17,29.83,88.91,8.53,324.02,1549.09,4.09,3.74,Buy,Buy,StrongBuy,Strong buy,Neutral,Neutral,64.11,301.00,251.46,158.01,87.24,87.79,spinning_top_white,0.00,0.00,0.00,0.00,0.78,1627313.00,-53.33,0.00,0.00,0.00,62.64,0.00,0.00,2.93,3.33,10.95,27.77,6.46,72555148498.54,3.76,16.21,10.61,3795.50,3663.67,3764.60,3660.30,3406.24,54.33,65.37,33.52,55.31,1.57,0.69,0.95,20988190640.26,10614652571.00,11434892000.00
[object Object],CIEN,Ciena Corporation,NYSE,406.46,stock,common,100.00,1.00,false,0.00,USD,0.67,258930.00,0.13,57535600230.44,USD,135.29,3.00,318.48,0.00,Electronic technology,america,Electronic Technology,Buy,Buy,0.67,3.17,-3.04,-25.96,54.75,68.66,327.54,616.10,1900.30,251.91,6.71,6.71,Neutral,Neutral,Neutral,Neutral,Neutral,Neutral,49.07,15.50,-16.62,43.28,80.09,78.34,0.00,415.01,2.79,2.52,10722.00,1.80,258930.00,-80.88,0.00,0.00,0.00,285.39,135.29,0.42,10.61,19.90,57.58,71.42,49.44,57913346230.44,10.40,92.86,73.71,382.82,414.54,445.72,469.73,357.12,588.75,720.00,450.00,603.50,6.53,1.46,1.72,6330251340.00,1504711466.00,1634072372.00
[object Object],LSEG,London Stock Exchange Group plc,LSE,8962.00,stock,common,1.00,2.00,false,0.00,GBX,2.42,523798.00,0.35,57267096124.21,USD,32.44,3.66,48.73,1.71,Commercial services,uk,Commercial Services,StrongBuy,Strong buy,2.42,5.02,-0.75,-0.40,23.65,-0.51,-11.79,14.25,229.00,2227.79,2.62,4.70,Buy,Buy,StrongBuy,Strong buy,Neutral,Neutral,54.98,188.00,-7.87,40.47,53.16,47.61,0.00,0.00,0.00,0.00,0.00,-0.37,523798.00,-67.74,0.00,0.00,0.00,-15.36,32.44,0.65,4.52,2.33,11.39,11.84,10.51,72906391324.21,5.69,21.75,11.57,8763.00,8750.73,8762.04,8955.56,8795.06,160.49,183.35,139.90,161.42,6.43,3.19,3.19,13232652372.72,6521950839.60,6742306514.40
[object Object],EOAN,E.ON SE,XETR,19.02,stock,common,1000.00,5.00,false,0.00,EUR,0.37,1331317.00,0.39,57045528023.63,USD,14.47,1.52,-23.31,3.01,Utilities,germany,Utilities,Buy,Buy,0.37,0.11,-1.71,6.23,7.88,17.81,15.76,82.04,137.60,278.29,1.95,1.93,Buy,Buy,StrongBuy,Strong buy,Neutral,Neutral,52.09,-0.57,0.15,-64.66,22.27,21.48,long_lower_shadow_bullish,19.00,0.26,0.26,100.00,0.18,1331317.00,-46.93,0.00,0.00,0.00,21.07,14.47,0.00,0.66,2.27,6.68,0.00,8.60,108235536723.63,1.24,17.75,10.10,18.91,18.97,18.61,18.69,17.82,24.08,27.66,19.59,24.78,1.28,0.49,0.35,92971332456.69,0.00,0.00
[object Object],EBS,Erste Group Bank AG,VIE,120.30,stock,common,10.00,1.00,false,0.00,EUR,-1.15,58727.00,0.17,56085915753.23,USD,13.45,10.21,21.11,0.62,Finance,austria,Finance,Buy,Buy,-1.15,5.53,2.56,22.51,14.03,16.91,44.94,259.75,423.27,973.28,2.46,2.50,Buy,Buy,StrongBuy,Strong buy,Sell,Sell,61.27,5.20,2.93,180.36,84.04,86.60,0.00,0.00,0.00,0.00,0.00,0.33,58727.00,-82.65,0.00,0.00,0.00,44.91,13.45,0.64,3.36,1.93,3.47,3.69,0.00,161780294693.23,6.09,0.00,0.00,116.39,116.03,113.24,105.76,102.14,146.79,173.29,92.30,147.87,11.70,2.78,3.22,18680463868.80,4490236807.49,4597855466.53
[object Object],BAYN,Bayer AG,XETR,50.38,stock,common,100.00,1.00,false,0.00,EUR,1.98,997482.00,0.45,55909547405.70,USD,0.00,-2.54,33.72,0.22,Health technology,germany,Health Technology,Buy,Buy,1.98,4.50,0.04,34.71,9.76,36.16,99.41,6.60,-46.00,276.03,3.10,2.67,StrongBuy,Strong buy,StrongBuy,Strong buy,Neutral,Neutral,64.34,4.32,1.13,147.89,83.37,72.16,0.00,49.56,0.32,-0.12,62.00,0.04,997482.00,-48.16,0.00,0.00,0.00,64.58,0.00,0.00,1.07,1.67,0.00,0.00,0.00,91811098685.70,1.76,11.42,8.09,48.28,48.75,44.24,41.51,39.25,66.01,74.94,53.03,68.02,5.23,0.88,0.61,53754956884.51,12252284530.57,11407683728.42
[object Object],CAH,"Cardinal Health, Inc.",NYSE,238.55,stock,common,100.00,1.00,false,0.00,USD,0.37,161827.00,0.08,55869807886.34,USD,36.48,6.54,2.13,0.86,Distribution services,america,Distribution Services,StrongBuy,Strong buy,0.37,5.25,-0.21,28.70,5.46,16.61,52.52,367.93,181.84,26397.93,2.48,2.38,Buy,Buy,StrongBuy,Strong buy,Neutral,Neutral,60.71,10.52,3.71,139.88,81.04,86.77,0.00,239.99,0.98,0.48,300.00,-0.18,161827.00,-90.99,0.00,0.00,0.00,44.96,36.48,17.09,0.22,0.00,11.24,12.82,14.30,61008807886.34,0.24,19.31,14.94,233.27,232.61,225.37,214.55,210.73,255.60,275.00,215.00,260.00,10.78,2.79,2.42,255866810800.00,62098221380.00,65152962429.00
[object Object],TRGP,Targa Resources Corp.,NYSE,260.14,stock,common,100.00,1.00,false,0.00,USD,-3.02,56327.00,0.04,55837467900.25,USD,0.00,0.00,0.00,1.68,Utilities,america,Utilities,StrongBuy,Strong buy,-3.02,-3.23,-6.37,3.16,25.68,41.51,56.39,516.15,525.04,979.42,2.81,2.64,Sell,Sell,Sell,Sell,Sell,Sell,41.98,-21.19,-8.24,-90.91,17.22,17.09,0.00,0.00,0.00,0.00,0.00,-1.67,56327.00,-96.53,0.00,0.00,0.00,52.68,0.00,0.00,0.00,0.00,0.00,0.00,0.00,75283467900.25,4.41,17.96,12.88,264.87,271.85,268.92,259.58,225.40,298.90,335.00,257.00,300.00,11.01,2.83,2.79,19643394650.00,4897763837.00,4892665841.00
[object Object],DB1,Deutsche Boerse AG,XETR,275.00,stock,common,10.00,1.00,false,0.00,EUR,2.08,140129.00,0.46,55808274681.12,USD,25.29,12.77,16.44,1.56,Finance,germany,Finance,Buy,Buy,2.08,4.13,6.67,12.24,30.02,22.66,7.00,92.24,271.12,1342.06,2.08,2.21,StrongBuy,Strong buy,StrongBuy,Strong buy,Buy,Buy,67.15,16.90,13.81,146.32,92.25,87.32,0.00,0.00,0.00,0.00,0.00,0.33,140129.00,-56.01,0.00,0.00,0.00,3.61,25.29,8.79,6.64,4.79,0.00,0.00,0.00,63173138541.12,7.25,17.98,15.40,267.12,257.15,252.25,252.78,236.17,338.92,396.35,276.53,345.66,14.93,3.59,3.57,7704418579.72,1823689070.73,1816012370.97
[object Object],OXY,Occidental Petroleum Corporation,NYSE,55.34,stock,common,100.00,1.00,false,0.00,USD,-1.25,755038.00,0.08,55319934073.48,USD,16.40,3.38,98.33,1.78,Energy minerals,america,Energy Minerals,Buy,Buy,-1.25,-1.18,4.61,2.65,23.31,34.19,26.06,116.00,-25.41,204.97,2.61,2.60,Neutral,Neutral,Buy,Buy,Sell,Sell,51.54,-1.96,1.84,-0.96,26.33,25.35,0.00,55.89,-0.27,-0.25,30292.00,-0.52,755038.00,-95.35,0.00,0.00,0.00,19.90,16.40,0.17,2.33,1.65,5.10,10.55,13.44,74698934073.48,3.07,13.31,5.62,55.37,53.77,54.46,56.67,50.58,66.22,79.00,55.00,67.00,5.65,1.83,1.17,25374465739.00,7074403961.00,6286764303.00
[object Object],F,Ford Motor Company,NYSE,13.81,stock,common,100.00,1.00,false,0.00,USD,0.18,3801895.00,0.06,55090675031.93,USD,0.00,-1.73,-320.89,4.35,Consumer durables,america,Consumer Durables,Buy,Buy,0.18,-7.65,3.25,12.41,0.25,4.82,22.26,0.69,13.05,684.81,2.88,3.41,Sell,Sell,Sell,Sell,Neutral,Neutral,42.41,-0.55,0.04,-108.04,5.20,10.65,doji,13.83,0.29,-1.23,380529.00,0.22,3801895.00,-93.66,0.00,0.00,0.00,35.29,0.00,0.00,0.29,1.64,3.25,7.57,1.76,187088675031.93,1.00,50.16,19.16,14.49,14.13,14.48,13.46,13.40,15.88,20.00,11.00,15.50,1.84,0.36,0.41,184901237630.00,47237897600.00,49110902778.00
[object Object],CPG,Compass Group PLC,LSE,32.54,stock,common,100.00,1.00,false,0.00,USD,0.43,400840.00,0.21,55090151325.00,USD,27.40,1.19,38.09,2.09,Consumer services,uk,Consumer Services,Buy,Buy,0.43,2.97,1.62,11.63,17.85,7.21,-3.93,67.84,78.51,247.74,2.73,3.05,Buy,Buy,StrongBuy,Strong buy,Neutral,Neutral,54.06,2.25,0.48,70.80,76.55,75.63,0.00,0.00,0.00,0.00,0.00,-0.65,400840.00,-77.52,0.00,0.00,0.00,-5.47,27.40,0.72,1.14,6.96,14.90,18.03,105.71,63823151325.11,1.32,18.40,12.68,32.31,31.95,32.24,30.72,30.24,38.29,43.00,31.00,40.00,1.48,0.71,0.75,50653014785.00,24724205250.00,25698281000.00
[object Object],SRE,Sempra,NYSE,84.16,stock,common,100.00,1.00,false,0.00,USD,-0.23,473713.00,0.13,55016013574.73,USD,24.41,3.45,-16.53,3.09,Utilities,america,Utilities,Buy,Buy,-0.23,-6.01,-11.50,-8.97,-3.87,-5.14,3.28,27.24,57.25,799.50,2.03,2.21,Sell,Sell,StrongSell,Strong sell,Neutral,Neutral,26.46,-8.82,-5.78,-156.98,4.28,5.22,0.00,83.69,-0.78,-0.02,750.00,-0.60,473713.00,-91.71,0.00,0.00,0.00,11.86,24.41,0.00,4.09,0.00,10.19,0.00,1104.09,102251013574.73,7.56,28.56,16.81,87.63,91.33,91.13,92.72,91.77,105.32,118.00,99.00,105.00,5.11,1.06,1.12,13701667900.00,3138223267.00,3203085609.00
[object Object],MT,ArcelorMittal SA,EURONEXT,63.16,stock,common,100.00,2.00,false,0.00,EUR,-1.10,620464.00,0.34,54720809910.91,USD,31.03,2.32,-31.54,0.77,Non-energy minerals,netherlands,Non-Energy Minerals,Buy,Buy,-1.10,5.06,13.11,19.94,27.98,62.16,132.21,117.04,280.78,-5.36,2.86,3.42,Buy,Buy,StrongBuy,Strong buy,Sell,Sell,63.48,4.22,5.94,128.71,84.02,88.13,long_upper_shadow_bearish,0.00,0.00,0.00,0.00,-0.81,620464.00,-64.15,0.00,0.00,0.00,88.60,31.03,0.00,0.91,0.99,12.17,0.00,11.26,66334719226.13,1.08,25.29,11.68,61.32,58.17,57.96,54.34,48.34,73.08,87.44,55.22,74.78,4.54,0.00,0.00,68248730510.21,0.00,0.00
[object Object],OKE,"ONEOK, Inc.",NYSE,86.52,stock,common,100.00,1.00,false,0.00,USD,-1.60,189769.00,0.04,54539585763.10,USD,14.95,5.79,12.85,4.78,Industrial services,america,Industrial Services,Buy,Buy,-1.60,-3.11,-5.06,0.93,7.81,17.78,14.31,66.26,90.87,5580.84,2.68,2.50,Sell,Sell,StrongSell,Strong sell,Neutral,Neutral,40.63,-6.64,-2.62,-120.86,30.24,29.32,0.00,87.26,-0.76,0.01,1716.00,-1.21,189769.00,-96.36,0.00,0.00,0.00,6.43,14.95,1.18,1.40,2.38,8.88,18.82,339.63,87544585763.10,2.21,13.70,11.05,88.57,89.93,88.93,88.89,82.31,96.05,108.00,88.00,95.00,5.72,1.46,1.48,41775646458.00,8949851681.00,10082225573.00
[object Object],ARGX,argenx SE,EURONEXT,769.80,stock,common,10.00,2.00,false,0.00,EUR,2.12,17411.00,0.18,54327507413.23,USD,34.19,25.71,24.40,0.00,Health technology,belgium,Health Technology,StrongBuy,Strong buy,2.12,0.84,-4.25,14.66,10.29,7.91,32.72,195.06,5527.19,8956.47,2.74,3.01,Buy,Buy,StrongBuy,Strong buy,Neutral,Neutral,52.19,-34.60,-28.75,42.14,35.78,24.33,spinning_top_white,0.00,0.00,0.00,0.00,1.99,17411.00,-79.14,0.00,0.00,0.00,53.42,34.19,1.37,10.84,6.47,50.95,51.12,10.94,49151327285.50,9.61,33.33,32.64,755.14,774.35,768.68,718.69,717.52,1078.10,1268.22,933.87,1062.72,29.18,0.00,0.00,6327647151.05,0.00,0.00
[object Object],NOKIA,Nokia Oyj,OMXHEX,8.15,stock,common,1000.00,2.00,false,0.00,EUR,-2.07,6363542.00,0.30,53536314113.44,USD,65.60,0.14,-30.17,1.68,Electronic technology,finland,Electronic Technology,Buy,Buy,-2.07,-1.76,-20.95,-22.34,40.59,45.61,131.65,54.87,66.07,-86.18,5.15,6.54,Sell,Sell,StrongSell,Strong sell,Buy,Buy,37.35,-0.07,-1.50,-49.98,39.06,41.20,0.00,0.00,0.00,0.00,0.00,-0.79,6363542.00,-42.32,0.00,0.00,0.00,125.65,65.60,0.00,2.38,2.15,41.72,88.43,9.79,51951134593.44,2.24,20.15,14.01,8.09,9.46,10.72,10.10,7.94,12.98,20.74,6.38,13.25,0.40,0.06,0.07,24382585332.65,5523227770.53,5812622882.02
[object Object],NDAQ,"Nasdaq, Inc.",NASDAQ,95.56,stock,common,100.00,1.00,false,0.00,USD,0.91,103727.00,0.03,53418669300.32,USD,27.85,3.43,31.85,1.18,Finance,america,Finance,StrongBuy,Strong buy,0.91,1.18,12.01,7.20,9.92,-1.73,-1.80,51.84,301.76,1811.30,1.81,2.79,Buy,Buy,StrongBuy,Strong buy,Neutral,Neutral,63.21,3.47,5.88,84.15,73.80,67.79,0.00,94.74,0.04,0.15,885.00,-0.20,103727.00,-96.97,0.00,0.00,0.00,-2.45,27.85,0.87,6.18,4.48,24.16,27.81,99.37,62194669300.32,7.14,23.21,18.68,94.74,89.66,88.47,88.27,89.37,111.50,135.00,90.00,110.50,4.13,0.98,1.03,5911649367.00,1455134271.00,1471533974.00
[object Object],LHX,L3Harris Technologies Inc,NYSE,286.31,stock,common,100.00,1.00,false,0.00,USD,-1.11,152699.00,0.08,53315106157.66,USD,28.92,9.90,10.54,1.69,Electronic technology,america,Electronic Technology,Buy,Buy,-1.11,4.88,-2.41,-4.83,-17.47,-2.62,4.37,24.40,222.17,8159.86,2.25,2.90,Sell,Sell,StrongSell,Strong sell,Neutral,Neutral,47.08,-13.90,-5.53,-12.46,53.32,50.03,0.00,288.06,-0.51,0.16,384.00,-0.32,152699.00,-85.00,0.00,0.00,0.00,11.60,28.92,2.77,2.36,2.68,16.29,19.10,35.26,63761106157.66,2.78,25.03,17.06,288.03,289.73,295.44,314.02,316.01,363.80,443.00,285.00,370.00,11.84,2.80,2.99,23603084780.00,5811507604.00,5978299458.00
[object Object],BAS,BASF SE,XETR,51.61,stock,common,100.00,1.00,false,0.00,EUR,0.57,671000.00,0.34,52767400442.69,USD,7.76,7.60,1430.04,4.38,Process industries,germany,Process Industries,Buy,Buy,0.57,1.51,9.26,1.65,6.17,16.03,20.02,-23.08,-25.68,854.86,2.15,2.34,StrongBuy,Strong buy,StrongBuy,Strong buy,Buy,Buy,63.85,3.04,2.29,121.57,85.49,80.00,doji,51.21,-0.21,-0.18,210.00,0.55,671000.00,-56.53,0.00,0.00,0.00,11.54,7.76,0.01,0.72,1.22,9.45,42.83,5.67,73727252322.69,1.05,16.20,8.54,50.48,48.80,49.01,50.56,48.03,60.79,73.79,46.12,63.99,3.52,0.94,0.49,74436378348.74,18773158068.33,17870708329.58
[object Object],ADSK,"Autodesk, Inc.",NASDAQ,250.00,stock,common,100.00,1.00,false,0.00,USD,3.10,203283.00,0.09,52748945266.01,USD,36.53,6.84,46.65,0.00,Technology services,america,Technology Services,StrongBuy,Strong buy,3.10,8.49,18.42,0.95,4.32,-15.54,-18.24,-24.97,320.44,49899.50,3.07,4.02,StrongBuy,Strong buy,StrongBuy,Strong buy,Buy,Buy,69.44,40.25,25.49,122.85,88.80,81.33,"rising_window_bullish,marubozu_white_bullish",244.87,0.99,0.40,2854.00,1.04,203283.00,-85.05,0.00,0.00,0.00,-23.64,36.53,0.76,6.84,16.54,19.06,19.42,18.13,52548945266.01,6.99,31.09,27.66,238.21,217.61,215.97,227.66,252.24,314.10,375.00,235.00,312.00,12.59,2.84,3.12,8200345408.00,1893376600.00,2011147552.00
[object Object],ANTO,Antofagasta plc,LSE,3911.00,stock,common,1.00,1.00,false,0.00,GBX,-1.59,589348.00,0.57,52702173623.73,USD,38.36,1.37,55.41,1.20,Non-energy minerals,uk,Non-Energy Minerals,Neutral,Neutral,-1.59,3.08,3.47,-2.18,11.87,18.55,98.28,158.75,694.11,5825.76,4.43,4.44,Buy,Buy,StrongBuy,Strong buy,Neutral,Neutral,55.64,280.00,187.97,118.65,74.60,80.48,0.00,0.00,0.00,0.00,0.00,0.35,589348.00,-61.47,0.00,0.00,0.00,79.35,38.36,0.70,6.00,5.00,15.61,0.00,10.56,59512733052.76,6.76,16.80,11.22,3756.50,3731.43,3846.52,3773.69,3544.84,51.20,62.64,34.67,53.80,1.87,0.83,0.73,10349819326.68,4733472500.00,4451399000.00
[object Object],CARR,Carrier Global Corp.,NYSE,63.59,stock,common,100.00,1.00,false,0.00,USD,-0.57,503806.00,0.06,52422952282.57,USD,44.81,1.42,-43.38,1.48,Producer manufacturing,america,Producer Manufacturing,Buy,Buy,-0.57,2.06,-5.92,-5.92,0.99,19.74,-4.95,12.52,429.96,429.96,2.57,3.43,Sell,Sell,StrongSell,Strong sell,Sell,Sell,42.55,-5.28,-4.01,-63.45,48.73,52.08,0.00,64.46,0.78,0.06,5976.00,-0.13,503806.00,-89.62,0.00,0.00,0.00,-13.99,44.81,0.00,2.42,3.99,22.29,27.59,39.49,63794952282.57,2.89,35.17,20.60,63.75,67.59,68.25,64.87,61.07,77.66,90.00,60.00,79.00,2.88,0.82,0.79,23079591868.00,6018039602.00,5958003052.00
[object Object],FANG,"Diamondback Energy, Inc.",NASDAQ,185.42,stock,common,100.00,1.00,false,0.00,USD,-2.22,107481.00,0.05,51922116875.40,USD,35.92,5.16,-63.30,2.19,Energy minerals,america,Energy Minerals,StrongBuy,Strong buy,-2.22,-6.58,0.83,-2.31,12.61,22.72,27.32,136.90,97.99,940.52,2.57,2.76,Sell,Sell,StrongSell,Strong sell,Sell,Sell,43.13,-19.26,1.25,-125.04,8.73,15.12,0.00,188.88,-0.40,-0.40,100.00,-1.18,107481.00,-92.77,0.00,0.00,0.00,20.15,35.92,0.00,3.12,1.37,5.14,8.03,112.37,70157116875.40,4.10,11.70,6.25,193.98,189.75,190.94,193.29,174.90,233.69,272.00,200.00,237.00,19.81,6.08,4.80,18063093256.00,4886836763.00,4365226158.00
[object Object],MBG,Mercedes-Benz Group AG,XETR,46.79,stock,common,1000.00,5.00,false,0.00,EUR,0.05,536343.00,0.25,51875679844.38,USD,8.91,6.00,-24.21,7.48,Consumer durables,germany,Consumer Durables,Buy,Buy,0.05,-0.12,3.86,-6.64,-20.25,-22.08,-6.49,-24.62,-5.69,109.98,2.05,2.19,Sell,Sell,Sell,Sell,Neutral,Neutral,53.59,2.02,2.02,46.27,66.89,77.45,0.00,46.92,0.33,0.43,1920.00,0.47,536343.00,-71.00,0.00,0.00,0.00,-12.38,8.91,0.00,0.35,0.49,3.24,5.61,2.54,150449423164.38,1.02,20.79,9.69,46.96,45.50,46.23,48.78,53.46,65.45,86.32,41.49,63.96,6.40,1.44,1.63,152913901634.60,36410837115.79,37054848704.29
[object Object],DGE,Diageo plc,LSE,1788.00,stock,common,10.00,5.00,false,0.00,GBX,3.20,5294821.00,0.96,51822308792.69,USD,30.75,0.77,-28.90,3.63,Consumer non-durables,uk,Consumer Non-Durables,Buy,Buy,3.20,9.56,15.54,17.05,0.73,11.65,-10.60,-50.19,-15.80,202.03,5.08,3.27,StrongBuy,Strong buy,StrongBuy,Strong buy,Buy,Buy,73.58,225.50,107.20,202.41,75.87,74.29,0.00,0.00,0.00,0.00,0.00,-0.75,5294821.00,-63.55,0.00,0.00,0.00,-13.43,30.75,0.00,2.57,0.00,12.22,16.79,26.25,74736863939.38,3.85,13.58,11.97,1666.15,1583.10,1556.05,1517.70,1603.71,26.09,34.34,18.86,25.58,1.59,0.64,1.00,18968456220.74,9147931667.00,10399307000.00
[object Object],FITB,Fifth Third Bancorp,NYSE,56.92,stock,common,100.00,1.00,false,0.00,USD,-0.07,301041.00,0.05,51620324717.46,USD,19.37,2.94,-8.56,2.81,Finance,america,Finance,Buy,Buy,-0.07,0.48,-0.97,14.18,4.63,21.49,37.14,51.18,190.11,1495264.42,2.04,2.29,Neutral,Neutral,Neutral,Neutral,Sell,Sell,51.75,-0.49,0.44,-102.45,45.75,52.37,0.00,56.95,-0.02,0.19,15124.00,-0.51,301041.00,-93.50,0.00,0.00,0.00,84.05,19.37,0.00,4.71,1.60,12.96,15.73,0.00,71697324717.46,4.71,0.00,0.00,57.06,57.22,55.31,51.84,49.56,63.05,70.00,55.00,63.50,3.06,0.84,0.84,12867032537.00,3244341304.00,3338828039.00
[object Object],EW,Edwards Lifesciences Corporation,NYSE,89.44,stock,common,100.00,1.00,false,0.00,USD,0.13,223004.00,0.04,51553218007.69,USD,53.07,1.69,15.05,0.00,Health technology,america,Health Technology,Buy,Buy,0.13,2.71,-5.28,7.90,13.64,4.66,13.13,-22.59,136.68,6937.91,2.02,2.78,Buy,Buy,StrongBuy,Strong buy,Buy,Buy,57.01,6.81,0.22,76.76,81.99,85.66,long_lower_shadow_bullish,0.00,0.00,0.00,0.00,0.13,223004.00,-91.60,0.00,0.00,0.00,2.07,53.07,3.52,7.92,4.86,30.03,36.04,12.14,48109418007.69,7.39,25.89,23.77,87.16,88.69,87.99,84.81,84.07,102.17,110.00,85.00,102.00,3.00,0.74,0.74,6769989355.00,1700167871.00,1676303104.00
[object Object],PYPL,"PayPal Holdings, Inc.",NASDAQ,59.84,stock,common,100.00,1.00,false,0.00,USD,0.09,987876.00,0.08,51186500498.24,USD,11.31,5.29,13.30,0.70,Commercial services,america,Commercial Services,Neutral,Neutral,0.09,4.77,32.70,31.16,48.66,1.99,-14.52,-78.65,62.51,57.46,2.11,2.91,Buy,Buy,StrongBuy,Strong buy,Sell,Sell,75.43,3.69,7.50,117.54,88.04,80.94,0.00,59.56,-0.37,-0.30,47364.00,-0.15,987876.00,-90.81,0.00,0.00,0.00,-24.64,11.31,0.85,1.54,2.60,7.06,8.01,4.69,54151500498.24,1.58,8.33,7.25,58.16,52.47,48.51,47.54,51.90,55.56,70.00,36.00,57.00,5.37,1.28,1.32,34697089193.00,8473401023.00,8711277604.00
[object Object],GALD,Galderma Group AG,SIX,183.00,stock,common,100.00,5.00,false,0.00,CHF,2.66,133295.00,0.39,51151030435.65,USD,63.02,3.59,110.71,0.20,Health technology,switzerland,Health Technology,Buy,Buy,2.66,0.77,4.51,10.47,24.49,11.59,43.08,200.00,200.00,200.00,2.39,2.77,StrongBuy,Strong buy,StrongBuy,Strong buy,Buy,Buy,62.36,9.35,1.64,167.92,75.58,63.07,0.00,0.00,0.00,0.00,0.00,0.98,133295.00,-53.85,0.00,0.00,0.00,37.81,63.02,0.55,8.96,6.44,46.56,52.05,63.48,52991428546.11,9.17,49.50,38.03,177.27,175.72,173.48,164.89,158.79,248.81,321.64,213.83,247.72,4.89,2.25,2.49,6535794680.58,3046913667.00,3268819333.00
[object Object],CTVA,Corteva Inc,NYSE,76.30,stock,common,100.00,1.00,false,0.00,USD,-0.73,152553.00,0.03,50907053975.05,USD,50.44,1.51,-26.40,0.94,Process industries,america,Process Industries,Buy,Buy,-0.73,-9.16,-12.05,-3.80,4.29,13.88,8.21,70.08,156.47,156.47,3.03,2.75,Sell,Sell,StrongSell,Strong sell,Sell,Sell,34.71,-12.95,-6.62,-136.36,16.81,18.02,hammer_bullish,77.50,0.83,0.83,1642.00,-0.34,152553.00,-97.62,0.00,0.00,0.00,19.66,50.44,0.00,2.89,2.02,42.20,81.25,19.51,53407053975.05,3.00,17.99,12.68,82.13,84.63,81.80,81.53,75.61,91.75,103.00,78.00,94.00,3.76,2.24,-0.39,18145565277.00,6599341986.00,2653724836.00
[object Object],RWE,RWE AG,XETR,56.26,stock,common,100.00,2.00,false,0.00,EUR,-0.39,659864.00,0.48,50750584445.70,USD,17.45,3.72,-40.28,2.12,Utilities,germany,Utilities,StrongBuy,Strong buy,-0.39,-1.26,-1.30,-3.23,6.43,24.36,53.84,84.34,269.16,458.24,2.76,2.53,Sell,Sell,Sell,Sell,Sell,Sell,47.88,-2.54,-0.24,-52.38,17.63,22.05,0.00,56.48,0.00,-0.53,761.00,1.10,659864.00,-62.74,0.00,0.00,0.00,60.23,17.45,0.00,2.59,1.19,7.33,0.00,3.09,72772598765.70,4.06,623.63,21.26,56.37,56.83,56.35,57.10,52.61,76.32,86.64,63.54,77.40,3.29,0.60,0.72,21974220445.40,0.00,0.00
[object Object],EBAY,eBay Inc.,NASDAQ,114.08,stock,common,100.00,1.00,false,0.00,USD,3.58,329302.00,0.07,50651519719.31,USD,23.61,4.83,6.77,1.09,Retail trade,america,Retail Trade,Neutral,Neutral,3.58,0.26,-0.15,7.28,30.75,31.13,22.96,73.53,263.54,12059.48,4.63,3.24,StrongBuy,Strong buy,StrongBuy,Strong buy,Neutral,Neutral,53.82,4.69,-2.08,26.18,49.74,37.93,0.00,111.35,1.10,-0.65,4286.00,1.30,329302.00,-95.45,0.00,0.00,0.00,45.35,23.61,3.37,4.14,0.00,17.46,21.36,15.70,54357519719.31,4.49,20.54,17.75,112.56,112.68,111.12,106.56,97.06,116.64,145.00,75.00,115.00,6.11,1.50,1.42,12350205150.00,3016629030.00,3037546608.00
[object Object],BN,Danone SA,EURONEXT,68.28,stock,common,100.00,2.00,false,0.00,EUR,0.18,239220.00,0.16,50419995683.05,USD,22.63,3.45,5.84,3.30,Consumer non-durables,france,Consumer Non-Durables,Buy,Buy,0.18,1.40,-7.35,7.87,-3.20,-10.42,-4.90,8.61,-0.32,2122.17,1.65,1.92,Sell,Sell,StrongSell,Strong sell,Neutral,Neutral,43.53,-1.72,-2.78,-77.60,20.41,17.84,0.00,0.00,0.00,0.00,0.00,-0.09,239220.00,-76.19,0.00,0.00,0.00,9.19,22.63,3.87,1.60,2.49,12.48,18.13,5.27,60981715043.05,1.94,13.31,10.14,68.97,71.07,69.08,67.51,70.91,92.80,109.48,71.45,91.04,4.65,2.15,2.34,33152041343.53,15789550530.00,16544159220.00
[object Object],STT,State Street Corporation,NYSE,183.50,stock,common,100.00,1.00,false,0.00,USD,-0.77,90424.00,0.05,50407770939.44,USD,16.18,11.34,27.10,1.82,Finance,america,Finance,Buy,Buy,-0.77,1.29,2.51,22.66,40.08,42.70,64.41,105.26,169.85,56668.61,1.51,2.68,Buy,Buy,Buy,Buy,Sell,Sell,55.36,-1.90,5.96,1.92,72.33,69.22,0.00,185.00,0.04,0.04,389.00,-0.64,90424.00,-95.63,0.00,0.00,0.00,57.27,16.18,0.60,3.75,2.04,0.00,0.00,0.00,80147770939.44,3.68,0.00,0.00,183.46,180.46,174.25,158.26,141.61,202.93,215.00,187.00,200.00,13.64,3.34,3.61,15874032565.00,3882662607.00,4002507674.00
[object Object],ELE,Endesa S.A.,BME,42.32,stock,common,100.00,1.00,false,0.00,EUR,-0.35,186735.00,0.23,50339115094.90,USD,16.66,2.90,26.14,3.02,Utilities,spain,Utilities,Sell,Sell,-0.35,1.37,11.37,15.63,34.35,38.30,66.22,105.44,125.83,114.82,1.81,1.80,Buy,Buy,StrongBuy,Strong buy,Neutral,Neutral,64.70,1.16,1.94,100.53,81.63,77.54,0.00,0.00,0.00,0.00,0.00,-0.14,186735.00,-65.10,0.00,0.00,0.00,54.98,16.66,0.64,2.06,5.32,10.07,16.87,156.38,63941015234.90,2.65,13.98,9.18,41.70,40.38,39.26,38.02,34.81,41.93,51.07,31.59,42.66,2.77,0.69,0.75,25595733030.73,5402608847.81,5473110892.71
[object Object],SHL,Siemens Healthineers AG,XETR,39.41,stock,common,100.00,1.00,false,0.00,EUR,0.79,390538.00,0.30,50259536497.87,USD,19.96,2.25,2.35,2.56,Health technology,germany,Health Technology,Buy,Buy,0.79,9.47,13.70,16.74,-4.58,-12.17,-13.38,-31.86,35.43,35.43,2.14,2.71,Buy,Buy,StrongBuy,Strong buy,Sell,Sell,71.38,4.35,3.62,126.01,93.12,92.84,0.00,39.16,0.15,0.69,150.00,0.51,390538.00,-49.16,0.00,0.00,0.00,-25.98,19.96,8.41,1.89,2.31,14.56,19.91,18.69,64893646557.87,2.45,16.52,12.33,37.89,35.78,35.27,35.54,39.52,51.95,66.13,41.47,51.84,2.74,0.60,0.78,27650210672.25,6472168929.51,7833222873.01
[object Object],HONA,Honeywell Aerospace Inc,NASDAQ,158.01,stock,common,100.00,1.00,false,0.00,USD,0.99,1084768.00,0.24,50083285749.00,USD,0.00,0.00,0.00,0.00,Electronic technology,america,Electronic Technology,Buy,Buy,0.99,-21.89,-31.47,-20.99,-20.99,-20.99,-20.99,-20.99,-20.99,-20.99,7.08,6.24,Sell,Sell,StrongSell,Strong sell,Neutral,Neutral,33.04,-46.06,-26.97,-303.89,19.32,42.52,0.00,156.50,0.02,0.33,40509.00,-0.15,1084768.00,-94.74,0.00,0.00,0.00,0.00,0.00,0.00,0.00,0.00,0.00,0.00,0.00,64949285749.00,0.00,0.00,0.00,198.59,211.00,0.00,0.00,0.00,237.92,306.00,205.00,235.00,0.00,2.12,2.06,0.00,4609269572.00,4695652727.00
[object Object],CBK,Commerzbank AG,XETR,39.20,stock,common,100.00,1.00,false,0.00,EUR,1.84,1852040.00,0.67,49994593533.95,USD,14.16,3.16,20.12,2.86,Finance,germany,Finance,Buy,Buy,1.84,5.09,3.59,7.25,16.01,8.95,22.92,630.39,648.66,-56.79,2.84,2.61,Buy,Buy,StrongBuy,Strong buy,Buy,Buy,57.58,2.42,1.19,105.54,77.10,84.57,0.00,38.52,0.08,0.10,2001.00,0.39,1852040.00,-56.37,0.00,0.00,0.00,24.06,14.16,0.69,3.06,1.40,0.00,0.00,0.00,-11963346106.05,0.00,0.00,0.00,38.23,37.89,37.59,36.09,34.89,48.42,52.99,42.62,48.38,3.66,0.83,0.91,15619235511.17,3716100393.66,3845674144.37
[object Object],ORA,Orange SA,EURONEXT,16.30,stock,common,1000.00,5.00,false,0.00,EUR,-0.09,733509.00,0.14,49989772037.64,USD,10.78,1.73,256.29,4.60,Communications,france,Communications,Buy,Buy,-0.09,-0.49,1.68,-7.70,-0.70,14.82,17.73,72.34,18.97,-33.71,1.93,2.14,Sell,Sell,StrongSell,Strong sell,Neutral,Neutral,46.66,0.14,-0.05,-47.96,20.41,21.20,hammer_bullish,0.00,0.00,0.00,0.00,0.34,733509.00,-82.40,0.00,0.00,0.00,28.99,10.78,0.04,1.09,1.62,3.65,8.95,4.06,111861310177.64,2.36,20.26,7.08,16.62,16.31,16.75,17.28,16.23,21.96,24.99,18.91,22.12,1.40,0.47,0.00,53091260294.13,23657772900.00,0.00
[object Object],HEIA,Heineken NV,EURONEXT,77.20,stock,common,100.00,2.00,false,0.00,EUR,-1.76,283300.00,0.25,49787799853.22,USD,18.89,4.67,26.56,2.42,Consumer non-durables,netherlands,Consumer Non-Durables,Buy,Buy,-1.76,-1.86,1.05,17.61,5.01,11.08,13.60,-18.84,-3.93,132.19,1.94,1.80,Neutral,Neutral,Buy,Buy,Sell,Sell,52.10,0.78,2.04,5.42,60.79,63.12,0.00,0.00,0.00,0.00,0.00,-0.89,283300.00,-77.78,0.00,0.00,0.00,8.03,18.89,0.72,1.47,2.24,7.29,10.67,14.96,73285551793.22,2.18,18.34,10.76,78.51,76.80,73.96,70.48,70.57,101.96,145.15,80.64,100.80,6.19,2.58,3.41,36199528632.99,17012668238.50,18233254976.07
[object Object],WAB,Westinghouse Air Brake Technologies Corporation,NYSE,294.63,stock,common,100.00,1.00,false,0.00,USD,-0.20,22513.00,0.02,49766203494.49,USD,39.68,7.43,10.82,0.38,Producer manufacturing,america,Producer Manufacturing,Buy,Buy,-0.20,-0.02,14.34,9.94,21.68,37.92,54.97,243.63,306.89,3828.40,1.65,2.90,Buy,Buy,StrongBuy,Strong buy,Neutral,Neutral,60.34,-7.87,19.36,46.18,77.89,80.10,0.00,294.73,-0.17,0.25,200.00,0.01,22513.00,-96.38,0.00,0.00,0.00,56.73,39.68,3.68,4.18,4.44,25.00,29.15,74.58,56062203494.49,4.68,27.95,21.97,296.35,277.27,272.89,265.62,245.24,324.17,355.00,280.00,326.00,10.84,2.60,2.73,12524025479.00,3073741036.00,3187900500.00
[object Object],ETR,Entergy Corporation,NYSE,106.60,stock,common,100.00,1.00,false,0.00,USD,0.10,108807.00,0.04,49742916928.00,USD,27.26,3.91,-2.65,2.37,Utilities,america,Utilities,Buy,Buy,0.10,-1.94,-7.75,-5.19,8.86,15.16,18.44,100.77,167.70,744.36,2.48,2.39,Sell,Sell,StrongSell,Strong sell,Neutral,Neutral,34.81,-9.35,-5.67,-114.54,10.10,13.13,0.00,107.26,0.72,0.32,3434.00,0.69,108807.00,-94.69,0.00,0.00,0.00,30.56,27.26,0.00,3.68,2.73,8.18,0.00,12.90,80827169928.00,6.00,26.97,14.42,108.64,112.57,111.76,111.76,104.42,125.88,139.00,109.00,126.00,4.40,1.01,1.69,13949427995.00,3490670695.00,4302697436.00
[object Object],AZO,"AutoZone, Inc.",NYSE,3045.82,stock,common,100.00,1.00,false,0.00,USD,-0.78,5008.00,0.03,49724096277.56,USD,20.94,145.45,-1.56,0.00,Retail trade,america,Retail Trade,StrongBuy,Strong buy,-0.78,1.87,-0.46,-14.31,-14.94,-9.76,-25.22,86.61,276.81,41375.00,1.94,3.01,Sell,Sell,Sell,Sell,Neutral,Neutral,49.33,88.41,-23.49,19.96,58.66,53.93,spinning_top_black,3071.00,0.04,0.04,10.00,-0.67,5008.00,-96.08,0.00,0.00,0.00,-21.43,20.94,0.00,2.59,0.00,16.71,31.43,162.32,62039047277.56,3.10,17.22,14.55,3055.89,3055.04,3058.46,3251.11,3457.99,3961.91,4800.00,3200.00,3989.50,151.10,36.22,54.53,20464013077.00,4861511938.00,6722890464.00
[object Object],FERG,Ferguson Enterprises Inc.,NYSE,255.95,stock,common,100.00,1.00,false,0.00,USD,1.02,121575.00,0.02,49638388089.45,USD,28.06,9.12,9.57,1.38,Distribution services,america,Distribution Services,Buy,Buy,1.02,12.09,15.49,3.82,-0.10,14.69,13.67,83.02,357.07,131.78,2.52,2.78,Buy,Buy,StrongBuy,Strong buy,Neutral,Neutral,68.31,25.28,19.76,147.12,88.85,88.05,0.00,255.21,0.73,0.73,100.00,0.32,121575.00,-95.49,0.00,0.00,0.00,0.55,28.06,2.01,1.62,8.46,20.72,24.03,60.80,54899388089.52,1.80,20.86,18.23,242.32,234.39,233.04,237.39,240.62,285.67,310.00,252.00,285.00,11.29,2.16,3.30,32739567764.00,7412728063.00,8676666638.00
[object Object],AMP,"Ameriprise Financial, Inc.",NYSE,557.84,stock,common,100.00,1.00,false,0.00,USD,-0.35,19617.00,0.04,49275363224.16,USD,13.46,41.46,28.98,1.16,Finance,america,Finance,Buy,Buy,-0.35,2.26,9.41,21.02,3.33,13.84,9.39,110.56,477.83,1367.21,1.53,2.49,Buy,Buy,StrongBuy,Strong buy,Sell,Sell,71.90,28.94,43.41,103.07,90.33,92.21,0.00,0.00,0.00,0.00,0.00,-0.82,19617.00,-95.44,0.00,0.00,0.00,-0.95,13.46,0.47,2.62,7.75,6.19,6.30,5.06,45559363224.16,2.30,8.47,8.55,549.96,519.84,494.10,475.08,478.19,577.30,645.00,489.00,572.00,46.39,10.81,11.78,20003486280.00,4865049629.00,5057088343.00
[object Object],UCB,UCB S.A.,EURONEXT,226.60,stock,common,10.00,1.00,false,0.00,EUR,0.71,47901.00,0.16,49247874124.09,USD,20.04,12.91,64.98,0.45,Health technology,belgium,Health Technology,StrongBuy,Strong buy,0.71,2.91,-9.90,-3.20,-14.10,-4.02,24.54,140.91,228.03,403.56,3.08,3.39,StrongSell,Strong sell,StrongSell,Strong sell,Sell,Sell,40.54,-19.40,-17.55,-81.07,34.49,31.47,0.00,0.00,0.00,0.00,0.00,0.09,47901.00,-75.28,0.00,0.00,0.00,35.21,20.04,0.31,5.12,3.71,23.82,30.44,55.14,52463161944.09,5.39,16.93,13.76,231.23,241.96,247.94,247.87,247.93,340.67,392.78,254.15,346.57,13.47,5.81,6.03,10163173044.32,4637909086.18,5052666022.76
[object Object],ROK,"Rockwell Automation, Inc.",NYSE,441.32,stock,common,100.00,1.00,false,0.00,USD,-0.11,43159.00,0.04,49008003500.55,USD,41.36,10.67,25.19,1.23,Producer manufacturing,america,Producer Manufacturing,Buy,Buy,-0.11,-7.80,-4.17,-2.24,8.43,12.58,32.19,40.53,274.95,24137.96,3.49,3.14,Sell,Sell,Sell,Sell,Neutral,Neutral,40.65,-20.84,-12.53,-172.72,20.01,28.59,0.00,445.00,0.72,0.84,490.00,1.74,43159.00,-96.04,0.00,0.00,0.00,31.76,41.36,1.64,5.47,14.03,0.00,0.00,0.00,49095003500.55,5.47,37.85,30.32,460.70,466.60,464.01,434.33,413.98,482.66,550.00,378.00,494.50,13.19,3.38,3.66,9054051411.00,2244745105.00,2398382297.00
[object Object],BDX,"Becton, Dickinson and Company",NYSE,177.49,stock,common,100.00,1.00,false,0.00,USD,0.24,164600.00,0.08,48905673971.82,USD,53.54,3.32,-40.38,2.37,Health technology,america,Health Technology,Buy,Buy,0.24,8.36,13.79,15.35,9.24,16.25,20.55,-3.93,33.35,5926.97,2.56,2.66,Buy,Buy,StrongBuy,Strong buy,Neutral,Neutral,74.33,21.13,14.48,137.01,93.89,94.59,0.00,176.32,-0.42,0.30,1841.00,-1.02,164600.00,-95.01,0.00,0.00,0.00,-12.32,53.54,0.00,2.34,0.00,14.99,19.30,56.53,64849673971.82,3.11,13.93,9.29,169.03,159.24,154.24,153.12,155.66,189.00,210.00,170.00,188.00,12.66,3.14,4.07,19279604458.00,4887136303.00,5113655318.00
[object Object],VTR,"Ventas, Inc.",NYSE,93.08,stock,common,100.00,1.00,false,0.00,USD,0.89,102500.00,0.03,48806159397.03,USD,170.73,0.55,26.06,2.17,Finance,america,Finance,Buy,Buy,0.89,1.13,-0.85,7.42,15.17,20.31,35.88,60.48,28.03,5662.03,2.62,2.69,Neutral,Neutral,Buy,Buy,Neutral,Neutral,50.20,-7.45,-0.80,-54.11,31.74,25.32,0.00,95.00,2.97,1.67,200.00,-0.50,102500.00,-95.33,0.00,0.00,0.00,56.81,170.73,6.49,7.13,3.26,25.09,32.14,206.99,62123845397.03,9.64,65.04,26.33,94.10,93.63,89.39,87.44,83.40,101.33,113.00,90.00,101.00,0.61,0.14,0.17,6867460099.00,1680769614.00,1745901253.00
[object Object],SAND,Sandvik AB,OMXSTO,368.30,stock,common,10.00,1.00,false,0.00,SEK,0.16,328354.00,0.19,48291586938.72,USD,27.43,1.38,16.38,1.63,Producer manufacturing,sweden,Producer Manufacturing,Neutral,Neutral,0.16,2.73,-4.76,-3.74,0.27,22.52,57.12,65.01,304.28,811.63,1.96,2.90,Neutral,Neutral,Buy,Buy,Neutral,Neutral,51.09,18.60,-7.18,36.76,79.97,74.78,0.00,0.00,0.00,0.00,0.00,-0.33,328354.00,-82.93,0.00,0.00,0.00,43.32,27.43,1.67,3.57,4.60,21.55,26.18,127.69,52435298838.72,3.95,20.58,15.66,359.57,371.37,376.38,375.49,349.03,41.37,48.64,31.38,41.84,1.81,0.45,0.46,15630360580.99,3704462641.34,3808546966.52
[object Object],DSV,DSV A/S,OMXCOP,1359.50,stock,common,10.00,5.00,false,0.00,DKK,1.95,232247.00,0.30,48153981931.33,USD,47.00,4.41,-35.38,0.52,Transportation,denmark,Transportation,StrongBuy,Strong buy,1.95,-3.75,-17.66,-8.76,-26.51,-15.61,-7.01,-8.45,322.34,5836.68,3.02,3.29,Sell,Sell,StrongSell,Strong sell,Neutral,Neutral,31.80,-89.00,-183.52,-76.19,6.56,4.04,engulfing_bullish,0.00,0.00,0.00,0.00,-0.22,232247.00,-72.60,0.00,0.00,0.00,-9.43,47.00,0.00,1.09,2.58,26.34,33.23,32.26,61347436231.33,1.38,18.18,12.46,1381.20,1537.83,1551.90,1568.87,1576.29,317.25,353.74,272.23,322.98,9.54,2.36,2.69,46795030673.43,11316230927.46,11843633066.01
[object Object],HOLN,Holcim Ltd,SIX,71.60,stock,common,100.00,2.00,false,0.00,CHF,-1.35,669704.00,0.60,48120973395.32,USD,101.65,0.87,-87.25,2.34,Non-energy minerals,switzerland,Non-Energy Minerals,Buy,Buy,-1.35,-7.01,-5.09,-2.61,-4.12,-8.21,6.39,168.41,195.23,62.91,2.68,2.59,Sell,Sell,StrongSell,Strong sell,Sell,Sell,40.52,-2.42,-1.49,-207.79,16.86,20.68,0.00,0.00,0.00,0.00,0.00,0.00,669704.00,-21.24,0.00,0.00,0.00,14.46,101.65,0.00,2.55,2.51,13.24,21.27,11.04,58254964395.32,2.98,18.44,12.83,73.25,74.05,74.52,72.58,73.12,102.26,114.45,81.22,104.60,4.65,1.98,2.83,21110034779.77,9656220544.45,11264631823.20
[object Object],XYZ,"Block, Inc. Class A",NYSE,80.03,stock,common,100.00,1.00,false,0.00,USD,1.27,720191.00,0.13,48078776202.25,USD,142.57,0.56,-87.99,0.00,Commercial services,america,Commercial Services,StrongBuy,Strong buy,1.27,-2.68,4.54,5.81,45.37,21.77,5.12,-70.69,619.00,614.51,3.60,3.65,Neutral,Neutral,Buy,Buy,Neutral,Neutral,51.03,2.88,3.23,-45.62,48.56,66.85,0.00,79.00,-0.03,1.08,45859.00,-0.08,720191.00,-93.82,0.00,0.00,0.00,2.87,142.57,0.00,1.92,2.18,12.01,12.55,7.58,47336256202.25,1.89,10.76,9.90,82.03,79.62,76.66,71.65,67.82,96.67,115.00,75.00,97.00,4.01,0.87,1.03,25951464073.00,6474087248.00,6583779012.00
[object Object],STMMI,STMicroelectronics NV,MIL,48.07,stock,common,1000.00,5.00,false,0.00,EUR,2.79,2636608.00,0.42,48073486761.82,USD,111.25,0.49,-32.83,0.66,Electronic technology,italy,Electronic Technology,Buy,Buy,2.79,1.20,-18.05,0.30,97.25,114.89,126.32,34.41,620.69,120.04,4.20,5.15,Neutral,Neutral,Sell,Sell,Buy,Buy,41.32,1.29,-9.22,-37.01,28.90,25.47,0.00,0.00,0.00,0.00,0.00,-0.31,2636608.00,-35.54,0.00,0.00,0.00,93.48,111.25,0.00,3.86,2.78,22.92,121.11,8.46,46460275863.55,3.62,69.22,18.29,45.78,54.49,58.80,50.26,37.07,78.70,98.20,55.88,79.71,1.39,0.26,0.41,14780624316.68,3434878642.75,3776662992.23
[object Object],XEL,Xcel Energy Inc.,NASDAQ,76.91,stock,common,100.00,1.00,false,0.00,USD,-0.08,589922.00,0.11,48040627727.10,USD,21.05,3.65,1.34,3.02,Utilities,america,Utilities,StrongBuy,Strong buy,-0.08,-1.64,-4.70,-4.41,0.08,4.19,4.87,11.33,79.82,951.76,1.88,2.14,Sell,Sell,StrongSell,Strong sell,Neutral,Neutral,37.16,-4.76,-2.66,-142.36,11.23,13.66,0.00,76.71,-0.34,0.96,705.00,-0.36,589922.00,-89.03,0.00,0.00,0.00,17.21,21.05,15.69,3.30,2.00,10.11,0.00,22.04,87463627727.10,5.99,28.30,14.24,78.27,79.58,79.22,79.57,78.95,93.76,102.00,87.00,93.00,4.12,0.79,1.34,15760157236.00,3543123454.00,4277556746.00
[object Object],CCEP,Coca-Cola Europacific Partners plc,NASDAQ,107.99,stock,common,100.00,1.00,false,0.00,USD,-0.24,91987.00,0.04,47863070875.58,USD,20.86,5.18,42.73,2.21,Consumer non-durables,america,Consumer Non-Durables,Buy,Buy,-0.24,-2.36,0.87,14.42,12.58,19.14,20.16,75.05,193.53,2631.91,2.53,2.25,Buy,Buy,StrongBuy,Strong buy,Sell,Sell,55.45,2.88,2.20,21.62,51.29,47.49,0.00,107.74,-0.47,0.25,5561.00,-0.38,91987.00,-94.29,0.00,0.00,0.00,8.01,20.86,0.49,1.94,5.06,14.49,19.56,21.13,60075801475.66,2.41,17.82,13.61,109.16,106.34,102.11,98.24,95.98,110.26,120.06,92.83,114.06,5.17,2.47,2.63,24821699476.23,12222428525.09,12518087212.13
[object Object],FER,Ferrovial N.V.,NASDAQ,66.63,stock,common,100.00,1.00,false,0.00,USD,1.90,135258.00,0.07,47855861591.53,USD,69.57,0.96,-82.53,1.65,Industrial services,america,Industrial Services,Buy,Buy,1.90,2.04,3.03,-6.79,-5.10,2.79,27.06,101.30,101.30,101.30,1.11,1.33,Buy,Buy,StrongBuy,Strong buy,Neutral,Neutral,57.09,3.38,0.51,133.59,86.61,88.94,0.00,66.49,1.68,1.02,16384.00,1.68,135258.00,-91.83,0.00,0.00,0.00,17.77,69.57,0.00,4.23,7.39,19.21,20.49,10.92,57510836831.53,5.11,49.03,32.53,64.86,65.09,66.19,67.00,66.93,71.34,83.18,51.99,75.09,1.15,0.00,0.00,11587231198.40,4927988900.00,0.00
[object Object],SGO,Compagnie de Saint-Gobain SA,EURONEXT,85.98,stock,common,100.00,2.00,false,0.00,EUR,1.49,278897.00,0.26,47789499649.31,USD,15.94,6.16,-4.10,2.71,Producer manufacturing,france,Producer Manufacturing,Buy,Buy,1.49,7.29,10.37,8.42,-1.29,-0.92,-8.47,35.38,128.46,289.40,2.63,2.62,Buy,Buy,StrongBuy,Strong buy,Sell,Sell,69.53,11.82,6.53,135.09,90.92,93.32,0.00,0.00,0.00,0.00,0.00,0.28,278897.00,-64.26,0.00,0.00,0.00,-25.00,15.94,0.00,0.90,1.66,7.96,12.55,7.37,61579179049.31,1.17,11.38,7.49,80.88,77.86,77.72,76.46,80.26,113.64,157.83,80.64,115.20,7.22,3.59,3.64,55186154277.37,26642286777.14,27036601857.30
[object Object],CRWV,"CoreWeave, Inc. Class A",NASDAQ,87.20,stock,common,100.00,1.00,false,0.00,USD,2.20,3965624.00,0.13,47576463488.26,USD,0.00,-3.15,-21.73,0.00,Technology services,america,Technology Services,Buy,Buy,2.20,13.20,5.09,-26.38,11.94,17.96,-24.48,123.60,123.60,123.60,9.66,9.04,Buy,Buy,Neutral,Neutral,Buy,Buy,53.03,15.33,2.19,101.06,79.78,85.63,0.00,89.25,4.59,1.96,566625.00,4.57,3965624.00,-76.11,0.00,0.00,0.00,-30.82,0.00,-1.25,7.29,9.75,7.76,0.00,15.25,79680463488.26,12.80,0.00,26.60,78.47,81.90,92.06,97.40,93.63,138.37,303.00,36.00,142.00,-3.96,-0.92,-1.21,12632662117.00,1970592771.00,2554500253.00
[object Object],RKLB,Rocket Lab Corporation,NASDAQ,79.48,stock,common,100.00,1.00,false,0.00,USD,5.04,5673521.00,0.32,47543359220.57,USD,0.00,-0.33,19.99,0.00,Electronic technology,america,Electronic Technology,Buy,Buy,5.04,20.19,-8.12,-7.62,15.19,12.53,79.88,671.65,715.18,715.18,8.07,7.99,Buy,Buy,Buy,Buy,Neutral,Neutral,53.24,15.57,-4.95,126.87,85.86,83.53,spinning_top_white,78.75,4.07,-2.00,757931.00,4.14,5673521.00,-70.92,0.00,0.00,0.00,82.07,0.00,0.00,67.41,20.21,0.00,0.00,34.79,46298683220.57,68.13,0.00,0.00,69.39,76.91,90.48,89.43,77.96,116.24,150.00,77.00,120.00,-0.19,-0.07,-0.06,917644324.00,189646823.00,231623736.00
[object Object],LONN,Lonza Group AG,SIX,574.60,stock,common,10.00,2.00,false,0.00,CHF,1.41,39621.00,0.29,47517006543.26,USD,0.00,-1.92,-115.18,0.88,Health technology,switzerland,Health Technology,Buy,Buy,1.41,-0.17,0.31,18.13,12.14,7.85,6.05,-19.88,235.49,567.05,1.67,2.07,Buy,Buy,StrongBuy,Strong buy,Neutral,Neutral,59.97,26.60,3.80,61.77,76.01,66.68,0.00,0.00,0.00,0.00,0.00,0.00,39621.00,-59.98,0.00,0.00,0.00,-3.45,0.00,0.00,6.26,4.94,27.85,186.92,82.52,52084993743.26,6.65,27.08,19.56,564.60,566.01,539.87,517.29,527.28,832.43,1027.55,541.46,830.65,22.88,10.68,11.44,8979728277.14,4196165834.24,4591151838.42
[object Object],PKN,ORLEN Spolka Akcyjna,GPW,149.18,stock,common,100.00,2.00,false,0.00,PLN,-2.31,1256954.00,0.85,47401787497.20,USD,11.62,3.46,63.40,5.24,Energy minerals,poland,Energy Minerals,Buy,Buy,-2.31,2.18,9.90,6.41,39.45,54.14,76.90,101.92,131.39,571.98,3.91,2.76,Buy,Buy,StrongBuy,Strong buy,Neutral,Neutral,55.43,-6.82,8.27,55.48,53.55,46.38,engulfing_bearish,0.00,0.00,0.00,0.00,1.00,1256954.00,32.38,0.00,0.00,0.00,70.76,11.62,0.19,0.66,1.17,4.43,19.10,5.16,49053188137.20,0.68,6.02,4.10,148.64,143.52,140.74,137.93,120.41,38.71,47.41,25.13,41.45,5.62,1.43,1.37,85545210942.50,22087649547.49,20751629793.49
[object Object],FER,Ferrovial N.V.,BME,57.66,stock,common,100.00,2.00,false,0.00,EUR,0.98,215245.00,0.25,47245609218.00,USD,68.76,0.96,-81.98,1.65,Industrial services,spain,Industrial Services,Buy,Buy,0.98,1.37,0.14,-7.00,-2.50,4.76,28.79,129.26,227.61,748.14,1.52,1.79,Buy,Buy,StrongBuy,Strong buy,Neutral,Neutral,54.89,1.96,-0.10,111.94,83.48,86.07,engulfing_bullish,0.00,0.00,0.00,0.00,-0.28,215245.00,-58.19,0.00,0.00,0.00,19.42,68.76,0.00,4.20,7.31,18.98,20.25,10.79,56984786298.00,5.06,48.58,32.23,56.50,56.97,57.76,57.95,57.58,71.34,83.18,51.99,75.09,1.17,0.00,0.00,11813439796.91,4927988900.00,0.00
[object Object],IDXX,"IDEXX Laboratories, Inc.",NASDAQ,596.99,stock,common,100.00,1.00,false,0.00,USD,1.18,40554.00,0.06,47031147102.30,USD,43.93,13.59,25.58,0.00,Health technology,america,Health Technology,Buy,Buy,1.18,7.94,6.07,4.33,-7.07,-11.76,-5.20,-12.87,448.70,63052.10,4.05,3.33,Buy,Buy,StrongBuy,Strong buy,Buy,Buy,63.74,52.66,28.42,140.97,62.62,61.42,0.00,591.06,0.18,0.02,95.00,-0.38,40554.00,-93.71,0.00,0.00,0.00,-2.01,43.93,1.70,10.64,30.40,39.67,44.32,238.65,47936070102.30,10.78,34.04,30.78,574.11,560.46,560.17,562.72,619.18,725.50,805.00,665.00,707.50,14.76,3.94,3.73,4723277921.00,1200226154.00,1191246256.00
[object Object],DVN,Devon Energy Corporation,NYSE,42.64,stock,common,100.00,1.00,false,0.00,USD,-1.09,953464.00,0.09,46904000663.68,USD,10.10,4.22,-5.41,2.41,Energy minerals,america,Energy Minerals,StrongBuy,Strong buy,-1.09,-4.42,-1.40,-7.30,-1.55,16.25,28.86,61.94,6.60,693.30,2.26,2.52,Sell,Sell,StrongSell,Strong sell,Sell,Sell,45.40,-2.40,0.22,-122.90,13.77,23.89,spinning_top_white,42.63,-1.11,0.02,13623.00,-1.21,953464.00,-91.31,0.00,0.00,0.00,126.51,10.10,0.00,2.04,1.17,4.66,26.42,39.72,57788000663.68,2.92,11.97,6.48,43.60,43.09,43.58,45.88,42.10,60.41,68.00,44.00,60.00,4.98,1.40,1.24,23216046945.00,6010442805.00,6624342937.00
[object Object],NBIS,Nebius Group N.V. Class A,NASDAQ,185.92,stock,common,100.00,1.00,false,0.00,USD,-2.09,6243548.00,0.23,46786850464.55,USD,62.03,3.00,0.00,0.00,Technology services,america,Technology Services,Buy,Buy,-2.09,-7.47,-3.50,1.21,134.67,113.74,188.83,173.17,747.02,431.20,11.98,12.50,Sell,Sell,StrongSell,Strong sell,Buy,Buy,45.33,-1.85,-7.85,-33.35,62.09,75.54,0.00,197.52,4.02,2.21,908536.00,3.94,6243548.00,-76.64,0.00,0.00,0.00,254.94,62.03,0.00,66.83,6.52,0.00,0.00,6.18,46985850464.55,53.52,0.00,8101.01,191.77,206.02,223.49,189.02,143.36,267.31,410.00,144.00,265.00,-2.93,-0.77,-0.72,3361798325.00,375126038.00,569890186.00
[object Object],EXC,Exelon Corporation,NASDAQ,45.27,stock,common,100.00,1.00,false,0.00,USD,-0.12,491058.00,0.05,46724972751.54,USD,16.58,2.73,3.62,3.62,Utilities,america,Utilities,Neutral,Neutral,-0.12,-0.55,-5.56,1.70,2.24,3.91,0.23,33.61,74.97,323.19,2.08,2.26,StrongSell,Strong sell,StrongSell,Strong sell,Sell,Sell,41.10,-2.27,-1.16,-125.37,19.02,23.35,0.00,45.09,-0.51,0.44,18753.00,-0.46,491058.00,-92.55,0.00,0.00,0.00,8.19,16.58,4.59,1.84,1.57,6.45,0.00,19.22,97308972751.54,3.84,18.48,10.78,46.07,46.58,46.23,46.55,46.14,49.71,58.00,41.00,49.00,2.86,0.44,0.83,25356259050.00,5444465599.00,6939940013.00
[object Object],ASM,ASM International N.V.,EURONEXT,858.80,stock,common,10.00,2.00,false,0.00,EUR,3.10,68730.00,0.24,46696248570.64,USD,39.27,24.98,104.67,0.39,Producer manufacturing,netherlands,Producer Manufacturing,Buy,Buy,3.10,-1.69,-5.15,0.42,29.57,63.15,108.29,168.63,2433.33,3875.93,4.37,5.09,Buy,Buy,Buy,Buy,Buy,Buy,50.22,-0.60,-72.26,12.89,69.31,59.85,0.00,0.00,0.00,0.00,0.00,-0.94,68730.00,-34.73,0.00,0.00,0.00,70.69,39.27,0.36,12.17,9.46,42.10,55.80,35.77,45417967178.64,11.82,38.98,31.15,798.22,878.40,912.36,851.64,729.05,1228.21,1683.18,554.52,1270.76,27.25,6.39,6.83,4837760103.06,1139894404.13,1253286872.31
[object Object],DNB,DNB Bank ASA,OSL,308.60,stock,common,10.00,1.00,false,0.00,NOK,-0.03,351308.00,0.31,46580360961.52,USD,11.16,2.79,-7.52,5.83,Finance,norway,Finance,Neutral,Neutral,-0.03,1.68,3.66,9.67,6.93,9.32,17.43,66.50,230.05,884.81,1.05,1.41,Buy,Buy,StrongBuy,Strong buy,Sell,Sell,67.54,9.90,8.80,131.18,91.00,91.85,doji,0.00,0.00,0.00,0.00,-0.06,351308.00,-53.85,0.00,0.00,0.00,12.36,11.16,0.00,4.74,1.73,10.76,11.36,0.00,160926066361.52,8.24,0.00,0.00,304.40,299.17,295.24,293.30,285.81,32.61,35.32,29.42,32.90,2.64,0.65,0.70,8868430260.01,2243480096.73,2323999230.12
[object Object],AENA,Aena SME SA,BME,26.88,stock,common,100.00,2.00,false,0.00,EUR,0.22,167997.00,0.12,46345764072.37,USD,17.96,1.71,11.17,3.29,Transportation,spain,Transportation,Buy,Buy,0.22,0.45,-1.68,11.63,-1.14,13.42,10.44,93.80,108.61,312.90,1.46,1.77,Buy,Buy,StrongBuy,Strong buy,Neutral,Neutral,54.78,0.18,0.08,47.64,60.85,58.27,0.00,0.00,0.00,0.00,0.00,-0.07,167997.00,-84.19,0.00,0.00,0.00,13.31,17.96,1.60,6.10,4.66,13.71,18.20,22.38,53485321620.87,7.10,15.36,12.20,26.80,26.71,26.35,25.58,25.19,31.19,35.49,23.04,31.92,1.83,0.49,0.59,8062267867.22,2064179465.31,2255629983.75
[object Object],SEB_A,Skandinaviska Enskilda Banken AB Class A,OMXSTO,224.80,stock,common,10.00,1.00,false,0.00,SEK,-0.31,786433.00,0.35,46221923276.68,USD,14.34,1.61,-2.93,3.77,Finance,sweden,Finance,Neutral,Neutral,-0.31,1.40,12.12,24.96,15.67,14.96,29.87,88.51,201.34,403.75,1.44,1.61,Buy,Buy,StrongBuy,Strong buy,Sell,Sell,70.01,6.20,16.89,87.57,77.91,82.70,0.00,0.00,0.00,0.00,0.00,-0.40,786433.00,-59.19,0.00,0.00,0.00,18.20,14.34,0.00,5.29,1.97,19.43,0.00,0.00,116250518276.68,7.37,0.00,0.00,222.89,210.81,201.50,191.07,190.46,21.91,25.08,18.81,22.00,1.77,0.40,0.43,8490387143.76,1972411263.92,2067387799.81
[object Object],DANSKE,Danske Bank A/S,OMXCOP,375.00,stock,common,10.00,1.00,false,0.00,DKK,-0.61,338440.00,0.50,46075080618.03,USD,12.90,4.43,4.11,4.49,Finance,denmark,Finance,Buy,Buy,-0.61,0.48,2.60,16.53,10.36,17.74,42.86,236.62,107.64,216.60,1.42,1.72,Buy,Buy,StrongBuy,Strong buy,Sell,Sell,61.59,18.50,12.31,77.01,89.17,93.47,0.00,0.00,0.00,0.00,0.00,-0.42,338440.00,-38.79,0.00,0.00,0.00,35.63,12.90,3.16,2.22,1.81,9.61,9.74,0.00,230336020118.03,8.61,0.00,0.00,371.66,365.82,355.35,339.28,324.64,60.78,65.59,52.53,61.29,4.74,1.12,1.15,9342613697.94,2235048405.48,2254263170.97
[object Object],VST,Vistra Corp.,NYSE,136.62,stock,common,100.00,1.00,false,0.00,USD,-3.37,2352331.00,0.44,46064183991.71,USD,22.81,5.99,-6.07,0.64,Utilities,america,Utilities,StrongBuy,Strong buy,-3.37,-10.03,-11.28,-11.86,-8.92,-16.64,-28.18,634.09,801.75,801.75,5.44,4.86,Sell,Sell,StrongSell,Strong sell,Neutral,Neutral,36.66,-26.76,-11.89,-153.95,3.63,8.40,0.00,138.25,-2.21,1.20,361347.00,-1.96,2352331.00,-56.62,0.00,0.00,0.00,-25.40,22.81,0.00,2.94,14.80,10.00,25.90,69.60,67795183991.71,4.12,93.13,18.71,146.31,154.69,155.02,154.84,162.27,228.00,313.00,181.00,222.00,9.06,1.61,2.51,23250789830.00,5464233899.00,7093651419.00
[object Object],SREN,Swiss Re AG,SIX,137.20,stock,common,100.00,5.00,false,0.00,CHF,0.04,537836.00,0.64,45851549560.32,USD,10.54,16.10,19.98,4.59,Finance,switzerland,Finance,Sell,Sell,0.04,1.97,3.74,11.54,7.02,4.57,-10.91,64.31,67.83,178.81,2.16,2.02,Buy,Buy,StrongBuy,Strong buy,Neutral,Neutral,63.37,2.70,3.16,102.34,81.93,74.89,0.00,0.00,0.00,0.00,0.00,-0.26,537836.00,-54.83,0.00,0.00,0.00,-7.77,10.54,0.53,1.09,2.05,22.38,22.38,0.00,55283838042.30,1.20,0.00,0.00,135.87,133.66,128.59,128.01,131.07,158.64,202.34,141.93,154.27,16.45,0.00,0.00,43905094058.00,0.00,0.00
[object Object],SWED_A,Swedbank AB Class A,OMXSTO,386.60,stock,common,10.00,1.00,false,0.00,SEK,-0.44,572229.00,0.44,45591922311.57,USD,14.00,2.84,-8.05,5.27,Finance,sweden,Finance,Neutral,Neutral,-0.44,1.87,5.11,19.62,9.70,20.06,46.44,127.47,112.30,273.91,1.38,1.53,Buy,Buy,StrongBuy,Strong buy,Sell,Sell,66.73,15.60,17.32,112.52,89.00,92.76,doji,0.00,0.00,0.00,0.00,-0.39,572229.00,-47.55,0.00,0.00,0.00,43.79,14.00,0.00,5.24,2.10,76.13,82.97,0.00,134153359611.57,10.35,0.00,0.00,381.28,370.51,360.27,343.93,332.22,38.55,44.58,33.41,38.26,2.96,0.66,0.75,7759796960.54,1807841951.87,1918224150.58
[object Object],P911,Porsche AG,XETR,43.93,stock,preferred,100.00,1.00,false,0.00,EUR,0.90,71170.00,0.14,45468615854.29,USD,47.15,1.06,-60.84,2.32,Consumer durables,germany,Consumer Durables,Neutral,Neutral,0.90,-1.48,-6.79,4.60,8.52,-4.42,-1.74,-47.70,-47.70,-47.70,2.82,3.35,Sell,Sell,Sell,Sell,Neutral,Neutral,46.67,0.19,-1.30,-56.96,34.38,31.55,0.00,0.00,0.00,0.00,0.00,0.32,71170.00,-83.13,0.00,0.00,0.00,3.31,47.15,0.00,1.12,1.74,10.05,40.18,5.59,50967207314.29,1.26,94.95,7.77,43.69,44.58,45.76,43.87,43.65,54.49,73.94,38.12,53.14,2.26,0.57,0.31,41371867839.81,10030514970.78,10114544182.66
[object Object],FLEX,Flex Ltd,NASDAQ,122.01,stock,common,100.00,1.00,false,0.00,USD,-0.52,248599.00,0.04,45070854990.43,USD,47.11,2.59,13.73,0.00,Electronic technology,america,Electronic Technology,StrongBuy,Strong buy,-0.52,3.48,-5.57,-11.40,96.92,98.58,142.18,832.90,1223.87,9154.34,6.57,6.85,Buy,Buy,Buy,Buy,Buy,Buy,47.28,3.50,-9.88,26.59,70.47,71.24,0.00,123.84,0.97,-0.53,4345.00,1.70,248599.00,-93.03,0.00,0.00,0.00,113.48,47.11,3.45,1.57,8.19,29.21,55.24,16.07,48160854990.43,1.65,29.49,22.29,116.87,128.61,137.61,116.25,89.65,159.55,180.00,142.00,160.00,4.70,0.90,1.06,34608931416.00,7528380489.00,8168967853.00
[object Object],MCHP,Microchip Technology Incorporated,NASDAQ,82.76,stock,common,100.00,1.00,false,0.00,USD,11.30,2844846.00,0.23,44939372392.69,USD,383.33,0.22,0.00,2.45,Electronic technology,america,Electronic Technology,Buy,Buy,11.30,7.37,-0.46,-21.22,11.22,26.82,22.05,9.97,192.44,23103.91,4.91,4.71,Buy,Buy,Buy,Buy,Buy,Buy,51.67,3.90,-5.88,49.15,49.02,46.01,0.00,81.64,9.79,8.53,219368.00,9.40,2844846.00,-82.11,0.00,0.00,0.00,7.78,383.33,0.00,8.64,6.97,47.13,52.06,188.70,50341272392.69,10.68,95.02,41.29,76.51,82.33,87.23,84.32,75.76,113.00,135.00,88.00,116.00,3.48,0.70,0.89,6345931951.00,1458498833.00,1586754929.00
[object Object],RKT,Reckitt Benckiser Group plc,LSE,5316.00,stock,common,1.00,2.00,false,0.00,GBX,1.30,1011790.00,0.60,44834410758.12,USD,12.04,5.85,133.98,4.11,Consumer non-durables,uk,Consumer Non-Durables,Buy,Buy,1.30,0.87,2.86,13.64,-16.81,-11.31,-2.71,-4.85,-27.34,579.80,1.98,2.10,StrongBuy,Strong buy,StrongBuy,Strong buy,Buy,Buy,60.89,366.00,250.48,75.17,61.02,60.09,0.00,0.00,0.00,0.00,0.00,-0.11,1011790.00,-38.22,0.00,0.00,0.00,-14.37,12.04,0.09,2.49,5.95,16.42,22.27,39.25,57371674758.12,3.17,11.14,9.02,5260.00,5104.83,4908.78,4901.89,5457.01,83.00,100.84,71.96,82.02,4.52,1.88,2.57,17470142568.02,8177790904.88,8953612637.15
[object Object],HUM,Humana Inc.,NYSE,373.04,stock,common,100.00,1.00,false,0.00,USD,1.58,67003.00,0.04,44794156133.61,USD,35.33,10.56,-18.96,0.96,Health services,america,Health Services,Buy,Buy,1.58,0.36,-5.85,49.21,97.13,45.69,44.85,-10.82,108.76,31190.97,3.70,4.34,Buy,Buy,Buy,Buy,Neutral,Neutral,48.01,-16.28,-19.94,-67.84,26.73,20.69,marubozu_white_bullish,0.00,0.00,0.00,0.00,-0.88,67003.00,-95.12,0.00,0.00,0.00,66.23,35.33,0.00,0.31,2.33,17.80,23.19,0.00,59105156133.61,0.41,0.00,0.00,370.65,388.25,373.99,300.08,267.72,415.25,513.00,280.00,415.00,9.15,7.27,-0.90,162568419875.00,40580154030.00,40905831186.00
[object Object],TRI,Thomson Reuters Corporation,NASDAQ,101.69,stock,common,100.00,1.00,false,0.00,USD,1.54,73908.00,0.02,44391637089.36,USD,28.03,3.63,-2.50,2.47,Technology services,america,Technology Services,Buy,Buy,1.54,4.30,12.04,10.05,12.07,-24.20,-44.76,-17.32,85.50,145.79,7.69,5.81,Buy,Buy,StrongBuy,Strong buy,Buy,Buy,56.43,11.54,10.30,50.94,53.84,64.69,0.00,100.17,0.02,0.02,100.00,-0.35,73908.00,-96.83,0.00,0.00,0.00,-50.09,28.03,15.88,5.73,4.00,15.88,20.52,77.39,46752800289.36,6.14,22.88,15.64,101.56,93.66,89.28,89.96,107.44,126.16,164.98,99.99,123.98,4.42,0.95,0.90,8102454933.66,1887707619.78,1914399806.82
[object Object],CRDO,Credo Technology Group Holding Ltd.,NASDAQ,237.73,stock,common,100.00,1.00,false,0.00,USD,3.17,809082.00,0.14,44331387383.83,USD,95.87,2.48,789.77,0.00,Technology services,america,Technology Services,StrongBuy,Strong buy,3.17,10.12,-1.81,23.05,130.56,60.20,98.44,1864.71,1864.71,1864.71,9.84,9.26,Buy,Buy,StrongBuy,Strong buy,Neutral,Neutral,53.99,24.58,-8.03,103.76,76.98,77.17,0.00,239.69,4.02,1.55,55486.00,4.65,809082.00,-77.88,0.00,0.00,0.00,90.99,95.87,0.12,33.26,21.36,98.66,112.55,31.74,42913549383.83,32.14,94.46,87.72,213.50,230.33,236.07,195.04,168.33,290.14,350.00,215.00,290.50,6.12,1.02,1.16,2438114109.00,431796649.00,470381382.00
[object Object],WDAY,"Workday, Inc. Class A",NASDAQ,179.44,stock,common,100.00,1.00,false,0.00,USD,5.40,335590.00,0.07,44321681430.33,USD,55.98,3.21,77.00,0.00,Technology services,america,Technology Services,Buy,Buy,5.40,15.41,26.16,42.75,11.41,-16.62,-22.46,-24.15,116.09,273.44,4.46,5.96,StrongBuy,Strong buy,StrongBuy,Strong buy,Neutral,Neutral,70.35,44.10,28.03,142.36,94.82,93.98,"rising_window_bullish,marubozu_white_bullish",174.50,2.50,1.17,11242.00,2.38,335590.00,-90.60,0.00,0.00,0.00,-38.35,55.98,0.69,4.39,6.69,14.36,15.35,10.46,43764681430.33,4.44,35.99,27.86,165.03,146.13,140.86,133.09,163.99,169.53,275.00,92.00,160.00,10.77,2.51,2.61,10671292478.00,2516840560.00,2636211318.00
[object Object],ODFL,"Old Dominion Freight Line, Inc.",NASDAQ,213.10,stock,common,100.00,1.00,false,0.00,USD,0.80,40890.00,0.02,44188735064.26,USD,41.01,5.20,1.48,0.54,Transportation,america,Transportation,Neutral,Neutral,0.80,-0.59,-1.51,7.76,7.46,35.09,41.56,56.18,804.39,37243.63,2.86,3.58,Sell,Sell,StrongSell,Strong sell,Sell,Sell,41.14,-19.89,-8.77,-102.87,25.08,28.94,0.00,0.00,0.00,0.00,0.00,-0.02,40890.00,-97.44,0.00,0.00,0.00,37.36,41.01,27.41,7.88,9.72,31.90,39.90,156.65,43924793064.26,7.84,30.16,24.07,217.13,222.88,226.48,214.75,190.10,235.29,280.00,172.00,240.00,5.82,1.54,1.59,5899463539.00,1539379678.00,1549170155.00
[object Object],TTWO,"Take-Two Interactive Software, Inc.",NASDAQ,234.98,stock,common,100.00,1.00,false,0.00,USD,1.08,637761.00,0.29,43936663606.43,USD,0.00,-1.61,93.64,0.00,Technology services,america,Technology Services,StrongBuy,Strong buy,1.08,-4.62,-8.55,5.54,19.03,-8.82,3.17,48.46,467.31,6308.51,3.87,3.05,Sell,Sell,Sell,Sell,Neutral,Neutral,45.69,3.33,-3.30,-61.89,25.74,36.88,0.00,234.10,0.70,2.38,159091.00,0.44,637761.00,-84.00,0.00,0.00,0.00,12.06,0.00,0.00,6.47,12.41,69.74,94.35,21.74,44892463606.43,6.74,0.00,37.56,241.61,242.85,235.06,224.04,229.20,286.93,368.00,212.00,289.00,6.78,0.56,0.33,8527939817.00,1546905160.00,1357813760.00
[object Object],HLN,Haleon PLC,LSE,369.00,stock,common,10.00,1.00,false,0.00,GBX,-0.43,4476976.00,0.19,43909256115.52,USD,20.36,0.24,8.37,1.92,Health technology,uk,Health Technology,Buy,Buy,-0.43,-0.19,1.46,9.43,-6.94,-1.57,6.40,11.82,11.82,11.82,1.93,2.05,Buy,Buy,StrongBuy,Strong buy,Sell,Sell,54.95,5.50,3.70,23.39,44.63,33.04,0.00,0.00,0.00,0.00,0.00,-0.11,4476976.00,-80.69,0.00,0.00,0.00,1.69,20.36,2.44,2.96,1.98,13.94,16.25,39.85,53979423315.52,3.65,15.67,13.80,368.80,364.24,352.38,352.65,363.64,5.69,6.92,4.24,5.86,0.28,0.13,0.14,15351293927.27,7409394967.95,7804417245.60
[object Object],VOW3,Volkswagen AG Pref,XETR,76.12,stock,preferred,100.00,2.00,false,0.00,EUR,0.74,245485.00,0.25,43904622309.27,USD,7.28,11.94,-37.21,6.96,Consumer durables,germany,Consumer Durables,Buy,Buy,0.74,0.95,2.17,-13.50,-24.41,-26.49,-16.61,-63.12,-36.14,121.34,2.03,2.54,Neutral,Neutral,Neutral,Neutral,Neutral,Neutral,52.68,4.66,2.16,78.14,81.07,85.22,0.00,75.74,0.24,0.24,140.00,0.24,245485.00,-58.19,0.00,0.00,0.00,-22.80,7.28,0.00,0.12,0.22,2.17,0.00,0.53,315088978289.27,0.86,15.15,5.42,75.18,73.47,78.08,83.11,91.17,118.42,152.34,87.54,116.53,21.14,5.41,4.84,379044047490.41,92685678769.71,91958713867.43
[object Object],CBRE,"CBRE Group, Inc. Class A",NYSE,150.20,stock,common,100.00,1.00,false,0.00,USD,1.87,80433.00,0.04,43494211770.31,USD,34.44,4.36,22.19,0.00,Finance,america,Finance,StrongBuy,Strong buy,1.87,1.32,5.35,1.38,-10.34,-6.31,-4.54,54.64,404.87,2271.60,2.60,3.40,Buy,Buy,StrongBuy,Strong buy,Neutral,Neutral,61.07,10.74,8.10,84.26,81.60,83.29,0.00,147.55,0.07,-0.34,12028.00,0.58,80433.00,-95.48,0.00,0.00,0.00,-8.44,34.44,1.52,0.99,5.18,32.43,47.06,25.69,53358211770.31,1.22,43.28,27.02,148.33,142.08,137.70,138.70,147.81,184.64,200.00,170.00,185.00,7.80,1.47,1.90,46379836942.00,11181189200.00,11588832000.00
[object Object],LYV,"Live Nation Entertainment, Inc.",NYSE,183.41,stock,common,100.00,1.00,false,0.00,USD,0.90,37041.00,0.01,43217608261.27,USD,0.00,-1.12,-148.66,0.00,Consumer services,america,Consumer Services,Buy,Buy,0.90,-0.81,-0.06,10.11,31.85,28.77,22.66,116.82,592.64,1494.87,2.24,2.72,StrongBuy,Strong buy,StrongBuy,Strong buy,Buy,Buy,55.83,6.17,2.18,69.72,73.46,73.80,0.00,0.00,0.00,0.00,0.00,0.13,37041.00,-97.81,0.00,0.00,0.00,20.68,0.00,0.00,1.69,518.96,17.16,32.37,4.88,47065506261.27,1.79,31.97,20.90,181.65,181.24,176.18,167.62,156.81,204.46,222.00,155.00,209.00,-0.34,0.66,1.57,28069047588.00,7556393065.00,9590939674.00
[object Object],PAYX,"Paychex, Inc.",NASDAQ,120.23,stock,common,100.00,1.00,false,0.00,USD,0.08,130205.00,0.04,42763749439.32,USD,24.58,4.89,6.81,3.78,Technology services,america,Technology Services,Neutral,Neutral,0.08,4.60,11.25,28.33,22.09,7.23,-14.15,4.60,102.65,57672.61,2.44,3.10,Buy,Buy,StrongBuy,Strong buy,Neutral,Neutral,66.07,6.68,8.79,104.21,66.17,62.12,0.00,119.80,-0.27,0.41,2367.00,-0.57,130205.00,-96.36,0.00,0.00,0.00,-20.32,24.58,3.61,6.61,11.45,16.84,18.55,36.58,46216749439.32,7.10,15.74,13.68,118.46,111.57,106.51,99.31,103.39,109.54,150.00,95.00,105.00,5.97,1.31,1.32,6863427523.00,1600510506.00,1626576188.00
[object Object],AXON,Axon Enterprise Inc,NASDAQ,530.13,stock,common,100.00,1.00,false,0.00,USD,1.47,107664.00,0.11,42729583155.56,USD,219.23,2.42,-40.22,0.00,Electronic technology,america,Electronic Technology,StrongBuy,Strong buy,1.47,2.13,-15.85,22.86,29.30,-7.54,-38.87,176.35,1712.41,90780.26,7.69,5.85,Sell,Sell,Sell,Sell,Neutral,Neutral,49.29,27.79,38.48,-16.62,50.34,73.52,0.00,528.99,1.25,0.49,3197.00,0.74,107664.00,-95.12,0.00,0.00,0.00,-22.19,219.23,0.00,13.40,0.00,164.62,328.53,63.18,43870525155.56,13.63,1473.45,315.28,550.25,548.39,510.33,460.17,512.29,723.24,830.00,600.00,715.00,7.72,1.84,1.94,3700787668.00,876420095.00,943589301.00
[object Object],ASSA_B,ASSA ABLOY AB Class B,OMXSTO,367.20,stock,common,10.00,1.00,false,0.00,SEK,0.08,333389.00,0.23,42669839064.76,USD,24.88,1.52,12.81,1.68,Consumer durables,sweden,Consumer Durables,Buy,Buy,0.08,4.50,8.93,2.57,-5.14,2.51,14.00,32.28,95.94,823.01,1.45,1.75,Buy,Buy,StrongBuy,Strong buy,Neutral,Neutral,70.65,19.20,20.01,120.27,91.17,93.57,0.00,0.00,0.00,0.00,0.00,-0.52,333389.00,-76.08,0.00,0.00,0.00,9.48,24.88,1.94,2.69,3.67,17.02,18.90,105.42,49757086764.76,3.20,19.31,15.59,358.53,345.51,340.64,344.62,353.73,42.58,52.35,36.49,42.93,1.74,0.40,0.46,16975239855.36,4011063353.42,4252228336.24
[object Object],DTG,Daimler Truck Holding AG,XETR,46.31,stock,common,100.00,1.00,false,0.00,EUR,-3.66,1144113.00,0.98,42327144693.86,USD,25.82,2.07,-50.68,3.95,Consumer durables,germany,Consumer Durables,Buy,Buy,-3.66,-5.14,4.80,12.95,5.15,23.86,16.36,65.39,65.39,65.39,2.70,2.65,Buy,Buy,Buy,Buy,Neutral,Neutral,53.86,0.32,4.26,24.66,66.48,77.20,0.00,46.01,-4.29,-5.35,10668.00,-3.27,1144113.00,9.36,0.00,0.00,0.00,7.30,25.82,0.00,0.84,1.62,9.30,12.96,3.04,64017377253.86,1.26,29.74,19.13,48.17,44.75,43.49,42.71,40.87,57.29,63.37,38.02,59.91,4.25,0.70,1.20,57957817122.63,14067213811.52,14975584629.43
[object Object],EQT,EQT AB,OMXSTO,347.80,stock,common,10.00,1.00,false,0.00,SEK,1.25,632824.00,0.36,42048784519.28,USD,35.89,1.00,20.39,1.35,Finance,sweden,Finance,Buy,Buy,1.25,9.17,25.70,12.23,23.77,-4.06,3.45,-22.16,332.05,332.05,2.75,2.87,Buy,Buy,StrongBuy,Strong buy,Sell,Sell,75.00,32.80,42.25,130.50,85.84,89.32,0.00,0.00,0.00,0.00,0.00,0.00,632824.00,-65.33,0.00,0.00,0.00,-2.69,35.89,1.74,13.47,4.76,30.37,30.89,10.02,40833509076.23,13.30,27.02,20.54,331.88,304.16,297.25,299.38,311.22,39.19,46.58,29.10,39.25,1.48,0.58,0.77,3634342434.86,1493204867.79,1812252799.78
[object Object],PRY,Prysmian S.p.A.,MIL,127.50,stock,common,100.00,5.00,false,0.00,EUR,2.41,690093.00,0.38,41910876646.37,USD,26.37,5.52,84.91,0.72,Producer manufacturing,italy,Producer Manufacturing,Buy,Buy,2.41,3.20,-3.56,-10.90,29.31,47.23,78.12,314.10,514.53,779.19,5.55,4.64,Buy,Buy,Buy,Buy,Buy,Buy,48.90,0.60,-9.39,22.38,70.59,59.58,0.00,0.00,0.00,0.00,0.00,1.20,690093.00,-44.77,0.00,0.00,0.00,78.22,26.37,0.30,1.71,5.25,22.24,37.46,27.99,46941747986.37,1.94,19.60,14.66,121.08,130.46,137.26,131.60,111.72,180.80,207.36,126.72,188.93,5.68,1.43,1.66,26060151949.36,6305335210.39,6503705985.95
[object Object],LR,Legrand SA,EURONEXT,140.65,stock,common,100.00,5.00,false,0.00,EUR,1.15,141123.00,0.18,41910610899.55,USD,28.70,5.60,6.22,1.71,Electronic technology,france,Electronic Technology,Buy,Buy,1.15,6.19,-0.81,-10.10,1.81,10.97,8.65,46.60,175.24,486.04,2.76,3.04,Buy,Buy,StrongBuy,Strong buy,Buy,Buy,56.51,6.35,-2.24,96.55,90.28,79.82,0.00,0.00,0.00,0.00,0.00,-0.25,141123.00,-68.38,0.00,0.00,0.00,1.90,28.70,4.56,3.72,4.92,24.25,28.37,19.28,48582649931.55,4.21,20.04,16.58,134.18,138.19,140.48,143.62,139.39,190.53,230.17,139.26,193.92,6.89,1.77,1.63,12855775837.21,3159350103.19,3047027310.89
[object Object],PRU,"Prudential Financial, Inc.",NYSE,121.09,stock,common,100.00,1.00,false,0.00,USD,-0.33,116489.00,0.05,41777775000.00,USD,10.97,11.04,144.26,4.53,Finance,america,Finance,Neutral,Neutral,-0.33,-0.98,4.84,21.62,19.93,7.29,15.91,16.07,58.58,316.13,3.07,2.20,Buy,Buy,StrongBuy,Strong buy,Neutral,Neutral,59.13,1.14,5.68,29.27,37.54,53.31,0.00,0.00,0.00,0.00,0.00,-0.41,116489.00,-95.04,0.00,0.00,0.00,18.11,10.97,0.08,0.65,1.32,3.84,3.84,0.00,79491775000.00,1.23,0.00,0.00,122.26,117.38,112.47,105.39,106.25,107.36,130.00,90.00,110.00,13.94,3.52,3.43,59170637120.00,14360835837.00,14895294375.00
[object Object],CMG,"Chipotle Mexican Grill, Inc.",NYSE,33.01,stock,common,100.00,1.00,false,0.00,USD,-2.08,2109431.00,0.10,41771446013.93,USD,30.45,1.08,-4.17,0.00,Consumer services,america,Consumer Services,Buy,Buy,-2.08,-13.06,-2.97,-1.26,-14.87,-11.38,-23.20,-12.67,310.08,3567.78,4.53,4.22,Sell,Sell,StrongSell,Strong sell,Sell,Sell,46.00,1.22,0.90,-61.96,29.79,37.62,0.00,33.46,-0.74,0.00,50149.00,-1.07,2109431.00,-87.36,0.00,0.00,0.00,-27.77,30.45,0.00,3.47,19.03,18.14,26.91,62.29,46512785013.93,3.74,24.30,20.29,34.92,34.34,32.98,33.13,34.75,44.05,52.00,36.00,44.00,1.15,0.32,0.29,13020631354.00,3331365806.00,3277888960.00
[object Object],DHI,"D.R. Horton, Inc.",NYSE,149.21,stock,common,100.00,1.00,false,0.00,USD,2.19,157711.00,0.07,41734228499.96,USD,14.20,10.51,-15.75,1.20,Consumer durables,america,Consumer Durables,Neutral,Neutral,2.19,2.80,-2.71,1.52,-5.22,3.37,-3.56,58.23,360.95,8931.10,2.82,3.33,Sell,Sell,Sell,Sell,Neutral,Neutral,50.17,2.45,-4.16,18.08,64.94,61.29,0.00,147.50,1.02,0.67,14015.00,0.31,157711.00,-93.38,0.00,0.00,0.00,-3.75,14.20,0.00,1.24,1.76,12.60,13.19,19.78,47370228499.96,1.42,11.75,11.44,147.83,150.78,151.33,147.88,150.02,164.00,206.00,125.00,161.50,10.48,3.02,3.05,32773141460.00,9096153217.00,9112141460.00
[object Object],UAL,"United Airlines Holdings, Inc.",NASDAQ,128.54,stock,common,100.00,1.00,false,0.00,USD,-0.45,186840.00,0.05,41721996315.08,USD,12.01,10.70,7.20,0.00,Transportation,america,Transportation,StrongBuy,Strong buy,-0.45,4.03,2.67,28.54,19.83,14.16,44.17,173.54,165.63,195.49,2.63,3.58,Buy,Buy,StrongBuy,Strong buy,Sell,Sell,57.12,10.27,5.13,106.69,77.97,84.96,0.00,130.05,0.72,0.14,8965.00,0.71,186840.00,-91.94,0.00,0.00,0.00,36.90,12.01,1.68,0.67,2.50,4.71,16.50,2.52,58752996315.08,0.93,13.80,8.10,126.01,125.36,121.02,107.84,106.28,164.89,205.00,139.00,162.50,10.43,1.88,3.18,67878439367.00,17620247780.00,17789789307.00
[object Object],BMPS,Banca Monte dei Paschi di Siena S.p.A.,MIL,11.91,stock,common,1000.00,2.00,false,0.00,EUR,0.24,10128477.00,0.64,41576784640.44,USD,7.75,1.81,-0.75,7.24,Finance,italy,Finance,Buy,Buy,0.24,2.30,7.84,28.91,34.08,28.02,49.76,-51.98,-97.88,-99.99,1.53,1.89,Buy,Buy,StrongBuy,Strong buy,Sell,Sell,68.08,0.28,0.47,156.66,83.59,79.72,0.00,0.00,0.00,0.00,0.00,0.94,10128477.00,-53.05,0.00,0.00,0.00,281.02,7.75,0.00,4.88,1.29,25.86,26.95,0.00,116443535779.86,13.33,0.00,0.00,11.69,11.38,10.94,9.72,9.02,12.58,13.67,11.39,12.58,0.90,0.00,0.00,9347466567.17,0.00,0.00
[object Object],AIG,"American International Group, Inc.",NYSE,78.39,stock,common,100.00,1.00,false,0.00,USD,-1.98,212388.00,0.07,41560216584.26,USD,13.85,5.66,26.48,2.31,Finance,america,Finance,Buy,Buy,-1.98,-0.24,-3.36,2.48,2.89,-8.03,0.65,54.70,31.89,449.81,2.14,2.11,Sell,Sell,Sell,Sell,Sell,Sell,48.46,-0.67,0.69,-51.81,59.92,63.17,0.00,0.00,0.00,0.00,0.00,-1.03,212388.00,-93.17,0.00,0.00,0.00,-5.78,13.85,0.53,1.63,1.03,12.06,12.06,0.00,50740216584.26,1.90,0.00,0.00,79.42,78.83,77.18,76.72,77.53,88.90,102.00,80.00,89.00,8.00,1.92,1.82,29218244395.00,7247586658.00,7513160549.00
[object Object],MSCI,MSCI Inc. Class A,NYSE,570.12,stock,common,100.00,1.00,false,0.00,USD,0.51,26147.00,0.04,41447357332.97,USD,31.18,18.28,21.13,1.36,Commercial services,america,Commercial Services,Buy,Buy,0.51,-0.11,-5.64,-3.23,0.17,-0.25,3.08,-9.39,557.50,2378.76,1.91,2.82,Sell,Sell,StrongSell,Strong sell,Neutral,Neutral,44.42,19.33,-11.86,-49.46,33.43,27.60,downside_tasuki_gap_bearish,567.30,0.01,0.49,80.00,0.01,26147.00,-96.08,0.00,0.00,0.00,-2.29,31.18,1.47,12.40,0.00,25.85,26.34,116.61,47635157332.97,14.29,25.67,22.94,573.64,586.98,593.67,580.87,573.34,696.94,805.00,570.00,700.00,19.72,4.99,5.03,3512298191.00,870709369.00,884717426.00
[object Object],YUM,"Yum! Brands, Inc.",NYSE,150.65,stock,common,100.00,1.00,false,0.00,USD,-1.07,107349.00,0.04,41112549259.75,USD,18.95,7.95,57.04,1.92,Consumer services,america,Consumer Services,Buy,Buy,-1.07,-4.68,-9.58,-4.86,-6.03,-0.59,6.05,12.50,135.46,2518.89,2.82,3.33,StrongSell,Strong sell,StrongSell,Strong sell,Neutral,Neutral,46.72,1.73,-4.03,-16.49,33.12,28.25,0.00,152.62,0.22,0.22,196.00,-0.51,107349.00,-95.51,0.00,0.00,0.00,2.64,18.95,0.34,4.84,0.00,20.03,24.85,48.47,53665549259.75,6.15,18.98,17.52,151.21,154.95,153.41,155.09,154.35,175.16,200.00,147.00,176.00,6.62,1.58,1.57,9013014601.00,2180557829.00,2160659632.00
[object Object],SCMN,Swisscom AG,SIX,627.00,stock,common,10.00,5.00,false,0.00,CHF,-2.49,41875.00,0.65,40988493330.51,USD,24.72,31.38,-1.35,4.04,Communications,switzerland,Communications,Sell,Sell,-2.49,0.40,2.79,-5.00,-4.78,8.95,8.67,14.21,31.75,-2.03,1.75,1.41,Sell,Sell,StrongSell,Strong sell,Neutral,Neutral,49.11,4.50,1.25,40.54,45.13,32.22,0.00,0.00,0.00,0.00,0.00,-0.08,41875.00,-62.98,0.00,0.00,0.00,12.91,24.72,0.00,2.25,2.82,5.31,10.07,151.07,61027583730.51,3.33,21.42,7.04,628.60,623.90,632.49,653.63,635.77,716.59,904.49,541.46,716.82,34.98,7.34,8.13,18552278142.71,4459349216.05,4514162601.90
[object Object],PST,Poste Italiane SpA,MIL,27.40,stock,common,100.00,1.00,false,0.00,EUR,0.26,929056.00,0.27,40957729077.90,USD,14.58,2.17,16.48,4.57,Transportation,italy,Transportation,Buy,Buy,0.26,4.10,-4.53,17.60,21.13,27.98,39.72,140.56,324.81,294.24,1.95,1.93,Buy,Buy,StrongBuy,Strong buy,Buy,Buy,52.28,1.25,-0.67,22.37,76.71,66.65,0.00,0.00,0.00,0.00,0.00,0.51,929056.00,-51.48,0.00,0.00,0.00,39.19,14.58,0.88,1.68,2.79,11.89,15.71,3.59,144592296257.90,5.95,38.18,29.73,26.71,27.75,27.63,25.11,23.37,33.48,40.09,18.79,34.05,2.26,0.51,0.60,16125238557.70,3814889067.90,3859442331.68
[object Object],KER,Kering SA,EURONEXT,286.90,stock,common,100.00,5.00,false,0.00,EUR,-0.98,62279.00,0.15,40919246703.45,USD,0.00,-1.99,-129.28,1.04,Consumer non-durables,france,Consumer Non-Durables,Neutral,Neutral,-0.98,-0.43,14.58,17.34,12.51,-4.64,36.78,-63.24,69.11,1021.90,2.98,3.05,Buy,Buy,StrongBuy,Strong buy,Neutral,Neutral,62.24,44.60,25.86,92.30,88.95,86.05,long_upper_shadow_bearish,0.00,0.00,0.00,0.00,-0.78,62279.00,-75.75,0.00,0.00,0.00,17.91,0.00,0.00,2.49,2.43,10.37,12.46,4.15,52793116843.45,3.23,29.20,12.84,278.97,259.23,259.60,253.72,271.70,335.87,415.05,201.76,328.59,7.61,3.54,3.33,17323085055.45,8196564620.00,8598907684.00
[object Object],BMW,Bayerische Motoren Werke AG,XETR,59.36,stock,common,100.00,2.00,false,0.00,EUR,1.26,458443.00,0.31,40880715153.87,USD,5.72,11.86,11.84,7.51,Consumer durables,germany,Consumer Durables,Neutral,Neutral,1.26,-0.40,-0.27,-27.89,-32.74,-36.27,-30.12,-27.64,-22.14,825.81,1.99,2.10,Neutral,Neutral,Sell,Sell,Neutral,Neutral,47.71,2.40,0.53,27.65,52.53,58.40,0.00,58.98,0.61,0.07,250.00,0.61,458443.00,-60.24,0.00,0.00,0.00,-29.50,5.72,0.48,0.28,0.37,9.42,0.00,1.94,156527394873.87,1.07,17.09,7.96,59.39,58.73,61.62,70.22,79.04,84.01,113.29,66.84,81.25,7.93,2.14,1.33,151404564528.36,36981378167.93,35719508237.47
[object Object],KDP,Keurig Dr Pepper Inc.,NASDAQ,29.75,stock,common,100.00,1.00,false,0.00,USD,-2.03,1437625.00,0.11,40483447501.21,USD,30.16,0.99,-12.46,3.03,Consumer non-durables,america,Consumer Non-Durables,Buy,Buy,-2.03,-4.37,-5.54,4.33,6.31,6.96,-11.39,-13.23,90.96,537.29,4.00,3.02,Sell,Sell,StrongSell,Strong sell,Sell,Sell,40.43,0.07,-0.42,-133.27,27.89,44.93,falling_window_bearish,29.88,-1.61,-0.07,16093.00,-1.68,1437625.00,-91.90,0.00,0.00,0.00,-8.04,30.16,0.00,2.06,1.62,16.97,22.11,26.14,77524447501.21,3.86,20.18,16.11,30.82,31.18,31.10,29.35,28.70,36.57,42.00,32.00,37.50,2.29,0.54,0.62,26306020485.00,7231588225.00,7336494300.00
[object Object],A,"Agilent Technologies, Inc.",NYSE,142.83,stock,common,100.00,1.00,false,0.00,USD,1.05,97993.00,0.06,40339753773.34,USD,28.69,4.98,22.80,0.72,Health technology,america,Health Technology,Buy,Buy,1.05,3.15,10.64,20.93,9.60,4.84,24.74,-8.49,200.25,365.91,2.17,2.86,StrongBuy,Strong buy,StrongBuy,Strong buy,Buy,Buy,65.48,4.26,5.14,113.05,95.39,90.32,0.00,142.02,0.48,0.48,369.00,0.06,97993.00,-91.56,0.00,0.00,0.00,16.60,28.69,1.25,5.53,5.66,27.84,37.19,22.37,41887753773.34,5.79,25.25,21.64,140.01,135.70,134.28,124.60,131.01,159.33,185.00,135.00,157.50,6.06,1.41,1.49,7446084474.00,1798501154.00,1841510467.00
[object Object],SYY,Sysco Corporation,NYSE,83.45,stock,common,100.00,1.00,false,0.00,USD,-1.06,123092.00,0.03,39906727048.67,USD,23.15,3.61,-6.74,2.57,Distribution services,america,Distribution Services,Buy,Buy,-1.06,-1.18,-1.46,13.90,-1.56,14.43,2.07,11.26,62.68,61845.16,3.19,2.56,Buy,Buy,Buy,Buy,Sell,Sell,52.32,0.34,0.94,7.85,60.76,59.60,hanging_man_bearish,83.89,-0.55,0.00,1020.00,-0.72,123092.00,-96.51,0.00,0.00,0.00,7.23,23.15,0.00,0.49,14.98,15.10,22.03,22.46,53087727048.67,0.64,15.37,11.63,84.43,83.34,81.05,78.26,78.67,89.82,100.00,78.00,89.00,5.04,1.51,1.20,89427904235.00,21945346781.00,22021081967.00
[object Object],TSCO,Tesco PLC,LSE,477.20,stock,common,10.00,1.00,false,0.00,GBX,0.32,8213640.00,0.63,39858336667.17,USD,17.64,0.36,15.11,3.05,Retail trade,uk,Retail Trade,Buy,Buy,0.32,-1.91,1.60,2.13,6.95,7.74,13.46,105.34,209.37,1263.44,2.80,2.08,Neutral,Neutral,Buy,Buy,Neutral,Neutral,49.75,-3.10,4.76,-62.02,47.50,42.49,0.00,0.00,0.00,0.00,0.00,-0.17,8213640.00,-37.76,0.00,0.00,0.00,10.55,17.64,1.16,0.42,2.64,7.51,11.12,7.48,54534468667.17,0.55,13.05,8.10,485.70,476.18,467.20,469.23,460.95,6.93,7.33,6.13,6.99,0.41,0.18,0.22,101097317889.24,48957373984.80,49793756395.20
[object Object],HOT,HOCHTIEF Aktiengesellschaft,XETR,457.00,stock,common,10.00,2.00,false,0.00,EUR,-0.04,14600.00,0.17,39638135680.75,USD,38.68,13.49,8.35,1.44,Industrial services,germany,Industrial Services,Neutral,Neutral,-0.04,1.33,-2.81,-16.38,29.68,36.09,133.16,565.99,290.60,2712.31,3.19,3.65,Buy,Buy,Buy,Buy,Buy,Buy,49.38,9.60,-17.16,56.18,73.67,62.94,spinning_top_black,0.00,0.00,0.00,0.00,0.35,14600.00,-79.69,0.00,0.00,0.00,127.01,38.68,4.64,0.86,26.54,14.83,18.43,3.84,40856279324.71,0.89,21.88,15.65,443.74,461.74,475.22,466.77,401.93,579.55,697.52,373.55,590.30,16.77,0.00,0.00,51162279121.52,12069861110.00,0.00
[object Object],COIN,"Coinbase Global, Inc. Class A",NASDAQ,149.83,stock,common,100.00,1.00,false,0.00,USD,3.04,1786249.00,0.22,39530697710.00,USD,0.00,-3.84,-137.16,0.00,Finance,america,Finance,Buy,Buy,3.04,-2.14,-5.94,-19.47,-3.06,-35.02,-51.86,-41.36,-60.67,-60.67,5.04,5.71,Sell,Sell,StrongSell,Strong sell,Neutral,Neutral,44.08,-8.46,-9.43,-97.55,21.87,22.62,0.00,148.22,1.93,0.49,182576.00,1.93,1786249.00,-69.47,0.00,0.00,0.00,0.00,0.00,0.00,7.99,3.02,23.03,23.03,4.35,37134329710.00,7.74,0.00,0.00,154.77,158.47,160.72,175.45,207.70,195.87,330.00,85.00,193.00,-2.30,-0.44,-0.14,5191783075.00,1292321522.00,1183260055.00
[object Object],ED,"Consolidated Edison, Inc.",NYSE,107.13,stock,common,100.00,1.00,false,0.00,USD,-1.68,243086.00,0.10,39478745590.32,USD,18.04,5.94,9.60,3.19,Utilities,america,Utilities,Neutral,Neutral,-1.68,-1.72,-5.73,-0.16,-2.22,7.52,3.45,41.34,37.64,1218.46,2.06,2.12,Sell,Sell,StrongSell,Strong sell,Neutral,Neutral,39.28,-5.89,-3.00,-129.68,23.19,23.20,0.00,109.94,0.91,-0.22,1145.00,-0.84,243086.00,-91.87,0.00,0.00,0.00,12.03,18.04,1.91,2.31,1.40,9.44,0.00,265.55,66508745590.32,3.86,22.30,12.52,109.50,111.03,109.27,109.64,106.43,112.03,130.00,94.00,112.50,6.10,0.76,2.04,17593106328.00,3597227048.00,4887047340.00
[object Object],WAT,Waters Corporation,NYSE,401.46,stock,common,100.00,1.00,false,0.00,USD,0.44,36402.00,0.04,39417693367.89,USD,51.10,7.86,-28.76,0.00,Health technology,america,Health Technology,Buy,Buy,0.44,4.88,8.30,14.99,6.44,5.88,42.86,1.25,155.94,10517.12,3.05,3.36,Buy,Buy,StrongBuy,Strong buy,Neutral,Neutral,65.18,26.78,15.75,173.35,96.35,90.82,0.00,400.01,0.08,0.04,1542.00,0.23,36402.00,-95.92,0.00,0.00,0.00,108.86,51.10,0.00,8.71,2.58,89.93,137.01,71.38,44525693367.89,11.81,59.87,40.20,386.42,378.00,373.34,346.49,355.85,437.23,475.00,400.00,434.50,14.57,3.01,4.00,6454556143.00,1622303345.00,1753190357.00
[object Object],ROP,"Roper Technologies, Inc.",NASDAQ,397.99,stock,common,100.00,1.00,false,0.00,USD,0.23,58192.00,0.06,39361556428.82,USD,16.49,24.13,69.58,0.90,Technology services,america,Technology Services,Neutral,Neutral,0.23,3.35,10.42,13.74,12.60,-10.51,-27.11,-18.32,132.58,19799.50,2.34,3.30,StrongBuy,Strong buy,StrongBuy,Strong buy,Buy,Buy,64.98,30.65,31.97,89.59,81.64,79.41,0.00,398.62,0.39,0.00,2314.00,0.82,58192.00,-90.43,0.00,0.00,0.00,-34.89,16.49,0.24,4.82,2.10,15.00,15.27,109.72,50316056428.82,6.08,21.73,15.54,393.02,367.04,353.05,350.02,380.95,448.85,550.00,335.00,450.00,22.20,5.28,5.78,8567275288.00,2095346371.00,2173780571.00
[object Object],MSTR,Strategy Inc Class A,NASDAQ,101.86,stock,common,100.00,1.00,false,0.00,USD,5.17,6046263.00,0.42,39137209858.05,USD,0.00,-97.21,-955.74,0.00,Technology services,america,Technology Services,StrongBuy,Strong buy,5.17,7.38,8.73,-42.99,-11.39,-34.11,-73.77,27.91,513.21,1153.66,4.18,5.38,Buy,Buy,Buy,Buy,Buy,Buy,52.23,10.19,1.08,173.31,63.79,56.27,0.00,101.26,4.55,0.15,590633.00,4.64,6046263.00,-40.31,0.00,0.00,0.00,-69.89,0.00,0.00,68.51,1.23,0.00,0.00,14.66,57899052858.05,116.18,0.00,0.00,96.88,95.55,106.38,130.88,152.95,237.71,450.00,125.00,213.00,-16.86,-2.19,13.34,497096601.00,122993311.00,128206279.00
[object Object],CCL,Carnival Corporation Ltd.,NYSE,28.46,stock,common,100.00,1.00,false,0.00,USD,-1.13,1478369.00,0.07,38987064861.62,USD,12.82,2.22,20.35,1.04,Consumer services,america,Consumer Services,Buy,Buy,-1.13,2.03,9.06,4.65,-10.52,-7.25,-3.87,24.46,-39.20,622.92,2.56,3.37,Buy,Buy,StrongBuy,Strong buy,Neutral,Neutral,54.92,2.14,1.55,85.79,75.68,83.96,marubozu_black_bearish,29.01,0.76,-0.63,164846.00,1.67,1478369.00,-89.40,0.00,0.00,0.00,0.18,12.82,0.64,1.46,3.01,5.84,12.46,17.61,62930064861.62,2.30,14.10,8.59,28.40,27.45,27.86,27.05,27.97,34.68,43.00,19.91,35.00,2.24,0.34,1.35,27621846195.00,6687617204.00,8400502602.00
[object Object],LDO,Leonardo SpA,MIL,58.03,stock,common,100.00,1.00,false,0.00,EUR,-0.89,1895513.00,0.70,38795909427.15,USD,29.74,2.23,7.22,1.08,Electronic technology,italy,Electronic Technology,Buy,Buy,-0.89,6.61,6.87,6.65,10.62,17.23,17.76,758.94,494.27,316.63,3.06,3.30,Buy,Buy,StrongBuy,Strong buy,Sell,Sell,69.76,5.77,5.22,155.85,88.32,90.26,0.00,0.00,0.00,0.00,0.00,0.51,1895513.00,-31.51,0.00,0.00,0.00,12.96,29.74,4.16,1.64,3.47,14.79,29.51,33.96,44236899887.15,1.88,27.12,18.27,55.49,52.54,51.98,53.64,53.58,78.96,94.47,69.12,78.91,2.76,0.00,0.00,26132470611.49,10367489990.00,0.00
[object Object],HIG,"Hartford Insurance Group, Inc.",NYSE,142.97,stock,common,100.00,1.00,false,0.00,USD,-1.07,81377.00,0.04,38726569694.57,USD,9.24,15.47,40.27,1.61,Finance,america,Finance,Buy,Buy,-1.07,0.42,2.75,7.54,-0.06,4.22,10.93,115.87,250.50,474.75,1.58,2.23,Buy,Buy,StrongBuy,Strong buy,Neutral,Neutral,56.73,2.44,4.48,74.01,80.08,77.34,0.00,144.38,-0.09,-0.01,400.00,-0.44,81377.00,-93.22,0.00,0.00,0.00,10.85,9.24,0.23,1.37,2.01,6.72,6.82,0.00,43434569694.57,1.49,0.00,0.00,143.02,139.72,135.46,135.56,135.17,150.05,164.00,135.00,150.00,12.73,3.16,3.06,28857413527.00,7168459755.00,7269467967.00
[object Object],III,3i Group plc,LSE,2878.00,stock,common,1.00,1.00,false,0.00,GBX,0.24,665983.00,0.30,38681551828.96,USD,5.34,7.12,3.50,2.94,Miscellaneous,uk,Miscellaneous,Buy,Buy,0.24,-0.21,10.69,11.66,-11.58,-12.04,-29.50,121.47,356.46,915.08,2.89,3.27,Buy,Buy,StrongBuy,Strong buy,Neutral,Neutral,65.07,120.00,238.41,59.76,83.30,83.87,long_lower_shadow_bullish,0.00,0.00,0.00,0.00,0.07,665983.00,-67.88,0.00,0.00,0.00,-26.94,5.34,1.53,23.00,0.95,117.63,118.11,45.76,39523647028.96,23.73,6.18,0.00,2874.70,2695.40,2520.98,2539.55,2969.98,45.48,56.45,25.51,47.39,7.20,0.00,0.00,7622462454.28,0.00,0.00
[object Object],SSE,SSE PLC,LSE,2385.00,stock,common,1.00,1.00,false,0.00,GBX,0.38,1399077.00,0.54,38555665613.13,USD,22.64,1.39,-2.62,2.89,Utilities,uk,Utilities,Buy,Buy,0.38,1.02,-3.52,-2.69,-3.36,9.76,28.92,53.72,57.11,255.44,1.74,2.11,Sell,Sell,Sell,Sell,Neutral,Neutral,48.24,-37.00,-51.65,-40.20,28.55,24.78,0.00,0.00,0.00,0.00,0.00,-0.13,1399077.00,16.25,0.00,0.00,0.00,39.44,22.64,0.00,2.71,2.27,8.23,0.00,17.65,55088711693.13,4.09,20.99,14.44,2355.90,2421.73,2396.72,2475.92,2389.72,37.67,41.20,31.64,38.11,2.45,1.48,0.58,14973686073.01,7399088580.00,7701567289.20
[object Object],GIVN,Givaudan SA,SIX,3388.00,stock,common,1.00,1.00,false,0.00,CHF,0.06,3413.00,0.21,38450990422.98,USD,32.99,127.05,-12.95,2.13,Consumer non-durables,switzerland,Consumer Non-Durables,Buy,Buy,0.06,2.88,-3.45,22.30,9.96,7.86,-0.67,-25.76,68.61,559.92,2.10,2.16,Buy,Buy,StrongBuy,Strong buy,Neutral,Neutral,57.03,193.00,-17.59,62.91,83.35,76.46,0.00,0.00,0.00,0.00,0.00,-0.15,3413.00,-73.69,0.00,0.00,0.00,-5.80,32.99,0.00,4.25,7.10,22.81,28.43,99.68,44147437822.98,4.82,26.32,20.66,3310.00,3373.03,3273.68,3027.88,3106.75,4276.20,5492.25,3522.36,4271.75,149.25,75.46,71.28,9592774451.83,4680379656.16,4672765714.05
[object Object],IQV,IQVIA Holdings Inc,NYSE,233.01,stock,common,100.00,1.00,false,0.00,USD,0.25,25694.00,0.01,38353446213.53,USD,28.90,8.06,16.77,0.00,Health technology,america,Health Technology,Buy,Buy,0.25,-1.67,13.05,27.73,27.24,3.37,29.57,-6.46,199.61,432.47,2.71,3.32,Buy,Buy,StrongBuy,Strong buy,Neutral,Neutral,62.69,24.96,23.44,55.80,67.39,65.60,0.00,0.00,0.00,0.00,0.00,-0.01,25694.00,-97.97,0.00,0.00,0.00,22.60,28.90,1.72,2.29,6.22,13.83,17.85,18.74,52644446213.53,3.10,22.29,14.85,233.96,214.02,200.51,184.91,198.12,275.00,300.00,240.00,280.00,12.97,3.03,3.27,17410252730.00,4302040570.00,4361197900.00
[object Object],SIKA,Sika AG,SIX,194.40,stock,common,100.00,5.00,false,0.00,CHF,1.62,209478.00,0.34,37773671132.73,USD,29.99,8.02,-14.91,1.93,Process industries,switzerland,Process Industries,Buy,Buy,1.62,7.20,15.30,35.00,25.58,19.15,1.83,-40.06,156.54,2156.42,3.02,2.75,Buy,Buy,StrongBuy,Strong buy,Neutral,Neutral,73.55,38.55,21.59,107.66,92.96,95.98,0.00,0.00,0.00,0.00,0.00,-0.68,209478.00,-62.52,0.00,0.00,0.00,-11.03,29.99,0.00,2.77,4.58,19.77,25.48,49.97,44466781472.73,3.23,23.60,17.45,183.84,169.70,164.48,152.60,154.22,246.63,287.55,185.12,256.08,9.47,4.26,4.87,14347894137.29,6835503267.50,7243300524.60
[object Object],PCG,PG&E Corporation,NYSE,17.13,stock,common,100.00,1.00,false,0.00,USD,0.76,8772684.00,0.30,37726545739.64,USD,12.50,1.37,26.79,1.03,Utilities,america,Utilities,Buy,Buy,0.76,-3.22,-0.46,5.48,4.20,5.81,12.99,102.72,-73.22,-3.49,2.90,2.65,Sell,Sell,Sell,Sell,Neutral,Neutral,46.11,-0.72,-0.08,-167.52,12.27,19.30,0.00,16.94,-0.35,0.00,5081.00,-0.35,8772684.00,-57.29,0.00,0.00,0.00,27.36,12.50,0.46,1.50,1.17,4.80,0.00,32.06,103039545739.64,3.99,19.81,10.01,17.45,17.35,17.08,17.06,16.73,22.93,28.00,19.00,23.00,1.65,0.36,0.42,26229339189.00,6204280335.00,6751463942.00
[object Object],ABN,ABN AMRO Bank N.V. Depositary receipts,EURONEXT,39.71,dr,0.00,100.00,1.00,false,0.00,EUR,-0.18,448490.00,0.26,37720553162.45,USD,14.13,3.25,-0.29,3.12,Finance,netherlands,Finance,Buy,Buy,-0.18,3.14,4.03,33.66,28.35,33.70,65.87,288.40,133.86,118.43,1.54,1.97,Buy,Buy,StrongBuy,Strong buy,Sell,Sell,63.43,2.03,1.67,132.39,87.26,91.57,long_upper_shadow_bearish,0.00,0.00,0.00,0.00,-0.18,448490.00,-59.86,0.00,0.00,0.00,47.24,14.13,0.00,3.45,1.34,0.00,0.00,0.00,105935113422.45,5.27,0.00,0.00,38.90,38.21,37.08,33.51,31.20,45.70,51.79,33.38,47.42,3.45,0.79,0.91,11054939111.87,2627706042.84,2667306241.62
[object Object],SDZ,Sandoz Group Ltd,SIX,72.56,stock,common,100.00,2.00,false,0.00,CHF,4.89,504694.00,0.58,37458479684.90,USD,61.63,1.46,166.48,1.16,Health technology,switzerland,Health Technology,Buy,Buy,4.89,7.18,4.40,9.57,18.72,24.67,57.02,202.33,202.33,202.33,4.42,3.14,StrongBuy,Strong buy,StrongBuy,Strong buy,Buy,Buy,65.08,8.94,-0.18,227.10,79.36,57.82,0.00,0.00,0.00,0.00,0.00,0.46,504694.00,-57.52,0.00,0.00,0.00,36.72,61.63,0.35,3.29,4.32,21.08,29.44,31.55,42376134614.36,3.72,24.43,18.33,66.73,67.52,67.36,65.79,62.45,89.05,101.63,68.54,92.56,4.17,1.74,2.27,12418388242.27,5760446333.00,6389604000.00
[object Object],EXPE,"Expedia Group, Inc.",NASDAQ,311.63,stock,common,100.00,1.00,false,0.00,USD,1.65,156926.00,0.08,37402340424.65,USD,19.44,16.03,96.19,0.57,Consumer services,america,Consumer Services,Buy,Buy,1.65,7.30,17.13,34.03,34.01,10.11,68.91,111.92,174.88,1052.80,4.54,4.43,Buy,Buy,StrongBuy,Strong buy,Buy,Buy,66.45,51.69,38.25,100.82,78.32,84.34,doji,308.38,0.59,0.47,304.00,1.60,156926.00,-93.28,0.00,0.00,0.00,56.97,19.44,0.20,2.39,30.93,7.32,8.56,4.01,34820340424.65,2.22,13.33,9.91,301.41,277.14,259.73,248.38,250.07,323.76,417.00,245.00,320.00,20.20,5.22,8.56,16135725593.00,4174171293.00,4707643403.00
[object Object],NTAP,"NetApp, Inc.",NASDAQ,190.53,stock,common,100.00,1.00,false,0.00,USD,-0.50,183956.00,0.07,37388514283.38,USD,29.97,6.36,11.90,1.09,Electronic technology,america,Electronic Technology,Neutral,Neutral,-0.50,6.28,17.08,68.06,88.83,76.99,82.60,131.87,600.99,17572.35,4.69,4.88,Buy,Buy,StrongBuy,Strong buy,Sell,Sell,68.79,22.79,20.48,149.66,82.80,84.17,0.00,193.00,0.79,0.85,4299.00,1.41,183956.00,-93.07,0.00,0.00,0.00,61.34,29.97,2.53,5.50,27.64,18.34,20.29,10.58,36537514283.38,5.28,21.58,19.30,181.20,169.01,167.02,138.41,122.71,177.25,200.00,137.00,180.00,8.91,2.27,2.11,7479601462.00,1871077547.00,1829749887.00
[object Object],PEG,Public Service Enterprise Group Inc,NYSE,74.92,stock,common,100.00,1.00,false,0.00,USD,-0.16,145780.00,0.04,37341630148.00,USD,18.63,4.02,1.56,3.46,Utilities,america,Utilities,Buy,Buy,-0.16,-3.18,-8.16,-3.95,-7.38,-7.27,-12.46,16.92,70.31,591.57,2.19,2.06,Sell,Sell,StrongSell,Strong sell,Sell,Sell,29.08,-4.89,-3.98,-146.00,14.10,18.28,on_neck_bearish,75.09,0.07,0.08,289.00,-0.32,145780.00,-94.66,0.00,0.00,0.00,-11.02,18.63,12.00,2.84,2.15,10.41,135.45,191.72,61824630148.00,4.69,17.46,12.30,76.85,79.20,79.29,79.77,80.74,87.97,103.00,78.00,87.50,4.37,0.79,1.19,12563221431.00,2660751275.00,3215012247.00
[object Object],STLD,"Steel Dynamics, Inc.",NASDAQ,259.81,stock,common,100.00,1.00,false,0.00,USD,-0.64,47889.00,0.04,37238790432.66,USD,23.57,11.02,60.82,0.79,Non-energy minerals,america,Non-Energy Minerals,Buy,Buy,-0.64,1.80,14.23,10.77,32.73,51.38,108.91,315.97,882.66,5838.63,3.56,3.58,Buy,Buy,StrongBuy,Strong buy,Neutral,Neutral,59.96,12.70,19.48,83.79,74.68,81.53,0.00,0.00,0.00,0.00,0.00,-0.04,47889.00,-94.70,0.00,0.00,0.00,97.87,23.57,0.39,1.84,3.96,23.90,39.31,66.17,40796763432.66,1.99,19.84,15.25,257.68,240.93,250.47,229.20,201.45,276.67,310.00,255.00,271.00,16.63,3.63,5.31,23518414700.00,5559427494.00,6280003449.00
[object Object],VMC,Vulcan Materials Company,NYSE,286.64,stock,common,100.00,1.00,false,0.00,USD,1.78,80425.00,0.06,37143097239.06,USD,33.83,8.47,18.43,0.72,Non-energy minerals,america,Non-Energy Minerals,Buy,Buy,1.78,6.69,-2.58,-1.34,-9.00,0.55,0.75,57.85,140.64,35637.93,2.56,3.14,Buy,Buy,Buy,Buy,Neutral,Neutral,51.17,6.94,-7.75,5.27,54.01,53.64,"engulfing_bullish,marubozu_white_bullish",283.73,0.75,1.14,101.00,-0.50,80425.00,-91.63,0.00,0.00,0.00,3.41,33.83,1.80,4.52,4.38,20.70,36.36,129.37,41820397239.06,5.15,24.85,17.37,282.04,288.32,288.52,284.17,290.04,331.62,365.00,283.00,340.00,9.14,2.46,3.04,8164329547.00,2140540211.00,2280202136.00
[object Object],VOD,Vodafone Group Public Limited Company,LSE,119.75,stock,common,100.00,5.00,false,0.00,GBX,0.38,55936023.00,0.40,37087512868.20,USD,0.00,-0.02,87.67,3.35,Communications,uk,Communications,Neutral,Neutral,0.38,0.29,22.12,3.14,10.73,21.67,41.41,0.99,-48.10,146.23,2.67,2.97,Buy,Buy,StrongBuy,Strong buy,Neutral,Neutral,58.81,5.15,6.71,74.84,43.55,40.38,spinning_top_white,0.00,0.00,0.00,0.00,0.17,55936023.00,-32.41,0.00,0.00,0.00,40.42,0.00,0.00,0.79,0.63,2.37,3.72,2.01,84825694634.55,1.83,19.13,4.54,119.04,111.60,111.00,112.45,106.73,1.53,2.02,1.13,1.54,0.11,0.03,0.06,50191491544.50,0.00,24000281496.32
[object Object],MAERSK_B,A.P. Moller - Maersk A/S Class B,OMXCOP,17165.00,stock,common,1.00,5.00,false,0.00,DKK,1.06,4404.00,0.39,37010218677.70,USD,25.00,105.87,-77.98,2.83,Transportation,denmark,Transportation,Sell,Sell,1.06,-0.35,6.58,21.09,13.60,17.53,23.94,1.94,97.32,158.74,3.13,3.45,StrongBuy,Strong buy,StrongBuy,Strong buy,Neutral,Neutral,55.67,140.00,385.57,36.57,42.51,39.74,0.00,0.00,0.00,0.00,0.00,0.06,4404.00,-49.18,0.00,0.00,0.00,16.14,25.00,0.00,0.72,0.71,4.35,8.57,2.09,37205592649.78,0.70,18.26,4.33,17061.50,16664.00,16637.30,16165.35,15299.70,2157.86,2908.36,1405.98,2151.54,132.23,2.97,28.74,57135635876.45,12480325407.00,14071454593.00
[object Object],VEEV,Veeva Systems Inc. Class A,NYSE,227.69,stock,common,100.00,1.00,false,0.00,USD,4.54,397185.00,0.22,36986731361.41,USD,40.54,5.62,19.01,0.00,Technology services,america,Technology Services,Buy,Buy,4.54,13.45,20.13,37.93,24.37,1.92,-19.97,-33.02,504.75,499.18,3.16,3.88,StrongBuy,Strong buy,StrongBuy,Strong buy,Buy,Buy,74.59,41.45,23.43,213.65,98.21,96.75,rising_window_bullish,223.50,2.62,1.01,4807.00,3.01,397185.00,-81.95,0.00,0.00,0.00,-30.37,40.54,2.04,10.89,5.08,22.70,23.04,5.17,29777079361.41,8.97,30.19,28.67,208.60,195.12,183.59,175.37,202.07,240.04,340.00,165.00,235.00,9.06,2.14,2.22,3646637090.00,857729455.00,905406290.00
[object Object],KVUE,"Kenvue, Inc.",NYSE,19.16,stock,common,100.00,1.00,false,0.00,USD,-0.10,1306666.00,0.05,36787366645.05,USD,22.21,0.86,17.19,4.33,Consumer non-durables,america,Consumer Non-Durables,Neutral,Neutral,-0.10,-0.16,-2.89,7.40,6.33,10.94,-10.38,-24.95,-24.95,-24.95,3.68,2.63,Neutral,Neutral,Neutral,Neutral,Sell,Sell,50.36,-0.12,0.07,-36.97,47.88,53.47,0.00,19.03,-0.78,-0.10,14469.00,-0.50,1306666.00,-94.84,0.00,0.00,0.00,-10.91,22.21,1.29,2.39,0.00,0.00,0.00,33.50,44187366645.05,2.87,14.96,12.56,19.41,19.26,18.71,18.06,17.62,19.70,22.00,18.00,19.50,1.18,0.32,0.29,15630873654.00,3965952900.00,3873466000.00
[object Object],ADM,Archer-Daniels-Midland Company,NYSE,76.24,stock,common,100.00,1.00,false,0.00,USD,-1.64,194601.00,0.04,36744600514.82,USD,20.87,3.65,60.79,2.66,Process industries,america,Process Industries,Neutral,Neutral,-1.64,-5.06,-4.46,-1.71,16.63,32.73,32.80,26.48,71.06,14570.57,3.49,2.74,Sell,Sell,StrongSell,Strong sell,Neutral,Neutral,36.03,-9.68,-1.81,-148.24,3.30,7.94,0.00,77.21,-0.39,-0.39,1794.00,-0.75,194601.00,-95.56,0.00,0.00,0.00,53.95,20.87,0.35,0.46,1.56,0.00,0.00,6.74,40895600514.82,0.50,19.96,12.63,79.59,80.74,80.18,76.90,69.95,82.44,95.00,77.00,80.00,5.17,1.49,1.48,87100491693.00,22748515194.00,22481956189.00
[object Object],HSY,Hershey Company,NYSE,182.84,stock,common,100.00,1.00,false,0.00,USD,-0.10,44924.00,0.02,36738299015.79,USD,26.71,6.84,-9.04,3.08,Consumer non-durables,america,Consumer Non-Durables,Buy,Buy,-0.10,3.81,3.63,-2.19,-18.93,0.51,-2.86,2.41,63.84,17453.30,2.01,2.59,Buy,Buy,Buy,Buy,Neutral,Neutral,57.53,8.60,2.72,106.34,66.44,59.20,0.00,0.00,0.00,0.00,0.00,-0.44,44924.00,-96.67,0.00,0.00,0.00,-1.47,26.71,0.00,3.87,8.05,17.71,21.84,59.47,41870398015.79,3.44,19.44,15.60,180.20,176.54,178.41,187.96,191.72,205.63,250.00,170.00,200.00,8.49,1.43,2.12,12297156776.00,2633436720.00,3255521379.00
[object Object],PKO,PKO Bank Polski SA,GPW,108.96,stock,common,100.00,2.00,false,0.00,PLN,-0.64,819472.00,0.28,36652485474.11,USD,12.69,2.31,10.33,5.00,Finance,poland,Finance,Buy,Buy,-0.64,-4.34,4.55,13.22,17.24,27.95,37.23,180.82,297.66,381.98,2.11,2.30,Buy,Buy,Buy,Buy,Neutral,Neutral,51.86,2.38,2.14,-7.62,39.53,44.56,0.00,0.00,0.00,0.00,0.00,0.04,819472.00,-55.28,0.00,0.00,0.00,34.00,12.69,1.24,4.14,2.27,21.25,27.16,0.00,42578115264.11,3.80,0.00,0.00,110.17,108.14,105.88,100.66,92.35,29.83,32.73,25.48,30.70,2.45,0.48,0.56,8478514800.97,2052604600.00,2020624480.25
[object Object],IRM,"Iron Mountain, Inc.",NYSE,122.23,stock,common,100.00,1.00,false,0.00,USD,0.22,67608.00,0.03,36388215393.75,USD,87.24,1.40,920.47,2.77,Finance,america,Finance,Buy,Buy,0.22,-3.20,6.12,-4.44,34.57,47.27,35.62,172.35,223.45,2925.15,4.49,3.98,Sell,Sell,Sell,Sell,Sell,Sell,46.60,-6.08,-0.59,-81.46,31.04,39.68,0.00,0.00,0.00,0.00,0.00,0.61,67608.00,-97.65,0.00,0.00,0.00,27.50,87.24,0.09,4.84,0.00,22.14,0.00,178.96,56519693393.75,7.47,36.19,21.32,124.13,123.30,125.03,120.31,107.53,135.36,153.00,44.00,144.00,2.41,0.54,0.60,7995164800.00,1968636965.00,1986651556.00
[object Object],KMB,Kimberly-Clark Corporation,NASDAQ,109.08,stock,common,100.00,1.00,false,0.00,USD,0.38,257916.00,0.06,36276060068.47,USD,17.15,6.36,-13.32,4.68,Consumer non-durables,america,Consumer Non-Durables,Buy,Buy,0.38,0.08,-4.27,9.24,4.84,7.75,-20.48,-18.35,-15.72,55066.70,4.45,3.02,Sell,Sell,Neutral,Neutral,Sell,Sell,49.91,-0.67,-0.00,-46.90,43.81,48.17,0.00,108.28,-0.35,0.06,1579.00,-0.16,257916.00,-93.38,0.00,0.00,0.00,-11.56,17.15,0.00,2.19,20.16,11.38,19.78,67.05,42958060068.47,2.59,18.24,13.70,110.64,110.20,106.44,102.06,103.37,117.57,162.00,90.00,115.00,7.45,2.01,1.68,16688733307.00,4224661700.00,4173744636.00
[object Object],MTB,M&T Bank Corporation,NYSE,249.66,stock,common,100.00,1.00,false,0.00,USD,-0.19,83145.00,0.07,36054963325.48,USD,13.18,18.94,22.69,2.40,Finance,america,Finance,Neutral,Neutral,-0.19,0.89,4.70,16.79,5.71,24.23,33.40,82.17,112.33,19773.43,1.64,1.87,Buy,Buy,StrongBuy,Strong buy,Sell,Sell,56.70,0.06,6.80,0.11,59.79,66.86,0.00,250.13,-0.00,-0.00,300.00,-0.60,83145.00,-88.84,0.00,0.00,0.00,17.36,13.18,0.58,3.73,1.42,9.57,10.12,0.00,54731963325.48,4.13,0.00,0.00,249.88,245.64,237.06,224.27,214.75,256.14,300.00,224.00,255.00,19.31,4.66,4.93,10060367289.00,2462613832.00,2531435835.00
[object Object],JBL,Jabil Inc.,NYSE,343.37,stock,common,100.00,1.00,false,0.00,USD,-0.38,35156.00,0.03,35980743288.26,USD,42.85,8.01,55.77,0.09,Producer manufacturing,america,Producer Manufacturing,Buy,Buy,-0.38,4.97,7.99,-3.50,36.77,48.46,54.30,476.70,1559.59,39142.29,4.60,4.38,Buy,Buy,StrongBuy,Strong buy,Neutral,Neutral,56.79,30.78,2.68,159.64,87.90,86.90,0.00,351.03,1.85,1.84,735.00,0.77,35156.00,-96.86,0.00,0.00,0.00,28.40,42.85,0.77,1.09,27.21,19.69,28.00,26.89,38516743288.26,1.15,22.82,16.15,321.02,328.19,345.16,330.48,281.44,442.30,482.00,365.00,450.00,12.76,3.10,4.06,35030825676.00,8605258826.00,9692836787.00
[object Object],EME,"EMCOR Group, Inc.",NYSE,812.00,stock,common,100.00,1.00,false,0.00,USD,0.44,16596.00,0.03,35817239635.67,USD,25.20,32.23,33.74,0.18,Industrial services,america,Industrial Services,Buy,Buy,0.44,-3.21,7.11,-13.53,10.45,31.72,30.83,571.07,1338.70,40500.00,3.56,3.85,Buy,Buy,StrongBuy,Strong buy,Neutral,Neutral,55.39,67.15,29.48,104.51,84.93,86.54,0.00,825.00,2.05,2.05,50.00,1.50,16596.00,-95.64,0.00,0.00,0.00,10.13,25.20,0.74,1.94,8.81,28.05,30.88,39.14,35441893635.67,1.91,19.85,17.81,780.07,776.30,798.92,814.07,748.33,1044.14,1200.00,885.00,1065.00,32.51,7.23,8.24,20178923733.00,4710303750.00,5144659442.00
[object Object],HEN3,Henkel AG & Co. KGaA Pref,XETR,79.88,stock,preferred,100.00,2.00,false,0.00,EUR,0.43,142522.00,0.32,35677386240.15,USD,16.96,5.38,-5.47,2.60,Process industries,germany,Process Industries,Neutral,Neutral,0.43,6.14,6.36,21.32,0.96,14.34,18.38,-9.10,-28.17,288.59,2.02,1.72,Buy,Buy,StrongBuy,Strong buy,Neutral,Neutral,74.19,5.20,2.67,223.19,89.74,86.91,0.00,79.70,0.20,0.20,12.00,-0.45,142522.00,-82.51,0.00,0.00,0.00,9.79,16.96,0.00,1.58,1.54,11.95,15.99,8.12,38211830240.15,1.64,11.06,8.94,76.84,75.31,72.85,69.12,71.13,89.85,103.68,74.88,88.36,6.45,3.16,3.13,24815764674.23,11734655650.43,12589197950.67
[object Object],SAAB_B,Saab AB Class B,OMXSTO,627.40,stock,common,10.00,1.00,false,0.00,SEK,-0.25,1326682.00,0.75,35520082039.82,USD,47.84,1.35,36.29,0.35,Electronic technology,sweden,Electronic Technology,Buy,Buy,-0.25,5.89,4.05,11.08,-1.82,15.37,17.87,860.80,852.32,3297.39,3.54,4.16,StrongBuy,Strong buy,StrongBuy,Strong buy,Buy,Buy,66.16,40.00,61.50,111.15,82.65,86.60,0.00,0.00,0.00,0.00,0.00,0.64,1326682.00,-35.64,0.00,0.00,0.00,18.01,47.84,1.32,3.86,6.73,23.45,47.78,26.63,35740056739.82,3.95,38.74,29.28,612.13,574.44,551.41,569.03,576.81,64.85,79.57,34.55,64.81,1.63,0.35,0.26,10617959199.17,2452260630.60,2078108053.86
[object Object],BPE,BPER Banca S.p.A.,MIL,14.63,stock,common,1000.00,2.00,false,0.00,EUR,-0.65,5454162.00,0.61,35368976237.97,USD,14.00,1.21,8.91,4.48,Finance,italy,Finance,Buy,Buy,-0.65,4.47,5.45,16.84,17.90,26.09,68.11,795.10,497.23,494.97,2.44,1.95,Buy,Buy,StrongBuy,Strong buy,Sell,Sell,65.09,0.72,0.77,113.36,79.16,87.04,0.00,0.00,0.00,0.00,0.00,-0.15,5454162.00,-63.50,0.00,0.00,0.00,141.32,14.00,1.58,0.00,0.00,0.00,0.00,0.00,58113367003.01,5.95,0.00,0.00,14.30,13.97,13.55,12.71,11.97,17.29,18.78,15.44,16.99,1.36,0.34,0.32,8963334349.76,2314535088.38,2159625076.84
[object Object],TKO,"TKO Group Holdings, Inc. Class A",NYSE,186.10,stock,common,100.00,1.00,false,0.00,USD,-0.64,13570.00,0.01,35223092558.12,USD,64.38,2.89,33.09,1.66,Consumer services,america,Consumer Services,Buy,Buy,-0.64,2.13,-3.66,-1.92,-11.45,-11.35,17.97,269.69,839.42,510.16,3.68,2.93,Sell,Sell,Sell,Sell,Sell,Sell,48.38,5.48,-4.37,101.39,43.64,41.14,"inverted_hammer_bullish,long_upper_shadow_bearish",0.00,0.00,0.00,0.00,-0.70,13570.00,-98.48,0.00,0.00,0.00,6.86,64.38,1.96,2.68,4.07,7.87,8.44,9.10,43593878558.12,8.22,37.50,25.80,184.68,188.37,194.14,192.61,196.67,232.63,275.00,188.00,235.00,4.64,1.41,1.33,5814615506.00,1541754547.00,1387213774.00
[object Object],WEC,WEC Energy Group Inc,NYSE,107.61,stock,common,100.00,1.00,false,0.00,USD,-0.33,165277.00,0.07,35064650589.19,USD,20.84,5.16,-1.02,3.42,Utilities,america,Utilities,Buy,Buy,-0.33,-1.74,-8.49,-4.95,-4.83,1.84,-1.60,11.90,71.63,3793.39,1.76,2.04,Sell,Sell,StrongSell,Strong sell,Neutral,Neutral,32.36,-8.16,-5.63,-137.31,10.04,12.24,long_lower_shadow_bullish,0.00,0.00,0.00,0.00,-0.44,165277.00,-95.49,0.00,0.00,0.00,5.84,20.84,0.00,3.50,2.48,9.83,0.00,707.86,58432450589.19,5.76,24.11,14.84,110.06,113.67,113.28,113.88,112.29,123.44,140.00,110.00,124.00,5.60,0.80,0.92,10150116261.00,2106892581.00,2201220395.00
[object Object],HNR1,Hannover Rueck SE,XETR,252.60,stock,common,10.00,2.00,false,0.00,EUR,0.08,73110.00,0.58,35060568748.34,USD,10.61,27.51,27.56,4.95,Finance,germany,Finance,Buy,Buy,0.08,-0.32,1.77,2.68,1.20,-4.75,-8.01,69.59,184.78,1051.68,1.84,1.81,Buy,Buy,StrongBuy,Strong buy,Sell,Sell,55.51,-0.60,1.77,-1.36,50.23,40.85,0.00,248.00,-1.74,0.24,345.00,-1.03,73110.00,-31.80,0.00,0.00,0.00,-3.81,10.61,0.38,1.07,2.20,5.18,0.00,0.00,40993356546.34,1.25,0.00,0.00,252.64,250.07,242.41,250.15,251.12,333.62,414.31,284.26,333.75,27.08,7.01,6.37,31984515756.34,8353325100.00,7223529500.00
[object Object],HBAN,Huntington Bancshares Incorporated,NASDAQ,17.35,stock,common,100.00,1.00,false,0.00,USD,-0.09,1295601.00,0.05,35044300008.68,USD,13.37,1.30,-3.41,3.57,Finance,america,Finance,Buy,Buy,-0.09,1.55,-3.10,6.80,-9.85,-0.20,6.80,18.40,76.81,1530.14,1.77,2.08,Neutral,Neutral,Sell,Sell,Neutral,Neutral,47.71,-0.01,-0.22,-53.37,38.00,39.40,0.00,17.29,-0.40,0.58,2359.00,-0.29,1295601.00,-95.62,0.00,0.00,0.00,42.83,13.37,0.00,3.71,1.18,13.37,15.60,0.00,56485300008.68,3.96,0.00,0.00,17.26,17.70,17.35,16.69,16.82,20.11,22.50,18.00,20.00,1.38,0.36,0.37,11249402718.00,2839704318.00,2875195948.00
[object Object],KR,Kroger Co.,NYSE,56.65,stock,common,100.00,1.00,false,0.00,USD,-1.18,641989.00,0.10,34703408325.47,USD,33.13,1.71,-53.53,2.44,Retail trade,america,Retail Trade,Buy,Buy,-1.18,-1.23,-2.77,-14.45,-14.96,-9.16,-22.73,35.35,73.65,7336.47,2.17,2.72,Sell,Sell,StrongSell,Strong sell,Neutral,Neutral,42.85,-0.22,-0.57,-99.97,34.83,40.85,spinning_top_black,56.75,-0.99,0.14,5615.00,-1.08,641989.00,-88.89,0.00,0.00,0.00,-20.86,33.13,0.00,0.24,5.37,4.99,12.10,8.50,54803408325.47,0.37,11.60,6.39,57.93,57.93,59.37,64.14,64.89,71.10,86.00,58.00,72.50,5.20,1.20,1.05,151238653764.00,34958392669.00,34654721174.00
[object Object],ALC,Alcon AG,SIX,57.40,stock,common,100.00,2.00,false,0.00,CHF,1.74,436128.00,0.36,34694396586.28,USD,43.19,1.66,-33.40,0.50,Health technology,switzerland,Health Technology,StrongBuy,Strong buy,1.74,1.92,6.81,14.75,-5.59,-7.95,-15.59,-13.16,4.36,4.36,2.21,2.24,Buy,Buy,StrongBuy,Strong buy,Buy,Buy,58.87,1.66,1.45,89.81,77.48,76.44,marubozu_white_bullish,0.00,0.00,0.00,0.00,-0.14,436128.00,-60.28,0.00,0.00,0.00,-23.25,43.19,0.00,3.24,1.57,15.65,20.85,21.11,38258207048.80,3.58,26.86,13.97,56.52,55.56,54.55,55.99,59.25,92.67,106.62,59.44,97.83,3.48,0.80,0.75,11159687968.86,2638307532.25,2719790762.09
[object Object],TLX,Talanx AG,XETR,116.60,stock,common,10.00,1.00,false,0.00,EUR,0.34,37747.00,0.25,34555093309.84,USD,11.36,11.86,31.91,3.10,Finance,germany,Finance,Buy,Buy,0.34,1.39,5.33,9.90,7.17,2.37,-3.80,217.37,342.92,512.07,1.39,1.71,Buy,Buy,StrongBuy,Strong buy,Neutral,Neutral,64.31,1.50,3.69,92.62,85.28,85.40,0.00,0.00,0.00,0.00,0.00,-0.26,37747.00,-70.74,0.00,0.00,0.00,0.40,11.36,0.35,0.54,2.11,0.00,0.00,0.00,43656051309.84,0.68,0.00,0.00,115.66,113.30,109.09,109.35,108.92,145.85,181.09,126.07,140.40,12.78,3.29,3.09,59397117704.28,0.00,13504330726.22
[object Object],IR,Ingersoll Rand Inc.,NYSE,88.78,stock,common,100.00,1.00,false,0.00,USD,0.61,306250.00,0.07,34446590397.29,USD,36.58,2.43,89.48,0.09,Producer manufacturing,america,Producer Manufacturing,Buy,Buy,0.61,11.06,14.26,13.73,-8.86,11.21,14.67,78.99,317.79,317.79,2.84,3.43,Buy,Buy,StrongBuy,Strong buy,Neutral,Neutral,63.98,4.38,6.33,110.30,82.17,90.19,0.00,88.99,0.85,0.00,3141.00,-0.49,306250.00,-94.14,0.00,0.00,0.00,-2.18,36.58,0.41,4.35,3.38,25.79,28.54,29.65,38171590397.29,4.81,25.81,18.95,86.77,82.75,79.42,79.32,81.81,95.67,109.00,80.00,97.50,3.53,0.83,0.90,8088632915.00,1956446002.00,2047509775.00
[object Object],PRU,Prudential plc,LSE,1045.25,stock,common,10.00,5.00,false,0.00,GBX,1.78,5866917.00,0.68,34358795011.66,USD,9.03,1.56,77.76,1.94,Finance,uk,Finance,StrongBuy,Strong buy,1.78,-5.71,1.73,-9.50,-9.93,-9.46,6.88,-26.47,-19.78,226.49,5.24,3.02,Sell,Sell,StrongSell,Strong sell,Neutral,Neutral,46.03,-50.75,11.55,-76.15,44.20,49.76,0.00,0.00,0.00,0.00,0.00,-0.15,5866917.00,-49.14,0.00,0.00,0.00,11.06,9.03,0.11,1.26,1.77,15.88,16.64,0.00,41637606654.37,1.47,0.00,0.00,1081.48,1058.12,1033.45,1070.92,1093.77,18.94,21.04,16.17,19.04,1.21,0.71,0.64,4438329432.87,0.00,0.00
[object Object],RJF,"Raymond James Financial, Inc.",NYSE,178.02,stock,common,100.00,1.00,false,0.00,USD,-0.73,23511.00,0.02,34244234607.87,USD,15.52,11.47,12.60,1.18,Finance,america,Finance,Buy,Buy,-0.73,1.73,6.05,15.58,4.92,11.10,5.96,99.84,377.86,29816.71,1.53,2.31,Buy,Buy,StrongBuy,Strong buy,Neutral,Neutral,65.96,8.72,12.21,82.03,83.96,88.59,doji,0.00,0.00,0.00,0.00,-0.71,23511.00,-96.54,0.00,0.00,0.00,0.41,15.52,1.24,2.08,2.69,16.24,17.87,2.49,26094234607.87,1.54,8.32,7.81,177.00,168.69,161.82,156.03,158.68,185.08,205.00,161.00,181.50,12.17,2.93,3.36,15749897780.00,3870947973.00,4233787145.00
[object Object],AD,Koninklijke Ahold Delhaize N.V.,EURONEXT,33.42,stock,common,100.00,1.00,false,0.00,EUR,-1.62,1681640.00,0.61,34214949400.70,USD,13.30,2.87,24.31,3.65,Retail trade,netherlands,Retail Trade,Neutral,Neutral,-1.62,-2.85,-7.81,-10.88,-4.10,-3.86,-2.99,26.93,57.72,70.36,1.74,1.88,StrongSell,Strong sell,StrongSell,Strong sell,Sell,Sell,35.20,-0.20,-0.98,-131.10,22.50,30.42,"doji_star_bullish,falling_window_bearish,long_upper_shadow_bearish",0.00,0.00,0.00,0.00,-1.62,1681640.00,-38.75,0.00,0.00,0.00,-0.11,13.30,0.56,0.33,2.02,4.56,7.57,8.19,48088726260.70,0.46,12.85,6.11,34.39,35.19,35.28,37.37,36.82,44.38,50.69,27.73,44.35,3.23,0.73,0.79,110213920796.79,26443510853.84,26695243709.86
[object Object],SCHP,Schindler Holding Ltd. Pref,SIX,267.00,stock,preferred,10.00,2.00,false,0.00,CHF,0.91,16396.00,0.17,34148627996.71,USD,27.80,11.88,4.70,2.27,Producer manufacturing,switzerland,Producer Manufacturing,Neutral,Neutral,0.91,5.28,0.30,-2.41,-13.93,-10.52,-9.68,-11.00,44.17,2358.56,1.34,1.64,Buy,Buy,StrongBuy,Strong buy,Buy,Buy,57.71,15.20,-1.39,76.03,76.19,63.87,0.00,0.00,0.00,0.00,0.00,-0.08,16396.00,-81.61,0.00,0.00,0.00,-12.99,27.80,5.86,2.62,6.18,20.30,22.50,15.06,32804812796.71,2.46,18.74,15.17,259.36,262.36,263.50,265.28,279.17,374.84,429.49,327.64,380.40,13.06,0.00,0.00,13952823384.82,0.00,0.00
[object Object],ADYEN,Adyen NV,EURONEXT,937.40,stock,common,10.00,1.00,false,0.00,EUR,0.45,46418.00,0.36,34061884178.24,USD,27.88,39.49,13.43,0.00,Commercial services,netherlands,Commercial Services,StrongBuy,Strong buy,0.45,4.75,10.11,-0.47,-17.44,-32.07,-37.14,-60.28,134.35,134.35,3.05,3.55,Buy,Buy,StrongBuy,Strong buy,Sell,Sell,64.09,136.40,77.75,123.89,87.91,90.31,0.00,0.00,0.00,0.00,0.00,0.41,46418.00,-51.33,0.00,0.00,0.00,-41.18,27.88,2.07,11.04,5.59,28.76,32.68,2.74,21879084898.98,6.97,16.78,14.95,903.31,859.21,856.58,889.09,1075.00,1535.54,2161.36,1012.43,1478.83,45.25,21.07,18.93,3335163167.92,1511898694.94,1481058260.25
[object Object],ERIC_B,Telefonaktiebolaget LM Ericsson Class B,OMXSTO,96.56,stock,common,100.00,2.00,false,0.00,SEK,-0.64,3394287.00,0.37,33940559396.39,USD,13.08,0.76,42.45,3.00,Electronic technology,sweden,Electronic Technology,Neutral,Neutral,-0.64,2.72,-8.34,-12.10,-2.82,6.58,35.43,-2.88,54.25,-86.63,2.19,2.78,Sell,Sell,Sell,Sell,Neutral,Neutral,44.44,5.04,-4.40,14.62,76.86,79.62,0.00,0.00,0.00,0.00,0.00,-0.06,3394287.00,-50.30,0.00,0.00,0.00,33.49,13.08,0.31,1.42,3.07,9.50,10.29,5.93,32484391796.39,1.39,10.09,8.35,95.71,99.79,105.99,108.73,101.48,10.26,13.70,7.00,10.51,0.59,0.12,0.15,24434940317.97,5539433550.18,5820445763.59
[object Object],ADS,adidas AG,XETR,163.60,stock,common,100.00,5.00,false,0.00,EUR,-0.73,237792.00,0.17,33898059075.16,USD,21.11,8.85,15.24,1.70,Consumer non-durables,germany,Consumer Non-Durables,Buy,Buy,-0.73,2.89,-12.16,9.80,8.49,-3.59,0.80,-47.23,9.95,293.84,2.33,2.74,Sell,Sell,StrongSell,Strong sell,Neutral,Neutral,40.03,-10.00,-13.04,-74.81,46.88,44.63,0.00,0.00,0.00,0.00,0.00,0.00,237792.00,-56.68,0.00,0.00,0.00,-8.40,21.11,1.40,1.11,4.81,0.00,0.00,24.81,39904691355.16,1.34,16.62,10.70,168.05,176.94,174.70,158.82,158.59,234.68,287.72,195.65,235.35,11.05,2.73,3.97,31611123026.99,7535326174.02,8185260743.52
[object Object],EXPN,Experian PLC,LSE,2924.00,stock,common,1.00,1.00,false,0.00,GBX,3.32,1248164.00,0.40,33648282622.62,USD,23.98,1.61,22.99,1.83,Commercial services,uk,Commercial Services,StrongBuy,Strong buy,3.32,1.78,8.50,9.90,14.09,-13.57,-23.99,-5.53,103.48,422.14,3.16,3.95,StrongBuy,Strong buy,StrongBuy,Strong buy,Buy,Buy,59.90,180.00,146.06,72.54,52.95,52.79,marubozu_white_bullish,0.00,0.00,0.00,0.00,-0.28,1248164.00,-66.79,0.00,0.00,0.00,-27.31,23.98,1.01,4.12,6.26,16.05,16.41,99.99,39002764157.49,4.68,18.47,13.11,2882.60,2733.53,2664.50,2662.03,2887.93,50.26,62.18,31.70,50.65,1.99,0.94,0.93,9032874752.11,4373463667.00,4420478333.00
[object Object],ACGL,Arch Capital Group Ltd.,NASDAQ,98.55,stock,common,100.00,1.00,false,0.00,USD,-0.75,115155.00,0.06,33626424529.80,USD,7.70,12.80,32.19,0.00,Finance,america,Finance,Buy,Buy,-0.75,-1.80,-4.66,4.39,-3.06,2.90,9.51,142.96,297.09,4226.41,1.64,2.36,Sell,Sell,Sell,Sell,Sell,Sell,45.74,-4.81,-0.39,-116.74,15.14,19.25,long_lower_shadow_bullish,98.59,-0.71,0.64,430.00,-0.52,115155.00,-90.36,0.00,0.00,0.00,15.27,7.70,0.24,1.86,1.45,5.63,5.68,0.00,38742424529.80,2.08,0.00,0.00,101.41,100.87,96.93,96.13,95.05,111.42,134.00,95.00,110.50,9.37,2.47,1.85,16663005012.00,4357737991.00,4091367742.00
[object Object],HM_B,H&M Hennes & Mauritz AB Class B,OMXSTO,178.70,stock,common,100.00,5.00,false,0.00,SEK,-0.17,511727.00,0.30,33561414903.44,USD,23.26,0.83,23.81,3.88,Retail trade,sweden,Retail Trade,Sell,Sell,-0.17,2.94,7.81,6.27,-3.87,-4.28,35.43,-0.80,-30.25,21.15,1.99,1.91,Buy,Buy,StrongBuy,Strong buy,Sell,Sell,66.12,14.60,10.30,103.81,88.69,91.29,long_lower_shadow_bullish,0.00,0.00,0.00,0.00,-0.08,511727.00,-65.31,0.00,0.00,0.00,40.31,23.26,0.98,1.30,8.40,8.65,11.72,15.27,39682909803.44,1.67,18.89,9.45,175.67,168.15,167.46,168.70,174.31,16.40,21.52,11.97,16.22,0.84,0.29,0.22,23389986502.06,5958439765.19,5970593902.84
[object Object],NTRS,Northern Trust Corporation,NASDAQ,183.28,stock,common,100.00,1.00,false,0.00,USD,-0.47,61236.00,0.06,33532112879.68,USD,15.73,11.65,36.92,1.74,Finance,america,Finance,Neutral,Neutral,-0.47,0.53,1.30,13.87,21.93,34.01,44.47,59.65,164.47,17915.33,1.59,2.27,Buy,Buy,StrongBuy,Strong buy,Sell,Sell,54.77,2.76,2.58,2.22,74.27,64.23,0.00,184.84,0.38,0.38,100.00,-0.03,61236.00,-94.54,0.00,0.00,0.00,31.44,15.73,0.43,3.75,2.68,64.02,76.10,0.00,-6179887120.32,0.00,0.00,0.00,182.21,181.53,177.54,166.45,152.52,186.58,208.00,173.00,185.50,11.47,2.71,2.82,9454574494.00,2693476442.00,2251758821.00
[object Object],ACS,"ACS, Actividades de Construccion y Servicios SA",BME,109.80,stock,common,10.00,1.00,false,0.00,EUR,0.46,208654.00,0.31,33498572393.57,USD,28.30,4.43,14.97,1.72,Industrial services,spain,Industrial Services,Buy,Buy,0.46,-1.26,-8.50,-20.43,16.44,29.33,82.70,379.06,340.79,1273.66,2.40,2.94,Sell,Sell,StrongSell,Strong sell,Neutral,Neutral,36.22,-4.90,-7.89,-71.19,39.07,37.88,0.00,0.00,0.00,0.00,0.00,-0.82,208654.00,-60.53,0.00,0.00,0.00,76.72,28.30,1.88,0.55,4.83,8.95,11.54,1.82,34492422351.61,0.58,18.32,11.67,109.24,116.64,120.43,120.66,105.28,149.05,183.20,94.48,161.31,4.93,0.00,0.00,65559989415.51,0.00,0.00
[object Object],DSY,Dassault Systemes SE,EURONEXT,22.23,stock,common,100.00,1.00,false,0.00,EUR,2.30,475219.00,0.19,33489568858.45,USD,22.28,1.14,16.52,1.24,Technology services,france,Technology Services,Buy,Buy,2.30,10.98,20.03,12.56,0.68,-6.99,-19.63,-53.69,51.22,1711.74,3.39,3.80,StrongBuy,Strong buy,StrongBuy,Strong buy,Neutral,Neutral,73.07,2.35,2.42,126.25,95.73,93.74,0.00,0.00,0.00,0.00,0.00,0.51,475219.00,-69.02,0.00,0.00,0.00,-29.34,22.28,1.32,4.64,3.16,17.13,18.53,5.21,30859968006.45,4.35,17.28,12.89,21.01,19.23,18.87,18.76,20.52,27.77,38.53,19.64,25.42,1.57,0.34,0.36,7475539407.10,1758901697.18,1749344799.61
[object Object],MLM,"Martin Marietta Materials, Inc.",NYSE,552.21,stock,common,100.00,1.00,false,0.00,USD,2.59,44339.00,0.06,33169110400.67,USD,13.57,40.69,125.40,0.62,Non-energy minerals,america,Non-Energy Minerals,Buy,Buy,2.59,2.99,-5.56,-8.40,-18.45,-10.83,-8.30,50.28,178.19,2142.49,2.90,3.00,Sell,Sell,StrongSell,Strong sell,Neutral,Neutral,46.93,-7.39,-27.63,-62.68,37.94,39.87,0.00,0.00,0.00,0.00,0.00,1.04,44339.00,-92.74,0.00,0.00,0.00,0.25,13.57,0.11,4.84,2.87,21.88,41.04,277.03,39396110400.67,5.89,27.65,19.10,553.25,567.14,574.66,583.42,609.38,671.64,800.00,556.00,676.00,18.28,4.76,6.79,7216172223.00,1870077961.00,2164650222.00
[object Object],HEI,Heidelberg Materials AG,XETR,162.20,stock,common,100.00,5.00,false,0.00,EUR,-0.09,166971.00,0.42,32985638467.70,USD,14.40,12.86,7.48,2.22,Non-energy minerals,germany,Non-Energy Minerals,Buy,Buy,-0.09,-2.44,-6.05,-12.35,-23.85,-28.26,-17.46,118.78,121.13,319.09,2.11,2.78,Sell,Sell,StrongSell,Strong sell,Sell,Sell,37.99,-6.10,-8.04,-113.66,28.75,27.28,0.00,162.75,0.25,0.25,2.00,0.40,166971.00,-53.13,0.00,0.00,0.00,-14.99,14.40,1.93,1.32,1.53,9.01,16.83,13.04,43309235293.70,1.75,11.95,8.47,164.40,168.37,173.75,178.07,194.27,249.71,329.60,161.34,251.81,15.17,3.63,10.51,26168671635.89,11844875290.00,13669869320.00
[object Object],SLHN,Swiss Life Holding AG,SIX,954.60,stock,common,10.00,2.00,false,0.00,CHF,0.00,40857.00,0.96,32577287960.14,USD,21.90,54.98,2.38,3.82,Finance,switzerland,Finance,Sell,Sell,0.00,0.17,4.08,9.47,9.95,4.15,8.28,100.38,333.12,732.80,1.34,1.22,Buy,Buy,StrongBuy,Strong buy,Sell,Sell,64.69,9.60,25.06,78.42,65.53,68.28,0.00,0.00,0.00,0.00,0.00,-0.52,40857.00,-24.60,0.00,0.00,0.00,9.30,21.90,9.21,1.77,3.78,10.42,10.78,0.00,50710178960.14,2.64,0.00,0.00,950.76,934.60,905.25,892.80,880.88,1057.49,1325.91,920.60,1071.97,60.38,28.26,0.00,26810300160.00,10622249400.00,15432822500.00
[object Object],TPR,"Tapestry, Inc.",NYSE,160.50,stock,common,100.00,1.00,false,0.00,USD,-0.93,132089.00,0.07,32428178123.73,USD,51.56,3.11,-18.10,0.99,Retail trade,america,Retail Trade,Buy,Buy,-0.93,3.84,11.50,18.92,10.36,24.21,42.92,268.88,280.69,6320.00,2.54,3.15,Buy,Buy,StrongBuy,Strong buy,Sell,Sell,68.73,17.90,12.17,132.62,89.88,90.95,"engulfing_bearish,upside_tasuki_gap_bullish",162.80,0.49,0.84,2003.00,0.68,132089.00,-93.41,0.00,0.00,0.00,36.68,51.56,0.00,4.30,47.58,17.57,19.05,31.29,35282778123.73,4.49,20.25,17.55,154.66,146.42,145.73,143.97,135.94,173.94,230.00,140.00,172.50,7.00,1.30,1.28,7992739243.00,1785881987.00,1873166798.00
[object Object],EQT,EQT Corporation,NYSE,51.69,stock,common,100.00,1.00,false,0.00,USD,0.17,378702.00,0.06,32332920629.54,USD,11.99,4.31,131.90,1.26,Energy minerals,america,Energy Minerals,Buy,Buy,0.17,-1.77,-0.37,-8.32,-7.03,-3.11,0.43,183.08,35.20,11208.64,2.50,2.87,Sell,Sell,Sell,Sell,Buy,Buy,48.37,-1.34,0.66,5.20,45.62,53.97,0.00,51.67,0.14,-0.71,6117.00,-0.02,378702.00,-93.35,0.00,0.00,0.00,-2.48,11.99,0.09,3.42,1.28,5.21,8.64,288.10,41480292629.54,4.38,10.33,6.17,52.31,51.56,52.05,55.86,56.33,67.92,81.00,52.00,67.50,4.23,0.41,0.54,9401772751.00,1763350073.00,1933700065.00
[object Object],REP,Repsol SA,BME,25.17,stock,common,100.00,1.00,false,0.00,EUR,-1.14,895840.00,0.24,32102189408.71,USD,7.92,3.63,396.76,5.03,Energy minerals,spain,Energy Minerals,Buy,Buy,-1.14,-4.30,9.91,14.67,54.13,57.71,90.83,165.45,117.36,9.43,2.62,2.76,Buy,Buy,Buy,Buy,Neutral,Neutral,54.22,-0.65,1.78,12.14,37.15,51.20,0.00,0.00,0.00,0.00,0.00,1.34,895840.00,-63.74,0.00,0.00,0.00,74.19,7.92,0.02,0.46,1.18,5.14,17.07,3.42,44244480208.71,0.64,7.13,4.94,25.77,24.34,23.51,22.98,20.00,31.54,40.35,25.94,31.42,5.52,1.68,1.79,82629876766.94,28836449632.33,25707416332.67
[object Object],UMG,Universal Music Group N.V.,EURONEXT,15.54,stock,common,1000.00,5.00,false,0.00,EUR,2.51,2189138.00,0.37,32098590241.33,USD,88.67,0.20,-87.52,3.43,Commercial services,netherlands,Commercial Services,Buy,Buy,2.51,-3.90,-17.12,-20.15,-21.34,-29.96,-37.46,-38.48,-38.48,-38.48,3.67,3.22,Sell,Sell,StrongSell,Strong sell,Neutral,Neutral,36.39,-2.95,-3.04,-90.45,16.44,12.57,0.00,0.00,0.00,0.00,0.00,0.30,2189138.00,-60.82,0.00,0.00,0.00,-23.68,88.67,0.00,2.18,7.77,18.09,19.20,59.13,37965828101.33,2.59,15.97,12.97,16.65,17.96,18.13,18.51,19.76,25.72,44.96,17.29,23.06,1.18,0.48,0.60,15758229487.52,7090563374.89,8222285465.92
[object Object],CNC,Centene Corporation,NYSE,64.94,stock,common,100.00,1.00,false,0.00,USD,1.15,259375.00,0.04,32080033458.01,USD,0.00,-10.44,-358.11,0.00,Health services,america,Health Services,Buy,Buy,1.15,6.37,-2.10,17.64,74.38,57.70,157.49,-2.71,82.90,5360.94,4.31,4.48,Buy,Buy,StrongBuy,Strong buy,Neutral,Neutral,51.69,1.53,-0.52,-2.40,74.36,72.98,0.00,64.31,0.17,0.47,3795.00,-0.20,259375.00,-95.26,0.00,0.00,0.00,151.69,0.00,0.00,0.16,1.42,3.31,3.61,0.00,48280033458.01,0.24,0.00,0.00,63.68,65.40,64.27,54.52,47.32,71.67,85.00,56.00,70.50,4.80,1.09,0.10,195915895148.00,47640529129.00,47114085312.00
[object Object],GEHC,GE Healthcare Technologies Inc.,NASDAQ,70.75,stock,common,100.00,1.00,false,0.00,USD,0.63,193838.00,0.03,31956800991.56,USD,16.26,4.35,-10.91,0.20,Health technology,america,Health Technology,Buy,Buy,0.63,2.77,8.45,13.17,-14.22,-14.33,-0.14,12.30,12.30,12.30,1.95,3.30,Buy,Buy,StrongBuy,Strong buy,Buy,Buy,62.77,10.17,4.86,92.94,86.43,84.97,0.00,70.01,-0.43,0.20,2475.00,-0.11,193838.00,-95.55,0.00,0.00,0.00,-17.81,16.26,0.00,1.50,2.91,15.29,20.34,15.26,40635800991.56,1.91,13.91,11.51,68.64,65.44,64.65,66.22,73.00,82.18,96.00,70.00,82.00,4.93,1.04,1.20,21717328054.00,5263699780.00,5349738051.00
[object Object],CCI,Crown Castle Inc.,NYSE,75.02,stock,common,100.00,1.00,false,0.00,USD,0.13,102363.00,0.02,31917666654.39,USD,16.54,4.54,0.00,5.67,Finance,america,Finance,Buy,Buy,0.13,-1.52,-2.46,-17.67,-5.12,-15.57,-28.87,-61.47,-22.04,482.68,4.71,3.55,Sell,Sell,StrongSell,Strong sell,Neutral,Neutral,42.56,0.12,-2.34,-85.09,46.73,47.34,0.00,74.90,-0.03,-0.03,152.00,-0.24,102363.00,-98.21,0.00,0.00,0.00,-32.15,16.54,0.00,7.81,0.00,12.41,13.53,26.07,54072666654.39,12.99,26.92,20.11,76.00,77.10,81.79,84.17,86.53,95.32,120.00,81.00,93.00,1.98,0.39,0.69,4041159522.00,995051633.00,1011149737.00
[object Object],ZTS,"Zoetis, Inc. Class A",NYSE,76.05,stock,common,100.00,1.00,false,0.00,USD,-1.58,1429008.00,0.20,31882297057.16,USD,12.51,6.08,4.59,2.70,Health technology,america,Health Technology,Buy,Buy,-1.58,0.58,0.77,-12.90,-40.58,-39.83,-48.44,-62.42,49.62,141.43,4.82,3.32,Sell,Sell,StrongSell,Strong sell,Neutral,Neutral,48.28,0.70,0.68,58.69,40.66,38.86,0.00,77.69,0.54,0.01,63500.00,0.84,1429008.00,-92.00,0.00,0.00,0.00,-51.53,12.51,2.77,3.39,0.00,0.00,0.00,0.00,31882297057.16,3.35,8.08,0.00,76.65,75.52,76.79,91.64,108.78,98.38,146.00,80.00,95.00,6.63,1.86,1.70,9519734294.00,2500955777.00,2419161989.00
[object Object],NTGY,"Naturgy Energy Group, S.A.",BME,28.82,stock,common,100.00,2.00,false,0.00,EUR,0.14,375402.00,0.18,31845296022.11,USD,12.58,2.62,10.96,4.98,Utilities,spain,Utilities,Buy,Buy,0.14,-0.89,4.42,8.84,8.75,11.62,8.75,31.78,56.89,47.97,1.43,1.60,Neutral,Neutral,Buy,Buy,Sell,Sell,50.79,-1.22,0.24,-41.08,27.72,21.17,0.00,0.00,0.00,0.00,0.00,-0.07,375402.00,-55.43,0.00,0.00,0.00,21.41,12.58,0.00,1.36,2.79,0.00,0.00,5.35,47616449822.11,2.13,11.43,7.95,28.99,28.56,28.61,27.82,26.92,35.42,40.43,28.07,36.39,2.55,0.60,0.60,23385876522.93,5679875521.60,5596017570.21
[object Object],TDY,Teledyne Technologies Incorporated,NYSE,686.56,stock,common,100.00,1.00,false,0.00,USD,-0.14,7778.00,0.02,31825950336.64,USD,33.17,20.70,14.03,0.00,Electronic technology,america,Electronic Technology,Buy,Buy,-0.14,4.74,8.17,8.15,7.84,33.83,24.39,50.33,547.21,8037.01,1.78,3.27,Buy,Buy,StrongBuy,Strong buy,Sell,Sell,67.05,31.21,36.82,140.35,89.00,91.66,0.00,0.00,0.00,0.00,0.00,0.30,7778.00,-96.95,0.00,0.00,0.00,16.26,33.17,2.37,5.06,2.91,25.33,28.19,94.68,33512850336.64,5.26,27.06,21.21,665.06,648.91,636.66,633.97,601.66,754.73,877.00,640.00,760.00,24.67,5.79,6.13,6542954398.00,1578448084.00,1649203657.00
[object Object],EXR,Extra Space Storage Inc.,NYSE,150.55,stock,common,100.00,1.00,false,0.00,USD,0.68,15552.00,0.01,31806631095.80,USD,33.71,4.47,-2.93,4.33,Finance,america,Finance,Buy,Buy,0.68,1.59,2.45,4.88,8.08,15.75,8.59,-14.19,83.04,1079.86,1.60,2.34,Buy,Buy,StrongBuy,Strong buy,Neutral,Neutral,56.47,2.84,2.18,56.77,39.93,39.03,0.00,0.00,0.00,0.00,0.00,-0.03,15552.00,-98.39,0.00,0.00,0.00,-0.27,33.71,0.00,9.56,2.40,17.45,18.86,47.72,46445103095.80,13.48,51.72,21.66,149.93,147.61,146.96,142.99,140.69,157.58,178.00,140.00,157.00,4.61,1.16,1.18,3502799994.00,874987625.00,889361853.00
[object Object],WTW,Willis Towers Watson Public Limited Company,NASDAQ,341.52,stock,common,100.00,1.00,false,0.00,USD,0.44,30288.00,0.05,31717626069.35,USD,21.07,16.21,1032.80,1.11,Finance,america,Finance,Buy,Buy,0.44,2.66,15.60,32.77,2.87,4.29,4.74,57.72,185.62,681.36,1.99,2.77,Buy,Buy,StrongBuy,Strong buy,Neutral,Neutral,78.55,46.41,44.42,97.18,92.62,92.23,0.00,339.46,-0.16,0.03,962.00,-0.00,30288.00,-93.18,0.00,0.00,0.00,-0.37,21.07,0.02,3.16,4.13,16.69,19.01,19.11,37220626069.35,3.68,15.74,13.35,330.76,300.75,283.60,279.99,298.61,374.40,406.00,303.00,383.00,19.81,3.11,3.60,10452107633.00,2416528807.00,2459261371.00
[object Object],DXCM,"DexCom, Inc.",NASDAQ,83.64,stock,common,100.00,1.00,false,0.00,USD,0.74,407412.00,0.07,31560564906.81,USD,33.01,2.53,77.36,0.00,Health technology,america,Health Technology,StrongBuy,Strong buy,0.74,4.70,14.08,37.31,18.51,25.52,8.45,-35.40,266.62,2669.37,3.07,3.78,Buy,Buy,StrongBuy,Strong buy,Neutral,Neutral,62.88,12.09,9.97,92.96,73.73,80.57,0.00,82.50,-0.63,-0.10,2111.00,-0.64,407412.00,-89.48,0.00,0.00,0.00,-17.57,33.01,0.42,6.52,12.04,18.66,23.22,16.76,31011964906.81,6.24,27.22,22.10,80.49,75.41,74.45,69.07,68.20,94.04,115.00,82.00,93.50,2.67,0.61,0.67,5230732231.00,1290317508.00,1328716994.00
[object Object],ON,ON Semiconductor Corporation,NASDAQ,80.40,stock,common,100.00,1.00,false,0.00,USD,2.64,781971.00,0.06,31300661937.37,USD,51.77,1.55,44.90,0.00,Electronic technology,america,Electronic Technology,Buy,Buy,2.64,-7.09,-11.27,-21.17,25.21,45.52,67.60,77.33,661.36,265.45,5.15,5.16,Sell,Sell,StrongSell,Strong sell,Neutral,Neutral,40.34,-6.41,-12.19,-87.02,13.89,10.61,0.00,80.76,3.10,0.11,37589.00,2.42,781971.00,-91.69,0.00,0.00,0.00,34.63,51.77,1.12,5.11,4.34,19.45,21.67,8.41,32163561937.37,5.19,28.58,16.80,81.45,88.22,101.32,93.92,75.70,110.26,150.00,85.00,110.00,3.20,0.71,0.87,6550446135.00,1589004230.00,1701637733.00
[object Object],EL,Estee Lauder Companies Inc. Class A,NYSE,86.41,stock,common,100.00,1.00,false,0.00,USD,1.08,88017.00,0.04,31262698808.97,USD,0.00,-0.70,71.25,1.64,Consumer non-durables,america,Consumer Non-Durables,Buy,Buy,1.08,2.53,4.20,0.80,-11.58,-18.18,-5.03,-73.72,-7.65,901.86,3.24,3.11,Buy,Buy,StrongBuy,Strong buy,Neutral,Neutral,57.69,6.12,3.04,104.05,78.54,81.45,0.00,85.83,0.40,0.39,400.00,0.00,88017.00,-94.31,0.00,0.00,0.00,-6.75,0.00,0.00,2.10,7.83,17.56,24.57,10.10,37436698808.97,2.52,24.29,15.92,85.14,83.01,84.00,81.07,91.99,94.88,125.00,70.00,90.00,2.44,0.65,0.32,14963552163.00,3688978845.00,3546153332.00
[object Object],SHB_A,Svenska Handelsbanken AB Class A,OMXSTO,148.10,stock,common,100.00,5.00,false,0.00,SEK,-0.54,2224819.00,0.55,31191253435.92,USD,12.48,1.22,-9.09,11.75,Finance,sweden,Finance,Sell,Sell,-0.54,2.70,3.57,15.25,4.66,9.95,21.89,49.63,41.18,311.39,1.22,1.57,Buy,Buy,StrongBuy,Strong buy,Sell,Sell,64.19,4.65,4.65,131.29,91.93,95.24,0.00,0.00,0.00,0.00,0.00,0.00,2224819.00,-25.69,0.00,0.00,0.00,19.99,12.48,0.00,5.07,1.64,3.93,3.96,0.00,144730969735.92,10.39,0.00,0.00,146.05,143.50,141.11,136.27,135.34,13.96,17.75,12.32,13.89,1.24,0.28,0.31,6133212027.93,1436666996.76,1481722795.06
[object Object],ARES,Ares Management Corporation,NYSE,139.87,stock,common,100.00,1.00,false,0.00,USD,1.23,78962.00,0.03,31055115690.11,USD,64.75,2.16,24.85,3.58,Finance,america,Finance,Buy,Buy,1.23,8.90,18.17,13.20,7.94,-14.02,-26.96,89.04,717.00,670.63,4.46,4.12,Buy,Buy,StrongBuy,Strong buy,Neutral,Neutral,65.82,13.36,15.50,133.85,76.47,83.65,0.00,0.00,0.00,0.00,0.00,0.02,78962.00,-94.33,0.00,0.00,0.00,-29.71,64.75,2.57,4.54,12.29,1086.87,0.00,21.79,49582689690.11,7.27,24.97,22.15,133.18,124.01,125.31,120.07,134.13,148.67,169.00,122.00,149.00,5.87,1.28,1.33,5356940284.00,1235849529.00,1274020945.00
[object Object],KNEBV,KONE Oyj Class B,OMXHEX,51.50,stock,common,100.00,2.00,false,0.00,EUR,0.27,45414.00,0.06,30659005224.26,USD,28.27,2.08,-3.38,3.50,Producer manufacturing,finland,Producer Manufacturing,Buy,Buy,0.27,4.23,2.14,-0.85,-18.23,-14.54,-3.56,-26.64,14.06,740.82,1.16,1.98,Neutral,Neutral,Buy,Buy,Neutral,Neutral,59.93,2.60,1.21,124.81,94.31,92.20,0.00,0.00,0.00,0.00,0.00,0.00,45414.00,-86.49,0.00,0.00,0.00,-6.45,28.27,0.00,2.34,11.61,19.08,0.00,23.61,30183451368.26,2.32,19.24,15.49,50.59,49.78,49.76,52.11,56.02,70.15,94.42,51.19,68.25,2.55,0.63,0.63,13819371997.74,3381097907.85,3383362169.59
[object Object],BIIB,Biogen Inc.,NASDAQ,207.00,stock,common,100.00,1.00,false,0.00,USD,0.35,51025.00,0.04,30585077363.79,USD,36.66,5.65,-45.98,0.00,Health technology,america,Health Technology,Buy,Buy,0.35,-0.25,1.04,9.13,10.69,18.04,59.21,-38.35,-29.80,7188.65,3.04,4.25,Buy,Buy,StrongBuy,Strong buy,Neutral,Neutral,53.30,4.81,0.89,64.20,44.85,47.90,0.00,0.00,0.00,0.00,0.00,0.53,51025.00,-94.28,0.00,0.00,0.00,61.88,36.66,0.00,3.17,1.62,10.69,11.41,23.95,37655177363.79,3.90,19.99,13.81,205.60,205.33,201.90,194.06,184.89,237.28,300.00,157.00,240.00,12.56,2.94,2.09,10422231327.00,2460436717.00,2634061668.00
[object Object],CFG,"Citizens Financial Group, Inc.",NYSE,72.41,stock,common,100.00,1.00,false,0.00,USD,-0.03,193960.00,0.05,30497411371.20,USD,15.74,4.60,40.28,2.54,Finance,america,Finance,StrongBuy,Strong buy,-0.03,0.71,2.22,12.23,7.26,23.86,52.67,65.43,222.54,236.79,1.93,2.32,Buy,Buy,StrongBuy,Strong buy,Sell,Sell,54.95,0.53,1.71,5.88,61.70,67.77,0.00,0.00,0.00,0.00,0.00,-0.55,193960.00,-95.04,0.00,0.00,0.00,45.67,15.74,0.39,3.60,1.27,12.35,13.13,0.00,36197411371.20,2.96,0.00,0.00,72.35,71.60,69.19,65.73,62.01,80.33,90.00,70.00,80.00,5.31,1.24,1.39,9189541952.00,2250921536.00,2340434762.00
[object Object],CASY,"Casey's General Stores, Inc.",NASDAQ,823.55,stock,common,100.00,1.00,false,0.00,USD,-1.06,16132.00,0.05,30475580772.06,USD,42.97,19.17,30.89,0.28,Retail trade,america,Retail Trade,Buy,Buy,-1.06,-5.02,1.67,-4.28,26.35,49.24,57.47,320.37,514.46,65784.08,3.17,3.35,Sell,Sell,Sell,Sell,Neutral,Neutral,43.70,-38.08,13.43,-159.60,31.80,45.07,0.00,834.00,0.19,0.19,40.00,-0.71,16132.00,-95.02,0.00,0.00,0.00,63.38,42.97,1.41,1.76,7.69,22.23,42.44,58.56,32857664772.06,1.87,31.79,22.15,853.58,836.15,827.01,803.09,698.97,957.39,1069.00,795.00,965.00,21.34,3.31,6.68,20553636418.00,4326401887.00,5589502087.00
[object Object],NSIS_B,Novonesis A/S Class B,OMXCOP,425.20,stock,common,10.00,1.00,false,0.00,DKK,0.07,78168.00,0.15,30406683367.90,USD,44.63,1.47,29.66,1.53,Process industries,denmark,Process Industries,Buy,Buy,0.07,0.28,-0.91,14.61,11.02,4.42,1.09,-13.72,32.87,1212.35,1.46,2.12,Buy,Buy,StrongBuy,Strong buy,Neutral,Neutral,55.81,14.00,1.08,72.81,77.16,62.24,0.00,0.00,0.00,0.00,0.00,-0.21,78168.00,-84.44,0.00,0.00,0.00,-3.46,44.63,1.50,6.32,2.43,20.71,31.67,80.54,33717751243.92,6.97,34.07,19.94,419.44,420.47,406.50,391.77,393.80,73.87,84.22,61.84,74.96,2.43,0.81,0.61,5233731845.94,1304576792.54,1268383256.60
[object Object],EPI_A,Epiroc AB Class A,OMXSTO,253.30,stock,common,10.00,1.00,false,0.00,SEK,0.20,276031.00,0.24,30351297565.31,USD,34.66,0.75,-1.61,1.50,Producer manufacturing,sweden,Producer Manufacturing,Buy,Buy,0.20,3.26,-1.02,-5.87,-4.88,20.79,29.17,26.46,192.28,192.28,1.77,2.74,Buy,Buy,Buy,Buy,Sell,Sell,53.22,5.70,-1.12,80.27,85.18,85.05,0.00,0.00,0.00,0.00,0.00,-0.51,276031.00,-67.88,0.00,0.00,0.00,16.10,34.66,0.00,4.90,6.87,30.91,38.73,44.24,31592097265.31,4.93,25.86,20.51,246.61,250.83,257.99,254.37,240.32,29.73,34.55,24.08,30.10,0.90,0.21,0.23,7214211755.39,1693332140.27,1809199116.50
[object Object],RMD,ResMed Inc.,NYSE,208.44,stock,common,100.00,1.00,false,0.00,USD,-6.63,668144.00,0.49,30235918668.20,USD,20.09,10.37,16.47,1.08,Health technology,america,Health Technology,Buy,Buy,-6.63,0.83,-1.92,0.80,-21.95,-13.78,-26.30,-24.23,198.67,27692.33,3.02,3.08,Neutral,Neutral,Sell,Sell,Neutral,Neutral,50.92,13.17,13.44,14.78,79.99,90.81,long_lower_shadow_bullish,205.43,-7.98,-8.60,27229.00,-7.19,668144.00,-62.59,0.00,0.00,0.00,-25.56,20.09,1.31,5.90,0.00,16.11,17.35,20.72,29592603668.20,5.34,15.37,13.52,213.99,205.56,200.28,209.08,230.74,262.52,327.48,175.00,257.01,12.12,2.89,2.77,5912940803.00,1461306459.00,1411112089.00
[object Object],RYA,Ryanair Holdings PLC,EURONEXT,24.99,stock,common,100.00,1.00,false,0.00,EUR,-1.07,310240.00,0.17,30228670945.76,USD,14.12,2.02,-5.72,1.66,Transportation,ireland,Transportation,StrongBuy,Strong buy,-1.07,-0.44,-8.53,2.00,-10.72,-14.53,-3.88,49.33,113.59,83.48,2.48,3.23,Sell,Sell,StrongSell,Strong sell,Neutral,Neutral,47.42,0.67,-0.88,-7.16,74.53,64.48,0.00,0.00,0.00,0.00,0.00,-0.12,310240.00,-81.16,0.00,0.00,0.00,-6.03,14.12,0.00,1.70,2.74,7.63,15.47,9.26,27172592289.76,1.53,11.22,6.67,24.89,25.81,25.58,24.88,26.31,34.68,39.40,31.11,34.57,2.01,0.68,1.74,18399820654.90,5069644361.21,6581004258.47
[object Object],CBOE,Cboe Global Markets Inc,CBOE,289.07,stock,common,100.00,1.00,false,0.00,USD,-0.03,44658.00,0.04,30187874912.01,USD,22.52,12.84,50.50,1.00,Finance,america,Finance,Neutral,Neutral,-0.03,0.53,12.41,-14.53,8.06,15.19,16.51,136.03,319.00,781.31,3.18,4.06,Buy,Buy,StrongBuy,Strong buy,Neutral,Neutral,52.52,4.00,19.36,12.90,41.47,44.31,0.00,286.86,-0.80,-0.80,40.00,-1.64,44658.00,-95.21,0.00,0.00,0.00,24.11,22.52,0.44,5.90,5.37,28.97,31.64,12.75,29389074912.01,5.81,16.46,15.43,295.01,275.09,277.86,296.15,280.24,316.07,380.00,258.00,312.00,14.01,3.48,3.41,2871221660.00,718623893.00,707971071.00
[object Object],AEE,Ameren Corporation,NYSE,108.33,stock,common,100.00,1.00,false,0.00,USD,0.06,76925.00,0.05,29990429612.19,USD,19.07,5.68,24.77,2.70,Utilities,america,Utilities,Buy,Buy,0.06,-0.40,-5.26,-0.78,2.47,8.61,6.56,24.72,112.00,384.16,1.99,2.10,Sell,Sell,StrongSell,Strong sell,Neutral,Neutral,40.89,-5.45,-3.42,-119.95,18.27,22.40,0.00,108.26,-0.01,-0.01,200.00,-0.35,76925.00,-95.98,0.00,0.00,0.00,12.75,19.07,0.77,3.45,2.19,9.29,0.00,529.68,51870429612.19,5.93,23.84,13.35,109.74,111.93,110.74,110.61,107.44,122.87,137.00,113.00,122.00,5.38,1.08,2.31,9151892408.00,2274794241.00,2959028344.00
[object Object],FRE,Fresenius SE & Co. KGaA,XETR,47.11,stock,common,100.00,1.00,false,0.00,EUR,0.92,270146.00,0.28,29982962189.56,USD,17.43,3.09,35.29,2.25,Health services,germany,Health Services,StrongBuy,Strong buy,0.92,4.36,10.38,16.06,-4.79,-3.97,13.11,5.27,-28.97,438.60,2.75,2.20,Buy,Buy,StrongBuy,Strong buy,Neutral,Neutral,73.96,3.31,3.41,146.88,74.22,75.38,spinning_top_white,46.79,0.24,0.24,8.00,0.75,270146.00,-76.36,0.00,0.00,0.00,4.73,17.43,0.49,1.12,1.35,8.96,18.35,20.75,42468554949.56,1.59,16.55,11.04,45.20,43.20,41.19,41.46,45.08,63.47,73.15,56.45,63.59,4.22,1.02,0.89,27844394367.04,6666499742.87,6647581907.76
[object Object],BAMI,Banco BPM SpA,MIL,17.06,stock,common,1000.00,5.00,false,0.00,EUR,-0.70,2524645.00,0.48,29915991619.66,USD,0.00,0.00,0.00,5.82,Finance,italy,Finance,Neutral,Neutral,-0.70,8.25,10.31,34.28,31.94,31.03,49.91,556.15,689.08,-69.60,1.93,1.91,Buy,Buy,StrongBuy,Strong buy,Sell,Sell,73.10,1.40,1.02,206.01,87.34,91.04,engulfing_bearish,0.00,0.00,0.00,0.00,0.26,2524645.00,-77.57,0.00,0.00,0.00,43.39,0.00,1.46,3.71,0.00,0.00,0.00,0.00,61520527884.00,6.91,0.00,0.00,16.14,15.68,15.21,13.89,13.19,17.35,19.81,15.32,17.11,1.51,0.00,0.00,7336525109.38,2967002400.00,0.00
[object Object],KHC,Kraft Heinz Company,NASDAQ,25.19,stock,common,100.00,1.00,false,0.00,USD,0.92,1058989.00,0.06,29870898675.01,USD,0.00,-2.86,36.07,6.41,Consumer non-durables,america,Consumer Non-Durables,Neutral,Neutral,0.92,-3.19,-1.37,6.65,3.24,3.71,-7.90,-32.65,-70.41,-64.52,3.52,3.02,Neutral,Neutral,Neutral,Neutral,Neutral,Neutral,47.45,-0.48,0.63,-113.08,14.80,27.03,0.00,24.87,-0.36,0.16,36765.00,-0.26,1058989.00,-95.74,0.00,0.00,0.00,-4.24,0.00,0.00,1.19,0.83,6.47,7.83,10.50,46150898675.01,1.85,10.83,8.77,26.23,25.51,24.65,23.65,23.98,23.93,27.00,19.00,24.00,2.05,0.54,0.43,24632308571.00,6176365692.00,6081510462.00
[object Object],VIE,Veolia Environnement SA,EURONEXT,35.30,stock,common,100.00,1.00,false,0.00,EUR,0.66,417941.00,0.23,29570114851.18,USD,20.81,1.94,13.17,4.28,Utilities,france,Utilities,Buy,Buy,0.66,-1.23,-4.08,-0.84,10.90,18.46,18.86,33.13,84.86,10.73,1.56,1.90,Sell,Sell,Sell,Sell,Neutral,Neutral,45.21,-1.29,-1.31,-78.76,31.83,26.62,0.00,0.00,0.00,0.00,0.00,0.23,417941.00,-67.73,0.00,0.00,0.00,17.06,20.81,1.57,0.58,3.62,5.85,18.22,3.56,67425492051.18,1.33,16.65,8.80,35.21,36.30,35.91,35.13,32.94,45.92,52.21,42.64,46.10,2.77,0.00,0.00,54356965350.93,25145877080.00,0.00
[object Object],VICI,VICI Properties Inc,NYSE,26.66,stock,common,100.00,1.00,false,0.00,USD,0.47,400294.00,0.03,29360232941.08,USD,10.34,2.58,-1.35,6.78,Finance,america,Finance,Buy,Buy,0.47,1.46,-0.65,-7.64,-7.73,-5.31,-19.49,-12.17,43.75,43.75,1.69,1.84,Neutral,Neutral,Neutral,Neutral,Neutral,Neutral,49.39,-0.07,-0.15,-8.14,38.06,37.13,0.00,26.60,0.23,-0.11,6990.00,0.23,400294.00,-94.71,0.00,0.00,0.00,-16.59,10.34,0.00,7.06,1.01,11.02,11.02,100.92,47347805941.08,11.55,13.02,13.01,26.64,26.61,26.97,27.56,28.30,32.78,38.00,27.00,32.00,2.83,0.71,0.72,4180768463.00,1038867523.00,1054880710.00
[object Object],WSM,"Williams-Sonoma, Inc.",NYSE,248.93,stock,common,100.00,1.00,false,0.00,USD,0.83,33162.00,0.04,29310664189.00,USD,27.86,8.93,1.13,1.15,Retail trade,america,Retail Trade,Buy,Buy,0.83,7.00,13.96,34.30,16.17,36.27,21.70,222.93,839.00,47906.73,2.38,2.92,Buy,Buy,StrongBuy,Strong buy,Neutral,Neutral,67.22,22.19,15.74,127.48,86.65,88.75,0.00,250.00,1.26,-0.00,600.00,-0.20,33162.00,-96.51,0.00,0.00,0.00,20.91,27.86,24.39,3.76,15.67,22.09,27.33,45.80,30152627189.00,3.83,21.26,18.28,239.92,230.08,224.58,204.67,199.88,220.28,260.00,190.00,225.00,9.39,1.81,2.06,8160194041.00,1797881383.00,1916259106.00
[object Object],SAMPO,Sampo Oyj,OMXHEX,9.64,stock,common,1000.00,2.00,false,0.00,EUR,0.63,481524.00,0.16,29296723971.39,USD,15.47,0.72,50.34,3.76,Finance,finland,Finance,Buy,Buy,0.63,0.35,2.51,7.93,2.21,-6.90,-1.67,13.34,29.34,588.29,1.20,1.18,StrongBuy,Strong buy,StrongBuy,Strong buy,Neutral,Neutral,57.31,0.01,0.09,30.19,53.40,37.66,0.00,0.00,0.00,0.00,0.00,0.00,481524.00,-73.59,0.00,0.00,0.00,0.76,15.47,0.31,2.16,3.30,24.68,30.57,0.00,32596109251.39,2.40,0.00,0.00,9.58,9.53,9.32,9.23,9.47,12.12,13.24,10.94,12.08,0.64,0.11,0.21,13085081033.97,4405109547.10,2936405461.90
[object Object],LVS,Las Vegas Sands Corp.,NYSE,45.20,stock,common,100.00,1.00,false,0.00,USD,-1.98,309555.00,0.05,29272854849.90,USD,17.61,2.57,29.61,2.39,Consumer services,america,Consumer Services,Buy,Buy,-1.98,-9.28,-1.73,-16.72,-21.00,-30.68,-14.68,10.66,-10.02,7.86,3.46,2.95,StrongSell,Strong sell,StrongSell,Strong sell,Sell,Sell,40.16,-0.88,-0.13,-57.26,25.70,31.03,0.00,46.14,0.07,0.09,2532.00,-0.02,309555.00,-93.34,0.00,0.00,0.00,-13.02,17.61,0.61,2.20,50.41,7.96,11.01,8.78,41474854849.90,3.02,12.92,8.77,47.38,46.46,47.83,50.58,55.76,59.24,71.50,47.00,60.00,3.13,0.76,0.76,13832780245.00,3310459500.00,3417066533.00
[object Object],KNIN,Kuehne & Nagel International AG,SIX,199.05,stock,common,10.00,1.00,false,0.00,CHF,-0.52,106572.00,0.51,29243844131.70,USD,27.32,9.01,-25.06,3.00,Transportation,switzerland,Transportation,Neutral,Neutral,-0.52,-2.86,-4.58,16.40,5.48,15.42,18.98,-34.65,46.90,947.63,1.48,2.10,Sell,Sell,Sell,Sell,Neutral,Neutral,43.31,-5.55,-2.00,-156.53,11.82,14.27,0.00,0.00,0.00,0.00,0.00,-0.05,106572.00,-65.45,0.00,0.00,0.00,20.98,27.32,0.00,0.98,11.54,14.47,16.50,38.43,33550944131.70,1.12,23.08,13.11,202.57,204.69,198.37,188.52,178.86,241.79,292.92,194.06,244.10,11.07,2.74,2.86,31671180942.04,7534827444.40,7899638574.63
[object Object],DTE,DTE Energy Company,NYSE,140.24,stock,common,100.00,1.00,false,0.00,USD,0.19,61449.00,0.04,29181229133.98,USD,22.16,6.33,-8.94,3.28,Utilities,america,Utilities,Buy,Buy,0.19,-0.96,-8.53,-1.77,2.17,8.42,0.71,17.53,73.06,521.95,1.94,2.15,Sell,Sell,StrongSell,Strong sell,Neutral,Neutral,35.29,-9.22,-7.66,-116.79,11.56,12.67,0.00,139.97,0.00,0.00,200.00,-0.37,61449.00,-95.27,0.00,0.00,0.00,6.78,22.16,0.00,1.78,2.40,8.64,0.00,347.25,56942229133.98,3.49,27.60,14.11,142.37,147.54,146.90,146.19,141.57,160.46,170.00,149.00,162.00,7.71,1.14,2.42,16007601603.00,3357457324.00,3763355084.00
[object Object],ATO,Atmos Energy Corporation,NYSE,170.53,stock,common,100.00,1.00,false,0.00,USD,-0.84,41301.00,0.04,28818460063.83,USD,20.30,8.40,16.00,2.25,Utilities,america,Utilities,Neutral,Neutral,-0.84,-1.60,-4.27,-7.06,-1.23,2.03,5.93,68.85,118.72,2954.34,1.47,1.78,StrongSell,Strong sell,StrongSell,Strong sell,Sell,Sell,38.10,-8.69,-3.65,-146.26,13.18,16.03,0.00,171.98,0.00,0.00,200.00,-0.59,41301.00,-96.34,0.00,0.00,0.00,20.75,20.30,1.28,5.92,1.89,14.30,0.00,54.93,38616518063.83,7.85,21.22,14.87,174.26,175.70,173.29,178.69,176.25,189.10,200.00,173.00,189.50,8.45,1.35,1.20,5173934124.00,900815824.00,844767225.00
[object Object],ALNY,"Alnylam Pharmaceuticals, Inc",NASDAQ,214.46,stock,common,100.00,1.00,false,0.00,USD,-0.77,135336.00,0.04,28696035855.24,USD,36.21,5.92,0.00,0.00,Health technology,america,Health Technology,Buy,Buy,-0.77,4.38,-32.67,-27.53,-35.33,-46.30,-50.05,11.19,197.36,3415.66,5.38,6.30,StrongSell,Strong sell,StrongSell,Strong sell,Sell,Sell,32.22,-57.31,-57.10,-99.11,23.66,25.25,0.00,218.01,0.87,1.37,1993.00,0.55,135336.00,-94.05,0.00,0.00,0.00,-11.13,36.21,0.00,6.22,21.18,33.47,37.35,8.96,28375377855.24,5.91,28.38,26.91,236.31,272.79,280.35,294.92,342.82,379.10,536.00,230.00,357.00,6.76,1.63,1.79,5474468693.00,1322127769.00,1436856894.00
[object Object],PUB,Publicis Groupe SA,EURONEXT,99.44,stock,common,100.00,2.00,false,0.00,EUR,0.16,227097.00,0.33,28686742618.10,USD,15.48,7.34,-4.76,3.78,Commercial services,france,Commercial Services,StrongBuy,Strong buy,0.16,6.58,13.78,22.52,27.49,11.68,27.45,82.66,52.63,1320.57,2.72,2.87,Buy,Buy,StrongBuy,Strong buy,Neutral,Neutral,71.09,11.02,7.31,154.69,93.47,90.71,shooting_star_bearish,0.00,0.00,0.00,0.00,-0.38,227097.00,-76.30,0.00,0.00,0.00,14.77,15.48,0.00,1.42,2.36,9.25,10.09,11.86,32498776798.10,1.61,10.88,8.47,94.95,89.65,89.10,83.18,82.95,124.99,151.30,102.38,125.13,9.27,4.10,5.05,17762768761.77,8663387355.30,9694539377.44
[object Object],DOV,Dover Corporation,NYSE,212.88,stock,common,100.00,1.00,false,0.00,USD,0.97,22022.00,0.02,28670725067.21,USD,25.63,8.31,-49.91,0.99,Producer manufacturing,america,Producer Manufacturing,Buy,Buy,0.97,3.71,-0.09,-4.06,-3.24,9.07,20.96,25.78,262.00,35198.21,2.00,2.57,Buy,Buy,StrongBuy,Strong buy,Neutral,Neutral,53.15,10.68,-3.65,47.47,78.05,69.25,0.00,0.00,0.00,0.00,0.00,0.02,22022.00,-97.60,0.00,0.00,0.00,8.36,25.63,0.00,3.39,3.73,20.75,24.63,16.43,30174742067.21,3.58,19.81,15.75,206.54,211.52,214.26,214.97,207.85,252.00,279.00,215.00,252.50,10.68,2.72,2.86,8671007928.00,2208509667.00,2210176436.00
[object Object],Q,"Qnity Electronics, Inc.",NYSE,136.93,stock,common,100.00,1.00,false,0.00,USD,2.67,99761.00,0.04,28645878547.13,USD,44.16,3.10,-13.77,0.04,Electronic technology,america,Electronic Technology,StrongBuy,Strong buy,2.67,1.16,-2.01,-7.35,44.15,67.62,94.22,94.22,94.22,94.22,4.82,5.20,Neutral,Neutral,Neutral,Neutral,Buy,Buy,48.41,1.87,-6.88,29.85,54.00,58.53,0.00,137.50,3.10,1.96,701.00,2.32,99761.00,-93.70,0.00,0.00,0.00,0.00,44.16,0.00,5.67,3.99,23.98,32.07,33.60,32598878547.13,6.58,30.72,22.62,132.69,139.96,146.08,140.99,0.00,179.88,189.00,170.00,180.00,4.51,1.07,1.19,5607568625.00,1364556333.00,1486704286.00
[object Object],MTD,Mettler-Toledo International Inc.,NYSE,1429.25,stock,common,100.00,1.00,false,0.00,USD,0.56,5482.00,0.03,28637250540.69,USD,32.17,44.43,12.54,0.00,Health technology,america,Health Technology,Buy,Buy,0.56,-2.44,12.63,19.80,3.27,2.17,15.70,-6.17,257.44,10063.56,2.53,2.95,StrongBuy,Strong buy,StrongBuy,Strong buy,Buy,Buy,68.62,102.07,117.01,86.44,80.49,83.26,0.00,0.00,0.00,0.00,0.00,-0.12,5482.00,-95.68,0.00,0.00,0.00,7.57,32.17,2.55,6.93,2233.27,29.56,33.36,560.94,30697830540.69,7.43,26.14,23.52,1406.39,1333.00,1264.94,1245.17,1320.90,1495.80,1600.00,1400.00,1479.00,47.33,10.85,12.11,4235284215.00,1027745401.00,1070782596.00
[object Object],AV.,Aviva plc,LSE,714.20,stock,common,10.00,2.00,false,0.00,GBX,0.56,1468828.00,0.18,28575295151.38,USD,26.94,0.36,13.73,5.53,Finance,uk,Finance,Buy,Buy,0.56,2.53,5.65,15.83,11.28,4.14,8.94,79.45,32.84,-45.67,1.55,2.12,Buy,Buy,StrongBuy,Strong buy,Neutral,Neutral,70.85,23.20,31.48,132.29,92.84,91.65,0.00,0.00,0.00,0.00,0.00,-0.28,1468828.00,-86.50,0.00,0.00,0.00,6.05,26.94,1.95,0.45,2.25,0.00,0.00,0.00,40287951551.38,0.51,0.00,0.00,697.62,676.69,656.46,640.47,648.28,9.48,10.78,7.32,9.67,0.80,0.43,0.41,81209962348.80,38933663715.20,38171637074.70
[object Object],TEN,Tenaris S.A.,MIL,23.14,stock,common,100.00,1.00,false,0.00,EUR,0.74,1391365.00,0.86,28367019640.13,USD,0.00,0.00,0.00,3.34,Non-energy minerals,italy,Non-Energy Minerals,Neutral,Neutral,0.74,-5.24,-3.62,-8.83,18.45,39.73,51.99,170.64,87.37,1222.29,3.44,2.53,Sell,Sell,StrongSell,Strong sell,Neutral,Neutral,35.64,-2.38,-0.21,-278.11,13.53,28.28,spinning_top_white,0.00,0.00,0.00,0.00,0.57,1391365.00,-72.31,0.00,0.00,0.00,48.31,0.00,0.00,2.25,1.57,0.00,0.00,0.00,26271195692.59,2.23,11.88,9.30,24.38,24.40,25.14,25.48,22.12,30.72,39.86,24.84,28.88,1.93,0.41,0.45,12506804367.78,2919317582.16,3031896887.58
[object Object],KOG,Kongsberg Gruppen ASA,OSL,310.60,stock,common,10.00,1.00,false,0.00,NOK,0.94,845665.00,0.76,28347929492.21,USD,37.24,0.84,9.29,1.85,Producer manufacturing,norway,Producer Manufacturing,Buy,Buy,0.94,5.29,-3.99,-3.81,-12.75,19.07,2.64,503.34,1275.09,5574.98,2.50,2.92,Buy,Buy,Buy,Buy,Neutral,Neutral,59.46,20.80,11.72,139.05,83.18,86.92,"long_upper_shadow_bearish,shooting_star_bearish",0.00,0.00,0.00,0.00,1.40,845665.00,-32.88,0.00,0.00,0.00,-4.12,37.24,3.97,6.49,22.16,29.88,40.12,56.23,28250416552.21,6.71,41.51,34.12,301.36,298.46,299.40,328.28,315.30,40.69,57.45,29.04,39.41,0.69,0.16,0.17,4205304361.86,1015222271.85,1089385777.16
[object Object],XYL,Xylem Inc.,NYSE,121.26,stock,common,100.00,1.00,false,0.00,USD,0.41,58068.00,0.03,28312611858.27,USD,28.80,4.21,9.42,1.37,Producer manufacturing,america,Producer Manufacturing,Buy,Buy,0.41,3.58,1.81,4.86,-13.77,-11.03,-16.16,-5.87,156.31,416.00,2.06,2.72,Buy,Buy,StrongBuy,Strong buy,Sell,Sell,54.30,1.51,1.82,15.35,53.51,53.64,0.00,0.00,0.00,0.00,0.00,-0.12,58068.00,-95.04,0.00,0.00,0.00,-7.52,28.80,3.04,3.13,2.72,22.05,31.08,22.48,30336611858.27,3.33,21.65,15.43,120.66,119.83,116.09,117.18,127.72,154.94,183.00,130.00,159.50,5.65,1.35,1.45,9202767891.00,2341514241.00,2286730316.00
[object Object],IMB,Imperial Brands PLC,LSE,2790.00,stock,common,1.00,1.00,false,0.00,GBX,1.12,379614.00,0.07,28257177751.65,USD,13.12,2.81,-29.03,5.81,Consumer non-durables,uk,Consumer Non-Durables,Buy,Buy,1.12,-1.58,0.80,1.42,-14.75,-10.51,-7.15,78.52,-30.91,884.31,1.89,2.12,Neutral,Neutral,Sell,Sell,Buy,Buy,50.01,-30.91,-20.00,-23.49,18.92,16.94,marubozu_white_bullish,0.00,0.00,0.00,0.00,-0.33,379614.00,-75.25,0.00,0.00,0.00,-6.20,13.12,0.00,1.14,5.39,7.14,7.91,44.85,43468699351.65,1.69,8.89,7.52,2811.21,2787.74,2773.94,2836.89,2999.33,44.00,48.50,35.88,46.51,4.45,1.68,2.81,13532962957.63,5940210683.00,7441897952.40
[object Object],ORSTED,Orsted,OMXCOP,142.10,stock,common,100.00,5.00,false,0.00,DKK,2.38,345711.00,0.42,28182893809.63,USD,0.00,-0.24,-204.50,0.00,Utilities,denmark,Utilities,Buy,Buy,2.38,-2.34,-4.73,-11.33,1.07,15.81,-16.91,-73.11,-7.33,0.26,3.17,2.60,Sell,Sell,StrongSell,Strong sell,Neutral,Neutral,42.80,-7.75,-6.30,-92.17,14.12,16.04,0.00,0.00,0.00,0.00,0.00,0.32,345711.00,-68.23,0.00,0.00,0.00,42.22,0.00,0.00,2.62,1.55,6.47,0.00,2.38,35711119809.63,3.31,0.00,26.38,142.43,147.45,150.52,154.64,144.52,26.27,34.13,18.20,27.15,1.29,0.48,0.18,12676962702.81,3539277702.90,2528882928.00
[object Object],OTIS,Otis Worldwide Corporation,NYSE,74.03,stock,common,100.00,1.00,false,0.00,USD,0.27,123293.00,0.04,28180952090.30,USD,19.00,3.90,2.98,2.30,Industrial services,america,Industrial Services,Buy,Buy,0.27,3.45,2.10,-4.54,-19.30,-15.12,-15.35,-18.68,85.08,85.08,1.81,2.44,Buy,Buy,Buy,Buy,Neutral,Neutral,55.90,2.10,0.55,83.91,70.62,64.28,0.00,74.07,0.33,0.01,200.00,-0.34,123293.00,-95.11,0.00,0.00,0.00,-18.22,19.00,6.35,1.90,0.00,15.17,16.58,33.44,36471952090.30,2.45,15.65,14.58,73.06,72.71,72.13,74.60,81.92,89.18,107.00,78.00,88.00,4.09,1.01,1.03,15212255820.00,3761572222.00,3841610086.00
[object Object],DG,Dollar General Corporation,NYSE,126.98,stock,common,100.00,1.00,false,0.00,USD,-0.36,118208.00,0.06,28011193734.13,USD,17.95,7.07,34.89,1.85,Retail trade,america,Retail Trade,Neutral,Neutral,-0.36,-0.15,10.77,8.50,-13.34,-4.37,12.25,-46.30,34.63,477.20,2.56,3.37,Buy,Buy,StrongBuy,Strong buy,Neutral,Neutral,58.88,9.75,6.17,56.74,75.50,76.04,spinning_top_black,127.21,-0.19,-0.19,460.00,-0.24,118208.00,-91.77,0.00,0.00,0.00,18.17,17.95,0.52,0.66,3.17,8.03,12.78,20.79,42456481734.13,0.99,18.74,12.75,126.88,121.79,117.48,116.89,123.82,132.39,175.00,90.00,128.00,7.38,1.89,2.00,44415832319.00,10814622125.00,11195531390.00
[object Object],GFS,GlobalFoundries Inc.,NASDAQ,51.03,stock,common,100.00,1.00,false,0.00,USD,1.34,460510.00,0.09,28002945956.31,USD,39.83,1.28,0.00,0.24,Electronic technology,america,Electronic Technology,Buy,Buy,1.34,-2.27,-22.23,-29.11,24.26,43.60,43.28,8.59,8.59,8.59,6.15,5.99,Sell,Sell,StrongSell,Strong sell,Neutral,Neutral,36.03,-2.50,-13.39,-51.53,28.80,29.37,long_upper_shadow_bearish,51.89,3.04,0.97,41847.00,1.63,460510.00,-90.70,0.00,0.00,0.00,20.59,39.83,0.00,4.04,2.37,14.81,35.65,12.04,27379945956.31,3.95,34.05,13.36,50.20,60.78,69.15,63.95,51.94,77.85,140.00,55.00,77.50,1.94,0.43,0.51,7304001894.00,1765269294.00,1888433706.00
[object Object],AM,Dassault Aviation SA,EURONEXT,315.40,stock,common,10.00,2.00,false,0.00,EUR,0.57,13100.00,0.22,27963513238.19,USD,24.43,14.75,29.17,1.52,Electronic technology,france,Electronic Technology,Buy,Buy,0.57,4.58,3.82,5.70,0.32,15.79,15.62,209.22,244.10,12671.52,1.98,2.30,StrongBuy,Strong buy,StrongBuy,Strong buy,Buy,Buy,63.32,16.20,14.67,109.21,84.37,80.27,shooting_star_bearish,0.00,0.00,0.00,0.00,0.00,13100.00,-70.72,0.00,0.00,0.00,12.63,24.43,0.83,2.78,3.71,16.72,18.29,2.42,16549330182.73,1.66,18.89,14.85,307.10,296.87,296.42,302.46,302.25,430.20,690.52,345.26,402.80,18.05,6.57,11.52,10418877830.37,4019399940.29,6224918181.62
[object Object],FISV,"Fiserv, Inc.",NASDAQ,52.21,stock,common,100.00,1.00,false,0.00,USD,-3.51,1189440.00,0.12,27841193132.76,USD,10.01,5.21,-12.86,0.00,Commercial services,america,Commercial Services,Neutral,Neutral,-3.51,-2.17,1.73,-8.00,-11.05,-22.69,-61.26,-52.89,-0.63,18742.12,5.26,3.88,Sell,Sell,StrongSell,Strong sell,Neutral,Neutral,48.51,1.19,2.49,12.39,55.25,69.44,harami_bearish,53.66,-0.83,-0.57,28734.00,-0.65,1189440.00,-94.34,0.00,0.00,0.00,-62.68,10.01,0.00,1.38,0.00,4.75,7.03,44.44,55122193132.76,2.64,8.05,5.45,54.07,51.84,52.01,54.93,61.34,59.24,85.00,40.00,59.00,7.61,1.91,1.89,19734575110.00,5039300236.00,4971374480.00
[object Object],FSLR,"First Solar, Inc.",NASDAQ,258.63,stock,common,100.00,1.00,false,0.00,USD,5.94,1341345.00,0.46,27794911096.37,USD,15.94,16.22,38.72,0.00,Electronic technology,america,Electronic Technology,Buy,Buy,5.94,21.55,15.41,19.23,10.53,-2.72,37.88,178.49,483.81,955.63,9.10,5.45,StrongBuy,Strong buy,StrongBuy,Strong buy,Buy,Buy,67.15,55.81,15.07,209.40,80.74,80.16,"doji_star_bearish,rising_window_bullish",259.01,6.09,6.60,112314.00,6.13,1341345.00,-63.44,0.00,0.00,0.00,11.64,15.94,0.39,4.89,2.69,12.92,18.57,16.13,26261957096.37,4.88,13.96,10.70,224.06,222.16,243.73,226.17,234.47,267.21,402.00,150.00,270.00,17.67,2.90,4.65,5037994496.00,1062705887.00,1296738917.00
[object Object],CINF,Cincinnati Financial Corporation,NASDAQ,177.19,stock,common,100.00,1.00,false,0.00,USD,-1.03,18928.00,0.02,27195540739.02,USD,8.36,21.21,83.99,2.02,Finance,america,Finance,Neutral,Neutral,-1.03,2.06,-5.94,9.76,2.72,8.50,14.73,48.55,132.42,9562.21,1.98,2.65,Sell,Sell,Sell,Sell,Sell,Sell,47.67,-5.62,-2.44,-56.21,38.18,41.40,0.00,178.80,-0.13,-0.13,100.00,-0.18,18928.00,-96.55,0.00,0.00,0.00,17.60,8.36,0.10,2.00,1.63,8.07,8.11,0.00,28071540739.02,2.01,0.00,0.00,179.21,181.20,175.39,169.02,166.06,190.83,200.00,172.00,192.50,8.40,1.84,1.95,10556476133.00,2711469714.00,2630597167.00
[object Object],FE,FirstEnergy Corp.,NYSE,46.93,stock,common,100.00,1.00,false,0.00,USD,-0.93,219169.00,0.04,27155572411.15,USD,25.04,1.87,-17.28,3.80,Utilities,america,Utilities,Buy,Buy,-0.93,-3.34,-3.24,3.80,0.49,4.61,9.34,24.19,42.21,80.50,1.96,1.98,StrongSell,Strong sell,StrongSell,Strong sell,Neutral,Neutral,38.37,-2.99,-0.50,-217.94,7.29,11.06,falling_window_bearish,46.80,-1.20,-0.55,514.00,-1.20,219169.00,-96.20,0.00,0.00,0.00,18.99,25.04,0.00,1.73,2.10,8.71,0.00,142.26,57438572411.15,3.63,19.55,14.58,48.39,48.43,47.66,48.02,47.48,53.67,56.00,51.00,53.00,2.73,0.50,0.93,15594408949.00,3511701274.00,4330023739.00
[object Object],ES,Eversource Energy,NYSE,72.09,stock,common,100.00,1.00,false,0.00,USD,0.04,66666.00,0.02,27154481349.93,USD,18.67,3.86,66.18,4.27,Utilities,america,Utilities,Neutral,Neutral,0.04,0.13,-3.44,6.42,5.15,6.34,9.53,-19.24,26.72,333.62,2.02,2.11,Sell,Sell,Sell,Sell,Sell,Sell,44.62,-2.82,-1.43,-119.53,25.54,26.61,0.00,0.00,0.00,0.00,0.00,-0.19,66666.00,-97.70,0.00,0.00,0.00,16.28,18.67,0.28,1.94,1.66,6.13,91.29,14.94,55298516349.93,3.95,17.68,10.23,73.15,73.74,72.00,70.43,70.40,74.25,85.00,52.00,75.50,4.65,0.87,1.05,13756564378.00,2988920513.00,3285714886.00
[object Object],FRES,Fresnillo PLC,LSE,2832.00,stock,common,1.00,1.00,false,0.00,GBX,3.43,4129307.00,5.11,27140950131.59,USD,12.29,3.06,382.60,3.48,Non-energy minerals,uk,Non-Energy Minerals,Neutral,Neutral,3.43,10.11,4.50,-22.64,-19.22,-16.06,68.07,259.30,46.74,434.34,5.03,4.38,Buy,Buy,Buy,Buy,Buy,Buy,59.36,286.00,22.31,270.77,84.74,81.27,0.00,0.00,0.00,0.00,0.00,3.87,4129307.00,551.59,0.00,0.00,0.00,79.36,12.29,0.03,4.48,5.41,10.09,12.16,11.07,25897685328.42,4.34,7.30,6.43,2603.80,2629.00,2790.12,3093.15,3162.69,44.67,72.61,27.83,39.09,2.96,1.56,1.13,6293714615.56,3410500000.00,0.00
[object Object],HEXA_B,Hexagon AB Class B,OMXSTO,97.46,stock,common,100.00,2.00,false,0.00,SEK,0.93,737441.00,0.12,27138609207.48,USD,47.65,0.21,-48.03,1.57,Electronic technology,sweden,Electronic Technology,Neutral,Neutral,0.93,2.10,19.26,0.47,3.02,-10.63,-8.79,-33.90,101.90,6169.55,2.12,2.55,Buy,Buy,StrongBuy,Strong buy,Neutral,Neutral,71.27,14.10,12.36,92.28,95.15,96.09,0.00,0.00,0.00,0.00,0.00,-0.37,737441.00,-77.01,0.00,0.00,0.00,-22.62,47.65,0.00,5.00,4.21,17.88,0.00,10.94,27731533870.74,5.21,0.00,51.59,94.02,85.09,84.07,89.89,98.18,10.49,13.54,8.33,10.44,0.37,0.08,0.08,4924632156.56,1139125768.06,1163688362.44
[object Object],ML,Cie Generale des Etablissements Michelin SA,EURONEXT,34.43,stock,common,100.00,1.00,false,0.00,EUR,0.76,396193.00,0.21,27067296153.76,USD,15.25,2.58,3.27,4.04,Consumer durables,france,Consumer Durables,Neutral,Neutral,0.76,-0.12,-0.75,7.90,4.65,21.28,12.00,-2.98,49.79,367.62,1.83,1.95,Neutral,Neutral,Buy,Buy,Neutral,Neutral,50.95,0.02,0.02,-79.25,36.80,42.13,0.00,0.00,0.00,0.00,0.00,-0.32,396193.00,-61.77,0.00,0.00,0.00,6.58,15.25,4.63,0.93,1.33,5.79,9.60,8.28,32868868873.76,1.12,11.04,6.21,34.52,34.57,33.84,32.31,31.12,40.56,46.21,32.35,40.43,3.13,1.48,1.70,31054328135.78,14653200830.00,16434717320.00
[object Object],HUBB,Hubbell Incorporated,NYSE,511.18,stock,common,100.00,1.00,false,0.00,USD,0.68,25763.00,0.03,27006689105.57,USD,30.27,16.89,9.66,1.10,Producer manufacturing,america,Producer Manufacturing,Buy,Buy,0.68,5.49,7.77,2.58,3.21,14.17,19.42,155.89,381.33,29831.04,3.23,3.63,Buy,Buy,StrongBuy,Strong buy,Buy,Buy,58.31,25.09,5.80,176.39,85.78,84.30,spinning_top_white,0.00,0.00,0.00,0.00,0.60,25763.00,-94.06,0.00,0.00,0.00,12.55,30.27,3.11,4.33,6.90,25.41,30.11,68.77,32179689105.57,5.17,24.77,20.93,489.96,489.69,490.85,497.90,482.75,573.44,630.00,537.00,575.00,20.35,5.39,5.69,6794976227.00,1661981960.00,1827938329.00
[object Object],CPRT,"Copart, Inc.",NASDAQ,29.14,stock,common,100.00,1.00,false,0.00,USD,0.43,647978.00,0.05,26973518948.34,USD,18.15,1.61,6.09,0.00,Retail trade,america,Retail Trade,Buy,Buy,0.43,0.46,-0.60,-13.55,-26.91,-25.57,-38.61,-20.05,357.02,20618.07,2.62,3.23,Neutral,Neutral,Sell,Sell,Neutral,Neutral,50.39,1.20,0.28,31.64,47.90,50.00,0.00,28.66,-1.21,-0.28,8320.00,-1.05,647978.00,-90.75,0.00,0.00,0.00,-36.74,18.15,2.97,5.90,3.07,16.30,20.51,6.54,22884103948.34,4.93,13.49,11.93,29.58,28.65,29.53,31.38,35.49,39.25,55.00,26.00,39.50,1.58,0.41,0.39,4658733904.00,1194741000.00,1144765020.00
[object Object],VWS,Vestas Wind Systems A/S,OMXCOP,179.00,stock,common,100.00,5.00,false,0.00,DKK,1.62,610609.00,0.37,26928508513.75,USD,28.12,0.98,50.67,0.42,Producer manufacturing,denmark,Producer Manufacturing,Buy,Buy,1.62,-2.66,-0.75,-6.53,2.70,0.87,54.31,-27.85,88.66,233.20,3.17,3.37,Buy,Buy,StrongBuy,Strong buy,Neutral,Neutral,53.78,5.45,-2.18,63.37,57.36,52.43,0.00,0.00,0.00,0.00,0.00,1.14,610609.00,-51.48,0.00,0.00,0.00,36.90,28.12,0.55,1.21,6.06,11.98,19.43,5.42,26432347938.48,1.19,20.65,10.46,173.29,177.71,176.19,180.52,171.09,31.47,40.84,12.33,33.14,1.35,0.04,0.16,25044922667.13,4416485848.13,5202172914.02
[object Object],CNP,"CenterPoint Energy, Inc.",NYSE,40.76,stock,common,100.00,1.00,false,0.00,USD,0.22,375084.00,0.05,26849439723.65,USD,24.02,1.70,18.24,2.21,Utilities,america,Utilities,Buy,Buy,0.22,-2.98,-8.65,-3.80,0.44,6.34,5.79,54.19,80.35,224.91,2.34,2.38,Sell,Sell,StrongSell,Strong sell,Neutral,Neutral,33.36,-3.80,-2.18,-150.30,8.58,8.94,"hammer_bullish,long_lower_shadow_bullish",40.50,-0.42,0.02,723.00,0.44,375084.00,-95.44,0.00,0.00,0.00,15.40,24.02,1.31,2.82,2.29,10.54,0.00,57.15,51467439723.65,5.35,23.02,13.19,42.08,43.26,43.01,42.89,41.41,46.60,50.00,40.00,47.00,1.91,0.37,0.50,9921357051.00,2124178194.00,2164373786.00
[object Object],HAL,Halliburton Company,NYSE,32.20,stock,common,100.00,1.00,false,0.00,USD,-0.95,469186.00,0.04,26826796564.29,USD,16.87,1.91,-10.68,2.09,Industrial services,america,Industrial Services,Buy,Buy,-0.95,0.63,-5.28,-17.76,-5.01,13.62,49.49,64.45,-26.78,2334.04,2.63,3.00,Sell,Sell,StrongSell,Strong sell,Neutral,Neutral,41.44,-1.16,-1.48,-49.36,30.19,25.52,0.00,32.36,-0.46,0.31,4593.00,-0.98,469186.00,-96.36,0.00,0.00,0.00,32.22,16.87,0.00,1.22,2.44,9.81,15.64,13.18,33019796564.29,1.48,11.24,8.04,31.92,33.38,35.30,37.39,33.98,43.71,53.00,29.00,43.50,2.35,0.54,0.59,22352678398.00,5495754081.00,5589422020.00
[object Object],AWK,"American Water Works Company, Inc.",NYSE,134.80,stock,common,100.00,1.00,false,0.00,USD,-0.01,58769.00,0.02,26788669125.01,USD,23.34,5.78,4.00,2.51,Utilities,america,Utilities,Neutral,Neutral,-0.01,-1.35,-0.85,6.60,6.59,3.51,-4.50,-24.31,71.89,554.37,2.73,2.58,Buy,Buy,StrongBuy,Strong buy,Sell,Sell,54.07,0.14,0.64,7.20,42.17,38.20,0.00,0.00,0.00,0.00,0.00,-0.95,58769.00,-96.01,0.00,0.00,0.00,-1.97,23.34,5.84,5.00,2.30,11.32,0.00,107.84,42604669125.01,8.06,21.73,14.72,135.08,133.57,130.20,130.78,131.09,140.70,155.00,128.00,140.00,6.08,1.53,2.08,5363684420.00,1325667737.00,1490800982.00
[object Object],RF,Regions Financial Corporation,NYSE,31.37,stock,common,100.00,1.00,false,0.00,USD,-0.06,508459.00,0.06,26770516829.78,USD,12.76,2.46,14.60,3.38,Finance,america,Finance,Neutral,Neutral,-0.06,1.36,3.02,11.76,1.42,15.80,24.48,58.19,233.72,1158.69,1.88,2.09,Buy,Buy,StrongBuy,Strong buy,Sell,Sell,56.04,0.51,0.86,14.92,64.09,68.43,0.00,0.00,0.00,0.00,0.00,-0.25,508459.00,-94.26,0.00,0.00,0.00,13.35,12.76,0.87,3.56,1.53,0.00,0.00,0.00,32661516829.78,3.44,0.00,0.00,31.28,30.96,30.01,28.59,27.83,32.83,36.00,28.00,33.00,2.63,0.63,0.66,7822559025.00,1936372974.00,1986399831.00
[object Object],AVB,"AvalonBay Communities, Inc.",NYSE,187.36,stock,common,100.00,1.00,false,0.00,USD,0.43,68739.00,0.11,26754628777.53,USD,25.74,7.28,-10.47,3.78,Finance,america,Finance,Neutral,Neutral,0.43,0.36,-3.62,0.69,10.51,3.53,0.17,-18.05,2.38,797.53,1.86,1.84,Sell,Sell,Sell,Sell,Neutral,Neutral,46.83,-2.25,-1.81,-122.12,28.97,31.42,long_lower_shadow_bullish,186.55,0.00,0.00,324.00,0.27,68739.00,-89.30,0.00,0.00,0.00,-6.47,25.74,0.00,8.50,2.21,15.79,19.13,107.00,35904699777.53,11.64,39.40,19.50,188.53,190.64,188.11,181.57,180.05,200.18,213.00,189.00,199.00,6.04,1.23,1.22,3107875751.00,772365887.00,780485104.00
[object Object],VRSN,"VeriSign, Inc.",NASDAQ,295.96,stock,common,100.00,1.00,false,0.00,USD,1.17,34498.00,0.04,26725640292.19,USD,32.12,9.21,9.96,1.08,Technology services,america,Technology Services,Neutral,Neutral,1.17,4.34,11.44,6.94,21.00,21.76,7.84,38.06,249.84,5674.93,2.92,3.48,Buy,Buy,StrongBuy,Strong buy,Neutral,Neutral,62.85,15.96,25.06,97.37,81.10,84.08,0.00,293.00,0.16,0.16,200.00,0.61,34498.00,-94.40,0.00,0.00,0.00,-2.05,32.12,3.19,15.60,0.00,24.48,25.29,26.07,28031840292.19,16.41,24.19,23.64,290.35,273.99,275.40,273.78,257.71,330.00,355.00,316.00,324.50,9.79,2.42,2.46,1752773116.00,433195401.00,440277767.00
[object Object],LISP,Chocoladefabriken Lindt & Spruengli AG Partizipsch.,SIX,9555.00,stock,preferred,1.00,5.00,false,0.00,CHF,1.49,961.00,0.35,26558361467.11,USD,30.05,393.32,14.88,1.91,Consumer non-durables,switzerland,Consumer Non-Durables,Sell,Sell,1.49,1.65,-1.24,2.08,-17.06,-17.98,-18.89,-7.32,66.61,1128.15,1.61,2.56,Buy,Buy,Buy,Buy,Buy,Buy,55.23,325.00,-103.16,57.84,48.27,36.03,0.00,0.00,0.00,0.00,0.00,0.00,961.00,-60.53,0.00,0.00,0.00,-21.91,30.05,1.99,3.66,4.99,21.09,28.25,53.33,28324887767.11,3.88,23.56,17.82,9381.00,9442.83,9367.90,9705.90,10813.40,12589.44,16464.07,10769.73,12069.52,407.94,93.11,292.96,7604880930.48,2922674552.19,4552289174.16
[object Object],HBAN,Helvetia Baloise Holding AG,SIX,218.20,stock,common,10.00,2.00,false,0.00,CHF,0.65,27882.00,0.27,26524158448.83,USD,26.35,10.45,-9.14,3.55,Finance,switzerland,Finance,Buy,Buy,0.65,0.93,2.92,4.20,11.33,4.40,10.09,10.09,10.09,10.09,1.29,1.32,Buy,Buy,StrongBuy,Strong buy,Neutral,Neutral,63.44,1.60,3.02,101.30,72.90,68.03,0.00,0.00,0.00,0.00,0.00,0.00,27882.00,-64.59,0.00,0.00,0.00,107.68,26.35,0.00,1.88,1.66,18.00,18.77,0.00,34516659328.83,2.40,0.00,0.00,216.10,213.85,209.81,210.12,0.00,290.91,303.29,278.53,290.91,14.16,6.50,0.00,19411684600.00,0.00,0.00
[object Object],WRB,W. R. Berkley Corporation,NYSE,71.27,stock,common,100.00,1.00,false,0.00,USD,-1.19,70204.00,0.04,26457385701.56,USD,14.66,4.86,10.67,0.51,Finance,america,Finance,Neutral,Neutral,-1.19,-1.51,-0.45,6.98,-0.03,2.15,1.28,117.85,308.94,43736.15,1.92,2.30,Neutral,Neutral,Neutral,Neutral,Sell,Sell,46.39,-4.19,-0.07,-80.87,19.09,25.51,0.00,0.00,0.00,0.00,0.00,-0.90,70204.00,-97.47,0.00,0.00,0.00,8.93,14.66,1.39,1.90,2.69,7.45,7.72,0.00,29570407701.56,1.99,0.00,0.00,73.24,72.30,70.23,68.36,69.79,69.53,83.00,51.00,70.00,4.84,1.08,1.11,14693176507.00,3282737280.00,3698894729.00
[object Object],PPG,"PPG Industries, Inc.",NYSE,118.89,stock,common,100.00,1.00,false,0.00,USD,1.47,54721.00,0.02,26428136689.26,USD,17.07,6.96,23.48,2.42,Process industries,america,Process Industries,Buy,Buy,1.47,6.78,1.80,8.28,-4.98,15.39,10.51,-27.50,13.82,8612.14,2.16,2.95,Buy,Buy,StrongBuy,Strong buy,Neutral,Neutral,54.37,2.89,-1.05,79.14,63.64,59.39,0.00,0.00,0.00,0.00,0.00,0.36,54721.00,-96.05,0.00,0.00,0.00,4.73,17.07,0.72,1.60,3.13,12.30,18.92,16.70,32440136689.26,1.98,14.94,11.85,115.88,117.40,116.96,111.94,109.92,126.95,138.00,115.00,125.50,7.89,2.25,2.14,16768638333.00,4365175209.00,4273914426.00
[object Object],IAG,International Consolidated Airlines Group SA,LSE,442.25,stock,common,10.00,1.00,false,0.00,GBX,-0.84,3102637.00,0.23,26386352315.44,USD,7.91,0.74,8.50,1.55,Transportation,uk,Transportation,Buy,Buy,-0.84,5.05,-6.36,16.38,5.37,6.80,17.49,155.64,71.04,48.24,2.56,2.64,Buy,Buy,Buy,Buy,Neutral,Neutral,48.84,8.05,-14.76,8.68,73.45,67.63,spinning_top_black,0.00,0.00,0.00,0.00,-0.52,3102637.00,-65.85,0.00,0.00,0.00,14.49,7.91,0.94,0.74,2.63,3.42,6.06,2.68,31830217237.45,0.83,5.94,3.68,439.42,452.29,448.08,414.60,411.37,7.09,8.68,5.39,7.00,0.76,0.00,0.00,39747980603.56,0.00,0.00
[object Object],A5G,AIB Group PLC,EURONEXT,10.97,stock,common,1000.00,5.00,false,0.00,EUR,-0.05,3930486.00,0.76,26356301581.07,USD,11.31,1.11,8.41,5.34,Finance,ireland,Finance,Neutral,Neutral,-0.05,6.87,8.08,13.61,17.96,20.22,61.32,376.96,66.21,-45.15,3.23,2.46,Buy,Buy,StrongBuy,Strong buy,Neutral,Neutral,60.94,0.16,0.13,129.81,88.39,69.52,spinning_top_black,0.00,0.00,0.00,0.00,0.14,3930486.00,-18.25,0.00,0.00,0.00,51.12,11.31,1.35,5.06,1.80,29.93,32.44,0.00,260744541.07,0.04,0.00,0.00,10.64,10.51,10.43,9.98,9.43,12.65,14.11,10.37,12.73,1.05,0.44,0.55,5435377223.41,2566615393.36,2740692444.64
[object Object],DGX,Quest Diagnostics Incorporated,NYSE,238.47,stock,common,100.00,1.00,false,0.00,USD,-0.01,25711.00,0.03,26320735083.21,USD,25.30,9.43,12.73,1.39,Health services,america,Health Services,Buy,Buy,-0.01,1.91,13.16,24.39,23.43,37.60,37.38,62.33,178.16,6259.20,1.52,2.81,StrongBuy,Strong buy,StrongBuy,Strong buy,Neutral,Neutral,74.51,10.61,17.91,79.53,92.99,88.55,0.00,0.00,0.00,0.00,0.00,-0.91,25711.00,-96.00,0.00,0.00,0.00,38.68,25.30,1.99,2.31,3.49,14.04,19.80,42.67,32460735083.21,2.81,19.29,14.34,234.88,219.33,211.10,202.72,195.24,248.86,265.00,232.00,250.00,11.19,2.82,2.87,12007242110.00,2972744228.00,3042732441.00
[object Object],PPL,PPL Corporation,NYSE,34.91,stock,common,100.00,1.00,false,0.00,USD,0.85,1138419.00,0.13,26268313503.98,USD,21.47,1.63,21.43,3.22,Utilities,america,Utilities,Buy,Buy,0.85,-1.29,-4.08,-5.04,-2.74,-0.24,-3.55,19.37,-5.35,419.02,1.97,1.96,Sell,Sell,StrongSell,Strong sell,Buy,Buy,40.78,-1.30,-1.01,-134.01,14.14,15.34,long_lower_shadow_bullish,35.10,1.39,0.66,8248.00,0.81,1138419.00,-83.95,0.00,0.00,0.00,2.10,21.47,0.99,2.81,1.75,9.89,0.00,21.13,45255313503.98,4.86,20.64,12.35,35.37,35.86,35.78,36.69,36.46,42.00,48.00,37.00,42.00,1.95,0.34,0.52,9773384698.00,2190192002.00,2413736489.00
[object Object],AMS,Amadeus IT Group SA Class A,BME,57.18,stock,common,100.00,2.00,false,0.00,EUR,1.24,108677.00,0.13,26249385473.40,USD,18.91,3.45,1.91,2.21,Technology services,spain,Technology Services,Buy,Buy,1.24,10.90,10.99,8.75,9.50,-9.01,-19.44,4.50,37.39,268.90,2.75,2.81,Buy,Buy,StrongBuy,Strong buy,Sell,Sell,68.42,7.45,4.71,123.87,90.97,93.23,0.00,0.00,0.00,0.00,0.00,-0.32,108677.00,-80.55,0.00,0.00,0.00,-31.14,18.91,9.76,3.64,5.25,11.42,11.71,25.03,29300740847.40,3.89,14.49,10.13,54.77,51.79,52.03,51.37,55.26,78.14,93.27,58.80,76.09,4.04,0.99,1.06,8026888847.13,1887627693.84,1996566647.68
[object Object],BT.A,BT Group plc,LSE,198.40,stock,common,100.00,5.00,false,0.00,GBX,-0.80,5721140.00,0.35,26206624148.10,USD,18.30,0.14,2.46,4.11,Communications,uk,Communications,Neutral,Neutral,-0.80,-2.46,4.72,-10.91,-3.74,7.53,-3.45,13.08,-51.54,-86.79,2.23,2.32,Sell,Sell,StrongSell,Strong sell,Neutral,Neutral,49.52,5.40,6.10,7.67,60.16,67.09,0.00,0.00,0.00,0.00,0.00,0.20,5721140.00,-53.52,0.00,0.00,0.00,-1.63,18.30,7.51,1.02,1.56,3.26,21.14,9.40,53913708548.10,2.08,12.08,4.96,201.89,195.44,197.17,208.01,198.74,3.09,4.44,2.02,2.94,0.24,0.11,0.00,24489168124.21,0.00,0.00
[object Object],HPQ,HP Inc.,NYSE,28.53,stock,common,100.00,1.00,false,0.00,USD,1.23,1218765.00,0.07,26088669968.10,USD,10.53,2.71,4.43,4.22,Technology services,america,Technology Services,Neutral,Neutral,1.23,7.65,24.68,35.33,49.04,26.56,12.18,-2.64,99.49,14685.47,4.60,4.56,Buy,Buy,StrongBuy,Strong buy,Neutral,Neutral,64.88,2.78,3.25,95.98,83.69,84.27,0.00,28.35,0.60,0.60,7066.00,0.46,1218765.00,-92.29,0.00,0.00,0.00,7.30,10.53,2.35,0.45,0.00,5.74,6.98,7.13,33249669968.10,0.58,7.95,6.42,27.85,25.14,25.09,22.66,22.48,23.51,29.60,18.00,25.00,3.02,0.71,0.66,57695273833.00,13990228987.00,14340963924.00
[object Object],EIX,Edison International,NYSE,67.76,stock,common,100.00,1.00,false,0.00,USD,0.79,230149.00,0.06,26074995559.55,USD,6.98,9.71,42.64,5.15,Utilities,america,Utilities,Neutral,Neutral,0.79,-10.77,-10.82,-2.29,5.51,12.24,23.20,22.86,-9.83,660.81,3.30,2.90,Sell,Sell,StrongSell,Strong sell,Buy,Buy,29.25,-11.99,-5.82,-161.38,7.91,6.24,0.00,67.50,0.40,-0.27,1222.00,0.09,230149.00,-94.90,0.00,0.00,0.00,52.11,6.98,0.16,1.34,1.49,4.10,0.00,108.36,71019995559.55,3.66,12.24,7.77,73.46,75.49,74.02,72.47,67.38,75.65,86.00,62.00,77.00,6.13,1.18,1.97,19082220140.00,4819875678.00,5412082078.00
[object Object],EXO,EXOR N.V.,EURONEXT,70.75,stock,common,100.00,5.00,false,0.00,EUR,0.57,22216.00,0.15,25952901929.92,USD,0.00,0.00,0.00,0.70,Finance,netherlands,Finance,StrongBuy,Strong buy,0.57,1.87,2.76,4.04,0.86,-2.95,-16.76,4.04,4.04,4.04,2.08,2.07,Buy,Buy,StrongBuy,Strong buy,Buy,Buy,59.37,2.65,2.45,98.58,68.61,72.50,0.00,0.00,0.00,0.00,0.00,0.07,22216.00,-79.90,0.00,0.00,0.00,-25.69,0.00,0.00,0.00,0.47,0.00,0.00,14.89,29070268049.92,0.00,0.00,0.00,70.10,68.98,67.84,67.47,69.90,122.58,137.15,104.01,124.58,2.60,0.00,0.00,0.00,0.00,0.00
[object Object],DSFIR,DSM-Firmenich AG,EURONEXT,93.82,stock,common,100.00,2.00,false,0.00,EUR,0.13,290608.00,0.31,25850597201.63,USD,0.00,-6.26,-301.20,2.67,Consumer non-durables,netherlands,Consumer Non-Durables,Buy,Buy,0.13,0.88,10.87,42.54,35.03,36.09,14.50,-16.97,-16.97,-16.97,1.96,2.70,Buy,Buy,StrongBuy,Strong buy,Neutral,Neutral,70.62,12.42,8.12,108.02,90.37,86.52,0.00,0.00,0.00,0.00,0.00,-0.64,290608.00,-39.69,0.00,0.00,0.00,-12.41,0.00,0.00,3.26,1.32,14.65,25.71,10.17,31155649301.63,3.80,48.20,20.40,90.03,85.97,80.98,72.80,69.79,102.81,122.11,77.19,105.41,4.21,1.98,1.70,10862134452.49,5331391330.41,5356957513.12
[object Object],LH,Labcorp Holdings Inc.,NYSE,318.06,stock,common,100.00,1.00,false,0.00,USD,0.48,16703.00,0.02,25794665415.19,USD,26.30,12.09,33.35,0.91,Health services,america,Health Services,Buy,Buy,0.48,1.83,13.35,23.17,13.59,26.56,21.46,23.91,162.95,1418.92,2.11,3.09,StrongBuy,Strong buy,StrongBuy,Strong buy,Neutral,Neutral,70.99,21.29,25.40,95.79,97.69,94.07,0.00,317.31,0.25,0.00,468.00,-0.04,16703.00,-96.20,0.00,0.00,0.00,17.67,26.30,0.78,1.81,2.99,15.92,22.58,183.93,32435365415.19,2.26,19.91,13.95,311.56,291.26,279.66,271.28,268.99,338.40,385.00,270.00,350.00,18.29,4.78,4.65,14742615199.00,3709367203.00,3752993911.00
[object Object],CPAY,"Corpay, Inc.",NYSE,394.21,stock,common,100.00,1.00,false,0.00,USD,-1.02,17487.00,0.03,25766320665.37,USD,23.96,16.45,11.77,0.00,Commercial services,america,Commercial Services,Buy,Buy,-1.02,2.03,11.13,21.30,16.71,30.68,23.85,48.58,141.98,1476.84,3.29,3.02,Buy,Buy,StrongBuy,Strong buy,Neutral,Neutral,63.44,23.63,29.53,98.50,81.79,84.75,tweezer_top_bearish,397.50,-0.20,-0.20,40.00,0.05,17487.00,-97.45,0.00,0.00,0.00,7.36,23.96,2.06,5.26,0.00,14.15,15.96,2.57,26581577665.37,5.29,12.33,10.23,389.84,366.87,360.66,337.91,323.51,438.20,475.00,384.00,442.00,27.24,6.58,7.16,5314135402.00,1299873164.00,1357380125.00
[object Object],PHIA,Koninklijke Philips N.V.,EURONEXT,23.09,stock,common,100.00,1.00,false,0.00,EUR,0.52,397661.00,0.15,25720505142.68,USD,20.04,1.32,0.00,3.70,Health services,netherlands,Health Services,Buy,Buy,0.52,0.83,-6.37,-0.99,-5.10,-0.26,2.71,-33.35,6.78,373.31,1.54,2.30,Sell,Sell,Sell,Sell,Sell,Sell,47.97,-0.07,-0.57,-21.90,71.21,66.59,0.00,0.00,0.00,0.00,0.00,0.04,397661.00,-73.40,0.00,0.00,0.00,-5.12,20.04,0.00,1.26,1.97,9.80,11.22,12.50,32292779242.68,1.60,17.54,9.96,22.90,23.51,23.29,23.32,23.94,30.62,38.02,26.96,29.96,1.91,0.40,0.42,21053372991.12,4919722416.18,5103978400.17
[object Object],SYF,Synchrony Financial,NYSE,78.88,stock,common,100.00,1.00,false,0.00,USD,0.27,152732.00,0.04,25665252019.83,USD,8.09,9.75,18.48,1.53,Finance,america,Finance,Buy,Buy,0.27,3.15,5.71,5.98,5.41,-5.77,12.43,60.72,182.72,242.96,1.89,2.81,Buy,Buy,StrongBuy,Strong buy,Sell,Sell,60.18,5.98,3.24,101.78,89.84,91.50,0.00,0.00,0.00,0.00,0.00,-0.65,152732.00,-93.80,0.00,0.00,0.00,-5.41,8.09,0.44,1.39,1.69,2.72,2.72,1.63,27620252019.83,1.46,2.62,2.53,77.41,75.23,74.30,73.07,74.56,89.09,104.00,78.00,88.50,9.35,2.14,2.38,15154559694.00,3724720221.00,3823427078.00
[object Object],ECHO,EchoStar Corporation Class A,NASDAQ,88.00,stock,common,100.00,1.00,false,0.00,USD,1.11,339871.00,0.06,25563180904.33,USD,0.00,-24.94,-2120.06,0.00,Communications,america,Communications,Buy,Buy,1.11,1.17,-9.79,-28.89,-20.17,-19.03,224.96,248.58,184.83,624.23,5.22,4.70,Sell,Sell,StrongSell,Strong sell,Buy,Buy,42.38,0.12,-6.28,-38.09,37.69,42.20,0.00,87.28,0.29,0.06,3076.00,0.25,339871.00,-91.32,0.00,0.00,0.00,193.31,0.00,-0.00,2.09,1.81,0.00,0.00,19.94,41757482904.33,2.85,39.85,20.99,86.67,92.65,102.21,112.92,106.06,126.60,165.00,103.00,118.00,19.05,-0.10,-0.12,14350115013.00,3586837820.00,3480837667.00
[object Object],CTSH,Cognizant Technology Solutions Corporation Class A,NASDAQ,56.65,stock,common,100.00,1.00,false,0.00,USD,-0.43,2138792.00,0.20,25515412220.79,USD,12.16,4.66,-5.38,2.25,Technology services,america,Technology Services,Buy,Buy,-0.43,6.86,31.09,9.44,-26.69,-31.74,-20.57,-22.53,-5.02,27089.90,4.68,5.09,Buy,Buy,StrongBuy,Strong buy,Sell,Sell,70.21,11.20,10.12,100.59,93.04,91.05,0.00,56.81,-0.14,-0.02,63772.00,-0.04,2138792.00,-75.62,0.00,0.00,0.00,-34.84,12.16,0.00,1.22,1.77,9.05,10.16,25.12,26558412220.79,1.23,7.62,6.56,54.32,46.57,47.96,52.15,63.80,63.26,82.00,42.00,65.00,5.75,1.38,1.47,22188355630.00,5480763092.00,5647555345.00
[object Object],JBHT,"J.B. Hunt Transport Services, Inc.",NASDAQ,268.93,stock,common,100.00,1.00,false,0.00,USD,0.63,19718.00,0.02,25256544782.00,USD,38.13,7.05,28.18,0.67,Transportation,america,Transportation,Buy,Buy,0.63,-0.70,-2.44,11.04,20.19,38.31,86.29,61.79,227.40,17344.03,2.33,3.07,Sell,Sell,Sell,Sell,Neutral,Neutral,42.36,-19.37,-9.65,-104.74,16.05,18.82,0.00,268.04,0.30,0.30,100.00,-0.34,19718.00,-96.00,0.00,0.00,0.00,83.50,38.13,1.34,2.00,6.91,16.01,23.22,6134.86,26397719782.00,2.08,27.39,15.69,272.59,281.16,280.20,257.43,227.28,311.33,370.00,200.00,320.00,7.84,1.74,2.14,13688708451.00,3262962370.00,3541932432.00
[object Object],NRG,"NRG Energy, Inc.",NYSE,120.04,stock,common,100.00,1.00,false,0.00,USD,0.83,223298.00,0.05,25233666634.27,USD,31.75,3.78,59.99,1.54,Utilities,america,Utilities,Buy,Buy,0.83,-12.11,-12.93,-16.38,-19.41,-25.71,-20.55,173.13,776.20,1163.58,8.62,5.50,Sell,Sell,StrongSell,Strong sell,Neutral,Neutral,39.73,-20.99,-11.46,-140.80,23.48,27.26,0.00,119.05,0.00,1.22,2709.00,-0.04,223298.00,-93.57,0.00,0.00,0.00,-13.89,31.75,0.52,0.76,6.00,0.00,0.00,0.00,25021666634.27,0.76,13.82,7.15,127.19,135.17,134.18,141.94,151.98,199.81,267.00,165.00,197.50,8.88,1.69,3.05,35127069678.00,7311835033.00,9215609593.00
[object Object],INDU_C,Industrivarden AB Class C,OMXSTO,552.60,stock,common,10.00,2.00,false,0.00,SEK,-0.43,142357.00,0.40,25185221860.20,USD,3.80,14.95,379.35,1.58,Finance,sweden,Finance,Sell,Sell,-0.43,1.73,6.02,12.23,16.83,32.93,53.07,65.00,284.02,531.54,1.38,1.76,Buy,Buy,StrongBuy,Strong buy,Neutral,Neutral,62.90,21.60,26.94,89.68,80.90,88.76,0.00,0.00,0.00,0.00,0.00,0.11,142357.00,-61.58,0.00,0.00,0.00,46.24,3.80,0.01,25.22,1.06,25.87,25.87,60.75,25431266860.20,26.05,3.92,0.00,548.50,533.14,522.20,501.03,466.15,53.79,59.68,48.58,52.35,9.37,0.00,0.00,841146800.00,0.00,0.00
[object Object],NESTE,Neste Corporation,OMXHEX,28.15,stock,common,100.00,1.00,false,0.00,EUR,-0.92,312870.00,0.21,25134785198.11,USD,14.29,2.25,0.00,0.70,Energy minerals,finland,Energy Minerals,Buy,Buy,-0.92,-9.19,0.18,1.99,37.12,44.80,93.94,-45.13,139.24,418.10,3.11,3.40,Sell,Sell,Sell,Sell,Neutral,Neutral,40.15,-3.28,-0.61,-137.26,3.12,4.45,0.00,0.00,0.00,0.00,0.00,0.49,312870.00,-72.94,0.00,0.00,0.00,108.30,14.29,0.00,1.06,2.56,9.61,15.26,20.05,29297033458.11,1.24,12.16,8.46,29.55,29.97,29.16,28.30,23.99,38.08,64.80,20.92,39.79,3.50,1.15,0.88,25575854483.04,7166506821.08,5950159204.35
[object Object],EQR,Equity Residential,NYSE,66.94,stock,common,100.00,1.00,false,0.00,USD,0.35,170205.00,0.05,25096902063.26,USD,29.38,2.28,-12.81,4.18,Finance,america,Finance,Buy,Buy,0.35,0.01,-4.20,1.59,8.93,7.41,5.26,-20.56,-0.57,382.41,1.87,1.93,Sell,Sell,Sell,Sell,Neutral,Neutral,45.43,-0.92,-0.89,-129.96,24.57,28.40,0.00,0.00,0.00,0.00,0.00,-0.30,170205.00,-91.05,0.00,0.00,0.00,-0.87,29.38,0.00,8.11,2.39,16.35,21.28,705.81,33710920063.26,10.68,37.05,17.59,67.44,68.33,67.56,65.10,63.37,72.64,79.00,66.00,72.00,1.35,0.44,0.38,3162006881.00,787277663.00,796290330.00
[object Object],FOXA,Fox Corporation Class A,NASDAQ,62.94,stock,common,100.00,1.00,false,0.00,USD,1.86,698952.00,0.16,24987073856.61,USD,0.00,0.00,0.00,0.91,Consumer services,america,Consumer Services,Buy,Buy,1.86,6.77,13.94,0.45,-4.67,-13.93,15.44,73.29,61.38,61.38,3.42,2.96,Buy,Buy,StrongBuy,Strong buy,Buy,Buy,68.51,7.63,4.59,244.99,84.94,80.83,0.00,63.14,2.18,0.11,13582.00,0.95,698952.00,-91.84,0.00,0.00,0.00,-4.83,0.00,0.00,1.54,2.27,14.03,18.82,6.57,27574073856.61,1.61,7.89,7.06,59.15,56.33,57.89,60.10,63.05,71.53,112.00,54.00,71.00,5.82,1.44,1.97,17505516969.00,3643432554.00,4262624947.00
[object Object],SW,Smurfit Westrock PLC,NYSE,47.78,stock,common,100.00,1.00,false,0.00,USD,1.82,155044.00,0.03,24986258680.85,USD,50.81,0.94,42.25,3.76,Process industries,america,Process Industries,StrongBuy,Strong buy,1.82,0.58,7.94,14.05,8.70,23.03,9.67,-1.88,8.31,-7.44,2.94,4.05,Buy,Buy,StrongBuy,Strong buy,Neutral,Neutral,55.48,-0.78,1.75,44.12,55.47,57.12,0.00,0.00,0.00,0.00,0.00,0.36,155044.00,-95.99,0.00,0.00,0.00,5.89,50.81,1.18,0.79,1.39,7.48,23.93,37.13,38497258680.94,1.23,21.34,8.47,48.12,45.81,44.64,42.24,41.41,56.20,68.00,46.00,57.00,2.31,0.40,0.67,32215132642.00,7932594337.00,8276137588.00
[object Object],DLTR,"Dollar Tree, Inc.",NASDAQ,129.71,stock,common,100.00,1.00,false,0.00,USD,0.02,150385.00,0.08,24926964799.41,USD,20.27,6.40,0.00,0.00,Retail trade,america,Retail Trade,Neutral,Neutral,0.02,1.25,4.16,33.23,7.54,5.71,11.22,32.97,33.76,10998.15,2.40,3.11,Buy,Buy,StrongBuy,Strong buy,Sell,Sell,59.95,9.26,5.23,74.73,80.40,79.54,0.00,127.82,-1.43,-0.01,3835.00,-1.33,150385.00,-88.18,0.00,0.00,0.00,1.51,20.27,0.00,1.30,7.15,9.50,16.43,25.42,31512964799.41,1.60,18.91,13.47,128.52,125.21,120.05,110.14,114.31,127.88,170.00,85.00,128.50,7.00,1.53,1.11,20638221802.00,4960264042.00,4850013643.00
[object Object],FOX,Fox Corporation Class B,NASDAQ,56.04,stock,common,100.00,1.00,false,0.00,USD,1.21,115762.00,0.10,24827355347.80,USD,0.00,0.00,0.00,1.01,Consumer services,america,Consumer Services,Buy,Buy,1.21,7.36,13.46,-0.30,-5.74,-13.72,12.64,66.74,45.18,45.18,3.03,2.85,Buy,Buy,StrongBuy,Strong buy,Buy,Buy,67.04,6.63,3.81,247.97,86.09,82.72,0.00,55.67,0.54,-5.96,512.00,0.02,115762.00,-93.21,0.00,0.00,0.00,-4.83,0.00,0.00,1.38,2.02,12.49,16.76,5.85,27414355347.80,1.60,7.84,7.02,52.85,50.51,52.00,53.99,56.66,71.13,112.00,54.00,70.50,5.83,1.44,1.98,17491626671.00,3640073257.00,4258159848.00
[object Object],ALFA,Alfa Laval AB,OMXSTO,572.00,stock,common,10.00,2.00,false,0.00,SEK,-0.07,82055.00,0.20,24770763413.01,USD,28.85,2.04,2.11,1.57,Producer manufacturing,sweden,Producer Manufacturing,Buy,Buy,-0.07,1.96,1.74,4.19,12.91,22.88,36.19,55.14,330.40,2270.98,1.62,2.07,Buy,Buy,StrongBuy,Strong buy,Buy,Buy,55.50,-2.60,4.88,79.15,73.76,71.89,spinning_top_black,0.00,0.00,0.00,0.00,0.00,82055.00,-76.78,0.00,0.00,0.00,31.18,28.85,13.71,3.36,5.20,26.93,40.16,47.50,26493706613.01,3.66,20.17,16.58,564.36,566.92,555.89,546.62,514.26,62.69,72.24,45.54,64.91,2.39,0.57,0.59,7982821361.74,1839889621.61,1952327701.73
[object Object],VRSK,"Verisk Analytics, Inc.",NASDAQ,189.90,stock,common,100.00,1.00,false,0.00,USD,0.08,70836.00,0.04,24716628410.17,USD,29.18,6.51,0.38,1.00,Technology services,america,Technology Services,Buy,Buy,0.08,-4.02,-0.84,9.51,3.65,-14.44,-28.58,0.97,131.02,603.33,3.10,3.66,Sell,Sell,Sell,Sell,Neutral,Neutral,46.41,-11.44,-0.56,-87.87,12.07,9.46,0.00,190.25,0.26,0.40,2170.00,-0.06,70836.00,-95.87,0.00,0.00,0.00,-32.31,29.18,77.16,7.92,0.00,16.53,20.10,45.00,28781528410.17,9.18,20.48,16.62,198.16,193.30,187.41,183.14,198.05,240.24,275.00,195.00,235.00,7.70,1.93,1.93,3219888949.00,804019081.00,806397879.00
[object Object],WST,"West Pharmaceutical Services, Inc.",NYSE,350.86,stock,common,100.00,1.00,false,0.00,USD,0.65,10490.00,0.01,24692040617.03,USD,44.85,7.82,17.18,0.25,Health technology,america,Health Technology,StrongBuy,Strong buy,0.65,3.35,-0.30,8.46,49.07,27.47,43.20,-18.16,330.08,31526.82,1.77,2.98,Buy,Buy,StrongBuy,Strong buy,Neutral,Neutral,54.51,22.66,-1.22,4.30,40.98,40.10,0.00,0.00,0.00,0.00,0.00,-0.03,10490.00,-97.82,0.00,0.00,0.00,30.40,44.85,2.59,7.47,8.26,37.78,57.26,57.40,24572740617.03,7.39,33.62,26.93,343.34,351.94,341.79,311.26,286.94,409.36,459.00,365.00,410.00,8.97,2.08,2.19,3374745990.00,839979158.00,825864109.00
[object Object],PHM,"PulteGroup, Inc.",NYSE,131.59,stock,common,100.00,1.00,false,0.00,USD,1.57,56846.00,0.03,24666880999.14,USD,13.44,9.79,-26.81,0.77,Consumer durables,america,Consumer Durables,Buy,Buy,1.57,2.40,2.78,12.30,-2.23,11.09,8.30,149.65,510.63,81400.57,3.25,3.35,Buy,Buy,StrongBuy,Strong buy,Neutral,Neutral,54.69,2.84,0.89,69.06,66.53,66.47,0.00,131.00,1.12,0.21,541.00,0.19,56846.00,-95.43,0.00,0.00,0.00,9.37,13.44,0.00,1.50,1.90,15.14,16.26,18.21,25717719999.14,1.57,10.07,9.64,130.80,129.20,126.56,122.83,124.36,140.62,166.00,100.00,145.00,10.18,2.36,2.67,16403334058.00,3942035239.00,4179702759.00
[object Object],CHD,"Church & Dwight Co., Inc.",NYSE,103.35,stock,common,100.00,1.00,false,0.00,USD,-0.01,58218.00,0.03,24515023539.95,USD,33.25,3.11,46.59,1.17,Consumer non-durables,america,Consumer Non-Durables,Buy,Buy,-0.01,7.98,5.49,9.77,3.33,23.74,11.40,23.04,105.77,41756.51,2.32,2.40,Buy,Buy,StrongBuy,Strong buy,Sell,Sell,63.67,5.71,4.17,141.40,92.36,91.21,hanging_man_bearish,0.00,0.00,0.00,0.00,-0.29,58218.00,-96.81,0.00,0.00,0.00,-0.64,33.25,0.71,3.95,5.64,19.53,22.07,96.62,26688523539.95,4.28,24.53,20.36,100.83,98.48,97.70,96.25,93.42,106.89,115.00,86.00,108.50,3.78,0.90,0.90,6225418873.00,1502775746.00,1577349850.00
[object Object],PFG,"Principal Financial Group, Inc.",NASDAQ,114.47,stock,common,100.00,1.00,false,0.00,USD,-0.81,40969.00,0.02,24508559465.52,USD,16.25,7.05,41.88,2.76,Finance,america,Finance,Neutral,Neutral,-0.81,0.40,1.28,14.00,18.83,29.62,48.55,76.49,141.50,458.39,1.84,2.26,Buy,Buy,StrongBuy,Strong buy,Neutral,Neutral,58.17,5.07,3.36,66.01,84.48,88.61,0.00,115.31,-0.09,-0.09,2300.00,-0.81,40969.00,-96.89,0.00,0.00,0.00,37.96,16.25,0.39,1.61,2.02,4.99,5.16,0.00,29595859465.52,1.89,0.00,0.00,114.13,111.95,110.01,102.92,95.83,108.55,125.00,92.00,111.00,9.55,2.34,2.51,16308599780.00,4137379648.00,4246400000.00
[object Object],DRI,"Darden Restaurants, Inc.",NYSE,214.48,stock,common,100.00,1.00,false,0.00,USD,1.68,37611.00,0.03,24467158611.08,USD,20.64,10.39,17.07,2.90,Consumer services,america,Consumer Services,Buy,Buy,1.68,4.65,5.09,7.44,0.05,16.22,4.43,51.76,241.80,3584.99,2.04,2.77,StrongBuy,Strong buy,StrongBuy,Strong buy,Buy,Buy,62.84,18.17,4.11,134.81,90.04,79.56,0.00,0.00,0.00,0.00,0.00,0.15,37611.00,-96.52,0.00,0.00,0.00,-0.11,20.64,1.19,1.84,11.08,13.33,22.61,108.56,32250158611.08,2.44,20.06,14.87,207.89,202.88,203.98,200.76,197.24,231.67,276.00,200.00,230.50,11.29,3.63,2.05,13689637575.00,3728344665.00,3207176773.00
[object Object],TPL,Texas Pacific Land Corporation,NYSE,353.69,stock,common,100.00,1.00,false,0.00,USD,-0.55,50761.00,0.14,24395310006.88,USD,0.00,0.00,0.00,0.64,Miscellaneous,america,Miscellaneous,Neutral,Neutral,-0.55,-10.54,-13.04,-10.59,0.92,23.67,10.72,117.56,1718.96,502511.00,6.11,4.56,Sell,Sell,StrongSell,Strong sell,Neutral,Neutral,32.74,-65.75,-17.58,-217.04,8.24,17.28,0.00,365.00,2.63,2.99,1976.00,1.46,50761.00,-93.79,0.00,0.00,0.00,17.60,0.00,0.00,0.00,0.00,0.00,0.00,0.00,24395310006.88,27.18,36.28,32.96,386.52,403.41,393.39,416.67,386.91,442.33,639.00,248.00,440.00,8.66,2.18,2.12,993500000.00,249500000.00,248000000.00
[object Object],TROW,"T. Rowe Price Group, Inc.",NASDAQ,113.95,stock,common,100.00,1.00,false,0.00,USD,0.29,78585.00,0.03,24307340746.45,USD,11.43,9.97,11.48,4.52,Finance,america,Finance,Sell,Sell,0.29,-1.02,-4.86,9.55,21.52,11.20,7.16,-46.81,62.65,14060.77,2.36,2.42,Neutral,Neutral,Neutral,Neutral,Neutral,Neutral,47.72,-2.55,-1.18,-91.02,33.48,36.85,0.00,111.00,-2.31,-2.31,10000.00,0.53,78585.00,-96.80,0.00,0.00,0.00,12.79,11.43,0.99,3.21,2.21,7.92,8.65,7.55,22892840746.45,3.02,8.17,7.12,116.26,116.49,112.45,104.71,102.76,107.50,124.00,87.00,108.50,10.20,2.51,2.66,7756480471.00,1894552550.00,1982654664.00
[object Object],RBI,Raiffeisen Bank International AG,VIE,63.05,stock,common,100.00,5.00,false,0.00,EUR,-1.64,83248.00,0.25,24247993865.29,USD,8.79,8.20,0.00,2.50,Finance,austria,Finance,Buy,Buy,-1.64,7.96,11.59,37.07,53.03,64.54,146.48,213.68,464.96,68.82,2.72,3.50,Buy,Buy,StrongBuy,Strong buy,Neutral,Neutral,66.97,6.65,6.13,147.09,91.11,94.16,engulfing_bearish,0.00,0.00,0.00,0.00,0.16,83248.00,-63.65,0.00,0.00,0.00,134.02,8.79,0.00,2.09,1.01,3.83,4.26,0.00,79164787265.29,5.00,0.00,0.00,60.14,56.93,54.75,49.08,43.11,63.56,92.42,41.36,64.12,7.97,1.92,2.50,9964379401.06,2284295863.54,2721262567.48
[object Object],KEY,KeyCorp,NYSE,22.64,stock,common,100.00,1.00,false,0.00,USD,-0.09,542236.00,0.06,24159789983.34,USD,13.17,1.72,0.00,3.62,Finance,america,Finance,Buy,Buy,-0.09,-0.07,-2.62,3.85,-0.92,9.74,27.84,12.13,84.07,1229.32,2.00,2.02,Sell,Sell,Sell,Sell,Neutral,Neutral,46.96,-0.01,-0.19,-77.39,41.51,43.58,long_lower_shadow_bullish,22.70,0.18,0.18,450.00,-0.22,542236.00,-94.52,0.00,0.00,0.00,21.20,13.17,0.00,3.19,1.40,28.01,32.13,0.00,39607789983.34,3.58,0.00,0.00,22.68,23.02,22.67,21.87,20.96,25.14,28.00,22.00,25.00,1.83,0.42,0.46,8058738632.00,1970203195.00,2035003980.00
[object Object],INCY,Incyte Corporation,NASDAQ,119.10,stock,common,100.00,1.00,false,0.00,USD,0.61,79034.00,0.03,24141301930.43,USD,15.18,7.85,78.38,0.00,Health technology,america,Health Technology,Buy,Buy,0.61,-2.97,0.88,20.79,14.80,21.22,52.61,55.73,31.34,6252.00,3.20,3.63,Buy,Buy,StrongBuy,Strong buy,Neutral,Neutral,53.61,1.43,3.17,-3.54,25.36,29.09,0.00,118.44,0.05,-0.32,1164.00,0.15,79034.00,-96.69,0.00,0.00,0.00,71.80,15.18,0.19,4.24,3.77,12.53,12.91,5.47,19643828930.43,3.38,10.68,10.14,121.47,117.82,111.34,103.52,102.06,126.73,155.00,99.00,122.50,4.18,2.20,-2.78,5908586485.00,1503904802.00,1470869709.00
[object Object],NXT,Next plc,LSE,15607.89,stock,common,1.00,5.00,false,0.00,GBX,-0.68,110100.00,0.39,24131535486.15,USD,20.94,10.20,23.13,1.56,Consumer non-durables,uk,Consumer Non-Durables,Buy,Buy,-0.68,2.75,7.38,18.69,21.65,13.93,28.51,96.33,193.38,6093.61,2.11,2.22,Buy,Buy,StrongBuy,Strong buy,Neutral,Neutral,64.91,822.89,501.21,168.00,67.57,51.07,spinning_top_black,0.00,0.00,0.00,0.00,-0.25,110100.00,-54.66,0.00,0.00,0.00,22.37,20.94,0.91,2.71,11.49,16.30,18.49,180.99,26585314806.15,2.82,15.15,12.06,15224.29,14864.60,14521.46,13725.13,13660.99,210.74,251.55,181.60,210.73,11.08,5.44,4.85,9926962971.84,4556710872.00,4395886863.12
[object Object],CCH,Coca-Cola HBC AG,LSE,4976.00,stock,common,1.00,2.00,false,0.00,GBX,1.22,226633.00,0.42,24102053542.18,USD,20.95,3.15,12.70,2.11,Consumer non-durables,uk,Consumer Non-Durables,Buy,Buy,1.22,-0.98,-0.98,15.37,16.97,29.25,35.59,84.98,218.16,184.34,2.75,2.07,Buy,Buy,StrongBuy,Strong buy,Neutral,Neutral,53.63,106.00,7.86,24.84,60.97,49.07,0.00,0.00,0.00,0.00,0.00,0.00,226633.00,-48.72,0.00,0.00,0.00,29.60,20.95,1.63,1.69,5.13,13.16,28.15,4.37,25790717729.23,1.83,16.00,12.09,4975.50,4961.27,4779.92,4532.66,4260.00,69.34,76.61,51.78,72.93,3.36,1.64,1.66,14415412917.14,7038674297.93,7259961302.42
[object Object],TEF,Telefonica SA,BME,3.65,stock,common,1000.00,1.00,false,0.00,EUR,-1.22,2833958.00,0.27,24037279570.19,USD,0.00,-0.67,-40.72,6.57,Communications,spain,Communications,Neutral,Neutral,-1.22,1.42,3.66,-5.14,1.25,4.22,-21.28,-9.95,-58.79,-83.27,2.30,2.17,Sell,Sell,Sell,Sell,Neutral,Neutral,51.07,0.05,0.05,73.06,53.04,51.98,0.00,0.00,0.00,0.00,0.00,-0.11,2833958.00,-77.03,0.00,0.00,0.00,-18.47,0.00,-0.15,0.60,2.88,2.32,5.07,3.51,78213324110.19,1.98,40.12,7.58,3.65,3.59,3.68,3.77,3.70,4.56,5.76,3.57,4.54,0.39,0.13,0.14,39251844303.70,9409929023.04,9667098559.41
[object Object],VLTO,Veralto Corporation,NYSE,98.53,stock,common,100.00,1.00,false,0.00,USD,0.53,66805.00,0.03,24022176941.06,USD,24.84,3.97,11.10,0.51,Producer manufacturing,america,Producer Manufacturing,Buy,Buy,0.53,3.73,6.12,10.91,8.29,-0.69,-9.01,27.55,27.55,27.55,2.01,2.74,StrongBuy,Strong buy,StrongBuy,Strong buy,Neutral,Neutral,64.83,6.52,4.07,113.81,66.32,59.97,long_lower_shadow_bullish,98.01,-0.01,-0.01,200.00,0.11,66805.00,-95.49,0.00,0.00,0.00,-7.21,24.84,2.23,4.23,7.77,21.96,23.13,11.43,25283176941.06,4.44,19.52,18.22,96.54,93.30,89.62,88.84,93.67,113.13,132.00,100.00,111.00,4.35,1.01,1.08,5899985792.00,1454912600.00,1495915311.00
[object Object],OMV,OMV AG,VIE,62.75,stock,common,100.00,5.00,false,0.00,EUR,-1.41,70450.00,0.25,23978463358.44,USD,8.20,8.74,182.65,6.91,Energy minerals,austria,Energy Minerals,Neutral,Neutral,-1.41,0.00,8.19,4.15,21.61,32.11,39.82,35.82,169.31,549.25,2.30,1.84,Buy,Buy,Buy,Buy,Neutral,Neutral,55.23,-1.10,3.43,29.28,54.36,63.43,0.00,0.00,0.00,0.00,0.00,0.16,70450.00,-69.84,0.00,0.00,0.00,29.86,8.20,0.05,1.10,1.35,5.83,22.34,9.44,36764733338.44,1.23,8.55,5.30,63.12,60.86,59.82,60.22,55.28,70.10,80.94,63.41,68.60,10.14,2.67,2.78,33900098136.48,8918953952.61,8706867945.73
[object Object],BRO,"Brown & Brown, Inc.",NYSE,71.07,stock,common,100.00,1.00,false,0.00,USD,-0.15,87706.00,0.03,23780757787.17,USD,22.47,3.16,-8.81,0.91,Finance,america,Finance,Neutral,Neutral,-0.15,1.62,3.00,22.62,-2.68,-10.91,-22.80,30.60,285.94,39876.38,2.24,3.41,Buy,Buy,StrongBuy,Strong buy,Sell,Sell,57.57,3.41,3.55,42.61,57.77,58.59,0.00,0.00,0.00,0.00,0.00,-1.17,87706.00,-95.08,0.00,0.00,0.00,-18.71,22.47,0.00,3.50,1.86,15.62,16.42,25.86,30953757787.17,4.56,15.45,12.35,71.56,68.82,64.77,63.80,70.43,76.44,90.00,56.00,77.00,4.49,1.08,1.09,6992594740.00,1714149067.00,1764822750.00
[object Object],HEIO,Heineken Holding N.V.,EURONEXT,72.50,stock,common,100.00,5.00,false,0.00,EUR,-2.49,38025.00,0.26,23776056735.76,USD,17.10,4.84,26.48,2.56,Consumer non-durables,netherlands,Consumer Non-Durables,Buy,Buy,-2.49,-0.75,4.32,19.83,9.35,15.81,21.44,-11.15,-0.17,200.58,2.09,1.77,Buy,Buy,StrongBuy,Strong buy,Sell,Sell,56.57,2.00,3.42,50.13,74.13,78.11,0.00,0.00,0.00,0.00,0.00,-1.28,38025.00,-74.88,0.00,0.00,0.00,17.61,17.10,0.66,0.70,2.05,3.44,5.03,7.02,58323984515.76,1.74,14.40,8.58,73.19,70.63,67.76,64.78,64.17,121.15,133.73,108.58,121.15,6.47,0.00,0.00,36439275167.27,0.00,0.00
[object Object],EMSN,EMS-CHEMIE HOLDING AG,SIX,828.50,stock,common,10.00,5.00,false,0.00,CHF,0.67,3670.00,0.17,23688027280.34,USD,41.54,25.16,1.24,2.10,Process industries,switzerland,Process Industries,Neutral,Neutral,0.67,1.16,20.25,24.59,35.71,50.09,29.25,-19.09,55.15,706.33,1.37,2.02,StrongBuy,Strong buy,StrongBuy,Strong buy,Buy,Buy,79.92,39.50,72.95,101.31,89.34,88.07,0.00,0.00,0.00,0.00,0.00,-0.12,3670.00,-75.44,0.00,0.00,0.00,22.61,41.54,33.25,9.87,10.45,36.07,38.06,31.07,22964904569.54,9.34,32.11,29.26,815.20,759.10,735.93,695.38,638.06,901.19,1055.48,773.20,920.48,27.06,13.36,0.00,2487425249.21,1220399150.00,1141258440.00
[object Object],SGSN,SGS SA,SIX,97.10,stock,common,100.00,2.00,false,0.00,CHF,0.31,67658.00,0.19,23684960519.30,USD,28.61,4.20,2.64,3.31,Commercial services,switzerland,Commercial Services,Buy,Buy,0.31,0.62,2.47,13.36,2.17,7.15,18.41,-16.78,13.86,395.41,1.26,1.50,Buy,Buy,StrongBuy,Strong buy,Buy,Buy,58.49,3.72,2.53,70.38,76.10,81.78,0.00,0.00,0.00,0.00,0.00,-0.10,67658.00,-74.25,0.00,0.00,0.00,18.57,28.61,10.79,2.63,19.05,15.16,19.13,14.64,28646739719.30,3.21,21.44,14.66,96.74,95.32,93.23,89.58,90.82,126.22,147.05,102.56,129.75,5.17,2.16,2.96,9606975494.86,4530313807.25,5013160441.80
[object Object],NN,NN Group N.V.,EURONEXT,81.38,stock,common,100.00,2.00,false,0.00,EUR,-0.12,458103.00,0.91,23641164376.51,USD,0.00,0.00,0.00,4.76,Finance,netherlands,Finance,Buy,Buy,-0.12,0.15,7.19,8.36,20.56,23.68,34.69,91.48,238.38,287.52,1.69,1.50,Buy,Buy,StrongBuy,Strong buy,Neutral,Neutral,71.78,1.50,3.29,92.14,70.84,78.65,0.00,0.00,0.00,0.00,0.00,0.44,458103.00,-50.81,0.00,0.00,0.00,31.95,0.00,0.00,1.15,0.00,0.00,0.00,0.00,41803911696.51,2.93,0.00,0.00,80.91,78.51,76.51,74.34,69.59,90.21,112.32,71.43,88.13,9.79,4.21,4.54,5783709427.02,2814537204.34,2935534739.26
[object Object],UNI,UNIPOL ASSICURAZIONI SPA,MIL,28.53,stock,common,100.00,1.00,false,0.00,EUR,-0.17,1579511.00,1.15,23599394133.52,USD,13.80,2.43,37.82,3.92,Finance,italy,Finance,StrongBuy,Strong buy,-0.17,5.71,11.75,28.51,47.75,38.70,59.21,525.66,1069.26,-51.11,2.92,2.28,Buy,Buy,StrongBuy,Strong buy,Sell,Sell,70.60,1.53,2.21,132.31,83.04,86.18,0.00,0.00,0.00,0.00,0.00,0.94,1579511.00,15.51,0.00,0.00,0.00,51.64,13.80,0.37,1.41,1.96,3.97,4.44,0.00,27907948933.52,1.64,0.00,0.00,27.59,26.55,25.19,23.28,21.45,31.82,37.25,26.48,32.38,2.44,0.00,0.00,20856887505.48,10321938280.00,0.00
[object Object],L,Loews Corporation,NYSE,115.08,stock,common,100.00,1.00,false,0.00,USD,-0.78,23723.00,0.03,23525542596.47,USD,14.10,8.16,29.80,0.22,Finance,america,Finance,NoRating,No rating,-0.78,-0.52,-2.00,10.01,3.08,9.60,22.13,110.00,178.85,58196.99,1.80,1.92,Neutral,Neutral,Neutral,Neutral,Sell,Sell,49.94,-2.82,0.75,-48.42,29.74,34.96,long_lower_shadow_bullish,115.98,0.00,0.00,200.00,-0.66,23723.00,-96.99,0.00,0.00,0.00,28.58,14.10,0.48,1.28,1.23,6.64,8.59,0.00,33378542596.47,1.79,0.00,0.00,116.83,115.56,112.22,110.15,107.84,0.00,0.00,0.00,0.00,0.00,0.00,0.00,21903000000.00,0.00,0.00
[object Object],IHG,InterContinental Hotels Group PLC,LSE,157.90,stock,common,100.00,5.00,false,0.00,USD,-0.54,67592.00,0.19,23450894165.00,USD,32.45,4.87,26.28,1.15,Consumer services,uk,Consumer Services,Neutral,Neutral,-0.54,-0.79,-4.65,7.49,11.04,12.79,24.80,140.94,235.76,1774.03,2.85,2.34,Sell,Sell,Sell,Sell,Neutral,Neutral,45.24,1.30,-3.63,-31.48,51.87,48.61,falling_window_bearish,0.00,0.00,0.00,0.00,-0.35,67592.00,-78.15,0.00,0.00,0.00,34.15,32.45,1.24,4.67,0.00,26.84,27.71,21.29,26930894165.01,5.19,22.04,19.69,159.34,161.42,163.05,152.77,144.09,161.79,195.00,127.00,158.82,5.69,2.57,2.65,5546856176.00,2808000000.00,2702650000.00
[object Object],VER,VERBUND AG Class A,VIE,58.30,stock,common,100.00,5.00,false,0.00,EUR,-0.43,11178.00,0.06,23433455731.54,USD,16.81,3.96,-31.85,5.38,Utilities,austria,Utilities,Sell,Sell,-0.43,1.39,0.78,-2.35,-2.67,-5.97,-12.26,-26.30,319.42,321.02,2.16,2.42,Sell,Sell,StrongSell,Strong sell,Neutral,Neutral,50.17,-0.90,1.01,-51.12,45.05,48.35,0.00,0.00,0.00,0.00,0.00,0.43,11178.00,-89.45,0.00,0.00,0.00,-12.94,16.81,0.00,2.69,2.09,13.92,0.00,226.56,28105472841.54,3.25,13.74,10.20,58.37,57.91,57.62,60.36,61.62,66.30,74.12,62.84,64.74,3.41,0.97,1.01,8252771077.78,0.00,0.00
[object Object],MTSI,"MACOM Technology Solutions Holdings, Inc.",NASDAQ,306.91,stock,common,100.00,1.00,false,0.00,USD,1.75,143800.00,0.08,23415937861.98,USD,98.85,3.10,0.00,0.00,Electronic technology,america,Electronic Technology,Buy,Buy,1.75,17.91,0.62,-14.01,30.60,75.60,131.96,396.22,672.68,1506.86,7.82,6.41,Buy,Buy,StrongBuy,Strong buy,Neutral,Neutral,55.42,39.92,-28.39,156.74,81.08,71.87,0.00,309.00,2.44,1.18,4524.00,2.76,143800.00,-95.13,0.00,0.00,0.00,82.55,98.85,0.00,20.32,0.00,88.74,117.92,36.29,23159910861.98,19.90,109.85,85.19,264.26,293.94,326.03,307.43,250.96,401.54,475.00,300.00,400.00,5.44,1.35,1.93,1315225819.00,336081403.00,411986435.00
[object Object],VACN,VAT Group AG,SIX,636.40,stock,common,10.00,2.00,false,0.00,CHF,0.32,17199.00,0.22,23414280384.17,USD,92.05,8.55,-7.14,1.10,Producer manufacturing,switzerland,Producer Manufacturing,Buy,Buy,0.32,1.02,-4.01,5.09,32.58,58.70,127.53,70.16,864.24,1123.85,3.17,4.16,Sell,Sell,Sell,Sell,Sell,Sell,48.55,-14.20,-36.54,-16.56,46.86,42.59,0.00,0.00,0.00,0.00,0.00,-0.47,17199.00,-66.88,0.00,0.00,0.00,105.37,92.05,0.00,18.54,27.84,71.80,81.71,165.67,23760768120.17,18.69,75.94,63.01,614.66,658.05,655.21,607.40,517.76,889.70,1050.35,691.99,917.51,13.55,4.01,8.70,1685178495.91,630364521.49,983302931.10
[object Object],EXPD,"Expeditors International of Washington, Inc.",NYSE,180.04,stock,common,100.00,1.00,false,0.00,USD,0.83,48427.00,0.04,23403512903.40,USD,29.09,6.19,2.77,0.88,Transportation,america,Transportation,Neutral,Neutral,0.83,7.76,8.27,17.50,10.12,20.72,50.40,45.37,250.89,104649.94,4.35,2.76,StrongBuy,Strong buy,StrongBuy,Strong buy,Buy,Buy,61.26,4.74,5.83,59.27,66.94,68.75,0.00,179.20,0.36,0.25,2969.00,-0.26,48427.00,-95.29,0.00,0.00,0.00,43.03,29.09,10.42,2.14,10.41,24.81,26.22,18.34,22654251903.40,2.03,20.79,19.77,173.99,172.65,168.33,158.58,152.95,181.00,220.00,100.00,184.00,7.70,1.69,2.11,13060662999.00,2909348116.00,3455814988.00
[object Object],GPN,Global Payments Inc.,NYSE,88.32,stock,common,100.00,1.00,false,0.00,USD,0.72,108194.00,0.03,23371095767.58,USD,27.71,3.19,-44.26,1.14,Finance,america,Finance,Buy,Buy,0.72,3.09,15.01,26.19,22.83,13.81,3.01,-49.90,18.39,2255.20,3.55,3.63,StrongBuy,Strong buy,StrongBuy,Strong buy,Neutral,Neutral,64.93,7.40,8.78,93.06,77.79,80.30,0.00,87.70,0.01,-0.05,286.00,-0.10,108194.00,-97.80,0.00,0.00,0.00,17.86,27.71,0.00,2.32,1.02,14.39,29.00,4.19,42092234767.58,4.13,20.07,9.14,86.86,80.12,75.25,72.20,74.51,99.48,194.00,60.00,95.00,13.71,3.44,3.61,12378270848.00,3163650887.00,3188221946.00
[object Object],ULTA,Ulta Beauty Inc.,NASDAQ,543.38,stock,common,100.00,1.00,false,0.00,USD,0.85,46981.00,0.09,23359745923.99,USD,20.37,26.68,4.20,0.00,Retail trade,america,Retail Trade,Buy,Buy,0.85,5.23,20.74,2.61,-20.24,-10.35,5.26,54.36,106.48,1546.62,2.59,2.91,Buy,Buy,StrongBuy,Strong buy,Neutral,Neutral,72.23,68.02,53.21,124.24,87.06,90.07,0.00,541.40,0.48,0.49,695.00,0.01,46981.00,-86.89,0.00,0.00,0.00,-6.61,20.37,4.81,1.86,9.11,15.47,21.14,107.95,25440888923.99,2.00,15.92,13.33,521.96,486.88,482.37,504.15,554.89,632.10,735.00,450.00,635.00,28.80,6.89,6.17,13241122688.00,3120831347.00,2979934121.00
[object Object],TRN,Terna S.p.A.,MIL,10.10,stock,common,1000.00,5.00,false,0.00,EUR,0.50,1026457.00,0.27,23253620851.00,USD,18.17,0.63,0.93,3.94,Utilities,italy,Utilities,Neutral,Neutral,0.50,0.50,-1.32,2.29,8.02,11.73,19.24,48.97,109.54,456.47,1.55,1.46,Neutral,Neutral,Neutral,Neutral,Neutral,Neutral,47.31,-0.27,-0.14,-79.79,32.05,29.81,long_lower_shadow_bullish,0.00,0.00,0.00,0.00,0.25,1026457.00,-52.36,0.00,0.00,0.00,21.38,18.17,19.53,4.84,3.41,6.93,0.00,8.93,40722391323.00,8.56,20.19,12.86,10.09,10.19,10.16,10.07,9.68,11.44,12.91,10.03,11.53,0.64,0.00,0.00,5178841086.29,2338938880.00,0.00
[object Object],RL,Ralph Lauren Corporation Class A,NYSE,390.05,stock,common,100.00,1.00,false,0.00,USD,-1.46,74075.00,0.11,23221355903.10,USD,24.59,15.86,26.63,0.94,Consumer non-durables,america,Consumer Non-Durables,Buy,Buy,-1.46,0.84,-0.76,8.98,14.08,9.87,32.35,217.99,304.95,1114.15,4.79,3.82,Buy,Buy,StrongBuy,Strong buy,Neutral,Neutral,53.83,16.47,-2.66,185.36,56.92,53.11,0.00,404.94,2.30,0.56,360.00,-0.07,74075.00,-94.14,0.00,0.00,0.00,23.29,24.59,0.94,2.90,0.00,18.15,22.92,12.31,24263355903.10,2.90,17.45,14.91,382.41,385.43,386.72,371.52,362.08,453.13,520.00,400.00,450.00,18.82,4.32,4.18,8663143205.00,1866119503.00,2110218602.00
[object Object],FFIV,"F5, Inc.",NASDAQ,411.44,stock,common,100.00,1.00,false,0.00,USD,-0.39,70515.00,0.07,23213135263.29,USD,32.77,12.56,10.71,0.00,Technology services,america,Technology Services,Buy,Buy,-0.39,4.33,-0.93,19.25,50.37,60.83,27.58,93.93,227.50,7928.10,2.78,3.99,Buy,Buy,StrongBuy,Strong buy,Sell,Sell,53.94,19.23,3.23,50.88,84.99,82.13,engulfing_bearish,419.45,1.54,2.50,304.00,1.68,70515.00,-87.00,0.00,0.00,0.00,32.45,32.77,3.07,7.18,6.06,22.56,24.42,14.75,21826053263.29,6.60,23.40,21.19,404.41,410.04,403.21,362.77,313.42,440.11,515.00,300.00,461.00,17.33,4.00,4.26,3383164575.00,834595474.00,884034506.00
[object Object],MTX,MTU Aero Engines AG,XETR,371.90,stock,common,10.00,1.00,false,0.00,EUR,-0.48,59278.00,0.38,23191532722.73,USD,21.72,19.55,10.74,0.96,Electronic technology,germany,Electronic Technology,Buy,Buy,-0.48,2.73,2.48,19.16,-1.82,4.35,-2.11,76.26,316.04,1598.95,2.76,2.78,Buy,Buy,StrongBuy,Strong buy,Neutral,Neutral,63.39,29.30,16.16,103.84,83.21,85.95,0.00,364.20,-2.54,-2.14,59.00,-1.87,59278.00,-52.23,0.00,0.00,0.00,-4.10,21.72,2.03,2.22,4.41,20.10,35.95,15.77,24709895082.73,2.34,17.79,13.56,364.71,358.23,343.56,325.13,346.26,464.69,610.57,357.13,472.33,21.72,0.00,0.00,11334746835.09,0.00,0.00
[object Object],PGHN,Partners Group Holding AG,SIX,734.00,stock,common,10.00,2.00,false,0.00,CHF,1.61,41228.00,0.28,23028311235.77,USD,15.15,61.11,12.47,6.37,Finance,switzerland,Finance,Buy,Buy,1.61,8.20,8.87,-16.11,-23.51,-27.33,-34.23,-53.98,64.11,818.07,2.62,2.54,Buy,Buy,Buy,Buy,Buy,Buy,64.19,57.00,35.47,165.30,86.75,83.22,0.00,0.00,0.00,0.00,0.00,0.11,41228.00,-66.22,0.00,0.00,0.00,-37.57,15.15,1.20,6.68,8.65,12.95,13.02,57.89,25683084615.77,7.26,12.59,12.07,698.92,685.77,692.60,780.81,869.67,1027.50,1434.09,827.50,1013.01,54.10,35.92,26.88,2992180931.45,1786586412.80,1426080138.26
[object Object],AMUN,Amundi SA,EURONEXT,97.45,stock,common,100.00,5.00,false,0.00,EUR,0.36,39861.00,0.23,23014784410.20,USD,14.68,7.58,-18.98,4.38,Finance,france,Finance,Buy,Buy,0.36,3.67,10.55,15.74,24.14,37.84,49.46,19.72,133.49,122.95,1.41,1.57,StrongBuy,Strong buy,StrongBuy,Strong buy,Buy,Buy,78.26,9.90,7.69,119.11,98.04,96.55,0.00,0.00,0.00,0.00,0.00,-0.31,39861.00,-74.32,0.00,0.00,0.00,39.04,14.68,0.00,2.75,1.57,7.70,8.04,7.15,22499294628.88,2.77,12.02,11.27,93.90,89.61,87.14,83.20,77.54,105.39,120.98,89.87,106.00,8.81,0.00,0.00,4208498110.45,0.00,0.00
[object Object],TPRO,Technoprobe SpA,MIL,30.76,stock,common,100.00,2.00,false,0.00,EUR,0.52,634131.00,0.68,22975751742.29,USD,95.68,0.37,196.86,0.00,Electronic technology,italy,Electronic Technology,StrongBuy,Strong buy,0.52,8.16,-2.35,58.64,96.42,146.08,345.15,392.95,392.95,392.95,6.25,5.69,Buy,Buy,StrongBuy,Strong buy,Buy,Buy,53.31,1.02,-2.23,47.38,66.77,53.91,0.00,0.00,0.00,0.00,0.00,0.07,634131.00,-71.60,0.00,0.00,0.00,262.03,95.68,4.07,31.38,14.18,85.81,251.91,27.93,22205144827.93,25.36,83.56,64.55,28.17,30.66,32.04,25.97,19.88,44.99,57.60,21.31,46.08,0.60,0.22,0.32,1258553111.89,520863492.13,664740116.04
[object Object],STZ,"Constellation Brands, Inc. Class A",NYSE,134.15,stock,common,100.00,1.00,false,0.00,USD,1.23,162731.00,0.08,22909580801.87,USD,12.80,10.48,0.00,3.09,Consumer non-durables,america,Consumer Non-Durables,Buy,Buy,1.23,3.30,1.31,-11.01,-18.99,-3.07,-21.34,-38.51,-17.68,7001.99,1.75,2.51,Buy,Buy,Buy,Buy,Neutral,Neutral,51.77,3.99,-2.75,79.76,57.31,41.58,0.00,131.99,-0.40,0.36,2314.00,0.29,162731.00,-90.17,0.00,0.00,0.00,-27.26,12.80,0.00,2.52,2.80,8.59,12.61,239.42,33640980801.87,3.71,12.12,10.55,131.42,133.18,136.46,144.52,145.11,170.73,209.00,115.00,173.50,11.80,3.19,3.61,9103173893.00,2388444554.00,2545583437.00
[object Object],LGEN,Legal & General Group Plc,LSE,315.90,stock,common,10.00,1.00,false,0.00,GBX,1.25,12605657.00,0.73,22906481089.23,USD,27.98,0.15,190.23,6.98,Finance,uk,Finance,Neutral,Neutral,1.25,4.88,7.82,26.36,18.98,20.71,23.25,14.25,53.20,538.49,2.29,2.10,StrongBuy,Strong buy,StrongBuy,Strong buy,Neutral,Neutral,77.41,16.30,12.11,257.23,89.86,87.63,0.00,0.00,0.00,0.00,0.00,-0.61,12605657.00,-41.26,0.00,0.00,0.00,12.65,27.98,0.15,0.25,8.02,8.43,9.23,0.00,59337187489.23,0.60,0.00,0.00,303.17,296.23,289.09,272.60,263.75,3.62,5.18,2.49,3.48,0.35,0.16,0.16,21512089600.00,0.00,0.00
[object Object],OMC,Omnicom Group Inc,NYSE,83.18,stock,common,100.00,1.00,false,0.00,USD,0.81,159797.00,0.04,22820099022.87,USD,71.30,1.17,-83.26,3.76,Commercial services,america,Commercial Services,Buy,Buy,0.81,6.10,3.88,7.94,21.06,3.01,13.80,12.77,0.71,7433.25,3.19,3.46,Buy,Buy,StrongBuy,Strong buy,Sell,Sell,57.05,3.52,2.66,67.58,54.88,48.81,0.00,82.53,0.02,-0.32,3224.00,0.17,159797.00,-94.45,0.00,0.00,0.00,70.68,71.30,0.00,1.04,2.61,9.05,9.78,7.01,31824299022.87,1.42,9.95,8.62,81.80,80.11,77.94,76.82,76.90,99.62,139.00,77.00,100.00,10.44,2.67,2.60,25778908490.00,6442346803.00,6217646398.00
[object Object],LUV,Southwest Airlines Co.,NYSE,46.58,stock,common,100.00,1.00,false,0.00,USD,-0.77,176129.00,0.03,22787316866.42,USD,28.26,1.65,147.88,1.53,Transportation,america,Transportation,Buy,Buy,-0.77,2.71,-3.68,11.38,-11.86,12.21,55.63,-7.03,23.33,486476.83,2.84,3.30,Neutral,Neutral,Sell,Sell,Neutral,Neutral,48.17,1.50,-0.79,-18.09,58.65,65.79,0.00,47.06,0.26,0.17,9101.00,-0.04,176129.00,-96.04,0.00,0.00,0.00,38.71,28.26,0.19,0.77,3.22,9.08,0.00,6.06,25885316866.42,0.86,19.90,9.03,46.47,48.12,46.86,43.25,42.12,53.38,67.00,35.00,52.00,3.42,0.51,0.66,32948618743.00,8584022516.00,8200367498.00
[object Object],STE,STERIS plc,NYSE,233.21,stock,common,100.00,1.00,false,0.00,USD,0.61,36122.00,0.04,22727618085.91,USD,28.52,8.18,23.99,1.09,Health technology,america,Health Technology,Buy,Buy,0.61,2.11,9.32,9.12,-5.36,-7.98,2.66,7.40,221.26,12766.48,3.60,2.83,Buy,Buy,StrongBuy,Strong buy,Neutral,Neutral,63.50,19.14,12.47,82.19,88.60,88.66,0.00,230.93,-0.37,0.00,2047.00,-1.03,36122.00,-97.39,0.00,0.00,0.00,-0.07,28.52,1.18,3.76,0.00,17.72,24.67,47.34,24138918085.91,4.00,15.55,0.00,230.64,219.47,214.99,216.61,234.37,260.57,280.00,225.00,269.00,11.15,2.49,2.69,6367327363.00,1494865741.00,1558621139.00
[object Object],PKG,Packaging Corporation of America,NYSE,255.06,stock,common,100.00,1.00,false,0.00,USD,0.91,22288.00,0.03,22725055683.80,USD,33.15,7.69,-23.22,2.08,Process industries,america,Process Industries,Buy,Buy,0.91,2.84,10.93,13.32,9.08,23.84,31.59,81.33,242.45,2025.46,2.49,3.33,Buy,Buy,StrongBuy,Strong buy,Neutral,Neutral,64.81,0.67,14.13,71.83,88.35,88.10,0.00,252.25,-0.20,-0.36,302.00,-0.17,22288.00,-95.59,0.00,0.00,0.00,23.49,33.15,0.00,2.36,0.00,0.00,0.00,34.04,22058255683.80,2.31,18.13,11.07,251.99,239.32,234.30,223.68,218.64,266.67,312.00,242.00,270.00,10.48,2.31,2.93,10060380887.00,2492654184.00,2611978041.00
[object Object],MRNA,"Moderna, Inc.",NASDAQ,56.23,stock,common,100.00,1.00,false,0.00,USD,4.39,780504.00,0.15,22447037065.09,USD,0.00,-7.98,-6.20,0.00,Health technology,america,Health Technology,Neutral,Neutral,4.39,-2.81,-27.30,14.74,36.53,88.48,109.13,-86.33,155.57,155.57,6.91,6.27,Sell,Sell,Sell,Sell,Neutral,Neutral,45.04,2.16,-7.26,-59.71,29.92,27.12,harami_bullish,54.73,1.62,0.84,68996.00,1.73,780504.00,-86.16,0.00,0.00,0.00,74.25,0.00,-1.09,9.62,3.32,0.00,0.00,4.36,18596037065.09,8.35,0.00,0.00,55.71,63.75,59.24,54.82,45.58,53.79,135.00,25.00,45.00,-8.47,-2.03,-1.16,2106694204.00,102928355.00,872924092.00
[object Object],ENTG,"Entegris, Inc.",NASDAQ,146.87,stock,common,100.00,1.00,false,0.00,USD,2.96,170214.00,0.05,22441735488.30,USD,84.65,1.74,-15.10,0.28,Producer manufacturing,america,Producer Manufacturing,Buy,Buy,2.96,19.60,10.01,-3.07,30.35,70.46,96.67,19.08,758.89,1250.53,5.98,6.67,Buy,Buy,StrongBuy,Strong buy,Buy,Buy,55.80,17.72,-4.64,116.74,90.32,87.58,0.00,148.50,4.10,1.51,676.00,4.44,170214.00,-91.07,0.00,0.00,0.00,28.01,84.65,0.00,6.75,5.52,30.49,44.53,50.83,25756535488.30,7.96,49.77,28.89,129.25,139.73,143.91,138.98,120.43,170.40,215.00,120.00,170.00,3.92,0.82,1.02,3561965884.00,835789431.00,921926250.00
[object Object],SRG,Snam S.p.A.,MIL,5.84,stock,common,1000.00,2.00,false,0.00,EUR,0.62,2298560.00,0.27,22395419501.50,USD,17.10,0.39,-18.07,5.21,Utilities,italy,Utilities,Neutral,Neutral,0.62,-2.28,-6.62,-9.10,-1.92,3.59,13.76,14.70,35.95,192.66,1.82,1.64,Sell,Sell,StrongSell,Strong sell,Neutral,Neutral,31.81,-0.41,-0.30,-132.29,8.18,11.32,0.00,0.00,0.00,0.00,0.00,0.21,2298560.00,-80.62,0.00,0.00,0.00,21.11,17.10,0.00,4.92,2.37,5.77,17.44,6.66,45330985681.50,10.02,21.75,13.16,5.96,6.14,6.21,6.36,6.10,7.48,8.37,6.19,7.56,0.50,0.00,0.00,4740610177.20,2283739313.71,0.00
[object Object],FICO,Fair Isaac Corporation,NYSE,1034.06,stock,common,100.00,1.00,false,0.00,USD,0.21,24708.00,0.05,22333251043.20,USD,29.88,34.61,35.37,0.00,Commercial services,america,Commercial Services,Buy,Buy,0.21,-8.97,-19.78,-7.84,-24.27,-38.85,-25.79,116.80,703.28,75357.30,4.87,5.14,Sell,Sell,StrongSell,Strong sell,Neutral,Neutral,36.48,-203.31,-140.67,-129.23,7.69,8.07,"harami_bullish,long_upper_shadow_bearish",1035.74,0.37,1.17,576.00,0.13,24708.00,-93.33,0.00,0.00,0.00,-14.22,29.88,0.84,9.79,0.00,23.44,25.00,94.49,27682817043.20,11.57,22.20,21.91,1150.23,1208.91,1198.23,1140.75,1361.30,1500.72,1950.00,841.00,1539.00,42.93,11.76,11.02,2546029820.00,679172263.00,664536062.00
[object Object],CSG,CSG N.V.,EURONEXT,17.99,stock,common,1000.00,2.00,false,0.00,EUR,-6.61,2503913.00,2.54,22185600491.83,USD,0.00,0.00,0.00,0.00,Electronic technology,netherlands,Electronic Technology,StrongBuy,Strong buy,-6.61,10.28,24.11,10.86,-40.05,-43.79,-43.79,-43.79,-43.79,-43.79,7.75,6.29,Buy,Buy,StrongBuy,Strong buy,Neutral,Neutral,62.20,2.47,3.41,127.52,81.71,90.15,0.00,0.00,0.00,0.00,0.00,-0.71,2503913.00,35.14,0.00,0.00,0.00,0.00,0.00,0.00,0.00,0.86,0.00,0.00,0.91,25919959723.33,0.00,0.00,0.00,17.43,15.28,14.92,17.86,0.00,33.64,41.43,26.47,34.53,1.28,0.00,0.00,8799407521.60,1783891280.00,0.00
[object Object],CMS,CMS Energy Corporation,NYSE,70.63,stock,common,100.00,1.00,false,0.00,USD,-0.80,179746.00,0.05,22147950889.45,USD,21.22,3.33,-1.79,3.13,Utilities,america,Utilities,Buy,Buy,-0.80,-2.04,-8.43,-4.05,-3.93,1.03,-4.59,11.39,61.48,62.84,1.98,2.11,StrongSell,Strong sell,StrongSell,Strong sell,Neutral,Neutral,32.50,-4.07,-3.40,-149.28,13.82,15.00,on_neck_bearish,0.00,0.00,0.00,0.00,-1.18,179746.00,-94.51,0.00,0.00,0.00,6.20,21.22,0.00,2.51,2.32,10.22,0.00,63.63,41952950889.45,4.76,25.12,13.89,72.41,74.40,73.87,74.86,73.98,81.33,87.00,76.00,81.00,3.87,0.36,1.11,9002217242.00,1874571112.00,2161326391.00
[object Object],AMCR,Amcor PLC,NYSE,47.73,stock,common,100.00,1.00,false,0.00,USD,1.41,171842.00,0.04,22065447869.26,USD,32.89,1.45,-47.92,5.50,Process industries,america,Process Industries,Buy,Buy,1.41,5.77,9.79,18.57,-0.16,14.31,0.69,-18.63,-14.09,-14.09,2.28,2.73,Buy,Buy,StrongBuy,Strong buy,Neutral,Neutral,65.05,3.19,2.96,123.52,92.71,92.71,0.00,47.11,0.11,-0.04,921.00,0.25,171842.00,-94.73,0.00,0.00,0.00,-3.07,32.89,0.00,0.98,1.89,13.12,29.66,13.95,37195447869.36,1.68,20.97,11.61,46.35,44.43,42.52,40.97,42.19,49.07,57.62,41.99,49.40,3.98,0.96,1.19,23112636600.00,5712233917.00,6071741379.00
[object Object],FDXF,"FedEx Freight Holding Company, Inc.",NYSE,147.40,stock,common,100.00,1.00,false,0.00,USD,0.67,105241.00,0.11,22038973958.01,USD,0.00,0.00,0.00,0.00,Transportation,america,Transportation,Buy,Buy,0.67,7.88,2.29,9.19,9.19,9.19,9.19,9.19,9.19,9.19,3.36,5.16,Neutral,Neutral,Buy,Buy,Neutral,Neutral,49.62,-10.60,-7.00,-23.78,42.64,34.67,long_lower_shadow_bullish,145.52,-0.61,-0.61,173.00,0.10,105241.00,-87.50,0.00,0.00,0.00,0.00,0.00,0.00,0.00,0.00,0.00,0.00,87.80,28152973958.01,0.00,0.00,0.00,144.23,148.34,155.51,0.00,0.00,175.00,200.00,150.00,180.00,4.50,1.51,1.31,9116949175.00,2400000000.00,2295832679.00
[object Object],FIS,"Fidelity National Information Services, Inc.",NYSE,42.61,stock,common,100.00,1.00,false,0.00,USD,-0.47,297817.00,0.04,21974230494.17,USD,6.54,6.51,2338.26,3.92,Technology services,america,Technology Services,Buy,Buy,-0.47,-6.04,1.00,-4.25,-16.30,-35.92,-39.27,-68.11,-46.58,224.81,5.55,3.95,Sell,Sell,Sell,Sell,Neutral,Neutral,49.80,1.10,1.51,-9.20,46.95,53.85,doji,42.99,0.42,0.05,6526.00,-0.51,297817.00,-95.67,0.00,0.00,0.00,-45.65,6.54,0.00,1.81,1.37,0.00,0.00,28.65,21287230494.17,1.74,7.59,0.00,44.30,42.14,41.25,43.64,51.95,51.36,73.00,37.00,52.50,6.22,1.47,1.62,13685881895.00,3383997762.00,3455799524.00
[object Object],GEBN,Geberit AG,SIX,564.40,stock,common,10.00,2.00,false,0.00,CHF,0.18,20542.00,0.27,21958011336.70,USD,31.29,22.75,0.23,2.29,Industrial services,switzerland,Industrial Services,Neutral,Neutral,0.18,5.61,6.89,6.37,-9.00,-9.29,-9.96,-25.40,48.76,909.66,1.84,1.71,Buy,Buy,StrongBuy,Strong buy,Sell,Sell,71.99,50.40,25.09,153.81,90.33,93.74,0.00,0.00,0.00,0.00,0.00,-0.32,20542.00,-81.42,0.00,0.00,0.00,-14.52,31.29,136.44,5.92,12.27,22.24,27.65,32.00,22904342736.70,5.74,20.02,16.96,543.58,530.98,525.01,527.11,571.32,682.60,864.05,532.30,668.47,23.69,0.00,0.00,4074458904.79,1870656200.00,0.00
[object Object],AKRBP,Aker BP ASA,OSL,329.80,stock,common,10.00,1.00,false,0.00,NOK,-0.45,253592.00,0.29,21931398906.85,USD,15.20,2.19,66.91,7.60,Energy minerals,norway,Energy Minerals,Neutral,Neutral,-0.45,-0.78,4.70,-0.06,24.59,28.78,35.05,37.13,206.79,432.64,2.64,2.39,Buy,Buy,Buy,Buy,Neutral,Neutral,51.62,-10.70,11.38,20.19,35.91,41.77,engulfing_bearish,0.00,0.00,0.00,0.00,0.81,253592.00,-49.83,0.00,0.00,0.00,28.93,15.20,0.23,1.84,1.80,2.55,21.01,7.54,29122114116.37,2.54,3.77,2.84,332.14,322.25,325.28,335.17,300.65,34.18,41.12,21.09,33.81,3.16,0.94,0.73,11931975665.48,3651407909.00,3021081018.00
[object Object],EN,Bouygues SA,EURONEXT,48.72,stock,common,100.00,1.00,false,0.00,EUR,-0.96,118064.00,0.18,21898351812.54,USD,14.96,3.72,17.79,4.27,Industrial services,france,Industrial Services,Buy,Buy,-0.96,-1.12,4.73,-4.51,3.88,9.98,32.03,46.84,89.13,366.67,1.55,1.92,Buy,Buy,StrongBuy,Strong buy,Neutral,Neutral,52.48,1.18,1.04,72.30,69.21,72.78,0.00,0.00,0.00,0.00,0.00,-0.30,118064.00,-72.62,0.00,0.00,0.00,20.91,14.96,0.85,0.34,1.50,3.69,6.98,3.89,35253719672.54,0.55,11.90,5.43,48.32,47.87,48.66,49.70,47.49,69.12,84.10,61.06,68.55,3.88,0.95,1.42,66572313140.71,15902841359.63,17446391331.48
[object Object],IFF,International Flavors & Fragrances Inc.,NYSE,85.17,stock,common,100.00,1.00,false,0.00,USD,0.73,73458.00,0.04,21731123165.00,USD,79.02,1.08,0.00,1.89,Consumer non-durables,america,Consumer Non-Durables,Buy,Buy,0.73,8.39,6.46,8.51,15.74,26.12,29.46,-43.82,-36.28,1177.56,3.48,3.10,Buy,Buy,StrongBuy,Strong buy,Neutral,Neutral,63.01,9.23,5.00,157.79,80.33,85.79,0.00,84.75,0.24,0.00,400.00,0.21,73458.00,-97.16,0.00,0.00,0.00,5.76,79.02,0.00,2.18,1.56,18.85,40.69,38.47,27438123165.00,2.75,26.23,14.22,81.32,79.04,77.63,75.21,72.56,95.40,105.00,71.00,96.00,3.49,1.07,0.80,8139797764.00,2620958580.00,1901065446.00
[object Object],IP,International Paper Company,NYSE,40.83,stock,common,100.00,1.00,false,0.00,USD,0.74,357777.00,0.06,21621278624.05,USD,0.00,-6.48,-6525.15,4.56,Process industries,america,Process Industries,Buy,Buy,0.74,-7.17,8.85,22.83,-8.89,3.31,-12.97,-25.52,-6.12,466.63,2.89,4.31,Buy,Buy,StrongBuy,Strong buy,Sell,Sell,54.68,-1.33,2.42,19.20,59.22,64.08,0.00,40.71,0.44,0.39,2567.00,-0.49,357777.00,-90.07,0.00,0.00,0.00,-18.76,0.00,-0.00,0.89,0.00,8.17,43.94,29.78,30583278624.05,1.26,158.46,10.64,42.05,39.25,37.58,35.78,38.51,48.30,61.00,42.00,47.50,1.38,-0.03,0.34,24601050643.00,6189199076.00,6300843130.00
[object Object],EDP,EDP S.A.,EURONEXT,4.49,stock,common,1000.00,1.00,false,0.00,EUR,-0.75,2019841.00,0.27,21539543358.06,USD,15.86,0.32,57.72,4.53,Utilities,portugal,Utilities,Buy,Buy,-0.75,0.74,-1.19,2.51,5.65,14.54,21.35,-0.40,50.63,96.07,1.41,1.72,Sell,Sell,Sell,Sell,Sell,Sell,48.79,-0.11,-0.04,-43.22,37.91,33.06,engulfing_bearish,0.00,0.00,0.00,0.00,0.27,2019841.00,-76.43,0.00,0.00,0.00,17.57,15.86,0.28,1.17,1.62,6.73,0.00,5.74,51108301303.64,2.79,16.97,9.45,4.48,4.53,4.48,4.48,4.30,5.91,6.93,4.62,5.95,0.37,0.09,0.08,18519464609.00,4313477250.76,4567062938.47
[object Object],SNA,Snap-on Incorporated,NYSE,415.84,stock,common,100.00,1.00,false,0.00,USD,0.28,21704.00,0.05,21510206556.92,USD,21.21,19.60,4.49,2.28,Consumer durables,america,Consumer Durables,Neutral,Neutral,0.28,1.59,2.71,11.52,13.45,20.69,27.73,86.36,164.95,6830.70,2.06,2.28,Buy,Buy,StrongBuy,Strong buy,Neutral,Neutral,57.70,11.72,9.76,68.83,80.41,82.17,0.00,0.00,0.00,0.00,0.00,-0.57,21704.00,-92.79,0.00,0.00,0.00,27.80,21.21,4.71,4.13,3.56,18.41,19.70,13.28,21200506556.92,4.02,15.80,14.70,413.81,407.61,397.63,384.48,371.03,435.86,485.00,375.00,450.00,19.80,4.95,4.97,4957977714.00,1219276312.00,1240052857.00
[object Object],EXE,Expand Energy Corporation,NASDAQ,92.49,stock,common,100.00,1.00,false,0.00,USD,0.58,127581.00,0.03,21411784785.39,USD,7.98,11.59,2897.49,2.50,Energy minerals,america,Energy Minerals,StrongBuy,Strong buy,0.58,-0.01,2.43,-5.31,-15.89,-15.90,-9.01,69.49,115.09,115.09,2.25,2.88,Buy,Buy,Buy,Buy,Buy,Buy,54.30,0.97,2.73,51.00,57.99,63.21,0.00,91.76,-0.22,-0.22,100.00,-0.29,127581.00,-94.42,0.00,0.00,0.00,-10.51,7.98,0.00,1.74,1.12,3.90,8.90,16.14,23773784785.39,1.89,8.77,4.21,92.09,90.13,89.99,95.30,102.32,126.19,160.00,93.00,124.00,9.16,1.13,1.47,13608976824.00,3047952332.00,2984274633.00
[object Object],CAP,Capgemini SE,EURONEXT,109.25,stock,common,100.00,5.00,false,0.00,EUR,0.00,148447.00,0.17,21336497894.21,USD,13.88,8.99,-11.28,3.11,Technology services,france,Technology Services,Buy,Buy,0.00,7.37,16.97,4.45,-5.00,-22.95,-10.45,-42.35,28.77,373.28,3.43,4.34,Buy,Buy,StrongBuy,Strong buy,Sell,Sell,68.22,19.37,13.70,108.74,93.65,92.90,long_upper_shadow_bearish,0.00,0.00,0.00,0.00,-0.32,148447.00,-80.20,0.00,0.00,0.00,-24.73,13.88,0.00,0.81,1.60,7.84,8.86,7.30,30083785754.21,1.12,9.81,7.64,105.05,95.40,95.68,98.88,113.55,164.20,235.05,109.46,160.15,14.45,6.79,8.26,28520389417.24,13723020369.44,14117437537.76
[object Object],EFX,Equifax Inc.,NYSE,180.59,stock,common,100.00,1.00,false,0.00,USD,2.73,74999.00,0.05,21216010113.83,USD,31.73,5.69,11.28,1.21,Commercial services,america,Commercial Services,Buy,Buy,2.73,4.75,4.32,2.96,-5.27,-16.60,-25.77,-28.90,36.07,11822.53,3.08,4.32,Buy,Buy,StrongBuy,Strong buy,Neutral,Neutral,56.72,8.05,6.93,65.91,65.19,62.47,0.00,176.93,0.65,0.00,350.00,0.56,74999.00,-93.47,0.00,0.00,0.00,-28.21,31.73,2.74,3.25,4.85,13.35,19.48,126.55,26652710113.83,4.14,22.32,13.74,178.51,172.42,168.95,172.21,190.62,209.00,245.00,179.00,210.00,8.57,2.20,2.22,6749749114.00,1696177855.00,1699300361.00
[object Object],DOW,"Dow, Inc.",NYSE,29.34,stock,common,100.00,1.00,false,0.00,USD,-3.18,1230153.00,0.12,21189863849.74,USD,0.00,-1.82,-30.14,4.62,Process industries,america,Process Industries,Buy,Buy,-3.18,-2.12,-0.49,-21.79,-5.37,24.56,34.87,-52.47,-44.39,-44.39,3.95,3.80,Sell,Sell,StrongSell,Strong sell,Buy,Buy,44.90,-0.50,0.38,-85.11,34.19,38.09,0.00,29.85,-1.49,1.09,18074.00,-1.65,1230153.00,-86.77,0.00,0.00,0.00,16.76,0.00,-0.55,0.53,1.34,5.50,13.30,4.68,37577863849.74,0.91,25.02,8.78,29.80,29.40,30.87,34.74,30.70,35.24,42.00,29.00,35.00,2.51,1.28,0.75,43706255558.00,12032435552.00,11246297005.00
[object Object],STLAM,Stellantis N.V.,MIL,4.72,stock,common,10000.00,5.00,false,0.00,EUR,-3.15,39095011.00,0.73,21116852394.71,USD,0.00,-9.09,-230.64,0.00,Consumer durables,italy,Consumer Durables,Neutral,Neutral,-3.15,-7.68,-3.94,-26.15,-34.49,-49.82,-38.67,-72.99,-14.22,-30.78,3.65,3.86,StrongSell,Strong sell,StrongSell,Strong sell,Sell,Sell,35.77,-0.30,-0.09,-231.39,9.91,17.92,falling_window_bearish,0.00,0.00,0.00,0.00,-1.44,39095011.00,31.77,0.00,0.00,0.00,-38.46,0.00,0.00,0.09,0.24,0.00,0.00,0.40,47714690154.71,0.26,0.00,0.00,4.98,4.99,5.34,5.92,7.12,6.74,10.94,4.01,6.57,0.74,0.27,0.15,188895917830.10,48917416726.59,43090320654.12
[object Object],VNA,Vonovia SE,XETR,21.09,stock,common,100.00,1.00,false,0.00,EUR,1.69,1140659.00,0.46,21000315784.15,USD,4.66,5.17,894.92,6.03,Finance,germany,Finance,Buy,Buy,1.69,-0.42,-4.14,-5.64,-14.82,-14.13,-25.74,-61.68,-36.79,38.81,2.23,2.15,Sell,Sell,Sell,Sell,Neutral,Neutral,49.33,0.36,-0.06,-28.49,53.06,66.08,0.00,20.84,0.48,0.58,10832.00,0.48,1140659.00,-64.30,0.00,0.00,0.00,-21.09,4.66,0.01,2.96,0.66,15.47,21.83,10.35,73703387552.15,10.14,25.16,23.35,21.18,21.29,20.99,21.69,23.59,33.00,42.74,23.10,32.82,2.41,0.46,0.52,4159412600.95,999152030.17,1034604167.77
[object Object],LEN,Lennar Corporation Class A,NYSE,86.88,stock,common,100.00,1.00,false,0.00,USD,2.43,144680.00,0.06,20881033426.36,USD,13.59,6.39,-47.15,2.36,Consumer durables,america,Consumer Durables,Sell,Sell,2.43,4.30,1.34,-1.42,-24.24,-15.66,-28.20,-16.31,84.97,15416.83,2.72,3.23,Neutral,Neutral,Neutral,Neutral,Neutral,Neutral,52.61,2.24,-0.41,87.37,78.52,79.38,0.00,85.75,1.10,0.21,5860.00,1.32,144680.00,-93.99,0.00,0.00,0.00,-29.44,13.59,0.00,0.62,0.97,18.63,21.87,9.75,25126555426.36,0.77,12.84,11.99,85.51,85.59,87.52,88.44,102.14,83.42,100.00,67.00,85.00,5.50,1.24,1.30,32345262349.00,8084865664.00,8317868736.00
[object Object],BG,Bunge Global SA,NYSE,108.38,stock,common,100.00,1.00,false,0.00,USD,-0.57,57974.00,0.03,20821870807.27,USD,21.02,5.16,-48.49,2.59,Process industries,america,Process Industries,StrongBuy,Strong buy,-0.57,1.67,-4.60,-13.05,-4.78,21.50,32.32,41.95,63.79,577.38,2.96,3.10,Sell,Sell,StrongSell,Strong sell,Neutral,Neutral,40.90,-13.15,-5.37,-70.51,22.62,19.28,doji,109.00,0.00,0.27,550.00,-0.55,57974.00,-96.96,0.00,0.00,0.00,49.11,21.02,0.00,0.23,1.31,19.66,0.00,25.32,38299870807.27,0.42,19.02,12.87,109.01,112.84,116.51,120.49,112.27,144.20,150.00,135.00,143.50,9.47,1.97,2.47,92025464704.00,22814120572.00,23088944422.00
[object Object],CLNX,Cellnex Telecom S.A.,BME,27.46,stock,common,100.00,1.00,false,0.00,EUR,2.46,389234.00,0.27,20804211079.52,USD,0.00,-0.58,-230.68,2.26,Industrial services,spain,Industrial Services,Buy,Buy,2.46,0.04,7.27,-1.93,-0.54,-0.62,-9.73,-52.14,126.58,132.06,2.75,3.02,Buy,Buy,StrongBuy,Strong buy,Buy,Buy,59.55,1.52,0.41,102.26,73.42,67.81,0.00,0.00,0.00,0.00,0.00,0.26,389234.00,-67.19,0.00,0.00,0.00,-13.64,0.00,0.00,3.82,1.56,0.00,0.00,9.93,45652852776.06,8.53,63.98,11.91,26.78,25.87,26.89,27.65,27.50,42.69,58.29,24.19,42.34,-0.06,-0.05,0.02,4870427924.20,1155044256.02,1191244658.96
[object Object],CHTR,"Charter Communications, Inc. Class A",NASDAQ,154.45,stock,common,100.00,1.00,false,0.00,USD,-1.90,97252.00,0.03,20662505688.61,USD,4.01,38.49,4.73,0.00,Consumer services,america,Consumer Services,Neutral,Neutral,-1.90,9.93,14.53,-3.47,-30.90,-26.26,-41.19,-79.96,-34.15,323.19,4.16,5.27,Neutral,Neutral,Buy,Buy,Sell,Sell,64.27,31.14,14.37,136.82,97.17,97.24,0.00,155.77,-1.06,-1.40,293.00,-0.91,97252.00,-94.80,0.00,0.00,0.00,-56.24,4.01,0.86,0.35,1.09,1.14,4.30,31.27,120126505688.61,2.21,9.21,5.51,146.60,137.61,136.90,164.37,189.66,209.12,700.00,101.00,150.00,41.12,9.98,9.85,54264473478.00,13511802841.00,13547149255.00
[object Object],NI,NiSource Inc,NYSE,42.88,stock,common,100.00,1.00,false,0.00,USD,-1.15,582096.00,0.10,20563537127.54,USD,22.71,1.89,0.32,2.72,Utilities,america,Utilities,Buy,Buy,-1.15,-4.20,-10.07,-9.25,-3.34,2.66,3.08,68.45,72.03,649.33,2.46,2.17,Sell,Sell,StrongSell,Strong sell,Neutral,Neutral,31.26,-3.81,-2.71,-156.24,21.55,21.09,0.00,0.00,0.00,0.00,0.00,-0.53,582096.00,-93.68,0.00,0.00,0.00,10.43,22.71,70.89,3.03,2.15,8.96,0.00,216.29,40190937127.54,5.84,21.62,12.83,44.41,46.03,46.30,46.77,45.23,50.89,55.00,45.00,51.25,2.06,0.16,0.22,7059964150.00,1147142825.00,1215389912.00
[object Object],BMED,Banca Mediolanum SpA,MIL,24.16,stock,common,100.00,1.00,false,0.00,EUR,-0.12,197878.00,0.20,20553831118.38,USD,0.00,0.00,0.00,5.08,Finance,italy,Finance,Buy,Buy,-0.12,5.69,8.24,25.83,22.70,24.09,50.25,186.60,277.80,1469.81,1.78,1.85,Buy,Buy,StrongBuy,Strong buy,Sell,Sell,72.92,1.42,1.38,150.26,86.21,91.22,0.00,0.00,0.00,0.00,0.00,0.25,197878.00,-80.56,0.00,0.00,0.00,48.92,0.00,0.00,0.00,3.91,0.00,0.00,0.00,22135539602.12,6.30,0.00,0.00,23.38,22.70,21.94,20.25,19.38,28.80,31.10,26.96,28.69,1.80,0.41,0.00,2865960937.52,673815400.00,0.00
[object Object],BIRG,Bank of Ireland Group PLC,EURONEXT,19.04,stock,common,1000.00,5.00,false,0.00,EUR,0.61,544798.00,0.24,20497717817.43,USD,14.07,1.55,13.90,3.70,Finance,ireland,Finance,Buy,Buy,0.61,5.31,9.27,14.50,14.77,16.78,54.63,271.49,168.10,168.10,2.76,2.35,Buy,Buy,StrongBuy,Strong buy,Neutral,Neutral,66.85,0.65,0.74,154.61,92.29,90.87,0.00,0.00,0.00,0.00,0.00,0.42,544798.00,-72.07,0.00,0.00,0.00,47.91,14.07,1.01,2.65,1.52,3.19,3.28,0.00,11688220877.43,1.23,0.00,0.00,18.43,17.95,17.84,17.13,16.57,22.98,25.98,17.86,22.67,1.87,0.80,1.06,5110566341.97,2398219026.67,2575141410.54
[object Object],BEI,Beiersdorf AG,XETR,80.92,stock,common,100.00,2.00,false,0.00,EUR,-1.22,122953.00,0.23,20444156869.77,USD,18.85,4.90,8.61,1.22,Consumer non-durables,germany,Consumer Non-Durables,Neutral,Neutral,-1.22,0.87,4.22,11.61,-21.05,-16.11,-17.48,-23.73,-3.07,93.44,4.76,2.60,Buy,Buy,StrongBuy,Strong buy,Sell,Sell,58.32,3.38,2.06,99.27,84.86,73.90,0.00,0.00,0.00,0.00,0.00,-0.22,122953.00,-75.05,0.00,0.00,0.00,-28.10,18.85,2.22,1.86,1.96,16.84,27.79,6.51,17679308869.77,1.61,13.28,10.24,80.53,78.58,75.47,74.36,84.49,94.41,109.44,78.34,94.47,4.57,2.87,1.35,11384835527.65,5659930014.73,5368207564.43
[object Object],CARL_B,Carlsberg AS Class B,OMXCOP,955.00,stock,common,10.00,2.00,false,0.00,DKK,-0.15,33545.00,0.22,20276499750.14,USD,20.21,7.42,-7.78,3.03,Consumer non-durables,denmark,Consumer Non-Durables,Buy,Buy,-0.15,-0.67,0.74,11.51,0.21,14.34,16.75,-14.20,46.14,321.02,1.72,2.05,StrongBuy,Strong buy,StrongBuy,Strong buy,Neutral,Neutral,59.89,49.40,31.44,91.00,79.07,72.89,spinning_top_black,0.00,0.00,0.00,0.00,0.00,33545.00,-68.30,0.00,0.00,0.00,16.98,20.21,0.00,1.43,4.54,9.74,15.65,13.25,30099466750.14,2.15,15.48,10.94,948.72,927.47,895.47,867.06,859.54,162.88,239.77,119.73,162.92,10.19,4.28,4.86,14551142655.88,6784490239.09,7173404182.50
[object Object],BESI,BE Semiconductor Industries N.V.,EURONEXT,222.90,stock,common,10.00,1.00,false,0.00,EUR,2.62,173648.00,0.26,20198802447.28,USD,85.77,2.97,25.03,0.73,Producer manufacturing,netherlands,Producer Manufacturing,Buy,Buy,2.62,8.73,-7.89,-12.07,40.10,63.60,91.91,183.59,1598.29,4698.71,4.43,5.26,Neutral,Neutral,Sell,Sell,Buy,Buy,46.43,-4.10,-30.27,-3.30,50.58,45.51,0.00,0.00,0.00,0.00,0.00,-0.78,173648.00,-48.24,0.00,0.00,0.00,64.83,85.77,3.34,23.95,31.43,72.61,74.42,35.43,20024754113.66,23.89,66.67,58.14,206.28,235.64,259.83,245.47,200.29,345.97,461.50,218.67,356.77,5.19,1.27,1.42,1173318855.41,284491169.48,310471601.88
[object Object],FORTUM,Fortum Oyj,OMXHEX,19.36,stock,common,1000.00,5.00,false,0.00,EUR,-0.62,152996.00,0.14,20135825077.08,USD,20.98,1.05,-12.20,3.80,Utilities,finland,Utilities,Sell,Sell,-0.62,-0.72,-2.71,-6.11,2.11,6.37,19.21,-19.90,33.24,326.43,2.03,2.50,Sell,Sell,StrongSell,Strong sell,Neutral,Neutral,44.27,-1.14,-0.41,-88.19,10.36,8.78,0.00,0.00,0.00,0.00,0.00,0.00,152996.00,-79.41,0.00,0.00,0.00,18.58,20.98,0.00,3.18,2.13,20.13,39.04,8.26,22262453997.08,3.55,19.99,15.04,19.48,19.84,20.00,20.67,19.84,20.72,25.21,16.73,20.52,1.20,0.14,0.13,6712922745.73,1143519409.92,1140545551.32
[object Object],TSN,"Tyson Foods, Inc. Class A",NYSE,58.32,stock,common,100.00,1.00,false,0.00,USD,-0.37,273711.00,0.07,20109806611.27,USD,35.23,1.66,-26.44,3.47,Consumer non-durables,america,Consumer Non-Durables,Neutral,Neutral,-0.37,-2.65,-1.16,-14.52,-10.83,-0.42,3.72,-22.24,-22.10,72300.29,3.59,2.50,Sell,Sell,StrongSell,Strong sell,Sell,Sell,48.07,0.87,-0.07,-14.93,44.95,47.44,0.00,58.27,-0.46,1.12,1100.00,0.22,273711.00,-89.36,0.00,0.00,0.00,12.85,35.23,0.00,0.36,1.11,10.04,17.33,27.19,27481806611.27,0.49,19.38,9.90,59.49,58.43,58.11,61.36,60.09,68.75,78.00,56.00,67.50,3.90,0.99,1.14,56541200072.00,14065837261.00,14760667166.00
[object Object],STMN,Straumann Holding AG,SIX,103.25,stock,common,100.00,5.00,false,0.00,CHF,1.03,72771.00,0.33,20052400700.04,USD,46.31,2.81,-8.00,0.98,Health technology,switzerland,Health Technology,Buy,Buy,1.03,0.83,-2.18,20.68,5.70,9.93,1.23,-39.83,173.69,2108.56,2.38,2.26,Buy,Buy,StrongBuy,Strong buy,Buy,Buy,54.38,7.13,0.15,58.03,80.56,87.12,0.00,0.00,0.00,0.00,0.00,-0.15,72771.00,-78.57,0.00,0.00,0.00,-6.74,46.31,0.00,6.26,7.62,32.62,49.99,33.67,20074193395.44,6.11,29.58,22.86,101.92,102.73,101.01,92.99,93.70,139.06,159.98,104.60,147.67,4.03,1.77,1.97,3474874877.80,1572363292.29,1698306755.70
[object Object],ESSITY_B,Essity AB Class B,OMXSTO,282.60,stock,common,10.00,1.00,false,0.00,SEK,0.28,240263.00,0.23,20017271396.99,USD,15.94,1.82,0.20,3.11,Consumer non-durables,sweden,Consumer Non-Durables,Neutral,Neutral,0.28,2.17,0.61,13.27,2.76,6.28,15.82,1.04,14.00,14.00,1.36,1.73,Buy,Buy,StrongBuy,Strong buy,Sell,Sell,58.27,6.30,2.07,117.26,74.13,66.25,0.00,0.00,0.00,0.00,0.00,-0.21,240263.00,-74.10,0.00,0.00,0.00,12.70,15.94,79.67,1.39,2.07,10.76,17.70,27.96,23802595196.99,1.68,13.08,9.32,279.50,278.10,272.46,261.02,263.78,28.06,31.74,22.02,28.16,2.05,0.45,0.46,15270091923.40,3556443712.09,3777559000.70
[object Object],RI,Pernod Ricard SA,EURONEXT,70.20,stock,common,100.00,2.00,false,0.00,EUR,1.71,197688.00,0.29,19978596296.51,USD,12.54,6.57,28.53,6.81,Consumer non-durables,france,Consumer Non-Durables,Neutral,Neutral,1.71,4.31,7.37,10.03,-12.58,-4.20,-25.14,-62.37,-31.14,431.90,2.88,2.68,Buy,Buy,StrongBuy,Strong buy,Buy,Buy,65.53,7.30,3.43,134.17,84.56,81.44,0.00,0.00,0.00,0.00,0.00,0.20,197688.00,-76.30,0.00,0.00,0.00,-28.26,12.54,0.43,1.73,1.14,10.52,15.20,7.38,34100057456.51,2.89,11.25,9.70,68.02,65.37,64.54,64.41,71.09,96.86,138.85,67.15,100.16,6.75,4.53,1.93,11120596427.72,6179977992.50,4840286686.42
[object Object],EBP,Erste Bank Polska S.A.,GPW,726.20,stock,common,10.00,2.00,false,0.00,PLN,-0.52,40653.00,0.41,19946812839.98,USD,12.52,15.40,5.77,6.85,Finance,poland,Finance,Neutral,Neutral,-0.52,2.95,9.70,14.36,24.86,33.25,34.83,173.32,137.44,938.91,2.47,2.77,Buy,Buy,StrongBuy,Strong buy,Neutral,Neutral,64.10,64.60,55.51,97.00,77.72,83.50,0.00,0.00,0.00,0.00,0.00,0.27,40653.00,-61.41,0.00,0.00,0.00,27.34,12.52,2.18,4.45,2.30,15.14,17.52,0.00,23825395167.80,4.36,0.00,0.00,714.86,681.10,659.60,634.43,586.70,185.89,202.53,152.90,187.37,14.53,2.93,4.05,4447539101.38,1048072746.02,1107376432.92
[object Object],ABF,Associated British Foods plc,LSE,2127.00,stock,common,1.00,1.00,false,0.00,GBX,0.47,180470.00,0.24,19919237038.78,USD,15.97,1.80,-24.87,2.98,Consumer non-durables,uk,Consumer Non-Durables,Neutral,Neutral,0.47,-0.14,8.59,17.72,10.63,-0.65,-3.71,4.51,-26.79,966.87,1.75,1.98,Buy,Buy,StrongBuy,Strong buy,Neutral,Neutral,65.93,133.50,105.08,102.05,90.00,86.53,hanging_man_bearish,0.00,0.00,0.00,0.00,0.19,180470.00,-84.02,0.00,0.00,0.00,-9.24,15.97,0.00,0.77,1.32,6.70,12.79,21.21,24203699038.78,0.92,12.27,7.25,2091.70,2015.83,1969.52,1904.59,1973.98,24.66,28.28,17.91,24.91,2.07,0.95,1.15,26166234863.14,12569576000.00,13541665651.20
[object Object],WRT1V,Wartsila Oyj Abp,OMXHEX,29.52,stock,common,100.00,1.00,false,0.00,EUR,0.82,259789.00,0.22,19902164885.63,USD,26.39,1.28,17.82,1.67,Producer manufacturing,finland,Producer Manufacturing,Neutral,Neutral,0.82,-2.99,-2.96,-18.00,-10.14,-2.96,23.51,132.35,135.09,1332.23,2.63,3.55,Sell,Sell,StrongSell,Strong sell,Neutral,Neutral,42.51,-1.28,-1.17,-81.75,22.89,27.82,0.00,0.00,0.00,0.00,0.00,0.00,259789.00,-72.81,0.00,0.00,0.00,22.00,26.39,1.47,2.56,6.87,11.62,13.08,7.84,17988659665.63,2.33,17.50,14.76,29.57,30.46,31.82,33.32,32.18,38.26,49.49,21.87,37.98,1.33,0.32,0.31,7581661431.29,1845441356.49,1760215546.03
[object Object],VTRS,"Viatris, Inc.",NASDAQ,16.66,stock,common,100.00,1.00,false,0.00,USD,2.30,1106375.00,0.10,19559411743.30,USD,0.00,-0.36,87.72,2.95,Health technology,america,Health Technology,Buy,Buy,2.30,-5.58,-1.62,-3.67,17.03,33.32,85.17,13.60,-65.58,33230.00,4.71,3.43,Neutral,Neutral,Sell,Sell,Neutral,Neutral,45.26,-0.57,0.50,-119.49,30.84,50.79,0.00,16.63,2.09,0.49,16689.00,1.17,1106375.00,-94.74,0.00,0.00,0.00,94.34,0.00,0.00,1.29,0.00,0.00,0.00,21.87,32024211743.30,2.17,29.83,8.26,17.46,16.97,16.55,15.69,14.12,18.71,23.00,12.00,20.00,2.48,0.60,0.65,14774073712.00,3675407539.00,3808778279.00
[object Object],DIM,Sartorius Stedim Biotech SA,EURONEXT,178.20,stock,common,10.00,1.00,false,0.00,EUR,2.24,15835.00,0.19,19543443213.97,USD,59.26,3.43,29.94,0.40,Health technology,france,Health Technology,StrongBuy,Strong buy,2.24,3.85,-0.17,8.66,-0.67,-14.90,7.74,-64.01,178.70,712700.00,3.36,4.87,Buy,Buy,StrongBuy,Strong buy,Buy,Buy,54.30,10.90,-2.25,17.56,61.43,52.17,0.00,0.00,0.00,0.00,0.00,-0.17,15835.00,-71.24,0.00,0.00,0.00,-5.32,59.26,1.94,5.64,4.09,28.19,78.56,85.03,22087909787.97,6.44,34.63,21.93,171.18,176.68,175.72,172.01,183.37,265.80,301.87,239.66,265.00,5.88,1.44,1.38,3680143472.68,906420315.69,875482476.65
[object Object],DD,"DuPont de Nemours, Inc.",NYSE,144.22,stock,common,100.00,1.00,false,0.00,USD,0.11,28168.00,0.01,19475222151.32,USD,0.00,-0.20,63.04,2.10,Process industries,america,Process Industries,StrongBuy,Strong buy,0.11,4.54,4.68,-2.55,3.94,18.87,59.79,50.70,50.58,1561.70,4.54,2.99,Buy,Buy,StrongBuy,Strong buy,Sell,Sell,58.43,6.52,4.28,146.14,80.74,87.34,0.00,143.58,-0.33,-0.33,100.00,0.52,28168.00,-98.49,0.00,0.00,0.00,-38.87,0.00,0.00,2.04,1.40,16.35,19.30,26.39,22093222151.32,2.28,14.39,9.20,141.45,138.30,139.86,140.21,133.89,169.25,186.00,156.00,170.50,7.23,1.76,1.90,7166099614.00,1806472244.00,1856050951.00
[object Object],SBAC,SBA Communications Corp. Class A,NASDAQ,183.58,stock,common,100.00,1.00,false,0.00,USD,0.54,15983.00,0.01,19471049641.90,USD,19.77,9.29,14.11,2.58,Finance,america,Finance,Buy,Buy,0.54,2.69,-0.05,-15.50,1.20,-4.48,-16.43,-46.94,61.40,1925.71,4.52,3.77,Neutral,Neutral,Neutral,Neutral,Neutral,Neutral,50.48,10.01,-1.26,40.37,58.78,58.23,0.00,0.00,0.00,0.00,0.00,0.60,15983.00,-98.23,0.00,0.00,0.00,-24.57,19.77,1.39,6.76,0.00,0.00,0.00,54.79,34409259641.90,11.99,22.63,18.40,180.87,181.65,188.08,195.99,194.04,227.85,280.00,167.00,229.50,7.63,1.85,2.05,2864125968.00,706008081.00,724556377.00
[object Object],SMCI,"Super Micro Computer, Inc.",NASDAQ,30.09,stock,common,100.00,1.00,false,0.00,USD,2.40,5026048.00,0.13,19461173222.99,USD,15.87,1.90,4.64,0.00,Electronic technology,america,Electronic Technology,Neutral,Neutral,2.40,5.01,15.09,-9.74,-5.50,0.42,-36.19,667.67,1302.56,3299.44,5.48,6.74,Buy,Buy,Buy,Buy,Buy,Buy,52.47,-0.02,1.14,70.34,69.58,73.43,downside_tasuki_gap_bearish,29.89,1.74,1.84,770961.00,1.91,5026048.00,-81.17,0.00,0.00,0.00,-47.41,15.87,3.34,0.60,2.39,0.00,0.00,15.96,27307457222.99,0.81,18.07,17.12,29.02,28.12,31.83,30.00,32.19,37.13,50.00,15.00,37.00,2.80,0.62,0.92,39542742655.00,12387468358.00,11599418007.00
[object Object],GIS,"General Mills, Inc.",NYSE,36.33,stock,common,100.00,1.00,false,0.00,USD,0.72,654215.00,0.07,19389625064.07,USD,0.00,-0.19,-104.63,6.76,Consumer non-durables,america,Consumer Non-Durables,Neutral,Neutral,0.72,0.22,-2.78,1.94,-24.81,-21.84,-26.53,-37.42,-48.46,3977.12,2.40,3.12,Sell,Sell,Sell,Sell,Neutral,Neutral,50.33,0.30,-0.38,-57.14,21.57,18.04,0.00,35.87,-0.55,0.30,16465.00,-0.55,654215.00,-93.14,0.00,0.00,0.00,-25.94,0.00,0.00,1.05,2.63,9.00,11.99,42.96,32888425064.07,1.79,11.65,9.73,36.49,36.64,35.47,35.41,40.67,37.00,45.00,31.00,36.00,3.08,0.80,0.72,17808878346.00,4588572730.00,4333699660.00
[object Object],TEL,Telenor ASA,OSL,134.80,stock,common,10.00,1.00,false,0.00,NOK,-0.37,749227.00,0.44,19331340885.98,USD,11.56,1.18,44.73,7.10,Communications,norway,Communications,Buy,Buy,-0.37,0.67,-6.65,-12.69,-19.52,-8.11,-16.53,-13.28,-4.53,259.03,1.83,1.91,Sell,Sell,Sell,Sell,Neutral,Neutral,44.23,3.20,-3.97,-17.63,58.51,59.13,0.00,0.00,0.00,0.00,0.00,-0.15,749227.00,-47.97,0.00,0.00,0.00,-15.28,11.56,0.26,2.42,2.93,6.46,10.68,4.60,24801073165.98,3.21,13.71,7.20,134.54,137.88,141.91,151.88,153.75,16.96,19.80,14.14,16.76,1.04,0.21,0.24,7360934447.74,1844704920.10,1941883836.63
[object Object],HLMA,Halma plc,LSE,3792.00,stock,common,1.00,2.00,false,0.00,GBX,-0.26,180043.00,0.11,19317365861.63,USD,38.62,1.30,25.61,0.65,Electronic technology,uk,Electronic Technology,Buy,Buy,-0.26,6.34,1.17,-16.42,7.79,6.64,16.39,30.67,267.80,6709.43,2.76,2.82,Neutral,Neutral,Neutral,Neutral,Neutral,Neutral,54.32,178.00,-2.10,178.31,89.03,86.27,0.00,0.00,0.00,0.00,0.00,-1.00,180043.00,-69.61,0.00,0.00,0.00,9.42,38.62,1.51,5.59,6.61,31.71,36.08,100.35,20353169861.63,5.96,29.28,23.44,3630.00,3693.87,3920.84,4092.19,3870.48,60.01,66.57,40.53,61.32,1.70,0.76,0.80,3871369297.98,1747188690.23,1876615879.20
[object Object],KBX,Knorr-Bremse AG,XETR,102.10,stock,common,10.00,1.00,false,0.00,EUR,-1.35,26198.00,0.12,19220531719.96,USD,28.13,4.14,38.64,1.84,Producer manufacturing,germany,Producer Manufacturing,Buy,Buy,-1.35,0.79,-1.83,-0.10,-3.31,7.81,16.09,5.21,27.47,27.47,2.17,2.61,Sell,Sell,Sell,Sell,Sell,Sell,45.78,-4.20,0.59,-52.61,36.29,44.44,0.00,0.00,0.00,0.00,0.00,-0.68,26198.00,-79.57,0.00,0.00,0.00,23.42,28.13,0.74,2.10,5.14,13.83,17.57,13.46,21597148979.96,2.38,19.42,13.73,104.75,103.83,102.79,101.82,98.63,135.96,152.19,109.53,139.50,5.46,1.29,1.35,9752975902.50,2381183015.86,2462519309.79
[object Object],LYB,LyondellBasell Industries NV,NYSE,59.30,stock,common,100.00,1.00,false,0.00,USD,-3.48,243920.00,0.05,19156149019.10,USD,0.00,-1.12,-247.11,6.71,Process industries,america,Process Industries,Buy,Buy,-3.48,-3.22,5.69,-17.28,9.31,36.07,17.15,-40.19,-20.69,166.52,4.10,3.59,Sell,Sell,StrongSell,Strong sell,Neutral,Neutral,48.16,-1.02,2.38,-22.62,29.18,34.19,0.00,61.04,-0.65,-0.37,4529.00,-1.42,243920.00,-95.29,0.00,0.00,0.00,-6.42,0.00,0.00,0.64,1.79,6.44,12.14,7.26,30859149019.10,0.99,12.65,7.99,60.13,58.08,60.14,66.99,58.56,68.67,88.00,56.00,67.00,9.28,3.44,2.81,33254697732.00,9206369089.00,8949306109.00
[object Object],EVRG,"Evergy, Inc.",NASDAQ,83.09,stock,common,100.00,1.00,false,0.00,USD,0.08,95826.00,0.05,19153326971.52,USD,22.01,3.77,-0.56,3.32,Utilities,america,Utilities,Buy,Buy,0.08,0.04,-4.63,0.18,6.32,14.88,12.36,24.54,54.21,530.07,2.00,1.92,Sell,Sell,StrongSell,Strong sell,Sell,Sell,41.12,-4.09,-2.37,-105.50,17.92,19.88,tweezer_bottom_bullish,83.02,0.00,0.00,222.00,-0.11,95826.00,-95.47,0.00,0.00,0.00,23.11,22.01,0.00,3.28,1.89,10.00,0.00,613.67,35047326971.52,5.87,23.35,12.81,83.80,85.47,84.48,83.25,80.14,92.77,103.00,85.00,92.00,4.26,0.81,2.20,6241883987.00,1363278570.00,2127476285.00
[object Object],SAB,Banco de Sabadell SA,BME,3.46,stock,common,1000.00,1.00,false,0.00,EUR,0.73,8464173.00,0.27,18869705220.37,USD,14.61,0.27,-32.82,6.23,Finance,spain,Finance,Neutral,Neutral,0.73,3.69,9.15,2.03,9.98,2.82,6.13,477.63,197.90,-9.30,1.38,1.96,Buy,Buy,StrongBuy,Strong buy,Neutral,Neutral,65.39,0.09,0.17,127.08,91.25,89.13,0.00,0.00,0.00,0.00,0.00,-0.17,8464173.00,-54.35,0.00,0.00,0.00,3.43,14.61,0.00,2.80,1.39,0.00,0.00,0.00,64029659921.75,7.76,0.00,0.00,3.37,3.26,3.15,3.18,3.21,4.01,4.78,3.35,4.03,0.34,0.12,0.08,6093836354.23,1443897044.00,1470990401.33
[object Object],CVC,CVC Capital Partners plc,EURONEXT,15.81,stock,common,100.00,1.00,false,0.00,EUR,1.02,129143.00,0.12,18866552954.96,USD,20.44,0.88,60.17,3.02,Finance,netherlands,Finance,Buy,Buy,1.02,7.84,18.52,18.96,20.50,11.03,-4.76,-8.82,-8.82,-8.82,3.07,3.21,Buy,Buy,StrongBuy,Strong buy,Neutral,Neutral,73.58,1.66,1.62,151.95,80.20,83.67,0.00,0.00,0.00,0.00,0.00,-0.13,129143.00,-77.43,0.00,0.00,0.00,-15.94,20.44,0.34,8.47,10.49,24.57,25.36,16.63,21198241434.96,9.24,16.11,13.93,15.03,14.15,13.67,13.03,13.38,19.51,24.10,15.45,19.83,0.95,0.41,0.47,2207658393.54,973836846.12,1149984380.66
[object Object],BR,"Broadridge Financial Solutions, Inc.",NYSE,165.39,stock,common,100.00,1.00,false,0.00,USD,0.39,64970.00,0.05,18858065035.19,USD,17.70,9.34,40.44,2.37,Technology services,america,Technology Services,Buy,Buy,0.39,7.65,12.21,8.49,-14.66,-25.89,-38.26,-4.50,140.53,818.83,3.63,3.20,Buy,Buy,StrongBuy,Strong buy,Neutral,Neutral,64.51,16.47,15.79,118.41,63.35,66.08,0.00,165.00,0.15,0.15,191.00,-0.02,64970.00,-95.54,0.00,0.00,0.00,-37.19,17.70,0.44,2.63,6.64,14.16,14.70,47.96,21971865035.19,3.00,17.25,12.32,159.82,150.28,148.65,153.06,181.91,205.86,240.00,165.00,214.00,10.56,3.76,1.37,7861531713.00,2170560000.00,1647700000.00
[object Object],BCP,Banco Comercial Portugues S.A.,EURONEXT,1.10,stock,common,10000.00,5.00,false,0.00,EUR,-0.41,14943189.00,0.31,18794859396.83,USD,10.00,0.13,80.59,3.12,Finance,portugal,Finance,Buy,Buy,-0.41,2.62,3.88,18.55,22.13,22.82,48.71,785.08,359.26,-93.23,1.29,2.05,Buy,Buy,StrongBuy,Strong buy,Sell,Sell,62.57,0.03,0.04,134.49,91.23,93.43,0.00,0.00,0.00,0.00,0.00,0.27,14943189.00,-68.98,0.00,0.00,0.00,49.32,10.00,0.12,0.00,0.00,0.00,0.00,0.00,24959117965.35,4.13,0.00,0.00,1.07,1.06,1.02,0.96,0.91,1.30,1.47,1.04,1.34,0.09,0.02,0.02,4673187037.19,1085176107.64,1181156547.69
[object Object],KGH,KGHM Polska Miedz S.A.,GPW,353.45,stock,common,100.00,5.00,false,0.00,PLN,0.74,519834.00,0.64,18762756626.48,USD,10.27,9.27,148.23,0.43,Non-energy minerals,poland,Non-Energy Minerals,Neutral,Neutral,0.74,13.83,12.56,4.88,15.89,25.51,175.70,81.72,348.20,1404.04,5.19,3.81,Buy,Buy,StrongBuy,Strong buy,Neutral,Neutral,65.20,49.95,17.81,210.03,92.09,92.11,spinning_top_black,0.00,0.00,0.00,0.00,1.04,519834.00,-58.87,0.00,0.00,0.00,120.13,10.27,0.07,1.77,1.91,12.27,111.85,126.23,20309875166.48,1.90,10.43,7.42,320.89,315.68,331.04,320.84,292.74,83.15,120.19,49.44,88.23,10.86,2.93,2.62,13583067227.77,3219756317.96,3417974428.29
[object Object],BAER,Julius Baer Gruppe AG,SIX,75.46,stock,common,100.00,2.00,false,0.00,CHF,1.75,205392.00,0.47,18695616010.98,USD,13.60,6.86,31.91,3.51,Finance,switzerland,Finance,Buy,Buy,1.75,5.39,2.64,15.49,13.82,20.16,35.67,24.28,87.76,60.59,1.98,2.19,Buy,Buy,StrongBuy,Strong buy,Neutral,Neutral,66.75,4.90,1.86,108.76,92.02,81.28,0.00,0.00,0.00,0.00,0.00,-0.67,205392.00,-40.05,0.00,0.00,0.00,27.72,13.60,0.42,3.28,2.11,46.15,362.41,0.00,23225208490.98,3.05,0.00,0.00,72.18,72.17,69.53,65.94,63.52,89.54,101.55,69.35,90.40,7.51,3.94,3.22,5610361094.55,2842205910.55,2727330786.60
[object Object],WY,Weyerhaeuser Company,NYSE,25.80,stock,common,100.00,1.00,false,0.00,USD,1.38,406399.00,0.07,18594989949.60,USD,39.46,0.65,70.20,3.30,Finance,america,Finance,Buy,Buy,1.38,6.66,11.45,8.40,-3.98,8.72,-0.50,-25.33,-21.20,876.65,2.69,2.86,Buy,Buy,StrongBuy,Strong buy,Neutral,Neutral,61.79,1.86,1.25,137.11,90.25,91.90,0.00,25.55,0.39,1.22,1376.00,0.86,406399.00,-94.60,0.00,0.00,0.00,-5.19,39.46,0.55,2.68,1.97,34.05,0.00,35.01,23511989949.60,3.43,55.72,25.23,24.97,24.17,24.31,24.16,24.16,31.27,38.00,28.00,30.00,0.33,0.08,0.09,7146386822.00,1849387604.00,1904681969.00
[object Object],GPC,Genuine Parts Company,NYSE,134.06,stock,common,100.00,1.00,false,0.00,USD,0.96,28752.00,0.02,18481480063.24,USD,537.10,0.25,-95.70,3.15,Distribution services,america,Distribution Services,Buy,Buy,0.96,8.70,5.30,26.03,-8.24,8.89,-0.10,8.34,31.23,5595.06,2.08,3.35,Buy,Buy,StrongBuy,Strong buy,Neutral,Neutral,65.98,9.85,8.42,140.01,96.56,94.87,0.00,0.00,0.00,0.00,0.00,0.43,28752.00,-97.55,0.00,0.00,0.00,-3.67,537.10,0.00,0.73,4.08,15.60,24.36,33.08,24592924063.24,0.98,20.21,13.80,129.58,125.07,116.10,110.01,119.10,140.38,170.00,122.00,132.50,7.74,2.08,2.04,25538521569.00,6428362985.00,6490930321.00
[object Object],FTV,Fortive Corp.,NYSE,61.17,stock,common,100.00,1.00,false,0.00,USD,0.50,51562.00,0.01,18475893280.48,USD,36.12,1.69,-23.54,0.39,Electronic technology,america,Electronic Technology,Neutral,Neutral,0.50,5.21,-1.18,0.51,0.31,10.59,27.08,9.37,93.27,125.84,1.94,2.77,Buy,Buy,StrongBuy,Strong buy,Sell,Sell,51.03,-1.12,-0.67,-3.61,51.60,47.25,0.00,61.45,0.95,-0.20,200.00,-0.33,51562.00,-97.73,0.00,0.00,0.00,13.41,36.12,0.00,4.34,3.05,17.90,19.71,47.97,21601693280.48,5.01,27.46,18.26,60.76,61.29,61.00,59.81,57.14,64.31,72.00,51.00,64.00,3.01,0.71,0.71,4359143943.00,1069341092.00,1066546873.00
[object Object],NHY,Norsk Hydro ASA,OSL,90.66,stock,common,100.00,2.00,false,0.00,NOK,1.14,1303941.00,0.41,18389233351.98,USD,18.26,0.50,2.51,3.35,Non-energy minerals,norway,Non-Energy Minerals,Neutral,Neutral,1.14,4.04,4.33,-13.57,4.81,15.61,44.87,56.31,153.24,331.52,2.26,2.57,Buy,Buy,Buy,Buy,Neutral,Neutral,54.78,4.52,1.66,141.66,92.03,87.87,0.00,0.00,0.00,0.00,0.00,0.69,1303941.00,-64.03,0.00,0.00,0.00,32.82,18.26,7.20,0.86,1.72,9.47,24.46,9.28,20954630171.98,1.01,11.94,7.42,87.62,86.78,94.46,98.86,89.13,9.86,14.26,5.73,9.79,0.87,0.20,0.25,21468985346.82,5655521781.57,5737673168.66
[object Object],ESS,"Essex Property Trust, Inc.",NYSE,285.29,stock,common,100.00,1.00,false,0.00,USD,0.06,4023.00,0.01,18334821661.46,USD,44.40,6.43,-48.35,3.62,Finance,america,Finance,Buy,Buy,0.06,1.58,-3.45,6.75,13.43,10.14,11.56,-12.40,23.51,1372.44,1.75,1.89,Sell,Sell,Sell,Sell,Sell,Sell,44.73,-8.17,-4.85,-114.31,35.18,36.47,long_lower_shadow_bullish,285.11,-0.00,-0.00,200.00,-0.13,4023.00,-98.11,0.00,0.00,0.00,1.10,44.40,0.00,9.51,3.44,13.94,15.43,276.41,25206546661.46,13.08,44.71,21.41,287.95,292.49,287.50,272.38,264.31,303.20,352.00,239.00,302.50,5.88,1.46,1.43,1952206815.00,485115131.00,490175784.00
[object Object],ZBH,"Zimmer Biomet Holdings, Inc.",NYSE,96.03,stock,common,100.00,1.00,false,0.00,USD,-1.19,158780.00,0.05,18316540461.50,USD,23.37,4.11,0.06,0.99,Health technology,america,Health Technology,Buy,Buy,-1.19,3.21,8.25,14.58,8.91,6.74,0.15,-33.57,-24.58,235.55,3.02,3.25,Buy,Buy,StrongBuy,Strong buy,Neutral,Neutral,57.10,4.68,5.48,68.10,66.45,74.54,0.00,98.00,0.83,0.83,200.00,-0.63,158780.00,-94.70,0.00,0.00,0.00,-1.39,23.37,373.57,2.20,1.45,10.62,15.43,45.16,25394240461.50,2.98,18.28,10.17,95.80,91.86,89.93,89.00,91.02,104.90,120.00,83.00,105.00,8.53,2.01,1.88,8596598529.00,2134846050.00,2040315609.00
[object Object],ENX,Euronext NV,EURONEXT,162.30,stock,common,10.00,1.00,false,0.00,EUR,0.93,36798.00,0.18,18273635715.90,USD,23.80,7.79,7.68,1.98,Finance,france,Finance,Buy,Buy,0.93,4.37,8.85,16.59,41.13,26.60,15.27,75.65,345.68,816.40,1.76,1.82,Buy,Buy,StrongBuy,Strong buy,Neutral,Neutral,73.22,13.30,10.77,149.70,92.36,90.22,0.00,0.00,0.00,0.00,0.00,-0.31,36798.00,-73.43,0.00,0.00,0.00,4.66,23.80,3.07,8.49,3.56,13.99,14.23,12.18,20389933320.54,9.09,17.46,14.52,156.01,150.17,147.42,144.69,135.75,186.50,219.50,143.25,187.15,9.82,2.51,2.23,2434874117.04,596905589.46,582505118.71
[object Object],WKL,Wolters Kluwer N.V.,EURONEXT,69.60,stock,common,100.00,2.00,false,0.00,EUR,-0.03,544076.00,0.38,18116429412.40,USD,11.89,6.69,22.74,3.62,Technology services,netherlands,Technology Services,Buy,Buy,-0.03,2.11,15.61,13.65,1.22,-21.52,-43.69,-27.53,86.05,167.90,5.39,4.54,Buy,Buy,Buy,Buy,Neutral,Neutral,60.28,7.14,7.62,62.50,71.26,74.23,spinning_top_black,0.00,0.00,0.00,0.00,0.57,544076.00,-55.94,0.00,0.00,0.00,-48.94,11.89,0.52,2.57,16.53,9.26,9.36,10.50,22759070012.40,3.26,12.75,9.94,70.07,63.29,62.09,63.19,73.42,104.92,177.91,62.38,103.97,6.64,3.13,3.18,7401532606.49,3485998590.27,3709098888.96
[object Object],PEO,Bank Polska Kasa Opieki S.A.,GPW,253.70,stock,common,10.00,1.00,false,0.00,PLN,-1.25,137464.00,0.30,18029719864.71,USD,10.28,6.55,-3.70,7.70,Finance,poland,Finance,Buy,Buy,-1.25,3.00,9.87,7.00,11.17,23.70,19.67,155.69,101.75,172.21,2.28,2.34,Buy,Buy,StrongBuy,Strong buy,Sell,Sell,65.55,20.00,15.17,135.34,91.50,93.85,0.00,0.00,0.00,0.00,0.00,-0.35,137464.00,-56.92,0.00,0.00,0.00,17.44,10.28,0.00,3.70,2.03,12.87,14.43,0.00,23180720824.71,3.79,0.00,0.00,246.93,238.46,236.48,234.45,221.20,71.17,80.88,64.32,70.09,6.29,1.45,2.09,4694253972.73,1137574204.42,1144093625.55
[object Object],INVH,"Invitation Homes, Inc.",NYSE,30.51,stock,common,100.00,1.00,false,0.00,USD,0.46,148963.00,0.03,18019915244.48,USD,54.50,0.56,24.79,3.92,Finance,america,Finance,Buy,Buy,0.46,2.97,1.03,5.13,15.05,10.26,0.36,-23.59,51.79,51.79,1.85,1.90,Buy,Buy,StrongBuy,Strong buy,Sell,Sell,58.15,0.73,0.39,108.43,75.03,78.18,long_lower_shadow_bullish,0.00,0.00,0.00,0.00,0.30,148963.00,-97.85,0.00,0.00,0.00,-9.00,54.50,2.19,6.27,1.99,14.89,21.95,55.23,26316526244.48,9.17,35.40,17.44,30.15,30.06,29.74,28.38,27.76,33.23,36.00,29.00,33.50,0.89,0.17,0.18,2925195251.00,731130333.00,738471667.00
[object Object],ROL,"Rollins, Inc.",NYSE,37.32,stock,common,100.00,1.00,false,0.00,USD,1.33,489654.00,0.07,17956347827.69,USD,33.88,1.10,9.07,1.93,Commercial services,america,Commercial Services,Neutral,Neutral,1.33,-1.79,-15.32,-31.62,-42.13,-37.54,-36.25,-2.38,204.24,13462.94,2.11,2.94,Sell,Sell,StrongSell,Strong sell,Buy,Buy,28.24,-1.24,-4.40,-78.53,9.12,10.48,0.00,36.79,-0.11,-0.60,613.00,-0.22,489654.00,-92.25,0.00,0.00,0.00,-32.43,33.88,3.69,4.52,12.56,27.77,29.02,164.69,18962565827.69,4.83,25.55,21.75,38.09,41.59,43.44,48.78,54.40,44.20,60.00,32.00,45.00,1.15,0.34,0.35,4087241281.00,1094107882.00,1108495802.00
[object Object],AGS,ageas SA/NV,EURONEXT,74.50,stock,common,100.00,5.00,false,0.00,EUR,0.40,40311.00,0.19,17939429930.71,USD,8.20,10.67,49.20,3.54,Finance,belgium,Finance,Neutral,Neutral,0.40,3.47,5.67,11.19,20.16,24.17,22.33,63.41,151.69,-74.17,1.40,1.45,Buy,Buy,StrongBuy,Strong buy,Buy,Buy,71.63,2.85,2.95,144.35,83.83,81.03,0.00,0.00,0.00,0.00,0.00,0.07,40311.00,-77.21,0.00,0.00,0.00,30.26,8.20,0.17,1.14,1.51,4.60,4.90,0.00,30587457510.71,2.09,0.00,0.00,72.82,71.57,69.57,67.79,63.71,81.06,99.70,68.16,80.87,9.68,5.77,4.19,10769669445.00,0.00,0.00
[object Object],TIT,Telecom Italia S.p.A.,MIL,7.62,stock,common,1000.00,1.00,false,0.00,EUR,0.14,3631132.00,0.31,17938313440.16,USD,125.51,0.07,0.00,0.00,Communications,italy,Communications,Neutral,Neutral,0.14,3.70,-4.77,11.22,31.31,47.76,79.48,102.96,-0.79,-95.90,1.63,1.70,Buy,Buy,StrongBuy,Strong buy,Buy,Buy,50.47,0.29,-0.21,9.13,65.22,53.69,long_upper_shadow_bearish,0.00,0.00,0.00,0.00,0.12,3631132.00,-31.62,0.00,0.00,0.00,67.37,125.51,0.00,1.17,1.34,6.72,43.09,4.50,32215297300.16,2.02,19.51,6.40,7.46,7.74,7.73,7.18,6.33,8.49,9.91,7.37,8.47,0.20,0.10,0.12,16905406140.46,4019871325.55,4154128823.04
[object Object],LNT,Alliant Energy Corporation,NASDAQ,69.16,stock,common,100.00,1.00,false,0.00,USD,-0.53,125637.00,0.05,17930832457.62,USD,21.91,3.16,-2.48,3.04,Utilities,america,Utilities,Buy,Buy,-0.53,-1.85,-11.04,-3.92,2.41,6.38,4.54,13.18,75.39,1225.13,1.87,2.09,StrongSell,Strong sell,StrongSell,Strong sell,Sell,Sell,30.73,-5.78,-4.29,-130.52,7.20,9.90,0.00,69.21,-0.45,-0.68,1061.00,-0.16,125637.00,-93.72,0.00,0.00,0.00,14.99,21.91,0.00,4.10,2.38,15.58,0.00,721.70,30023832457.62,6.78,30.67,16.25,71.22,74.26,73.66,72.92,70.32,78.96,86.00,73.00,78.75,3.42,0.58,1.22,4422997367.00,896935450.00,1381220064.00
[object Object],KPN,Royal KPN NV,EURONEXT,4.02,stock,common,1000.00,1.00,false,0.00,EUR,-1.30,3206821.00,0.28,17928422494.81,USD,17.39,0.26,8.60,4.64,Communications,netherlands,Communications,Buy,Buy,-1.30,-2.48,-4.60,-11.79,-9.30,0.98,2.08,45.30,36.98,14.29,1.83,1.70,Sell,Sell,StrongSell,Strong sell,Neutral,Neutral,37.70,-0.08,-0.19,-108.41,18.74,11.28,0.00,0.00,0.00,0.00,0.00,-0.15,3206821.00,-73.48,0.00,0.00,0.00,5.10,17.39,2.05,2.66,6.70,6.63,11.65,36.52,26892290114.81,4.04,16.54,8.64,4.10,4.21,4.28,4.47,4.32,5.47,6.12,4.74,5.50,0.28,0.00,0.00,6934668477.83,3315400180.00,0.00
[object Object],ZBRA,Zebra Technologies Corporation Class A,NASDAQ,376.13,stock,common,100.00,1.00,false,0.00,USD,3.26,60728.00,0.05,17794958563.97,USD,34.42,10.93,3.26,0.00,Electronic technology,america,Electronic Technology,Buy,Buy,3.26,30.04,44.50,63.93,53.96,52.69,20.15,-33.11,554.94,9174.35,5.19,4.57,Buy,Buy,StrongBuy,Strong buy,Buy,Buy,83.66,116.21,74.84,176.61,94.36,93.37,0.00,367.96,1.02,1.02,162.00,1.11,60728.00,-91.73,0.00,0.00,0.00,-19.65,34.42,10.23,2.98,5.19,0.00,0.00,0.00,18481958563.97,3.14,18.30,0.00,318.42,281.85,264.68,245.29,247.91,410.14,455.00,317.00,415.00,20.95,4.36,4.84,6209728692.00,1497262500.00,1554996250.00
[object Object],TELIA,Telia Company AB,OMXSTO,43.54,stock,common,100.00,1.00,false,0.00,SEK,-1.00,1481973.00,0.25,17648576566.65,USD,34.88,0.13,14.70,4.59,Communications,sweden,Communications,Neutral,Neutral,-1.00,-2.57,-2.99,-10.04,1.02,10.20,23.31,15.61,11.78,35.22,1.93,1.92,Sell,Sell,StrongSell,Strong sell,Sell,Sell,37.82,-1.04,-1.90,-119.21,20.71,14.69,0.00,0.00,0.00,0.00,0.00,-0.23,1481973.00,-72.46,0.00,0.00,0.00,30.05,34.88,2.40,2.11,3.43,6.28,12.97,15.62,26382336466.65,3.14,17.35,7.99,44.39,45.24,46.87,47.53,43.88,4.86,6.28,3.21,4.71,0.24,0.06,0.07,9024495023.52,2112366193.49,2164010573.62
[object Object],TSCO,Tractor Supply Company,NASDAQ,33.60,stock,common,100.00,1.00,false,0.00,USD,-1.44,871643.00,0.08,17621508184.31,USD,17.54,1.92,-5.80,2.76,Retail trade,america,Retail Trade,Buy,Buy,-1.44,11.37,10.64,6.73,-37.71,-32.76,-44.46,-10.12,92.79,11715.38,2.63,3.47,Neutral,Neutral,Buy,Buy,Sell,Sell,63.06,2.58,2.06,162.71,92.87,95.46,0.00,34.00,-0.26,-1.03,30800.00,-0.41,871643.00,-93.04,0.00,0.00,0.00,-46.86,17.54,0.00,1.14,0.00,13.71,57.42,76.11,23934898184.31,1.52,17.05,12.51,32.16,31.12,30.82,34.87,43.84,35.12,42.00,28.00,35.00,1.94,0.82,0.41,15954846406.00,4579079586.00,3797882300.00
[object Object],GEN,Gen Digital Inc.,NASDAQ,29.27,stock,common,100.00,1.00,false,0.00,USD,4.16,955263.00,0.21,17520351585.75,USD,18.50,1.58,53.60,1.78,Technology services,america,Technology Services,Buy,Buy,4.16,7.85,9.38,38.98,23.45,7.49,1.42,22.01,34.57,3972.34,3.54,3.34,Buy,Buy,StrongBuy,Strong buy,Neutral,Neutral,70.26,3.43,1.96,154.16,90.20,89.52,long_lower_shadow_bullish,28.94,2.99,0.60,13705.00,3.20,955263.00,-88.16,0.00,0.00,0.00,-10.85,18.50,0.33,3.42,6.70,11.54,11.70,43.37,25369351585.75,5.07,11.77,9.58,27.84,26.63,25.96,23.27,24.32,34.00,46.00,28.00,32.00,2.93,0.69,0.72,5415196743.00,1311795133.00,1336631822.00
[object Object],SGRO,SEGRO plc,LSE,961.80,stock,common,10.00,2.00,false,0.00,GBX,-0.02,2009314.00,0.22,17508612407.38,USD,43.70,0.29,-51.99,3.23,Finance,uk,Finance,Buy,Buy,-0.02,-1.56,9.92,37.40,28.27,33.47,50.00,-22.72,131.06,112.24,1.52,2.44,Buy,Buy,StrongBuy,Strong buy,Sell,Sell,64.18,-17.20,59.58,42.20,77.64,79.71,0.00,0.00,0.00,0.00,0.00,-0.21,2009314.00,-71.10,0.00,0.00,0.00,54.35,43.70,0.00,17.47,1.09,28.79,30.76,73.93,24028796807.38,24.33,35.06,34.07,971.24,914.13,849.80,774.31,755.32,12.84,17.45,8.39,13.39,0.52,0.25,0.26,963634816.15,503397455.40,523730751.60
[object Object],CF,"CF Industries Holdings, Inc.",NYSE,113.36,stock,common,100.00,1.00,false,0.00,USD,-2.89,155470.00,0.07,17415416556.50,USD,8.40,13.49,76.30,1.71,Process industries,america,Process Industries,Neutral,Neutral,-2.89,-10.03,-2.54,-4.26,22.90,46.31,34.63,145.79,409.71,3388.00,4.08,3.37,Sell,Sell,StrongSell,Strong sell,Sell,Sell,41.00,-11.71,0.11,-157.73,21.70,21.01,0.00,114.50,-1.91,-1.34,267.00,-2.00,155470.00,-95.12,0.00,0.00,0.00,22.81,8.40,0.11,2.32,0.00,5.86,9.13,7.03,21720416556.50,2.81,6.94,5.41,120.42,118.07,114.48,119.42,103.91,124.54,195.72,100.00,122.00,16.37,5.63,3.72,8446202746.00,2449982679.00,1963552611.00
[object Object],FBK,FinecoBank SpA,MIL,24.55,stock,common,100.00,1.00,false,0.00,EUR,-0.49,432982.00,0.26,17387826815.36,USD,0.00,0.00,0.00,3.20,Finance,italy,Finance,StrongBuy,Strong buy,-0.49,3.59,8.58,14.13,13.66,11.04,32.74,57.88,366.73,513.75,1.53,1.90,Buy,Buy,StrongBuy,Strong buy,Sell,Sell,67.05,0.81,1.39,144.27,85.34,90.00,0.00,0.00,0.00,0.00,0.00,0.53,432982.00,-72.79,0.00,0.00,0.00,25.89,0.00,0.00,0.00,0.00,0.00,0.00,0.00,17783518036.88,9.13,0.00,0.00,24.06,23.28,22.70,21.68,21.31,30.46,33.38,23.82,30.96,1.32,0.00,0.00,1721893010.53,761082480.00,0.00
[object Object],URW,Unibail-Rodamco-Westfield SE Stapled Secs Cons of 1 Sh Unibail Rodamco + 1 Sh WFD Unib Rod,EURONEXT,104.40,fund,reit,100.00,5.00,false,0.00,EUR,0.24,47186.00,0.23,17336636320.51,USD,9.67,12.33,102.25,4.32,Finance,france,Finance,Buy,Buy,0.24,-1.04,1.85,2.96,8.23,12.14,19.40,35.36,-56.86,-40.70,1.35,1.32,Buy,Buy,StrongBuy,Strong buy,Neutral,Neutral,53.51,-0.45,1.37,-26.30,42.36,57.64,0.00,0.00,0.00,0.00,0.00,-0.24,47186.00,-69.46,0.00,0.00,0.00,27.89,9.67,0.09,5.08,0.92,9.46,18.77,5.39,46981221374.51,13.70,23.47,23.11,105.00,103.68,102.08,100.98,97.39,135.08,160.58,115.52,136.32,10.87,5.61,4.82,2858833899.26,1696807650.58,1616853157.88
[object Object],CDW,CDW Corporation,NASDAQ,138.33,stock,common,100.00,1.00,false,0.00,USD,-2.57,90839.00,0.04,17293349134.78,USD,16.63,8.32,3.42,1.77,Technology services,america,Technology Services,Buy,Buy,-2.57,-4.44,0.39,26.17,-1.58,0.82,-17.12,-26.80,211.55,684.17,8.56,5.20,Sell,Sell,Sell,Sell,Sell,Sell,49.38,4.51,4.87,8.56,65.38,75.34,0.00,140.97,-0.70,-0.70,100.00,-0.56,90839.00,-96.85,0.00,0.00,0.00,-23.30,16.63,4.98,0.77,7.10,17.95,20.49,48.71,23361049134.78,0.99,13.87,11.79,144.55,138.75,135.63,128.52,132.64,155.44,171.00,123.00,159.00,10.90,2.80,2.93,24202196994.00,6206039255.00,6149236952.00
[object Object],NDSN,Nordson Corporation,NASDAQ,310.22,stock,common,100.00,1.00,false,0.00,USD,0.40,6504.00,0.02,17284822726.11,USD,33.10,9.37,20.56,1.06,Producer manufacturing,america,Producer Manufacturing,Buy,Buy,0.40,4.72,8.46,8.60,8.85,28.63,45.48,38.38,242.37,23661.29,2.01,2.14,Buy,Buy,StrongBuy,Strong buy,Sell,Sell,65.62,14.45,12.34,136.61,83.86,88.86,0.00,0.00,0.00,0.00,0.00,0.07,6504.00,-97.83,0.00,0.00,0.00,35.51,33.10,1.60,5.97,5.40,22.84,24.39,170.59,19156554726.11,6.60,24.60,20.65,303.02,295.21,292.85,284.64,270.59,326.33,345.00,290.00,331.50,11.60,2.82,3.09,2983785714.00,728776844.00,779485714.00
[object Object],IEX,IDEX Corporation,NYSE,234.30,stock,common,100.00,1.00,false,0.00,USD,0.25,31741.00,0.04,17272573543.45,USD,33.66,6.96,12.35,1.23,Producer manufacturing,america,Producer Manufacturing,Buy,Buy,0.25,1.26,5.72,8.29,8.88,31.61,44.94,3.13,157.33,8010.22,2.32,2.55,Buy,Buy,StrongBuy,Strong buy,Buy,Buy,61.34,11.03,9.18,89.43,65.27,67.98,spinning_top_black,237.50,1.62,-0.41,9015.00,0.46,31741.00,-93.04,0.00,0.00,0.00,18.86,33.66,2.72,4.84,4.33,24.26,27.10,27.81,18531473543.45,5.17,24.55,19.15,231.78,226.18,223.09,212.97,199.45,250.92,280.00,210.00,251.00,8.73,2.11,2.22,3672536071.00,905374806.00,924626240.00
[object Object],BEN,"Franklin Resources, Inc.",NYSE,33.95,stock,common,100.00,1.00,false,0.00,USD,-0.13,589052.00,0.10,17251751285.31,USD,23.15,1.47,181.27,3.85,Finance,america,Finance,Neutral,Neutral,-0.13,1.42,0.07,10.60,24.56,41.60,37.72,7.55,-7.02,14077.04,2.99,2.95,Buy,Buy,StrongBuy,Strong buy,Neutral,Neutral,53.48,1.46,1.37,48.54,56.30,72.17,spinning_top_black,34.00,0.00,0.00,400.00,0.00,589052.00,-87.73,0.00,0.00,0.00,35.71,23.15,0.13,1.87,1.47,61.13,72.88,4.66,32863351285.31,3.51,23.08,18.39,33.99,33.49,32.92,30.22,27.40,34.91,41.00,26.00,36.00,2.88,0.66,0.75,7153955157.00,1758562000.00,1851656157.00
[object Object],GMAB,Genmab A/S,OMXCOP,2038.00,stock,common,10.00,5.00,false,0.00,DKK,8.58,204882.00,2.18,17227228681.93,USD,23.84,13.18,-30.37,0.00,Health technology,denmark,Health Technology,StrongBuy,Strong buy,8.58,10.79,7.57,19.71,3.43,2.16,46.99,-28.52,65.83,774.68,3.18,2.75,StrongBuy,Strong buy,StrongBuy,Strong buy,Buy,Buy,69.69,159.50,58.86,440.38,69.49,58.59,rising_window_bullish,0.00,0.00,0.00,0.00,5.49,204882.00,125.85,0.00,0.00,0.00,26.28,23.84,0.00,4.77,3.39,22.33,23.09,13.19,21044995585.33,5.43,16.45,15.44,1891.65,1873.30,1776.07,1748.68,1861.74,381.03,453.45,307.47,385.75,11.82,3.56,3.81,4511000256.63,1116420085.00,1198977163.00
[object Object],BBY,"Best Buy Co., Inc.",NYSE,81.18,stock,common,100.00,1.00,false,0.00,USD,1.45,415698.00,0.12,17110074113.37,USD,15.02,5.41,32.10,4.77,Retail trade,america,Retail Trade,Neutral,Neutral,1.45,-7.17,3.78,38.04,18.77,20.41,18.79,-29.20,136.33,48607.03,3.95,3.36,Neutral,Neutral,Neutral,Neutral,Neutral,Neutral,45.45,-4.25,1.20,-179.11,13.22,21.54,0.00,80.30,0.35,0.34,754.00,-0.49,415698.00,-93.13,0.00,0.00,0.00,34.29,15.02,0.46,0.40,5.55,7.45,10.69,7.83,19046074113.37,0.45,10.68,7.33,85.95,83.08,79.89,70.72,70.95,79.95,95.00,62.00,80.00,6.55,1.23,1.34,41985108514.00,8824555247.00,9530569920.00
[object Object],NVR,"NVR, Inc.",NYSE,6411.91,stock,common,100.00,1.00,false,0.00,USD,1.70,2001.00,0.06,17086842706.74,USD,16.63,385.60,-18.61,0.00,Consumer durables,america,Consumer Durables,Neutral,Neutral,1.70,2.84,-3.23,6.29,-20.47,-12.01,-19.20,23.20,274.50,1985.17,2.53,3.25,Buy,Buy,Buy,Buy,Neutral,Neutral,51.25,-2.76,-201.01,14.66,60.94,49.65,0.00,0.00,0.00,0.00,0.00,0.24,2001.00,-94.57,0.00,0.00,0.00,-23.61,16.63,0.00,1.92,4.86,16.93,17.26,15.08,16940285706.74,1.81,13.94,13.65,6315.44,6465.86,6412.82,6389.00,6907.71,6782.00,7446.00,5664.00,7000.00,361.10,89.98,104.43,9414692031.00,2397300112.00,2594147187.00
[object Object],CHRW,"C.H. Robinson Worldwide, Inc.",NASDAQ,146.21,stock,common,100.00,1.00,false,0.00,USD,-0.31,102718.00,0.03,17084822759.89,USD,27.90,5.24,19.29,1.71,Transportation,america,Transportation,Buy,Buy,-0.31,0.83,-23.35,-14.68,-26.41,-9.39,23.48,61.18,110.34,2588.92,3.67,4.06,StrongSell,Strong sell,StrongSell,Strong sell,Neutral,Neutral,29.39,-40.29,-32.49,-96.58,8.43,11.31,long_upper_shadow_bearish,148.00,0.91,0.91,100.00,-0.39,102718.00,-95.72,0.00,0.00,0.00,68.47,27.90,1.45,1.03,10.52,25.55,26.18,113.26,18902803759.89,1.11,22.67,20.25,156.04,182.40,183.14,177.81,172.39,202.63,237.00,91.00,212.50,6.21,1.53,1.69,18303853882.00,4347374373.00,4850755724.00
[object Object],AKAM,"Akamai Technologies, Inc.",NASDAQ,117.30,stock,common,100.00,1.00,false,0.00,USD,-1.05,1646034.00,0.48,17053713989.99,USD,39.51,2.97,0.15,0.00,Technology services,america,Technology Services,Buy,Buy,-1.05,1.57,3.10,-19.35,26.72,34.36,55.45,2.40,131.00,6.64,4.58,4.97,Sell,Sell,StrongSell,Strong sell,Buy,Buy,46.87,1.93,1.08,12.24,60.15,66.25,0.00,123.80,4.43,13.88,118555.00,4.59,1646034.00,-70.10,0.00,0.00,0.00,39.84,39.51,269.03,4.17,3.48,11.14,23.01,18.91,21990973989.99,5.15,37.46,16.85,116.03,118.54,126.00,121.70,106.28,159.57,195.00,87.00,170.00,6.69,1.57,1.69,4497425264.00,1091295536.00,1124494684.00
[object Object],BKT,Bankinter SA,BME,16.45,stock,common,1000.00,5.00,false,0.00,EUR,0.06,406871.00,0.29,17011904179.86,USD,0.00,0.00,0.00,3.04,Finance,spain,Finance,Neutral,Neutral,0.06,1.92,8.16,17.21,15.00,16.38,29.28,248.41,261.87,266.14,1.66,2.00,Buy,Buy,StrongBuy,Strong buy,Neutral,Neutral,66.27,0.37,0.75,143.80,89.87,83.15,spinning_top_white,0.00,0.00,0.00,0.00,-0.12,406871.00,-77.25,0.00,0.00,0.00,29.22,0.00,0.00,4.27,2.20,0.00,0.00,0.00,35868446328.70,6.30,0.00,0.00,16.09,15.56,15.11,14.56,14.20,18.64,21.89,11.88,18.84,1.55,0.36,0.37,3851683952.68,908830331.81,946550307.06
[object Object],KRX,Kingspan Group PLC,EURONEXT,96.35,stock,common,100.00,5.00,false,0.00,EUR,18.15,799786.00,2.62,16942921291.38,USD,26.22,4.32,1.40,0.67,Non-energy minerals,ireland,Non-Energy Minerals,Buy,Buy,18.15,22.27,23.76,23.05,23.05,30.03,36.38,5.30,365.46,3549.62,4.40,3.12,StrongBuy,Strong buy,StrongBuy,Strong buy,Buy,Buy,76.53,20.25,4.92,336.01,88.26,91.30,rising_window_bullish,0.00,0.00,0.00,0.00,8.58,799786.00,62.13,0.00,0.00,0.00,2.76,26.22,15.83,1.62,3.87,20.99,37.23,30.06,19656273997.38,1.82,18.55,13.75,81.46,79.16,80.60,78.13,75.93,109.90,149.76,82.95,109.44,4.89,2.02,2.70,11732622407.44,5433037525.56,5886718518.20
[object Object],J,Jacobs Solutions Inc.,NYSE,144.68,stock,common,100.00,1.00,false,0.00,USD,0.45,49830.00,0.05,16932561100.34,USD,50.78,2.85,-28.81,0.94,Technology services,america,Technology Services,Buy,Buy,0.45,10.17,12.58,17.66,-0.50,9.06,-2.84,35.69,224.67,42560.32,3.23,2.98,Buy,Buy,StrongBuy,Strong buy,Neutral,Neutral,68.84,10.12,12.15,137.83,68.65,75.32,0.00,144.00,-0.02,0.60,600.00,-0.25,49830.00,-94.55,0.00,0.00,0.00,-2.73,50.78,0.00,1.21,5.19,23.38,26.69,14.39,19778171100.34,1.39,28.59,21.40,139.42,132.29,128.39,126.30,133.58,163.69,181.00,146.00,163.00,7.26,1.83,2.14,9545725112.00,2403630393.00,2551497114.00
[object Object],GALP,"Galp Energia, SGPS S.A. Class B",EURONEXT,19.68,stock,common,1000.00,5.00,false,0.00,EUR,-1.18,408450.00,0.22,16913376669.40,USD,13.27,1.69,12.85,3.21,Energy minerals,portugal,Energy Minerals,Buy,Buy,-1.18,0.69,1.55,3.25,15.12,35.57,20.03,133.96,56.35,233.08,2.24,2.55,Buy,Buy,Buy,Buy,Neutral,Neutral,51.76,-0.35,0.41,27.05,43.19,46.54,0.00,0.00,0.00,0.00,0.00,0.35,408450.00,-69.11,0.00,0.00,0.00,11.60,13.27,1.04,0.69,3.07,5.76,9.76,5.73,20360220509.40,0.83,6.56,5.17,19.70,19.46,19.21,19.50,18.27,25.66,29.61,22.78,25.06,2.48,0.76,0.67,29665842232.46,7756905707.57,7605698245.62
[object Object],PZU,Powszechny Zaklad Ubezpieczen Spolka Akcyjna,GPW,73.28,stock,common,100.00,2.00,false,0.00,PLN,0.08,490785.00,0.34,16902867709.47,USD,10.04,1.97,7.75,6.10,Finance,poland,Finance,Buy,Buy,0.08,3.01,7.20,12.74,3.50,9.37,15.47,91.38,156.22,109.97,1.73,1.85,Buy,Buy,StrongBuy,Strong buy,Neutral,Neutral,71.00,3.68,3.16,180.16,92.50,94.40,spinning_top_black,0.00,0.00,0.00,0.00,0.25,490785.00,-65.22,0.00,0.00,0.00,13.53,10.04,1.29,0.94,1.72,3.56,3.91,0.00,38128553299.47,2.11,0.00,0.00,71.65,69.65,67.94,66.43,65.84,20.01,22.78,16.80,20.24,1.97,0.00,0.00,8742713200.00,2100540000.00,1640578053.00
[object Object],BALL,Ball Corporation,NYSE,63.29,stock,common,100.00,1.00,false,0.00,USD,0.25,40725.00,0.02,16753074584.90,USD,18.00,3.52,64.15,1.27,Process industries,america,Process Industries,Buy,Buy,0.25,-2.83,2.44,7.65,-4.94,19.28,19.71,-25.72,59.96,18850.01,2.52,2.54,Neutral,Neutral,Buy,Buy,Sell,Sell,52.40,-0.55,1.02,-12.89,37.09,42.30,"hanging_man_bearish,long_lower_shadow_bullish",62.97,-0.25,-0.25,100.00,0.52,40725.00,-97.72,0.00,0.00,0.00,9.21,18.00,0.28,1.17,2.91,0.00,0.00,33.88,16636074584.90,1.15,7.23,0.00,64.64,62.93,60.23,59.99,57.63,73.31,79.00,65.00,74.00,4.02,0.99,1.06,14968400782.00,3691884072.00,3767613827.00
[object Object],LDOS,"Leidos Holdings, Inc.",NYSE,133.25,stock,common,100.00,1.00,false,0.00,USD,-1.49,80805.00,0.05,16721836355.36,USD,12.19,10.93,10.00,1.25,Technology services,america,Technology Services,Buy,Buy,-1.49,19.89,24.38,1.62,-28.99,-25.81,-24.07,41.73,174.63,185.36,3.85,3.50,Buy,Buy,StrongBuy,Strong buy,Sell,Sell,69.40,21.11,17.59,171.79,91.20,91.17,harami_cross_bearish,135.31,0.04,0.44,310.00,-1.50,80805.00,-95.97,0.00,0.00,0.00,-28.15,12.19,1.24,1.00,3.34,8.56,9.17,31.70,23178836355.36,1.34,10.98,9.64,122.04,111.78,114.24,130.52,158.41,149.60,225.00,110.00,144.00,12.37,2.91,3.10,18293095971.00,4436589000.00,4708810133.00
[object Object],NWS,News Corporation Class B,NASDAQ,33.25,stock,common,100.00,1.00,false,0.00,USD,-1.83,77612.00,0.06,16698099901.17,USD,32.37,1.03,26.23,0.59,Consumer services,america,Consumer Services,Neutral,Neutral,-1.83,5.39,9.05,9.70,24.44,12.18,-3.43,39.76,150.00,118.61,3.34,2.98,Buy,Buy,StrongBuy,Strong buy,Neutral,Neutral,60.79,3.06,2.10,129.49,79.47,84.23,0.00,33.85,-0.06,-0.21,1237.00,-0.50,77612.00,-95.83,0.00,0.00,0.00,-7.34,32.37,1.26,2.06,0.00,14.83,22.67,8.71,18142099901.17,2.01,15.90,11.16,32.32,31.14,30.59,29.95,29.46,39.00,39.00,39.00,39.00,1.32,0.24,0.26,9396435247.00,2247630192.00,2262213903.00
[object Object],NWSA,News Corporation Class A,NASDAQ,29.07,stock,common,100.00,1.00,false,0.00,USD,-2.02,260607.00,0.06,16665490005.08,USD,28.30,1.03,26.23,0.67,Consumer services,america,Consumer Services,StrongBuy,Strong buy,-2.02,4.76,7.59,8.43,21.07,11.21,-1.89,20.00,125.87,90.25,3.77,2.98,Buy,Buy,StrongBuy,Strong buy,Neutral,Neutral,59.81,2.31,1.63,124.58,76.85,80.28,0.00,29.36,-1.04,-1.04,107.00,-0.84,260607.00,-96.61,0.00,0.00,0.00,-7.34,28.30,1.10,1.80,0.00,12.96,19.82,7.62,18109490005.08,2.01,15.87,11.14,28.43,27.47,26.92,26.22,25.84,36.04,43.00,30.30,36.00,1.32,0.24,0.26,9383584801.00,2245702250.00,2262213903.00
[object Object],ELI,Elia Group SA/NV,EURONEXT,133.50,stock,common,10.00,1.00,false,0.00,EUR,0.68,22849.00,0.22,16655063315.62,USD,22.93,6.65,-2.78,1.08,Utilities,belgium,Utilities,Buy,Buy,0.68,5.12,-2.55,-1.62,7.14,20.60,31.92,37.96,200.31,403.58,2.40,2.39,Neutral,Neutral,Buy,Buy,Neutral,Neutral,49.70,-5.00,-5.78,-28.95,51.05,41.64,long_lower_shadow_bullish,0.00,0.00,0.00,0.00,0.45,22849.00,-81.01,0.00,0.00,0.00,31.78,22.93,0.00,2.99,1.86,7.67,0.00,4.23,35652794731.62,6.46,16.93,11.92,130.17,135.43,134.99,135.20,125.31,172.90,196.00,144.12,173.23,7.81,4.13,3.50,6663831104.10,3632868876.74,2223999954.44
[object Object],SRT3,Sartorius AG Pref,XETR,231.50,stock,preferred,10.00,1.00,false,0.00,EUR,0.87,18198.00,0.19,16584823831.38,USD,81.51,3.24,88.34,0.32,Health technology,germany,Health Technology,Buy,Buy,0.87,4.37,0.48,5.28,-3.62,-6.50,30.79,-56.25,233.67,12851.05,3.33,5.04,Buy,Buy,StrongBuy,Strong buy,Neutral,Neutral,53.16,10.50,-0.33,10.50,57.84,50.72,0.00,0.00,0.00,0.00,0.00,0.13,18198.00,-73.30,0.00,0.00,0.00,12.16,81.51,0.91,4.42,5.66,22.36,58.49,54.93,22270964147.38,5.44,30.79,18.44,224.52,229.98,230.16,225.35,232.31,311.54,506.81,216.39,312.06,6.22,1.55,1.44,4361151550.01,1066912807.18,1029874602.66
[object Object],SOON,Sonova Holding AG,SIX,236.00,stock,common,10.00,2.00,false,0.00,CHF,0.94,29508.00,0.18,16555752944.77,USD,32.68,9.04,-20.12,2.01,Health technology,switzerland,Health Technology,Neutral,Neutral,0.94,7.27,14.79,31.04,13.95,13.95,7.86,-36.47,78.63,765.48,2.11,2.19,Buy,Buy,StrongBuy,Strong buy,Neutral,Neutral,75.15,24.60,22.40,132.25,97.15,96.98,0.00,0.00,0.00,0.00,0.00,0.00,29508.00,-82.51,0.00,0.00,0.00,-4.13,32.68,0.00,3.86,5.36,20.55,23.33,19.43,17798658944.77,3.94,19.16,14.18,226.38,211.23,206.61,195.09,201.18,273.07,371.52,210.53,272.45,13.31,7.14,5.37,4779093916.94,2457051088.49,2209491024.59
[object Object],KIM,Kimco Realty Corporation,NYSE,24.54,stock,common,100.00,1.00,false,0.00,USD,0.43,209790.00,0.04,16457817341.49,USD,28.76,0.85,2.92,4.22,Finance,america,Finance,Buy,Buy,0.43,-3.82,-2.64,3.96,12.75,21.28,13.96,12.70,-21.24,452.03,2.60,1.98,Neutral,Neutral,Sell,Sell,Neutral,Neutral,37.43,-1.57,-0.48,-163.79,9.11,10.93,0.00,24.48,0.20,0.29,340.00,-0.16,209790.00,-95.63,0.00,0.00,0.00,19.16,28.76,9.81,0.00,1.60,0.00,0.00,0.00,25626527341.49,11.66,33.79,18.62,25.39,25.47,25.17,24.23,22.74,26.77,31.00,24.00,26.00,0.83,0.20,0.20,2202518129.00,543753979.00,547861892.00
[object Object],EDPR,EDP Renewables SA,EURONEXT,13.37,stock,common,100.00,1.00,false,0.00,EUR,-0.37,157563.00,0.18,16383061111.85,USD,45.96,0.33,0.00,0.92,Utilities,portugal,Utilities,Buy,Buy,-0.37,-1.18,-5.71,-4.16,3.64,11.42,31.85,-34.46,90.46,67.12,2.17,2.46,Sell,Sell,StrongSell,Strong sell,Neutral,Neutral,41.32,-0.85,-0.43,-110.24,19.24,21.77,long_lower_shadow_bullish,0.00,0.00,0.00,0.00,0.00,157563.00,-68.23,0.00,0.00,0.00,37.04,45.96,0.00,5.40,1.35,0.00,0.00,25.05,29565549938.53,9.90,28.54,13.95,13.49,13.84,13.81,13.84,13.17,17.46,20.79,10.97,18.14,0.55,0.08,0.08,3229394981.31,767767892.11,734641358.00
[object Object],MBK,mBank SA,GPW,1420.50,stock,common,10.00,5.00,false,0.00,PLN,-1.11,11493.00,0.45,16342938267.88,USD,15.54,24.27,20.61,0.00,Finance,poland,Finance,Sell,Sell,-1.11,4.45,0.92,18.57,35.29,32.45,57.41,343.91,303.95,44001.21,3.53,3.27,Buy,Buy,StrongBuy,Strong buy,Neutral,Neutral,57.21,117.00,27.89,84.69,79.15,80.32,0.00,0.00,0.00,0.00,0.00,0.00,11493.00,-58.47,0.00,0.00,0.00,50.02,15.54,0.76,4.40,2.59,13.44,17.04,0.00,18090064527.88,3.74,0.00,0.00,1378.60,1384.55,1374.05,1272.87,1147.61,301.26,362.19,237.91,306.72,27.26,0.00,0.00,3454368042.79,758093830.09,0.00
[object Object],ASRNL,ASR Nederland N.V.,EURONEXT,71.12,stock,common,100.00,2.00,false,0.00,EUR,0.40,84645.00,0.26,16326061103.40,USD,30.26,2.76,-45.11,4.81,Finance,netherlands,Finance,Buy,Buy,0.40,1.08,5.96,9.01,15.45,16.74,20.54,99.78,291.20,247.78,1.09,1.24,StrongBuy,Strong buy,StrongBuy,Strong buy,Neutral,Neutral,69.22,1.16,2.09,126.37,78.48,73.96,0.00,0.00,0.00,0.00,0.00,-0.11,84645.00,-74.08,0.00,0.00,0.00,18.43,30.26,0.00,0.67,1.65,0.00,0.00,0.00,28346237783.40,1.13,0.00,0.00,70.42,68.92,67.33,65.30,62.47,84.31,93.39,78.40,83.01,6.96,3.12,3.17,7564251954.97,3581803313.65,3651104148.76
[object Object],BG,BAWAG Group AG,VIE,180.70,stock,common,10.00,1.00,false,0.00,EUR,-1.31,17739.00,0.15,16241984915.45,USD,15.80,13.06,13.98,3.41,Finance,austria,Finance,StrongBuy,Strong buy,-1.31,3.61,1.35,22.84,34.25,40.84,65.63,267.28,276.46,276.46,1.69,2.10,Buy,Buy,StrongBuy,Strong buy,Sell,Sell,62.27,8.70,5.12,154.00,95.09,96.85,0.00,0.00,0.00,0.00,0.00,-0.33,17739.00,-81.19,0.00,0.00,0.00,52.22,15.80,1.15,5.28,2.96,11.28,12.85,0.00,22336170715.45,5.06,0.00,0.00,176.38,175.71,170.18,156.75,140.73,217.48,238.49,167.07,221.22,14.59,0.00,0.00,2801564817.50,0.00,0.00
[object Object],AAF,Airtel Africa Plc,LSE,329.40,stock,common,10.00,2.00,false,0.00,GBX,-0.78,908835.00,0.26,16193638080.15,USD,22.67,0.19,104.65,1.62,Communications,uk,Communications,Buy,Buy,-0.78,-3.75,1.67,-9.12,3.14,-7.59,54.37,258.44,327.01,327.79,3.65,3.98,Sell,Sell,StrongSell,Strong sell,Neutral,Neutral,44.92,-5.40,-5.80,-113.09,24.24,25.79,0.00,0.00,0.00,0.00,0.00,0.06,908835.00,-49.49,0.00,0.00,0.00,78.44,22.67,0.22,2.37,4.93,6.25,9.73,6.81,20819362548.05,3.08,9.12,6.15,337.50,336.23,341.70,349.78,338.83,4.99,6.19,3.81,4.85,0.24,0.05,0.08,7695547000.40,1658542000.00,1966733000.00
[object Object],PTC,PTC Inc.,NASDAQ,148.62,stock,common,100.00,1.00,false,0.00,USD,0.65,85716.00,0.05,16126200182.45,USD,14.37,10.34,143.85,0.00,Technology services,america,Technology Services,Buy,Buy,0.65,9.50,20.13,1.56,-4.86,-14.75,-31.46,9.64,264.09,8052.83,4.00,4.24,Buy,Buy,StrongBuy,Strong buy,Neutral,Neutral,72.19,30.10,17.68,147.71,93.41,91.35,0.00,0.00,0.00,0.00,0.00,0.23,85716.00,-96.08,0.00,0.00,0.00,-39.79,14.37,0.10,5.75,4.74,17.91,18.29,48.54,17381840182.45,5.88,14.79,13.28,137.59,126.61,126.73,134.30,152.62,174.05,230.00,140.00,170.00,8.18,1.57,1.95,2723118741.00,611619659.00,660325396.00
[object Object],METSO,Metso Corporation,OMXHEX,16.77,stock,common,100.00,1.00,false,0.00,EUR,-0.77,200814.00,0.17,16121369210.58,USD,28.05,0.68,90.29,2.31,Producer manufacturing,finland,Producer Manufacturing,Buy,Buy,-0.77,2.95,9.04,12.55,-1.06,11.80,53.15,80.63,310.43,436.64,2.26,2.91,Buy,Buy,StrongBuy,Strong buy,Neutral,Neutral,61.98,-0.09,1.02,113.08,91.40,87.92,0.00,0.00,0.00,0.00,0.00,-0.53,200814.00,-77.21,0.00,0.00,0.00,39.80,28.05,0.31,2.61,5.33,22.11,30.32,36.26,17538353810.58,2.87,18.46,15.00,16.32,15.69,15.59,15.41,15.35,20.44,24.74,15.54,20.14,0.87,0.20,0.23,6599934300.00,1559973370.54,1678880427.24
[object Object],HST,"Host Hotels & Resorts, Inc.",NASDAQ,23.52,stock,common,100.00,1.00,false,0.00,USD,0.60,617561.00,0.06,16108359909.70,USD,15.78,1.49,57.83,3.42,Finance,america,Finance,Buy,Buy,0.60,-7.15,0.43,7.50,23.08,32.51,52.04,46.82,31.32,714.21,2.20,2.36,Sell,Sell,Sell,Sell,Sell,Sell,41.31,-0.98,0.26,-94.47,31.03,50.99,0.00,23.25,-0.56,0.00,4569.00,-0.36,617561.00,-96.96,0.00,0.00,0.00,54.46,15.78,0.27,2.58,2.52,0.00,0.00,8.27,20030359909.70,3.22,22.43,11.92,24.83,24.12,24.21,22.44,20.36,25.17,29.00,21.00,25.00,1.35,0.34,0.09,6127067209.00,1615766898.00,1359941768.00
[object Object],SOBI,Swedish Orphan Biovitrum AB,OMXSTO,458.40,stock,common,10.00,2.00,false,0.00,SEK,2.83,218726.00,0.51,16096893398.70,USD,119.06,0.40,-69.44,0.00,Health technology,sweden,Health Technology,Buy,Buy,2.83,-3.29,-3.86,3.38,18.76,36.84,70.41,192.27,340.29,1296.62,3.23,2.89,Buy,Buy,StrongBuy,Strong buy,Neutral,Neutral,50.64,1.00,-17.96,-29.76,33.33,20.73,0.00,0.00,0.00,0.00,0.00,0.04,218726.00,-31.37,0.00,0.00,0.00,65.86,119.06,0.00,5.10,3.77,20.41,20.48,148.30,17825699798.70,5.67,18.82,8.89,456.44,463.49,456.00,433.72,391.79,54.06,60.20,46.07,53.92,2.03,0.35,0.64,3573590254.58,752411047.79,929654566.64
[object Object],ADM,Admiral Group plc,LSE,3970.00,stock,common,1.00,2.00,false,0.00,GBX,1.79,259346.00,0.39,16069601558.70,USD,17.48,3.01,-15.85,5.26,Finance,uk,Finance,Buy,Buy,1.79,4.86,10.16,26.03,40.78,23.37,15.54,16.63,82.53,1285.69,3.33,2.38,StrongBuy,Strong buy,StrongBuy,Strong buy,Buy,Buy,71.79,382.00,187.63,177.61,81.66,78.58,0.00,0.00,0.00,0.00,0.00,0.00,259346.00,-74.05,0.00,0.00,0.00,13.71,17.48,0.00,2.14,8.12,26.62,33.19,0.00,18872594798.70,2.55,0.00,0.00,3782.60,3660.20,3542.84,3419.01,3234.31,49.10,60.75,35.24,49.44,3.23,1.31,1.59,6730438165.63,3761704241.10,3566006374.45
[object Object],MONC,Moncler SpA,MIL,51.36,stock,common,100.00,2.00,false,0.00,EUR,0.55,331928.00,0.26,15929348848.86,USD,21.87,2.68,3.85,2.74,Consumer non-durables,italy,Consumer Non-Durables,Buy,Buy,0.55,5.48,0.94,-5.55,7.54,-7.96,9.67,-12.21,235.91,256.67,2.80,3.01,Buy,Buy,Buy,Buy,Neutral,Neutral,55.65,3.42,0.16,81.90,70.44,65.52,0.00,0.00,0.00,0.00,0.00,0.16,331928.00,-59.38,0.00,0.00,0.00,-0.02,21.87,5.65,4.34,3.83,13.60,17.48,27.23,16762826102.70,4.59,15.72,11.44,49.56,50.27,51.59,52.28,53.11,71.33,80.56,61.00,71.35,2.81,0.68,2.11,3845431919.67,1471905962.71,2347816760.00
[object Object],ING,ING Bank Slaski S.A.,GPW,443.20,stock,common,10.00,2.00,false,0.00,PLN,-2.98,11293.00,0.46,15890902456.07,USD,12.82,9.18,-1.34,5.85,Finance,poland,Finance,Sell,Sell,-2.98,0.05,-3.86,9.54,9.57,29.78,31.12,116.72,223.98,556.59,2.63,2.91,Sell,Sell,Sell,Sell,Neutral,Neutral,47.52,11.20,-1.29,-6.06,70.82,66.93,0.00,0.00,0.00,0.00,0.00,-0.44,11293.00,-62.42,0.00,0.00,0.00,28.39,12.82,0.00,4.62,2.93,3.79,3.83,0.00,20434125946.07,4.37,0.00,0.00,443.52,450.38,449.52,432.14,396.13,111.13,118.83,93.89,115.08,8.80,0.00,0.00,3308931554.28,802051237.50,0.00
[object Object],LIFCO_B,Lifco AB Class B,OMXSTO,331.20,stock,common,10.00,2.00,false,0.00,SEK,-0.12,132958.00,0.39,15769717145.26,USD,39.04,0.87,12.86,0.81,Producer manufacturing,sweden,Producer Manufacturing,Buy,Buy,-0.12,2.86,3.31,16.95,6.02,-6.18,-3.55,26.95,539.38,1405.45,1.61,2.19,Buy,Buy,StrongBuy,Strong buy,Neutral,Neutral,60.76,18.60,9.38,86.49,88.24,84.38,0.00,0.00,0.00,0.00,0.00,0.00,132958.00,-50.70,0.00,0.00,0.00,-8.75,39.04,3.04,5.15,7.40,28.76,31.57,112.52,16891054145.26,5.62,30.45,22.40,325.50,322.53,315.58,303.23,318.93,37.27,44.67,33.89,36.66,1.08,0.24,0.23,3305196397.02,784229247.94,782134586.59
[object Object],MAP,Mapfre SA,BME,4.44,stock,common,1000.00,2.00,false,0.00,EUR,-0.80,544940.00,0.19,15717464148.67,USD,11.51,0.44,10.93,3.27,Finance,spain,Finance,Neutral,Neutral,-0.80,0.73,1.00,6.17,12.75,4.03,20.60,148.14,93.21,242.44,1.01,1.53,Buy,Buy,StrongBuy,Strong buy,Neutral,Neutral,54.24,0.11,0.04,8.38,56.51,52.88,engulfing_bearish,0.00,0.00,0.00,0.00,0.04,544940.00,-78.80,0.00,0.00,0.00,25.11,11.51,1.06,0.46,1.36,5.39,5.53,0.00,20322894502.67,0.59,0.00,0.00,4.41,4.42,4.29,4.17,4.09,4.81,5.30,4.20,4.84,0.48,0.00,0.00,34570411370.06,0.00,0.00
[object Object],CON,Continental AG,XETR,68.12,stock,common,100.00,2.00,false,0.00,EUR,0.06,105616.00,0.24,15686373863.77,USD,0.00,-0.19,-102.56,3.97,Consumer durables,germany,Consumer Durables,Buy,Buy,0.06,-6.12,-5.18,-2.46,-3.62,0.29,24.37,-12.23,-45.42,568.40,2.92,2.46,Sell,Sell,StrongSell,Strong sell,Neutral,Neutral,38.69,-1.96,-1.79,-202.48,9.72,28.34,0.00,0.00,0.00,0.00,0.00,-0.09,105616.00,-73.31,0.00,0.00,0.00,-6.24,0.00,0.00,0.71,3.12,5.75,10.41,9.11,21840464703.77,0.99,11.43,7.01,70.61,71.67,71.60,68.31,67.61,89.58,103.97,71.62,90.98,6.82,1.63,1.52,18227440234.11,5032511373.26,4085529488.10
[object Object],SWK,"Stanley Black & Decker, Inc.",NYSE,103.81,stock,common,100.00,1.00,false,0.00,USD,2.74,80947.00,0.03,15676283218.67,USD,25.31,4.10,30.04,3.29,Consumer durables,america,Consumer Durables,Buy,Buy,2.74,8.62,17.68,28.49,19.32,38.76,49.83,-47.04,-15.92,4630.31,3.32,3.63,Buy,Buy,StrongBuy,Strong buy,Sell,Sell,69.76,12.55,9.15,142.57,92.32,94.74,0.00,102.25,1.20,-0.44,600.00,0.26,80947.00,-96.63,0.00,0.00,0.00,37.87,25.31,0.82,1.00,1.75,10.08,12.13,25.89,19830183218.67,1.30,14.21,10.50,98.02,92.44,88.38,81.20,78.88,96.91,110.00,84.00,95.00,5.56,1.21,1.57,15163676607.00,3966862091.00,3737733223.00
[object Object],MAA,"Mid-America Apartment Communities, Inc.",NYSE,134.10,stock,common,100.00,1.00,false,0.00,USD,0.35,27524.00,0.02,15558544032.38,USD,39.18,3.42,-29.50,4.57,Finance,america,Finance,Neutral,Neutral,0.35,1.14,-4.85,2.85,3.17,-3.18,-5.08,-29.70,29.79,520.12,1.82,1.88,Neutral,Neutral,Buy,Buy,Neutral,Neutral,49.18,0.22,-2.04,-20.90,44.80,41.60,0.00,135.63,1.50,1.50,100.00,-0.19,27524.00,-97.62,0.00,0.00,0.00,-11.47,39.18,0.00,6.99,2.85,15.41,24.15,239.60,21357416032.38,9.63,34.65,16.99,134.11,135.61,135.26,130.92,132.16,143.40,160.00,121.00,145.00,3.48,0.76,0.79,2230116251.00,556184457.00,559640085.00
[object Object],IPN,Ipsen SA,EURONEXT,162.50,stock,common,10.00,1.00,false,0.00,EUR,0.37,31713.00,0.24,15426307456.96,USD,26.30,7.06,15.12,0.99,Health technology,france,Health Technology,Buy,Buy,0.37,2.14,-2.69,-3.39,21.00,36.90,54.76,80.20,172.01,631.98,3.27,3.27,Buy,Buy,StrongBuy,Strong buy,Buy,Buy,51.62,4.10,-3.22,75.15,39.55,28.92,0.00,0.00,0.00,0.00,0.00,-0.37,31713.00,-70.88,0.00,0.00,0.00,42.70,26.30,1.73,3.32,2.85,10.33,10.99,6.84,14266568922.96,3.09,10.25,6.44,160.13,162.83,160.56,161.01,147.72,190.85,270.94,149.88,196.00,16.27,7.42,8.25,5186802010.21,2418312050.00,2660590190.00
[object Object],KRZ,Kerry Group PLC,EURONEXT,83.05,stock,common,100.00,5.00,false,0.00,EUR,-0.66,91986.00,0.30,15273445562.58,USD,21.16,4.48,-7.27,1.67,Process industries,ireland,Process Industries,Buy,Buy,-0.66,-1.54,-1.95,15.35,7.86,8.35,4.14,-32.83,7.87,442.81,1.89,2.29,Buy,Buy,StrongBuy,Strong buy,Neutral,Neutral,53.25,1.55,0.35,21.74,42.56,38.83,0.00,0.00,0.00,0.00,0.00,0.00,91986.00,-60.71,0.00,0.00,0.00,-7.24,21.16,0.00,2.03,2.16,17.99,29.39,29.37,17847173444.58,2.36,17.46,12.91,83.42,82.84,79.84,74.77,75.35,110.66,121.30,93.57,110.33,5.98,2.46,3.47,8016240268.49,3848160891.46,4037508302.80
[object Object],INF,Informa Plc,LSE,905.80,stock,common,10.00,2.00,false,0.00,GBX,0.07,2504264.00,0.93,15231285044.34,USD,52.27,0.23,219.74,2.43,Technology services,uk,Technology Services,Buy,Buy,0.07,-1.52,0.35,11.69,9.37,1.82,4.74,76.50,39.56,279.87,1.48,2.11,Buy,Buy,StrongBuy,Strong buy,Neutral,Neutral,56.47,24.80,11.38,69.14,66.82,66.15,0.00,0.00,0.00,0.00,0.00,-0.57,2504264.00,106.11,0.00,0.00,0.00,2.05,52.27,0.24,2.83,2.00,13.38,13.82,19.31,20934125924.34,3.88,20.77,13.01,902.44,895.66,873.26,833.20,860.37,14.54,17.30,12.12,14.41,0.76,0.32,0.41,5819517125.92,2671806500.10,2992400763.00
[object Object],EVO,Evolution AB,OMXSTO,734.80,stock,common,10.00,2.00,false,0.00,SEK,0.63,272531.00,0.35,15231260956.94,USD,12.65,5.96,-12.30,0.00,Technology services,sweden,Technology Services,Neutral,Neutral,0.63,0.11,9.51,15.43,34.68,16.45,-15.15,-47.54,1346.46,3882.66,2.37,3.04,Buy,Buy,StrongBuy,Strong buy,Neutral,Neutral,58.57,39.80,36.60,55.99,73.74,78.06,0.00,0.00,0.00,0.00,0.00,-0.19,272531.00,-57.84,0.00,0.00,0.00,-16.89,12.65,0.00,6.43,3.04,10.15,10.74,11.35,13999377135.67,6.09,10.53,9.22,737.62,701.44,700.41,664.58,636.43,74.27,102.60,56.31,71.28,6.37,1.47,1.54,2493190948.39,595866992.11,612300636.82
[object Object],LII,Lennox International Inc.,NYSE,439.96,stock,common,100.00,1.00,false,0.00,USD,0.97,28963.00,0.04,15205488452.99,USD,19.89,22.12,-5.42,1.21,Producer manufacturing,america,Producer Manufacturing,Neutral,Neutral,0.97,4.26,-19.55,-16.67,-16.19,-9.88,-26.58,31.89,178.23,2200.47,3.07,3.87,Sell,Sell,StrongSell,Strong sell,Neutral,Neutral,33.39,-101.17,-83.61,-79.55,19.91,20.73,0.00,0.00,0.00,0.00,0.00,-0.33,28963.00,-95.10,0.00,0.00,0.00,-15.70,19.89,0.00,2.86,11.72,17.11,20.73,293.87,17178088452.99,3.24,16.46,14.74,455.91,519.95,520.24,505.91,507.11,507.08,609.00,450.00,492.50,23.69,7.67,7.53,5583705716.00,1559748938.00,1568375783.00
[object Object],LUND_B,L E Lundbergforetagen AB Class B,OMXSTO,584.00,stock,common,10.00,5.00,false,0.00,SEK,-0.09,35287.00,0.41,15176893200.00,USD,10.59,5.80,166.84,0.84,Finance,sweden,Finance,Neutral,Neutral,-0.09,1.92,5.23,10.19,7.16,14.17,22.02,-7.57,127.90,1913.79,1.14,1.51,Buy,Buy,StrongBuy,Strong buy,Sell,Sell,67.41,22.00,21.80,112.18,93.41,95.86,0.00,0.00,0.00,0.00,0.00,-0.09,35287.00,-54.10,0.00,0.00,0.00,16.39,10.59,0.06,5.02,1.08,16.76,22.57,0.00,23234605200.00,7.64,26.47,22.40,576.00,562.63,554.88,545.42,534.53,61.09,66.94,56.27,60.56,0.00,0.00,0.00,0.00,0.00,0.00
[object Object],MAS,Masco Corporation,NYSE,76.81,stock,common,100.00,1.00,false,0.00,USD,1.78,86643.00,0.02,15146953368.69,USD,17.71,4.34,15.22,0.00,Producer manufacturing,america,Producer Manufacturing,Buy,Buy,1.78,6.44,-1.62,6.36,7.28,20.66,9.64,27.68,109.65,13056.86,2.86,3.06,Buy,Buy,StrongBuy,Strong buy,Neutral,Neutral,50.80,-2.45,-1.85,-15.25,44.11,43.92,harami_bullish,76.50,1.36,1.36,768.00,0.41,86643.00,-97.06,0.00,0.00,0.00,17.98,17.71,1.14,1.97,0.00,11.84,13.58,27.89,18338953368.69,2.41,13.59,12.21,76.03,77.90,75.71,70.82,68.71,80.63,96.00,68.00,78.50,4.53,1.32,1.03,7647280072.00,2082777191.00,1927756694.00
[object Object],TXT,Textron Inc.,NYSE,88.00,stock,common,100.00,1.00,false,0.00,USD,0.13,47287.00,0.02,15134849138.42,USD,16.61,5.30,19.88,0.09,Electronic technology,america,Electronic Technology,Buy,Buy,0.13,0.73,-3.08,-4.31,-5.96,0.56,12.81,22.31,125.12,1218.97,2.51,2.89,StrongSell,Strong sell,StrongSell,Strong sell,Sell,Sell,45.68,-7.53,-2.19,-62.92,26.08,26.74,0.00,0.00,0.00,0.00,0.00,-0.03,47287.00,-96.29,0.00,0.00,0.00,12.34,16.61,0.83,1.01,1.88,12.47,20.32,9.59,17739849138.42,1.16,17.29,12.45,88.40,90.32,90.58,90.48,89.72,102.21,115.00,92.00,99.50,6.46,1.55,1.52,15581335923.00,3805722394.00,3776320880.00
[object Object],BOL,Boliden AB,OMXSTO,521.80,stock,common,10.00,2.00,false,0.00,SEK,2.68,476169.00,0.42,15123222326.47,USD,11.69,4.58,52.37,2.16,Non-energy minerals,sweden,Non-Energy Minerals,Neutral,Neutral,2.68,8.48,0.19,-3.12,-13.81,1.05,69.20,69.51,216.72,11.75,3.65,3.56,Buy,Buy,Buy,Buy,Buy,Buy,56.67,40.40,-7.84,89.77,85.27,72.89,0.00,0.00,0.00,0.00,0.00,0.67,476169.00,-55.67,0.00,0.00,0.00,50.31,11.69,0.22,1.39,1.84,7.11,31.06,35.30,17065197926.47,1.60,10.17,6.33,487.11,505.47,524.77,528.67,533.06,57.42,71.90,46.68,54.91,4.53,0.80,1.12,12467046345.39,2986200197.81,3092666579.51
[object Object],CPT,Camden Property Trust,NYSE,111.24,stock,common,100.00,1.00,false,0.00,USD,0.45,20128.00,0.02,15044025272.91,USD,36.82,3.02,110.85,3.81,Finance,america,Finance,Neutral,Neutral,0.45,-0.39,-4.92,6.90,3.84,1.48,4.10,-24.48,28.66,388.97,1.73,1.87,Sell,Sell,Sell,Sell,Neutral,Neutral,45.85,-2.49,-2.39,-97.61,29.65,29.03,long_lower_shadow_bullish,0.00,0.00,0.00,0.00,0.45,20128.00,-96.72,0.00,0.00,0.00,-4.21,36.82,0.33,7.17,3.00,14.10,35.33,205.41,19937810272.91,12.62,71.25,22.24,112.40,113.64,112.62,107.52,106.76,117.33,134.00,103.00,116.50,1.12,0.31,0.21,1542974775.00,392874687.00,382370668.00
[object Object],DOC,"Healthpeak Properties, Inc.",NYSE,21.21,stock,common,100.00,1.00,false,0.00,USD,0.52,274814.00,0.04,14985442642.79,USD,60.63,0.35,49.04,5.78,Finance,america,Finance,Buy,Buy,0.52,-3.90,-3.19,7.72,26.78,32.23,24.99,-41.44,-44.82,19.83,2.72,2.29,Neutral,Neutral,Neutral,Neutral,Neutral,Neutral,43.19,-1.06,-0.14,-171.04,15.51,18.63,0.00,21.19,0.43,0.05,808.00,-0.05,274814.00,-96.65,0.00,0.00,0.00,30.73,60.63,1.23,4.93,1.86,11.61,13.20,8.51,25240827642.79,8.56,47.67,15.51,21.91,21.92,21.14,19.36,18.31,22.38,29.00,17.00,22.00,0.36,0.03,0.05,2967096479.00,725644112.00,727871044.00
[object Object],ALB,Albemarle Corporation,NYSE,126.67,stock,common,100.00,1.00,false,0.00,USD,1.00,338617.00,0.13,14948290539.99,USD,0.00,-0.04,99.61,1.29,Process industries,america,Process Industries,Buy,Buy,1.00,8.45,0.38,-37.08,-20.78,-11.89,81.33,-43.63,53.86,1647.24,4.10,4.00,Neutral,Neutral,Neutral,Neutral,Buy,Buy,51.17,11.83,-4.13,163.04,69.26,67.62,0.00,128.30,2.30,0.90,17294.00,3.05,338617.00,-91.94,0.00,0.00,0.00,58.38,0.00,0.00,2.89,1.86,9.58,12.85,10.57,17809330539.99,3.01,21.35,12.04,118.91,123.71,138.67,161.36,153.15,179.72,225.00,155.00,175.00,12.43,3.20,3.18,6343487120.00,1606941023.00,1642811960.00
[object Object],LULU,lululemon athletica inc.,NASDAQ,125.85,stock,common,100.00,1.00,false,0.00,USD,0.90,203045.00,0.08,14935076439.55,USD,10.16,12.38,-15.49,0.00,Consumer non-durables,america,Consumer Non-Durables,Neutral,Neutral,0.90,4.53,11.38,-5.45,-25.97,-39.85,-36.34,-69.24,61.66,906.83,2.58,3.35,Buy,Buy,Buy,Buy,Neutral,Neutral,62.76,11.57,6.91,147.74,94.54,92.73,0.00,124.78,0.04,0.22,8124.00,-0.15,203045.00,-90.87,0.00,0.00,0.00,-46.62,10.16,0.00,1.29,2.98,7.51,11.36,9.60,15556355439.55,1.39,7.52,6.02,121.63,117.97,118.37,132.09,158.00,123.01,154.00,88.00,122.00,10.93,1.68,1.83,11047497150.00,2437462552.00,2463726445.00
[object Object],WISE,Wise Group plc Class A,LSE,920.80,stock,common,10.00,2.00,false,0.00,GBX,0.55,320104.00,0.13,14900111748.00,USD,0.00,0.00,0.00,0.00,Commercial services,uk,Commercial Services,StrongBuy,Strong buy,0.55,2.88,-3.84,-12.47,3.03,3.43,-11.54,-4.89,15.33,15.10,2.54,3.41,Buy,Buy,StrongBuy,Strong buy,Buy,Buy,54.55,61.60,-5.15,33.16,76.92,70.34,0.00,0.00,0.00,0.00,0.00,0.00,320104.00,-93.49,0.00,0.00,0.00,-15.96,0.00,0.00,0.00,6.49,0.00,0.00,0.71,-2476677147.84,0.00,0.00,0.00,900.78,924.47,885.74,934.06,914.92,16.82,19.00,13.00,17.10,0.57,0.27,0.30,2912652852.97,1261323388.00,1373730147.00
[object Object],SY1,Symrise AG,XETR,92.16,stock,common,100.00,2.00,false,0.00,EUR,0.37,58508.00,0.17,14784874332.17,USD,51.83,2.03,-50.97,1.36,Process industries,germany,Process Industries,Buy,Buy,0.37,1.19,2.01,26.00,25.39,33.60,16.45,-26.80,45.66,434.26,1.65,2.09,StrongBuy,Strong buy,StrongBuy,Strong buy,Neutral,Neutral,62.21,5.26,2.09,142.66,70.87,65.87,0.00,91.68,-0.15,-0.15,10.00,0.22,58508.00,-80.66,0.00,0.00,0.00,4.21,51.83,0.00,2.59,3.39,15.09,19.10,28.30,16913847612.87,3.01,25.54,17.05,90.24,89.11,86.39,80.47,76.33,108.55,126.72,85.25,112.90,4.55,2.16,2.12,5898493462.46,2875556613.60,2880131025.02
[object Object],GJF,Gjensidige Forsikring ASA,OSL,285.00,stock,common,10.00,2.00,false,0.00,NOK,0.99,63645.00,0.33,14778465554.74,USD,20.51,1.40,5.89,3.54,Finance,norway,Finance,Neutral,Neutral,0.99,1.06,3.86,13.64,1.14,-5.63,0.71,38.28,102.70,383.05,1.31,1.51,StrongBuy,Strong buy,StrongBuy,Strong buy,Buy,Buy,63.23,6.00,6.65,137.77,84.68,85.23,0.00,0.00,0.00,0.00,0.00,0.00,63645.00,-56.17,0.00,0.00,0.00,2.63,20.51,3.45,2.74,6.46,18.35,19.02,0.00,15548932994.74,3.09,0.00,0.00,282.00,277.16,269.46,263.82,271.09,30.77,33.85,25.73,30.95,1.55,0.43,0.47,4566035929.91,1138634517.39,1242014240.91
[object Object],COLO_B,Coloplast A/S Class B,OMXCOP,434.60,stock,common,10.00,1.00,false,0.00,DKK,1.99,78227.00,0.26,14735646431.86,USD,46.51,1.44,-53.71,5.40,Health technology,denmark,Health Technology,Neutral,Neutral,1.99,0.00,7.44,6.13,-15.61,-20.37,-26.09,-62.14,-16.50,537.24,2.47,2.44,Buy,Buy,StrongBuy,Strong buy,Buy,Buy,61.32,31.00,24.87,69.29,70.30,71.67,0.00,0.00,0.00,0.00,0.00,-0.31,78227.00,-48.67,0.00,0.00,0.00,-30.63,46.51,0.00,3.42,7.63,12.90,16.13,91.79,18295492131.86,4.23,15.93,9.95,431.50,411.11,398.96,410.02,479.17,70.90,92.22,53.03,69.17,3.91,0.91,0.93,4512835375.98,1091661011.61,1106924774.97
[object Object],LOGN,Logitech International S.A.,SIX,84.32,stock,common,100.00,2.00,false,0.00,CHF,-0.35,266805.00,0.27,14695487332.62,USD,19.51,5.35,18.52,1.49,Electronic technology,switzerland,Electronic Technology,Neutral,Neutral,-0.35,1.96,7.83,3.82,21.43,5.40,10.05,-15.54,323.72,212.88,3.67,3.49,Buy,Buy,Buy,Buy,Neutral,Neutral,50.74,-1.64,3.19,17.35,49.18,59.30,0.00,0.00,0.00,0.00,0.00,0.45,266805.00,-50.87,0.00,0.00,0.00,9.67,19.51,1.06,3.14,6.38,14.21,15.07,8.67,13042413756.69,2.70,14.87,13.69,85.29,82.32,84.90,81.27,81.36,112.99,142.39,84.11,115.80,5.65,1.26,1.25,4974092506.91,1202355418.00,1210994901.00
[object Object],AIZ,"Assurant, Inc.",NYSE,294.20,stock,common,100.00,1.00,false,0.00,USD,-0.74,13262.00,0.03,14576914781.78,USD,13.99,21.03,52.26,1.16,Finance,america,Finance,Buy,Buy,-0.74,4.99,4.41,25.85,20.09,22.77,40.41,84.26,246.69,1138.74,2.65,2.09,Buy,Buy,StrongBuy,Strong buy,Neutral,Neutral,66.13,17.26,13.40,187.61,82.40,84.53,0.00,0.00,0.00,0.00,0.00,-0.01,13262.00,-97.27,0.00,0.00,0.00,49.39,13.99,0.27,1.10,0.00,0.00,0.00,0.00,16785014781.78,1.25,0.00,0.00,285.85,278.89,269.82,250.37,239.20,309.50,355.00,274.00,312.50,21.58,5.17,4.38,13909400307.00,3430975248.00,3467343480.00
[object Object],BVI,Bureau Veritas SA,EURONEXT,28.44,stock,common,100.00,1.00,false,0.00,EUR,0.00,121313.00,0.09,14531899633.77,USD,25.24,1.29,-22.53,3.23,Commercial services,france,Commercial Services,Buy,Buy,0.00,1.97,4.60,8.01,2.16,5.10,6.84,-0.97,47.82,39127.59,1.55,1.91,StrongBuy,Strong buy,StrongBuy,Strong buy,Buy,Buy,60.16,1.46,1.14,78.31,52.85,53.42,0.00,0.00,0.00,0.00,0.00,-0.18,121313.00,-85.03,0.00,0.00,0.00,0.74,25.24,0.00,1.95,7.62,13.26,15.73,13.51,17004134553.77,2.28,15.67,11.87,28.14,27.45,26.75,26.68,27.13,37.38,44.39,32.28,36.57,1.80,0.74,1.04,7904842338.33,3686554833.22,4109672371.24
[object Object],ALLE,Allegion Public Limited Company,NYSE,170.17,stock,common,100.00,1.00,false,0.00,USD,0.87,69260.00,0.05,14470710112.48,USD,22.32,7.62,5.89,1.26,Consumer durables,america,Consumer Durables,Buy,Buy,0.87,8.49,23.13,24.45,-3.90,6.87,2.92,24.28,138.90,247.36,2.39,2.97,StrongBuy,Strong buy,StrongBuy,Strong buy,Buy,Buy,79.23,16.81,20.10,107.69,98.30,97.88,0.00,168.50,-0.12,-0.12,300.00,-1.05,69260.00,-93.80,0.00,0.00,0.00,-2.68,22.32,3.76,3.38,6.83,18.74,21.48,45.65,16372410112.50,3.82,18.33,15.84,162.64,147.39,141.05,140.21,151.76,173.30,200.00,142.00,170.00,8.93,2.22,2.49,4413005465.00,1118638543.00,1136981300.00
[object Object],COO,"Cooper Companies, Inc.",NASDAQ,73.77,stock,common,100.00,1.00,false,0.00,USD,0.61,142389.00,0.07,14387409101.61,USD,62.31,1.18,-42.57,0.00,Health technology,america,Health Technology,Buy,Buy,0.61,2.53,3.90,20.52,-8.27,-10.14,7.15,-28.77,61.76,930.44,1.97,2.32,Buy,Buy,StrongBuy,Strong buy,Buy,Buy,59.01,3.46,2.66,75.81,79.79,87.14,0.00,73.23,-0.12,0.45,703.00,-0.37,142389.00,-92.63,0.00,0.00,0.00,-4.42,62.31,0.00,3.38,1.75,15.09,25.26,103.49,16708809101.61,3.95,21.71,14.48,73.12,71.87,69.27,67.73,73.15,80.77,92.00,66.00,85.00,4.63,1.10,1.12,4307050105.00,1053780553.00,1099050622.00
[object Object],UU.,United Utilities Group PLC,LSE,1436.00,stock,common,1.00,1.00,false,0.00,GBX,0.56,486098.00,0.31,14270013317.95,USD,16.73,1.13,121.69,3.76,Utilities,uk,Utilities,Buy,Buy,0.56,3.61,7.16,2.72,12.76,19.92,24.49,35.86,45.64,134.64,1.95,2.33,StrongBuy,Strong buy,StrongBuy,Strong buy,Neutral,Neutral,72.08,68.00,61.00,166.08,90.48,85.52,0.00,0.00,0.00,0.00,0.00,-0.21,486098.00,-63.22,0.00,0.00,0.00,36.05,16.73,0.14,3.73,4.37,7.10,0.00,5.47,27313476077.95,7.90,19.19,13.10,1397.70,1364.27,1339.88,1344.23,1294.99,20.23,22.20,18.03,20.47,1.40,0.70,0.68,3648757059.63,2047923420.00,1503100921.20
[object Object],UPM,UPM-Kymmene Oyj,OMXHEX,23.48,stock,common,100.00,1.00,false,0.00,EUR,0.00,267795.00,0.22,14263814100.99,USD,19.81,1.35,82.65,6.39,Process industries,finland,Process Industries,Buy,Buy,0.00,-0.13,2.94,-7.60,-6.94,-5.70,1.03,-31.70,27.68,14.12,1.58,2.10,Sell,Sell,Sell,Sell,Neutral,Neutral,50.41,1.02,0.29,28.21,62.02,63.77,long_lower_shadow_bullish,0.00,0.00,0.00,0.00,0.13,267795.00,-76.29,0.00,0.00,0.00,-3.33,19.81,0.24,1.31,1.25,10.66,15.65,27.03,18573520920.99,1.72,20.93,12.62,23.43,23.21,23.78,24.80,24.68,30.09,43.78,20.05,30.36,1.70,0.33,0.35,11247801801.45,2776216668.14,2711118758.35
[object Object],AGN,Aegon Ltd.,EURONEXT,8.28,stock,common,1000.00,2.00,false,0.00,EUR,0.24,1636652.00,0.45,14216866147.89,USD,13.16,0.74,45.09,4.84,Finance,netherlands,Finance,Buy,Buy,0.24,1.30,7.76,17.25,25.87,24.32,31.72,124.57,135.90,-71.19,1.08,1.46,Buy,Buy,StrongBuy,Strong buy,Neutral,Neutral,74.39,0.22,0.41,124.04,84.88,88.94,0.00,0.00,0.00,0.00,0.00,-0.10,1636652.00,-53.25,0.00,0.00,0.00,21.08,13.16,0.29,0.44,1.66,13.50,14.12,0.00,20773011967.89,0.62,0.00,0.00,8.18,7.91,7.69,7.27,6.91,9.25,10.89,7.49,9.22,1.09,0.48,0.35,10798444940.00,0.00,0.00
[object Object],ERF,Eurofins Scientific SE,EURONEXT,70.18,stock,common,100.00,2.00,false,0.00,EUR,0.43,45303.00,0.20,14168555181.17,USD,24.38,3.29,26.97,1.03,Commercial services,france,Commercial Services,Buy,Buy,0.43,2.01,2.75,18.83,3.48,12.47,8.64,-37.53,81.81,50828.88,1.75,2.35,StrongBuy,Strong buy,StrongBuy,Strong buy,Buy,Buy,59.44,3.78,0.75,99.28,80.26,71.82,0.00,0.00,0.00,0.00,0.00,0.00,45303.00,-81.70,0.00,0.00,0.00,-0.45,24.38,0.90,1.74,3.37,9.46,20.34,20.87,19796864093.17,2.35,18.83,10.63,68.71,68.82,67.01,64.76,64.22,83.04,99.11,66.84,80.38,4.59,2.18,1.87,8917091913.18,4231223804.30,4383886539.82
[object Object],GL,Globe Life Inc.,NYSE,184.01,stock,common,100.00,1.00,false,0.00,USD,-1.08,29670.00,0.04,14141066059.99,USD,12.22,15.06,20.33,0.65,Finance,america,Finance,Buy,Buy,-1.08,1.21,4.13,20.28,23.67,31.78,30.14,95.84,196.55,22806.50,1.86,2.27,Buy,Buy,StrongBuy,Strong buy,Sell,Sell,59.77,10.53,4.16,66.62,84.91,76.76,harami_bearish,0.00,0.00,0.00,0.00,-0.28,29670.00,-94.82,0.00,0.00,0.00,17.64,12.22,0.61,2.37,2.30,10.43,11.78,0.00,17084315059.99,2.76,0.00,0.00,182.03,180.41,173.53,160.95,149.73,195.58,225.00,166.00,192.50,15.73,3.67,4.90,6397812664.00,1590303678.00,1560408605.00
[object Object],REG,Regency Centers Corporation,NASDAQ,77.15,stock,common,100.00,1.00,false,0.00,USD,0.25,140832.00,0.08,14127749835.03,USD,26.03,2.96,38.21,3.86,Finance,america,Finance,Buy,Buy,0.25,-3.81,-4.41,-0.98,1.34,12.35,5.04,17.50,-6.74,300.78,2.24,1.85,Sell,Sell,StrongSell,Strong sell,Neutral,Neutral,33.82,-5.00,-1.65,-218.41,10.07,13.16,"hammer_bullish,long_lower_shadow_bullish",77.03,0.09,-0.08,300.00,-0.04,140832.00,-94.55,0.00,0.00,0.00,12.10,26.03,0.68,8.70,2.12,16.48,33.99,73.82,19922449835.03,12.29,32.97,19.38,79.80,80.52,79.62,78.71,75.36,86.59,103.00,82.00,85.00,2.48,0.59,0.60,1690467634.00,411074118.00,416087583.00
[object Object],MKC,"McCormick & Company, Incorporated",NYSE,52.57,stock,common,100.00,1.00,false,0.00,USD,0.55,83490.00,0.02,14127277377.35,USD,8.75,6.01,108.65,3.62,Consumer non-durables,america,Consumer Non-Durables,Buy,Buy,0.55,3.89,1.04,9.25,-21.27,-22.96,-24.58,-37.18,4.54,6188.74,2.56,3.12,Buy,Buy,StrongBuy,Strong buy,Buy,Buy,56.55,2.61,0.72,49.60,72.62,63.18,0.00,52.30,0.04,0.71,720.00,-0.50,83490.00,-95.71,0.00,0.00,0.00,-29.11,8.75,0.08,1.91,2.02,11.49,13.88,42.73,19307277377.35,2.61,15.63,12.94,51.70,51.84,50.07,50.30,58.22,60.64,75.00,52.00,60.00,3.09,0.69,0.76,7910710295.00,1913593572.00,1979658380.00
[object Object],EG,"Everest Group, Ltd.",NYSE,367.24,stock,common,100.00,1.00,false,0.00,USD,-0.84,9826.00,0.02,14080986340.28,USD,7.77,47.25,146.14,2.16,Finance,america,Finance,Neutral,Neutral,-0.84,-0.51,-0.69,5.47,12.47,8.59,11.51,39.82,92.37,1858.61,1.91,2.25,Neutral,Neutral,Neutral,Neutral,Sell,Sell,46.68,-17.88,1.43,-100.68,16.15,18.58,0.00,0.00,0.00,0.00,0.00,-1.23,9826.00,-96.88,0.00,0.00,0.00,13.20,7.77,0.05,0.86,0.92,6.38,6.38,0.00,17669986340.28,1.05,0.00,0.00,378.36,373.56,357.56,349.01,338.15,402.31,480.00,340.00,398.00,53.20,14.52,8.53,15686253276.00,3993517940.00,3854967233.00
[object Object],BAX,Baxter International Inc.,NYSE,27.20,stock,common,100.00,1.00,false,0.00,USD,0.70,579841.00,0.06,14062290548.45,USD,0.00,-1.93,-626.14,0.74,Health technology,america,Health Technology,Neutral,Neutral,0.70,1.04,20.94,53.59,25.11,40.93,18.78,-63.64,-43.43,1899.58,3.85,4.25,Buy,Buy,StrongBuy,Strong buy,Neutral,Neutral,67.55,4.80,4.25,81.69,67.21,71.59,0.00,26.88,-0.48,1.63,1340.00,-0.30,579841.00,-91.65,0.00,0.00,0.00,-14.96,0.00,-0.02,1.22,2.27,10.68,17.29,6.55,20742290548.45,1.81,32.16,12.98,26.34,23.61,22.09,19.81,19.69,27.60,32.00,23.00,28.00,2.04,0.37,0.52,11615115273.00,2795512463.00,2908271727.00
[object Object],SOLV,Solventum Corporation,NYSE,82.57,stock,common,100.00,1.00,false,0.00,USD,-0.47,55259.00,0.04,14055374025.28,USD,10.09,8.18,276.86,0.00,Health services,america,Health Services,Buy,Buy,-0.47,-4.12,9.35,14.90,7.43,4.20,12.23,-9.31,-9.31,-9.31,3.69,3.18,Buy,Buy,Buy,Buy,Neutral,Neutral,51.81,4.56,6.04,1.56,60.23,76.80,0.00,82.59,-0.45,-0.45,195.00,-1.22,55259.00,-97.65,0.00,0.00,0.00,17.27,10.09,0.04,1.73,2.93,68.47,0.00,35.51,18938374025.28,2.28,26.86,16.00,85.65,80.53,79.31,74.22,75.61,95.00,113.00,60.00,97.50,7.09,1.90,1.38,8221451695.00,2154045686.00,1938553942.00
[object Object],IVZ,Invesco Ltd.,NYSE,31.71,stock,common,100.00,1.00,false,0.00,USD,0.06,530169.00,0.09,13999958461.88,USD,0.00,-0.70,-175.03,2.67,Finance,america,Finance,Buy,Buy,0.06,6.66,17.66,17.05,20.11,19.98,48.52,27.76,6.80,371.52,2.54,3.34,Buy,Buy,StrongBuy,Strong buy,Sell,Sell,63.58,1.78,2.69,135.52,84.79,90.10,0.00,31.85,0.50,0.95,915.00,0.44,530169.00,-89.82,0.00,0.00,0.00,34.69,0.00,0.00,2.02,1.41,7.05,7.37,8.95,17522458461.88,2.46,10.87,10.00,30.49,29.16,28.64,27.00,26.35,33.04,38.00,29.00,33.00,2.80,0.67,0.73,5430962824.00,1318170080.00,1392331412.00
[object Object],FGR,Eiffage SA,EURONEXT,123.90,stock,common,100.00,5.00,false,0.00,EUR,-1.08,56058.00,0.34,13977704533.32,USD,11.58,12.56,-2.20,3.83,Industrial services,france,Industrial Services,Buy,Buy,-1.08,0.41,0.49,-12.13,-3.32,1.47,4.16,42.61,82.85,402.57,1.44,1.80,Sell,Sell,Sell,Sell,Neutral,Neutral,50.09,1.90,0.61,74.72,76.48,81.87,0.00,0.00,0.00,0.00,0.00,-0.32,56058.00,-66.44,0.00,0.00,0.00,2.92,11.58,0.00,0.46,1.57,3.43,4.16,2.00,26898760853.32,0.88,8.80,5.46,123.31,123.52,124.90,129.46,126.69,182.29,223.97,142.11,182.47,13.25,8.73,4.23,30620476662.05,15634173452.01,13805375077.79
[object Object],HRL,Hormel Foods Corporation,NYSE,25.19,stock,common,100.00,1.00,false,0.00,USD,0.40,114997.00,0.03,13862433458.48,USD,29.71,0.85,-37.64,4.65,Consumer non-durables,america,Consumer Non-Durables,Neutral,Neutral,0.40,-0.24,1.45,20.87,0.16,5.84,-11.21,-44.84,-30.93,21395.37,1.56,2.24,Buy,Buy,Buy,Buy,Neutral,Neutral,51.79,-0.12,0.01,-36.00,26.10,28.97,0.00,25.06,-0.12,0.16,1714.00,-0.12,114997.00,-96.32,0.00,0.00,0.00,-10.87,29.71,0.00,1.13,1.74,13.77,20.03,16.14,15873471458.48,1.30,16.84,13.09,25.39,25.18,24.76,23.06,23.36,26.63,30.00,25.00,26.50,1.49,0.35,0.35,12279648404.00,2963169795.00,3048541071.00
[object Object],DPLM,Diploma PLC,LSE,7695.00,stock,common,1.00,5.00,false,0.00,GBX,0.20,197003.00,0.48,13853521731.44,USD,54.62,1.86,13.29,0.82,Distribution services,uk,Distribution Services,StrongBuy,Strong buy,0.20,4.27,13.83,9.93,43.56,44.37,41.58,150.98,844.17,7949.16,1.32,2.54,Buy,Buy,StrongBuy,Strong buy,Neutral,Neutral,63.31,175.00,389.17,103.52,91.93,88.36,0.00,0.00,0.00,0.00,0.00,0.00,197003.00,-3.73,0.00,0.00,0.00,40.24,54.62,4.10,6.28,9.81,36.53,38.67,150.96,14441643171.44,6.63,30.75,24.26,7491.50,7231.83,7157.00,6872.35,6156.18,109.66,120.82,93.97,110.35,3.35,1.43,1.51,2448152545.41,1098582000.00,0.00
[object Object],TRMB,Trimble Inc.,NASDAQ,59.15,stock,common,100.00,1.00,false,0.00,USD,1.02,135166.00,0.05,13788545709.92,USD,31.02,1.91,-68.95,0.00,Technology services,america,Technology Services,StrongBuy,Strong buy,1.02,4.23,11.27,-4.02,-9.15,-24.99,-30.44,-33.67,112.85,3320.71,3.04,3.75,Buy,Buy,StrongBuy,Strong buy,Neutral,Neutral,63.84,6.24,5.00,93.79,87.63,88.72,0.00,59.01,0.79,1.08,636.00,0.43,135166.00,-91.22,0.00,0.00,0.00,-32.65,31.02,0.00,3.76,2.43,27.73,29.16,59.86,14967245709.92,4.06,22.26,17.14,57.99,54.10,53.42,58.54,66.85,81.27,94.00,61.00,80.00,3.59,0.72,0.80,3891506100.00,905598817.00,952091545.00
[object Object],TRYG,Tryg A/S,OMXCOP,154.40,stock,common,10.00,1.00,false,0.00,DKK,0.65,170189.00,0.28,13600317212.84,USD,20.37,1.16,-8.02,5.48,Finance,denmark,Finance,Buy,Buy,0.65,0.39,1.11,3.28,-0.64,-6.99,-4.81,-2.15,59.22,298.37,1.25,1.35,Buy,Buy,Buy,Buy,Neutral,Neutral,53.62,-1.00,0.01,-26.84,53.33,41.78,0.00,0.00,0.00,0.00,0.00,-0.33,170189.00,-52.64,0.00,0.00,0.00,-3.32,20.37,0.00,2.06,2.46,11.76,0.00,0.00,14715871812.84,2.18,0.00,0.00,153.98,153.49,152.09,152.85,155.69,26.01,29.18,21.50,26.11,1.19,0.19,0.38,6655524716.82,1622915067.60,1645753150.42
[object Object],ANA,Acciona SA,BME,213.80,stock,common,10.00,2.00,false,0.00,EUR,0.38,375517.00,3.60,13409281806.17,USD,32.27,7.57,-56.65,2.19,Industrial services,spain,Industrial Services,Sell,Sell,0.38,-13.02,-15.16,-16.94,18.84,14.88,25.25,61.97,231.32,284.53,4.20,3.40,Sell,Sell,StrongSell,Strong sell,Neutral,Neutral,32.27,-33.80,-33.66,-149.86,10.03,10.03,spinning_top_white,0.00,0.00,0.00,0.00,0.19,375517.00,268.36,0.00,0.00,0.00,42.05,32.27,0.00,0.54,2.41,6.53,129.26,2.14,25662166526.17,1.06,16.92,8.46,229.58,247.13,250.83,245.42,218.15,251.02,306.48,195.87,259.24,9.90,0.00,0.00,25180271326.36,10963776000.00,0.00
[object Object],CA,Carrefour SA,EURONEXT,15.79,stock,common,1000.00,5.00,false,0.00,EUR,-0.82,391877.00,0.16,13334863823.27,USD,14.88,1.21,147.85,6.09,Retail trade,france,Retail Trade,Buy,Buy,-0.82,-0.94,-3.78,-7.50,6.54,11.19,26.92,-2.71,-27.55,-13.12,1.38,1.89,Sell,Sell,StrongSell,Strong sell,Neutral,Neutral,43.47,0.09,-0.35,-67.33,38.74,37.53,0.00,0.00,0.00,0.00,0.00,0.47,391877.00,-80.00,0.00,0.00,0.00,26.43,14.88,0.10,0.14,1.01,3.09,4.52,2.14,33356971423.27,0.36,13.08,6.47,15.90,16.21,16.21,16.33,15.25,19.18,25.00,10.23,20.46,2.03,0.54,1.35,96837174053.92,45835471443.86,50023870694.90
[object Object],ADP,Aeroports de Paris,EURONEXT,116.20,stock,common,10.00,1.00,false,0.00,EUR,-0.43,15472.00,0.11,13301848269.86,USD,19.24,6.90,548.17,2.57,Transportation,france,Transportation,Neutral,Neutral,-0.43,-5.99,1.04,7.59,1.66,4.78,3.75,11.04,25.72,165900.00,1.87,2.42,Buy,Buy,StrongBuy,Strong buy,Neutral,Neutral,56.55,9.80,5.01,55.27,52.38,54.41,spinning_top_white,0.00,0.00,0.00,0.00,-0.51,15472.00,-82.91,0.00,0.00,0.00,0.82,19.24,0.04,1.71,2.67,8.42,104.54,4.54,24764447269.86,3.21,17.47,9.54,116.27,112.33,111.07,109.70,113.16,141.45,172.80,125.57,135.94,7.41,3.11,4.35,7972284126.03,3556173837.44,4142400107.42
[object Object],AVY,Avery Dennison Corporation,NYSE,175.37,stock,common,100.00,1.00,false,0.00,USD,0.79,35868.00,0.03,13290966416.60,USD,19.19,9.14,2.41,2.20,Process industries,america,Process Industries,Buy,Buy,0.79,1.80,8.31,5.59,-9.41,-3.48,3.74,-17.69,123.89,2685.03,2.42,3.00,Buy,Buy,StrongBuy,Strong buy,Buy,Buy,62.83,14.47,9.27,96.58,61.04,59.08,0.00,175.21,0.70,0.00,12565.00,-0.28,35868.00,-95.44,0.00,0.00,0.00,-3.70,19.19,7.89,1.44,5.73,10.86,12.60,48.77,16694466416.60,1.81,13.55,10.65,171.44,164.28,161.90,163.71,172.75,201.80,225.00,181.00,204.50,10.17,2.47,2.33,9340805208.00,2296134169.00,2258360437.00
[object Object],DECK,Deckers Outdoor Corporation,NYSE,97.56,stock,common,100.00,1.00,false,0.00,USD,-0.31,98769.00,0.04,13286582982.29,USD,13.85,7.05,8.22,0.00,Consumer non-durables,america,Consumer Non-Durables,Buy,Buy,-0.31,-1.20,-5.83,-4.29,-12.43,-6.47,-7.46,35.42,811.25,8906.07,2.31,3.55,StrongSell,Strong sell,StrongSell,Strong sell,Sell,Sell,41.93,1.52,-3.47,-82.46,42.09,41.99,0.00,97.50,-0.38,0.91,6241.00,-0.91,98769.00,-91.71,0.00,0.00,0.00,-14.90,13.85,1.69,2.46,5.80,11.32,12.09,8.44,12156327982.29,2.21,9.84,9.26,99.59,102.29,105.19,103.94,102.17,122.15,184.00,85.00,117.50,7.53,0.88,1.79,5886966171.00,1018031764.00,1506651354.00
[object Object],BCVN,Banque Cantonale Vaudoise,SIX,125.10,stock,common,10.00,1.00,false,0.00,CHF,-0.40,9227.00,0.25,13278500927.35,USD,25.01,6.31,-2.47,3.50,Finance,switzerland,Finance,Neutral,Neutral,-0.40,-0.87,4.86,10.51,15.94,24.73,30.93,52.38,89.40,1389.29,1.62,1.80,Neutral,Neutral,Buy,Buy,Neutral,Neutral,51.20,-2.20,2.60,-79.32,21.57,29.41,0.00,0.00,0.00,0.00,0.00,-0.16,9227.00,-72.88,0.00,0.00,0.00,35.12,25.01,0.00,8.83,2.70,0.00,0.00,0.00,22878411527.35,12.32,0.00,0.00,126.55,124.27,121.54,122.05,112.39,130.71,135.00,126.41,130.71,6.29,0.00,0.00,1461723825.81,708722920.00,0.00
[object Object],ORNBV,Orion Oyj Class B,OMXHEX,81.85,stock,common,100.00,5.00,false,0.00,EUR,0.31,41203.00,0.28,13213597341.15,USD,19.62,4.76,55.11,2.11,Health technology,finland,Health Technology,Neutral,Neutral,0.31,1.05,15.04,17.85,13.84,28.29,24.77,130.82,127.42,319.10,2.08,2.87,StrongBuy,Strong buy,StrongBuy,Strong buy,Buy,Buy,66.29,3.40,6.86,80.84,91.89,90.68,0.00,0.00,0.00,0.00,0.00,0.43,41203.00,-55.87,0.00,0.00,0.00,14.55,19.62,0.35,5.59,9.09,24.44,29.33,88.56,13216477391.15,5.63,15.65,14.48,80.95,75.30,72.69,71.41,68.37,89.21,99.09,63.37,94.48,4.74,1.09,1.26,2469523887.40,577071334.09,617722147.77
[object Object],HAS,"Hasbro, Inc.",NASDAQ,93.13,stock,common,100.00,1.00,false,0.00,USD,1.57,66448.00,0.03,13134766070.39,USD,16.74,5.56,0.00,3.05,Consumer durables,america,Consumer Durables,StrongBuy,Strong buy,1.57,-1.94,21.88,-4.96,-3.50,13.57,20.44,-5.25,14.04,41496.87,2.69,3.13,Buy,Buy,StrongBuy,Strong buy,Neutral,Neutral,62.88,4.33,6.45,62.33,67.28,66.76,0.00,91.86,0.19,1.35,211.00,0.62,66448.00,-96.08,0.00,0.00,0.00,27.40,16.74,0.00,2.64,18.66,10.34,10.98,9.67,15659866070.39,3.15,11.20,10.07,92.95,85.60,85.07,89.03,87.85,110.00,120.00,85.00,111.00,6.15,1.16,1.87,5054835462.00,1068890500.00,1480223750.00
[object Object],DHER,Delivery Hero SE,XETR,37.20,stock,common,100.00,1.00,false,0.00,EUR,0.65,113276.00,0.13,13050019579.07,USD,0.00,-3.11,16.07,0.00,Transportation,germany,Transportation,Neutral,Neutral,0.65,-0.91,2.48,85.81,62.94,63.30,47.85,-71.51,38.29,38.29,0.72,1.77,Neutral,Neutral,Neutral,Neutral,Buy,Buy,49.30,-0.80,0.13,-101.20,7.80,3.93,0.00,0.00,0.00,0.00,0.00,0.24,113276.00,-85.82,0.00,0.00,0.00,45.38,0.00,0.00,0.78,6.77,0.00,0.00,5.25,16122456919.07,0.98,160.93,25.85,37.42,37.40,37.38,29.87,25.42,44.89,51.99,33.63,47.94,-0.19,-1.28,0.00,18271976826.45,8578621040.00,8648249350.00
[object Object],BF.B,Brown-Forman Corporation Class B,NYSE,28.28,stock,common,100.00,1.00,false,0.00,USD,0.04,157143.00,0.06,13035670210.49,USD,18.51,1.53,-16.85,3.25,Consumer non-durables,america,Consumer Non-Durables,Neutral,Neutral,0.04,-1.84,8.23,4.09,-2.38,8.23,-8.18,-59.83,-27.69,11354.17,3.57,3.54,Buy,Buy,StrongBuy,Strong buy,Neutral,Neutral,57.29,2.20,1.42,66.09,67.32,68.04,long_upper_shadow_bearish,0.00,0.00,0.00,0.00,0.14,157143.00,-89.56,0.00,0.00,0.00,-6.98,18.51,0.00,3.29,3.23,12.99,14.55,39.72,15288670210.49,3.88,13.59,12.56,28.46,26.89,26.68,26.62,27.23,27.56,35.00,20.00,28.00,1.70,0.31,0.37,3948936721.00,884737595.00,917952449.00
[object Object],BEAN,BELIMO Holding AG,SIX,864.00,stock,common,10.00,5.00,false,0.00,CHF,0.58,4325.00,0.23,13001537687.03,USD,51.77,20.65,20.18,1.16,Producer manufacturing,switzerland,Producer Manufacturing,Buy,Buy,0.58,1.89,2.98,15.35,2.98,7.40,-6.24,83.24,431.86,2732.79,2.40,3.41,Buy,Buy,StrongBuy,Strong buy,Neutral,Neutral,54.67,22.00,7.35,99.45,80.98,86.21,0.00,0.00,0.00,0.00,0.00,-1.05,4325.00,-62.52,0.00,0.00,0.00,-11.16,51.77,2.55,8.55,17.03,61.10,118.71,103.08,13036240607.03,8.53,40.96,35.28,844.80,842.73,868.18,792.16,801.45,1225.09,1411.17,816.02,1270.05,24.16,0.00,0.00,1670294501.92,801008229.95,808304842.80
[object Object],LI,Klepierre SA,EURONEXT,39.74,stock,common,100.00,2.00,false,0.00,EUR,-0.45,118954.00,0.21,12961741635.48,USD,8.33,5.45,16.00,4.76,Finance,france,Finance,Neutral,Neutral,-0.45,0.35,10.70,16.20,22.81,17.92,13.54,89.69,-6.68,1828.27,1.54,1.34,Buy,Buy,StrongBuy,Strong buy,Neutral,Neutral,73.06,1.10,2.20,77.35,85.37,89.21,"hanging_man_bearish,long_lower_shadow_bullish",0.00,0.00,0.00,0.00,-0.05,118954.00,-75.76,0.00,0.00,0.00,17.42,8.33,0.52,6.80,1.20,12.36,15.72,32.06,24199466331.48,12.61,19.89,19.57,39.47,37.71,36.94,35.51,34.42,43.95,54.18,35.81,45.05,3.30,1.58,1.88,1542744242.67,747174482.04,827101975.16
[object Object],CLX,Clorox Company,NYSE,106.16,stock,common,100.00,1.00,false,0.00,USD,0.53,134163.00,0.05,12836406539.86,USD,22.06,4.81,-26.25,4.70,Consumer non-durables,america,Consumer Non-Durables,Neutral,Neutral,0.53,10.98,11.50,15.17,-9.12,5.00,-15.51,-34.93,-19.71,5833.55,3.54,3.31,Buy,Buy,StrongBuy,Strong buy,Neutral,Neutral,66.36,10.61,6.18,175.82,91.08,90.52,0.00,106.00,0.38,1.19,4484.00,0.31,134163.00,-93.34,0.00,0.00,0.00,-21.93,22.06,0.00,1.91,0.00,0.00,0.00,90.42,18375406539.86,2.73,20.28,0.00,101.01,97.70,96.29,97.48,103.87,98.38,117.00,77.00,99.50,5.85,1.64,1.11,7630583718.00,1914937418.00,1878377667.00
[object Object],FME,Fresenius Medical Care AG,XETR,41.94,stock,common,100.00,1.00,false,0.00,EUR,0.14,215736.00,0.21,12819933173.70,USD,12.61,3.80,48.60,3.56,Health services,germany,Health Services,Neutral,Neutral,0.14,-6.38,0.33,13.05,3.40,2.82,3.50,-37.42,-48.57,80.93,3.52,2.21,Neutral,Neutral,Neutral,Neutral,Neutral,Neutral,47.57,-1.33,0.45,-74.05,21.54,25.40,0.00,0.00,0.00,0.00,0.00,0.53,215736.00,-79.07,0.00,0.00,0.00,-13.42,12.61,0.26,0.58,0.89,0.00,0.00,0.00,12720043823.54,0.57,5.26,0.00,43.09,42.27,41.15,39.73,40.08,47.37,68.16,34.66,47.36,4.78,1.22,1.24,22823300827.40,5467868394.64,5693270098.66
[object Object],TYL,"Tyler Technologies, Inc.",NYSE,312.09,stock,common,100.00,1.00,false,0.00,USD,1.88,33700.00,0.03,12780897113.43,USD,41.36,7.55,7.90,0.00,Technology services,america,Technology Services,StrongBuy,Strong buy,1.88,-2.00,-1.77,-4.61,-8.66,-30.74,-49.21,-36.95,93.69,8435.86,3.85,4.52,Neutral,Neutral,Buy,Buy,Neutral,Neutral,51.42,14.94,3.42,3.37,38.78,39.06,rising_window_bullish,307.51,0.39,0.72,263.00,1.04,33700.00,-96.12,0.00,0.00,0.00,-41.19,41.36,5.14,5.28,4.21,17.88,18.29,13.47,13265892113.43,5.46,36.07,25.39,315.95,309.14,304.94,317.69,370.79,423.14,525.00,335.00,425.00,13.08,3.05,3.48,2505251890.00,647946789.00,638259120.00
[object Object],RVTY,"Revvity, Inc.",NYSE,114.51,stock,common,100.00,1.00,false,0.00,USD,0.24,53309.00,0.03,12774709746.04,USD,54.00,2.12,-10.03,0.25,Health technology,america,Health Technology,Buy,Buy,0.24,0.46,3.73,15.51,15.20,17.81,31.18,-38.50,108.96,3356.91,4.24,3.67,Buy,Buy,StrongBuy,Strong buy,Buy,Buy,56.94,4.04,2.84,124.68,81.47,78.29,0.00,114.30,0.05,0.05,199.00,0.65,53309.00,-95.77,0.00,0.00,0.00,11.72,54.00,0.00,0.00,0.00,0.00,0.00,0.00,11751053746.04,0.00,0.00,0.00,112.94,111.92,107.82,99.43,99.44,121.00,145.00,100.00,122.50,5.36,1.21,1.29,2850769143.00,702956637.00,694064958.00
[object Object],APA,APA Corporation,NASDAQ,36.09,stock,common,100.00,1.00,false,0.00,USD,-1.20,557665.00,0.09,12756739627.66,USD,7.63,4.73,58.66,2.74,Energy minerals,america,Energy Minerals,Neutral,Neutral,-1.20,-0.99,3.35,-0.33,35.55,46.83,86.80,101.17,-28.04,1682.90,3.14,3.29,Buy,Buy,StrongBuy,Strong buy,Neutral,Neutral,52.71,-0.06,1.36,42.27,45.81,45.51,spinning_top_white,35.87,-1.81,-0.57,11283.00,-1.49,557665.00,-93.10,0.00,0.00,0.00,73.86,7.63,0.13,1.47,1.80,2.82,6.08,28.77,16978739627.66,1.93,4.67,2.80,36.00,34.78,35.24,37.17,31.67,42.48,62.00,31.00,41.00,5.63,1.90,1.20,8859404286.00,2460458417.00,2115801290.00
[object Object],SPSN,Swiss Prime Site AG,SIX,129.70,stock,common,10.00,1.00,false,0.00,CHF,0.46,13282.00,0.16,12746633885.74,USD,27.08,6.04,6.49,2.71,Finance,switzerland,Finance,Neutral,Neutral,0.46,-1.97,0.00,-1.29,-2.11,5.62,13.28,32.89,46.85,161.39,1.18,1.34,Sell,Sell,StrongSell,Strong sell,Buy,Buy,45.57,0.00,-1.31,-107.09,15.93,18.85,0.00,0.00,0.00,0.00,0.00,0.08,13282.00,-84.12,0.00,0.00,0.00,16.50,27.08,4.15,18.72,1.47,34.60,34.61,319.70,19905265438.54,28.52,38.95,38.43,130.47,130.81,130.49,132.52,128.93,175.01,198.59,155.15,176.25,4.66,0.00,0.00,653834263.95,287938380.00,0.00
[object Object],RXL,Rexel SA,EURONEXT,37.86,stock,common,100.00,1.00,false,0.00,EUR,0.72,83993.00,0.11,12737989150.13,USD,16.74,2.58,170.71,3.19,Distribution services,france,Distribution Services,Buy,Buy,0.72,5.28,1.47,-0.45,1.72,12.81,47.43,117.52,183.60,129.45,1.93,2.74,Buy,Buy,StrongBuy,Strong buy,Buy,Buy,54.56,0.23,-0.41,21.92,78.42,68.68,0.00,0.00,0.00,0.00,0.00,-0.13,83993.00,-78.16,0.00,0.00,0.00,27.88,16.74,0.10,0.57,2.02,11.98,14.13,10.86,18347520136.13,0.82,13.53,9.87,36.57,37.60,37.35,36.58,35.06,46.80,52.39,34.17,47.83,2.96,1.34,1.50,24103172053.34,11311110707.80,12353635205.11
[object Object],SJM,J.M. Smucker Company,NYSE,119.17,stock,common,100.00,1.00,false,0.00,USD,0.31,32998.00,0.02,12736971427.06,USD,0.00,-1.31,88.70,3.70,Consumer non-durables,america,Consumer Non-Durables,Buy,Buy,0.31,-1.25,4.96,19.33,9.96,21.65,8.90,-7.01,-23.25,7466.67,2.75,2.92,Buy,Buy,StrongBuy,Strong buy,Neutral,Neutral,55.44,0.85,3.43,30.42,44.96,47.68,0.00,119.30,0.42,0.00,714.00,-0.54,32998.00,-96.56,0.00,0.00,0.00,10.27,0.00,0.00,1.40,2.29,8.65,11.02,217.39,19808171427.06,2.19,13.05,9.55,120.58,115.84,113.04,105.23,104.86,125.07,137.00,102.00,129.00,10.05,2.64,2.20,8808099387.00,2257653121.00,2120262909.00
[object Object],HII,"Huntington Ingalls Industries, Inc.",NYSE,322.69,stock,common,100.00,1.00,false,0.00,USD,0.29,17029.00,0.02,12715667213.47,USD,19.24,16.77,25.62,1.71,Electronic technology,america,Electronic Technology,Buy,Buy,0.29,-0.10,12.93,1.67,-13.92,-5.11,20.22,57.70,89.66,803.40,2.92,3.58,Buy,Buy,Buy,Buy,Neutral,Neutral,63.53,35.11,33.53,98.48,80.52,81.29,doji,322.70,0.29,0.29,186.00,0.36,17029.00,-96.34,0.00,0.00,0.00,15.45,19.24,0.75,0.96,2.39,36.73,0.00,1062.20,15638667213.47,1.19,24.25,16.17,312.61,291.82,292.55,330.27,348.14,366.64,439.00,304.00,364.00,18.32,3.79,4.42,13310657504.00,3152366959.00,3337030617.00
[object Object],SVT,Severn Trent Plc,LSE,3138.00,stock,common,1.00,2.00,false,0.00,GBX,0.71,330359.00,0.69,12660514889.67,USD,25.50,1.63,61.02,4.04,Utilities,uk,Utilities,Neutral,Neutral,0.71,2.95,5.23,0.80,5.27,12.31,16.52,13.61,31.24,421.26,2.19,2.03,StrongBuy,Strong buy,StrongBuy,Strong buy,Buy,Buy,65.95,118.00,76.99,207.37,93.90,81.37,0.00,0.00,0.00,0.00,0.00,-0.19,330359.00,-24.49,0.00,0.00,0.00,16.75,25.50,0.42,3.33,5.13,10.26,0.00,11.91,26365412489.67,7.04,23.14,14.66,3056.80,3011.67,2972.20,3038.70,2968.95,42.76,48.60,33.56,43.30,2.74,0.99,1.50,4137591388.11,1808572676.00,2156865430.80
[object Object],SDLF,Standard Life plc,LSE,943.50,stock,common,10.00,5.00,false,0.00,GBX,1.02,709159.00,0.43,12590891601.95,USD,0.00,-0.63,57.89,5.93,Finance,uk,Finance,Buy,Buy,1.02,2.44,9.71,23.92,26.31,27.67,37.44,36.34,54.21,82.86,1.60,1.88,Buy,Buy,StrongBuy,Strong buy,Neutral,Neutral,75.05,27.00,48.09,147.50,87.79,84.44,0.00,0.00,0.00,0.00,0.00,0.16,709159.00,-42.07,0.00,0.00,0.00,41.95,0.00,0.00,0.25,38.73,2.46,2.46,0.00,18430404801.97,0.37,0.00,0.00,923.30,890.98,850.79,794.11,754.03,12.36,14.43,10.27,12.12,0.90,0.37,0.45,7893244800.00,0.00,0.00
[object Object],GNRC,Generac Holdings Inc.,NYSE,213.33,stock,common,100.00,1.00,false,0.00,USD,1.02,57895.00,0.04,12587826150.67,USD,49.18,4.34,-27.95,0.00,Producer manufacturing,america,Producer Manufacturing,Buy,Buy,1.02,8.05,-8.04,-20.99,21.29,54.61,8.77,-48.47,490.61,2088.00,5.01,5.27,Neutral,Neutral,Sell,Sell,Neutral,Neutral,45.10,11.32,-21.08,24.68,68.72,70.11,0.00,215.61,2.10,1.34,1420.00,1.34,57895.00,-94.54,0.00,0.00,0.00,28.80,49.18,0.00,2.84,4.37,23.21,33.55,48.02,13663933150.67,3.08,23.28,17.05,203.91,226.03,244.71,236.50,205.09,288.47,340.00,214.00,285.00,9.72,2.01,2.45,4939345126.00,1177919872.00,1327433966.00
[object Object],CRL,"Charles River Laboratories International, Inc.",NYSE,263.58,stock,common,100.00,1.00,false,0.00,USD,-0.73,38351.00,0.04,12583012483.63,USD,0.00,-4.85,-266.29,0.00,Commercial services,america,Commercial Services,Buy,Buy,-0.73,11.82,16.61,44.38,42.56,31.70,71.86,-35.52,207.27,1251.69,3.91,3.93,Buy,Buy,StrongBuy,Strong buy,Neutral,Neutral,73.59,37.00,23.10,210.29,91.34,82.63,0.00,266.01,0.19,-0.19,1200.00,-1.50,38351.00,-97.07,0.00,0.00,0.00,31.87,0.00,-0.21,3.19,4.43,21.74,34.15,58.48,15449770483.63,3.86,28.59,18.43,242.15,231.89,213.69,190.86,189.09,277.92,310.00,219.00,300.00,11.26,2.77,2.99,3888899334.00,980534357.00,953936047.00
[object Object],AC,Accor SA,EURONEXT,47.09,stock,common,100.00,1.00,false,0.00,EUR,-0.28,197245.00,0.26,12577857044.15,USD,42.88,1.25,-51.06,2.86,Consumer services,france,Consumer Services,Buy,Buy,-0.28,2.59,-4.81,6.54,-1.77,-1.90,7.07,60.72,32.55,321.48,1.95,1.99,Buy,Buy,Buy,Buy,Neutral,Neutral,50.10,0.78,-1.26,47.10,76.65,70.37,0.00,0.00,0.00,0.00,0.00,-0.02,197245.00,-76.28,0.00,0.00,0.00,-7.43,42.88,0.00,1.94,3.60,12.84,18.19,8.73,18288420184.15,2.83,18.20,13.22,46.57,47.74,47.61,45.51,45.98,65.15,80.71,58.80,62.83,2.59,0.78,1.46,6823268690.77,3114760795.08,3470690654.00
[object Object],JMT,"Jeronimo Martins, SGPS S.A.",EURONEXT,17.58,stock,common,100.00,1.00,false,0.00,EUR,1.38,366298.00,0.25,12570779415.74,USD,0.00,0.00,0.00,3.75,Retail trade,portugal,Retail Trade,Buy,Buy,1.38,-0.45,5.21,-5.59,-13.48,-13.74,-17.39,1.68,18.90,850.27,1.76,2.12,Buy,Buy,Buy,Buy,Buy,Buy,57.69,0.77,0.52,78.61,44.50,46.77,0.00,0.00,0.00,0.00,0.00,0.40,366298.00,-72.62,0.00,0.00,0.00,-19.38,0.00,0.00,0.00,0.00,0.00,0.00,0.00,17920760295.74,0.43,11.64,6.18,17.40,16.90,17.18,18.55,19.76,26.16,33.38,17.38,25.32,1.33,0.31,0.41,44724178856.08,10742309212.90,11160869056.06
[object Object],AKZA,Akzo Nobel N.V.,EURONEXT,63.86,stock,common,100.00,2.00,false,0.00,EUR,0.47,77224.00,0.15,12524080471.76,USD,17.26,4.23,53.05,3.12,Process industries,netherlands,Process Industries,Buy,Buy,0.47,4.83,7.51,25.96,7.00,7.40,17.48,-38.57,-0.55,12.52,1.66,2.47,Buy,Buy,StrongBuy,Strong buy,Neutral,Neutral,70.14,6.00,3.17,127.28,97.44,96.39,0.00,0.00,0.00,0.00,0.00,-0.50,77224.00,-84.21,0.00,0.00,0.00,6.59,17.26,0.32,1.10,2.26,11.21,15.57,3.16,16333810611.76,1.45,38.24,19.04,61.67,59.36,59.31,55.36,56.42,72.80,85.32,62.57,71.67,4.67,1.34,1.33,11783002562.88,2939533223.91,2987452399.50
[object Object],ALE,Allegro.eu S.A.,GPW,46.27,stock,common,1000.00,5.00,false,0.00,PLN,0.42,1833266.00,0.32,12522678963.70,USD,31.94,0.40,47.82,0.00,Retail trade,poland,Retail Trade,Buy,Buy,0.42,2.55,18.13,50.46,60.78,49.24,28.00,-28.27,-28.82,-28.82,2.47,2.58,Buy,Buy,StrongBuy,Strong buy,Neutral,Neutral,71.08,1.53,3.58,130.83,81.92,78.06,spinning_top_white,0.00,0.00,0.00,0.00,0.00,1833266.00,-55.79,0.00,0.00,0.00,17.48,31.94,0.67,4.18,4.62,15.43,22.12,13.55,13142301810.70,4.12,21.69,15.12,45.23,42.66,40.10,34.74,32.84,11.76,15.79,9.21,11.84,0.54,0.26,0.24,3754622883.60,1678220913.20,1664391773.88
[object Object],REC,Recordati S.p.A.,MIL,53.20,stock,common,100.00,5.00,false,0.00,EUR,1.04,162270.00,0.51,12516823814.84,USD,22.35,2.72,22.24,2.55,Health technology,italy,Health Technology,Buy,Buy,1.04,3.40,3.70,5.98,11.76,10.28,5.87,-1.15,88.52,5408.53,1.15,0.53,StrongBuy,Strong buy,StrongBuy,Strong buy,Buy,Buy,82.78,1.85,0.70,318.34,89.97,92.55,0.00,0.00,0.00,0.00,0.00,-0.09,162270.00,-31.30,0.00,0.00,0.00,-5.52,22.35,0.99,4.05,5.11,17.18,18.47,28.31,14726989161.10,4.77,15.96,12.66,51.91,51.56,51.29,50.38,49.56,67.91,81.38,57.31,65.90,3.74,0.00,0.00,3273909700.75,778370993.00,777383096.00
[object Object],SKF_B,SKF AB Class B,OMXSTO,260.60,stock,common,10.00,1.00,false,0.00,SEK,-0.38,273330.00,0.31,12479117467.85,USD,26.34,1.02,-16.09,4.49,Producer manufacturing,sweden,Producer Manufacturing,Buy,Buy,-0.38,0.54,1.80,9.04,5.12,5.93,13.75,16.24,94.33,666.47,1.81,2.29,Buy,Buy,StrongBuy,Strong buy,Neutral,Neutral,54.44,4.80,7.42,36.63,68.34,78.57,long_lower_shadow_bullish,0.00,0.00,0.00,0.00,-0.23,273330.00,-65.69,0.00,0.00,0.00,11.17,26.34,0.00,1.33,2.06,19.79,46.76,9.52,13571347867.85,1.48,13.34,9.20,260.43,257.19,252.09,241.92,244.17,27.99,32.89,22.97,28.19,1.86,0.38,0.41,9897890745.01,2363459932.35,2418733728.29
[object Object],LATO_B,Investment AB Latour Class B,OMXSTO,203.00,stock,common,10.00,1.00,false,0.00,SEK,0.84,112683.00,0.39,12474663349.14,USD,28.94,0.74,-9.77,2.53,Finance,sweden,Finance,Neutral,Neutral,0.84,1.50,5.62,-1.69,-10.81,-9.94,-18.47,-42.64,137.08,1833.35,1.85,2.14,Buy,Buy,StrongBuy,Strong buy,Neutral,Neutral,59.37,6.65,7.25,76.72,79.39,82.86,0.00,0.00,0.00,0.00,0.00,-0.50,112683.00,-60.36,0.00,0.00,0.00,-20.85,28.94,0.00,4.61,3.03,31.61,0.00,46.31,14248595449.14,4.84,36.38,29.53,201.64,196.44,195.27,201.22,213.97,24.15,30.47,21.07,22.52,0.00,0.00,0.00,0.00,754178800.00,0.00
[object Object],IDR,"Indra Sistemas, S.A. Class A",BME,62.72,stock,common,100.00,2.00,false,0.00,EUR,2.22,679885.00,0.51,12452287771.94,USD,24.97,2.87,16.97,0.40,Technology services,spain,Technology Services,Buy,Buy,2.22,10.46,21.88,20.71,30.67,28.79,69.97,604.72,452.11,402.56,3.36,3.79,Buy,Buy,StrongBuy,Strong buy,Neutral,Neutral,74.27,9.36,7.86,128.31,93.06,94.05,0.00,0.00,0.00,0.00,0.00,0.10,679885.00,-17.13,0.00,0.00,0.00,58.63,24.97,1.44,1.74,5.67,0.00,0.00,4.44,11813244997.64,1.67,16.73,12.59,58.60,52.95,53.33,52.22,52.11,75.23,91.11,56.95,76.31,3.24,0.72,0.71,8110178376.96,2054857526.19,1881756352.91
[object Object],CSGP,"CoStar Group, Inc.",NASDAQ,30.71,stock,common,100.00,1.00,false,0.00,USD,3.82,429845.00,0.05,12443618304.31,USD,169.01,0.18,-28.72,0.00,Technology services,america,Technology Services,Buy,Buy,3.82,5.82,3.54,-11.29,-39.94,-54.24,-68.28,-64.44,48.98,3312.22,3.13,5.29,Buy,Buy,Buy,Buy,Buy,Buy,55.12,3.05,0.69,118.18,77.60,74.90,0.00,29.90,1.08,0.07,8355.00,1.57,429845.00,-94.50,0.00,0.00,0.00,-69.42,169.01,0.00,3.36,1.57,24.97,27.94,9.81,12345618304.31,3.47,143.05,30.60,29.79,29.21,30.38,33.82,47.67,36.26,52.00,25.00,35.00,1.36,0.29,0.33,3734017950.00,928807579.00,940480263.00
[object Object],SGE,Sage Group plc,LSE,1049.00,stock,common,10.00,5.00,false,0.00,GBX,2.09,1111489.00,0.34,12405748629.30,USD,26.37,0.53,16.04,2.18,Technology services,uk,Technology Services,Buy,Buy,2.09,8.89,24.58,18.61,23.47,-3.32,-11.81,46.02,49.96,5145.00,3.31,3.65,Buy,Buy,StrongBuy,Strong buy,Neutral,Neutral,74.46,190.80,138.41,115.78,94.81,92.45,0.00,0.00,0.00,0.00,0.00,-0.15,1111489.00,-52.15,0.00,0.00,0.00,-29.89,26.37,1.61,3.74,44.16,18.68,19.82,19.40,14428929429.30,4.14,18.31,15.93,989.16,888.56,867.15,866.46,935.44,14.75,18.14,11.43,15.29,0.67,0.32,0.36,3715802264.17,1798607440.00,1939073963.15
[object Object],SN.,Smith & Nephew plc,LSE,1115.00,stock,common,10.00,5.00,false,0.00,GBX,1.55,2440219.00,0.69,12399031017.97,USD,20.36,0.73,27.05,2.64,Health technology,uk,Health Technology,Neutral,Neutral,1.55,-4.21,-1.98,0.36,-11.19,-9.57,-16.45,-19.81,-12.20,346.00,3.19,2.84,Sell,Sell,StrongSell,Strong sell,Sell,Sell,45.13,-25.00,-8.73,-91.78,11.90,19.12,0.00,0.00,0.00,0.00,0.00,0.18,2440219.00,-61.64,0.00,0.00,0.00,-2.37,20.36,0.74,2.01,2.43,9.71,15.20,16.89,15471022880.86,2.49,14.58,9.36,1156.35,1139.77,1136.20,1156.44,1214.78,17.32,20.76,14.15,17.28,1.10,0.47,0.60,6529522924.27,3459130400.00,3360857000.00
[object Object],RTO,Rentokil Initial plc,LSE,361.70,stock,common,10.00,1.00,false,0.00,GBX,-0.50,7944635.00,0.36,12291690800.11,USD,25.74,0.19,38.70,2.52,Commercial services,uk,Commercial Services,Buy,Buy,-0.50,1.80,-19.34,-26.02,-22.47,-19.08,0.17,-36.16,65.54,169.93,3.97,3.26,Sell,Sell,StrongSell,Strong sell,Neutral,Neutral,30.83,-64.30,-61.42,-96.91,28.66,29.58,falling_window_bearish,0.00,0.00,0.00,0.00,-1.32,7944635.00,-36.44,0.00,0.00,0.00,23.70,25.74,0.67,1.73,2.19,13.36,16.12,4.93,15955580798.24,2.26,16.23,9.73,381.91,421.81,429.19,455.14,448.53,6.51,8.47,5.32,6.50,0.28,0.13,0.12,7259945249.46,3533935000.00,3631047500.00
[object Object],UDR,"UDR, Inc.",NYSE,38.24,stock,common,100.00,1.00,false,0.00,USD,0.26,95919.00,0.02,12285143621.60,USD,24.37,1.57,309.31,3.40,Finance,america,Finance,Neutral,Neutral,0.26,0.47,-6.66,3.38,2.77,4.57,-0.73,-30.08,3.66,1699.52,1.61,2.01,Sell,Sell,Sell,Sell,Sell,Sell,41.82,-1.35,-1.08,-119.14,23.95,26.39,0.00,0.00,0.00,0.00,0.00,-0.16,95919.00,-96.84,0.00,0.00,0.00,-5.81,24.37,0.08,7.18,4.24,10.90,14.11,342.18,19187671621.60,11.18,58.97,19.29,38.66,39.59,39.07,37.39,36.85,42.33,46.00,38.00,42.00,0.94,0.13,0.13,1707708694.00,423349090.00,429497096.00
[object Object],BNZL,Bunzl plc,LSE,2882.00,stock,common,1.00,2.00,false,0.00,GBX,1.77,523191.00,0.56,12281378938.14,USD,20.46,1.90,-5.28,2.62,Distribution services,uk,Distribution Services,Neutral,Neutral,1.77,3.37,8.18,19.19,34.30,38.42,27.64,10.21,24.49,967.42,1.51,1.63,StrongBuy,Strong buy,StrongBuy,Strong buy,Buy,Buy,74.12,124.00,103.12,148.56,93.55,86.33,0.00,0.00,0.00,0.00,0.00,-0.07,523191.00,-3.52,0.00,0.00,0.00,20.64,20.46,0.00,0.78,3.32,11.19,12.23,17.33,15454840258.14,0.97,15.60,10.06,2812.40,2736.60,2646.24,2490.42,2322.83,35.13,43.04,25.50,35.57,2.45,1.32,1.09,16454664433.68,8052731724.80,7840597452.75
[object Object],BOL,Bollore SE,EURONEXT,3.78,stock,common,1000.00,2.00,false,0.00,EUR,-0.53,208003.00,0.09,12239683275.84,USD,30.70,0.14,32.19,2.10,Distribution services,france,Distribution Services,Neutral,Neutral,-0.53,-3.77,-6.89,-28.44,-20.85,-20.81,-24.74,-21.31,17.45,136.08,1.97,2.02,Sell,Sell,StrongSell,Strong sell,Neutral,Neutral,29.43,-0.15,-0.21,-114.77,19.89,19.25,0.00,0.00,0.00,0.00,0.00,-0.05,208003.00,-80.09,0.00,0.00,0.00,-22.87,30.70,0.00,3.63,0.44,31.96,34.86,1.82,6014167195.84,1.75,0.00,0.00,3.88,3.99,4.47,4.80,4.76,4.74,5.76,3.74,4.72,0.12,0.00,0.00,3449633745.44,0.00,0.00
[object Object],PNW,Pinnacle West Capital Corp,NYSE,100.96,stock,common,100.00,1.00,false,0.00,USD,0.14,49183.00,0.03,12236072819.86,USD,18.84,5.36,6.49,3.60,Utilities,america,Utilities,Neutral,Neutral,0.14,-0.21,-7.21,1.18,6.09,13.82,8.56,25.73,30.69,334.24,2.27,2.14,Sell,Sell,StrongSell,Strong sell,Sell,Sell,36.88,-5.10,-4.89,-95.69,23.87,22.22,0.00,100.81,-0.01,-0.01,200.00,-0.42,49183.00,-96.21,0.00,0.00,0.00,18.96,18.84,2.90,2.29,1.74,7.67,0.00,0.00,12429279819.86,2.28,10.51,5.75,102.08,105.64,104.26,102.80,97.60,107.23,129.00,97.00,106.00,4.73,1.46,3.14,5544419562.00,1396538854.00,1846479771.00
[object Object],SDR,Schroders PLC,LSE,583.13,stock,common,10.00,5.00,false,0.00,GBX,-0.24,659313.00,0.21,12191692122.91,USD,13.40,0.58,95.55,3.68,Finance,uk,Finance,Neutral,Neutral,-0.24,-1.02,-0.77,0.52,28.93,41.99,48.04,-9.13,33.03,281.55,0.46,0.36,Sell,Sell,Sell,Sell,Sell,Sell,30.31,-5.50,0.20,-255.07,12.95,15.38,inverted_hammer_bullish,0.00,0.00,0.00,0.00,-0.09,659313.00,-93.02,0.00,0.00,0.00,51.13,13.40,0.14,2.60,2.02,11.15,11.15,2.58,8164297842.91,1.70,7.79,6.37,587.75,587.37,586.08,582.39,516.01,0.00,0.00,0.00,0.00,0.55,0.26,0.28,3673111161.60,1777534353.90,1863977725.20
[object Object],NVMI,Nova Ltd.,NASDAQ,383.17,stock,common,100.00,1.00,false,0.00,USD,0.49,60087.00,0.09,12178281743.95,USD,47.78,8.02,9.60,0.00,Electronic technology,america,Electronic Technology,Buy,Buy,0.49,-4.90,-12.81,-25.65,-11.07,14.04,44.59,275.47,3281.91,2028.72,5.20,6.01,StrongSell,Strong sell,StrongSell,Strong sell,Neutral,Neutral,37.38,-54.81,-60.18,-87.36,30.22,36.06,0.00,399.20,4.69,2.80,4115.00,4.00,60087.00,-93.43,0.00,0.00,0.00,60.79,47.78,4.95,14.01,8.31,57.67,64.57,12.93,11960780743.95,12.76,44.04,40.49,395.71,443.94,479.68,486.52,432.67,546.38,640.00,461.00,547.50,10.68,2.41,2.78,1077970041.00,250328347.00,282552699.00
[object Object],VAR,Var Energi ASA,OSL,46.28,stock,common,100.00,1.00,false,0.00,NOK,-0.17,2246324.00,0.40,12121915840.38,USD,9.74,0.48,101.82,10.25,Energy minerals,norway,Energy Minerals,Buy,Buy,-0.17,-1.49,8.64,4.21,35.64,40.20,31.85,65.29,65.29,65.29,2.69,2.90,Buy,Buy,StrongBuy,Strong buy,Neutral,Neutral,53.18,-2.43,2.56,16.45,47.09,54.69,0.00,0.00,0.00,0.00,0.00,0.73,2246324.00,-34.30,0.00,0.00,0.00,30.94,9.74,0.10,1.11,50.59,2.22,4.06,4.66,17078034781.38,1.62,3.25,1.93,46.90,44.62,44.82,45.45,39.63,5.11,6.17,3.84,5.19,0.66,0.21,0.15,11903658792.94,3709667603.00,3078889954.00
[object Object],ITRK,Intertek Group plc,LSE,5840.00,stock,common,1.00,5.00,false,0.00,GBX,0.00,633159.00,0.66,12060664930.67,USD,28.47,2.72,-8.16,2.83,Commercial services,uk,Commercial Services,Neutral,Neutral,0.00,-0.09,0.52,25.13,31.24,26.13,25.70,10.23,68.40,1242.53,0.22,0.25,Buy,Buy,StrongBuy,Strong buy,Sell,Sell,69.39,20.00,19.26,67.91,72.08,72.41,0.00,0.00,0.00,0.00,0.00,-0.09,633159.00,-67.25,0.00,0.00,0.00,16.64,28.47,0.00,2.56,8.45,15.05,20.04,20.61,14086805170.67,3.01,17.16,12.84,5837.50,5821.83,5740.00,5163.59,4875.43,79.83,80.88,73.47,80.88,3.58,1.48,2.01,4845643461.79,2283290229.60,2486136760.80
[object Object],TEL2_B,Tele2 AB Class B,OMXSTO,164.15,stock,common,100.00,5.00,false,0.00,SEK,-0.73,384261.00,0.19,12026311015.80,USD,11.31,1.49,143.08,5.08,Communications,sweden,Communications,Neutral,Neutral,-0.73,-1.03,-0.21,-11.39,-4.23,6.21,4.19,29.76,139.08,51.92,2.30,2.02,Sell,Sell,StrongSell,Strong sell,Neutral,Neutral,46.23,0.65,-1.50,2.68,54.04,58.29,0.00,0.00,0.00,0.00,0.00,-0.06,384261.00,-72.89,0.00,0.00,0.00,11.40,11.31,0.08,3.80,5.00,9.94,12.99,31.68,14869963015.80,4.81,20.19,10.79,165.84,165.26,169.84,179.01,170.60,18.34,22.51,15.08,18.32,1.62,0.19,0.22,3284534494.07,759106778.56,790732650.26
[object Object],HAG,HENSOLDT AG,XETR,89.94,stock,common,100.00,2.00,false,0.00,EUR,-0.46,330188.00,0.85,12023148972.24,USD,86.56,1.19,31.87,0.61,Electronic technology,germany,Electronic Technology,Buy,Buy,-0.46,8.36,12.71,16.05,18.34,20.16,-3.03,514.34,684.82,684.82,5.80,4.87,Buy,Buy,StrongBuy,Strong buy,Neutral,Neutral,68.26,10.14,11.14,145.00,85.59,88.33,long_upper_shadow_bearish,90.02,-0.38,-0.73,281.00,0.71,330188.00,-19.78,0.00,0.00,0.00,-10.47,86.56,2.73,3.90,10.73,18.22,33.51,17.64,13303043192.24,4.35,42.05,25.89,85.73,78.73,76.95,77.82,79.38,104.57,120.96,71.43,103.68,2.15,0.16,-1.44,3279885066.19,742719686.29,755725120.00
[object Object],IT,"Gartner, Inc.",NYSE,190.05,stock,common,100.00,1.00,false,0.00,USD,2.83,171052.00,0.10,12001463245.29,USD,17.05,11.15,-31.45,0.00,Technology services,america,Technology Services,Neutral,Neutral,2.83,27.90,37.03,21.94,25.16,-24.10,-23.03,-34.91,100.18,5981.60,7.54,5.66,Buy,Buy,StrongBuy,Strong buy,Neutral,Neutral,72.01,49.55,33.66,167.92,91.10,86.71,"rising_window_bullish,long_lower_shadow_bullish",185.56,0.40,0.40,100.00,2.80,171052.00,-89.61,0.00,0.00,0.00,-61.31,17.05,0.00,1.86,0.00,0.00,0.00,0.00,12098252245.29,1.87,0.00,0.00,167.15,146.29,147.67,150.64,182.61,185.92,229.00,150.00,185.50,14.54,3.76,2.86,6423798368.00,1648479695.00,1490060874.00
[object Object],UHR,Swatch Group Ltd. Bearer,SIX,188.50,stock,common,100.00,5.00,false,0.00,CHF,0.03,14667.00,0.13,11971103668.12,USD,1088.97,0.21,-85.06,2.39,Consumer durables,switzerland,Consumer Durables,Neutral,Neutral,0.03,6.89,-5.18,-6.22,-0.19,11.57,31.96,-36.96,-24.45,5.90,2.31,2.89,Neutral,Neutral,Neutral,Neutral,Neutral,Neutral,49.94,18.60,-7.53,7.59,53.35,48.62,0.00,0.00,0.00,0.00,0.00,-0.48,14667.00,-78.36,0.00,0.00,0.00,14.25,1088.97,0.00,1.55,0.86,15.53,36.30,7.21,10713430468.12,1.37,72.77,16.10,179.89,191.09,197.71,192.21,183.62,210.56,278.64,111.46,222.91,5.62,1.29,3.45,8269003455.38,3846020190.00,4229572200.00
[object Object],ALGN,"Align Technology, Inc.",NASDAQ,168.13,stock,common,100.00,1.00,false,0.00,USD,-0.56,96065.00,0.08,11943929828.36,USD,29.17,5.76,-2.76,0.00,Health technology,america,Health Technology,Buy,Buy,-0.56,-1.57,-7.90,-0.15,-5.49,6.60,21.54,-75.76,82.33,1039.86,2.72,3.97,Sell,Sell,StrongSell,Strong sell,Neutral,Neutral,43.94,1.12,-4.03,-116.20,25.58,32.32,0.00,0.00,0.00,0.00,0.00,0.04,96065.00,-85.35,0.00,0.00,0.00,-15.70,29.17,0.00,2.92,2.83,15.91,18.98,10.91,10962180828.36,2.65,14.41,11.57,172.45,175.76,174.59,174.33,167.73,209.57,240.00,170.00,209.50,11.29,2.62,2.80,4166216742.00,1051959194.00,1014708849.00
[object Object],G1A,GEA Group Aktiengesellschaft,XETR,64.15,stock,common,100.00,5.00,false,0.00,EUR,0.00,59258.00,0.19,11942352944.66,USD,24.90,2.98,10.05,2.03,Producer manufacturing,germany,Producer Manufacturing,Buy,Buy,0.00,1.83,5.95,9.01,2.48,11.08,2.72,68.73,35.34,599.56,1.75,1.79,Buy,Buy,StrongBuy,Strong buy,Neutral,Neutral,62.56,0.60,2.53,77.18,79.40,82.21,hanging_man_bearish,0.00,0.00,0.00,0.00,0.39,59258.00,-79.46,0.00,0.00,0.00,3.42,24.90,2.48,1.90,4.02,16.79,28.50,25.12,11835533042.18,1.86,15.94,11.71,63.39,61.63,59.69,59.41,59.96,77.75,87.62,58.80,78.98,3.84,0.71,0.90,6842430224.77,1469896369.32,1644566400.00
[object Object],LHA,Deutsche Lufthansa AG,XETR,8.41,stock,common,1000.00,2.00,false,0.00,EUR,-1.68,1579547.00,0.26,11851319196.43,USD,15.05,0.64,-62.23,3.86,Transportation,germany,Transportation,Neutral,Neutral,-1.68,-7.44,-10.16,1.59,-7.03,-0.45,10.02,25.43,13.59,76.82,3.90,3.02,Sell,Sell,StrongSell,Strong sell,Sell,Sell,39.91,-0.34,-0.55,-139.65,35.04,40.74,0.00,8.57,0.14,0.23,133.00,-0.40,1579547.00,-55.12,0.00,0.00,0.00,18.58,15.05,0.00,0.25,0.84,2.95,0.00,1.24,19622846116.43,0.42,0.00,7.94,8.83,9.18,9.01,8.38,8.36,11.10,24.26,7.51,10.17,1.12,0.31,1.06,50262022053.72,12771368034.25,14218667488.99
[object Object],VSURE,Verisure Plc,OMXSTO,9.82,stock,common,1000.00,2.00,false,0.00,EUR,-1.27,165130.00,0.14,11850988063.26,USD,0.00,-0.29,-38.94,0.00,Commercial services,sweden,Commercial Services,StrongBuy,Strong buy,-1.27,-9.04,-7.97,-13.44,-16.02,-29.68,-32.71,-32.71,-32.71,-32.71,4.19,4.01,Sell,Sell,StrongSell,Strong sell,Sell,Sell,38.16,-0.98,-0.13,-130.25,8.49,19.29,0.00,0.00,0.00,0.00,0.00,-0.32,165130.00,-86.85,0.00,0.00,0.00,0.00,0.00,-1.03,2.75,1.16,11.19,25.18,338.59,17939759369.28,4.08,52.11,11.14,10.60,10.49,10.61,10.44,12.00,18.26,21.32,14.98,18.90,0.67,0.00,0.00,4863263309.84,0.00,0.00
[object Object],ERIE,Erie Indemnity Company Class A,NASDAQ,253.41,stock,common,100.00,1.00,false,0.00,USD,-0.25,4821.00,0.02,11801629653.03,USD,23.14,10.95,-7.67,2.26,Finance,america,Finance,Buy,Buy,-0.25,5.35,-1.20,17.09,-11.82,-11.08,-29.73,38.99,156.26,1467.53,4.43,5.05,Buy,Buy,StrongBuy,Strong buy,Sell,Sell,59.40,29.86,9.83,109.09,95.16,87.30,0.00,0.00,0.00,0.00,0.00,-0.94,4821.00,-97.15,0.00,0.00,0.00,-31.83,23.14,0.00,3.25,4.78,19.13,24.14,38.52,11455039653.03,2.78,15.51,14.02,243.46,238.75,231.77,233.39,258.41,0.00,0.00,0.00,0.00,12.68,3.35,3.41,4169221000.00,1088527000.00,1091701000.00
[object Object],SKA_B,Skanska AB Class B,OMXSTO,271.80,stock,common,10.00,1.00,false,0.00,SEK,-0.15,202957.00,0.34,11728363594.27,USD,17.05,1.64,7.17,5.14,Industrial services,sweden,Industrial Services,Buy,Buy,-0.15,1.19,5.06,7.26,-1.52,6.97,18.28,10.53,51.93,160.10,1.26,1.74,Buy,Buy,StrongBuy,Strong buy,Sell,Sell,64.58,7.40,10.45,90.07,89.63,92.76,long_lower_shadow_bullish,0.00,0.00,0.00,0.00,-0.07,202957.00,-46.43,0.00,0.00,0.00,15.23,17.05,2.38,0.65,1.83,9.32,0.00,7.03,11693079694.27,0.65,16.84,9.71,268.72,261.58,255.68,252.96,256.39,28.86,31.32,24.65,29.01,1.86,0.44,0.48,19574927187.07,4677002014.24,4872364071.38
[object Object],GDDY,"GoDaddy, Inc. Class A",NYSE,92.23,stock,common,100.00,1.00,false,0.00,USD,2.08,83860.00,0.03,11680717642.53,USD,13.68,6.74,20.19,0.00,Technology services,america,Technology Services,Buy,Buy,2.08,20.04,4.14,4.50,-4.66,-25.39,-40.49,29.26,200.62,252.70,4.05,5.14,Buy,Buy,Buy,Buy,Neutral,Neutral,51.57,-0.93,0.54,-11.52,55.78,53.01,0.00,91.20,0.94,1.28,1289.00,0.65,83860.00,-95.83,0.00,0.00,0.00,-42.05,13.68,0.66,2.32,1746.12,6.99,7.09,10.46,14366617642.53,2.81,11.16,10.41,93.84,90.94,87.00,86.14,99.59,104.80,170.00,80.00,100.00,7.41,1.69,1.89,5237938673.00,1294523020.00,1325742166.00
[object Object],DPZ,"Domino's Pizza, Inc.",NASDAQ,352.95,stock,common,100.00,1.00,false,0.00,USD,-1.53,55756.00,0.06,11677491478.10,USD,20.01,17.64,2.40,2.08,Consumer services,america,Consumer Services,Buy,Buy,-1.53,1.60,13.99,5.50,-9.50,-15.30,-20.93,-33.54,142.05,2895.34,2.53,3.95,Buy,Buy,Buy,Buy,Neutral,Neutral,59.17,19.98,38.95,55.01,77.29,85.69,0.00,357.56,-0.24,-0.15,295.00,-0.97,55756.00,-89.06,0.00,0.00,0.00,-27.34,20.01,8.46,2.38,0.00,15.12,18.00,26.32,16353544478.10,3.25,16.85,15.44,356.37,326.78,319.42,333.47,371.13,385.19,522.00,270.00,380.00,18.96,4.17,4.38,5187227624.00,1178770280.00,1174650456.00
[object Object],MNG,M&G Plc,LSE,365.30,stock,common,10.00,1.00,false,0.00,GBX,0.33,3401565.00,0.70,11668643710.56,USD,29.75,0.17,0.00,5.63,Finance,uk,Finance,Neutral,Neutral,0.33,2.32,5.64,21.00,18.91,27.24,38.90,55.98,66.05,66.05,1.35,1.58,Buy,Buy,StrongBuy,Strong buy,Neutral,Neutral,72.13,9.30,14.46,143.72,92.12,91.33,0.00,0.00,0.00,0.00,0.00,0.00,3401565.00,44.64,0.00,0.00,0.00,37.60,29.75,0.00,0.43,2.77,11.88,15.28,0.00,21036616510.56,0.72,0.00,0.00,359.08,350.89,339.45,317.94,303.79,4.14,4.92,2.86,4.25,0.37,0.19,0.18,1469121600.00,731529600.00,0.00
[object Object],MICC,Magnum Ice Cream Co. N.V.,EURONEXT,16.55,stock,common,1000.00,2.00,false,0.00,EUR,0.61,229035.00,0.19,11602769434.50,USD,56.81,0.33,-69.30,0.00,Consumer non-durables,netherlands,Consumer Non-Durables,Neutral,Neutral,0.61,1.91,1.53,32.17,4.81,21.87,35.66,35.66,35.66,35.66,2.28,2.77,Buy,Buy,StrongBuy,Strong buy,Sell,Sell,62.74,0.79,0.31,108.15,78.06,67.41,0.00,0.00,0.00,0.00,0.00,-0.28,229035.00,-74.31,0.00,0.00,0.00,0.00,56.81,0.00,1.25,9.37,18.53,63.03,17.70,15414803614.50,1.67,21.88,14.48,16.20,16.11,15.60,14.14,0.00,17.89,20.33,15.02,17.91,1.12,0.78,0.28,9770444221.77,5237842569.07,4266386835.93
[object Object],GET,Getlink SE,EURONEXT,18.63,stock,common,100.00,1.00,false,0.00,EUR,0.43,55743.00,0.09,11559905601.96,USD,31.14,0.68,26.31,4.31,Transportation,france,Transportation,Buy,Buy,0.43,0.27,0.11,0.70,8.00,18.51,14.29,33.93,95.22,-37.90,1.02,1.45,Buy,Buy,StrongBuy,Strong buy,Sell,Sell,51.47,-0.25,-0.02,-17.22,39.61,38.99,0.00,0.00,0.00,0.00,0.00,0.05,55743.00,-87.42,0.00,0.00,0.00,16.88,31.14,1.18,6.00,4.14,13.37,18.40,7.44,15852332121.96,8.26,20.62,15.39,18.55,18.60,18.55,18.65,17.51,22.39,26.15,15.35,22.23,0.67,0.00,0.00,2021637492.50,928610508.37,1046734012.15
[object Object],MKS,Marks and Spencer Group plc,LSE,409.40,stock,common,10.00,1.00,false,0.00,GBX,0.74,9423156.00,1.04,11309183715.59,USD,33.39,0.16,-12.49,1.03,Retail trade,uk,Retail Trade,Buy,Buy,0.74,-0.15,7.37,25.18,7.00,23.76,22.69,194.53,33.77,-1.14,1.95,2.66,StrongBuy,Strong buy,StrongBuy,Strong buy,Buy,Buy,63.57,28.90,23.12,73.06,78.53,84.33,0.00,0.00,0.00,0.00,0.00,0.12,9423156.00,65.15,0.00,0.00,0.00,18.49,33.39,0.00,0.50,2.75,8.42,19.10,8.57,14763522795.59,0.65,20.81,8.89,405.79,388.52,379.31,360.59,361.14,5.86,6.59,4.84,5.95,0.44,0.21,0.19,24841608311.18,12537848000.00,11204288729.65
[object Object],DVA,DaVita Inc.,NYSE,177.19,stock,common,100.00,1.00,false,0.00,USD,-1.93,81731.00,0.06,11304721749.91,USD,14.94,11.86,16.52,0.00,Health services,america,Health Services,Neutral,Neutral,-1.93,-25.49,-24.61,-9.87,18.92,55.87,37.35,33.00,130.33,4962.55,6.66,3.58,Sell,Sell,StrongSell,Strong sell,Sell,Sell,20.12,-58.25,-20.67,-254.40,3.51,12.13,marubozu_black_bearish,181.93,0.70,0.74,3541.00,0.70,81731.00,-95.51,0.00,0.00,0.00,39.49,14.94,0.92,0.85,0.00,5.34,7.27,15.17,25783957749.91,1.84,12.33,9.21,220.39,227.76,217.34,191.15,158.53,224.17,270.00,170.00,219.50,14.79,3.88,3.68,14079634737.00,3496344055.00,3511050312.00
[object Object],TECH,Bio-Techne Corporation,NASDAQ,72.11,stock,common,100.00,1.00,false,0.00,USD,0.29,391762.00,0.10,11290173242.48,USD,103.58,0.70,-15.14,0.45,Health technology,america,Health Technology,Neutral,Neutral,0.29,0.03,2.07,44.16,8.01,22.62,42.76,-40.02,156.60,65829.14,0.23,0.48,Buy,Buy,StrongBuy,Strong buy,Neutral,Neutral,72.74,0.51,1.83,70.04,60.47,63.26,0.00,71.91,0.01,-0.28,2894.00,0.14,391762.00,-83.08,0.00,0.00,0.00,24.38,103.58,0.00,9.35,5.41,38.49,42.10,54.10,11370676242.48,9.39,42.35,30.83,72.01,71.53,64.78,58.51,59.91,70.09,75.00,50.00,73.00,1.92,0.53,0.52,1207103417.00,316106136.00,314627337.00
[object Object],YAR,Yara International ASA,OSL,420.30,stock,common,10.00,1.00,false,0.00,NOK,-0.61,103760.00,0.21,11282956048.48,USD,7.15,5.93,103.73,5.20,Process industries,norway,Process Industries,Neutral,Neutral,-0.61,-5.87,-5.17,-21.59,-7.16,1.52,13.66,-7.50,56.13,693.02,2.23,2.63,Sell,Sell,StrongSell,Strong sell,Neutral,Neutral,36.98,-35.80,-12.94,-161.23,5.45,5.73,0.00,0.00,0.00,0.00,0.00,0.64,103760.00,-69.13,0.00,0.00,0.00,14.12,7.15,0.07,0.66,1.20,5.84,12.43,15.35,14484564524.11,0.88,6.53,4.32,435.39,441.75,451.39,494.56,454.67,50.19,66.69,40.36,50.13,5.89,2.25,1.48,16532176821.60,5138584167.00,4552873000.00
[object Object],PNR,Pentair plc,NYSE,70.44,stock,common,100.00,1.00,false,0.00,USD,0.77,109722.00,0.03,11244099585.64,USD,17.73,3.97,8.54,1.52,Producer manufacturing,america,Producer Manufacturing,Neutral,Neutral,0.77,6.64,-4.82,-11.17,-26.57,-32.42,-32.08,-8.41,61.99,30952.16,2.20,4.03,Neutral,Neutral,Neutral,Neutral,Neutral,Neutral,55.52,7.55,-1.48,80.60,96.68,97.25,0.00,0.00,0.00,0.00,0.00,-0.31,109722.00,-96.53,0.00,0.00,0.00,-35.69,17.73,2.06,2.82,3.00,15.15,16.91,123.99,12916999585.64,3.22,14.75,12.96,67.31,69.55,70.97,77.20,90.15,75.54,94.00,60.00,78.00,4.65,1.12,1.08,3932436500.00,943239219.00,965843543.00
[object Object],MGM,MGM Resorts International,NYSE,44.38,stock,common,100.00,1.00,false,0.00,USD,-0.72,147875.00,0.05,11165686120.89,USD,26.86,1.65,-8.96,0.00,Consumer services,america,Consumer Services,Buy,Buy,-0.72,-2.23,-5.17,15.60,22.50,21.16,25.08,11.79,80.48,1513.82,2.49,2.32,Sell,Sell,Sell,Sell,Sell,Sell,41.08,-1.16,-1.51,-119.22,19.32,27.16,inverted_hammer_bullish,44.89,0.43,0.00,561.00,-0.36,147875.00,-94.41,0.00,0.00,0.00,16.08,26.86,0.00,0.65,4.44,4.21,6.55,4.49,39639278120.89,2.23,34.41,17.72,45.24,46.30,46.68,42.23,38.53,50.91,60.00,43.00,51.50,1.84,0.56,0.17,17686744476.00,4416318966.00,4288572243.00
[object Object],BXP,BXP Inc,NYSE,69.63,stock,common,100.00,1.00,false,0.00,USD,1.19,49365.00,0.03,11104410026.27,USD,37.41,1.86,9300.00,4.07,Finance,america,Finance,Buy,Buy,1.19,-3.59,2.31,16.77,10.37,3.05,4.75,-40.51,-50.96,166.53,2.23,2.89,Buy,Buy,StrongBuy,Strong buy,Neutral,Neutral,53.66,0.52,1.62,-5.89,29.41,34.70,0.00,69.00,0.28,-0.01,881.00,0.84,49365.00,-94.14,0.00,0.00,0.00,0.06,37.41,0.00,3.12,2.15,0.00,0.00,20.08,29484011026.27,8.38,29.66,15.30,70.35,68.84,66.78,61.54,63.90,73.42,90.00,60.00,75.00,2.05,0.40,0.49,3487092135.00,858073851.00,879313797.00
[object Object],RMBS,Rambus Inc.,NASDAQ,102.28,stock,common,100.00,1.00,false,0.00,USD,4.71,295790.00,0.10,11093452611.35,USD,46.82,2.18,3.39,0.00,Electronic technology,america,Electronic Technology,Buy,Buy,4.71,9.11,-2.36,-20.69,2.34,7.19,39.73,310.76,649.85,1622.61,6.42,7.14,Neutral,Neutral,Sell,Sell,Buy,Buy,48.76,6.27,-9.89,48.55,62.28,58.50,0.00,100.64,3.03,1.15,4288.00,3.32,295790.00,-83.21,0.00,0.00,0.00,20.77,46.82,13.20,14.20,7.56,33.81,37.55,13.64,10290307611.35,13.61,37.85,32.51,93.76,104.16,120.19,118.18,109.14,147.50,180.00,100.00,152.50,3.03,0.72,0.79,825647244.00,199296488.00,213437500.00
[object Object],DIE,D'Ieteren Group SA/NV,EURONEXT,184.30,stock,common,10.00,1.00,false,0.00,EUR,0.44,7249.00,0.18,11078836570.02,USD,23.14,9.36,14.61,0.76,Consumer services,belgium,Consumer Services,StrongBuy,Strong buy,0.44,0.38,4.95,2.85,-4.21,17.99,2.73,36.92,377.52,953.75,1.86,2.18,Buy,Buy,StrongBuy,Strong buy,Neutral,Neutral,61.05,9.50,6.86,93.06,82.73,80.00,0.00,0.00,0.00,0.00,0.00,-0.54,7249.00,-75.94,0.00,0.00,0.00,3.22,23.14,1.58,1.21,677.75,15.49,18.80,32.16,13332187690.02,1.41,28.99,18.20,181.95,177.03,172.65,171.57,169.17,267.33,318.62,240.69,263.61,15.73,7.33,7.71,9515962741.91,8081333506.00,0.00
[object Object],ABVX,Abivax SA,EURONEXT,114.20,stock,common,10.00,1.00,false,0.00,EUR,3.63,45767.00,0.32,11077096741.03,USD,0.00,-5.23,-31.84,0.00,Health technology,france,Health Technology,StrongBuy,Strong buy,3.63,2.61,-8.64,5.64,22.14,-2.73,87.52,310.79,2477.88,412.11,3.20,3.93,Buy,Buy,StrongBuy,Strong buy,Neutral,Neutral,56.19,1.40,-1.84,9.28,46.13,34.50,rising_window_bullish,0.00,0.00,0.00,0.00,2.18,45767.00,-58.96,0.00,0.00,0.00,109.14,0.00,0.00,0.00,21.08,0.00,0.00,18.34,10550231914.23,0.00,0.00,0.00,109.47,115.75,103.30,102.77,101.95,161.17,204.57,79.56,159.72,-3.89,-0.93,-0.96,4474507.26,396400.51,778495.48
[object Object],JKHY,"Jack Henry & Associates, Inc.",NASDAQ,155.80,stock,common,100.00,1.00,false,0.00,USD,-0.73,27366.00,0.03,11069711891.11,USD,21.78,7.15,21.73,1.52,Technology services,america,Technology Services,Buy,Buy,-0.73,2.50,5.44,7.53,-11.81,-14.36,-6.90,-10.76,75.35,41444.89,3.03,3.27,Buy,Buy,StrongBuy,Strong buy,Sell,Sell,58.23,5.22,8.87,69.40,60.91,61.66,"harami_bearish,spinning_top_black",156.94,0.00,-0.03,300.00,-0.54,27366.00,-97.54,0.00,0.00,0.00,-12.44,21.78,1.01,4.49,5.20,14.26,15.41,545.09,11185725891.11,4.45,17.10,12.94,156.01,149.90,141.81,146.52,159.44,182.57,208.00,143.00,186.50,6.83,1.48,1.46,2530421732.00,619671567.00,630221587.00
[object Object],MOWI,Mowi ASA,OSL,200.40,stock,common,10.00,1.00,false,0.00,NOK,1.21,515126.00,0.60,10935227678.69,USD,10.63,1.95,155.10,3.41,Consumer non-durables,norway,Consumer Non-Durables,StrongBuy,Strong buy,1.21,-1.76,7.74,2.45,-11.80,-17.80,2.87,-12.53,40.63,-99.57,2.03,1.89,Buy,Buy,Buy,Buy,Neutral,Neutral,54.95,2.60,6.77,21.12,32.77,41.50,0.00,0.00,0.00,0.00,0.00,0.05,515126.00,-37.74,0.00,0.00,0.00,6.81,10.63,0.07,1.52,2.08,12.39,29.16,42.31,15063883001.20,2.12,20.82,11.79,201.62,194.15,194.18,201.37,214.25,24.45,26.89,20.84,24.49,1.27,0.29,0.28,7101549599.51,1828489269.09,1781477290.57
[object Object],LPP,LPP S.A.,GPW,22420.00,stock,common,1.00,20.00,false,0.00,PLN,2.09,3467.00,0.93,10914118650.54,USD,25.43,242.85,-9.36,3.32,Retail trade,poland,Retail Trade,Buy,Buy,2.09,4.77,19.19,1.45,10.06,7.74,36.96,57.89,370.25,46222.31,2.32,2.42,StrongBuy,Strong buy,StrongBuy,Strong buy,Buy,Buy,78.41,2280.00,2084.24,128.13,91.96,93.67,0.00,0.00,0.00,0.00,0.00,0.00,3467.00,-57.17,0.00,0.00,0.00,29.90,25.43,0.00,1.73,6.84,8.57,24.00,35.15,12803763780.54,1.97,18.83,9.97,21618.00,20082.00,20126.00,20962.45,20015.17,6463.39,7692.97,5288.18,6409.92,400.90,70.22,106.79,7531732535.84,1538402384.61,1740798520.31
[object Object],PUIG,"Puig Brands, S.A. Class B",BME,16.81,stock,common,100.00,1.00,false,0.00,EUR,0.00,102729.00,0.18,10908568139.59,USD,16.28,1.18,-10.79,2.03,Consumer non-durables,spain,Consumer Non-Durables,Buy,Buy,0.00,-0.53,-1.12,-3.94,-0.53,12.74,6.26,-34.08,-34.08,-34.08,2.26,1.86,Buy,Buy,StrongBuy,Strong buy,Neutral,Neutral,54.45,0.32,0.17,75.73,69.26,59.38,0.00,0.00,0.00,0.00,0.00,0.95,102729.00,-75.52,0.00,0.00,0.00,-2.14,16.28,0.00,1.86,2.35,11.29,13.73,46.18,12758751428.27,2.19,13.62,10.52,16.64,16.68,16.46,16.81,16.09,22.67,25.36,18.45,23.20,1.29,0.51,0.74,6133877752.68,2666299338.71,3345744868.84
[object Object],SSAB_B,SSAB AB Class B,OMXSTO,101.90,stock,common,100.00,5.00,false,0.00,SEK,-2.30,1342923.00,0.44,10884823536.40,USD,18.12,0.58,24.28,1.92,Producer manufacturing,sweden,Producer Manufacturing,Buy,Buy,-2.30,0.99,9.55,18.68,38.38,45.57,88.49,128.37,400.00,248.20,2.63,3.31,Buy,Buy,StrongBuy,Strong buy,Neutral,Neutral,57.30,1.80,6.65,96.51,80.79,88.31,marubozu_black_bearish,0.00,0.00,0.00,0.00,0.00,1342923.00,-30.69,0.00,0.00,0.00,77.38,18.12,0.76,1.06,1.43,8.35,0.00,5.17,9967546836.40,0.99,12.88,8.30,101.77,97.42,96.98,88.77,79.20,11.19,14.13,6.70,11.73,0.81,0.23,0.17,11303529966.34,2752248158.98,2646382440.76
[object Object],NDX1,Nordex SE,XETR,39.54,stock,common,100.00,2.00,false,0.00,EUR,-0.40,56296.00,0.10,10833392390.19,USD,24.23,1.86,539.67,0.00,Producer manufacturing,germany,Producer Manufacturing,Buy,Buy,-0.40,-2.99,-5.86,-17.66,19.75,35.60,74.03,156.83,91.98,1317.28,4.69,4.42,Neutral,Neutral,Sell,Sell,Neutral,Neutral,46.74,-0.50,-2.27,-13.31,46.55,46.33,doji,0.00,0.00,0.00,0.00,-0.35,56296.00,-89.34,0.00,0.00,0.00,77.99,24.23,0.05,1.29,6.45,10.46,12.84,5.25,9161064861.23,1.00,13.07,10.05,38.89,41.11,41.59,43.46,37.48,54.97,68.77,18.11,56.73,2.30,0.49,0.63,10302249309.19,2407687721.64,2423320244.11
[object Object],GBLB,Groupe Bruxelles Lambert SA,EURONEXT,78.35,stock,common,100.00,5.00,false,0.00,EUR,0.19,17443.00,0.24,10829824178.74,USD,0.00,-5.82,-513.32,4.59,Finance,belgium,Finance,Buy,Buy,0.19,0.97,0.32,-3.57,-2.73,3.36,6.82,-21.65,4.01,37.08,1.48,1.38,Sell,Sell,StrongSell,Strong sell,Neutral,Neutral,48.31,-0.10,0.54,22.59,60.32,71.38,0.00,0.00,0.00,0.00,0.00,-0.26,17443.00,-73.02,0.00,0.00,0.00,0.58,0.00,-0.03,1.39,0.87,16.08,0.00,6.14,19694272472.74,2.52,56.26,18.67,78.55,78.36,79.10,79.37,78.72,102.40,108.31,89.87,103.70,4.10,0.00,0.00,7498001369.40,0.00,0.00
[object Object],ORK,Orkla ASA,OSL,105.50,stock,common,10.00,1.00,false,0.00,NOK,0.38,203968.00,0.23,10794363041.85,USD,9.51,1.15,73.95,3.81,Consumer non-durables,norway,Consumer Non-Durables,Neutral,Neutral,0.38,0.00,-2.41,-6.14,-10.97,-6.64,-3.21,31.71,36.75,263.79,1.17,1.36,Buy,Buy,Buy,Buy,Neutral,Neutral,51.79,3.50,-0.28,10.37,66.36,61.43,0.00,0.00,0.00,0.00,0.00,0.38,203968.00,-74.54,0.00,0.00,0.00,-3.97,9.51,0.13,1.44,2.20,10.69,14.53,22.14,12639777101.85,1.71,16.28,11.94,105.25,105.69,103.40,109.23,111.14,11.91,15.71,9.32,11.94,0.66,0.17,0.16,7176032639.61,1824012930.87,1782401333.51
[object Object],LOTB,Lotus Bakeries NV,EURONEXT,11960.00,stock,common,1.00,20.00,false,0.00,EUR,4.55,1031.00,1.63,10754323826.97,USD,56.45,248.85,12.91,0.55,Consumer non-durables,belgium,Consumer Non-Durables,Buy,Buy,4.55,5.47,6.03,11.78,15.22,49.87,58.41,139.92,558.23,19883.29,2.39,2.47,StrongBuy,Strong buy,StrongBuy,Strong buy,Buy,Buy,68.16,1240.00,119.59,259.23,90.77,76.82,"rising_window_bullish,marubozu_white_bullish",0.00,0.00,0.00,0.00,0.52,1031.00,47.29,0.00,0.00,0.00,43.24,56.45,4.18,6.86,11.30,47.54,106.19,79.77,10973628114.27,6.90,40.20,34.27,11222.00,11201.33,11218.00,10723.30,9771.45,13004.82,14630.65,9331.36,13824.24,278.16,124.41,130.59,1783443506.58,807045754.34,837586804.00
[object Object],BNR,Brenntag SE,XETR,64.70,stock,common,100.00,2.00,false,0.00,EUR,0.09,132979.00,0.55,10751884009.89,USD,40.94,1.83,-56.88,2.94,Distribution services,germany,Distribution Services,Neutral,Neutral,0.09,5.24,17.17,5.93,15.04,30.31,19.42,-24.50,44.03,279.88,2.50,2.58,StrongBuy,Strong buy,StrongBuy,Strong buy,Buy,Buy,76.06,5.64,5.27,173.45,89.14,88.25,long_upper_shadow_bearish,66.24,2.48,0.56,5013.00,0.56,132979.00,-47.16,0.00,0.00,0.00,7.47,40.94,0.00,0.63,2.08,9.86,14.25,13.42,13886530429.89,0.81,21.37,10.48,62.18,58.78,57.39,57.82,54.01,66.91,84.01,50.64,65.60,4.68,0.88,1.98,18131062587.33,4272146948.28,4596051159.61
[object Object],IG,Italgas SpA,MIL,8.97,stock,common,1000.00,2.00,false,0.00,EUR,-0.88,600147.00,0.15,10609123902.41,USD,0.00,0.00,0.00,4.77,Utilities,italy,Utilities,Buy,Buy,-0.88,-1.69,-11.36,-13.12,-12.91,-5.13,20.73,67.64,-25.20,314.24,2.17,2.21,StrongSell,Strong sell,StrongSell,Strong sell,Sell,Sell,28.57,-1.08,-0.84,-104.56,21.14,22.91,falling_window_bearish,0.00,0.00,0.00,0.00,-0.24,600147.00,-71.84,0.00,0.00,0.00,33.96,0.00,0.00,0.00,2.42,0.00,0.00,7.27,23511364279.75,7.69,15.82,10.05,9.24,9.79,10.03,10.12,10.00,12.43,13.48,11.29,12.67,0.87,0.22,0.21,3272022956.15,761061388.02,757004764.23
[object Object],SMIN,Smiths Group Plc,LSE,2704.00,stock,common,1.00,1.00,false,0.00,GBX,1.01,986450.00,0.95,10592451062.55,USD,35.21,1.05,-13.45,1.75,Producer manufacturing,uk,Producer Manufacturing,Buy,Buy,1.01,1.24,7.43,8.68,6.62,13.90,15.85,85.46,111.25,380.07,1.79,2.36,Buy,Buy,StrongBuy,Strong buy,Neutral,Neutral,61.53,26.00,105.35,98.80,74.41,77.30,0.00,0.00,0.00,0.00,0.00,1.27,986450.00,35.43,0.00,0.00,0.00,2.18,35.21,0.00,3.89,5.14,23.36,28.19,25.33,11773536662.55,3.87,23.14,17.35,2660.10,2593.70,2569.82,2513.88,2509.95,38.12,42.41,32.32,39.32,1.13,0.80,0.64,2538333944.04,2041056000.00,1364333042.00
[object Object],MRL,"MERLIN Properties SOCIMI, S.A.",BME,14.83,stock,common,100.00,1.00,false,0.00,EUR,0.20,173100.00,0.18,10548521245.17,USD,10.44,1.62,20.37,2.30,Finance,spain,Finance,StrongBuy,Strong buy,0.20,-1.13,-1.79,0.47,14.52,19.60,15.05,52.67,46.32,85.79,1.71,2.10,Sell,Sell,Sell,Sell,Sell,Sell,46.17,-0.51,-0.27,-83.49,35.06,35.92,hammer_bullish,0.00,0.00,0.00,0.00,0.68,173100.00,-81.04,0.00,0.00,0.00,37.86,10.44,0.51,15.73,0.99,0.00,0.00,5.87,14505355123.01,21.81,30.84,30.41,14.87,15.03,15.09,14.88,13.94,20.23,23.39,17.28,20.22,0.63,0.15,0.16,710502422.96,172332856.79,170035847.96
[object Object],AES,AES Corporation,NYSE,14.72,stock,common,100.00,1.00,false,0.00,USD,0.17,371753.00,0.05,10505383228.73,USD,5.50,2.68,88.93,4.79,Utilities,america,Utilities,Neutral,Neutral,0.17,0.17,0.72,2.40,-7.51,1.48,12.40,-40.02,19.91,349.38,0.35,0.38,Neutral,Neutral,Neutral,Neutral,Neutral,Neutral,48.39,-0.12,-0.03,-89.46,25.67,21.76,0.00,14.73,0.20,0.00,551.00,0.14,371753.00,-95.39,0.00,0.00,0.00,10.62,5.50,0.06,0.81,2.12,2.09,0.00,4.42,48121383228.73,3.70,19.78,11.84,14.75,14.74,14.71,14.54,14.53,15.00,15.00,15.00,15.00,2.31,0.45,0.53,12818493604.00,3111549000.00,3449572000.00
[object Object],AYV,Ayvens,EURONEXT,11.55,stock,common,100.00,1.00,false,0.00,EUR,-0.26,118195.00,0.16,10452282244.34,USD,9.14,1.44,32.38,5.09,Finance,france,Finance,Buy,Buy,-0.26,-3.75,-2.37,3.87,-2.04,0.87,20.25,2.26,-11.47,-11.47,1.57,2.28,Sell,Sell,Sell,Sell,Sell,Sell,47.25,-0.07,-0.02,-107.00,18.90,23.37,0.00,0.00,0.00,0.00,0.00,-0.26,118195.00,-78.43,0.00,0.00,0.00,16.14,9.14,0.28,0.36,0.81,0.95,0.00,3.87,66827993772.34,2.33,19.32,5.20,11.65,11.69,11.64,11.24,11.17,14.61,16.13,12.68,15.12,1.43,0.00,0.00,27065496763.15,0.00,0.00
[object Object],UNI,Unicaja Banco S.A.,BME,3.51,stock,common,1000.00,2.00,false,0.00,EUR,-0.06,2005723.00,0.49,10414720686.38,USD,13.74,0.29,5.62,4.60,Finance,spain,Finance,Sell,Sell,-0.06,6.16,9.06,27.32,27.78,26.86,53.58,369.16,200.34,200.34,1.76,2.15,Buy,Buy,StrongBuy,Strong buy,Neutral,Neutral,68.44,0.14,0.18,166.41,96.76,95.09,long_lower_shadow_bullish,0.00,0.00,0.00,0.00,-0.11,2005723.00,-50.36,0.00,0.00,0.00,44.76,13.74,2.45,4.19,1.37,0.00,0.00,0.00,20283578353.74,6.04,0.00,0.00,3.37,3.28,3.16,2.93,2.78,3.50,4.15,2.84,3.46,0.30,0.08,0.07,2540369752.74,630022094.01,602443098.90
[object Object],WYNN,"Wynn Resorts, Limited",NASDAQ,100.16,stock,common,100.00,1.00,false,0.00,USD,-1.32,93310.00,0.05,10395278666.61,USD,23.98,4.18,23.20,0.99,Consumer services,america,Consumer Services,StrongBuy,Strong buy,-1.32,-0.44,2.75,-5.51,-11.42,-16.59,-6.93,3.57,2.56,670.46,3.60,2.79,Neutral,Neutral,Buy,Buy,Neutral,Neutral,53.35,3.24,2.13,102.46,50.35,54.95,0.00,101.09,-0.40,0.08,422.00,-0.34,93310.00,-93.13,0.00,0.00,0.00,-10.14,23.98,1.05,1.41,0.00,0.00,0.00,6.57,19545278666.61,2.64,16.18,10.58,99.65,97.91,100.51,101.44,109.61,134.53,155.00,116.00,135.00,4.62,0.99,0.91,7485966171.00,1832286431.00,1823551571.00
[object Object],SBRY,J Sainsbury plc,LSE,353.80,stock,common,10.00,1.00,false,0.00,GBX,-0.14,1728766.00,0.13,10380688427.52,USD,21.39,0.22,12.82,3.87,Retail trade,uk,Retail Trade,Buy,Buy,-0.14,-6.65,5.30,11.15,5.80,8.79,20.18,22.85,59.01,-33.14,1.78,1.93,Buy,Buy,StrongBuy,Strong buy,Neutral,Neutral,60.03,8.80,12.84,-4.44,32.28,34.07,long_lower_shadow_bullish,0.00,0.00,0.00,0.00,-0.31,1728766.00,-66.25,0.00,0.00,0.00,12.98,21.39,1.67,0.24,1.30,0.00,0.00,7.67,17825025227.52,0.39,14.81,6.21,355.32,345.96,329.84,329.92,330.67,4.83,5.38,4.04,4.83,0.32,0.16,0.15,46019840263.26,21420047398.00,24591715542.00
[object Object],SUBC,Subsea 7 S.A.,OSL,329.00,stock,common,10.00,2.00,false,0.00,NOK,-1.67,189107.00,0.42,10365213091.49,USD,16.40,2.02,110.94,5.83,Industrial services,norway,Industrial Services,Buy,Buy,-1.67,3.13,-5.73,6.13,36.40,61.91,66.67,387.41,273.86,318.52,2.91,3.04,Buy,Buy,StrongBuy,Strong buy,Neutral,Neutral,51.62,-0.60,-1.11,69.52,80.40,77.55,dark_cloud_cover_bearish,0.00,0.00,0.00,0.00,0.12,189107.00,-44.17,0.00,0.00,0.00,50.49,16.40,0.15,1.35,2.27,5.16,5.93,9.45,10199898571.63,1.37,10.13,6.09,321.34,328.83,330.70,316.79,266.93,36.67,47.57,25.09,38.37,2.42,0.60,0.74,7290860466.35,1913006474.00,2027174161.00
[object Object],BEZ,Beazley Plc,LSE,1291.94,stock,common,10.00,5.00,false,0.00,GBX,0.07,936290.00,0.36,10340636577.24,USD,15.80,1.08,-29.95,1.94,Finance,uk,Finance,Neutral,Neutral,0.07,-0.24,0.31,0.93,4.87,54.08,38.77,217.28,235.92,1514.93,0.29,0.22,Buy,Buy,StrongBuy,Strong buy,Neutral,Neutral,58.30,-1.06,3.26,81.70,44.24,44.38,0.00,0.00,0.00,0.00,0.00,0.08,936290.00,-70.37,0.00,0.00,0.00,38.82,15.80,0.00,1.61,2.10,11.15,11.28,0.00,10970035108.03,1.69,0.00,0.00,1291.69,1289.16,1286.87,1281.15,1140.21,17.81,18.14,17.63,17.66,1.27,0.50,0.69,6304910515.55,3218971000.00,3066741180.00
[object Object],PSKY,Paramount Skydance Corporation Class B,NASDAQ,9.20,stock,common,100.00,1.00,false,0.00,USD,1.49,623707.00,0.04,10320889616.12,USD,0.00,-0.56,-2130.43,2.21,Consumer services,america,Consumer Services,Neutral,Neutral,1.49,17.88,-7.59,-14.15,-13.25,-31.38,-21.01,-77.75,-82.42,-63.98,5.08,4.59,Buy,Buy,Buy,Buy,Neutral,Neutral,56.06,0.98,-0.48,85.47,86.45,68.73,0.00,9.06,0.02,-0.66,13030.00,0.00,623707.00,-95.30,0.00,0.00,0.00,-3.31,0.00,-0.01,0.35,0.88,12.65,21.91,6.33,25934889616.12,0.89,11.35,7.14,8.34,9.01,9.52,9.93,11.55,9.81,16.00,2.00,10.00,0.52,0.16,0.11,29966946654.00,6866490555.00,7048763716.00
[object Object],FRT,Federal Realty Investment Trust,NYSE,117.97,stock,common,100.00,1.00,false,0.00,USD,0.05,166976.00,0.18,10311974217.72,USD,23.82,4.95,25.62,3.83,Finance,america,Finance,Buy,Buy,0.05,-6.51,-3.59,1.33,12.18,18.74,24.40,-2.12,-28.26,3725.87,1.98,1.65,Sell,Sell,Sell,Sell,Neutral,Neutral,31.43,-8.11,-2.27,-216.74,7.58,12.90,long_lower_shadow_bullish,118.25,0.29,0.29,30103.00,0.08,166976.00,-89.14,0.00,0.00,0.00,33.05,23.82,0.93,7.61,3.20,15.97,30.35,94.80,15469532217.72,11.59,33.58,18.15,123.14,123.23,122.85,116.86,109.20,132.22,149.00,118.00,132.00,4.06,0.72,0.71,1356161026.00,331919002.00,337993392.00
[object Object],UHS,"Universal Health Services, Inc. Class B",NYSE,169.84,stock,common,100.00,1.00,false,0.00,USD,0.07,12953.00,0.01,10279378109.25,USD,6.92,24.55,29.33,0.47,Health services,america,Health Services,Buy,Buy,0.07,4.92,7.43,-2.31,-22.10,-22.03,3.43,12.03,33.60,8883.27,3.36,3.84,Buy,Buy,StrongBuy,Strong buy,Neutral,Neutral,64.03,14.09,14.44,91.82,80.58,79.10,0.00,168.57,-0.68,-2.42,300.00,-0.73,12953.00,-97.95,0.00,0.00,0.00,-4.10,6.92,0.24,0.56,0.00,5.65,12.04,73.31,15544179109.25,0.86,7.55,5.76,167.35,157.23,152.30,164.00,190.86,192.31,290.00,162.00,190.50,22.63,5.94,5.30,18611593832.00,4578899092.00,4720189760.00
[object Object],PAH3,Porsche Automobil Holding SE Pref,XETR,29.05,stock,preferred,100.00,1.00,false,0.00,EUR,0.03,194517.00,0.35,10245489682.22,USD,3.36,10.17,0.00,5.20,Consumer durables,germany,Consumer Durables,Neutral,Neutral,0.03,-0.07,3.82,-8.10,-17.87,-27.19,-17.42,-68.07,-34.99,-19.11,1.67,1.98,Buy,Buy,Buy,Buy,Neutral,Neutral,55.83,1.95,0.95,66.80,85.26,88.07,0.00,28.89,-0.52,-0.52,300.00,-1.07,194517.00,-58.92,0.00,0.00,0.00,-20.51,3.36,0.00,2.98,0.24,12.71,12.71,4.60,16118487642.22,4.60,4.38,4.38,28.89,27.95,29.00,30.45,33.56,42.41,51.58,35.53,41.83,10.45,3.52,2.94,10400755157.52,0.00,0.00
[object Object],SOF,Sofina SA,EURONEXT,248.00,stock,common,10.00,2.00,false,0.00,EUR,1.06,3636.00,0.22,10220419759.37,USD,74.08,3.93,-91.59,1.04,Finance,belgium,Finance,StrongBuy,Strong buy,1.06,1.97,9.25,13.24,3.33,0.32,-8.12,-39.11,109.21,467.97,1.71,1.89,Buy,Buy,StrongBuy,Strong buy,Neutral,Neutral,71.10,10.00,15.73,89.33,83.99,88.51,0.00,0.00,0.00,0.00,0.00,0.00,3636.00,-72.43,0.00,0.00,0.00,-5.20,74.08,0.00,63.58,0.81,19.68,19.68,5.18,9868661972.57,64.97,67.88,0.00,244.92,233.87,227.83,224.03,233.92,337.38,360.25,314.50,337.38,0.00,0.00,0.00,0.00,0.00,0.00
[object Object],SWKS,"Skyworks Solutions, Inc.",NASDAQ,67.61,stock,common,100.00,1.00,false,0.00,USD,1.15,222703.00,0.03,10173463984.96,USD,35.02,1.93,-23.08,4.25,Electronic technology,america,Electronic Technology,Neutral,Neutral,1.15,6.74,14.06,0.78,10.65,5.36,-0.95,-63.71,1.56,4580.65,3.93,4.80,Buy,Buy,StrongBuy,Strong buy,Neutral,Neutral,58.38,7.40,1.72,154.00,92.65,89.21,spinning_top_white,68.02,1.77,0.33,1259.00,0.93,222703.00,-94.05,0.00,0.00,0.00,-9.93,35.02,0.00,2.52,1.77,14.31,23.63,12.81,10055363984.96,2.51,28.80,12.38,64.36,62.40,67.33,64.86,64.32,67.93,85.00,52.00,69.00,5.04,1.03,1.27,3946287348.00,925966187.00,1036192676.00
[object Object],AKER,Aker ASA Class A,OSL,1374.00,stock,common,1.00,2.00,false,0.00,NOK,5.37,123226.00,1.10,10146232848.90,USD,3.66,37.89,0.00,4.26,Finance,norway,Finance,StrongBuy,Strong buy,5.37,15.08,11.71,23.78,54.04,79.37,95.73,114.35,461.96,2248.72,3.15,3.01,StrongBuy,Strong buy,StrongBuy,Strong buy,Neutral,Neutral,67.83,124.00,92.88,189.76,88.27,87.80,marubozu_white_bullish,0.00,0.00,0.00,0.00,1.84,123226.00,63.41,0.00,0.00,0.00,81.60,3.66,0.00,7.92,1.51,20.80,33.00,32.95,15060424168.90,12.20,5.39,5.10,1270.00,1235.87,1219.96,1167.50,997.79,141.43,153.35,121.01,146.05,7.46,0.00,0.00,0.00,0.00,0.00
[object Object],ACKB,Ackermans & van Haaren NV,EURONEXT,266.60,stock,common,10.00,2.00,false,0.00,EUR,-0.52,14119.00,0.52,10130730160.43,USD,14.73,21.26,28.77,1.20,Industrial services,belgium,Industrial Services,Buy,Buy,-0.52,-1.62,-1.99,-8.45,3.74,14.62,22.18,79.77,150.09,774.10,1.21,1.46,Sell,Sell,StrongSell,Strong sell,Neutral,Neutral,43.19,0.80,-3.17,-56.03,60.51,65.69,0.00,0.00,0.00,0.00,0.00,0.00,14119.00,-42.60,0.00,0.00,0.00,21.96,14.73,0.51,1.47,1.53,8.68,16.28,3.97,21498460313.43,3.07,24.57,14.28,267.44,270.97,273.17,274.81,258.71,359.27,386.97,328.92,361.36,22.14,11.72,0.00,7017697250.00,0.00,0.00
[object Object],ADDT_B,Addtech AB Class B,OMXSTO,360.00,stock,common,10.00,2.00,false,0.00,SEK,0.50,114957.00,0.36,10123260961.36,USD,43.71,0.85,13.61,0.89,Distribution services,sweden,Distribution Services,StrongBuy,Strong buy,0.50,4.11,10.50,7.46,16.58,9.89,8.17,90.48,1049.70,10436.69,1.80,2.36,Buy,Buy,StrongBuy,Strong buy,Neutral,Neutral,67.44,18.40,16.91,147.98,83.19,86.57,0.00,0.00,0.00,0.00,0.00,0.00,114957.00,-70.98,0.00,0.00,0.00,4.22,43.71,3.20,4.20,11.31,31.11,32.61,69.57,10752298561.36,4.54,34.24,28.81,349.78,341.98,335.44,330.62,323.95,39.83,42.72,35.43,40.12,1.04,0.24,0.23,2608838749.85,632241811.89,617172678.86
[object Object],TREL_B,Trelleborg AB Class B,OMXSTO,441.80,stock,common,10.00,2.00,false,0.00,SEK,0.78,87513.00,0.35,10058186974.63,USD,26.23,1.73,7.71,1.82,Producer manufacturing,sweden,Producer Manufacturing,Buy,Buy,0.78,4.35,7.81,12.82,15.99,12.13,27.72,106.55,190.66,1158.42,2.06,2.10,Buy,Buy,StrongBuy,Strong buy,Sell,Sell,68.74,22.80,18.86,139.35,87.46,87.67,0.00,0.00,0.00,0.00,0.00,-0.91,87513.00,-48.83,0.00,0.00,0.00,17.21,26.23,3.37,2.82,2.63,18.72,24.91,42.34,11077755574.63,3.11,16.94,12.86,429.96,418.07,415.41,394.89,390.19,45.58,52.68,35.73,45.64,2.12,0.50,0.53,3922016945.32,930815195.16,966229723.89
[object Object],APTV,Aptiv PLC,NYSE,48.30,stock,common,100.00,1.00,false,0.00,USD,4.33,827386.00,0.16,10029727903.41,USD,28.56,1.69,-71.98,0.00,Producer manufacturing,america,Producer Manufacturing,StrongBuy,Strong buy,4.33,-16.17,-16.35,-16.61,-28.98,-25.78,-13.39,-64.77,2.90,220.37,4.66,3.69,Sell,Sell,StrongSell,Strong sell,Buy,Buy,31.78,-8.24,-8.25,-156.90,7.10,10.30,0.00,47.50,2.59,1.71,42026.00,2.70,827386.00,-86.71,0.00,0.00,0.00,-15.41,28.56,0.00,0.48,1.11,5.84,9.47,3.25,17027727903.41,0.82,8.69,5.75,53.59,57.09,61.01,59.74,63.29,67.67,80.00,55.00,65.50,5.75,1.42,1.36,12768455595.00,3314249981.00,3200335161.00
[object Object],IMI,IMI plc,LSE,3120.00,stock,common,1.00,2.00,false,0.00,GBX,-0.32,300260.00,0.40,9992105113.52,USD,23.00,1.80,45.36,1.09,Producer manufacturing,uk,Producer Manufacturing,Buy,Buy,-0.32,3.79,10.96,11.20,11.76,24.62,41.21,81.81,207.50,893.63,1.90,2.41,Buy,Buy,StrongBuy,Strong buy,Neutral,Neutral,64.35,68.00,109.55,158.76,94.22,85.70,0.00,0.00,0.00,0.00,0.00,0.26,300260.00,-51.54,0.00,0.00,0.00,29.52,23.00,0.51,3.21,8.05,15.38,19.39,84.12,10900384153.52,3.47,16.54,13.44,3001.20,2941.13,2921.72,2832.74,2716.35,43.48,46.25,37.65,44.37,1.90,0.79,1.05,3214493371.44,1502780377.50,1655941200.00
[object Object],FDS,FactSet Research Systems Inc.,NYSE,279.97,stock,common,100.00,1.00,false,0.00,USD,1.96,61711.00,0.06,9957195988.62,USD,18.45,15.17,9.52,1.62,Commercial services,america,Commercial Services,Neutral,Neutral,1.96,7.18,9.23,26.61,31.51,-2.97,-29.00,-22.94,61.04,6709.95,3.10,4.35,StrongBuy,Strong buy,StrongBuy,Strong buy,Neutral,Neutral,61.41,25.61,22.78,100.81,67.45,64.28,0.00,276.00,0.52,0.16,300.00,0.43,61711.00,-92.75,0.00,0.00,0.00,-35.73,18.45,1.90,4.08,4.93,12.21,14.30,32.73,11218305988.62,4.60,14.94,11.69,273.48,256.90,249.73,235.02,247.46,271.47,430.00,210.00,253.00,17.79,4.45,4.34,2467950110.00,617905979.00,629106554.00
[object Object],TUB,Financiere de Tubize S.A.,EURONEXT,193.90,stock,common,10.00,1.00,false,0.00,EUR,0.31,3837.00,0.18,9912309217.87,USD,87.70,2.52,6.12,0.39,Finance,belgium,Finance,Neutral,Neutral,0.31,-0.05,-10.40,-2.22,-14.20,-7.67,29.09,113.55,241.25,9697.88,2.49,3.05,Sell,Sell,StrongSell,Strong sell,Neutral,Neutral,38.42,-15.90,-16.13,-108.57,20.24,20.02,0.00,0.00,0.00,0.00,0.00,0.05,3837.00,-70.33,0.00,0.00,0.00,44.01,87.70,14.29,0.00,4.35,87.75,87.75,172.95,9854818765.71,0.00,0.00,0.00,198.88,209.01,215.11,212.44,215.40,289.44,329.15,249.74,289.44,0.00,0.00,0.00,0.00,0.00,0.00
[object Object],PSON,Pearson PLC,LSE,1227.50,stock,common,10.00,5.00,false,0.00,GBX,-0.12,411556.00,0.23,9898919859.51,USD,24.77,0.66,-23.84,2.05,Consumer services,uk,Consumer Services,Neutral,Neutral,-0.12,-5.03,-2.89,10.59,38.54,16.96,14.03,53.05,38.39,124.64,3.64,3.09,Neutral,Neutral,Neutral,Neutral,Sell,Sell,48.14,1.50,4.49,-73.64,28.21,29.77,0.00,0.00,0.00,0.00,0.00,0.12,411556.00,-68.81,0.00,0.00,0.00,14.43,24.77,0.00,2.10,2.20,6.88,7.14,22.54,11827936659.51,2.46,16.90,8.12,1261.70,1246.67,1205.03,1131.09,1062.76,17.33,19.06,15.17,17.45,0.95,0.35,0.57,5014739190.90,2333304250.65,2604034797.00
[object Object],BIM,bioMerieux SA,EURONEXT,72.90,stock,common,100.00,5.00,false,0.00,EUR,0.55,32377.00,0.17,9861143717.25,USD,18.69,4.46,22.76,1.35,Health technology,france,Health Technology,Neutral,Neutral,0.55,1.60,4.59,2.53,-24.85,-33.91,-40.54,-28.00,76.02,13568.89,2.40,3.10,Buy,Buy,Buy,Buy,Neutral,Neutral,54.45,3.00,1.52,96.52,63.23,62.26,0.00,0.00,0.00,0.00,0.00,0.14,32377.00,-66.28,0.00,0.00,0.00,-40.52,18.69,0.82,2.15,2.00,9.51,14.74,13.12,9591801441.25,2.10,13.86,9.14,72.16,71.04,70.47,75.83,89.79,90.27,113.89,72.89,89.97,5.13,2.32,2.93,4850477127.70,2210342924.00,2482257494.00
[object Object],HSIC,"Henry Schein, Inc.",NASDAQ,88.24,stock,common,100.00,1.00,false,0.00,USD,0.01,32625.00,0.02,9834043137.45,USD,25.71,3.43,10.35,0.00,Distribution services,america,Distribution Services,Buy,Buy,0.01,4.04,1.61,24.86,13.92,16.64,31.54,15.71,34.86,1879.14,3.13,2.54,Buy,Buy,StrongBuy,Strong buy,Neutral,Neutral,61.02,2.77,3.01,73.82,61.14,63.06,long_lower_shadow_bullish,88.23,0.00,0.31,8604.00,-0.12,32625.00,-97.18,0.00,0.00,0.00,14.94,25.71,2.48,0.00,3.13,0.00,0.00,0.00,9834043137.45,0.72,12.10,0.00,86.87,86.01,83.22,78.75,76.91,97.56,112.00,64.00,100.00,5.38,1.24,1.36,13861201873.00,3373853433.00,3473531082.00
[object Object],KESKOB,Kesko Oyj Class B,OMXHEX,21.48,stock,common,100.00,2.00,false,0.00,EUR,0.00,71527.00,0.15,9810656591.66,USD,20.46,1.20,10.18,4.19,Retail trade,finland,Retail Trade,Buy,Buy,0.00,-0.37,10.15,3.47,3.87,11.18,12.05,-41.90,108.39,561.43,1.16,1.68,Buy,Buy,StrongBuy,Strong buy,Neutral,Neutral,66.69,0.58,1.28,61.07,77.69,77.42,"hanging_man_bearish,long_lower_shadow_bullish",0.00,0.00,0.00,0.00,0.19,71527.00,-80.33,0.00,0.00,0.00,11.85,20.46,2.01,0.66,3.23,8.39,12.38,22.73,14021635297.66,0.95,18.78,9.74,21.52,20.31,20.35,20.23,19.87,25.01,27.38,22.24,25.67,1.37,0.37,0.44,15463615439.05,3863834522.90,3895267625.00
[object Object],SPM,Saipem S.p.A.,MIL,4.31,stock,common,1000.00,1.00,false,0.00,EUR,-0.07,7964077.00,0.25,9804119515.23,USD,0.00,0.00,0.00,3.94,Industrial services,italy,Industrial Services,Buy,Buy,-0.07,5.25,-4.16,-1.30,38.39,75.96,89.74,-10.85,-55.22,-13.39,2.85,3.12,Buy,Buy,StrongBuy,Strong buy,Neutral,Neutral,51.19,-0.10,-0.03,33.31,65.22,63.97,0.00,0.00,0.00,0.00,0.00,0.42,7964077.00,-72.46,0.00,0.00,0.00,70.11,0.00,0.00,0.55,0.00,0.00,0.00,0.00,9804119515.23,0.55,13.78,4.93,4.20,4.30,4.37,4.26,3.50,5.63,6.91,3.91,5.75,0.20,0.00,0.00,18341979758.89,6802683120.00,0.00
[object Object],VOE,voestalpine AG,VIE,46.86,stock,common,100.00,2.00,false,0.00,EUR,-0.55,80166.00,0.32,9690667693.97,USD,16.11,3.32,323.65,1.59,Non-energy minerals,austria,Non-Energy Minerals,Buy,Buy,-0.55,4.50,9.18,3.90,12.92,25.23,88.95,22.73,55.94,386.86,4.10,3.51,Buy,Buy,StrongBuy,Strong buy,Neutral,Neutral,58.44,2.18,3.11,133.83,63.81,75.92,0.00,0.00,0.00,0.00,0.00,1.27,80166.00,-73.41,0.00,0.00,0.00,81.18,16.11,0.05,0.55,1.03,5.76,18.79,8.45,11158917183.97,0.64,13.92,6.74,46.08,44.20,44.71,43.76,41.33,56.11,68.21,44.91,55.14,4.28,1.16,0.80,18031333881.63,4560137482.88,4425834738.79
[object Object],EVK,Evonik Industries AG,XETR,18.06,stock,common,100.00,1.00,false,0.00,EUR,0.06,331989.00,0.26,9689985415.88,USD,69.54,0.30,-71.46,5.54,Process industries,germany,Process Industries,Neutral,Neutral,0.06,2.91,11.69,4.76,24.29,34.98,9.39,-38.07,-35.06,-45.27,2.65,2.21,Buy,Buy,StrongBuy,Strong buy,Neutral,Neutral,70.12,0.96,1.13,137.98,84.92,81.80,spinning_top_white,17.88,-0.94,-0.94,1000.00,-0.06,331989.00,-66.13,0.00,0.00,0.00,-4.60,69.54,0.00,0.60,1.07,5.21,10.15,21.58,14454740135.88,0.90,12.22,5.91,17.59,16.83,16.48,16.68,15.28,20.73,24.26,16.17,21.37,1.85,0.63,0.51,17050163833.19,4358954535.64,4180940936.52
[object Object],PODD,Insulet Corporation,NASDAQ,139.10,stock,common,100.00,1.00,false,0.00,USD,-0.14,177589.00,0.09,9647168685.77,USD,27.58,5.04,53.51,0.00,Health technology,america,Health Technology,Buy,Buy,-0.14,-15.48,-13.32,-13.90,-42.67,-51.27,-56.12,-49.87,222.21,718.24,5.19,4.19,Sell,Sell,StrongSell,Strong sell,Neutral,Neutral,35.84,-24.16,-9.44,-190.45,23.26,36.48,0.00,139.00,-0.22,-0.45,2366.00,-0.93,177589.00,-94.53,0.00,0.00,0.00,-43.45,27.58,0.52,3.17,6.78,18.88,32.87,18.05,10060668685.77,3.29,19.52,15.73,158.23,159.79,154.93,170.84,227.93,169.86,275.00,144.00,165.00,6.51,1.47,1.60,3295706830.00,787389296.00,835119395.00
[object Object],SW,Sodexo SA,EURONEXT,57.30,stock,common,100.00,5.00,false,0.00,EUR,0.61,30910.00,0.13,9597614446.61,USD,18.80,3.60,-33.44,4.74,Consumer services,france,Consumer Services,Neutral,Neutral,0.61,-0.26,6.90,33.50,26.60,31.42,10.62,4.46,-25.89,702.79,1.54,2.05,Buy,Buy,StrongBuy,Strong buy,Sell,Sell,63.47,1.80,2.99,66.24,79.10,76.80,0.00,0.00,0.00,0.00,0.00,-0.44,30910.00,-86.71,0.00,0.00,0.00,13.26,18.80,0.00,0.35,2.32,8.71,13.48,7.17,14482179246.61,0.52,14.34,8.97,57.26,54.44,52.63,48.21,46.74,60.15,74.03,46.70,59.22,3.78,2.82,1.59,27833732682.69,14296003267.68,13708531111.20
[object Object],RED,Redeia Corporacion SA,BME,15.47,stock,common,100.00,1.00,false,0.00,EUR,0.13,174245.00,0.18,9593419297.81,USD,16.73,1.06,35.60,4.19,Utilities,spain,Utilities,Buy,Buy,0.13,0.72,0.72,5.38,2.38,1.44,-6.58,-8.22,-22.34,916.09,1.23,1.35,Buy,Buy,StrongBuy,Strong buy,Sell,Sell,53.16,-0.25,0.08,-30.77,27.14,28.21,"hanging_man_bearish,long_lower_shadow_bullish",0.00,0.00,0.00,0.00,0.26,174245.00,-71.55,0.00,0.00,0.00,-7.91,16.73,0.47,4.87,1.76,8.26,0.00,8.50,16678565789.69,8.51,19.95,11.79,15.47,15.38,15.25,15.04,15.14,19.26,22.35,15.55,19.58,1.10,0.59,0.00,2038129896.15,983884690.00,0.00
[object Object],ANDR,ANDRITZ AG,VIE,82.10,stock,common,10.00,1.00,false,0.00,EUR,-0.61,14175.00,0.11,9465063978.13,USD,17.31,5.42,0.83,3.27,Producer manufacturing,austria,Producer Manufacturing,StrongBuy,Strong buy,-0.61,-0.73,12.93,9.32,17.29,22.54,33.28,74.68,82.75,3184.00,2.11,2.70,Buy,Buy,StrongBuy,Strong buy,Neutral,Neutral,63.33,4.80,6.44,96.16,80.61,84.89,0.00,0.00,0.00,0.00,0.00,-0.36,14175.00,-78.88,0.00,0.00,0.00,11.19,17.31,20.95,1.00,3.30,10.38,14.30,10.46,9298251482.13,1.01,13.41,9.54,80.05,75.99,76.80,73.10,70.29,101.78,115.22,82.96,103.12,6.14,1.34,1.54,9676357235.94,2226845691.00,2280884398.00
[object Object],RNO,Renault SA,EURONEXT,28.34,stock,common,100.00,1.00,false,0.00,EUR,0.50,246451.00,0.16,9407545110.25,USD,8.65,3.74,0.00,7.80,Consumer durables,france,Consumer Durables,Buy,Buy,0.50,2.13,9.25,-1.01,-9.75,-20.12,-8.96,-16.62,-62.02,12.68,2.59,2.79,Buy,Buy,StrongBuy,Strong buy,Neutral,Neutral,60.77,2.20,1.68,97.56,77.62,78.78,0.00,0.00,0.00,0.00,0.00,0.00,246451.00,-79.07,0.00,0.00,0.00,-20.66,8.65,0.00,0.14,0.40,1.68,2.45,0.39,70011861250.25,1.01,17.29,7.96,27.83,26.61,26.87,28.16,30.76,44.15,78.90,28.88,40.43,7.26,3.25,4.37,71874662763.50,33749915166.59,36034754744.52
[object Object],CNA,Centrica plc,LSE,154.25,stock,common,100.00,5.00,false,0.00,GBX,0.33,2943321.00,0.14,9367181728.24,USD,9.83,0.21,0.00,3.58,Utilities,uk,Utilities,Buy,Buy,0.33,1.08,-9.16,-22.25,-18.82,-9.13,-8.16,220.09,-33.23,183.53,2.07,2.72,Sell,Sell,StrongSell,Strong sell,Neutral,Neutral,35.64,-8.75,-13.62,-74.51,6.03,4.43,long_lower_shadow_bullish,0.00,0.00,0.00,0.00,0.36,2943321.00,-68.50,0.00,0.00,0.00,-9.33,9.83,0.00,0.36,2.05,14.43,0.00,2.01,8900397328.24,0.34,1.48,1.39,154.37,165.86,172.06,188.54,184.46,2.80,3.06,2.42,2.83,0.15,0.09,0.07,29205809550.71,16453957366.80,17210896395.60
[object Object],WEIR,Weir Group PLC,LSE,2712.00,stock,common,1.00,2.00,false,0.00,GBX,0.59,253817.00,0.19,9355016229.09,USD,26.79,1.34,-14.68,1.55,Producer manufacturing,uk,Producer Manufacturing,Buy,Buy,0.59,0.67,12.62,6.86,-19.43,-4.98,8.31,61.28,90.85,1030.00,2.47,2.98,Buy,Buy,StrongBuy,Strong buy,Neutral,Neutral,63.30,96.00,190.43,83.28,72.66,70.38,0.00,0.00,0.00,0.00,0.00,-0.30,253817.00,-59.43,0.00,0.00,0.00,-4.25,26.79,0.00,2.65,3.49,24.42,29.90,18.20,11317124949.09,3.24,17.91,13.99,2660.20,2516.87,2466.36,2609.56,2827.11,44.16,53.86,33.66,43.09,1.77,0.68,1.06,3716221518.49,1670517442.79,2027226264.35
[object Object],INDT,Indutrade AB,OMXSTO,245.40,stock,common,10.00,2.00,false,0.00,SEK,0.33,46608.00,0.12,9330173770.07,USD,33.35,0.76,-0.48,1.27,Producer manufacturing,sweden,Producer Manufacturing,Buy,Buy,0.33,2.25,18.67,23.88,7.73,2.08,5.87,-16.07,302.52,2935.88,1.81,2.79,Buy,Buy,StrongBuy,Strong buy,Neutral,Neutral,62.73,3.00,21.36,53.24,63.58,58.75,spinning_top_white,0.00,0.00,0.00,0.00,0.16,46608.00,-88.96,0.00,0.00,0.00,0.91,33.35,0.00,2.69,5.00,21.64,24.38,65.64,10325870770.07,3.04,25.19,17.45,242.56,228.51,213.28,211.81,222.79,28.76,32.67,26.65,28.89,1.03,0.21,0.25,3798841947.81,886637170.99,923452052.68
[object Object],SAVE,Nordnet AB,OMXSTO,357.80,stock,common,10.00,2.00,false,0.00,SEK,0.00,81402.00,0.44,9288187736.29,USD,27.59,1.33,15.57,2.40,Finance,sweden,Finance,Neutral,Neutral,0.00,-2.72,-3.19,15.20,20.31,32.42,33.21,140.94,228.26,228.26,2.11,2.22,Neutral,Neutral,Neutral,Neutral,Sell,Sell,45.68,-8.00,-4.57,-185.94,21.18,14.11,0.00,0.00,0.00,0.00,0.00,-0.11,81402.00,-43.47,0.00,0.00,0.00,37.56,27.59,1.77,12.59,12.42,0.00,0.00,38.42,9139932536.29,12.60,21.74,20.53,362.08,365.63,356.86,334.73,306.40,39.19,46.07,27.22,40.05,1.58,0.36,0.39,688356026.68,156942742.27,169039249.45
[object Object],SYENS,Syensqo SA/NV,EURONEXT,80.70,stock,common,100.00,5.00,false,0.00,EUR,1.45,50002.00,0.28,9284750070.40,USD,0.00,-0.26,72.60,1.43,Process industries,belgium,Process Industries,Buy,Buy,1.45,6.39,21.72,41.83,4.18,17.95,6.89,-10.33,-10.33,-10.33,2.03,2.50,Buy,Buy,StrongBuy,Strong buy,Buy,Buy,82.88,9.65,9.39,130.90,96.26,95.88,0.00,0.00,0.00,0.00,0.00,0.57,50002.00,-73.55,0.00,0.00,0.00,0.22,0.00,0.00,1.41,1.35,12.02,22.23,12.44,11771961250.40,1.78,28.40,9.75,76.26,70.20,68.77,62.15,65.42,84.23,109.75,45.05,84.33,3.96,1.08,1.25,6863709128.99,1727471390.55,1756023702.38
[object Object],SECU_B,Securitas AB Class B,OMXSTO,151.40,stock,common,10.00,1.00,false,0.00,SEK,-1.50,542606.00,0.28,9219612598.31,USD,15.52,1.00,0.13,3.19,Commercial services,sweden,Commercial Services,Buy,Buy,-1.50,-2.64,-6.43,-4.18,-5.26,2.23,2.12,22.37,25.06,16.72,1.73,2.05,StrongSell,Strong sell,StrongSell,Strong sell,Neutral,Neutral,39.86,0.40,-5.45,-103.54,15.87,20.16,0.00,0.00,0.00,0.00,0.00,-0.33,542606.00,-47.09,0.00,0.00,0.00,8.03,15.52,125.83,0.58,2.11,8.25,0.00,13.26,12726957898.31,0.82,11.50,8.36,154.92,160.14,157.81,158.40,152.99,17.73,21.99,13.40,18.01,1.39,0.32,0.36,16362777511.85,3867703585.69,4009817393.88
[object Object],NDA,Aurubis AG,XETR,175.20,stock,common,10.00,1.00,false,0.00,EUR,-3.31,114898.00,0.92,9113648961.06,USD,8.31,24.37,32.55,0.88,Non-energy minerals,germany,Non-Energy Minerals,Neutral,Neutral,-3.31,-3.84,2.10,-9.27,9.23,40.95,88.89,128.66,276.86,1151.43,4.42,3.61,Sell,Sell,StrongSell,Strong sell,Neutral,Neutral,44.93,-3.70,5.01,-37.64,54.26,73.58,0.00,181.40,0.11,0.33,55.00,-0.11,114898.00,-65.14,0.00,0.00,0.00,94.65,8.31,0.26,0.39,1.33,11.77,0.00,45.80,9527224141.06,0.41,6.67,5.53,180.68,176.93,186.25,184.05,160.69,197.38,244.23,130.18,203.91,10.67,2.72,3.07,28676433112.34,7082457537.80,8642317307.90
[object Object],SPIE,SPIE SA,EURONEXT,46.70,stock,common,100.00,2.00,false,0.00,EUR,0.52,31204.00,0.09,9064503006.79,USD,26.30,2.03,48.04,2.32,Commercial services,france,Commercial Services,StrongBuy,Strong buy,0.52,-2.34,-7.80,-7.62,1.30,-4.42,-9.06,136.58,183.46,174.71,1.95,2.48,Sell,Sell,StrongSell,Strong sell,Neutral,Neutral,40.20,-1.68,-2.11,-117.92,24.78,27.63,0.00,0.00,0.00,0.00,0.00,0.00,31204.00,-87.22,0.00,0.00,0.00,-2.81,26.30,0.54,0.75,3.79,8.53,9.23,19.17,12480011902.79,1.03,18.55,10.40,47.10,48.53,48.91,48.04,47.71,66.52,72.55,57.76,68.16,3.64,0.00,0.00,13203659747.97,5911616626.50,7029971646.00
[object Object],TKA,thyssenkrupp AG,XETR,12.49,stock,common,1000.00,5.00,false,0.00,EUR,-0.77,727464.00,0.42,9029157984.85,USD,861.55,0.02,0.00,1.19,Non-energy minerals,germany,Non-Energy Minerals,Buy,Buy,-0.77,2.57,6.77,16.32,11.14,32.62,93.89,109.09,-7.37,184.83,3.07,3.81,Buy,Buy,StrongBuy,Strong buy,Sell,Sell,61.11,0.21,0.80,129.38,72.99,77.84,0.00,12.55,-0.32,-0.32,50.00,0.08,727464.00,-46.75,0.00,0.00,0.00,17.27,861.55,0.00,0.24,0.85,16.00,0.00,2.19,7166341644.85,0.19,0.00,5.40,12.30,11.85,11.54,10.46,10.13,15.03,18.19,10.80,14.78,0.35,0.12,0.03,37775875036.85,9395753428.43,9582912048.87
[object Object],ALO,Alstom SA,EURONEXT,16.76,stock,common,1000.00,5.00,false,0.00,EUR,-0.97,168432.00,0.14,9020058453.05,USD,27.85,0.70,97.86,0.00,Producer manufacturing,france,Producer Manufacturing,Neutral,Neutral,-0.97,3.11,5.74,-3.68,-40.19,-33.09,-16.49,-49.31,-11.46,-22.69,2.59,2.64,Neutral,Neutral,Buy,Buy,Sell,Sell,59.09,0.75,0.75,114.42,83.96,87.23,harami_bearish,0.00,0.00,0.00,0.00,-0.27,168432.00,-84.49,0.00,0.00,0.00,-21.80,27.85,0.29,0.41,0.78,8.76,24.08,3.35,11434692373.05,0.52,14.16,6.55,16.46,15.93,16.11,17.88,21.47,24.20,31.83,11.37,23.53,1.90,0.79,0.86,23404111730.85,11584916557.29,11191813818.95
[object Object],FHZN,Flughafen Zurich AG,SIX,237.80,stock,common,10.00,2.00,false,0.00,CHF,0.08,13160.00,0.42,8975754320.06,USD,21.07,14.24,6.06,3.58,Transportation,switzerland,Transportation,Buy,Buy,0.08,-0.17,-5.33,6.07,-2.94,-5.71,0.76,56.45,30.66,212.89,1.39,1.70,Sell,Sell,Sell,Sell,Neutral,Neutral,49.16,5.20,-3.78,26.40,77.96,80.65,0.00,0.00,0.00,0.00,0.00,-0.08,13160.00,-65.34,0.00,0.00,0.00,2.07,21.07,3.47,5.36,2.32,10.68,50.53,17.30,10539477740.06,6.14,16.90,10.82,237.18,240.56,240.18,237.78,241.91,313.28,350.33,274.81,308.86,13.12,7.69,7.03,1776560586.12,916753985.00,833336951.05
[object Object],PNDORA,Pandora A/S,OMXCOP,797.20,stock,common,10.00,2.00,false,0.00,DKK,-1.94,97864.00,0.32,8940089854.84,USD,11.98,10.27,-2.11,2.71,Consumer durables,denmark,Consumer Durables,Neutral,Neutral,-1.94,0.28,1.74,47.85,43.90,12.44,-23.31,0.66,-8.68,253.53,3.01,3.04,Buy,Buy,Buy,Buy,Sell,Sell,55.52,39.60,51.32,26.51,63.81,73.92,0.00,0.00,0.00,0.00,0.00,-1.60,97864.00,-74.48,0.00,0.00,0.00,-29.13,11.98,0.00,1.88,14.79,7.73,9.63,71.98,11413122854.84,2.29,9.70,7.22,811.28,783.67,724.03,610.96,634.43,114.33,153.80,56.91,116.43,9.62,1.63,1.29,5181650194.42,1098435655.85,1102000278.34
[object Object],INPST,InPost S.A.,EURONEXT,15.47,stock,common,100.00,1.00,false,0.00,EUR,0.06,223183.00,0.44,8905114621.89,USD,68.94,0.26,-58.99,0.00,Technology services,netherlands,Technology Services,Buy,Buy,0.06,0.06,0.39,1.51,15.97,47.90,20.67,-6.89,-18.58,-18.58,0.10,0.20,Buy,Buy,StrongBuy,Strong buy,Neutral,Neutral,58.93,0.02,0.03,75.36,66.67,66.67,marubozu_black_bearish,0.00,0.00,0.00,0.00,0.13,223183.00,-50.60,0.00,0.00,0.00,19.57,68.94,0.00,2.10,10.19,12.93,29.30,54.13,11546458333.38,2.72,25.23,10.47,15.46,15.45,15.40,15.30,13.82,20.19,27.77,13.79,19.85,0.53,0.07,0.09,4681490614.36,1014475298.13,1090708502.27
[object Object],STB,Storebrand ASA,OSL,206.80,stock,common,10.00,2.00,false,0.00,NOK,0.39,155695.00,0.36,8888763705.57,USD,18.11,1.15,7.24,2.62,Finance,norway,Finance,Buy,Buy,0.39,1.57,11.72,15.53,20.94,19.61,37.23,164.11,552.57,303.54,1.68,1.50,StrongBuy,Strong buy,StrongBuy,Strong buy,Neutral,Neutral,73.87,6.20,9.83,126.32,96.56,89.02,0.00,0.00,0.00,0.00,0.00,-0.29,155695.00,-62.24,0.00,0.00,0.00,29.17,18.11,2.49,0.63,2.72,0.00,0.00,0.00,15678429465.57,1.14,0.00,0.00,202.94,194.88,187.39,181.14,174.09,20.44,23.67,14.87,22.36,1.17,0.29,0.32,4603200680.00,0.00,0.00
[object Object],STERV,Stora Enso Oyj Class R,OMXHEX,9.74,stock,common,1000.00,2.00,false,0.00,EUR,-0.21,564997.00,0.33,8884414469.88,USD,13.31,0.84,0.00,2.56,Process industries,finland,Process Industries,Buy,Buy,-0.21,-3.03,4.24,-0.14,-7.72,-9.26,4.02,-42.39,21.85,-44.59,2.53,2.89,Neutral,Neutral,Neutral,Neutral,Neutral,Neutral,51.13,0.36,0.40,8.60,68.31,73.76,0.00,0.00,0.00,0.00,0.00,-0.08,564997.00,-74.81,0.00,0.00,0.00,2.46,13.31,0.00,0.83,0.71,14.46,0.00,4.93,12879619829.88,1.21,0.00,28.48,9.85,9.56,9.65,9.78,10.09,12.81,15.47,9.17,12.95,0.60,0.16,0.14,11114839770.20,2765574104.51,2718515437.55
[object Object],DEMANT,Demant A/S,OMXCOP,281.20,stock,common,10.00,2.00,false,0.00,DKK,0.07,57714.00,0.16,8852753004.21,USD,38.46,1.15,-34.52,0.00,Health technology,denmark,Health Technology,Buy,Buy,0.07,-1.54,2.25,18.65,48.00,30.67,12.30,-25.69,106.76,476.23,2.03,2.36,Buy,Buy,StrongBuy,Strong buy,Neutral,Neutral,55.92,7.60,7.72,39.26,68.02,74.71,shooting_star_bearish,0.00,0.00,0.00,0.00,-0.28,57714.00,-86.54,0.00,0.00,0.00,2.48,38.46,0.00,2.57,6.03,14.98,17.94,44.54,11886022504.21,3.28,18.64,13.57,283.10,277.78,267.72,238.26,225.32,43.51,50.89,33.92,44.33,2.06,1.00,0.84,4075064122.47,1821026295.84,1933700158.50
[object Object],NCLH,Norwegian Cruise Line Holdings Ltd.,NYSE,19.21,stock,common,100.00,1.00,false,0.00,USD,-0.81,1404322.00,0.08,8822651782.38,USD,12.14,1.58,13.90,0.00,Consumer services,america,Consumer Services,Buy,Buy,-0.81,2.15,4.71,11.19,-11.78,-14.68,-23.48,-21.86,-51.42,-23.45,3.33,4.14,StrongSell,Strong sell,StrongSell,Strong sell,Sell,Sell,47.26,-0.16,-0.10,-45.69,44.60,52.50,marubozu_black_bearish,19.56,0.98,0.05,110303.00,1.45,1404322.00,-86.34,0.00,0.00,0.00,-6.86,12.14,0.88,0.88,3.43,4.23,0.00,40.87,24583370782.38,2.42,15.31,8.81,19.80,19.76,19.58,18.99,20.20,20.09,26.00,15.00,20.00,1.56,0.41,0.90,10047382395.00,2645677274.00,2862279498.00
[object Object],FRO,Frontline Plc,OSL,370.60,stock,common,10.00,1.00,false,0.00,NOK,-1.57,463392.00,0.72,8806962004.00,USD,9.41,4.06,139.37,7.91,Transportation,norway,Transportation,Buy,Buy,-1.57,-0.48,0.71,4.48,35.75,67.39,83.28,453.96,475.02,72.37,4.34,3.70,Buy,Buy,StrongBuy,Strong buy,Neutral,Neutral,50.89,-7.10,4.06,53.74,55.52,60.99,0.00,0.00,0.00,0.00,0.00,0.13,463392.00,-36.37,0.00,0.00,0.00,93.11,9.41,0.06,3.84,3.00,9.18,14.38,18.05,10998567755.36,4.89,12.65,9.22,372.57,366.38,363.68,349.32,306.46,40.79,55.00,20.59,40.09,7.60,2.44,2.67,2246655449.66,579593654.00,748052182.00
[object Object],JYSK,Jyske Bank A/S,OMXCOP,1043.00,stock,common,1.00,1.00,false,0.00,DKK,-1.23,66271.00,1.05,8781988232.82,USD,12.52,12.85,3.65,2.37,Finance,denmark,Finance,Neutral,Neutral,-1.23,1.76,6.65,19.75,9.67,19.89,57.55,228.61,274.51,1416.66,1.47,1.52,Buy,Buy,StrongBuy,Strong buy,Neutral,Neutral,68.15,40.00,51.73,102.24,86.18,94.23,0.00,0.00,0.00,0.00,0.00,-1.04,66271.00,29.83,0.00,0.00,0.00,35.48,12.52,3.47,4.00,1.30,0.00,0.00,0.00,77547829332.82,18.59,0.00,0.00,1030.90,998.38,968.21,929.61,893.48,151.03,159.05,140.18,152.20,12.80,2.46,3.08,2052999252.72,452667518.64,500734255.58
[object Object],BGN,Banca Generali S.p.A.,MIL,67.00,stock,common,100.00,5.00,false,0.00,EUR,0.30,127477.00,0.57,8768532510.81,USD,14.57,5.25,33.89,4.27,Finance,italy,Finance,Buy,Buy,0.30,2.21,2.45,17.54,17.96,16.52,31.12,88.31,265.12,661.36,1.54,1.81,Buy,Buy,StrongBuy,Strong buy,Sell,Sell,63.96,1.75,1.55,135.79,82.77,87.19,0.00,0.00,0.00,0.00,0.00,0.45,127477.00,-27.54,0.00,0.00,0.00,35.13,14.57,0.43,4.07,5.44,0.00,0.00,0.00,10478837531.09,4.60,0.00,0.00,66.03,65.38,63.62,59.04,56.75,81.00,88.04,69.51,80.56,4.57,0.00,0.00,1308638720.18,326857572.00,0.00
[object Object],RAA,Rational Aktiengesellschaft,XETR,666.00,stock,common,10.00,5.00,false,0.00,EUR,0.00,1522.00,0.16,8723579200.85,USD,0.00,0.00,0.00,2.40,Producer manufacturing,germany,Producer Manufacturing,Buy,Buy,0.00,-2.56,1.68,0.38,-12.20,0.99,3.82,-30.20,54.83,1834.92,2.36,1.96,Buy,Buy,Buy,Buy,Neutral,Neutral,54.08,16.50,23.63,41.67,72.00,79.54,spinning_top_black,671.50,0.83,0.83,10.00,0.30,1522.00,-88.73,0.00,0.00,0.00,-3.16,0.00,0.00,0.00,0.00,0.00,0.00,0.00,8723579200.85,5.90,21.93,0.00,672.45,652.75,654.07,653.09,661.03,918.01,1209.62,673.93,933.14,28.03,6.92,6.53,1582247439.52,371733726.75,383653228.85
[object Object],AOS,A. O. Smith Corporation,NYSE,63.71,stock,common,100.00,1.00,false,0.00,USD,1.14,49462.00,0.02,8658735205.79,USD,17.76,3.59,0.04,2.29,Producer manufacturing,america,Producer Manufacturing,Neutral,Neutral,1.14,7.73,5.71,5.46,-19.06,-5.00,-10.61,-10.71,35.06,5780.87,2.52,3.21,Buy,Buy,StrongBuy,Strong buy,Neutral,Neutral,60.19,2.93,1.56,118.72,78.09,73.33,0.00,0.00,0.00,0.00,0.00,0.02,49462.00,-96.81,0.00,0.00,0.00,-12.12,17.76,419.76,2.28,4.73,12.69,13.74,48.45,9154135205.79,2.41,13.30,11.73,62.24,61.11,59.93,61.21,65.70,69.70,84.00,59.00,69.00,3.73,0.96,0.90,3893686731.00,994893205.00,963475363.00
[object Object],BKW,BKW AG,SIX,132.40,stock,common,10.00,1.00,false,0.00,CHF,-0.30,13561.00,0.29,8622384769.82,USD,19.58,8.53,-42.65,2.86,Utilities,switzerland,Utilities,Neutral,Neutral,-0.30,-1.56,1.38,-12.89,-9.13,-22.71,-26.69,33.87,200.23,341.33,1.70,1.61,Sell,Sell,StrongSell,Strong sell,Neutral,Neutral,39.17,-3.70,-1.70,-135.46,11.11,9.36,0.00,0.00,0.00,0.00,0.00,0.08,13561.00,-73.39,0.00,0.00,0.00,-25.43,19.58,0.00,1.67,1.28,10.26,23.02,6.65,10130115889.82,1.91,15.57,9.90,133.74,134.45,137.00,145.51,154.18,187.09,208.56,172.77,178.94,11.12,0.00,0.00,5764165920.04,3024837200.00,2585539000.00
[object Object],QIA,QIAGEN NV,XETR,36.56,stock,common,1000.00,5.00,false,0.00,EUR,1.18,249241.00,0.40,8599499340.00,USD,21.83,1.94,312.48,0.84,Health technology,germany,Health Technology,Buy,Buy,1.18,2.97,8.89,28.12,-15.55,-10.25,-15.36,-26.60,32.02,45.44,3.05,3.26,Buy,Buy,StrongBuy,Strong buy,Neutral,Neutral,58.30,0.23,1.12,111.25,61.90,58.92,0.00,0.00,0.00,0.00,0.00,2.38,249241.00,-65.64,0.00,0.00,0.00,-20.22,21.83,0.06,4.09,2.62,14.35,21.47,13.66,9596867058.88,4.57,18.73,13.45,36.34,35.70,34.31,33.29,37.45,44.11,50.00,36.91,45.50,2.46,0.60,0.62,2179777472.56,527501910.00,540839238.00
[object Object],ACLN,Accelleron Industries AG,SIX,74.25,stock,common,100.00,5.00,false,0.00,CHF,-0.20,57148.00,0.32,8583553925.18,USD,36.13,2.59,28.78,2.02,Producer manufacturing,switzerland,Producer Manufacturing,Buy,Buy,-0.20,0.54,-5.41,-15.34,3.70,20.24,0.41,312.50,312.50,312.50,3.03,3.06,Sell,Sell,Sell,Sell,Neutral,Neutral,44.88,-2.75,-3.71,-37.33,55.12,47.21,0.00,0.00,0.00,0.00,0.00,-0.54,57148.00,-64.57,0.00,0.00,0.00,0.70,36.13,1.26,6.67,18.44,31.97,40.76,24.72,8831995686.82,6.68,28.18,24.89,73.23,76.66,77.88,79.18,72.96,100.24,115.92,94.12,95.45,3.09,1.07,1.36,1494774354.93,625882333.00,685643500.00
[object Object],AVOL,Avolta AG,SIX,49.52,stock,common,100.00,2.00,false,0.00,CHF,-0.96,34934.00,0.12,8560893591.56,USD,34.65,1.77,77.50,2.30,Retail trade,switzerland,Retail Trade,Buy,Buy,-0.96,-0.04,-8.89,8.50,0.81,5.05,13.84,4.65,-51.92,-32.32,2.53,2.87,Neutral,Neutral,Buy,Buy,Neutral,Neutral,49.81,2.72,-1.35,65.20,79.81,77.40,0.00,0.00,0.00,0.00,0.00,0.30,34934.00,-86.01,0.00,0.00,0.00,13.27,34.65,0.45,0.49,4.21,2.40,2.81,6.81,22887538791.56,1.34,19.72,6.53,49.30,50.42,50.30,48.75,47.52,64.51,74.27,55.71,63.75,4.52,1.77,0.00,17587969592.15,7990131377.45,9073253179.20
[object Object],ARE,"Alexandria Real Estate Equities, Inc.",NYSE,48.81,stock,common,100.00,1.00,false,0.00,USD,0.68,62166.00,0.03,8505023254.79,USD,0.00,-6.06,-4488.12,7.18,Finance,america,Finance,Neutral,Neutral,0.68,-6.24,-0.37,6.50,-11.25,0.04,-34.61,-76.58,-56.15,136.65,4.59,3.60,Sell,Sell,StrongSell,Strong sell,Neutral,Neutral,44.35,-2.13,-0.85,-89.27,19.39,23.12,0.00,48.65,0.35,0.85,2702.00,0.45,62166.00,-96.36,0.00,0.00,0.00,-31.54,0.00,-0.00,2.91,0.54,6.51,6.51,17.54,24937045254.79,8.78,32.19,12.18,51.24,50.71,51.02,48.48,51.12,51.79,60.00,42.00,52.00,2.02,0.09,0.01,1918649830.00,464856301.00,446814142.00
[object Object],NIBE_B,NIBE Industrier AB Class B,OMXSTO,40.23,stock,common,100.00,1.00,false,0.00,SEK,-0.15,2545105.00,0.47,8504500595.08,USD,33.94,0.12,-1.32,0.87,Producer manufacturing,sweden,Producer Manufacturing,Neutral,Neutral,-0.15,6.63,14.62,-7.75,9.89,12.94,-9.84,-61.87,125.14,2188.05,2.41,2.64,Buy,Buy,StrongBuy,Strong buy,Sell,Sell,72.37,3.05,3.07,138.09,87.09,89.85,0.00,0.00,0.00,0.00,0.00,-0.72,2545105.00,-63.28,0.00,0.00,0.00,-16.17,33.94,0.00,1.99,2.57,15.65,0.00,14.73,10310680295.08,2.40,25.89,16.44,38.77,36.90,36.58,38.25,37.15,4.46,5.76,2.83,4.55,0.17,0.03,0.03,4641398723.33,1010813062.05,1087218474.67
[object Object],QRVO,"Qorvo, Inc.",NASDAQ,96.01,stock,common,100.00,1.00,false,0.00,USD,0.71,214902.00,0.14,8470159234.21,USD,22.28,4.31,403.00,0.00,Electronic technology,america,Electronic Technology,Neutral,Neutral,0.71,4.83,13.35,5.78,15.62,12.42,12.69,-50.59,78.49,39.14,2.58,3.37,Buy,Buy,StrongBuy,Strong buy,Neutral,Neutral,62.10,9.50,3.73,152.27,93.50,91.58,0.00,95.71,0.40,-0.20,783.00,0.50,214902.00,-81.15,0.00,0.00,0.00,3.18,22.28,0.05,2.34,2.44,11.21,13.21,6.46,8690354234.21,2.38,13.12,9.58,92.34,88.89,93.21,89.66,87.12,89.67,105.00,66.00,95.00,7.57,1.11,2.05,3510156973.00,743280071.00,911722781.00
[object Object],GAW,Games Workshop Group PLC,LSE,19080.00,stock,common,1.00,10.00,false,0.00,GBX,0.74,27733.00,0.21,8419192620.99,USD,30.65,8.37,4.88,2.56,Consumer durables,uk,Consumer Durables,StrongBuy,Strong buy,0.74,-1.85,2.47,-2.68,13.17,0.47,19.03,62.24,3633.86,9942.11,2.74,2.80,Sell,Sell,StrongSell,Strong sell,Buy,Buy,34.77,-860.00,-1189.16,-114.55,15.87,16.99,0.00,0.00,0.00,0.00,0.00,-0.32,27733.00,-23.17,0.00,0.00,0.00,24.83,30.65,6.23,9.52,18.80,23.41,26.55,34.58,8248486740.99,9.30,22.15,18.96,19394.00,20172.00,20103.00,19569.50,18644.30,296.95,297.96,295.94,296.95,8.34,3.34,0.00,930708589.50,421935480.00,0.00
[object Object],DNP,Dino Polska SA,GPW,32.31,stock,common,100.00,1.00,false,0.00,PLN,0.87,1717757.00,0.32,8396637355.71,USD,20.27,0.43,2.77,0.00,Retail trade,poland,Retail Trade,Neutral,Neutral,0.87,0.12,17.15,4.63,-16.30,-22.39,-33.83,5.14,793.78,793.78,2.31,3.14,Buy,Buy,StrongBuy,Strong buy,Buy,Buy,66.03,3.53,2.66,86.96,70.34,70.65,0.00,0.00,0.00,0.00,0.00,0.34,1717757.00,-46.80,0.00,0.00,0.00,-37.68,20.27,7.27,0.90,3.53,13.56,89.20,41.84,8442488858.13,0.90,15.36,12.18,31.79,29.70,29.63,31.69,36.33,9.55,14.10,6.25,9.21,0.47,0.08,0.11,10626135547.39,2265242666.26,2530972727.34
[object Object],ZAB,Zabka Group S.A.,GPW,31.39,stock,common,100.00,1.00,false,0.00,PLN,0.29,1712622.00,0.22,8368202399.08,USD,24.53,0.34,95.31,1.69,Retail trade,poland,Retail Trade,Neutral,Neutral,0.29,-1.57,11.39,34.20,41.14,36.48,44.65,36.48,36.48,36.48,0.64,3.80,Buy,Buy,StrongBuy,Strong buy,Neutral,Neutral,58.85,0.24,2.19,27.88,63.79,64.30,0.00,0.00,0.00,0.00,0.00,0.00,1712622.00,-73.73,0.00,0.00,0.00,33.85,24.53,0.26,1.08,14.38,8.11,13.42,19.39,10500262233.56,1.36,18.02,9.41,30.29,29.72,28.07,25.64,23.93,7.82,9.92,5.25,8.04,0.35,0.09,0.12,8690066898.24,2165832880.21,2295645292.98
[object Object],GTT,Gaztransport & Technigaz SA,EURONEXT,197.90,stock,common,10.00,1.00,false,0.00,EUR,0.56,15465.00,0.15,8361015317.84,USD,16.57,13.64,24.12,4.54,Producer manufacturing,france,Producer Manufacturing,Buy,Buy,0.56,0.25,4.16,-4.95,11.56,27.10,19.15,191.89,632.96,330.22,2.10,2.01,Buy,Buy,StrongBuy,Strong buy,Buy,Buy,57.86,2.90,6.46,86.36,78.51,75.51,0.00,0.00,0.00,0.00,0.00,-0.15,15465.00,-79.03,0.00,0.00,0.00,16.54,16.57,0.68,9.13,11.95,14.80,15.81,19.27,8043403403.84,8.79,13.83,13.12,194.52,190.74,192.99,198.11,186.99,261.88,287.72,210.61,270.45,13.30,6.53,6.69,901956305.41,437735609.16,442451137.31
[object Object],A2A,A2A S.p.A.,MIL,2.33,stock,common,1000.00,1.00,false,0.00,EUR,0.69,4330745.00,0.47,8337181414.52,USD,10.71,0.25,-15.88,4.50,Utilities,italy,Utilities,Buy,Buy,0.69,1.84,0.56,-0.17,-8.21,0.74,7.74,28.83,84.46,114.97,1.68,1.78,Buy,Buy,StrongBuy,Strong buy,Neutral,Neutral,53.11,-0.03,0.00,-29.79,54.83,53.17,long_lower_shadow_bullish,0.00,0.00,0.00,0.00,0.56,4330745.00,-39.80,0.00,0.00,0.00,5.78,10.71,0.00,0.48,1.22,4.36,16.71,4.60,15713565474.52,0.90,11.88,6.38,2.30,2.31,2.29,2.33,2.38,3.27,3.62,3.00,3.23,0.24,0.00,0.00,16538599555.80,3827614090.00,0.00
[object Object],SB1NO,SPAREBANK 1 SOR-NORGE ASA,OSL,214.00,stock,common,10.00,5.00,false,0.00,NOK,0.23,57814.00,0.58,8310922845.86,USD,12.84,1.72,-4.74,5.62,Finance,norway,Finance,Neutral,Neutral,0.23,0.94,6.47,12.87,8.19,8.08,19.15,57.35,57.35,57.35,1.86,1.75,Buy,Buy,StrongBuy,Strong buy,Neutral,Neutral,70.60,5.50,8.60,113.66,88.55,89.47,0.00,0.00,0.00,0.00,0.00,-0.23,57814.00,-51.09,0.00,0.00,0.00,12.77,12.84,0.00,6.29,1.52,6.65,6.76,0.00,30708314965.86,9.77,0.00,0.00,211.75,205.53,199.28,200.92,195.67,21.73,23.02,20.22,21.52,1.63,0.41,0.40,1337267507.39,343297591.63,335026493.64
[object Object],ALSYDB,AL Sydbank A/S,OMXCOP,637.00,stock,common,10.00,5.00,false,0.00,DKK,-0.70,41531.00,0.45,8280733084.18,USD,19.30,5.09,-30.28,3.90,Finance,denmark,Finance,StrongBuy,Strong buy,-0.70,2.74,5.64,20.42,14.16,11.75,13.14,13.14,13.14,13.14,1.61,1.61,Buy,Buy,StrongBuy,Strong buy,Neutral,Neutral,68.43,30.00,30.85,121.54,86.43,93.44,long_lower_shadow_bullish,0.00,0.00,0.00,0.00,-0.39,41531.00,-53.20,0.00,0.00,0.00,115.52,19.30,0.00,6.16,1.59,15.69,16.14,0.00,8617489784.18,5.24,0.00,0.00,625.95,609.72,582.10,558.61,0.00,107.20,116.35,101.34,105.43,7.59,1.66,1.78,1962608482.09,464573760.00,467906100.00
[object Object],PIRC,Pirelli & C. S.p.A.,MIL,6.58,stock,common,1000.00,5.00,false,0.00,EUR,0.00,302374.00,0.02,8217471401.29,USD,13.12,0.57,0.46,5.17,Consumer durables,italy,Consumer Durables,Buy,Buy,0.00,-1.72,-2.59,5.03,2.73,11.86,14.51,26.44,1.31,1.31,1.73,1.97,Neutral,Neutral,Buy,Buy,Neutral,Neutral,49.37,0.11,-0.05,-38.43,59.12,54.38,"hanging_man_bearish,long_lower_shadow_bullish",0.00,0.00,0.00,0.00,-0.23,302374.00,-80.24,0.00,0.00,0.00,20.41,13.12,28.46,0.00,1.12,0.00,0.00,0.00,8217471401.29,1.06,0.00,0.00,6.55,6.68,6.52,6.26,6.19,8.21,8.75,7.48,8.23,0.61,0.17,0.15,8039233163.34,1985354101.52,1866439500.50
[object Object],BLDR,"Builders FirstSource, Inc.",NYSE,75.88,stock,common,100.00,1.00,false,0.00,USD,4.64,181260.00,0.07,8163880945.64,USD,82.52,0.92,-86.04,0.00,Retail trade,america,Retail Trade,Buy,Buy,4.64,15.40,-1.02,-3.94,-37.70,-26.26,-42.96,60.45,509.93,359.29,4.59,4.96,Neutral,Neutral,Sell,Sell,Neutral,Neutral,52.77,3.02,-3.19,71.58,76.86,69.87,0.00,74.50,2.74,1.38,23528.00,1.45,181260.00,-92.18,0.00,0.00,0.00,-46.27,82.52,0.00,0.54,2.04,9.09,12.77,124.32,13336443945.64,0.92,30.62,12.91,71.87,75.88,76.53,78.80,94.53,81.05,100.00,61.00,84.50,3.11,1.25,1.08,14333436940.00,3908369476.00,3769381687.00
[object Object],CPR,Davide Campari-Milano N.V.,MIL,5.95,stock,common,1000.00,2.00,false,0.00,EUR,0.81,2710816.00,0.31,8150117501.34,USD,26.54,0.26,45.21,1.69,Consumer non-durables,italy,Consumer Non-Durables,Buy,Buy,0.81,0.20,5.61,7.44,-6.09,7.40,-9.10,-50.19,23.89,667.74,2.10,2.40,StrongBuy,Strong buy,StrongBuy,Strong buy,Neutral,Neutral,61.77,0.38,0.25,90.52,47.79,44.01,0.00,0.00,0.00,0.00,0.00,0.41,2710816.00,-70.42,0.00,0.00,0.00,-6.44,26.54,0.58,2.33,1.79,14.62,34.83,10.02,10427661041.34,3.01,15.26,12.27,5.88,5.67,5.59,5.81,5.88,8.14,12.44,6.11,8.07,0.37,0.19,0.15,3585192395.14,1706503903.29,1784572293.62
[object Object],SCA_B,Svenska Cellulosa AB SCA Class B,OMXSTO,110.25,stock,common,100.00,5.00,false,0.00,SEK,0.23,400832.00,0.22,8088878470.52,USD,34.88,0.32,-41.24,2.73,Process industries,sweden,Process Industries,Buy,Buy,0.23,1.94,12.04,7.04,-5.32,-10.48,-12.78,-33.08,104.03,514.73,2.24,2.35,Buy,Buy,StrongBuy,Strong buy,Neutral,Neutral,64.59,5.45,7.51,74.92,80.22,84.10,0.00,0.00,0.00,0.00,0.00,-0.18,400832.00,-75.58,0.00,0.00,0.00,-13.39,34.88,0.00,3.91,0.77,21.40,44.15,477.98,9701049070.52,4.78,77.05,27.46,109.59,103.25,102.45,104.06,112.42,12.42,15.21,9.59,12.14,0.37,0.08,0.10,2195701454.05,523860368.40,528111165.89
[object Object],BZU,Buzzi Spa,MIL,41.45,stock,common,100.00,1.00,false,0.00,EUR,-0.05,322003.00,0.53,8074679885.12,USD,8.70,5.44,-4.63,1.69,Non-energy minerals,italy,Non-Energy Minerals,Buy,Buy,-0.05,-0.34,-6.85,-12.76,-13.47,-20.67,1.59,94.05,126.63,212.10,4.48,3.18,Sell,Sell,StrongSell,Strong sell,Neutral,Neutral,42.27,0.75,-1.92,-70.64,70.99,62.08,long_lower_shadow_bullish,0.00,0.00,0.00,0.00,-0.02,322003.00,-51.17,0.00,0.00,0.00,-15.22,8.70,0.00,1.64,1.00,7.41,13.73,6.15,7311392905.84,1.42,7.93,5.58,41.59,43.00,44.02,44.96,47.40,60.02,64.69,51.99,60.07,5.39,2.25,3.27,5409161362.72,2502678686.63,2750430469.70
[object Object],PSPN,PSP Swiss Property AG,SIX,143.70,stock,common,10.00,1.00,false,0.00,CHF,0.56,14153.00,0.28,8065993685.35,USD,15.97,11.26,16.41,2.76,Finance,switzerland,Finance,Neutral,Neutral,0.56,-1.84,0.77,-4.07,-7.59,0.70,3.46,16.55,47.69,278.16,1.33,1.35,Sell,Sell,StrongSell,Strong sell,Buy,Buy,44.18,-0.50,-1.12,-101.71,18.38,21.60,engulfing_bullish,0.00,0.00,0.00,0.00,0.00,14153.00,-61.57,0.00,0.00,0.00,5.71,15.97,0.97,18.14,1.15,28.34,28.34,26.96,12116514815.95,26.81,31.42,31.32,144.96,144.72,144.58,149.50,148.66,188.39,217.23,153.41,187.16,7.28,2.55,6.00,451429487.64,110938468.37,113429960.03
[object Object],SQN,Swissquote Group Holding Ltd.,SIX,42.66,stock,common,100.00,2.00,false,0.00,CHF,-0.42,249234.00,0.77,8053751379.97,USD,17.61,3.06,24.05,1.73,Finance,switzerland,Finance,Buy,Buy,-0.42,-0.56,2.60,9.95,1.09,-13.82,-23.14,175.58,1616.70,1482.93,3.72,2.84,Buy,Buy,StrongBuy,Strong buy,Neutral,Neutral,56.22,1.96,1.70,35.64,73.62,69.13,0.00,0.00,0.00,0.00,0.00,-1.96,249234.00,-9.96,0.00,0.00,0.00,-20.14,17.61,0.74,8.15,4.56,7.92,8.91,1.17,1702076596.90,1.70,3.76,3.25,42.33,41.23,40.24,40.06,42.94,62.51,74.27,50.75,62.51,2.84,1.70,1.49,982536442.80,457797379.20,484436814.15
[object Object],INVP,Investec plc,LSE,675.50,stock,common,10.00,5.00,false,0.00,GBX,0.52,1002918.00,0.25,8047344194.95,USD,8.71,1.03,5.64,5.58,Finance,uk,Finance,StrongBuy,Strong buy,0.52,2.74,10.29,11.01,9.84,21.93,23.04,140.56,111.89,469.78,1.88,2.37,Buy,Buy,StrongBuy,Strong buy,Sell,Sell,68.10,41.50,42.55,130.42,91.44,93.45,0.00,0.00,0.00,0.00,0.00,-0.15,1002918.00,-37.29,0.00,0.00,0.00,22.26,8.71,1.54,2.50,1.06,11.35,0.00,0.00,13066481794.15,2.06,0.00,0.00,656.70,628.63,629.84,620.86,601.75,10.25,10.55,9.76,10.42,1.15,0.00,0.00,3127789860.71,0.00,0.00
[object Object],MRO,Melrose Industries PLC,LSE,480.80,stock,common,10.00,1.00,false,0.00,GBX,0.75,746834.00,0.11,7999066648.45,USD,37.71,0.17,-47.98,1.51,Electronic technology,uk,Electronic Technology,Buy,Buy,0.75,11.61,-0.58,-5.95,-22.45,-18.78,-17.61,34.38,69.19,1625.64,3.03,3.15,Buy,Buy,Buy,Buy,Buy,Buy,52.85,10.40,3.79,84.22,85.96,87.69,0.00,0.00,0.00,0.00,0.00,-0.25,746834.00,-75.18,0.00,0.00,0.00,-9.93,37.71,0.00,1.60,2.12,20.83,29.80,30.10,10491722248.45,2.11,18.80,9.76,475.07,475.45,471.44,487.98,546.35,8.87,11.17,6.05,9.42,0.48,0.23,0.27,5165913515.83,2409212639.52,2648720323.20
[object Object],KBCA,KBC Ancora SCA,EURONEXT,90.60,stock,common,10.00,1.00,false,0.00,EUR,0.78,11926.00,0.26,7975854494.56,USD,22.09,4.82,-14.48,3.36,Finance,belgium,Finance,StrongBuy,Strong buy,0.78,3.19,9.55,14.11,16.75,23.10,36.86,130.65,223.57,2.90,1.48,1.66,Buy,Buy,StrongBuy,Strong buy,Neutral,Neutral,70.31,3.10,4.88,132.35,82.64,88.15,0.00,0.00,0.00,0.00,0.00,0.44,11926.00,-80.39,0.00,0.00,0.00,36.42,22.09,0.00,21.43,1.94,0.00,0.00,66.04,7969345581.56,21.00,21.21,21.21,88.63,85.84,83.18,79.82,76.88,107.25,107.25,107.25,107.25,7.02,0.00,0.00,486180032.80,0.00,0.00
[object Object],TAP,Molson Coors Beverage Company Class B,NYSE,42.28,stock,common,100.00,1.00,false,0.00,USD,-0.31,316087.00,0.09,7951591822.91,USD,0.00,-10.65,-314.08,4.48,Consumer non-durables,america,Consumer Non-Durables,Neutral,Neutral,-0.31,2.87,6.07,-2.33,-17.29,-10.06,-16.21,-13.71,-57.43,177.25,2.93,3.24,Buy,Buy,StrongBuy,Strong buy,Neutral,Neutral,57.06,1.33,1.68,87.54,55.49,59.32,long_upper_shadow_bearish,41.94,-1.11,0.00,1391.00,-0.40,316087.00,-93.49,0.00,0.00,0.00,-22.11,0.00,0.00,0.72,0.75,4.26,6.86,20.93,14363791822.91,1.28,9.38,6.39,42.03,40.66,40.35,41.53,44.45,45.40,61.00,35.00,44.50,4.73,1.51,1.49,11100991577.00,3083123197.00,2971597472.00
[object Object],BAB,Babcock International Group PLC,LSE,1183.00,stock,common,10.00,5.00,false,0.00,GBX,-0.59,388358.00,0.27,7884244108.04,USD,28.63,0.55,-13.99,0.59,Producer manufacturing,uk,Producer Manufacturing,StrongBuy,Strong buy,-0.59,4.37,10.20,7.64,-14.46,-5.21,17.83,314.18,24.79,848.70,2.42,3.26,Buy,Buy,StrongBuy,Strong buy,Neutral,Neutral,67.29,62.00,114.69,101.10,83.70,87.54,0.00,0.00,0.00,0.00,0.00,0.08,388358.00,-72.28,0.00,0.00,0.00,11.39,28.63,0.00,1.16,9.52,14.46,22.71,7.98,8374973068.04,1.22,20.76,14.24,1155.65,1077.74,1055.35,1107.60,1205.86,18.96,21.59,14.77,18.92,0.86,0.33,0.00,7252783083.25,3383394600.00,0.00
[object Object],EDEN,Edenred SA,EURONEXT,29.03,stock,common,100.00,1.00,false,0.00,EUR,0.45,116183.00,0.16,7867117012.16,USD,14.10,2.35,-0.23,4.60,Commercial services,france,Commercial Services,Buy,Buy,0.45,0.62,23.74,37.65,63.87,53.23,14.65,-41.47,42.34,123.31,2.30,3.19,Buy,Buy,StrongBuy,Strong buy,Neutral,Neutral,70.34,2.62,3.38,96.99,90.69,88.43,0.00,0.00,0.00,0.00,0.00,-0.42,116183.00,-80.60,0.00,0.00,0.00,7.19,14.10,0.00,2.52,0.00,6.31,6.35,1.41,7958126592.16,2.53,8.55,6.39,28.48,25.92,24.36,22.21,20.66,32.34,40.33,19.59,35.72,2.51,1.26,1.38,3492671587.86,1669198504.26,1755460307.00
[object Object],VZN,VZ Holding AG,SIX,161.00,stock,common,10.00,2.00,false,0.00,CHF,-0.37,4980.00,0.26,7813628545.41,USD,27.06,7.50,7.86,1.83,Finance,switzerland,Finance,Buy,Buy,-0.37,0.75,1.26,7.62,9.52,8.05,-5.52,91.90,159.68,794.44,1.90,1.89,Buy,Buy,StrongBuy,Strong buy,Sell,Sell,56.51,0.80,1.77,11.33,69.05,57.17,0.00,0.00,0.00,0.00,0.00,-0.37,4980.00,-50.47,0.00,0.00,0.00,-5.97,27.06,3.46,10.21,5.39,23.75,25.10,3.06,6139126513.41,7.76,17.74,16.19,159.40,158.96,154.31,152.82,151.91,223.32,235.30,210.53,224.15,8.59,0.00,3.97,813224580.00,368202660.00,389067950.00
[object Object],ICG,ICG plc,LSE,2060.00,stock,common,1.00,2.00,false,0.00,GBX,1.58,581677.00,0.46,7769929338.92,USD,12.57,2.17,6.59,4.29,Finance,uk,Finance,Buy,Buy,1.58,7.57,16.85,10.75,23.87,1.38,-4.63,-6.15,248.56,1917.71,2.55,2.89,Buy,Buy,StrongBuy,Strong buy,Neutral,Neutral,71.61,194.00,176.63,158.70,93.54,94.24,0.00,0.00,0.00,0.00,0.00,-0.49,581677.00,-57.10,0.00,0.00,0.00,-9.90,12.57,1.88,5.68,2.16,0.00,0.00,4.13,14627355378.92,10.60,17.62,17.15,1966.00,1852.43,1818.56,1781.09,1839.30,32.87,40.24,24.07,33.51,2.26,0.79,1.14,1331359442.72,580730892.57,625814683.86
[object Object],HSX,Hiscox Ltd,LSE,1833.00,stock,common,1.00,1.00,false,0.00,GBX,1.21,2984146.00,1.62,7756221317.76,USD,12.98,1.87,7.11,2.07,Finance,uk,Finance,Buy,Buy,1.21,1.16,-2.50,13.22,22.12,28.90,32.63,103.22,68.94,1334.13,2.58,2.38,Buy,Buy,StrongBuy,Strong buy,Neutral,Neutral,53.39,-7.00,-34.05,5.42,42.57,24.81,0.00,0.00,0.00,0.00,0.00,0.22,2984146.00,49.06,0.00,0.00,0.00,32.82,12.98,1.80,1.43,1.97,11.12,11.17,0.00,8596736940.30,1.55,0.00,0.00,1809.70,1839.63,1812.12,1714.16,1566.09,26.09,28.95,15.47,26.99,1.74,0.71,0.92,5272352340.40,2731324500.00,2517781000.00
[object Object],NKT,NKT A/S,OMXCOP,932.00,stock,common,10.00,5.00,false,0.00,DKK,-0.16,40111.00,0.25,7707695937.13,USD,24.98,5.75,16.38,0.00,Producer manufacturing,denmark,Producer Manufacturing,Neutral,Neutral,-0.16,2.98,-0.59,-4.12,17.83,16.72,73.72,223.89,565.71,1179.97,2.68,2.62,Buy,Buy,Buy,Buy,Neutral,Neutral,53.93,43.00,-19.72,96.18,93.42,80.30,spinning_top_white,0.00,0.00,0.00,0.00,-0.27,40111.00,-74.13,0.00,0.00,0.00,47.79,24.98,1.53,1.87,3.26,9.67,357.22,5.92,6912920200.82,1.67,22.32,14.79,892.65,920.73,953.99,937.02,860.03,154.40,193.49,120.54,161.51,4.65,0.84,1.14,4408320211.25,993721721.15,1061745201.53
[object Object],RAND,Randstad NV,EURONEXT,38.55,stock,common,100.00,1.00,false,0.00,EUR,2.50,61131.00,0.12,7624434628.63,USD,21.69,2.03,325.22,4.31,Commercial services,netherlands,Commercial Services,Neutral,Neutral,2.50,6.02,36.17,52.67,25.77,19.24,-5.56,-36.99,-1.13,157.34,3.08,4.30,StrongBuy,Strong buy,StrongBuy,Strong buy,Buy,Buy,69.63,2.06,6.03,79.63,91.36,89.64,0.00,0.00,0.00,0.00,0.00,0.53,61131.00,-86.21,0.00,0.00,0.00,-12.45,21.69,0.07,0.29,1.73,11.01,11.55,26.28,9747069535.84,0.37,13.50,8.98,37.70,32.67,30.34,27.36,29.05,39.10,68.25,23.89,40.10,3.04,0.70,0.81,27428585929.70,6623439072.94,6865881555.28
[object Object],STJ,St. James's Place Plc,LSE,1154.50,stock,common,10.00,5.00,false,0.00,GBX,3.31,3102741.00,0.99,7602038900.64,USD,10.84,1.41,12.90,1.61,Finance,uk,Finance,StrongBuy,Strong buy,3.31,9.28,-11.23,-2.49,-21.36,-16.64,-14.51,-29.00,29.65,1343.13,3.39,3.67,Buy,Buy,Buy,Buy,Buy,Buy,55.14,83.50,-44.13,94.98,92.29,73.27,0.00,0.00,0.00,0.00,0.00,1.21,3102741.00,104.24,0.00,0.00,0.00,-10.22,10.84,0.81,0.13,3.74,10.75,10.78,0.00,8295354980.64,0.14,0.00,0.00,1094.55,1149.55,1157.46,1190.41,1279.30,22.46,27.58,16.95,21.52,1.12,0.45,0.63,1036894933.78,0.00,0.00
[object Object],NEM,Nemetschek SE,XETR,59.90,stock,common,100.00,5.00,false,0.00,EUR,5.74,133963.00,0.35,7537753464.26,USD,28.08,2.44,30.85,1.20,Technology services,germany,Technology Services,Buy,Buy,5.74,2.74,3.28,-6.19,-16.11,-35.21,-55.40,-23.69,235.14,16273.59,3.94,4.91,Buy,Buy,Buy,Buy,Neutral,Neutral,54.30,2.75,1.48,35.41,30.20,27.56,0.00,0.00,0.00,0.00,0.00,0.71,133963.00,-39.36,0.00,0.00,0.00,-49.19,28.08,0.86,5.20,6.79,19.06,19.88,17.64,7763353540.86,5.40,21.02,17.04,59.79,57.21,57.67,60.61,72.27,97.66,132.35,59.85,97.82,2.66,0.60,0.65,1633972291.46,372692427.87,415426615.53
[object Object],ALK_B,ALK-abello A/S Class B,OMXCOP,223.80,stock,common,10.00,2.00,false,0.00,DKK,1.63,70797.00,0.50,7534212812.35,USD,38.74,0.89,36.57,0.73,Health technology,denmark,Health Technology,StrongBuy,Strong buy,1.63,-1.24,-7.44,-13.39,4.97,-2.10,23.10,44.85,375.16,556.30,2.44,2.00,Sell,Sell,StrongSell,Strong sell,Neutral,Neutral,39.14,-3.20,-17.26,-59.30,31.74,23.06,engulfing_bullish,0.00,0.00,0.00,0.00,0.00,70797.00,-57.60,0.00,0.00,0.00,16.90,38.74,1.04,7.44,7.55,22.65,25.91,32.10,7359763312.35,7.27,27.21,22.78,222.32,234.32,245.16,236.57,228.37,45.14,46.54,42.73,45.78,1.02,0.26,0.23,1137455851.97,264453000.00,263804400.00
[object Object],KCR,Konecranes Oyj,OMXHEX,27.72,stock,common,100.00,2.00,false,0.00,EUR,0.80,116852.00,0.24,7528654829.88,USD,17.26,1.83,-0.13,1.82,Producer manufacturing,finland,Producer Manufacturing,StrongBuy,Strong buy,0.80,2.51,4.60,0.95,-7.19,-11.44,14.07,127.40,218.62,775.37,2.32,3.00,Buy,Buy,Buy,Buy,Buy,Buy,54.68,1.92,0.49,61.43,69.47,69.63,0.00,0.00,0.00,0.00,0.00,-0.65,116852.00,-43.49,0.00,0.00,0.00,9.69,17.26,0.00,1.61,3.25,16.08,18.56,17.40,7555727299.88,1.62,12.57,9.97,27.16,27.02,27.07,27.97,29.14,38.40,43.28,31.89,38.72,2.06,0.51,0.57,5028836211.41,1252369454.59,1255270944.52
[object Object],BEIJ_B,Beijer Ref AB Class B,OMXSTO,143.00,stock,common,10.00,1.00,false,0.00,SEK,1.06,123137.00,0.15,7514946639.44,USD,30.67,0.48,-0.47,1.02,Distribution services,sweden,Distribution Services,Buy,Buy,1.06,5.77,2.36,11.11,10.77,-4.09,-16.42,-18.45,553.74,5636.91,2.18,2.86,StrongBuy,Strong buy,StrongBuy,Strong buy,Buy,Buy,59.89,6.60,0.57,84.60,76.80,57.98,0.00,0.00,0.00,0.00,0.00,-0.57,123137.00,-89.00,0.00,0.00,0.00,-16.80,30.67,0.00,1.92,3.07,19.46,0.00,28.63,8739831939.44,2.28,23.47,18.17,137.90,139.41,135.89,134.03,138.72,17.05,19.56,12.29,17.41,0.59,0.17,0.17,4244842875.18,1107898257.17,1115862685.74
[object Object],BARN,Barry Callebaut AG,SIX,1118.00,stock,common,1.00,1.00,false,0.00,CHF,0.81,1884.00,0.20,7480093830.58,USD,25.28,57.50,68.81,2.61,Consumer non-durables,switzerland,Consumer Non-Durables,Neutral,Neutral,0.81,-1.76,-3.45,-4.03,-20.82,-14.53,13.97,-51.64,-11.62,375.74,1.85,2.85,Sell,Sell,StrongSell,Strong sell,Neutral,Neutral,47.93,23.00,-23.66,-33.24,35.47,28.71,0.00,0.00,0.00,0.00,0.00,-0.27,1884.00,-79.26,0.00,0.00,0.00,12.02,25.28,0.36,0.43,2.44,2.12,2.35,3.79,11920157699.38,0.64,13.91,10.03,1118.30,1131.13,1135.46,1187.74,1236.41,1400.54,1836.00,1175.04,1346.40,48.07,32.71,24.34,15535836972.42,9154067867.10,6333887124.60
[object Object],AED,Aedifica SA,EURONEXT,69.10,stock,common,100.00,5.00,false,0.00,EUR,-0.29,28594.00,0.24,7395254950.56,USD,6.01,13.28,184.66,4.04,Finance,belgium,Finance,Buy,Buy,-0.29,-2.74,-0.79,-3.56,-7.00,1.92,5.34,-42.82,10.97,902695.92,1.33,1.45,Sell,Sell,StrongSell,Strong sell,Neutral,Neutral,42.90,-0.95,-0.38,-111.66,16.13,24.14,hammer_bullish,0.00,0.00,0.00,0.00,0.00,28594.00,-75.24,0.00,0.00,0.00,119.47,6.01,0.03,9.95,0.87,0.00,0.00,86.50,13944889553.52,30.75,18.39,0.00,70.25,69.98,69.62,70.60,70.36,93.21,107.51,80.06,93.21,6.24,0.00,0.00,775872840.13,0.00,0.00
[object Object],DCC,DCC Energy plc,LSE,6345.00,stock,common,1.00,5.00,false,0.00,GBX,-0.47,49884.00,0.05,7325674687.51,USD,449.36,0.19,-93.23,3.40,Utilities,uk,Utilities,Buy,Buy,-0.47,0.24,2.01,10.83,30.13,37.28,36.80,2.84,-6.14,1886.20,0.60,1.06,Buy,Buy,StrongBuy,Strong buy,Sell,Sell,59.17,60.00,91.10,52.78,83.33,88.34,marubozu_black_bearish,0.00,0.00,0.00,0.00,0.08,49884.00,-80.78,0.00,0.00,0.00,15.53,449.36,0.00,0.40,2.40,9.09,13.07,5.73,9064065885.92,0.44,12.87,7.83,6352.00,6283.00,6212.70,5770.88,5311.15,85.64,90.32,80.88,86.61,6.69,0.00,0.00,21777759256.95,0.00,0.00
[object Object],SPX,Spirax Group plc.,LSE,7480.00,stock,common,1.00,5.00,false,0.00,GBX,1.42,220034.00,1.28,7317003812.15,USD,33.83,2.98,-14.54,2.31,Producer manufacturing,uk,Producer Manufacturing,Buy,Buy,1.42,6.55,15.70,1.63,3.31,7.09,23.64,-50.53,88.94,1255.07,2.07,2.47,Buy,Buy,StrongBuy,Strong buy,Neutral,Neutral,70.31,400.00,431.97,181.11,89.13,90.27,0.00,0.00,0.00,0.00,0.00,0.20,220034.00,39.17,0.00,0.00,0.00,13.07,33.83,0.00,3.20,4.51,21.03,25.71,14.98,8198244332.15,3.57,19.93,15.04,7143.50,6877.83,6880.00,6979.99,7054.52,109.12,139.52,90.36,111.29,4.31,2.00,1.95,2380032775.51,1162566240.00,1124140572.00
[object Object],MOS,Mosaic Company,NYSE,23.00,stock,common,100.00,1.00,false,0.00,USD,-1.94,449007.00,0.05,7313189382.16,USD,0.00,-2.02,-168.44,3.75,Process industries,america,Process Industries,Buy,Buy,-1.94,1.57,8.72,0.15,-17.84,-4.54,-26.24,-26.90,-16.25,100.04,5.69,4.29,Neutral,Neutral,Buy,Buy,Neutral,Neutral,54.61,0.70,0.54,114.28,74.30,66.44,0.00,23.26,-0.85,0.17,9897.00,-0.81,449007.00,-94.61,0.00,0.00,0.00,-37.53,0.00,0.00,0.61,0.64,16.47,0.00,24.62,13042889382.16,1.06,18.14,6.61,22.73,22.19,22.21,23.15,24.89,27.14,32.00,19.00,27.00,0.63,0.12,0.16,12364843414.00,3099458175.00,3249541022.00
[object Object],ROCK_B,ROCKWOOL A/S Class B,OMXCOP,230.60,stock,common,10.00,2.00,false,0.00,DKK,3.13,287935.00,0.74,7267067044.93,USD,0.00,-0.98,-132.93,1.86,Non-energy minerals,denmark,Non-Energy Minerals,Buy,Buy,3.13,13.93,8.36,21.95,3.71,2.17,-17.79,-31.33,85.97,1053.00,2.83,2.88,StrongBuy,Strong buy,StrongBuy,Strong buy,Buy,Buy,70.75,37.60,11.00,190.84,98.75,98.17,marubozu_white_bullish,0.00,0.00,0.00,0.00,-0.98,287935.00,-37.74,0.00,0.00,0.00,-29.28,0.00,0.00,1.62,2.26,10.66,0.00,30.82,7029323435.95,1.60,11.88,7.58,210.94,206.45,207.35,196.47,206.41,35.81,42.42,25.60,37.79,2.19,0.49,0.55,4459578820.74,1038753340.24,1084193143.45
[object Object],SIGN,SIG Group AG,SIX,15.44,stock,common,100.00,1.00,false,0.00,CHF,0.00,197494.00,0.14,7263204333.91,USD,0.00,-0.14,-122.72,0.00,Process industries,switzerland,Process Industries,Buy,Buy,0.00,1.45,10.44,17.15,29.21,32.19,15.83,-43.57,30.30,30.30,2.81,3.18,Buy,Buy,StrongBuy,Strong buy,Buy,Buy,67.63,1.36,1.47,83.91,86.42,87.47,0.00,0.00,0.00,0.00,0.00,-0.06,197494.00,-74.99,0.00,0.00,0.00,11.73,0.00,0.00,1.97,2.20,10.37,18.78,22.22,9712458283.92,2.63,57.87,18.96,15.18,14.19,13.42,12.65,11.64,20.66,23.81,17.29,21.24,0.90,0.32,0.51,3879041709.56,1750970988.14,2001279351.83
[object Object],BC,Brunello Cucinelli S.p.A.,MIL,90.24,stock,common,100.00,2.00,false,0.00,EUR,-2.34,141601.00,0.30,7238372183.81,USD,44.46,2.32,4.63,1.13,Consumer non-durables,italy,Consumer Non-Durables,Buy,Buy,-2.34,2.45,10.43,6.54,9.70,-8.85,-6.00,65.43,457.73,784.71,3.63,2.95,Buy,Buy,StrongBuy,Strong buy,Neutral,Neutral,60.76,8.66,8.00,110.61,82.20,87.04,0.00,0.00,0.00,0.00,0.00,-0.09,141601.00,-56.35,0.00,0.00,0.00,-17.16,44.46,9.83,0.00,0.00,0.00,0.00,0.00,8458697753.65,5.03,29.53,16.72,88.48,84.21,84.27,82.61,85.07,118.76,149.76,101.38,115.20,2.68,1.28,1.36,1821186858.76,850606288.00,921616000.00
[object Object],SALM,SalMar ASA,OSL,526.00,stock,common,10.00,5.00,false,0.00,NOK,3.24,93264.00,0.60,7223748621.96,USD,35.04,1.55,10.44,1.96,Process industries,norway,Process Industries,Buy,Buy,3.24,0.77,11.96,-2.14,-11.15,-14.54,20.92,-11.06,102.15,1167.47,3.09,2.51,Buy,Buy,Buy,Buy,Buy,Buy,60.02,17.50,19.76,83.53,66.19,62.32,0.00,0.00,0.00,0.00,0.00,0.20,93264.00,-62.34,0.00,0.00,0.00,26.30,35.04,3.25,2.41,3.83,12.32,17.15,125.35,9769768541.96,3.30,23.61,15.71,516.35,490.71,510.23,535.21,558.86,63.85,70.97,53.12,65.09,2.88,0.57,0.61,3018800582.58,686650605.03,762366734.37
[object Object],KGF,Kingfisher Plc,LSE,329.40,stock,common,10.00,1.00,false,0.00,GBX,1.32,716311.00,0.12,7156558831.22,USD,24.10,0.19,40.93,3.81,Retail trade,uk,Retail Trade,Neutral,Neutral,1.32,6.40,18.45,15.62,-3.06,4.57,20.31,-8.27,-2.60,46.00,2.09,2.66,StrongBuy,Strong buy,StrongBuy,Strong buy,Buy,Buy,75.33,29.90,26.86,137.26,98.56,96.26,0.00,0.00,0.00,0.00,0.00,-0.15,716311.00,-87.75,0.00,0.00,0.00,6.88,24.10,0.58,0.43,0.91,3.84,4.90,12.02,9680154031.22,0.55,11.13,5.43,315.76,296.18,291.08,291.22,306.65,4.10,4.72,3.26,3.99,0.35,0.11,0.22,17920163055.10,8373369312.00,9320098960.00
[object Object],DLG,De'Longhi S.p.A.,MIL,40.74,stock,common,100.00,2.00,false,0.00,EUR,-1.36,54159.00,0.29,7155765808.64,USD,0.00,0.00,0.00,2.06,Consumer durables,italy,Consumer Durables,StrongBuy,Strong buy,-1.36,0.79,7.21,14.50,9.11,10.71,39.23,5.33,77.13,1244.03,2.40,2.58,Buy,Buy,StrongBuy,Strong buy,Neutral,Neutral,60.28,2.14,2.26,87.25,79.51,84.57,0.00,0.00,0.00,0.00,0.00,-0.05,54159.00,-75.78,0.00,0.00,0.00,35.58,0.00,0.00,0.00,0.00,0.00,0.00,0.00,6708436442.64,1.51,11.45,9.15,40.34,39.02,38.00,35.72,35.83,53.33,58.76,42.63,53.00,2.91,0.00,0.00,4703518002.73,1890375780.29,0.00
[object Object],FRA,Fraport AG,XETR,67.10,stock,common,100.00,5.00,false,0.00,EUR,0.07,33436.00,0.29,7136578726.61,USD,14.41,5.38,2.89,1.49,Transportation,germany,Transportation,Buy,Buy,0.07,-1.03,-9.20,-5.09,-17.01,-4.14,-6.55,19.35,39.50,154.17,2.73,2.51,Sell,Sell,StrongSell,Strong sell,Neutral,Neutral,43.46,1.10,-2.30,-55.89,50.38,54.31,0.00,0.00,0.00,0.00,0.00,-0.52,33436.00,-81.17,0.00,0.00,0.00,2.40,14.41,4.98,1.39,1.19,4.44,14.67,2.46,18664612462.61,3.63,18.16,11.10,67.58,69.28,69.74,70.99,73.02,89.88,108.29,70.27,89.86,3.92,1.08,2.68,5337862612.19,1277754739.43,1587388982.61
[object Object],ZAL,Zalando SE,XETR,24.84,stock,common,100.00,1.00,false,0.00,EUR,-1.19,761954.00,0.37,7115674670.51,USD,66.49,0.43,-63.79,0.00,Retail trade,germany,Retail Trade,Buy,Buy,-1.19,-13.18,-8.34,23.83,14.47,-2.51,8.42,-73.05,-23.48,314.00,4.43,3.73,Sell,Sell,Sell,Sell,Neutral,Neutral,40.02,-2.60,-1.18,-152.33,14.51,20.89,0.00,25.23,0.36,0.84,239.00,-0.40,761954.00,-58.88,0.00,0.00,0.00,5.45,66.49,0.00,0.45,2.36,0.00,0.00,0.00,7115674670.51,0.46,0.00,0.00,27.46,27.24,26.17,23.77,23.48,41.24,61.11,27.09,40.35,1.71,0.58,0.45,16289547531.47,3963289168.87,3621496984.12
[object Object],LAND,Land Securities Group PLC,LSE,715.45,stock,common,10.00,5.00,false,0.00,GBX,0.34,1198312.00,0.44,7104345590.03,USD,15.50,0.61,-12.92,5.78,Finance,uk,Finance,Buy,Buy,0.34,-0.84,7.75,22.40,7.34,15.12,22.72,-0.80,-33.26,82.85,1.38,1.96,Buy,Buy,StrongBuy,Strong buy,Sell,Sell,62.44,21.95,36.67,69.03,78.64,83.96,0.00,0.00,0.00,0.00,0.00,-0.14,1198312.00,-73.55,0.00,0.00,0.00,21.02,15.50,0.00,5.92,0.81,23.55,23.55,45.29,12994976390.03,11.02,23.13,23.02,712.59,685.43,666.51,627.14,627.13,9.60,12.55,6.23,9.54,0.69,0.34,0.33,854347662.41,550003558.00,556086847.20
[object Object],NEX,Nexans SA,EURONEXT,140.70,stock,common,10.00,1.00,false,0.00,EUR,0.14,88004.00,0.33,7076611234.45,USD,0.00,-5.71,-147.03,2.06,Producer manufacturing,france,Producer Manufacturing,Buy,Buy,0.14,5.47,4.53,-12.28,3.53,11.49,9.84,71.59,212.67,261.91,3.97,3.34,Buy,Buy,StrongBuy,Strong buy,Neutral,Neutral,57.00,8.50,-0.64,180.51,84.48,74.47,spinning_top_white,0.00,0.00,0.00,0.00,-0.14,88004.00,-66.35,0.00,0.00,0.00,4.71,0.00,0.00,0.80,2.89,9.11,22.51,4.34,8298904454.45,0.93,15.94,10.55,132.78,135.08,141.85,141.74,133.75,196.47,219.50,150.18,203.90,8.70,3.95,4.78,9731074697.08,4746342543.91,6803789799.30
[object Object],SCR,SCOR SE,EURONEXT,34.60,stock,common,100.00,2.00,false,0.00,EUR,0.87,128019.00,0.28,7074470931.06,USD,0.00,0.00,0.00,5.54,Finance,france,Finance,Buy,Buy,0.87,0.17,9.15,12.34,19.72,20.47,18.82,45.93,36.09,50.11,1.47,1.90,StrongBuy,Strong buy,StrongBuy,Strong buy,Neutral,Neutral,68.84,0.76,1.50,92.89,65.09,62.99,0.00,0.00,0.00,0.00,0.00,-0.29,128019.00,-71.28,0.00,0.00,0.00,13.21,0.00,0.00,0.39,1.41,0.00,0.00,0.00,10944106111.06,0.61,0.00,0.00,34.11,32.84,32.10,31.80,30.00,41.39,50.71,35.38,42.06,4.91,0.97,1.04,18195307961.34,4245185502.65,4282378933.34
[object Object],BGEO,Lion Finance Group PLC,LSE,12420.00,stock,common,1.00,10.00,false,0.00,GBX,2.05,62359.00,0.91,7053651080.99,USD,8.75,18.76,12.56,2.00,Finance,uk,Finance,StrongBuy,Strong buy,2.05,6.34,7.54,7.73,24.10,33.44,61.90,656.62,583.62,2115.61,2.65,2.79,StrongBuy,Strong buy,StrongBuy,Strong buy,Buy,Buy,67.57,710.00,480.32,200.13,95.68,95.34,0.00,0.00,0.00,0.00,0.00,0.66,62359.00,32.78,0.00,0.00,0.00,49.13,8.75,0.68,3.85,2.12,0.00,0.00,0.00,10057768004.75,3.71,0.00,0.00,11808.00,11584.00,11331.60,10964.75,10139.50,176.97,184.54,169.21,177.07,21.46,4.70,4.90,1870081139.12,418291053.61,453935957.20
[object Object],LTMC,Lottomatica Group S.P.A.,MIL,24.31,stock,common,100.00,1.00,false,0.00,EUR,1.25,244948.00,0.24,6960097024.92,USD,31.38,0.90,62.09,1.83,Consumer services,italy,Consumer Services,StrongBuy,Strong buy,1.25,3.01,-5.08,-11.57,18.24,9.21,1.04,186.00,186.00,186.00,2.75,2.63,Neutral,Neutral,Sell,Sell,Buy,Buy,45.89,-0.04,-0.70,-49.23,47.20,44.42,0.00,0.00,0.00,0.00,0.00,-0.25,244948.00,-69.28,0.00,0.00,0.00,2.06,31.38,0.50,2.50,16.80,10.84,12.19,45.68,9251515493.80,3.54,16.97,10.85,24.14,24.76,25.29,25.54,23.52,36.75,40.90,34.57,36.18,2.20,0.39,0.40,2838321912.49,659714765.49,653195340.00
[object Object],GRF,"Grifols, S.A. Class A",BME,10.13,stock,common,1000.00,5.00,false,0.00,EUR,0.30,359826.00,0.15,6928848727.80,USD,15.25,0.76,51.93,1.86,Health technology,spain,Health Technology,Buy,Buy,0.30,-2.41,12.36,12.81,-5.72,-6.89,-20.57,-51.83,-47.68,306.21,1.92,2.61,Buy,Buy,StrongBuy,Strong buy,Neutral,Neutral,62.69,0.48,0.73,64.14,59.89,63.54,0.00,0.00,0.00,0.00,0.00,-0.30,359826.00,-73.47,0.00,0.00,0.00,-19.41,15.25,0.29,0.93,1.24,6.31,8.42,13.45,18953633487.80,2.24,13.78,10.08,10.12,9.47,9.29,9.21,9.98,17.82,26.19,10.25,17.82,0.98,0.26,0.29,8967619503.69,2155055440.79,2275044188.83
[object Object],CCC,Computacenter Plc,LSE,4827.80,stock,common,1.00,2.00,false,0.00,GBX,-1.15,57338.00,0.17,6890448729.28,USD,33.17,1.96,-4.81,1.53,Technology services,uk,Technology Services,Buy,Buy,-1.15,1.38,14.40,24.56,56.75,65.00,117.27,73.79,496.76,514.22,2.77,3.29,Buy,Buy,StrongBuy,Strong buy,Neutral,Neutral,60.63,37.80,199.27,87.31,73.70,66.43,0.00,0.00,0.00,0.00,0.00,0.00,57338.00,-74.50,0.00,0.00,0.00,117.63,33.17,0.00,0.56,5.64,17.23,18.60,8.10,6317124489.28,0.51,17.72,13.31,4761.18,4593.66,4464.88,3990.88,3501.37,64.45,74.69,49.37,65.92,3.00,1.68,1.37,15533349428.04,6504281600.00,8224245090.00
[object Object],ISS,ISS A/S,OMXCOP,278.40,stock,common,10.00,2.00,false,0.00,DKK,-1.00,61998.00,0.22,6873346818.81,USD,18.06,2.42,6.86,1.14,Commercial services,denmark,Commercial Services,Buy,Buy,-1.00,-4.79,-2.93,6.42,12.26,27.82,51.14,84.31,8.75,59.09,1.94,1.89,Neutral,Neutral,Neutral,Neutral,Neutral,Neutral,42.36,-10.60,0.96,-150.72,10.21,14.13,0.00,0.00,0.00,0.00,0.00,-1.42,61998.00,-63.88,0.00,0.00,0.00,42.91,18.06,2.66,0.55,4.60,11.64,13.98,26.86,9042361218.81,0.68,14.15,10.07,287.04,284.88,275.77,258.97,240.56,47.47,51.66,37.93,48.57,3.02,1.57,1.09,14207523878.82,6842166942.53,6711168772.20
[object Object],IMCD,IMCD N.V.,EURONEXT,101.40,stock,common,100.00,5.00,false,0.00,EUR,0.65,55747.00,0.27,6849981597.58,USD,26.01,4.45,-14.64,1.80,Distribution services,netherlands,Distribution Services,Buy,Buy,0.65,5.08,21.06,6.42,15.12,30.17,5.49,-36.70,162.49,360.91,2.56,3.20,Buy,Buy,StrongBuy,Strong buy,Neutral,Neutral,74.63,13.18,10.61,149.02,94.79,91.89,spinning_top_white,0.00,0.00,0.00,0.00,0.50,55747.00,-69.34,0.00,0.00,0.00,-20.68,26.01,0.00,1.20,2.82,15.59,16.16,24.08,8648222608.50,1.53,18.94,13.86,95.64,89.07,87.83,89.55,84.73,132.11,171.92,85.96,137.54,6.51,3.92,3.36,6052950069.67,2979461517.91,2976103507.18
[object Object],BALD_B,Fastighets AB Balder Class B,OMXSTO,54.02,stock,common,100.00,2.00,false,0.00,SEK,-0.77,1015294.00,0.52,6782842777.92,USD,9.25,0.60,32.43,0.00,Finance,sweden,Finance,Buy,Buy,-0.77,3.21,-0.48,-1.75,-17.88,-20.79,-21.14,-48.04,39.17,2271.61,2.60,2.34,Neutral,Neutral,Buy,Buy,Sell,Sell,60.06,4.16,1.84,106.75,89.13,92.12,0.00,0.00,0.00,0.00,0.00,-0.11,1015294.00,-54.65,0.00,0.00,0.00,-22.81,9.25,0.29,4.88,0.69,14.78,14.95,6.60,23359574977.92,16.32,24.81,24.56,53.17,52.30,51.71,53.97,60.56,6.63,9.24,5.44,6.26,0.47,0.12,0.13,1544216663.47,364765458.59,377338800.00
[object Object],GETI_B,Getinge AB Class B,OMXSTO,237.90,stock,common,10.00,1.00,false,0.00,SEK,0.08,124697.00,0.26,6778513257.97,USD,24.21,1.01,79.60,2.00,Health technology,sweden,Health Technology,Buy,Buy,0.08,0.38,16.33,27.66,15.82,8.83,24.72,-38.27,37.05,940.19,1.38,2.14,Buy,Buy,StrongBuy,Strong buy,Neutral,Neutral,71.43,7.60,21.28,69.94,76.40,83.95,0.00,0.00,0.00,0.00,0.00,-0.17,124697.00,-66.90,0.00,0.00,0.00,19.60,24.21,0.30,1.89,2.09,12.87,17.03,31.58,7731283257.97,2.20,16.22,11.26,237.06,220.98,209.71,200.30,205.23,25.59,31.32,17.23,26.62,1.36,0.22,0.26,3810317323.97,853676633.30,880796228.62
[object Object],SBMO,SBM Offshore NV,EURONEXT,32.64,stock,common,100.00,2.00,false,0.00,EUR,-7.01,775174.00,1.49,6766723562.71,USD,7.15,5.22,147.29,1.43,Industrial services,netherlands,Industrial Services,Buy,Buy,-7.01,1.87,2.58,-9.18,12.32,32.58,49.04,138.25,179.93,173.03,4.36,2.82,Buy,Buy,StrongBuy,Strong buy,Neutral,Neutral,51.16,-0.92,0.72,101.50,47.38,37.12,0.00,0.00,0.00,0.00,0.00,-0.51,775174.00,-34.68,0.00,0.00,0.00,31.84,7.15,0.00,0.00,1.39,2.27,2.29,5.09,6766723562.71,1.18,3.87,3.72,32.24,31.94,32.37,33.78,30.42,48.87,56.52,43.26,49.62,5.01,3.53,0.00,7583962797.34,4568000000.00,2319000000.00
[object Object],MIL,Bank Millennium SA,GPW,20.56,stock,common,100.00,1.00,false,0.00,PLN,-1.15,348898.00,0.42,6747005455.91,USD,17.82,0.31,60.29,0.00,Finance,poland,Finance,Sell,Sell,-1.15,2.70,2.19,9.65,17.75,23.48,40.44,293.87,280.04,762.73,3.03,3.38,Buy,Buy,StrongBuy,Strong buy,Neutral,Neutral,54.87,1.05,0.70,64.18,66.86,74.66,0.00,0.00,0.00,0.00,0.00,0.00,348898.00,-59.40,0.00,0.00,0.00,29.09,17.82,0.30,3.38,2.55,18.84,22.29,0.00,8752144081.22,3.09,0.00,0.00,20.34,20.12,19.97,18.96,17.68,4.81,5.53,3.73,4.87,0.37,0.00,0.00,1884050935.28,440879302.50,0.00
[object Object],COV,Covivio SA,EURONEXT,52.15,stock,common,100.00,5.00,false,0.00,EUR,0.10,35614.00,0.29,6687059874.02,USD,8.88,6.71,55.74,2.97,Finance,france,Finance,Neutral,Neutral,0.10,-3.60,-3.25,-5.27,-4.14,-7.86,-9.85,-35.33,-37.20,-58.75,1.69,1.72,Sell,Sell,StrongSell,Strong sell,Neutral,Neutral,42.34,-0.95,-0.50,-89.38,14.33,26.71,0.00,0.00,0.00,0.00,0.00,-0.10,35614.00,-75.32,0.00,0.00,0.00,-4.00,8.88,0.16,3.87,0.68,6.93,35.10,8.68,22656130710.02,13.30,24.44,21.00,53.14,53.17,53.51,54.25,54.91,71.78,79.50,62.22,71.90,5.78,2.80,2.71,804924561.09,0.00,0.00
[object Object],MYCR,Mycronic AB,OMXSTO,324.00,stock,common,10.00,2.00,false,0.00,SEK,-0.61,31569.00,0.12,6684211910.05,USD,36.45,0.91,-12.08,1.00,Producer manufacturing,sweden,Producer Manufacturing,Buy,Buy,-0.61,2.21,11.65,10.88,72.51,45.19,54.14,156.13,511.32,3365.24,2.17,3.14,Buy,Buy,StrongBuy,Strong buy,Neutral,Neutral,51.76,-18.80,4.68,-23.36,43.66,41.18,0.00,0.00,0.00,0.00,0.00,0.37,31569.00,-83.26,0.00,0.00,0.00,46.84,36.45,0.00,7.36,8.03,30.86,0.00,23.55,6446857010.05,7.26,26.28,22.77,320.06,320.69,313.78,288.69,249.11,35.04,39.66,21.73,37.34,1.11,0.23,0.18,1015633466.09,228571489.19,223600175.06
[object Object],CDR,CD Projekt S.A.,GPW,255.90,stock,common,10.00,1.00,false,0.00,PLN,2.98,258446.00,0.78,6638695024.49,USD,47.17,1.46,19.91,0.40,Technology services,poland,Technology Services,Neutral,Neutral,2.98,1.35,7.84,-3.94,4.45,3.65,3.19,46.23,692.26,2684.59,3.01,2.86,StrongBuy,Strong buy,StrongBuy,Strong buy,Buy,Buy,64.53,29.70,18.36,97.57,81.82,86.45,0.00,0.00,0.00,0.00,0.00,-0.20,258446.00,-2.61,0.00,0.00,0.00,-5.71,47.17,2.30,30.22,7.49,39.85,46.60,44.87,6489997306.37,28.97,61.94,53.24,249.70,237.03,232.19,244.44,246.83,66.09,88.67,41.40,68.77,1.01,0.28,0.20,224330505.70,51169255.39,50523833.35
[object Object],ATS,AT & S Austria Technologie & Systemtechnik Aktiengesellschaft,VIE,147.60,stock,common,10.00,2.00,false,0.00,EUR,-0.14,36235.00,0.18,6614933277.33,USD,0.00,-1.28,-159.69,0.00,Electronic technology,austria,Electronic Technology,Buy,Buy,-0.14,0.82,-12.66,51.38,201.22,361.25,661.61,298.38,1361.39,1099.64,8.98,9.85,Sell,Sell,Sell,Sell,Neutral,Neutral,45.58,-11.00,-28.97,-34.83,45.16,42.86,spinning_top_white,0.00,0.00,0.00,0.00,-1.22,36235.00,-71.96,0.00,0.00,0.00,481.24,0.00,0.00,3.21,8.15,14.47,26.45,7.17,8562584370.13,4.14,160.75,18.60,137.16,167.18,171.79,129.47,83.71,331.47,691.76,115.29,314.17,8.52,0.98,2.14,3068874537.45,627105146.00,768742946.00
[object Object],RILBA,Ringkjobing Landbobank A/S,OMXCOP,1791.00,stock,common,1.00,1.00,false,0.00,DKK,-0.44,10788.00,0.49,6603293504.34,USD,18.71,14.59,4.83,0.67,Finance,denmark,Finance,StrongBuy,Strong buy,-0.44,4.31,6.99,15.55,7.63,16.45,19.40,143.01,538.73,6412.73,2.28,1.77,Buy,Buy,StrongBuy,Strong buy,Neutral,Neutral,69.39,83.00,95.65,152.67,81.01,88.37,0.00,0.00,0.00,0.00,0.00,0.00,10788.00,-63.54,0.00,0.00,0.00,14.27,18.71,3.89,10.10,3.67,0.00,0.00,0.00,7845345356.14,10.31,0.00,0.00,1750.60,1698.57,1637.20,1596.21,1561.66,296.37,312.25,262.14,300.69,16.13,3.70,4.06,683299500.00,160842960.00,168378350.00
[object Object],ELIS,Elis SA,EURONEXT,24.80,stock,common,100.00,2.00,false,0.00,EUR,0.81,25110.00,0.07,6595496067.57,USD,16.50,1.72,1.70,1.95,Commercial services,france,Commercial Services,StrongBuy,Strong buy,0.81,0.49,-7.46,-9.56,-4.62,2.39,1.39,57.86,62.97,100.71,1.71,1.97,Sell,Sell,StrongSell,Strong sell,Neutral,Neutral,41.58,-0.32,-0.82,-123.73,38.28,49.50,0.00,0.00,0.00,0.00,0.00,0.24,25110.00,-95.46,0.00,0.00,0.00,1.70,16.50,9.64,1.25,1.56,4.43,12.78,13.89,11670835379.57,2.08,15.81,6.06,25.19,25.85,26.10,26.13,25.50,34.50,36.87,31.80,34.57,2.38,0.00,0.00,5928531121.14,2800331120.00,0.00
[object Object],AZA,Avanza Bank Holding AB,OMXSTO,402.20,stock,common,10.00,1.00,false,0.00,SEK,1.28,143594.00,0.66,6561404216.55,USD,22.48,1.84,12.84,3.21,Finance,sweden,Finance,Buy,Buy,1.28,2.08,5.70,22.06,14.95,13.81,12.85,31.18,585.18,4965.50,2.03,2.27,Buy,Buy,StrongBuy,Strong buy,Neutral,Neutral,62.79,13.80,7.09,156.60,92.24,90.97,0.00,0.00,0.00,0.00,0.00,0.28,143594.00,-31.35,0.00,0.00,0.00,10.41,22.48,1.73,10.07,9.51,0.00,0.00,20.31,6405505916.55,9.99,18.52,18.00,394.09,390.02,380.13,365.87,357.45,42.59,50.69,34.30,43.01,2.09,0.49,0.52,565140670.58,132996298.71,138370364.74
[object Object],UMI,Umicore SA,EURONEXT,24.16,stock,common,100.00,2.00,false,0.00,EUR,2.46,140230.00,0.24,6535164717.96,USD,11.97,2.30,277.06,1.48,Non-energy minerals,belgium,Non-Energy Minerals,Buy,Buy,2.46,14.39,17.97,13.43,23.45,34.60,71.35,-56.66,-7.52,532.84,4.11,3.75,Buy,Buy,StrongBuy,Strong buy,Neutral,Neutral,72.02,3.88,2.08,192.50,94.63,93.34,0.00,0.00,0.00,0.00,0.00,0.68,140230.00,-73.82,0.00,0.00,0.00,38.23,11.97,0.04,0.23,2.42,5.96,8.67,3.25,8258241031.96,0.29,6.34,5.12,21.80,20.74,21.70,20.67,19.16,29.80,38.02,21.31,29.09,2.09,1.20,1.00,4424554619.48,2217233257.50,2051207898.63
[object Object],ELISA,Elisa Oyj Class A,OMXHEX,35.04,stock,common,100.00,2.00,false,0.00,EUR,-0.68,90660.00,0.25,6510534820.67,USD,16.46,2.43,-5.96,6.72,Communications,finland,Communications,Neutral,Neutral,-0.68,-0.57,0.06,-14.03,-13.52,-7.20,-21.79,-36.08,9.84,156.70,1.37,1.84,Sell,Sell,StrongSell,Strong sell,Neutral,Neutral,43.84,0.64,-0.59,-0.33,66.33,61.21,0.00,0.00,0.00,0.00,0.00,0.23,90660.00,-71.26,0.00,0.00,0.00,-22.72,16.46,0.00,2.52,4.21,8.62,14.84,49.08,8225662196.67,3.20,15.52,9.37,35.09,35.31,36.84,39.28,39.35,45.94,57.62,38.49,44.95,2.86,0.68,0.73,2654001274.41,636284374.45,647064031.51
[object Object],TTD,"Trade Desk, Inc. Class A",NASDAQ,13.82,stock,common,100.00,1.00,false,0.00,USD,-21.76,48815569.00,1.93,6499253156.18,USD,15.58,0.89,8.51,0.00,Technology services,america,Technology Services,Neutral,Neutral,-21.76,-23.53,-28.07,-34.09,-47.49,-63.80,-84.77,-83.26,380.87,380.87,6.76,5.42,StrongSell,Strong sell,StrongSell,Strong sell,Sell,Sell,28.48,-3.46,-0.86,-380.40,42.71,58.88,"falling_window_bearish,marubozu_white_bullish",12.87,-27.16,-23.60,15465898.00,-27.16,48815569.00,-46.97,0.00,0.00,0.00,-78.49,15.58,2.34,2.84,2.65,6.03,7.83,4.69,5516913156.18,1.86,9.17,7.61,18.03,18.49,18.92,20.69,28.45,19.73,40.00,9.00,20.00,0.66,0.18,0.17,2974290565.00,752587887.00,731711777.00
[object Object],GL9,Glanbia PLC,EURONEXT,24.08,stock,common,100.00,2.00,false,0.00,EUR,1.52,85421.00,0.25,6492642243.93,USD,37.41,0.76,11.62,1.81,Consumer non-durables,ireland,Consumer Non-Durables,Buy,Buy,1.52,6.08,-1.71,22.42,44.80,66.99,96.57,71.75,40.41,1527.03,3.19,2.53,StrongBuy,Strong buy,StrongBuy,Strong buy,Buy,Buy,64.55,1.66,-0.33,168.26,60.96,46.88,0.00,0.00,0.00,0.00,0.00,0.42,85421.00,-86.57,0.00,0.00,0.00,67.50,37.41,3.17,1.68,3.56,18.26,21.00,14.27,7115024371.74,1.73,19.50,13.69,22.95,23.44,22.90,20.66,18.11,27.37,30.72,21.65,28.84,1.58,0.70,0.79,4234166036.78,2016233333.00,2121450000.00
[object Object],HER,Hera S.p.A.,MIL,3.86,stock,common,1000.00,2.00,false,0.00,EUR,0.16,2308942.00,0.48,6490578176.60,USD,12.07,0.37,-8.40,4.15,Utilities,italy,Utilities,Buy,Buy,0.16,2.44,1.63,-0.82,-7.44,-3.74,2.83,8.89,50.35,212.02,1.85,1.80,Neutral,Neutral,Buy,Buy,Sell,Sell,52.62,-0.07,0.05,-48.49,51.56,50.49,long_lower_shadow_bullish,0.00,0.00,0.00,0.00,-0.05,2308942.00,-21.42,0.00,0.00,0.00,-1.34,12.07,0.00,0.00,1.40,0.00,0.00,0.00,12060940482.60,0.84,7.39,0.00,3.84,3.82,3.79,3.89,4.00,5.22,5.53,5.07,5.13,0.37,0.00,0.00,15068270169.97,3015419086.29,0.00
[object Object],SFSN,SFS Group AG,SIX,134.00,stock,common,10.00,2.00,false,0.00,CHF,-1.18,7845.00,0.25,6484376945.10,USD,20.32,8.16,8.62,1.84,Producer manufacturing,switzerland,Producer Manufacturing,Neutral,Neutral,-1.18,0.60,0.00,9.84,10.38,21.82,29.84,0.45,81.08,100.00,1.47,2.14,Neutral,Neutral,Neutral,Neutral,Neutral,Neutral,48.74,3.60,-0.88,-38.14,33.71,31.57,0.00,0.00,0.00,0.00,0.00,0.00,7845.00,-71.60,0.00,0.00,0.00,25.23,20.32,2.39,1.72,3.33,14.51,18.74,23.43,6900565865.10,1.82,14.94,10.87,133.68,135.33,133.36,127.27,119.39,176.41,188.66,155.15,176.87,9.23,0.00,4.92,3935506659.38,1897587690.00,1922935560.00
[object Object],SAGA_B,AB Sagax Class B,OMXSTO,168.40,stock,common,10.00,1.00,false,0.00,SEK,0.54,73868.00,0.30,6481344655.14,USD,13.32,1.30,29.13,2.21,Finance,sweden,Finance,Buy,Buy,0.54,-0.06,3.95,-10.38,-13.69,-14.60,-19.04,-47.86,267.08,1364.35,2.33,2.93,Buy,Buy,Buy,Buy,Neutral,Neutral,54.99,6.70,7.33,26.59,66.89,70.64,0.00,0.00,0.00,0.00,0.00,0.54,73868.00,-68.20,0.00,0.00,0.00,-17.93,13.32,0.45,10.29,1.84,15.29,15.29,20.68,10643693155.14,18.82,24.23,0.00,168.28,164.53,161.15,169.62,183.09,19.39,22.08,14.89,20.03,1.28,0.32,0.37,609022615.85,141486366.70,147888750.00
[object Object],CAST,Castellum AB,OMXSTO,136.65,stock,common,100.00,5.00,false,0.00,SEK,0.63,257830.00,0.24,6442042605.44,USD,24.66,0.57,2.93,1.83,Finance,sweden,Finance,Buy,Buy,0.63,2.21,5.12,12.93,25.37,28.55,20.72,-33.90,24.75,899.90,1.28,1.66,Buy,Buy,StrongBuy,Strong buy,Neutral,Neutral,68.73,6.25,5.61,110.50,91.13,92.90,0.00,0.00,0.00,0.00,0.00,-0.04,257830.00,-74.43,0.00,0.00,0.00,12.55,24.66,8.36,6.58,0.94,14.84,14.84,679.86,13443855105.44,13.71,20.62,0.00,134.74,131.23,127.93,123.07,115.90,14.43,17.28,12.04,14.13,0.92,0.23,0.24,982633392.82,238085153.70,236434499.78
[object Object],EVD,CTS Eventim AG & Co. KGaA,XETR,59.25,stock,common,100.00,5.00,false,0.00,EUR,2.07,63684.00,0.32,6419976971.90,USD,19.29,3.55,-0.87,2.48,Consumer services,germany,Consumer Services,StrongBuy,Strong buy,2.07,-3.81,5.61,7.24,-13.44,-24.62,-39.97,0.12,94.65,11185.71,2.29,3.06,Buy,Buy,StrongBuy,Strong buy,Neutral,Neutral,57.13,3.00,2.32,46.24,41.18,39.29,0.00,0.00,0.00,0.00,0.00,0.09,63684.00,-58.28,0.00,0.00,0.00,-38.48,19.29,0.00,1.74,4.95,16.95,0.00,4.04,5334647409.70,1.45,9.43,7.80,59.35,57.00,55.28,56.00,65.40,100.61,115.09,62.15,108.18,3.87,0.61,0.86,3757356729.05,623813147.25,920500360.00
[object Object],GFC,Gecina SA,EURONEXT,75.30,stock,common,100.00,5.00,false,0.00,EUR,0.60,64698.00,0.30,6375190745.16,USD,34.47,2.49,-68.15,7.35,Finance,france,Finance,Buy,Buy,0.60,-0.46,6.73,2.66,-3.83,-6.92,-14.09,-43.93,-42.54,306.41,1.19,1.73,Buy,Buy,StrongBuy,Strong buy,Neutral,Neutral,56.48,1.30,1.80,27.33,55.73,65.22,0.00,0.00,0.00,0.00,0.00,0.13,64698.00,-62.61,0.00,0.00,0.00,-13.66,34.47,0.00,6.28,0.55,11.86,0.00,21.99,14156312839.74,13.98,20.43,20.10,75.33,73.79,73.39,72.21,75.21,101.99,125.92,80.87,103.97,7.89,3.76,3.82,834531030.14,401301611.04,395562195.28
[object Object],SUN,Sulzer AG,SIX,151.40,stock,common,10.00,1.00,false,0.00,CHF,-0.59,5260.00,0.09,6332613924.92,USD,17.05,10.99,11.24,3.12,Producer manufacturing,switzerland,Producer Manufacturing,Buy,Buy,-0.59,4.70,10.43,0.00,-12.69,1.75,-2.32,68.97,135.75,221.49,2.08,2.38,Buy,Buy,StrongBuy,Strong buy,Neutral,Neutral,60.79,10.10,10.12,104.28,80.48,84.22,spinning_top_black,0.00,0.00,0.00,0.00,-0.46,5260.00,-76.21,0.00,0.00,0.00,-0.72,17.05,1.53,1.49,3.90,18.38,28.04,6.11,6789781824.92,1.58,12.33,9.71,148.76,142.27,143.41,149.62,151.03,226.93,260.65,161.36,239.55,12.25,5.81,5.54,4495573799.45,2089688701.25,2224924800.00
[object Object],AZM,Azimut Holding Spa,MIL,38.63,stock,common,100.00,1.00,false,0.00,EUR,0.60,218533.00,0.41,6277236627.32,USD,10.39,4.25,6.89,5.21,Finance,italy,Finance,Buy,Buy,0.60,4.60,8.09,8.51,9.12,8.09,29.02,76.93,199.74,1125.93,1.52,2.03,Buy,Buy,StrongBuy,Strong buy,Sell,Sell,67.63,3.69,1.94,147.17,94.36,95.00,0.00,0.00,0.00,0.00,0.00,0.23,218533.00,-55.28,0.00,0.00,0.00,17.58,10.39,1.50,0.00,0.00,0.00,0.00,0.00,5822464060.10,3.32,7.20,6.87,37.01,36.22,36.22,35.60,35.28,46.16,57.60,40.32,45.79,4.06,0.73,0.75,1810284618.85,443652241.71,0.00
[object Object],KGX,KION GROUP AG,XETR,40.73,stock,common,100.00,1.00,false,0.00,EUR,-1.71,85408.00,0.22,6259858182.13,USD,13.85,3.36,67.69,1.50,Producer manufacturing,germany,Producer Manufacturing,Buy,Buy,-1.71,-1.02,-3.30,-14.25,-33.66,-40.71,-26.61,-54.26,-15.37,69.63,3.39,3.71,Sell,Sell,StrongSell,Strong sell,Neutral,Neutral,49.43,0.18,0.01,24.61,61.11,57.23,"engulfing_bearish,marubozu_black_bearish",0.00,0.00,0.00,0.00,0.29,85408.00,-66.20,0.00,0.00,0.00,-18.75,13.85,0.21,0.47,0.84,11.35,56.50,13.66,13850748366.13,1.06,16.07,6.30,40.86,40.87,40.57,42.79,52.22,65.46,80.64,48.38,67.97,4.12,1.00,0.97,13758570761.55,3280398036.18,3273382088.47
[object Object],CRDA,Croda International Plc,LSE,3289.00,stock,common,1.00,1.00,false,0.00,GBX,0.24,460652.00,0.94,6160981705.47,USD,57.83,0.75,-43.22,3.38,Process industries,uk,Process Industries,Buy,Buy,0.24,0.15,11.49,17.51,13.89,20.65,28.23,-62.26,-0.78,806.06,2.65,2.99,Buy,Buy,StrongBuy,Strong buy,Neutral,Neutral,65.51,357.00,247.02,97.18,87.00,87.99,long_upper_shadow_bearish,0.00,0.00,0.00,0.00,0.06,460652.00,29.44,0.00,0.00,0.00,21.63,57.83,0.00,2.66,2.11,16.22,24.48,22.39,6960434065.47,3.05,19.55,12.93,3220.40,3034.07,3036.62,2949.21,2881.44,47.57,56.76,42.61,46.75,2.13,1.03,1.18,2386689504.92,1186286736.60,1221861302.40
[object Object],LMP,LondonMetric Property Plc,LSE,195.70,stock,common,10.00,1.00,false,0.00,GBX,0.10,2951150.00,0.51,6156580913.27,USD,15.09,0.17,-23.93,6.37,Finance,uk,Finance,Buy,Buy,0.10,-1.81,3.99,4.82,-1.66,3.05,0.72,-23.25,19.18,72.42,1.57,1.68,Buy,Buy,StrongBuy,Strong buy,Sell,Sell,56.63,0.60,5.03,13.18,64.88,73.77,long_lower_shadow_bullish,0.00,0.00,0.00,0.00,0.10,2951150.00,-43.91,0.00,0.00,0.00,4.36,15.09,0.00,9.82,0.97,17.55,19.33,31.86,10015152593.27,16.31,18.27,18.22,197.11,192.37,189.14,188.66,192.25,3.05,3.38,2.62,3.09,0.19,0.10,0.09,639926185.72,321659786.00,319965236.40
[object Object],HWDN,Howden Joinery Group PLC,LSE,844.05,stock,common,10.00,5.00,false,0.00,GBX,1.21,183837.00,0.11,6110464717.09,USD,17.31,0.65,5.24,2.63,Consumer durables,uk,Consumer Durables,Buy,Buy,1.21,7.38,5.37,7.04,-0.24,-1.00,-1.97,-10.27,100.43,1080.49,2.23,2.54,Buy,Buy,StrongBuy,Strong buy,Buy,Buy,68.06,78.00,18.04,176.49,95.13,93.90,0.00,0.00,0.00,0.00,0.00,-0.48,183837.00,-79.85,0.00,0.00,0.00,-11.55,17.31,3.26,1.85,3.98,9.43,13.79,13.82,6621775237.09,2.04,13.80,9.29,806.00,800.90,800.25,795.91,820.91,13.42,16.11,11.28,12.98,0.69,0.00,0.46,3479469898.46,1394437545.00,2094274620.00
[object Object],TE,Technip Energies NV,EURONEXT,29.28,stock,common,100.00,2.00,false,0.00,EUR,-1.21,137045.00,0.20,6095476872.27,USD,19.18,1.74,-30.59,3.37,Industrial services,france,Industrial Services,Buy,Buy,-1.21,-1.55,-15.77,-22.54,-10.73,-9.57,-26.84,158.89,144.00,144.00,3.16,3.18,StrongSell,Strong sell,StrongSell,Strong sell,Sell,Sell,29.45,-5.08,-3.03,-114.63,34.60,37.90,0.00,0.00,0.00,0.00,0.00,0.07,137045.00,-76.06,0.00,0.00,0.00,-12.13,19.18,0.00,0.70,2.49,4.75,5.16,1.13,2750586802.27,0.32,7.87,5.47,30.83,32.70,33.67,35.54,34.56,47.77,56.61,36.97,47.36,2.46,0.00,0.00,9381134571.66,0.00,0.00
[object Object],ALLFG,Allfunds Group plc,EURONEXT,8.86,stock,common,1000.00,5.00,false,0.00,EUR,0.80,44852.00,0.22,6091436665.55,USD,131.65,0.08,0.00,2.28,Finance,netherlands,Finance,Neutral,Neutral,0.80,1.20,1.96,3.87,8.91,9.99,46.20,-38.99,-29.96,-29.96,2.00,1.29,StrongBuy,Strong buy,StrongBuy,Strong buy,Neutral,Neutral,58.72,0.18,0.15,132.33,48.48,45.37,0.00,0.00,0.00,0.00,0.00,-0.06,44852.00,-60.82,0.00,0.00,0.00,30.70,131.65,0.00,8.17,2.85,0.00,0.00,1.88,2860596575.53,3.89,8.95,5.77,8.77,8.66,8.60,8.59,8.14,10.06,10.66,9.22,10.14,0.52,0.00,0.00,816225767.96,0.00,0.00
[object Object],BLND,British Land Company PLC,LSE,443.60,stock,common,10.00,2.00,false,0.00,GBX,0.41,528717.00,0.11,6091291820.94,USD,9.79,0.60,29.38,5.23,Finance,uk,Finance,Buy,Buy,0.41,-0.54,4.97,16.31,6.53,10.24,24.89,-15.38,-32.53,29.85,1.82,2.07,Buy,Buy,StrongBuy,Strong buy,Sell,Sell,60.01,4.80,16.24,36.07,67.87,78.21,long_lower_shadow_bullish,0.00,0.00,0.00,0.00,0.23,528717.00,-70.34,0.00,0.00,0.00,28.79,9.79,0.33,8.45,0.75,14.41,24.07,25.30,10031382620.94,14.45,27.90,27.90,443.62,431.09,421.39,400.54,398.87,6.10,7.13,4.07,6.31,0.41,0.19,0.20,786559309.77,282254932.00,0.00