ticker-view,name,description,exchange,close,type,typespecs,pricescale,minmov,fractional,minmove2,currency,change,volume,relative_volume_10d_calc,market_cap_basic,fundamental_currency_code,price_earnings_ttm,earnings_per_share_diluted_ttm,earnings_per_share_diluted_yoy_growth_ttm,dividends_yield_current,sector.tr,market,sector,AnalystRating,AnalystRating.tr,change,Perf.W,Perf.1M,Perf.3M,Perf.6M,Perf.YTD,Perf.Y,Perf.5Y,Perf.10Y,Perf.All,Volatility.W,Volatility.M,TechRating_1D,TechRating_1D.tr,MARating_1D,MARating_1D.tr,OsRating_1D,OsRating_1D.tr,RSI,Mom,AO,CCI20,Stoch.K,Stoch.D,candlestick_patterns_1D,premarket_close,premarket_change,premarket_gap,premarket_volume,gap,volume,volume_change,postmarket_close,postmarket_change,postmarket_volume,Perf.1Y.MarketCap,price_earnings_ttm,price_earnings_growth_ttm,price_sales_current,price_book_fq,price_to_cash_f_operating_activities_ttm,price_free_cash_flow_ttm,price_to_cash_ratio,enterprise_value_current,enterprise_value_to_revenue_ttm,enterprise_value_to_ebit_ttm,enterprise_value_ebitda_ttm,SMA10,SMA30,SMA50,SMA100,SMA200,price_target_average,price_target_high,price_target_low,price_target_median,earnings_per_share_forecast_next_fy,earnings_per_share_forecast_fq,earnings_per_share_forecast_next_fq,revenue_forecast_next_fy,revenue_forecast_fq,revenue_forecast_next_fq
[object Object],NVDA,NVIDIA Corporation,NASDAQ,223.67,stock,common,100.00,1.00,false,0.00,USD,-0.91,79239379.00,0.50,5390446897973.66,USD,28.27,7.91,125.15,0.12,Electronic technology,america,Electronic Technology,StrongBuy,Strong buy,-0.91,2.23,0.12,11.01,20.96,17.82,32.28,902.47,14300.13,511143.38,2.24,2.52,Buy,Buy,StrongBuy,Strong buy,Neutral,Neutral,54.32,10.62,11.26,42.23,70.29,78.06,0.00,225.31,-0.19,-0.10,1235272.00,-0.20,79239379.00,-35.56,223.65,-0.01,8412637.00,30.44,28.27,0.23,18.09,23.59,40.43,42.77,54.66,5329937897973.66,17.59,26.98,26.48,222.60,217.25,211.80,210.91,197.09,327.90,515.00,180.00,318.20,9.26,2.09,2.47,408532046149.00,92270936574.00,108652143811.00
[object Object],AAPL,Apple Inc.,NASDAQ,315.34,stock,common,100.00,1.00,false,0.00,USD,-0.28,65095443.00,1.75,4602128640421.42,USD,36.15,8.72,32.61,0.34,Electronic technology,america,Electronic Technology,Buy,Buy,-0.28,-3.53,2.77,7.36,23.43,15.83,33.05,102.80,1076.09,245591.40,2.32,2.09,Neutral,Neutral,Buy,Buy,Neutral,Neutral,49.35,5.44,5.84,9.46,43.49,61.17,doji,315.44,-0.25,0.21,408768.00,-0.23,65095443.00,83.49,315.92,0.18,5769453.00,34.01,36.15,1.11,9.97,42.85,31.62,33.95,74.36,4624073640421.42,9.91,29.86,27.53,319.44,314.15,316.47,304.17,284.35,334.01,400.00,245.00,340.00,8.83,1.89,1.98,477374409365.00,109038899874.00,113201319417.00
[object Object],GOOG,Alphabet Inc. Class C,NASDAQ,328.38,stock,common,100.00,1.00,false,0.00,USD,-2.09,18969388.00,1.20,4035645356396.37,USD,16.50,19.91,112.02,0.25,Technology services,america,Technology Services,StrongBuy,Strong buy,-2.09,-0.72,-7.30,-6.99,7.08,3.40,40.22,126.65,769.73,1059.39,1.40,1.69,Sell,Sell,StrongSell,Strong sell,Sell,Sell,38.85,-14.96,-7.90,-203.93,25.57,33.48,falling_window_bearish,329.10,-1.87,0.27,798229.00,-1.87,18969388.00,34.06,328.99,0.19,2068483.00,46.99,16.50,0.15,9.25,6.45,21.77,75.87,16.67,3928542802396.37,8.80,25.92,22.15,335.91,344.14,346.09,356.54,335.21,426.34,515.00,340.00,425.00,20.57,2.88,3.02,497627514211.00,116425581881.00,126652134194.00
[object Object],GOOGL,Alphabet Inc. Class A,NASDAQ,330.65,stock,common,100.00,1.00,false,0.00,USD,-2.28,33008155.00,1.40,4027754272604.29,USD,16.61,19.91,112.02,0.25,Technology services,america,Technology Services,StrongBuy,Strong buy,-2.28,-1.02,-6.91,-7.10,7.70,4.34,41.20,129.87,721.27,13111.86,1.44,1.75,Sell,Sell,StrongSell,Strong sell,Sell,Sell,39.36,-16.31,-6.79,-225.09,23.71,31.83,falling_window_bearish,331.76,-1.95,0.25,1377313.00,-1.98,33008155.00,44.04,331.28,0.19,3644415.00,46.99,16.61,0.15,9.33,6.50,21.92,76.40,16.79,3920651718604.29,8.78,25.87,22.11,339.07,346.45,348.13,358.88,336.40,426.68,515.00,340.00,425.00,20.57,2.88,3.02,497603106637.00,116445882659.00,126655860409.00
[object Object],MSFT,Microsoft Corporation,NASDAQ,491.65,stock,common,100.00,1.00,false,0.00,USD,-0.47,12840900.00,0.58,3650769491125.57,USD,27.40,17.95,31.55,0.74,Technology services,america,Technology Services,StrongBuy,Strong buy,-0.47,-1.64,-2.34,24.40,22.61,1.50,-1.95,63.44,753.11,505593.10,1.55,1.76,Neutral,Neutral,Buy,Buy,Neutral,Neutral,54.62,-0.06,22.13,-21.77,42.74,54.36,0.00,492.21,-0.35,0.04,84013.00,-0.18,12840900.00,-32.00,492.08,0.09,2582523.00,-1.79,27.40,0.87,11.08,8.25,20.00,54.63,47.62,3702739491125.57,11.16,23.85,18.64,501.55,489.13,449.05,429.50,431.07,567.45,700.00,400.00,558.00,19.72,4.24,4.71,390636932402.00,87619545211.00,90594333776.00
[object Object],AMZN,"Amazon.com, Inc.",NASDAQ,252.40,stock,common,100.00,1.00,false,0.00,USD,-1.78,32881465.00,1.02,2722465780901.06,USD,20.30,12.43,89.73,0.00,Retail trade,america,Retail Trade,StrongBuy,Strong buy,-1.78,-0.73,-7.89,6.08,20.42,9.10,6.79,43.16,543.97,206999.14,1.45,1.91,Sell,Sell,StrongSell,Strong sell,Sell,Sell,44.06,-8.66,-3.09,-161.71,28.23,34.43,spinning_top_black,253.02,-1.54,0.20,809853.00,-1.50,32881465.00,11.85,252.46,0.02,4922411.00,14.11,20.30,0.23,3.61,4.93,17.05,0.00,22.32,2841189780901.06,3.66,28.88,16.37,257.94,262.26,254.68,255.31,239.44,330.76,405.00,230.00,330.00,12.71,1.82,1.96,828440352319.00,197034781840.00,201997121966.00
[object Object],TSM,"Taiwan Semiconductor Manufacturing Co., Ltd. Sponsored ADR",NYSE,435.36,dr,0.00,100.00,1.00,false,0.00,USD,-0.83,7480905.00,0.83,2029645882968.70,USD,31.42,13.86,57.78,0.63,Electronic technology,america,Electronic Technology,StrongBuy,Strong buy,-0.83,5.36,3.57,5.35,26.59,39.55,76.31,256.30,1356.05,8243.80,2.01,1.93,Buy,Buy,StrongBuy,Strong buy,Neutral,Neutral,59.10,17.95,8.94,128.38,86.66,72.29,spinning_top_white,435.00,-0.91,-0.11,130714.00,-1.03,7480905.00,-42.85,434.82,-0.12,727522.00,98.73,31.42,0.55,15.94,11.18,25.59,56.58,20.44,1954060481245.35,13.68,24.50,19.17,422.76,417.69,420.15,417.31,374.40,543.66,650.00,440.00,535.00,16.77,3.81,4.39,168851628299.00,39834731029.00,45114190087.00
[object Object],SPCX,Space Exploration Technologies Corp,NASDAQ,147.55,stock,common,100.00,1.00,false,0.00,USD,-3.86,120281751.00,1.86,2002411288753.80,USD,0.00,0.00,0.00,0.00,Communications,america,Communications,Buy,Buy,-3.86,3.41,9.34,-1.63,-1.63,-1.63,-1.63,-1.63,-1.63,-1.63,5.05,4.89,Buy,Buy,StrongBuy,Strong buy,Neutral,Neutral,56.33,9.60,15.54,125.38,81.22,80.84,0.00,152.07,-0.91,-0.17,3073122.00,-0.93,120281751.00,40.12,147.00,-0.37,3053109.00,0.00,0.00,0.00,0.00,15.28,0.00,0.00,19.40,1941900288753.80,0.00,0.00,0.00,144.73,134.97,135.65,0.00,0.00,225.62,800.00,75.00,217.00,0.00,-0.23,0.14,0.00,6826708501.00,12774603898.00
[object Object],AVGO,Broadcom Inc.,NASDAQ,364.38,stock,common,100.00,1.00,false,0.00,USD,-1.13,24818244.00,0.89,1733567017384.17,USD,46.51,7.84,100.17,0.69,Electronic technology,america,Electronic Technology,StrongBuy,Strong buy,-1.13,-1.43,-14.66,-2.26,7.91,3.29,4.24,639.33,2063.91,21983.64,2.66,2.74,StrongSell,Strong sell,StrongSell,Strong sell,Sell,Sell,43.19,7.64,-22.99,-44.61,58.91,44.94,0.00,366.23,-0.63,0.31,216063.00,-0.63,24818244.00,-18.53,364.56,0.05,2665090.00,22.35,46.51,0.47,20.21,0.00,43.80,45.19,74.27,1769011017384.17,19.85,40.87,33.99,365.12,384.13,383.57,397.51,370.02,538.89,715.00,350.00,540.00,11.61,3.22,3.80,105864309337.00,29240913570.00,34722520499.00
[object Object],META,Meta Platforms Inc Class A,NASDAQ,653.69,stock,common,100.00,1.00,false,0.00,USD,6.55,35386310.00,2.05,1665279231696.66,USD,24.62,26.55,-3.86,0.34,Technology services,america,Technology Services,StrongBuy,Strong buy,6.55,12.94,9.11,15.53,4.78,-1.36,-13.70,73.10,410.58,1454.55,2.28,3.00,StrongBuy,Strong buy,StrongBuy,Strong buy,Neutral,Neutral,70.43,83.64,32.03,225.15,93.43,91.72,rising_window_bullish,648.95,5.78,0.82,1839837.00,5.73,35386310.00,87.13,651.81,-0.29,2895891.00,-18.43,24.62,0.00,6.90,6.38,12.87,40.94,18.44,1686635231696.66,7.39,19.40,15.38,596.36,581.17,598.58,604.60,622.69,745.38,1000.00,580.00,745.00,31.40,7.19,6.75,254115539748.00,60223636026.00,63246263984.00
[object Object],TSLA,"Tesla, Inc.",NASDAQ,367.81,stock,common,100.00,1.00,false,0.00,USD,-0.10,32447155.00,0.75,1452683119935.65,USD,341.74,1.08,-37.67,0.00,Consumer durables,america,Consumer Durables,Buy,Buy,-0.10,2.05,12.62,-5.27,-7.86,-19.66,5.56,46.46,2664.80,28937.67,3.40,3.55,Buy,Buy,Buy,Buy,Neutral,Neutral,55.57,17.56,26.80,133.69,58.18,63.10,long_upper_shadow_bearish,368.38,0.06,0.04,479130.00,0.02,32447155.00,-36.48,367.53,-0.08,2151828.00,30.85,341.74,0.00,12.58,16.72,69.68,225.97,29.58,1425404119935.65,13.76,298.70,126.71,359.68,341.41,356.84,381.03,399.21,371.06,525.00,24.86,403.00,1.71,0.53,0.46,106307470199.00,26423384487.00,27634379462.00
[object Object],MU,"Micron Technology, Inc.",NASDAQ,1027.77,stock,common,100.00,1.00,false,0.00,USD,2.75,23681772.00,0.96,1160756323193.18,USD,23.27,44.17,697.29,0.05,Electronic technology,america,Electronic Technology,StrongBuy,Strong buy,2.75,10.41,19.00,13.64,148.40,248.25,680.03,1334.83,5882.36,72662.48,4.25,4.34,StrongBuy,Strong buy,StrongBuy,Strong buy,Neutral,Neutral,60.61,94.80,61.23,167.18,87.68,75.08,0.00,998.77,-0.15,0.72,418685.00,-0.15,23681772.00,-10.98,1026.20,-0.15,1322723.00,712.71,23.27,0.03,12.69,11.52,22.88,44.96,45.18,1141083323193.18,12.64,19.23,16.69,965.77,923.51,933.29,874.59,614.35,1575.35,2200.00,361.00,1600.00,73.37,20.86,31.14,129549770187.00,35911904101.00,50413235893.00
[object Object],LLY,Eli Lilly and Company,NYSE,1124.21,stock,common,100.00,1.00,false,0.00,USD,0.03,2028196.00,0.79,1058283047732.29,USD,38.20,29.43,95.14,0.60,Health technology,america,Health Technology,Buy,Buy,0.03,-3.43,-5.13,-1.36,14.70,4.44,53.12,343.84,1304.74,39927.50,1.87,2.57,Sell,Sell,StrongSell,Strong sell,Buy,Buy,37.00,-109.45,-43.92,-121.10,6.61,8.71,0.00,1129.99,0.54,0.17,9126.00,0.33,2028196.00,-15.60,1126.20,0.18,532153.00,56.38,38.20,0.40,12.61,31.24,35.78,55.23,112.26,1104241047732.29,13.86,27.88,26.48,1157.40,1186.61,1187.70,1112.76,1064.17,1349.28,1680.00,850.00,1392.50,36.39,6.40,9.85,88254946617.00,20822836356.00,22162823973.00
[object Object],BRK.B,Berkshire Hathaway Inc. Class B,NYSE,506.72,stock,common,100.00,1.00,false,0.00,USD,0.18,3355738.00,0.80,974958781914.99,USD,12.74,39.77,36.30,0.00,Finance,america,Finance,Neutral,Neutral,0.18,0.65,-3.41,4.94,2.72,1.15,2.90,81.68,238.72,2084.14,1.02,1.11,Buy,Buy,StrongBuy,Strong buy,Buy,Buy,52.72,2.40,-1.23,50.51,78.10,80.59,0.00,504.05,-0.35,-0.04,11608.00,-0.34,3355738.00,-23.75,506.98,0.05,585426.00,-10.06,12.74,0.35,2.83,1.45,23.41,45.09,2.99,741081781914.99,1.93,11.85,9.69,505.19,508.23,503.50,492.19,492.45,541.08,604.00,490.25,529.00,22.18,5.04,5.60,403512500000.00,96522968300.00,100929913950.00
[object Object],JPM,JPMorgan Chase & Co.,NYSE,354.71,stock,common,100.00,1.00,false,0.00,USD,0.34,6313994.00,1.18,942885281176.27,USD,15.20,23.34,19.77,1.70,Finance,america,Finance,Buy,Buy,0.34,-0.79,-0.91,14.59,24.61,9.99,21.23,124.12,427.69,3612.03,1.72,1.49,Neutral,Neutral,Neutral,Neutral,Neutral,Neutral,49.69,-1.98,0.22,-101.37,43.31,52.19,0.00,351.70,-0.51,0.22,14610.00,-0.43,6313994.00,12.09,354.85,0.04,1278087.00,14.97,15.20,0.77,4.78,2.67,6.22,6.22,0.00,2193524281176.27,7.37,0.00,0.00,356.45,356.86,350.77,331.14,318.87,377.78,452.00,305.00,375.00,24.82,5.59,5.82,207478813132.00,50720644720.00,50564572024.00
[object Object],AMD,"Advanced Micro Devices, Inc.",NASDAQ,521.10,stock,common,100.00,1.00,false,0.00,USD,3.04,22079328.00,1.31,850674530977.10,USD,133.73,3.90,124.28,0.00,Electronic technology,america,Electronic Technology,Buy,Buy,3.04,13.40,9.22,12.89,163.03,138.05,242.85,389.02,7747.82,113591.80,4.12,3.40,Buy,Buy,StrongBuy,Strong buy,Neutral,Neutral,60.43,41.92,-4.29,184.83,85.48,60.18,0.00,507.95,0.44,0.26,202456.00,0.35,22079328.00,-21.61,521.57,0.09,1175104.00,183.58,133.73,1.04,20.31,12.65,85.76,102.88,65.88,841828530977.10,20.38,129.73,88.46,477.11,479.33,498.59,471.47,343.86,628.22,1250.00,365.00,620.00,7.55,1.62,1.92,50862901924.00,11309653407.00,12966723323.00
[object Object],WMT,Walmart Inc.,NASDAQ,105.83,stock,common,100.00,1.00,false,0.00,USD,-0.21,15349642.00,0.60,839628373263.15,USD,38.34,2.76,4.13,0.92,Retail trade,america,Retail Trade,StrongBuy,Strong buy,-0.21,-0.13,-4.72,-12.23,-15.60,-5.02,3.75,115.31,341.63,601959.39,1.59,1.82,Sell,Sell,StrongSell,Strong sell,Buy,Buy,42.70,0.45,-2.79,-40.00,37.17,35.31,0.00,105.53,-0.49,-0.15,84383.00,-0.34,15349642.00,-32.28,105.84,0.01,2593867.00,6.16,38.34,9.30,1.15,8.56,19.67,62.50,73.23,908415373263.15,1.23,28.14,19.18,105.44,109.52,110.51,117.27,118.72,129.07,155.00,110.00,130.00,2.89,0.74,0.64,752560403394.00,186641139353.00,187305468928.00
[object Object],V,Visa Inc. Class A,NYSE,367.39,stock,common,100.00,1.00,false,0.00,USD,-0.34,4470231.00,0.80,685934556295.14,USD,31.53,11.65,15.03,0.73,Finance,america,Finance,StrongBuy,Strong buy,-0.34,-1.77,1.49,14.10,19.44,5.01,7.52,60.22,342.53,2369.85,1.15,1.45,Sell,Sell,Sell,Sell,Sell,Sell,46.98,-16.75,5.53,-43.57,34.77,53.08,0.00,368.69,0.01,0.12,6269.00,-0.05,4470231.00,-9.33,367.66,0.07,873318.00,4.51,31.53,2.11,15.73,19.80,30.88,33.18,43.88,694415556295.14,15.61,23.28,22.28,376.54,370.28,364.36,344.01,334.52,423.54,466.00,370.00,425.00,13.23,3.23,3.44,45854091711.00,11400783120.00,12077370802.00
[object Object],XOM,Exxonmobil Holdings Corporation,NYSE,164.23,stock,common,100.00,1.00,false,0.00,USD,2.22,12907518.00,0.91,675299341115.07,USD,21.13,7.77,10.17,2.56,Energy minerals,america,Energy Minerals,Buy,Buy,2.22,0.18,6.30,7.83,6.44,36.76,48.59,197.57,89.25,10306.65,1.82,1.67,Buy,Buy,StrongBuy,Strong buy,Neutral,Neutral,58.95,3.59,3.42,55.23,46.05,45.59,0.00,162.59,1.20,0.26,64115.00,1.38,12907518.00,2.31,164.23,0.00,2000464.00,41.47,21.13,2.03,1.85,2.60,11.48,22.44,64.74,713810341115.07,1.96,17.38,10.09,160.76,159.70,154.01,151.28,145.18,170.95,200.00,142.00,170.00,11.69,3.56,3.55,405761190811.00,109936966477.00,106769599023.00
[object Object],ASML,ASML Holding NV,EURONEXT,1497.60,stock,common,10.00,2.00,false,0.00,EUR,-1.34,557459.00,1.18,674050038257.63,USD,54.37,31.46,14.70,0.51,Electronic technology,netherlands,Electronic Technology,StrongBuy,Strong buy,-1.34,4.79,-0.82,-1.12,28.29,62.89,120.24,105.18,1536.36,5753.56,3.48,3.00,Neutral,Neutral,Buy,Buy,Neutral,Neutral,50.22,0.00,-19.79,-15.04,72.80,56.86,0.00,0.00,0.00,0.00,0.00,0.13,557459.00,16.45,1497.60,0.00,225255.00,127.83,54.37,3.75,16.54,26.45,50.18,57.41,76.03,667543689362.63,16.55,46.71,43.14,1472.06,1498.00,1515.98,1469.66,1293.49,2390.80,2906.13,1278.69,2441.14,44.86,7.87,11.97,51038524546.32,10149779740.40,13224537786.41
[object Object],ASML,ASML Holding NV Sponsored ADR,NASDAQ,1729.52,dr,0.00,100.00,1.00,false,0.00,USD,-2.00,1057284.00,0.95,674050038257.63,USD,53.84,32.12,23.10,0.44,Electronic technology,america,Electronic Technology,StrongBuy,Strong buy,-2.00,3.43,-3.54,-2.84,26.47,52.55,117.49,102.17,1560.76,63034.58,2.08,2.16,Neutral,Neutral,Buy,Buy,Sell,Sell,49.79,-14.64,-27.14,-24.69,63.59,44.10,long_upper_shadow_bearish,1727.71,-2.10,-0.87,35371.00,-2.10,1057284.00,-21.92,1729.60,0.00,57479.00,126.44,53.84,2.38,16.49,26.71,51.10,58.77,76.80,667650873827.63,16.21,45.76,42.26,1707.57,1728.53,1747.81,1685.41,1487.79,2345.02,2859.00,1628.31,2392.50,43.85,7.92,11.77,49934592941.00,10239884383.00,13018563142.00
[object Object],JNJ,Johnson & Johnson,NYSE,267.08,stock,common,100.00,1.00,false,0.00,USD,-0.76,6088350.00,0.93,643635663009.70,USD,30.96,8.63,-7.72,1.96,Health technology,america,Health Technology,Buy,Buy,-0.76,-2.79,3.10,11.28,9.36,29.14,50.04,58.46,126.80,120086.12,1.44,1.73,Neutral,Neutral,Buy,Buy,Neutral,Neutral,50.33,-6.06,8.46,-13.65,38.55,58.92,0.00,268.58,-0.20,-0.04,7386.00,-0.23,6088350.00,-24.70,267.00,-0.03,1470805.00,54.71,30.96,0.00,6.70,7.57,23.61,29.30,31.40,671913663009.70,6.86,25.42,19.66,270.59,265.41,262.23,246.68,236.49,279.71,320.00,210.00,282.00,11.58,2.85,2.90,101271501836.00,25062319857.00,25329572658.00
[object Object],INTC,Intel Corporation,NASDAQ,106.24,stock,common,100.00,1.00,false,0.00,USD,1.69,96148734.00,1.11,561595851562.01,USD,0.00,-2.12,55.49,0.00,Electronic technology,america,Electronic Technology,Buy,Buy,1.69,19.57,8.12,-6.41,131.11,181.28,333.10,97.99,192.27,263326.73,4.35,4.22,StrongBuy,Strong buy,StrongBuy,Strong buy,Buy,Buy,63.36,18.76,1.50,124.57,88.47,65.94,0.00,102.71,-1.68,-0.29,2164429.00,-1.69,96148734.00,-31.45,105.92,-0.30,3809648.00,322.15,0.00,0.00,9.35,6.12,36.30,1576.31,18.14,597836851562.01,10.48,130.59,35.26,93.65,94.91,99.62,104.64,74.86,120.81,200.00,75.00,117.00,1.50,0.22,0.39,62826728277.00,14434847186.00,16316595687.00
[object Object],MA,Mastercard Incorporated Class A,NYSE,567.50,stock,common,100.00,1.00,false,0.00,USD,-0.59,1816021.00,0.67,497135651622.65,USD,31.22,18.18,22.62,0.59,Finance,america,Finance,StrongBuy,Strong buy,-0.59,-2.83,1.14,16.13,14.29,-0.56,-2.75,61.81,470.64,13981.89,1.12,1.43,Sell,Sell,Sell,Sell,Neutral,Neutral,45.40,-31.87,6.75,-77.28,19.48,38.18,spinning_top_black,569.06,-0.32,-0.07,1044.00,-0.33,1816021.00,-32.89,567.50,0.00,500165.00,-3.96,31.22,1.39,14.35,88.80,29.09,30.39,41.42,509676651622.65,14.51,24.51,23.18,584.74,576.58,560.31,528.62,530.75,671.64,740.00,620.00,669.00,19.96,4.77,5.16,37263642930.00,9075236719.00,9645052315.00
[object Object],ORCL,Oracle Corporation,NYSE,161.63,stock,common,100.00,1.00,false,0.00,USD,-0.55,26831610.00,1.15,465570531445.54,USD,27.75,5.82,34.18,1.23,Technology services,america,Technology Services,Buy,Buy,-0.55,15.24,9.02,-10.04,1.62,-18.15,-32.64,80.39,294.89,255348.61,3.95,3.92,Buy,Buy,Buy,Buy,Neutral,Neutral,62.39,16.87,13.47,160.17,80.67,80.53,0.00,163.57,0.65,0.90,559990.00,0.63,26831610.00,-28.76,162.05,0.26,2122069.00,-33.11,27.75,0.82,7.03,12.40,14.73,0.00,14.77,606610531445.54,9.01,27.03,19.11,152.48,146.27,140.40,164.43,168.18,246.47,400.00,110.00,240.00,8.07,1.96,1.74,89659194080.00,19100839464.00,19134971114.00
[object Object],ABBV,"AbbVie, Inc.",NYSE,250.91,stock,common,100.00,1.00,false,0.00,USD,0.86,3643264.00,0.90,443387401968.92,USD,70.94,3.54,68.31,2.75,Health technology,america,Health Technology,Buy,Buy,0.86,-4.49,2.14,11.02,10.59,9.69,19.75,129.27,292.29,578.14,1.88,1.89,Sell,Sell,Sell,Sell,Neutral,Neutral,44.49,-14.88,0.31,-106.38,16.92,34.40,piercing_bullish,248.00,-0.31,0.08,2386.00,-0.42,3643264.00,-34.62,250.91,0.00,1008975.00,23.57,70.94,1.03,6.84,0.00,22.78,24.40,67.65,507687401968.92,7.89,23.07,16.97,257.10,254.90,254.32,235.00,228.50,279.15,303.00,230.00,283.50,14.03,3.61,3.86,67609793449.00,16804130773.00,17312394890.00
[object Object],BAC,Bank of America Corp,NYSE,62.67,stock,common,100.00,1.00,false,0.00,USD,0.45,35257356.00,1.13,438235546410.69,USD,14.42,4.35,27.25,1.80,Finance,america,Finance,Buy,Buy,0.45,0.63,-0.78,14.54,31.88,13.88,26.61,54.13,297.40,1915.52,1.62,1.65,Buy,Buy,Buy,Buy,Neutral,Neutral,52.73,0.24,-0.15,-34.36,50.04,46.00,0.00,61.89,-0.80,0.06,86027.00,-0.67,35257356.00,24.41,62.78,0.17,7654969.00,18.06,14.42,0.53,3.76,1.59,5.56,5.56,0.00,1179117546410.69,6.04,0.00,0.00,62.30,62.78,61.81,57.60,54.98,68.45,79.00,61.00,67.50,4.64,1.13,1.18,123975234218.00,30776101012.00,31244451094.00
[object Object],CSCO,"Cisco Systems, Inc.",NASDAQ,109.43,stock,common,100.00,1.00,false,0.00,USD,0.24,10822887.00,0.79,431437252052.99,USD,32.87,3.33,27.48,1.52,Electronic technology,america,Electronic Technology,Buy,Buy,0.24,-0.80,-11.07,-6.62,40.17,42.78,63.96,87.22,244.99,141542.29,1.23,1.89,Sell,Sell,Sell,Sell,Sell,Sell,41.78,-1.68,-4.52,-70.59,31.15,26.04,0.00,109.60,0.39,-0.05,11122.00,0.10,10822887.00,-26.31,109.43,0.00,2525731.00,60.99,32.87,1.19,6.87,8.59,30.75,34.15,27.37,446695252052.99,7.05,28.04,24.18,110.05,113.77,114.03,111.69,95.07,140.05,170.00,115.00,137.00,5.12,1.17,1.32,73080740279.00,16836303500.00,18114740587.00
[object Object],CVX,Chevron Corporation,NYSE,213.81,stock,common,100.00,1.00,false,0.00,USD,1.91,8376942.00,1.09,422439655019.59,USD,20.50,10.43,34.63,3.36,Energy minerals,america,Energy Minerals,Buy,Buy,1.91,1.58,13.20,11.47,9.09,40.51,38.02,119.07,111.27,6490.84,1.31,1.56,StrongBuy,Strong buy,StrongBuy,Strong buy,Buy,Buy,69.95,13.92,11.97,137.44,79.67,80.59,0.00,213.00,1.53,0.24,31565.00,1.47,8376942.00,8.70,214.00,0.09,1148720.00,29.30,20.50,0.58,1.96,2.22,9.32,15.49,48.17,456423655019.59,2.16,16.20,8.77,207.43,200.51,192.83,188.95,181.71,222.04,243.00,175.00,224.50,16.08,5.55,4.65,232701299471.00,62720794781.00,57363568926.00
[object Object],PLTR,Palantir Technologies Inc. Class A,NASDAQ,169.53,stock,common,100.00,1.00,false,0.00,USD,-0.45,20134309.00,0.67,407396386437.07,USD,144.89,1.17,288.87,0.00,Technology services,america,Technology Services,Buy,Buy,-0.45,-4.21,-0.87,31.64,10.59,-6.49,7.81,567.70,1595.30,1595.30,3.94,3.92,Neutral,Neutral,Buy,Buy,Neutral,Neutral,50.74,-3.20,12.21,-113.43,25.05,37.39,0.00,171.30,0.59,0.41,209757.00,0.69,20134309.00,-18.09,169.79,0.15,2178438.00,10.82,144.89,0.50,71.06,41.68,128.07,129.67,46.28,398309377437.07,64.70,151.18,149.59,178.22,167.37,152.11,144.01,151.41,201.23,255.00,80.00,207.50,1.60,0.34,0.41,8189472863.00,1812279528.00,2166903350.00
[object Object],COST,Costco Wholesale Corporation,NASDAQ,902.60,stock,common,100.00,1.00,false,0.00,USD,-0.83,2057845.00,1.10,400283980433.38,USD,45.40,19.88,12.78,0.61,Retail trade,america,Retail Trade,Buy,Buy,-0.83,-3.82,-4.23,-8.54,-10.27,4.81,-6.95,93.14,481.61,35705.38,1.18,1.48,Sell,Sell,StrongSell,Strong sell,Neutral,Neutral,34.15,-57.41,-28.16,-184.12,4.32,7.58,0.00,906.10,-0.45,-0.13,6622.00,-0.35,2057845.00,-8.15,902.75,0.02,339428.00,-2.24,45.40,3.58,1.38,11.95,26.74,45.55,20.06,388519980433.38,1.32,34.61,28.17,930.25,945.92,941.84,969.00,960.40,1085.55,1315.00,781.00,1100.00,20.52,5.00,6.55,302258702585.00,69829227249.00,94826743812.00
[object Object],LRCX,Lam Research Corporation,NASDAQ,315.84,stock,common,100.00,1.00,false,0.00,USD,-1.43,5454630.00,0.80,395217255390.09,USD,54.79,5.76,38.61,0.32,Producer manufacturing,america,Producer Manufacturing,StrongBuy,Strong buy,-1.43,8.35,-1.15,-6.18,48.74,77.59,201.06,443.61,3277.97,142028.72,3.46,3.76,Buy,Buy,StrongBuy,Strong buy,Neutral,Neutral,51.95,1.18,-5.69,23.74,75.82,53.03,0.00,319.94,-0.15,0.65,26840.00,-0.36,5454630.00,-38.97,315.85,0.00,937526.00,191.65,54.79,1.44,17.32,31.69,67.72,81.11,71.10,393759649390.09,16.95,48.02,45.57,304.99,309.05,318.81,316.08,262.62,383.96,500.00,300.00,385.00,9.49,1.69,2.18,34798661599.00,6664835041.00,8132747773.00
[object Object],KO,Coca-Cola Company,NYSE,87.55,stock,common,100.00,1.00,false,0.00,USD,-0.92,12327519.00,0.77,376688152504.15,USD,26.38,3.32,17.60,2.35,Consumer non-durables,america,Consumer Non-Durables,Buy,Buy,-0.92,-0.39,0.51,4.33,13.01,25.34,30.13,55.84,100.48,33688.11,1.08,1.35,Sell,Sell,Sell,Sell,Neutral,Neutral,47.58,-4.09,0.36,-67.14,8.77,16.79,0.00,88.38,0.02,0.05,33976.00,-0.06,12327519.00,-36.54,87.63,0.09,2447775.00,27.87,26.38,1.51,7.54,10.42,23.11,26.41,23.07,406025152504.15,8.03,25.15,23.63,88.65,88.41,86.28,82.87,78.61,96.24,104.00,85.00,96.00,3.31,0.93,0.88,49727688707.00,13170956898.00,12895215509.00
[object Object],CAT,Caterpillar Inc.,NYSE,815.56,stock,common,100.00,1.00,false,0.00,USD,-0.84,1797716.00,0.80,374892424586.73,USD,35.08,23.25,18.22,0.75,Producer manufacturing,america,Producer Manufacturing,Buy,Buy,-0.84,4.76,-3.94,-6.52,15.79,41.20,92.73,293.80,916.02,50740.09,1.93,2.52,Sell,Sell,Sell,Sell,Neutral,Neutral,46.10,4.27,-29.56,-11.76,60.64,45.23,long_upper_shadow_bearish,817.75,-0.58,0.31,6224.00,-0.83,1797716.00,-26.46,815.69,0.02,256007.00,87.27,35.08,1.94,5.09,19.33,27.80,41.94,56.19,413324424586.73,5.53,30.19,25.72,806.02,826.52,864.84,882.71,775.91,991.21,1225.00,575.00,985.00,27.25,6.22,6.93,79528975688.00,19335236841.00,20486013858.00
[object Object],AMAT,"Applied Materials, Inc.",NASDAQ,468.85,stock,common,100.00,1.00,false,0.00,USD,-0.83,3910087.00,0.64,372078153391.78,USD,40.43,11.60,38.27,0.42,Producer manufacturing,america,Producer Manufacturing,StrongBuy,Strong buy,-0.83,5.72,-15.52,-10.27,36.90,75.55,189.56,252.44,1470.16,847132.51,2.63,3.29,Neutral,Neutral,Sell,Sell,Buy,Buy,44.38,-11.19,-48.18,-39.67,46.71,30.93,0.00,465.85,-1.47,0.04,45543.00,-1.30,3910087.00,-38.06,468.55,-0.06,630817.00,179.54,40.43,1.07,12.27,14.52,44.67,66.70,40.62,370191153391.78,12.00,38.61,36.60,459.47,494.75,526.12,500.21,409.47,667.61,900.00,515.00,670.00,12.81,3.40,4.06,34346992450.00,8994977809.00,10307481959.00
[object Object],HSBA,HSBC Holdings Plc,LSE,1549.20,stock,common,10.00,2.00,false,0.00,GBX,-1.63,12057809.00,0.71,365710864849.87,USD,14.88,1.38,35.01,3.57,Finance,uk,Finance,Neutral,Neutral,-1.63,1.28,1.12,18.22,32.41,30.67,60.07,309.46,168.26,546.45,1.88,1.54,Buy,Buy,StrongBuy,Strong buy,Neutral,Neutral,54.05,32.20,22.53,61.95,80.74,89.70,0.00,0.00,0.00,0.00,0.00,-0.75,12057809.00,-17.63,1549.20,0.00,5227174.00,60.35,14.88,0.43,4.82,2.04,0.00,0.00,0.00,714315234939.47,5.31,0.00,0.00,1548.00,1539.52,1518.38,1443.02,1332.68,20.60,25.01,15.06,20.44,1.69,0.44,0.45,74232430495.03,18659357176.00,19090816071.00
[object Object],MRK,"Merck & Co., Inc.",NYSE,147.53,stock,common,100.00,1.00,false,0.00,USD,-0.63,8072060.00,0.88,363981847161.53,USD,117.92,1.25,-80.71,2.26,Health technology,america,Health Technology,Buy,Buy,-0.63,-2.62,15.00,22.90,26.18,39.80,75.26,99.42,149.55,37423.69,1.75,2.41,Buy,Buy,Buy,Buy,Neutral,Neutral,56.86,-8.92,10.32,17.62,38.55,58.01,engulfing_bearish,149.90,0.97,-0.12,10113.00,0.34,8072060.00,-27.85,147.66,0.09,1919908.00,77.93,117.92,0.00,5.53,8.69,18.25,22.69,50.74,410756847161.53,6.20,32.95,21.60,149.89,140.93,135.35,125.73,118.93,151.76,186.00,105.00,150.00,2.75,-0.27,2.22,67142102187.00,16368922837.00,17321068164.00
[object Object],UNH,UnitedHealth Group Incorporated,NYSE,393.06,stock,common,100.00,1.00,false,0.00,USD,-1.94,7733313.00,1.79,352808627980.43,USD,25.28,15.55,-32.64,2.23,Health services,america,Health Services,Buy,Buy,-1.94,-1.56,-3.80,-3.83,41.36,18.79,18.21,-5.36,192.30,271855.01,3.60,2.15,Sell,Sell,StrongSell,Strong sell,Neutral,Neutral,44.02,-3.53,-6.88,-70.74,62.63,67.30,0.00,405.00,1.04,-0.15,57035.00,1.08,7733313.00,9.69,392.97,-0.02,804953.00,28.65,25.28,0.00,0.81,3.61,13.18,15.08,0.00,433638627980.43,0.96,0.00,0.00,396.64,401.18,410.67,397.83,352.35,481.52,529.00,380.00,490.00,19.76,4.91,4.09,445724874516.00,110806566222.00,111311226504.00
[object Object],DELL,"Dell Technologies, Inc. Class C",NYSE,535.25,stock,common,100.00,1.00,false,0.00,USD,0.26,7263132.00,0.63,345796494998.99,USD,31.07,17.23,153.32,0.43,Electronic technology,america,Electronic Technology,Buy,Buy,0.26,15.84,16.72,45.18,254.47,316.86,342.83,990.06,3868.42,4284.42,5.72,5.79,Buy,Buy,StrongBuy,Strong buy,Sell,Sell,65.28,83.75,57.06,179.98,88.94,89.60,long_upper_shadow_bearish,537.25,0.63,0.44,43642.00,0.86,7263132.00,9.02,534.53,-0.14,294766.00,280.22,31.07,0.20,2.30,0.00,28.72,40.77,29.73,369330494998.99,2.44,24.70,20.53,487.52,460.72,444.55,377.44,257.59,589.33,735.00,499.00,600.00,25.88,4.91,6.56,194706495154.00,44890631026.00,49229153179.00
[object Object],ROP,Roche Holding Ltd,SIX,347.70,stock,common,10.00,1.00,false,0.00,CHF,-0.80,553402.00,0.62,345363707706.31,USD,22.69,18.96,30.49,2.80,Health technology,switzerland,Health Technology,Buy,Buy,-0.80,-0.32,-6.03,7.98,9.58,6.01,28.83,-2.33,46.46,170.58,2.00,1.91,Sell,Sell,Sell,Sell,Neutral,Neutral,41.67,-20.60,-7.82,-112.25,21.00,29.57,0.00,0.00,0.00,0.00,0.00,-0.43,553402.00,-24.68,347.70,0.00,252820.00,28.98,22.69,0.75,4.64,8.47,15.25,19.01,28.83,377597625906.31,5.01,16.35,13.83,353.75,360.80,352.61,338.20,335.57,465.40,536.61,284.05,494.00,25.75,12.51,11.91,79808339577.72,37648198160.72,40022253204.78
[object Object],MS,Morgan Stanley,NYSE,215.35,stock,common,100.00,1.00,false,0.00,USD,-0.41,4021879.00,1.09,338221457889.57,USD,17.40,12.38,40.23,1.92,Finance,america,Finance,Buy,Buy,-0.41,1.59,-0.45,3.14,39.04,20.63,45.10,108.37,579.34,3066.91,1.80,1.91,Buy,Buy,StrongBuy,Strong buy,Neutral,Neutral,50.73,-1.42,0.80,-9.13,80.15,75.87,spinning_top_white,214.20,-0.94,-0.39,1735.00,-0.57,4021879.00,16.39,215.40,0.02,1724636.00,40.31,17.40,0.43,4.35,3.18,7.37,7.89,0.00,887459457889.57,6.89,0.00,0.00,214.64,214.43,215.74,209.13,191.47,242.82,273.00,195.00,247.50,12.90,2.93,3.13,81864459330.00,19674830362.00,20354159273.00
[object Object],GE,GE Aerospace,NYSE,325.42,stock,common,100.00,1.00,false,0.00,USD,-2.83,5007946.00,1.55,337643592442.32,USD,38.36,8.48,18.43,0.50,Electronic technology,america,Electronic Technology,Buy,Buy,-2.83,-2.38,-12.41,1.52,5.87,5.06,18.17,406.24,126.67,8591.56,2.26,2.22,StrongSell,Strong sell,StrongSell,Strong sell,Sell,Sell,35.55,-24.12,-22.46,-123.31,13.78,11.77,0.00,329.54,-1.60,0.04,20385.00,-1.20,5007946.00,63.51,325.80,0.12,640188.00,16.84,38.36,2.14,6.92,19.14,34.77,40.58,36.46,348755592442.32,6.89,37.20,32.87,336.69,353.97,355.57,334.93,321.64,400.29,455.00,250.00,400.00,7.92,1.86,1.99,50283712301.00,11881567695.00,12812372363.00
[object Object],PG,Procter & Gamble Company,NYSE,142.64,stock,common,100.00,1.00,false,0.00,USD,-2.02,9261038.00,1.17,331305990065.07,USD,21.55,6.62,1.74,2.95,Consumer non-durables,america,Consumer Non-Durables,Buy,Buy,-2.02,-2.58,-1.44,-4.08,-5.77,-0.33,-10.07,-0.99,65.78,9931.82,1.11,1.31,Sell,Sell,StrongSell,Strong sell,Neutral,Neutral,41.21,-2.76,0.61,-101.70,44.17,63.14,0.00,143.56,-1.39,-0.37,15911.00,-0.98,9261038.00,11.20,142.75,0.08,1650512.00,-7.30,21.55,12.64,4.04,6.22,17.60,22.72,34.62,357374990065.07,4.11,17.21,14.94,145.25,145.16,146.54,146.22,147.54,159.67,177.00,143.00,162.00,6.98,1.41,1.88,88703871140.00,21379772305.00,22724989053.00
[object Object],NFLX,"Netflix, Inc.",NASDAQ,76.03,stock,common,100.00,1.00,false,0.00,USD,-0.96,22716617.00,0.81,316584339902.09,USD,23.95,3.17,35.27,0.00,Technology services,america,Technology Services,Buy,Buy,-0.96,-5.61,3.03,-7.13,-19.66,-19.23,-39.01,25.36,666.20,65645.61,2.50,2.63,Sell,Sell,StrongSell,Strong sell,Sell,Sell,43.65,-6.20,2.98,-114.21,13.15,41.69,0.00,76.33,-0.57,-0.08,239131.00,-0.56,22716617.00,-32.92,76.23,0.26,2702330.00,-33.89,23.95,0.69,6.71,10.50,27.06,29.05,35.48,324092745902.09,6.65,21.97,10.00,80.13,77.55,75.54,80.45,86.53,94.32,135.00,70.00,93.50,3.60,0.79,0.82,51212969290.00,12581163486.00,12872611299.00
[object Object],HD,"Home Depot, Inc.",NYSE,310.45,stock,common,100.00,1.00,false,0.00,USD,-1.04,3417326.00,0.96,309732759620.08,USD,21.72,14.29,-2.93,2.95,Retail trade,america,Retail Trade,Buy,Buy,-1.04,-3.44,-11.83,-3.67,-9.14,-9.60,-25.75,-6.62,135.99,883919.59,1.64,1.91,StrongSell,Strong sell,StrongSell,Strong sell,Neutral,Neutral,30.92,-27.43,-18.66,-151.91,6.57,8.09,"doji_star_bullish,long_upper_shadow_bearish",311.53,-0.69,0.21,17436.00,-1.03,3417326.00,-39.62,310.93,0.15,474747.00,-21.70,21.72,0.00,1.85,18.65,16.47,20.48,148.30,370214759620.08,2.19,17.61,14.61,322.30,335.58,337.61,330.28,343.67,379.07,425.00,318.00,380.00,15.01,4.73,3.84,171584336715.00,47243150569.00,42795861798.00
[object Object],GS,"Goldman Sachs Group, Inc.",NYSE,1028.78,stock,common,100.00,1.00,false,0.00,USD,-0.75,1661265.00,1.01,299551339090.64,USD,15.88,64.79,42.77,1.64,Finance,america,Finance,Neutral,Neutral,-0.75,1.89,-1.04,1.51,30.33,16.38,39.00,154.23,507.49,1253.66,1.90,2.05,Sell,Sell,Sell,Sell,Neutral,Neutral,48.27,-30.10,-10.67,-49.31,56.60,54.30,doji,1026.84,-0.93,-0.05,2683.00,-0.82,1661265.00,31.49,1030.84,0.20,347196.00,32.24,15.88,0.37,4.69,2.73,2.68,2.73,0.00,1103865339090.64,8.10,0.00,0.00,1029.01,1032.15,1044.21,1018.75,950.60,1170.71,1325.00,955.00,1200.00,70.23,14.54,16.42,71548941812.00,16224979901.00,17641607647.00
[object Object],PM,Philip Morris International Inc.,NYSE,185.71,stock,common,100.00,1.00,false,0.00,USD,0.53,3928923.00,1.06,289450111105.55,USD,26.69,6.96,32.01,3.18,Consumer non-durables,america,Consumer Non-Durables,Buy,Buy,0.53,-0.88,-1.22,0.62,7.04,15.88,14.54,79.81,81.89,271.42,2.26,2.08,Sell,Sell,Sell,Sell,Neutral,Neutral,46.16,-8.21,-4.59,-118.05,18.63,15.99,long_lower_shadow_bullish,185.50,0.42,0.15,3119.00,0.42,3928923.00,-18.71,184.25,-0.79,822980.00,15.29,26.69,0.83,6.79,0.00,20.31,22.77,47.99,334452111105.55,7.88,21.11,18.69,187.80,188.83,188.06,182.23,174.69,208.77,230.00,175.00,215.00,8.37,2.05,2.27,43435572791.00,10601737596.00,11206453412.00
[object Object],ARM,ARM Holdings PLC Sponsored ADR,NASDAQ,264.23,dr,0.00,100.00,1.00,false,0.00,USD,1.03,3305166.00,0.89,279314038696.00,USD,271.06,0.97,48.44,0.00,Electronic technology,america,Electronic Technology,Buy,Buy,1.03,13.22,-6.05,-15.96,128.18,134.18,89.90,371.00,371.00,371.00,4.89,4.84,Buy,Buy,StrongBuy,Strong buy,Neutral,Neutral,53.42,22.67,-7.46,76.08,75.32,55.68,long_upper_shadow_bearish,262.02,0.19,0.89,41746.00,0.28,3305166.00,-35.30,264.68,0.17,191234.00,80.23,271.06,5.54,54.68,32.70,136.03,189.14,73.26,275911038696.00,53.51,310.01,239.09,247.74,255.40,270.54,279.73,203.04,297.63,480.00,130.00,300.00,2.23,0.40,0.47,6072340955.00,1262682669.00,1375975964.00
[object Object],PANW,"Palo Alto Networks, Inc.",NASDAQ,335.10,stock,common,100.00,1.00,false,0.00,USD,-0.56,4279588.00,0.59,273106508904.05,USD,660.04,0.51,-68.27,0.00,Technology services,america,Technology Services,Buy,Buy,-0.56,-3.15,-8.29,28.39,98.40,81.32,69.51,331.73,1276.46,3545.70,3.05,4.39,Neutral,Neutral,Sell,Sell,Neutral,Neutral,44.29,-4.80,-18.89,-83.27,20.81,18.16,0.00,337.60,0.18,0.30,10711.00,0.27,4279588.00,-30.17,335.17,0.02,798547.00,108.96,660.04,0.00,23.98,0.00,0.00,0.00,89.15,272535508904.05,23.74,184.39,0.00,350.37,357.30,350.02,295.44,234.42,397.79,475.00,190.00,410.00,4.18,0.98,0.97,14141818132.00,3351708312.00,3304106900.00
[object Object],SHELL,Shell Plc,EURONEXT,40.94,stock,common,1000.00,5.00,false,0.00,EUR,0.21,5090854.00,1.33,271425238203.49,USD,10.45,4.47,96.44,3.22,Energy minerals,netherlands,Energy Minerals,Buy,Buy,0.21,1.46,6.56,8.88,6.13,30.11,33.92,144.67,76.54,723.74,1.54,1.44,StrongBuy,Strong buy,StrongBuy,Strong buy,Buy,Buy,66.53,1.52,1.10,163.60,85.97,81.99,0.00,0.00,0.00,0.00,0.00,0.60,5090854.00,36.86,40.94,0.00,1348115.00,22.13,10.45,0.11,0.90,1.44,5.73,9.22,8.41,314833784762.54,1.07,7.87,5.03,40.01,39.52,38.48,37.50,35.90,51.07,63.54,42.97,50.03,5.65,1.53,1.47,331487414546.62,91889190349.00,84225021408.00
[object Object],WFC,Wells Fargo & Company,NYSE,89.67,stock,common,100.00,1.00,false,0.00,USD,1.94,14527312.00,1.10,271162011501.74,USD,13.03,6.88,18.05,2.10,Finance,america,Finance,Buy,Buy,1.94,2.19,3.18,8.63,18.53,-3.89,13.06,104.49,80.02,8486.81,1.98,1.89,Buy,Buy,StrongBuy,Strong buy,Neutral,Neutral,59.71,4.88,2.03,77.67,83.38,84.30,0.00,87.70,-0.30,0.05,4443.00,-0.45,14527312.00,48.95,89.70,0.03,2370302.00,4.67,13.03,0.71,3.13,1.65,40.21,40.21,0.00,709731011501.74,5.53,0.00,0.00,87.64,87.04,86.85,83.32,85.04,100.56,115.00,90.00,101.00,7.29,1.72,1.84,88817592248.00,21861026603.00,22355924635.00
[object Object],RTX,RTX Corporation,NYSE,197.55,stock,common,100.00,1.00,false,0.00,USD,-0.63,3186161.00,0.87,266249624934.68,USD,34.79,5.68,24.77,1.42,Electronic technology,america,Electronic Technology,Buy,Buy,-0.63,-4.51,-11.96,10.97,-3.38,7.66,28.58,134.68,227.73,31128.07,1.32,1.85,Sell,Sell,Sell,Sell,Sell,Sell,31.29,-12.73,-13.55,-132.66,3.99,4.93,0.00,198.51,-0.15,0.10,2884.00,0.06,3186161.00,-12.16,197.55,0.00,715518.00,27.86,34.79,1.41,2.90,4.01,18.98,23.64,32.47,298567624934.68,3.19,29.89,20.75,204.87,214.00,208.09,193.91,193.33,236.86,265.00,200.00,240.00,7.25,1.66,1.77,96204623599.00,22891802621.00,23999701973.00
[object Object],SNDK,Sandisk Corporation,NASDAQ,1764.17,stock,common,100.00,1.00,false,0.00,USD,1.51,9532741.00,0.83,258308016976.64,USD,24.20,72.89,0.00,0.00,Electronic technology,america,Electronic Technology,Buy,Buy,1.51,15.18,46.60,5.50,179.69,621.98,2410.92,4931.86,4931.86,4931.86,5.09,6.55,Buy,Buy,StrongBuy,Strong buy,Neutral,Neutral,62.24,283.40,199.29,145.91,90.40,72.67,0.00,1750.17,0.70,0.85,168810.00,0.77,9532741.00,-14.88,1764.07,-0.01,289554.00,2842.72,24.20,0.00,13.48,16.37,23.73,24.10,58.16,253747016976.64,12.53,20.35,20.11,1592.34,1471.52,1537.47,1540.83,1019.02,2263.88,3600.00,1400.00,2200.00,211.82,34.96,46.03,48913892024.00,8478519811.00,10636460049.00
[object Object],NESN,Nestle S.A.,SIX,77.73,stock,common,100.00,1.00,false,0.00,CHF,-3.31,3425083.00,1.28,255436760035.26,USD,26.92,3.57,-27.91,3.86,Consumer non-durables,switzerland,Consumer Non-Durables,Buy,Buy,-3.31,-0.92,-4.04,-2.40,-2.84,-0.63,4.32,-32.24,0.49,107.28,1.92,1.41,StrongSell,Strong sell,StrongSell,Strong sell,Neutral,Neutral,41.21,-2.14,-1.29,-58.68,43.04,39.80,0.00,0.00,0.00,0.00,0.00,-0.73,3425083.00,-4.86,77.73,0.00,1476914.00,7.04,26.92,0.00,2.34,6.84,12.22,15.98,32.61,325830330535.26,2.98,18.83,14.98,78.61,79.77,81.30,80.19,79.18,109.03,124.17,85.68,111.75,5.65,2.56,2.92,113174379216.24,53267399115.83,57728342557.33
[object Object],GEV,GE Vernova Inc.,NYSE,951.04,stock,common,100.00,1.00,false,0.00,USD,-2.09,1472066.00,0.70,253293894558.97,USD,27.22,34.93,735.94,0.18,Producer manufacturing,america,Producer Manufacturing,Buy,Buy,-2.09,5.84,-5.27,7.09,14.17,43.84,56.85,726.99,726.99,726.99,2.98,3.57,Sell,Sell,Sell,Sell,Neutral,Neutral,46.76,24.31,-36.28,-10.68,60.95,46.32,0.00,968.01,-0.34,0.03,5947.00,-0.75,1472066.00,-13.44,953.55,0.26,233212.00,56.31,27.22,0.04,6.34,21.18,18.16,20.64,19.57,244180894558.97,5.91,110.94,71.73,934.40,975.61,1010.89,1022.11,889.98,1236.69,1450.00,841.50,1254.50,30.69,3.17,4.08,46293999713.00,10789499343.00,12007352076.00
[object Object],NOVN,Novartis AG,SIX,111.66,stock,common,100.00,2.00,false,0.00,CHF,-0.13,4317913.00,1.21,252810839289.58,USD,21.24,6.50,-11.50,3.31,Health technology,switzerland,Health Technology,Neutral,Neutral,-0.13,-15.07,-11.45,-5.39,-7.67,1.68,9.41,38.66,64.58,87.13,1.88,1.87,Sell,Sell,StrongSell,Strong sell,Neutral,Neutral,28.79,-15.52,-3.34,-260.44,11.39,35.09,0.00,0.00,0.00,0.00,0.00,-1.07,4317913.00,-58.55,111.66,0.00,1613087.00,22.90,21.24,0.00,4.92,6.10,14.72,16.17,34.45,294390902888.94,5.48,18.52,14.02,124.37,125.23,125.48,121.80,119.08,155.35,185.15,116.90,155.71,8.99,2.17,2.25,58387944791.67,14077353263.00,14617965966.00
[object Object],AZN,AstraZeneca PLC,LSE,11650.00,stock,common,1.00,2.00,false,0.00,GBX,-1.90,3251169.00,1.26,249256744882.33,USD,23.38,6.61,21.16,0.00,Health technology,uk,Health Technology,StrongBuy,Strong buy,-1.90,-3.17,-3.16,-13.27,-18.98,-15.10,-2.90,40.36,139.34,287.82,2.61,2.24,StrongSell,Strong sell,StrongSell,Strong sell,Sell,Sell,39.06,-826.00,-100.75,-76.10,28.84,43.82,0.00,0.00,0.00,0.00,0.00,-0.22,3251169.00,43.86,11650.00,0.00,1251167.00,-1.88,23.38,1.13,4.05,4.77,17.44,22.28,48.55,277139466148.19,4.57,20.44,13.97,11997.60,12017.27,12475.60,13113.24,13684.13,217.13,272.99,155.85,217.38,10.19,2.48,2.62,63088603308.68,15435596061.00,16059748735.00
[object Object],SAP,SAP SE,XETR,182.86,stock,common,100.00,2.00,false,0.00,EUR,0.64,2442871.00,0.96,246608489351.60,USD,26.81,7.79,22.75,1.38,Technology services,germany,Technology Services,Buy,Buy,0.64,0.37,2.20,23.10,10.56,-12.04,-20.39,48.43,135.19,10737.68,2.67,2.73,Buy,Buy,Buy,Buy,Neutral,Neutral,55.93,2.84,8.30,-8.00,36.82,43.73,0.00,180.48,-0.67,-0.39,687.00,0.72,2442871.00,16.35,180.18,-1.47,819221.00,-21.54,26.81,1.17,5.51,4.72,22.63,24.56,20.16,246530605201.60,5.65,19.87,17.80,185.64,179.54,164.05,155.38,167.82,234.71,336.78,150.97,232.26,8.34,2.00,2.13,47258037355.59,11248666173.26,11738349059.19
[object Object],MC,LVMH Moet Hennessy Louis Vuitton SE,EURONEXT,411.25,stock,common,100.00,5.00,false,0.00,EUR,-3.59,1029072.00,2.30,244136854884.15,USD,18.74,25.06,-0.26,3.05,Consumer non-durables,france,Consumer Non-Durables,Buy,Buy,-3.59,-7.23,-14.20,-15.34,-15.93,-35.89,-16.99,-38.67,169.67,2296.29,2.35,2.20,StrongSell,Strong sell,StrongSell,Strong sell,Sell,Sell,28.28,-42.55,-30.94,-206.59,10.70,12.90,falling_window_bearish,0.00,0.00,0.00,0.00,-1.25,1029072.00,204.77,411.25,0.00,490254.00,-16.92,18.74,0.00,2.65,2.98,10.91,13.51,16.68,274376829184.15,3.02,13.84,10.03,437.20,456.24,467.28,472.04,513.48,652.45,749.78,488.23,674.22,26.40,12.27,13.22,94924855329.34,43985108496.29,48638457932.95
[object Object],ANET,Arista Networks Inc,NYSE,192.93,stock,common,100.00,1.00,false,0.00,USD,-1.04,3673502.00,0.79,243328072265.80,USD,60.83,3.17,24.73,0.00,Electronic technology,america,Electronic Technology,StrongBuy,Strong buy,-1.04,2.62,0.23,25.62,43.10,43.92,36.86,754.71,3699.24,5487.11,3.27,3.47,Neutral,Neutral,Buy,Buy,Sell,Sell,52.30,1.99,2.54,-8.80,50.76,44.87,0.00,194.77,-0.10,0.50,5523.00,-0.05,3673502.00,-22.56,192.86,-0.03,802222.00,35.93,60.83,2.49,23.60,16.44,46.39,47.75,18.45,229984772265.80,21.82,50.58,49.57,194.29,191.37,184.26,172.10,152.64,248.86,330.00,215.00,250.00,4.11,0.89,1.08,12669680762.00,2830279544.00,3326480258.00
[object Object],SIE,Siemens AG,XETR,264.40,stock,common,100.00,5.00,false,0.00,EUR,-2.97,1143460.00,1.28,241460607635.81,USD,26.13,11.56,-18.65,1.96,Producer manufacturing,germany,Producer Manufacturing,Buy,Buy,-2.97,-3.99,-5.15,1.97,19.69,10.65,14.53,89.43,157.45,1709.36,2.15,1.76,Sell,Sell,StrongSell,Strong sell,Sell,Sell,36.29,-23.70,-8.81,-159.14,14.43,16.26,0.00,270.25,-0.83,-0.83,249.00,-1.72,1143460.00,80.03,264.70,0.11,528797.00,15.89,26.13,0.00,2.62,2.95,16.36,20.38,18.87,294807763035.81,3.18,25.40,18.89,276.46,279.75,276.61,271.18,254.06,359.05,412.67,273.18,363.85,13.15,2.95,3.24,97486388651.93,23544924579.79,26424595399.94
[object Object],OR,L'Oreal S.A.,EURONEXT,381.70,stock,common,100.00,5.00,false,0.00,EUR,-1.67,401252.00,1.41,239753024484.54,USD,32.38,13.46,3.14,1.85,Consumer non-durables,france,Consumer Non-Durables,Buy,Buy,-1.67,-0.04,-1.02,-1.04,7.69,4.30,-4.90,-4.35,127.07,11237.67,2.24,1.82,Sell,Sell,Sell,Sell,Sell,Sell,48.05,-5.50,-1.60,-25.23,52.38,55.80,0.00,0.00,0.00,0.00,0.00,-1.11,401252.00,23.90,381.70,0.00,269055.00,-3.75,32.38,10.50,4.58,6.01,22.71,27.06,50.41,254530437619.54,4.91,23.90,20.07,383.93,384.88,383.04,378.11,375.20,488.23,534.73,395.23,499.85,16.05,8.56,7.43,55286589007.03,27234021297.09,26943129318.00
[object Object],KLAC,KLA Corporation,NASDAQ,182.91,stock,common,100.00,1.00,false,0.00,USD,-3.21,9095190.00,1.03,238980461175.03,USD,49.87,3.67,20.66,0.36,Electronic technology,america,Electronic Technology,Buy,Buy,-3.21,6.49,-10.68,-17.36,29.07,45.20,100.83,444.50,2488.59,158091.61,4.44,3.68,Sell,Sell,Sell,Sell,Neutral,Neutral,45.60,-0.43,-11.44,-19.09,65.66,47.09,0.00,188.05,-0.49,0.60,44310.00,-0.75,9095190.00,-26.68,182.88,-0.02,1770204.00,102.10,49.87,2.49,18.31,37.65,58.05,63.85,49.06,240229766175.03,17.70,42.46,39.70,179.22,187.50,202.66,203.08,172.23,239.00,325.00,180.00,247.50,5.49,1.00,1.18,18124560383.00,3607908304.00,4037897428.00
[object Object],TXN,Texas Instruments Incorporated,NASDAQ,261.59,stock,common,100.00,1.00,false,0.00,USD,1.03,4169976.00,0.83,238896473173.82,USD,39.80,6.57,20.16,2.19,Electronic technology,america,Electronic Technology,Buy,Buy,1.03,3.26,-9.19,-9.76,36.62,49.51,41.86,37.93,277.80,24018.01,2.11,2.68,Neutral,Neutral,Sell,Sell,Buy,Buy,44.68,1.54,-14.36,-42.49,43.49,30.71,engulfing_bullish,256.07,-1.10,-0.84,3990.00,-0.99,4169976.00,-23.32,262.00,0.16,1031369.00,30.76,39.80,1.95,12.25,13.26,27.77,44.94,34.38,245947473173.82,12.64,33.21,25.60,258.88,269.08,279.02,285.50,240.41,333.62,400.00,225.00,342.50,8.51,1.94,2.42,21939093670.00,5257966885.00,5916333280.00
[object Object],C,Citigroup Inc.,NYSE,137.80,stock,common,100.00,1.00,false,0.00,USD,0.78,6652658.00,0.81,231150795858.06,USD,14.87,9.26,36.97,1.81,Finance,america,Finance,Buy,Buy,0.78,2.99,2.17,2.53,29.86,17.57,44.29,96.94,190.35,706.03,2.23,1.89,Buy,Buy,StrongBuy,Strong buy,Neutral,Neutral,57.49,4.55,1.81,48.39,87.36,79.62,0.00,135.73,-0.74,-0.18,6310.00,-0.91,6652658.00,2.80,137.92,0.09,1508754.00,28.81,14.87,0.40,2.55,1.20,5.24,6.07,0.00,1024287795858.06,5.82,0.00,0.00,134.80,134.63,135.09,133.31,123.56,156.18,176.00,135.00,157.00,11.20,2.74,2.68,95924443798.00,23740615294.00,23739133298.00
[object Object],IBM,International Business Machines Corporation,NYSE,239.94,stock,common,100.00,1.00,false,0.00,USD,3.38,6327958.00,1.44,226055724228.71,USD,21.30,11.27,82.73,2.90,Technology services,america,Technology Services,Buy,Buy,3.38,4.08,2.10,-10.47,-3.12,-19.36,-6.32,80.96,61.80,3153.81,2.41,2.30,Buy,Buy,Buy,Buy,Buy,Buy,54.90,5.75,3.09,109.55,54.68,47.97,0.00,231.90,-0.08,0.13,9315.00,0.24,6327958.00,32.17,239.18,-0.32,790997.00,-4.00,21.30,0.25,3.20,6.56,15.36,16.59,27.97,283239724228.71,4.10,19.60,14.41,234.29,233.27,239.80,246.63,261.79,245.76,350.00,174.00,245.00,12.31,2.95,2.88,70358694454.00,17463936296.00,16813421075.00
[object Object],SAN,"Banco Santander, S.A.",BME,12.70,stock,common,1000.00,2.00,false,0.00,EUR,-1.82,26752210.00,1.95,225546709192.08,USD,11.67,1.24,29.39,1.50,Finance,spain,Finance,StrongBuy,Strong buy,-1.82,1.07,-0.78,20.91,34.24,26.33,53.15,314.63,221.70,658.64,1.72,1.75,Buy,Buy,StrongBuy,Strong buy,Sell,Sell,52.28,-0.01,0.19,-9.44,85.70,92.73,0.00,0.00,0.00,0.00,0.00,-1.02,26752210.00,84.76,0.00,0.00,0.00,58.66,11.67,0.40,2.93,1.70,0.00,0.00,0.00,596824731220.53,4.23,0.00,0.00,12.75,12.68,12.43,11.64,10.88,15.77,17.09,13.95,16.04,1.19,0.27,0.29,74768728771.62,17883137849.59,19049394512.49
[object Object],TMO,Thermo Fisher Scientific Inc.,NYSE,605.69,stock,common,100.00,1.00,false,0.00,USD,0.44,1937364.00,1.21,223952239660.08,USD,32.58,18.59,7.60,0.30,Health technology,america,Health Technology,Buy,Buy,0.44,0.67,2.92,25.15,26.47,4.52,24.50,5.53,302.72,48039.10,2.01,2.33,Buy,Buy,Buy,Buy,Buy,Buy,52.86,-22.46,10.41,-40.57,27.09,38.56,0.00,607.00,0.66,0.34,851.00,-0.18,1937364.00,-28.12,605.69,0.00,276178.00,22.97,32.58,4.27,4.83,4.25,24.93,30.71,55.14,262554239660.08,5.67,29.68,22.28,615.37,602.18,574.52,524.35,536.37,653.56,750.00,575.00,650.00,25.11,5.72,6.41,47877695451.00,11706053451.00,11953375658.00
[object Object],AXP,American Express Company,NYSE,321.80,stock,common,100.00,1.00,false,0.00,USD,-1.32,2660443.00,1.22,217314702358.50,USD,19.52,16.48,15.72,1.09,Finance,america,Finance,Buy,Buy,-1.32,-1.31,-5.21,2.17,5.74,-12.91,-0.31,102.67,386.47,9436.43,1.31,1.51,StrongSell,Strong sell,StrongSell,Strong sell,Sell,Sell,35.43,-14.15,-9.12,-158.19,9.87,16.55,0.00,324.00,-0.64,-0.03,3876.00,-0.71,2660443.00,2.81,321.90,0.03,383793.00,-1.08,19.52,1.26,2.63,6.34,11.74,14.38,4.83,231120702358.50,2.75,10.21,9.43,329.17,336.20,340.77,330.84,336.93,377.42,450.00,285.00,383.00,17.65,4.40,4.56,79512339479.00,19696657233.00,20136774108.00
[object Object],LIN,Linde plc,NASDAQ,466.65,stock,common,100.00,1.00,false,0.00,USD,-0.37,2082224.00,1.13,215116395574.70,USD,30.13,15.49,10.10,1.32,Process industries,america,Process Industries,Buy,Buy,-0.37,-4.37,-4.63,-9.22,-6.30,9.47,-1.37,49.12,281.66,5233.14,1.47,1.43,Sell,Sell,StrongSell,Strong sell,Neutral,Neutral,31.65,-20.55,-10.74,-223.77,8.31,21.97,0.00,468.69,0.07,-0.19,4617.00,0.00,2082224.00,-19.32,466.65,0.00,364239.00,1.57,30.13,2.99,6.14,5.50,20.67,43.57,44.26,239780395574.70,6.76,24.96,17.85,482.38,485.39,499.60,503.60,481.01,546.65,612.00,400.00,553.00,17.88,4.49,4.52,36297689999.00,9015893813.00,9141652704.00
[object Object],CRWD,"CrowdStrike Holdings, Inc. Class A",NASDAQ,207.80,stock,common,100.00,1.00,false,0.00,USD,-1.06,5523755.00,0.42,212773658771.67,USD,5820.73,0.04,0.00,0.00,Technology services,america,Technology Services,Buy,Buy,-1.06,-3.00,-3.49,28.81,87.21,75.36,94.13,210.07,1208.98,1208.98,3.24,5.03,Buy,Buy,Buy,Buy,Neutral,Neutral,50.58,22.42,5.53,-1.12,55.22,56.85,0.00,210.31,0.14,-0.34,26744.00,0.22,5523755.00,-31.23,207.72,-0.04,664642.00,100.87,5820.73,0.00,40.65,41.70,107.63,142.27,42.59,208535191771.67,38.65,0.00,783.14,213.09,207.66,201.95,176.04,143.29,236.07,300.00,119.00,242.50,1.25,0.29,0.31,6002542886.00,1440080888.00,1527442608.00
[object Object],AMGN,Amgen Inc.,NASDAQ,391.27,stock,common,100.00,1.00,false,0.00,USD,-0.48,2920988.00,1.16,211533097315.73,USD,24.31,16.10,31.70,2.53,Health technology,america,Health Technology,Neutral,Neutral,-0.48,-11.21,-4.21,14.10,5.55,19.01,39.99,77.45,130.06,113724.99,2.28,2.00,Sell,Sell,Sell,Sell,Sell,Sell,36.16,-50.97,9.53,-198.93,23.26,52.39,0.00,392.24,-0.24,-0.04,6716.00,-0.03,2920988.00,-57.24,391.33,0.02,480667.00,56.67,24.31,0.77,5.60,18.10,17.06,20.92,15.22,254848097315.73,6.67,20.03,14.65,428.64,418.87,398.37,369.41,358.94,396.46,530.00,225.00,400.00,23.08,5.62,5.79,38956631406.00,9426191280.00,10046686140.00
[object Object],VZ,Verizon Communications Inc.,NYSE,49.74,stock,common,100.00,1.00,false,0.00,USD,-1.33,22573986.00,1.24,206658527303.71,USD,12.95,3.84,-10.79,5.54,Communications,america,Communications,Buy,Buy,-1.33,-1.50,6.43,5.05,-2.37,22.00,14.71,-9.28,-7.20,515.14,1.71,1.45,Buy,Buy,StrongBuy,Strong buy,Sell,Sell,57.40,-0.51,1.96,11.53,63.50,73.24,0.00,50.10,-0.61,-0.30,86696.00,-0.45,22573986.00,40.76,49.71,-0.06,2696946.00,13.14,12.95,0.00,1.51,1.99,5.35,9.64,107.66,394465527303.71,2.84,12.49,7.79,50.11,48.63,46.60,46.75,45.80,50.64,56.00,44.00,51.00,4.99,1.28,1.28,140983660655.00,35162020073.00,34798630971.00
[object Object],MRVL,"Marvell Technology, Inc.",NASDAQ,235.01,stock,common,100.00,1.00,false,0.00,USD,4.26,20047640.00,0.80,206080278085.12,USD,77.38,3.04,0.00,0.11,Electronic technology,america,Electronic Technology,StrongBuy,Strong buy,4.26,14.50,3.18,-9.80,167.79,170.94,256.86,288.32,1766.64,1879.03,5.47,5.23,Buy,Buy,StrongBuy,Strong buy,Neutral,Neutral,55.54,-5.37,2.82,43.04,50.70,36.03,0.00,223.81,-0.71,0.08,251467.00,-0.71,20047640.00,-2.77,235.10,0.04,1075038.00,237.06,77.38,0.00,21.97,11.12,98.39,125.13,55.05,207653578085.12,21.97,130.74,72.87,222.45,217.96,218.98,217.54,153.27,294.45,400.00,220.00,297.50,4.20,0.93,1.10,12040430513.00,2721347782.00,3151339435.00
[object Object],ITX,"Industria de Diseno Textil, S.A.",BME,54.48,stock,common,100.00,2.00,false,0.00,EUR,-3.61,4011720.00,3.42,204491585685.08,USD,0.00,0.00,0.00,2.46,Retail trade,spain,Retail Trade,Buy,Buy,-3.61,-5.15,-7.32,-0.55,4.49,-3.58,27.08,84.68,66.89,1370.84,1.88,1.72,Sell,Sell,StrongSell,Strong sell,Sell,Sell,35.78,-3.78,-1.03,-290.49,30.78,39.54,falling_window_bearish,0.00,0.00,0.00,0.00,-2.90,4011720.00,145.18,0.00,0.00,0.00,33.02,0.00,0.00,0.00,0.00,0.00,0.00,0.00,204491585685.08,4.30,14.20,0.00,57.05,57.67,56.62,54.83,54.52,70.32,77.88,61.61,70.91,2.59,0.62,0.75,50781775938.91,12593338449.30,12267108065.30
[object Object],TTE,TotalEnergies SE,EURONEXT,78.21,stock,common,100.00,1.00,false,0.00,EUR,0.59,4225636.00,1.16,201746216507.03,USD,11.26,7.93,34.63,4.37,Energy minerals,france,Energy Minerals,Buy,Buy,0.59,-0.22,5.46,1.14,10.42,40.54,50.23,111.92,80.52,3105.33,1.55,1.57,StrongBuy,Strong buy,StrongBuy,Strong buy,Buy,Buy,59.21,2.93,1.44,109.36,76.67,67.59,long_upper_shadow_bearish,0.00,0.00,0.00,0.00,0.58,4225636.00,105.43,78.21,0.00,2005342.00,48.38,11.26,0.32,1.04,1.55,6.17,12.40,6.36,235843936440.78,1.23,8.62,5.83,76.77,76.16,74.14,74.88,69.70,96.69,110.39,83.01,96.65,11.10,2.66,3.01,208764984233.78,55129969180.00,53676351087.00
[object Object],CRM,"Salesforce, Inc.",NYSE,244.16,stock,common,100.00,1.00,false,0.00,USD,-1.99,11846160.00,0.56,200943676061.02,USD,22.25,10.97,59.33,0.69,Technology services,america,Technology Services,Buy,Buy,-1.99,-5.87,28.39,45.10,22.25,-7.86,-2.85,-6.75,225.55,6410.93,2.95,3.79,Buy,Buy,StrongBuy,Strong buy,Neutral,Neutral,63.57,38.47,48.70,54.29,75.77,84.15,0.00,250.44,0.53,-0.29,27618.00,0.26,11846160.00,-32.24,243.70,-0.19,2400267.00,-13.39,22.25,0.38,4.65,5.24,12.73,13.23,17.58,231916676061.02,5.28,24.53,17.34,250.32,213.81,195.19,185.49,200.91,275.04,400.00,160.00,275.00,16.64,3.27,3.44,46273951831.00,11330308111.00,11461695505.00
[object Object],STX,Seagate Technology Holdings PLC,NASDAQ,885.92,stock,common,100.00,1.00,false,0.00,USD,-2.04,3394909.00,1.07,200788910691.21,USD,63.85,13.87,104.84,0.33,Electronic technology,america,Electronic Technology,Buy,Buy,-2.04,9.93,10.33,5.67,134.33,214.19,368.69,949.19,2328.51,7603.65,5.14,5.32,Buy,Buy,StrongBuy,Strong buy,Neutral,Neutral,54.53,64.25,-5.53,55.47,68.65,46.90,long_upper_shadow_bearish,893.50,-1.20,1.18,11147.00,-1.24,3394909.00,-34.53,888.65,0.31,180836.00,388.68,63.85,0.62,17.21,92.72,55.94,66.19,120.55,202981910691.21,16.64,48.03,45.09,841.51,850.31,851.96,835.55,599.81,1157.73,1600.00,860.00,1165.00,35.99,5.10,7.36,18723177010.00,3498370102.00,4118998265.00
[object Object],NOVO_B,Novo Nordisk A/S Class B,OMXCOP,288.90,stock,common,100.00,5.00,false,0.00,DKK,-1.06,4429973.00,1.10,200760275686.17,USD,11.03,3.99,5.13,4.01,Health technology,denmark,Health Technology,Neutral,Neutral,-1.06,-1.53,-5.31,3.92,16.96,-12.19,-15.78,-8.56,90.19,33172.10,2.15,2.43,StrongSell,Strong sell,StrongSell,Strong sell,Sell,Sell,39.08,-16.05,-6.34,-167.65,16.36,28.81,falling_window_bearish,0.00,0.00,0.00,0.00,-0.68,4429973.00,13.80,0.00,0.00,0.00,-17.39,11.03,2.17,3.93,5.77,9.81,17.19,28.49,215517265186.17,4.29,9.46,8.32,295.90,300.08,310.56,297.69,298.87,49.02,70.88,31.02,47.31,3.45,0.77,0.77,46770012444.23,10873328481.14,11284852097.64
[object Object],APH,Amphenol Corporation Class A,NYSE,81.34,stock,common,100.00,1.00,false,0.00,USD,-0.51,9268067.00,0.82,200581764356.71,USD,40.72,2.00,59.36,0.56,Electronic technology,america,Electronic Technology,StrongBuy,Strong buy,-0.51,1.64,-5.10,8.14,23.31,18.64,46.69,330.88,939.82,112456.78,2.38,2.88,Buy,Buy,StrongBuy,Strong buy,Neutral,Neutral,51.72,1.95,0.59,24.30,75.83,70.98,0.00,81.00,-0.93,0.64,8524.00,-0.95,9268067.00,-8.27,81.38,0.05,2437283.00,46.05,40.72,0.69,7.27,12.94,35.72,44.49,38.70,214104464356.71,7.38,26.23,22.62,80.91,81.41,80.47,76.47,73.01,100.41,115.00,90.00,99.50,2.64,0.59,0.71,35375552129.00,8258209145.00,9394868224.00
[object Object],SU,Schneider Electric SE,EURONEXT,289.70,stock,common,100.00,5.00,false,0.00,EUR,-3.30,761010.00,1.16,196671468369.61,USD,34.96,9.46,9.59,1.40,Producer manufacturing,france,Producer Manufacturing,Buy,Buy,-3.30,0.87,-4.61,11.49,15.88,23.75,28.27,89.62,385.10,1271.32,2.57,2.13,Sell,Sell,Sell,Sell,Sell,Sell,47.58,-9.50,-1.76,-59.55,56.85,47.24,0.00,0.00,0.00,0.00,0.00,-0.52,761010.00,19.81,289.70,0.00,451899.00,32.34,34.96,3.77,4.06,6.66,22.78,26.66,36.51,214055908119.61,4.46,24.59,20.13,292.90,296.94,285.46,279.40,262.47,389.54,430.11,342.92,391.98,11.97,5.06,6.66,52636163385.02,23690638531.65,27849478408.95
[object Object],ALV,Allianz SE,XETR,437.10,stock,common,10.00,1.00,false,0.00,EUR,-1.86,632198.00,1.54,196070828109.95,USD,14.39,34.68,0.00,3.84,Finance,germany,Finance,Neutral,Neutral,-1.86,-3.30,0.25,14.81,25.03,12.05,23.51,123.63,224.26,274.41,1.21,1.11,Sell,Sell,Sell,Sell,Sell,Sell,44.61,-14.60,5.65,-110.94,42.60,61.42,0.00,442.50,-0.65,-0.65,22.00,-1.48,632198.00,79.83,437.00,-0.02,248422.00,25.35,14.39,0.00,1.10,2.89,0.00,0.00,0.00,233727233409.95,1.33,0.00,0.00,448.38,442.13,434.46,411.05,392.01,517.70,794.95,377.72,527.64,35.88,8.04,10.17,226329447262.06,23002649596.02,46381065306.79
[object Object],TMUS,"T-Mobile US, Inc.",NASDAQ,177.34,stock,common,100.00,1.00,false,0.00,USD,-2.39,3355424.00,0.86,190227589573.05,USD,18.56,9.56,-9.89,2.25,Communications,america,Communications,Buy,Buy,-2.39,-3.39,0.80,-3.69,-17.29,-12.32,-26.88,35.17,280.23,253.27,2.31,2.17,StrongSell,Strong sell,StrongSell,Strong sell,Sell,Sell,44.06,-4.27,3.51,-129.95,29.04,52.36,0.00,179.51,-1.20,-0.38,1307.00,-0.57,3355424.00,-20.13,177.51,0.10,467279.00,-29.34,18.56,0.00,2.13,3.39,6.66,12.13,62.08,306574589573.05,3.33,15.71,9.04,181.72,180.11,181.47,184.80,194.26,241.22,285.00,169.00,235.00,10.90,2.59,2.89,94407865523.00,22945637232.00,23156542772.00
[object Object],PEP,"PepsiCo, Inc.",NASDAQ,136.69,stock,common,100.00,1.00,false,0.00,USD,-1.27,7272782.00,0.95,186567012219.05,USD,17.93,7.62,39.01,4.15,Consumer non-durables,america,Consumer Non-Durables,Neutral,Neutral,-1.27,-2.55,-1.32,-5.64,-14.45,-4.56,-3.18,-12.87,27.63,18182.30,1.30,1.29,Sell,Sell,StrongSell,Strong sell,Neutral,Neutral,40.39,-5.58,-1.13,-155.81,7.47,15.05,0.00,138.02,-0.31,-0.11,11532.00,-0.32,7272782.00,-27.94,136.86,0.12,1235925.00,-5.75,17.93,0.47,1.96,8.45,13.91,20.16,17.46,229237012219.05,2.37,15.21,11.80,139.64,140.14,139.55,143.97,148.68,155.00,183.00,124.00,155.00,8.55,2.19,2.30,99005318955.00,23946759247.00,25002872336.00
[object Object],QCOM,QUALCOMM Incorporated,NASDAQ,176.40,stock,common,100.00,1.00,false,0.00,USD,1.33,14777487.00,1.28,185261253720.29,USD,20.42,8.64,-16.67,2.06,Electronic technology,america,Electronic Technology,Neutral,Neutral,1.33,6.24,4.90,-7.61,34.50,1.50,10.00,23.82,184.38,33638.94,3.81,3.05,Buy,Buy,StrongBuy,Strong buy,Neutral,Neutral,61.16,15.84,8.39,214.82,74.03,78.48,0.00,174.50,0.24,1.23,210408.00,0.36,14777487.00,-43.44,176.30,-0.06,1800087.00,5.18,20.42,0.00,4.22,6.74,15.21,18.10,22.71,192227253720.29,4.36,18.56,16.12,168.75,162.86,168.76,184.28,167.92,202.99,400.00,100.00,180.00,10.54,2.23,2.17,43034894573.00,9694904465.00,10152179768.00
[object Object],SCHW,Charles Schwab Corp,NYSE,106.54,stock,common,100.00,1.00,false,0.00,USD,-0.31,7920852.00,0.96,184243429505.53,USD,19.37,5.50,48.05,1.15,Finance,america,Finance,Buy,Buy,-0.31,-1.81,-0.90,19.36,15.80,6.79,13.86,48.82,245.68,29318.67,1.67,1.75,Neutral,Neutral,Sell,Sell,Neutral,Neutral,45.34,-5.73,0.61,-157.96,15.56,27.45,0.00,107.24,0.35,-0.29,2645.00,0.10,7920852.00,15.59,106.54,0.00,2023171.00,7.17,19.37,0.40,6.33,4.19,0.00,0.00,3.01,165987429505.53,5.65,11.37,10.41,108.70,108.80,105.72,97.98,97.57,124.11,145.00,91.00,126.00,6.50,1.56,1.67,28247925441.00,6895725187.00,7218347862.00
[object Object],AIR,Airbus SE,EURONEXT,196.34,stock,common,100.00,5.00,false,0.00,EUR,-2.17,959150.00,1.24,183663249018.20,USD,26.11,8.59,20.51,1.59,Electronic technology,france,Electronic Technology,Buy,Buy,-2.17,0.55,-7.43,11.82,14.31,-0.40,4.98,69.84,257.83,268.71,2.17,1.88,Sell,Sell,Sell,Sell,Sell,Sell,39.03,-9.51,-9.25,-96.83,31.58,30.10,0.00,0.00,0.00,0.00,0.00,-1.68,959150.00,93.52,196.34,0.00,597956.00,6.03,26.11,1.30,2.06,6.01,17.08,31.10,12.60,186069520518.20,2.12,26.22,17.28,198.84,206.02,204.15,191.23,189.84,271.10,302.25,232.50,279.00,8.56,2.32,2.17,94948429843.89,23208936886.78,22958908404.31
[object Object],DE,Deere & Company,NYSE,677.21,stock,common,100.00,1.00,false,0.00,USD,-0.52,1033035.00,0.78,182593009679.75,USD,37.64,17.99,-5.94,0.95,Producer manufacturing,america,Producer Manufacturing,Buy,Buy,-0.52,-0.13,9.03,20.56,15.76,45.32,41.11,83.62,707.45,30494.26,1.90,2.85,StrongBuy,Strong buy,StrongBuy,Strong buy,Buy,Buy,61.62,46.55,59.57,88.27,82.12,87.44,0.00,679.90,-0.12,-0.02,200.00,0.09,1033035.00,16.92,677.21,0.00,150355.00,48.35,37.64,0.00,3.84,6.52,25.30,56.77,17.84,236546009679.75,4.93,24.68,19.82,666.28,630.71,621.17,598.46,570.23,692.10,813.00,500.00,728.00,18.13,4.69,4.07,41431401618.00,10814673286.00,10416321833.00
[object Object],ABT,Abbott Laboratories,NYSE,105.23,stock,common,100.00,1.00,false,0.00,USD,-0.27,6409492.00,0.80,182088228948.74,USD,34.01,3.09,-61.31,2.35,Health technology,america,Health Technology,Buy,Buy,-0.27,-3.74,-2.03,17.89,-3.80,-15.61,-20.46,-18.52,149.83,63811.72,2.47,2.19,Sell,Sell,StrongSell,Strong sell,Neutral,Neutral,40.04,-10.90,-1.02,-170.49,5.21,8.24,0.00,105.93,0.39,0.03,2135.00,0.16,6409492.00,-43.77,105.10,-0.12,1383787.00,-16.91,34.01,0.00,3.95,3.56,18.52,23.44,32.73,209745228948.74,4.50,27.38,18.89,109.58,110.07,104.85,96.96,106.08,120.75,135.00,103.00,120.00,5.52,1.28,1.42,50307191036.00,12519490695.00,12990793133.00
[object Object],GILD,"Gilead Sciences, Inc.",NASDAQ,145.65,stock,common,100.00,1.00,false,0.00,USD,-0.68,4582409.00,0.88,180599456376.77,USD,0.00,-2.66,-152.84,2.20,Health technology,america,Health Technology,Buy,Buy,-0.68,-2.90,10.67,19.59,-0.82,18.91,25.69,103.31,85.94,26919.11,1.69,2.29,Buy,Buy,Buy,Buy,Sell,Sell,54.67,-3.12,9.22,17.23,50.47,70.01,long_upper_shadow_bearish,144.92,-1.17,-0.01,2669.00,-0.80,4582409.00,-24.64,145.65,0.00,1162190.00,32.32,0.00,0.00,5.97,15.28,13.36,13.99,37.08,201879456376.77,6.61,16.92,13.76,148.30,141.19,137.37,133.72,134.55,158.96,180.00,123.00,162.00,-0.46,-7.25,2.12,30700830224.00,7398662965.00,7759885560.00
[object Object],DIS,Walt Disney Company,NYSE,104.18,stock,common,100.00,1.00,false,0.00,USD,-0.84,7037189.00,0.97,179886235983.42,USD,21.49,4.85,-23.99,1.43,Consumer services,america,Consumer Services,StrongBuy,Strong buy,-0.84,-2.37,-0.41,5.41,4.36,-8.16,-12.10,-44.10,13.29,112032.43,1.56,1.88,Sell,Sell,Sell,Sell,Sell,Sell,47.46,-7.07,2.45,-101.57,16.79,27.73,0.00,104.05,-0.96,-0.42,20294.00,-0.58,7037189.00,-4.87,104.15,-0.03,1238866.00,-11.65,21.49,0.00,1.85,1.64,10.69,21.90,35.02,227552235983.42,2.30,14.88,10.93,106.80,104.65,101.45,102.03,103.95,127.46,144.00,88.00,130.00,6.91,1.86,1.68,101449410657.00,25391872575.00,25115751165.00
[object Object],ABBN,ABB Ltd.,SIX,78.32,stock,common,100.00,2.00,false,0.00,CHF,-3.28,2195823.00,1.20,179777620106.83,USD,35.73,2.71,11.26,1.16,Producer manufacturing,switzerland,Producer Manufacturing,Neutral,Neutral,-3.28,0.82,-4.25,-1.88,17.07,31.41,40.11,134.70,264.11,201.90,2.27,1.99,Sell,Sell,StrongSell,Strong sell,Neutral,Neutral,44.63,-1.38,-1.67,-34.88,63.13,49.15,0.00,0.00,0.00,0.00,0.00,-0.37,2195823.00,26.59,78.32,0.00,1075887.00,41.03,35.73,3.28,5.11,11.08,29.95,36.00,30.14,183395747285.92,5.14,29.28,25.78,78.70,80.28,80.91,81.60,72.79,105.54,121.85,86.56,105.83,3.44,0.74,0.80,39001231133.81,9475806545.00,9702677305.00
[object Object],MCD,McDonald's Corporation,NYSE,253.48,stock,common,100.00,1.00,false,0.00,USD,-0.91,4431964.00,1.00,179372960509.52,USD,20.59,12.31,5.46,2.87,Consumer services,america,Consumer Services,Buy,Buy,-0.91,-3.24,-7.54,-10.38,-22.00,-16.97,-18.55,5.48,121.44,94662.42,1.26,1.53,Sell,Sell,StrongSell,Strong sell,Neutral,Neutral,32.16,-14.62,-10.12,-144.68,3.26,7.52,0.00,255.02,-0.31,0.19,23857.00,-0.12,4431964.00,5.37,253.68,0.08,649583.00,-18.21,20.59,3.80,6.57,0.00,15.89,23.23,219.28,233142960509.52,8.42,18.41,15.61,260.22,267.35,268.92,275.82,295.45,313.50,390.00,250.00,310.00,12.92,3.32,3.41,28215211356.00,7128733600.00,7326188788.00
[object Object],RIO,Rio Tinto plc,LSE,7602.00,stock,common,1.00,1.00,false,0.00,GBX,-1.76,3399273.00,1.57,178573048228.88,USD,13.82,7.29,13.27,4.50,Non-energy minerals,uk,Non-Energy Minerals,Neutral,Neutral,-1.76,1.25,1.17,0.92,11.61,26.81,62.02,44.80,221.37,785.69,2.24,1.98,Buy,Buy,StrongBuy,Strong buy,Neutral,Neutral,55.98,-128.00,267.98,51.53,77.19,78.97,0.00,0.00,0.00,0.00,0.00,0.10,3399273.00,116.74,7602.00,0.00,1284965.00,65.34,13.82,1.06,2.76,2.51,8.75,29.23,17.41,198541424344.97,3.25,12.19,8.19,7647.60,7453.30,7207.48,7415.74,6966.07,102.47,124.91,81.06,99.94,8.30,4.09,3.89,63697835840.76,31624946429.00,32446259500.00
[object Object],ADI,"Analog Devices, Inc.",NASDAQ,365.07,stock,common,100.00,1.00,false,0.00,USD,0.51,2320533.00,0.70,176900318503.04,USD,43.32,8.43,114.38,1.15,Electronic technology,america,Electronic Technology,StrongBuy,Strong buy,0.51,2.65,-7.07,-9.17,17.81,32.72,47.14,123.60,492.07,326511.50,1.81,2.50,Sell,Sell,Sell,Sell,Sell,Sell,45.34,-8.59,-13.21,-54.19,41.64,32.29,engulfing_bullish,360.16,-0.84,0.63,1951.00,-1.05,2320533.00,-26.09,365.07,0.00,560101.00,43.27,43.32,0.38,12.79,5.27,32.18,36.14,76.76,183696967503.04,13.23,36.87,26.42,362.75,371.82,376.36,392.19,349.63,477.61,675.00,405.00,467.50,12.87,3.34,3.86,15100897786.00,3919335809.00,4296432456.00
[object Object],RMS,Hermes International SCA,EURONEXT,1409.00,stock,common,10.00,5.00,false,0.00,EUR,-2.32,109790.00,0.65,175470024186.67,USD,32.77,49.11,0.76,1.25,Consumer non-durables,france,Consumer Non-Durables,Buy,Buy,-2.32,-8.48,-13.66,-13.53,-25.23,-33.38,-31.07,8.38,266.50,17601.18,2.79,2.29,StrongSell,Strong sell,StrongSell,Strong sell,Neutral,Neutral,30.44,-138.50,-104.76,-191.82,7.63,8.20,0.00,0.00,0.00,0.00,0.00,-0.66,109790.00,64.16,1409.00,0.00,59123.00,-25.16,32.77,44.34,9.39,7.76,25.46,31.20,12.02,163817625386.67,8.89,21.33,18.99,1508.15,1554.47,1591.24,1611.84,1801.74,2180.97,2499.27,1891.31,2179.59,52.38,23.89,27.50,19732284778.53,9303791790.00,10080882645.00
[object Object],BLK,"BlackRock, Inc.",NYSE,1072.03,stock,common,100.00,1.00,false,0.00,USD,-2.13,463490.00,0.74,174179348862.42,USD,26.67,40.20,-2.84,2.00,Finance,america,Finance,StrongBuy,Strong buy,-2.13,-5.03,-5.11,5.79,14.91,0.06,-2.68,16.11,188.16,7557.36,1.56,1.70,Sell,Sell,StrongSell,Strong sell,Sell,Sell,36.19,-104.61,-20.49,-212.49,7.23,12.46,marubozu_black_bearish,1090.00,-0.49,-0.04,140.00,-0.24,463490.00,-19.53,1072.03,0.00,122587.00,0.25,26.67,0.00,6.53,3.03,45.55,51.13,16.82,185582348862.42,6.72,19.79,17.09,1131.19,1138.02,1097.12,1070.20,1059.93,1334.19,1488.00,1190.00,1330.00,56.25,12.69,14.28,29071573979.00,6727418976.00,7439401330.00
[object Object],WDC,Western Digital Corporation,NASDAQ,482.28,stock,common,100.00,1.00,false,0.00,USD,1.04,4024051.00,0.73,173881672414.96,USD,19.95,24.18,370.63,0.10,Electronic technology,america,Electronic Technology,Buy,Buy,1.04,8.39,10.96,-3.11,81.33,172.17,418.58,1006.16,1102.21,9183.69,5.12,5.52,Buy,Buy,StrongBuy,Strong buy,Neutral,Neutral,51.56,31.53,-20.44,56.71,67.36,47.35,0.00,474.66,-0.55,0.27,44205.00,-0.56,4024051.00,-37.20,482.81,0.11,358217.00,442.47,19.95,0.05,14.37,19.64,47.75,53.43,118.81,173493672414.96,13.43,37.75,34.92,460.88,475.50,501.40,509.06,376.08,684.23,1050.00,525.00,668.00,20.33,3.31,4.06,19145800983.00,3700104820.00,4131960655.00
[object Object],NEE,"NextEra Energy, Inc.",NYSE,82.65,stock,common,100.00,1.00,false,0.00,USD,-1.41,8851057.00,0.85,172406107903.89,USD,18.54,4.46,55.30,2.91,Utilities,america,Utilities,Buy,Buy,-1.41,0.11,-1.82,-3.07,-10.87,2.73,18.65,-4.22,166.03,3397.26,1.26,1.34,StrongSell,Strong sell,StrongSell,Strong sell,Neutral,Neutral,38.02,-1.57,-2.02,-61.44,42.17,43.20,0.00,83.99,0.19,0.42,1797.00,0.19,8851057.00,16.01,82.76,0.13,1532223.00,17.52,18.54,0.34,6.25,3.02,12.53,56.76,53.70,290414107903.89,10.34,38.65,19.68,83.19,84.93,86.34,88.16,87.80,102.53,114.00,91.00,102.00,4.03,1.11,1.19,30949530999.00,8108191351.00,8885235444.00
[object Object],T,AT&T Inc,NYSE,25.15,stock,common,100.00,1.00,false,0.00,USD,-1.76,51072730.00,1.66,172337503984.07,USD,8.32,3.02,72.38,4.34,Communications,america,Communications,Buy,Buy,-1.76,-3.60,6.66,8.62,-8.55,1.45,-12.96,20.86,-19.26,548.86,1.90,1.68,Neutral,Neutral,Buy,Buy,Sell,Sell,51.90,-0.62,1.09,-41.43,40.42,57.74,0.00,25.35,-0.98,-0.23,184042.00,-0.72,51072730.00,28.09,25.17,0.08,9383848.00,-14.36,8.32,0.12,1.40,1.57,4.38,9.90,9.46,334759503984.07,2.63,12.39,7.06,25.78,24.82,23.66,24.04,25.14,28.68,36.00,20.00,29.00,2.34,0.59,0.60,129236273154.00,31795051646.00,31687315250.00
[object Object],WELL,Welltower Inc.,NYSE,235.90,stock,common,100.00,1.00,false,0.00,USD,-0.57,1800599.00,0.67,170023729949.99,USD,0.00,-0.55,-145.42,1.29,Finance,america,Finance,Buy,Buy,-0.57,-1.99,-0.42,10.96,13.47,27.09,39.57,175.87,203.17,3438.48,1.96,1.84,Sell,Sell,Sell,Sell,Neutral,Neutral,47.87,-5.25,0.22,-31.59,30.67,44.92,0.00,0.00,0.00,0.00,0.00,-0.11,1800599.00,-35.81,235.90,0.00,574372.00,53.77,0.00,0.00,13.73,3.65,47.33,69.30,83.01,188896593949.99,14.82,279.67,60.16,238.49,236.55,237.47,224.88,211.30,263.68,292.00,233.00,263.00,2.84,0.62,0.64,14188340503.00,3403253243.00,3630256402.00
[object Object],UNP,Union Pacific Corporation,NYSE,284.74,stock,common,100.00,1.00,false,0.00,USD,-1.29,1874315.00,0.84,169157065167.91,USD,23.06,12.35,7.26,1.93,Transportation,america,Transportation,Buy,Buy,-1.29,-2.37,-2.53,6.42,15.91,23.08,30.93,32.59,195.68,29358.66,1.34,1.79,Sell,Sell,Sell,Sell,Sell,Sell,34.92,-24.85,-9.50,-132.18,8.38,11.23,falling_window_bearish,287.78,-0.23,0.61,1000.00,-0.60,1874315.00,5.10,284.74,0.00,355372.00,30.88,23.06,3.22,6.74,8.18,16.48,26.00,79.93,198210065167.91,7.80,19.56,15.63,295.87,296.88,294.22,279.87,260.94,332.70,375.00,245.00,339.00,13.07,3.26,3.45,26785482259.00,6715495215.00,6954283033.00
[object Object],UBSG,UBS Group AG,SIX,44.57,stock,common,100.00,1.00,false,0.00,CHF,-0.96,3540735.00,0.66,168317689433.70,USD,19.13,2.88,43.15,1.90,Finance,switzerland,Finance,Neutral,Neutral,-0.96,0.91,2.51,18.38,51.96,19.49,38.42,194.78,214.32,121.55,1.47,1.60,Buy,Buy,StrongBuy,Strong buy,Sell,Sell,59.21,0.67,1.06,84.73,87.09,88.45,spinning_top_white,0.00,0.00,0.00,0.00,-1.11,3540735.00,-31.45,44.57,0.00,1102780.00,34.04,19.13,0.45,3.24,1.90,0.00,0.00,0.00,354140556100.28,4.48,0.00,0.00,44.47,43.63,43.12,40.09,36.69,53.63,74.35,39.40,52.95,3.72,0.90,0.92,54612786061.25,13401239351.00,13223844963.00
[object Object],RR.,Rolls-Royce Holdings plc,LSE,1445.80,stock,common,10.00,2.00,false,0.00,GBX,-2.38,12834990.00,1.04,166655115530.83,USD,39.99,0.48,-47.06,0.74,Electronic technology,uk,Electronic Technology,StrongBuy,Strong buy,-2.38,-0.89,-5.04,16.94,13.66,24.64,32.95,1214.36,464.00,2253.69,1.93,1.88,Sell,Sell,Sell,Sell,Sell,Sell,41.04,-84.20,-21.10,-143.84,23.24,28.43,0.00,0.00,0.00,0.00,0.00,-1.00,12834990.00,67.16,1445.80,0.00,6252327.00,33.89,39.99,0.00,5.35,42.34,24.42,28.14,18.11,163489746830.83,5.32,28.97,23.92,1491.84,1507.90,1471.73,1368.30,1291.12,23.96,27.26,20.44,23.71,0.58,0.24,0.29,31851538284.98,13514949213.62,16945835303.28
[object Object],BBVA,"Banco Bilbao Vizcaya Argentaria, S.A.",BME,25.05,stock,common,100.00,1.00,false,0.00,EUR,-1.18,8520486.00,1.71,164044582748.90,USD,12.97,2.21,6.81,2.33,Finance,spain,Finance,Neutral,Neutral,-1.18,0.52,2.33,29.83,39.71,25.56,58.19,356.28,336.41,89.24,1.58,1.46,Buy,Buy,StrongBuy,Strong buy,Sell,Sell,57.03,0.10,0.56,-17.47,80.30,90.99,long_lower_shadow_bullish,0.00,0.00,0.00,0.00,-0.99,8520486.00,103.35,0.00,0.00,0.00,55.44,12.97,1.93,2.48,2.34,0.00,0.00,0.00,342682924048.90,4.07,0.00,0.00,25.12,24.82,23.92,21.85,20.73,28.29,33.30,24.06,27.90,2.43,0.59,0.61,49652364238.57,11923694203.44,12416028115.45
[object Object],COP,ConocoPhillips,NYSE,136.53,stock,common,100.00,1.00,false,0.00,USD,1.10,5535627.00,0.92,164018604053.38,USD,18.09,7.55,1.26,2.49,Energy minerals,america,Energy Minerals,Buy,Buy,1.10,1.16,14.51,12.85,14.08,45.85,47.90,147.56,225.69,6364.72,1.67,1.87,StrongBuy,Strong buy,StrongBuy,Strong buy,Neutral,Neutral,66.24,4.69,9.43,104.72,75.60,78.28,0.00,137.28,1.66,0.41,21948.00,1.46,5535627.00,6.94,136.45,-0.06,1002891.00,39.43,18.09,14.17,2.60,2.51,7.56,16.47,21.55,179616604053.38,2.85,12.85,6.93,133.79,127.75,121.40,119.38,113.21,145.88,189.00,126.00,146.00,10.30,2.90,2.54,70647583674.00,18786707100.00,17404586632.00
[object Object],BA,Boeing Company,NYSE,206.42,stock,common,100.00,1.00,false,0.00,USD,-2.05,4355198.00,0.87,163148171084.11,USD,94.01,2.20,0.00,0.00,Electronic technology,america,Electronic Technology,Buy,Buy,-2.05,-0.28,-11.88,-1.63,0.69,-5.38,-10.64,-4.06,62.69,24548.66,2.10,1.86,StrongSell,Strong sell,StrongSell,Strong sell,Sell,Sell,37.54,-4.66,-9.33,-66.95,22.20,23.44,0.00,209.50,-0.58,-0.01,14867.00,-0.36,4355198.00,-0.43,207.24,0.40,556537.00,-6.05,94.01,0.00,1.77,26.75,44.85,0.00,8.15,189047171084.11,2.01,0.00,0.00,209.40,220.13,219.12,221.51,220.46,274.94,305.00,230.00,279.69,-0.99,-0.28,-0.20,98114382647.00,24263697215.00,24965012834.00
[object Object],SHOP,"Shopify, Inc. Class A",NASDAQ,126.79,stock,common,100.00,1.00,false,0.00,USD,-5.45,14311147.00,1.97,163133595433.12,USD,87.34,1.45,-19.90,0.00,Commercial services,america,Commercial Services,Buy,Buy,-5.45,-9.21,-15.72,18.61,0.77,-21.83,-12.57,-14.96,3063.42,4428.21,5.42,3.66,StrongSell,Strong sell,StrongSell,Strong sell,Sell,Sell,36.90,-27.09,-0.89,-247.68,14.70,23.89,0.00,138.01,2.92,0.26,208482.00,2.91,14311147.00,2.04,127.26,0.37,799842.00,0.18,87.34,0.00,13.09,12.90,71.05,71.81,33.31,158370318233.12,12.26,68.79,67.96,143.84,143.46,134.75,123.96,131.18,174.41,223.61,113.10,177.87,1.93,0.40,0.48,15448088583.47,3395197524.22,3792032799.30
[object Object],SAF,Safran SA,EURONEXT,322.80,stock,common,10.00,1.00,false,0.00,EUR,-3.24,630864.00,1.51,161676550582.19,USD,34.65,10.64,-9.86,1.00,Electronic technology,france,Electronic Technology,Buy,Buy,-3.24,-2.27,-8.81,11.12,5.18,9.05,15.45,206.03,403.75,2886.12,1.72,1.90,Sell,Sell,StrongSell,Strong sell,Sell,Sell,34.33,-27.60,-14.80,-134.91,16.33,18.67,0.00,0.00,0.00,0.00,0.00,-1.53,630864.00,180.69,322.80,0.00,421732.00,16.11,34.65,0.00,4.13,9.22,20.03,25.64,20.15,160596634532.19,4.19,33.02,24.03,333.92,346.27,342.01,320.32,313.95,441.59,500.39,297.68,451.74,12.21,5.77,6.59,42809535793.83,19939753812.42,21820276180.63
[object Object],ETN,Eaton Corp. Plc,NYSE,415.22,stock,common,100.00,1.00,false,0.00,USD,-1.64,1774975.00,0.99,161271447331.13,USD,42.25,9.83,-1.12,1.03,Producer manufacturing,america,Producer Manufacturing,Buy,Buy,-1.64,6.12,-8.52,8.70,18.23,28.47,18.65,154.21,523.45,26926.25,2.43,2.78,Neutral,Neutral,Buy,Buy,Sell,Sell,49.88,6.02,-14.78,-12.21,60.64,42.25,0.00,418.00,-0.98,0.08,1873.00,-0.49,1774975.00,-12.80,415.00,-0.05,253899.00,13.69,42.25,0.00,5.48,7.96,32.67,41.11,232.70,181947447331.13,6.06,31.17,25.91,406.70,423.03,415.85,411.28,381.80,485.22,534.00,381.62,487.00,13.55,3.07,3.52,32891118188.00,8155364234.00,8475084794.00
[object Object],BX,Blackstone Inc.,NYSE,129.07,stock,common,100.00,1.00,false,0.00,USD,-3.66,3920177.00,1.26,160283885763.82,USD,28.95,4.46,20.33,3.90,Finance,america,Finance,Buy,Buy,-3.66,-5.21,-5.86,8.53,24.13,-16.80,-25.23,0.49,385.96,259.46,3.01,2.73,Sell,Sell,StrongSell,Strong sell,Sell,Sell,36.00,-14.34,-2.33,-205.00,7.07,10.86,0.00,133.41,-0.42,-0.43,7300.00,-0.16,3920177.00,29.64,129.75,0.53,513495.00,-17.33,28.95,1.48,6.74,17.81,49.75,52.58,37.23,184956583763.82,11.64,21.61,21.48,138.28,139.10,133.25,126.86,130.76,143.43,184.00,119.00,138.00,5.94,1.34,1.36,14479943962.00,3421581961.00,3447806363.00
[object Object],ABI,Anheuser-Busch InBev SA/NV,EURONEXT,67.34,stock,common,100.00,2.00,false,0.00,EUR,-2.07,1984810.00,1.25,158568144608.58,USD,16.92,4.55,23.83,1.17,Consumer non-durables,belgium,Consumer Non-Durables,Buy,Buy,-2.07,-1.26,-7.17,-4.43,8.58,24.06,32.77,37.32,-38.56,252.01,2.16,1.82,Sell,Sell,StrongSell,Strong sell,Neutral,Neutral,41.44,-0.38,-1.39,-54.03,51.02,64.51,0.00,0.00,0.00,0.00,0.00,-1.16,1984810.00,3.04,67.34,0.00,924647.00,33.59,16.92,0.72,2.57,1.62,9.15,11.54,19.31,231765993292.71,3.78,14.67,10.78,68.29,69.52,70.10,69.66,64.89,94.83,112.48,76.93,95.43,4.54,2.10,0.00,65561167804.30,0.00,0.00
[object Object],PFE,Pfizer Inc.,NYSE,27.78,stock,common,100.00,1.00,false,0.00,USD,-0.04,28996935.00,0.86,158336930596.72,USD,36.78,0.76,-59.83,6.19,Health technology,america,Health Technology,Neutral,Neutral,-0.04,-3.51,4.50,7.72,2.81,11.21,13.16,-40.22,-15.57,6367.47,1.52,1.83,Neutral,Neutral,Buy,Buy,Sell,Sell,53.75,-0.79,1.53,-10.36,29.89,55.31,doji,27.73,-0.22,0.00,173637.00,-0.11,28996935.00,-8.74,27.83,0.18,4506439.00,17.35,36.78,0.00,2.49,1.86,11.81,14.41,13.53,210133930596.72,3.30,12.41,8.94,28.31,27.19,26.12,26.01,26.19,28.49,35.75,25.00,28.00,2.97,0.68,0.76,62249079843.00,14399426006.00,15934520965.00
[object Object],DTE,Deutsche Telekom AG,XETR,27.77,stock,common,100.00,1.00,false,0.00,EUR,-1.70,5614515.00,1.13,157057157640.08,USD,15.54,2.04,-30.39,3.54,Communications,germany,Communications,StrongBuy,Strong buy,-1.70,-2.39,-4.21,-2.97,-15.10,-0.64,-8.92,54.76,90.66,71.63,1.83,1.71,Sell,Sell,StrongSell,Strong sell,Sell,Sell,44.06,-1.16,0.17,-127.25,20.59,32.77,0.00,28.22,-0.11,-0.11,272.00,-0.88,5614515.00,41.66,27.89,0.43,2645917.00,-9.24,15.54,0.00,1.13,2.20,3.28,4.62,24.88,351927950740.08,2.56,11.45,5.98,28.33,28.39,27.59,27.60,28.68,42.48,46.69,37.35,42.02,2.65,0.64,0.71,144242125435.64,34203209410.89,35402441692.10
[object Object],IBKR,"Interactive Brokers Group, Inc. Class A",NASDAQ,90.28,stock,common,100.00,1.00,false,0.00,USD,-0.76,2638725.00,0.68,153594194485.72,USD,35.94,2.51,31.74,0.36,Finance,america,Finance,Buy,Buy,-0.76,0.31,2.59,4.26,34.27,38.02,48.34,473.75,920.11,994.30,2.27,2.89,Sell,Sell,Sell,Sell,Sell,Sell,46.07,-7.91,-0.06,-72.01,27.01,30.80,0.00,90.98,0.01,0.58,3533.00,0.02,2638725.00,20.74,90.50,0.24,1005155.00,39.80,35.94,1.14,3.62,6.89,1.85,1.86,0.39,111597194485.72,9.88,11.40,11.28,93.30,91.42,92.07,88.78,79.16,108.72,121.00,94.00,109.50,2.70,0.64,0.69,7435336039.00,1797700333.00,1898344801.00
[object Object],IBE,Iberdrola SA,BME,19.93,stock,common,1000.00,5.00,false,0.00,EUR,0.23,7788573.00,1.16,152399253028.22,USD,18.56,1.23,32.92,2.77,Utilities,spain,Utilities,Neutral,Neutral,0.23,0.18,-3.56,-0.67,1.94,8.46,27.19,94.20,227.71,502.13,1.31,1.20,Sell,Sell,Sell,Sell,Buy,Buy,41.64,-0.23,-0.57,-57.37,40.50,37.92,doji,0.00,0.00,0.00,0.00,0.18,7788573.00,110.87,0.00,0.00,0.00,24.31,18.56,0.56,2.89,2.58,0.00,0.00,0.00,231447015478.22,4.48,20.19,12.48,19.93,20.23,20.59,20.35,19.71,24.06,27.32,19.76,24.47,1.19,0.29,0.27,53259306270.97,12062078056.75,12798334785.37
[object Object],UCG,UniCredit S.p.A.,MIL,84.22,stock,common,100.00,1.00,false,0.00,EUR,-0.25,6823601.00,2.01,147999033455.30,USD,0.00,0.00,0.00,3.44,Finance,italy,Finance,Buy,Buy,-0.25,1.19,-0.05,18.45,31.18,18.34,27.53,670.54,622.70,-36.07,2.24,1.69,Buy,Buy,StrongBuy,Strong buy,Sell,Sell,52.54,-1.93,-0.14,-75.73,51.37,46.99,0.00,0.00,0.00,0.00,0.00,-1.60,6823601.00,120.80,84.22,0.00,5102.00,23.15,0.00,0.00,5.00,1.94,0.00,0.00,0.00,362093262205.30,12.46,0.00,0.00,84.05,84.09,83.09,77.79,73.31,109.19,124.39,89.51,109.86,8.66,2.11,2.17,31009550754.79,7412729392.96,7543845374.09
[object Object],ENR,Siemens Energy AG,XETR,145.14,stock,common,100.00,2.00,false,0.00,EUR,-2.50,1539607.00,0.95,147418537799.68,USD,46.80,3.54,186.97,0.47,Producer manufacturing,germany,Producer Manufacturing,Buy,Buy,-2.50,3.48,-5.68,3.20,-3.85,19.46,61.45,537.42,559.43,559.43,3.12,3.28,StrongSell,Strong sell,StrongSell,Strong sell,Sell,Sell,42.93,-5.96,-4.03,-59.42,46.67,43.09,0.00,148.42,-0.30,-0.40,513.00,-0.58,1539607.00,60.74,145.20,0.04,674638.00,78.45,46.80,0.26,3.06,11.60,13.22,16.36,11.25,138518820599.68,2.90,30.78,21.93,145.98,151.21,151.92,160.03,151.25,233.08,363.86,115.88,237.55,5.22,1.34,1.60,51814186767.80,12786715117.62,14729360925.40
[object Object],UBER,"Uber Technologies, Inc.",NYSE,71.08,stock,common,100.00,1.00,false,0.00,USD,-2.80,21189142.00,1.40,145185172188.90,USD,15.62,4.55,-22.81,0.00,Transportation,america,Transportation,StrongBuy,Strong buy,-2.80,-6.54,-5.77,4.18,-3.02,-13.36,-24.78,77.26,69.24,69.24,3.02,3.13,StrongSell,Strong sell,StrongSell,Strong sell,Sell,Sell,38.91,-9.27,0.65,-220.71,8.78,16.69,marubozu_black_bearish,72.83,-0.41,0.93,280279.00,-0.11,21189142.00,-18.26,71.25,0.24,2717064.00,-19.43,15.62,0.00,2.71,5.31,13.98,14.41,24.08,154947172188.90,2.81,21.06,19.05,75.75,75.17,73.94,73.70,76.14,102.54,150.00,70.00,101.00,3.37,0.80,0.87,57832912466.00,14235232688.00,14685149835.00
[object Object],GLW,Corning Inc,NYSE,168.46,stock,common,100.00,1.00,false,0.00,USD,1.51,8429802.00,0.97,145109479842.27,USD,77.27,2.18,130.83,0.67,Electronic technology,america,Electronic Technology,Buy,Buy,1.51,17.19,0.34,-0.61,28.39,89.47,133.97,333.28,641.79,2846.85,4.35,4.23,StrongBuy,Strong buy,StrongBuy,Strong buy,Buy,Buy,59.07,21.30,2.28,123.28,77.00,51.78,0.00,167.60,0.99,0.77,188579.00,1.23,8429802.00,-39.16,168.10,-0.21,1110595.00,109.02,77.27,0.58,8.56,12.15,37.65,61.55,58.70,152544479842.27,8.99,54.56,36.11,152.77,153.33,162.40,173.71,144.64,195.87,238.00,129.00,200.00,3.28,0.76,0.87,19219230376.00,4630208867.00,4989916396.00
[object Object],DHR,Danaher Corporation,NYSE,204.85,stock,common,100.00,1.00,false,0.00,USD,-0.19,2768865.00,0.96,144006696306.65,USD,36.37,5.63,19.62,0.70,Health technology,america,Health Technology,StrongBuy,Strong buy,-0.19,-1.41,0.78,12.25,9.10,-10.47,3.13,-30.07,191.98,34287.36,2.24,2.53,Sell,Sell,Sell,Sell,Neutral,Neutral,46.96,-11.12,2.20,-77.16,23.61,35.88,hanging_man_bearish,206.00,0.38,0.38,295.00,0.38,2768865.00,-15.49,204.85,0.00,550588.00,3.33,36.37,1.86,5.78,2.74,21.85,26.52,33.34,167527696306.65,6.67,31.48,21.34,210.63,206.64,202.05,190.39,202.64,228.27,310.00,195.00,225.00,8.51,1.85,1.91,26341963573.00,6120992495.00,6553552079.00
[object Object],TJX,TJX Companies Inc,NYSE,126.12,stock,common,100.00,1.00,false,0.00,USD,-2.17,8335489.00,1.01,138728718786.48,USD,23.33,5.41,23.38,1.40,Retail trade,america,Retail Trade,Buy,Buy,-2.17,-5.43,-21.56,-24.82,-19.39,-17.70,-9.77,80.56,226.31,71153.83,1.71,1.91,StrongSell,Strong sell,StrongSell,Strong sell,Sell,Sell,17.04,-13.36,-16.88,-123.07,4.21,5.53,falling_window_bearish,128.67,-0.19,0.08,3732.00,-0.64,8335489.00,-25.41,126.26,0.11,1643297.00,-6.95,23.33,1.02,2.31,13.04,17.53,23.97,23.46,147041718786.48,2.36,18.93,16.19,132.40,146.04,149.02,153.34,154.53,171.58,198.00,140.00,175.00,5.28,1.19,1.35,64018909685.00,15164146314.00,15860046662.00
[object Object],ISP,Intesa Sanpaolo S.p.A.,MIL,6.66,stock,common,1000.00,1.00,false,0.00,EUR,-0.46,51573218.00,1.37,137251691345.97,USD,12.10,0.63,8.03,5.62,Finance,italy,Finance,Buy,Buy,-0.46,-0.12,-2.55,18.67,29.39,12.43,24.23,180.13,205.60,105.55,1.35,1.24,Sell,Sell,Sell,Sell,Sell,Sell,46.04,-0.21,-0.05,-168.97,30.71,32.72,"hanging_man_bearish,long_lower_shadow_bullish",0.00,0.00,0.00,0.00,-0.94,51573218.00,61.48,6.66,0.00,21513.00,24.25,12.10,1.51,3.20,1.96,0.00,0.00,0.00,289955773145.97,5.50,0.00,0.00,6.72,6.77,6.59,6.20,5.93,8.45,9.07,7.06,8.49,0.70,0.16,0.17,34030988595.18,7957863638.15,8362285178.85
[object Object],ULVR,Unilever PLC,LSE,4621.00,stock,common,10.00,5.00,false,0.00,GBX,-1.59,2112910.00,0.73,136895019269.04,USD,20.72,2.96,5.37,3.51,Consumer non-durables,uk,Consumer Non-Durables,Neutral,Neutral,-1.59,-3.40,-1.16,5.15,-3.57,-4.75,-12.64,2.50,15.22,472.27,2.01,1.54,Sell,Sell,StrongSell,Strong sell,Sell,Sell,43.69,-140.50,1.83,-41.06,37.95,54.32,0.00,0.00,0.00,0.00,0.00,-0.65,2112910.00,44.00,4621.00,0.00,759652.00,-11.82,20.72,3.92,2.57,7.13,13.67,16.08,19.36,169739732624.28,3.20,15.77,14.11,4739.95,4709.50,4673.94,4488.21,4676.71,70.11,81.15,53.06,69.89,3.74,1.83,1.93,59953953057.58,29146513260.00,30431672185.83
[object Object],NEM,Newmont Corporation,NYSE,128.71,stock,common,100.00,1.00,false,0.00,USD,1.27,7321865.00,0.85,135620726972.22,USD,16.25,7.92,42.18,0.80,Non-energy minerals,america,Non-Energy Minerals,Buy,Buy,1.27,2.99,11.92,37.69,12.33,27.45,68.76,123.07,206.67,1150.14,2.38,2.74,Buy,Buy,StrongBuy,Strong buy,Neutral,Neutral,60.69,-6.43,12.60,44.04,51.81,57.90,0.00,129.58,1.96,1.53,31155.00,2.08,7321865.00,-18.84,128.97,0.20,1194944.00,59.19,16.25,0.38,5.36,3.87,10.88,14.11,15.24,132379726972.22,5.23,9.69,8.05,128.00,118.28,108.45,108.07,108.91,135.50,170.00,110.60,134.00,9.45,1.99,2.18,26723466206.00,6353499331.00,6176078487.00
[object Object],NOW,"ServiceNow, Inc.",NYSE,131.11,stock,common,100.00,1.00,false,0.00,USD,-2.31,10288809.00,0.55,135567746781.65,USD,81.88,1.60,0.77,0.00,Technology services,america,Technology Services,StrongBuy,Strong buy,-2.31,-6.55,5.12,27.26,16.22,-14.35,-30.63,-0.04,795.32,2660.21,3.38,4.27,Neutral,Neutral,Buy,Buy,Sell,Sell,51.52,4.11,14.52,1.98,52.51,65.58,0.00,133.40,-0.60,0.18,164968.00,-0.47,10288809.00,-29.60,131.10,-0.01,1040179.00,-26.07,81.88,108.28,9.42,10.83,25.55,29.61,29.02,139347746781.65,9.46,69.64,46.71,138.87,127.55,118.36,109.11,118.28,142.70,248.00,72.00,140.00,4.07,0.86,1.03,16211440624.00,3927172702.00,4095640459.00
[object Object],BNP,BNP Paribas S.A. Class A,EURONEXT,102.76,stock,common,100.00,2.00,false,0.00,EUR,-1.08,2433818.00,1.26,133392362935.03,USD,8.89,13.20,22.65,4.97,Finance,france,Finance,Buy,Buy,-1.08,0.33,-8.40,11.63,21.05,27.75,33.21,91.90,117.80,393.54,1.49,1.84,Sell,Sell,Sell,Sell,Sell,Sell,40.62,-2.96,-4.16,-86.87,45.20,44.35,0.00,0.00,0.00,0.00,0.00,-1.48,2433818.00,106.26,102.76,0.00,1396105.00,33.72,8.89,0.40,1.06,0.94,6.55,7.94,0.00,951732751485.03,5.37,0.00,0.00,103.16,107.65,105.94,99.95,92.90,137.71,158.06,112.73,138.30,13.85,0.00,0.00,64847915593.31,0.00,0.00
[object Object],CFR,Compagnie Financiere Richemont SA,SIX,175.10,stock,common,100.00,5.00,false,0.00,CHF,-4.66,1352334.00,1.88,133114906062.25,USD,31.86,6.88,24.56,1.63,Consumer durables,switzerland,Consumer Durables,Buy,Buy,-4.66,-6.64,-10.30,3.95,25.61,2.10,21.72,68.53,200.34,481.73,2.76,2.26,Sell,Sell,StrongSell,Strong sell,Sell,Sell,32.71,-15.90,-6.88,-212.92,15.66,20.78,falling_window_bearish,0.00,0.00,0.00,0.00,-0.90,1352334.00,98.08,175.10,0.00,454750.00,34.15,31.86,1.36,5.20,4.62,22.93,28.86,6.48,128935815709.71,4.94,23.80,17.69,186.93,190.23,189.86,177.52,167.36,267.66,307.11,213.98,274.39,8.76,3.72,4.21,29582283462.06,13354278123.69,13852529167.05
[object Object],VRTX,Vertex Pharmaceuticals Incorporated,NASDAQ,521.12,stock,common,100.00,1.00,false,0.00,USD,-1.47,931570.00,0.96,132083561894.94,USD,30.32,17.19,22.86,0.00,Health technology,america,Health Technology,Buy,Buy,-1.47,-5.67,-3.41,19.11,8.16,14.70,31.93,175.11,444.59,11480.44,1.87,2.14,Sell,Sell,Sell,Sell,Neutral,Neutral,46.34,-31.73,24.87,-80.79,30.46,59.60,0.00,524.00,-0.93,-1.16,352.00,-0.93,931570.00,-16.93,521.12,0.00,232193.00,38.77,30.32,1.35,10.63,6.52,30.98,35.03,16.91,126198161894.94,9.94,25.13,24.08,543.96,522.74,509.94,476.37,467.12,574.32,672.00,350.00,580.00,18.75,4.74,4.80,13226228502.00,3230551825.00,3408982768.00
[object Object],BMY,Bristol-Myers Squibb Company,NYSE,64.41,stock,common,100.00,1.00,false,0.00,USD,-0.43,6531713.00,0.89,131571252326.52,USD,14.19,4.54,83.17,3.88,Health technology,america,Health Technology,Buy,Buy,-0.43,-3.60,0.12,15.14,7.94,21.05,37.80,-0.05,13.74,3065.88,1.72,1.95,Sell,Sell,Sell,Sell,Neutral,Neutral,45.44,-3.51,1.09,-91.30,20.23,47.59,0.00,64.95,0.40,-0.22,9701.00,-0.19,6531713.00,-31.42,64.41,0.00,1936229.00,42.95,14.19,0.17,2.69,5.90,10.32,11.53,11.92,165557252326.52,3.37,10.40,8.62,66.65,65.67,63.16,60.12,58.32,66.04,80.00,40.00,66.00,6.93,1.60,1.72,49552153119.00,11738871544.00,12590518321.00
[object Object],PLD,"Prologis, Inc.",NYSE,135.66,stock,common,100.00,1.00,false,0.00,USD,-2.04,3830238.00,1.26,131186623151.79,USD,30.21,4.49,22.35,3.00,Finance,america,Finance,Buy,Buy,-2.04,-2.10,-1.77,-7.72,1.83,6.20,19.76,0.39,163.93,796.63,1.47,1.31,StrongSell,Strong sell,StrongSell,Strong sell,Sell,Sell,36.35,-7.67,-3.89,-169.59,15.96,17.67,0.00,137.60,-0.64,-0.34,14544.00,-0.96,3830238.00,45.14,135.28,-0.28,1035529.00,25.22,30.21,1.38,14.43,2.36,24.79,29.70,73.62,170971806151.79,18.60,48.22,27.21,139.12,140.77,141.98,142.52,137.46,159.75,170.00,140.00,161.00,3.64,0.75,0.81,8591098714.00,2161330400.00,2164481500.00
[object Object],BKNG,Booking Holdings Inc.,NASDAQ,173.43,stock,common,100.00,1.00,false,0.00,USD,-3.81,12014475.00,2.06,130311921135.57,USD,19.18,9.04,57.21,0.89,Consumer services,america,Consumer Services,Buy,Buy,-3.81,-11.82,-18.93,7.95,1.89,-19.06,-21.83,88.00,200.40,792.13,4.06,3.00,StrongSell,Strong sell,StrongSell,Strong sell,Sell,Sell,29.19,-40.35,-11.05,-247.23,4.48,5.36,falling_window_bearish,175.70,-2.55,0.26,65928.00,-2.18,12014475.00,10.30,173.48,0.03,1365678.00,-17.11,19.18,0.35,4.92,0.00,13.55,14.00,7.63,133497921135.57,4.73,13.44,12.54,195.36,203.10,194.05,181.56,185.71,239.24,301.00,188.00,240.00,10.45,2.43,4.48,29259894521.00,7196293969.00,9539233608.00
[object Object],CB,Chubb Limited,NYSE,337.62,stock,common,100.00,1.00,false,0.00,USD,0.29,1233468.00,0.77,130253746029.95,USD,11.95,28.26,24.68,1.17,Finance,america,Finance,Buy,Buy,0.29,-0.46,-3.56,2.13,2.18,8.75,22.18,85.07,165.07,3469.55,1.63,1.39,Sell,Sell,StrongSell,Strong sell,Neutral,Neutral,43.92,-5.49,-5.99,-161.59,21.99,39.60,0.00,338.00,0.40,-0.19,397.00,-0.38,1233468.00,-23.76,337.62,0.00,244364.00,18.05,11.95,0.48,2.12,1.73,7.73,7.73,0.00,158870746029.95,2.56,0.00,0.00,340.29,344.86,347.72,336.53,326.77,368.52,425.00,306.00,369.00,27.69,6.77,6.34,59618115660.00,15074412500.00,15675638750.00
[object Object],COF,Capital One Financial Corp,NYSE,210.86,stock,common,100.00,1.00,false,0.00,USD,-1.45,2631532.00,0.92,129359409460.37,USD,74.33,2.84,-76.18,1.50,Finance,america,Finance,Buy,Buy,-1.45,-0.41,-2.72,18.21,17.96,-13.71,-4.05,36.18,194.37,3853.66,1.61,1.98,Sell,Sell,Sell,Sell,Sell,Sell,43.98,-5.38,0.78,-130.97,30.65,44.71,0.00,213.00,-0.45,-0.45,319.00,-0.58,2631532.00,-11.86,214.29,1.62,518690.00,-6.12,74.33,0.00,2.28,1.16,4.52,4.82,0.00,173930409460.37,2.32,0.00,0.00,215.69,217.40,212.19,201.56,207.69,259.45,300.00,230.00,254.50,20.35,4.79,5.38,63954658555.00,15758436961.00,16281399929.00
[object Object],INVE_B,Investor AB Class B,OMXSTO,402.70,stock,common,100.00,5.00,false,0.00,SEK,-1.29,2356646.00,0.98,129298286973.14,USD,4.70,8.80,1024.26,1.34,Finance,sweden,Finance,Neutral,Neutral,-1.29,-1.50,-5.07,7.23,14.26,21.51,39.49,100.25,422.99,1220.33,1.18,1.07,Sell,Sell,Sell,Sell,Sell,Sell,39.61,-12.05,-5.58,-169.57,16.67,23.42,0.00,0.00,0.00,0.00,0.00,-0.56,2356646.00,51.12,0.00,0.00,0.00,40.08,4.70,0.00,6.37,1.14,51.62,59.68,63.30,140375065973.14,6.97,5.08,0.00,409.61,413.67,407.87,393.81,369.64,42.30,46.16,34.30,43.74,5.24,0.00,0.00,7372976302.00,0.00,0.00
[object Object],AI,Air Liquide SA,EURONEXT,168.32,stock,common,100.00,2.00,false,0.00,EUR,-2.80,1093997.00,1.40,128207159443.76,USD,30.29,6.35,3.14,1.94,Process industries,france,Process Industries,Buy,Buy,-2.80,-3.05,-2.59,-0.05,8.87,16.07,4.14,49.45,193.63,1014.89,1.75,1.40,Sell,Sell,StrongSell,Strong sell,Neutral,Neutral,44.45,-0.40,0.31,15.79,46.08,50.98,0.00,0.00,0.00,0.00,0.00,-0.44,1093997.00,57.53,168.32,0.00,758441.00,8.29,30.29,9.93,4.08,4.04,20.04,70.51,52.09,146740216038.76,4.75,22.39,15.41,170.72,170.05,172.55,169.01,160.64,229.89,263.82,188.28,232.44,7.58,3.53,3.93,33075026178.84,15812898233.61,16447621295.00
[object Object],PGR,Progressive Corporation,NYSE,215.50,stock,common,100.00,1.00,false,0.00,USD,0.28,1655604.00,0.96,125227041182.45,USD,10.80,19.95,12.30,6.47,Finance,america,Finance,Neutral,Neutral,0.28,-2.56,1.20,4.50,4.37,0.54,-12.29,128.82,569.25,403103.17,1.51,1.81,Sell,Sell,Sell,Sell,Neutral,Neutral,48.04,-6.59,3.94,-28.02,43.52,64.02,0.00,0.00,0.00,0.00,0.00,-0.42,1655604.00,-13.41,215.50,0.00,382530.00,-11.05,10.80,0.88,1.38,3.65,7.71,7.89,0.00,133614041182.45,1.47,0.00,0.00,219.20,215.58,217.23,209.64,210.51,234.71,309.00,200.00,234.00,17.93,4.64,3.99,88169764544.00,19486686350.00,22283652562.00
[object Object],ISRG,"Intuitive Surgical, Inc.",NASDAQ,353.24,stock,common,100.00,1.00,false,0.00,USD,0.88,2393111.00,1.20,124791938151.99,USD,40.49,8.73,21.75,0.00,Health technology,america,Health Technology,Buy,Buy,0.88,-4.27,-6.86,-14.30,-26.10,-37.68,-24.84,-2.16,362.22,17562.04,2.75,2.71,Sell,Sell,StrongSell,Strong sell,Buy,Buy,37.42,-18.60,-8.12,-137.13,7.97,9.32,0.00,350.12,-0.01,0.34,7479.00,0.01,2393111.00,-25.13,353.51,0.08,402404.00,-16.93,40.49,1.84,11.34,6.88,34.05,39.16,24.06,119674738151.99,10.85,34.68,28.59,366.80,375.61,378.87,405.90,461.77,479.86,685.00,324.00,484.00,10.80,2.51,2.64,11761887690.00,2825330490.00,2907761315.00
[object Object],SPGI,"S&P Global, Inc.",NYSE,418.36,stock,common,100.00,1.00,false,0.00,USD,-2.55,1782531.00,0.94,123332522192.02,USD,25.48,16.42,26.22,0.90,Commercial services,america,Commercial Services,StrongBuy,Strong buy,-2.55,-4.48,2.82,4.14,4.34,-15.24,-18.73,-2.58,252.38,14798.74,2.47,2.38,Sell,Sell,StrongSell,Strong sell,Sell,Sell,44.40,-14.63,11.89,-59.00,34.16,56.37,0.00,430.00,0.16,1.55,8853.00,-0.31,1782531.00,2.08,419.93,0.38,383355.00,-22.69,25.48,1.00,7.87,3.92,21.58,22.18,29.85,140078522192.02,8.69,19.49,16.69,436.43,424.05,427.90,413.10,429.63,519.27,553.00,485.00,522.50,17.90,4.81,4.43,14853326187.00,4093128224.00,3635520710.00
[object Object],CVS,CVS Health Corporation,NYSE,95.38,stock,common,100.00,1.00,false,0.00,USD,-0.72,6078497.00,1.07,121988190347.33,USD,25.18,3.79,5.68,2.77,Retail trade,america,Retail Trade,Buy,Buy,-0.72,-2.49,0.05,-2.91,24.13,20.31,33.29,11.01,1.95,14137.48,2.58,2.15,Neutral,Neutral,Sell,Sell,Buy,Buy,45.36,2.48,-1.47,28.66,60.38,69.05,0.00,97.22,1.20,0.69,14048.00,1.37,6078497.00,44.84,95.38,0.00,1245786.00,33.72,25.18,4.46,0.30,1.53,8.31,10.44,8.79,184533190347.33,0.44,12.54,9.60,95.44,96.77,100.46,96.12,86.74,114.58,125.00,101.00,115.50,8.00,1.85,1.63,416070343184.00,100028332623.00,104493625880.00
[object Object],LMT,Lockheed Martin Corporation,NYSE,524.46,stock,common,100.00,1.00,false,0.00,USD,-2.18,1367855.00,1.34,121040525521.87,USD,19.33,27.13,52.77,2.55,Electronic technology,america,Electronic Technology,Buy,Buy,-2.18,-3.88,-11.37,-0.79,-19.64,8.53,14.61,50.09,121.76,14889.50,2.17,2.26,StrongSell,Strong sell,StrongSell,Strong sell,Sell,Sell,35.79,-32.06,-39.48,-112.47,5.61,5.49,0.00,541.75,1.04,0.40,4658.00,0.51,1367855.00,-19.19,525.50,0.20,167954.00,17.01,19.33,0.37,1.61,13.76,11.65,13.89,31.97,137787525521.87,1.79,15.16,12.79,545.15,572.06,555.95,539.85,557.44,640.74,756.00,503.00,629.00,30.42,7.19,7.55,80909375572.00,19339115313.00,20441265405.00
[object Object],PH,Parker-Hannifin Corporation,NYSE,949.47,stock,common,100.00,1.00,false,0.00,USD,-0.67,455852.00,0.70,119678290817.53,USD,33.33,28.49,5.02,0.80,Producer manufacturing,america,Producer Manufacturing,Buy,Buy,-0.67,-0.77,-12.48,7.35,4.75,7.70,25.58,229.95,665.52,27929.40,1.80,1.97,Sell,Sell,StrongSell,Strong sell,Sell,Sell,37.16,-66.84,-50.47,-112.60,19.53,20.27,doji,958.00,0.22,0.22,43.00,-0.62,455852.00,-17.43,949.47,0.00,99159.00,26.20,33.33,6.68,5.68,7.77,27.81,31.07,242.20,127919290817.53,5.95,27.11,22.62,975.91,1007.92,990.67,948.69,937.43,1182.82,1358.00,850.00,1215.50,35.13,8.31,8.16,23048723080.00,5573716523.00,5531243293.00
[object Object],BATS,British American Tobacco p.l.c.,LSE,4030.00,stock,common,1.00,1.00,false,0.00,GBX,-1.20,6650990.00,2.15,118867406154.54,USD,13.86,3.86,110.69,5.95,Consumer non-durables,uk,Consumer Non-Durables,Buy,Buy,-1.20,-3.50,-8.45,-11.91,-9.66,-3.33,-2.68,48.85,-15.15,1140.00,2.49,2.13,Sell,Sell,StrongSell,Strong sell,Neutral,Neutral,36.34,-103.00,-191.05,-206.88,17.39,27.77,0.00,0.00,0.00,0.00,0.00,-0.29,6650990.00,172.31,4030.00,0.00,789513.00,-0.49,13.86,0.13,3.44,1.80,14.66,16.25,34.62,163182567954.54,4.78,12.59,9.85,4130.60,4242.53,4367.60,4449.16,4396.34,69.58,75.72,51.38,70.65,4.88,2.19,2.66,35260636899.10,16256617200.44,18760693265.55
[object Object],MDT,Medtronic Plc,NYSE,91.89,stock,common,100.00,1.00,false,0.00,USD,-0.54,7726261.00,0.84,117539973262.54,USD,22.62,4.06,12.15,3.08,Health technology,america,Health Technology,Buy,Buy,-0.54,-0.39,5.43,14.73,4.83,-4.32,-1.02,-32.02,7.14,29213.16,2.09,2.18,Buy,Buy,Buy,Buy,Buy,Buy,55.21,0.75,3.22,24.28,52.59,57.08,0.00,92.50,0.12,-0.52,1146.00,0.00,7726261.00,-5.72,91.89,0.00,2766433.00,-0.29,22.62,1.87,3.16,2.34,14.70,19.26,13.39,137491973262.54,3.66,18.38,13.19,91.96,90.31,87.18,83.24,89.64,104.78,121.00,85.00,106.00,5.97,1.39,1.33,39026961888.00,9545805536.00,9481319188.00
[object Object],FTNT,"Fortinet, Inc.",NASDAQ,157.22,stock,common,100.00,1.00,false,0.00,USD,-0.16,2786716.00,0.61,115354456709.82,USD,55.40,2.84,13.26,0.00,Technology services,america,Technology Services,Neutral,Neutral,-0.16,-3.06,-1.68,11.50,86.28,96.60,95.55,154.24,2025.74,9148.24,2.52,3.82,Sell,Sell,Sell,Sell,Neutral,Neutral,48.69,3.56,-2.26,-18.43,34.10,32.09,0.00,157.36,-0.07,-0.02,2414.00,0.35,2786716.00,-22.07,157.22,0.00,602189.00,93.23,55.40,4.18,15.48,74.36,34.25,37.32,28.58,111781756709.82,14.85,45.87,43.06,161.10,159.49,158.94,140.68,110.83,166.88,220.00,102.00,172.50,3.45,0.75,0.86,8111486823.00,1888476165.00,2061660194.00
[object Object],BP.,BP PLC,LSE,557.10,stock,common,10.00,1.00,false,0.00,GBX,1.27,66510631.00,1.54,115035364214.91,USD,21.81,0.34,959.75,4.56,Energy minerals,uk,Energy Minerals,Buy,Buy,1.27,2.13,7.97,2.82,4.52,28.96,33.21,89.88,27.82,142.75,3.55,2.39,StrongBuy,Strong buy,StrongBuy,Strong buy,Buy,Buy,62.25,28.50,9.65,156.12,82.53,74.89,spinning_top_white,0.00,0.00,0.00,0.00,1.15,66510631.00,213.19,557.10,0.00,11929658.00,26.92,21.81,0.02,0.53,1.97,4.01,7.21,3.11,169544626222.99,0.79,7.16,4.13,536.94,534.34,522.53,529.62,506.19,8.28,10.50,6.27,8.34,1.06,0.31,0.28,220899177581.55,62236026570.00,58374628057.00
[object Object],SBUX,Starbucks Corporation,NASDAQ,100.04,stock,common,100.00,1.00,false,0.00,USD,-1.93,5853717.00,1.06,114045602387.98,USD,57.68,1.73,-24.99,2.43,Consumer services,america,Consumer Services,Buy,Buy,-1.93,-5.78,-5.15,1.09,-0.60,18.78,18.82,-15.21,78.32,30388.38,1.91,2.17,Sell,Sell,StrongSell,Strong sell,Neutral,Neutral,34.37,-5.72,-1.31,-291.75,10.54,26.05,falling_window_bearish,100.53,-1.45,-0.37,29866.00,-1.34,5853717.00,-6.45,100.08,0.04,1107823.00,22.67,57.68,0.00,3.05,0.00,22.95,31.42,31.69,132876602387.98,3.47,34.63,24.14,105.51,105.82,105.31,103.53,97.82,113.44,143.00,81.00,115.00,2.61,0.66,0.71,37962980606.00,9174497120.00,9212244856.00
[object Object],PDD,PDD Holdings Inc. Sponsored ADR Class A,NASDAQ,78.61,dr,0.00,100.00,1.00,false,0.00,USD,-1.43,6076521.00,0.86,113515867844.00,USD,8.72,9.02,-1.70,0.00,Retail trade,america,Retail Trade,Buy,Buy,-1.43,-4.76,-14.18,-2.25,-23.33,-32.36,-37.11,-22.86,196.64,196.64,1.48,2.43,StrongSell,Strong sell,StrongSell,Strong sell,Sell,Sell,31.70,-9.14,-5.31,-170.86,4.30,4.72,falling_window_bearish,79.16,-0.74,0.23,63030.00,-0.73,6076521.00,-43.18,78.73,0.15,817462.00,-32.39,8.72,0.00,1.82,1.70,7.30,0.00,1.47,35577352796.99,0.55,2.49,0.00,82.87,86.88,85.71,88.21,97.65,115.09,171.62,85.11,114.15,10.24,2.72,2.81,69679022676.03,16939381530.03,17389792755.77
[object Object],MO,"Altria Group, Inc.",NYSE,67.89,stock,common,100.00,1.00,false,0.00,USD,-0.41,6719425.00,0.87,113358910087.54,USD,14.30,4.75,-8.23,6.22,Consumer non-durables,america,Consumer Non-Durables,Neutral,Neutral,-0.41,-2.46,-0.72,-7.30,-0.08,17.74,3.33,33.59,6.88,146753.96,1.40,1.78,Neutral,Neutral,Sell,Sell,Neutral,Neutral,47.57,-0.18,0.48,22.62,58.17,70.08,0.00,68.25,0.12,0.06,14218.00,0.22,6719425.00,-39.55,68.00,0.16,1282454.00,3.77,14.30,0.00,5.56,0.00,12.05,12.44,47.90,135618910087.54,6.63,9.26,9.11,68.75,67.67,69.59,70.08,66.48,69.90,82.00,58.00,70.50,5.68,1.50,1.51,20556363549.00,5345206878.00,5316054825.00
[object Object],MPC,Marathon Petroleum Corporation,NYSE,399.44,stock,common,100.00,1.00,false,0.00,USD,0.42,1972378.00,0.84,112172630068.76,USD,13.75,29.05,330.27,1.01,Energy minerals,america,Energy Minerals,Buy,Buy,0.42,5.01,32.18,49.04,75.06,145.28,119.00,604.85,822.71,2002.32,2.27,2.86,Buy,Buy,StrongBuy,Strong buy,Neutral,Neutral,80.88,44.56,46.90,153.12,90.93,86.40,0.00,404.00,1.57,0.27,5735.00,0.96,1972378.00,6.85,397.00,-0.61,278556.00,99.71,13.75,0.04,0.75,5.93,6.76,8.98,14.91,145339630068.76,0.95,11.24,8.95,381.18,350.14,327.66,288.05,243.68,351.65,462.00,265.00,330.00,51.89,14.27,20.77,171890431289.00,40865657701.00,44177887658.00
[object Object],VLO,Valero Energy Corporation,NYSE,388.95,stock,common,100.00,1.00,false,0.00,USD,1.59,3054890.00,1.22,111989387242.27,USD,16.13,24.11,899.64,1.24,Energy minerals,america,Energy Minerals,Buy,Buy,1.59,8.07,27.80,47.31,67.46,138.25,145.24,515.91,594.55,22661.01,2.47,2.80,StrongBuy,Strong buy,StrongBuy,Strong buy,Buy,Buy,80.94,48.54,39.49,186.87,95.26,91.95,0.00,387.96,1.33,0.20,14172.00,0.92,3054890.00,11.38,389.33,0.10,414083.00,118.37,16.13,0.02,0.81,4.48,10.48,11.30,14.47,118703387242.27,0.85,11.18,8.57,364.72,338.90,319.93,283.51,241.70,341.00,450.00,255.00,339.50,44.40,10.11,17.28,148811154616.00,39468983320.00,39294287542.00
[object Object],LOW,"Lowe's Companies, Inc.",NYSE,198.60,stock,common,100.00,1.00,false,0.00,USD,-1.10,2444392.00,0.79,111425329293.79,USD,16.79,11.83,-2.84,2.42,Retail trade,america,Retail Trade,Buy,Buy,-1.10,-1.19,-9.83,-8.27,-17.54,-17.76,-27.06,-2.87,166.33,39129.24,1.91,2.17,Sell,Sell,StrongSell,Strong sell,Buy,Buy,35.27,-16.00,-10.61,-115.69,10.38,10.73,0.00,199.51,-0.64,0.15,4261.00,-0.40,2444392.00,-14.81,199.18,0.29,477287.00,-23.31,16.79,0.00,1.24,0.00,12.01,15.89,32.64,150041329293.79,1.66,14.69,11.84,203.55,212.34,212.48,218.32,235.99,251.77,290.00,191.00,254.00,12.27,4.22,2.87,92186846950.00,26132272428.00,22414058254.00
[object Object],BNY,Bank of New York Mellon Corp,NYSE,162.51,stock,common,100.00,1.00,false,0.00,USD,-0.21,2983799.00,1.05,110263713612.22,USD,18.92,8.59,31.19,1.36,Finance,america,Finance,Buy,Buy,-0.21,0.86,3.05,15.99,38.05,40.08,56.43,207.43,293.30,7522.76,1.48,1.63,Buy,Buy,StrongBuy,Strong buy,Sell,Sell,54.75,-1.14,2.65,9.78,71.92,75.99,spinning_top_white,162.49,-0.22,-0.21,207.00,-0.51,2983799.00,24.00,162.51,0.00,642521.00,48.93,18.92,0.61,5.31,2.76,31.51,70.66,0.00,56251713612.22,1.39,0.00,0.00,162.62,160.56,158.14,148.38,133.46,169.93,184.00,151.00,173.50,9.23,2.23,2.25,22181412632.00,5395525850.00,5527413430.00
[object Object],FCX,"Freeport-McMoRan, Inc.",NYSE,76.23,stock,common,100.00,1.00,false,0.00,USD,-0.51,10205299.00,0.72,109467614599.06,USD,37.64,2.03,53.40,0.78,Non-energy minerals,america,Non-Energy Minerals,Buy,Buy,-0.51,4.37,9.31,20.94,29.10,47.38,68.20,120.89,617.80,522.29,3.46,3.47,Buy,Buy,StrongBuy,Strong buy,Neutral,Neutral,59.50,-3.68,4.85,59.47,62.80,56.49,0.00,77.49,1.14,1.40,77927.00,0.54,10205299.00,-39.24,76.31,0.10,1612333.00,60.01,37.64,0.71,4.40,5.44,18.64,62.43,25.24,127581614599.06,5.07,22.93,16.55,75.41,70.99,67.01,65.56,61.29,73.86,83.00,47.00,75.00,2.95,0.62,0.72,29357416936.00,6713004239.00,7316706259.00
[object Object],CABK,CaixaBank SA,BME,13.18,stock,common,1000.00,5.00,false,0.00,EUR,-1.16,8856737.00,2.17,108025638901.89,USD,15.00,1.00,3.21,2.76,Finance,spain,Finance,Neutral,Neutral,-1.16,0.76,2.97,15.61,34.49,26.18,51.67,404.98,429.96,178.22,2.13,1.67,Buy,Buy,StrongBuy,Strong buy,Sell,Sell,53.13,-0.03,0.32,-20.22,71.09,84.43,"hanging_man_bearish,long_lower_shadow_bullish",0.00,0.00,0.00,0.00,-0.75,8856737.00,91.43,0.00,0.00,0.00,52.99,15.00,4.73,5.62,2.37,0.00,0.00,0.00,146044728601.89,5.48,0.00,0.00,13.27,13.01,12.88,12.17,11.28,15.23,17.09,11.62,15.46,1.07,0.24,0.27,20201597947.27,4797037559.46,5010244305.38
[object Object],ACN,Accenture Plc Class A,NYSE,175.80,stock,common,100.00,1.00,false,0.00,USD,-1.80,3935366.00,0.87,107579427244.57,USD,14.04,12.52,-0.34,3.64,Technology services,america,Technology Services,Buy,Buy,-1.80,-5.64,0.77,5.21,-10.92,-34.60,-31.06,-48.52,53.63,1064.24,3.12,3.32,Sell,Sell,StrongSell,Strong sell,Sell,Sell,47.26,-11.13,10.40,-80.83,31.85,57.70,0.00,179.35,0.18,-0.58,4471.00,-0.23,3935366.00,-35.49,177.30,0.85,678972.00,-27.48,14.04,0.00,1.51,3.37,8.21,8.60,10.64,107413777244.57,1.47,9.50,8.23,185.86,179.15,163.73,167.01,202.27,181.18,275.00,130.00,179.50,13.86,3.71,3.18,73594027312.00,18777999773.00,18053411400.00
[object Object],ZURN,Zurich Insurance Group Ltd,SIX,585.40,stock,common,10.00,2.00,false,0.00,CHF,-0.91,214508.00,0.97,107395791490.74,USD,14.94,48.48,11.17,5.08,Finance,switzerland,Finance,Neutral,Neutral,-0.91,-1.78,-0.98,4.76,9.42,-2.27,1.81,46.75,130.38,-8.32,1.09,1.01,Sell,Sell,StrongSell,Strong sell,Sell,Sell,40.43,-12.40,-3.11,-128.25,42.11,65.15,0.00,0.00,0.00,0.00,0.00,-0.64,214508.00,-28.86,585.40,0.00,102920.00,7.89,14.94,1.35,1.07,3.41,3.48,3.53,0.00,124458086089.38,1.23,0.00,0.00,594.66,595.67,603.62,582.94,574.01,762.96,1113.24,640.83,741.75,46.74,24.20,24.40,69808174285.50,24332505000.00,26424768000.00
[object Object],ENEL,Enel SpA,MIL,8.89,stock,common,1000.00,1.00,false,0.00,EUR,-0.61,25618955.00,1.20,105668472930.68,USD,19.58,0.52,-26.76,5.47,Utilities,italy,Utilities,Buy,Buy,-0.61,-3.54,-11.05,-7.57,-5.77,0.59,13.66,18.28,116.32,40.15,1.53,1.52,Sell,Sell,StrongSell,Strong sell,Neutral,Neutral,24.17,-0.62,-0.60,-135.02,8.60,13.10,0.00,0.00,0.00,0.00,0.00,-0.27,25618955.00,16.81,8.89,0.00,23000.00,15.18,19.58,0.00,1.10,3.58,6.62,20.33,18.65,214211079230.68,2.32,14.87,8.46,9.14,9.52,9.73,9.75,9.52,12.05,13.98,10.25,12.18,0.85,0.20,0.22,97895894749.49,23967383978.40,25617081978.86
[object Object],SYK,Stryker Corporation,NYSE,275.39,stock,common,100.00,1.00,false,0.00,USD,-0.38,5481348.00,2.12,105632173537.86,USD,28.53,9.65,27.71,1.26,Health technology,america,Health Technology,Buy,Buy,-0.38,-12.59,-18.29,-10.41,-19.24,-21.60,-29.91,-1.68,139.91,330361.39,4.31,2.99,Sell,Sell,StrongSell,Strong sell,Neutral,Neutral,24.46,-55.20,-29.89,-250.22,3.26,2.80,on_neck_bearish,272.92,-1.27,1.29,8438.00,-1.66,5481348.00,-13.28,277.00,0.58,562610.00,-19.39,28.53,1.03,4.13,4.40,19.24,22.61,30.58,117602173537.86,4.55,18.75,15.70,309.88,328.52,326.68,318.41,337.59,383.26,465.00,317.00,382.00,15.02,3.49,3.58,27284698612.00,6579335902.00,6678227709.00
[object Object],ADP,"Automatic Data Processing, Inc.",NASDAQ,265.22,stock,common,100.00,1.00,false,0.00,USD,-1.02,1757282.00,0.95,105362024878.32,USD,24.24,10.94,9.62,2.48,Technology services,america,Technology Services,Neutral,Neutral,-1.02,-6.28,-1.38,16.02,28.90,3.19,-11.13,29.53,195.64,32661.53,1.73,1.78,Sell,Sell,Sell,Sell,Sell,Sell,41.51,-17.56,3.97,-138.63,16.17,41.03,0.00,0.00,0.00,0.00,0.00,-0.20,1757282.00,-3.14,265.80,0.22,366544.00,-7.73,24.24,2.55,4.88,17.49,19.48,20.21,25.06,106646624878.32,4.86,18.40,16.71,279.87,275.31,263.69,240.26,237.21,289.36,322.00,225.00,288.50,12.26,2.59,2.78,23211014010.00,5437195686.00,5477319174.00
[object Object],INGA,ING Groep N.V.,EURONEXT,31.64,stock,common,1000.00,5.00,false,0.00,EUR,-1.88,8625429.00,1.87,104492250639.24,USD,13.73,2.63,0.00,3.29,Finance,netherlands,Finance,Buy,Buy,-1.88,3.11,4.04,26.06,40.25,31.81,50.59,169.60,182.63,44.19,1.74,1.45,Buy,Buy,StrongBuy,Strong buy,Neutral,Neutral,62.43,1.07,1.28,94.81,90.32,95.50,0.00,0.00,0.00,0.00,0.00,-1.15,8625429.00,132.13,31.64,0.00,3532213.00,48.34,13.73,0.00,2.34,1.80,0.00,0.00,0.00,282292465489.24,10.38,0.00,0.00,31.27,30.74,29.90,27.95,25.90,37.98,46.49,29.04,37.77,2.92,0.73,0.78,28921016272.22,6979276037.13,7356106912.70
[object Object],CS,AXA SA,EURONEXT,42.94,stock,common,100.00,1.00,false,0.00,EUR,-1.65,3165376.00,1.07,104477256495.44,USD,9.01,5.44,36.00,5.31,Finance,france,Finance,StrongBuy,Strong buy,-1.65,-1.63,-4.43,6.02,12.91,5.37,7.70,83.35,121.68,514.30,1.62,1.46,Sell,Sell,Sell,Sell,Sell,Sell,41.06,-0.77,-0.53,-127.69,51.99,69.07,0.00,0.00,0.00,0.00,0.00,-1.01,3165376.00,38.78,42.94,0.00,2138363.00,6.14,9.01,0.25,0.76,2.16,6.28,6.48,0.00,182582271995.44,1.37,0.00,0.00,43.63,44.22,44.34,42.63,41.06,60.16,89.51,49.29,58.59,4.87,2.49,2.31,88651621137.13,43700762585.42,45873906168.90
[object Object],SAN,Sanofi SA,EURONEXT,74.24,stock,common,100.00,1.00,false,0.00,EUR,-0.62,1877179.00,1.26,104160620832.92,USD,22.30,3.80,-35.60,5.52,Health technology,france,Health Technology,Buy,Buy,-0.62,-3.71,-1.80,-1.80,-2.14,-10.34,-6.84,-10.61,5.44,1099.35,1.71,1.74,Sell,Sell,StrongSell,Strong sell,Neutral,Neutral,37.01,-4.05,-0.84,-186.55,11.24,11.87,0.00,0.00,0.00,0.00,0.00,-1.61,1877179.00,27.86,74.24,0.00,1197333.00,-11.85,22.30,0.00,1.96,1.30,7.56,8.77,14.09,124603466532.92,2.38,8.76,5.66,76.25,76.20,76.37,76.04,78.41,106.89,130.17,90.65,108.09,10.08,0.00,0.00,58394038685.89,0.00,0.00
[object Object],CEG,Constellation Energy Corporation,NASDAQ,293.90,stock,common,100.00,1.00,false,0.00,USD,-1.72,2198909.00,0.85,104132704225.08,USD,28.62,10.27,7.15,0.56,Utilities,america,Utilities,StrongBuy,Strong buy,-1.72,4.97,8.73,19.97,-3.10,-17.90,-2.23,673.43,673.43,673.43,3.35,3.15,Buy,Buy,StrongBuy,Strong buy,Sell,Sell,61.65,15.48,16.19,150.20,82.85,83.40,0.00,296.00,-1.02,0.15,9008.00,-0.79,2198909.00,-42.63,293.99,0.03,345092.00,6.63,28.62,4.07,3.50,3.26,25.16,342.41,98.24,128100704225.08,4.16,27.86,15.50,286.08,276.25,267.81,274.70,295.84,349.89,441.00,290.00,360.00,12.04,2.29,3.72,33421687262.00,7730228198.00,9212821479.00
[object Object],PSX,Phillips 66,NYSE,260.78,stock,common,100.00,1.00,false,0.00,USD,0.63,2162085.00,0.82,104056677368.44,USD,14.84,17.57,322.82,1.93,Energy minerals,america,Energy Minerals,Buy,Buy,0.63,4.27,25.43,40.75,50.84,102.16,98.54,292.27,228.48,684.30,2.07,2.75,StrongBuy,Strong buy,StrongBuy,Strong buy,Neutral,Neutral,77.83,23.88,27.67,151.42,87.69,84.82,0.00,264.20,1.95,0.57,4815.00,1.18,2162085.00,-13.89,261.00,0.08,343851.00,93.71,14.84,0.05,0.68,3.30,11.76,16.42,25.61,121719677368.44,0.79,13.45,10.24,251.04,232.78,217.79,195.57,173.62,242.28,335.00,173.00,241.00,26.71,7.50,10.18,166465767320.00,43597335313.00,42263703501.00
[object Object],MCK,McKesson Corporation,NYSE,891.68,stock,common,100.00,1.00,false,0.00,USD,0.29,935711.00,1.03,103961293906.49,USD,23.86,37.37,49.11,0.37,Distribution services,america,Distribution Services,Buy,Buy,0.29,-2.47,2.14,12.50,-6.17,9.01,27.95,333.61,383.24,5304.12,1.91,2.29,Buy,Buy,StrongBuy,Strong buy,Neutral,Neutral,53.60,-13.41,32.53,21.83,63.41,75.05,0.00,891.06,0.22,0.21,363.00,0.01,935711.00,25.12,891.80,0.01,261879.00,25.48,23.86,0.48,0.26,0.00,15.51,16.57,20.22,113345293906.49,0.28,16.88,15.15,900.76,877.97,852.64,814.94,843.56,988.19,1080.00,845.00,1000.00,44.63,9.56,10.72,431962564090.00,103875033741.00,109913759059.00
[object Object],HOOD,"Robinhood Markets, Inc. Class A",NASDAQ,115.28,stock,common,100.00,1.00,false,0.00,USD,-1.76,18371458.00,0.82,103646202928.48,USD,51.05,2.26,14.70,0.00,Finance,america,Finance,Buy,Buy,-1.76,11.15,23.64,32.38,50.20,-0.17,-1.07,184.64,203.37,203.37,6.03,5.43,Buy,Buy,StrongBuy,Strong buy,Neutral,Neutral,58.63,3.19,16.70,110.61,78.75,85.42,0.00,120.75,2.91,1.19,656458.00,2.92,18371458.00,-29.51,115.27,-0.01,773525.00,7.17,51.05,3.53,21.44,10.93,0.00,0.00,17.84,125502202928.48,25.15,56.87,54.61,111.73,100.74,103.10,94.31,95.10,132.56,170.00,80.00,134.00,2.14,0.43,0.52,5235265309.00,1286601143.00,1363052321.00
[object Object],EQNR,Equinor ASA,OSL,415.40,stock,common,10.00,1.00,false,0.00,NOK,4.24,3406300.00,1.48,103197924786.19,USD,11.78,3.56,7.86,3.65,Energy minerals,norway,Energy Minerals,Neutral,Neutral,4.24,0.65,11.67,15.52,24.00,74.76,71.37,115.34,225.29,476.94,2.06,1.98,StrongBuy,Strong buy,StrongBuy,Strong buy,Buy,Buy,66.09,27.80,12.05,170.73,67.73,55.53,"rising_window_bullish,marubozu_white_bullish",0.00,0.00,0.00,0.00,1.63,3406300.00,115.57,415.40,0.00,1360408.00,58.67,11.78,1.44,0.87,2.44,4.50,11.14,4.32,112589742252.91,1.00,3.44,2.62,398.73,389.98,375.23,359.91,321.64,39.01,46.75,27.08,39.58,4.84,1.38,1.30,110243924562.64,33856053122.00,31998603773.00
[object Object],EQIX,"Equinix, Inc.",NASDAQ,1043.06,stock,common,100.00,1.00,false,0.00,USD,0.18,520834.00,1.01,102920483128.04,USD,67.13,15.54,52.11,1.94,Finance,america,Finance,StrongBuy,Strong buy,0.18,2.42,0.40,0.18,6.52,36.14,36.68,18.82,176.53,155.65,2.15,2.70,Sell,Sell,Sell,Sell,Sell,Sell,47.37,-30.38,-22.43,-65.20,37.72,33.88,0.00,0.00,0.00,0.00,0.00,-0.68,520834.00,20.67,1043.06,0.00,129892.00,34.82,67.13,1.29,10.53,7.16,26.23,0.00,46.47,124067483128.04,12.65,137.24,37.22,1045.51,1054.06,1043.84,1061.80,963.81,1235.23,1400.00,1060.00,1230.00,17.21,4.73,4.14,10271658862.00,2589959498.00,2567199268.00
[object Object],APP,AppLovin Corp. Class A,NASDAQ,305.06,stock,common,100.00,1.00,false,0.00,USD,-2.23,3873580.00,0.89,102088635169.72,USD,23.45,13.01,93.28,0.00,Technology services,america,Technology Services,StrongBuy,Strong buy,-2.23,-1.51,-12.09,-37.25,-32.33,-55.36,-44.21,337.11,335.80,335.80,4.02,3.98,Sell,Sell,StrongSell,Strong sell,Neutral,Neutral,36.34,-5.48,-28.07,-83.52,39.64,46.69,0.00,311.05,-0.31,0.28,42051.00,-0.15,3873580.00,-1.06,305.55,0.16,602812.00,-35.23,23.45,0.26,15.40,32.34,22.71,22.71,33.67,102550401169.72,15.02,19.32,18.84,313.26,333.37,386.41,441.87,483.85,506.03,790.00,325.00,510.00,15.78,3.76,4.04,8141242373.00,1941897662.00,2074364987.00
[object Object],SO,Southern Company,NYSE,88.34,stock,common,100.00,1.00,false,0.00,USD,-0.73,4544400.00,0.76,101623068258.83,USD,21.32,4.14,7.00,3.37,Utilities,america,Utilities,Neutral,Neutral,-0.73,0.40,-4.34,-6.57,-10.52,1.34,-2.58,31.34,69.04,931.52,1.22,1.31,StrongSell,Strong sell,StrongSell,Strong sell,Sell,Sell,36.55,-1.63,-3.52,-67.08,23.16,22.53,0.00,89.01,0.02,0.04,44621.00,0.07,4544400.00,-29.18,88.34,0.00,813701.00,0.75,21.32,3.07,3.36,2.57,9.46,0.00,33.72,178493068258.83,5.91,24.46,13.08,88.57,91.13,93.05,93.33,92.39,100.15,112.00,79.00,101.00,4.59,1.01,1.63,30605230403.00,7230474422.00,8283509526.00
[object Object],ABNB,"Airbnb, Inc. Class A",NASDAQ,169.63,stock,common,100.00,1.00,false,0.00,USD,-2.81,4893786.00,1.01,101572013965.21,USD,38.56,4.40,6.15,0.00,Consumer services,america,Consumer Services,Buy,Buy,-2.81,-7.45,-5.07,32.14,33.33,24.78,36.67,4.07,16.18,16.18,2.99,2.74,Sell,Sell,Sell,Sell,Sell,Sell,42.79,-20.87,7.70,-263.39,8.09,19.72,0.00,173.15,-0.80,-0.23,6562.00,-0.90,4893786.00,-30.55,169.69,0.04,837221.00,41.41,38.56,6.46,7.88,12.83,20.84,20.85,8.34,91932013965.21,6.95,32.77,31.82,182.23,176.09,163.99,150.83,139.98,182.53,220.00,125.00,188.00,5.29,1.26,2.85,14166993724.00,3580236667.00,4739471099.00
[object Object],ADBE,Adobe Inc.,NASDAQ,254.86,stock,common,100.00,1.00,false,0.00,USD,-0.93,4120745.00,0.89,101306853845.78,USD,14.58,17.48,11.81,0.00,Technology services,america,Technology Services,Neutral,Neutral,-0.93,-10.10,-3.12,10.85,2.35,-27.32,-29.74,-61.67,147.99,120722.23,2.88,3.32,Sell,Sell,StrongSell,Strong sell,Sell,Sell,43.00,-19.06,8.12,-116.78,10.63,34.51,0.00,258.45,0.46,0.00,44111.00,0.34,4120745.00,-24.96,253.50,-0.53,637000.00,-24.77,14.58,1.25,4.10,8.83,9.78,9.97,18.21,102745853845.78,4.08,11.10,10.26,277.72,268.33,250.91,243.96,267.28,262.28,380.00,190.00,250.00,24.42,5.82,6.08,26539040535.00,6453986328.00,6693882575.00
[object Object],VRT,Vertiv Holdings Co. Class A,NYSE,262.89,stock,common,100.00,1.00,false,0.00,USD,-9.61,9740071.00,2.43,101209540516.51,USD,59.49,4.42,111.13,0.08,Electronic technology,america,Electronic Technology,StrongBuy,Strong buy,-9.61,3.11,-5.19,-7.51,-0.87,55.13,111.87,923.71,2610.21,2610.21,6.11,4.48,Sell,Sell,StrongSell,Strong sell,Neutral,Neutral,46.31,7.14,1.71,4.59,72.40,65.99,0.00,287.50,-1.14,0.33,76221.00,-0.74,9740071.00,104.81,263.00,0.04,617251.00,106.07,59.49,0.59,9.95,21.27,30.78,35.24,32.51,101372140516.51,8.83,44.57,38.09,266.46,266.66,281.55,302.95,258.49,339.18,427.00,245.00,340.00,6.72,1.42,1.82,14021752257.00,3379044204.00,3758395700.00
[object Object],ATCO_A,Atlas Copco AB Class A,OMXSTO,204.10,stock,common,10.00,1.00,false,0.00,SEK,-2.25,3592629.00,0.91,101050122694.96,USD,37.39,0.56,-5.20,1.92,Producer manufacturing,sweden,Producer Manufacturing,Buy,Buy,-2.25,2.98,-2.34,13.58,17.57,22.80,28.08,51.35,254.90,2624.28,2.00,1.84,Neutral,Neutral,Neutral,Neutral,Sell,Sell,50.77,-2.50,-1.40,6.95,71.09,59.98,0.00,0.00,0.00,0.00,0.00,-0.86,3592629.00,16.87,0.00,0.00,0.00,30.00,37.39,0.00,6.00,9.37,30.75,37.12,67.73,103267660394.96,5.92,29.38,22.75,204.15,205.51,201.02,191.83,183.85,23.46,26.60,16.62,23.38,0.66,0.15,0.17,19682197624.21,4517839016.48,4873313605.16
[object Object],GLEN,Glencore plc,LSE,625.40,stock,common,10.00,1.00,false,0.00,GBX,-0.57,25103086.00,0.52,99587204983.23,USD,18.59,0.45,0.00,1.99,Distribution services,uk,Distribution Services,Buy,Buy,-0.57,5.95,11.30,10.53,19.42,52.39,118.29,89.03,238.15,14.12,2.89,2.31,Buy,Buy,StrongBuy,Strong buy,Sell,Sell,70.26,23.30,39.63,139.37,89.92,87.72,0.00,0.00,0.00,0.00,0.00,0.13,25103086.00,-23.95,625.40,0.00,9400525.00,104.88,18.59,0.00,0.33,2.33,15.33,0.00,27.41,137026890573.73,0.46,19.54,9.92,604.84,577.47,553.44,560.14,517.95,8.57,10.54,6.37,8.50,0.57,0.28,0.29,310363200758.74,145583178167.00,144602299644.00
[object Object],CME,CME Group Inc. Class A,NASDAQ,274.70,stock,common,100.00,1.00,false,0.00,USD,-1.27,1599681.00,0.78,98776423556.48,USD,23.30,11.79,14.12,4.04,Finance,america,Finance,Buy,Buy,-1.27,-3.82,4.62,3.35,-11.98,0.90,5.26,42.83,158.20,3421.79,1.23,1.95,Neutral,Neutral,Neutral,Neutral,Sell,Sell,51.97,-2.62,9.78,-3.47,54.02,61.92,0.00,276.94,-0.46,-0.26,160.00,-0.69,1599681.00,-2.78,275.98,0.47,367883.00,2.90,23.30,1.67,14.84,3.72,23.03,23.56,43.53,100364923556.48,14.82,22.76,21.17,281.37,272.22,260.71,266.57,278.79,283.87,330.00,230.00,286.00,12.25,2.91,2.94,7020692869.00,1682065411.00,1692268108.00
[object Object],TT,Trane Technologies plc,NYSE,444.17,stock,common,100.00,1.00,false,0.00,USD,-0.41,879549.00,0.87,97727695017.08,USD,33.65,13.20,4.75,0.89,Producer manufacturing,america,Producer Manufacturing,Buy,Buy,-0.41,0.60,-8.52,-2.32,3.79,13.63,7.45,128.95,754.30,19757.18,1.43,1.89,StrongSell,Strong sell,StrongSell,Strong sell,Sell,Sell,40.20,-11.08,-19.76,-79.15,35.85,30.90,doji,444.99,-0.23,-0.23,80.00,-0.41,879549.00,-7.88,444.17,0.00,280947.00,6.32,33.65,7.11,4.47,11.35,25.15,27.48,74.97,101048395017.10,4.55,25.08,22.89,447.35,459.93,467.06,468.98,444.77,535.52,575.00,440.00,548.00,15.27,4.27,4.72,23745108470.00,6197117629.00,6473095003.00
[object Object],GSK,GSK plc,LSE,1803.50,stock,common,10.00,5.00,false,0.00,GBX,0.39,3659201.00,0.82,97418839461.93,USD,15.29,1.56,42.25,3.79,Health technology,uk,Health Technology,Neutral,Neutral,0.39,-3.76,-8.45,-5.77,-11.11,-1.34,22.56,23.41,10.15,138.71,2.64,2.21,Sell,Sell,StrongSell,Strong sell,Neutral,Neutral,35.77,-102.00,-62.02,-179.67,13.11,16.72,0.00,0.00,0.00,0.00,0.00,-1.14,3659201.00,-30.87,1803.50,0.00,1375095.00,26.20,15.29,0.36,2.20,4.13,9.25,11.29,23.59,117263630661.93,2.66,10.67,8.42,1848.85,1888.68,1913.19,1923.36,1949.65,28.80,40.76,19.70,27.08,2.39,0.62,0.70,45600714514.97,10939777916.80,12019734866.48
[object Object],USB,U.S. Bancorp,NYSE,62.11,stock,common,100.00,1.00,false,0.00,USD,-0.61,5618617.00,0.87,96770582112.91,USD,12.39,5.01,19.95,3.33,Finance,america,Finance,Buy,Buy,-0.61,0.70,-2.20,9.18,19.28,16.46,27.64,12.29,42.36,9251.17,1.24,1.54,Sell,Sell,Sell,Sell,Sell,Sell,45.14,-0.30,-0.59,-55.97,47.74,48.80,0.00,62.61,0.19,0.40,3056.00,-0.26,5618617.00,0.61,62.11,0.00,1548615.00,29.47,12.39,0.62,3.31,1.60,7.80,7.80,0.00,133558582112.91,3.07,0.00,0.00,62.47,63.29,63.10,59.64,56.88,70.19,77.00,62.00,69.00,5.22,1.28,1.30,30982007555.00,7577200835.00,7963865858.00
[object Object],PNC,"PNC Financial Services Group, Inc.",NYSE,240.69,stock,common,100.00,1.00,false,0.00,USD,-0.91,1250307.00,0.88,96021752068.35,USD,13.24,18.18,24.22,2.92,Finance,america,Finance,Buy,Buy,-0.91,0.77,-4.06,2.86,17.77,15.31,18.12,25.71,165.87,6454.96,1.30,1.66,Sell,Sell,Sell,Sell,Sell,Sell,40.97,-3.42,-5.06,-68.25,36.86,36.53,0.00,0.00,0.00,0.00,0.00,-0.46,1250307.00,18.21,240.69,0.00,317216.00,19.82,13.24,0.55,3.89,1.65,9.93,9.93,0.00,183126752068.35,5.12,0.00,0.00,242.44,247.98,249.30,237.02,225.30,278.18,305.00,260.00,279.00,18.99,4.46,4.91,26319423673.00,6513615477.00,6610779943.00
[object Object],GD,General Dynamics Corporation,NYSE,352.67,stock,common,100.00,1.00,false,0.00,USD,-1.10,904555.00,0.84,95417400583.17,USD,21.50,16.40,10.14,1.73,Electronic technology,america,Electronic Technology,Buy,Buy,-1.10,-4.65,-10.26,1.11,-1.34,4.79,9.56,72.08,136.47,48335.37,1.90,1.67,Sell,Sell,StrongSell,Strong sell,Neutral,Neutral,27.08,-23.91,-21.27,-148.66,2.68,6.43,0.00,357.00,0.12,-0.16,150.00,-0.05,904555.00,-17.01,352.67,0.00,211820.00,13.44,21.50,2.14,1.78,3.56,12.52,14.96,22.26,100563400583.17,1.83,17.76,15.23,368.07,381.23,378.22,360.09,354.66,425.15,465.00,319.00,430.50,16.98,3.96,4.12,55937140375.00,13522056180.00,13714174816.00
[object Object],MELI,"MercadoLibre, Inc.",NASDAQ,1876.33,stock,common,100.00,1.00,false,0.00,USD,-2.59,520677.00,1.45,95123927179.42,USD,51.06,36.75,-9.25,0.00,Retail trade,america,Retail Trade,Buy,Buy,-2.59,-3.76,3.24,18.34,12.30,-7.46,-20.10,-1.34,929.71,8428.77,2.72,3.38,Sell,Sell,Sell,Sell,Sell,Sell,46.46,-120.67,70.88,-44.40,45.00,64.42,0.00,1905.00,-1.10,-0.06,4048.00,-0.90,520677.00,48.13,1876.33,0.00,32113.00,-15.45,51.06,0.00,2.78,12.14,9.26,10.65,5.05,94639927179.42,2.69,32.56,24.32,1952.57,1901.46,1866.55,1779.14,1858.50,2300.27,2800.00,1750.00,2300.00,37.91,8.65,9.25,41574166975.00,9794199521.00,10566383780.00
[object Object],PWR,"Quanta Services, Inc.",NYSE,626.98,stock,common,100.00,1.00,false,0.00,USD,-1.89,530115.00,0.54,94262292967.33,USD,71.81,8.73,35.41,0.07,Industrial services,america,Industrial Services,Buy,Buy,-1.89,2.94,-7.80,-5.03,9.54,47.54,67.36,444.30,2304.99,8449.68,3.04,3.34,Sell,Sell,Sell,Sell,Buy,Buy,46.46,23.20,-23.61,-19.53,35.08,27.86,0.00,639.71,0.10,0.93,1145.00,0.14,530115.00,-36.29,627.21,0.04,112351.00,66.47,71.81,2.07,2.96,9.78,30.07,39.97,187.34,100459251967.33,3.05,47.62,31.99,618.10,648.32,649.45,677.87,589.77,797.49,976.00,483.18,800.00,16.73,3.31,4.98,39396620227.00,8609759501.00,10976624645.00
[object Object],DUK,Duke Energy Corporation,NYSE,120.43,stock,common,100.00,1.00,false,0.00,USD,-0.67,4079722.00,1.26,93899535432.45,USD,18.07,6.67,8.98,3.53,Utilities,america,Utilities,Buy,Buy,-0.67,0.17,-2.88,-4.07,-9.10,2.77,0.15,14.60,49.71,637.81,1.18,1.31,Sell,Sell,StrongSell,Strong sell,Neutral,Neutral,42.30,-1.16,-2.90,-65.45,26.86,27.42,0.00,121.37,0.11,0.09,316.00,0.27,4079722.00,17.83,120.47,0.03,1151649.00,-0.51,18.07,2.03,2.84,1.75,8.10,0.00,115.11,188375535432.45,5.67,21.29,12.18,120.71,122.74,124.44,124.77,124.25,137.65,147.00,129.00,137.00,6.71,1.30,1.89,33617004273.00,7658943967.00,8912238409.00
[object Object],KKR,KKR & Co Inc,NYSE,104.09,stock,common,100.00,1.00,false,0.00,USD,-1.55,4351873.00,1.32,93434894664.27,USD,33.18,3.14,50.44,0.72,Finance,america,Finance,Buy,Buy,-1.55,-2.01,2.24,10.19,22.44,-19.23,-24.90,65.09,589.79,347.70,2.66,3.22,Sell,Sell,StrongSell,Strong sell,Neutral,Neutral,45.22,-3.49,0.78,-171.11,15.71,24.85,0.00,104.83,-0.85,-0.26,1766.00,-0.23,4351873.00,26.00,104.09,0.00,666032.00,-20.47,33.18,0.67,4.25,3.28,10.67,10.84,4.64,179351209664.27,7.62,32.49,31.75,107.64,107.22,103.21,100.34,105.57,128.89,166.00,115.00,127.00,6.63,1.43,1.62,10616473741.00,2547923223.00,2725736425.00
[object Object],HWM,Howmet Aerospace Inc.,NYSE,232.62,stock,common,100.00,1.00,false,0.00,USD,0.47,5746016.00,1.29,92769179225.56,USD,50.17,4.64,35.49,0.22,Electronic technology,america,Electronic Technology,StrongBuy,Strong buy,0.47,-9.76,-18.38,-7.46,-5.15,13.20,30.12,628.99,1317.48,809.10,4.17,3.09,Sell,Sell,StrongSell,Strong sell,Neutral,Neutral,30.37,-31.42,-26.23,-171.39,16.61,24.90,doji,234.90,1.46,0.37,12536.00,0.51,5746016.00,-50.79,232.25,-0.16,474424.00,43.42,50.17,1.41,10.21,16.23,42.10,52.21,165.80,96869179225.56,10.63,38.90,34.68,253.85,272.17,273.88,266.30,245.84,343.10,376.00,314.00,341.50,5.33,1.24,1.36,10099157494.00,2427901087.00,2582333357.00
[object Object],WMB,"Williams Companies, Inc.",NYSE,75.15,stock,common,100.00,1.00,false,0.00,USD,-0.90,6594763.00,0.78,91921038377.19,USD,30.00,2.51,26.39,2.70,Industrial services,america,Industrial Services,Buy,Buy,-0.90,0.04,5.85,3.57,2.29,25.02,31.40,211.96,145.67,3153.48,2.49,2.71,StrongBuy,Strong buy,StrongBuy,Strong buy,Neutral,Neutral,55.83,4.07,1.74,109.59,78.95,75.57,dark_cloud_cover_bearish,76.72,1.17,0.29,955.00,0.95,6594763.00,-6.05,75.27,0.16,1218519.00,30.40,30.00,1.15,7.54,6.99,15.36,0.00,453.49,124724038377.19,10.12,26.64,17.54,74.69,72.92,73.33,73.61,70.31,86.39,103.00,75.00,86.00,2.47,0.50,0.53,12397097884.00,2828370473.00,3014140570.00
[object Object],HCA,HCA Healthcare Inc,NYSE,421.83,stock,common,100.00,1.00,false,0.00,USD,4.93,2140482.00,1.74,91326823292.92,USD,14.12,29.87,25.47,0.75,Health services,america,Health Services,Buy,Buy,4.93,2.27,2.88,12.50,-21.11,-9.44,1.45,65.91,440.81,1252.02,4.35,2.90,Buy,Buy,StrongBuy,Strong buy,Neutral,Neutral,57.00,-6.93,-1.63,3.57,32.57,25.36,0.00,403.00,0.24,0.24,300.00,-0.88,2140482.00,21.29,421.62,-0.05,256379.00,-8.74,14.12,0.53,1.15,0.00,8.45,15.67,83.18,145181823292.92,1.86,12.03,9.22,413.25,411.73,403.68,406.10,451.32,453.00,579.00,380.00,442.50,29.47,7.56,6.71,78503335158.00,19756774446.00,19345597502.00
[object Object],BARC,Barclays PLC,LSE,487.85,stock,common,100.00,5.00,false,0.00,GBX,-2.05,29064228.00,0.97,90373829837.45,USD,9.67,0.67,18.46,2.31,Finance,uk,Finance,Buy,Buy,-2.05,0.93,-5.46,9.78,27.21,2.22,32.19,171.96,182.08,204.66,2.10,1.81,Sell,Sell,Sell,Sell,Sell,Sell,41.57,-8.40,-13.25,-78.48,59.24,54.93,0.00,0.00,0.00,0.00,0.00,-1.21,29064228.00,55.76,487.85,0.00,6298307.00,27.68,9.67,0.53,1.47,1.00,0.00,0.00,0.00,-224988375762.55,0.00,0.00,0.00,493.40,504.27,509.75,482.85,464.89,7.75,8.86,6.76,7.81,0.71,0.20,0.17,42427730060.87,10677256300.24,10311925938.53
[object Object],CSX,CSX Corporation,NASDAQ,48.37,stock,common,100.00,1.00,false,0.00,USD,-1.29,8966232.00,0.99,89604208664.29,USD,27.93,1.73,6.40,1.12,Transportation,america,Transportation,Buy,Buy,-1.29,-0.94,-3.26,3.47,23.05,32.90,49.43,52.59,405.96,12264.68,1.41,1.78,Sell,Sell,Sell,Sell,Sell,Sell,36.27,-3.14,-1.77,-134.38,25.47,27.76,falling_window_bearish,48.66,-0.69,-0.80,2488.00,-0.76,8966232.00,20.27,48.38,0.02,1814913.00,49.76,27.93,4.42,6.28,6.36,16.90,32.16,64.69,107577208664.29,7.41,21.02,15.89,49.82,50.33,50.17,47.99,43.31,53.78,60.00,32.00,54.00,2.01,0.52,0.54,15199253913.00,3894161834.00,3929108059.00
[object Object],RACE,Ferrari NV,MIL,346.00,stock,common,100.00,5.00,false,0.00,EUR,-0.66,403630.00,1.21,88983291286.85,USD,37.51,10.53,3.62,1.04,Consumer durables,italy,Consumer Durables,Buy,Buy,-0.66,-2.32,-3.28,14.38,19.97,8.81,-15.09,84.53,710.87,704.65,2.54,2.14,Neutral,Neutral,Sell,Sell,Neutral,Neutral,43.55,-10.15,0.84,-173.23,11.72,15.84,0.00,0.00,0.00,0.00,0.00,0.49,403630.00,42.90,346.00,0.00,7.00,-21.79,37.51,10.42,8.36,16.64,25.36,31.95,40.46,90916592105.55,10.83,36.35,27.75,355.68,355.66,345.35,322.56,314.34,461.02,534.73,383.61,464.98,11.57,2.86,2.80,8982667658.19,2139109182.50,2222515578.36
[object Object],LITE,"Lumentum Holdings, Inc.",NASDAQ,988.98,stock,common,100.00,1.00,false,0.00,USD,1.07,4521515.00,1.15,88711500547.41,USD,0.00,-82.23,-34971.97,0.00,Producer manufacturing,america,Producer Manufacturing,StrongBuy,Strong buy,1.07,13.98,6.22,14.60,55.79,160.68,563.66,1022.18,2648.69,5217.10,6.92,7.17,Buy,Buy,StrongBuy,Strong buy,Neutral,Neutral,60.06,103.41,56.01,187.57,75.49,57.67,long_upper_shadow_bearish,980.01,0.15,0.35,52874.00,0.16,4521515.00,-38.82,986.84,-0.22,188846.00,732.97,0.00,0.00,27.47,18.87,111.35,278.80,30.55,87644300547.41,29.08,162.55,109.05,914.06,861.29,822.37,862.61,692.48,1142.92,1400.00,820.00,1150.00,21.52,2.97,4.21,6231075979.00,987695457.00,1251266356.00
[object Object],IFX,Infineon Technologies AG,XETR,56.95,stock,common,100.00,1.00,false,0.00,EUR,-2.57,3509821.00,1.00,88422222234.07,USD,62.41,1.04,76.26,0.60,Electronic technology,germany,Electronic Technology,Buy,Buy,-2.57,2.76,-9.60,-24.87,43.25,51.00,77.55,58.41,303.33,-8.98,4.31,3.70,Sell,Sell,StrongSell,Strong sell,Neutral,Neutral,45.04,1.76,-1.74,-7.75,69.79,63.89,0.00,58.13,-0.55,-0.43,471.00,0.10,3509821.00,-29.26,56.93,-0.04,1657179.00,76.96,62.41,0.84,4.93,4.26,22.29,45.56,45.26,95607325684.07,5.37,40.88,21.31,57.04,58.72,62.45,66.96,53.78,102.73,144.14,58.12,106.36,2.05,0.51,0.72,19182226560.80,4718427044.56,5440808652.58
[object Object],ICE,"Intercontinental Exchange, Inc.",NYSE,156.50,stock,common,100.00,1.00,false,0.00,USD,-0.80,2768236.00,0.82,87858231529.16,USD,22.10,7.08,35.92,1.27,Finance,america,Finance,StrongBuy,Strong buy,-0.80,-1.49,4.20,11.63,-2.11,-3.00,-9.89,30.53,176.45,1906.41,1.72,1.86,Neutral,Neutral,Buy,Buy,Sell,Sell,50.14,-5.28,4.49,-47.60,33.59,55.93,0.00,157.23,-0.34,0.01,1300.00,-0.16,2768236.00,-51.66,156.00,-0.32,584117.00,-11.60,22.10,0.62,6.80,2.97,16.06,17.44,34.33,105906231529.16,8.06,17.50,13.93,160.37,156.44,149.29,148.46,155.27,186.29,232.00,163.00,181.00,8.11,1.84,1.90,11043972291.00,2630985298.00,2687156904.00
[object Object],LLOY,Lloyds Banking Group plc,LSE,109.65,stock,common,100.00,5.00,false,0.00,GBX,-2.19,120651104.00,1.13,87791404059.12,USD,13.76,0.11,0.00,3.58,Finance,uk,Finance,Buy,Buy,-2.19,-0.86,-4.57,12.55,16.18,11.61,35.81,161.79,86.70,-15.67,3.81,2.09,Sell,Sell,Sell,Sell,Sell,Sell,41.80,-1.80,-2.10,-190.89,74.26,69.15,long_lower_shadow_bullish,0.00,0.00,0.00,0.00,-1.38,120651104.00,31.37,109.65,0.00,25176970.00,36.91,13.76,0.00,1.94,1.54,0.00,0.00,0.00,223282446759.12,8.15,0.00,0.00,111.21,113.01,112.96,106.87,103.05,1.71,1.89,1.26,1.72,0.14,0.03,0.04,28308290788.02,6789607413.26,7296252684.49
[object Object],JCI,Johnson Controls International plc,NYSE,144.92,stock,common,100.00,1.00,false,0.00,USD,-0.99,2653317.00,1.02,87784057586.93,USD,25.19,5.75,70.85,1.09,Producer manufacturing,america,Producer Manufacturing,Buy,Buy,-0.99,3.51,-5.47,2.30,9.61,20.31,35.83,93.07,240.84,38888.77,1.76,2.11,Buy,Buy,StrongBuy,Strong buy,Neutral,Neutral,50.96,3.10,-3.22,6.99,66.99,48.39,long_upper_shadow_bearish,0.00,0.00,0.00,0.00,-0.79,2653317.00,-5.39,144.92,0.00,523608.00,22.36,25.19,0.36,3.57,6.51,43.50,53.29,136.42,96644057586.93,3.87,26.86,22.10,142.13,146.49,144.81,143.32,135.03,167.00,190.00,130.00,162.00,5.07,1.30,1.57,25573261400.00,6463153955.00,7020094211.00
[object Object],CMCSA,Comcast Corporation Class A,NASDAQ,24.59,stock,common,100.00,1.00,false,0.00,USD,-6.61,46827732.00,2.28,87260971618.12,USD,7.96,3.09,-49.00,5.01,Consumer services,america,Consumer Services,Buy,Buy,-6.61,-7.17,-2.27,2.67,-18.93,-12.17,-22.78,-56.52,-20.72,96767.39,3.29,2.32,StrongSell,Strong sell,StrongSell,Strong sell,Sell,Sell,39.02,-2.51,0.84,-220.38,29.10,45.00,0.00,26.11,-0.84,-0.04,36150.00,-0.53,46827732.00,73.01,24.67,0.33,4656117.00,-23.97,7.96,0.00,0.75,0.97,2.70,4.30,11.46,170172971618.12,1.36,9.17,4.96,26.45,25.86,24.91,25.12,26.91,31.10,52.00,21.00,29.50,3.51,0.97,1.00,120657945620.00,29235581590.00,29501382060.00
[object Object],WM,"Waste Management, Inc.",NYSE,216.44,stock,common,100.00,1.00,false,0.00,USD,-0.62,1798827.00,0.77,86514352953.55,USD,30.64,7.06,4.82,1.63,Industrial services,america,Industrial Services,Buy,Buy,-0.62,-1.20,-4.73,-3.80,-9.31,-1.32,-1.05,40.20,238.45,4123.22,1.16,1.44,StrongSell,Strong sell,StrongSell,Strong sell,Neutral,Neutral,36.18,-5.69,-7.46,-130.05,14.78,23.33,0.00,217.88,0.05,0.10,1165.00,-0.13,1798827.00,-17.62,216.59,0.07,316863.00,-3.15,30.64,6.39,3.41,8.72,13.36,24.38,153.88,109305352953.55,4.26,23.00,13.95,219.13,223.74,228.04,224.34,225.25,261.22,277.00,230.00,263.00,8.11,1.98,2.19,26377045189.00,6709225647.00,6799970503.00
[object Object],MAR,"Marriott International, Inc. Class A",NASDAQ,331.52,stock,common,100.00,1.00,false,0.00,USD,0.83,2227579.00,1.48,86449244824.64,USD,34.36,9.65,8.84,0.85,Consumer services,america,Consumer Services,Buy,Buy,0.83,-1.35,-5.31,-14.78,4.13,6.75,23.81,148.13,370.17,1902.48,2.25,1.89,Sell,Sell,StrongSell,Strong sell,Neutral,Neutral,32.56,-26.25,-22.24,-143.73,14.09,11.91,0.00,326.59,-0.67,0.36,499.00,-0.75,2227579.00,5.69,331.52,0.00,331733.00,20.73,34.36,3.86,3.23,0.00,23.52,28.00,189.80,103761244824.64,3.86,24.51,23.00,340.60,352.30,360.07,366.55,345.22,384.58,425.00,280.00,394.00,11.71,3.08,2.82,27809473432.00,7192559810.00,6918745003.00
[object Object],ELV,"Elevance Health, Inc.",NYSE,396.90,stock,common,100.00,1.00,false,0.00,USD,-1.25,1207303.00,1.28,86075422998.57,USD,17.64,22.50,-4.24,1.71,Health services,america,Health Services,Buy,Buy,-1.25,-1.96,0.40,-1.99,36.24,13.16,27.81,6.23,214.03,4037.05,2.57,2.26,Neutral,Neutral,Neutral,Neutral,Neutral,Neutral,48.87,-1.97,12.61,-20.75,43.89,63.53,engulfing_bearish,403.01,0.27,0.00,960.00,0.40,1207303.00,2.79,396.90,0.00,312973.00,21.54,17.64,0.00,0.44,1.92,11.59,13.75,0.00,117258422998.57,0.58,0.00,0.00,401.86,395.18,396.60,390.20,360.06,445.57,492.00,393.00,455.00,27.15,6.21,4.66,197212386507.00,48876839049.00,49295773568.00
[object Object],INTU,Intuit Inc.,NASDAQ,313.94,stock,common,100.00,1.00,false,0.00,USD,-1.56,2394983.00,0.50,85874199822.69,USD,19.03,16.50,20.32,1.51,Technology services,america,Technology Services,Buy,Buy,-1.56,-9.35,-2.75,12.18,-27.32,-52.48,-53.09,-44.78,181.71,13599.34,4.10,4.02,Sell,Sell,StrongSell,Strong sell,Neutral,Neutral,38.94,-43.52,-0.33,-193.38,10.60,23.16,0.00,319.46,0.17,-0.21,12845.00,0.04,2394983.00,-46.46,313.50,-0.14,480095.00,-49.68,19.03,0.95,4.04,0.00,9.56,9.80,11.86,87010199822.69,4.06,12.79,11.37,340.90,340.17,317.66,329.27,423.93,397.41,732.00,290.00,385.00,24.04,3.58,2.72,23417076753.00,4266803336.00,4305826711.00
[object Object],DASH,"DoorDash, Inc. Class A",NASDAQ,197.25,stock,common,100.00,1.00,false,0.00,USD,-1.59,4501854.00,1.19,85470977625.99,USD,103.57,1.90,5.95,0.00,Transportation,america,Transportation,StrongBuy,Strong buy,-1.59,-12.62,-7.18,31.49,21.00,-14.14,-21.76,-2.24,8.38,8.38,3.87,3.43,Sell,Sell,Sell,Sell,Sell,Sell,36.17,-36.25,2.24,-198.66,4.13,16.20,falling_window_bearish,198.50,-0.97,0.18,12402.00,-1.07,4501854.00,-0.83,196.92,-0.16,653235.00,-7.79,103.57,17.68,5.54,8.61,30.62,40.51,15.32,83131977625.99,5.23,95.77,44.50,222.06,215.76,204.23,185.06,188.40,261.65,350.00,220.00,261.00,2.62,0.47,0.83,17840828709.00,4339595133.00,4557256923.00
[object Object],MMM,3M Company,NYSE,164.40,stock,common,100.00,1.00,false,0.00,USD,-1.86,3219563.00,1.29,84784766713.18,USD,29.19,5.63,-21.67,1.83,Producer manufacturing,america,Producer Manufacturing,Buy,Buy,-1.86,-3.86,-10.34,3.74,8.77,2.69,6.65,4.85,9.73,4526.66,1.57,1.71,Sell,Sell,StrongSell,Strong sell,Sell,Sell,27.92,-14.97,-9.53,-141.41,9.31,11.34,0.00,165.97,-0.93,-0.61,829.00,-0.91,3219563.00,47.71,164.84,0.27,602375.00,7.50,29.19,0.00,3.48,28.72,17.53,21.55,25.79,94667766713.18,3.76,18.02,14.25,171.28,177.30,171.72,161.86,160.88,189.47,219.00,132.00,192.00,8.94,2.25,2.39,25426037758.00,6398083141.00,6613818752.00
[object Object],SLB,SLB Limited,NYSE,57.05,stock,common,100.00,1.00,false,0.00,USD,-0.09,14919170.00,0.99,84670373604.46,USD,27.69,2.06,-29.43,2.03,Industrial services,america,Industrial Services,Buy,Buy,-0.09,0.70,12.39,2.35,28.29,48.53,58.34,114.55,-27.78,7990.00,2.83,3.00,StrongBuy,Strong buy,StrongBuy,Strong buy,Buy,Buy,60.11,3.76,4.40,83.54,61.79,64.09,0.00,57.55,0.79,0.53,9540.00,1.24,14919170.00,5.55,57.09,0.07,1548497.00,65.03,27.69,0.00,2.37,3.25,13.15,17.88,21.10,94577373604.46,2.60,18.63,12.64,57.04,53.69,51.20,52.73,49.27,62.37,72.00,43.00,63.00,2.48,0.51,0.62,37004302993.00,8667176601.00,9265505060.00
[object Object],UPS,"United Parcel Service, Inc. Class B",NYSE,99.22,stock,common,100.00,1.00,false,0.00,USD,-1.25,3442866.00,0.85,84414547440.97,USD,18.47,5.37,-20.14,6.53,Transportation,america,Transportation,Buy,Buy,-1.25,-3.95,-5.05,-4.37,1.01,-0.08,17.80,-48.65,-9.16,52.65,1.41,1.60,StrongSell,Strong sell,StrongSell,Strong sell,Sell,Sell,33.75,-5.92,-2.92,-198.66,6.06,17.27,falling_window_bearish,100.36,-0.12,0.13,11772.00,-0.37,3442866.00,-7.18,99.31,0.09,566411.00,21.17,18.47,0.00,0.95,5.60,9.52,15.47,18.15,108466547440.97,1.21,12.95,8.86,103.21,103.99,107.40,105.99,104.96,116.36,135.00,76.00,118.00,7.19,1.66,1.64,91452487720.00,21858106934.00,22148196163.00
[object Object],MRSH,"Marsh & McLennan Companies, Inc.",NYSE,176.84,stock,common,100.00,1.00,false,0.00,USD,-2.04,2072762.00,0.96,84390043549.08,USD,21.64,8.17,-1.91,2.04,Finance,america,Finance,Neutral,Neutral,-2.04,-6.19,-7.36,5.78,2.30,-4.10,-12.66,11.11,160.17,171813.66,1.79,1.81,StrongSell,Strong sell,StrongSell,Strong sell,Sell,Sell,33.48,-16.56,-3.90,-260.13,1.91,13.43,0.00,180.52,0.00,0.00,200.00,-0.35,2072762.00,-1.30,176.84,0.00,438163.00,-11.17,21.64,0.00,3.11,5.57,16.79,17.88,50.14,105322043549.08,3.77,15.50,13.68,187.27,189.66,185.37,175.51,177.94,204.24,234.00,178.00,201.00,10.45,2.90,1.98,28575334268.00,7279532596.00,6657801084.00
[object Object],MNST,Monster Beverage Corporation,NASDAQ,42.84,stock,common,100.00,1.00,false,0.00,USD,-0.72,11770398.00,1.37,83925780272.60,USD,39.76,1.08,34.58,0.00,Consumer non-durables,america,Consumer Non-Durables,Buy,Buy,-0.72,-5.51,-5.15,-6.48,10.86,11.75,36.30,76.82,238.08,131504.82,1.40,2.05,Sell,Sell,StrongSell,Strong sell,Neutral,Neutral,29.82,-5.89,-2.87,-167.25,4.86,3.82,"falling_window_bearish,long_lower_shadow_bullish",42.88,-0.63,0.02,5076.00,-0.67,11770398.00,37.81,42.75,-0.21,2897350.00,40.33,39.76,1.16,9.25,8.96,37.83,40.37,24.77,80506524272.60,8.73,29.95,28.66,45.06,46.45,47.17,45.06,41.85,51.12,57.00,42.00,50.50,1.16,0.29,0.30,9752981367.00,2428904018.00,2485457593.00
[object Object],PRX,Prosus N.V. Class N,EURONEXT,35.73,stock,common,1000.00,5.00,false,0.00,EUR,-1.37,2881233.00,0.96,83887417338.77,USD,7.79,5.30,-4.52,0.55,Technology services,netherlands,Technology Services,Buy,Buy,-1.37,-3.55,-15.52,-9.86,-21.01,-33.55,-32.55,4.02,2.48,2.48,1.69,2.37,StrongSell,Strong sell,StrongSell,Strong sell,Sell,Sell,34.67,-2.27,-1.92,-191.39,1.02,7.38,0.00,0.00,0.00,0.00,0.00,-0.28,2881233.00,34.24,35.73,0.00,1574402.00,-35.47,7.79,0.00,9.30,1.64,55.63,59.24,5.62,85880995884.18,8.89,282.65,104.17,37.17,38.62,38.67,39.19,43.26,69.02,91.36,45.01,70.80,4.21,1.99,2.10,12396934596.75,5645526000.00,5819552000.00
[object Object],EMR,Emerson Electric Co.,NYSE,150.34,stock,common,100.00,1.00,false,0.00,USD,-1.19,2033193.00,0.93,83859646800.60,USD,32.85,4.58,-1.70,1.46,Electronic technology,america,Electronic Technology,Buy,Buy,-1.19,1.57,-5.11,8.24,12.69,12.84,13.36,45.51,185.33,7320.46,1.80,2.13,Sell,Sell,Sell,Sell,Neutral,Neutral,44.85,-4.62,-4.12,-87.59,38.46,33.44,0.00,150.47,-1.10,-1.10,126.00,-0.62,2033193.00,5.21,150.34,0.00,408961.00,14.02,32.85,0.00,4.58,4.12,21.56,24.38,38.70,95496646800.60,5.13,24.88,17.94,152.57,155.92,149.75,145.39,142.95,175.89,205.00,135.00,179.50,6.56,1.68,1.85,18876581063.00,4804533720.00,5099060319.00
[object Object],REGN,"Regeneron Pharmaceuticals, Inc.",NASDAQ,807.65,stock,common,100.00,1.00,false,0.00,USD,-0.33,567501.00,0.90,83151594411.34,USD,19.96,40.46,1.95,0.46,Health technology,america,Health Technology,Buy,Buy,-0.33,-2.25,3.32,33.65,7.04,4.31,45.00,20.49,102.78,3723.20,1.95,2.21,Neutral,Neutral,Buy,Buy,Sell,Sell,53.66,-25.91,44.37,-62.24,45.04,61.38,0.00,802.00,-1.03,-1.03,146.00,-0.80,567501.00,1.97,807.65,0.00,158875.00,46.82,19.96,10.25,5.53,2.63,18.29,22.77,10.69,77853394411.34,5.01,18.65,16.56,818.08,800.48,744.93,704.68,733.12,854.29,1030.00,737.00,857.00,54.26,10.16,16.04,17029121034.00,3817252148.00,4551847251.00
[object Object],MCO,Moody's Corporation,NYSE,474.57,stock,common,100.00,1.00,false,0.00,USD,-1.39,700684.00,1.07,82195522551.39,USD,30.09,15.77,34.03,0.84,Commercial services,america,Commercial Services,Buy,Buy,-1.39,-3.63,-0.08,5.56,10.15,-6.90,-6.15,23.30,349.11,6257.20,1.67,2.03,Sell,Sell,StrongSell,Strong sell,Sell,Sell,40.45,-38.54,-0.60,-122.80,14.51,30.43,falling_window_bearish,478.86,-0.50,-0.09,1162.00,-0.47,700684.00,12.22,474.57,0.00,162350.00,-4.71,30.09,0.90,10.29,27.17,24.95,27.91,55.36,88362522551.39,10.83,23.54,20.80,498.15,490.66,490.29,470.58,473.13,564.95,610.00,505.00,573.50,16.94,4.26,4.26,8279813590.00,2087313642.00,2072210558.00
[object Object],AMT,American Tower Corporation,NYSE,175.43,stock,common,100.00,1.00,false,0.00,USD,-0.17,1877341.00,0.89,81743370020.65,USD,24.12,7.27,164.02,3.97,Finance,america,Finance,StrongBuy,Strong buy,-0.17,-0.27,2.43,-8.68,-3.66,0.10,-9.54,-40.83,60.28,909.67,1.91,1.96,Neutral,Neutral,Neutral,Neutral,Neutral,Neutral,51.98,-3.14,2.45,6.83,42.61,47.35,doji,175.79,0.03,0.01,300.00,-0.14,1877341.00,-12.18,175.51,0.05,534569.00,-12.32,24.12,0.15,7.49,21.98,14.16,20.66,43.22,131363470020.65,12.01,26.58,18.73,175.55,174.30,171.25,176.16,177.59,215.73,260.00,188.00,210.00,6.97,1.57,1.64,11027432011.00,2699481153.00,2759901453.00
[object Object],DDOG,"Datadog, Inc. Class A",NASDAQ,225.27,stock,common,100.00,1.00,false,0.00,USD,7.15,5019533.00,1.23,80888833195.47,USD,460.20,0.49,41.43,0.00,Technology services,america,Technology Services,StrongBuy,Strong buy,7.15,2.65,-2.56,-1.47,77.04,64.13,65.02,60.91,458.29,458.29,4.35,4.75,Neutral,Neutral,Neutral,Neutral,Neutral,Neutral,46.06,2.28,-29.40,-71.74,23.31,15.06,marubozu_white_bullish,210.64,0.20,0.00,2162.00,-0.57,5019533.00,-5.42,225.00,-0.12,506946.00,62.48,460.20,10.37,19.66,18.52,68.00,70.70,16.76,77181196195.47,19.46,4054.91,463.77,224.09,241.66,248.18,224.06,176.78,287.70,330.00,158.00,295.00,2.53,0.58,0.64,4469918875.00,1079748993.00,1143776855.00
[object Object],CVNA,Carvana Co. Class A,NYSE,73.41,stock,common,100.00,1.00,false,0.00,USD,-1.75,6085312.00,1.05,80785048721.24,USD,34.05,2.16,169.88,0.00,Retail trade,america,Retail Trade,Buy,Buy,-1.75,2.04,3.39,9.55,22.65,-12.96,-1.68,12.09,2618.89,2618.89,3.81,4.46,Buy,Buy,StrongBuy,Strong buy,Neutral,Neutral,53.57,-2.36,4.28,56.75,73.08,76.21,0.00,74.37,-0.47,-0.27,21964.00,-0.29,6085312.00,4.81,73.32,-0.12,1082794.00,4.02,34.05,0.20,2.21,13.10,48.50,58.47,16.74,84467048721.24,3.37,37.74,33.65,73.80,71.13,69.21,70.33,73.12,82.97,120.00,60.00,83.00,1.62,0.39,0.44,28899782258.00,6897393966.00,7606463373.00
[object Object],EL,EssilorLuxottica SA,EURONEXT,149.00,stock,common,100.00,5.00,false,0.00,EUR,-0.40,1121237.00,1.41,80524708608.18,USD,27.84,6.11,3.83,2.67,Health technology,france,Health Technology,StrongBuy,Strong buy,-0.40,-6.08,-13.77,-15.63,-28.95,-44.51,-43.35,-12.66,28.34,2685.05,3.27,2.44,Sell,Sell,StrongSell,Strong sell,Neutral,Neutral,30.10,-10.20,-12.13,-150.52,14.21,10.73,0.00,0.00,0.00,0.00,0.00,-1.10,1121237.00,80.19,149.00,0.00,451476.00,-38.34,27.84,7.29,2.37,1.75,13.09,16.73,35.84,96910603808.18,2.90,23.44,12.57,154.74,161.85,164.52,169.93,207.91,288.23,419.24,202.07,290.33,8.61,4.43,4.06,35604383042.26,17037484875.67,18412533779.00
[object Object],CTAS,Cintas Corporation,NASDAQ,200.04,stock,common,100.00,1.00,false,0.00,USD,-0.23,2288492.00,1.42,80049917915.39,USD,40.76,4.91,11.52,0.93,Commercial services,america,Commercial Services,Buy,Buy,-0.23,-0.27,-0.82,10.55,2.91,6.64,-0.85,100.47,579.14,84003.60,1.33,1.56,Neutral,Neutral,Neutral,Neutral,Neutral,Neutral,47.89,-4.72,-4.16,-91.23,28.52,30.05,0.00,198.36,-1.07,-1.07,160.00,-0.75,2288492.00,40.79,200.04,0.00,421897.00,-4.33,40.76,3.55,7.20,15.57,35.64,43.16,279.84,82466856915.39,7.32,31.47,26.32,201.66,203.01,198.47,185.55,187.01,217.40,250.00,175.00,225.00,5.50,1.24,1.35,12215977012.00,2872591073.00,2977671385.00
[object Object],ENI,Eni S.p.A.,MIL,23.95,stock,common,1000.00,5.00,false,0.00,EUR,1.91,8728416.00,1.10,79898378000.09,USD,14.00,1.95,116.81,4.47,Energy minerals,italy,Energy Minerals,Buy,Buy,1.91,0.00,3.01,1.48,8.86,48.11,62.35,125.52,71.32,341.65,1.78,1.80,Buy,Buy,StrongBuy,Strong buy,Neutral,Neutral,57.09,0.93,0.04,53.45,45.96,38.31,rising_window_bullish,0.00,0.00,0.00,0.00,1.09,8728416.00,2.18,23.95,0.00,11135.00,53.69,14.00,0.12,0.85,1.52,5.52,20.14,4.77,118062773950.09,1.25,16.95,7.91,23.39,23.59,22.79,22.77,20.84,30.01,34.87,22.09,30.22,3.16,0.82,0.89,113288634294.50,32921650334.84,31800515212.39
[object Object],MDLZ,"Mondelez International, Inc. Class A",NASDAQ,62.42,stock,common,100.00,1.00,false,0.00,USD,1.28,8545090.00,1.09,79667145704.36,USD,22.90,2.73,-0.44,3.25,Consumer non-durables,america,Consumer Non-Durables,Buy,Buy,1.28,1.25,0.35,-2.91,13.84,15.72,0.94,2.48,41.90,202.87,2.04,1.78,Buy,Buy,StrongBuy,Strong buy,Neutral,Neutral,50.87,-0.57,-0.85,-60.39,23.13,17.35,0.00,60.99,-1.04,-0.75,4270.00,-0.84,8545090.00,-15.25,61.74,-1.08,1388706.00,0.49,22.90,0.00,2.00,3.00,18.11,26.04,45.67,100020145704.36,2.52,15.91,13.04,62.07,62.69,61.59,61.20,59.16,69.05,74.00,55.00,70.00,3.05,0.68,0.72,40209506338.00,9205897920.00,9991604133.00
[object Object],G,Assicurazioni Generali S.p.A.,MIL,44.50,stock,common,100.00,1.00,false,0.00,EUR,0.07,2836537.00,0.96,79004656014.12,USD,15.11,3.36,18.12,3.69,Finance,italy,Finance,Neutral,Neutral,0.07,0.72,-0.63,8.56,32.44,24.41,35.01,150.77,273.95,193.54,1.81,1.46,Buy,Buy,StrongBuy,Strong buy,Neutral,Neutral,57.43,0.42,0.49,34.91,83.14,88.98,0.00,0.00,0.00,0.00,0.00,-0.43,2836537.00,-15.09,0.00,0.00,0.00,33.73,15.11,0.83,0.96,2.10,3.04,3.09,0.00,130462830164.12,1.62,0.00,0.00,44.42,44.10,43.48,41.60,38.22,49.67,84.86,33.13,49.99,3.76,1.83,1.81,121521381856.00,0.00,0.00
[object Object],CDNS,"Cadence Design Systems, Inc.",NASDAQ,284.60,stock,common,100.00,1.00,false,0.00,USD,0.17,2275751.00,0.84,78376845287.67,USD,56.62,5.03,36.00,0.00,Technology services,america,Technology Services,StrongBuy,Strong buy,0.17,-8.96,-15.63,-25.50,-2.13,-9.85,-21.38,71.76,999.69,15367.39,3.70,3.22,Sell,Sell,StrongSell,Strong sell,Neutral,Neutral,28.72,-47.30,-29.24,-184.83,4.90,5.65,spinning_top_white,282.00,-0.74,0.84,5467.00,-0.09,2275751.00,-48.33,285.34,0.26,535911.00,-10.76,56.62,1.57,13.44,11.43,42.37,46.82,51.30,79327010287.67,13.59,43.28,36.80,314.74,323.70,338.02,351.07,326.92,409.35,470.00,300.00,420.00,8.14,2.05,2.04,6320101482.00,1576923481.00,1611868113.00
[object Object],HPE,Hewlett Packard Enterprise Co.,NYSE,58.90,stock,common,100.00,1.00,false,0.00,USD,5.12,30009414.00,1.03,78187670403.20,USD,30.71,1.92,142.21,1.00,Electronic technology,america,Electronic Technology,Buy,Buy,5.12,13.29,6.32,30.89,169.20,142.59,151.49,306.49,389.17,447.87,8.40,5.42,StrongBuy,Strong buy,StrongBuy,Strong buy,Buy,Buy,62.79,5.46,0.64,103.59,83.12,66.42,rising_window_bullish,57.01,1.75,-0.34,152659.00,1.62,30009414.00,8.59,58.84,-0.10,2814108.00,127.94,30.71,0.21,1.94,2.95,12.75,20.54,13.59,92215670403.20,2.20,27.43,13.46,53.83,53.48,50.54,44.49,33.63,68.68,88.00,52.00,68.00,3.80,0.93,1.25,46449314370.00,11968872218.00,14238344252.00
[object Object],NG.,National Grid plc,LSE,1136.50,stock,common,10.00,5.00,false,0.00,GBX,-0.92,11570028.00,1.10,78028283340.62,USD,17.43,0.86,8.18,4.23,Utilities,uk,Utilities,Buy,Buy,-0.92,-2.90,-5.29,-5.53,-16.34,-0.13,9.91,31.11,14.92,163.09,2.02,1.75,StrongSell,Strong sell,StrongSell,Strong sell,Neutral,Neutral,34.78,-49.00,-37.74,-100.86,16.85,20.00,0.00,0.00,0.00,0.00,0.00,0.26,11570028.00,-19.09,1136.50,0.00,6621080.00,14.21,17.43,2.15,3.23,1.44,9.07,0.00,20.00,137516644740.62,5.88,20.62,14.27,1155.35,1177.50,1200.23,1223.69,1233.86,18.46,20.30,15.56,18.61,1.18,0.64,0.47,25888949860.87,16066999710.00,10306835650.80
[object Object],DBK,Deutsche Bank Aktiengesellschaft,XETR,35.04,stock,common,1000.00,5.00,false,0.00,EUR,-1.99,5676291.00,1.07,77848958145.63,USD,10.60,3.77,9.31,2.80,Finance,germany,Finance,Buy,Buy,-1.99,0.11,6.25,29.35,39.08,5.83,16.01,227.17,191.70,78.35,1.88,1.98,Buy,Buy,StrongBuy,Strong buy,Sell,Sell,62.76,0.41,2.03,66.73,90.46,94.36,0.00,35.40,-0.98,-0.81,3201.00,-1.44,5676291.00,84.28,34.98,-0.19,2263437.00,13.82,10.60,1.16,2.09,0.96,0.00,0.00,0.00,103420533245.63,1.50,0.00,0.00,35.08,33.61,32.65,30.42,30.27,41.85,50.81,36.00,41.81,3.91,0.84,0.99,38968860282.61,9295052888.50,9553997981.41
[object Object],SHW,Sherwin-Williams Company,NYSE,320.64,stock,common,100.00,1.00,false,0.00,USD,-1.67,1259171.00,0.86,77837976655.05,USD,29.56,10.85,7.71,0.98,Process industries,america,Process Industries,Buy,Buy,-1.67,-3.99,-12.95,5.02,-0.27,-0.81,-13.57,8.99,237.29,64028.00,1.76,1.80,StrongSell,Strong sell,StrongSell,Strong sell,Sell,Sell,33.30,-29.81,-16.15,-162.21,8.30,11.70,0.00,321.58,-1.38,-1.02,1171.00,-0.99,1259171.00,4.22,320.80,0.05,259867.00,-11.16,29.56,3.90,3.29,20.20,20.29,24.55,268.75,92576176655.05,3.79,22.94,19.44,335.14,348.24,342.17,329.58,334.13,393.43,420.00,360.00,396.00,12.11,3.52,3.70,25144564897.00,6602129172.00,6787972307.00
[object Object],APO,Apollo Global Management Inc,NYSE,130.98,stock,common,100.00,1.00,false,0.00,USD,-0.63,2436839.00,1.13,77349348591.38,USD,49.54,2.64,-50.12,1.63,Finance,america,Finance,Buy,Buy,-0.63,-0.21,3.18,-0.18,28.92,-9.68,-1.44,114.23,608.00,600.43,2.40,2.88,Sell,Sell,Sell,Sell,Sell,Sell,48.05,-2.20,1.47,-109.09,30.64,35.37,0.00,131.81,0.00,0.00,100.00,-0.29,2436839.00,-21.24,130.98,0.00,532483.00,2.37,49.54,0.00,2.23,3.85,7.96,7.96,2.79,84285348591.38,2.34,10.97,9.08,133.37,132.43,127.58,128.44,127.82,154.47,173.00,130.00,157.00,8.77,2.16,2.27,23134770242.00,5648931264.00,5898045399.00
[object Object],EOG,"EOG Resources, Inc.",NYSE,147.01,stock,common,100.00,1.00,false,0.00,USD,1.14,2496568.00,0.84,77111034312.06,USD,11.44,12.85,25.00,2.81,Energy minerals,america,Energy Minerals,Buy,Buy,1.14,-0.26,7.17,3.56,10.24,40.01,24.18,120.50,54.45,5780.40,1.86,1.87,Buy,Buy,StrongBuy,Strong buy,Neutral,Neutral,53.76,0.18,1.98,15.17,28.35,31.07,0.00,147.50,1.47,1.68,480.00,1.50,2496568.00,-1.29,147.01,0.00,431366.00,18.68,11.44,0.45,2.88,2.42,5.82,11.75,15.85,80454034312.06,3.01,8.58,5.60,145.85,145.08,142.09,139.01,129.07,161.86,193.00,138.00,157.50,16.59,4.97,3.94,28026923364.00,8044916167.00,6807439133.00
[object Object],BA.,BAE Systems plc,LSE,1898.50,stock,common,10.00,5.00,false,0.00,GBX,-2.32,6477959.00,1.23,77018006002.19,USD,27.19,0.93,7.38,1.87,Electronic technology,uk,Electronic Technology,Buy,Buy,-2.32,-5.69,-13.82,-2.04,-17.28,10.80,5.94,245.18,245.18,4863.40,1.74,1.87,StrongSell,Strong sell,StrongSell,Strong sell,Sell,Sell,26.14,-199.50,-147.01,-131.54,1.52,1.75,falling_window_bearish,0.00,0.00,0.00,0.00,-1.60,6477959.00,73.73,1898.50,0.00,1943362.00,12.01,27.19,3.77,2.00,4.49,10.57,12.68,13.16,83743907002.19,2.15,23.69,16.44,1995.30,2111.50,2033.94,1989.50,1993.00,31.75,35.46,23.01,32.48,1.13,0.49,0.62,44800084270.60,20806681867.65,23909688361.75
[object Object],TRV,"Travelers Companies, Inc.",NYSE,366.85,stock,common,100.00,1.00,false,0.00,USD,0.33,1515429.00,1.10,76515743994.01,USD,9.82,37.35,65.14,1.24,Finance,america,Finance,Neutral,Neutral,0.33,0.17,-4.09,20.45,20.12,27.11,33.96,132.17,210.78,8167.04,1.80,1.63,Neutral,Neutral,Neutral,Neutral,Neutral,Neutral,49.52,-2.81,-6.18,-95.83,47.52,58.07,0.00,362.86,-0.77,-0.31,3820.00,-0.73,1515429.00,20.42,366.85,0.00,340452.00,22.67,9.82,0.15,1.59,2.31,7.11,7.11,0.00,85583743994.01,1.75,0.00,0.00,368.26,371.68,364.61,334.14,313.22,366.08,430.00,297.00,368.00,34.08,5.41,6.77,43950523152.00,11257970125.00,11313606000.00
[object Object],CMI,Cummins Inc.,NYSE,554.76,stock,common,100.00,1.00,false,0.00,USD,-1.21,1087337.00,1.04,76370750670.95,USD,28.35,19.57,-7.96,1.46,Producer manufacturing,america,Producer Manufacturing,Buy,Buy,-1.21,1.79,-14.57,-13.82,2.24,8.68,39.85,136.82,364.86,12857.90,1.72,2.28,StrongSell,Strong sell,StrongSell,Strong sell,Sell,Sell,32.57,-17.91,-55.24,-76.22,20.83,15.57,spinning_top_black,555.01,-1.16,-0.37,80.00,-0.86,1087337.00,41.18,554.65,-0.02,204875.00,40.37,28.35,0.00,2.24,5.94,16.53,22.82,19.58,81791750670.95,2.36,20.60,16.07,560.59,602.21,627.53,650.37,600.95,781.63,894.00,675.00,782.00,29.54,7.21,8.20,37614342811.00,9330272673.00,9820916609.00
[object Object],ECL,Ecolab Inc.,NYSE,272.21,stock,common,100.00,1.00,false,0.00,USD,-2.12,1051529.00,0.80,76308239494.81,USD,36.52,7.45,-0.32,1.02,Process industries,america,Process Industries,Buy,Buy,-2.12,-3.36,-4.24,5.07,-2.16,4.22,-0.59,18.61,122.39,12255.63,1.74,1.76,Sell,Sell,StrongSell,Strong sell,Sell,Sell,38.02,-17.33,-1.83,-135.15,11.45,18.88,0.00,275.21,-1.04,-0.76,145.00,-0.76,1051529.00,-31.35,272.00,-0.08,236277.00,1.25,36.52,0.00,4.66,7.59,25.13,40.98,14.96,85120639494.81,5.05,27.74,20.77,281.52,281.78,278.57,270.09,273.03,326.14,360.00,295.00,330.00,8.16,2.08,2.17,17867108860.00,4382614100.00,4697378826.00
[object Object],MSI,"Motorola Solutions, Inc.",NYSE,459.89,stock,common,100.00,1.00,false,0.00,USD,-0.67,893965.00,0.98,76108933720.93,USD,36.22,12.70,2.19,1.02,Electronic technology,america,Electronic Technology,Buy,Buy,-0.67,-6.46,-2.15,11.78,-1.26,19.98,-3.61,87.31,499.05,32106.26,1.73,1.98,Neutral,Neutral,Neutral,Neutral,Neutral,Neutral,45.67,-25.50,10.16,-102.57,13.79,26.95,0.00,462.85,-0.03,0.00,864.00,0.19,893965.00,-14.67,461.13,0.27,135884.00,0.33,36.22,16.69,6.33,28.48,25.86,28.72,108.30,85033933720.93,6.95,27.47,23.00,477.84,466.59,446.77,430.29,423.56,530.50,550.00,476.00,530.00,17.70,3.85,4.42,12972252979.00,3001855778.00,3253389429.00
[object Object],SNPS,"Synopsys, Inc.",NASDAQ,393.22,stock,common,100.00,1.00,false,0.00,USD,0.30,1379947.00,0.59,75355360311.81,USD,69.47,5.66,-55.68,0.00,Technology services,america,Technology Services,Buy,Buy,0.30,-4.97,-5.48,-14.10,-6.15,-17.90,-35.64,16.89,556.68,5418.88,3.93,3.51,Sell,Sell,StrongSell,Strong sell,Sell,Sell,42.57,-15.57,-0.16,-103.89,15.01,22.27,spinning_top_white,391.60,-0.11,0.25,6178.00,-0.17,1379947.00,-36.85,394.01,0.20,211371.00,-27.25,69.47,0.00,8.01,2.42,25.74,27.52,20.94,82585066311.81,8.78,72.53,27.32,418.33,407.43,410.28,447.10,447.27,552.89,633.00,420.00,570.00,15.14,3.67,4.13,9722558747.00,2437656923.00,2558302532.00
[object Object],ITW,Illinois Tool Works Inc.,NYSE,263.99,stock,common,100.00,1.00,false,0.00,USD,-1.75,1282070.00,1.23,75184349460.22,USD,23.93,11.03,-3.18,2.40,Producer manufacturing,america,Producer Manufacturing,Neutral,Neutral,-1.75,-2.42,-10.87,5.21,-1.42,7.03,-0.43,18.91,121.54,28058.93,1.52,1.63,StrongSell,Strong sell,StrongSell,Strong sell,Sell,Sell,29.99,-17.66,-15.54,-144.82,10.44,15.22,0.00,0.00,0.00,0.00,0.00,-0.58,1282070.00,21.70,263.99,0.00,197867.00,0.63,23.93,0.00,4.68,25.98,22.75,25.94,90.30,84040349460.22,5.10,19.26,17.64,273.61,284.01,280.18,268.99,267.15,305.92,350.00,267.00,300.00,11.43,2.79,2.96,16829967861.00,4189261791.00,4252864828.00
[object Object],DG,VINCI SA,EURONEXT,111.80,stock,common,100.00,5.00,false,0.00,EUR,-2.36,825805.00,0.91,74927041201.93,USD,12.41,10.28,8.24,4.37,Industrial services,france,Industrial Services,Buy,Buy,-2.36,-1.67,-10.99,-9.22,-13.13,-6.09,-4.85,24.22,66.10,984.38,1.53,1.62,StrongSell,Strong sell,StrongSell,Strong sell,Sell,Sell,33.67,-7.70,-6.30,-89.85,17.31,20.59,0.00,0.00,0.00,0.00,0.00,-0.79,825805.00,21.00,111.80,0.00,471207.00,-1.63,12.41,1.54,0.84,2.03,5.17,7.59,4.03,107694181801.93,1.24,10.11,6.90,113.50,119.37,119.70,123.23,124.98,167.22,190.06,138.33,168.56,10.83,4.05,6.64,89972808843.64,40049102633.75,47659801352.90
[object Object],NWG,NatWest Group Plc,LSE,688.00,stock,common,10.00,2.00,false,0.00,GBX,-1.21,10150551.00,0.78,74822759629.93,USD,9.23,0.99,24.79,5.03,Finance,uk,Finance,Buy,Buy,-1.21,0.67,-3.10,17.49,21.25,5.36,32.51,207.14,216.27,-54.21,1.77,1.54,Sell,Sell,Sell,Sell,Sell,Sell,48.58,-2.20,-0.37,-36.40,72.22,74.91,spinning_top_black,0.00,0.00,0.00,0.00,-1.01,10150551.00,-0.44,688.00,0.00,3886030.00,32.66,9.23,0.38,3.07,1.41,0.00,0.00,0.00,195736054729.93,4.80,0.00,0.00,690.08,696.80,686.19,642.48,629.40,10.81,11.92,8.80,10.79,1.01,0.23,0.26,24402690281.79,5825987532.84,6275969771.23
[object Object],MUV2,Munchener Ruckversicherungs-Gesellschaft AG,XETR,496.00,stock,common,10.00,2.00,false,0.00,EUR,-1.27,368089.00,1.29,74152435960.35,USD,9.24,61.31,39.07,4.78,Finance,germany,Finance,Neutral,Neutral,-1.27,-5.63,-3.88,7.43,-7.05,-11.78,-6.87,106.32,202.16,674.97,2.13,1.59,StrongSell,Strong sell,StrongSell,Strong sell,Sell,Sell,34.58,-19.80,-1.52,-305.61,14.81,38.56,0.00,500.60,-0.36,-0.32,136.00,-0.94,368089.00,-2.87,496.80,0.16,129654.00,-3.88,9.24,0.24,0.90,1.86,0.00,0.00,0.00,82937070610.35,1.03,0.00,0.00,516.60,517.03,513.73,498.12,517.68,648.58,734.52,557.86,653.74,60.25,16.31,12.39,73895181686.74,18730114680.05,18624761342.05
[object Object],CI,Cigna Group,NYSE,278.17,stock,common,100.00,1.00,false,0.00,USD,0.85,1549553.00,1.08,73503778819.03,USD,11.50,24.18,32.04,2.23,Health services,america,Health Services,Buy,Buy,0.85,-1.74,-1.55,-6.30,3.03,0.55,-8.09,30.60,119.86,4691.54,1.91,1.84,Sell,Sell,StrongSell,Strong sell,Buy,Buy,47.55,-1.15,0.17,-52.65,40.24,58.65,spinning_top_black,280.10,1.55,0.11,1044.00,1.15,1549553.00,-2.56,278.17,0.00,295196.00,-6.82,11.50,0.36,0.26,1.72,7.14,8.06,0.00,105671778819.03,0.37,0.00,0.00,280.22,279.43,283.30,283.98,279.62,341.17,400.00,297.00,340.00,30.50,7.60,7.51,287119820844.00,70142525071.00,72647737129.00
[object Object],GM,General Motors Company,NYSE,83.76,stock,common,100.00,1.00,false,0.00,USD,-2.37,7710909.00,1.25,73495341614.67,USD,42.25,1.98,-68.57,0.77,Consumer durables,america,Consumer Durables,Buy,Buy,-2.37,-2.20,-4.19,4.65,13.82,2.89,44.07,71.11,162.98,139.31,2.52,2.26,Sell,Sell,Sell,Sell,Sell,Sell,43.84,-2.05,-0.62,-132.37,44.19,58.99,0.00,84.75,-1.21,0.05,8451.00,-0.66,7710909.00,23.58,83.99,0.27,1086078.00,35.44,42.25,0.00,0.42,1.22,3.28,125.78,2.75,175115341614.67,0.94,96.54,11.67,86.01,86.79,83.60,81.38,80.03,103.81,132.00,61.00,102.00,13.45,3.19,3.66,185684445728.00,47011489804.00,48742041978.00
[object Object],NOC,Northrop Grumman Corp.,NYSE,515.57,stock,common,100.00,1.00,false,0.00,USD,-0.58,690527.00,0.94,73243440882.40,USD,16.35,31.54,15.97,1.84,Electronic technology,america,Electronic Technology,Buy,Buy,-0.58,-3.60,-10.34,-5.20,-30.32,-9.48,-11.18,43.08,143.17,23970.31,1.98,2.05,Sell,Sell,StrongSell,Strong sell,Neutral,Neutral,35.25,-26.95,-28.53,-109.79,4.92,5.17,0.00,520.00,0.27,0.48,558.00,0.60,690527.00,-42.83,515.57,0.00,104156.00,-10.55,16.35,1.03,1.72,4.10,14.46,20.14,31.82,87988440882.40,2.05,19.14,14.37,531.45,552.13,544.52,549.28,602.41,653.91,815.00,538.00,646.50,28.94,6.82,7.17,44065953139.00,10801413407.00,11134636398.00
[object Object],FDX,FedEx Corporation,NYSE,309.19,stock,common,100.00,1.00,false,0.00,USD,-1.57,1324239.00,0.87,73176134688.91,USD,16.68,18.54,9.93,1.77,Transportation,america,Transportation,Buy,Buy,-1.57,-5.00,-2.65,-4.83,8.25,32.89,71.06,48.17,134.25,40184.74,1.75,2.30,Sell,Sell,StrongSell,Strong sell,Sell,Sell,37.73,-24.52,-3.63,-210.94,10.12,17.79,falling_window_bearish,312.50,-0.52,0.00,690.00,-0.72,1324239.00,-21.06,309.19,0.00,285898.00,40.90,16.68,1.71,0.80,2.34,8.35,14.57,5.50,102572134688.91,1.08,15.49,9.33,323.73,322.83,319.03,318.59,292.53,369.41,479.00,269.80,362.50,17.69,4.55,3.52,92011355976.00,22623710992.00,23198359175.00
[object Object],VOLV_B,Volvo AB Class B,OMXSTO,341.00,stock,common,10.00,1.00,false,0.00,SEK,-1.50,2577428.00,0.94,73161953896.26,USD,19.35,1.81,-5.84,2.46,Producer manufacturing,sweden,Producer Manufacturing,Buy,Buy,-1.50,-0.73,-4.08,10.00,3.33,14.85,24.41,80.33,250.82,809.32,2.13,1.75,Sell,Sell,Sell,Sell,Sell,Sell,43.78,-10.30,-5.57,-36.89,55.45,64.85,0.00,0.00,0.00,0.00,0.00,-0.49,2577428.00,28.25,0.00,0.00,0.00,22.13,19.35,0.00,1.49,3.93,13.91,21.30,14.73,95335045096.26,1.97,16.92,11.86,345.73,349.73,347.16,333.71,323.79,37.97,46.71,29.06,39.03,2.33,0.54,0.57,54108436472.48,12683187775.37,12891254409.21
[object Object],NSC,Norfolk Southern Corporation,NYSE,323.30,stock,common,100.00,1.00,false,0.00,USD,-1.41,1049348.00,0.99,72615888321.72,USD,27.60,11.71,-20.86,1.65,Transportation,america,Transportation,Neutral,Neutral,-1.41,-3.17,-2.94,4.63,10.41,11.91,17.35,29.74,243.94,9100.82,1.43,1.68,Sell,Sell,StrongSell,Strong sell,Sell,Sell,34.64,-27.94,-12.11,-136.48,8.55,9.89,0.00,0.00,0.00,0.00,0.00,-0.56,1049348.00,-17.62,323.30,0.00,299645.00,18.78,27.60,0.00,5.88,4.47,19.49,44.60,68.05,88162888321.72,7.03,21.90,16.22,336.36,338.96,335.60,323.47,309.38,366.76,414.00,297.00,376.00,12.98,3.32,3.59,13253939229.00,3377964312.00,3451205479.00
[object Object],ROST,"Ross Stores, Inc.",NASDAQ,225.27,stock,common,100.00,1.00,false,0.00,USD,-1.76,1625058.00,0.74,71963204702.74,USD,27.22,8.28,31.42,0.74,Retail trade,america,Retail Trade,Buy,Buy,-1.76,-2.23,-11.67,-4.12,7.48,24.74,49.88,96.97,259.63,40512.02,1.41,2.30,Sell,Sell,StrongSell,Strong sell,Sell,Sell,36.00,-15.92,-11.36,-106.16,20.27,27.57,0.00,227.51,-0.78,-0.16,329.00,-0.99,1625058.00,-37.75,225.27,0.00,347601.00,50.44,27.22,0.88,2.99,10.68,19.66,25.79,16.70,72392903702.74,2.95,23.22,19.80,230.03,240.83,235.16,230.57,213.29,275.47,310.00,234.00,285.00,8.49,1.95,1.84,25716429673.00,6160906587.00,6208240590.00
[object Object],DHL,DHL AG,XETR,54.44,stock,common,100.00,2.00,false,0.00,EUR,-1.23,1172222.00,0.84,71714666021.16,USD,16.66,3.73,10.78,3.45,Transportation,germany,Transportation,Neutral,Neutral,-1.23,-1.05,-1.34,7.04,20.44,16.95,39.16,-5.58,97.86,152.50,1.50,1.43,Sell,Sell,Sell,Sell,Sell,Sell,39.26,-2.38,-1.12,-110.58,30.18,33.95,0.00,54.70,-0.76,-0.44,650.00,-0.58,1172222.00,26.64,54.24,-0.37,735009.00,38.64,16.66,1.57,0.73,2.71,6.75,9.88,14.24,99856418071.16,1.03,13.16,7.54,55.48,55.83,56.17,53.08,50.09,65.53,75.49,52.26,68.52,4.12,1.05,0.95,102618890491.32,24018391083.54,25244037196.73
[object Object],TGT,Target Corporation,NYSE,157.52,stock,common,100.00,1.00,false,0.00,USD,-3.19,3383707.00,0.87,71560827474.01,USD,16.35,9.64,12.34,2.81,Retail trade,america,Retail Trade,Neutral,Neutral,-3.19,-3.96,5.62,22.08,35.33,60.88,72.17,-35.96,124.07,21426.07,2.04,2.74,Neutral,Neutral,Buy,Buy,Neutral,Neutral,50.43,-5.95,8.90,-21.29,53.37,65.65,0.00,162.00,-0.44,-0.36,590.00,-0.42,3383707.00,27.19,158.17,0.41,771034.00,76.85,16.35,1.37,0.69,4.01,8.25,16.14,13.29,85239827474.01,0.79,13.79,9.11,162.98,156.48,147.96,138.08,123.23,163.41,200.00,125.00,160.00,10.08,2.35,2.05,109970977004.00,26132443365.00,26370389396.00
[object Object],ENGI,ENGIE S.A.,EURONEXT,24.05,stock,common,100.00,1.00,false,0.00,EUR,-0.29,4537178.00,1.25,71243219721.00,USD,15.18,1.81,-22.97,5.60,Utilities,france,Utilities,StrongBuy,Strong buy,-0.29,-1.80,-10.06,-10.99,-11.97,7.32,35.38,99.98,66.96,-14.14,1.94,1.96,Sell,Sell,StrongSell,Strong sell,Neutral,Neutral,34.55,-0.91,-1.64,-63.96,30.18,27.94,0.00,0.00,0.00,0.00,0.00,0.41,4537178.00,52.66,24.05,0.00,2359347.00,42.80,15.18,0.00,0.89,1.82,7.68,54.39,4.41,153215706371.00,1.90,14.50,9.68,24.17,25.39,26.06,26.65,25.97,35.92,39.40,31.29,35.92,2.40,0.00,0.00,87912023763.03,0.00,0.00
[object Object],NDA_FI,Nordea Bank Abp,OMXHEX,17.61,stock,common,1000.00,5.00,false,0.00,EUR,-1.04,3417602.00,1.00,70176569167.95,USD,12.78,1.57,-0.41,7.31,Finance,finland,Finance,Buy,Buy,-1.04,-0.14,0.71,11.07,12.85,9.31,29.92,73.33,99.66,206.26,1.37,1.27,Buy,Buy,StrongBuy,Strong buy,Neutral,Neutral,53.77,0.13,0.30,38.08,77.30,87.02,0.00,0.00,0.00,0.00,0.00,-0.73,3417602.00,69.56,0.00,0.00,0.00,30.67,12.78,0.00,3.32,1.92,2.90,2.91,0.00,321437811767.95,10.15,0.00,0.00,17.70,17.49,17.32,16.71,16.31,21.36,23.92,16.26,21.96,1.72,0.40,0.43,14215866032.73,3403572634.50,3540312742.48
[object Object],CL,Colgate-Palmolive Company,NYSE,88.03,stock,common,100.00,1.00,false,0.00,USD,-0.43,4798384.00,1.18,70175123657.05,USD,34.82,2.53,-28.95,2.38,Consumer non-durables,america,Consumer Non-Durables,Buy,Buy,-0.43,-2.29,-4.83,-2.36,-1.19,11.53,4.71,12.76,19.40,9422.21,1.37,1.56,Sell,Sell,StrongSell,Strong sell,Neutral,Neutral,37.60,-3.30,-2.11,-176.65,10.22,13.67,spinning_top_white,88.00,-0.46,-0.43,800.00,-0.52,4798384.00,16.24,88.03,0.00,1183833.00,6.04,34.82,0.00,3.37,297.35,15.84,18.30,48.58,76909123657.05,3.65,16.73,14.68,89.86,91.23,91.67,89.87,87.81,99.53,110.00,87.00,101.00,3.87,0.95,0.93,21425524783.00,5357637786.00,5340945357.00
[object Object],DLR,"Digital Realty Trust, Inc.",NYSE,189.08,stock,common,100.00,1.00,false,0.00,USD,-0.22,1497764.00,0.68,70148437649.33,USD,91.97,2.06,-46.12,2.58,Finance,america,Finance,StrongBuy,Strong buy,-0.22,3.40,-2.05,5.03,5.08,22.27,17.44,18.81,86.69,1475.67,2.11,2.37,Neutral,Neutral,Neutral,Neutral,Neutral,Neutral,49.53,-3.24,-4.82,-28.14,51.67,44.26,0.00,0.00,0.00,0.00,0.00,-0.23,1497764.00,-5.03,189.08,0.00,368990.00,23.77,91.97,0.00,10.00,2.62,23.04,0.00,36.66,90972105649.33,13.28,69.42,27.50,187.84,191.43,186.65,189.55,179.17,223.55,250.00,197.00,224.00,2.71,0.48,0.52,7084717167.00,1657575075.00,1749511925.00
[object Object],WBD,"Warner Bros. Discovery, Inc. Series A",NASDAQ,27.91,stock,common,100.00,1.00,false,0.00,USD,-0.75,9909271.00,0.61,70073733123.75,USD,0.00,-1.27,-521.59,0.00,Consumer services,america,Consumer Services,Neutral,Neutral,-0.75,-1.66,4.24,6.24,1.53,-3.06,126.27,3.72,11.64,312.11,0.66,1.10,Neutral,Neutral,Buy,Buy,Sell,Sell,50.04,-0.99,0.86,-84.65,12.17,28.93,0.00,28.06,-0.21,-0.21,1844.00,-0.21,9909271.00,-29.90,27.98,0.25,1486425.00,141.53,0.00,0.00,2.00,2.13,21.00,32.97,20.93,100097733123.75,2.77,39.53,13.16,28.43,27.65,27.14,27.06,27.34,30.07,31.00,26.00,31.00,-1.15,-0.14,-0.03,36171781391.00,9251346384.00,8739691853.00
[object Object],KMI,Kinder Morgan Inc Class P,NYSE,31.41,stock,common,100.00,1.00,false,0.00,USD,-1.78,11616913.00,1.06,69943849880.06,USD,20.26,1.55,27.19,3.69,Industrial services,america,Industrial Services,Buy,Buy,-1.78,-1.97,1.06,-2.30,-6.38,14.26,17.95,96.31,37.52,-0.91,2.31,2.37,Sell,Sell,StrongSell,Strong sell,Sell,Sell,46.50,0.47,-0.08,-22.98,44.55,44.87,0.00,32.20,0.69,0.28,9789.00,0.72,11616913.00,-34.88,31.43,0.06,2289929.00,19.86,20.26,0.76,3.98,2.21,10.14,19.22,587.29,103320849880.06,5.77,19.50,13.28,31.78,31.69,31.92,32.04,31.13,36.35,43.00,32.00,36.00,1.52,0.32,0.31,18323469354.00,4224256330.00,4414290678.00
[object Object],RCL,Royal Caribbean Group,NYSE,259.76,stock,common,100.00,1.00,false,0.00,USD,-1.79,2412068.00,1.34,69666327174.94,USD,16.04,16.19,22.04,1.89,Consumer services,america,Consumer Services,Buy,Buy,-1.79,-3.12,-17.54,-2.81,-4.25,-6.73,-25.77,224.09,288.46,2746.68,1.79,2.36,StrongSell,Strong sell,StrongSell,Strong sell,Sell,Sell,22.84,-32.53,-32.47,-120.08,5.99,6.57,falling_window_bearish,262.30,-0.83,-0.17,12625.00,-1.32,2412068.00,-14.00,259.50,-0.10,415224.00,-26.13,16.04,0.74,3.79,6.79,10.26,0.00,79.56,92534327174.94,4.95,18.28,13.49,270.93,296.54,295.00,287.23,287.93,350.32,415.00,297.00,355.00,17.76,3.98,6.33,19545145098.00,4817113629.00,5594056393.00
[object Object],ORLY,"O'Reilly Automotive, Inc.",NASDAQ,86.08,stock,common,100.00,1.00,false,0.00,USD,0.22,6187148.00,1.18,69635346497.84,USD,27.37,3.14,12.47,0.00,Retail trade,america,Retail Trade,StrongBuy,Strong buy,0.22,-2.14,-7.54,-4.84,-7.99,-5.14,-18.59,118.09,357.87,52872.28,1.75,1.88,Sell,Sell,StrongSell,Strong sell,Neutral,Neutral,39.06,-4.24,-2.92,-137.93,15.58,15.33,0.00,0.00,0.00,0.00,0.00,-0.47,6187148.00,-23.40,86.08,0.00,1373639.00,-20.15,27.37,2.19,3.83,0.00,21.69,33.09,272.14,78960598497.84,4.25,21.74,18.94,87.68,89.93,88.85,89.85,92.04,108.60,120.00,97.00,110.00,3.29,0.86,0.93,19111113062.00,4864050685.00,4996498506.00
[object Object],HLT,Hilton Worldwide Holdings Inc.,NYSE,306.99,stock,common,100.00,1.00,false,0.00,USD,0.83,1709570.00,1.11,69092677270.71,USD,45.11,6.81,4.54,0.20,Consumer services,america,Consumer Services,Buy,Buy,0.83,-2.00,-3.08,-10.00,3.84,7.01,10.79,150.24,563.54,602.48,2.18,1.91,Sell,Sell,StrongSell,Strong sell,Neutral,Neutral,37.44,-22.32,-10.87,-155.62,9.51,9.61,piercing_bullish,0.00,0.00,0.00,0.00,-0.85,1709570.00,2.80,307.12,0.04,247803.00,8.40,45.11,9.85,5.58,0.00,33.33,34.65,66.07,82084677270.71,6.57,28.16,26.42,315.69,320.40,323.82,327.33,313.21,355.63,394.00,312.00,361.50,9.04,2.27,2.35,13036053960.00,3323142675.00,3364569783.00
[object Object],RSG,"Republic Services, Inc.",NYSE,222.47,stock,common,100.00,1.00,false,0.00,USD,0.38,1741127.00,1.09,68123203645.70,USD,31.51,7.06,4.36,1.13,Industrial services,america,Industrial Services,Buy,Buy,0.38,-0.40,3.75,4.47,-2.15,5.66,-2.27,78.60,339.84,1221.60,1.38,1.49,Buy,Buy,StrongBuy,Strong buy,Buy,Buy,56.09,1.51,4.83,39.50,60.91,72.62,long_lower_shadow_bullish,0.00,0.00,0.00,0.00,0.11,1741127.00,15.74,222.47,0.00,322047.00,-6.13,31.51,7.21,4.04,5.66,15.07,25.80,639.61,82312203645.70,4.87,24.34,15.34,222.22,217.43,217.81,212.59,215.07,247.57,272.00,227.00,249.00,7.28,1.81,1.93,17285043856.00,4363233696.00,4400017972.00
[object Object],MRK,Merck KGaA,XETR,132.70,stock,common,100.00,5.00,false,0.00,EUR,-1.41,286420.00,1.42,68027858002.75,USD,24.34,6.23,-17.22,1.63,Health technology,germany,Health Technology,Buy,Buy,-1.41,-4.70,-8.23,-2.50,22.87,7.36,19.39,-33.98,41.97,574.40,1.87,1.83,Sell,Sell,StrongSell,Strong sell,Neutral,Neutral,31.19,-5.95,-4.57,-212.46,10.36,12.35,falling_window_bearish,134.05,-0.41,-0.41,5.00,-0.89,286420.00,50.34,133.00,0.23,196235.00,27.74,24.34,0.00,2.77,1.91,13.63,21.17,29.51,80189409902.75,3.32,16.88,10.66,137.52,139.57,139.85,133.37,126.32,178.26,207.88,140.52,176.52,9.86,2.31,2.42,25188151230.23,6041765524.85,6273145232.07
[object Object],AEP,"American Electric Power Company, Inc.",NASDAQ,124.67,stock,common,100.00,1.00,false,0.00,USD,-0.60,3670189.00,1.16,67870022855.03,USD,21.60,5.77,-15.47,3.03,Utilities,america,Utilities,Buy,Buy,-0.60,1.56,-0.30,-3.06,-6.62,8.00,16.20,37.77,89.21,241.56,1.41,1.51,Sell,Sell,Sell,Sell,Neutral,Neutral,47.39,1.90,-1.76,35.22,61.72,56.69,0.00,125.60,0.14,0.04,1429.00,0.02,3670189.00,-8.76,124.67,0.00,979364.00,14.32,21.60,0.00,3.04,2.12,8.92,0.00,101.70,121903022855.03,5.36,23.00,13.84,123.66,124.95,128.75,129.92,126.92,142.56,153.00,129.00,142.50,6.38,1.48,2.01,23436467160.00,5342906305.00,6452988315.00
[object Object],STAN,Standard Chartered PLC,LSE,2263.00,stock,common,1.00,1.00,false,0.00,GBX,-1.27,4200620.00,0.94,67604793190.58,USD,14.47,2.07,11.73,2.26,Finance,uk,Finance,Buy,Buy,-1.27,4.53,1.94,25.10,43.18,24.00,62.57,406.15,253.81,689.72,2.04,2.01,Buy,Buy,StrongBuy,Strong buy,Neutral,Neutral,59.51,123.00,52.08,122.54,93.58,94.20,tweezer_top_bearish,0.00,0.00,0.00,0.00,-0.31,4200620.00,-6.00,2263.00,0.00,1793918.00,53.49,14.47,1.25,3.50,1.47,0.00,0.00,0.00,125505334761.67,3.38,0.00,0.00,2217.70,2205.73,2168.86,2045.77,1891.75,30.71,35.35,22.92,31.28,2.40,0.66,0.57,22332945242.74,5592779941.00,5597066148.00
[object Object],ACA,Credit Agricole SA,EURONEXT,18.49,stock,common,1000.00,5.00,false,0.00,EUR,-0.99,3938210.00,0.93,66358749713.41,USD,8.87,2.38,-10.42,6.05,Finance,france,Finance,Neutral,Neutral,-0.99,-0.46,-5.83,13.26,13.30,5.66,15.56,52.66,112.50,12.45,1.42,1.46,Sell,Sell,Sell,Sell,Sell,Sell,41.46,-0.52,-0.42,-92.35,40.82,39.71,0.00,0.00,0.00,0.00,0.00,-0.88,3938210.00,14.70,18.49,0.00,1814253.00,20.15,8.87,0.00,0.94,0.80,1.08,0.00,0.00,699248839963.41,6.28,0.00,0.00,18.61,19.20,18.69,17.85,17.60,24.20,30.13,21.44,23.75,2.70,0.00,0.00,33531121474.30,0.00,0.00
[object Object],SPG,"Simon Property Group, Inc.",NYSE,204.53,stock,common,100.00,1.00,false,0.00,USD,-3.47,1834235.00,1.55,66175992616.70,USD,38.81,5.27,-25.41,4.15,Finance,america,Finance,Neutral,Neutral,-3.47,-3.83,-7.52,-4.87,7.98,10.87,13.98,56.43,-6.17,866.88,1.84,1.45,Sell,Sell,StrongSell,Strong sell,Sell,Sell,29.38,-14.46,-11.05,-155.03,9.39,10.29,0.00,209.50,-1.12,-1.12,183.00,-1.12,1834235.00,16.58,205.50,0.47,407581.00,15.82,38.81,0.00,9.89,15.06,14.70,18.28,65.03,96036808616.70,13.84,29.20,19.33,211.83,219.45,221.81,214.66,202.06,236.29,285.00,207.00,226.00,6.65,1.64,1.66,6648658330.00,1612095804.00,1627579124.00
[object Object],APD,"Air Products and Chemicals, Inc.",NYSE,295.24,stock,common,100.00,1.00,false,0.00,USD,-0.83,986571.00,1.06,65745674467.69,USD,0.00,-0.22,-103.09,2.42,Process industries,america,Process Industries,Buy,Buy,-0.83,-3.58,-2.88,5.67,-0.17,20.37,2.41,10.43,102.84,27419.33,1.78,1.82,Sell,Sell,StrongSell,Strong sell,Neutral,Neutral,41.40,-8.61,1.10,-256.80,10.02,25.22,0.00,296.55,-0.39,-0.03,220.00,0.01,986571.00,-2.40,295.24,0.00,195842.00,6.30,0.00,0.00,5.26,4.74,14.39,0.00,67.09,85635074467.69,6.80,27.97,18.59,304.29,302.57,301.05,295.41,282.94,346.16,373.00,314.00,351.00,13.44,3.34,3.61,12748133206.00,3202007920.00,3313479098.00
[object Object],NBIS,Nebius Group N.V. Class A,NASDAQ,240.35,stock,common,100.00,1.00,false,0.00,USD,-1.45,11287764.00,0.82,65340405838.88,USD,0.00,-0.13,-114.14,0.00,Technology services,america,Technology Services,Buy,Buy,-1.45,22.84,29.16,17.02,117.63,176.31,147.27,208.97,973.47,586.71,6.40,6.93,StrongBuy,Strong buy,StrongBuy,Strong buy,Neutral,Neutral,57.16,18.38,7.89,53.13,65.79,45.09,0.00,247.91,1.65,0.50,349601.00,1.65,11287764.00,-57.72,238.28,-0.86,660172.00,254.04,0.00,0.00,50.46,6.32,0.00,0.00,8.38,67354405838.88,49.70,0.00,536.26,217.28,217.25,212.73,211.43,156.28,293.41,415.00,144.00,276.00,-2.09,-0.72,-0.78,3337639038.00,569890186.00,906668849.00
[object Object],BSX,Boston Scientific Corporation,NYSE,44.96,stock,common,100.00,1.00,false,0.00,USD,-0.04,17926594.00,0.90,65157357305.45,USD,18.23,2.47,46.77,0.00,Health technology,america,Health Technology,StrongBuy,Strong buy,-0.04,-6.16,-9.25,-6.84,-34.80,-53.03,-58.33,-1.19,84.72,957.88,3.79,3.42,StrongSell,Strong sell,StrongSell,Strong sell,Neutral,Neutral,38.50,-4.90,-1.12,-137.72,9.90,15.99,long_upper_shadow_bearish,45.20,0.49,0.64,31248.00,0.28,17926594.00,-38.25,45.02,0.13,2494201.00,-56.00,18.23,0.39,3.16,2.61,14.64,18.29,102.33,77375357305.45,3.69,16.90,12.92,47.11,48.76,46.93,49.81,66.23,61.11,85.00,44.00,60.00,3.30,0.84,0.80,21338852750.00,5375000163.00,5234693065.00
[object Object],HON,Honeywell International Inc.,NASDAQ,204.93,stock,common,100.00,1.00,false,0.00,USD,-1.59,2094420.00,0.76,64950516413.25,USD,7.58,27.04,53.73,3.76,Producer manufacturing,america,Producer Manufacturing,Buy,Buy,-1.59,-2.71,-16.61,-5.97,-16.98,-0.10,-3.47,-7.33,91.19,2391.37,1.48,2.07,StrongSell,Strong sell,StrongSell,Strong sell,Sell,Sell,30.80,-10.75,-21.49,-110.87,11.97,12.69,0.00,206.60,-0.79,0.27,1549.00,-0.57,2094420.00,-8.08,205.14,0.10,404248.00,-51.93,7.58,0.14,1.70,3.50,12.76,15.74,7.10,91029516413.25,2.33,12.17,10.21,211.85,226.50,227.75,229.77,229.72,268.20,303.00,237.00,265.00,8.32,1.83,2.16,20138766900.00,5025799960.00,5000561381.00
[object Object],KBC,KBC Group N.V.,EURONEXT,131.05,stock,common,100.00,5.00,false,0.00,EUR,-1.58,299233.00,0.98,64645885849.38,USD,14.51,10.32,3.62,2.68,Finance,belgium,Finance,Neutral,Neutral,-1.58,0.34,2.78,17.80,22.88,17.74,29.62,81.71,143.54,252.28,1.57,1.45,Neutral,Neutral,Buy,Buy,Sell,Sell,53.08,-2.55,3.56,-44.09,70.55,83.44,0.00,0.00,0.00,0.00,0.00,-0.98,299233.00,58.76,131.05,0.00,230587.00,31.66,14.51,4.07,3.73,2.04,0.00,0.00,0.00,114991595349.38,3.92,0.00,0.00,132.12,129.97,126.41,120.34,116.45,153.68,181.30,102.27,155.16,11.64,3.12,3.40,16040072489.75,3824113239.83,4032427615.22
[object Object],PCAR,PACCAR Inc,NASDAQ,121.88,stock,common,100.00,1.00,false,0.00,USD,-0.51,2169715.00,0.95,64153357570.90,USD,25.66,4.75,-18.59,1.11,Producer manufacturing,america,Producer Manufacturing,Neutral,Neutral,-0.51,-0.59,-8.38,6.31,3.45,11.01,24.11,120.85,217.01,24765.96,1.67,1.96,Sell,Sell,StrongSell,Strong sell,Neutral,Neutral,36.39,-7.34,-6.62,-130.54,18.33,21.87,0.00,121.68,-0.67,-1.41,900.00,-0.62,2169715.00,-2.30,121.88,0.00,379937.00,27.23,25.66,0.00,2.32,3.16,14.80,21.70,7.28,70015457570.90,2.52,24.29,18.86,124.34,129.07,127.88,122.39,120.09,144.07,164.00,125.00,140.00,5.93,1.36,1.61,28623068865.00,7047963787.00,7535745556.00
[object Object],ALL,Allstate Corporation,NYSE,253.58,stock,common,100.00,1.00,false,0.00,USD,0.05,1635168.00,1.25,64119722163.52,USD,5.06,50.07,135.47,1.67,Finance,america,Finance,Neutral,Neutral,0.05,-2.22,-5.01,12.98,22.21,22.48,26.44,91.12,265.97,1604.74,1.62,1.79,Sell,Sell,Sell,Sell,Neutral,Neutral,45.04,-4.04,-2.85,-206.59,24.55,41.48,0.00,0.00,0.00,0.00,0.00,-0.57,1635168.00,-1.16,253.58,0.00,425594.00,21.65,5.06,0.04,0.94,2.03,5.27,5.36,0.00,73592722163.52,1.05,0.00,0.00,258.47,261.18,257.23,237.69,222.18,276.27,334.00,224.00,281.00,35.33,6.06,6.54,60964053262.00,15458284489.00,15841356652.00
[object Object],URI,"United Rentals, Inc.",NYSE,1028.77,stock,common,100.00,1.00,false,0.00,USD,1.34,502159.00,1.20,64033204187.26,USD,24.72,41.62,7.66,0.76,Finance,america,Finance,Buy,Buy,1.34,3.86,-11.52,-3.40,39.40,26.92,6.61,203.74,1126.48,6994.97,2.66,2.75,Neutral,Neutral,Sell,Sell,Neutral,Neutral,43.12,-24.37,-89.97,-51.67,30.66,21.41,0.00,1015.00,-0.02,-0.05,275.00,0.42,502159.00,-10.26,1028.77,0.00,70855.00,0.27,24.72,3.19,3.78,6.95,11.22,101.95,575.28,79306204187.26,4.71,18.72,10.65,1018.11,1085.04,1083.66,1037.10,929.63,1285.20,1610.00,950.00,1320.00,49.43,11.54,13.93,17733059408.00,4211721380.00,4703561055.00
[object Object],GLE,Societe Generale SA Class A,EURONEXT,73.49,stock,common,100.00,1.00,false,0.00,EUR,-1.14,2592133.00,1.19,63193911601.36,USD,9.66,8.69,20.72,2.17,Finance,france,Finance,Buy,Buy,-1.14,2.07,-12.08,6.74,14.26,7.76,36.55,176.95,122.70,155.94,1.98,2.23,Sell,Sell,StrongSell,Strong sell,Sell,Sell,40.15,-1.27,-4.39,-54.97,51.73,44.64,doji,0.00,0.00,0.00,0.00,-1.09,2592133.00,51.53,73.49,0.00,979127.00,47.44,9.66,0.47,1.25,0.90,0.00,0.00,0.00,293348549551.36,3.40,0.00,0.00,73.33,78.23,77.31,74.38,71.39,101.60,111.60,85.36,99.39,9.36,0.00,0.00,32705940620.78,0.00,0.00
[object Object],BKR,Baker Hughes Company Class A,NASDAQ,63.64,stock,common,100.00,1.00,false,0.00,USD,-0.44,6864291.00,1.09,63173776149.73,USD,20.45,3.11,1.81,1.44,Industrial services,america,Industrial Services,Buy,Buy,-0.44,0.98,2.56,-0.52,13.89,39.20,38.98,179.98,80.89,388.13,2.37,2.30,Buy,Buy,StrongBuy,Strong buy,Sell,Sell,56.28,1.82,1.70,71.54,60.81,63.94,long_upper_shadow_bearish,63.74,-0.28,0.39,15021.00,-0.25,6864291.00,16.50,63.70,0.09,1199069.00,44.61,20.45,11.35,2.30,3.17,14.30,20.28,3.72,62546776149.73,2.26,17.41,12.80,63.31,62.83,60.25,62.00,58.65,72.09,85.00,51.00,73.50,2.63,0.50,0.61,28032549597.00,6523390867.00,7255189789.00
[object Object],ARGX,argenx SE,EURONEXT,865.20,stock,common,10.00,2.00,false,0.00,EUR,-0.07,74047.00,0.98,62964461289.54,USD,38.43,25.71,24.40,0.00,Health technology,belgium,Health Technology,StrongBuy,Strong buy,-0.07,-3.11,14.69,14.84,40.45,21.28,33.31,210.00,5887.54,10078.82,2.58,3.11,Neutral,Neutral,Buy,Buy,Sell,Sell,53.59,-32.40,57.53,-21.02,20.29,38.15,"hanging_man_bearish,long_lower_shadow_bullish",0.00,0.00,0.00,0.00,0.14,74047.00,57.82,865.20,0.00,33637.00,50.82,38.43,1.58,12.45,7.27,57.27,57.45,12.29,57741417775.12,11.28,39.15,38.34,887.14,829.05,809.95,766.47,729.45,1166.32,1451.65,992.93,1134.61,29.24,0.00,0.00,6281751495.60,0.00,3342817319.79
[object Object],AAL,Anglo American plc,LSE,4175.00,stock,common,1.00,1.00,false,0.00,GBX,-3.04,4299752.00,0.76,62885054351.42,USD,0.00,-2.51,40.97,0.67,Non-energy minerals,uk,Non-Energy Minerals,Buy,Buy,-3.04,2.76,3.75,12.23,31.04,34.76,77.96,21.86,331.53,1611.82,3.63,2.84,Buy,Buy,StrongBuy,Strong buy,Neutral,Neutral,56.51,-28.00,214.97,73.00,77.22,75.78,0.00,0.00,0.00,0.00,0.00,0.02,4299752.00,-23.80,4175.00,0.00,755591.00,80.68,0.00,0.00,3.17,3.46,11.37,28.82,6.70,77811374713.11,4.03,17.38,11.38,4199.10,4023.23,3851.82,3840.11,3545.77,55.80,70.47,37.95,56.40,1.54,0.69,0.97,20690523177.60,10614652571.00,11434892000.00
[object Object],AJG,Arthur J. Gallagher & Co.,NYSE,244.28,stock,common,100.00,1.00,false,0.00,USD,-2.85,1213264.00,0.85,62608960257.84,USD,40.42,6.04,-8.90,1.07,Finance,america,Finance,Buy,Buy,-2.85,-7.29,-1.10,10.12,17.86,-4.99,-18.09,68.56,384.68,13149.08,2.38,2.71,Sell,Sell,StrongSell,Strong sell,Sell,Sell,39.43,-24.23,3.41,-141.45,24.01,46.76,0.00,0.00,0.00,0.00,0.00,-0.50,1213264.00,8.23,244.28,0.00,260036.00,-12.95,40.42,0.00,4.13,2.64,25.78,27.63,45.60,75358960257.84,4.78,28.01,18.72,260.64,257.06,254.54,232.49,233.88,295.00,388.00,265.00,291.00,13.25,2.81,3.08,16680380444.00,4005692614.00,4045252183.00
[object Object],TRGP,Targa Resources Corp.,NYSE,291.38,stock,common,100.00,1.00,false,0.00,USD,-0.99,899101.00,0.87,62480910969.19,USD,27.82,10.47,49.98,1.53,Utilities,america,Utilities,Buy,Buy,-0.99,-1.08,12.62,5.96,22.00,58.51,80.49,565.40,516.55,1109.05,1.95,2.39,Buy,Buy,Buy,Buy,Neutral,Neutral,54.82,4.47,12.52,36.60,33.03,41.28,engulfing_bearish,296.08,0.61,0.60,600.00,1.12,899101.00,2.42,291.38,0.00,213289.00,78.80,27.82,0.56,3.69,17.09,14.63,84.63,301.76,81990310969.19,4.78,19.29,13.89,292.32,281.26,278.59,269.18,239.20,313.10,351.00,257.00,311.00,11.28,2.83,2.69,19286959583.00,4897763837.00,4870073149.00
[object Object],TDG,TransDigm Group Incorporated,NYSE,1125.68,stock,common,100.00,1.00,false,0.00,USD,-1.70,304168.00,0.96,62223677871.17,USD,34.13,32.98,9.48,0.00,Electronic technology,america,Electronic Technology,Buy,Buy,-1.70,-3.02,-8.48,-6.96,-8.82,-15.30,-12.70,92.57,287.96,4600.13,1.80,1.94,StrongSell,Strong sell,StrongSell,Strong sell,Neutral,Neutral,29.92,-66.92,-68.48,-139.05,6.91,9.21,0.00,1145.50,0.03,0.03,10.00,-0.01,304168.00,-7.36,1126.96,0.11,43697.00,-11.48,34.13,3.66,6.57,0.00,29.40,33.53,23.30,93025677871.17,9.29,19.91,18.27,1165.15,1213.14,1234.42,1231.35,1267.25,1524.06,1972.00,1350.00,1462.50,41.07,10.30,12.11,10504958928.00,2677515626.00,2940617209.00
[object Object],AON,Aon Plc Class A,NYSE,304.69,stock,common,100.00,1.00,false,0.00,USD,-3.51,2251533.00,1.56,62148351277.71,USD,16.80,18.14,51.85,0.99,Finance,america,Finance,Buy,Buy,-3.51,-7.02,-14.82,-8.88,-4.79,-13.22,-17.64,5.41,171.56,11246.91,2.64,2.49,StrongSell,Strong sell,StrongSell,Strong sell,Sell,Sell,27.97,-50.14,-27.80,-167.39,9.54,18.96,0.00,316.50,0.22,0.38,1419.00,-0.74,2251533.00,16.87,304.79,0.03,301981.00,-12.97,16.80,0.34,3.84,6.73,18.46,20.07,51.44,76867351277.71,4.37,15.36,13.03,330.82,348.14,352.43,337.18,336.87,391.94,433.00,339.00,387.00,18.80,3.80,3.38,17925994049.00,4275112421.00,4087448473.00
[object Object],COR,"Cencora, Inc.",NYSE,323.32,stock,common,100.00,1.00,false,0.00,USD,-0.42,1041000.00,0.85,61698243963.86,USD,24.04,13.45,38.37,0.74,Distribution services,america,Distribution Services,Buy,Buy,-0.42,-2.21,0.70,14.48,-9.04,-4.11,8.29,160.93,269.93,11183.08,1.51,2.07,Buy,Buy,Buy,Buy,Sell,Sell,51.85,-4.74,11.66,19.48,53.15,70.39,0.00,324.02,-0.21,0.10,602.00,-0.75,1041000.00,-52.69,323.50,0.06,260729.00,12.17,24.04,0.63,0.19,20.22,13.01,15.44,21.89,70744660963.86,0.21,16.07,12.96,327.82,320.83,313.71,297.44,321.55,368.92,430.00,330.00,370.00,17.88,4.35,4.57,337266187700.00,84314550956.00,88144158788.00
[object Object],OXY,Occidental Petroleum Corporation,NYSE,61.30,stock,common,100.00,1.00,false,0.00,USD,1.07,8961450.00,1.40,61277773556.93,USD,18.16,3.38,98.33,1.65,Energy minerals,america,Energy Minerals,Buy,Buy,1.07,1.42,8.27,6.59,6.24,48.64,34.02,147.28,-20.97,237.82,1.72,1.84,Buy,Buy,StrongBuy,Strong buy,Neutral,Neutral,61.96,2.89,2.52,112.96,67.45,65.00,0.00,61.88,2.03,0.07,82339.00,1.67,8961450.00,39.27,61.30,0.00,1312996.00,33.59,18.16,0.18,2.52,1.83,5.65,11.68,14.88,80656773556.93,3.32,14.37,6.07,60.15,58.65,56.58,56.47,52.59,67.54,79.00,55.00,69.00,6.19,1.83,1.18,26187736946.00,7074403961.00,6370172287.00
[object Object],TFC,Truist Financial Corporation,NYSE,50.15,stock,common,100.00,1.00,false,0.00,USD,-0.79,5555872.00,0.98,61264554044.09,USD,11.51,4.36,18.37,4.11,Finance,america,Finance,Neutral,Neutral,-0.79,0.52,-3.56,-0.36,11.94,1.82,9.26,-9.79,32.25,1489.26,1.50,1.67,Sell,Sell,StrongSell,Strong sell,Neutral,Neutral,43.53,-0.15,-0.60,-58.41,49.16,52.84,long_upper_shadow_bearish,50.15,-0.79,-0.12,1527.00,-0.53,5555872.00,-8.63,50.12,-0.06,980464.00,3.72,11.51,0.63,2.99,1.04,12.13,12.13,0.00,133035554044.09,4.34,0.00,0.00,50.52,51.48,51.52,50.39,49.73,54.69,61.00,45.00,55.00,4.63,1.08,1.12,21223235058.00,5235761235.00,5349060949.00
[object Object],MET,"MetLife, Inc.",NYSE,95.69,stock,common,100.00,1.00,false,0.00,USD,0.20,3220288.00,1.19,60808787308.46,USD,18.31,5.23,-11.44,2.43,Finance,america,Finance,Buy,Buy,0.20,0.95,-1.34,10.34,38.04,21.22,19.79,57.36,148.96,640.54,1.59,1.59,Neutral,Neutral,Neutral,Neutral,Neutral,Neutral,49.77,-0.18,0.54,-47.25,49.32,65.18,doji,0.00,0.00,0.00,0.00,0.14,3220288.00,30.94,95.69,0.00,720679.00,14.35,18.31,0.00,0.78,2.22,3.74,3.74,0.00,82959787308.46,1.04,0.00,0.00,96.33,96.47,94.72,88.39,82.16,106.47,119.00,87.00,108.00,10.03,2.30,2.56,79769336082.00,19665219853.00,20096530449.00
[object Object],OKE,"ONEOK, Inc.",NYSE,95.82,stock,common,100.00,1.00,false,0.00,USD,-1.73,3805823.00,1.14,60402025013.66,USD,16.55,5.79,12.85,4.35,Industrial services,america,Industrial Services,Buy,Buy,-1.73,0.69,9.73,4.96,12.73,30.44,33.27,83.74,89.89,6191.48,2.45,2.41,Buy,Buy,StrongBuy,Strong buy,Neutral,Neutral,56.57,4.12,3.41,92.11,58.77,56.68,0.00,97.55,0.04,0.04,345.00,1.47,3805823.00,28.40,95.87,0.05,599355.00,30.10,16.55,1.31,1.55,2.63,9.84,20.84,376.14,93407025013.66,2.36,14.62,11.79,95.66,92.90,91.99,90.20,85.20,100.82,112.00,89.00,104.00,5.72,1.46,1.46,42713571516.00,8949851681.00,10515861794.00
[object Object],GWW,"W.W. Grainger, Inc.",NYSE,1278.83,stock,common,100.00,1.00,false,0.00,USD,-0.80,223953.00,1.00,60234098054.51,USD,32.46,39.40,-0.59,0.74,Distribution services,america,Distribution Services,Neutral,Neutral,-0.80,-2.11,0.33,-4.00,17.19,26.96,28.30,205.55,462.37,65639.04,2.04,1.71,Sell,Sell,StrongSell,Strong sell,Neutral,Neutral,41.19,-22.85,-21.86,-218.15,37.39,44.27,0.00,0.00,0.00,0.00,0.00,-0.53,223953.00,-36.43,1278.83,0.00,42404.00,24.19,32.46,0.00,3.23,14.58,27.75,39.97,102.48,62824098054.51,3.33,21.43,19.71,1307.16,1313.61,1336.66,1293.39,1181.18,1324.31,1500.00,1100.00,1350.00,46.51,11.30,11.68,19649364402.00,4956557950.00,5066221532.00
[object Object],REL,RELX PLC,LSE,2515.00,stock,common,1.00,1.00,false,0.00,GBX,-1.41,4656746.00,1.29,60088061986.56,USD,20.16,1.65,20.69,2.70,Commercial services,uk,Commercial Services,Buy,Buy,-1.41,-3.97,-4.15,-1.45,-0.91,-16.72,-27.83,15.37,73.33,449.13,3.58,2.84,StrongSell,Strong sell,StrongSell,Strong sell,Sell,Sell,43.71,-103.00,-15.99,-86.88,25.89,43.87,0.00,0.00,0.00,0.00,0.00,0.31,4656746.00,70.11,2515.00,0.00,1448777.00,-27.66,20.16,0.99,4.71,35.55,15.43,15.54,205.10,71865831886.56,5.58,17.40,14.00,2608.00,2611.47,2556.32,2531.99,2618.46,45.20,68.61,28.69,41.95,1.91,0.89,0.97,13563105919.64,6533755402.68,7064548085.40
[object Object],TER,"Teradyne, Inc.",NASDAQ,383.69,stock,common,100.00,1.00,false,0.00,USD,3.13,2254805.00,1.03,59986379679.01,USD,52.64,7.29,152.83,0.13,Electronic technology,america,Electronic Technology,Buy,Buy,3.13,14.87,-0.77,7.01,32.31,92.53,222.43,223.03,1711.57,36550.99,3.93,4.76,StrongBuy,Strong buy,StrongBuy,Strong buy,Buy,Buy,54.53,17.26,-17.05,12.77,61.95,37.76,marubozu_white_bullish,370.13,-0.52,0.68,3972.00,-0.96,2254805.00,-19.22,383.69,0.00,576834.00,180.66,52.64,0.33,13.15,17.46,56.82,75.64,170.52,59767828679.01,13.39,43.37,39.59,356.84,374.60,369.04,375.41,318.41,455.92,550.00,390.00,450.00,9.21,2.09,2.08,5145478843.00,1219548062.00,1259579400.00
[object Object],NOKIA,Nokia Oyj,OMXHEX,9.38,stock,common,1000.00,2.00,false,0.00,EUR,2.20,22751346.00,1.82,59574939325.67,USD,75.49,0.14,-30.17,1.52,Electronic technology,finland,Electronic Technology,Buy,Buy,2.20,7.86,14.30,-19.35,32.92,67.57,141.54,86.93,87.68,-84.09,4.52,4.56,Buy,Buy,StrongBuy,Strong buy,Buy,Buy,57.71,0.56,0.31,148.82,84.13,67.05,"rising_window_bullish,long_upper_shadow_bearish",0.00,0.00,0.00,0.00,2.27,22751346.00,58.45,0.00,0.00,0.00,134.80,75.49,0.00,2.63,2.48,48.01,101.77,11.27,57975408125.67,2.50,22.48,15.63,8.87,8.71,9.07,10.40,8.30,12.84,20.92,5.41,13.37,0.40,0.06,0.07,24406863498.49,5523227770.53,5866639475.49
[object Object],CRH,CRH public limited company,NYSE,89.35,stock,common,100.00,1.00,false,0.00,USD,-1.39,3329620.00,0.73,59443169123.42,USD,15.76,5.67,18.53,1.70,Non-energy minerals,america,Non-Energy Minerals,StrongBuy,Strong buy,-1.39,-1.87,-10.84,-11.19,-9.96,-28.80,-20.45,74.00,162.10,2567.16,2.72,2.46,StrongSell,Strong sell,StrongSell,Strong sell,Sell,Sell,35.61,-6.85,-4.82,-168.46,18.85,26.64,0.00,0.00,0.00,0.00,0.00,-0.78,3329620.00,-46.86,89.35,0.00,647547.00,-18.10,15.76,0.86,1.57,2.34,10.66,20.47,19.38,77673169123.54,2.01,14.31,10.08,93.29,95.94,98.93,104.24,111.28,137.92,165.00,107.00,139.85,5.89,2.02,2.25,39726039808.00,10683007841.00,11600394348.00
[object Object],COHR,Coherent Corp.,NYSE,303.48,stock,common,100.00,1.00,false,0.00,USD,0.53,5023615.00,0.95,59431170634.86,USD,73.80,4.11,0.00,0.00,Electronic technology,america,Electronic Technology,Buy,Buy,0.53,13.19,-20.80,-14.48,22.18,61.43,206.30,401.45,1266.41,74602.77,6.58,6.24,Neutral,Neutral,Buy,Buy,Neutral,Neutral,52.09,15.34,-16.29,28.37,64.26,40.53,"inverted_hammer_bullish,long_upper_shadow_bearish",301.88,0.00,0.06,120073.00,-0.01,5023615.00,-42.27,303.25,-0.08,278204.00,278.95,73.80,0.00,8.58,5.45,771.73,0.00,30.35,61298695634.86,8.61,62.45,40.77,283.91,299.24,303.79,335.80,278.06,415.56,500.00,280.00,420.00,9.44,1.62,1.97,10608166525.00,1984608374.00,2298413971.00
[object Object],TEL,TE Connectivity plc,NYSE,204.68,stock,common,100.00,1.00,false,0.00,USD,-0.15,1722294.00,0.84,59257566252.22,USD,20.06,10.20,110.63,1.45,Electronic technology,america,Electronic Technology,Buy,Buy,-0.15,-0.31,-5.12,1.22,2.80,-11.16,-1.34,39.54,224.94,453.19,2.27,2.53,Sell,Sell,StrongSell,Strong sell,Neutral,Neutral,47.52,3.27,-1.90,-28.35,50.13,49.19,"inverted_hammer_bullish,on_neck_bearish",205.75,0.37,0.00,624.00,-0.51,1722294.00,20.67,204.68,0.00,573747.00,-3.81,20.06,0.18,3.11,4.48,13.57,18.09,48.40,63797566252.22,3.30,15.55,12.50,205.39,208.54,205.85,208.37,215.95,249.78,306.00,209.00,237.50,11.45,2.85,3.06,19847088813.00,5012693373.00,5265905802.00
[object Object],MPWR,"Monolithic Power Systems, Inc.",NASDAQ,1203.75,stock,common,100.00,1.00,false,0.00,USD,-1.21,508239.00,0.93,59155888123.05,USD,73.77,16.32,-57.51,0.58,Electronic technology,america,Electronic Technology,Buy,Buy,-1.21,-1.73,-15.72,-20.98,14.19,29.77,39.05,144.29,1477.03,13186.42,2.43,3.20,Sell,Sell,StrongSell,Strong sell,Neutral,Neutral,36.19,-100.40,-105.74,-108.36,15.86,13.97,0.00,1215.00,-0.29,0.12,858.00,-0.97,508239.00,-33.43,1205.94,0.18,95929.00,51.19,73.77,0.00,18.34,15.19,72.11,101.27,41.94,57761061123.05,17.65,61.44,57.74,1244.41,1315.29,1324.46,1438.25,1253.95,1853.36,2100.00,1575.00,1835.00,27.42,5.87,7.69,4149305200.00,903302500.00,1151253429.00
[object Object],NUE,Nucor Corporation,NYSE,257.91,stock,common,100.00,1.00,false,0.00,USD,0.59,1033923.00,0.95,58513503014.64,USD,20.58,12.53,126.29,0.87,Non-energy minerals,america,Non-Energy Minerals,Buy,Buy,0.59,1.50,-5.53,1.40,55.18,56.14,78.21,129.60,418.41,169181.16,2.48,3.24,Buy,Buy,StrongBuy,Strong buy,Neutral,Neutral,52.25,10.36,1.78,16.34,62.53,65.49,0.00,257.50,0.43,0.00,2470.00,1.01,1033923.00,-22.21,257.91,0.00,203506.00,79.68,20.58,0.16,1.62,2.65,13.32,37.23,21.89,64077503014.64,1.77,15.41,11.30,255.91,260.19,249.48,242.81,207.10,288.93,308.00,256.00,291.50,18.73,4.46,5.85,40281471076.00,10147011804.00,10751537255.00
[object Object],MT,ArcelorMittal SA,EURONEXT,66.42,stock,common,100.00,2.00,false,0.00,EUR,-0.69,1399997.00,0.92,57827458801.48,USD,32.63,2.32,-31.54,0.74,Non-energy minerals,netherlands,Non-Energy Minerals,Buy,Buy,-0.69,5.26,5.19,18.69,44.96,70.53,127.70,135.03,325.77,-0.47,3.03,3.14,Buy,Buy,StrongBuy,Strong buy,Neutral,Neutral,62.71,1.86,3.55,109.45,81.11,86.01,doji,0.00,0.00,0.00,0.00,-0.57,1399997.00,-12.14,66.42,0.00,519061.00,108.59,32.63,0.00,0.95,1.04,12.79,0.00,11.84,69546516529.19,1.13,26.51,12.25,65.43,63.78,61.28,58.10,51.80,75.45,93.49,55.22,75.70,4.45,0.00,0.00,67632463666.80,0.00,0.00
[object Object],AFL,Aflac Incorporated,NYSE,114.74,stock,common,100.00,1.00,false,0.00,USD,-0.36,1751271.00,0.75,57524134681.75,USD,12.30,9.33,110.98,2.09,Finance,america,Finance,Neutral,Neutral,-0.36,-1.38,-7.54,-2.66,4.00,4.18,8.02,108.09,212.05,152886.67,1.00,1.32,Sell,Sell,StrongSell,Strong sell,Neutral,Neutral,36.37,-1.44,-4.41,-117.60,13.92,24.91,"doji_star_bullish,doji",115.09,-0.06,-0.06,100.00,-0.35,1751271.00,-18.14,114.74,0.00,379243.00,2.96,12.30,0.11,3.22,1.90,21.92,21.92,0.00,66253134681.75,3.67,0.00,0.00,116.51,120.32,121.30,118.57,114.61,118.53,138.00,99.00,116.00,7.01,1.76,1.80,16733719267.00,4142332995.00,4104787023.00
[object Object],EBS,Erste Group Bank AG,VIE,122.00,stock,common,10.00,1.00,false,0.00,EUR,-1.29,393684.00,1.28,57477249362.68,USD,13.64,10.21,21.11,0.61,Finance,austria,Finance,Buy,Buy,-1.29,-1.61,1.84,20.55,32.61,18.56,46.46,249.37,361.42,988.45,1.67,1.78,Neutral,Neutral,Buy,Buy,Sell,Sell,51.74,-3.50,2.69,-61.66,61.00,68.85,0.00,0.00,0.00,0.00,0.00,-1.94,393684.00,12.40,122.00,0.00,259575.00,49.26,13.64,0.65,3.41,1.95,3.52,3.75,0.00,164128549512.68,6.18,0.00,0.00,122.88,121.17,118.92,111.44,106.05,151.96,180.14,92.86,154.57,11.71,2.78,3.27,18736459273.15,4490236807.49,4643874292.56
[object Object],D,Dominion Energy Inc,NYSE,65.10,stock,common,100.00,1.00,false,0.00,USD,-1.69,5027131.00,1.17,57257139746.10,USD,22.64,2.88,-0.65,4.03,Utilities,america,Utilities,Neutral,Neutral,-1.69,-1.81,-3.10,-2.84,2.18,10.51,12.45,-16.09,-13.41,493.50,1.42,1.43,Sell,Sell,StrongSell,Strong sell,Sell,Sell,35.71,-1.83,-1.80,-97.16,21.77,28.02,0.00,66.22,0.00,0.00,1927.00,0.05,5027131.00,9.04,65.40,0.46,1162663.00,15.53,22.64,0.00,3.15,2.05,10.66,0.00,156.47,115994139746.10,6.26,22.79,15.34,66.13,67.50,68.60,67.00,64.16,71.70,80.00,66.00,70.00,3.59,0.68,1.20,18294411924.00,4044009692.00,4884317800.00
[object Object],RHM,Rheinmetall AG,XETR,1012.40,stock,common,10.00,2.00,false,0.00,EUR,-3.75,236240.00,1.56,57044314046.42,USD,65.64,17.61,-14.62,1.09,Electronic technology,germany,Electronic Technology,StrongBuy,Strong buy,-3.75,-5.77,-12.32,-16.11,-34.73,-35.58,-43.54,1209.36,1502.41,4800.29,3.79,3.44,Sell,Sell,StrongSell,Strong sell,Neutral,Neutral,35.28,-126.40,-89.26,-140.83,9.75,7.27,0.00,1047.40,-0.42,0.11,83.00,-1.31,236240.00,33.88,1010.20,-0.22,89651.00,-36.78,65.64,0.00,4.70,9.50,35.94,121.01,185.08,61136138046.42,5.13,28.40,23.46,1079.80,1136.17,1096.42,1153.36,1388.12,1919.45,2673.63,1162.45,1900.61,43.98,6.92,8.01,16364575372.39,3706290445.45,3665929637.57
[object Object],LSEG,London Stock Exchange Group plc,LSE,8512.00,stock,common,1.00,2.00,false,0.00,GBX,-2.34,1381656.00,1.08,56997007512.29,USD,30.81,3.66,48.73,1.81,Commercial services,uk,Commercial Services,StrongBuy,Strong buy,-2.34,-3.47,-4.17,-5.72,-0.95,-5.51,-8.14,4.31,212.83,2110.91,3.56,2.54,StrongSell,Strong sell,StrongSell,Strong sell,Sell,Sell,43.65,-286.00,12.75,-74.23,38.17,52.95,0.00,0.00,0.00,0.00,0.00,-0.69,1381656.00,67.57,8512.00,0.00,513662.00,-14.74,30.81,0.65,4.50,2.21,10.82,11.24,9.98,72730473312.29,5.68,21.70,11.54,8776.00,8700.73,8755.48,8927.44,8742.83,156.22,184.35,109.55,158.24,6.41,3.19,3.19,13166207187.53,6521950839.60,6782904702.60
[object Object],O,Realty Income Corporation,NYSE,60.11,stock,common,100.00,1.00,false,0.00,USD,-1.49,6343665.00,1.27,56877169132.00,USD,43.97,1.37,33.39,5.31,Finance,america,Finance,Buy,Buy,-1.49,-2.36,-3.45,-3.62,-8.47,6.67,1.80,-13.00,-8.08,675.91,1.26,1.07,StrongSell,Strong sell,StrongSell,Strong sell,Sell,Sell,31.36,-2.72,-1.62,-167.38,7.19,16.05,0.00,61.10,0.13,0.03,32907.00,0.22,6343665.00,6.33,60.24,0.21,718694.00,9.83,43.97,1.34,9.39,1.44,13.49,14.05,101.66,91346302132.00,15.04,32.99,17.20,61.43,62.45,63.15,62.67,61.89,68.07,72.00,61.50,68.00,1.53,0.40,0.41,5701798986.00,1404780527.00,1432995776.00
[object Object],FIX,"Comfort Systems USA, Inc.",NYSE,1615.14,stock,common,100.00,1.00,false,0.00,USD,-2.02,255812.00,0.72,56843766413.34,USD,39.74,40.65,108.89,0.18,Industrial services,america,Industrial Services,StrongBuy,Strong buy,-2.02,4.00,-5.43,-6.69,15.70,72.12,125.22,2106.48,5504.23,9994.63,3.15,3.94,Sell,Sell,Sell,Sell,Buy,Buy,46.74,53.18,-77.34,-14.86,48.42,36.10,0.00,1638.72,-0.59,0.25,232.00,-0.15,255812.00,-27.43,1618.99,0.24,44541.00,122.11,39.74,0.37,5.18,17.67,22.36,26.41,29.87,55307281413.34,4.93,29.94,27.62,1586.37,1664.10,1700.14,1785.97,1498.92,2197.00,2500.00,1910.00,2165.50,49.01,10.45,12.81,12982328225.00,2989210050.00,3393712850.00
[object Object],FANG,"Diamondback Energy, Inc.",NASDAQ,202.63,stock,common,100.00,1.00,false,0.00,USD,1.49,1536047.00,0.76,56741332919.51,USD,39.26,5.16,-63.30,2.13,Energy minerals,america,Energy Minerals,Buy,Buy,1.49,0.90,6.20,1.55,15.85,34.11,46.80,173.57,112.31,1037.09,2.06,2.39,Buy,Buy,StrongBuy,Strong buy,Buy,Buy,53.00,2.74,1.20,-18.50,19.01,21.42,spinning_top_white,202.51,1.43,0.19,1483.00,1.26,1536047.00,-32.76,202.76,0.06,275310.00,38.29,39.26,0.00,3.28,1.50,5.62,8.77,122.80,74976332919.51,4.38,12.51,6.67,200.95,200.71,195.99,195.68,181.39,234.00,283.00,205.00,233.00,20.50,6.08,4.82,18610814254.00,4886836763.00,4479079971.00
[object Object],DB1,Deutsche Boerse AG,XETR,273.70,stock,common,10.00,1.00,false,0.00,EUR,-2.28,470512.00,1.51,56592578861.07,USD,23.57,13.26,7.78,1.50,Finance,germany,Finance,Buy,Buy,-2.28,-3.56,0.15,11.71,13.05,22.08,10.50,89.94,282.80,1335.24,1.77,1.71,Sell,Sell,Sell,Sell,Sell,Sell,45.29,-13.20,3.92,-111.79,18.01,29.71,0.00,276.00,-1.46,-1.46,29.00,-1.79,470512.00,213.67,272.90,-0.29,260040.00,7.94,23.57,3.10,6.54,4.76,16.76,17.09,1.79,64024121711.07,7.20,17.64,15.21,282.82,277.42,268.99,259.56,243.62,341.63,374.23,286.17,348.66,14.97,3.72,0.00,7740450643.81,1850081731.77,0.00
[object Object],CTVA,Corteva Inc,NYSE,84.75,stock,common,100.00,1.00,false,0.00,USD,-1.34,4212206.00,0.87,56544860638.90,USD,56.03,1.51,-26.40,0.84,Process industries,america,Process Industries,Buy,Buy,-1.34,-3.99,9.85,11.94,5.63,26.49,15.87,92.96,184.87,184.87,2.80,2.48,Buy,Buy,StrongBuy,Strong buy,Neutral,Neutral,53.78,1.70,5.39,54.09,62.81,74.70,0.00,0.00,0.00,0.00,0.00,0.58,4212206.00,-8.51,84.75,0.00,1373164.00,22.11,56.03,0.00,3.23,2.25,46.87,90.25,21.67,59044860638.90,3.31,19.89,14.02,85.86,81.47,83.45,81.47,77.58,91.45,103.00,78.00,94.00,3.76,2.24,-0.39,18122685309.00,6599341986.00,2653746413.00
[object Object],BAYN,Bayer AG,XETR,49.26,stock,common,100.00,1.00,false,0.00,EUR,-0.30,2105801.00,1.27,56427151837.25,USD,0.00,-2.02,49.15,0.22,Health technology,germany,Health Technology,Buy,Buy,-0.30,0.72,-1.83,38.96,27.29,33.14,74.06,6.36,-46.40,267.67,2.21,1.97,StrongBuy,Strong buy,StrongBuy,Strong buy,Neutral,Neutral,55.88,0.15,0.58,92.24,62.01,58.37,0.00,49.30,-0.22,-0.28,316.00,-0.63,2105801.00,6.15,49.12,-0.28,1120922.00,75.42,0.00,0.00,1.07,1.64,13.82,60.80,11.28,96259663537.25,1.86,13.46,8.42,48.98,48.71,48.79,43.60,41.70,67.87,81.37,53.47,69.17,5.30,0.88,0.58,53821412298.75,12252284530.57,11481073473.50
[object Object],KEYS,Keysight Technologies Inc,NYSE,331.01,stock,common,100.00,1.00,false,0.00,USD,-0.72,748813.00,0.64,56352717290.62,USD,45.59,7.26,131.29,0.00,Electronic technology,america,Electronic Technology,Buy,Buy,-0.72,4.08,-3.99,0.01,16.43,61.22,95.64,81.96,993.89,1086.42,2.42,2.96,Buy,Buy,StrongBuy,Strong buy,Neutral,Neutral,52.48,10.89,-2.88,13.24,60.90,45.49,0.00,331.88,-0.46,-0.46,71.00,-0.66,748813.00,-26.60,331.01,0.00,155987.00,93.43,45.59,0.35,8.76,8.58,35.72,39.01,21.86,56478717290.62,8.58,35.23,28.31,324.55,329.38,326.03,336.40,290.09,422.60,452.00,400.00,425.00,11.49,2.48,3.37,7107911824.00,1745749205.00,1945805520.00
[object Object],NXPI,NXP Semiconductors NV,NASDAQ,223.32,stock,common,100.00,1.00,false,0.00,USD,-0.25,3753573.00,1.28,56313301062.90,USD,19.06,11.72,39.67,1.81,Electronic technology,america,Electronic Technology,Buy,Buy,-0.25,0.10,-7.05,-23.40,15.32,1.23,-0.45,6.43,158.14,1617.85,2.31,2.42,StrongSell,Strong sell,StrongSell,Strong sell,Neutral,Neutral,40.30,-1.43,-8.97,-52.70,54.04,53.55,inverted_hammer_bullish,221.98,-0.84,0.43,1390.00,-0.85,3753573.00,-32.22,223.32,0.00,766666.00,0.15,19.06,0.48,4.31,4.94,17.93,20.00,17.61,64429301062.97,4.89,17.03,14.12,224.81,229.36,248.11,269.73,244.04,313.29,400.00,190.00,312.00,15.08,3.52,4.11,14282550686.00,3465197409.00,3755651190.00
[object Object],FAST,Fastenal Company,NASDAQ,48.79,stock,common,100.00,1.00,false,0.00,USD,-1.19,5829138.00,1.00,55986413050.76,USD,41.52,1.18,13.57,1.94,Distribution services,america,Distribution Services,Neutral,Neutral,-1.19,0.33,-5.63,5.13,6.53,21.19,1.90,80.44,361.81,154418.53,2.02,1.89,Sell,Sell,Sell,Sell,Neutral,Neutral,44.84,-1.52,-0.81,-96.93,35.78,34.37,0.00,49.22,-0.32,-1.82,1259.00,-0.04,5829138.00,14.05,48.44,-0.72,1821146.00,-3.22,41.52,3.10,6.49,13.76,40.11,48.55,274.17,56223213050.76,6.43,31.67,28.76,49.51,50.14,48.75,46.93,45.46,49.25,59.00,42.00,48.00,1.27,0.33,0.34,9321045830.00,2338089163.00,2432795622.00
[object Object],CAH,"Cardinal Health, Inc.",NYSE,240.00,stock,common,100.00,1.00,false,0.00,USD,-0.20,1026269.00,0.71,55818176324.01,USD,33.16,7.24,12.39,0.85,Distribution services,america,Distribution Services,Buy,Buy,-0.20,-0.41,1.56,10.35,9.28,17.32,59.99,348.89,196.30,26558.99,1.53,2.30,Buy,Buy,StrongBuy,Strong buy,Neutral,Neutral,54.11,2.08,8.77,51.46,68.84,81.93,0.00,240.03,-0.19,-0.19,100.00,-0.61,1026269.00,-35.73,240.00,0.00,217269.00,58.81,33.16,2.68,0.22,0.00,10.90,12.46,11.61,61069176324.01,0.24,18.61,14.41,240.38,236.14,234.35,220.12,216.09,273.31,292.00,250.00,275.50,12.54,2.42,2.94,265747968096.00,65152962429.00,66713964941.00
[object Object],BAS,BASF SE,XETR,52.70,stock,common,100.00,1.00,false,0.00,EUR,-1.81,1983149.00,1.27,55683291340.63,USD,7.92,7.60,1430.04,4.19,Process industries,germany,Process Industries,Neutral,Neutral,-1.81,-0.57,2.05,7.55,9.52,18.48,19.23,-18.43,-25.86,875.02,2.02,1.78,Buy,Buy,StrongBuy,Strong buy,Neutral,Neutral,55.96,0.92,1.83,71.07,71.07,77.47,0.00,53.41,-0.48,-0.48,580.00,0.60,1983149.00,60.94,52.55,-0.28,790383.00,19.61,7.92,0.01,0.76,1.25,9.65,43.73,5.79,76832906640.63,1.09,16.89,8.90,52.97,51.81,50.42,50.71,49.06,61.85,74.40,46.50,65.10,3.62,0.94,0.49,74568790244.20,18773158068.33,18259183375.00
[object Object],HO,Thales SA,EURONEXT,225.70,stock,common,10.00,1.00,false,0.00,EUR,-3.01,282709.00,1.33,55593314429.03,USD,31.07,8.30,119.01,1.68,Electronic technology,france,Electronic Technology,Buy,Buy,-3.01,-5.68,-15.15,-3.51,-11.66,-1.44,0.62,168.56,182.44,713.33,1.92,1.80,StrongSell,Strong sell,StrongSell,Strong sell,Sell,Sell,25.15,-24.10,-19.37,-129.23,4.53,4.14,0.00,0.00,0.00,0.00,0.00,-0.86,282709.00,45.69,225.70,0.00,190045.00,5.94,31.07,0.27,2.10,5.79,9.92,11.77,9.20,56210110399.03,2.16,20.35,14.01,236.90,252.14,243.98,236.99,242.68,345.96,391.21,291.95,348.00,12.44,5.33,6.46,27991844757.84,12481836699.32,14670022516.65
[object Object],SRE,Sempra,NYSE,85.01,stock,common,100.00,1.00,false,0.00,USD,-0.54,3062509.00,0.68,55588073001.02,USD,24.64,3.45,-16.44,3.05,Utilities,america,Utilities,Buy,Buy,-0.54,1.70,1.38,-7.03,-9.86,-4.18,7.40,27.03,61.08,808.59,1.50,2.15,Sell,Sell,Sell,Sell,Buy,Buy,47.59,0.98,-1.96,17.56,61.40,58.08,0.00,0.00,0.00,0.00,0.00,0.34,3062509.00,-20.04,85.01,0.00,926323.00,2.12,24.64,0.00,4.21,1.70,10.30,0.00,1115.24,102823073001.02,7.72,30.52,17.51,84.32,85.45,88.42,90.20,90.95,102.38,118.00,84.00,102.50,5.11,1.06,1.10,13599926413.00,3138223267.00,3206723372.00
[object Object],NKE,"NIKE, Inc. Class B",NYSE,37.35,stock,common,100.00,1.00,false,0.00,USD,-1.97,39681987.00,1.35,55408674745.13,USD,17.80,2.10,-2.83,4.28,Consumer non-durables,america,Consumer Non-Durables,Neutral,Neutral,-1.97,-1.85,-10.52,-16.11,-31.27,-41.64,-49.52,-77.40,-34.34,20686.06,2.10,2.24,Sell,Sell,StrongSell,Strong sell,Neutral,Neutral,35.58,-2.13,-2.36,-145.06,10.07,13.22,falling_window_bearish,37.73,-0.97,-0.13,427246.00,-0.81,39681987.00,25.29,37.32,-0.08,4195343.00,-48.61,17.80,0.00,1.22,3.73,19.31,25.36,6.14,57414674745.13,1.24,14.10,11.92,38.47,40.32,41.37,42.71,51.17,48.93,75.00,23.00,46.50,1.72,0.12,0.45,45624355622.00,10849541206.00,11357855416.00
[object Object],PSA,Public Storage,NYSE,294.60,stock,common,100.00,1.00,false,0.00,USD,-2.32,733080.00,0.87,54935789643.41,USD,28.09,10.49,14.42,3.98,Finance,america,Finance,Buy,Buy,-2.32,-2.09,-9.06,-9.38,-2.26,13.70,0.68,-10.96,30.88,1985.66,2.11,1.73,StrongSell,Strong sell,StrongSell,Strong sell,Sell,Sell,28.61,-28.07,-17.41,-131.11,11.06,16.50,0.00,0.00,0.00,0.00,0.00,-0.17,733080.00,-1.18,294.60,0.00,156675.00,9.77,28.09,1.99,10.89,10.69,16.39,18.17,200.05,69301600643.41,14.17,30.98,20.37,305.72,318.59,319.38,314.23,298.04,340.81,374.00,311.00,342.00,10.03,2.53,2.44,5120435296.00,1233984957.00,1319121975.00
[object Object],ANTO,Antofagasta plc,LSE,3998.00,stock,common,1.00,1.00,false,0.00,GBX,-2.03,787227.00,0.84,54447065629.90,USD,31.97,1.66,46.11,1.17,Non-energy minerals,uk,Non-Energy Minerals,Neutral,Neutral,-2.03,6.61,-0.37,4.66,9.99,21.19,84.92,188.46,692.47,5957.58,3.82,3.79,Buy,Buy,StrongBuy,Strong buy,Neutral,Neutral,55.45,-11.00,110.16,74.32,74.31,69.01,0.00,0.00,0.00,0.00,0.00,-0.32,787227.00,-31.14,3998.00,0.00,427645.00,75.19,31.97,0.71,5.81,4.87,14.19,1230.44,12.57,62906911250.58,6.85,15.51,11.16,3960.60,3866.83,3798.56,3853.68,3672.94,50.86,62.14,34.45,53.90,1.90,0.73,1.03,10142807970.01,4451399000.00,5383449333.00
[object Object],AME,"AMETEK, Inc.",NYSE,236.27,stock,common,100.00,1.00,false,0.00,USD,-0.63,1105161.00,0.84,54167553276.76,USD,34.54,6.84,10.33,0.55,Producer manufacturing,america,Producer Manufacturing,Buy,Buy,-0.63,1.39,-7.44,5.43,8.73,14.69,25.58,78.01,384.95,24201.69,1.40,1.86,Sell,Sell,Sell,Sell,Sell,Sell,43.19,-5.50,-9.13,-64.71,35.51,28.42,doji,0.00,0.00,0.00,0.00,-0.66,1105161.00,0.02,236.27,0.00,185642.00,25.57,34.54,3.37,6.95,4.81,28.01,30.12,109.61,55983051276.76,7.12,26.91,22.39,237.08,244.47,241.33,236.06,226.45,281.35,316.00,245.00,282.00,8.34,1.99,2.10,8195104013.00,1954008474.00,2081353395.00
[object Object],MRNA,"Moderna, Inc.",NASDAQ,135.61,stock,common,100.00,1.00,false,0.00,USD,-3.36,8611892.00,0.39,54140377086.30,USD,0.00,-7.98,-6.20,0.00,Health technology,america,Health Technology,Neutral,Neutral,-3.36,-10.43,126.96,192.07,149.70,354.61,444.40,-68.46,516.41,516.41,5.85,10.26,Buy,Buy,Buy,Buy,Neutral,Neutral,58.13,-23.22,49.48,29.70,45.27,61.36,0.00,140.18,-0.11,0.42,71348.00,-0.02,8611892.00,-16.46,135.66,0.04,615216.00,543.44,0.00,-2.83,25.07,8.00,0.00,0.00,10.50,50289377086.30,22.57,0.00,0.00,144.62,102.79,88.28,69.87,55.96,109.67,170.00,40.00,122.50,-8.33,-2.03,-1.10,2101008038.00,102928355.00,894988600.00
[object Object],DVN,Devon Energy Corporation,NYSE,48.98,stock,common,100.00,1.00,false,0.00,USD,1.20,9361061.00,1.03,53878001698.11,USD,11.60,4.22,-5.41,2.15,Energy minerals,america,Energy Minerals,StrongBuy,Strong buy,1.20,1.16,11.88,3.97,7.60,33.53,41.07,74.87,9.33,811.26,1.66,2.04,Buy,Buy,StrongBuy,Strong buy,Neutral,Neutral,61.59,2.07,2.49,76.37,65.17,66.76,0.00,49.10,1.45,0.17,35334.00,1.65,9361061.00,-13.13,48.97,-0.02,1123768.00,142.19,11.60,0.00,2.30,1.35,5.36,30.35,45.63,64762001698.11,3.27,13.41,7.26,48.21,46.52,45.08,45.61,43.64,60.29,68.00,44.00,62.50,5.12,1.40,1.17,24642824828.00,6010442805.00,6380235228.00
[object Object],RWE,RWE AG,XETR,60.26,stock,common,100.00,2.00,false,0.00,EUR,1.69,1797328.00,1.49,53730670641.29,USD,13.95,4.93,23.51,2.02,Utilities,germany,Utilities,StrongBuy,Strong buy,1.69,2.62,6.84,7.61,8.50,33.20,68.23,84.28,315.44,497.93,2.14,2.35,StrongBuy,Strong buy,StrongBuy,Strong buy,Buy,Buy,63.65,2.76,1.09,174.05,80.57,68.39,0.00,59.28,0.03,-0.27,298.00,0.34,1797328.00,78.90,60.18,-0.13,645351.00,79.29,13.95,0.58,3.04,1.19,7.65,0.00,3.67,75978801191.29,4.38,1415.49,21.82,58.76,57.81,57.51,57.27,54.34,78.31,86.87,63.71,78.76,3.51,0.72,0.77,21977626324.74,0.00,0.00
[object Object],F,Ford Motor Company,NYSE,13.45,stock,common,100.00,1.00,false,0.00,USD,-3.93,67584977.00,1.62,53635148840.48,USD,0.00,-1.73,-320.89,4.29,Consumer durables,america,Consumer Durables,Buy,Buy,-3.93,-3.10,-3.52,-5.94,11.07,2.05,15.25,3.86,7.60,664.07,3.68,2.66,StrongSell,Strong sell,StrongSell,Strong sell,Sell,Sell,40.84,-0.50,-0.07,-152.09,42.49,63.33,0.00,13.94,-0.43,0.21,211680.00,-0.29,67584977.00,44.83,13.51,0.45,5587136.00,21.93,0.00,0.00,0.30,1.59,3.16,7.37,1.71,185633148840.48,0.99,49.77,19.01,14.01,14.15,14.10,13.95,13.51,15.84,20.00,11.00,15.50,1.85,0.36,0.41,184901237630.00,47237897600.00,48422815625.00
[object Object],EOAN,E.ON SE,XETR,17.61,stock,common,1000.00,5.00,false,0.00,EUR,-0.23,3489650.00,0.97,53613151393.82,USD,13.63,1.48,7.19,3.23,Utilities,germany,Utilities,Buy,Buy,-0.23,-0.79,-7.27,-2.14,-9.25,9.07,14.76,58.51,138.29,250.24,1.53,2.05,Sell,Sell,StrongSell,Strong sell,Neutral,Neutral,42.78,-0.28,-0.62,35.16,54.21,48.13,long_upper_shadow_bearish,17.57,-0.42,-0.54,298.00,0.00,3489650.00,44.96,17.62,0.06,2223639.00,17.65,13.63,1.90,0.61,2.17,6.03,0.00,9.99,105850167043.82,1.23,17.64,10.08,17.63,18.03,18.48,18.37,18.04,24.48,27.87,19.74,24.97,1.28,0.35,0.20,93189702550.75,0.00,0.00
[object Object],CBK,Commerzbank AG,XETR,42.10,stock,common,100.00,1.00,false,0.00,EUR,-1.29,3381120.00,1.38,53586775127.82,USD,15.21,3.16,20.12,2.58,Finance,germany,Finance,Buy,Buy,-1.29,5.25,8.06,15.82,42.09,17.01,27.00,658.29,562.26,-53.60,2.37,1.85,Buy,Buy,StrongBuy,Strong buy,Sell,Sell,64.09,1.17,2.60,133.22,85.87,91.62,0.00,41.85,-1.88,-0.66,3609.00,-0.87,3381120.00,32.30,42.00,-0.24,1126709.00,22.06,15.21,0.77,3.39,1.50,0.00,0.00,0.00,-8932110772.18,0.00,0.00,0.00,41.23,39.84,39.00,37.74,35.84,49.94,53.46,44.75,49.98,3.70,0.83,0.93,15650670568.96,3716100393.66,3883110073.43
[object Object],MBG,Mercedes-Benz Group AG,XETR,46.70,stock,common,1000.00,5.00,false,0.00,EUR,-2.25,2425162.00,1.03,53470269951.75,USD,8.90,6.00,-24.21,7.33,Consumer durables,germany,Consumer Durables,Buy,Buy,-2.25,0.03,-0.65,-1.52,-14.16,-22.24,-11.04,-17.38,-9.41,109.56,2.67,2.09,Neutral,Neutral,Neutral,Neutral,Neutral,Neutral,51.74,2.05,1.05,62.09,75.42,82.30,0.00,47.45,-0.67,-0.51,1321.00,-0.66,2425162.00,55.37,46.72,0.04,1261586.00,-12.74,8.90,0.00,0.35,0.49,3.23,5.60,2.53,152936466651.75,1.03,21.14,9.85,47.05,46.44,45.93,47.30,52.23,65.08,84.86,41.85,63.93,6.37,1.44,1.60,152525526214.41,36410837115.79,37130232602.16
[object Object],STT,State Street Corporation,NYSE,191.89,stock,common,100.00,1.00,false,0.00,USD,0.01,1389767.00,1.14,52712520476.59,USD,16.92,11.34,27.10,1.75,Finance,america,Finance,Buy,Buy,0.01,2.30,4.22,17.88,54.70,49.23,72.27,120.56,173.66,59264.19,1.69,1.92,Buy,Buy,StrongBuy,Strong buy,Neutral,Neutral,55.56,-1.06,4.00,22.65,74.92,76.85,spinning_top_white,191.90,0.01,0.01,2000.00,-0.51,1389767.00,-10.58,191.89,0.00,392701.00,62.85,16.92,0.62,3.89,2.13,0.00,0.00,0.00,82452520476.59,3.78,0.00,0.00,192.15,188.68,185.37,171.59,149.76,202.93,215.00,187.00,200.00,13.64,3.34,3.61,15875538508.00,3882662607.00,4002507674.00
[object Object],NDAQ,"Nasdaq, Inc.",NASDAQ,94.22,stock,common,100.00,1.00,false,0.00,USD,-0.86,2433060.00,0.92,52666846985.70,USD,27.46,3.43,31.85,1.18,Finance,america,Finance,StrongBuy,Strong buy,-0.86,-3.41,-0.40,8.41,10.93,-3.12,-0.95,42.86,299.52,1784.40,1.44,1.75,Sell,Sell,Sell,Sell,Sell,Sell,43.28,-4.51,0.02,-172.84,16.61,30.80,0.00,94.60,-0.46,-0.03,1478.00,0.12,2433060.00,0.84,94.13,-0.10,798321.00,-0.56,27.46,0.87,6.20,4.42,23.82,27.42,97.97,61442846985.70,7.06,22.93,18.46,97.49,96.51,93.45,90.80,90.48,111.31,135.00,90.00,110.50,4.13,0.98,1.02,5911347101.00,1455134271.00,1471533974.00
[object Object],GRMN,Garmin Ltd.,NYSE,272.18,stock,common,100.00,1.00,false,0.00,USD,-1.27,603466.00,0.77,52490598534.62,USD,28.07,9.70,19.64,0.00,Electronic technology,america,Electronic Technology,Neutral,Neutral,-1.27,-1.08,-12.50,17.04,14.90,33.64,13.88,57.83,458.09,3342.59,1.48,2.07,Sell,Sell,Sell,Sell,Sell,Sell,36.95,-16.27,-13.25,-113.38,18.55,20.10,0.00,0.00,0.00,0.00,0.00,-0.65,603466.00,-15.09,272.18,0.00,160038.00,16.73,28.07,1.45,6.95,5.82,26.61,32.92,19.75,50002365534.62,6.52,23.61,21.63,280.15,294.61,274.14,257.65,239.21,316.20,370.00,289.00,297.00,10.17,2.30,2.39,8109678110.00,1925932931.00,1988650000.00
[object Object],SAND,Sandvik AB,OMXSTO,392.60,stock,common,10.00,1.00,false,0.00,SEK,-2.44,2311996.00,1.35,52445069382.17,USD,29.24,1.38,16.38,1.49,Producer manufacturing,sweden,Producer Manufacturing,Neutral,Neutral,-2.44,5.65,7.56,7.83,4.75,30.61,58.56,80.51,317.22,871.78,2.99,2.40,Buy,Buy,StrongBuy,Strong buy,Neutral,Neutral,57.79,-1.90,18.53,80.74,81.36,78.87,0.00,0.00,0.00,0.00,0.00,-0.67,2311996.00,99.33,0.00,0.00,0.00,55.44,29.24,1.83,3.91,4.90,22.97,27.90,136.11,56557119682.17,4.27,22.20,16.89,387.42,374.69,372.97,377.76,359.65,41.63,48.31,31.17,42.08,1.81,0.45,0.47,15651407981.27,3704462641.34,3793594524.49
[object Object],CRWV,"CoreWeave, Inc. Class A",NASDAQ,94.94,stock,common,100.00,1.00,false,0.00,USD,-4.90,21362987.00,1.06,52362884396.01,USD,0.00,-3.66,-47.09,0.00,Technology services,america,Technology Services,Buy,Buy,-4.90,18.54,2.80,2.49,17.11,28.42,-4.95,143.44,143.44,143.44,7.32,6.08,Buy,Buy,Buy,Buy,Neutral,Neutral,55.89,6.90,1.78,38.61,62.62,44.22,0.00,100.06,0.23,0.17,514450.00,0.21,21362987.00,-58.27,92.06,-3.03,1554510.00,1.65,0.00,-0.58,7.25,10.41,7.57,0.00,8.16,97558884396.01,12.85,0.00,25.94,87.54,88.84,85.67,98.01,91.70,144.66,317.00,39.00,150.00,-4.01,-1.21,-1.25,12905583160.00,2554498690.00,3543785666.00
[object Object],ALAB,"Astera Labs, Inc.",NASDAQ,300.54,stock,common,100.00,1.00,false,0.00,USD,4.05,3144879.00,0.96,52139215286.63,USD,147.98,2.03,256.13,0.00,Electronic technology,america,Electronic Technology,Buy,Buy,4.05,9.35,-11.03,-11.57,147.81,75.05,40.90,471.80,471.80,471.80,8.34,6.16,Buy,Buy,Buy,Buy,Neutral,Neutral,49.62,17.89,-13.47,9.82,63.31,49.99,piercing_bullish,286.11,-0.95,1.18,14762.00,-0.95,3144879.00,-45.02,300.77,0.08,297917.00,62.00,147.98,0.56,44.06,30.21,164.13,199.15,43.98,50930670286.63,42.37,186.26,178.45,291.75,302.86,325.28,306.89,226.68,420.47,500.00,310.00,430.00,3.99,0.69,1.19,1908551784.00,360851173.00,550619685.00
[object Object],CPG,Compass Group PLC,LSE,30.53,stock,common,100.00,1.00,false,0.00,USD,0.00,2157455.00,1.14,51910564153.00,USD,25.71,1.19,38.09,2.22,Consumer services,uk,Consumer Services,Buy,Buy,0.00,0.56,-4.95,-9.03,5.02,0.59,-6.32,66.49,63.92,226.26,2.47,2.42,Sell,Sell,StrongSell,Strong sell,Neutral,Neutral,42.88,-0.27,-0.76,-68.48,49.38,48.14,0.00,0.00,0.00,0.00,0.00,-0.29,2157455.00,45.88,30.53,0.00,1263462.00,-10.15,25.71,0.68,1.07,6.53,13.98,16.92,99.18,60643564153.11,1.25,17.48,12.05,30.61,31.54,31.61,31.50,30.14,38.72,43.00,32.00,40.00,1.48,0.71,0.75,50652762850.00,24724205250.00,25714562000.00
[object Object],DAL,"Delta Air Lines, Inc.",NYSE,78.75,stock,common,100.00,1.00,false,0.00,USD,-0.27,4525367.00,0.86,51787809534.57,USD,13.08,6.02,-12.69,0.98,Transportation,america,Transportation,StrongBuy,Strong buy,-0.27,1.61,-12.83,2.93,34.41,12.74,27.84,98.76,102.65,246.15,1.87,2.29,Sell,Sell,StrongSell,Strong sell,Sell,Sell,38.69,-4.87,-6.68,-81.57,31.84,28.16,0.00,77.22,-2.20,0.36,40784.00,-1.85,4525367.00,-14.14,78.77,0.03,854922.00,28.45,13.08,0.00,0.76,2.37,6.37,15.20,10.91,67020809534.57,0.98,12.15,8.33,79.34,85.10,86.01,81.36,74.41,107.15,125.00,95.00,105.00,6.48,1.49,2.08,66437595718.00,17546620902.00,17591817823.00
[object Object],ETR,Entergy Corporation,NYSE,107.17,stock,common,100.00,1.00,false,0.00,USD,-1.25,2614596.00,1.08,51203410435.80,USD,27.40,3.91,-2.65,2.36,Utilities,america,Utilities,Buy,Buy,-1.25,0.06,0.39,-3.82,1.60,15.77,23.61,87.03,168.09,748.87,1.44,1.64,Sell,Sell,Sell,Sell,Neutral,Neutral,47.41,0.93,-0.73,40.83,64.92,59.48,0.00,107.86,-0.62,0.09,400.00,-0.03,2614596.00,-27.65,107.17,0.00,664664.00,27.97,27.40,0.00,3.75,2.74,8.23,0.00,12.97,82287663435.80,6.10,27.46,14.68,107.03,107.15,109.98,111.07,105.64,124.71,137.00,105.00,126.00,4.40,1.01,1.66,13969841675.00,3490670695.00,4152173127.00
[object Object],MSTR,Strategy Inc Class A,NASDAQ,132.70,stock,common,100.00,1.00,false,0.00,USD,-2.80,17123337.00,0.62,50986726805.91,USD,0.00,-97.21,-955.74,0.00,Technology services,america,Technology Services,StrongBuy,Strong buy,-2.80,7.58,33.43,14.29,-7.76,-14.16,-59.82,105.70,674.53,1533.23,6.28,6.15,Buy,Buy,StrongBuy,Strong buy,Neutral,Neutral,58.57,5.87,25.61,79.31,81.98,87.38,marubozu_black_bearish,141.91,3.95,2.54,739546.00,3.88,17123337.00,-13.97,132.99,0.22,1068614.00,-49.46,0.00,0.00,96.57,1.60,0.00,0.00,19.10,69748569805.91,139.96,0.00,0.00,132.57,111.73,105.39,127.40,138.47,232.17,435.00,125.00,208.00,-25.30,-2.19,12.34,500282872.00,122993311.00,128051841.00
[object Object],VST,Vistra Corp.,NYSE,151.10,stock,common,100.00,1.00,false,0.00,USD,-0.41,3869015.00,0.91,50714478050.75,USD,25.51,5.92,-6.01,0.60,Utilities,america,Utilities,StrongBuy,Strong buy,-0.41,9.64,6.48,7.17,-6.59,-7.80,-20.47,695.26,601.77,364.92,2.91,3.02,Neutral,Neutral,Buy,Buy,Sell,Sell,59.18,12.07,1.28,123.10,88.26,81.21,0.00,150.25,-0.97,0.77,78931.00,-1.13,3869015.00,-44.73,151.20,0.07,436069.00,-24.46,25.51,0.00,2.92,16.89,10.01,22.73,107.68,72621478050.75,4.13,38.46,15.56,143.22,143.39,149.18,151.95,157.51,220.83,305.00,169.00,219.00,8.61,1.61,2.58,22467198501.00,5464233899.00,7154186225.00
[object Object],SHL,Siemens Healthineers AG,XETR,38.69,stock,common,100.00,1.00,false,0.00,EUR,-0.79,965642.00,1.27,50584866559.93,USD,19.60,2.25,2.35,2.56,Health technology,germany,Health Technology,Buy,Buy,-0.79,-1.20,-2.05,10.92,0.26,-13.77,-18.63,-32.69,32.96,32.96,1.74,1.60,Neutral,Neutral,Sell,Sell,Neutral,Neutral,49.45,-0.57,0.11,-133.20,19.14,18.73,0.00,39.00,0.00,0.00,45.00,-0.26,965642.00,26.20,38.83,0.36,654850.00,-15.43,19.60,8.39,1.88,2.27,14.29,19.55,18.35,65351468909.93,2.47,16.64,12.42,39.08,39.16,37.51,36.04,38.78,52.35,66.49,41.70,52.70,2.77,0.60,0.80,27625956057.03,6472168929.51,7881358625.82
[object Object],VMRK,Vivmark Residential,NYSE,64.98,stock,common,100.00,1.00,false,0.00,USD,-1.83,7123521.00,1.35,50280168667.80,USD,28.52,2.28,-12.81,4.22,Finance,america,Finance,Buy,Buy,-1.83,-0.91,-2.33,-4.09,6.52,4.27,-1.61,-22.21,-0.60,368.32,1.74,1.93,Sell,Sell,StrongSell,Strong sell,Neutral,Neutral,44.51,-2.64,-1.06,-22.94,33.77,34.88,0.00,66.18,-0.02,-0.02,1765.00,0.06,7123521.00,10.64,64.98,0.00,1499654.00,103.37,28.52,0.00,8.05,2.32,15.88,20.65,685.19,58894186667.80,18.65,64.73,30.73,65.47,66.03,67.10,66.36,63.94,73.12,80.00,69.00,72.50,1.29,0.44,0.38,3160443012.00,787277663.00,795555086.00
[object Object],DNB,DNB Bank ASA,OSL,318.90,stock,common,10.00,1.00,false,0.00,NOK,-0.53,1460461.00,1.21,50029459512.84,USD,11.54,2.79,-7.52,5.61,Finance,norway,Finance,Neutral,Neutral,-0.53,-0.03,3.77,12.29,10.35,12.96,20.89,67.31,209.01,917.67,1.00,1.13,Buy,Buy,StrongBuy,Strong buy,Sell,Sell,63.93,5.10,8.74,45.50,83.62,84.96,"hanging_man_bearish,long_lower_shadow_bullish",0.00,0.00,0.00,0.00,-0.81,1460461.00,62.97,318.90,0.00,711108.00,19.33,11.54,0.00,4.92,1.79,11.12,11.74,0.00,168283486712.84,8.62,0.00,0.00,318.73,312.72,306.59,296.89,291.72,33.52,36.03,30.01,33.72,2.63,0.65,0.71,8865304745.83,2243480096.73,2400173403.24
[object Object],EW,Edwards Lifesciences Corporation,NYSE,86.18,stock,common,100.00,1.00,false,0.00,USD,-0.62,2736666.00,0.99,49674154803.43,USD,51.14,1.69,15.05,0.00,Health technology,america,Health Technology,Buy,Buy,-0.62,-5.78,-3.58,0.15,1.23,0.84,7.48,-29.87,122.92,6681.38,2.07,1.92,Sell,Sell,StrongSell,Strong sell,Sell,Sell,34.88,-4.69,-0.17,-267.29,13.99,22.06,spinning_top_black,0.00,0.00,0.00,0.00,-0.52,2736666.00,-23.63,86.23,0.06,621998.00,9.78,51.14,3.42,7.69,4.68,28.94,34.72,11.70,46230354803.43,7.10,24.88,22.84,89.58,89.97,89.46,86.99,84.96,102.17,110.00,85.00,102.00,3.00,0.74,0.74,6769988055.00,1700167871.00,1676303104.00
[object Object],PKN,ORLEN Spolka Akcyjna,GPW,159.52,stock,common,100.00,2.00,false,0.00,PLN,0.58,1740441.00,1.36,49588655668.71,USD,8.81,4.81,95.89,5.04,Energy minerals,poland,Energy Minerals,Buy,Buy,0.58,1.48,7.03,10.01,23.83,64.83,92.10,113.43,143.58,618.56,1.88,2.48,StrongBuy,Strong buy,StrongBuy,Strong buy,Buy,Buy,62.93,10.52,5.52,132.47,91.64,87.22,0.00,0.00,0.00,0.00,0.00,0.35,1740441.00,61.01,0.00,0.00,0.00,98.44,8.81,0.09,0.65,1.25,4.23,14.11,5.89,52352148188.71,0.69,5.13,3.75,155.51,152.84,149.40,143.16,126.77,41.37,49.82,28.87,42.08,6.63,1.43,1.49,85992206179.64,22087649547.49,17069178158.80
[object Object],ELE,Endesa S.A.,BME,41.80,stock,common,100.00,1.00,false,0.00,EUR,1.01,717596.00,1.17,49491209087.35,USD,16.46,2.90,26.14,3.10,Utilities,spain,Utilities,Neutral,Neutral,1.01,-1.16,-0.76,11.85,19.94,36.60,61.45,104.60,123.89,112.18,1.29,1.33,StrongBuy,Strong buy,StrongBuy,Strong buy,Neutral,Neutral,55.24,-0.24,-0.28,41.89,39.81,30.16,0.00,0.00,0.00,0.00,0.00,0.65,717596.00,37.15,0.00,0.00,0.00,56.18,16.46,0.62,2.00,5.25,9.94,16.66,154.46,63216256237.35,2.62,13.82,9.08,41.64,41.69,40.99,39.18,36.00,42.87,51.49,31.96,43.41,2.80,0.69,0.76,25712014714.42,5402608847.81,5522662590.26
[object Object],FITB,Fifth Third Bancorp,NYSE,54.19,stock,common,100.00,1.00,false,0.00,USD,-0.59,4369170.00,1.04,49144507294.94,USD,18.44,2.94,-8.56,2.94,Finance,america,Finance,Buy,Buy,-0.59,1.46,-4.60,2.46,22.16,15.67,19.32,41.19,169.87,1423543.68,1.06,1.66,Sell,Sell,Sell,Sell,Sell,Sell,40.86,-0.70,-1.66,-66.20,39.86,36.74,spinning_top_black,54.34,-0.31,0.00,5067.00,-0.35,4369170.00,-1.13,54.17,-0.04,862902.00,63.53,18.44,0.00,4.50,1.52,12.34,14.98,0.00,69221507294.94,4.55,0.00,0.00,54.42,55.93,56.51,53.75,51.03,63.05,70.00,55.00,63.50,3.06,0.84,0.84,12867674662.00,3244341304.00,3339170972.00
[object Object],BDX,"Becton, Dickinson and Company",NYSE,179.80,stock,common,100.00,1.00,false,0.00,USD,0.39,1528993.00,0.99,48975150161.71,USD,54.23,3.32,-40.38,2.34,Health technology,america,Health Technology,Buy,Buy,0.39,-4.07,1.88,22.04,11.42,17.76,19.74,-10.25,32.57,6005.41,2.14,2.09,Neutral,Neutral,Sell,Sell,Neutral,Neutral,47.72,-9.98,5.95,-136.55,18.85,32.53,0.00,178.02,-0.60,-0.60,100.00,-1.09,1528993.00,-15.32,179.80,0.00,258677.00,-6.02,54.23,0.00,2.36,2.01,15.17,19.53,57.26,64919150161.71,3.12,21.42,12.36,186.19,181.56,170.96,159.60,160.07,193.00,210.00,170.00,195.00,12.67,3.14,4.07,19290424141.00,4887136303.00,5114499063.00
[object Object],HOLN,Holcim Ltd,SIX,71.54,stock,common,100.00,2.00,false,0.00,CHF,-2.72,1152522.00,1.16,48943676655.02,USD,101.56,0.87,-87.25,2.31,Non-energy minerals,switzerland,Non-Energy Minerals,Buy,Buy,-2.72,-0.22,1.19,0.06,16.90,-8.28,5.42,194.37,181.59,62.77,2.80,2.15,Sell,Sell,StrongSell,Strong sell,Neutral,Neutral,46.84,-2.26,0.49,22.95,69.50,79.15,0.00,0.00,0.00,0.00,0.00,-0.73,1152522.00,25.97,71.54,0.00,435835.00,9.07,101.56,0.00,2.59,2.50,13.23,21.25,11.03,59116372155.02,3.03,18.71,13.02,72.46,71.93,73.02,73.54,73.27,102.81,114.81,81.48,104.93,4.69,1.98,2.84,21189692839.39,9656220544.45,11307654551.60
[object Object],AMP,"Ameriprise Financial, Inc.",NYSE,551.88,stock,common,100.00,1.00,false,0.00,USD,-0.86,741335.00,1.85,48749336749.31,USD,13.31,41.46,28.98,1.19,Finance,america,Finance,Buy,Buy,-0.86,1.41,-0.69,22.28,23.50,12.63,12.47,105.15,448.64,1351.55,1.72,1.86,Neutral,Neutral,Neutral,Neutral,Sell,Sell,50.30,-8.38,2.67,-107.12,52.33,58.99,0.00,0.00,0.00,0.00,0.00,-0.31,741335.00,35.86,551.88,0.00,240555.00,1.95,13.31,0.46,2.61,7.67,6.12,6.24,5.00,45033336749.31,2.27,8.37,8.45,555.72,556.65,539.61,500.09,488.65,582.90,645.00,489.00,578.50,46.47,10.81,11.79,20014486280.00,4865049629.00,5090225586.00
[object Object],DGE,Diageo plc,LSE,1598.00,stock,common,10.00,5.00,false,0.00,GBX,-1.27,3977478.00,1.03,48727022683.28,USD,27.48,0.77,-28.90,3.88,Consumer non-durables,uk,Consumer Non-Durables,Buy,Buy,-1.27,-4.28,-11.49,6.39,11.24,-0.22,-18.28,-54.24,-23.63,169.93,1.67,1.98,Sell,Sell,StrongSell,Strong sell,Buy,Buy,37.93,-137.50,-44.18,-177.10,4.58,4.30,falling_window_bearish,0.00,0.00,0.00,0.00,-1.39,3977478.00,6.81,1598.00,0.00,1889190.00,-16.88,27.48,0.00,2.46,4.34,10.88,14.96,23.39,71425960035.02,3.68,12.72,11.25,1668.15,1697.27,1638.47,1579.70,1596.20,27.11,33.73,18.86,27.25,1.62,0.64,0.99,18747033135.80,9147931667.00,10288467000.00
[object Object],MAERSK_B,A.P. Moller - Maersk A/S Class B,OMXCOP,22240.00,stock,common,1.00,10.00,false,0.00,DKK,0.14,11748.00,0.83,48552757813.86,USD,22.41,151.26,-67.15,2.16,Transportation,denmark,Transportation,Sell,Sell,0.14,6.46,28.63,22.20,37.45,52.28,64.68,22.71,129.44,235.23,2.70,3.67,Buy,Buy,StrongBuy,Strong buy,Neutral,Neutral,65.36,550.00,2464.88,75.85,72.45,74.01,0.00,0.00,0.00,0.00,0.00,-0.32,11748.00,44.82,0.00,0.00,0.00,43.68,22.41,0.00,0.89,0.89,5.38,9.47,2.67,48671400938.46,0.89,17.58,5.34,21810.00,20031.50,18679.80,17168.20,16204.10,2658.56,3886.39,1554.65,2584.81,352.11,28.74,202.41,61472737304.93,14071454593.00,16989715442.00
[object Object],BN,Danone SA,EURONEXT,62.96,stock,common,100.00,2.00,false,0.00,EUR,-3.02,1197212.00,1.12,48458053038.47,USD,20.87,3.45,5.84,3.47,Consumer non-durables,france,Consumer Non-Durables,Buy,Buy,-3.02,-2.45,-7.55,-5.09,-9.75,-17.40,-16.01,4.50,-5.86,1949.03,1.65,1.43,StrongSell,Strong sell,StrongSell,Strong sell,Sell,Sell,33.85,-2.76,-2.79,-114.93,21.88,20.03,0.00,0.00,0.00,0.00,0.00,-1.26,1197212.00,-17.72,62.96,0.00,767581.00,-14.06,20.87,3.68,1.52,2.30,11.51,16.72,4.86,59115394638.47,1.88,12.90,9.83,64.10,66.03,68.41,66.82,69.48,93.50,110.43,70.91,91.83,4.65,2.15,2.31,33160702243.69,15789550530.00,16682901175.00
[object Object],VOW3,Volkswagen AG Pref,XETR,81.70,stock,preferred,100.00,2.00,false,0.00,EUR,-1.68,1009232.00,0.79,48424917967.33,USD,7.81,11.94,-37.21,6.33,Consumer durables,germany,Consumer Durables,Buy,Buy,-1.68,7.50,7.05,-5.53,-10.71,-21.10,-20.53,-57.67,-33.47,137.57,4.02,2.73,Buy,Buy,StrongBuy,Strong buy,Sell,Sell,62.59,9.28,4.73,152.14,85.06,81.65,0.00,82.82,-0.34,-0.60,60.00,-0.84,1009232.00,-35.33,81.52,-0.22,450942.00,-25.91,7.81,0.00,0.13,0.23,2.33,0.00,0.56,322064485517.33,0.88,15.48,5.54,78.39,75.91,74.76,80.28,89.14,119.44,154.61,87.18,119.15,20.19,5.41,5.05,378764058179.72,92685678769.71,92414091331.77
[object Object],DSV,DSV A/S,OMXCOP,1306.50,stock,common,10.00,5.00,false,0.00,DKK,-1.02,318137.00,0.83,48100661272.75,USD,45.16,4.41,-35.38,0.53,Transportation,denmark,Transportation,StrongBuy,Strong buy,-1.02,-0.99,-3.15,-13.42,-17.31,-18.90,-1.43,-19.70,290.12,5605.24,1.91,2.02,StrongSell,Strong sell,StrongSell,Strong sell,Neutral,Neutral,34.16,-68.50,-53.12,-122.47,17.01,19.65,spinning_top_black,0.00,0.00,0.00,0.00,-0.76,318137.00,38.13,0.00,0.00,0.00,-2.93,45.16,0.00,1.08,2.48,25.32,31.93,31.01,61414290172.75,1.39,18.20,12.47,1331.45,1364.85,1455.83,1516.77,1572.56,316.27,356.50,274.35,315.81,10.01,2.36,2.73,46812114287.78,11316230927.46,11903885874.78
[object Object],HONA,Honeywell Aerospace Inc,NASDAQ,151.58,stock,common,100.00,1.00,false,0.00,USD,-2.47,3086092.00,0.93,48043693985.77,USD,0.00,0.00,0.00,0.00,Electronic technology,america,Electronic Technology,Buy,Buy,-2.47,-1.77,-7.21,-24.21,-24.21,-24.21,-24.21,-24.21,-24.21,-24.21,3.18,3.58,Sell,Sell,StrongSell,Strong sell,Neutral,Neutral,37.41,-8.78,-20.22,-138.94,20.33,21.48,0.00,154.00,-0.91,-0.26,9296.00,-0.59,3086092.00,-31.68,151.69,0.07,304542.00,0.00,0.00,0.00,0.00,0.00,0.00,0.00,45.45,62946693985.77,0.00,0.00,0.00,157.50,170.75,189.04,0.00,0.00,215.25,250.00,175.00,211.50,0.00,2.12,1.94,0.00,4609269572.00,4586986364.00
[object Object],HUM,Humana Inc.,NYSE,400.02,stock,common,100.00,1.00,false,0.00,USD,-0.76,972623.00,1.08,48034523972.84,USD,37.88,10.56,-18.96,0.88,Health services,america,Health Services,Buy,Buy,-0.76,1.10,3.90,8.45,141.78,56.23,28.15,-3.44,127.12,33454.53,4.45,3.35,Buy,Buy,StrongBuy,Strong buy,Neutral,Neutral,57.72,10.31,18.72,112.30,67.69,74.25,0.00,413.50,2.58,1.70,26127.00,3.41,972623.00,28.75,400.02,0.00,130158.00,28.32,37.88,0.00,0.34,2.50,19.08,24.86,0.00,62345523972.84,0.43,0.00,0.00,395.95,383.66,388.95,345.87,281.42,420.54,513.00,280.00,417.50,9.15,7.27,-1.00,162508654454.00,40580154030.00,40867092771.00
[object Object],CIEN,Ciena Corporation,NYSE,338.00,stock,common,100.00,1.00,false,0.00,USD,-0.96,1795313.00,0.69,47931285257.69,USD,75.42,4.48,362.86,0.00,Electronic technology,america,Electronic Technology,Buy,Buy,-0.96,-5.39,-19.52,-23.47,-0.36,40.25,184.03,500.14,1385.71,192.64,6.51,5.83,Sell,Sell,StrongSell,Strong sell,Neutral,Neutral,39.35,-49.66,-48.61,-104.31,20.15,13.02,0.00,340.99,-0.09,0.54,21577.00,0.18,1795313.00,-44.36,339.50,0.44,251132.00,274.82,75.42,0.21,8.27,15.69,46.78,60.58,18.76,48587161257.69,8.07,57.13,47.38,359.74,386.02,399.16,459.43,378.68,520.69,660.00,347.00,531.71,7.15,1.73,2.08,6423131800.00,1637225504.00,1757759158.00
[object Object],CARR,Carrier Global Corp.,NYSE,57.95,stock,common,100.00,1.00,false,0.00,USD,-1.96,4604842.00,0.82,47769638487.17,USD,40.84,1.42,-43.38,1.60,Producer manufacturing,america,Producer Manufacturing,Buy,Buy,-1.96,1.21,-9.37,-15.66,1.36,9.11,-10.02,2.01,382.92,382.92,2.56,2.27,Sell,Sell,StrongSell,Strong sell,Neutral,Neutral,35.93,-0.57,-3.39,-62.04,43.67,42.29,0.00,59.19,0.14,0.05,538.00,-0.20,4604842.00,-6.04,57.95,0.00,819633.00,-10.72,40.84,0.00,2.24,3.64,20.31,25.14,35.99,59141638487.17,2.68,32.60,19.10,58.53,61.04,64.13,65.32,61.46,77.86,90.00,60.00,79.00,2.90,0.82,0.77,23196914521.00,6018039602.00,5973503221.00
[object Object],XYZ,"Block, Inc. Class A",NYSE,79.40,stock,common,100.00,1.00,false,0.00,USD,-0.87,4096216.00,0.98,47703279223.71,USD,141.36,0.56,-87.98,0.00,Commercial services,america,Commercial Services,Buy,Buy,-0.87,3.17,1.13,19.58,30.92,20.82,4.98,-68.98,612.11,608.93,2.62,3.15,Sell,Sell,Sell,Sell,Sell,Sell,46.10,-3.32,0.03,-109.92,38.09,49.58,spinning_top_white,79.01,-1.36,-0.22,12286.00,-1.50,4096216.00,23.29,79.41,0.01,839992.00,7.23,141.36,0.00,1.95,2.16,11.91,12.45,6.39,47278978223.71,1.89,10.73,9.88,81.95,81.46,80.41,76.08,68.99,99.22,125.00,75.00,100.00,4.06,0.87,1.03,26001263320.00,6474087248.00,6583892126.00
[object Object],XEL,Xcel Energy Inc.,NASDAQ,76.19,stock,common,100.00,1.00,false,0.00,USD,-0.90,5160169.00,0.99,47590888540.92,USD,20.86,3.65,1.34,3.02,Utilities,america,Utilities,StrongBuy,Strong buy,-0.90,-0.08,-1.93,-3.02,-6.25,3.21,6.62,10.34,80.25,941.91,1.60,1.56,StrongSell,Strong sell,StrongSell,Strong sell,Sell,Sell,43.38,-1.00,-1.96,-66.47,28.92,25.35,0.00,0.00,0.00,0.00,0.00,-0.16,5160169.00,-30.60,76.19,0.00,1036130.00,10.11,20.86,15.67,3.30,1.98,10.01,0.00,21.83,87013888540.92,5.96,28.15,14.17,76.35,77.50,78.53,79.07,78.59,92.88,101.00,87.00,92.00,4.12,0.79,1.32,15614531307.00,3543123454.00,4239837041.00
[object Object],ASM,ASM International N.V.,EURONEXT,838.20,stock,common,10.00,2.00,false,0.00,EUR,-0.36,135595.00,1.08,47582858022.51,USD,38.32,24.98,104.67,0.39,Producer manufacturing,netherlands,Producer Manufacturing,Buy,Buy,-0.36,7.19,-2.19,-9.40,19.78,59.23,98.20,134.79,2371.11,3780.56,4.30,3.34,Buy,Buy,Buy,Buy,Neutral,Neutral,50.44,15.60,-7.81,-1.53,81.15,68.60,0.00,0.00,0.00,0.00,0.00,0.05,135595.00,34.37,838.20,0.00,72433.00,98.56,38.32,0.37,12.29,9.23,41.09,54.46,34.91,46293003502.51,12.05,39.73,31.75,818.86,834.21,854.11,882.30,765.07,1295.68,1693.34,801.92,1297.03,27.49,6.39,6.89,4889417864.64,1139894404.13,1264633708.38
[object Object],AZO,"AutoZone, Inc.",NYSE,2910.97,stock,common,100.00,1.00,false,0.00,USD,-1.38,310751.00,0.98,47522621916.12,USD,20.01,145.45,-1.56,0.00,Retail trade,america,Retail Trade,StrongBuy,Strong buy,-1.38,-1.87,-6.55,-6.41,-19.82,-13.76,-31.08,86.93,298.82,39538.74,1.61,2.08,StrongSell,Strong sell,StrongSell,Strong sell,Sell,Sell,40.67,-116.37,-63.88,-136.82,22.56,23.44,falling_window_bearish,2941.00,-0.36,0.25,137.00,-0.56,310751.00,-22.31,2910.97,0.00,45289.00,-31.64,20.01,0.00,2.49,0.00,15.97,30.04,155.13,59837572916.12,2.99,16.61,14.03,2959.88,3013.10,3027.94,3160.50,3372.57,3952.82,4800.00,3200.00,3989.50,151.10,36.22,54.58,20462970802.00,4861511938.00,6721714626.00
[object Object],ORA,Orange SA,EURONEXT,15.21,stock,common,1000.00,5.00,false,0.00,EUR,-1.01,5321988.00,0.97,47506073599.03,USD,10.06,1.73,256.29,4.88,Communications,france,Communications,Buy,Buy,-1.01,-1.97,-7.23,-13.65,-11.44,7.15,12.33,60.90,13.00,-38.14,1.51,1.74,StrongSell,Strong sell,StrongSell,Strong sell,Neutral,Neutral,36.07,-0.54,-0.67,-75.16,34.09,35.06,0.00,0.00,0.00,0.00,0.00,-0.52,5321988.00,80.56,15.21,0.00,3690363.00,14.82,10.06,0.04,1.02,1.51,3.41,8.36,3.79,109937775749.03,2.32,19.91,6.96,15.34,15.93,16.06,16.87,16.44,22.18,25.33,17.43,22.54,1.46,0.47,0.00,53116240006.53,23657772900.00,0.00
[object Object],WAB,Westinghouse Air Brake Technologies Corporation,NYSE,280.47,stock,common,100.00,1.00,false,0.00,USD,-1.40,718719.00,0.98,47374426140.42,USD,37.77,7.43,10.82,0.41,Producer manufacturing,america,Producer Manufacturing,Buy,Buy,-1.40,-0.12,-4.07,7.79,15.84,31.29,47.02,215.13,256.47,3639.60,2.00,1.92,Sell,Sell,Sell,Sell,Sell,Sell,40.61,-16.47,-12.62,-108.29,27.66,24.98,0.00,0.00,0.00,0.00,0.00,-0.86,718719.00,3.17,280.47,0.00,207963.00,44.56,37.77,3.54,4.03,4.23,23.80,27.75,71.00,53670426140.42,4.48,26.75,21.03,286.42,292.50,283.97,274.44,255.08,329.17,355.00,292.00,335.00,10.86,2.60,2.73,12540541312.00,3073741036.00,3194553000.00
[object Object],ROK,"Rockwell Automation, Inc.",NYSE,426.08,stock,common,100.00,1.00,false,0.00,USD,-0.71,597032.00,0.87,47315623461.49,USD,39.94,10.67,25.19,1.29,Producer manufacturing,america,Producer Manufacturing,Buy,Buy,-0.71,1.41,-3.23,-3.72,17.36,8.69,23.80,33.40,266.02,23300.96,1.65,1.94,Sell,Sell,StrongSell,Strong sell,Sell,Sell,41.97,-3.32,-15.55,-64.38,55.12,49.03,"doji_star_bullish,long_upper_shadow_bearish",425.80,-0.78,-0.03,1781.00,-0.65,597032.00,-4.32,426.08,0.00,101833.00,24.05,39.94,1.60,5.34,13.55,27.45,31.62,99.27,50451623461.49,5.62,38.90,31.16,428.02,440.58,451.73,447.99,421.12,484.61,550.00,378.00,495.00,13.23,3.38,3.68,9061717002.00,2244745105.00,2402446387.00
[object Object],P911,Porsche AG,XETR,44.87,stock,preferred,100.00,1.00,false,0.00,EUR,0.02,434105.00,0.88,47271222944.39,USD,48.15,1.06,-60.84,2.25,Consumer durables,germany,Consumer Durables,Neutral,Neutral,0.02,1.13,1.77,-9.48,20.62,-2.37,3.75,-46.58,-46.58,-46.58,2.70,2.59,Buy,Buy,StrongBuy,Strong buy,Buy,Buy,51.78,1.62,0.33,47.79,48.64,44.91,0.00,44.42,-0.98,-0.98,70.00,-0.51,434105.00,9.65,45.15,0.62,183193.00,-1.42,48.15,0.00,1.15,1.78,10.26,41.04,5.71,52819596794.39,1.31,98.40,8.05,44.88,44.33,44.67,45.00,43.51,54.62,74.36,41.83,52.86,2.23,0.57,0.31,41296169240.93,10030514970.78,10169356298.34
[object Object],GALD,Galderma Group AG,SIX,155.45,stock,common,100.00,5.00,false,0.00,CHF,-4.46,494702.00,1.03,46867082996.88,USD,53.53,3.59,110.71,0.22,Health technology,switzerland,Health Technology,StrongBuy,Strong buy,-4.46,-6.89,-15.03,-6.58,5.03,-5.21,7.73,154.84,154.84,154.84,3.30,2.63,StrongSell,Strong sell,StrongSell,Strong sell,Sell,Sell,30.05,-15.55,-11.09,-166.24,17.68,14.81,marubozu_black_bearish,0.00,0.00,0.00,0.00,-1.04,494702.00,-14.47,155.45,0.00,320454.00,18.68,53.53,0.51,8.18,5.47,39.55,44.22,53.93,48714510094.11,8.43,45.51,34.96,164.09,170.92,172.11,168.92,161.49,249.57,321.64,213.83,247.23,4.89,2.25,2.51,6516981859.68,3046913667.00,3267364500.00
[object Object],VTR,"Ventas, Inc.",NYSE,89.38,stock,common,100.00,1.00,false,0.00,USD,-0.55,3576219.00,1.24,46866078203.60,USD,163.94,0.55,26.06,2.23,Finance,america,Finance,Buy,Buy,-0.55,-2.82,-2.85,5.02,2.71,15.52,31.34,59.41,21.18,5432.98,1.77,1.93,Sell,Sell,Sell,Sell,Sell,Sell,39.46,-4.45,-1.75,-133.94,7.60,18.33,0.00,89.51,-0.40,-0.40,100.00,-0.30,3576219.00,-1.07,89.38,0.00,1624185.00,53.58,163.94,6.33,6.94,3.13,24.09,30.86,198.76,60183764203.60,9.34,63.01,25.51,91.51,91.84,92.86,89.13,85.27,102.24,113.00,90.00,102.00,0.58,0.14,0.16,6942013044.00,1680769614.00,1771338553.00
[object Object],HEIA,Heineken NV,EURONEXT,71.40,stock,common,100.00,2.00,false,0.00,EUR,-2.49,629803.00,1.00,46811751960.01,USD,17.47,4.67,26.56,2.62,Consumer non-durables,netherlands,Consumer Non-Durables,Buy,Buy,-2.49,-1.38,-7.30,2.82,2.44,2.73,6.57,-20.49,-9.39,114.75,1.64,1.52,Sell,Sell,StrongSell,Strong sell,Neutral,Neutral,38.70,-1.42,-1.99,-123.85,39.12,53.36,0.00,0.00,0.00,0.00,0.00,-1.17,629803.00,3.32,71.40,0.00,333094.00,6.46,17.47,0.67,1.37,2.07,6.75,9.87,13.84,70522244610.01,2.10,17.65,10.35,72.53,74.20,75.19,71.79,71.01,103.05,146.33,81.29,101.03,6.19,2.58,3.44,36231459965.89,17012668238.50,18398332708.58
[object Object],LONN,Lonza Group AG,SIX,538.00,stock,common,10.00,2.00,false,0.00,CHF,-3.24,220828.00,1.90,46806141812.27,USD,0.00,-1.92,-115.18,0.90,Health technology,switzerland,Health Technology,Buy,Buy,-3.24,-6.92,-6.43,8.80,11.69,0.98,-5.85,-29.62,221.96,524.56,2.44,1.92,Sell,Sell,StrongSell,Strong sell,Sell,Sell,31.83,-49.80,-7.35,-211.04,7.62,16.26,0.00,0.00,0.00,0.00,0.00,-0.65,220828.00,34.47,538.00,0.00,140733.00,2.24,0.00,0.00,6.14,4.63,26.08,175.01,77.27,51391575412.27,6.56,26.72,19.29,571.38,572.61,571.18,534.31,529.92,843.06,1030.81,543.18,839.46,22.97,10.68,11.49,8977820298.64,4196165834.24,4608686710.55
[object Object],STMMI,STMicroelectronics NV,MIL,44.52,stock,common,1000.00,5.00,false,0.00,EUR,-1.11,2760682.00,0.82,46698663094.30,USD,103.03,0.49,-32.83,0.69,Electronic technology,italy,Electronic Technology,Buy,Buy,-1.11,4.75,-8.40,-28.65,55.23,99.02,96.64,17.72,559.56,103.79,3.22,3.16,Sell,Sell,Sell,Sell,Neutral,Neutral,45.42,2.18,-0.39,1.46,72.71,67.40,0.00,0.00,0.00,0.00,0.00,0.37,2760682.00,-24.63,44.52,0.00,19748.00,100.55,103.03,0.00,3.72,2.57,21.23,112.16,7.83,45070846729.37,3.51,67.15,17.75,44.09,45.17,49.49,53.37,39.83,79.38,98.81,56.23,80.21,1.40,0.26,0.41,14791905231.54,3434878642.75,3810855623.44
[object Object],LHX,L3Harris Technologies Inc,NYSE,250.41,stock,common,100.00,1.00,false,0.00,USD,-2.08,1251245.00,0.79,46630002710.44,USD,25.29,9.90,10.54,1.92,Electronic technology,america,Electronic Technology,Buy,Buy,-2.08,-5.33,-13.31,-17.67,-30.48,-14.83,-8.26,8.51,168.74,7124.16,1.89,1.99,StrongSell,Strong sell,StrongSell,Strong sell,Sell,Sell,27.73,-11.76,-19.31,-111.81,3.58,6.30,0.00,257.29,0.61,0.38,1320.00,0.23,1251245.00,-15.45,251.98,0.63,272813.00,-4.77,25.29,2.45,2.09,2.34,14.25,16.70,30.84,57076002710.44,2.49,22.41,15.27,260.36,273.99,281.18,295.50,313.77,346.85,443.00,269.00,350.00,11.94,2.80,2.98,23581035495.00,5811507604.00,5960282323.00
[object Object],DANSKE,Danske Bank A/S,OMXCOP,372.10,stock,common,10.00,1.00,false,0.00,DKK,-1.12,1035073.00,1.17,46371532323.94,USD,12.80,4.43,4.11,4.50,Finance,denmark,Finance,Buy,Buy,-1.12,0.11,-0.24,13.10,18.28,16.83,42.62,251.04,90.63,214.15,1.41,1.27,Buy,Buy,Buy,Buy,Sell,Sell,52.06,0.70,2.88,6.61,74.59,76.52,0.00,0.00,0.00,0.00,0.00,-0.61,1035073.00,34.85,0.00,0.00,0.00,40.27,12.80,3.15,2.21,1.80,9.54,9.66,0.00,232310840823.94,8.69,0.00,0.00,372.52,372.40,369.46,351.24,334.61,61.54,67.62,52.73,62.04,4.77,1.12,1.16,9370764448.98,2235048405.48,2275139637.57
[object Object],SEB_A,Skandinaviska Enskilda Banken AB Class A,OMXSTO,224.20,stock,common,10.00,1.00,false,0.00,SEK,-1.10,2749298.00,1.45,46109786051.83,USD,14.30,1.61,-2.93,3.75,Finance,sweden,Finance,Neutral,Neutral,-1.10,0.40,0.54,22.28,22.58,14.65,26.63,89.68,163.76,402.41,1.09,1.15,Buy,Buy,StrongBuy,Strong buy,Sell,Sell,57.25,2.00,3.14,55.59,87.03,93.03,0.00,0.00,0.00,0.00,0.00,-0.57,2749298.00,132.40,0.00,0.00,0.00,23.71,14.30,0.00,5.32,1.96,19.38,0.00,0.00,115603301051.83,7.32,0.00,0.00,224.66,222.76,217.20,200.98,195.11,22.91,27.25,19.84,22.55,1.78,0.40,0.43,8502151922.47,1972411263.92,2050628998.66
[object Object],COIN,"Coinbase Global, Inc. Class A",NASDAQ,174.72,stock,common,100.00,1.00,false,0.00,USD,-2.36,5951892.00,0.67,46097600640.00,USD,0.00,-3.84,-137.16,0.00,Finance,america,Finance,Buy,Buy,-2.36,0.24,13.94,12.94,-14.25,-24.23,-42.48,-32.10,-54.14,-54.14,4.34,5.37,Sell,Sell,Sell,Sell,Sell,Sell,51.25,-12.44,16.72,27.37,57.16,71.05,marubozu_black_bearish,184.62,3.17,1.58,140295.00,3.14,5951892.00,-1.53,174.98,0.15,577750.00,0.00,0.00,0.00,9.83,3.52,26.86,26.86,5.08,43701232640.00,9.11,0.00,0.00,182.20,165.64,164.21,172.95,191.93,198.63,330.00,85.00,203.00,-3.00,-0.44,-0.36,5161425695.00,1292321522.00,1168675537.00
[object Object],EBAY,eBay Inc.,NASDAQ,103.51,stock,common,100.00,1.00,false,0.00,USD,-1.03,7968098.00,1.95,46061948386.83,USD,21.43,4.83,6.74,1.17,Retail trade,america,Retail Trade,Neutral,Neutral,-1.03,-1.08,-5.27,-3.26,14.06,18.98,12.01,40.20,218.49,10932.85,3.54,2.80,Sell,Sell,StrongSell,Strong sell,Neutral,Neutral,44.93,-2.49,-2.19,-35.68,38.66,46.96,0.00,104.00,-0.56,0.17,1419.00,-1.61,7968098.00,12.98,103.51,0.00,707046.00,15.24,21.43,3.21,3.93,9.87,14.87,17.95,13.60,49728948386.83,4.11,19.16,16.52,104.47,106.30,109.12,108.90,98.89,117.48,145.00,80.00,118.00,6.14,1.50,1.41,12533289578.00,3014946907.00,3111762669.00
[object Object],CCEP,Coca-Cola Europacific Partners plc,NASDAQ,103.82,stock,common,100.00,1.00,false,0.00,USD,-2.56,1290035.00,0.94,46014854714.43,USD,20.06,5.18,42.73,2.24,Consumer non-durables,america,Consumer Non-Durables,Buy,Buy,-2.56,-3.83,-2.65,6.44,2.41,14.54,15.42,74.96,154.59,2526.41,1.73,1.40,Sell,Sell,Sell,Sell,Sell,Sell,40.45,-6.03,-0.89,-212.17,8.97,27.70,0.00,105.77,-0.73,-0.39,4744.00,-0.76,1290035.00,-19.15,103.82,0.00,283599.00,19.62,20.06,0.48,1.91,4.86,13.93,18.80,20.31,58227585314.51,2.34,17.27,13.19,107.41,107.84,107.02,101.10,97.86,110.24,121.05,92.04,113.30,5.21,2.47,2.66,25067980496.46,12222428525.09,12631421745.92
[object Object],UCB,UCB S.A.,EURONEXT,204.60,stock,common,10.00,1.00,false,0.00,EUR,-1.11,262195.00,1.16,45696160465.98,USD,18.10,12.91,64.98,0.49,Health technology,belgium,Health Technology,StrongBuy,Strong buy,-1.11,-6.36,-8.37,-22.88,-18.94,-13.34,-2.15,120.85,180.04,354.67,2.71,2.51,Sell,Sell,StrongSell,Strong sell,Neutral,Neutral,31.55,-16.40,-10.75,-222.65,5.52,10.02,0.00,0.00,0.00,0.00,0.00,0.10,262195.00,20.61,204.60,0.00,186267.00,9.16,18.10,0.28,4.71,3.35,21.51,27.48,49.79,48940558415.98,5.03,15.80,12.83,214.58,218.91,229.55,238.22,246.65,341.26,395.03,255.61,345.65,13.61,5.81,6.09,10192418128.39,4637909086.18,5098411154.45
[object Object],CMG,"Chipotle Mexican Grill, Inc.",NYSE,36.03,stock,common,100.00,1.00,false,0.00,USD,-2.52,9030695.00,0.79,45593008284.23,USD,33.23,1.08,-4.17,0.00,Consumer services,america,Consumer Services,Buy,Buy,-2.52,-4.40,10.45,18.54,8.36,-3.28,-8.92,-5.69,311.72,3903.33,2.26,2.88,Neutral,Neutral,Buy,Buy,Sell,Sell,50.14,-1.40,2.10,8.05,56.88,68.18,0.00,36.91,-0.14,-0.05,6183.00,-0.41,9030695.00,-14.38,36.00,-0.08,1415777.00,-13.01,33.23,0.00,3.81,20.77,19.80,29.37,67.99,50334347284.23,4.05,26.30,21.96,37.42,35.62,35.00,33.67,34.91,44.05,53.00,36.00,43.50,1.15,0.32,0.29,13025308210.00,3331365806.00,3277988959.00
[object Object],SREN,Swiss Re AG,SIX,134.35,stock,common,100.00,5.00,false,0.00,CHF,-0.89,810044.00,1.18,45489722450.58,USD,10.32,16.10,19.98,4.65,Finance,switzerland,Finance,Sell,Sell,-0.89,-5.25,-2.79,11.96,4.59,2.40,-5.15,63.64,57.60,173.01,1.80,1.52,Sell,Sell,Sell,Sell,Neutral,Neutral,38.11,-6.70,1.38,-244.82,8.20,35.07,falling_window_bearish,0.00,0.00,0.00,0.00,-0.41,810044.00,-6.09,134.35,0.00,295724.00,1.21,10.32,0.52,1.07,2.01,21.92,21.92,0.00,54958035437.57,1.19,0.00,0.00,139.95,138.77,136.70,130.04,130.10,160.73,202.41,142.21,155.76,16.78,0.00,0.00,43452444439.14,0.00,0.00
[object Object],EXC,Exelon Corporation,NASDAQ,43.70,stock,common,100.00,1.00,false,0.00,USD,-0.57,6799285.00,0.85,45109496485.96,USD,16.01,2.73,3.62,3.73,Utilities,america,Utilities,Neutral,Neutral,-0.57,0.09,-3.57,-4.36,-12.46,0.32,1.59,22.23,77.69,308.56,1.36,1.54,StrongSell,Strong sell,StrongSell,Strong sell,Sell,Sell,40.08,-0.61,-1.28,-75.52,24.51,28.39,0.00,43.72,-0.52,0.02,38910.00,-0.09,6799285.00,-25.89,43.87,0.39,1509406.00,3.59,16.01,4.45,1.78,1.52,6.23,0.00,18.56,95693496485.96,3.78,18.18,10.61,43.97,44.87,45.65,45.68,45.92,49.13,58.00,41.00,48.50,2.86,0.44,0.81,25433453768.00,5444465599.00,6805294874.00
[object Object],SWED_A,Swedbank AB Class A,OMXSTO,382.20,stock,common,10.00,1.00,false,0.00,SEK,-0.88,1491553.00,1.09,44928966125.47,USD,13.84,2.84,-8.05,5.30,Finance,sweden,Finance,Neutral,Neutral,-0.88,0.76,-0.49,13.45,15.33,18.70,41.03,128.86,95.50,269.65,1.38,1.26,Buy,Buy,StrongBuy,Strong buy,Neutral,Neutral,56.45,8.10,5.06,66.33,84.21,91.49,0.00,0.00,0.00,0.00,0.00,-0.62,1491553.00,11.40,0.00,0.00,0.00,42.68,13.84,0.00,5.20,2.07,75.26,82.02,0.00,132813716225.47,10.25,0.00,0.00,380.64,379.31,374.49,355.80,342.26,39.65,44.58,35.91,39.67,2.96,0.66,0.75,7770427081.76,1807841951.87,1905937062.27
[object Object],WDAY,"Workday, Inc. Class A",NASDAQ,186.05,stock,common,100.00,1.00,false,0.00,USD,-0.12,2308070.00,0.53,44838049706.36,USD,37.76,4.93,127.88,0.00,Technology services,america,Technology Services,Buy,Buy,-0.12,-6.14,5.12,38.78,38.22,-13.55,-19.86,-31.53,115.31,287.20,3.58,5.18,Neutral,Neutral,Neutral,Neutral,Buy,Buy,49.62,-8.37,15.14,-128.93,15.84,37.96,0.00,186.33,0.03,0.33,3022.00,-0.58,2308070.00,-18.65,186.05,0.00,334130.00,-22.33,37.76,0.30,4.51,6.94,14.87,16.11,13.44,45200049706.36,4.45,35.18,27.41,196.08,187.37,168.28,147.96,159.79,211.14,275.00,92.00,218.00,11.07,2.61,2.74,10667776600.00,2636157385.00,2691598292.00
[object Object],BMW,Bayerische Motoren Werke AG,XETR,62.66,stock,common,100.00,2.00,false,0.00,EUR,-1.63,1512550.00,1.00,44825627611.51,USD,6.03,11.86,11.84,6.91,Consumer durables,germany,Consumer Durables,Neutral,Neutral,-1.63,3.30,4.43,-7.72,-21.73,-32.72,-28.65,-19.67,-17.01,877.28,2.80,2.37,Neutral,Neutral,Buy,Buy,Neutral,Neutral,59.26,4.98,2.78,105.46,83.60,85.34,0.00,63.62,-0.13,-0.13,317.00,-0.94,1512550.00,1.79,62.80,0.22,683737.00,-29.86,6.03,0.52,0.30,0.39,9.94,0.00,2.04,161519333311.51,1.10,17.63,8.21,62.02,59.99,59.44,65.61,76.29,82.52,104.57,67.39,81.33,7.85,2.14,1.27,151244077277.40,36981378167.93,35824650613.75
[object Object],PYPL,"PayPal Holdings, Inc.",NASDAQ,52.17,stock,common,100.00,1.00,false,0.00,USD,-1.90,9449732.00,0.63,44629394180.82,USD,9.86,5.29,13.30,0.79,Commercial services,america,Commercial Services,Neutral,Neutral,-1.90,-0.76,-10.57,28.78,18.02,-11.08,-23.50,-81.85,34.63,37.29,2.94,2.62,Sell,Sell,StrongSell,Strong sell,Sell,Sell,37.35,-10.10,-3.77,-107.58,14.03,25.12,0.00,53.00,-0.34,0.13,24763.00,-0.36,9449732.00,-2.80,52.25,0.15,1380239.00,-29.71,9.86,0.76,1.37,2.27,6.16,6.99,4.09,47594394180.82,1.39,7.32,6.37,55.38,58.32,55.36,50.32,50.94,56.13,72.00,36.00,56.00,5.39,1.28,1.31,34763460331.00,8473401023.00,8725305171.00
[object Object],AENA,Aena SME SA,BME,24.86,stock,common,100.00,2.00,false,0.00,EUR,-2.74,1397335.00,1.25,44568332068.88,USD,16.61,1.71,11.17,3.45,Transportation,spain,Transportation,Buy,Buy,-2.74,-4.16,-7.86,0.57,-2.16,4.89,1.51,85.94,88.12,281.87,1.54,1.60,StrongSell,Strong sell,StrongSell,Strong sell,Sell,Sell,30.51,-2.74,-1.03,-168.42,5.74,7.62,0.00,0.00,0.00,0.00,0.00,-1.56,1397335.00,64.88,0.00,0.00,0.00,5.16,16.61,1.53,5.81,4.31,12.68,16.83,20.70,51772528760.13,6.87,14.87,11.81,25.88,26.48,26.55,25.66,25.56,31.48,35.77,23.23,32.87,1.84,0.49,0.59,8074324376.80,2064179465.31,2276051695.82
[object Object],LR,Legrand SA,EURONEXT,140.35,stock,common,100.00,5.00,false,0.00,EUR,-3.97,481250.00,0.94,44449415355.41,USD,28.64,5.60,6.22,1.63,Electronic technology,france,Electronic Technology,Buy,Buy,-3.97,4.54,0.43,3.96,1.89,10.73,4.58,44.57,167.89,484.79,2.80,2.36,Buy,Buy,StrongBuy,Strong buy,Neutral,Neutral,53.15,3.00,4.48,81.16,85.91,85.25,0.00,0.00,0.00,0.00,0.00,-0.44,481250.00,12.09,140.35,0.00,295868.00,4.87,28.64,4.79,3.91,4.91,24.19,28.31,19.24,51181860775.41,4.43,21.12,17.47,138.99,137.78,137.79,143.12,139.54,198.03,232.49,160.42,197.62,6.96,1.77,1.65,12950453339.66,3159350103.19,3074603527.14
[object Object],KDP,Keurig Dr Pepper Inc.,NASDAQ,32.08,stock,common,100.00,1.00,false,0.00,USD,-1.44,8738136.00,1.08,43655298654.58,USD,32.51,0.99,-12.46,2.83,Consumer non-durables,america,Consumer Non-Durables,Buy,Buy,-1.44,-0.19,7.83,2.12,18.16,15.31,16.06,-9.10,113.91,587.09,1.60,2.20,Buy,Buy,StrongBuy,Strong buy,Buy,Buy,53.76,0.24,1.35,49.23,68.18,78.20,0.00,32.22,-1.01,0.37,5129.00,-0.68,8738136.00,-3.12,32.08,0.00,2201276.00,12.23,32.51,0.00,2.21,1.74,18.29,23.84,28.19,83901298654.58,4.18,24.64,19.18,32.27,31.36,31.24,30.50,29.19,36.38,42.00,29.00,38.00,2.29,0.54,0.62,26310231208.00,7231588225.00,7329206338.00
[object Object],PRY,Prysmian S.p.A.,MIL,126.95,stock,common,100.00,5.00,false,0.00,EUR,-1.21,899581.00,1.05,43649048823.39,USD,26.26,5.52,84.91,0.70,Producer manufacturing,italy,Producer Manufacturing,Buy,Buy,-1.21,8.18,0.12,-8.01,27.49,46.59,62.55,288.23,498.50,775.40,3.11,3.20,Buy,Buy,StrongBuy,Strong buy,Neutral,Neutral,54.12,5.30,0.38,75.11,90.23,73.96,0.00,0.00,0.00,0.00,0.00,0.31,899581.00,7.74,126.95,0.00,100.00,60.85,26.26,0.31,1.77,5.23,22.15,37.30,27.87,48725467973.39,2.01,20.35,15.22,122.50,123.67,126.66,135.42,116.06,183.50,209.74,150.64,190.04,5.67,1.43,1.68,26423936424.66,6305335210.39,6625467588.81
[object Object],RKT,Reckitt Benckiser Group plc,LSE,4988.00,stock,common,1.00,2.00,false,0.00,GBX,-1.15,1179781.00,0.85,43323561231.72,USD,11.30,5.85,133.98,4.29,Consumer non-durables,uk,Consumer Non-Durables,Buy,Buy,-1.15,-6.24,-5.82,7.43,-5.49,-16.78,-14.15,-13.25,-31.76,537.85,2.52,1.94,StrongSell,Strong sell,StrongSell,Strong sell,Sell,Sell,42.41,-162.00,-73.22,-98.74,16.24,23.38,0.00,0.00,0.00,0.00,0.00,-0.12,1179781.00,12.93,4988.00,0.00,455227.00,-12.65,11.30,0.09,2.40,5.59,15.40,20.90,36.82,55936317231.72,3.09,10.86,8.80,5131.00,5171.23,5120.62,4896.56,5376.15,83.66,101.35,72.32,82.43,4.54,1.88,2.58,17700648427.39,8177790904.88,9092116954.05
[object Object],ADSK,"Autodesk, Inc.",NASDAQ,206.62,stock,common,100.00,1.00,false,0.00,USD,-2.63,2165324.00,0.85,43183581366.04,USD,26.76,7.72,60.06,0.00,Technology services,america,Technology Services,StrongBuy,Strong buy,-2.63,-16.25,-16.18,-5.76,-17.19,-30.20,-36.75,-28.71,202.03,41224.41,4.20,3.65,StrongSell,Strong sell,StrongSell,Strong sell,Sell,Sell,31.06,-44.59,-15.13,-237.45,3.33,3.77,0.00,212.62,0.19,0.40,7104.00,-0.09,2165324.00,-27.24,206.75,0.06,450934.00,-25.30,26.76,0.46,5.73,12.76,15.05,15.36,10.49,42733581366.04,5.47,23.38,20.94,240.82,244.77,231.22,229.56,246.18,315.42,375.00,265.00,315.00,12.60,3.12,3.07,8324016150.00,2012017290.00,2133886687.00
[object Object],FERG,Ferguson Enterprises Inc.,NYSE,223.22,stock,common,100.00,1.00,false,0.00,USD,-1.36,1010322.00,0.72,43182515180.89,USD,19.98,11.17,37.48,2.31,Distribution services,america,Distribution Services,Buy,Buy,-1.36,2.27,-15.04,-0.72,0.68,0.03,-1.47,53.39,291.00,102.14,2.12,2.59,Sell,Sell,StrongSell,Strong sell,Neutral,Neutral,39.52,-9.45,-14.40,-85.65,31.75,29.03,0.00,0.00,0.00,0.00,0.00,-0.27,1010322.00,4.40,223.22,0.00,231142.00,-5.60,19.98,0.00,1.36,6.96,21.42,26.62,99.10,49632515180.91,1.53,15.92,14.16,226.33,238.60,235.11,237.36,239.57,288.94,325.00,250.00,290.00,11.37,3.31,3.31,32964045029.00,8685783365.00,8708777422.00
[object Object],SGO,Compagnie de Saint-Gobain SA,EURONEXT,71.50,stock,common,100.00,2.00,false,0.00,EUR,-3.90,1247947.00,1.31,42348081244.19,USD,13.25,6.16,-4.10,3.09,Producer manufacturing,france,Producer Manufacturing,Buy,Buy,-3.90,-5.80,-16.37,-3.38,0.08,-17.61,-23.30,16.28,87.17,223.82,2.03,2.14,StrongSell,Strong sell,StrongSell,Strong sell,Sell,Sell,28.23,-10.80,-5.50,-159.64,5.28,7.40,0.00,0.00,0.00,0.00,0.00,-1.24,1247947.00,38.02,71.50,0.00,636788.00,-17.69,13.25,0.00,0.79,1.38,6.62,10.43,6.13,56262607744.19,1.07,10.39,6.84,76.09,80.39,78.61,77.89,79.80,114.67,159.26,81.37,116.25,7.35,3.59,3.67,55227397176.05,26642286777.14,27281382119.25
[object Object],IQV,IQVIA Holdings Inc,NYSE,256.98,stock,common,100.00,1.00,false,0.00,USD,-0.86,1090306.00,0.81,42298908174.49,USD,31.88,8.06,16.77,0.00,Health technology,america,Health Technology,Buy,Buy,-0.86,-0.40,8.18,41.87,56.08,14.01,34.31,-1.92,236.32,487.25,2.28,2.71,Buy,Buy,StrongBuy,Strong buy,Sell,Sell,56.80,-2.44,17.88,12.97,62.57,79.42,0.00,259.39,0.07,0.11,1044.00,-0.81,1090306.00,-21.07,256.98,0.00,181504.00,38.37,31.88,1.92,2.55,6.85,15.25,19.69,20.67,56589908174.49,3.33,23.96,15.96,262.46,249.52,232.77,203.63,202.29,276.76,300.00,240.00,280.00,12.97,3.03,3.27,17410252730.00,4302040570.00,4361197900.00
[object Object],VEEV,Veeva Systems Inc. Class A,NYSE,260.80,stock,common,100.00,1.00,false,0.00,USD,-1.53,1076702.00,0.47,42225825929.32,USD,42.91,6.08,24.70,0.00,Technology services,america,Technology Services,Buy,Buy,-1.53,-6.28,13.96,60.35,43.04,16.74,-7.63,-15.04,552.16,586.32,2.59,3.42,Buy,Buy,Buy,Buy,Sell,Sell,56.04,14.02,35.60,9.68,48.82,61.12,0.00,266.50,0.63,0.06,3697.00,0.52,1076702.00,-26.66,260.80,0.00,186195.00,2.34,42.91,1.76,12.64,5.68,25.85,26.27,5.94,35134573929.32,10.16,33.95,32.28,273.45,245.42,223.57,194.03,198.52,297.42,343.00,180.00,300.00,9.24,2.23,2.34,3689993633.00,905380638.00,935007483.00
[object Object],TRI,Thomson Reuters Corporation,NASDAQ,96.98,stock,common,100.00,1.00,false,0.00,USD,-1.85,1318451.00,0.89,42014118392.29,USD,26.75,3.63,-2.56,2.59,Technology services,america,Technology Services,Buy,Buy,-1.85,-8.08,-3.74,19.91,-3.75,-27.71,-45.66,-25.49,73.84,134.40,4.27,3.61,Sell,Sell,StrongSell,Strong sell,Neutral,Neutral,43.01,-7.40,2.05,-205.44,16.81,43.73,0.00,98.82,0.01,0.06,359.00,-0.30,1318451.00,-34.35,96.98,0.00,164142.00,-42.62,26.75,15.88,5.52,3.81,15.15,19.57,73.81,44615992392.29,5.86,21.81,14.92,104.62,103.72,98.81,92.87,102.38,126.73,164.13,100.58,125.55,4.50,0.95,0.92,8232202551.50,1887707619.78,1941821319.65
[object Object],FER,Ferrovial N.V.,BME,48.63,stock,common,100.00,1.00,false,0.00,EUR,-2.74,771320.00,0.79,41745495868.57,USD,57.99,0.96,-81.98,1.89,Industrial services,spain,Industrial Services,Buy,Buy,-2.74,-2.74,-15.37,-12.82,-12.94,-11.65,3.69,93.67,159.36,615.32,1.76,2.06,Sell,Sell,StrongSell,Strong sell,Neutral,Neutral,20.86,-2.79,-4.46,-94.44,4.95,6.28,marubozu_black_bearish,0.00,0.00,0.00,0.00,0.00,771320.00,17.95,0.00,0.00,0.00,8.10,57.99,0.00,3.68,6.16,16.01,17.08,9.10,51572848168.57,4.58,43.97,29.17,49.98,53.85,54.90,56.86,57.37,71.36,84.04,52.52,73.01,1.14,0.00,0.00,11837466686.91,4927988900.00,0.00
[object Object],ADM,Archer-Daniels-Midland Company,NYSE,86.55,stock,common,100.00,1.00,false,0.00,USD,2.43,5172091.00,1.43,41713602923.18,USD,23.69,3.65,60.79,2.45,Process industries,america,Process Industries,Neutral,Neutral,2.43,2.24,13.55,6.01,17.76,50.68,38.81,45.10,97.29,16554.48,2.68,3.00,StrongBuy,Strong buy,StrongBuy,Strong buy,Buy,Buy,64.58,7.39,3.47,155.56,86.16,85.13,0.00,85.85,1.60,0.20,2332.00,1.35,5172091.00,0.62,86.55,0.00,1357013.00,38.76,23.69,0.38,0.50,1.77,15.02,25.03,7.65,45864602923.18,0.56,22.38,14.17,83.20,80.90,81.32,79.31,72.38,85.00,95.00,77.00,85.00,5.37,1.49,1.55,87340851023.00,22748515194.00,22861809468.00
[object Object],FLEX,Flex Ltd,NASDAQ,112.68,stock,common,100.00,1.00,false,0.00,USD,-1.43,2250189.00,0.77,41624323978.68,USD,43.51,2.59,13.73,0.00,Electronic technology,america,Electronic Technology,StrongBuy,Strong buy,-1.43,5.52,-8.18,-20.37,78.01,83.40,101.79,746.49,1084.31,8446.66,3.80,3.86,Sell,Sell,Sell,Sell,Neutral,Neutral,47.11,3.43,-6.64,-11.83,55.64,37.06,0.00,113.01,-1.14,0.60,3512.00,-1.10,2250189.00,-20.26,112.68,0.00,714029.00,94.26,43.51,3.21,1.46,7.57,26.98,51.02,14.84,44714323978.68,1.53,27.38,20.69,110.41,115.33,121.45,126.15,95.39,159.55,180.00,142.00,160.00,4.70,0.90,1.06,34608931416.00,7528380489.00,8168967853.00
[object Object],SCMN,Swisscom AG,SIX,641.00,stock,common,10.00,5.00,false,0.00,CHF,-1.31,64610.00,0.95,41560969304.14,USD,25.27,31.38,-1.35,4.00,Communications,switzerland,Communications,Sell,Sell,-1.31,1.83,1.91,0.23,-10.10,11.38,9.57,19.41,36.21,0.16,1.45,1.31,Buy,Buy,StrongBuy,Strong buy,Neutral,Neutral,55.51,4.50,5.66,195.10,73.30,67.19,0.00,0.00,0.00,0.00,0.00,-0.23,64610.00,-39.90,641.00,0.00,31830.00,9.97,25.27,0.00,2.27,2.88,5.43,10.30,154.44,61676594504.14,3.36,21.65,7.12,633.50,632.00,628.68,642.63,640.97,723.92,903.46,565.43,725.23,34.99,7.34,8.36,18566755795.62,4459349216.05,4528184667.80
[object Object],BMPS,Banca Monte dei Paschi di Siena S.p.A.,MIL,11.63,stock,common,1000.00,2.00,false,0.00,EUR,-0.17,9379609.00,1.08,41133779420.30,USD,9.72,1.37,-10.50,7.38,Finance,italy,Finance,Buy,Buy,-0.17,2.13,-2.30,13.14,64.67,25.01,53.84,-50.14,-97.63,-99.99,1.52,1.65,Buy,Buy,StrongBuy,Strong buy,Neutral,Neutral,51.84,0.03,-0.15,-42.48,52.72,45.76,0.00,0.00,0.00,0.00,0.00,-0.65,9379609.00,46.16,11.63,0.00,28622.00,267.27,9.72,0.00,4.94,1.34,10.50,10.94,0.00,110201211150.30,9.67,0.00,0.00,11.52,11.70,11.56,10.61,9.46,13.73,14.60,11.79,14.13,0.90,0.00,0.00,9429552751.60,0.00,0.00
[object Object],ABN,ABN AMRO Bank N.V. Depositary receipts,EURONEXT,42.53,dr,0.00,100.00,1.00,false,0.00,EUR,-1.78,1961112.00,1.21,41019042724.75,USD,14.00,3.47,9.43,3.19,Finance,netherlands,Finance,Buy,Buy,-1.78,2.19,6.99,26.99,57.52,43.20,67.44,258.66,128.78,133.94,1.75,1.67,Buy,Buy,StrongBuy,Strong buy,Neutral,Neutral,61.97,1.20,2.26,81.48,89.25,94.90,0.00,0.00,0.00,0.00,0.00,-0.69,1961112.00,29.11,42.53,0.00,899655.00,65.07,14.00,1.51,3.61,1.44,0.00,0.00,0.00,136101640474.75,6.67,0.00,0.00,42.35,41.04,39.80,36.55,32.91,49.64,58.11,33.70,52.30,3.72,0.91,1.02,11219162980.65,2667306241.62,2892605060.18
[object Object],ASSA_B,ASSA ABLOY AB Class B,OMXSTO,341.70,stock,common,10.00,1.00,false,0.00,SEK,-3.47,3285099.00,2.76,40855020074.89,USD,23.15,1.52,12.81,1.74,Consumer durables,sweden,Consumer Durables,Buy,Buy,-3.47,-2.65,-6.49,3.86,-1.75,-4.61,-0.81,24.25,94.04,758.92,1.78,1.48,StrongSell,Strong sell,StrongSell,Strong sell,Sell,Sell,36.96,-14.00,-4.53,-183.16,34.42,41.13,0.00,0.00,0.00,0.00,0.00,-0.76,3285099.00,464.81,0.00,0.00,0.00,6.28,23.15,1.87,2.60,3.41,15.84,17.58,98.10,47888114974.89,3.08,18.58,15.00,352.26,355.55,349.53,346.27,353.42,42.18,51.85,36.14,42.52,1.73,0.40,0.45,17000255708.02,4011063353.42,4223865435.77
[object Object],PAYX,"Paychex, Inc.",NASDAQ,114.75,stock,common,100.00,1.00,false,0.00,USD,-1.86,2750879.00,1.27,40848758896.09,USD,23.46,4.89,6.81,3.88,Technology services,america,Technology Services,Neutral,Neutral,-1.86,-8.21,-4.17,15.73,24.23,2.35,-15.06,2.09,87.35,55039.37,2.19,2.18,Sell,Sell,Sell,Sell,Sell,Sell,37.52,-10.24,0.35,-212.72,9.35,30.56,0.00,0.00,0.00,0.00,0.00,0.08,2750879.00,-13.46,114.84,0.08,758917.00,-9.64,23.46,3.51,6.43,10.92,16.08,17.70,34.91,44301758896.09,6.80,15.09,13.11,123.39,121.78,117.01,106.29,104.09,117.86,150.00,95.00,116.00,5.96,1.31,1.32,6864036939.00,1600510506.00,1626600708.00
[object Object],A,"Agilent Technologies, Inc.",NYSE,144.75,stock,common,100.00,1.00,false,0.00,USD,-1.43,1843878.00,0.71,40809200274.08,USD,28.50,5.08,19.11,0.69,Health technology,america,Health Technology,Buy,Buy,-1.43,-2.88,-1.03,10.12,27.90,6.25,13.00,-19.17,207.52,372.18,2.42,2.60,Sell,Sell,Sell,Sell,Neutral,Neutral,43.12,-10.02,1.51,-140.97,10.05,14.95,spinning_top_black,147.21,0.25,0.25,100.00,-1.10,1843878.00,15.01,144.75,0.00,373171.00,20.23,28.50,1.51,5.64,5.54,25.46,32.33,23.30,43000200274.08,5.83,24.21,21.01,151.39,148.63,142.78,132.79,131.61,175.58,190.00,155.00,175.00,6.20,1.49,1.73,7500748712.00,1841510467.00,1989233506.00
[object Object],FER,Ferrovial N.V.,NASDAQ,56.56,stock,common,100.00,1.00,false,0.00,USD,-2.47,1476125.00,1.25,40623256851.07,USD,59.06,0.96,-82.53,1.89,Industrial services,america,Industrial Services,Buy,Buy,-2.47,-2.48,-14.99,-13.22,-12.11,-12.74,2.86,70.88,70.88,70.88,0.81,1.26,StrongSell,Strong sell,StrongSell,Strong sell,Sell,Sell,23.29,-6.47,-4.95,-106.58,4.91,5.93,falling_window_bearish,56.72,-2.19,-0.38,7865.00,-2.17,1476125.00,-23.98,56.56,0.00,212935.00,7.44,59.06,0.00,3.67,6.28,16.31,17.40,9.27,50278232091.07,4.47,42.87,28.44,58.22,62.51,63.35,65.91,66.70,71.36,84.04,52.52,73.01,1.13,0.00,0.00,11715918255.44,4927988900.00,0.00
[object Object],IDXX,"IDEXX Laboratories, Inc.",NASDAQ,515.15,stock,common,100.00,1.00,false,0.00,USD,-0.97,554625.00,1.15,40584095836.45,USD,36.21,14.23,18.43,0.00,Health technology,america,Health Technology,Buy,Buy,-0.97,-5.78,-11.47,-6.90,-10.60,-23.85,-21.09,-25.34,349.48,54395.18,2.37,2.61,Sell,Sell,StrongSell,Strong sell,Buy,Buy,34.64,-34.86,-27.95,-217.22,11.53,10.81,spinning_top_black,0.00,0.00,0.00,0.00,-0.62,554625.00,-9.53,515.15,0.00,138712.00,-16.28,36.21,1.98,9.06,25.20,29.87,32.67,207.47,41483243836.45,9.11,28.36,25.66,539.44,558.14,557.10,557.70,605.48,718.00,805.00,665.00,705.00,14.77,3.94,3.71,4723952921.00,1200226154.00,1190646256.00
[object Object],PRU,"Prudential Financial, Inc.",NYSE,117.59,stock,common,100.00,1.00,false,0.00,USD,-1.50,2359130.00,1.50,40568549066.21,USD,10.65,11.04,144.26,4.65,Finance,america,Finance,Neutral,Neutral,-1.50,0.16,-2.45,11.28,26.55,4.18,10.94,12.66,49.28,304.09,2.05,1.80,Sell,Sell,Sell,Sell,Neutral,Neutral,43.09,-2.56,-1.21,-118.78,34.26,46.30,0.00,119.06,-0.27,-0.27,100.00,-0.29,2359130.00,98.83,117.59,0.00,425441.00,9.33,10.65,0.07,0.64,1.29,3.73,3.73,0.00,78282549066.21,1.21,0.00,0.00,119.72,121.57,119.48,110.93,108.14,113.50,131.00,92.00,113.50,14.35,3.52,3.46,59449795049.00,14360835837.00,15038832702.00
[object Object],CBRE,"CBRE Group, Inc. Class A",NYSE,139.68,stock,common,100.00,1.00,false,0.00,USD,-1.81,1716468.00,1.08,40447878770.00,USD,32.03,4.36,22.19,0.00,Finance,america,Finance,StrongBuy,Strong buy,-1.81,-4.47,-5.09,4.23,4.44,-12.87,-14.34,42.69,369.67,2105.50,2.62,2.73,StrongSell,Strong sell,StrongSell,Strong sell,Sell,Sell,40.83,-12.06,-2.65,-191.50,15.27,25.70,0.00,0.00,0.00,0.00,0.00,-0.49,1716468.00,-5.25,139.68,0.00,435971.00,-13.12,32.03,1.47,0.96,4.82,30.16,43.76,23.89,50311878770.00,1.15,40.80,25.47,145.93,148.37,144.95,140.95,147.07,186.45,200.00,174.00,190.00,7.83,1.47,1.95,46722154633.00,11181189200.00,11793056794.00
[object Object],MSCI,MSCI Inc. Class A,NYSE,554.54,stock,common,100.00,1.00,false,0.00,USD,0.57,495882.00,1.27,40315057378.47,USD,30.33,18.28,21.13,1.44,Commercial services,america,Commercial Services,Buy,Buy,0.57,-1.53,-0.74,-8.66,2.64,-2.98,-3.05,-16.11,525.75,2311.04,2.26,2.03,Sell,Sell,StrongSell,Strong sell,Neutral,Neutral,42.48,-9.45,-5.46,-198.42,39.32,57.27,0.00,556.66,0.96,0.96,100.00,-0.28,495882.00,-3.89,554.54,0.00,97791.00,-4.49,30.33,1.43,12.06,0.00,25.14,25.62,113.43,46502857378.47,13.95,25.06,22.39,565.21,566.99,578.40,584.97,573.04,696.94,805.00,570.00,700.00,19.72,4.99,5.03,3512568672.00,870709369.00,884717426.00
[object Object],VOD,Vodafone Group Public Limited Company,LSE,126.80,stock,common,100.00,5.00,false,0.00,GBX,-1.13,93526106.00,1.69,40167095075.03,USD,0.00,-0.02,87.67,3.11,Communications,uk,Communications,Neutral,Neutral,-1.13,6.06,5.67,12.41,18.45,28.84,45.01,4.60,-43.13,160.73,2.85,1.83,Buy,Buy,StrongBuy,Strong buy,Sell,Sell,66.95,8.55,5.78,190.52,88.33,87.73,dark_cloud_cover_bearish,0.00,0.00,0.00,0.00,0.12,93526106.00,46.72,126.80,0.00,28003116.00,31.67,0.00,0.00,0.85,0.66,2.51,3.94,2.13,88192727980.47,1.91,19.89,4.72,122.07,119.81,115.85,114.04,109.99,1.65,2.09,1.28,1.62,0.11,0.03,0.06,50735948838.74,0.00,25334460873.90
[object Object],HLN,Haleon PLC,LSE,334.80,stock,common,10.00,1.00,false,0.00,GBX,-0.74,30263032.00,1.23,40147504115.54,USD,18.48,0.24,8.37,2.16,Health technology,uk,Health Technology,Buy,Buy,-0.74,-9.56,-9.78,-0.53,-10.07,-10.70,-7.05,1.45,1.45,1.45,2.79,1.86,Sell,Sell,StrongSell,Strong sell,Neutral,Neutral,29.01,-34.80,-14.71,-206.49,3.06,8.85,0.00,0.00,0.00,0.00,0.00,-0.42,30263032.00,12.60,334.80,0.00,10715749.00,-2.99,18.48,2.22,2.70,1.79,12.64,14.74,36.16,50278307915.54,3.40,14.59,12.85,357.27,361.34,362.69,350.71,363.53,5.73,6.96,4.26,5.89,0.28,0.13,0.15,15341772505.05,7409394967.95,7851410837.40
[object Object],LYV,"Live Nation Entertainment, Inc.",NYSE,169.99,stock,common,100.00,1.00,false,0.00,USD,-0.27,2688858.00,1.53,40055400054.88,USD,0.00,-1.12,-148.66,0.00,Consumer services,america,Consumer Services,Buy,Buy,-0.27,-4.20,-6.11,0.94,5.60,19.35,-0.51,98.49,532.87,1378.17,2.17,2.06,Sell,Sell,StrongSell,Strong sell,Neutral,Neutral,35.15,-16.78,-6.10,-198.39,5.24,7.56,0.00,170.40,-0.03,-0.26,300.00,-0.33,2688858.00,0.36,169.99,0.00,566396.00,12.64,0.00,0.00,1.58,480.99,15.90,30.00,4.52,43903298054.88,1.67,29.82,19.50,177.30,181.27,181.14,173.09,160.84,204.46,222.00,155.00,209.00,-0.34,0.66,1.57,28089048360.00,7556393065.00,9590939674.00
[object Object],TSCO,Tesco PLC,LSE,468.70,stock,common,10.00,1.00,false,0.00,GBX,-1.33,11585971.00,0.84,40039334954.81,USD,17.33,0.36,15.11,3.05,Retail trade,uk,Retail Trade,Buy,Buy,-1.33,-0.89,-1.39,-0.04,-1.37,5.83,5.99,83.09,175.22,1239.16,1.90,1.85,Buy,Buy,StrongBuy,Strong buy,Neutral,Neutral,51.55,4.00,3.67,77.61,79.29,85.00,0.00,0.00,0.00,0.00,0.00,-0.44,11585971.00,37.32,468.70,0.00,9041855.00,3.79,17.33,1.16,0.42,2.60,7.38,10.92,7.34,54803837954.81,0.55,13.12,8.14,467.30,467.72,470.31,466.14,461.58,6.96,7.43,6.22,7.03,0.42,0.18,0.21,100936996735.55,48957373984.80,50163915155.20
[object Object],DTG,Daimler Truck Holding AG,XETR,43.93,stock,common,100.00,1.00,false,0.00,EUR,-2.38,1347329.00,1.47,39982655059.06,USD,13.13,3.82,8.91,4.22,Consumer durables,germany,Consumer Durables,Buy,Buy,-2.38,-5.04,-5.77,7.25,2.40,17.49,16.06,56.89,56.89,56.89,2.14,1.96,Sell,Sell,StrongSell,Strong sell,Sell,Sell,35.95,-3.15,-1.50,-155.13,21.75,34.54,falling_window_bearish,44.57,-0.96,-0.62,200.00,-1.09,1347329.00,32.48,44.18,0.57,753771.00,15.81,13.13,1.51,0.77,1.48,8.82,12.64,3.15,61934360859.06,1.22,23.31,16.23,45.79,46.44,45.44,43.52,42.11,59.27,67.36,38.32,61.09,4.47,0.95,1.26,57719653227.65,14253695894.05,15167500827.90
[object Object],PST,Poste Italiane SpA,MIL,25.66,stock,common,100.00,1.00,false,0.00,EUR,-2.77,2927395.00,1.11,39907073566.74,USD,13.84,2.12,12.41,4.74,Transportation,italy,Transportation,Buy,Buy,-2.77,-3.93,-5.80,-5.97,20.92,19.85,29.50,122.74,301.56,269.21,3.09,1.84,Sell,Sell,StrongSell,Strong sell,Sell,Sell,33.91,-2.22,-0.52,-203.04,21.72,30.55,0.00,0.00,0.00,0.00,0.00,-0.76,2927395.00,-20.12,25.66,0.00,12650.00,35.34,13.84,1.15,1.48,2.59,12.10,17.36,1.32,120139372566.74,4.56,31.70,24.53,26.85,27.02,27.37,26.46,24.08,33.93,40.88,19.16,34.72,2.26,0.51,0.61,16133076826.36,3814889067.90,3894384419.08
[object Object],AXON,Axon Enterprise Inc,NASDAQ,490.00,stock,common,100.00,1.00,false,0.00,USD,-3.05,736933.00,0.94,39806331057.73,USD,202.93,2.41,-40.31,0.00,Electronic technology,america,Electronic Technology,Buy,Buy,-3.05,-5.16,-13.77,10.17,-3.19,-14.54,-33.25,167.77,1786.07,83900.77,3.20,4.97,StrongSell,Strong sell,StrongSell,Strong sell,Sell,Sell,37.27,-123.26,-57.06,-145.05,6.05,11.19,0.00,501.00,-0.88,0.51,951.00,-1.07,736933.00,0.18,490.60,0.12,95318.00,-27.67,202.93,0.00,12.96,10.83,152.16,303.66,57.42,40935373057.73,12.72,1109.33,279.85,546.05,577.15,567.23,494.97,505.21,725.00,830.00,600.00,715.00,7.71,1.84,1.93,3711508210.00,876420095.00,942986501.00
[object Object],WAT,Waters Corporation,NYSE,404.81,stock,common,100.00,1.00,false,0.00,USD,0.47,755228.00,1.43,39771816924.73,USD,101.08,4.00,-63.90,0.00,Health technology,america,Health Technology,Buy,Buy,0.47,0.06,-0.24,11.15,41.80,6.77,30.67,-4.90,154.82,10605.72,2.32,2.71,Neutral,Neutral,Neutral,Neutral,Neutral,Neutral,50.15,-9.63,6.51,-97.93,32.10,41.95,0.00,406.01,0.77,0.00,16921.00,0.23,755228.00,80.03,404.81,0.00,141503.00,134.56,101.08,0.00,8.52,2.62,75.50,105.97,73.76,44686816924.73,9.62,81.32,38.43,411.35,405.40,392.99,369.51,361.05,446.78,490.00,400.00,455.00,14.57,3.01,4.00,6455387123.00,1622303345.00,1753738453.00
[object Object],PKO,PKO Bank Polski SA,GPW,118.32,stock,common,100.00,2.00,false,0.00,PLN,0.34,3934022.00,2.18,39697767383.53,USD,13.64,2.30,7.99,5.21,Finance,poland,Finance,Buy,Buy,0.34,4.65,8.85,20.12,37.49,38.94,61.86,176.19,324.09,423.39,1.89,2.09,Buy,Buy,StrongBuy,Strong buy,Neutral,Neutral,66.97,2.54,4.16,184.32,95.64,94.00,0.00,0.00,0.00,0.00,0.00,-0.25,3934022.00,116.86,0.00,0.00,0.00,59.51,13.64,1.70,4.43,2.65,17.39,21.16,0.00,48053420383.53,4.39,0.00,0.00,115.26,112.75,110.83,105.56,96.62,30.98,33.86,27.14,30.87,2.47,0.56,0.63,8721530029.61,2020624480.25,2179825717.16
[object Object],MCHP,Microchip Technology Incorporated,NASDAQ,73.01,stock,common,100.00,1.00,false,0.00,USD,-0.50,5103994.00,0.67,39645061292.74,USD,109.15,0.67,0.00,2.48,Electronic technology,america,Electronic Technology,Buy,Buy,-0.50,2.17,-14.65,-19.29,14.98,11.88,11.83,-5.52,140.32,20370.25,2.42,2.94,Sell,Sell,StrongSell,Strong sell,Neutral,Neutral,42.54,-0.49,-3.57,-59.53,36.09,32.15,doji_star_bullish,73.23,-0.20,-0.37,1696.00,-0.45,5103994.00,-41.52,73.10,0.12,963472.00,15.69,109.15,0.00,7.89,6.15,33.55,36.18,147.60,44771461292.74,8.74,53.86,29.73,73.38,76.03,79.25,86.22,77.60,110.26,135.00,88.00,112.00,3.64,0.70,0.93,6397435147.00,1458498833.00,1605299184.00
[object Object],YUM,"Yum! Brands, Inc.",NYSE,145.16,stock,common,100.00,1.00,false,0.00,USD,-2.91,2926994.00,1.62,39614321136.11,USD,18.26,7.95,57.04,1.95,Consumer services,america,Consumer Services,Buy,Buy,-2.91,-4.49,-2.97,-3.99,-9.12,-4.21,-1.66,11.34,124.23,2423.45,2.51,2.32,StrongSell,Strong sell,StrongSell,Strong sell,Sell,Sell,39.65,-11.11,-0.66,-133.93,35.43,46.90,0.00,148.39,-0.75,-0.18,1812.00,-1.22,2926994.00,63.73,145.16,0.00,494203.00,2.90,18.26,0.33,4.75,0.00,19.30,23.95,46.70,52167321136.11,5.98,18.45,17.03,151.36,150.73,152.83,153.33,154.82,175.07,200.00,147.00,175.50,6.60,1.57,1.56,8966469147.00,2180557829.00,2139975422.00
[object Object],ED,"Consolidated Edison, Inc.",NYSE,107.49,stock,common,100.00,1.00,false,0.00,USD,-0.72,1619094.00,0.80,39613258817.10,USD,17.65,6.09,10.41,3.24,Utilities,america,Utilities,Neutral,Neutral,-0.72,-0.26,0.09,-1.15,-5.84,7.89,11.64,41.29,47.25,961.63,1.42,1.39,Sell,Sell,StrongSell,Strong sell,Neutral,Neutral,46.95,0.40,-0.78,-13.65,52.30,52.44,0.00,109.17,0.83,0.83,100.00,0.23,1619094.00,-25.35,107.49,0.00,458342.00,12.44,17.65,1.71,2.26,1.40,10.06,0.00,27.06,66740258817.10,3.77,20.99,12.11,107.64,108.11,109.56,108.63,107.34,110.70,130.00,94.00,112.00,6.10,0.76,2.04,17628213935.00,3597227048.00,4762040450.00
[object Object],TTWO,"Take-Two Interactive Software, Inc.",NASDAQ,211.14,stock,common,100.00,1.00,false,0.00,USD,-1.01,2164235.00,0.69,39479048485.46,USD,0.00,-1.73,92.77,0.00,Technology services,america,Technology Services,StrongBuy,Strong buy,-1.01,-2.28,-14.71,1.88,0.86,-18.07,-15.30,33.40,386.16,5658.33,2.48,3.30,Sell,Sell,StrongSell,Strong sell,Neutral,Neutral,28.93,-21.79,-21.42,-127.00,8.25,6.70,0.00,212.53,-0.36,0.24,10330.00,-0.42,2164235.00,-16.05,211.99,0.40,362016.00,-8.28,0.00,0.00,5.94,10.94,78.60,116.49,21.36,40583148485.46,6.07,0.00,31.37,220.76,234.89,238.44,231.28,227.61,294.88,368.00,270.00,295.00,6.95,0.33,0.97,8576944669.00,1370482729.00,1608211691.00
[object Object],AIG,"American International Group, Inc.",NYSE,75.03,stock,common,100.00,1.00,false,0.00,USD,0.47,6397540.00,1.83,39232671512.35,USD,13.75,5.46,1.17,2.48,Finance,america,Finance,Buy,Buy,0.47,-1.48,-3.56,-0.40,-2.91,-11.97,-4.63,36.92,26.36,426.28,1.34,1.45,Sell,Sell,StrongSell,Strong sell,Neutral,Neutral,40.51,-1.35,-1.51,-272.50,23.55,36.19,piercing_bullish,74.54,-0.19,0.09,1060.00,-0.24,6397540.00,101.81,75.03,0.00,1102365.00,-11.66,13.75,11.68,1.50,0.97,10.40,10.40,0.00,48379671512.35,1.82,0.00,0.00,76.17,77.11,77.86,76.85,77.36,88.70,101.00,81.00,88.00,8.04,1.92,1.81,28873691639.00,7247586658.00,7426028971.00
[object Object],HOT,HOCHTIEF Aktiengesellschaft,XETR,435.60,stock,common,10.00,2.00,false,0.00,EUR,-2.51,156433.00,2.54,39087185703.82,USD,36.87,13.49,8.35,1.48,Industrial services,germany,Industrial Services,Neutral,Neutral,-2.51,5.78,-3.63,-7.56,13.91,29.72,94.46,523.89,266.36,2580.62,3.70,2.65,Neutral,Neutral,Buy,Buy,Neutral,Neutral,50.66,11.00,-6.94,87.56,90.68,83.00,tweezer_top_bearish,443.40,-0.76,-0.76,3.00,-0.58,156433.00,144.82,437.40,0.41,54293.00,88.98,36.87,4.53,0.84,25.29,14.14,17.57,3.66,40316358008.92,0.88,21.60,15.44,426.22,435.04,445.24,468.89,420.67,586.18,703.28,445.22,573.09,16.81,0.00,0.00,50958624396.30,12069861110.00,0.00
[object Object],SSE,SSE PLC,LSE,2385.00,stock,common,1.00,1.00,false,0.00,GBX,-0.38,1525611.00,0.63,39081830911.30,USD,22.64,1.39,-2.62,2.87,Utilities,uk,Utilities,Buy,Buy,-0.38,-1.36,-0.08,0.85,-11.37,9.76,44.02,46.72,51.52,255.44,2.69,2.07,Sell,Sell,StrongSell,Strong sell,Neutral,Neutral,48.00,-24.00,0.63,14.66,51.26,52.36,long_upper_shadow_bearish,0.00,0.00,0.00,0.00,0.04,1525611.00,-15.29,2385.00,0.00,723475.00,60.50,22.64,0.00,2.73,2.27,8.23,0.00,17.65,55714429231.30,4.14,21.23,14.60,2396.80,2387.37,2410.96,2424.07,2431.09,37.78,41.37,31.77,38.53,2.46,1.48,0.59,15307484186.71,7399088580.00,7747941579.30
[object Object],SYY,Sysco Corporation,NYSE,81.57,stock,common,100.00,1.00,false,0.00,USD,2.17,6111150.00,2.80,39079862094.14,USD,22.32,3.65,-2.14,2.72,Distribution services,america,Distribution Services,Buy,Buy,2.17,-1.13,-2.82,4.03,-4.65,11.85,0.46,7.22,53.85,60446.01,2.26,1.68,Neutral,Neutral,Neutral,Neutral,Buy,Buy,46.53,-1.89,-1.89,-53.48,14.62,11.22,0.00,80.90,1.33,1.44,3599.00,0.58,6111150.00,170.90,81.58,0.01,1187637.00,1.07,22.32,0.00,0.45,14.64,14.85,20.21,21.93,52260862094.14,0.62,14.81,11.22,81.52,83.04,83.00,79.52,79.45,90.67,100.00,78.00,89.50,5.07,1.51,1.20,89590446338.00,21945346781.00,22018802015.00
[object Object],DHI,"D.R. Horton, Inc.",NYSE,138.93,stock,common,100.00,1.00,false,0.00,USD,0.32,2236174.00,1.24,38858902309.22,USD,13.22,10.51,-15.75,1.30,Consumer durables,america,Consumer Durables,Neutral,Neutral,0.32,-2.01,-7.40,-5.62,-1.37,-3.75,-23.67,51.89,334.56,8308.90,2.05,2.20,Sell,Sell,StrongSell,Strong sell,Neutral,Neutral,39.68,-11.87,-5.12,-170.75,8.56,12.54,0.00,138.27,-0.16,1.09,723.00,-0.17,2236174.00,-7.69,139.50,0.41,444402.00,-22.48,13.22,0.00,1.18,1.64,11.73,12.28,18.42,44494902309.22,1.33,11.04,10.74,143.47,146.64,148.26,149.40,149.84,164.00,206.00,125.00,161.50,10.47,3.02,3.04,32765797352.00,9096153217.00,9104756845.00
[object Object],EQT,EQT AB,OMXSTO,315.10,stock,common,10.00,1.00,false,0.00,SEK,-1.07,1152620.00,0.80,38690559278.14,USD,32.52,1.00,20.39,1.46,Finance,sweden,Finance,Buy,Buy,-1.07,-1.47,-9.27,10.37,16.53,-13.08,-5.09,-21.03,291.43,291.43,2.42,2.20,Sell,Sell,Sell,Sell,Neutral,Neutral,39.51,-21.80,-14.00,-116.60,16.08,16.85,0.00,0.00,0.00,0.00,0.00,-1.10,1152620.00,-32.81,0.00,0.00,0.00,-5.49,32.52,1.61,14.99,4.31,27.51,27.98,9.08,37484569607.34,14.66,24.80,18.86,323.84,333.82,319.28,309.45,311.97,39.91,46.87,29.28,40.31,1.50,0.58,0.78,3644643188.47,1493204867.79,1828660324.56
[object Object],ROP,"Roper Technologies, Inc.",NASDAQ,390.35,stock,common,100.00,1.00,false,0.00,USD,-1.34,605817.00,0.93,38605954507.32,USD,16.18,24.13,69.58,0.90,Technology services,america,Technology Services,Neutral,Neutral,-1.34,-7.73,-1.86,18.35,11.58,-12.23,-25.18,-19.05,117.30,19417.50,2.35,2.25,Sell,Sell,Sell,Sell,Sell,Sell,42.46,-23.02,8.68,-111.36,16.00,40.08,0.00,395.50,-0.04,-0.06,134.00,-0.03,605817.00,3.42,390.35,0.00,122114.00,-27.09,16.18,0.24,4.81,2.06,14.71,14.97,107.62,49560454507.32,5.99,21.40,15.31,413.65,404.76,386.33,362.10,375.59,448.77,550.00,335.00,450.00,22.22,5.28,5.79,8569657641.00,2095346371.00,2174586453.00
[object Object],III,3i Group plc,LSE,2701.00,stock,common,1.00,1.00,false,0.00,GBX,-3.16,1272051.00,0.67,38548184872.03,USD,5.01,7.12,3.50,3.03,Miscellaneous,uk,Miscellaneous,Buy,Buy,-3.16,-3.22,-5.76,22.94,-7.37,-17.45,-32.51,109.14,326.36,852.66,3.00,2.40,Sell,Sell,StrongSell,Strong sell,Sell,Sell,41.60,-203.00,-51.03,-149.75,21.87,27.62,0.00,0.00,0.00,0.00,0.00,-0.54,1272051.00,-14.45,2701.00,0.00,483553.00,-25.53,5.01,1.48,22.35,0.89,110.40,110.84,42.94,39395350672.03,23.65,6.16,0.00,2794.10,2827.27,2753.32,2567.74,2830.78,45.87,56.87,25.70,48.01,6.82,0.00,2.26,6780923926.17,0.00,2370379159.56
[object Object],SIKA,Sika AG,SIX,187.95,stock,common,100.00,5.00,false,0.00,CHF,-3.09,413025.00,1.32,38443199530.28,USD,28.99,8.02,-14.91,1.91,Process industries,switzerland,Process Industries,Buy,Buy,-3.09,-0.27,-2.64,26.78,37.64,15.20,-0.13,-41.81,141.62,2081.56,2.31,1.91,Neutral,Neutral,Neutral,Neutral,Sell,Sell,51.30,-5.15,4.10,16.23,76.17,82.24,0.00,0.00,0.00,0.00,0.00,-0.62,413025.00,49.51,187.95,0.00,158677.00,2.82,28.99,0.00,2.80,4.43,19.12,24.64,48.31,45161872700.28,3.28,23.97,17.73,191.02,189.74,179.27,165.18,157.62,250.86,286.52,184.46,258.24,9.44,4.26,4.89,14374341834.14,6835503267.50,7270964682.30
[object Object],RKLB,Rocket Lab Corporation,NASDAQ,63.07,stock,common,100.00,1.00,false,0.00,USD,-4.25,26322202.00,1.64,37744859762.18,USD,0.00,-0.28,38.89,0.00,Electronic technology,america,Electronic Technology,StrongBuy,Strong buy,-4.25,1.15,-24.97,-40.83,-8.79,-10.70,34.16,287.65,546.87,546.87,4.55,4.72,StrongSell,Strong sell,StrongSell,Strong sell,Sell,Sell,36.83,-3.84,-6.21,-62.35,17.78,15.09,0.00,67.31,2.19,3.23,1371464.00,2.20,26322202.00,7.98,63.31,0.38,1060468.00,79.25,0.00,0.00,53.93,10.80,0.00,0.00,17.25,35576369762.18,46.25,0.00,0.00,64.47,71.02,73.84,89.97,79.69,113.76,150.00,80.00,120.00,-0.28,-0.06,-0.07,959840561.00,231623736.00,257436267.00
[object Object],ODFL,"Old Dominion Freight Line, Inc.",NASDAQ,181.96,stock,common,100.00,1.00,false,0.00,USD,-2.70,1706771.00,0.91,37730610998.26,USD,35.02,5.20,1.48,0.61,Transportation,america,Transportation,Buy,Buy,-2.70,-2.49,-15.47,-23.39,1.47,15.35,20.78,22.74,675.40,31785.91,3.24,3.02,StrongSell,Strong sell,StrongSell,Strong sell,Sell,Sell,25.69,-16.38,-22.29,-131.17,16.89,18.03,0.00,185.31,-0.91,-0.22,441.00,-0.74,1706771.00,5.70,181.96,0.00,248667.00,24.97,35.02,24.25,6.97,8.30,27.24,34.07,133.75,37466668998.26,6.69,25.73,20.53,191.33,204.39,213.23,215.71,197.10,233.71,280.00,182.00,233.00,5.82,1.54,1.60,5918400035.00,1539379678.00,1550962949.00
[object Object],SDZ,Sandoz Group Ltd,SIX,67.76,stock,common,100.00,2.00,false,0.00,CHF,-0.65,907075.00,0.94,37068880740.99,USD,57.56,1.46,166.48,1.17,Health technology,switzerland,Health Technology,Buy,Buy,-0.65,-1.74,-7.18,3.07,10.72,16.43,40.09,182.33,182.33,182.33,3.64,2.72,Sell,Sell,Sell,Sell,Neutral,Neutral,41.93,-2.90,-1.10,-108.94,16.43,16.08,"doji_star_bullish,long_lower_shadow_bullish",0.00,0.00,0.00,0.00,-0.56,907075.00,-60.35,67.76,0.00,435390.00,38.66,57.56,0.35,3.24,4.04,19.68,27.49,29.46,42005317547.72,3.68,24.22,18.17,68.80,70.35,68.94,67.61,64.63,91.84,115.03,68.00,92.66,4.15,1.74,2.27,12353848943.65,5760446333.00,6389604000.00
[object Object],HIG,"Hartford Insurance Group, Inc.",NYSE,136.56,stock,common,100.00,1.00,false,0.00,USD,0.66,1167981.00,0.94,36990282585.93,USD,8.83,15.47,40.27,1.71,Finance,america,Finance,Buy,Buy,0.66,-0.91,-4.05,5.01,0.35,-0.45,4.93,96.97,229.14,448.98,1.39,1.46,Sell,Sell,StrongSell,Strong sell,Neutral,Neutral,45.36,-1.66,-2.05,-187.72,30.60,45.50,engulfing_bullish,135.09,-0.42,-0.04,1500.00,-0.55,1167981.00,4.44,136.56,0.00,271536.00,-0.73,8.83,0.22,1.29,1.92,6.42,6.52,0.00,41698282585.93,1.43,0.00,0.00,137.85,139.42,139.20,136.03,136.27,150.05,164.00,135.00,150.00,12.74,3.16,3.06,28878513526.00,7168459755.00,7266106268.00
[object Object],GIVN,Givaudan SA,SIX,3196.00,stock,common,1.00,1.00,false,0.00,CHF,-1.27,14515.00,0.86,36899357752.45,USD,31.12,127.05,-12.95,2.22,Consumer non-durables,switzerland,Consumer Non-Durables,Buy,Buy,-1.27,-1.21,-4.88,1.75,14.84,1.72,-9.74,-29.39,59.80,522.52,1.74,1.83,Sell,Sell,StrongSell,Strong sell,Sell,Sell,42.78,-177.00,-32.20,-88.25,22.22,34.27,0.00,0.00,0.00,0.00,0.00,-0.99,14515.00,11.74,3196.00,0.00,6616.00,-6.83,31.12,0.00,4.06,6.70,21.52,26.82,94.03,42617561452.45,4.65,25.41,19.95,3253.40,3279.00,3319.90,3145.60,3089.81,4249.84,5064.73,3565.08,4230.90,148.61,75.46,71.55,9600767657.29,4680379656.16,4705875350.00
[object Object],ADYEN,Adyen NV,EURONEXT,951.60,stock,common,10.00,1.00,false,0.00,EUR,-3.84,131550.00,1.44,36447510599.49,USD,26.75,40.63,12.18,0.00,Commercial services,netherlands,Commercial Services,StrongBuy,Strong buy,-3.84,-4.74,1.93,18.14,4.40,-31.04,-31.78,-64.51,137.90,137.90,2.72,3.35,Sell,Sell,StrongSell,Strong sell,Sell,Sell,40.73,-119.80,26.94,-222.74,11.12,24.55,0.00,0.00,0.00,0.00,0.00,-1.48,131550.00,60.68,951.60,0.00,36699.00,-25.10,26.75,2.28,10.88,5.08,46.40,59.89,2.43,22505284078.44,6.84,16.46,14.60,1027.40,1003.05,938.92,920.09,1031.72,1632.87,2208.20,1258.67,1568.98,45.64,18.97,24.85,3369096672.75,1480516930.66,1820795106.49
[object Object],NTAP,"NetApp, Inc.",NASDAQ,184.74,stock,common,100.00,1.00,false,0.00,USD,-2.32,2033668.00,0.74,36286448169.86,USD,26.07,7.08,25.19,1.10,Electronic technology,america,Electronic Technology,Neutral,Neutral,-2.32,-1.29,-4.34,14.81,89.36,71.61,51.92,105.20,421.57,17035.30,6.19,4.06,Sell,Sell,Sell,Sell,Neutral,Neutral,48.01,-2.69,-3.96,-55.27,59.98,50.80,0.00,189.00,-0.07,-0.07,118.00,0.12,2033668.00,-18.77,184.74,0.00,384311.00,52.58,26.07,1.06,5.12,24.22,19.48,22.39,10.30,35234448169.86,4.77,18.30,16.72,186.56,190.21,180.03,158.55,131.42,194.87,219.00,170.00,195.00,9.95,2.12,2.58,8138682388.00,1836984109.00,2084265453.00
[object Object],TLX,Talanx AG,XETR,119.20,stock,common,10.00,1.00,false,0.00,EUR,-1.24,109461.00,0.78,36218251110.82,USD,11.81,11.53,15.31,2.98,Finance,germany,Finance,Buy,Buy,-1.24,-5.25,2.49,20.22,12.45,4.65,6.81,210.58,347.28,525.72,2.07,1.65,Sell,Sell,Sell,Sell,Sell,Sell,45.44,-4.80,4.70,-70.64,34.24,58.17,0.00,120.10,-0.50,-0.50,36.00,-0.83,109461.00,-43.94,117.20,-1.68,71601.00,12.86,11.81,0.78,0.56,2.14,0.00,0.00,0.00,55435874510.82,0.87,0.00,0.00,124.58,119.95,117.11,111.77,110.41,151.88,188.80,129.73,148.84,13.02,3.09,3.42,58752542622.95,13504330726.22,14245351632.85
[object Object],PEG,Public Service Enterprise Group Inc,NYSE,72.60,stock,common,100.00,1.00,false,0.00,USD,-2.21,2785374.00,0.95,36185294149.45,USD,18.05,4.02,1.56,3.50,Utilities,america,Utilities,Buy,Buy,-2.21,-1.21,-3.78,-8.37,-12.87,-10.14,-8.78,13.21,71.79,570.15,1.28,1.29,StrongSell,Strong sell,StrongSell,Strong sell,Neutral,Neutral,35.54,-0.68,-1.92,-98.25,29.65,30.38,"falling_window_bearish,spinning_top_black",73.01,-1.66,-0.78,500.00,-1.60,2785374.00,13.73,72.60,0.00,618577.00,-9.99,18.05,11.87,2.81,2.09,10.09,131.26,185.78,60668294149.45,4.60,17.14,12.07,73.50,74.81,76.88,78.13,79.86,86.09,96.00,73.00,86.00,4.37,0.79,1.19,12541987918.00,2660751275.00,3193531961.00
[object Object],TKO,"TKO Group Holdings, Inc. Class A",NYSE,191.08,stock,common,100.00,1.00,false,0.00,USD,-2.17,1168340.00,1.20,36165658353.52,USD,66.10,2.89,33.09,1.59,Consumer services,america,Consumer Services,Buy,Buy,-2.17,4.33,2.47,-7.49,-5.65,-8.98,-3.72,278.23,806.88,526.49,3.74,2.84,Neutral,Neutral,Neutral,Neutral,Neutral,Neutral,51.41,-2.33,-0.11,-1.15,45.26,40.05,harami_bearish,0.00,0.00,0.00,0.00,-0.73,1168340.00,-47.31,191.08,0.00,127748.00,-2.93,66.10,2.04,2.80,4.18,8.08,8.67,9.34,44536444353.52,8.40,38.31,26.35,187.34,189.88,188.84,191.77,197.38,231.32,250.00,188.00,235.00,4.64,1.41,1.33,5817929143.00,1541754547.00,1388713774.00
[object Object],EL,Estee Lauder Companies Inc. Class A,NYSE,98.77,stock,common,100.00,1.00,false,0.00,USD,-2.87,3200360.00,0.95,35734844430.31,USD,198.49,0.50,0.00,1.38,Consumer non-durables,america,Consumer Non-Durables,Buy,Buy,-2.87,-1.23,13.33,15.79,16.31,-6.48,10.53,-70.72,12.24,1045.16,3.06,3.13,Buy,Buy,StrongBuy,Strong buy,Sell,Sell,54.80,-6.08,8.77,14.46,55.93,66.13,0.00,100.24,-1.43,0.00,261.00,-0.77,3200360.00,17.75,98.78,0.01,755473.00,10.61,198.49,0.00,2.45,9.39,20.23,27.25,10.25,41482844430.31,2.75,24.55,16.69,102.33,93.95,89.31,85.94,92.40,108.44,127.00,90.00,107.00,3.32,0.32,0.51,15725178728.00,3545150258.00,3642948032.00
[object Object],MLM,"Martin Marietta Materials, Inc.",NYSE,502.99,stock,common,100.00,1.00,false,0.00,USD,-1.76,912716.00,1.27,35722513891.18,USD,12.36,40.69,125.40,0.65,Non-energy minerals,america,Non-Energy Minerals,Buy,Buy,-1.76,-0.92,-8.04,-9.21,-14.92,-18.77,-19.19,36.49,178.03,1942.60,2.25,2.18,StrongSell,Strong sell,StrongSell,Strong sell,Sell,Sell,36.77,-28.75,-25.95,-135.51,18.73,22.15,0.00,514.01,0.40,0.39,696.00,-0.21,912716.00,5.97,502.99,0.00,127960.00,-0.37,12.36,0.10,4.61,2.62,19.93,37.38,252.33,41949513891.18,6.27,29.44,20.33,517.12,533.54,548.93,568.75,600.14,668.70,800.00,556.00,670.00,18.23,4.76,6.72,7227589283.00,1870077961.00,2167500285.00
[object Object],REP,Repsol SA,BME,28.81,stock,common,100.00,1.00,false,0.00,EUR,1.69,3399625.00,1.53,35525069077.33,USD,9.06,3.63,396.76,4.52,Energy minerals,spain,Energy Minerals,Buy,Buy,1.69,1.59,13.47,22.60,28.67,80.51,99.52,204.77,125.08,25.26,1.93,2.08,StrongBuy,Strong buy,StrongBuy,Strong buy,Buy,Buy,67.22,1.92,1.47,149.36,88.45,82.63,rising_window_bullish,0.00,0.00,0.00,0.00,1.31,3399625.00,89.17,0.00,0.00,0.00,85.66,9.06,0.02,0.51,1.35,5.89,19.54,3.92,47777292077.33,0.69,7.70,5.33,27.76,26.96,25.85,24.02,21.27,32.65,44.17,26.16,31.68,5.89,1.68,1.95,89963775482.87,28836449632.33,32057530143.08
[object Object],BPE,BPER Banca S.p.A.,MIL,14.36,stock,common,1000.00,2.00,false,0.00,EUR,-0.37,6253572.00,1.13,34932841346.26,USD,13.12,1.25,0.18,4.58,Finance,italy,Finance,Buy,Buy,-0.37,1.33,-1.35,12.91,30.75,23.76,62.62,689.22,489.14,483.99,1.83,1.53,Buy,Buy,StrongBuy,Strong buy,Neutral,Neutral,54.94,0.16,-0.04,2.37,91.15,83.01,0.00,0.00,0.00,0.00,0.00,-1.08,6253572.00,50.92,14.36,0.00,14851.00,71.90,13.12,71.92,3.74,1.66,0.00,0.00,0.00,66972936893.36,6.73,0.00,0.00,14.24,14.32,14.13,13.33,12.43,17.81,18.89,16.57,17.90,1.41,0.34,0.34,9083420674.19,2314535088.38,2191375180.75
[object Object],KER,Kering SA,EURONEXT,232.25,stock,common,100.00,5.00,false,0.00,EUR,-4.97,405559.00,1.23,34827286542.19,USD,0.00,-1.99,-129.28,1.23,Consumer non-durables,france,Consumer Non-Durables,Neutral,Neutral,-4.97,-5.57,-18.85,-7.91,-7.84,-22.80,-2.60,-66.79,32.15,808.20,3.30,2.85,StrongSell,Strong sell,StrongSell,Strong sell,Sell,Sell,33.51,-20.50,-19.57,-181.39,12.57,14.37,0.00,0.00,0.00,0.00,0.00,-1.78,405559.00,18.08,232.25,0.00,198478.00,5.58,0.00,0.00,2.10,1.97,8.39,10.08,3.36,46808658692.19,2.86,25.89,11.39,246.35,262.63,257.87,253.67,265.46,339.09,418.40,203.39,337.04,7.58,3.54,3.50,17289416524.77,8196564620.00,8644210690.00
[object Object],UAL,"United Airlines Holdings, Inc.",NASDAQ,107.12,stock,common,100.00,1.00,false,0.00,USD,-1.03,2701919.00,0.82,34769413718.58,USD,10.01,10.70,7.20,0.00,Transportation,america,Transportation,StrongBuy,Strong buy,-1.03,0.30,-16.52,5.07,22.76,-4.87,-0.28,136.78,101.24,146.25,2.03,2.59,StrongSell,Strong sell,StrongSell,Strong sell,Sell,Sell,38.18,-10.29,-10.36,-94.74,29.18,28.85,"falling_window_bearish,spinning_top_white",106.22,-1.86,0.10,15968.00,-1.46,2701919.00,-7.57,107.12,0.00,381096.00,2.33,10.01,1.41,0.56,2.08,3.93,13.75,2.10,51800413718.58,0.82,12.17,7.14,109.42,118.35,120.48,112.71,108.45,162.84,203.00,142.00,161.00,10.05,1.88,2.94,67768487364.00,17620247780.00,17821516174.00
[object Object],HNR1,Hannover Rueck SE,XETR,245.80,stock,common,10.00,2.00,false,0.00,EUR,-0.65,130094.00,0.90,34677163359.77,USD,10.84,25.89,10.15,5.05,Finance,germany,Finance,Buy,Buy,-0.65,-5.24,-3.00,6.31,-5.10,-7.32,0.57,56.96,168.11,1020.68,1.75,1.44,StrongSell,Strong sell,StrongSell,Strong sell,Neutral,Neutral,37.88,-9.60,1.86,-163.95,15.52,42.55,0.00,247.20,-0.08,-0.08,25.00,-0.08,130094.00,-35.38,246.60,0.33,59440.00,6.46,10.84,1.08,1.04,2.23,4.59,0.00,0.00,40688192309.77,1.24,0.00,0.00,256.20,253.20,252.34,246.91,251.11,331.09,383.53,285.90,325.42,26.96,6.37,6.26,31460228545.35,7223529500.00,7807365084.37
[object Object],HSY,Hershey Company,NYSE,172.19,stock,common,100.00,1.00,false,0.00,USD,-0.62,1459238.00,1.24,34597433432.00,USD,25.16,6.84,-9.04,3.30,Consumer non-durables,america,Consumer Non-Durables,Buy,Buy,-0.62,-2.54,-4.90,-2.25,-21.12,-5.38,-8.28,-2.49,73.84,16430.41,1.97,1.90,Sell,Sell,StrongSell,Strong sell,Neutral,Neutral,36.58,-14.99,-6.66,-137.66,10.81,12.00,0.00,173.22,-0.03,-0.12,739.00,-0.16,1459238.00,19.80,172.19,0.00,218758.00,-4.78,25.16,0.00,3.67,7.58,16.68,20.57,56.01,39729532432.00,3.27,18.45,14.81,176.90,181.05,178.57,182.20,192.35,203.50,250.00,170.00,200.00,8.49,1.43,2.12,12303036733.00,2633436720.00,3255521379.00
[object Object],WEC,WEC Energy Group Inc,NYSE,106.15,stock,common,100.00,1.00,false,0.00,USD,-0.85,2450331.00,1.26,34588909330.40,USD,20.56,5.16,-1.02,3.50,Utilities,america,Utilities,Buy,Buy,-0.85,0.16,-0.87,-7.44,-8.76,0.45,-0.88,10.16,74.24,3740.56,1.38,1.46,Sell,Sell,StrongSell,Strong sell,Neutral,Neutral,41.64,-0.52,-2.58,-60.30,24.53,22.36,0.00,106.30,-0.71,-0.53,636.00,0.10,2450331.00,-19.84,106.15,0.00,810825.00,0.14,20.56,0.00,3.47,2.45,9.70,0.00,698.25,57956709330.40,5.72,23.91,14.72,106.40,107.98,110.78,112.11,111.68,121.97,140.00,108.50,121.00,5.60,0.80,0.93,10125275614.00,2106892581.00,2201922998.00
[object Object],KR,Kroger Co.,NYSE,56.44,stock,common,100.00,1.00,false,0.00,USD,-1.33,7174260.00,1.30,34577816267.25,USD,33.01,1.71,-53.53,2.52,Retail trade,america,Retail Trade,Buy,Buy,-1.33,-2.69,-1.05,-12.11,-24.50,-9.49,-16.83,26.21,79.69,6048.36,2.18,2.01,StrongSell,Strong sell,StrongSell,Strong sell,Sell,Sell,42.81,-2.01,0.46,-60.86,56.87,70.68,0.00,57.16,-0.07,0.56,10237.00,0.14,7174260.00,4.54,56.79,0.62,1398095.00,-20.90,33.01,0.00,0.24,5.35,4.97,12.06,8.47,54677816267.25,0.37,11.57,6.37,57.76,57.43,57.70,61.07,63.95,70.15,86.00,57.00,71.50,5.20,1.20,1.06,151297494366.00,34958392669.00,34643217575.00
[object Object],ALNY,"Alnylam Pharmaceuticals, Inc",NASDAQ,258.00,stock,common,100.00,1.00,false,0.00,USD,-0.81,1409006.00,0.79,34522755784.01,USD,43.56,5.92,0.00,0.00,Health technology,america,Health Technology,Buy,Buy,-0.81,4.67,18.35,-11.25,-19.12,-35.39,-44.05,35.49,273.48,4129.51,4.06,4.04,Neutral,Neutral,Buy,Buy,Neutral,Neutral,56.39,17.92,22.16,103.13,78.64,84.25,spinning_top_white,258.02,-0.80,-0.04,90.00,-1.16,1409006.00,-29.85,256.95,-0.41,177639.00,-38.99,43.56,0.00,7.49,25.48,40.27,44.94,10.78,34202097784.01,7.12,34.21,32.43,251.56,235.73,257.49,276.79,319.11,374.25,536.00,256.00,350.00,6.67,1.63,1.77,5462245817.00,1322127769.00,1429129807.00
[object Object],STLD,"Steel Dynamics, Inc.",NASDAQ,240.69,stock,common,100.00,1.00,false,0.00,USD,0.16,808041.00,0.80,34497638710.35,USD,21.83,11.02,60.82,0.86,Non-energy minerals,america,Non-Energy Minerals,Buy,Buy,0.16,1.60,-8.38,-11.51,36.69,40.24,78.65,266.24,863.15,5401.49,2.54,3.55,Sell,Sell,Sell,Sell,Neutral,Neutral,48.45,9.61,-3.96,5.61,64.27,64.68,"inverted_hammer_bullish,long_upper_shadow_bearish",0.00,0.00,0.00,0.00,-0.09,808041.00,-34.64,240.69,0.00,169702.00,86.06,21.83,0.36,1.69,3.67,22.14,36.42,61.30,38055611710.35,1.85,18.51,14.23,238.98,247.27,241.99,243.26,211.17,276.08,310.00,255.00,272.00,17.02,3.63,5.47,23686229721.00,5559427494.00,6355435041.00
[object Object],ALC,Alcon AG,SIX,55.90,stock,common,100.00,2.00,false,0.00,CHF,0.14,740300.00,0.81,34456537319.67,USD,53.92,1.28,-44.92,0.50,Health technology,switzerland,Health Technology,Buy,Buy,0.14,-4.25,-4.22,5.04,-8.99,-10.36,-11.97,-27.63,1.64,1.64,1.92,1.94,Sell,Sell,StrongSell,Strong sell,Buy,Buy,40.08,-2.70,-0.96,-201.66,11.29,11.73,0.00,0.00,0.00,0.00,0.00,-0.14,740300.00,-11.09,55.90,0.00,319724.00,-5.54,53.92,0.00,3.17,1.55,15.06,20.00,23.26,38286909359.45,3.59,32.85,15.82,57.66,58.14,57.04,55.55,59.04,91.33,105.27,59.45,92.98,3.57,0.75,0.88,11317350724.45,2721244618.09,2743022229.65
[object Object],MTB,M&T Bank Corporation,NYSE,238.00,stock,common,100.00,1.00,false,0.00,USD,-0.18,775957.00,0.83,34371070176.05,USD,12.57,18.94,22.69,2.52,Finance,america,Finance,Neutral,Neutral,-0.18,1.92,-4.57,6.18,19.14,18.43,19.49,73.82,104.94,18845.27,1.47,1.57,Sell,Sell,Sell,Sell,Neutral,Neutral,43.54,-2.41,-7.61,-62.07,40.36,35.21,0.00,0.00,0.00,0.00,0.00,-0.79,775957.00,-28.57,238.00,0.00,164959.00,9.59,12.57,0.55,3.55,1.35,9.12,9.65,0.00,53048070176.05,4.01,0.00,0.00,237.53,244.93,244.86,231.81,221.30,260.25,304.00,224.00,257.50,19.35,4.66,4.94,10076474125.00,2462613832.00,2534894168.00
[object Object],IRM,"Iron Mountain, Inc.",NYSE,115.22,stock,common,100.00,1.00,false,0.00,USD,-0.74,1399141.00,0.82,34301319440.91,USD,82.24,1.40,920.47,2.91,Finance,america,Finance,Buy,Buy,-0.74,1.05,-4.37,-7.20,5.76,38.82,24.91,140.95,217.24,3783.89,2.26,2.99,Sell,Sell,StrongSell,Strong sell,Sell,Sell,40.18,-5.68,-6.99,-80.77,30.37,25.85,0.00,116.50,0.36,-0.07,1534.00,-0.25,1399141.00,-20.91,115.22,0.00,340742.00,25.52,82.24,0.09,4.60,0.00,20.87,0.00,168.70,54432797440.91,7.20,34.85,20.53,116.61,121.46,121.83,123.71,109.83,136.91,155.00,44.00,145.00,2.49,0.54,0.61,8014124800.00,1968636965.00,1990773778.00
[object Object],EQT,EQT Corporation,NYSE,54.63,stock,common,100.00,1.00,false,0.00,USD,-0.89,6288881.00,1.02,34171937937.25,USD,12.67,4.31,131.90,1.20,Energy minerals,america,Energy Minerals,Buy,Buy,-0.89,-0.87,4.18,3.00,-15.22,2.40,7.54,174.38,37.51,11851.85,2.17,2.35,Neutral,Neutral,Buy,Buy,Sell,Sell,54.38,0.63,1.55,17.09,60.84,68.58,0.00,55.27,0.27,0.69,2296.00,0.02,6288881.00,26.88,54.61,-0.04,1041941.00,8.40,12.67,0.10,3.66,1.35,5.50,9.13,304.48,43319309937.25,4.57,10.78,6.45,55.02,53.86,52.77,54.14,56.11,67.69,81.00,52.00,67.00,4.08,0.41,0.46,9368234667.00,1763350073.00,1918968584.00
[object Object],HEN3,Henkel AG & Co. KGaA Pref,XETR,74.22,stock,preferred,100.00,2.00,false,0.00,EUR,-2.26,438969.00,1.34,34137955013.89,USD,15.75,5.38,-5.47,2.73,Process industries,germany,Process Industries,Neutral,Neutral,-2.26,-2.21,-7.34,8.51,5.70,6.24,-1.67,-6.05,-36.56,261.05,1.65,1.39,Sell,Sell,Sell,Sell,Sell,Sell,40.72,-2.14,-0.57,-152.19,48.30,62.11,0.00,75.74,-0.26,-0.26,1.00,-0.84,438969.00,55.28,74.22,0.00,309832.00,1.47,15.75,0.00,1.51,1.43,11.11,14.86,7.55,36695345013.89,1.57,10.63,8.59,75.72,76.34,75.74,71.37,71.69,91.95,110.43,75.56,93.00,6.47,3.16,3.16,24918875595.39,11734655650.43,12703176297.08
[object Object],KVUE,"Kenvue, Inc.",NYSE,17.75,stock,common,100.00,1.00,false,0.00,USD,-3.48,22520910.00,1.11,34093729550.68,USD,20.58,0.86,17.19,4.53,Consumer non-durables,america,Consumer Non-Durables,Neutral,Neutral,-3.48,-5.38,-6.73,-1.99,1.08,2.78,-4.05,-30.47,-30.47,-30.47,1.84,1.59,StrongSell,Strong sell,StrongSell,Strong sell,Neutral,Neutral,30.82,-1.58,-0.44,-333.65,3.61,14.34,falling_window_bearish,18.12,-1.47,0.05,43128.00,-0.87,22520910.00,38.84,17.84,0.51,1290777.00,-6.37,20.58,1.24,2.30,3.23,14.68,17.83,30.75,41596729550.68,2.70,14.03,11.79,18.82,19.07,19.14,18.40,17.97,19.30,22.00,18.00,19.00,1.18,0.32,0.29,15604914071.00,3965752900.00,3863027100.00
[object Object],PRU,Prudential plc,LSE,997.80,stock,common,10.00,5.00,false,0.00,GBX,-1.74,11007068.00,0.93,33945012566.26,USD,9.41,1.41,6.54,1.96,Finance,uk,Finance,StrongBuy,Strong buy,-1.74,0.06,-3.97,3.94,-6.13,-13.57,1.30,-34.03,-28.37,211.67,2.89,2.11,StrongSell,Strong sell,StrongSell,Strong sell,Sell,Sell,40.94,-37.20,-26.73,-151.03,37.04,48.86,falling_window_bearish,0.00,0.00,0.00,0.00,-0.94,11007068.00,43.03,997.80,0.00,8954185.00,-0.05,9.41,1.46,1.14,1.66,22.48,23.66,0.00,40816279245.50,1.37,0.00,0.00,1017.13,1037.94,1044.65,1057.14,1089.31,19.01,20.62,16.29,19.00,1.17,0.64,0.72,8854123142.59,0.00,0.00
[object Object],LDO,Leonardo SpA,MIL,48.65,stock,common,100.00,1.00,false,0.00,EUR,-4.00,2544367.00,1.38,33878501658.33,USD,24.93,2.23,7.22,1.24,Electronic technology,italy,Electronic Technology,Buy,Buy,-4.00,-4.71,-16.23,-7.43,-24.25,-1.73,3.28,602.56,350.42,249.25,2.67,2.55,StrongSell,Strong sell,StrongSell,Strong sell,Sell,Sell,28.01,-5.47,-4.87,-113.61,5.53,6.21,marubozu_black_bearish,0.00,0.00,0.00,0.00,-0.93,2544367.00,84.52,0.00,0.00,0.00,4.45,24.93,3.60,1.42,2.91,12.39,24.73,28.47,39368753008.33,1.67,24.14,16.26,51.27,55.24,53.95,52.76,54.10,79.43,94.48,69.13,79.50,2.77,0.00,0.00,26161141746.57,10367489990.00,0.00
[object Object],VWS,Vestas Wind Systems A/S,OMXCOP,214.70,stock,common,10.00,1.00,false,0.00,DKK,-2.01,1959205.00,0.80,33799477555.49,USD,26.12,1.25,46.03,0.34,Producer manufacturing,denmark,Producer Manufacturing,Buy,Buy,-2.01,2.24,20.58,29.34,35.50,20.99,72.94,-14.67,88.83,299.66,2.28,3.10,Buy,Buy,StrongBuy,Strong buy,Sell,Sell,59.93,6.90,19.21,106.26,84.70,83.75,0.00,0.00,0.00,0.00,0.00,-0.05,1959205.00,17.89,0.00,0.00,0.00,69.20,26.12,0.58,1.45,7.14,12.54,18.89,7.92,33702091628.26,1.46,19.86,11.33,214.10,200.47,191.33,187.83,179.08,35.98,45.88,17.10,38.10,1.56,0.17,0.49,25082462063.25,5202172914.02,7065180193.16
[object Object],NTRS,Northern Trust Corporation,NASDAQ,184.69,stock,common,100.00,1.00,false,0.00,USD,-0.10,885547.00,1.04,33790081361.07,USD,15.85,11.65,36.92,1.73,Finance,america,Finance,Neutral,Neutral,-0.10,0.75,-0.23,10.42,34.01,35.04,45.01,62.71,164.56,18053.92,1.89,1.83,Sell,Sell,Sell,Sell,Sell,Sell,48.65,-2.13,-0.16,-77.62,42.86,41.35,0.00,0.00,0.00,0.00,0.00,0.06,885547.00,-20.72,184.69,0.00,295806.00,35.71,15.85,0.43,3.77,2.70,64.51,76.68,0.00,-5921918638.93,0.00,0.00,0.00,185.66,185.79,184.24,175.99,159.07,186.58,208.00,173.00,185.50,11.47,2.71,2.83,9457081760.00,2693476442.00,2252876069.00
[object Object],RJF,"Raymond James Financial, Inc.",NYSE,175.47,stock,common,100.00,1.00,false,0.00,USD,-0.61,1113543.00,0.89,33753712443.57,USD,15.29,11.47,12.60,1.20,Finance,america,Finance,Buy,Buy,-0.61,0.93,-0.40,16.67,20.23,9.51,6.27,91.90,353.96,29388.18,1.60,1.94,Neutral,Neutral,Sell,Sell,Neutral,Neutral,49.14,0.76,0.62,-65.47,61.77,70.32,0.00,0.00,0.00,0.00,0.00,-0.26,1113543.00,-13.89,175.47,0.00,269440.00,1.92,15.29,1.22,2.05,2.65,16.00,17.61,2.45,25603712443.57,1.51,8.16,7.66,177.12,177.56,173.38,163.07,160.54,184.69,205.00,160.00,184.00,12.15,2.93,3.36,15749708002.00,3870947973.00,4232921907.00
[object Object],ERIC_B,Telefonaktiebolaget LM Ericsson Class B,OMXSTO,96.78,stock,common,100.00,2.00,false,0.00,SEK,-0.49,7650845.00,1.12,33693156623.76,USD,13.11,0.76,42.45,3.00,Electronic technology,sweden,Electronic Technology,Neutral,Neutral,-0.49,-0.21,0.06,-12.77,-10.80,6.82,29.94,-4.18,62.79,-86.60,1.37,1.76,Sell,Sell,StrongSell,Strong sell,Buy,Buy,47.21,1.08,0.79,29.56,57.63,58.53,0.00,0.00,0.00,0.00,0.00,-0.16,7650845.00,0.88,0.00,0.00,0.00,30.69,13.11,0.31,1.42,3.08,9.52,10.31,5.94,32248115423.76,1.38,10.02,8.29,96.79,96.63,97.97,106.01,101.97,10.39,13.91,7.11,10.67,0.59,0.12,0.15,24434939614.67,5539433550.18,5775972443.52
[object Object],HBAN,Huntington Bancshares Incorporated,NASDAQ,16.63,stock,common,100.00,1.00,false,0.00,USD,-0.78,20511815.00,1.04,33599500528.21,USD,12.82,1.30,-3.41,3.70,Finance,america,Finance,Buy,Buy,-0.78,0.54,-5.08,-1.66,6.19,-4.32,-5.99,9.41,67.81,1462.94,1.38,1.78,StrongSell,Strong sell,StrongSell,Strong sell,Sell,Sell,39.81,-0.32,-0.38,-91.12,28.57,31.98,0.00,16.66,-0.60,-0.36,67593.00,-0.33,20511815.00,1.58,16.69,0.33,2783300.00,32.12,12.82,0.00,3.58,1.13,12.82,14.95,0.00,55040500528.21,3.86,0.00,0.00,16.83,17.21,17.47,17.00,17.00,20.26,23.00,18.00,20.00,1.38,0.36,0.37,11255352410.00,2839704318.00,2878361685.00
[object Object],EXPN,Experian PLC,LSE,2755.00,stock,common,1.00,1.00,false,0.00,GBX,-1.82,2169819.00,0.92,33567723632.79,USD,22.59,1.61,22.99,1.85,Commercial services,uk,Commercial Services,StrongBuy,Strong buy,-1.82,-6.80,-4.93,8.12,0.55,-18.56,-30.83,-14.86,79.36,391.96,3.79,2.87,Sell,Sell,StrongSell,Strong sell,Sell,Sell,41.39,-254.00,-52.89,-135.33,12.91,18.07,0.00,0.00,0.00,0.00,0.00,-0.32,2169819.00,70.03,2755.00,0.00,913008.00,-26.86,22.59,1.00,4.09,5.89,15.12,15.46,94.21,38954446693.42,4.68,18.45,13.09,2902.70,2893.53,2813.54,2718.67,2825.20,50.82,62.18,33.29,50.12,1.97,0.94,0.93,8963509959.28,4373463667.00,4420478333.00
[object Object],EME,"EMCOR Group, Inc.",NYSE,754.29,stock,common,100.00,1.00,false,0.00,USD,-2.44,269018.00,0.71,33271656392.95,USD,23.41,32.23,33.74,0.19,Industrial services,america,Industrial Services,Buy,Buy,-2.44,2.62,-8.46,-4.79,4.86,22.35,19.43,535.62,1259.08,56361.45,2.14,2.79,Sell,Sell,StrongSell,Strong sell,Neutral,Neutral,45.59,14.42,-32.62,-37.32,37.09,27.41,0.00,768.81,-0.56,-0.42,139.00,-1.49,269018.00,-20.57,754.29,0.00,53952.00,15.34,23.41,0.71,1.85,8.18,26.05,28.69,36.35,32896310392.95,1.77,18.42,16.53,750.58,785.05,777.52,818.57,760.71,1033.29,1200.00,885.00,1047.00,32.95,7.23,8.33,20336398233.00,4710303750.00,5188517512.00
[object Object],HEI,Heidelberg Materials AG,XETR,157.35,stock,common,100.00,5.00,false,0.00,EUR,-2.84,531496.00,1.19,33202271192.63,USD,13.97,12.86,7.48,2.22,Non-energy minerals,germany,Non-Energy Minerals,Buy,Buy,-2.84,-3.82,-2.27,-8.12,-2.02,-30.41,-22.79,126.73,101.03,306.56,2.93,2.48,StrongSell,Strong sell,StrongSell,Strong sell,Sell,Sell,39.82,-13.35,-0.44,-98.45,32.81,46.55,0.00,0.00,0.00,0.00,0.00,-1.20,531496.00,17.00,157.50,0.10,159036.00,-16.61,13.97,1.92,1.32,1.48,8.74,16.33,12.65,43619334377.63,1.76,12.03,8.53,164.40,162.39,165.75,173.56,189.43,250.87,332.46,162.74,252.25,15.07,3.63,10.60,26224127275.39,11844875290.00,13793631700.00
[object Object],SCHP,Schindler Holding Ltd. Pref,SIX,251.20,stock,preferred,10.00,2.00,false,0.00,CHF,-0.95,117216.00,1.25,33117839093.95,USD,26.16,11.88,4.70,2.37,Producer manufacturing,switzerland,Producer Manufacturing,Neutral,Neutral,-0.95,-3.53,-5.35,-3.83,-7.10,-15.82,-18.23,-12.53,39.56,2213.08,1.81,1.33,StrongSell,Strong sell,StrongSell,Strong sell,Sell,Sell,35.17,-15.20,-2.79,-134.00,10.35,23.83,long_upper_shadow_bearish,0.00,0.00,0.00,0.00,-0.79,117216.00,22.44,251.20,0.00,40072.00,-12.25,26.16,5.61,2.51,5.81,19.10,21.17,14.17,31768891493.95,2.38,18.15,14.69,259.28,259.80,260.83,263.74,275.82,371.33,432.36,287.82,371.83,13.01,0.00,0.00,13935929274.24,0.00,0.00
[object Object],NTGY,"Naturgy Energy Group, S.A.",BME,29.28,stock,common,100.00,2.00,false,0.00,EUR,-0.41,948735.00,0.73,32825857365.36,USD,12.78,2.62,10.96,4.88,Utilities,spain,Utilities,Buy,Buy,-0.41,-1.15,1.88,-0.75,16.65,13.40,11.16,34.37,52.82,50.33,1.96,1.40,Neutral,Neutral,Neutral,Neutral,Neutral,Neutral,48.91,-0.48,0.17,-32.79,40.25,49.64,0.00,0.00,0.00,0.00,0.00,0.41,948735.00,6.21,0.00,0.00,0.00,22.93,12.78,0.00,1.39,2.83,0.00,0.00,5.43,48739797865.36,2.18,11.70,8.14,29.51,29.24,29.01,28.55,27.23,35.79,40.68,28.24,36.61,2.57,0.60,0.61,23293451074.12,5679875521.60,5646682023.31
[object Object],KMB,Kimberly-Clark Corporation,NASDAQ,98.70,stock,common,100.00,1.00,false,0.00,USD,-4.11,6958885.00,1.97,32825551397.40,USD,16.82,5.87,-19.12,4.94,Consumer non-durables,america,Consumer Non-Durables,Buy,Buy,-4.11,-8.16,-8.92,-2.81,-0.18,-2.46,-24.05,-29.38,-22.25,49819.35,2.11,1.77,StrongSell,Strong sell,StrongSell,Strong sell,Neutral,Neutral,29.02,-12.32,-3.76,-341.80,2.72,11.08,falling_window_bearish,100.81,-2.06,-0.03,42550.00,-1.88,6958885.00,110.92,98.96,0.26,632014.00,-14.41,16.82,0.00,2.07,18.76,9.87,18.08,34.41,38532551397.40,2.32,16.32,12.49,106.87,108.79,109.37,104.39,103.22,117.57,162.00,90.00,115.00,7.45,2.01,1.67,16651726821.00,4224661700.00,4173744636.00
[object Object],ACGL,Arch Capital Group Ltd.,NASDAQ,96.11,stock,common,100.00,1.00,false,0.00,USD,0.42,3009349.00,0.90,32797237129.70,USD,7.51,12.80,32.19,0.00,Finance,america,Finance,Buy,Buy,0.42,-3.25,-1.82,4.75,1.02,0.36,5.74,140.29,247.40,4119.73,1.57,1.59,Sell,Sell,StrongSell,Strong sell,Neutral,Neutral,40.10,-4.45,-1.74,-226.90,9.56,18.20,0.00,0.00,0.00,0.00,0.00,-0.23,3009349.00,-47.79,96.19,0.08,455368.00,-3.35,7.51,0.23,1.80,1.41,5.50,5.54,0.00,37913237129.70,2.04,0.00,0.00,98.30,99.10,99.99,96.83,96.14,111.53,134.00,95.00,110.50,9.39,2.47,1.85,16605556354.00,4357737991.00,4081267570.00
[object Object],EXPE,"Expedia Group, Inc.",NASDAQ,272.60,stock,common,100.00,1.00,false,0.00,USD,-0.71,2674271.00,1.58,32717147347.28,USD,17.00,16.03,96.19,0.67,Consumer services,america,Consumer Services,Buy,Buy,-0.71,-11.11,-11.36,24.65,18.66,-3.68,25.56,86.67,141.07,908.42,4.83,3.81,Sell,Sell,StrongSell,Strong sell,Neutral,Neutral,34.10,-65.37,-15.33,-240.99,7.67,6.32,0.00,266.00,-3.11,0.16,5661.00,-2.97,2674271.00,-22.31,272.60,0.00,285860.00,40.61,17.00,0.18,2.14,27.06,6.40,7.49,3.51,30135147347.28,1.92,11.53,8.58,305.95,313.64,295.11,266.23,259.03,345.91,430.00,245.00,340.00,20.88,5.22,8.80,16203479284.00,4174170459.00,4726764314.00
[object Object],JBL,Jabil Inc.,NYSE,311.37,stock,common,100.00,1.00,false,0.00,USD,-0.31,789907.00,0.90,32627553716.30,USD,38.86,8.01,55.77,0.10,Producer manufacturing,america,Producer Manufacturing,Buy,Buy,-0.31,4.04,-9.76,-13.51,22.28,34.62,49.08,402.57,1335.55,35485.14,2.38,3.24,Sell,Sell,Sell,Sell,Sell,Sell,45.39,2.69,-17.02,-34.25,41.07,28.33,long_upper_shadow_bearish,310.91,-0.45,0.04,189.00,-0.39,789907.00,-24.95,311.37,0.00,207869.00,43.86,38.86,0.70,0.99,24.67,17.86,25.39,24.38,35163553716.30,1.05,20.83,14.74,306.86,324.32,324.95,340.90,293.95,431.60,470.00,365.00,445.00,12.76,3.10,4.06,35031159009.00,8605258826.00,9692836787.00
[object Object],ACS,"ACS, Actividades de Construccion y Servicios SA",BME,101.30,stock,common,10.00,1.00,false,0.00,EUR,-3.34,555222.00,1.09,32410197932.30,USD,26.11,4.43,14.97,1.80,Industrial services,spain,Industrial Services,Buy,Buy,-3.34,0.10,-7.06,-15.72,-3.25,19.32,52.91,335.89,281.54,1167.32,2.79,2.40,Sell,Sell,StrongSell,Strong sell,Neutral,Neutral,36.88,-2.80,-4.91,-64.32,55.41,50.91,0.00,0.00,0.00,0.00,0.00,-0.19,555222.00,25.29,0.00,0.00,0.00,56.95,26.11,1.80,0.53,4.46,8.26,10.65,1.68,33413045872.20,0.56,17.74,11.30,102.23,106.19,110.72,118.83,108.71,153.20,184.25,95.02,162.23,4.98,0.00,0.00,65455518638.45,0.00,0.00
[object Object],SAAB_B,Saab AB Class B,OMXSTO,574.90,stock,common,10.00,1.00,false,0.00,SEK,-0.52,1392648.00,1.18,32385073976.03,USD,43.83,1.35,36.29,0.38,Electronic technology,sweden,Electronic Technology,Buy,Buy,-0.52,-5.75,-9.26,9.59,-16.24,5.72,14.43,842.46,758.20,3013.10,2.69,2.64,Sell,Sell,StrongSell,Strong sell,Neutral,Neutral,29.87,-66.20,-44.40,-132.62,6.36,4.22,doji,0.00,0.00,0.00,0.00,-0.66,1392648.00,-4.06,0.00,0.00,0.00,15.63,43.83,1.21,3.55,6.17,21.49,43.78,24.40,32603367876.03,3.60,35.34,26.71,605.78,633.77,608.40,570.38,591.48,67.07,79.57,34.55,67.01,1.63,0.35,0.26,10606583112.30,2452260630.60,2056039184.29
[object Object],VMC,Vulcan Materials Company,NYSE,249.89,stock,common,100.00,1.00,false,0.00,USD,-3.26,1028588.00,0.99,32380428647.18,USD,29.50,8.47,18.43,0.79,Non-energy minerals,america,Non-Energy Minerals,Buy,Buy,-3.26,-3.99,-11.79,-8.71,-5.82,-12.34,-15.94,42.47,121.20,31055.44,2.00,2.33,StrongSell,Strong sell,StrongSell,Strong sell,Sell,Sell,30.63,-24.20,-15.95,-196.04,9.53,14.35,falling_window_bearish,250.56,-3.00,-0.35,3390.00,-2.66,1028588.00,7.27,249.85,-0.02,171108.00,-10.14,29.50,1.65,4.15,3.82,18.05,31.70,112.78,37057728647.18,4.57,22.02,15.39,264.64,274.26,280.29,283.20,288.10,328.48,365.00,254.00,335.00,9.14,2.46,3.04,8159877567.00,2140540211.00,2275966048.00
[object Object],EPI_A,Epiroc AB Class A,OMXSTO,263.80,stock,common,10.00,1.00,false,0.00,SEK,-1.75,1179673.00,0.91,32001977594.25,USD,36.10,0.75,-1.61,1.42,Producer manufacturing,sweden,Producer Manufacturing,Buy,Buy,-1.75,2.49,5.02,1.62,7.06,25.80,29.89,38.44,204.39,204.39,2.51,2.41,Buy,Buy,StrongBuy,Strong buy,Neutral,Neutral,54.64,-9.00,7.10,45.37,57.70,55.51,0.00,0.00,0.00,0.00,0.00,-0.30,1179673.00,3.65,0.00,0.00,0.00,27.97,36.10,0.00,5.21,7.16,32.19,40.34,46.07,33233296494.25,5.19,27.20,21.58,263.75,257.17,254.19,259.57,246.50,29.46,33.93,23.94,29.93,0.90,0.21,0.22,7210027205.55,1693332140.27,1795375240.31
[object Object],CCI,Crown Castle Inc.,NYSE,75.18,stock,common,100.00,1.00,false,0.00,USD,-1.04,2210287.00,0.86,31985740819.57,USD,16.57,4.54,0.00,5.59,Finance,america,Finance,Buy,Buy,-1.04,-0.78,0.07,-19.38,-12.62,-15.39,-20.09,-61.65,-23.75,483.92,2.38,2.15,StrongSell,Strong sell,StrongSell,Strong sell,Neutral,Neutral,46.24,-1.11,0.43,-21.97,42.53,55.85,0.00,0.00,0.00,0.00,0.00,-0.18,2210287.00,-29.93,75.18,0.00,399879.00,-24.13,16.57,0.00,7.92,0.00,12.43,13.56,26.12,54140740819.57,13.01,26.95,20.13,75.83,75.62,76.21,82.39,84.62,94.37,120.00,81.00,93.00,1.93,0.39,0.69,4039333261.00,995051633.00,1010568487.00
[object Object],DSY,Dassault Systemes SE,EURONEXT,20.17,stock,common,100.00,1.00,false,0.00,EUR,-1.42,1689571.00,1.01,31842962826.24,USD,20.21,1.14,16.52,1.32,Technology services,france,Technology Services,Buy,Buy,-1.42,-9.14,-9.19,4.67,10.34,-15.61,-26.49,-58.57,32.18,1543.85,3.66,2.70,Sell,Sell,StrongSell,Strong sell,Sell,Sell,37.17,-2.37,-0.42,-159.76,4.43,10.68,inverted_hammer_bullish,0.00,0.00,0.00,0.00,-0.49,1689571.00,46.88,20.17,0.00,1118628.00,-16.87,20.21,1.24,4.37,2.87,15.55,16.81,4.72,29189554456.24,4.12,16.35,12.19,21.81,21.73,20.54,19.76,20.28,28.10,38.63,19.69,25.63,1.57,0.34,0.36,7479226756.58,1758901697.18,1767972656.61
[object Object],AD,Koninklijke Ahold Delhaize N.V.,EURONEXT,30.96,stock,common,100.00,1.00,false,0.00,EUR,-0.99,2655655.00,1.04,31780629123.28,USD,12.32,2.87,24.31,3.97,Retail trade,netherlands,Retail Trade,Neutral,Neutral,-0.99,0.39,-7.25,-14.48,-25.63,-10.93,-10.93,9.87,48.20,57.82,1.67,1.55,Sell,Sell,StrongSell,Strong sell,Neutral,Neutral,39.38,0.02,-1.12,-32.38,54.78,59.88,0.00,0.00,0.00,0.00,0.00,-0.51,2655655.00,31.84,30.96,0.00,1112244.00,-11.15,12.32,0.51,0.30,1.87,4.22,7.01,7.59,45780014473.28,0.44,12.24,5.82,30.94,32.06,33.44,35.16,36.31,44.49,50.97,27.88,44.59,3.23,0.73,0.80,110240573557.58,26443510853.84,26862280891.43
[object Object],RMD,ResMed Inc.,NYSE,219.95,stock,common,100.00,1.00,false,0.00,USD,-0.50,1137848.00,0.79,31728298075.54,USD,21.08,10.44,9.76,1.11,Health technology,america,Health Technology,Buy,Buy,-0.50,-6.30,3.80,13.51,-6.36,-9.02,-21.52,-26.34,225.71,29226.67,1.96,2.61,Sell,Sell,Sell,Sell,Neutral,Neutral,44.06,-16.64,5.05,-133.47,17.25,29.94,"hanging_man_bearish,long_lower_shadow_bullish",222.52,0.67,0.67,120.00,-0.09,1137848.00,-41.93,219.95,0.00,192916.00,-15.51,21.08,2.17,5.67,4.82,17.66,19.33,21.65,31081624075.54,5.50,16.16,14.34,231.27,225.54,216.13,209.62,228.14,262.07,330.55,175.00,259.23,12.09,2.89,2.69,5809674375.00,1461306459.00,1391272318.00
[object Object],SLHN,Swiss Life Holding AG,SIX,906.80,stock,common,10.00,2.00,false,0.00,CHF,-1.86,49328.00,0.83,31653446920.33,USD,19.70,56.96,10.31,3.95,Finance,switzerland,Finance,Sell,Sell,-1.86,-0.94,-4.85,6.68,11.62,-1.07,8.70,91.19,263.30,691.09,1.45,1.22,Sell,Sell,StrongSell,Strong sell,Sell,Sell,39.06,-15.80,-6.60,-108.54,42.71,63.91,"falling_window_bearish,marubozu_black_bearish",0.00,0.00,0.00,0.00,-0.69,49328.00,-3.98,906.80,0.00,18982.00,7.14,19.70,1.95,1.71,3.97,13.45,14.09,0.00,52002543820.33,2.79,0.00,0.00,921.88,931.59,932.95,905.17,887.10,1077.51,1324.62,919.70,1086.36,59.92,28.58,30.14,27423088280.00,15386431250.00,10937346200.00
[object Object],DXCM,"DexCom, Inc.",NASDAQ,83.88,stock,common,100.00,1.00,false,0.00,USD,-0.77,3948937.00,1.20,31653019109.16,USD,33.11,2.53,77.36,0.00,Health technology,america,Health Technology,StrongBuy,Strong buy,-0.77,-6.83,-1.10,12.06,28.49,25.89,8.08,-38.02,253.89,2677.48,2.21,2.49,Neutral,Neutral,Sell,Sell,Buy,Buy,42.02,-5.28,2.10,-284.52,7.41,18.95,doji,84.00,-0.63,-0.21,762.00,-0.71,3948937.00,-51.98,83.88,0.00,602147.00,9.36,33.11,0.43,6.64,12.08,18.71,23.29,16.81,31104419109.16,6.26,27.31,22.17,88.60,87.47,81.79,74.58,71.14,94.75,115.00,82.00,94.00,2.67,0.61,0.67,5230427652.00,1290317508.00,1328468833.00
[object Object],CNC,Centene Corporation,NYSE,64.06,stock,common,100.00,1.00,false,0.00,USD,-0.81,4478917.00,1.04,31645320284.26,USD,0.00,-10.44,-358.11,0.00,Health services,america,Health Services,Buy,Buy,-0.81,-2.05,-3.41,-1.96,87.04,55.56,119.76,2.28,91.57,5286.94,3.03,2.94,Sell,Sell,Sell,Sell,Neutral,Neutral,45.65,-0.94,1.28,-152.26,40.14,59.28,0.00,64.44,-0.22,0.02,1746.00,-0.22,4478917.00,2.88,64.06,0.00,895697.00,125.32,0.00,0.00,0.16,1.40,3.27,3.56,0.00,47845320284.26,0.24,0.00,0.00,65.62,65.07,65.50,61.21,50.61,71.67,85.00,56.00,70.50,4.80,1.09,0.10,195915918457.00,47640529129.00,47114072678.00
[object Object],HM_B,H&M Hennes & Mauritz AB Class B,OMXSTO,167.65,stock,common,100.00,5.00,false,0.00,SEK,-1.24,2112268.00,1.23,31583908997.06,USD,21.82,0.83,23.81,4.09,Retail trade,sweden,Retail Trade,Sell,Sell,-1.24,-3.18,-6.21,1.91,-5.95,-10.20,13.47,-2.92,-37.49,13.66,1.65,1.80,Sell,Sell,StrongSell,Strong sell,Neutral,Neutral,37.95,-11.35,-3.65,-154.46,7.96,15.57,falling_window_bearish,0.00,0.00,0.00,0.00,-0.65,2112268.00,37.26,0.00,0.00,0.00,34.98,21.82,0.93,1.23,7.88,8.11,11.00,14.33,37658630297.06,1.58,17.93,8.97,173.00,176.66,172.11,169.24,174.14,16.47,21.30,11.84,16.62,0.84,0.29,0.23,23415166652.50,5958439765.19,5939854302.93
[object Object],CRDO,Credo Technology Group Holding Ltd.,NASDAQ,167.92,stock,common,100.00,1.00,false,0.00,USD,0.10,6932865.00,0.76,31560886331.32,USD,59.92,2.80,312.15,0.00,Technology services,america,Technology Services,StrongBuy,Strong buy,0.10,-10.98,-34.09,-31.08,48.58,13.15,12.36,1287.77,1287.77,1287.77,5.25,6.53,Sell,Sell,StrongSell,Strong sell,Neutral,Neutral,33.67,-58.59,-51.73,-128.02,8.48,6.40,0.00,165.12,-1.57,1.34,210319.00,-1.63,6932865.00,-33.30,167.78,-0.08,654885.00,43.85,59.92,0.19,20.49,11.56,65.23,74.42,42.71,30822833331.32,19.37,59.94,54.66,196.79,222.37,227.26,219.76,175.62,286.32,350.00,235.00,290.50,6.27,1.17,1.28,2501904340.00,473295789.00,531563984.00
[object Object],NSIS_B,Novonesis A/S Class B,OMXCOP,432.90,stock,common,10.00,1.00,false,0.00,DKK,-0.69,341192.00,0.52,31477999209.11,USD,42.92,1.54,11.47,1.51,Process industries,denmark,Process Industries,StrongBuy,Strong buy,-0.69,-4.44,1.14,10.97,21.26,6.31,6.73,-10.85,47.75,1236.11,1.99,2.13,Neutral,Neutral,Neutral,Neutral,Sell,Sell,46.87,-19.70,9.47,-33.29,24.53,40.35,0.00,0.00,0.00,0.00,0.00,0.00,341192.00,-14.21,0.00,0.00,0.00,13.39,42.92,3.77,6.33,2.42,20.50,31.84,86.10,34671793879.72,7.09,33.74,19.87,448.26,434.53,429.30,407.32,397.75,77.74,87.09,64.38,77.76,2.43,0.62,0.91,5259092051.97,1262076801.28,1333911375.00
[object Object],PCG,PG&E Corporation,NYSE,14.19,stock,common,100.00,1.00,false,0.00,USD,-4.25,55296781.00,0.72,31251586282.28,USD,10.35,1.37,26.79,1.18,Utilities,america,Utilities,Buy,Buy,-4.25,4.65,-18.35,-15.33,-22.33,-12.35,-2.54,52.58,-77.37,-20.06,4.48,4.55,Sell,Sell,StrongSell,Strong sell,Sell,Sell,36.72,-4.17,-2.86,-76.59,31.76,28.03,0.00,14.84,0.13,-0.20,67069.00,0.07,55296781.00,-16.43,14.24,0.35,4076637.00,-12.98,10.35,0.40,1.31,0.97,3.98,0.00,26.56,96564586282.28,3.74,18.56,9.39,15.07,16.74,16.98,16.79,16.75,19.60,24.00,14.00,19.00,1.65,0.36,0.42,26172585106.00,6204280335.00,6764594545.00
[object Object],SHB_A,Svenska Handelsbanken AB Class A,OMXSTO,149.10,stock,common,100.00,5.00,false,0.00,SEK,-0.70,3529899.00,0.94,31207700383.69,USD,12.56,1.22,-9.09,11.66,Finance,sweden,Finance,Sell,Sell,-0.70,0.54,1.43,10.86,9.31,10.69,24.20,54.25,29.09,314.17,1.19,1.19,Buy,Buy,StrongBuy,Strong buy,Neutral,Neutral,57.17,2.65,2.62,58.11,83.53,90.60,0.00,0.00,0.00,0.00,0.00,-0.57,3529899.00,7.32,0.00,0.00,0.00,22.60,12.56,0.00,5.12,1.65,3.96,3.98,0.00,143879873483.69,10.33,0.00,0.00,148.96,147.52,145.51,140.18,137.93,14.08,17.70,12.28,14.05,1.23,0.28,0.31,6129134958.45,1436666996.76,1471605815.67
[object Object],BIIB,Biogen Inc.,NASDAQ,210.73,stock,common,100.00,1.00,false,0.00,USD,-0.83,694492.00,1.04,31136199956.89,USD,37.32,5.65,-45.98,0.00,Health technology,america,Health Technology,Buy,Buy,-0.83,-3.42,1.95,7.80,13.30,20.16,49.28,-29.75,-24.90,7319.98,2.11,2.35,Sell,Sell,Sell,Sell,Sell,Sell,46.00,-10.04,6.74,-85.62,30.56,56.79,0.00,0.00,0.00,0.00,0.00,-0.94,694492.00,12.41,210.73,0.00,138915.00,58.45,37.32,0.00,3.27,1.65,10.88,11.62,24.39,38206299956.89,3.95,20.28,14.01,218.50,213.00,209.34,201.60,191.48,238.93,300.00,165.00,241.00,12.49,2.94,2.03,10451210058.00,2460436717.00,2637872339.00
[object Object],KNIN,Kuehne & Nagel International AG,SIX,210.80,stock,common,10.00,1.00,false,0.00,CHF,-0.61,97425.00,0.56,31115986204.89,USD,28.93,9.01,-25.06,2.83,Transportation,switzerland,Transportation,Neutral,Neutral,-0.61,-0.75,5.85,9.51,24.99,22.24,25.93,-38.63,52.20,1009.47,1.56,1.95,Neutral,Neutral,Neutral,Neutral,Sell,Sell,48.55,-10.10,2.63,-81.59,23.15,24.67,spinning_top_black,0.00,0.00,0.00,0.00,-0.42,97425.00,-8.91,210.80,0.00,50130.00,32.27,28.93,0.00,1.04,12.22,15.32,17.47,40.69,35439536204.89,1.18,24.38,13.85,214.11,210.33,208.90,196.60,185.56,247.78,296.47,205.06,247.06,11.14,2.74,2.88,31780212572.58,7534827444.40,8080655658.07
[object Object],CCL,Carnival Corporation Ltd.,NYSE,22.70,stock,common,100.00,1.00,false,0.00,USD,-2.16,19006150.00,0.93,31091037179.52,USD,10.22,2.22,20.35,1.94,Consumer services,america,Consumer Services,Buy,Buy,-2.16,-3.90,-19.79,-11.57,-5.77,-26.03,-27.84,-0.31,-49.77,476.51,1.82,2.57,StrongSell,Strong sell,StrongSell,Strong sell,Sell,Sell,27.62,-3.44,-3.16,-119.68,4.08,6.86,falling_window_bearish,22.88,-1.38,0.39,240359.00,-1.14,19006150.00,0.27,22.78,0.33,1885993.00,-11.11,10.22,0.51,1.18,2.40,4.66,9.94,14.05,55034037179.52,2.02,12.33,7.51,23.91,26.42,26.58,26.94,27.76,34.68,43.00,19.91,35.00,2.24,0.34,1.35,27621886195.00,6687506093.00,8396052602.00
[object Object],HAL,Halliburton Company,NYSE,37.13,stock,common,100.00,1.00,false,0.00,USD,0.90,9360548.00,0.82,30934130037.76,USD,19.45,1.91,-10.68,1.85,Industrial services,america,Industrial Services,Buy,Buy,0.90,1.73,14.92,-7.89,7.53,31.02,69.31,92.48,-15.46,2706.71,2.25,2.60,StrongBuy,Strong buy,StrongBuy,Strong buy,Buy,Buy,62.39,3.33,3.07,95.46,78.97,81.99,0.00,37.42,1.68,-0.03,9801.00,1.36,9360548.00,10.78,37.15,0.05,2158815.00,70.31,19.45,0.00,1.38,2.81,11.31,18.04,15.19,37127130037.76,1.66,12.63,9.04,36.57,34.44,34.20,36.81,34.90,43.42,53.00,29.00,43.50,2.34,0.54,0.59,22365179918.00,5495754081.00,5583206759.00
[object Object],TEN,Tenaris S.A.,MIL,24.69,stock,common,100.00,1.00,false,0.00,EUR,-0.28,1176604.00,0.94,30854437583.91,USD,15.37,1.83,-5.17,3.10,Non-energy minerals,italy,Non-Energy Minerals,Neutral,Neutral,-0.28,1.19,7.35,-8.11,6.24,49.09,65.54,194.63,101.06,1310.86,1.90,2.08,Buy,Buy,StrongBuy,Strong buy,Neutral,Neutral,60.26,1.54,0.61,119.43,91.87,90.81,0.00,0.00,0.00,0.00,0.00,-0.93,1176604.00,22.40,0.00,0.00,0.00,59.06,15.37,0.00,2.42,1.68,12.78,16.36,10.24,28739638754.19,2.44,12.94,10.14,24.11,23.66,23.98,25.11,22.86,24.80,40.11,16.66,22.09,1.29,0.27,0.29,12466699249.82,2919317582.16,3052568807.30
[object Object],FRES,Fresnillo PLC,LSE,3049.00,stock,common,1.00,1.00,false,0.00,GBX,-0.97,700936.00,0.72,30704960396.69,USD,13.23,3.06,382.60,3.64,Non-energy minerals,uk,Non-Energy Minerals,Neutral,Neutral,-0.97,2.28,6.57,7.02,-14.26,-9.63,38.97,264.89,80.63,475.28,4.04,4.08,Neutral,Neutral,Buy,Buy,Sell,Sell,53.02,-127.00,211.46,-6.24,42.47,53.42,0.00,0.00,0.00,0.00,0.00,0.39,700936.00,-50.28,3049.00,0.00,308142.00,48.22,13.23,0.03,5.04,5.82,10.86,13.09,11.91,29454209387.08,4.93,8.30,7.31,3107.10,2944.80,2815.40,3021.51,3251.27,44.40,72.61,29.54,39.09,2.96,1.56,1.13,6259923298.33,3410500000.00,0.00
[object Object],ADS,adidas AG,XETR,146.45,stock,common,100.00,5.00,false,0.00,EUR,-0.95,562979.00,1.19,30686914731.33,USD,18.89,8.85,15.24,1.89,Consumer non-durables,germany,Consumer Non-Durables,Buy,Buy,-0.95,-1.15,-10.70,-14.61,5.21,-13.70,-19.09,-50.62,2.92,252.55,1.99,2.52,Sell,Sell,StrongSell,Strong sell,Neutral,Neutral,34.45,-4.25,-10.10,-126.34,11.27,14.92,long_upper_shadow_bearish,147.05,-0.54,-0.44,310.00,-1.08,562979.00,11.57,146.80,0.24,328963.00,-13.05,18.89,1.25,1.00,4.30,0.00,0.00,22.21,36747929031.33,1.24,15.31,9.86,149.59,155.53,165.90,162.64,157.17,238.31,290.61,201.10,238.30,11.06,2.73,4.01,31659908874.37,7535326174.02,8259367329.83
[object Object],KNEBV,KONE Oyj Class B,OMXHEX,49.78,stock,common,100.00,2.00,false,0.00,EUR,-1.70,518489.00,0.76,30502890377.90,USD,27.33,2.08,-3.38,3.55,Producer manufacturing,finland,Producer Manufacturing,Buy,Buy,-1.70,-3.41,-3.04,1.92,-11.45,-17.39,-11.80,-26.79,13.14,712.73,1.55,1.61,StrongSell,Strong sell,StrongSell,Strong sell,Sell,Sell,39.24,-3.08,0.09,-84.26,18.78,34.42,0.00,0.00,0.00,0.00,0.00,-0.08,518489.00,28.30,0.00,0.00,0.00,-5.60,27.33,0.00,2.31,11.22,18.44,0.00,22.82,30023031017.90,2.31,19.14,15.41,51.58,51.11,50.46,50.98,55.24,71.26,96.48,52.31,69.75,2.53,0.63,0.63,13835602403.44,3381097907.85,3417298445.07
[object Object],CBOE,Cboe Global Markets Inc,CBOE,291.87,stock,common,100.00,1.00,false,0.00,USD,-0.50,1017411.00,1.00,30480278957.06,USD,22.73,12.84,50.50,1.03,Finance,america,Finance,Neutral,Neutral,-0.50,-4.32,1.32,-2.59,-0.04,16.31,25.13,132.38,329.28,789.85,2.71,3.28,Sell,Sell,Sell,Sell,Sell,Sell,46.98,-16.95,-0.16,-58.28,43.81,49.92,doji,294.00,0.23,0.23,605.00,-0.64,1017411.00,13.39,291.87,0.00,106925.00,24.75,22.73,0.45,6.08,5.42,29.25,31.95,12.87,29681478957.06,5.86,16.62,15.58,302.06,296.95,286.47,297.89,285.64,313.79,356.00,258.00,312.00,14.03,3.48,3.39,2870155275.00,718623893.00,707093539.00
[object Object],UMG,Universal Music Group N.V.,EURONEXT,14.13,stock,common,1000.00,5.00,false,0.00,EUR,-0.56,2637818.00,0.93,30380236988.66,USD,80.68,0.20,-87.52,3.66,Commercial services,netherlands,Commercial Services,Buy,Buy,-0.56,-1.15,-9.56,-19.96,-20.83,-36.27,-43.14,-44.02,-44.02,-44.02,1.72,2.00,Sell,Sell,StrongSell,Strong sell,Buy,Buy,32.44,-0.51,-1.16,-134.15,13.38,14.22,0.00,0.00,0.00,0.00,0.00,-0.18,2637818.00,2.50,14.13,0.00,1711924.00,-39.45,80.68,0.00,2.05,7.07,16.46,17.47,53.80,36300594838.66,2.48,15.27,12.40,14.42,14.86,16.41,17.77,18.85,25.13,45.44,13.98,23.30,1.17,0.48,0.62,15731477561.67,7090563374.89,8264339466.75
[object Object],ZTS,"Zoetis, Inc. Class A",NYSE,73.31,stock,common,100.00,1.00,false,0.00,USD,-0.34,5444821.00,1.23,30293421278.85,USD,12.06,6.08,4.59,2.84,Health technology,america,Health Technology,Buy,Buy,-0.34,-5.36,1.26,-8.59,-37.08,-42.00,-51.58,-65.01,46.06,132.73,2.03,2.72,StrongSell,Strong sell,StrongSell,Strong sell,Sell,Sell,41.87,-3.98,-0.48,-109.36,18.44,39.99,0.00,73.60,0.05,0.31,5298.00,-0.08,5444821.00,-3.78,73.50,0.26,904033.00,-53.41,12.06,2.64,3.23,9.64,10.61,12.94,18.27,37855421278.85,3.98,10.57,9.31,75.94,75.74,75.53,82.32,102.60,91.00,115.00,80.00,85.00,6.25,1.85,1.51,9285938866.00,2501455777.00,2294609272.00
[object Object],ARES,Ares Management Corporation Class A,NYSE,134.37,stock,common,100.00,1.00,false,0.00,USD,-3.07,2261439.00,1.22,30093199543.63,USD,61.27,2.19,25.46,3.56,Finance,america,Finance,Buy,Buy,-3.07,-2.66,-1.20,5.12,37.14,-17.40,-23.38,68.51,638.30,640.33,3.13,3.14,Sell,Sell,Sell,Sell,Sell,Sell,43.76,-8.39,1.31,-217.31,25.36,33.38,0.00,0.00,0.00,0.00,0.00,-0.29,2261439.00,23.17,134.37,0.00,276911.00,-19.02,61.27,2.48,4.48,12.18,0.00,0.00,16.42,49233319543.63,7.03,23.13,20.70,140.19,139.35,132.16,127.57,133.16,150.56,168.00,122.00,152.00,5.87,1.28,1.32,5336354406.00,1235849529.00,1250241694.00
[object Object],CPRT,"Copart, Inc.",NASDAQ,32.03,stock,common,100.00,1.00,false,0.00,USD,-1.75,7688431.00,1.04,29653741707.35,USD,19.96,1.61,6.09,0.00,Retail trade,america,Retail Trade,Buy,Buy,-1.75,-1.07,9.11,2.02,-6.45,-18.18,-34.01,-8.80,402.23,22676.73,2.92,3.19,Sell,Sell,Sell,Sell,Sell,Sell,50.95,-1.30,1.78,-24.85,39.97,55.59,0.00,32.29,-0.95,0.15,9248.00,-0.74,7688431.00,7.19,32.07,0.12,1209461.00,-36.01,19.96,3.34,6.63,3.38,17.92,22.55,7.19,25564326707.35,5.51,15.07,13.33,32.80,31.49,30.20,31.20,34.36,40.13,55.00,25.00,40.00,1.58,0.41,0.38,4658422969.00,1194741000.00,1143743246.00
[object Object],GEHC,GE Healthcare Technologies Inc.,NASDAQ,65.17,stock,common,100.00,1.00,false,0.00,USD,-2.40,3525301.00,1.33,29436393505.15,USD,14.98,4.35,-10.91,0.21,Health technology,america,Health Technology,Buy,Buy,-2.40,-7.53,-8.51,1.48,-8.20,-21.08,-16.38,3.44,3.44,3.44,2.32,1.95,StrongSell,Strong sell,StrongSell,Strong sell,Sell,Sell,31.01,-8.74,-1.70,-214.53,2.31,6.48,0.00,66.50,-0.41,-0.07,1479.00,-0.68,3525301.00,12.83,65.17,0.00,580211.00,-3.56,14.98,0.00,1.43,2.68,14.08,18.74,14.06,38115393505.15,1.79,13.05,10.80,70.03,71.48,68.31,66.29,72.68,82.18,96.00,70.00,82.00,4.93,1.04,1.20,21717323702.00,5263699780.00,5349720398.00
[object Object],NESTE,Neste Corporation,OMXHEX,33.30,stock,common,100.00,1.00,false,0.00,EUR,1.03,1389410.00,1.22,29424249919.15,USD,16.90,2.25,0.00,0.61,Energy minerals,finland,Energy Minerals,Buy,Buy,1.03,0.91,18.34,15.95,21.53,71.30,100.00,-38.61,175.06,512.88,2.76,2.72,StrongBuy,Strong buy,StrongBuy,Strong buy,Neutral,Neutral,62.65,1.53,1.53,152.84,82.31,68.21,0.00,0.00,0.00,0.00,0.00,0.82,1389410.00,24.41,0.00,0.00,0.00,97.84,16.90,0.00,1.23,3.02,11.37,18.06,23.72,33624181769.15,1.43,13.96,9.70,32.12,30.99,30.78,29.33,25.57,40.45,61.61,21.39,40.69,3.56,1.15,0.98,25866801259.10,7166506821.08,6041389967.89
[object Object],AEE,Ameren Corporation,NYSE,106.25,stock,common,100.00,1.00,false,0.00,USD,-0.45,1605933.00,1.25,29414597483.19,USD,18.70,5.68,24.77,2.74,Utilities,america,Utilities,Buy,Buy,-0.45,0.19,-1.91,-3.02,-4.39,6.53,7.36,20.08,112.93,374.86,1.35,1.37,StrongSell,Strong sell,StrongSell,Strong sell,Neutral,Neutral,40.91,-0.58,-2.33,-63.73,29.12,27.19,0.00,106.77,0.04,0.04,200.00,0.06,1605933.00,-3.25,106.25,0.00,481736.00,8.50,18.70,0.76,3.40,2.15,9.11,0.00,519.51,51294597483.19,5.86,23.57,13.20,106.45,107.92,109.79,109.95,107.84,121.29,136.00,113.00,120.00,5.39,1.08,2.30,9058565851.00,2274794241.00,2821572930.00
[object Object],SAMPO,Sampo Oyj,OMXHEX,9.40,stock,common,1000.00,2.00,false,0.00,EUR,-1.32,4618762.00,1.84,29413785298.98,USD,14.64,0.73,44.04,3.78,Finance,finland,Finance,Buy,Buy,-1.32,-3.98,-2.06,4.26,1.56,-9.16,-3.71,8.19,17.14,571.57,1.21,1.15,Sell,Sell,StrongSell,Strong sell,Sell,Sell,35.88,-0.45,-0.02,-224.02,13.99,27.81,0.00,0.00,0.00,0.00,0.00,-0.36,4618762.00,76.21,0.00,0.00,0.00,0.29,14.64,0.34,2.12,3.62,15.25,17.08,0.00,33124325698.98,2.43,0.00,0.00,9.69,9.65,9.61,9.33,9.45,12.25,13.02,11.06,12.21,0.64,0.21,0.17,13102476136.64,2936405461.90,2751460056.85
[object Object],CFG,"Citizens Financial Group, Inc.",NYSE,69.37,stock,common,100.00,1.00,false,0.00,USD,-0.89,2554440.00,0.88,29217032914.21,USD,15.08,4.60,40.28,2.63,Finance,america,Finance,StrongBuy,Strong buy,-0.89,1.39,-3.88,6.30,21.15,18.66,34.10,62.61,181.76,222.65,1.84,1.89,Sell,Sell,Sell,Sell,Sell,Sell,43.04,-0.46,-1.56,-70.12,42.73,40.05,spinning_top_white,0.00,0.00,0.00,0.00,-1.06,2554440.00,-6.77,69.37,0.00,625136.00,31.86,15.08,0.38,3.47,1.22,11.83,12.58,0.00,34917032914.21,2.85,0.00,0.00,69.82,71.48,71.45,68.03,64.19,81.17,90.00,70.00,81.50,5.31,1.24,1.40,9190400781.00,2250921536.00,2341999048.00
[object Object],HPQ,HP Inc.,NYSE,32.39,stock,common,100.00,1.00,false,0.00,USD,3.91,15435419.00,0.84,29209011067.76,USD,12.35,2.62,-4.55,3.82,Technology services,america,Technology Services,Neutral,Neutral,3.91,2.40,7.39,31.45,69.58,43.70,10.89,14.09,133.86,24573.77,4.03,4.48,Buy,Buy,StrongBuy,Strong buy,Neutral,Neutral,62.00,2.87,2.69,130.50,87.45,88.91,0.00,31.15,-0.06,-0.55,30795.00,0.00,15435419.00,-1.58,32.30,-0.28,1809521.00,7.54,12.35,0.00,0.49,0.00,6.43,7.74,7.20,35379011067.76,0.60,8.60,7.02,31.21,29.78,27.57,25.19,22.96,26.99,33.80,19.00,29.00,3.26,0.66,0.75,59962720648.00,14435160161.00,15445117149.00
[object Object],KHC,Kraft Heinz Company,NASDAQ,24.61,stock,common,100.00,1.00,false,0.00,USD,-1.16,18280645.00,0.94,29183121559.44,USD,0.00,-2.86,36.07,6.43,Consumer non-durables,america,Consumer Non-Durables,Neutral,Neutral,-1.16,-5.71,-2.53,2.24,9.38,1.32,-8.14,-33.34,-72.11,-65.34,2.14,2.22,Sell,Sell,StrongSell,Strong sell,Neutral,Neutral,42.85,-0.71,-0.32,-95.39,24.51,39.62,0.00,24.71,-0.76,-0.24,8362.00,-0.44,18280645.00,-13.72,24.66,0.20,2568459.00,-2.30,0.00,0.00,1.19,0.81,6.32,7.65,10.26,45463121559.44,1.83,10.66,8.63,25.32,25.48,25.46,24.30,24.03,23.86,27.00,19.00,24.00,2.05,0.54,0.43,24656407077.00,6176365692.00,6081510462.00
[object Object],ORSTED,Orsted,OMXCOP,137.45,stock,common,100.00,5.00,false,0.00,DKK,-3.41,25223888.00,18.16,29156738938.92,USD,0.00,-0.80,-166.97,0.00,Utilities,denmark,Utilities,Buy,Buy,-3.41,-0.15,-3.41,-11.95,-5.57,12.02,22.43,-74.15,-9.31,-3.02,2.42,2.85,Sell,Sell,StrongSell,Strong sell,Neutral,Neutral,46.27,-3.40,-2.37,-1.53,68.37,62.66,0.00,0.00,0.00,0.00,0.00,-3.37,25223888.00,3435.31,0.00,0.00,0.00,114.80,0.00,0.00,2.55,1.48,7.44,0.00,2.25,36923836738.92,3.29,217.29,21.21,138.08,139.39,143.37,151.59,146.70,27.08,34.10,20.15,26.74,1.21,0.18,0.35,12870023641.31,2528882928.00,2585907852.00
[object Object],WTW,Willis Towers Watson Public Limited Company,NASDAQ,313.72,stock,common,100.00,1.00,false,0.00,USD,-3.57,518109.00,1.23,29135784881.22,USD,19.35,16.21,1032.80,1.16,Finance,america,Finance,Buy,Buy,-3.57,-7.09,-8.31,18.88,8.45,-4.20,-5.29,35.81,145.36,617.75,2.08,2.01,Sell,Sell,Sell,Sell,Sell,Sell,37.95,-33.10,0.07,-240.19,11.64,29.97,0.00,325.34,0.00,0.00,400.00,-0.63,518109.00,35.63,313.80,0.03,138696.00,-1.73,19.35,0.02,3.03,3.80,15.34,17.46,17.55,34638784881.22,3.43,14.65,12.42,335.31,336.88,318.20,290.59,300.24,382.35,455.00,303.00,385.00,19.83,3.11,3.60,10452713189.00,2416528807.00,2459055907.00
[object Object],AV.,Aviva plc,LSE,704.80,stock,common,10.00,2.00,false,0.00,GBX,-2.06,8882572.00,1.00,29127849787.31,USD,41.12,0.23,-21.98,5.46,Finance,uk,Finance,Buy,Buy,-2.06,-3.95,-0.82,14.71,13.42,2.77,7.41,74.98,20.15,-46.38,1.55,1.56,Sell,Sell,Sell,Sell,Sell,Sell,44.31,-25.60,7.61,-149.21,31.09,46.26,0.00,0.00,0.00,0.00,0.00,-0.89,8882572.00,1.53,704.80,0.00,2867965.00,14.26,41.12,0.00,0.30,2.37,4.56,4.66,0.00,38766052387.31,0.40,0.00,0.00,724.70,715.54,697.54,662.21,654.65,9.85,11.09,7.34,9.75,0.81,0.40,0.40,82013951100.80,38171637074.70,41912159768.70
[object Object],FRE,Fresenius SE & Co. KGaA,XETR,44.34,stock,common,1000.00,5.00,false,0.00,EUR,-0.78,1091843.00,1.01,28961411572.86,USD,16.41,3.09,35.29,2.35,Health services,germany,Health Services,StrongBuy,Strong buy,-0.78,-0.93,-6.13,19.08,-4.04,-9.63,-6.39,3.83,-35.43,406.88,2.98,2.11,Sell,Sell,Sell,Sell,Sell,Sell,44.73,-2.01,-1.64,-83.46,42.09,28.15,0.00,44.60,-0.19,0.00,500.00,-1.04,1091843.00,-34.37,43.86,-1.07,614339.00,-3.90,16.41,0.47,1.08,1.27,8.43,17.27,19.52,41560044672.86,1.55,16.20,10.80,44.70,45.76,44.59,41.82,44.75,64.87,73.82,58.12,65.10,4.31,1.02,0.90,27899197604.99,6666499742.87,6721910747.10
[object Object],PUB,Publicis Groupe SA,EURONEXT,96.04,stock,common,100.00,2.00,false,0.00,EUR,-2.93,700957.00,1.14,28847332041.68,USD,14.95,7.34,-4.76,3.79,Commercial services,france,Commercial Services,Buy,Buy,-2.93,-3.07,-3.79,8.74,28.81,7.86,12.99,70.59,43.11,1272.00,2.80,2.08,Sell,Sell,Sell,Sell,Sell,Sell,42.13,-6.66,1.68,-234.68,21.14,37.75,0.00,0.00,0.00,0.00,0.00,-0.55,700957.00,52.30,96.04,0.00,486175.00,22.39,14.95,0.00,1.41,2.28,8.93,9.75,11.45,32693879091.68,1.62,10.94,8.53,100.26,99.67,95.01,89.49,84.72,128.33,154.46,104.52,129.49,9.27,4.10,5.09,17762750917.44,8663387355.30,9782310462.75
[object Object],KOG,Kongsberg Gruppen ASA,OSL,299.20,stock,common,10.00,1.00,false,0.00,NOK,-0.66,1121192.00,1.00,28697555028.39,USD,35.87,0.84,9.29,1.89,Producer manufacturing,norway,Producer Manufacturing,Buy,Buy,-0.66,-4.26,-3.83,-0.30,-27.02,14.70,0.62,538.77,1209.51,5366.69,2.54,2.30,Sell,Sell,StrongSell,Strong sell,Neutral,Neutral,40.75,-13.80,-7.15,-134.90,11.78,11.89,long_upper_shadow_bearish,0.00,0.00,0.00,0.00,-0.56,1121192.00,22.84,299.20,0.00,460127.00,3.65,35.87,3.89,6.35,21.34,28.79,38.65,54.16,28596709108.39,6.79,42.02,34.54,308.37,313.08,306.30,308.19,320.98,44.35,60.01,34.66,42.24,0.71,0.16,0.18,4240729159.28,1015222271.85,1129163786.63
[object Object],EXR,Extra Space Storage Inc.,NYSE,135.63,stock,common,100.00,1.00,false,0.00,USD,-2.54,858055.00,0.82,28654491416.34,USD,30.37,4.47,-2.93,4.66,Finance,america,Finance,Buy,Buy,-2.54,-2.95,-8.54,-9.89,-4.64,4.28,-7.16,-29.45,64.74,962.93,1.90,1.58,StrongSell,Strong sell,StrongSell,Strong sell,Sell,Sell,24.35,-9.24,-6.69,-145.56,7.39,13.55,0.00,0.00,0.00,0.00,0.00,0.14,858055.00,-24.75,135.63,0.00,215215.00,-2.74,30.37,0.00,8.90,2.16,15.72,17.00,42.99,43292963416.34,12.56,48.21,20.19,140.60,145.60,146.00,145.04,141.43,158.53,178.00,140.00,157.00,4.62,1.16,1.18,3507261567.00,874987625.00,889941103.00
[object Object],IR,Ingersoll Rand Inc.,NYSE,73.58,stock,common,100.00,1.00,false,0.00,USD,-2.04,3059062.00,1.05,28548999813.62,USD,30.32,2.43,89.48,0.11,Producer manufacturing,america,Producer Manufacturing,Buy,Buy,-2.04,-1.92,-14.98,3.66,-10.26,-7.83,-8.08,39.57,246.26,246.26,2.20,2.36,StrongSell,Strong sell,StrongSell,Strong sell,Sell,Sell,31.53,-4.99,-6.94,-131.56,15.20,17.24,0.00,0.00,0.00,0.00,0.00,-0.52,3059062.00,37.61,73.58,0.00,517104.00,-5.38,30.32,0.35,3.71,2.81,21.37,23.65,24.57,32273999813.62,4.06,21.82,16.02,76.47,81.54,81.39,78.68,82.04,97.42,109.00,83.00,97.50,3.54,0.83,0.90,8115182181.00,1956446002.00,2051009775.00
[object Object],DTE,DTE Energy Company,NYSE,136.06,stock,common,100.00,1.00,false,0.00,USD,-0.87,1110479.00,0.96,28312460102.83,USD,21.50,6.33,-8.94,3.34,Utilities,america,Utilities,Buy,Buy,-0.87,-0.08,-2.23,-7.62,-8.84,5.20,1.26,12.85,75.42,426.32,1.30,1.38,StrongSell,Strong sell,StrongSell,Strong sell,Neutral,Neutral,40.52,-0.08,-3.37,-53.62,30.64,28.07,0.00,0.00,0.00,0.00,0.00,-0.19,1110479.00,-11.84,136.06,0.00,269006.00,0.66,21.50,0.00,1.75,2.33,8.39,0.00,336.91,56073460102.83,3.44,27.18,13.90,136.40,138.44,142.81,144.17,141.50,156.85,168.00,143.00,156.00,7.71,1.14,2.39,15983314691.00,3357457324.00,3437804402.00
[object Object],BAMI,Banco BPM SpA,MIL,16.11,stock,common,1000.00,5.00,false,0.00,EUR,0.00,5333202.00,1.05,28306753012.64,USD,12.57,1.46,-19.23,6.21,Finance,italy,Finance,Neutral,Neutral,0.00,0.72,-5.40,14.30,42.76,23.73,33.58,487.53,579.17,-71.29,1.64,1.81,Sell,Sell,Neutral,Neutral,Sell,Sell,47.26,-0.16,-0.24,-73.97,30.62,31.58,0.00,0.00,0.00,0.00,0.00,-0.65,5333202.00,79.76,16.11,0.00,23821.00,38.19,12.57,0.00,3.28,1.55,23.53,24.89,0.00,74215351339.34,6.74,0.00,0.00,16.08,16.43,16.07,14.86,13.63,18.30,20.97,15.41,18.54,1.53,0.00,0.00,7395971830.16,3592920760.00,0.00
[object Object],RDDT,"Reddit, Inc. Class A",NYSE,146.44,stock,common,100.00,1.00,false,0.00,USD,-1.97,4756308.00,1.21,28174547375.39,USD,34.05,4.30,263.04,0.00,Technology services,america,Technology Services,Buy,Buy,-1.97,1.68,-9.32,-13.20,9.55,-36.93,-37.78,211.57,211.57,211.57,3.63,4.77,Sell,Sell,StrongSell,Strong sell,Neutral,Neutral,42.35,-16.01,-6.55,-112.67,28.41,34.50,0.00,149.00,-0.25,0.73,25302.00,-0.50,4756308.00,-5.21,146.75,0.21,362047.00,-28.14,34.05,0.13,10.86,8.57,28.83,29.04,10.62,25409057375.39,9.14,32.37,31.70,151.91,156.54,169.10,166.11,174.16,215.53,303.00,130.00,212.50,5.37,0.95,1.31,3383410911.00,731002273.00,872924382.00
[object Object],ATO,Atmos Energy Corporation,NYSE,166.59,stock,common,100.00,1.00,false,0.00,USD,-0.88,667006.00,0.83,28151802213.94,USD,19.83,8.40,16.00,2.38,Utilities,america,Utilities,Neutral,Neutral,-0.88,-0.64,-3.30,-2.16,-11.68,-0.34,2.27,70.81,121.15,2883.69,1.16,1.31,StrongSell,Strong sell,StrongSell,Strong sell,Neutral,Neutral,40.49,-0.97,-3.23,-84.35,32.77,38.87,0.00,0.00,0.00,0.00,0.00,0.09,667006.00,-13.79,166.59,0.00,211628.00,6.84,19.83,1.25,5.78,1.85,13.97,0.00,53.66,37949860213.94,7.71,20.86,14.61,167.62,169.73,172.56,174.85,175.50,188.22,200.00,173.00,190.00,8.45,1.35,1.16,5163779396.00,900815824.00,798696083.00
[object Object],LVS,Las Vegas Sands Corp.,NYSE,43.33,stock,common,100.00,1.00,false,0.00,USD,-1.48,7092669.00,1.32,28064891485.66,USD,16.88,2.57,29.61,2.61,Consumer services,america,Consumer Services,Buy,Buy,-1.48,-0.96,-5.58,-15.55,-19.94,-33.54,-19.34,-1.28,-22.49,3.41,1.99,2.33,StrongSell,Strong sell,StrongSell,Strong sell,Sell,Sell,36.49,-3.94,-1.89,-141.84,17.43,22.25,0.00,43.97,-0.02,-0.02,300.00,-0.57,7092669.00,1.95,43.33,0.00,824579.00,-24.10,16.88,0.58,2.10,48.33,7.63,10.55,8.42,40266891485.66,2.94,12.54,8.51,44.39,45.86,45.97,48.65,54.01,59.24,71.50,47.00,60.00,3.11,0.76,0.75,13814725558.00,3310459500.00,3414323662.00
[object Object],AWK,"American Water Works Company, Inc.",NYSE,140.33,stock,common,100.00,1.00,false,0.00,USD,-0.04,2122903.00,1.06,27887639947.22,USD,24.29,5.78,4.00,2.45,Utilities,america,Utilities,Neutral,Neutral,-0.04,2.30,4.58,11.56,0.36,7.76,0.57,-25.26,85.38,581.21,1.15,1.85,Buy,Buy,StrongBuy,Strong buy,Neutral,Neutral,59.44,2.73,3.69,136.67,75.10,77.15,0.00,0.00,0.00,0.00,0.00,0.11,2122903.00,3.15,140.33,0.00,603837.00,-2.53,24.29,6.08,5.21,2.39,11.78,0.00,112.26,43703639947.22,8.27,22.29,15.10,138.99,136.90,135.42,131.16,131.65,142.45,156.00,128.00,140.00,6.08,1.53,2.08,5374803040.00,1325667737.00,1542312422.00
[object Object],VICI,VICI Properties Inc,NYSE,25.21,stock,common,100.00,1.00,false,0.00,USD,-0.24,9094045.00,0.97,27758164646.92,USD,9.78,2.58,-1.35,7.12,Finance,america,Finance,Buy,Buy,-0.24,-1.29,-5.23,-11.95,-13.01,-10.48,-24.29,-17.70,35.90,35.90,1.40,1.35,Sell,Sell,StrongSell,Strong sell,Neutral,Neutral,34.63,-1.08,-0.76,-142.99,3.96,7.89,0.00,25.31,0.16,0.36,15305.00,0.08,9094045.00,-23.94,25.35,0.56,1788614.00,-20.83,9.78,0.00,6.72,0.95,10.42,10.42,95.41,45745737646.92,11.16,12.58,12.57,25.60,26.13,26.30,27.18,27.82,32.33,38.00,26.00,32.00,2.79,0.71,0.72,4194052745.00,1038867523.00,1057842376.00
[object Object],ML,Cie Generale des Etablissements Michelin SA,EURONEXT,33.76,stock,common,100.00,1.00,false,0.00,EUR,-2.60,1782483.00,1.33,27704016592.92,USD,14.95,2.58,3.27,3.98,Consumer durables,france,Consumer Durables,Buy,Buy,-2.60,-2.54,-1.97,4.91,14.05,18.92,7.28,-1.43,41.52,358.52,1.89,1.55,Sell,Sell,Sell,Sell,Sell,Sell,41.80,-1.38,-0.05,-211.96,32.85,51.03,0.00,0.00,0.00,0.00,0.00,-0.89,1782483.00,89.67,33.76,0.00,1300691.00,9.45,14.95,4.69,0.94,1.31,5.68,9.41,8.12,33558114792.92,1.15,11.28,6.34,34.63,34.59,34.64,33.38,31.87,41.74,49.04,32.69,40.87,3.10,1.48,1.72,31114917428.11,14653200830.00,16583511700.00
[object Object],ON,ON Semiconductor Corporation,NASDAQ,70.98,stock,common,100.00,1.00,false,0.00,USD,-0.14,6468125.00,0.83,27633345642.34,USD,45.71,1.55,44.90,0.00,Electronic technology,america,Electronic Technology,Buy,Buy,-0.14,-2.58,-12.91,-37.55,21.58,28.47,45.30,57.73,551.19,222.64,3.42,3.15,Sell,Sell,StrongSell,Strong sell,Neutral,Neutral,36.65,-1.53,-5.89,-83.71,14.43,17.84,long_upper_shadow_bearish,70.80,-0.40,0.63,24842.00,-0.35,6468125.00,-56.56,71.05,0.10,975104.00,44.09,45.71,1.02,4.64,3.83,17.17,19.13,7.43,28496245642.34,4.60,25.32,14.88,72.98,77.09,82.78,96.49,78.60,109.61,150.00,85.00,110.00,3.20,0.71,0.87,6550932525.00,1589004230.00,1702230972.00
[object Object],TDY,Teledyne Technologies Incorporated,NYSE,595.23,stock,common,100.00,1.00,false,0.00,USD,-1.63,284895.00,1.31,27592286786.45,USD,28.76,20.70,14.03,0.00,Electronic technology,america,Electronic Technology,Buy,Buy,-1.63,-2.74,-14.25,-1.91,-8.66,16.03,9.17,33.49,445.78,6954.58,1.52,1.87,StrongSell,Strong sell,StrongSell,Strong sell,Sell,Sell,28.61,-31.67,-41.70,-102.71,9.53,10.53,0.00,605.08,0.00,0.00,1285.00,-0.18,284895.00,37.61,595.23,0.00,56587.00,10.07,28.76,2.08,4.45,2.53,21.96,24.44,82.08,29279186786.45,4.59,23.64,18.53,613.07,646.99,645.24,636.17,614.86,757.91,877.00,640.00,760.00,24.72,5.79,6.14,6556519197.00,1578448084.00,1649203657.00
[object Object],A5G,AIB Group PLC,EURONEXT,11.35,stock,common,1000.00,5.00,false,0.00,EUR,-0.92,6866580.00,2.10,27574948323.33,USD,11.71,1.11,8.41,5.74,Finance,ireland,Finance,Neutral,Neutral,-0.92,3.75,4.08,12.94,28.32,24.38,54.00,393.48,89.17,-43.25,2.01,1.94,Buy,Buy,StrongBuy,Strong buy,Sell,Sell,61.56,0.37,0.48,102.05,84.04,89.90,0.00,0.00,0.00,0.00,0.00,-0.48,6866580.00,212.55,11.35,0.00,1920732.00,50.78,11.71,1.41,5.29,1.86,30.97,33.56,0.00,1243130923.33,0.19,0.00,0.00,11.16,10.89,10.74,10.38,9.75,13.04,14.24,10.46,13.19,1.06,0.44,0.55,5453890649.87,2566615393.36,2720618904.10
[object Object],RYA,Ryanair Holdings PLC,EURONEXT,22.60,stock,common,100.00,1.00,false,0.00,EUR,-1.22,1337346.00,1.06,27573925817.20,USD,12.77,2.02,-5.72,1.70,Transportation,ireland,Transportation,StrongBuy,Strong buy,-1.22,0.00,-9.56,-2.59,-11.65,-22.71,-5.64,43.86,71.21,65.93,1.94,2.38,StrongSell,Strong sell,StrongSell,Strong sell,Sell,Sell,39.28,-1.34,-1.07,-109.75,19.39,26.74,falling_window_bearish,0.00,0.00,0.00,0.00,-1.22,1337346.00,55.08,22.60,0.00,721170.00,-9.14,12.77,0.00,1.54,2.48,6.90,13.99,8.37,24490178457.20,1.38,10.11,6.01,22.99,23.85,24.66,24.54,25.97,34.46,39.52,29.87,34.11,1.97,0.68,1.71,18375461001.35,5069644361.21,6550427894.67
[object Object],DG,Dollar General Corporation,NYSE,124.57,stock,common,100.00,1.00,false,0.00,USD,-2.58,2562618.00,0.82,27482234216.81,USD,16.19,7.69,42.34,1.85,Retail trade,america,Retail Trade,Neutral,Neutral,-2.58,-5.27,-0.03,13.66,-7.68,-6.19,15.58,-44.37,74.86,466.23,2.98,2.98,Sell,Sell,Sell,Sell,Neutral,Neutral,48.78,1.99,5.63,10.43,66.45,77.41,0.00,127.80,-0.05,0.00,2141.00,0.09,2562618.00,0.73,124.51,-0.05,605259.00,19.60,16.19,0.39,0.65,2.96,8.32,13.72,17.36,41665744216.81,0.95,17.08,11.82,127.72,125.30,123.12,117.62,126.35,140.11,176.00,90.00,140.00,7.88,2.01,1.41,44522216089.00,11195475074.00,11135900306.00
[object Object],VIE,Veolia Environnement SA,EURONEXT,31.56,stock,common,100.00,1.00,false,0.00,EUR,-1.22,2275696.00,1.44,27183312953.80,USD,18.61,1.94,13.17,4.69,Utilities,france,Utilities,Buy,Buy,-1.22,-2.71,-10.39,-9.26,-4.80,5.91,9.97,12.29,59.67,-1.00,1.57,1.46,StrongSell,Strong sell,StrongSell,Strong sell,Sell,Sell,24.27,-2.35,-2.17,-93.50,8.74,10.71,0.00,0.00,0.00,0.00,0.00,0.34,2275696.00,75.31,31.56,0.00,1577669.00,16.04,18.61,1.43,0.53,3.24,5.23,16.29,3.18,65381419953.80,1.29,16.14,8.53,32.16,33.68,34.92,35.07,33.43,46.25,52.65,42.42,46.49,2.79,0.00,0.00,54229629639.54,25145877080.00,0.00
[object Object],EXO,EXOR N.V.,EURONEXT,71.40,stock,common,100.00,5.00,false,0.00,EUR,-1.38,231413.00,1.41,26950986817.40,USD,0.00,0.00,0.00,0.68,Finance,netherlands,Finance,StrongBuy,Strong buy,-1.38,-1.31,1.35,8.18,2.00,-2.06,-14.70,5.00,5.00,5.00,2.05,1.77,Neutral,Neutral,Buy,Buy,Sell,Sell,49.50,-0.35,2.30,23.02,65.94,81.92,0.00,0.00,0.00,0.00,0.00,-0.35,231413.00,51.13,71.40,0.00,122859.00,-16.01,0.00,0.00,0.00,0.48,0.00,0.00,15.03,30096576517.40,0.00,0.00,0.00,72.83,71.21,70.22,68.44,69.58,126.58,140.12,106.26,128.44,2.60,0.00,0.00,0.00,0.00,0.00
[object Object],WSM,"Williams-Sonoma, Inc.",NYSE,227.52,stock,common,100.00,1.00,false,0.00,USD,-0.14,1256845.00,0.87,26797118066.52,USD,23.28,9.77,7.44,1.25,Retail trade,america,Retail Trade,Buy,Buy,-0.14,2.75,-8.65,9.08,25.45,24.55,12.53,157.03,783.57,43777.76,2.41,3.06,Sell,Sell,Sell,Sell,Neutral,Neutral,43.07,-7.22,-11.33,-67.80,29.39,23.04,0.00,224.83,-1.32,-0.14,3710.00,1.10,1256845.00,-4.64,227.52,0.00,233759.00,11.60,23.28,3.13,3.38,12.52,16.81,20.13,26.29,27296128066.52,3.41,17.74,15.43,228.85,237.35,232.30,216.07,204.87,252.95,280.00,190.00,259.00,9.51,2.08,2.18,8271767139.00,1927005022.00,1997429945.00
[object Object],FE,FirstEnergy Corp.,NYSE,46.21,stock,common,100.00,1.00,false,0.00,USD,-0.52,5474887.00,1.31,26738952695.85,USD,24.66,1.87,-17.28,3.92,Utilities,america,Utilities,Buy,Buy,-0.52,0.15,-2.08,-0.99,-9.71,3.01,7.14,19.13,39.95,77.73,1.38,1.52,StrongSell,Strong sell,StrongSell,Strong sell,Neutral,Neutral,42.06,-0.41,-0.93,-70.80,43.87,47.36,0.00,46.75,0.65,0.11,1248.00,0.22,5474887.00,-3.32,46.21,0.00,903977.00,6.89,24.66,0.00,1.70,2.07,8.58,0.00,140.08,57021952695.85,3.60,19.41,14.48,46.36,47.07,47.67,47.18,47.53,53.64,56.00,51.00,53.00,2.73,0.50,0.92,15680529211.00,3511701274.00,4316343739.00
[object Object],CPAY,"Corpay, Inc.",NYSE,406.09,stock,common,100.00,1.00,false,0.00,USD,-0.24,439085.00,1.04,26663705881.56,USD,24.68,16.45,11.78,0.00,Commercial services,america,Commercial Services,Buy,Buy,-0.24,-0.40,3.64,16.51,24.93,34.62,30.79,54.32,141.98,1524.36,1.89,2.12,Neutral,Neutral,Buy,Buy,Neutral,Neutral,52.16,-6.28,11.87,-67.20,32.06,48.32,0.00,407.05,0.00,-0.01,840.00,-0.68,439085.00,-3.83,407.51,0.35,68101.00,21.23,24.68,2.10,5.38,7.53,14.58,16.44,2.65,27478962881.56,5.47,11.96,10.03,409.32,405.43,387.33,362.43,338.26,459.06,536.00,390.00,454.50,27.38,6.58,7.19,5315650246.00,1299873164.00,1357822681.00
[object Object],OMV,OMV Aktiengesellschaft,VIE,70.85,stock,common,100.00,5.00,false,0.00,EUR,1.14,242002.00,0.90,26628417120.81,USD,9.26,8.74,182.65,6.28,Energy minerals,austria,Energy Minerals,Neutral,Neutral,1.14,1.21,12.19,22.68,22.16,49.16,52.37,49.85,178.06,633.06,1.66,1.79,StrongBuy,Strong buy,StrongBuy,Strong buy,Buy,Buy,69.97,3.15,3.32,138.88,92.31,82.66,0.00,0.00,0.00,0.00,0.00,-0.07,242002.00,8.95,70.85,0.00,142066.00,50.86,9.26,0.05,1.21,1.53,6.58,25.22,10.66,39530449670.81,1.32,9.19,5.70,69.09,66.83,64.45,62.00,57.60,73.44,93.58,63.93,72.07,10.69,2.67,2.94,34230744421.70,8918953952.61,8827633176.81
[object Object],HEXA_B,Hexagon AB Class B,OMXSTO,93.62,stock,common,100.00,2.00,false,0.00,SEK,-1.62,3547988.00,1.03,26540778475.12,USD,45.78,0.21,-48.03,1.59,Electronic technology,sweden,Electronic Technology,Neutral,Neutral,-1.62,-4.43,-4.27,16.85,-6.38,-14.15,-15.70,-36.25,83.06,5922.53,1.82,1.88,Sell,Sell,Sell,Sell,Neutral,Neutral,42.30,-6.68,0.09,-116.93,9.88,19.80,0.00,0.00,0.00,0.00,0.00,-0.34,3547988.00,21.29,0.00,0.00,0.00,-5.74,45.78,0.00,4.92,4.05,17.18,0.00,10.51,27129172672.94,5.09,0.00,50.47,97.61,97.31,91.11,90.52,96.14,10.61,13.61,8.38,10.49,0.38,0.08,0.09,5007500067.56,1139125768.06,1177420741.36
[object Object],AMS,Amadeus IT Group SA Class A,BME,54.32,stock,common,100.00,2.00,false,0.00,EUR,-3.99,751873.00,1.32,26533935931.68,USD,17.97,3.45,1.91,2.20,Technology services,spain,Technology Services,Buy,Buy,-3.99,-3.00,-5.50,4.86,4.46,-13.56,-21.39,3.51,24.67,250.45,2.60,2.24,Sell,Sell,Sell,Sell,Sell,Sell,41.31,-3.06,0.47,-221.67,21.88,37.78,0.00,0.00,0.00,0.00,0.00,-0.60,751873.00,197.71,0.00,0.00,0.00,-23.33,17.97,9.77,3.65,4.99,10.85,11.12,23.78,29612917246.68,3.93,14.50,10.17,56.92,56.72,54.24,52.95,54.28,80.02,94.42,59.53,78.43,4.05,0.99,1.07,8029518213.27,1887627693.84,2014279668.66
[object Object],ES,Eversource Energy,NYSE,70.44,stock,common,100.00,1.00,false,0.00,USD,-1.47,2587754.00,1.41,26532968149.98,USD,18.24,3.86,66.18,4.31,Utilities,america,Utilities,Neutral,Neutral,-1.47,0.01,-1.77,1.85,-5.16,3.91,12.04,-21.78,28.70,323.70,1.58,1.49,Sell,Sell,StrongSell,Strong sell,Neutral,Neutral,43.20,-0.59,-1.12,-68.77,42.27,44.87,0.00,71.43,-0.08,0.36,210.00,-0.11,2587754.00,37.42,70.30,-0.20,735683.00,12.95,18.24,0.28,1.93,1.62,5.99,89.20,14.60,54677003149.98,3.91,17.48,10.12,70.90,71.66,72.67,70.91,70.19,73.64,85.00,52.00,75.00,4.65,0.87,1.03,13694827042.00,2988920513.00,3258925862.00
[object Object],ECHO,EchoStar Corporation Class A,NASDAQ,91.32,stock,common,100.00,1.00,false,0.00,USD,-2.25,2527316.00,0.96,26527609854.98,USD,0.00,-24.94,-2120.06,0.00,Communications,america,Communications,Buy,Buy,-2.25,5.28,0.96,-22.43,-16.09,-15.97,9.27,252.59,187.07,651.55,2.90,2.91,Neutral,Neutral,Buy,Buy,Sell,Sell,54.29,4.80,1.68,81.90,74.96,64.58,0.00,93.41,-0.01,-0.32,902.00,-0.45,2527316.00,-41.22,91.32,0.00,225264.00,36.95,0.00,-0.00,2.24,1.87,0.00,0.00,20.69,42721911854.98,2.92,40.78,21.48,88.24,88.28,90.71,106.20,107.90,130.50,165.00,103.00,124.00,19.95,-0.10,-0.07,14333102281.00,3586837820.00,3476672579.00
[object Object],OTIS,Otis Worldwide Corporation,NYSE,69.30,stock,common,100.00,1.00,false,0.00,USD,-1.08,4197209.00,1.24,26380384484.13,USD,17.79,3.90,2.98,2.46,Industrial services,america,Industrial Services,Buy,Buy,-1.08,-2.05,-5.60,-1.23,-16.73,-20.55,-20.42,-23.71,73.25,73.25,1.63,1.67,StrongSell,Strong sell,StrongSell,Strong sell,Sell,Sell,37.61,-2.16,-1.45,-216.37,21.38,29.86,0.00,70.07,0.01,0.01,100.00,-0.36,4197209.00,22.83,69.69,0.56,696270.00,-19.81,17.79,6.03,1.80,0.00,14.20,15.52,31.30,34671384484.13,2.33,14.88,13.86,71.02,71.97,72.21,72.93,79.81,86.73,100.00,75.00,86.00,4.05,1.01,1.00,15259440487.00,3761572222.00,3839467229.00
[object Object],Q,"Qnity Electronics, Inc.",NYSE,125.47,stock,common,100.00,1.00,false,0.00,USD,1.78,1245940.00,0.75,26249395488.15,USD,44.93,2.79,-26.24,0.24,Electronic technology,america,Electronic Technology,StrongBuy,Strong buy,1.78,7.63,-9.85,-12.72,15.22,53.59,77.97,77.97,77.97,77.97,3.27,3.79,Neutral,Neutral,Sell,Sell,Buy,Buy,46.62,-1.15,-10.61,-34.17,43.58,31.06,0.00,121.31,-1.60,-0.23,258.00,-1.04,1245940.00,-10.86,125.47,0.00,212869.00,0.00,44.93,0.00,4.97,3.62,22.56,31.97,27.44,30102395488.15,5.78,26.62,19.86,121.31,129.85,134.24,142.87,122.04,179.88,189.00,170.00,180.00,4.55,1.07,1.19,5607568625.00,1364556333.00,1486704286.00
[object Object],BT.A,BT Group plc,LSE,197.85,stock,common,100.00,5.00,false,0.00,GBX,-0.63,23598338.00,2.16,26245784220.84,USD,18.25,0.14,2.46,4.18,Communications,uk,Communications,Neutral,Neutral,-0.63,-4.10,-0.50,-1.76,-6.10,7.24,-2.73,21.23,-49.87,-86.83,1.99,1.85,Sell,Sell,StrongSell,Strong sell,Neutral,Neutral,41.86,-8.75,0.39,-86.04,4.25,14.10,0.00,0.00,0.00,0.00,0.00,0.45,23598338.00,158.54,197.85,0.00,5971682.00,-1.07,18.25,7.47,1.02,1.55,3.25,21.08,9.37,54119704320.84,2.08,12.12,4.97,202.71,201.61,198.19,205.42,201.03,3.14,4.50,2.05,2.99,0.24,0.11,0.00,24300806134.94,0.00,0.00
[object Object],CTSH,Cognizant Technology Solutions Corporation Class A,NASDAQ,58.20,stock,common,100.00,1.00,false,0.00,USD,-2.87,6227342.00,1.08,26215852445.83,USD,12.49,4.66,-5.38,2.17,Technology services,america,Technology Services,Buy,Buy,-2.87,-8.07,2.88,14.63,-5.55,-29.87,-18.36,-24.05,0.47,27836.31,3.23,3.15,Sell,Sell,Sell,Sell,Sell,Sell,46.54,-4.86,4.32,-82.40,31.24,56.66,0.00,59.53,-0.65,0.30,838.00,-0.10,6227342.00,4.84,58.27,0.12,1075567.00,-18.58,12.49,0.00,1.29,1.82,9.30,10.44,25.81,27258852445.83,1.26,7.82,6.74,62.63,59.66,53.24,52.21,62.65,63.26,82.00,42.00,65.00,5.75,1.38,1.47,22188256015.00,5480763092.00,5647507726.00
[object Object],CNP,"CenterPoint Energy, Inc.",NYSE,39.77,stock,common,100.00,1.00,false,0.00,USD,-0.87,5309947.00,0.94,26197307101.22,USD,23.44,1.70,18.24,2.29,Utilities,america,Utilities,Buy,Buy,-0.87,0.79,-4.58,-7.23,-9.30,3.76,6.71,49.01,76.68,268.81,1.40,1.66,Sell,Sell,StrongSell,Strong sell,Neutral,Neutral,43.92,0.84,-1.10,-0.67,51.92,47.06,0.00,0.00,0.00,0.00,0.00,-0.25,5309947.00,15.37,39.78,0.03,1323279.00,5.97,23.44,1.30,2.78,2.24,10.28,0.00,55.76,50815307101.22,5.28,22.73,13.03,39.62,40.32,41.69,42.20,41.46,45.93,50.00,39.00,46.00,1.91,0.37,0.49,9932816732.00,2124178194.00,2112923425.00
[object Object],LH,Labcorp Holdings Inc.,NYSE,321.10,stock,common,100.00,1.00,false,0.00,USD,-1.16,960234.00,1.56,26041208335.49,USD,26.55,12.09,33.35,0.89,Health services,america,Health Services,Buy,Buy,-1.16,-2.45,0.89,19.83,20.90,27.77,15.71,21.57,168.07,1433.44,1.92,2.09,Sell,Sell,Sell,Sell,Sell,Sell,47.95,-16.58,6.67,-97.54,20.56,34.97,0.00,324.86,0.00,0.00,600.00,-0.54,960234.00,55.95,321.10,0.00,134049.00,18.20,26.55,0.81,1.86,3.02,16.07,22.79,185.69,32681908335.49,2.28,20.06,14.05,330.36,324.50,308.43,284.75,276.20,344.73,385.00,306.00,350.00,18.35,4.78,4.65,14750430584.00,3709367203.00,3755984820.00
[object Object],PPL,PPL Corporation,NYSE,34.55,stock,common,100.00,1.00,false,0.00,USD,-1.51,7292001.00,0.94,26000424190.29,USD,20.52,1.68,26.57,3.18,Utilities,america,Utilities,Buy,Buy,-1.51,0.41,-1.85,-3.25,-10.49,-1.29,-2.92,14.94,-0.35,413.59,1.47,1.55,StrongSell,Strong sell,StrongSell,Strong sell,Neutral,Neutral,43.31,-0.44,-0.39,-45.40,49.17,47.14,0.00,35.12,0.11,0.63,1230.00,0.03,7292001.00,-27.02,34.56,0.03,1524117.00,-2.96,20.52,0.78,2.83,1.73,9.86,0.00,77.17,45984424190.29,4.89,20.31,12.19,34.66,35.09,35.47,35.96,36.27,41.31,45.00,37.00,42.00,1.95,0.34,0.52,9741975208.00,2190192002.00,2415487539.00
[object Object],DGX,Quest Diagnostics Incorporated,NYSE,235.46,stock,common,100.00,1.00,false,0.00,USD,-0.02,782154.00,0.88,25988511270.61,USD,24.98,9.43,12.73,1.41,Health services,america,Health Services,Buy,Buy,-0.02,-1.08,-0.45,15.38,16.08,35.86,29.25,48.78,179.98,6178.93,1.84,1.93,Neutral,Neutral,Neutral,Neutral,Neutral,Neutral,48.62,-9.05,-0.26,-107.08,21.80,29.53,0.00,238.01,1.07,0.00,1700.00,-0.82,782154.00,7.30,237.00,0.65,197101.00,32.40,24.98,1.96,2.28,3.45,13.86,19.55,42.13,32128511270.61,2.78,19.09,14.20,239.72,238.30,228.51,212.32,201.58,249.79,265.00,232.00,250.00,11.19,2.82,2.87,12007242110.00,2972744228.00,3042732441.00
[object Object],CINF,Cincinnati Financial Corporation,NASDAQ,169.21,stock,common,100.00,1.00,false,0.00,USD,0.04,434008.00,0.95,25970019494.94,USD,7.98,21.21,83.99,2.14,Finance,america,Finance,Neutral,Neutral,0.04,-0.69,-3.60,1.01,2.00,3.61,10.54,40.69,118.53,9126.80,1.36,1.49,Sell,Sell,StrongSell,Strong sell,Neutral,Neutral,41.75,-2.21,-2.98,-111.50,36.97,55.71,0.00,0.00,0.00,0.00,0.00,-0.15,434008.00,2.28,169.21,0.00,150933.00,9.76,7.98,0.09,1.89,1.56,7.71,7.75,0.00,26846019494.94,1.92,0.00,0.00,171.30,173.11,176.68,171.52,167.37,191.67,200.00,177.00,192.50,8.37,1.84,1.93,10570693829.00,2711469714.00,2640226143.00
[object Object],WRB,W. R. Berkley Corporation,NYSE,69.91,stock,common,100.00,1.00,false,0.00,USD,0.20,3255919.00,1.69,25952516006.97,USD,14.38,4.86,10.67,0.53,Finance,america,Finance,Neutral,Neutral,0.20,2.57,-1.49,2.52,0.68,0.20,-3.27,112.02,301.88,42899.65,2.04,1.57,Buy,Buy,Buy,Buy,Neutral,Neutral,51.42,1.43,-1.75,29.68,60.96,50.93,0.00,69.22,-0.79,-0.11,300.00,-0.62,3255919.00,-22.54,69.91,0.00,657881.00,-7.76,14.38,1.34,1.84,2.64,7.31,7.57,0.00,29065538006.97,1.95,0.00,0.00,68.72,70.17,71.03,69.06,69.18,69.76,83.00,51.00,70.00,4.87,1.08,1.12,14902512870.00,3282737280.00,3766572429.00
[object Object],HBAN,Helvetia Baloise Holding AG,SIX,208.60,stock,common,10.00,2.00,false,0.00,CHF,-1.23,79692.00,0.78,25937718220.47,USD,25.19,10.45,-9.14,3.65,Finance,switzerland,Finance,Buy,Buy,-1.23,-2.07,-3.69,3.88,8.82,-0.19,5.25,5.25,5.25,5.25,1.29,1.29,StrongSell,Strong sell,StrongSell,Strong sell,Sell,Sell,38.86,-4.80,-1.88,-168.44,29.09,48.87,0.00,0.00,0.00,0.00,0.00,-0.57,79692.00,-23.85,208.60,0.00,39718.00,100.75,25.19,0.00,1.83,1.59,17.21,17.95,0.00,33960744660.47,2.36,0.00,0.00,213.16,214.17,214.03,211.68,0.00,300.98,329.80,277.92,302.62,14.39,6.50,12.87,19411926927.55,0.00,0.00
[object Object],VRSN,"VeriSign, Inc.",NASDAQ,286.94,stock,common,100.00,1.00,false,0.00,USD,1.68,743914.00,1.07,25910683996.99,USD,31.14,9.21,9.96,1.13,Technology services,america,Technology Services,Neutral,Neutral,1.68,-0.50,-1.85,-0.25,21.60,18.04,1.65,28.43,273.72,5498.83,2.43,2.60,Buy,Buy,Buy,Buy,Neutral,Neutral,50.74,-6.81,1.27,-11.17,54.59,62.41,0.00,0.00,0.00,0.00,0.00,0.00,743914.00,-36.64,286.94,0.00,119196.00,2.26,31.14,3.07,15.05,0.00,23.74,24.52,25.28,27216883996.99,15.94,23.48,22.95,290.08,288.27,280.24,280.38,262.11,330.00,355.00,316.00,324.50,9.79,2.42,2.46,1752773116.00,433195401.00,440277767.00
[object Object],FISV,"Fiserv, Inc.",NASDAQ,48.65,stock,common,100.00,1.00,false,0.00,USD,-4.35,9456727.00,1.45,25870451415.65,USD,9.33,5.21,-12.86,0.00,Commercial services,america,Commercial Services,Neutral,Neutral,-4.35,-5.95,-7.07,-8.24,-14.14,-27.96,-64.10,-58.42,-5.33,17457.35,4.00,3.21,StrongSell,Strong sell,StrongSell,Strong sell,Sell,Sell,36.11,-3.79,-0.99,-271.98,26.93,40.90,0.00,50.90,0.08,0.00,21359.00,0.00,9456727.00,-43.27,48.76,0.22,815032.00,-62.82,9.33,0.00,1.30,0.96,4.42,6.55,41.41,53277451415.65,2.55,11.84,6.93,52.04,52.89,52.19,53.92,58.20,57.84,85.00,40.00,57.00,7.25,1.91,1.73,19586148766.00,5039300236.00,4867440729.00
[object Object],DSFIR,DSM-Firmenich AG,EURONEXT,91.12,stock,common,100.00,2.00,false,0.00,EUR,-1.94,647924.00,1.02,25867500099.96,USD,0.00,-6.26,-301.20,2.69,Consumer non-durables,netherlands,Consumer Non-Durables,Buy,Buy,-1.94,-4.10,-3.35,26.45,55.34,32.17,10.56,-19.36,-19.36,-19.36,1.87,2.02,Sell,Sell,Sell,Sell,Sell,Sell,48.46,-2.14,1.96,-11.77,48.05,58.44,0.00,0.00,0.00,0.00,0.00,-0.75,647924.00,4.05,91.12,0.00,313631.00,4.50,0.00,0.00,3.23,1.29,14.23,24.97,9.88,31220582349.96,3.80,48.30,20.45,93.90,92.39,89.05,79.82,72.16,108.13,136.01,77.88,110.43,4.28,1.98,1.72,10886464037.20,5331391330.41,5405457597.20
[object Object],MTD,Mettler-Toledo International Inc.,NYSE,1290.36,stock,common,100.00,1.00,false,0.00,USD,-2.65,193676.00,1.25,25854373557.02,USD,29.04,44.43,12.54,0.00,Health technology,america,Health Technology,Neutral,Neutral,-2.65,-5.22,-9.22,13.44,9.51,-7.76,-1.54,-20.11,217.92,9075.89,2.09,2.26,Sell,Sell,StrongSell,Strong sell,Sell,Sell,28.52,-111.89,-50.35,-243.58,3.84,8.51,falling_window_bearish,1325.10,-0.03,-0.03,100.00,-1.66,193676.00,28.16,1290.36,0.00,35639.00,4.87,29.04,2.38,6.47,2016.25,26.68,30.12,506.43,27914953557.02,6.75,23.77,21.39,1367.07,1399.83,1362.46,1272.52,1318.55,1471.92,1600.00,1200.00,1460.00,47.33,10.85,12.11,4238159301.00,1027745401.00,1071351924.00
[object Object],TPL,Texas Pacific Land Corporation,NYSE,374.06,stock,common,100.00,1.00,false,0.00,USD,-2.05,305794.00,1.08,25800667654.82,USD,47.69,7.84,17.27,0.59,Miscellaneous,america,Miscellaneous,Buy,Buy,-2.05,1.92,8.02,-1.50,-28.75,30.79,22.97,175.27,1711.72,531465.30,3.28,3.87,Neutral,Neutral,Neutral,Neutral,Neutral,Neutral,50.16,1.27,-5.89,110.11,38.95,34.23,0.00,382.06,0.04,0.04,40.00,0.50,305794.00,-7.94,374.06,0.00,51319.00,21.19,47.69,2.82,29.37,15.43,43.18,49.50,103.87,25567568654.82,28.49,38.02,34.55,370.00,370.95,386.72,393.45,392.33,441.33,639.00,245.00,440.00,8.80,2.18,2.17,995000000.00,249500000.00,249000000.00
[object Object],DOV,Dover Corporation,NYSE,191.42,stock,common,100.00,1.00,false,0.00,USD,-1.70,1347548.00,1.00,25780488737.82,USD,23.04,8.31,-49.91,1.07,Producer manufacturing,america,Producer Manufacturing,Buy,Buy,-1.70,0.47,-9.03,-11.23,-6.81,-1.93,7.83,9.38,231.14,31639.87,1.57,1.80,StrongSell,Strong sell,StrongSell,Strong sell,Sell,Sell,36.14,-10.64,-10.92,-90.27,28.06,23.37,0.00,0.00,0.00,0.00,0.00,-0.51,1347548.00,-20.48,191.42,0.00,233107.00,6.17,23.04,0.00,3.13,3.36,18.66,22.15,14.78,27284505737.82,3.24,17.91,14.24,194.83,202.09,206.04,212.39,210.14,251.81,288.00,215.00,252.50,10.69,2.72,2.86,8676379076.00,2208509667.00,2210605008.00
[object Object],SMCI,"Super Micro Computer, Inc.",NASDAQ,38.93,stock,common,100.00,1.00,false,0.00,USD,-3.30,30534317.00,0.83,25575661685.65,USD,11.84,3.29,98.10,0.00,Electronic technology,america,Electronic Technology,Neutral,Neutral,-3.30,3.40,21.66,32.87,25.42,29.94,-3.26,968.62,1684.14,4298.87,5.00,5.81,Buy,Buy,StrongBuy,Strong buy,Neutral,Neutral,59.10,0.47,4.17,89.75,76.21,73.00,0.00,40.00,-0.65,0.22,509463.00,-0.63,30534317.00,-27.99,38.85,-0.21,1934502.00,2.00,11.84,0.12,0.73,2.49,0.00,0.00,3.62,31470386685.65,0.81,11.36,11.00,38.06,35.10,32.11,32.80,31.42,41.33,60.00,15.00,42.00,4.34,0.92,1.04,67129640474.00,11599418007.00,14941898912.00
[object Object],INCY,Incyte Corporation,NASDAQ,126.01,stock,common,100.00,1.00,false,0.00,USD,1.29,1272287.00,1.05,25541944282.79,USD,16.06,7.85,78.38,0.00,Health technology,america,Health Technology,Buy,Buy,1.29,-0.33,4.52,18.91,35.13,28.25,45.86,69.87,53.30,6620.53,2.62,2.44,Buy,Buy,StrongBuy,Strong buy,Neutral,Neutral,54.10,-3.71,3.10,9.40,44.72,56.81,spinning_top_white,124.28,-0.10,-0.10,100.00,1.01,1272287.00,-0.85,126.01,0.00,380576.00,53.78,16.06,0.20,4.45,3.99,13.25,13.66,5.78,21044471282.79,3.62,11.44,10.86,126.25,124.07,121.25,110.44,104.95,128.91,155.00,104.00,130.00,3.76,2.20,-2.83,5937155116.00,1503904802.00,1471502533.00
[object Object],RF,Regions Financial Corporation,NYSE,29.89,stock,common,100.00,1.00,false,0.00,USD,-0.60,6042577.00,0.88,25464172627.77,USD,12.16,2.46,14.60,3.53,Finance,america,Finance,Neutral,Neutral,-0.60,1.29,-4.35,4.11,17.08,10.34,10.70,53.52,199.80,1099.30,1.31,1.60,Sell,Sell,Sell,Sell,Sell,Sell,41.63,-0.74,-0.76,-82.46,37.52,37.86,0.00,30.12,0.17,-0.10,599.00,-0.57,6042577.00,-13.69,29.89,0.00,973681.00,6.07,12.16,0.84,3.41,1.46,14.41,14.41,0.00,24606172627.77,2.59,0.00,0.00,30.13,30.88,30.88,29.53,28.52,32.89,36.00,28.00,33.00,2.64,0.63,0.66,7825627356.00,1936372974.00,1987149831.00
[object Object],FOX,Fox Corporation Class B,NASDAQ,57.10,stock,common,100.00,1.00,false,0.00,USD,-1.96,1139917.00,0.99,25378910038.77,USD,14.89,3.83,-21.89,0.96,Consumer services,america,Consumer Services,Buy,Buy,-1.96,-3.40,1.76,-7.12,8.10,-12.09,5.43,71.16,47.93,47.93,2.25,2.43,Sell,Sell,Sell,Sell,Neutral,Neutral,45.64,-5.59,1.91,-137.51,11.40,20.13,0.00,57.66,-1.00,-0.79,1282.00,-1.00,1139917.00,14.55,57.10,0.00,249706.00,4.69,14.89,0.00,1.46,2.06,12.41,16.65,5.81,28927910038.77,1.69,8.27,7.41,59.77,58.03,54.77,55.29,56.95,76.47,112.00,54.00,76.00,5.95,1.44,2.06,17617741528.00,3640073257.00,4315067392.00
[object Object],FOXA,Fox Corporation Class A,NASDAQ,63.86,stock,common,100.00,1.00,false,0.00,USD,-2.10,7425228.00,1.58,25341934263.38,USD,16.65,3.83,-21.89,0.86,Consumer services,america,Consumer Services,Buy,Buy,-2.10,-3.32,1.82,-6.09,10.33,-12.68,7.05,75.80,63.74,63.74,2.49,2.53,Sell,Sell,Sell,Sell,Neutral,Neutral,45.50,-6.47,2.07,-133.29,10.91,18.92,0.00,64.12,-1.70,-1.10,40670.00,-1.67,7425228.00,83.92,62.39,-2.30,546497.00,4.69,16.65,0.00,1.63,2.30,13.87,18.62,6.50,28890934263.38,1.69,8.26,7.40,66.83,65.06,61.28,61.69,63.43,76.56,112.00,54.00,77.00,5.95,1.44,2.07,17620114286.00,3643432554.00,4315367609.00
[object Object],IMB,Imperial Brands PLC,LSE,2443.00,stock,common,1.00,1.00,false,0.00,GBX,-1.41,4574508.00,2.14,25333037643.58,USD,11.49,2.81,-29.03,6.60,Consumer non-durables,uk,Consumer Non-Durables,Buy,Buy,-1.41,-4.38,-12.34,-12.84,-21.45,-21.70,-21.37,58.33,-38.56,761.89,2.57,1.96,StrongSell,Strong sell,StrongSell,Strong sell,Sell,Sell,30.88,-77.00,-153.33,-144.79,10.11,14.20,0.00,0.00,0.00,0.00,0.00,-0.56,4574508.00,132.51,2443.00,0.00,811063.00,-23.45,11.49,0.00,1.02,4.72,6.26,6.92,39.27,40636154043.58,1.58,8.31,7.03,2507.80,2611.70,2680.38,2728.12,2934.90,43.61,47.32,36.51,44.62,4.44,1.68,2.82,13546657414.52,5940210683.00,7513521600.00
[object Object],GFS,GlobalFoundries Inc.,NASDAQ,45.95,stock,common,100.00,1.00,false,0.00,USD,1.91,3281078.00,0.82,25215110262.93,USD,35.86,1.28,0.00,0.27,Electronic technology,america,Electronic Technology,Buy,Buy,1.91,3.44,-16.61,-40.32,9.80,29.29,39.58,-2.23,-2.23,-2.23,3.09,3.29,Sell,Sell,StrongSell,Strong sell,Neutral,Neutral,40.11,0.03,-4.46,-42.59,37.26,25.75,0.00,45.10,0.02,0.84,35094.00,0.00,3281078.00,-40.12,46.00,0.11,404523.00,31.36,35.86,0.00,3.61,2.13,13.33,32.10,10.84,24592110262.93,3.54,30.59,12.00,45.01,48.45,54.32,64.49,53.42,76.76,140.00,55.00,75.00,1.94,0.43,0.51,7303298350.00,1765269294.00,1886182556.00
[object Object],SYF,Synchrony Financial,NYSE,77.35,stock,common,100.00,1.00,false,0.00,USD,-1.62,2745999.00,0.85,25167436096.56,USD,7.93,9.75,18.48,1.58,Finance,america,Finance,Buy,Buy,-1.62,0.29,-0.90,10.93,20.07,-7.60,3.12,69.33,183.23,236.30,1.47,2.20,Sell,Sell,Sell,Sell,Sell,Sell,46.67,-3.42,0.69,-104.74,49.08,56.91,0.00,0.00,0.00,0.00,0.00,-0.60,2745999.00,-3.19,77.35,0.00,566940.00,-9.19,7.93,0.44,1.39,1.66,2.67,2.67,1.60,27122436096.56,1.43,2.57,2.48,78.56,78.73,76.81,75.26,75.16,89.32,104.00,78.00,89.50,9.35,2.14,2.37,15152489087.00,3724720221.00,3823434417.00
[object Object],IAG,International Consolidated Airlines Group SA,LSE,415.10,stock,common,10.00,1.00,false,0.00,GBX,-2.40,8944618.00,1.05,25152019951.39,USD,7.43,0.74,8.50,1.62,Transportation,uk,Transportation,Buy,Buy,-2.40,-1.00,-6.26,3.21,15.72,0.24,5.22,174.10,48.68,39.14,1.81,1.86,StrongSell,Strong sell,StrongSell,Strong sell,Sell,Sell,38.67,-26.80,-9.21,-123.62,20.71,30.32,0.00,0.00,0.00,0.00,0.00,-1.43,8944618.00,33.83,415.10,0.00,1824728.00,1.44,7.43,0.89,0.70,2.47,3.21,5.69,2.51,30628664613.12,0.80,5.71,3.54,428.58,433.43,442.22,428.25,415.04,7.13,8.73,5.41,7.04,0.75,0.00,0.00,39673480750.72,0.00,0.00
[object Object],JBHT,"J.B. Hunt Transport Services, Inc.",NASDAQ,267.80,stock,common,100.00,1.00,false,0.00,USD,-2.54,1003258.00,1.31,25150420788.54,USD,37.97,7.05,28.18,0.65,Transportation,america,Transportation,Buy,Buy,-2.54,4.41,0.46,-5.36,31.92,37.73,87.46,51.04,235.13,17270.73,2.73,3.10,Sell,Sell,Sell,Sell,Sell,Sell,48.26,5.62,-4.68,-1.65,66.68,56.00,0.00,0.00,0.00,0.00,0.00,-0.70,1003258.00,-0.13,267.80,0.00,180437.00,73.66,37.97,1.38,2.05,6.88,15.94,23.12,6109.08,26291595788.54,2.07,27.28,15.63,265.29,269.71,275.81,269.63,238.51,311.33,370.00,200.00,320.00,7.84,1.74,2.14,13688700082.00,3262962370.00,3541948310.00
[object Object],AM,Dassault Aviation SA,EURONEXT,278.80,stock,common,10.00,2.00,false,0.00,EUR,-0.92,71991.00,1.58,25149617083.89,USD,21.59,14.75,29.17,1.70,Electronic technology,france,Electronic Technology,Buy,Buy,-0.92,-0.99,-11.60,-6.00,-19.89,2.35,2.50,199.78,183.62,11189.47,1.84,1.74,StrongSell,Strong sell,StrongSell,Strong sell,Sell,Sell,34.54,-13.00,-21.76,-78.52,11.55,7.45,0.00,0.00,0.00,0.00,0.00,-0.64,71991.00,31.46,278.80,0.00,35445.00,2.28,21.59,0.75,2.50,3.28,14.78,16.16,2.14,13632093870.04,1.37,15.56,12.23,281.04,298.73,297.04,295.31,304.62,432.30,693.90,346.95,404.78,18.11,6.57,9.83,10423535261.69,4019399940.29,5253555605.90
[object Object],XYL,Xylem Inc.,NYSE,107.64,stock,common,100.00,1.00,false,0.00,USD,-1.08,6860766.00,3.30,25132520353.94,USD,25.57,4.21,9.42,1.55,Producer manufacturing,america,Producer Manufacturing,Buy,Buy,-1.08,0.35,-10.34,-0.05,-11.13,-21.02,-22.71,-20.53,111.27,358.04,2.58,2.28,Sell,Sell,StrongSell,Strong sell,Neutral,Neutral,37.35,-5.17,-8.69,-92.86,17.16,13.69,spinning_top_black,109.40,0.54,0.09,1350.00,-0.66,6860766.00,90.13,107.64,0.00,505370.00,-26.71,25.57,2.74,2.82,2.41,19.58,27.59,19.96,27156520353.94,2.98,19.38,13.81,109.11,115.31,117.19,115.11,123.93,155.53,180.00,130.00,160.00,5.66,1.35,1.45,9204158768.00,2341514241.00,2285833882.00
[object Object],RBI,Raiffeisen Bank International AG,VIE,65.85,stock,common,100.00,5.00,false,0.00,EUR,0.53,385615.00,1.46,25001919773.05,USD,9.18,8.20,0.00,2.44,Finance,austria,Finance,Buy,Buy,0.53,3.70,5.02,35.77,76.07,71.84,128.33,208.00,389.23,76.31,2.76,2.42,StrongBuy,Strong buy,StrongBuy,Strong buy,Buy,Buy,67.22,3.00,2.72,161.87,91.51,86.85,0.00,0.00,0.00,0.00,0.00,-0.08,385615.00,62.15,65.85,0.00,235687.00,118.84,9.18,0.00,2.14,1.06,4.00,4.45,0.00,80415911273.05,5.08,0.00,0.00,63.93,62.50,59.73,54.23,46.71,66.24,92.91,41.58,73.16,7.97,1.92,2.37,10002423877.64,2284295863.54,2751061048.22
[object Object],PHIA,Koninklijke Philips N.V.,EURONEXT,21.66,stock,common,100.00,1.00,false,0.00,EUR,-0.91,1930915.00,1.34,24699203265.91,USD,18.80,1.32,0.00,3.89,Health services,netherlands,Health Services,Buy,Buy,-0.91,-5.41,-6.84,-2.87,-11.23,-6.44,-8.53,-41.66,-6.61,344.00,2.14,1.80,Sell,Sell,StrongSell,Strong sell,Neutral,Neutral,26.97,-1.48,-0.89,-187.57,5.81,10.27,0.00,0.00,0.00,0.00,0.00,-0.27,1930915.00,71.61,21.66,0.00,1279889.00,0.62,18.80,0.00,1.20,1.85,9.19,10.52,11.73,31330980515.91,1.55,17.02,9.66,22.54,23.04,23.29,23.13,23.82,30.62,38.02,26.96,29.96,1.92,0.42,0.42,21051670435.52,4932475418.75,5150188096.81
[object Object],AKRBP,Aker BP ASA,OSL,364.20,stock,common,10.00,1.00,false,0.00,NOK,1.03,886576.00,1.13,24680063071.67,USD,16.78,2.19,66.91,6.98,Energy minerals,norway,Energy Minerals,Neutral,Neutral,1.03,-0.27,9.57,3.58,15.25,42.21,48.59,55.77,215.05,488.20,1.85,1.74,StrongBuy,Strong buy,StrongBuy,Strong buy,Buy,Buy,66.15,16.30,12.61,124.94,69.76,58.45,0.00,0.00,0.00,0.00,0.00,0.14,886576.00,11.97,364.20,0.00,358176.00,45.17,16.78,0.25,2.00,1.99,2.82,23.20,8.33,32116556020.84,2.80,4.16,3.14,356.32,346.68,336.80,337.03,311.30,34.74,41.12,22.73,34.71,3.07,0.94,0.75,11626631853.14,3651407909.00,3041201131.00
[object Object],VER,VERBUND AG Class A,VIE,61.65,stock,common,100.00,5.00,false,0.00,EUR,1.07,112975.00,0.77,24635055383.03,USD,17.78,3.96,-31.85,5.16,Utilities,austria,Utilities,Sell,Sell,1.07,2.58,6.29,5.75,-6.09,-0.56,-0.88,-34.69,337.54,345.22,2.01,1.76,StrongBuy,Strong buy,StrongBuy,Strong buy,Neutral,Neutral,67.87,2.75,1.62,181.04,85.24,84.76,0.00,0.00,0.00,0.00,0.00,0.00,112975.00,-2.85,61.65,0.00,62134.00,-2.39,17.78,0.00,2.80,2.22,14.72,0.00,239.58,29349371358.03,3.39,14.35,10.65,59.88,58.53,58.36,58.85,60.80,66.77,74.86,63.47,64.81,3.45,0.97,1.02,8207169445.64,0.00,0.00
[object Object],EXPD,"Expeditors International of Washington, Inc.",NYSE,188.31,stock,common,100.00,1.00,false,0.00,USD,1.26,669882.00,0.88,24478536627.13,USD,27.40,6.87,12.14,0.85,Transportation,america,Transportation,Neutral,Neutral,1.26,0.49,5.66,13.49,31.62,26.26,55.24,51.99,265.37,109461.54,1.70,1.83,Buy,Buy,StrongBuy,Strong buy,Neutral,Neutral,58.19,-0.74,4.73,-22.99,42.55,38.69,0.00,185.99,0.02,0.02,1320.00,0.02,669882.00,-23.96,188.31,0.00,193721.00,48.09,27.40,2.23,2.03,11.56,25.44,26.78,23.98,24016744627.13,2.00,20.15,19.27,188.56,183.57,179.33,167.97,159.19,181.00,220.00,100.00,184.00,7.71,1.69,2.11,13060723356.00,2909348116.00,3455814988.00
[object Object],INDU_C,Industrivarden AB Class C,OMXSTO,533.60,stock,common,10.00,2.00,false,0.00,SEK,-1.44,291087.00,0.90,24417509397.02,USD,3.67,14.95,379.35,1.62,Finance,sweden,Finance,Sell,Sell,-1.44,0.68,-3.37,7.80,9.77,28.36,44.02,82.86,241.18,509.83,1.43,1.43,Buy,Buy,Buy,Buy,Neutral,Neutral,50.03,-3.00,-1.55,49.71,64.24,65.17,0.00,0.00,0.00,0.00,0.00,-0.48,291087.00,63.90,0.00,0.00,0.00,43.02,3.67,0.01,24.60,1.03,24.98,24.98,58.66,24661674397.02,25.26,3.80,0.00,535.82,536.78,533.05,514.83,481.69,53.22,59.05,48.07,51.80,9.37,0.00,0.00,841146800.00,0.00,0.00
[object Object],PFG,"Principal Financial Group, Inc.",NASDAQ,114.02,stock,common,100.00,1.00,false,0.00,USD,-0.89,1236235.00,0.87,24412211791.59,USD,16.18,7.05,41.88,2.77,Finance,america,Finance,Neutral,Neutral,-0.89,4.26,1.21,3.86,31.13,29.11,42.88,75.82,132.31,456.20,2.06,1.85,Buy,Buy,StrongBuy,Strong buy,Neutral,Neutral,53.12,2.43,2.38,41.17,52.65,59.08,0.00,0.00,0.00,0.00,0.00,0.00,1236235.00,-7.60,114.02,0.00,305405.00,33.43,16.18,0.39,1.60,2.02,4.98,5.14,0.00,29499511791.59,1.88,0.00,0.00,113.09,113.26,112.48,107.94,99.20,111.09,125.00,92.00,112.00,9.61,2.34,2.52,16305809861.00,4137379648.00,4246400000.00
[object Object],NRG,"NRG Energy, Inc.",NYSE,115.37,stock,common,100.00,1.00,false,0.00,USD,-3.57,2814189.00,1.13,24251982923.12,USD,30.51,3.78,59.99,1.56,Utilities,america,Utilities,Buy,Buy,-3.57,4.41,-2.34,-4.63,-25.34,-28.60,-22.31,155.02,838.73,1114.42,3.75,3.68,Sell,Sell,StrongSell,Strong sell,Neutral,Neutral,46.06,1.76,-6.74,2.69,70.93,55.44,0.00,118.72,-0.77,-0.79,200.00,-0.91,2814189.00,9.45,115.84,0.41,383825.00,-17.82,30.51,0.53,0.77,5.77,15.73,70.28,115.37,48156982923.12,1.45,26.61,13.77,113.83,118.73,126.21,133.22,146.18,194.40,270.00,160.00,190.00,8.89,1.69,3.16,35065847353.00,7311835033.00,9332507759.00
[object Object],ALFA,Alfa Laval AB,OMXSTO,551.80,stock,common,10.00,2.00,false,0.00,SEK,-2.09,702112.00,1.58,24203578392.47,USD,27.83,2.04,2.11,1.60,Producer manufacturing,sweden,Producer Manufacturing,Buy,Buy,-2.09,-1.64,-3.02,4.07,3.84,18.54,25.78,60.17,309.65,2187.25,1.65,1.57,Sell,Sell,StrongSell,Strong sell,Sell,Sell,42.07,-25.40,-6.93,-60.22,29.11,31.40,0.00,0.00,0.00,0.00,0.00,-0.25,702112.00,83.43,0.00,0.00,0.00,28.94,27.83,13.50,3.31,5.02,25.98,38.74,45.83,25913356792.47,3.58,19.72,16.22,563.16,563.53,564.39,554.37,526.84,63.34,72.86,45.94,65.47,2.39,0.57,0.59,7981591428.32,1839889621.61,1938691635.98
[object Object],LISP,Chocoladefabriken Lindt & Spruengli AG Partizipsch.,SIX,8520.00,stock,preferred,1.00,5.00,false,0.00,CHF,0.95,3314.00,0.82,24186627604.57,USD,26.80,393.32,14.88,2.13,Consumer non-durables,switzerland,Consumer Non-Durables,Sell,Sell,0.95,-1.67,-11.06,-7.49,-23.86,-26.87,-33.28,-19.32,50.80,995.12,2.59,1.95,Sell,Sell,StrongSell,Strong sell,Neutral,Neutral,35.90,-570.00,-672.91,-89.86,14.71,11.26,0.00,0.00,0.00,0.00,0.00,-0.41,3314.00,-25.63,8520.00,0.00,1005.00,-28.82,26.80,1.78,3.28,4.45,18.80,25.19,47.55,25959900754.57,3.56,21.59,16.33,8588.50,9070.00,9228.30,9301.30,10384.45,12554.86,16418.85,10740.15,12036.38,407.65,93.11,289.58,7601537099.09,2922674552.19,4569675619.08
[object Object],HUBB,Hubbell Incorporated,NYSE,454.97,stock,common,100.00,1.00,false,0.00,USD,-2.10,443049.00,1.01,24037233973.98,USD,26.94,16.89,9.66,1.22,Producer manufacturing,america,Producer Manufacturing,Buy,Buy,-2.10,2.37,-11.97,-3.37,-3.79,1.62,4.58,130.34,323.78,26540.05,2.25,2.32,StrongSell,Strong sell,StrongSell,Strong sell,Sell,Sell,40.72,-9.22,-23.78,-64.41,43.40,36.70,0.00,463.00,-0.38,-0.38,81.00,-0.47,443049.00,7.14,454.97,0.00,62518.00,4.36,26.94,2.85,3.97,6.15,22.62,26.80,61.21,29210233973.98,4.69,22.48,18.99,458.94,480.02,482.84,492.07,485.96,572.10,630.00,537.00,575.00,20.46,5.39,5.75,6868997074.00,1661981960.00,1845833229.00
[object Object],PPG,"PPG Industries, Inc.",NYSE,107.16,stock,common,100.00,1.00,false,0.00,USD,-2.33,1636441.00,1.22,23821668591.86,USD,15.39,6.96,23.48,2.62,Process industries,america,Process Industries,Buy,Buy,-2.33,-3.12,-8.97,-5.44,5.10,4.01,-3.20,-28.04,0.58,7752.91,2.41,2.04,StrongSell,Strong sell,StrongSell,Strong sell,Sell,Sell,36.29,-6.49,-3.40,-226.36,19.15,26.69,0.00,109.72,0.00,0.00,603.00,-0.66,1636441.00,-28.27,107.16,0.00,390686.00,0.41,15.39,0.67,1.50,2.82,11.09,17.05,15.05,29833668591.86,1.82,13.74,10.90,111.54,113.53,115.24,113.59,111.51,126.95,138.00,115.00,125.50,7.91,2.25,2.14,16779923766.00,4365175209.00,4274385014.00
[object Object],DRI,"Darden Restaurants, Inc.",NYSE,209.42,stock,common,100.00,1.00,false,0.00,USD,-1.64,1203117.00,1.35,23777914269.55,USD,20.16,10.39,17.07,2.87,Consumer services,america,Consumer Services,Buy,Buy,-1.64,-2.79,-2.40,2.02,3.98,13.48,-0.13,42.87,232.73,3498.09,1.87,2.39,Sell,Sell,Sell,Sell,Neutral,Neutral,43.57,-10.99,2.03,-164.74,16.87,30.57,0.00,0.00,0.00,0.00,0.00,-0.87,1203117.00,26.85,209.74,0.15,276718.00,2.88,20.16,1.20,1.86,10.82,13.02,22.08,106.00,31560914269.55,2.39,19.63,14.55,215.27,216.16,209.68,205.53,201.68,234.17,276.00,200.00,235.00,11.28,3.63,2.05,13690945280.00,3728344665.00,3207157439.00
[object Object],TEF,Telefonica SA,BME,3.57,stock,common,1000.00,1.00,false,0.00,EUR,-1.38,8399924.00,1.05,23775844670.66,USD,0.00,-0.67,-40.72,6.71,Communications,spain,Communications,Neutral,Neutral,-1.38,-1.65,-2.91,-9.27,1.53,2.00,-21.47,-15.08,-63.24,-83.63,1.54,1.43,Sell,Sell,StrongSell,Strong sell,Neutral,Neutral,41.81,-0.04,-0.01,-153.11,29.00,49.15,0.00,0.00,0.00,0.00,0.00,-0.39,8399924.00,14.22,0.00,0.00,0.00,-18.92,0.00,-0.15,0.59,2.82,2.27,4.96,3.43,78442380820.66,1.99,40.24,7.61,3.63,3.65,3.62,3.74,3.67,4.61,5.70,3.60,4.56,0.38,0.13,0.14,39236300561.17,9409929023.04,9712143345.19
[object Object],BG,Bunge Global SA,NYSE,123.50,stock,common,100.00,1.00,false,0.00,USD,-0.31,2166320.00,1.21,23726711865.48,USD,23.95,5.16,-48.49,2.29,Process industries,america,Process Industries,StrongBuy,Strong buy,-0.31,2.75,13.05,-4.39,-2.24,38.45,46.15,61.69,92.58,671.88,3.30,3.34,Buy,Buy,StrongBuy,Strong buy,Neutral,Neutral,62.87,11.79,7.66,157.49,80.71,79.98,"tweezer_top_bearish,spinning_top_black",125.00,0.90,0.90,100.00,0.29,2166320.00,-21.77,123.50,0.00,794568.00,45.24,23.95,0.00,0.26,1.49,22.40,0.00,28.86,41204711865.48,0.45,20.46,13.85,118.66,113.30,114.19,118.48,114.48,144.20,150.00,135.00,143.50,9.52,1.97,2.46,92506973884.00,22814120572.00,23204191928.00
[object Object],WST,"West Pharmaceutical Services, Inc.",NYSE,336.94,stock,common,100.00,1.00,false,0.00,USD,-0.24,470311.00,1.09,23712409565.02,USD,43.07,7.82,17.18,0.26,Health technology,america,Health Technology,StrongBuy,Strong buy,-0.24,-0.56,-4.79,2.70,43.64,22.41,33.32,-28.48,305.76,30272.06,1.53,1.89,Sell,Sell,Sell,Sell,Neutral,Neutral,40.04,-11.54,-5.67,-113.78,14.40,20.04,0.00,338.00,0.07,0.00,5861.00,-0.04,470311.00,-19.05,336.94,0.00,107394.00,34.70,43.07,2.51,7.24,7.93,36.28,54.99,55.13,23593109565.02,7.09,32.28,25.86,341.33,346.26,349.50,332.02,294.51,409.73,459.00,365.00,410.00,8.97,2.08,2.19,3374001137.00,839979158.00,825979558.00
[object Object],NXT,Next plc,LSE,15000.00,stock,common,1.00,5.00,false,0.00,GBX,-1.61,681156.00,2.60,23550776533.15,USD,20.12,10.20,23.13,1.61,Consumer non-durables,uk,Consumer Non-Durables,Buy,Buy,-1.61,-2.15,-4.15,7.49,18.34,9.49,21.80,91.18,168.58,5852.38,2.00,2.15,Sell,Sell,Sell,Sell,Sell,Sell,43.93,-635.00,-15.11,-84.57,70.93,74.91,0.00,0.00,0.00,0.00,0.00,-0.52,681156.00,47.67,15000.00,0.00,150671.00,25.90,20.12,0.88,2.63,10.55,15.66,17.77,173.94,26019331063.15,2.76,14.83,11.80,15361.00,15304.17,15079.50,14278.00,13800.40,216.84,252.84,162.25,216.34,11.14,5.44,4.85,9939136145.83,4556710872.00,4395886863.12
[object Object],CHTR,"Charter Communications, Inc. Class A",NASDAQ,133.89,stock,common,100.00,1.00,false,0.00,USD,-8.13,4056732.00,1.74,23446173099.07,USD,3.48,38.49,4.73,0.00,Consumer services,america,Consumer Services,Neutral,Neutral,-8.13,-9.33,-11.35,-2.75,-38.47,-36.08,-49.02,-83.28,-51.52,266.86,5.64,4.92,StrongSell,Strong sell,StrongSell,Strong sell,Sell,Sell,39.46,-21.25,2.31,-287.65,17.72,36.93,marubozu_black_bearish,145.50,-0.16,0.18,230.00,0.03,4056732.00,101.93,135.00,0.83,350400.00,-30.09,3.48,0.80,0.32,0.94,0.99,3.73,27.10,122910173099.07,2.26,9.42,5.64,149.64,150.31,143.27,149.27,181.59,214.44,700.00,101.00,150.00,41.12,9.98,9.85,54264471093.00,13511802841.00,13547149703.00
[object Object],UNI,UNIPOL ASSICURAZIONI SPA,MIL,28.05,stock,common,100.00,1.00,false,0.00,EUR,-0.18,724711.00,0.79,23413116113.84,USD,11.40,2.81,51.57,3.99,Finance,italy,Finance,StrongBuy,Strong buy,-0.18,0.14,-0.81,21.01,46.09,36.36,61.86,468.97,960.89,-51.94,1.66,2.05,Neutral,Neutral,Neutral,Neutral,Neutral,Neutral,50.83,-0.41,0.04,-85.52,54.61,55.09,0.00,0.00,0.00,0.00,0.00,-0.64,724711.00,-6.62,0.00,0.00,0.00,63.37,11.40,0.22,1.32,1.75,4.77,5.60,0.00,28053616513.84,1.61,0.00,0.00,28.20,28.28,27.51,25.03,22.51,36.79,39.12,33.87,37.37,2.54,0.00,0.00,20748423856.00,10321938280.00,0.00
[object Object],VACN,VAT Group AG,SIX,617.60,stock,common,10.00,2.00,false,0.00,CHF,-2.00,48649.00,0.87,23348100907.26,USD,89.33,8.55,-7.14,1.11,Producer manufacturing,switzerland,Producer Manufacturing,Buy,Buy,-2.00,5.79,-1.87,-1.94,20.44,54.01,114.82,57.63,751.86,1087.69,2.75,2.62,Neutral,Neutral,Buy,Buy,Neutral,Neutral,49.59,9.20,-3.18,19.56,87.98,77.47,0.00,0.00,0.00,0.00,0.00,-0.41,48649.00,-1.09,617.60,0.00,26343.00,130.34,89.33,0.00,18.42,27.02,69.68,79.29,160.78,23695911975.26,18.64,75.74,62.84,608.60,617.28,636.40,629.60,550.02,898.87,1049.75,748.41,920.08,13.48,4.01,7.36,1681772960.62,630364521.49,987058435.55
[object Object],CASY,"Casey's General Stores, Inc.",NASDAQ,629.03,stock,common,100.00,1.00,false,0.00,USD,-14.24,2580300.00,5.96,23277200322.02,USD,30.28,20.77,33.36,0.32,Retail trade,america,Retail Trade,Buy,Buy,-14.24,-17.63,-23.78,-31.57,-7.75,13.99,22.32,225.62,419.04,50222.16,4.15,3.25,StrongSell,Strong sell,StrongSell,Strong sell,Sell,Sell,20.01,-195.89,-95.75,-239.42,8.81,9.63,"doji_star_bullish,falling_window_bearish,long_lower_shadow_bullish",625.86,-14.67,-8.32,40496.00,-14.45,2580300.00,174.88,628.96,-0.01,85359.00,50.12,30.28,1.06,1.46,5.68,16.82,36.00,44.58,25641289322.02,1.37,23.36,16.50,747.57,814.66,822.80,821.21,728.40,927.22,1069.00,750.00,938.50,21.41,6.78,6.28,20500397370.00,5561206065.00,5345137122.00
[object Object],NN,NN Group N.V.,EURONEXT,76.38,stock,common,100.00,2.00,false,0.00,EUR,-3.68,1199705.00,2.58,23216956700.74,USD,11.26,7.74,44.63,5.11,Finance,netherlands,Finance,Buy,Buy,-3.68,-2.13,-3.56,6.05,14.96,16.08,31.10,74.11,178.25,263.71,1.52,1.36,Sell,Sell,Sell,Sell,Neutral,Neutral,39.79,-1.20,0.09,-84.87,59.44,78.83,0.00,0.00,0.00,0.00,0.00,-2.62,1199705.00,226.01,76.38,0.00,474119.00,33.36,11.26,0.26,0.88,1.04,0.00,0.00,0.00,40617670750.74,1.50,0.00,0.00,78.47,78.75,78.39,76.30,71.61,96.06,113.32,86.00,93.56,9.95,4.21,4.43,17403654278.00,9093081720.00,7199052850.00
[object Object],KEY,KeyCorp,NYSE,21.73,stock,common,100.00,1.00,false,0.00,USD,-0.28,12744986.00,1.38,23188704148.91,USD,12.64,1.72,0.00,3.76,Finance,america,Finance,Buy,Buy,-0.28,1.83,-3.98,-1.72,12.36,5.33,13.59,10.30,75.24,1175.89,1.50,1.71,Sell,Sell,StrongSell,Strong sell,Neutral,Neutral,42.23,-0.16,-0.50,-66.91,45.40,43.08,0.00,21.79,0.00,-0.18,913.00,-0.46,12744986.00,7.54,21.73,0.00,1318256.00,11.96,12.64,0.00,3.07,1.35,26.88,30.84,0.00,38636704148.91,3.49,0.00,0.00,21.85,22.34,22.66,22.27,21.46,25.14,28.00,22.00,25.00,1.83,0.42,0.46,8061603272.00,1970203195.00,2036289694.00
[object Object],ULTA,Ulta Beauty Inc.,NASDAQ,541.86,stock,common,100.00,1.00,false,0.00,USD,-1.34,475857.00,0.56,23168563491.26,USD,19.74,27.45,5.20,0.00,Retail trade,america,Retail Trade,Buy,Buy,-1.34,-0.70,-3.41,15.12,-4.31,-10.60,5.24,44.04,121.23,1542.00,2.70,3.34,Buy,Buy,Buy,Buy,Neutral,Neutral,53.85,4.64,27.13,57.73,74.65,82.27,0.00,0.00,0.00,0.00,0.00,-0.97,475857.00,-24.46,541.86,0.00,104246.00,-0.93,19.74,3.85,1.83,8.77,14.89,20.31,109.32,25479143491.26,1.97,15.61,13.05,544.76,533.52,508.54,505.79,556.73,635.04,731.00,450.00,645.00,28.99,6.22,5.62,13277255197.00,2988196506.00,2986536871.00
[object Object],VRSK,"Verisk Analytics, Inc.",NASDAQ,177.99,stock,common,100.00,1.00,false,0.00,USD,1.42,1202393.00,1.02,23166470923.98,USD,27.35,6.51,0.38,1.08,Technology services,america,Technology Services,Buy,Buy,1.42,-7.87,-1.61,-2.35,-10.71,-19.80,-34.76,-13.74,113.31,559.22,3.59,3.11,Sell,Sell,StrongSell,Strong sell,Neutral,Neutral,39.81,-10.50,-5.61,-137.81,22.07,39.03,0.00,177.20,0.97,0.97,147.00,0.00,1202393.00,-28.55,178.20,0.12,203317.00,-34.70,27.35,71.36,7.32,0.00,15.49,18.84,42.18,27231370923.98,8.68,19.38,15.73,187.68,188.19,190.41,183.23,194.10,237.29,263.00,195.00,235.00,7.71,1.93,1.93,3219582699.00,804019081.00,806282494.00
[object Object],AMUN,Amundi SA,EURONEXT,94.75,stock,common,100.00,5.00,false,0.00,EUR,-1.92,183209.00,0.91,23103568802.90,USD,14.27,7.58,-18.98,4.40,Finance,france,Finance,Buy,Buy,-1.92,1.66,-0.94,17.26,28.74,34.02,50.16,18.07,112.60,116.78,2.15,1.55,Neutral,Neutral,Neutral,Neutral,Sell,Sell,51.25,-0.20,1.55,-12.64,55.78,70.91,0.00,0.00,0.00,0.00,0.00,-0.62,183209.00,49.99,94.75,0.00,114508.00,52.65,14.27,0.00,2.73,1.53,7.49,7.81,6.95,22583411951.20,2.78,12.06,11.31,95.29,95.35,92.51,87.89,80.91,111.12,127.75,95.23,112.65,8.96,0.00,0.00,4255617331.66,0.00,0.00
[object Object],VLTO,Veralto Corporation,NYSE,94.72,stock,common,100.00,1.00,false,0.00,USD,-0.85,1579113.00,1.00,23092105837.84,USD,23.87,3.97,11.10,0.52,Producer manufacturing,america,Producer Manufacturing,Buy,Buy,-0.85,-2.38,-3.13,14.12,4.54,-4.54,-11.04,22.61,22.61,22.61,1.49,1.75,Sell,Sell,Sell,Sell,Sell,Sell,41.43,-4.05,-0.32,-185.84,9.14,17.32,0.00,95.51,-0.02,-0.02,251.00,-0.39,1579113.00,-2.67,94.72,0.00,377374.00,-9.11,23.87,2.17,4.12,7.47,21.11,22.24,10.99,24353105837.84,4.28,18.81,17.55,97.29,97.39,95.40,90.76,93.40,113.79,136.00,100.00,112.50,4.38,1.01,1.09,5910324308.00,1454912600.00,1497820250.00
[object Object],GPN,Global Payments Inc.,NYSE,87.02,stock,common,100.00,1.00,false,0.00,USD,-2.68,2566702.00,1.04,23027090754.56,USD,27.30,3.19,-44.26,1.12,Finance,america,Finance,Buy,Buy,-2.68,-3.62,1.54,38.61,22.74,12.14,-0.11,-48.87,14.20,2220.53,3.26,3.03,Sell,Sell,Sell,Sell,Sell,Sell,44.30,-6.80,2.10,-198.63,16.73,29.16,marubozu_black_bearish,88.88,-0.60,-0.30,500.00,-0.46,2566702.00,-2.70,87.02,0.00,781069.00,16.68,27.30,0.00,2.37,1.00,14.18,28.57,4.13,41748229754.56,4.10,19.90,9.07,91.22,90.06,85.35,77.32,75.83,103.22,194.00,70.00,95.00,13.65,3.44,3.59,12356464131.00,3163650887.00,3181789448.00
[object Object],TROW,"T. Rowe Price Group, Inc.",NASDAQ,107.74,stock,common,100.00,1.00,false,0.00,USD,-1.54,1218829.00,1.04,22982648396.99,USD,10.81,9.97,11.48,4.70,Finance,america,Finance,Sell,Sell,-1.54,-1.42,-5.18,0.80,21.04,5.14,0.07,-50.25,55.87,13289.04,1.58,1.76,Sell,Sell,StrongSell,Strong sell,Sell,Sell,35.86,-5.13,-3.41,-164.93,13.39,22.50,0.00,0.00,0.00,0.00,0.00,0.04,1218829.00,-10.66,107.74,0.00,341603.00,0.78,10.81,0.96,3.09,2.09,7.49,8.18,7.14,21568148396.99,2.84,7.69,6.71,110.36,112.27,114.33,109.27,103.74,107.17,124.00,90.00,108.50,10.21,2.51,2.67,7756480471.00,1894552550.00,1982654664.00
[object Object],FFIV,"F5, Inc.",NASDAQ,404.63,stock,common,100.00,1.00,false,0.00,USD,3.85,661387.00,1.50,22913056368.27,USD,32.23,12.55,10.69,0.00,Technology services,america,Technology Services,Buy,Buy,3.85,1.52,0.19,3.50,41.53,58.16,26.50,99.99,236.49,7795.22,2.32,2.93,StrongBuy,Strong buy,StrongBuy,Strong buy,Buy,Buy,53.64,21.88,-6.38,32.11,49.25,41.79,0.00,390.00,0.10,0.10,200.00,0.29,661387.00,87.32,404.63,0.00,164164.00,24.74,32.23,2.90,6.78,5.96,22.19,24.02,14.50,21559654368.27,6.51,26.10,22.30,397.49,398.62,404.44,385.33,328.92,440.11,515.00,300.00,461.00,17.33,4.00,4.26,3383164575.00,834595474.00,884034506.00
[object Object],EMSN,EMS-CHEMIE HOLDING AG,SIX,795.50,stock,common,10.00,5.00,false,0.00,CHF,0.82,13297.00,1.04,22796154577.31,USD,39.22,25.09,2.71,2.33,Process industries,switzerland,Process Industries,Neutral,Neutral,0.82,0.57,-4.04,14.96,26.27,44.11,29.77,-18.66,54.62,674.21,1.28,1.58,Buy,Buy,StrongBuy,Strong buy,Neutral,Neutral,57.16,24.50,-6.96,81.98,71.49,68.78,0.00,0.00,0.00,0.00,0.00,-0.38,13297.00,133.73,795.50,0.00,9230.00,30.59,39.22,14.36,9.51,8.87,32.00,33.53,21.96,21793491214.51,9.08,30.38,27.79,788.40,795.58,776.26,730.53,664.86,901.19,1055.48,773.20,920.48,27.06,13.36,0.00,2487425249.21,1220399150.00,1145617220.00
[object Object],SGSN,SGS SA,SIX,92.06,stock,common,100.00,2.00,false,0.00,CHF,-0.80,300649.00,0.96,22792964563.29,USD,27.13,4.20,2.64,3.45,Commercial services,switzerland,Commercial Services,Buy,Buy,-0.80,0.17,-5.19,2.65,2.31,1.59,5.91,-19.72,7.75,369.69,1.88,1.27,Sell,Sell,Sell,Sell,Sell,Sell,42.61,-1.52,-2.63,-49.68,50.23,34.61,0.00,0.00,0.00,0.00,0.00,-0.50,300649.00,3.24,92.06,0.00,164416.00,16.21,27.13,10.34,2.52,18.06,14.38,18.13,13.88,27773694163.29,3.12,20.79,14.21,92.36,94.10,94.44,91.34,91.12,127.43,148.45,103.54,130.99,5.20,2.16,2.97,9608470368.64,4530313807.25,5032307080.90
[object Object],IHG,InterContinental Hotels Group PLC,LSE,153.55,stock,common,100.00,5.00,false,0.00,USD,-1.00,233465.00,0.50,22791751359.00,USD,32.63,4.71,-0.31,1.22,Consumer services,uk,Consumer Services,Neutral,Neutral,-1.00,-2.51,-2.69,-4.92,17.71,9.68,24.43,153.29,221.25,1722.41,2.05,2.32,Sell,Sell,StrongSell,Strong sell,Neutral,Neutral,38.68,-9.40,-1.60,-222.13,8.30,17.15,0.00,0.00,0.00,0.00,0.00,-0.71,233465.00,-34.04,153.55,0.00,124514.00,28.91,32.63,0.00,4.40,0.00,24.66,25.38,27.92,26505751359.01,4.97,21.10,19.01,158.99,159.29,160.06,158.12,147.54,166.31,195.00,133.00,172.50,5.76,2.65,2.99,5546189543.00,2702650000.00,2930000000.00
[object Object],EDP,EDP S.A.,EURONEXT,4.72,stock,common,1000.00,1.00,false,0.00,EUR,-0.42,8409137.00,1.16,22791495291.66,USD,16.69,0.32,57.72,4.32,Utilities,portugal,Utilities,Buy,Buy,-0.42,0.19,5.47,6.68,7.36,20.51,25.27,0.68,65.25,106.29,1.82,1.54,StrongBuy,Strong buy,StrongBuy,Strong buy,Buy,Buy,59.62,0.03,0.09,139.20,58.69,49.22,"long_upper_shadow_bearish,shooting_star_bearish",0.00,0.00,0.00,0.00,0.02,8409137.00,32.19,4.72,0.00,3231212.00,25.39,16.69,0.29,1.22,1.70,7.08,0.00,6.03,52627958785.21,2.87,17.48,9.73,4.69,4.60,4.57,4.51,4.37,6.11,6.97,5.23,6.16,0.38,0.09,0.08,18577654014.48,4313477250.76,4608411583.85
[object Object],TPR,"Tapestry, Inc.",NYSE,113.71,stock,common,100.00,1.00,false,0.00,USD,-3.29,5248300.00,1.55,22672828041.69,USD,15.62,7.28,1049.79,1.36,Retail trade,america,Retail Trade,Buy,Buy,-3.29,-7.46,-29.60,-20.22,-20.78,-12.00,8.48,186.13,199.47,4448.40,3.27,3.07,StrongSell,Strong sell,StrongSell,Strong sell,Sell,Sell,25.09,-16.41,-17.40,-164.47,5.55,10.45,0.00,116.84,-0.63,-0.28,733.00,-0.66,5248300.00,51.73,114.00,0.26,871652.00,12.97,15.62,0.02,3.04,32.93,11.90,12.99,20.44,25473828041.69,3.18,13.27,11.93,122.37,137.52,139.54,140.89,138.47,172.61,232.00,140.00,169.50,7.98,1.28,1.56,8559742918.00,1873166798.00,1846630875.00
[object Object],CCH,Coca-Cola HBC AG,LSE,4456.00,stock,common,1.00,2.00,false,0.00,GBX,-2.92,427062.00,0.55,22639253224.06,USD,18.76,3.15,12.70,2.26,Consumer non-durables,uk,Consumer Non-Durables,Buy,Buy,-2.92,-2.71,-9.43,-1.28,-0.09,15.74,18.89,74.54,169.24,154.63,2.04,1.75,Sell,Sell,StrongSell,Strong sell,Neutral,Neutral,39.49,-146.00,-175.44,-103.38,51.79,55.91,0.00,0.00,0.00,0.00,0.00,-1.31,427062.00,-60.19,4456.00,0.00,208246.00,22.65,18.76,1.52,1.57,4.59,11.78,25.20,3.92,24338085549.62,1.73,15.10,11.41,4560.60,4678.40,4791.68,4586.66,4372.79,70.25,77.31,52.14,73.24,3.38,1.64,1.69,14478445412.00,7038674297.93,7305387188.40
[object Object],CHD,"Church & Dwight Co., Inc.",NYSE,95.19,stock,common,100.00,1.00,false,0.00,USD,-1.40,2409175.00,1.41,22579439759.64,USD,30.63,3.11,46.59,1.26,Consumer non-durables,america,Consumer Non-Durables,Buy,Buy,-1.40,-4.22,-7.00,-2.88,-5.04,13.97,0.87,12.39,94.19,38451.73,1.48,1.85,Sell,Sell,StrongSell,Strong sell,Neutral,Neutral,33.98,-7.37,-2.22,-198.93,16.53,25.50,"doji_star_bullish,falling_window_bearish",96.52,-0.02,0.66,703.00,-1.34,2409175.00,18.58,95.19,0.00,464002.00,3.68,30.63,0.67,3.69,5.19,17.99,20.33,88.99,24752939759.64,3.97,22.75,18.89,99.39,100.36,99.16,97.49,95.05,107.12,115.00,86.00,110.00,3.78,0.90,0.90,6233626359.00,1502775746.00,1577349850.00
[object Object],EXE,Expand Energy Corporation,NASDAQ,96.62,stock,common,100.00,1.00,false,0.00,USD,-1.60,2042827.00,0.98,22367896183.80,USD,8.34,11.59,2897.49,2.34,Energy minerals,america,Energy Minerals,StrongBuy,Strong buy,-1.60,-3.18,2.75,9.15,-10.31,-12.15,2.19,58.94,124.70,124.70,2.13,2.08,Neutral,Neutral,Sell,Sell,Neutral,Neutral,51.95,1.96,3.34,10.72,59.90,71.08,0.00,98.28,0.09,0.53,8382.00,0.14,2042827.00,-6.80,96.63,0.01,436025.00,-0.55,8.34,0.00,1.86,1.17,4.07,9.30,16.86,24729896183.80,1.96,9.12,4.38,98.20,95.82,93.21,93.57,100.88,125.15,160.00,93.00,123.00,9.00,1.13,1.44,13351754518.00,3047952332.00,2905402989.00
[object Object],PHM,"PulteGroup, Inc.",NYSE,118.93,stock,common,100.00,1.00,false,0.00,USD,-0.95,1960610.00,1.64,22293731140.05,USD,12.15,9.79,-26.81,0.83,Consumer durables,america,Consumer Durables,Buy,Buy,-0.95,-4.07,-10.15,-0.23,-2.48,0.41,-15.33,140.80,464.45,73559.57,2.55,2.16,StrongSell,Strong sell,StrongSell,Strong sell,Sell,Sell,35.57,-11.93,-5.54,-202.26,8.39,10.21,spinning_top_black,0.00,0.00,0.00,0.00,-0.20,1960610.00,37.73,118.93,0.00,357142.00,-11.83,12.15,0.00,1.39,1.72,13.69,14.70,16.46,23344570140.05,1.42,9.14,8.75,124.62,128.16,128.06,124.77,125.28,141.14,166.00,100.00,145.50,10.15,2.36,2.66,16393607115.00,3942035239.00,4174187162.00
[object Object],FORTUM,Fortum Oyj,OMXHEX,24.74,stock,common,100.00,1.00,false,0.00,EUR,15.82,4442528.00,4.33,22279016296.66,USD,26.81,1.05,-12.20,3.46,Utilities,finland,Utilities,Sell,Sell,15.82,17.03,27.82,20.98,17.31,35.93,67.11,-6.15,80.45,444.93,5.58,2.78,StrongBuy,Strong buy,StrongBuy,Strong buy,Buy,Buy,82.85,4.50,1.25,342.36,94.04,85.88,rising_window_bullish,0.00,0.00,0.00,0.00,0.66,4442528.00,445.65,0.00,0.00,0.00,43.64,26.81,0.00,3.49,2.73,25.72,49.88,10.56,24424898996.66,3.90,21.94,16.50,21.25,20.26,20.15,20.39,20.03,21.05,25.44,16.88,20.70,1.19,0.14,0.13,6713414147.79,1143519409.92,1150871665.54
[object Object],BRO,"Brown & Brown, Inc.",NYSE,66.53,stock,common,100.00,1.00,false,0.00,USD,-2.42,1741555.00,1.06,22261626789.44,USD,21.04,3.16,-8.81,0.97,Finance,america,Finance,Neutral,Neutral,-2.42,-8.41,-5.87,8.83,-2.86,-16.60,-30.07,13.47,252.20,37322.66,2.08,2.20,StrongSell,Strong sell,StrongSell,Strong sell,Sell,Sell,36.19,-6.81,-0.37,-227.54,14.35,33.84,falling_window_bearish,68.01,-0.25,-0.44,812.00,-0.48,1741555.00,-32.22,66.53,0.00,361868.00,-23.31,21.04,0.00,3.35,1.74,14.62,15.37,24.21,29434626789.44,4.33,14.70,11.75,71.24,71.47,70.16,64.93,69.33,76.69,90.00,60.00,77.00,4.49,1.08,1.09,6992594740.00,1714149067.00,1764822750.00
[object Object],MTX,MTU Aero Engines AG,XETR,343.70,stock,common,10.00,1.00,false,0.00,EUR,-3.18,133479.00,1.10,22230485933.02,USD,20.07,19.55,10.74,1.01,Electronic technology,germany,Electronic Technology,Buy,Buy,-3.18,0.73,-6.78,15.57,1.09,-3.56,-5.42,81.56,281.97,1470.12,2.65,2.29,Sell,Sell,StrongSell,Strong sell,Sell,Sell,40.48,-22.00,-13.61,-77.56,36.60,33.10,0.00,0.00,0.00,0.00,0.00,-1.66,133479.00,47.67,344.00,0.09,84660.00,-9.34,20.07,1.93,2.11,4.08,18.58,33.23,14.57,23762595033.02,2.25,17.11,13.04,349.95,362.56,358.99,334.35,345.37,477.07,615.50,371.62,487.75,22.02,0.00,0.00,11395702202.23,0.00,0.00
[object Object],L,Loews Corporation,NYSE,108.68,stock,common,100.00,1.00,false,0.00,USD,0.40,716347.00,0.91,22217204513.22,USD,13.31,8.16,29.80,0.23,Finance,america,Finance,NoRating,No rating,0.40,-0.70,-4.01,0.13,0.02,3.50,13.49,98.18,162.13,54954.89,1.18,1.36,Sell,Sell,StrongSell,Strong sell,Neutral,Neutral,37.31,-2.13,-3.83,-108.71,21.04,22.92,"engulfing_bullish,downside_tasuki_gap_bearish",108.25,0.00,0.00,200.00,-0.55,716347.00,-17.01,108.68,0.00,180288.00,10.82,13.31,0.44,1.19,1.16,6.27,8.12,0.00,32070204513.22,1.72,0.00,0.00,109.27,112.27,113.56,110.83,108.86,0.00,0.00,0.00,0.00,0.00,0.00,0.00,21903000000.00,0.00,0.00
[object Object],DLTR,"Dollar Tree, Inc.",NASDAQ,118.39,stock,common,100.00,1.00,false,0.00,USD,-4.55,3798665.00,1.42,22213550765.55,USD,14.46,8.19,0.00,0.00,Retail trade,america,Retail Trade,Neutral,Neutral,-4.55,-10.19,-8.32,7.59,5.45,-3.51,19.59,27.15,43.42,10029.60,3.44,3.50,Sell,Sell,StrongSell,Strong sell,Sell,Sell,35.59,-16.09,0.11,-265.32,34.36,53.77,falling_window_bearish,123.30,-0.60,-0.35,3437.00,-0.78,3798665.00,33.36,118.50,0.09,761741.00,18.93,14.46,0.00,1.18,6.49,7.25,11.42,21.36,28826250765.55,1.44,13.62,10.27,128.25,129.49,127.23,115.39,117.32,137.33,170.00,98.00,141.00,7.88,1.15,0.93,20684538130.00,4860972016.00,5040724548.00
[object Object],HEIO,Heineken Holding N.V.,EURONEXT,67.00,stock,common,100.00,5.00,false,0.00,EUR,-2.47,171004.00,1.16,22168170100.39,USD,15.80,4.84,26.48,2.79,Consumer non-durables,netherlands,Consumer Non-Durables,Buy,Buy,-2.47,-0.81,-7.52,5.51,3.55,7.03,13.18,-12.02,-6.24,177.78,1.63,1.48,Sell,Sell,StrongSell,Strong sell,Sell,Sell,40.71,-1.15,-1.92,-110.59,33.50,41.78,marubozu_black_bearish,0.00,0.00,0.00,0.00,-0.87,171004.00,26.54,67.00,0.00,96983.00,13.46,15.80,0.61,0.64,1.90,3.18,4.65,6.49,57028883150.39,1.70,14.08,8.39,67.89,69.67,69.89,66.17,65.09,113.28,136.63,92.26,110.94,6.47,0.00,0.00,36439275167.27,0.00,0.00
[object Object],EIX,Edison International,NYSE,57.44,stock,common,100.00,1.00,false,0.00,USD,-3.19,4953118.00,0.51,22103714822.99,USD,5.92,9.71,42.64,5.83,Utilities,america,Utilities,Neutral,Neutral,-3.19,1.16,-15.63,-20.22,-20.28,-4.85,7.69,-1.90,-21.95,544.94,3.66,4.29,StrongSell,Strong sell,StrongSell,Strong sell,Sell,Sell,35.36,-17.34,-13.01,-80.20,22.85,19.80,0.00,59.65,0.54,0.12,6352.00,0.27,4953118.00,-23.63,57.74,0.52,1114825.00,-0.29,5.92,0.14,1.18,1.27,3.48,0.00,91.86,67048714822.99,3.45,11.55,7.34,61.62,68.53,71.86,71.34,68.49,67.23,86.00,50.00,65.00,6.13,1.18,2.01,19099024887.00,4819875678.00,5460313399.00
[object Object],KRX,Kingspan Group PLC,EURONEXT,104.10,stock,common,10.00,1.00,false,0.00,EUR,-1.14,336766.00,1.21,22085562195.33,USD,27.71,4.29,1.91,0.52,Non-energy minerals,ireland,Non-Energy Minerals,StrongBuy,Strong buy,-1.14,3.27,7.88,29.40,40.20,40.49,46.11,11.03,324.03,3843.18,2.88,2.59,Buy,Buy,StrongBuy,Strong buy,Sell,Sell,65.76,1.30,8.10,138.16,78.10,75.63,dark_cloud_cover_bearish,0.00,0.00,0.00,0.00,0.95,336766.00,51.59,104.10,0.00,167222.00,48.56,27.71,14.70,2.00,3.94,18.74,29.86,31.73,24841266165.33,2.28,23.01,17.11,102.83,97.38,89.46,84.43,79.92,143.16,174.37,110.43,141.82,5.12,2.02,2.94,12026645502.38,5433037525.56,6260937682.02
[object Object],SW,Smurfit Westrock PLC,NYSE,42.20,stock,common,100.00,1.00,false,0.00,USD,-4.65,3150456.00,0.72,22065921721.92,USD,44.87,0.94,42.25,4.04,Process industries,america,Process Industries,StrongBuy,Strong buy,-4.65,-7.21,-11.79,9.23,4.92,8.65,-9.19,-19.16,-8.18,230.98,3.45,3.02,StrongSell,Strong sell,StrongSell,Strong sell,Sell,Sell,32.35,-7.23,-2.66,-196.30,8.05,11.48,"falling_window_bearish,marubozu_black_bearish",0.00,0.00,0.00,0.00,-0.16,3150456.00,-17.10,42.20,0.00,644528.00,-2.94,44.87,1.11,0.74,1.23,6.61,21.13,32.79,35576921722.01,1.14,19.72,7.83,46.17,47.59,46.57,43.91,42.51,56.84,68.00,46.00,57.00,2.21,0.40,0.62,32210991744.00,7932594337.00,8261551108.00
[object Object],BIRG,Bank of Ireland Group PLC,EURONEXT,19.90,stock,common,100.00,1.00,false,0.00,EUR,-1.19,3766420.00,2.20,21880939570.81,USD,14.71,1.55,13.90,3.48,Finance,ireland,Finance,Buy,Buy,-1.19,3.54,5.35,15.70,28.97,22.09,51.91,301.37,180.28,180.28,1.67,1.84,Buy,Buy,StrongBuy,Strong buy,Sell,Sell,64.60,0.88,0.91,112.34,91.05,94.15,long_lower_shadow_bullish,0.00,0.00,0.00,0.00,-1.19,3766420.00,73.19,19.90,0.00,1560208.00,47.83,14.71,1.07,2.82,1.59,3.34,3.43,0.00,12991684420.81,1.36,0.00,0.00,19.50,19.06,18.56,17.87,17.08,23.95,26.61,18.60,24.20,1.93,0.80,1.07,5159644045.68,2398219026.67,2572778513.10
[object Object],ENTG,"Entegris, Inc.",NASDAQ,143.03,stock,common,100.00,1.00,false,0.00,USD,1.38,1643246.00,0.83,21854983869.23,USD,71.63,2.00,2.65,0.28,Producer manufacturing,america,Producer Manufacturing,Buy,Buy,1.38,10.31,-6.16,6.74,28.05,66.01,74.41,19.27,734.97,1215.22,3.34,4.02,Buy,Buy,StrongBuy,Strong buy,Neutral,Neutral,52.11,4.16,-4.11,-16.75,60.09,39.98,0.00,139.08,-1.42,0.37,1116.00,-0.43,1643246.00,3.69,143.54,0.36,343585.00,66.52,71.63,26.69,6.52,5.25,28.14,38.19,62.13,25061383869.23,7.53,44.10,27.08,137.24,140.99,140.82,143.87,126.85,175.20,215.00,120.00,174.00,3.92,0.82,1.02,3561960629.00,835789431.00,921955400.00
[object Object],MTSI,"MACOM Technology Solutions Holdings, Inc.",NASDAQ,286.12,stock,common,100.00,1.00,false,0.00,USD,4.12,1921107.00,1.81,21851248348.82,USD,92.02,3.11,0.00,0.00,Electronic technology,america,Electronic Technology,Buy,Buy,4.12,9.91,-9.10,-21.81,29.84,63.70,119.57,359.41,596.83,1398.01,4.17,4.46,Buy,Buy,StrongBuy,Strong buy,Buy,Buy,53.65,19.85,-9.38,14.79,60.69,38.22,0.00,274.80,0.00,3.24,14584.00,-0.08,1921107.00,35.48,285.00,-0.39,210588.00,102.91,92.02,0.00,18.51,14.18,82.73,109.93,33.84,21602269348.82,18.56,102.46,78.51,268.83,276.69,284.94,316.92,264.79,395.33,475.00,300.00,380.00,5.51,1.35,2.00,1324154557.00,336081403.00,420154023.00
[object Object],GEBN,Geberit AG,SIX,551.20,stock,common,10.00,2.00,false,0.00,CHF,-2.96,66427.00,1.02,21829089800.85,USD,29.23,23.33,6.58,2.27,Industrial services,switzerland,Industrial Services,Neutral,Neutral,-2.96,-1.75,-1.57,10.59,-0.72,-11.41,-8.89,-27.22,32.44,886.05,1.75,1.70,Sell,Sell,Sell,Sell,Sell,Sell,44.51,-35.40,6.81,-47.11,18.41,33.79,0.00,0.00,0.00,0.00,0.00,-0.56,66427.00,20.28,551.20,0.00,33662.00,-4.01,29.23,4.57,5.82,16.87,21.95,28.09,116.56,23477474120.85,5.91,20.53,17.47,566.78,559.83,545.04,531.97,565.54,720.07,879.32,574.28,719.39,24.47,0.00,0.00,4130753428.40,998339700.00,0.00
[object Object],FSLR,"First Solar, Inc.",NASDAQ,203.10,stock,common,100.00,1.00,false,0.00,USD,-4.76,3462342.00,1.88,21827113860.89,USD,12.52,16.22,38.72,0.00,Electronic technology,america,Electronic Technology,Buy,Buy,-4.76,1.88,-17.99,-20.61,1.84,-23.61,-0.49,112.60,437.59,728.98,4.64,3.78,Sell,Sell,StrongSell,Strong sell,Neutral,Neutral,42.24,-3.72,-10.34,-33.89,33.55,32.00,0.00,213.49,0.11,0.40,10833.00,0.74,3462342.00,19.84,203.70,0.30,656199.00,0.76,12.52,0.34,4.27,2.11,10.15,14.59,12.67,20294159860.89,3.77,10.79,8.27,205.29,217.88,217.94,230.24,230.16,279.81,402.00,150.00,280.00,17.44,2.90,4.62,5023990979.00,1062705887.00,1281684750.00
[object Object],TRN,Terna S.p.A.,MIL,9.25,stock,common,1000.00,2.00,false,0.00,EUR,-0.98,4266111.00,1.14,21811153957.71,USD,16.64,0.63,0.93,4.24,Utilities,italy,Utilities,Neutral,Neutral,-0.98,-4.44,-7.96,-8.96,-6.11,2.32,8.72,39.43,95.81,409.64,1.55,1.36,StrongSell,Strong sell,StrongSell,Strong sell,Sell,Sell,23.68,-0.64,-0.48,-159.53,9.22,10.90,0.00,0.00,0.00,0.00,0.00,-0.39,4266111.00,-3.31,9.25,0.00,14000.00,13.59,16.64,18.15,4.50,3.12,6.34,0.00,8.18,39438080777.71,8.29,19.56,12.46,9.53,9.78,9.96,10.02,9.75,11.46,12.94,10.05,11.56,0.64,0.00,0.00,5178114945.49,2338938880.00,0.00
[object Object],TPRO,Technoprobe SpA,MIL,28.86,stock,common,100.00,2.00,false,0.00,EUR,1.33,799558.00,1.25,21577570239.89,USD,89.77,0.37,196.86,0.00,Electronic technology,italy,Electronic Technology,StrongBuy,Strong buy,1.33,11.43,-5.19,-4.56,85.71,130.88,320.09,362.50,362.50,362.50,4.85,4.52,Buy,Buy,StrongBuy,Strong buy,Buy,Buy,52.51,1.60,-0.62,21.18,81.75,63.95,0.00,0.00,0.00,0.00,0.00,-0.77,799558.00,23.56,28.86,0.00,1145.00,311.08,89.77,0.45,23.79,13.30,80.51,236.35,26.20,20798409066.14,23.76,78.26,60.46,27.52,28.43,29.36,28.89,21.98,46.11,57.70,28.39,46.16,0.62,0.22,0.33,1278824537.87,520863492.13,688207598.40
[object Object],SRG,Snam S.p.A.,MIL,5.47,stock,common,1000.00,2.00,false,0.00,EUR,-1.19,6668578.00,1.36,21577365431.32,USD,16.03,0.39,-18.07,5.46,Utilities,italy,Utilities,Neutral,Neutral,-1.19,-5.00,-6.01,-13.94,-15.32,-2.88,6.25,10.93,29.49,174.40,1.84,1.50,StrongSell,Strong sell,StrongSell,Strong sell,Sell,Sell,27.95,-0.34,-0.24,-179.52,1.33,8.86,0.00,0.00,0.00,0.00,0.00,0.04,6668578.00,74.76,0.00,0.00,0.00,11.02,16.03,0.00,4.70,2.22,5.41,16.35,6.25,44720582481.32,9.89,21.46,12.98,5.66,5.76,5.94,6.17,6.13,7.48,8.52,6.31,7.47,0.50,0.00,0.00,4743581108.47,2283739313.71,0.00
[object Object],DIM,Sartorius Stedim Biotech SA,EURONEXT,190.60,stock,common,10.00,1.00,false,0.00,EUR,0.11,79481.00,0.94,21541943357.21,USD,63.38,3.43,29.94,0.36,Health technology,france,Health Technology,StrongBuy,Strong buy,0.11,-2.71,6.30,6.48,19.87,-8.98,9.54,-65.21,199.12,762300.00,3.21,2.94,Buy,Buy,Buy,Buy,Neutral,Neutral,53.13,-1.40,8.51,-21.16,31.44,41.12,0.00,0.00,0.00,0.00,0.00,-0.74,79481.00,49.21,190.60,0.00,62364.00,13.57,63.38,2.11,6.16,4.38,30.15,84.03,90.95,24109446672.21,7.02,37.80,23.94,194.00,185.58,182.44,175.86,182.55,275.05,304.27,241.55,278.72,5.90,1.44,1.38,3677542415.75,906420315.69,878371515.21
[object Object],IFF,International Flavors & Fragrances Inc.,NYSE,84.31,stock,common,100.00,1.00,false,0.00,USD,-1.53,1612507.00,1.09,21511694102.26,USD,78.22,1.08,0.00,1.87,Consumer non-durables,america,Consumer Non-Durables,Buy,Buy,-1.53,-2.39,-0.81,12.85,18.73,24.85,28.62,-43.91,-39.46,1164.66,1.40,1.95,Neutral,Neutral,Neutral,Neutral,Sell,Sell,49.85,-2.85,2.77,-26.27,56.11,65.50,0.00,85.62,0.00,0.00,200.00,-0.62,1612507.00,-3.93,84.23,-0.09,327911.00,31.72,78.22,0.00,2.21,1.54,18.66,40.27,38.08,27218694102.26,2.73,26.02,14.10,86.37,84.37,81.84,78.33,74.84,95.69,105.00,76.00,96.00,3.43,1.07,0.80,7937498203.00,2620958580.00,1901065446.00
[object Object],LGEN,Legal & General Group Plc,LSE,287.70,stock,common,10.00,1.00,false,0.00,GBX,-1.94,10559997.00,0.47,21484391929.56,USD,25.48,0.15,190.23,7.47,Finance,uk,Finance,Sell,Sell,-1.94,-0.79,-7.22,5.69,19.53,9.94,22.90,5.31,33.19,481.49,1.78,1.80,Sell,Sell,Sell,Sell,Sell,Sell,42.29,-1.60,-5.50,-64.13,46.25,50.47,0.00,0.00,0.00,0.00,0.00,-0.78,10559997.00,-10.30,287.70,0.00,4841159.00,18.03,25.48,0.14,0.24,7.30,7.68,8.41,0.00,58134462529.56,0.59,0.00,0.00,291.62,297.37,296.03,282.04,269.78,3.65,5.19,2.58,3.58,0.35,0.16,0.16,21512089600.00,0.00,0.00
[object Object],OMC,Omnicom Group Inc,NYSE,78.30,stock,common,100.00,1.00,false,0.00,USD,-3.49,3269774.00,1.27,21481289333.16,USD,67.12,1.17,-83.26,3.82,Commercial services,america,Commercial Services,Buy,Buy,-3.49,-8.85,-7.78,5.84,-0.61,-3.03,-0.43,8.01,-9.80,6991.29,2.78,2.52,Sell,Sell,StrongSell,Strong sell,Sell,Sell,35.86,-9.90,-2.12,-234.69,13.46,22.26,0.00,80.90,-0.28,-0.02,3047.00,-0.79,3269774.00,-11.53,78.30,0.00,559887.00,49.34,67.12,0.00,1.02,2.46,8.52,9.21,6.60,30485489333.16,1.36,9.53,8.26,84.62,84.69,82.95,79.04,78.10,99.62,139.00,77.00,100.00,10.42,2.67,2.58,25888850157.00,6442346803.00,6244289255.00
[object Object],PGHN,Partners Group Holding AG,SIX,665.20,stock,common,10.00,2.00,false,0.00,CHF,-0.89,101165.00,0.72,21477900439.35,USD,14.52,56.66,-0.11,6.85,Finance,switzerland,Finance,Neutral,Neutral,-0.89,-0.78,-9.13,-4.84,-17.35,-34.14,-37.83,-58.02,47.82,732.02,2.67,2.35,Sell,Sell,StrongSell,Strong sell,Sell,Sell,36.72,-70.40,-32.33,-117.44,7.70,12.01,doji,0.00,0.00,0.00,0.00,-0.86,101165.00,-2.58,665.20,0.00,44443.00,-37.27,14.52,0.00,6.20,11.70,11.14,11.21,99.05,24751939559.35,7.16,12.90,12.34,695.32,709.91,698.97,749.10,840.02,1014.72,1451.48,837.53,963.53,52.55,26.88,27.22,2943473539.63,1407276218.26,1526953918.65
[object Object],CMS,CMS Energy Corporation,NYSE,68.17,stock,common,100.00,1.00,false,0.00,USD,-0.90,2484508.00,0.90,21376552413.30,USD,20.49,3.33,-1.79,3.27,Utilities,america,Utilities,Buy,Buy,-0.90,0.62,-3.28,-7.63,-12.15,-2.49,-3.24,5.38,59.76,57.16,1.22,1.35,StrongSell,Strong sell,StrongSell,Strong sell,Neutral,Neutral,37.02,-0.57,-2.17,-58.96,28.74,26.72,0.00,0.00,0.00,0.00,0.00,-0.12,2484508.00,-20.10,68.17,0.00,449162.00,-0.31,20.49,0.00,2.43,2.24,9.86,0.00,61.41,41181552413.30,4.67,24.66,13.64,68.39,69.95,71.96,73.04,73.48,80.18,87.00,76.00,79.00,3.87,0.36,1.12,9004843267.00,1874571112.00,2166122668.00
[object Object],DOW,"Dow, Inc.",NYSE,29.40,stock,common,100.00,1.00,false,0.00,USD,-0.57,9121243.00,1.11,21236816309.56,USD,0.00,-1.82,-30.14,4.73,Process industries,america,Process Industries,Buy,Buy,-0.57,-2.84,-0.84,-15.78,-22.02,24.84,23.30,-51.20,-44.27,-44.27,3.56,2.92,Sell,Sell,StrongSell,Strong sell,Neutral,Neutral,41.99,-0.76,-0.29,-133.32,9.62,14.68,0.00,30.14,1.93,0.24,129031.00,1.62,9121243.00,5.96,29.67,0.92,2513125.00,33.20,0.00,-0.54,0.52,1.34,5.51,13.33,4.69,37624816309.56,0.91,25.05,8.79,30.22,30.58,30.04,32.87,31.56,35.24,42.00,29.00,35.00,2.46,1.28,0.73,43704390870.00,12032435552.00,11235470852.00
[object Object],FICO,Fair Isaac Corporation,NYSE,983.19,stock,common,100.00,1.00,false,0.00,USD,5.35,793757.00,2.19,21234578742.48,USD,28.41,34.61,35.37,0.00,Commercial services,america,Commercial Services,Buy,Buy,5.35,-9.56,-4.51,-18.41,-10.38,-41.86,-36.38,112.32,645.01,71645.22,5.84,4.08,Sell,Sell,StrongSell,Strong sell,Neutral,Neutral,37.45,-153.95,-113.15,-153.83,21.26,25.88,0.00,933.00,-0.03,0.07,1435.00,0.18,793757.00,18.82,972.50,-1.09,58519.00,-34.95,28.41,0.76,8.85,0.00,22.29,23.77,89.84,26584144742.48,11.11,21.31,21.04,1076.23,1097.13,1158.71,1146.67,1296.86,1443.32,1750.00,696.00,1530.00,42.94,11.76,11.03,2541781308.00,679172263.00,666100768.00
[object Object],STE,STERIS plc,NYSE,215.09,stock,common,100.00,1.00,false,0.00,USD,-1.53,490259.00,0.82,20971298208.53,USD,26.29,8.18,24.05,1.15,Health technology,america,Health Technology,Buy,Buy,-1.53,-6.17,-9.42,3.40,0.13,-15.13,-13.43,-0.93,201.08,11767.03,2.25,1.95,StrongSell,Strong sell,StrongSell,Strong sell,Neutral,Neutral,30.25,-21.35,-6.39,-249.50,9.41,12.93,0.00,0.00,0.00,0.00,0.00,-0.66,490259.00,-26.89,215.09,0.00,86665.00,-5.95,26.29,1.11,3.54,2.91,16.34,22.75,43.66,22547998208.53,3.73,19.04,13.46,228.11,232.44,225.42,219.13,232.49,265.86,280.00,232.00,270.00,11.21,2.49,2.68,6375401112.00,1494865741.00,1561236825.00
[object Object],CF,"CF Industries Holdings, Inc.",NYSE,138.11,stock,common,100.00,1.00,false,0.00,USD,2.81,3081682.00,1.15,20901307969.52,USD,10.24,13.48,76.22,1.56,Process industries,america,Process Industries,Neutral,Neutral,2.81,3.40,19.58,24.07,4.55,78.25,62.54,213.03,443.74,4149.54,2.50,3.63,StrongBuy,Strong buy,StrongBuy,Strong buy,Buy,Buy,65.70,10.85,11.24,121.27,72.50,75.46,spinning_top_white,138.00,2.73,0.94,11852.00,2.64,3081682.00,28.31,137.01,-0.80,459098.00,53.50,10.24,0.13,2.67,3.64,7.14,11.13,8.57,25206307969.52,3.26,7.86,6.15,132.57,125.04,122.41,119.44,108.64,124.40,195.72,98.00,123.00,14.96,5.63,3.05,8107823001.00,2449982679.00,1795970708.00
[object Object],LYB,LyondellBasell Industries NV,NYSE,64.51,stock,common,100.00,1.00,false,0.00,USD,-0.12,2556194.00,0.87,20839175898.80,USD,0.00,-1.12,-247.11,5.33,Process industries,america,Process Industries,Buy,Buy,-0.12,-0.19,7.25,-2.85,-11.47,48.03,17.61,-29.53,-18.95,189.93,2.81,2.75,Buy,Buy,StrongBuy,Strong buy,Neutral,Neutral,52.97,1.96,2.06,-2.60,35.64,39.24,0.00,64.99,0.62,0.00,66112.00,1.49,2556194.00,-21.76,64.51,0.00,563652.00,23.38,0.00,0.00,0.67,1.95,7.01,13.20,7.89,32542175898.80,1.04,13.34,8.42,64.35,63.45,61.04,64.46,60.70,68.67,88.00,56.00,67.00,9.34,3.44,2.77,33112602950.00,9206369089.00,8879351356.00
[object Object],CAP,Capgemini SE,EURONEXT,101.15,stock,common,100.00,5.00,false,0.00,EUR,-4.17,713033.00,1.40,20800520600.77,USD,12.85,8.99,-11.28,3.22,Technology services,france,Technology Services,Buy,Buy,-4.17,-4.26,-8.05,3.51,-5.33,-28.67,-20.35,-46.83,16.94,338.19,3.55,3.08,StrongSell,Strong sell,StrongSell,Strong sell,Sell,Sell,41.92,-5.35,-0.34,-210.04,15.65,27.12,0.00,0.00,0.00,0.00,0.00,-0.76,713033.00,20.02,101.15,0.00,431171.00,-14.36,12.85,0.00,0.79,1.48,7.26,8.20,6.76,29627003450.77,1.11,9.66,7.52,106.61,107.40,101.36,100.18,110.97,161.62,236.39,123.99,156.44,14.44,6.79,8.51,28523545912.86,13723020369.44,14233627549.25
[object Object],EBP,Erste Bank Polska S.A.,GPW,747.80,stock,common,10.00,2.00,false,0.00,PLN,-0.93,73483.00,1.13,20773323368.92,USD,12.89,15.40,5.77,6.62,Finance,poland,Finance,Neutral,Neutral,-0.93,3.43,3.14,21.63,37.11,37.21,47.32,148.36,132.92,969.81,2.39,2.14,Buy,Buy,StrongBuy,Strong buy,Neutral,Neutral,62.04,14.80,17.46,166.96,91.92,89.81,tweezer_top_bearish,0.00,0.00,0.00,0.00,-0.13,73483.00,3.24,0.00,0.00,0.00,46.23,12.89,2.26,4.60,2.37,15.59,18.04,0.00,24679900999.08,4.51,0.00,0.00,732.28,728.56,705.12,662.52,613.11,190.43,201.83,178.23,191.82,14.26,2.93,4.07,4360680591.26,1048072746.02,1115369388.96
[object Object],SAB,Banco de Sabadell SA,BME,3.67,stock,common,1000.00,1.00,false,0.00,EUR,-0.65,12311876.00,1.10,20487294895.82,USD,15.51,0.27,-32.82,5.79,Finance,spain,Finance,Neutral,Neutral,-0.65,2.11,6.93,29.25,21.99,9.12,12.98,531.80,199.39,-3.74,1.59,1.68,Buy,Buy,StrongBuy,Strong buy,Neutral,Neutral,59.63,0.03,0.14,-17.91,74.50,81.64,"dragonfly_doji_bullish,hanging_man_bearish,long_lower_shadow_bullish",0.00,0.00,0.00,0.00,-0.70,12311876.00,46.54,0.00,0.00,0.00,1.67,15.51,0.00,3.02,1.47,0.00,0.00,0.00,66056112574.87,8.01,0.00,0.00,3.66,3.58,3.44,3.29,3.26,4.12,4.88,3.60,4.06,0.34,0.12,0.08,6095495990.89,1443897044.00,1484334141.70
[object Object],STLAM,Stellantis N.V.,MIL,4.57,stock,common,10000.00,5.00,false,0.00,EUR,-2.23,28451543.00,0.87,20439528278.10,USD,0.00,-9.09,-230.64,0.00,Consumer durables,italy,Consumer Durables,Neutral,Neutral,-2.23,-0.95,-4.73,-20.59,-22.91,-51.41,-40.05,-72.75,-21.64,-32.96,3.33,3.84,StrongSell,Strong sell,StrongSell,Strong sell,Neutral,Neutral,44.88,0.11,-0.03,8.91,61.36,75.71,0.00,0.00,0.00,0.00,0.00,-0.14,28451543.00,-5.17,4.57,0.00,4529.00,-41.83,0.00,0.00,0.09,0.24,0.00,0.00,0.39,47278173878.10,0.26,0.00,0.00,4.67,4.69,4.82,5.51,6.62,6.24,8.14,4.04,6.39,0.73,0.27,0.11,188348554731.04,48917416726.59,42535014207.95
[object Object],WRT1V,Wartsila Oyj Abp,OMXHEX,29.34,stock,common,100.00,1.00,false,0.00,EUR,-0.91,855609.00,0.73,20308690294.64,USD,26.22,1.28,17.82,1.65,Producer manufacturing,finland,Producer Manufacturing,Neutral,Neutral,-0.91,4.90,-0.54,-9.72,-10.52,-3.55,17.41,152.93,141.81,1323.50,2.02,2.29,Neutral,Neutral,Sell,Sell,Neutral,Neutral,49.09,-0.65,-0.33,15.78,54.97,50.60,0.00,0.00,0.00,0.00,0.00,-0.10,855609.00,31.53,0.00,0.00,0.00,15.32,26.22,1.49,2.59,6.83,11.55,13.00,7.80,18377860844.64,2.38,17.88,15.08,28.94,29.38,29.80,32.36,32.46,38.94,49.94,22.07,38.90,1.33,0.32,0.31,7546531913.54,1845441356.49,1763065634.32
[object Object],BMED,Banca Mediolanum SpA,MIL,23.22,stock,common,100.00,1.00,false,0.00,EUR,-1.94,1003968.00,1.50,20302656761.82,USD,13.07,2.03,15.65,5.19,Finance,italy,Finance,Buy,Buy,-1.94,-2.68,-3.85,17.01,37.89,19.26,35.63,165.86,255.86,1408.73,2.27,1.52,Sell,Sell,Sell,Sell,Sell,Sell,42.77,-1.06,-0.30,-183.66,24.99,22.33,0.00,0.00,0.00,0.00,0.00,-1.10,1003968.00,56.42,0.00,0.00,0.00,40.39,13.07,0.85,4.90,3.76,0.00,0.00,0.00,26113524608.77,7.21,0.00,0.00,23.72,23.90,23.34,21.66,20.07,29.43,31.39,27.20,29.06,1.83,0.41,0.43,2890776137.48,673815400.00,0.00
[object Object],EN,Bouygues SA,EURONEXT,44.15,stock,common,100.00,1.00,false,0.00,EUR,-2.11,844545.00,1.05,20266489071.36,USD,13.55,3.72,17.79,4.66,Industrial services,france,Industrial Services,Buy,Buy,-2.11,-0.52,-9.34,-9.82,-10.63,-0.34,20.66,21.46,54.80,322.89,1.67,1.76,StrongSell,Strong sell,StrongSell,Strong sell,Neutral,Neutral,36.03,-1.52,-2.19,-62.11,36.79,34.59,0.00,0.00,0.00,0.00,0.00,-0.22,844545.00,38.53,44.15,0.00,560466.00,24.66,13.55,0.78,0.31,1.36,3.34,6.33,3.52,33742771921.36,0.52,11.39,5.20,44.34,46.55,46.88,48.53,48.07,70.06,85.24,61.89,69.48,3.88,0.95,1.43,66572313140.71,15902841359.63,17604345066.30
[object Object],PKG,Packaging Corporation of America,NYSE,227.28,stock,common,100.00,1.00,false,0.00,USD,-2.03,532091.00,0.97,20250261448.63,USD,29.54,7.69,-23.22,2.26,Process industries,america,Process Industries,Buy,Buy,-2.03,-1.01,-10.55,4.51,5.22,10.36,5.25,50.17,181.46,1794.00,2.43,2.16,Sell,Sell,StrongSell,Strong sell,Sell,Sell,33.75,-19.26,-13.61,-120.80,16.63,22.66,0.00,232.00,0.00,0.00,500.00,-0.19,532091.00,-6.02,227.28,0.00,126196.00,8.61,29.54,0.00,2.17,4.34,12.45,27.25,34.07,24060761448.63,2.52,19.98,12.15,235.85,246.96,241.90,231.63,223.54,270.89,312.00,242.00,270.00,10.50,2.31,2.93,10071393177.00,2492654184.00,2612200263.00
[object Object],KGH,KGHM Polska Miedz S.A.,GPW,378.00,stock,common,100.00,5.00,false,0.00,PLN,0.88,790432.00,1.38,20182841457.41,USD,8.70,11.53,265.92,0.40,Non-energy minerals,poland,Non-Energy Minerals,Neutral,Neutral,0.88,9.69,6.48,14.20,33.10,34.23,182.83,117.99,384.55,1508.51,3.10,3.83,StrongBuy,Strong buy,StrongBuy,Strong buy,Buy,Buy,64.59,13.65,17.62,181.24,82.80,70.12,0.00,0.00,0.00,0.00,0.00,0.00,790432.00,-21.27,0.00,0.00,0.00,157.12,8.70,0.03,1.69,1.90,9.79,32.10,61.02,21456994377.41,1.82,9.20,6.90,359.08,349.99,333.40,336.24,311.61,84.99,119.93,55.70,89.38,11.16,2.62,3.08,13611454993.91,3380605241.64,3585141803.79
[object Object],BCP,Banco Comercial Portugues S.A.,EURONEXT,1.16,stock,common,10000.00,5.00,false,0.00,EUR,-0.64,63103409.00,1.51,20100857591.19,USD,15.90,0.08,20.07,2.95,Finance,portugal,Finance,Buy,Buy,-0.64,3.48,5.55,26.66,44.56,29.87,63.22,796.14,380.43,-92.84,1.79,1.35,Buy,Buy,StrongBuy,Strong buy,Sell,Sell,72.17,0.05,0.05,141.41,95.99,95.79,long_lower_shadow_bullish,0.00,0.00,0.00,0.00,-0.73,63103409.00,21.99,1.16,0.00,14528449.00,51.69,15.90,0.80,4.30,2.29,0.00,0.00,0.00,26364640369.59,4.30,0.00,0.00,1.14,1.11,1.08,1.02,0.94,1.33,1.48,1.05,1.35,0.09,0.02,0.02,4688793241.33,1085176107.64,1191850340.15
[object Object],GMAB,Genmab A/S,OMXCOP,2134.00,stock,common,1.00,1.00,false,0.00,DKK,-1.43,97088.00,1.00,20051505104.35,USD,26.32,12.36,-40.84,0.00,Health technology,denmark,Health Technology,StrongBuy,Strong buy,-1.43,-1.07,5.38,34.98,24.58,6.97,22.22,-25.72,105.19,815.88,1.88,2.38,Buy,Buy,Buy,Buy,Neutral,Neutral,56.26,-25.00,126.58,21.52,39.05,47.18,engulfing_bearish,0.00,0.00,0.00,0.00,0.00,97088.00,57.30,0.00,0.00,0.00,21.57,26.32,0.00,5.05,3.27,22.69,23.24,13.40,23874450230.35,5.92,18.34,17.13,2156.90,2065.22,1992.17,1838.45,1884.67,390.67,455.36,313.29,400.00,11.93,3.56,3.69,4523797507.56,1116420085.00,1208734293.00
[object Object],NI,NiSource Inc,NYSE,41.67,stock,common,100.00,1.00,false,0.00,USD,-0.55,4363374.00,0.87,19983269641.48,USD,22.07,1.89,0.32,2.82,Utilities,america,Utilities,Buy,Buy,-0.55,2.16,-1.58,-11.13,-11.83,-0.22,3.55,65.88,71.48,628.18,1.39,1.63,Sell,Sell,Sell,Sell,Neutral,Neutral,44.66,1.02,-1.24,30.25,63.19,53.98,0.00,41.91,0.02,0.31,344.00,-0.17,4363374.00,-14.93,41.68,0.02,1020659.00,0.27,22.07,68.47,2.93,2.09,8.71,0.00,210.18,39610669641.48,5.76,21.30,12.65,41.23,42.16,43.92,45.59,45.04,50.38,55.00,45.00,51.00,2.05,0.16,0.21,7074652010.00,1147142825.00,1349452631.00
[object Object],RL,Ralph Lauren Corporation Class A,NYSE,335.61,stock,common,100.00,1.00,false,0.00,USD,-3.35,621467.00,0.87,19980565743.41,USD,21.16,15.86,26.61,1.08,Consumer non-durables,america,Consumer Non-Durables,StrongBuy,Strong buy,-3.35,-2.61,-16.01,-11.54,-0.50,-5.46,8.62,201.40,221.62,944.70,2.92,2.66,StrongSell,Strong sell,StrongSell,Strong sell,Sell,Sell,31.80,-26.99,-28.86,-102.93,19.10,20.30,0.00,347.23,0.00,0.00,800.00,-1.01,621467.00,-32.10,335.00,-0.18,107810.00,5.51,21.16,0.82,2.55,7.35,15.62,19.72,10.58,21040665743.41,2.52,15.11,12.92,347.07,371.14,376.43,374.60,366.34,459.00,520.00,425.00,457.50,18.92,4.32,4.22,8686872695.00,1866119503.00,2116993302.00
[object Object],NHY,Norsk Hydro ASA,OSL,92.80,stock,common,100.00,2.00,false,0.00,NOK,-1.28,4001750.00,1.43,19942780734.41,USD,18.69,0.50,2.51,3.19,Non-energy minerals,norway,Non-Energy Minerals,Neutral,Neutral,-1.28,1.49,1.47,-13.95,-1.80,18.34,40.39,45.23,183.79,341.70,2.24,2.21,Buy,Buy,Buy,Buy,Neutral,Neutral,52.32,0.04,3.44,54.31,62.97,70.45,0.00,0.00,0.00,0.00,0.00,0.36,4001750.00,23.60,92.80,0.00,2757895.00,40.83,18.69,7.55,0.90,1.76,9.69,25.04,9.50,22595862494.41,1.09,12.88,8.00,93.42,91.49,89.18,97.42,91.70,10.28,12.91,8.60,10.11,0.87,0.20,0.25,21484552944.27,5655521781.57,5907612356.20
[object Object],AMCR,Amcor PLC,NYSE,43.13,stock,common,100.00,1.00,false,0.00,USD,-2.73,3741534.00,1.20,19940968928.22,USD,18.09,2.38,32.21,5.84,Process industries,america,Process Industries,Buy,Buy,-2.73,-6.24,-8.99,12.08,6.23,3.31,3.68,-29.41,-26.34,16.57,2.03,2.12,Sell,Sell,StrongSell,Strong sell,Neutral,Neutral,34.98,-4.14,-0.96,-214.62,2.98,13.44,0.00,44.10,-0.54,-0.07,806.00,-0.74,3741534.00,39.64,43.19,0.14,583269.00,12.12,18.09,0.58,0.88,1.69,8.90,15.57,17.97,33916968928.28,1.44,16.75,9.76,45.72,46.43,45.36,42.38,42.77,49.62,56.89,44.00,49.70,0.00,1.19,0.00,0.00,6054068965.00,0.00
[object Object],TEL,Telenor ASA,OSL,134.40,stock,common,10.00,1.00,false,0.00,NOK,0.07,1710599.00,0.83,19844322533.94,USD,11.52,1.18,44.73,7.15,Communications,norway,Communications,Buy,Buy,0.07,-1.18,0.45,-9.92,-21.40,-8.38,-19.67,-11.05,-5.75,257.97,1.37,1.20,Sell,Sell,StrongSell,Strong sell,Buy,Buy,47.48,-1.40,-0.34,-11.60,27.78,22.38,0.00,0.00,0.00,0.00,0.00,-0.22,1710599.00,-2.42,134.40,0.00,1048138.00,-18.57,11.52,0.26,2.40,2.92,6.44,10.65,4.58,25501009573.94,3.30,14.10,7.40,134.94,134.54,136.13,144.27,151.53,17.14,20.69,14.62,17.06,1.03,0.21,0.24,7357465807.75,1844704920.10,2008915265.73
[object Object],GIS,"General Mills, Inc.",NYSE,37.09,stock,common,100.00,1.00,false,0.00,USD,-1.59,7785704.00,0.84,19829408048.72,USD,0.00,-0.19,-104.63,6.47,Consumer non-durables,america,Consumer Non-Durables,Neutral,Neutral,-1.59,-10.02,1.53,9.99,-6.90,-20.20,-26.01,-37.15,-45.13,4062.41,3.32,2.77,Sell,Sell,StrongSell,Strong sell,Neutral,Neutral,40.25,-2.69,0.51,-139.11,14.76,25.11,0.00,37.71,0.05,-0.11,6001.00,0.48,7785704.00,-36.81,37.11,0.05,1482663.00,-18.44,0.00,0.00,1.10,2.69,9.19,12.24,43.86,33328208048.72,1.81,11.80,9.86,39.73,38.54,37.85,36.02,39.80,37.24,45.00,31.00,36.00,3.08,0.80,0.72,17811215221.00,4588572730.00,4336667231.00
[object Object],SBAC,SBA Communications Corp. Class A,NASDAQ,186.74,stock,common,100.00,1.00,false,0.00,USD,-1.03,1242314.00,1.66,19810894268.16,USD,20.11,9.29,14.12,2.58,Finance,america,Finance,Buy,Buy,-1.03,-0.80,2.59,-9.35,0.30,-2.84,-2.41,-49.38,58.46,1960.58,2.70,2.31,Neutral,Neutral,Neutral,Neutral,Neutral,Neutral,51.09,-0.88,5.28,36.90,59.42,66.73,0.00,0.00,0.00,0.00,0.00,-0.26,1242314.00,30.60,186.74,0.00,311398.00,-7.59,20.11,1.44,6.98,0.00,15.45,42.02,51.55,32240374268.16,11.23,20.91,17.24,188.52,184.87,183.42,194.49,192.88,225.20,280.00,167.00,223.00,7.70,1.85,2.08,2864450478.00,706008081.00,724362671.00
[object Object],EFX,Equifax Inc.,NYSE,168.09,stock,common,100.00,1.00,false,0.00,USD,-2.06,1668944.00,1.54,19748036518.77,USD,29.54,5.69,11.28,1.27,Commercial services,america,Commercial Services,Buy,Buy,-2.06,-9.40,-6.83,2.35,-9.24,-22.37,-33.52,-38.89,24.72,10997.59,4.74,3.23,StrongSell,Strong sell,StrongSell,Strong sell,Sell,Sell,36.03,-23.80,-3.48,-167.26,15.79,31.35,0.00,0.00,0.00,0.00,0.00,-0.84,1668944.00,16.08,168.09,0.00,217649.00,-25.88,29.54,2.67,3.17,4.51,12.43,18.13,117.79,25184736518.77,3.91,21.09,12.98,184.20,183.23,178.63,173.20,187.43,213.23,245.00,179.00,210.00,8.56,2.20,2.22,6748599256.00,1696177855.00,1697833694.00
[object Object],KBX,Knorr-Bremse AG,XETR,102.40,stock,common,10.00,1.00,false,0.00,EUR,-2.57,104099.00,0.89,19694366734.89,USD,28.22,4.14,38.64,1.81,Producer manufacturing,germany,Producer Manufacturing,Buy,Buy,-2.57,0.39,0.29,6.06,0.99,8.13,18.24,-1.01,27.84,27.84,2.09,1.92,Sell,Sell,Sell,Sell,Neutral,Neutral,47.04,-3.70,0.46,14.32,55.38,59.71,0.00,0.00,0.00,0.00,0.00,-1.14,104099.00,-11.39,102.70,0.29,82509.00,20.19,28.22,0.75,2.13,5.16,13.87,17.62,13.50,22092501084.89,2.44,19.86,14.05,104.33,102.86,103.42,102.30,101.02,138.18,153.44,110.43,141.82,5.47,1.29,1.37,9756526439.18,2381183015.86,2484814127.94
[object Object],FIS,"Fidelity National Information Services, Inc.",NYSE,38.07,stock,common,100.00,1.00,false,0.00,USD,-3.42,5906526.00,0.99,19632923942.32,USD,5.85,6.51,2338.26,4.26,Technology services,america,Technology Services,Buy,Buy,-3.42,-7.28,-10.02,-1.12,-23.80,-42.75,-44.69,-70.57,-52.22,190.20,3.54,2.97,StrongSell,Strong sell,StrongSell,Strong sell,Sell,Sell,34.49,-2.40,-1.23,-236.47,22.40,44.62,marubozu_black_bearish,39.45,0.08,0.51,1748.00,0.08,5906526.00,-11.02,38.21,0.37,855935.00,-39.38,5.85,0.00,1.67,1.22,6.37,6.71,25.59,40122923942.32,3.29,14.31,7.78,40.78,42.12,41.91,42.29,49.36,49.30,60.00,37.00,50.00,6.20,1.47,1.60,13660130610.00,3383997762.00,3433491262.00
[object Object],SNA,Snap-on Incorporated,NYSE,377.42,stock,common,100.00,1.00,false,0.00,USD,-0.65,301498.00,1.25,19522851112.14,USD,19.25,19.60,4.49,2.57,Consumer durables,america,Consumer Durables,Neutral,Neutral,-0.65,-1.24,-9.23,-1.04,2.77,9.54,15.44,69.78,150.08,6190.36,1.20,1.43,Sell,Sell,StrongSell,Strong sell,Sell,Sell,30.29,-17.14,-19.98,-136.11,12.19,15.31,spinning_top_black,379.86,-0.01,-0.15,673.00,-0.56,301498.00,-3.80,377.42,0.00,84885.00,17.26,19.25,4.31,3.78,3.23,16.71,17.88,12.05,19213151112.14,3.64,14.31,13.32,385.78,399.13,401.91,390.25,377.01,435.86,485.00,375.00,450.00,19.80,4.95,4.97,4958434857.00,1219276312.00,1239995714.00
[object Object],CSG,CSG N.V.,EURONEXT,16.27,stock,common,1000.00,2.00,false,0.00,EUR,-2.98,542312.00,0.22,19494287032.40,USD,0.00,0.00,0.00,0.00,Electronic technology,netherlands,Electronic Technology,Buy,Buy,-2.98,-5.80,-9.11,13.29,-44.19,-49.16,-49.16,-49.16,-49.16,-49.16,3.80,4.19,Sell,Sell,StrongSell,Strong sell,Neutral,Neutral,39.18,-2.29,-1.26,-131.42,8.78,7.53,0.00,0.00,0.00,0.00,0.00,-1.92,542312.00,-48.58,16.27,0.00,251798.00,0.00,0.00,0.00,0.00,9.49,0.00,0.00,9.97,23262455891.15,0.00,0.00,0.00,17.34,18.07,16.74,16.43,0.00,31.19,41.70,20.85,30.41,1.29,0.00,0.00,8839305888.22,1895819600.00,0.00
[object Object],LEN,Lennar Corporation Class A,NYSE,80.76,stock,common,100.00,1.00,false,0.00,USD,0.49,3380248.00,1.33,19412245976.90,USD,12.63,6.39,-47.15,2.49,Consumer durables,america,Consumer Durables,Sell,Sell,0.49,-3.29,-7.98,-10.30,-15.27,-21.60,-42.93,-20.11,71.07,14323.80,2.29,2.33,Sell,Sell,StrongSell,Strong sell,Buy,Buy,39.42,-6.92,-2.59,-197.46,8.26,12.56,0.00,80.10,-0.34,0.58,4705.00,0.22,3380248.00,-28.20,80.75,-0.01,492779.00,-41.80,12.63,0.00,0.59,0.90,17.32,20.33,9.07,23657767976.90,0.72,12.09,11.29,83.82,85.39,85.25,87.47,98.01,85.33,100.00,74.00,85.00,5.49,1.24,1.29,32357411015.00,8084865664.00,8318685403.00
[object Object],CLNX,Cellnex Telecom S.A.,BME,24.88,stock,common,100.00,1.00,false,0.00,EUR,-2.05,950862.00,0.81,19355463484.74,USD,0.00,-0.58,-230.68,2.38,Industrial services,spain,Industrial Services,Buy,Buy,-2.05,-2.62,-9.79,-12.15,-13.58,-9.95,-17.34,-56.58,103.69,110.25,2.13,2.15,StrongSell,Strong sell,StrongSell,Strong sell,Sell,Sell,36.06,-1.87,-0.98,-147.16,7.57,14.85,0.00,0.00,0.00,0.00,0.00,-0.59,950862.00,13.50,0.00,0.00,0.00,-17.72,0.00,0.00,3.63,1.42,0.00,0.00,9.00,44429076390.89,8.30,62.27,11.59,25.75,26.48,26.10,27.23,27.47,41.79,58.82,24.41,41.85,-0.10,-0.05,0.02,4850002676.17,1155044256.02,1197887738.12
[object Object],ABF,Associated British Foods plc,LSE,2020.00,stock,common,1.00,1.00,false,0.00,GBX,-0.93,686533.00,0.81,19287982431.14,USD,15.16,1.80,-24.87,3.09,Consumer non-durables,uk,Consumer Non-Durables,Neutral,Neutral,-0.93,-0.74,-5.08,6.37,10.90,-5.74,-10.34,5.76,-35.87,913.20,1.82,1.52,Sell,Sell,Sell,Sell,Sell,Sell,44.86,-44.00,-9.92,-67.01,33.16,52.21,long_upper_shadow_bearish,0.00,0.00,0.00,0.00,-0.69,686533.00,-25.96,2020.00,0.00,406465.00,-9.51,15.16,0.00,0.75,1.25,6.36,12.14,20.14,23598242931.14,0.90,11.97,7.07,2047.70,2063.70,2031.26,1947.09,1952.80,25.17,31.78,20.96,25.02,2.07,0.95,1.16,26165806681.67,12569576000.00,13623205564.80
[object Object],CARL_B,Carlsberg AS Class B,OMXCOP,863.00,stock,common,10.00,2.00,false,0.00,DKK,-3.06,206809.00,0.78,19188771922.71,USD,17.89,7.35,-6.10,3.26,Consumer non-durables,denmark,Consumer Non-Durables,Buy,Buy,-3.06,-0.80,-9.10,0.98,-1.12,3.33,12.05,-20.61,36.66,280.46,2.03,2.20,StrongSell,Strong sell,StrongSell,Strong sell,Sell,Sell,40.33,-26.80,-35.73,-83.49,41.15,33.47,0.00,0.00,0.00,0.00,0.00,-0.65,206809.00,21.90,0.00,0.00,0.00,13.40,17.89,0.00,1.30,4.01,7.62,12.41,11.82,29545884622.71,2.15,15.78,10.88,876.52,905.29,914.01,881.17,871.83,164.04,235.90,120.28,164.51,10.17,4.86,5.03,14494247054.77,7162226322.81,6991409198.40
[object Object],HLMA,Halma plc,LSE,3692.00,stock,common,1.00,2.00,false,0.00,GBX,-1.55,1071245.00,1.18,19167888674.22,USD,37.60,1.30,25.61,0.66,Electronic technology,uk,Electronic Technology,Buy,Buy,-1.55,4.35,-2.69,-13.13,-5.38,3.82,12.36,22.01,252.96,6529.85,2.75,2.55,Neutral,Neutral,Buy,Buy,Neutral,Neutral,53.46,116.00,10.74,59.76,85.82,74.93,0.00,0.00,0.00,0.00,0.00,-0.75,1071245.00,-50.53,3692.00,0.00,408886.00,10.53,37.60,1.49,5.51,6.43,30.88,35.12,97.71,20209929674.22,5.92,29.07,23.28,3630.20,3634.07,3656.68,4024.23,3886.35,61.17,67.70,41.21,62.43,1.71,0.76,0.82,3885709480.14,1747188690.23,1915085955.90
[object Object],BR,"Broadridge Financial Solutions, Inc.",NYSE,168.10,stock,common,100.00,1.00,false,0.00,USD,-0.31,1186976.00,1.10,19167063551.18,USD,17.47,9.62,35.67,2.09,Technology services,america,Technology Services,Buy,Buy,-0.31,-6.77,1.69,15.45,-5.96,-24.68,-33.53,-2.07,136.33,833.89,3.05,2.56,Sell,Sell,Sell,Sell,Buy,Buy,44.18,-16.72,4.41,-113.81,17.04,30.92,long_lower_shadow_bullish,0.00,0.00,0.00,0.00,0.05,1186976.00,-19.42,168.10,0.00,227258.00,-30.62,17.47,0.49,2.61,6.75,14.44,15.20,48.12,22280863551.18,2.98,16.90,12.20,177.77,172.24,162.30,155.92,176.55,208.14,240.00,176.00,214.00,10.56,3.76,1.37,7854649809.00,2170560000.00,1647967714.00
[object Object],BAER,Julius Baer Gruppe AG,SIX,74.14,stock,common,100.00,2.00,false,0.00,CHF,-2.01,418250.00,1.05,19146611515.44,USD,13.36,6.86,31.91,3.44,Finance,switzerland,Finance,Buy,Buy,-2.01,-0.48,-1.15,16.35,23.44,18.06,28.94,18.40,76.52,57.78,1.46,1.64,Sell,Sell,Sell,Sell,Sell,Sell,48.18,-1.30,0.78,-89.61,51.38,53.60,0.00,0.00,0.00,0.00,0.00,-0.82,418250.00,-6.77,74.14,0.00,198077.00,31.63,13.36,0.43,3.35,2.07,45.34,356.07,0.00,23693503755.44,3.11,0.00,0.00,75.08,74.61,73.68,69.55,65.87,90.62,101.29,69.17,93.88,7.57,3.94,3.23,5612216899.02,2842205910.55,2757100247.05
[object Object],PEO,Bank Polska Kasa Opieki S.A.,GPW,266.30,stock,common,10.00,1.00,false,0.00,PLN,-0.86,567351.00,0.96,18986912446.84,USD,10.79,6.55,-3.70,7.36,Finance,poland,Finance,Buy,Buy,-0.86,4.02,5.30,12.03,28.03,29.84,45.52,151.23,109.69,185.73,2.32,2.12,Buy,Buy,StrongBuy,Strong buy,Neutral,Neutral,63.42,4.40,9.35,179.10,90.17,91.16,0.00,0.00,0.00,0.00,0.00,-0.04,567351.00,26.42,0.00,0.00,0.00,42.10,10.79,0.00,3.87,2.13,13.51,15.15,0.00,24175092926.84,3.96,0.00,0.00,260.58,256.83,248.29,241.30,228.90,73.60,81.28,67.45,72.60,6.32,1.45,2.20,4711638905.22,1137574204.42,1178924330.52
[object Object],BEI,Beiersdorf AG,XETR,74.70,stock,common,100.00,2.00,false,0.00,EUR,-2.28,398451.00,1.20,18973810309.34,USD,17.40,4.90,8.61,1.31,Consumer non-durables,germany,Consumer Non-Durables,Neutral,Neutral,-2.28,-2.66,-8.07,6.23,-3.81,-22.56,-23.70,-29.19,-7.82,78.57,1.83,1.86,StrongSell,Strong sell,StrongSell,Strong sell,Neutral,Neutral,36.03,-6.20,-2.94,-138.83,9.62,11.97,0.00,74.58,-2.43,-2.04,223.00,-2.67,398451.00,42.74,74.50,-0.27,206373.00,-23.23,17.40,2.07,1.74,1.81,15.54,25.66,6.01,16183930309.34,1.47,12.15,9.37,77.43,78.84,78.64,75.07,82.88,93.73,110.43,75.56,93.00,4.46,2.87,1.33,11343337848.39,5659930014.73,5427340718.45
[object Object],VTRS,"Viatris, Inc.",NASDAQ,16.50,stock,common,100.00,1.00,false,0.00,USD,-0.66,6503500.00,0.88,18951749231.13,USD,0.00,-0.36,87.72,2.89,Health technology,america,Health Technology,Buy,Buy,-0.66,-1.49,1.21,3.13,18.79,32.00,58.35,13.68,-59.26,32900.00,2.17,2.31,Neutral,Neutral,Sell,Sell,Neutral,Neutral,46.85,-0.22,-0.02,19.48,52.56,65.46,0.00,16.70,0.54,-0.12,1711.00,0.66,6503500.00,47.99,16.50,0.00,1622220.00,59.59,0.00,0.00,1.31,1.34,8.24,9.82,13.62,31168349231.13,2.11,21.81,7.36,16.72,16.71,16.77,16.34,14.78,18.88,23.00,12.00,20.00,2.51,0.60,0.65,14787297353.00,3675407539.00,3806979668.00
[object Object],ESSITY_B,Essity AB Class B,OMXSTO,263.10,stock,common,10.00,1.00,false,0.00,SEK,-2.05,1236650.00,1.02,18935054237.18,USD,14.84,1.82,0.20,3.26,Consumer non-durables,sweden,Consumer Non-Durables,Neutral,Neutral,-2.05,-5.63,-6.77,0.04,1.15,-1.05,2.14,-3.27,6.13,6.13,1.25,1.31,StrongSell,Strong sell,StrongSell,Strong sell,Neutral,Neutral,30.83,-18.00,-7.00,-153.97,2.06,10.97,0.00,0.00,0.00,0.00,0.00,-0.78,1236650.00,65.72,0.00,0.00,0.00,6.57,14.84,75.94,1.33,1.92,10.01,16.47,26.03,22691454837.18,1.61,12.47,8.88,274.03,276.17,276.99,267.06,265.11,28.38,33.12,22.25,28.46,2.04,0.45,0.46,15282894764.79,3556443712.09,3750315355.81
[object Object],LUV,Southwest Airlines Co.,NYSE,38.68,stock,common,100.00,1.00,false,0.00,USD,0.03,4368378.00,0.99,18922571928.68,USD,23.47,1.65,147.88,1.86,Transportation,america,Transportation,Buy,Buy,0.03,0.16,-16.44,-5.27,-0.72,-6.82,22.37,-19.27,0.36,403953.07,2.14,2.38,StrongSell,Strong sell,StrongSell,Strong sell,Neutral,Neutral,34.69,-2.14,-4.36,-88.60,27.43,24.78,0.00,38.09,-1.50,-0.05,19741.00,-2.02,4368378.00,20.28,38.74,0.16,670692.00,11.24,23.47,0.16,0.63,2.67,7.54,0.00,5.03,22020571928.68,0.73,16.93,7.68,39.06,42.59,44.90,43.62,43.14,51.90,65.00,35.00,50.00,3.33,0.51,0.60,33003870221.00,8584022516.00,8212910807.00
[object Object],EVRG,"Evergy, Inc.",NASDAQ,81.22,stock,common,100.00,1.00,false,0.00,USD,-1.24,1698963.00,0.81,18722267891.49,USD,20.58,3.95,8.63,3.38,Utilities,america,Utilities,Buy,Buy,-1.24,-0.17,-1.98,-2.51,-1.67,12.29,15.34,18.76,47.89,515.89,1.57,1.46,Sell,Sell,StrongSell,Strong sell,Neutral,Neutral,43.37,-0.19,-1.44,-46.50,38.76,38.52,0.00,81.93,-0.38,-0.38,241.00,0.15,1698963.00,-20.46,81.22,0.00,332340.00,13.31,20.58,2.41,3.22,1.83,9.69,0.00,750.33,35247367891.49,5.83,22.83,12.61,81.45,82.47,83.95,83.34,80.70,92.40,103.00,85.00,91.50,4.26,0.81,2.17,6281690104.00,1363278570.00,1909340276.00
[object Object],FDXF,"FedEx Freight Holding Company, Inc.",NYSE,124.79,stock,common,100.00,1.00,false,0.00,USD,-3.32,1312368.00,1.09,18658370085.94,USD,0.00,0.00,0.00,0.00,Transportation,america,Transportation,Buy,Buy,-3.32,-2.13,-13.03,-29.50,-7.56,-7.56,-7.56,-7.56,-7.56,-7.56,3.56,4.00,StrongSell,Strong sell,StrongSell,Strong sell,Sell,Sell,35.28,-3.96,-11.60,-102.15,21.27,20.00,0.00,0.00,0.00,0.00,0.00,-0.84,1312368.00,13.72,125.00,0.17,196809.00,0.00,0.00,0.00,0.00,0.00,0.00,0.00,74.33,24772370085.94,0.00,0.00,0.00,129.64,137.14,142.39,0.00,0.00,173.75,200.00,150.00,176.00,4.33,1.34,1.38,9045000000.00,2290019034.00,2343268608.00
[object Object],GPC,Genuine Parts Company,NYSE,135.24,stock,common,100.00,1.00,false,0.00,USD,0.88,1064052.00,1.03,18644155188.67,USD,541.83,0.25,-95.70,3.12,Distribution services,america,Distribution Services,Buy,Buy,0.88,-0.33,1.26,36.58,25.21,9.84,-2.94,13.27,35.00,5645.19,2.22,2.02,Neutral,Neutral,Buy,Buy,Sell,Sell,53.57,-2.71,3.08,-35.19,60.95,69.26,0.00,0.00,0.00,0.00,0.00,-1.22,1064052.00,21.98,135.24,0.00,238403.00,-0.25,541.83,0.00,0.74,4.12,15.74,24.57,33.37,24755599188.67,0.99,20.34,13.89,136.64,133.99,130.01,116.71,119.94,140.38,170.00,122.00,132.50,7.74,2.08,2.04,25538521569.00,6428362985.00,6490930321.00
[object Object],VNA,Vonovia SE,XETR,18.50,stock,common,1000.00,5.00,false,0.00,EUR,-1.33,3122626.00,1.05,18497399935.00,USD,4.09,5.17,894.92,6.66,Finance,germany,Finance,Buy,Buy,-1.33,-2.35,-11.80,-6.56,-23.22,-24.65,-31.36,-62.56,-42.34,21.80,1.78,1.77,StrongSell,Strong sell,StrongSell,Strong sell,Sell,Sell,29.68,-1.23,-1.39,-124.48,6.74,15.26,long_upper_shadow_bearish,18.75,0.00,-0.08,1059.00,-1.09,3122626.00,40.96,18.52,0.08,1069452.00,-27.22,4.09,0.00,2.68,0.58,13.58,19.15,9.08,71677627515.00,9.86,24.47,22.71,19.12,20.11,20.60,21.07,22.86,31.01,52.30,22.08,29.35,2.15,0.46,0.52,4106111562.46,999152030.17,1041681679.21
[object Object],ENX,Euronext NV,EURONEXT,159.10,stock,common,10.00,1.00,false,0.00,EUR,-1.24,141176.00,0.90,18473480658.19,USD,23.33,7.79,7.68,1.97,Finance,france,Finance,Buy,Buy,-1.24,-1.30,-1.91,11.03,14.79,24.10,12.52,54.77,355.15,798.33,1.47,1.56,Neutral,Neutral,Sell,Sell,Neutral,Neutral,48.56,-3.50,0.83,-100.85,23.81,27.78,spinning_top_black,0.00,0.00,0.00,0.00,-1.18,141176.00,-13.38,159.10,0.00,108303.00,14.77,23.33,3.08,8.51,3.49,13.72,13.95,11.94,20608938506.59,9.18,17.64,14.67,161.44,160.69,155.98,149.43,139.79,191.20,232.50,154.61,188.32,9.88,2.51,2.27,2443145357.07,596905589.46,592928417.57
[object Object],BBY,"Best Buy Co., Inc.",NYSE,88.03,stock,common,100.00,1.00,false,0.00,USD,-1.46,3490519.00,0.65,18462330417.43,USD,14.65,6.01,65.59,4.28,Retail trade,america,Retail Trade,Neutral,Neutral,-1.46,6.24,7.04,15.98,39.24,30.57,13.84,-20.33,129.01,52716.94,2.70,3.51,Buy,Buy,StrongBuy,Strong buy,Neutral,Neutral,55.23,2.74,2.48,94.73,88.60,86.96,0.00,89.18,-0.17,-0.17,390.00,0.19,3490519.00,11.50,88.21,0.20,611850.00,16.54,14.65,0.23,0.45,5.82,7.57,10.59,6.96,19906330417.43,0.47,10.86,7.57,85.83,85.58,84.46,75.66,71.61,87.16,100.00,71.00,85.00,6.80,1.39,1.48,42663488487.00,9594466259.00,9890255398.00
[object Object],STMN,Straumann Holding AG,SIX,93.18,stock,common,100.00,2.00,false,0.00,CHF,-0.43,232924.00,0.50,18431219514.71,USD,40.28,2.86,-5.94,1.07,Health technology,switzerland,Health Technology,Buy,Buy,-0.43,-3.86,-9.93,-0.30,12.95,-0.79,-2.22,-47.21,154.59,1893.16,2.06,2.32,Sell,Sell,StrongSell,Strong sell,Neutral,Neutral,40.08,0.30,-4.03,-62.19,30.84,33.20,spinning_top_white,0.00,0.00,0.00,0.00,-0.64,232924.00,-36.02,93.18,0.00,112462.00,3.64,40.28,0.00,5.66,6.51,28.33,38.81,39.02,18597730542.91,5.70,27.08,21.00,94.17,97.95,99.59,96.14,93.84,140.78,168.20,106.36,142.23,4.07,1.97,2.05,3495540222.45,1698306755.70,1721711697.12
[object Object],IP,International Paper Company,NYSE,34.64,stock,common,100.00,1.00,false,0.00,USD,-5.07,4036587.00,0.92,18344301669.20,USD,0.00,-6.48,-6527.81,5.07,Process industries,america,Process Industries,Buy,Buy,-5.07,-5.61,-16.11,8.90,-5.41,-12.35,-27.12,-37.89,-22.66,313.20,3.77,2.98,StrongSell,Strong sell,StrongSell,Strong sell,Sell,Sell,30.56,-6.35,-3.83,-149.61,13.40,15.16,0.00,36.30,-0.52,-0.52,158.00,-0.30,4036587.00,-10.77,34.76,0.35,768407.00,-24.42,0.00,-0.00,0.80,1.27,6.93,37.28,25.26,29652301669.20,1.23,141.88,10.26,37.61,40.07,39.37,36.58,38.37,48.90,61.00,42.00,48.00,1.37,-0.03,0.32,24609456293.00,6189199076.00,6307643351.00
[object Object],AGS,ageas SA/NV,EURONEXT,73.80,stock,common,100.00,5.00,false,0.00,EUR,-1.80,306222.00,1.05,18333610795.10,USD,7.59,11.10,55.29,3.49,Finance,belgium,Finance,Neutral,Neutral,-1.80,-1.67,-0.74,13.02,24.03,23.00,25.30,78.00,131.28,-74.41,1.20,1.31,Sell,Sell,Sell,Sell,Sell,Sell,48.71,-0.75,1.85,-4.26,63.09,78.64,0.00,0.00,0.00,0.00,0.00,-0.53,306222.00,28.70,73.80,0.00,198948.00,39.34,7.59,0.14,0.98,1.51,3.78,4.06,0.00,30298708645.10,1.75,0.00,0.00,75.23,73.89,72.81,70.02,65.56,85.07,104.52,70.84,83.62,10.91,4.19,5.57,10768886437.94,0.00,0.00
[object Object],BESI,BE Semiconductor Industries N.V.,EURONEXT,188.95,stock,common,100.00,5.00,false,0.00,EUR,-3.20,367207.00,0.91,18317233276.51,USD,72.71,2.97,25.03,0.81,Producer manufacturing,netherlands,Producer Manufacturing,Buy,Buy,-3.20,0.24,-15.34,-35.69,-3.10,38.68,70.30,143.12,1294.46,3967.81,4.03,3.95,Sell,Sell,StrongSell,Strong sell,Neutral,Neutral,37.38,-3.15,-14.17,-80.96,25.66,25.40,0.00,0.00,0.00,0.00,0.00,-0.38,367207.00,-36.00,188.95,0.00,110002.00,81.95,72.71,3.00,21.53,26.64,61.55,63.09,30.04,18141609168.06,21.65,60.40,52.67,194.44,208.46,220.10,247.72,208.46,351.23,466.14,255.74,354.55,5.18,1.27,1.43,1178623183.35,284491169.48,313282506.90
[object Object],TIT,Telecom Italia S.p.A.,MIL,7.52,stock,common,1000.00,1.00,false,0.00,EUR,-2.17,9373341.00,0.98,18295813376.47,USD,71.04,0.12,158.92,0.00,Communications,italy,Communications,Neutral,Neutral,-2.17,-0.96,-0.82,-1.69,23.45,45.91,71.14,103.72,-7.46,-95.96,2.97,1.73,Sell,Sell,Sell,Sell,Sell,Sell,45.21,-0.27,0.05,-117.28,40.87,51.71,0.00,0.00,0.00,0.00,0.00,-0.59,9373341.00,-42.46,0.00,0.00,0.00,67.93,71.04,0.46,1.17,1.39,4.60,11.15,6.79,32643933726.47,2.05,18.44,6.37,7.67,7.61,7.68,7.50,6.64,8.64,10.35,7.44,8.63,0.22,0.10,0.12,16958959937.02,4015743729.99,4191738902.40
[object Object],KPN,Royal KPN NV,EURONEXT,4.07,stock,common,1000.00,1.00,false,0.00,EUR,-0.93,10682904.00,1.04,18232907583.04,USD,17.59,0.26,8.60,4.61,Communications,netherlands,Communications,Buy,Buy,-0.93,-0.83,0.64,-8.73,-14.79,2.16,-1.74,45.47,42.97,15.63,1.69,1.35,Sell,Sell,StrongSell,Strong sell,Neutral,Neutral,45.53,-0.04,0.01,41.36,53.72,54.22,0.00,0.00,0.00,0.00,0.00,-0.02,10682904.00,44.65,4.07,0.00,6060931.00,-0.06,17.59,2.07,2.68,6.77,6.71,11.79,36.94,27277931033.04,4.10,16.77,8.77,4.09,4.07,4.14,4.31,4.33,5.51,6.16,4.77,5.54,0.28,0.00,0.00,6934361237.76,3315400180.00,0.00
[object Object],METSO,Metso Corporation,OMXHEX,18.55,stock,common,100.00,1.00,false,0.00,EUR,-1.59,1032269.00,0.87,18144326647.19,USD,31.03,0.68,90.29,2.07,Producer manufacturing,finland,Producer Manufacturing,Buy,Buy,-1.59,7.23,10.68,26.10,15.40,23.67,56.01,109.60,346.99,493.60,2.92,2.74,Buy,Buy,StrongBuy,Strong buy,Neutral,Neutral,64.15,0.35,1.03,110.23,88.47,81.10,0.00,0.00,0.00,0.00,0.00,-1.01,1032269.00,-22.50,0.00,0.00,0.00,54.24,31.03,0.35,2.91,5.90,24.46,33.54,40.11,19574140147.19,3.20,20.60,16.74,17.99,17.19,16.52,15.90,15.78,20.90,24.99,15.69,20.92,0.88,0.20,0.23,6600431580.48,1559973370.54,1696271214.31
[object Object],GALP,"Galp Energia, SGPS S.A. Class B",EURONEXT,21.39,stock,common,100.00,1.00,false,0.00,EUR,1.42,1540281.00,1.02,18068904854.57,USD,14.42,1.69,12.85,3.22,Energy minerals,portugal,Energy Minerals,Buy,Buy,1.42,-1.97,7.98,9.50,3.68,47.31,35.47,158.33,66.07,261.93,1.72,1.89,Buy,Buy,StrongBuy,Strong buy,Neutral,Neutral,57.65,0.24,0.40,41.83,40.46,25.16,rising_window_bullish,0.00,0.00,0.00,0.00,0.66,1540281.00,6.01,21.39,0.00,660226.00,28.37,14.42,1.11,0.73,3.33,6.26,10.60,6.23,21546955254.57,0.88,6.94,5.47,21.04,20.76,20.25,19.69,18.67,26.42,30.22,23.25,26.16,2.54,0.76,0.72,30083598900.01,7756905707.57,7674557668.81
[object Object],ZBH,"Zimmer Biomet Holdings, Inc.",NYSE,94.61,stock,common,100.00,1.00,false,0.00,USD,0.41,2066852.00,1.38,18045692721.57,USD,23.02,4.11,0.06,1.02,Health technology,america,Health Technology,Neutral,Neutral,0.41,-4.74,-2.12,8.11,1.35,5.16,-9.04,-33.82,-24.86,230.59,3.46,2.60,Sell,Sell,Sell,Sell,Neutral,Neutral,41.18,-5.63,-0.13,-233.03,22.23,22.62,0.00,94.05,-0.18,0.30,2486.00,-1.27,2066852.00,-34.02,94.61,0.00,416901.00,-8.79,23.02,362.16,2.13,1.43,10.46,15.20,44.49,25123392721.57,2.95,18.09,10.06,98.65,98.32,95.02,90.77,91.42,106.45,120.00,93.00,105.50,8.53,2.01,1.88,8598124979.00,2134846050.00,2040065794.00
[object Object],TELIA,Telia Company AB,OMXSTO,44.70,stock,common,100.00,1.00,false,0.00,SEK,-0.60,5988375.00,1.00,17907964638.92,USD,35.81,0.13,14.70,4.49,Communications,sweden,Communications,Neutral,Neutral,-0.60,1.89,2.69,-10.92,-4.14,13.14,25.07,20.39,15.50,38.82,1.59,1.39,Buy,Buy,Buy,Buy,Neutral,Neutral,54.84,0.89,0.62,160.83,83.04,78.58,"engulfing_bearish,upside_tasuki_gap_bullish",0.00,0.00,0.00,0.00,0.11,5988375.00,45.56,0.00,0.00,0.00,26.99,35.81,2.45,2.16,3.53,6.45,13.32,16.04,26574990938.92,3.16,17.48,8.05,44.24,43.87,44.49,46.67,44.65,4.82,6.25,3.20,4.68,0.25,0.06,0.07,9027370384.42,2112366193.49,2147475631.32
[object Object],EVO,Evolution AB,OMXSTO,859.00,stock,common,10.00,2.00,false,0.00,SEK,-0.35,660594.00,1.08,17843093645.10,USD,14.79,5.96,-12.30,0.00,Technology services,sweden,Technology Services,Neutral,Neutral,-0.35,3.64,16.49,19.17,44.71,36.13,7.64,-41.96,1450.54,4555.83,2.55,2.27,Buy,Buy,StrongBuy,Strong buy,Neutral,Neutral,76.78,26.40,67.56,84.44,91.16,92.20,0.00,0.00,0.00,0.00,0.00,-1.28,660594.00,37.32,0.00,0.00,0.00,2.87,14.79,0.00,7.59,3.56,11.87,12.56,13.27,16620622498.69,7.23,12.50,10.95,843.16,791.70,752.88,713.59,653.80,77.45,105.85,57.01,76.54,6.46,1.46,1.54,2532348651.67,595438251.36,615810250.76
[object Object],TSN,"Tyson Foods, Inc. Class A",NYSE,51.74,stock,common,100.00,1.00,false,0.00,USD,-1.03,3936558.00,1.13,17839983428.98,USD,31.26,1.66,-26.44,3.88,Consumer non-durables,america,Consumer Non-Durables,Neutral,Neutral,-1.03,-6.20,-10.50,-7.56,-15.29,-11.66,-7.11,-31.95,-31.03,64128.36,2.65,2.02,Sell,Sell,StrongSell,Strong sell,Buy,Buy,30.36,-5.43,-4.46,-133.00,12.39,12.02,0.00,52.48,0.38,0.08,12214.00,0.08,3936558.00,-25.41,51.74,0.00,693766.00,-2.09,31.26,0.00,0.32,0.99,8.91,15.37,24.12,25211983428.98,0.45,17.78,9.08,54.05,56.81,57.34,59.80,60.46,66.08,78.00,56.00,65.50,3.74,0.99,0.90,56395122254.00,14065837261.00,14567197666.00
[object Object],GEN,Gen Digital Inc.,NASDAQ,29.76,stock,common,100.00,1.00,false,0.00,USD,-0.17,4377394.00,0.74,17813949875.73,USD,17.28,1.72,79.82,1.68,Technology services,america,Technology Services,Buy,Buy,-0.17,-0.93,3.33,22.57,41.24,9.29,-1.36,8.14,19.86,4040.52,1.98,2.83,Buy,Buy,StrongBuy,Strong buy,Sell,Sell,54.18,0.45,1.80,25.26,66.08,76.35,0.00,29.85,0.13,0.17,340.00,0.64,4377394.00,4.55,29.76,0.00,1326798.00,0.44,17.28,0.22,3.54,6.71,11.43,11.59,31.82,25425949875.73,5.01,11.70,9.53,30.44,29.05,27.94,25.48,24.64,34.00,46.00,28.00,32.00,2.93,0.69,0.72,5423252814.00,1311795133.00,1337615988.00
[object Object],CDW,CDW Corporation,NASDAQ,142.37,stock,common,100.00,1.00,false,0.00,USD,-1.46,1801840.00,1.05,17798731433.82,USD,17.11,8.32,3.42,1.74,Technology services,america,Technology Services,Buy,Buy,-1.46,-6.33,5.46,10.85,24.02,3.77,-15.24,-28.84,219.79,707.09,4.22,4.30,Neutral,Neutral,Sell,Sell,Neutral,Neutral,49.17,0.28,7.94,3.22,57.67,69.91,0.00,144.30,-0.12,-0.12,150.00,-0.27,1801840.00,-18.99,142.37,0.00,272643.00,-13.19,17.11,5.07,0.78,7.30,18.47,21.09,50.13,23866431433.82,1.02,14.17,12.04,148.18,142.85,140.23,132.62,131.80,158.89,171.00,148.00,159.00,10.95,2.80,2.95,24243219216.00,6206039255.00,6168043727.00
[object Object],RI,Pernod Ricard SA,EURONEXT,60.04,stock,common,100.00,2.00,false,0.00,EUR,-1.12,773619.00,0.91,17735199250.83,USD,0.00,0.00,0.00,7.74,Consumer non-durables,france,Consumer Non-Durables,Neutral,Neutral,-1.12,-4.21,-14.64,-4.52,-11.42,-18.07,-36.95,-67.89,-42.95,354.92,1.83,2.32,StrongSell,Strong sell,StrongSell,Strong sell,Neutral,Neutral,30.28,-7.56,-4.95,-120.53,7.32,6.65,long_upper_shadow_bearish,0.00,0.00,0.00,0.00,-1.19,773619.00,34.88,60.04,0.00,509007.00,-36.39,0.00,0.00,1.63,0.98,0.00,0.00,7.58,30823223800.83,2.87,11.14,9.52,62.40,66.45,65.69,64.62,69.13,94.51,141.75,67.39,92.95,6.44,1.93,3.29,10581143735.14,4840286686.42,5975847400.75
[object Object],TSCO,Tractor Supply Company,NASDAQ,34.00,stock,common,100.00,1.00,false,0.00,USD,-3.66,15350330.00,1.97,17715363862.45,USD,17.75,1.92,-5.80,2.69,Retail trade,america,Retail Trade,Buy,Buy,-3.66,-1.79,-0.92,10.82,-29.65,-31.96,-43.14,-15.00,139.88,11856.04,3.56,2.99,Sell,Sell,StrongSell,Strong sell,Sell,Sell,47.45,-1.38,0.92,-170.51,42.69,39.09,0.00,35.01,-0.79,0.14,5153.00,-0.79,15350330.00,52.36,34.05,0.15,2031720.00,-43.01,17.75,0.00,1.18,6.74,13.87,58.10,77.02,24028753862.45,1.53,17.12,12.56,34.78,34.39,32.89,32.63,41.69,35.23,42.00,28.00,35.00,1.93,0.82,0.40,15952758047.00,4579079586.00,3796922870.00
[object Object],PZU,Powszechny Zaklad Ubezpieczen Spolka Akcyjna,GPW,74.86,stock,common,100.00,2.00,false,0.00,PLN,-1.45,2179693.00,1.43,17661966474.54,USD,9.98,1.99,5.75,5.88,Finance,poland,Finance,Buy,Buy,-1.45,1.08,2.04,16.24,22.04,11.73,20.63,82.14,164.52,114.50,1.47,1.57,Buy,Buy,StrongBuy,Strong buy,Neutral,Neutral,59.58,0.86,2.89,84.70,80.31,87.76,0.00,0.00,0.00,0.00,0.00,0.00,2179693.00,60.29,0.00,0.00,0.00,21.41,9.98,1.76,0.98,1.88,2.46,2.62,0.00,39878173274.54,2.25,0.00,0.00,74.75,73.15,71.63,68.23,67.51,20.67,22.89,17.48,20.47,2.00,0.00,0.00,8748436330.40,1640578053.00,0.00
[object Object],WKL,Wolters Kluwer N.V.,EURONEXT,66.80,stock,common,100.00,2.00,false,0.00,EUR,-0.68,1060869.00,0.96,17660773057.12,USD,11.41,6.69,22.74,3.75,Technology services,netherlands,Technology Services,Buy,Buy,-0.68,-3.69,-4.76,5.90,-0.09,-24.67,-39.44,-31.09,79.76,157.12,3.31,3.09,Sell,Sell,StrongSell,Strong sell,Neutral,Neutral,44.05,-2.24,-0.86,-187.75,13.47,27.22,doji,0.00,0.00,0.00,0.00,-0.68,1060869.00,18.86,66.80,0.00,495052.00,-37.22,11.41,0.51,2.48,15.86,8.89,8.99,10.07,22345446557.12,3.20,12.52,9.76,69.04,69.60,66.58,64.19,70.00,102.41,122.06,62.77,104.62,6.62,3.13,3.21,7376622194.87,3485998590.27,3742679817.60
[object Object],ESS,"Essex Property Trust, Inc.",NYSE,274.37,stock,common,100.00,1.00,false,0.00,USD,-1.10,371498.00,0.59,17633332183.07,USD,42.70,6.43,-48.35,3.72,Finance,america,Finance,Neutral,Neutral,-1.10,-2.08,-4.14,-3.49,7.59,5.93,3.46,-16.87,19.54,1316.10,1.34,1.51,Sell,Sell,StrongSell,Strong sell,Sell,Sell,36.00,-17.63,-8.40,-143.55,13.17,15.22,0.00,0.00,0.00,0.00,0.00,-0.04,371498.00,-31.42,274.37,0.00,84033.00,5.81,42.70,0.00,9.25,3.31,13.40,14.84,265.83,24505057183.07,12.72,43.46,20.81,280.12,284.56,288.52,280.62,267.24,303.45,352.00,239.00,302.00,5.65,1.46,1.46,1951819875.00,485115131.00,490796988.00
[object Object],LNT,Alliant Energy Corporation,NASDAQ,67.86,stock,common,100.00,1.00,false,0.00,USD,-1.09,1817727.00,0.89,17595059795.41,USD,21.50,3.16,-2.48,3.08,Utilities,america,Utilities,Buy,Buy,-1.09,-0.03,-2.42,-7.40,-6.15,4.38,6.40,11.39,74.99,1200.31,1.57,1.52,Sell,Sell,StrongSell,Strong sell,Neutral,Neutral,38.27,-0.48,-1.92,-60.29,25.79,22.50,0.00,0.00,0.00,0.00,0.00,-0.01,1817727.00,-11.13,67.86,0.00,383430.00,5.94,21.50,0.00,4.04,2.33,15.29,0.00,708.19,29688059795.41,6.70,30.32,16.06,68.12,69.28,71.75,72.29,70.44,78.00,83.00,73.00,78.00,3.42,0.58,1.22,4395479211.00,896935450.00,1286028100.00
[object Object],CHRW,"C.H. Robinson Worldwide, Inc.",NASDAQ,150.45,stock,common,100.00,1.00,false,0.00,USD,0.23,2127855.00,1.74,17580272379.73,USD,28.71,5.24,19.29,1.67,Transportation,america,Transportation,Buy,Buy,0.23,1.71,1.32,-19.10,-13.35,-6.77,19.86,69.37,113.83,2666.90,2.41,2.65,Neutral,Neutral,Neutral,Neutral,Neutral,Neutral,46.43,6.79,-5.20,119.55,66.15,55.83,0.00,151.33,0.82,0.82,381.00,0.87,2127855.00,66.83,150.30,-0.10,274203.00,11.56,28.71,1.48,1.06,10.82,26.29,26.94,116.54,19398253379.73,1.14,23.26,20.78,149.09,148.49,166.92,173.10,172.71,202.08,237.00,91.00,212.50,6.23,1.53,1.69,18308119614.00,4347374373.00,4852005451.00
[object Object],BKT,Bankinter SA,BME,16.56,stock,common,1000.00,5.00,false,0.00,EUR,-1.55,1451246.00,1.60,17568046816.43,USD,0.00,0.00,0.00,2.97,Finance,spain,Finance,Neutral,Neutral,-1.55,-0.30,1.10,19.61,26.46,17.20,30.39,239.27,244.12,268.70,1.68,1.51,Neutral,Neutral,Neutral,Neutral,Sell,Sell,51.18,-0.16,0.24,-164.29,61.84,71.43,"hanging_man_bearish,long_lower_shadow_bullish",0.00,0.00,0.00,0.00,-1.01,1451246.00,122.84,0.00,0.00,0.00,30.76,0.00,0.00,4.37,2.22,0.00,0.00,0.00,36595309729.33,6.43,0.00,0.00,16.71,16.56,16.13,15.18,14.59,18.98,22.31,11.98,19.23,1.55,0.36,0.38,3852546787.66,908830331.81,955379104.67
[object Object],NDSN,Nordson Corporation,NASDAQ,313.94,stock,common,100.00,1.00,false,0.00,USD,-0.90,306513.00,0.91,17486258766.03,USD,31.76,9.88,24.24,1.04,Producer manufacturing,america,Producer Manufacturing,Buy,Buy,-0.90,-0.88,1.27,11.38,16.22,30.17,39.43,28.20,214.19,23946.22,1.34,2.14,Sell,Sell,Sell,Sell,Sell,Sell,48.28,-19.64,4.15,-37.19,33.00,37.90,0.00,0.00,0.00,0.00,0.00,-0.23,306513.00,9.71,313.94,0.00,74198.00,41.41,31.76,1.32,5.96,5.35,22.74,24.29,155.06,19191039766.03,6.44,23.92,20.20,320.93,314.93,305.41,295.63,280.06,361.00,375.00,335.00,365.00,11.89,3.09,3.43,3046457143.00,779485714.00,823885714.00
[object Object],SGRO,SEGRO plc,LSE,935.80,stock,common,10.00,2.00,false,0.00,GBX,-1.16,10127064.00,2.37,17335941905.37,USD,42.52,0.29,-51.99,3.33,Finance,uk,Finance,Buy,Buy,-1.16,-1.91,-2.42,28.79,28.93,29.86,47.42,-26.02,117.18,106.50,1.56,1.18,Sell,Sell,Sell,Sell,Neutral,Neutral,44.76,-32.20,-17.33,-149.52,17.15,24.66,0.00,0.00,0.00,0.00,0.00,-0.08,10127064.00,153.04,935.80,0.00,754270.00,53.43,42.52,0.00,17.19,1.06,28.01,29.93,71.93,23895387005.37,24.19,34.86,33.88,951.08,957.87,933.47,832.30,781.98,13.55,17.74,11.60,13.64,0.52,0.25,0.26,946296015.35,503397455.40,526884348.90
[object Object],BEN,"Franklin Templeton, Inc.",NYSE,34.12,stock,common,100.00,1.00,false,0.00,USD,-1.53,2485519.00,0.80,17335584737.87,USD,23.26,1.47,181.27,3.78,Finance,america,Finance,Neutral,Neutral,-1.53,3.14,1.64,9.39,42.29,42.29,37.97,7.80,-3.34,53878.80,2.34,1.95,Neutral,Neutral,Buy,Buy,Neutral,Neutral,51.06,-0.91,0.03,26.65,65.36,53.27,0.00,34.53,-0.35,-0.35,100.00,-0.32,2485519.00,-37.53,34.29,0.49,489120.00,26.53,23.26,0.13,1.91,1.48,61.43,73.24,4.68,32947184737.87,3.52,23.14,18.44,34.18,34.11,33.76,32.37,28.66,35.33,41.00,26.00,36.00,2.89,0.66,0.75,7160684125.00,1758562000.00,1855584925.00
[object Object],DD,"DuPont de Nemours, Inc.",NYSE,127.92,stock,common,100.00,1.00,false,0.00,USD,-2.59,1221220.00,0.98,17274697525.65,USD,303.85,0.42,0.00,1.83,Process industries,america,Process Industries,StrongBuy,Strong buy,-2.59,-3.74,-10.45,-6.00,-6.65,5.44,31.39,44.73,35.18,1373.94,2.18,2.13,StrongSell,Strong sell,StrongSell,Strong sell,Sell,Sell,30.46,-8.12,-7.29,-143.17,12.62,11.93,0.00,0.00,0.00,0.00,0.00,-0.45,1221220.00,0.75,127.92,0.00,254593.00,-43.27,303.85,0.00,2.17,1.25,14.64,16.68,9.82,18729697525.65,2.27,14.79,9.41,133.54,138.64,138.03,140.33,136.81,169.44,186.00,156.00,171.00,7.25,1.76,1.90,7168521802.00,1806472244.00,1854660426.00
[object Object],BOL,Boliden AB,OMXSTO,571.20,stock,common,10.00,2.00,false,0.00,SEK,-2.33,870886.00,0.83,17269743466.42,USD,12.80,4.58,52.37,1.88,Non-energy minerals,sweden,Non-Energy Minerals,Neutral,Neutral,-2.33,5.00,9.59,13.11,-9.93,10.61,70.51,110.49,249.32,22.33,3.63,2.96,Buy,Buy,StrongBuy,Strong buy,Neutral,Neutral,58.86,-12.20,27.16,83.34,65.12,54.11,0.00,0.00,0.00,0.00,0.00,-0.14,870886.00,-31.60,0.00,0.00,0.00,61.26,12.80,0.25,1.60,2.02,7.79,34.00,38.64,19196880666.42,1.80,11.44,7.12,560.16,537.70,524.10,530.83,547.77,57.72,72.73,48.83,55.22,4.56,0.80,1.11,12447226221.45,2986200197.81,2966028999.27
[object Object],AAF,Airtel Africa Plc,LSE,341.00,stock,common,10.00,2.00,false,0.00,GBX,-2.90,2339350.00,0.66,17218434655.26,USD,23.47,0.19,104.65,1.53,Communications,uk,Communications,Buy,Buy,-2.90,0.29,4.03,-2.01,-1.90,-4.16,56.71,255.21,342.86,342.86,3.48,2.69,Buy,Buy,Buy,Buy,Neutral,Neutral,52.15,6.40,12.98,76.75,73.76,78.07,0.00,0.00,0.00,0.00,0.00,-0.34,2339350.00,21.62,341.00,0.00,1545845.00,57.70,23.47,0.23,2.51,5.11,6.47,10.07,7.05,21872012504.21,3.23,9.58,6.46,343.48,334.51,335.77,343.61,344.15,5.00,6.23,3.81,4.86,0.26,0.05,0.08,7711842844.44,1658542000.00,1966733000.00
[object Object],ASRNL,ASR Nederland N.V.,EURONEXT,72.70,stock,common,100.00,2.00,false,0.00,EUR,-1.65,571775.00,1.10,17190127502.50,USD,13.69,6.06,2.26,4.78,Finance,netherlands,Finance,Buy,Buy,-1.65,-0.14,2.74,13.59,25.43,19.34,25.47,85.13,279.63,255.50,1.16,1.41,Buy,Buy,StrongBuy,Strong buy,Neutral,Neutral,57.55,2.94,2.68,59.20,79.45,87.13,0.00,0.00,0.00,0.00,0.00,-0.62,571775.00,49.46,72.70,0.00,316336.00,20.39,13.69,6.15,0.80,1.63,11.76,12.01,0.00,29264495652.50,1.25,0.00,0.00,73.09,71.28,70.28,67.78,64.05,88.34,98.71,60.97,90.00,7.53,3.17,3.32,12009138774.28,3651104148.76,4044788948.10
[object Object],SRT3,Sartorius AG Pref,XETR,236.80,stock,preferred,10.00,1.00,false,0.00,EUR,-0.55,66671.00,0.92,17114781705.06,USD,83.38,3.24,88.34,0.31,Health technology,germany,Health Technology,Buy,Buy,-0.55,-3.47,1.41,0.59,10.14,-4.36,20.26,-59.96,237.03,13147.55,2.71,2.87,Neutral,Neutral,Neutral,Neutral,Neutral,Neutral,47.50,-7.60,2.45,-72.07,27.89,34.20,long_lower_shadow_bullish,0.00,0.00,0.00,0.00,-0.76,66671.00,15.78,236.80,0.00,39583.00,23.05,83.38,0.95,4.59,5.79,22.88,59.83,56.19,22852402415.06,5.59,31.60,18.93,243.69,237.77,235.34,230.63,233.48,325.06,516.79,220.65,329.81,6.20,1.49,1.45,4358756209.69,1066912807.18,1037777967.52
[object Object],CVC,CVC Capital Partners plc,EURONEXT,13.88,stock,common,100.00,1.00,false,0.00,EUR,-1.49,973790.00,0.75,17105715289.04,USD,17.95,0.88,60.17,3.55,Finance,netherlands,Finance,Buy,Buy,-1.49,-0.14,-11.87,8.27,28.52,-2.53,-8.80,-19.95,-19.95,-19.95,2.64,2.29,Sell,Sell,StrongSell,Strong sell,Sell,Sell,40.56,-0.99,-0.95,-97.74,19.94,19.33,doji,0.00,0.00,0.00,0.00,-1.42,973790.00,-18.94,13.88,0.00,470089.00,-20.67,17.95,0.30,7.63,9.21,21.57,22.26,14.60,19458514089.04,8.48,14.79,12.79,14.13,14.87,14.51,13.77,13.44,20.29,24.39,16.46,20.08,0.95,0.41,0.48,2232246678.18,973836846.12,1160395950.85
[object Object],FTV,Fortive Corp.,NYSE,55.81,stock,common,100.00,1.00,false,0.00,USD,-1.24,2183324.00,0.89,16855571580.75,USD,32.95,1.69,-23.54,0.42,Electronic technology,america,Electronic Technology,Neutral,Neutral,-1.24,-2.80,-10.09,-7.43,2.38,0.87,16.76,-0.31,68.18,106.03,1.29,1.72,StrongSell,Strong sell,StrongSell,Strong sell,Neutral,Neutral,32.54,-3.69,-3.15,-147.74,8.48,14.19,0.00,0.00,0.00,0.00,0.00,-0.57,2183324.00,-1.03,55.81,0.00,704127.00,7.43,32.95,0.00,4.03,2.79,16.33,17.98,43.76,19981371580.75,4.63,25.40,16.89,57.89,59.56,60.46,60.41,58.12,64.31,72.00,51.00,64.00,3.02,0.71,0.71,4367242386.00,1069341092.00,1067369891.00
[object Object],NWSA,News Corporation Class A,NASDAQ,29.61,stock,common,100.00,1.00,false,0.00,USD,-0.70,3972916.00,1.00,16651625183.49,USD,28.82,1.03,26.23,0.67,Consumer services,america,Consumer Services,StrongBuy,Strong buy,-0.70,-3.55,4.52,10.12,23.74,13.27,0.89,33.44,115.35,93.78,1.77,1.89,Neutral,Neutral,Buy,Buy,Sell,Sell,48.85,-1.31,1.10,-45.27,34.65,51.51,0.00,29.59,-0.77,-0.77,100.00,-0.87,3972916.00,3.99,29.61,0.00,864553.00,0.98,28.82,1.11,1.81,1.89,13.20,20.19,7.76,18181625183.49,2.01,15.93,11.18,30.59,29.58,28.64,27.40,26.26,36.76,43.00,30.30,38.00,1.32,0.23,0.26,9407977091.00,2245702250.00,2267240525.00
[object Object],INVH,"Invitation Homes, Inc.",NYSE,28.18,stock,common,100.00,1.00,false,0.00,USD,-0.14,4698402.00,1.16,16643762216.37,USD,50.34,0.56,24.79,4.22,Finance,america,Finance,Buy,Buy,-0.14,-3.56,-6.35,-5.28,11.12,1.84,-6.25,-32.29,40.20,40.20,1.38,1.28,Sell,Sell,StrongSell,Strong sell,Buy,Buy,28.86,-2.03,-1.24,-148.27,6.99,4.79,long_lower_shadow_bullish,0.00,0.00,0.00,0.00,0.11,4698402.00,1.65,28.19,0.04,1082685.00,-8.08,50.34,2.03,5.82,1.84,13.76,20.28,51.02,24940373216.37,8.69,33.55,16.53,28.87,29.70,29.80,29.29,27.89,33.27,36.00,30.00,34.00,1.01,0.17,0.18,2951425000.00,731130333.00,738524667.00
[object Object],NWS,News Corporation Class B,NASDAQ,33.08,stock,common,100.00,1.00,false,0.00,USD,-0.78,944908.00,0.78,16638944141.37,USD,32.20,1.03,26.23,0.60,Consumer services,america,Consumer Services,Buy,Buy,-0.78,-3.98,2.54,7.75,23.16,11.61,1.01,52.30,136.29,117.49,2.01,2.12,Sell,Sell,Sell,Sell,Sell,Sell,45.66,-2.07,0.85,-81.10,21.36,38.32,0.00,32.55,-2.37,-0.72,12668.00,-0.66,944908.00,-13.46,33.08,0.00,170871.00,0.98,32.20,1.24,2.03,2.11,14.75,22.56,8.67,18168944141.37,2.01,15.92,11.17,34.35,33.51,32.43,31.22,29.90,39.00,39.00,39.00,39.00,1.32,0.23,0.26,9411419527.00,2247630192.00,2266864000.00
[object Object],ROL,"Rollins, Inc.",NYSE,34.54,stock,common,100.00,1.00,false,0.00,USD,-1.17,4307442.00,0.93,16618763040.03,USD,31.35,1.10,9.07,2.09,Commercial services,america,Commercial Services,Buy,Buy,-1.17,-4.32,-7.60,-26.62,-38.50,-42.19,-39.67,-12.13,163.80,12452.63,1.99,1.99,Sell,Sell,StrongSell,Strong sell,Neutral,Neutral,28.58,-1.82,-1.49,-271.67,10.12,12.33,falling_window_bearish,35.00,0.14,-0.06,700.00,-0.23,4307442.00,-26.17,34.85,0.90,974383.00,-37.03,31.35,3.50,4.29,11.62,25.70,26.85,152.42,17624981040.03,4.49,23.75,20.21,35.80,36.67,39.19,44.88,52.03,45.56,66.00,32.00,45.00,1.14,0.34,0.35,4087737456.00,1094107882.00,1108538829.00
[object Object],IEX,IDEX Corporation,NYSE,225.10,stock,common,100.00,1.00,false,0.00,USD,-0.25,577310.00,1.15,16594350218.19,USD,32.34,6.96,12.35,1.28,Producer manufacturing,america,Producer Manufacturing,Buy,Buy,-0.25,0.79,-4.49,4.34,18.70,26.44,37.42,2.60,140.67,7691.77,1.44,1.99,Sell,Sell,Sell,Sell,Neutral,Neutral,42.42,-5.17,-7.31,-92.87,22.67,17.35,spinning_top_black,225.50,-0.07,0.00,4167.00,-0.01,577310.00,57.53,225.10,0.00,111166.00,36.33,32.34,2.63,4.67,4.16,23.30,26.04,26.72,17853250218.19,4.98,23.65,18.45,227.29,232.42,228.71,221.51,206.54,258.23,280.00,215.00,268.00,8.83,2.11,2.24,3692017208.00,905374806.00,932694510.00
[object Object],J,Jacobs Solutions Inc.,NYSE,141.75,stock,common,100.00,1.00,false,0.00,USD,-1.75,769411.00,0.94,16590223794.10,USD,49.76,2.85,-28.81,0.97,Technology services,america,Technology Services,Buy,Buy,-1.75,-2.84,-2.18,15.01,8.40,6.85,-2.08,26.24,230.74,41697.82,1.91,2.07,Sell,Sell,Sell,Sell,Sell,Sell,43.42,-9.12,1.62,-124.23,16.98,29.88,0.00,0.00,0.00,0.00,0.00,-0.37,769411.00,-5.62,141.70,-0.04,169261.00,0.44,49.76,0.00,1.21,5.09,22.90,26.15,14.10,19435833794.10,1.37,28.10,21.03,147.64,145.28,139.18,130.62,132.67,166.17,181.00,146.00,167.50,7.26,1.83,2.13,9555872583.00,2403630393.00,2558880100.00
[object Object],CON,Continental AG,XETR,69.68,stock,common,100.00,2.00,false,0.00,EUR,-2.11,412017.00,0.90,16549133194.46,USD,0.00,-1.51,-117.79,3.79,Consumer durables,germany,Consumer Durables,Buy,Buy,-2.11,-0.57,3.14,1.93,13.56,2.59,23.90,-3.07,-45.42,583.71,2.72,2.28,Sell,Sell,StrongSell,Strong sell,Neutral,Neutral,48.04,-0.60,1.01,23.44,63.97,73.14,0.00,0.00,0.00,0.00,0.00,-0.79,412017.00,3.40,69.68,0.00,252240.00,-5.60,0.00,0.00,0.81,3.32,5.50,8.65,15.75,23726099494.46,1.18,12.45,7.85,70.54,69.78,70.72,69.96,68.18,92.10,104.62,72.07,93.00,6.84,1.63,1.53,17428767745.96,5032511373.26,4122518492.25
[object Object],FBK,FinecoBank SpA,MIL,23.07,stock,common,100.00,1.00,false,0.00,EUR,-0.60,1589868.00,1.45,16506900801.25,USD,21.12,1.25,2.97,3.40,Finance,italy,Finance,Buy,Buy,-0.60,-1.87,-5.84,8.36,21.23,4.34,24.60,49.18,327.62,476.75,1.76,1.75,Sell,Sell,Sell,Sell,Sell,Sell,40.31,-0.76,-0.69,-153.08,27.26,25.05,long_lower_shadow_bullish,0.00,0.00,0.00,0.00,-0.82,1589868.00,28.66,0.00,0.00,0.00,26.05,21.12,7.16,7.25,5.89,11.74,11.93,0.00,17073284802.10,7.33,0.00,0.00,23.41,23.87,23.58,22.54,21.69,31.33,33.71,27.20,31.62,1.33,0.00,0.00,1732773968.32,761082480.00,0.00
[object Object],NVR,"NVR, Inc.",NYSE,6187.30,stock,common,100.00,1.00,false,0.00,USD,1.15,37420.00,1.04,16488287971.92,USD,16.05,385.60,-18.61,0.00,Consumer durables,america,Consumer Durables,Neutral,Neutral,1.15,-2.06,-2.64,-2.04,-4.73,-15.09,-26.86,20.18,271.97,26128.49,1.79,1.97,Sell,Sell,StrongSell,Strong sell,Neutral,Neutral,43.34,-246.44,-54.64,-216.74,18.50,27.74,0.00,0.00,0.00,0.00,0.00,0.32,37420.00,-19.44,6187.30,0.00,5235.00,-28.27,16.05,0.00,1.84,4.69,16.34,16.65,14.55,16341730971.92,1.75,13.45,13.17,6302.48,6317.65,6389.68,6326.03,6798.44,6782.00,7446.00,5664.00,7000.00,361.10,89.98,104.43,9414692031.00,2397300112.00,2594147187.00
[object Object],SOON,Sonova Holding AG,SIX,227.40,stock,common,10.00,2.00,false,0.00,CHF,-1.64,87098.00,0.60,16434170151.46,USD,31.49,9.04,-20.12,2.03,Health technology,switzerland,Health Technology,Neutral,Neutral,-1.64,-2.49,-3.64,12.57,17.70,9.80,-6.03,-37.34,68.69,733.94,1.46,1.60,Sell,Sell,Sell,Sell,Neutral,Neutral,41.61,-13.80,-0.58,-164.38,5.95,13.22,0.00,0.00,0.00,0.00,0.00,-0.52,87098.00,3.26,227.40,0.00,49400.00,1.76,31.49,0.00,3.82,5.17,19.81,22.48,18.72,17681823151.46,3.92,19.03,14.09,233.64,235.74,224.60,208.33,203.51,290.31,370.35,209.86,299.37,13.51,7.14,5.27,4782108145.98,2457051088.49,2215124518.75
[object Object],SOBI,Swedish Orphan Biovitrum AB,OMXSTO,443.20,stock,common,10.00,2.00,false,0.00,SEK,-3.02,251626.00,0.88,16375217671.01,USD,115.12,0.40,-69.44,0.00,Health technology,sweden,Health Technology,Buy,Buy,-3.02,-3.06,-2.21,1.89,17.87,32.30,61.16,91.97,350.05,1250.31,1.98,2.24,Sell,Sell,StrongSell,Strong sell,Sell,Sell,42.73,-21.00,-1.14,-122.75,12.34,20.56,0.00,0.00,0.00,0.00,0.00,-0.83,251626.00,-22.29,0.00,0.00,0.00,63.05,115.12,0.00,5.22,3.64,19.74,19.80,143.39,18090814471.01,5.75,19.10,9.02,456.12,454.57,459.78,448.68,406.63,54.25,61.30,45.72,53.51,2.03,0.35,0.64,3581456066.63,752411047.79,931648211.13
[object Object],MBK,mBank SA,GPW,1428.50,stock,common,10.00,5.00,false,0.00,PLN,0.18,17896.00,1.00,16340580469.33,USD,15.62,24.27,20.61,0.00,Finance,poland,Finance,Sell,Sell,0.18,6.17,0.95,10.69,46.51,33.19,58.16,282.16,268.65,44249.58,2.48,2.66,Buy,Buy,StrongBuy,Strong buy,Neutral,Neutral,59.21,36.50,20.99,104.33,92.83,87.88,0.00,0.00,0.00,0.00,0.00,0.00,17896.00,-32.84,0.00,0.00,0.00,63.21,15.62,0.76,4.37,2.60,13.52,17.13,0.00,18100317349.33,3.74,0.00,0.00,1389.55,1397.18,1391.20,1328.98,1192.19,308.52,364.94,239.71,309.04,27.98,0.00,0.00,3461982451.35,758093830.09,0.00
[object Object],ZBRA,Zebra Technologies Corporation Class A,NASDAQ,344.83,stock,common,100.00,1.00,false,0.00,USD,-2.19,417799.00,0.80,16314135737.40,USD,31.55,10.93,3.26,0.00,Electronic technology,america,Electronic Technology,Buy,Buy,-2.19,-0.20,-8.48,59.67,66.22,39.99,10.32,-40.39,399.90,8402.57,2.75,2.89,Neutral,Neutral,Neutral,Neutral,Sell,Sell,49.24,-15.69,9.01,-134.29,38.64,44.45,0.00,0.00,0.00,0.00,0.00,-0.64,417799.00,-26.62,344.83,0.00,64169.00,6.87,31.55,9.90,2.88,4.76,16.95,18.36,105.71,19119135737.40,3.25,18.93,15.62,354.34,353.98,318.64,278.34,258.42,417.36,455.00,355.00,419.00,21.12,4.36,4.88,6221105204.00,1497262500.00,1566406250.00
[object Object],WY,Weyerhaeuser Company,NYSE,22.59,stock,common,100.00,1.00,false,0.00,USD,-0.44,5213181.00,1.08,16281427142.01,USD,34.55,0.65,70.20,3.70,Finance,america,Finance,Buy,Buy,-0.44,-3.46,-11.55,-6.38,-2.88,-4.80,-12.48,-35.71,-28.58,755.14,1.57,1.91,StrongSell,Strong sell,StrongSell,Strong sell,Neutral,Neutral,30.76,-1.84,-1.27,-137.72,5.49,7.07,0.00,22.64,-0.22,0.00,1959.00,-0.35,5213181.00,-13.44,22.60,0.04,949013.00,-6.67,34.55,0.49,2.39,1.72,29.81,0.00,30.65,21198427142.01,3.09,50.23,22.75,23.27,24.27,24.04,24.15,24.28,31.00,38.00,28.00,30.00,0.33,0.08,0.09,7181989552.00,1849387604.00,1928224533.00
[object Object],EDPR,EDP Renewables SA,EURONEXT,13.14,stock,common,100.00,1.00,false,0.00,EUR,-0.38,1192523.00,1.23,16248062375.92,USD,45.17,0.33,0.00,0.94,Utilities,portugal,Utilities,Buy,Buy,-0.38,-4.23,-1.50,-3.60,-1.94,9.50,29.46,-40.54,85.67,64.25,2.44,2.16,Sell,Sell,StrongSell,Strong sell,Sell,Sell,40.60,-0.67,-0.31,-131.54,19.60,18.25,0.00,0.00,0.00,0.00,0.00,0.08,1192523.00,-8.20,13.14,0.00,600054.00,37.53,45.17,0.00,5.31,1.33,0.00,0.00,24.62,29549901004.22,9.89,28.53,13.95,13.44,13.50,13.68,13.81,13.33,17.69,20.92,11.62,18.25,0.55,0.08,0.09,3251049467.99,767767892.11,741292552.74
[object Object],BG,BAWAG Group AG,VIE,178.20,stock,common,10.00,1.00,false,0.00,EUR,-1.49,129619.00,1.38,16192114238.65,USD,15.58,13.06,13.98,3.45,Finance,austria,Finance,StrongBuy,Strong buy,-1.49,0.68,-2.14,15.04,50.38,38.89,60.25,249.07,271.25,271.25,1.85,1.69,Neutral,Neutral,Neutral,Neutral,Sell,Sell,50.40,-2.50,0.84,-30.18,73.18,72.79,"hanging_man_bearish,long_lower_shadow_bullish",0.00,0.00,0.00,0.00,-1.00,129619.00,27.12,178.20,0.00,99091.00,56.78,15.58,1.13,5.21,2.92,11.12,12.67,0.00,22341474738.65,5.06,0.00,0.00,179.04,178.82,177.17,166.38,148.45,228.56,258.01,203.39,230.12,14.66,0.00,0.00,2805534050.55,0.00,0.00
[object Object],LDOS,"Leidos Holdings, Inc.",NYSE,128.14,stock,common,100.00,1.00,false,0.00,USD,-0.85,1183883.00,1.02,16080572522.71,USD,11.94,10.73,1.47,1.31,Technology services,america,Technology Services,Buy,Buy,-0.85,-7.31,-6.69,5.37,-26.77,-28.65,-28.11,29.49,204.59,174.42,2.82,2.70,Sell,Sell,StrongSell,Strong sell,Neutral,Neutral,41.92,-6.40,0.42,-171.79,5.77,7.33,0.00,128.80,-0.34,-0.19,764.00,0.19,1183883.00,-25.77,128.14,0.00,181046.00,-26.37,11.94,8.20,0.92,3.04,7.02,7.46,19.45,21880572522.71,1.24,10.52,9.19,135.39,134.66,124.08,126.02,152.54,156.60,225.00,125.00,160.00,12.38,2.91,3.05,18323440767.00,4436589000.00,4712244507.00
[object Object],ADM,Admiral Group plc,LSE,3778.00,stock,common,1.00,2.00,false,0.00,GBX,-2.02,762644.00,0.79,15983974041.11,USD,16.63,3.01,-15.85,5.32,Finance,uk,Finance,Buy,Buy,-2.02,-4.06,-1.61,9.95,16.82,17.40,13.80,8.53,88.90,1218.67,1.76,1.86,Sell,Sell,Sell,Sell,Sell,Sell,43.40,-294.00,-5.90,-119.03,12.59,12.87,0.00,0.00,0.00,0.00,0.00,-1.30,762644.00,72.94,3778.00,0.00,394110.00,11.63,16.63,0.00,2.11,7.72,25.33,31.58,0.00,18803845251.11,2.54,0.00,0.00,3925.00,3881.20,3773.52,3569.56,3308.82,54.14,61.15,35.48,56.87,3.20,1.31,1.61,6848652614.77,3761704241.10,3591989758.50
[object Object],ING,ING Bank Slaski S.A.,GPW,452.00,stock,common,10.00,2.00,false,0.00,PLN,-0.79,12469.00,0.59,15963556142.02,USD,13.08,9.18,-1.34,5.86,Finance,poland,Finance,Sell,Sell,-0.79,1.85,1.57,3.57,17.10,32.36,43.72,96.52,210.65,569.63,2.32,1.83,Buy,Buy,StrongBuy,Strong buy,Neutral,Neutral,56.35,2.20,1.36,129.38,85.18,74.76,long_lower_shadow_bullish,0.00,0.00,0.00,0.00,-0.75,12469.00,-35.80,0.00,0.00,0.00,45.03,13.08,0.00,4.61,2.99,3.87,3.91,0.00,20539572262.02,4.39,0.00,0.00,445.44,445.87,448.40,437.35,410.43,113.80,119.05,105.13,117.70,8.89,0.00,0.00,3343613821.04,802051237.50,0.00
[object Object],BALL,Ball Corporation,NYSE,60.29,stock,common,100.00,1.00,false,0.00,USD,-1.20,2016603.00,1.20,15958964405.35,USD,17.15,3.52,64.15,1.31,Process industries,america,Process Industries,Buy,Buy,-1.20,-4.74,-4.20,10.02,-3.27,13.63,18.29,-37.07,49.79,17951.76,1.50,1.67,Sell,Sell,StrongSell,Strong sell,Neutral,Neutral,35.16,-3.79,-1.01,-181.65,16.25,32.95,falling_window_bearish,0.00,0.00,0.00,0.00,-0.44,2016603.00,10.32,60.29,0.00,405956.00,22.77,17.15,0.27,1.13,2.78,11.29,19.47,32.28,23061964405.35,1.59,13.88,10.02,62.71,63.12,62.86,60.46,59.23,73.31,79.00,65.00,74.00,4.02,0.99,1.06,14968400782.00,3691884072.00,3767613827.00
[object Object],URW,Unibail-Rodamco-Westfield SE Stapled Secs Cons of 1 Sh Unibail Rodamco + 1 Sh WFD Unib Rod,EURONEXT,93.84,fund,reit,100.00,2.00,false,0.00,EUR,-1.03,337633.00,1.11,15926479192.53,USD,8.69,12.33,102.25,4.75,Finance,france,Finance,Buy,Buy,-1.03,-3.16,-9.86,-4.94,0.11,0.79,7.05,36.49,-60.46,-46.70,1.23,1.26,StrongSell,Strong sell,StrongSell,Strong sell,Sell,Sell,17.73,-8.41,-6.30,-132.65,3.91,8.08,0.00,0.00,0.00,0.00,0.00,-0.82,337633.00,-1.58,93.84,0.00,215875.00,12.31,8.69,0.09,4.62,0.83,8.50,16.87,4.84,45839456307.53,13.37,22.90,22.55,96.75,101.35,102.21,101.26,98.54,135.87,156.78,116.13,137.04,10.88,5.61,5.34,2889786127.74,1696807650.58,1695375202.50
[object Object],AKAM,"Akamai Technologies, Inc.",NASDAQ,110.75,stock,common,100.00,1.00,false,0.00,USD,4.87,4564437.00,1.62,15916615067.05,USD,39.95,2.77,-1.72,0.00,Technology services,america,Technology Services,Buy,Buy,4.87,4.48,3.15,-14.79,4.85,26.86,40.71,-2.44,105.47,0.68,4.20,3.82,Neutral,Neutral,Sell,Sell,Buy,Buy,48.62,5.01,-7.70,-15.04,42.00,24.49,0.00,108.60,2.83,-0.35,14314.00,2.98,4564437.00,21.15,112.00,1.13,372078.00,35.81,39.95,0.00,3.75,3.35,11.76,27.02,5.07,21900214067.05,5.07,42.51,17.61,107.50,113.14,115.76,122.39,109.79,156.14,195.00,93.00,158.00,6.72,1.57,1.68,4491275730.00,1091295536.00,1118245461.00
[object Object],KIM,Kimco Realty Corporation,NYSE,23.57,stock,common,100.00,1.00,false,0.00,USD,-0.80,4931959.00,0.89,15810505548.91,USD,27.63,0.85,2.92,4.34,Finance,america,Finance,Buy,Buy,-0.80,-2.72,-3.12,-7.68,1.55,16.51,4.43,9.78,-22.49,430.32,1.42,1.20,Sell,Sell,StrongSell,Strong sell,Sell,Sell,36.03,-0.49,-0.75,-148.48,15.54,21.15,0.00,23.70,-0.25,-0.38,1295.00,-0.04,4931959.00,-19.43,23.57,0.00,1261865.00,6.10,27.63,9.54,7.26,1.54,13.43,19.90,22.61,24436293548.91,11.12,32.22,17.75,23.84,24.33,24.82,24.50,23.08,27.07,31.00,24.00,26.00,0.84,0.20,0.20,2214775466.00,543753979.00,551891907.00
[object Object],STZ,"Constellation Brands, Inc. Class A",NYSE,121.55,stock,common,100.00,1.00,false,0.00,USD,0.47,2369260.00,1.11,15745976110.71,USD,11.60,10.48,0.00,3.39,Consumer non-durables,america,Consumer Non-Durables,Buy,Buy,0.47,-7.78,-9.35,-14.09,-19.32,-12.17,-16.75,-43.48,-26.78,6334.93,3.39,2.39,Sell,Sell,StrongSell,Strong sell,Buy,Buy,29.84,-13.46,-4.70,-231.39,5.68,7.15,spinning_top_black,120.98,0.00,0.49,1931.00,0.66,2369260.00,-47.91,121.56,0.01,303303.00,-34.65,11.60,0.00,2.30,2.52,7.78,11.43,216.94,26477376110.71,2.92,9.65,8.39,128.70,131.85,132.25,139.42,145.07,170.73,209.00,115.00,173.50,11.80,3.19,3.61,9102809368.00,2388444554.00,2545129094.00
[object Object],MAP,Mapfre SA,BME,4.37,stock,common,1000.00,2.00,false,0.00,EUR,-1.49,1908964.00,1.25,15725059181.70,USD,11.33,0.44,10.93,3.30,Finance,spain,Finance,Neutral,Neutral,-1.49,-1.80,-1.13,9.36,20.19,2.44,14.70,140.11,79.25,237.19,1.46,1.21,Sell,Sell,Sell,Sell,Sell,Sell,42.46,-0.09,0.04,-96.77,43.61,62.71,0.00,0.00,0.00,0.00,0.00,-0.45,1908964.00,45.27,0.00,0.00,0.00,18.76,11.33,1.05,0.45,1.34,5.30,5.44,0.00,20372185546.70,0.59,0.00,0.00,4.47,4.43,4.43,4.29,4.14,4.88,5.34,4.24,4.85,0.48,0.00,0.00,34644033634.92,0.00,0.00
[object Object],APA,APA Corporation,NASDAQ,44.84,stock,common,100.00,1.00,false,0.00,USD,2.96,4917225.00,1.16,15709761049.96,USD,9.48,4.73,58.66,2.30,Energy minerals,america,Energy Minerals,Neutral,Neutral,2.96,2.49,17.26,15.96,34.45,82.42,100.81,138.13,-20.72,2115.16,2.01,2.80,Buy,Buy,StrongBuy,Strong buy,Neutral,Neutral,64.61,3.49,3.87,101.21,69.88,69.59,0.00,44.34,1.81,1.95,21022.00,2.04,4917225.00,12.45,44.89,0.11,748794.00,92.97,9.48,0.16,1.75,2.24,3.51,7.55,35.75,20069761049.96,2.28,5.52,3.30,43.36,40.90,38.28,37.73,33.77,44.96,57.00,36.00,44.00,5.92,1.90,1.28,8926872880.00,2460458417.00,2204162326.00
[object Object],COLO_B,Coloplast A/S Class B,OMXCOP,432.00,stock,common,10.00,1.00,false,0.00,DKK,-3.29,433170.00,1.10,15588759134.63,USD,35.24,1.87,-32.23,5.15,Health technology,denmark,Health Technology,Neutral,Neutral,-3.29,-8.88,-1.50,14.29,-1.82,-20.85,-30.35,-61.36,-14.96,533.43,2.63,2.78,Sell,Sell,StrongSell,Strong sell,Sell,Sell,43.71,-22.20,12.45,-85.88,28.19,42.33,0.00,0.00,0.00,0.00,0.00,-2.62,433170.00,50.91,0.00,0.00,0.00,-22.73,35.24,0.00,3.54,7.28,12.69,15.53,119.17,19153887734.63,4.42,16.84,10.51,457.91,444.03,430.03,413.09,461.94,73.19,96.94,58.47,71.35,3.97,0.93,0.86,4523069878.03,1106456689.19,1140214198.87
[object Object],KRZ,Kerry Group PLC,EURONEXT,83.55,stock,common,100.00,5.00,false,0.00,EUR,-1.36,182410.00,0.62,15569973928.02,USD,21.29,4.48,-7.27,1.65,Process industries,ireland,Process Industries,Buy,Buy,-1.36,-0.36,0.84,9.07,21.00,9.00,5.76,-33.05,12.91,446.08,1.90,1.78,Neutral,Neutral,Buy,Buy,Neutral,Neutral,50.03,-1.75,0.40,1.77,43.21,50.11,"long_upper_shadow_bearish,shooting_star_bearish",0.00,0.00,0.00,0.00,-1.48,182410.00,-25.44,83.55,0.00,104543.00,6.04,21.29,0.00,2.06,2.17,18.09,29.57,29.55,18167003473.02,2.40,17.78,13.14,84.08,83.51,83.31,78.57,75.82,111.55,122.35,87.39,111.86,5.99,2.46,3.50,8013483179.08,3848160891.46,4061113233.45
[object Object],SOLV,Solventum Corporation,NYSE,90.03,stock,common,100.00,1.00,false,0.00,USD,-0.09,803479.00,0.92,15325243381.74,USD,11.00,8.18,276.86,0.00,Health services,america,Health Services,Buy,Buy,-0.09,-1.20,9.41,11.44,34.90,13.62,21.50,-1.12,-1.12,-1.12,1.68,2.25,Buy,Buy,StrongBuy,Strong buy,Sell,Sell,56.45,-1.58,3.82,-0.49,50.21,61.48,0.00,90.20,0.10,0.00,1369.00,-0.99,803479.00,-27.30,90.03,0.00,190578.00,26.36,11.00,0.04,1.88,3.19,74.65,0.00,38.72,20208243381.74,2.43,28.66,17.07,91.18,88.49,84.46,79.42,77.52,95.83,113.00,70.00,97.50,7.16,1.90,1.34,8238362920.00,2154045686.00,1933864246.00
[object Object],IPN,Ipsen SA,EURONEXT,158.50,stock,common,10.00,1.00,false,0.00,EUR,-0.44,73632.00,0.85,15306379208.33,USD,25.65,7.06,15.12,1.01,Health technology,france,Health Technology,Neutral,Neutral,-0.44,-5.26,-1.67,2.46,3.32,33.53,32.41,94.67,172.81,613.96,2.08,2.30,Sell,Sell,StrongSell,Strong sell,Sell,Sell,42.91,-7.40,1.62,-105.51,22.27,35.71,0.00,0.00,0.00,0.00,0.00,-0.06,73632.00,-32.92,158.50,0.00,53840.00,42.97,25.65,1.70,3.26,2.78,10.08,10.72,6.67,14136140793.33,3.06,10.15,6.38,164.56,161.92,162.49,161.73,151.98,193.40,272.91,150.97,197.42,17.15,7.42,8.32,5310522294.42,2418312050.00,2684678275.00
[object Object],INF,Informa Plc,LSE,886.40,stock,common,10.00,2.00,false,0.00,GBX,-0.98,3156953.00,1.06,15153720708.64,USD,51.15,0.23,219.74,2.51,Technology services,uk,Technology Services,Buy,Buy,-0.98,0.64,-1.99,10.17,16.54,-0.36,-2.79,67.56,35.60,271.73,2.64,1.73,Sell,Sell,Sell,Sell,Neutral,Neutral,45.70,-12.20,1.30,-86.04,45.77,56.98,0.00,0.00,0.00,0.00,0.00,-0.80,3156953.00,146.75,886.40,0.00,1291864.00,-1.53,51.15,0.24,2.80,1.96,13.10,13.52,18.89,20890900728.64,3.87,20.73,12.99,896.10,900.77,897.03,860.52,854.55,14.78,17.39,12.18,14.62,0.77,0.32,0.41,5819119169.78,2671806500.10,3010419233.25
[object Object],LUND_B,L E Lundbergforetagen AB Class B,OMXSTO,582.00,stock,common,10.00,5.00,false,0.00,SEK,-0.85,81892.00,0.49,15125346400.00,USD,7.81,7.66,154.56,0.83,Finance,sweden,Finance,Neutral,Neutral,-0.85,-0.34,-0.26,9.92,6.69,13.78,21.66,8.02,111.64,1906.90,1.37,1.47,Buy,Buy,StrongBuy,Strong buy,Neutral,Neutral,55.58,12.50,13.34,51.88,73.91,79.70,engulfing_bearish,0.00,0.00,0.00,0.00,0.00,81892.00,7.39,0.00,0.00,0.00,21.65,7.81,0.05,5.05,1.01,17.29,20.94,0.00,22867247100.00,7.72,27.10,22.92,586.30,574.77,567.98,554.05,541.79,64.50,72.24,59.89,62.92,0.00,0.00,0.00,0.00,0.00,0.00
[object Object],ELI,Elia Group SA/NV,EURONEXT,120.10,stock,common,10.00,1.00,false,0.00,EUR,0.67,133570.00,1.19,15120197422.09,USD,20.62,6.65,-2.78,1.20,Utilities,belgium,Utilities,Buy,Buy,0.67,-5.06,-8.95,-9.97,-10.44,8.49,27.29,20.02,185.54,353.03,2.00,2.40,StrongSell,Strong sell,StrongSell,Strong sell,Sell,Sell,35.64,-8.20,-8.53,-103.83,23.70,21.32,0.00,0.00,0.00,0.00,0.00,0.17,133570.00,177.70,120.10,0.00,104897.00,27.64,20.62,0.00,2.69,1.67,6.90,0.00,3.80,34289927882.09,6.21,16.29,11.46,122.67,126.59,130.89,133.44,127.75,174.08,197.62,145.31,174.66,7.83,4.13,4.19,6665857594.26,3632868876.74,3239802785.15
[object Object],HST,"Host Hotels & Resorts, Inc.",NASDAQ,22.04,stock,common,100.00,1.00,false,0.00,USD,-0.14,6352604.00,0.86,15100141338.60,USD,14.79,1.49,57.83,3.62,Finance,america,Finance,Buy,Buy,-0.14,1.66,-5.16,-7.97,16.77,24.17,27.40,38.53,29.72,662.97,1.10,1.70,Sell,Sell,StrongSell,Strong sell,Neutral,Neutral,37.27,-0.96,-1.30,-89.16,28.60,28.20,0.00,21.99,-0.36,-0.23,1100.00,-0.54,6352604.00,-48.95,22.10,0.27,1442573.00,28.17,14.79,0.26,2.44,2.36,9.45,14.95,7.75,19022141338.60,3.06,21.30,11.32,22.09,23.11,23.38,23.11,20.98,25.24,29.00,21.00,25.00,1.38,0.34,0.09,6125729298.00,1615766898.00,1355500191.00
[object Object],GJF,Gjensidige Forsikring ASA,OSL,276.40,stock,common,10.00,2.00,false,0.00,NOK,-0.50,275969.00,0.95,15045291951.62,USD,19.89,1.40,5.89,3.60,Finance,norway,Finance,Buy,Buy,-0.50,-1.99,-2.33,9.51,4.46,-8.48,-0.07,38.20,86.63,368.47,1.02,1.15,Sell,Sell,Sell,Sell,Sell,Sell,42.18,-8.40,-1.40,-183.47,14.29,30.22,0.00,0.00,0.00,0.00,0.00,-0.22,275969.00,24.13,276.40,0.00,214196.00,4.15,19.89,3.39,2.69,6.27,17.79,18.45,0.00,15842093871.62,3.15,0.00,0.00,281.66,281.65,279.58,268.71,271.68,31.45,34.52,26.24,31.73,1.55,0.43,0.49,4567002224.47,1138634517.39,1289496263.56
[object Object],UPM,UPM-Kymmene Oyj,OMXHEX,25.60,stock,common,100.00,1.00,false,0.00,EUR,5.39,2527174.00,2.44,14889474836.65,USD,21.60,1.35,82.65,6.18,Process industries,finland,Process Industries,Buy,Buy,5.39,5.48,9.17,3.43,-3.94,2.81,7.20,-26.01,42.06,24.42,2.60,1.73,StrongBuy,Strong buy,StrongBuy,Strong buy,Buy,Buy,75.10,1.84,0.77,201.81,83.59,79.29,0.00,0.00,0.00,0.00,0.00,0.04,2527174.00,113.46,0.00,0.00,0.00,2.57,21.60,0.25,1.35,1.36,11.62,17.07,29.47,19238200286.65,1.78,21.68,13.07,24.27,23.70,23.47,24.22,24.73,30.09,44.16,20.22,30.62,1.68,0.33,0.35,11247396039.96,2776216668.14,2739603025.01
[object Object],ALB,Albemarle Corporation,NYSE,125.91,stock,common,100.00,1.00,false,0.00,USD,-2.82,2531149.00,1.08,14858017729.24,USD,0.00,-0.04,99.61,1.25,Process industries,america,Process Industries,Buy,Buy,-2.82,-6.00,-4.16,-16.79,-23.26,-12.42,67.39,-47.10,52.14,1636.69,4.70,3.73,Sell,Sell,StrongSell,Strong sell,Neutral,Neutral,42.61,-7.27,2.04,-152.53,22.23,24.81,tweezer_top_bearish,130.00,0.33,0.01,2483.00,0.70,2531149.00,-49.02,125.92,0.01,694705.00,72.42,0.00,0.00,2.99,1.85,9.53,12.78,10.51,17719057729.24,3.00,21.24,11.98,132.98,130.09,127.82,151.87,156.62,176.00,225.00,140.00,172.50,11.25,3.20,2.56,6119023308.00,1606941023.00,1530188874.00
[object Object],WISE,Wise Group plc Class A,LSE,915.20,stock,common,10.00,2.00,false,0.00,GBX,-1.08,1827630.00,1.31,14857687549.00,USD,0.00,0.00,0.00,0.00,Commercial services,uk,Commercial Services,StrongBuy,Strong buy,-1.08,-4.07,-0.17,16.14,2.09,2.60,-20.42,-7.91,14.40,14.40,3.29,3.00,StrongSell,Strong sell,StrongSell,Strong sell,Sell,Sell,42.49,-46.40,15.63,-117.03,15.62,26.79,0.00,0.00,0.00,0.00,0.00,-1.38,1827630.00,30.37,915.20,0.00,563372.00,-18.95,0.00,0.00,0.00,6.45,0.00,0.00,2.31,9839319477.83,0.00,0.00,0.00,954.12,935.31,935.11,934.20,915.36,16.57,18.50,13.00,16.90,0.57,0.27,0.29,2907935487.90,1261323388.00,1381647610.00
[object Object],MAA,"Mid-America Apartment Communities, Inc.",NYSE,127.48,stock,common,100.00,1.00,false,0.00,USD,-0.32,1247748.00,1.60,14790478085.82,USD,37.24,3.42,-29.50,4.77,Finance,america,Finance,Neutral,Neutral,-0.32,-1.69,-5.25,-8.68,-1.54,-7.96,-11.42,-34.54,33.43,489.50,1.30,1.43,Sell,Sell,StrongSell,Strong sell,Neutral,Neutral,36.89,-4.50,-3.57,-119.42,8.81,9.48,spinning_top_black,125.10,-2.18,-2.18,100.00,0.05,1247748.00,27.77,127.48,0.00,294329.00,-11.12,37.24,0.00,6.69,2.71,14.65,22.96,227.77,20589350085.82,9.28,33.41,16.38,128.90,131.57,133.25,132.41,132.19,143.16,160.00,121.00,145.00,3.69,0.76,0.80,2229275407.00,556184457.00,559194785.00
[object Object],LIFCO_B,Lifco AB Class B,OMXSTO,306.40,stock,common,10.00,2.00,false,0.00,SEK,-2.11,339503.00,0.96,14771431239.85,USD,36.12,0.87,12.86,0.86,Producer manufacturing,sweden,Producer Manufacturing,Buy,Buy,-2.11,-2.05,-7.26,1.73,4.22,-13.20,-8.65,21.15,523.27,1292.73,1.94,1.63,StrongSell,Strong sell,StrongSell,Strong sell,Sell,Sell,36.31,-11.20,-5.62,-213.87,29.84,38.77,0.00,0.00,0.00,0.00,0.00,-0.51,339503.00,-23.02,0.00,0.00,0.00,-5.58,36.12,2.87,4.86,6.85,26.61,29.21,104.09,15884200239.85,5.29,28.64,21.06,314.48,319.01,319.89,309.66,314.24,38.02,45.41,34.45,37.27,1.08,0.24,0.23,3305615927.80,784229247.94,776989185.87
[object Object],SY1,Symrise AG,XETR,88.70,stock,common,100.00,2.00,false,0.00,EUR,-1.99,250997.00,0.89,14704260656.35,USD,49.88,2.03,-50.97,1.38,Process industries,germany,Process Industries,Buy,Buy,-1.99,-4.03,-3.23,7.10,21.37,28.59,6.74,-25.77,36.46,414.20,1.91,1.86,Sell,Sell,Sell,Sell,Sell,Sell,43.34,-4.04,0.09,-42.10,29.73,44.56,0.00,90.02,-0.53,-0.53,25.00,-0.46,250997.00,88.67,88.70,0.00,186287.00,10.04,49.88,0.00,2.55,3.26,14.52,18.39,27.23,16852508942.10,3.00,25.45,16.99,91.21,90.52,89.76,84.47,78.27,115.50,127.87,86.02,116.25,4.64,2.16,2.14,5911783151.17,2875556613.60,2891013150.00
[object Object],ERF,Eurofins Scientific SE,EURONEXT,70.94,stock,common,100.00,2.00,false,0.00,EUR,-0.37,413214.00,1.58,14566892815.76,USD,24.65,3.29,26.97,1.01,Commercial services,france,Commercial Services,Neutral,Neutral,-0.37,-0.53,1.37,9.51,16.72,13.69,10.60,-43.44,89.50,51380.41,2.48,2.03,Neutral,Neutral,Sell,Sell,Neutral,Neutral,48.05,-1.88,1.53,-40.41,42.29,51.22,long_upper_shadow_bearish,0.00,0.00,0.00,0.00,-0.53,413214.00,55.81,70.94,0.00,164009.00,11.86,24.65,0.92,1.77,3.40,9.56,20.56,21.09,20246158535.76,2.40,19.26,10.87,72.22,71.04,70.15,66.34,65.64,83.38,99.97,67.42,80.21,4.66,2.18,1.88,8905632438.75,4231223804.30,4423576767.95
[object Object],MONC,Moncler SpA,MIL,45.16,stock,common,100.00,1.00,false,0.00,EUR,-1.74,1169354.00,1.27,14462434114.85,USD,19.23,2.68,3.85,3.05,Consumer non-durables,italy,Consumer Non-Durables,Buy,Buy,-1.74,-2.15,-10.96,-18.07,-13.88,-19.07,-3.69,-18.54,201.07,213.61,2.37,2.32,StrongSell,Strong sell,StrongSell,Strong sell,Sell,Sell,34.40,-2.43,-2.19,-140.63,14.60,16.70,0.00,0.00,0.00,0.00,0.00,-1.00,1169354.00,37.77,45.16,0.00,55.00,-5.54,19.23,5.09,3.91,3.37,11.96,15.37,23.94,15303457390.25,4.19,14.35,10.44,46.40,48.10,48.93,50.94,52.28,71.73,81.35,61.60,69.73,2.82,0.68,2.13,3843357550.61,1471905962.71,2331874700.00
[object Object],DOC,"Healthpeak Properties, Inc.",NYSE,20.39,stock,common,100.00,1.00,false,0.00,USD,-0.59,3837707.00,0.92,14406090210.45,USD,58.29,0.35,49.04,5.95,Finance,america,Finance,Buy,Buy,-0.59,-1.59,-4.27,0.44,18.68,27.12,11.42,-42.84,-40.90,326.44,1.73,1.71,Sell,Sell,Sell,Sell,Sell,Sell,37.30,-1.27,-0.58,-124.39,11.48,23.29,0.00,20.44,-0.34,-0.05,5345.00,-0.15,3837707.00,7.14,20.39,0.00,805506.00,18.05,58.29,1.20,4.80,1.79,11.17,12.69,8.18,24661475210.45,8.36,46.58,15.16,20.90,21.14,21.49,20.26,18.64,23.03,29.00,17.00,23.00,0.45,0.03,0.05,3017018849.00,725644112.00,742710535.00
[object Object],BVI,Bureau Veritas SA,EURONEXT,27.68,stock,common,100.00,1.00,false,0.00,EUR,0.14,1013277.00,1.50,14250991517.09,USD,24.57,1.29,-22.53,3.33,Commercial services,france,Commercial Services,Buy,Buy,0.14,1.95,-2.40,10.41,-1.42,2.29,3.67,-2.88,44.24,38079.31,1.43,1.25,Buy,Buy,StrongBuy,Strong buy,Neutral,Neutral,54.09,-0.03,-0.45,82.89,47.27,33.50,0.00,0.00,0.00,0.00,0.00,-0.58,1013277.00,103.23,27.68,0.00,632075.00,5.78,24.57,0.00,1.89,7.41,12.90,15.31,13.15,16745609217.09,2.24,15.44,11.69,27.33,27.70,27.54,26.79,27.06,37.89,44.75,32.55,37.20,1.80,0.74,1.05,7909799136.97,3686554833.22,4146879956.90
[object Object],BCVN,Banque Cantonale Vaudoise,SIX,128.00,stock,common,10.00,1.00,false,0.00,CHF,-4.41,57412.00,0.80,14210046595.74,USD,24.97,6.34,1.46,3.29,Finance,switzerland,Finance,Neutral,Neutral,-4.41,-2.29,3.06,8.47,6.31,27.62,37.04,69.31,92.48,1423.81,2.11,1.94,Buy,Buy,Buy,Buy,Neutral,Neutral,50.56,2.30,6.56,50.98,81.75,90.71,marubozu_black_bearish,0.00,0.00,0.00,0.00,0.07,57412.00,29.99,128.00,0.00,34971.00,41.03,24.97,17.93,9.30,2.87,0.00,0.00,0.00,24514919195.74,13.57,0.00,0.00,130.77,126.56,125.71,121.92,116.11,131.68,138.26,125.92,130.86,6.65,0.00,0.00,1492831551.79,724322050.00,0.00
[object Object],IVZ,Invesco Ltd.,NYSE,32.09,stock,common,100.00,1.00,false,0.00,USD,-0.77,2862100.00,0.87,14167728211.88,USD,0.00,-0.70,-175.03,2.63,Finance,america,Finance,Buy,Buy,-0.77,0.31,2.03,16.35,38.62,21.42,45.53,30.71,2.00,377.17,2.14,2.49,Neutral,Neutral,Buy,Buy,Sell,Sell,51.74,-0.63,0.84,-34.47,52.94,55.74,0.00,32.26,-0.25,-0.15,954.00,0.15,2862100.00,18.96,32.09,0.00,582040.00,44.71,0.00,0.00,2.06,1.42,7.14,7.46,9.06,17690228211.88,2.48,10.97,10.09,32.58,31.88,30.67,28.87,27.33,34.04,39.00,29.00,34.00,2.81,0.67,0.74,5431153849.00,1318170080.00,1392284067.00
[object Object],EG,"Everest Group, Ltd.",NYSE,367.87,stock,common,100.00,1.00,false,0.00,USD,-0.53,376973.00,1.16,14105141519.56,USD,7.79,47.25,146.14,2.16,Finance,america,Finance,Neutral,Neutral,-0.53,-3.25,-0.47,8.33,13.38,8.78,8.27,39.60,88.65,1861.97,1.58,1.66,Sell,Sell,Sell,Sell,Sell,Sell,44.70,-7.52,2.53,-82.43,41.27,61.73,0.00,367.15,-0.72,-0.52,2153.00,-1.08,376973.00,-29.53,367.87,0.00,70021.00,-0.78,7.79,0.05,0.86,0.92,6.39,6.39,0.00,17694141519.56,1.06,0.00,0.00,377.14,373.24,373.84,358.94,343.35,404.81,480.00,350.00,398.00,53.54,14.52,8.42,15579022287.00,3993517940.00,3808720567.00
[object Object],CPT,Camden Property Trust,NYSE,104.11,stock,common,100.00,1.00,false,0.00,USD,-0.57,1097634.00,1.22,14079768857.26,USD,34.46,3.02,110.85,4.03,Finance,america,Finance,Neutral,Neutral,-0.57,-2.19,-6.63,-9.71,0.91,-5.03,-5.23,-31.80,15.65,357.63,1.43,1.39,StrongSell,Strong sell,StrongSell,Strong sell,Neutral,Neutral,33.00,-4.17,-3.90,-130.06,11.25,12.63,0.00,0.00,0.00,0.00,0.00,0.32,1097634.00,-14.11,104.11,0.00,181359.00,-7.84,34.46,0.31,6.78,2.81,13.20,33.06,192.25,18973553857.26,12.01,67.81,21.16,105.72,108.58,110.75,109.20,107.35,116.97,132.00,105.00,116.00,1.08,0.31,0.19,1543939568.00,392874687.00,384428769.00
[object Object],CA,Carrefour SA,EURONEXT,16.41,stock,common,1000.00,5.00,false,0.00,EUR,-1.44,1754971.00,0.99,14072396289.90,USD,15.46,1.21,147.85,5.82,Retail trade,france,Retail Trade,Buy,Buy,-1.44,2.24,3.89,-0.03,6.28,15.56,33.62,5.60,-27.51,-9.71,1.61,1.38,Buy,Buy,StrongBuy,Strong buy,Sell,Sell,57.77,0.47,0.48,141.33,83.90,87.23,0.00,0.00,0.00,0.00,0.00,-0.48,1754971.00,-0.62,16.41,0.00,1197662.00,32.53,15.46,0.11,0.14,1.05,3.21,4.70,2.22,34275777289.90,0.37,13.44,6.65,16.12,15.93,16.09,16.32,15.58,19.61,25.56,10.46,20.91,2.03,0.54,1.36,96693836960.40,45835471443.86,50476769925.25
[object Object],TYL,"Tyler Technologies, Inc.",NYSE,342.68,stock,common,100.00,1.00,false,0.00,USD,-1.48,697439.00,0.56,14033525660.55,USD,45.41,7.55,7.90,0.00,Technology services,america,Technology Services,Buy,Buy,-1.48,-8.10,11.13,15.06,-1.60,-23.96,-39.49,-29.14,103.60,9272.44,4.05,3.62,Sell,Sell,Sell,Sell,Neutral,Neutral,48.14,-7.38,29.38,-38.55,30.67,53.12,0.00,349.00,0.34,0.48,469.00,-0.17,697439.00,-9.87,342.68,0.00,97235.00,-35.92,45.41,5.83,5.99,4.62,19.63,20.08,14.79,14518520660.55,5.98,39.47,27.79,365.78,339.65,327.37,320.46,356.37,423.14,525.00,335.00,425.00,13.08,3.05,3.48,2554948732.00,647946789.00,651705541.00
[object Object],PTC,PTC Inc.,NASDAQ,128.89,stock,common,100.00,1.00,false,0.00,USD,-3.28,2369341.00,1.74,13985371861.75,USD,12.46,10.34,143.85,0.00,Technology services,america,Technology Services,Buy,Buy,-3.28,-14.99,-11.77,-3.78,-18.68,-26.07,-39.62,-0.94,194.74,6970.50,4.23,3.15,StrongSell,Strong sell,StrongSell,Strong sell,Sell,Sell,32.97,-22.25,-1.08,-269.96,2.86,12.77,0.00,133.41,0.12,0.12,100.00,-0.19,2369341.00,21.57,128.89,0.00,327206.00,-36.36,12.46,0.09,5.19,4.11,15.53,15.86,42.09,15241011861.75,5.16,12.97,11.64,147.86,147.09,137.16,135.83,148.30,174.05,230.00,140.00,170.00,8.19,1.57,1.96,2723229852.00,611619659.00,660890834.00
[object Object],VAR,Var Energi ASA,OSL,53.06,stock,common,100.00,2.00,false,0.00,NOK,3.03,6653721.00,1.13,13926152359.81,USD,11.17,0.48,101.82,9.49,Energy minerals,norway,Energy Minerals,Buy,Buy,3.03,4.04,13.74,8.29,30.79,60.74,60.16,89.50,89.50,89.50,2.28,2.07,StrongBuy,Strong buy,StrongBuy,Strong buy,Buy,Buy,71.84,4.61,2.41,199.19,87.23,77.64,0.00,0.00,0.00,0.00,0.00,1.01,6653721.00,29.63,53.06,0.00,3726446.00,50.49,11.17,0.11,1.23,58.00,2.55,4.66,5.34,19051670821.62,1.81,3.63,2.15,50.28,48.92,47.14,46.25,41.45,5.34,6.25,3.87,5.40,0.66,0.21,0.15,11787001045.11,3709667603.00,3125445509.00
[object Object],MKC,"McCormick & Company, Incorporated",NYSE,51.48,stock,common,100.00,1.00,false,0.00,USD,-0.81,2192750.00,0.89,13850605721.22,USD,8.57,6.01,108.65,3.64,Consumer non-durables,america,Consumer Non-Durables,Buy,Buy,-0.81,-5.26,-2.31,3.83,-11.36,-24.56,-26.34,-41.69,2.78,6058.35,2.05,2.27,Sell,Sell,StrongSell,Strong sell,Neutral,Neutral,39.61,-3.00,-0.71,-175.50,11.18,10.25,doji,51.68,-0.42,0.19,700.00,-0.75,2192750.00,-19.26,51.48,0.00,501481.00,-22.86,8.57,0.08,1.89,1.98,11.25,13.59,41.84,19030605721.22,2.58,15.41,12.76,53.53,53.52,52.86,50.65,56.97,60.64,75.00,52.00,60.00,3.09,0.69,0.76,7908945575.00,1913593572.00,1979364900.00
[object Object],LOGN,Logitech International S.A.,SIX,79.66,stock,common,100.00,2.00,false,0.00,CHF,0.28,480331.00,0.77,13848595719.44,USD,18.44,5.35,18.52,1.59,Electronic technology,switzerland,Electronic Technology,Neutral,Neutral,0.28,-0.70,-7.44,-9.19,9.15,-0.43,-7.59,-13.41,284.83,195.58,2.84,2.80,StrongSell,Strong sell,StrongSell,Strong sell,Neutral,Neutral,45.67,-0.28,-1.27,-5.76,56.18,67.64,"harami_bullish,harami_cross_bullish,gravestone_doji_bearish,long_upper_shadow_bearish",0.00,0.00,0.00,0.00,0.18,480331.00,17.45,79.66,0.00,209928.00,-5.25,18.44,0.99,2.95,6.03,13.42,14.23,8.19,12189208600.68,2.52,13.89,12.80,80.06,81.48,81.83,82.90,79.96,112.56,142.39,84.11,113.98,5.65,1.26,1.31,4941228759.51,1202355418.00,1210994901.00
[object Object],SWK,"Stanley Black & Decker, Inc.",NYSE,91.68,stock,common,100.00,1.00,false,0.00,USD,-2.27,1541855.00,1.03,13845205867.54,USD,22.35,4.10,30.04,3.54,Consumer durables,america,Consumer Durables,Neutral,Neutral,-2.27,-3.50,-10.54,16.66,27.74,22.55,17.78,-51.28,-25.17,4077.78,2.36,2.49,Sell,Sell,Sell,Sell,Sell,Sell,37.78,-6.78,-2.25,-205.63,16.49,27.30,0.00,0.00,0.00,0.00,0.00,-0.45,1541855.00,-22.68,92.96,1.40,313423.00,29.76,22.35,0.76,0.93,1.55,8.90,10.71,22.87,17999105867.54,1.18,12.89,9.53,96.39,98.78,95.18,87.50,82.27,99.36,110.00,90.00,98.00,5.60,1.21,1.56,15169457164.00,3966862091.00,3737754307.00
[object Object],AIZ,"Assurant, Inc.",NYSE,280.44,stock,common,100.00,1.00,false,0.00,USD,-0.20,253349.00,0.99,13832357081.09,USD,13.31,21.07,52.57,1.25,Finance,america,Finance,Buy,Buy,-0.20,-0.32,-2.44,8.19,28.85,17.03,32.57,63.64,210.74,1080.80,1.12,1.78,Sell,Sell,Sell,Sell,Neutral,Neutral,46.92,-4.71,0.15,-105.36,53.97,67.11,spinning_top_white,0.00,0.00,0.00,0.00,-0.48,253349.00,-6.05,280.44,0.00,56927.00,29.22,13.31,0.25,1.04,2.27,7.47,8.44,0.00,16040457081.09,1.19,0.00,0.00,284.12,284.22,281.25,264.63,246.38,330.00,355.00,320.00,327.00,22.11,5.17,4.52,13925284112.00,3430975248.00,3477191568.00
[object Object],RVTY,"Revvity, Inc.",NYSE,123.85,stock,common,100.00,1.00,false,0.00,USD,-2.54,1882203.00,1.11,13819975252.12,USD,58.82,2.11,-10.66,0.22,Health technology,america,Health Technology,Neutral,Neutral,-2.54,-1.66,8.43,21.95,44.53,27.42,43.28,-34.99,127.33,3638.87,2.79,2.83,Neutral,Neutral,Buy,Buy,Sell,Sell,52.58,-0.99,9.27,4.04,65.05,78.21,0.00,126.75,-0.26,-0.85,2918.00,-1.03,1882203.00,25.80,123.30,-0.44,365515.00,51.01,58.82,0.00,4.87,1.91,22.03,24.77,13.51,16137835252.12,5.54,35.87,18.72,128.28,120.76,116.93,107.14,102.69,128.13,165.00,110.00,126.00,5.36,1.21,1.30,2851468575.00,702956637.00,694442782.00
[object Object],AGN,Aegon Ltd.,EURONEXT,7.87,stock,common,1000.00,2.00,false,0.00,EUR,-0.96,5558478.00,1.19,13803713413.80,USD,12.20,0.74,-22.63,5.03,Finance,netherlands,Finance,Buy,Buy,-0.96,0.92,-4.86,7.98,31.38,18.20,21.11,89.73,121.00,-72.61,1.33,1.48,Sell,Sell,Sell,Sell,Sell,Sell,44.88,-0.09,-0.13,-83.54,60.33,58.00,falling_window_bearish,0.00,0.00,0.00,0.00,-1.06,5558478.00,-3.57,7.87,0.00,2372037.00,13.33,12.20,0.00,0.46,1.31,50.15,58.93,0.00,18345405563.80,0.62,0.00,0.00,7.94,8.06,7.98,7.63,7.07,9.54,10.99,8.14,9.30,1.09,0.35,0.30,33995780871.50,0.00,0.00
[object Object],REG,Regency Centers Corporation,NASDAQ,75.34,stock,common,100.00,1.00,false,0.00,USD,-0.78,1323224.00,1.23,13796301873.35,USD,25.42,2.96,38.21,3.91,Finance,america,Finance,Buy,Buy,-0.78,-1.44,-2.16,-6.48,-2.71,9.71,3.50,9.33,-7.42,291.38,1.21,1.11,Sell,Sell,StrongSell,Strong sell,Neutral,Neutral,40.11,-1.38,-1.76,-76.07,34.25,38.72,0.00,76.10,0.22,0.00,5696.00,0.00,1323224.00,-0.12,75.34,0.00,302502.00,5.86,25.42,0.67,8.59,2.07,16.09,33.19,72.09,19591001873.35,12.08,32.43,19.05,75.64,76.91,78.50,78.57,75.99,86.94,102.00,82.00,85.00,2.50,0.59,0.61,1693345651.00,411074118.00,422187916.00
[object Object],TRYG,Tryg A/S,OMXCOP,152.40,stock,common,10.00,1.00,false,0.00,DKK,-0.85,490695.00,0.90,13751038081.90,USD,20.10,1.16,-8.02,5.47,Finance,denmark,Finance,Buy,Buy,-0.85,-3.12,-1.10,2.01,0.26,-8.19,-7.92,-1.45,43.98,293.21,1.13,1.07,StrongSell,Strong sell,StrongSell,Strong sell,Sell,Sell,42.42,-3.90,1.22,-96.36,35.01,53.41,falling_window_bearish,0.00,0.00,0.00,0.00,-0.39,490695.00,25.42,0.00,0.00,0.00,-6.17,20.10,0.00,2.07,2.43,11.61,0.00,0.00,14876753881.90,2.20,0.00,0.00,155.55,154.13,154.15,152.92,154.89,26.28,29.47,21.71,26.37,1.20,0.19,0.39,6655524716.82,1622915067.60,1660743745.15
[object Object],TXT,Textron Inc.,NYSE,79.89,stock,common,100.00,1.00,false,0.00,USD,0.44,3126351.00,1.99,13740035453.82,USD,15.08,5.30,19.88,0.10,Electronic technology,america,Electronic Technology,Buy,Buy,0.44,-0.27,-10.54,-13.22,-13.36,-8.71,-3.09,12.84,96.72,1097.41,1.95,2.03,Sell,Sell,StrongSell,Strong sell,Neutral,Neutral,34.72,-1.91,-6.55,-80.79,13.59,9.60,0.00,79.60,0.08,-0.04,324.00,-0.40,3126351.00,114.04,79.89,0.00,384177.00,-4.05,15.08,0.75,0.91,1.71,11.32,18.44,8.71,16345035453.82,1.07,15.93,11.47,80.61,84.70,87.43,89.19,90.04,102.21,115.00,92.00,99.50,6.47,1.55,1.52,15590228703.00,3806677417.00,3776320880.00
[object Object],MAS,Masco Corporation,NYSE,69.38,stock,common,100.00,1.00,false,0.00,USD,-2.19,1863836.00,1.02,13680864574.29,USD,15.99,4.34,15.22,0.00,Producer manufacturing,america,Producer Manufacturing,Buy,Buy,-2.19,-2.19,-9.78,-3.14,13.20,8.99,-7.70,18.66,97.27,11783.39,2.31,2.17,StrongSell,Strong sell,StrongSell,Strong sell,Sell,Sell,37.40,-3.54,-3.13,-181.16,19.94,23.81,falling_window_bearish,70.78,-0.21,-0.28,300.00,-0.86,1863836.00,-3.28,69.38,0.00,465987.00,-7.63,15.99,1.07,1.85,0.00,10.69,12.26,25.19,16872864574.29,2.21,12.51,11.23,71.74,73.51,75.69,73.45,69.71,80.59,96.00,68.00,79.00,4.53,1.32,1.03,7648054805.00,2082777191.00,1927980026.00
[object Object],ANA,Acciona SA,BME,209.80,stock,common,10.00,2.00,false,0.00,EUR,-2.42,54354.00,0.68,13657733599.58,USD,31.67,7.57,-56.65,2.17,Industrial services,spain,Industrial Services,Neutral,Neutral,-2.42,3.55,-1.59,-10.49,-2.24,12.74,24.00,48.90,207.40,277.34,2.67,2.12,Sell,Sell,Sell,Sell,Neutral,Neutral,44.86,-0.60,-10.06,47.89,76.30,59.64,0.00,0.00,0.00,0.00,0.00,0.00,54354.00,-34.96,0.00,0.00,0.00,20.84,31.67,0.00,0.55,2.36,6.40,126.84,2.10,26021551799.58,1.08,17.16,8.58,207.73,212.97,228.16,241.33,220.54,246.99,269.63,197.58,261.50,11.04,0.00,0.00,25159202732.25,10963776000.00,0.00
[object Object],JMT,"Jeronimo Martins, SGPS S.A.",EURONEXT,18.19,stock,common,100.00,1.00,false,0.00,EUR,-1.25,1328580.00,1.11,13474634674.92,USD,17.92,1.16,3.74,3.53,Retail trade,portugal,Retail Trade,Buy,Buy,-1.25,0.55,4.24,2.88,-17.77,-10.75,-16.56,1.25,28.10,883.24,1.57,1.59,Buy,Buy,StrongBuy,Strong buy,Neutral,Neutral,59.11,0.03,0.57,64.87,85.28,87.25,spinning_top_black,0.00,0.00,0.00,0.00,-1.03,1328580.00,2.31,18.19,0.00,549194.00,-14.50,17.92,4.85,0.31,3.65,5.15,10.13,7.21,18887001874.92,0.45,12.27,6.49,18.12,17.65,17.27,17.86,19.31,26.23,33.68,17.54,25.55,1.32,0.31,0.42,44737207131.75,10742309212.90,11261915795.05
[object Object],TRMB,Trimble Inc.,NASDAQ,57.40,stock,common,100.00,1.00,false,0.00,USD,-2.35,2189117.00,0.44,13384522543.35,USD,0.00,-0.49,-141.85,0.00,Technology services,america,Technology Services,StrongBuy,Strong buy,-2.35,-2.03,-2.36,13.73,-13.70,-27.21,-29.41,-38.99,109.87,3219.50,2.73,3.28,Sell,Sell,StrongSell,Strong sell,Sell,Sell,45.94,-2.03,0.71,-67.32,31.39,48.71,0.00,58.02,-1.29,-1.29,675.00,-0.85,2189117.00,-19.25,57.40,0.00,568333.00,-26.31,0.00,0.00,3.62,2.62,16.74,17.30,62.38,14629422543.35,3.87,20.71,16.10,59.60,58.73,56.35,57.07,64.63,80.22,94.00,61.00,80.00,3.67,0.80,0.86,3930626933.00,952091545.00,966328455.00
[object Object],UU.,United Utilities Group PLC,LSE,1326.00,stock,common,1.00,1.00,false,0.00,GBX,-0.23,1603095.00,0.97,13360674449.50,USD,15.45,1.13,121.69,4.04,Utilities,uk,Utilities,Buy,Buy,-0.23,-5.08,-7.27,1.22,-2.28,10.73,17.87,26.23,32.80,116.67,1.99,1.90,Sell,Sell,StrongSell,Strong sell,Sell,Sell,31.86,-110.00,-51.89,-150.21,3.41,8.52,long_upper_shadow_bearish,0.00,0.00,0.00,0.00,0.08,1603095.00,25.72,1326.00,0.00,820034.00,34.89,15.45,0.13,3.47,4.03,6.56,0.00,5.05,26482677239.50,7.66,18.61,12.70,1376.50,1399.77,1381.40,1359.05,1316.75,20.42,22.51,18.28,20.76,1.40,0.70,0.69,3651885531.64,2047923420.00,1512151707.30
[object Object],CRL,"Charles River Laboratories International, Inc.",NYSE,278.35,stock,common,100.00,1.00,false,0.00,USD,-0.86,781229.00,0.95,13288115630.21,USD,0.00,-4.85,-266.29,0.00,Commercial services,america,Commercial Services,Buy,Buy,-0.86,-2.50,4.78,49.71,78.87,39.08,66.18,-37.62,238.67,1327.44,2.20,3.01,Neutral,Neutral,Buy,Buy,Neutral,Neutral,51.16,-19.29,15.15,-141.86,17.79,34.28,doji,281.76,0.36,-0.27,605.00,-0.79,781229.00,7.14,278.35,0.00,223059.00,74.34,0.00,-0.22,3.37,4.68,22.96,36.07,61.75,16154873630.21,4.04,29.89,19.27,288.63,276.34,256.98,217.35,201.33,291.46,318.00,219.00,300.00,11.32,2.74,2.96,3904913574.00,977198118.00,958465667.00
[object Object],BEAN,BELIMO Holding AG,SIX,849.50,stock,common,10.00,5.00,false,0.00,CHF,-2.13,12825.00,0.70,13187935403.51,USD,50.90,20.65,20.18,1.15,Producer manufacturing,switzerland,Producer Manufacturing,Buy,Buy,-2.13,2.10,0.24,-2.13,21.79,5.59,3.16,71.62,417.67,2685.25,2.84,2.81,Buy,Buy,StrongBuy,Strong buy,Neutral,Neutral,51.50,17.50,3.47,55.60,65.36,58.93,0.00,0.00,0.00,0.00,0.00,-0.86,12825.00,-36.42,849.50,0.00,6896.00,-0.66,50.90,2.58,8.64,16.74,60.08,116.72,101.35,13222770863.51,8.65,41.55,35.78,849.65,845.02,838.67,830.88,804.25,1228.52,1416.45,819.08,1271.73,24.43,0.00,0.00,1685585299.94,801008229.95,829868981.15
[object Object],SJM,J.M. Smucker Company,NYSE,123.31,stock,common,100.00,1.00,false,0.00,USD,-1.08,1494373.00,0.93,13172366855.20,USD,57.82,2.13,0.00,3.55,Consumer non-durables,america,Consumer Non-Durables,Buy,Buy,-1.08,-6.46,3.62,5.86,15.49,25.88,10.48,1.43,-11.55,7729.53,1.81,2.30,Sell,Sell,Sell,Sell,Neutral,Neutral,47.60,-2.14,4.04,-30.47,28.99,44.67,0.00,0.00,0.00,0.00,0.00,-0.29,1494373.00,17.82,123.35,0.03,304344.00,17.46,57.82,0.00,1.46,2.29,6.91,8.31,305.71,20069366855.20,2.19,11.72,8.88,129.17,123.61,119.81,111.66,107.00,142.73,157.00,112.00,145.00,10.79,2.22,2.55,8955147346.00,2131105250.00,2263387862.00
[object Object],AKER,Aker ASA Class A,OSL,1614.00,stock,common,1.00,2.00,false,0.00,NOK,-0.62,106371.00,0.90,13068006449.22,USD,4.30,37.89,0.00,3.42,Finance,norway,Finance,StrongBuy,Strong buy,-0.62,3.59,18.50,32.30,46.99,110.70,131.23,154.17,525.58,2658.97,2.06,2.35,Buy,Buy,StrongBuy,Strong buy,Sell,Sell,73.88,130.00,185.54,82.70,90.99,91.20,0.00,0.00,0.00,0.00,0.00,-0.74,106371.00,66.60,1614.00,0.00,35560.00,123.63,4.30,0.00,9.86,1.77,24.43,38.76,38.71,18150164209.22,14.70,6.50,6.15,1590.00,1457.47,1365.00,1267.28,1080.96,166.06,226.36,125.04,156.03,7.46,0.00,0.00,0.00,0.00,0.00
[object Object],GL,Globe Life Inc.,NYSE,169.82,stock,common,100.00,1.00,false,0.00,USD,-0.50,320048.00,0.81,13050571600.12,USD,11.28,15.06,20.33,0.70,Finance,america,Finance,Buy,Buy,-0.50,-1.74,-9.00,3.59,21.39,21.62,20.70,83.59,161.42,21040.06,1.72,1.89,Sell,Sell,Sell,Sell,Neutral,Neutral,39.03,-2.42,-3.99,-122.42,24.67,33.31,spinning_top_black,170.49,-0.11,0.01,1293.00,-0.26,320048.00,-13.71,167.80,-1.19,74863.00,16.99,11.28,0.56,2.18,2.13,9.63,10.87,0.00,15993820600.12,2.58,0.00,0.00,173.37,177.34,178.14,168.27,154.37,195.58,225.00,166.00,192.50,15.73,3.67,4.92,6404979331.00,1590303678.00,1563075272.00
[object Object],ORNBV,Orion Oyj Class B,OMXHEX,79.20,stock,common,100.00,5.00,false,0.00,EUR,-0.94,161414.00,1.06,13043629467.39,USD,18.99,4.76,55.11,2.15,Health technology,finland,Health Technology,Neutral,Neutral,-0.94,-0.25,-2.82,15.54,15.03,24.14,20.82,128.70,131.44,305.53,1.44,1.79,Neutral,Neutral,Neutral,Neutral,Sell,Sell,50.91,-0.90,0.08,-10.28,42.06,48.74,0.00,0.00,0.00,0.00,0.00,-0.38,161414.00,35.33,0.00,0.00,0.00,19.36,18.99,0.35,5.47,8.79,23.65,28.38,85.69,13046535592.39,5.55,15.45,14.29,79.66,79.69,77.38,73.43,70.34,89.21,99.09,63.37,94.48,4.75,1.09,1.28,2470881285.05,577071334.09,624196320.83
[object Object],SKF_B,SKF AB Class B,OMXSTO,268.80,stock,common,10.00,1.00,false,0.00,SEK,-2.40,1305947.00,1.23,13040258860.05,USD,27.17,1.02,-16.09,4.27,Producer manufacturing,sweden,Producer Manufacturing,Buy,Buy,-2.40,0.15,2.60,13.61,17.64,9.27,11.54,26.49,86.80,690.59,2.54,1.88,Neutral,Neutral,Buy,Buy,Neutral,Neutral,51.65,-6.60,6.93,32.59,63.16,67.31,0.00,0.00,0.00,0.00,0.00,-0.15,1305947.00,41.24,0.00,0.00,0.00,11.21,27.17,0.00,1.40,2.13,20.41,48.23,9.82,14124143660.05,1.54,13.88,9.57,272.77,266.34,262.63,251.23,246.74,27.88,32.63,22.79,27.97,1.86,0.38,0.41,9900956173.27,2363459932.35,2400252477.26
[object Object],DPLM,Diploma PLC,LSE,7085.00,stock,common,1.00,5.00,false,0.00,GBX,-1.19,802603.00,0.47,13011438502.09,USD,50.29,1.86,13.29,0.88,Distribution services,uk,Distribution Services,StrongBuy,Strong buy,-1.19,-0.14,-7.81,1.72,37.17,32.93,28.58,135.70,686.35,7311.09,2.29,2.09,Sell,Sell,StrongSell,Strong sell,Sell,Sell,41.64,-145.00,-208.14,-104.16,34.41,35.27,spinning_top_black,0.00,0.00,0.00,0.00,-0.91,802603.00,89.72,7085.00,0.00,276992.00,33.59,50.29,3.83,5.87,9.03,33.64,35.60,139.00,13603101262.09,6.25,28.96,22.86,7197.00,7316.33,7248.00,7109.65,6354.35,112.87,122.32,95.14,114.16,3.39,1.43,1.97,2454064472.77,1098582000.00,0.00
[object Object],LII,Lennox International Inc.,NYSE,375.78,stock,common,100.00,1.00,false,0.00,USD,-2.44,374896.00,0.74,12987210796.37,USD,16.99,22.12,-5.42,1.37,Producer manufacturing,america,Producer Manufacturing,Buy,Buy,-2.44,-0.16,-14.17,-26.13,-22.91,-23.02,-34.04,14.16,132.22,1864.86,2.80,2.59,Sell,Sell,StrongSell,Strong sell,Buy,Buy,31.54,-13.28,-44.47,-94.85,24.02,25.48,0.00,0.00,0.00,0.00,0.00,-0.55,374896.00,-25.23,375.78,0.00,59150.00,-32.48,16.99,0.00,2.53,10.01,14.62,17.70,251.00,14959810796.37,2.82,14.33,12.84,384.97,409.20,465.48,489.71,497.41,500.83,609.00,375.00,492.50,23.61,7.67,7.49,5582534283.00,1559748938.00,1573402625.00
[object Object],RXL,Rexel SA,EURONEXT,37.05,stock,common,100.00,1.00,false,0.00,EUR,-2.37,570380.00,1.06,12976411199.51,USD,16.38,2.58,170.71,3.16,Distribution services,france,Distribution Services,Buy,Buy,-2.37,3.96,-1.09,3.61,10.24,10.40,31.34,108.97,168.67,124.55,2.79,2.19,Buy,Buy,StrongBuy,Strong buy,Neutral,Neutral,53.61,-0.03,-0.16,114.41,78.19,66.27,0.00,0.00,0.00,0.00,0.00,-0.90,570380.00,-13.15,37.05,0.00,404509.00,27.62,16.38,0.10,0.57,1.97,11.73,13.83,10.63,18636728984.51,0.83,13.74,10.02,36.27,36.54,37.06,36.90,35.79,47.93,53.47,34.87,49.40,2.98,1.34,1.51,24140355414.42,11311110707.80,12465480845.98
[object Object],DHER,Delivery Hero SE,XETR,36.40,stock,common,100.00,1.00,false,0.00,EUR,0.11,304632.00,0.49,12954401592.07,USD,0.00,-2.96,-34.78,0.00,Transportation,germany,Transportation,Neutral,Neutral,0.11,-0.68,-2.15,-1.67,115.38,59.79,36.69,-71.76,35.32,35.32,0.63,0.62,Neutral,Neutral,Sell,Sell,Buy,Buy,36.21,-0.55,-0.62,-146.92,15.90,9.83,0.00,36.20,-0.44,-0.44,5.00,-0.25,304632.00,60.60,36.40,0.00,180954.00,57.61,0.00,-0.40,0.74,9.05,355.57,0.00,4.10,16164623512.07,0.95,0.00,36.46,36.63,36.94,37.22,34.41,27.40,46.47,48.19,33.81,48.19,-0.39,0.00,7.97,18805574671.84,8672518125.00,8867824840.22
[object Object],YAR,Yara International ASA,OSL,471.70,stock,common,10.00,1.00,false,0.00,NOK,0.60,487109.00,0.91,12937832563.94,USD,8.02,5.93,103.73,4.69,Process industries,norway,Process Industries,Neutral,Neutral,0.60,4.82,12.28,-1.01,-15.47,13.94,30.09,15.61,67.33,790.00,2.22,2.84,Buy,Buy,StrongBuy,Strong buy,Neutral,Neutral,62.43,15.20,21.01,109.81,88.15,83.37,0.00,0.00,0.00,0.00,0.00,0.02,487109.00,28.19,471.70,0.00,321908.00,27.78,8.02,0.08,0.73,1.35,6.56,13.95,17.22,16248871613.78,0.99,7.32,4.85,456.55,440.37,443.02,470.59,462.98,50.06,60.06,39.64,50.74,5.49,2.25,1.50,15806818907.67,5138584167.00,4516760000.00
[object Object],SDLF,Standard Life plc,LSE,927.50,stock,common,10.00,5.00,false,0.00,GBX,-2.68,2047639.00,1.10,12924843484.85,USD,0.00,-0.65,22.49,5.81,Finance,uk,Finance,Buy,Buy,-2.68,0.87,-0.96,19.99,34.52,25.51,50.45,48.16,44.20,79.76,3.11,2.00,Buy,Buy,StrongBuy,Strong buy,Sell,Sell,51.93,-9.50,9.68,71.33,74.19,75.76,0.00,0.00,0.00,0.00,0.00,-0.10,2047639.00,13.10,927.50,0.00,828140.00,39.18,0.00,0.00,0.19,0.00,2.91,2.92,0.00,18133695184.86,0.27,0.00,0.00,932.35,924.95,908.38,844.46,781.54,12.69,14.55,10.46,12.69,0.91,0.70,0.65,7893244800.00,0.00,0.00
[object Object],ALLE,Allegion Public Limited Company,NYSE,151.73,stock,common,100.00,1.00,false,0.00,USD,-2.77,838298.00,0.51,12902632238.58,USD,19.91,7.62,5.89,1.36,Consumer durables,america,Consumer Durables,Buy,Buy,-2.77,-0.60,-9.52,15.12,3.48,-4.71,-11.86,4.61,127.38,209.72,1.95,2.21,Sell,Sell,Sell,Sell,Sell,Sell,40.02,-8.64,-5.11,-131.30,24.32,29.11,0.00,155.40,-0.42,-0.04,1088.00,-0.81,838298.00,8.87,151.73,0.00,167682.00,-8.40,19.91,3.48,3.13,6.09,16.71,19.15,40.70,14804332238.60,3.45,16.57,14.33,156.01,160.96,153.28,143.72,151.02,175.10,200.00,160.00,170.00,8.95,2.22,2.49,4414068395.00,1118638543.00,1137468500.00
[object Object],AVY,Avery Dennison Corporation,NYSE,169.79,stock,common,100.00,1.00,false,0.00,USD,-0.53,747584.00,0.52,12868067949.43,USD,18.58,9.14,2.41,2.24,Process industries,america,Process Industries,Buy,Buy,-0.53,-1.66,-3.24,9.18,-1.75,-6.55,0.79,-24.70,117.82,2596.42,2.72,2.54,Sell,Sell,StrongSell,Strong sell,Neutral,Neutral,41.64,-10.16,-2.67,-144.34,22.77,23.94,"doji_star_bullish,doji",170.70,0.00,0.00,600.00,-0.47,747584.00,-19.84,169.79,0.00,149472.00,1.63,18.58,7.74,1.41,5.55,10.52,12.20,47.22,16271567949.43,1.76,13.20,10.38,174.86,176.61,170.31,165.69,173.10,201.80,225.00,181.00,204.50,10.17,2.47,2.33,9340810048.00,2296134169.00,2258397017.00
[object Object],ADP,Aeroports de Paris,EURONEXT,108.80,stock,common,10.00,1.00,false,0.00,EUR,-2.42,99832.00,0.90,12824199790.75,USD,18.02,6.90,548.17,2.69,Transportation,france,Transportation,Buy,Buy,-2.42,3.13,-6.37,6.67,6.77,-1.89,-2.60,10.46,15.44,155328.57,1.86,2.02,Sell,Sell,StrongSell,Strong sell,Neutral,Neutral,46.77,-5.70,-3.38,-31.55,37.04,34.16,0.00,0.00,0.00,0.00,0.00,-1.35,99832.00,-7.30,108.80,0.00,58550.00,-3.79,18.02,0.03,1.63,2.50,7.88,97.88,4.25,24390577290.75,3.16,17.21,9.40,108.68,112.18,111.29,109.98,111.96,145.70,174.33,126.68,145.28,7.55,3.11,4.39,7981289209.31,3556173837.44,4179903998.95
[object Object],AC,Accor SA,EURONEXT,46.31,stock,common,100.00,1.00,false,0.00,EUR,-1.47,666564.00,0.90,12632601060.75,USD,42.17,1.25,-51.06,2.87,Consumer services,france,Consumer Services,Buy,Buy,-1.47,1.53,-1.15,3.07,12.68,-3.52,12.08,60.13,32.26,314.50,1.83,1.71,Sell,Sell,StrongSell,Strong sell,Neutral,Neutral,48.48,-1.16,0.13,-16.51,47.85,47.86,0.00,0.00,0.00,0.00,0.00,-0.81,666564.00,-3.78,46.31,0.00,374399.00,7.35,42.17,0.00,1.93,3.54,12.63,17.89,8.58,18394865710.75,2.85,18.30,13.30,46.47,46.36,46.92,46.33,46.06,65.82,81.29,59.23,63.87,2.60,0.78,1.48,6823164428.35,3114760795.08,3502113115.00
[object Object],BAX,Baxter International Inc.,NYSE,24.39,stock,common,100.00,1.00,false,0.00,USD,-1.89,5299151.00,1.18,12609532059.34,USD,0.00,-1.93,-626.14,0.16,Health technology,america,Health Technology,Neutral,Neutral,-1.89,-4.54,-10.07,20.74,32.55,26.37,1.25,-70.59,-46.78,1693.01,3.35,2.68,Sell,Sell,Sell,Sell,Sell,Sell,39.08,-1.90,-0.63,-224.78,16.81,24.24,0.00,24.72,-0.56,-0.08,687.00,-0.60,5299151.00,-10.31,24.39,0.00,1272180.00,9.89,0.00,-0.02,1.12,2.03,9.58,15.50,5.88,19289532059.34,1.68,29.91,12.07,25.64,26.42,24.82,21.86,20.41,27.60,32.00,23.00,28.00,2.05,0.37,0.52,11614933455.00,2795512463.00,2908362636.00
[object Object],SPSN,Swiss Prime Site AG,SIX,125.00,stock,common,10.00,1.00,false,0.00,CHF,-1.42,91537.00,0.71,12567359652.28,USD,24.60,6.29,10.77,2.76,Finance,switzerland,Finance,Neutral,Neutral,-1.42,0.00,-3.18,-2.27,-10.97,1.79,11.71,34.05,45.54,151.92,1.28,1.26,StrongSell,Strong sell,StrongSell,Strong sell,Neutral,Neutral,42.02,-2.40,-2.71,-47.87,31.31,29.80,0.00,0.00,0.00,0.00,0.00,0.00,91537.00,-20.95,125.00,0.00,70265.00,12.62,24.60,2.32,18.86,1.43,31.17,31.17,630.06,20058715442.88,29.58,39.15,38.65,125.49,127.55,128.86,130.17,130.27,161.54,185.17,129.62,158.02,4.87,0.00,0.00,648804949.88,0.00,0.00
[object Object],ALE,Allegro.eu S.A.,GPW,45.02,stock,common,1000.00,5.00,false,0.00,PLN,-1.87,4038207.00,1.14,12561048760.41,USD,31.08,0.40,47.82,0.00,Retail trade,poland,Retail Trade,Buy,Buy,-1.87,-0.71,-2.56,30.02,60.79,45.23,24.78,-30.74,-30.74,-30.74,2.61,2.34,Neutral,Neutral,Neutral,Neutral,Sell,Sell,50.61,0.19,0.25,29.27,63.31,71.47,0.00,0.00,0.00,0.00,0.00,0.92,4038207.00,99.84,0.00,0.00,0.00,24.88,31.08,0.66,4.16,4.50,15.02,21.53,13.19,13185143996.41,4.14,21.77,15.17,45.28,45.39,44.21,38.91,34.13,12.62,16.16,9.43,12.66,0.53,0.26,0.24,3740741385.75,1678220913.20,1669872667.50
[object Object],HAS,"Hasbro, Inc.",NASDAQ,88.97,stock,common,100.00,1.00,false,0.00,USD,-1.48,1093979.00,0.82,12548725633.19,USD,15.99,5.56,0.00,3.10,Consumer durables,america,Consumer Durables,StrongBuy,Strong buy,-1.48,-4.77,-4.23,7.32,-6.82,8.50,12.39,-9.41,7.74,39640.93,2.17,2.17,Sell,Sell,StrongSell,Strong sell,Sell,Sell,37.25,-7.77,-1.64,-222.15,11.48,16.11,0.00,0.00,0.00,0.00,0.00,-0.70,1093979.00,-49.55,88.97,0.00,191658.00,18.99,15.99,0.00,2.60,17.82,9.88,10.49,9.24,15073825633.19,3.03,10.78,9.70,93.03,93.82,89.41,89.57,89.73,110.38,120.00,90.00,111.00,6.14,1.16,1.87,5057663417.00,1068890500.00,1474425909.00
[object Object],LATO_B,Investment AB Latour Class B,OMXSTO,202.10,stock,common,10.00,1.00,false,0.00,SEK,-0.88,362921.00,0.21,12539237592.35,USD,19.40,1.07,38.94,2.50,Finance,sweden,Finance,Neutral,Neutral,-0.88,-2.08,-0.10,6.37,-1.41,-10.34,-15.12,-31.95,127.21,1824.78,2.13,1.97,Buy,Buy,Buy,Buy,Neutral,Neutral,53.17,1.70,6.41,54.26,65.72,76.97,0.00,0.00,0.00,0.00,0.00,-0.44,362921.00,-14.76,0.00,0.00,0.00,-13.02,19.40,0.50,4.64,2.95,29.68,0.00,26.85,13981681292.35,4.84,35.03,28.62,204.00,199.25,197.57,199.35,209.61,23.51,30.89,19.26,21.93,0.00,0.00,0.00,0.00,0.00,0.00
[object Object],REC,Recordati S.p.A.,MIL,52.00,stock,common,100.00,5.00,false,0.00,EUR,0.10,491761.00,1.16,12462224551.51,USD,21.85,2.72,22.24,2.58,Health technology,italy,Health Technology,Buy,Buy,0.10,-0.57,-1.89,2.26,12.55,7.79,-3.97,-2.73,88.88,5284.28,0.64,0.57,Neutral,Neutral,Neutral,Neutral,Buy,Buy,44.89,-0.65,-0.31,-116.44,23.85,17.00,0.00,0.00,0.00,0.00,0.00,-0.19,491761.00,98.73,0.00,0.00,0.00,-4.68,21.85,0.98,4.00,5.00,16.80,18.05,27.67,14692399988.36,4.76,15.92,12.63,52.20,52.41,52.00,51.36,49.69,69.80,82.45,59.58,65.90,3.73,0.00,0.00,3279286716.76,778370993.00,784421260.00
[object Object],TEL2_B,Tele2 AB Class B,OMXSTO,171.40,stock,common,100.00,5.00,false,0.00,SEK,-0.17,1527555.00,1.00,12393598010.34,USD,11.81,1.49,143.08,4.89,Communications,sweden,Communications,Neutral,Neutral,-0.17,1.33,4.54,-5.09,-9.88,10.90,3.38,31.24,149.64,58.63,1.58,1.39,Buy,Buy,StrongBuy,Strong buy,Neutral,Neutral,58.92,0.45,3.70,113.36,68.46,61.83,0.00,0.00,0.00,0.00,0.00,0.00,1527555.00,1.07,0.00,0.00,0.00,2.92,11.81,0.08,3.94,5.22,10.38,13.56,33.07,15215522010.34,4.92,20.66,11.05,170.29,167.13,166.19,173.35,172.53,18.23,22.49,15.06,17.78,1.62,0.19,0.21,3284513774.74,759106778.56,784709347.06
[object Object],SGE,Sage Group plc,LSE,983.60,stock,common,10.00,5.00,false,0.00,GBX,-3.43,3402154.00,0.94,12386168743.82,USD,24.73,0.53,16.04,2.20,Technology services,uk,Technology Services,Buy,Buy,-3.43,-7.82,-5.60,16.40,18.51,-9.35,-9.64,31.64,33.73,4818.00,3.68,2.62,Sell,Sell,Sell,Sell,Sell,Sell,40.79,-120.90,16.32,-198.30,5.71,12.58,0.00,0.00,0.00,0.00,0.00,-0.34,3402154.00,201.54,983.60,0.00,1084874.00,-8.30,24.73,1.60,3.70,41.40,17.51,18.59,18.19,14421531943.82,4.14,18.30,15.93,1054.11,1045.25,966.24,913.82,928.07,14.78,18.24,11.49,15.35,0.67,0.32,0.37,3719575377.12,1798607440.00,1950749921.45
[object Object],COO,"Cooper Companies, Inc.",NASDAQ,63.48,stock,common,100.00,1.00,false,0.00,USD,-6.22,9281443.00,5.27,12380544482.71,USD,53.61,1.18,-42.57,0.00,Health technology,america,Health Technology,Buy,Buy,-6.22,-8.40,-14.48,-6.07,-11.56,-22.67,-7.07,-44.19,34.59,786.71,3.54,2.12,StrongSell,Strong sell,StrongSell,Strong sell,Sell,Sell,23.67,-9.56,-4.34,-176.82,5.00,7.70,0.00,68.51,1.21,0.46,2288.00,-0.92,9281443.00,217.27,55.00,-13.36,1957301.00,1.88,53.61,0.00,3.12,1.50,12.99,21.74,89.05,14701944482.71,3.47,19.11,12.74,69.53,73.20,72.42,68.24,73.32,81.08,92.00,66.00,85.00,4.63,1.12,1.19,4306658323.00,1098406295.00,1105778037.00
[object Object],FGR,Eiffage SA,EURONEXT,107.85,stock,common,100.00,5.00,false,0.00,EUR,-1.82,417548.00,1.15,12370078043.24,USD,9.82,12.54,7.74,4.37,Industrial services,france,Industrial Services,Buy,Buy,-1.82,-0.96,-12.88,-12.49,-19.72,-11.67,-1.82,20.21,56.87,337.46,1.46,1.73,StrongSell,Strong sell,StrongSell,Strong sell,Sell,Sell,30.14,-9.65,-9.08,-76.41,13.06,14.16,0.00,0.00,0.00,0.00,0.00,-0.68,417548.00,31.37,107.85,0.00,276541.00,2.00,9.82,1.29,0.40,1.37,3.03,3.60,2.27,26450834893.24,0.88,8.85,5.44,108.86,117.15,119.30,124.62,127.25,185.00,228.78,145.16,184.65,13.25,4.23,9.59,30638711062.52,13780211308.06,15901153550.00
[object Object],BOL,Bollore SE,EURONEXT,3.63,stock,common,1000.00,2.00,false,0.00,EUR,-4.22,2713100.00,0.26,12324510200.85,USD,29.50,0.14,32.19,2.11,Distribution services,france,Distribution Services,Neutral,Neutral,-4.22,-6.10,-3.86,-32.70,-17.03,-23.91,-25.81,-28.88,16.59,126.84,2.73,1.83,StrongSell,Strong sell,StrongSell,Strong sell,Sell,Sell,30.33,-0.18,-0.03,-328.34,13.49,25.16,falling_window_bearish,0.00,0.00,0.00,0.00,-0.42,2713100.00,58.75,3.63,0.00,1755522.00,-19.56,29.50,0.00,3.62,0.42,30.71,33.50,1.75,6042630400.85,1.76,0.00,0.00,3.83,3.83,3.91,4.55,4.65,5.04,5.81,3.78,5.29,0.14,0.00,0.00,3474861241.88,0.00,0.00
[object Object],SDR,Schroders PLC,LSE,585.00,stock,common,10.00,5.00,false,0.00,GBX,-0.09,5812025.00,1.84,12286086695.47,USD,13.44,0.58,95.55,3.76,Finance,uk,Finance,Neutral,Neutral,-0.09,0.26,0.17,0.26,2.54,42.47,57.43,-8.26,24.28,282.78,0.30,0.24,Buy,Buy,StrongBuy,Strong buy,Neutral,Neutral,52.04,1.50,-0.20,291.77,69.52,85.40,"gravestone_doji_bearish,long_upper_shadow_bearish",0.00,0.00,0.00,0.00,-0.09,5812025.00,48.15,585.00,0.00,1938391.00,60.00,13.44,0.14,2.60,2.03,11.19,11.19,2.59,8234441825.47,1.71,7.86,6.43,584.50,584.88,585.89,584.16,537.93,0.00,0.00,0.00,0.00,0.55,0.26,0.28,3673111161.60,1777534353.90,1875201498.30
[object Object],G1A,GEA Group Aktiengesellschaft,XETR,64.05,stock,common,100.00,5.00,false,0.00,EUR,-1.46,456186.00,1.20,12210145825.25,USD,24.02,3.05,10.56,2.00,Producer manufacturing,germany,Producer Manufacturing,Buy,Buy,-1.46,-1.39,0.47,17.20,0.87,10.91,-0.93,59.85,37.08,598.47,1.57,1.31,Sell,Sell,Sell,Sell,Sell,Sell,44.67,-3.30,-0.44,-88.41,26.67,28.77,tweezer_top_bearish,0.00,0.00,0.00,0.00,-0.31,456186.00,59.66,64.05,0.00,362865.00,3.20,24.02,2.31,1.88,4.17,14.43,21.44,31.30,12203705852.25,1.89,15.76,11.74,65.67,65.02,63.51,60.33,60.54,81.32,91.09,61.89,84.08,3.92,0.90,1.14,6898279063.20,1644566400.00,1704143912.75
[object Object],LI,Klepierre SA,EURONEXT,36.94,stock,common,100.00,2.00,false,0.00,EUR,-0.54,376532.00,0.78,12168274633.15,USD,7.74,5.45,16.00,5.12,Finance,france,Finance,Neutral,Neutral,-0.54,-2.22,-6.72,1.09,16.09,9.61,10.60,86.90,-10.34,1692.41,1.38,1.24,Sell,Sell,Sell,Sell,Neutral,Neutral,36.19,-1.64,-1.32,-127.68,9.57,14.91,0.00,0.00,0.00,0.00,0.00,-0.11,376532.00,28.69,36.94,0.00,249238.00,14.74,7.74,0.49,6.33,1.12,11.49,14.62,29.80,23507741893.15,12.25,19.32,19.01,37.53,38.62,38.05,36.62,34.99,44.55,52.89,36.04,45.34,3.31,1.58,1.89,1552462376.84,747174482.04,834590277.10
[object Object],ITRK,Intertek Group plc,LSE,5850.00,stock,common,1.00,5.00,false,0.00,GBX,0.00,787511.00,1.32,12154062991.42,USD,28.51,2.72,-8.16,2.82,Commercial services,uk,Commercial Services,Neutral,Neutral,0.00,0.17,0.17,3.91,53.46,26.35,23.21,9.59,63.64,1244.83,0.23,0.18,Buy,Buy,StrongBuy,Strong buy,Sell,Sell,59.57,0.00,9.15,77.83,60.00,67.78,doji,0.00,0.00,0.00,0.00,0.00,787511.00,285.06,5850.00,0.00,184391.00,24.71,28.51,0.00,2.57,8.46,15.08,20.07,20.65,14192403451.42,3.03,17.28,12.93,5847.50,5843.83,5833.20,5601.16,4970.58,81.57,81.86,79.82,81.86,3.58,1.48,2.02,4863639161.35,2283290229.60,2501106808.20
[object Object],AKZA,Akzo Nobel N.V.,EURONEXT,59.30,stock,common,100.00,2.00,false,0.00,EUR,-2.63,610852.00,1.58,12136974419.59,USD,16.03,4.23,53.05,3.25,Process industries,netherlands,Process Industries,Buy,Buy,-2.63,-0.24,-6.76,4.51,14.39,-0.27,-4.23,-40.73,-12.19,4.48,2.11,1.81,Sell,Sell,Sell,Sell,Sell,Sell,41.30,-1.92,-0.74,-105.01,25.90,34.28,0.00,0.00,0.00,0.00,0.00,-0.72,610852.00,102.76,59.30,0.00,392541.00,2.07,16.03,0.31,1.06,2.09,10.41,14.46,2.93,15981196569.59,1.41,37.42,18.63,60.71,61.37,60.15,57.81,56.88,75.73,87.18,63.93,75.56,4.65,1.34,1.33,11773871285.56,2939533223.91,3000985773.23
[object Object],BF.B,Brown-Forman Corporation Class B,NYSE,26.15,stock,common,100.00,1.00,false,0.00,USD,-0.91,2123503.00,0.89,12064409845.80,USD,16.86,1.55,-13.06,3.48,Consumer non-durables,america,Consumer Non-Durables,Neutral,Neutral,-0.91,-3.00,-7.47,-2.39,11.56,0.08,-4.94,-63.71,-30.39,10491.46,2.73,2.52,Sell,Sell,StrongSell,Strong sell,Neutral,Neutral,39.56,-2.03,-0.79,-145.58,7.68,20.00,0.00,26.39,0.00,0.00,662.00,-0.30,2123503.00,-34.05,26.15,0.00,466019.00,-5.46,16.86,0.00,3.08,3.02,11.86,12.99,37.55,14185409845.80,3.61,12.64,11.68,26.97,27.86,27.17,26.92,27.23,27.84,35.00,20.00,28.00,1.71,0.37,0.46,3935422499.00,914782449.00,1042446571.00
[object Object],CSGP,"CoStar Group, Inc.",NASDAQ,29.58,stock,common,100.00,1.00,false,0.00,USD,-2.50,4448735.00,0.56,11985745107.44,USD,162.80,0.18,-28.72,0.00,Technology services,america,Technology Services,Buy,Buy,-2.50,-7.46,-1.53,-11.78,-32.33,-55.92,-66.34,-66.61,37.58,3186.67,3.32,3.90,StrongSell,Strong sell,StrongSell,Strong sell,Sell,Sell,41.04,-3.23,0.08,-210.00,13.11,16.49,0.00,29.81,-1.75,-0.13,4049.00,-1.05,4448735.00,-27.41,30.12,1.83,906973.00,-65.97,162.80,0.00,3.45,1.51,24.05,26.91,9.45,11887745107.44,3.34,137.75,29.46,31.35,31.22,30.30,31.92,43.36,36.63,52.00,25.00,35.00,1.37,0.29,0.34,3746699490.00,928807579.00,944899516.00
[object Object],SVT,Severn Trent Plc,LSE,2926.00,stock,common,1.00,2.00,false,0.00,GBX,-0.20,483242.00,0.80,11985390245.28,USD,23.78,1.63,61.02,4.30,Utilities,uk,Utilities,Neutral,Neutral,-0.20,-4.19,-6.87,0.00,-7.99,4.72,14.79,3.61,21.31,386.05,1.78,1.80,Sell,Sell,StrongSell,Strong sell,Sell,Sell,34.86,-226.00,-103.34,-139.33,3.56,8.40,0.00,0.00,0.00,0.00,0.00,0.14,483242.00,22.87,2926.00,0.00,248479.00,19.85,23.78,0.39,3.13,4.79,9.57,0.00,11.11,25772810645.28,6.89,22.62,14.33,3021.60,3062.60,3036.12,3029.61,3000.34,43.52,48.95,37.18,43.81,2.70,0.99,1.51,4133568564.58,1808572676.00,2169852800.70
[object Object],FME,Fresenius Medical Care AG,XETR,38.54,stock,common,100.00,1.00,false,0.00,EUR,-0.64,807619.00,0.93,11981553466.63,USD,11.59,3.80,48.60,3.84,Health services,germany,Health Services,Neutral,Neutral,-0.64,-2.06,-9.02,0.03,-1.66,-5.52,-9.66,-40.71,-50.89,66.27,2.11,1.78,StrongSell,Strong sell,StrongSell,Strong sell,Sell,Sell,31.55,-1.82,-2.25,-137.86,18.60,21.08,"doji_star_bullish,doji",0.00,0.00,0.00,0.00,-0.59,807619.00,41.80,38.45,-0.23,405478.00,-14.93,11.59,0.24,0.54,0.82,3.66,5.80,9.75,24625100147.28,1.11,10.18,6.06,39.28,40.83,41.47,40.00,39.75,48.23,74.40,34.87,48.24,4.79,1.22,1.22,22832929251.31,5467868394.64,5741346679.60
[object Object],IDR,"Indra Sistemas, S.A. Class A",BME,56.94,stock,common,100.00,2.00,false,0.00,EUR,-1.90,588897.00,0.68,11885171886.80,USD,22.67,2.87,16.97,0.42,Technology services,spain,Technology Services,Buy,Buy,-1.90,-5.42,-9.93,5.25,-4.78,16.92,69.97,543.39,388.13,356.25,3.15,2.75,Sell,Sell,Sell,Sell,Sell,Sell,38.37,-3.46,-1.94,-160.30,10.02,12.16,0.00,0.00,0.00,0.00,0.00,-0.93,588897.00,1.56,0.00,0.00,0.00,81.24,22.67,1.36,1.64,5.15,0.00,0.00,4.03,11240343435.05,1.59,15.92,11.98,59.74,60.98,57.11,54.73,53.61,77.09,98.71,58.07,78.39,3.25,0.72,0.72,8125876048.41,2054857526.19,1840599324.25
[object Object],PUIG,"Puig Brands, S.A. Class B",BME,17.85,stock,common,100.00,1.00,false,0.00,EUR,-1.65,733536.00,1.31,11884774128.96,USD,17.29,1.18,-10.79,1.88,Consumer non-durables,spain,Consumer Non-Durables,Buy,Buy,-1.65,-2.67,5.00,7.47,21.59,19.72,10.94,-30.00,-30.00,-30.00,2.34,1.93,Buy,Buy,Buy,Buy,Sell,Sell,54.64,-0.34,0.81,-11.26,66.41,75.87,long_lower_shadow_bullish,0.00,0.00,0.00,0.00,-0.83,733536.00,124.11,0.00,0.00,0.00,13.90,17.29,0.00,2.01,2.49,11.99,14.57,49.03,13751708352.26,2.36,14.68,11.34,18.27,17.46,17.16,16.96,16.47,22.96,25.69,18.68,23.50,1.29,0.51,0.74,6133061537.52,2666299338.71,3362302928.60
[object Object],NVMI,Nova Ltd.,NASDAQ,373.85,stock,common,100.00,1.00,false,0.00,USD,-0.86,459616.00,0.89,11882063746.21,USD,46.61,8.02,9.60,0.00,Electronic technology,america,Electronic Technology,Buy,Buy,-0.86,5.54,-6.76,-29.09,-12.20,11.26,38.27,274.34,3028.45,1976.94,3.22,3.64,Sell,Sell,StrongSell,Strong sell,Neutral,Neutral,46.41,5.59,-23.87,-2.80,65.97,47.60,0.00,377.21,0.03,-0.00,8088.00,-0.08,459616.00,-36.81,370.01,-1.03,49047.00,56.68,46.61,4.90,13.86,8.11,56.27,63.00,12.61,11664562746.21,12.44,42.95,39.49,359.78,381.29,412.44,466.47,438.72,532.00,600.00,461.00,525.00,10.67,2.41,2.77,1077701395.00,250328347.00,282143169.00
[object Object],GDDY,"GoDaddy, Inc. Class A",NYSE,93.60,stock,common,100.00,1.00,false,0.00,USD,0.78,1600448.00,0.84,11854224844.96,USD,13.88,6.74,20.19,0.00,Technology services,america,Technology Services,Buy,Buy,0.78,-6.75,3.87,17.96,14.65,-24.28,-36.66,24.58,193.23,257.93,4.30,3.98,Sell,Sell,StrongSell,Strong sell,Neutral,Neutral,46.18,-6.19,4.08,-128.10,24.94,50.24,0.00,93.38,0.54,0.10,335.00,-0.24,1600448.00,-37.91,93.60,0.00,379931.00,-35.06,13.88,0.68,2.38,1772.06,7.09,7.20,10.61,14540124844.96,2.85,11.30,10.54,98.19,95.66,93.79,89.38,95.86,104.53,170.00,76.00,100.00,7.40,1.69,1.88,5237013720.00,1294523020.00,1324770791.00
[object Object],MICC,Magnum Ice Cream Co. N.V.,EURONEXT,16.50,stock,common,1000.00,2.00,false,0.00,EUR,-0.91,1021944.00,0.94,11848737787.21,USD,56.63,0.33,-69.30,0.00,Consumer non-durables,netherlands,Consumer Non-Durables,Neutral,Neutral,-0.91,-3.02,-1.45,7.82,24.07,21.47,35.21,35.21,35.21,35.21,2.80,2.44,Sell,Sell,Sell,Sell,Neutral,Neutral,45.83,-0.95,-0.02,-71.36,17.53,21.87,0.00,0.00,0.00,0.00,0.00,-0.22,1021944.00,-5.65,16.50,0.00,396395.00,0.00,56.63,0.00,1.27,9.34,18.47,62.83,17.64,15695284837.21,1.70,22.27,14.75,16.95,16.79,16.54,15.17,0.00,18.93,21.85,15.46,18.83,1.14,0.78,0.28,9828342173.77,5237842569.07,4305013261.43
[object Object],PNW,Pinnacle West Capital Corp,NYSE,97.18,stock,common,100.00,1.00,false,0.00,USD,-0.88,818024.00,0.92,11777947417.83,USD,18.64,5.21,7.43,3.71,Utilities,america,Utilities,Neutral,Neutral,-0.88,0.23,-3.26,-6.00,-5.33,9.56,11.91,27.77,26.70,317.98,1.30,1.39,StrongSell,Strong sell,StrongSell,Strong sell,Neutral,Neutral,36.34,-0.49,-2.63,-72.60,25.36,25.45,0.00,0.00,0.00,0.00,0.00,0.14,818024.00,-17.22,97.18,0.00,157243.00,11.38,18.64,2.53,2.20,1.67,6.83,0.00,1325.26,28314446417.83,5.10,21.99,12.41,97.76,99.39,102.50,102.26,98.60,106.45,129.00,94.00,106.00,4.72,1.46,3.13,5488360678.00,1396538854.00,1841777432.00
[object Object],MOWI,Mowi ASA,OSL,209.00,stock,common,10.00,2.00,false,0.00,NOK,1.55,1645401.00,1.41,11754498317.49,USD,14.51,1.45,89.15,3.69,Consumer non-durables,norway,Consumer Non-Durables,Buy,Buy,1.55,2.85,4.81,10.00,-6.11,-14.27,0.77,-10.07,67.20,-99.56,1.71,1.77,Buy,Buy,StrongBuy,Strong buy,Neutral,Neutral,59.93,-2.60,0.62,100.85,52.99,41.95,0.00,0.00,0.00,0.00,0.00,0.19,1645401.00,90.50,209.00,0.00,581301.00,1.87,14.51,0.16,1.55,2.31,12.06,27.47,36.87,16138901849.50,2.28,21.70,12.51,204.78,203.08,199.10,198.31,211.75,24.78,27.19,20.79,25.12,1.20,0.29,0.25,6876733773.59,1826241790.68,1892572063.86
[object Object],SKA_B,Skanska AB Class B,OMXSTO,269.00,stock,common,10.00,1.00,false,0.00,SEK,-1.82,743372.00,1.22,11715712603.99,USD,16.87,1.64,7.17,5.11,Industrial services,sweden,Industrial Services,Buy,Buy,-1.82,-0.19,-0.30,14.42,4.91,5.86,14.96,11.39,39.81,157.42,1.59,1.41,Neutral,Neutral,Neutral,Neutral,Neutral,Neutral,49.90,-5.70,1.84,15.91,54.13,59.82,0.00,0.00,0.00,0.00,0.00,-0.36,743372.00,68.90,0.00,0.00,0.00,15.52,16.87,2.40,0.65,1.81,9.23,0.00,6.96,11680698303.99,0.65,16.82,9.70,271.63,269.61,265.43,257.39,257.95,29.17,31.66,24.91,29.32,1.86,0.44,0.47,19574931623.49,4677002014.24,4835134928.53
[object Object],DVA,DaVita Inc.,NYSE,183.01,stock,common,100.00,1.00,false,0.00,USD,1.64,688668.00,1.23,11676037702.20,USD,15.43,11.86,16.52,0.00,Health services,america,Health Services,Buy,Buy,1.64,3.73,0.37,-8.50,19.55,60.99,36.05,41.64,183.12,5128.83,2.75,2.56,Neutral,Neutral,Sell,Sell,Buy,Buy,44.23,5.21,-14.35,104.97,83.56,84.35,piercing_bullish,0.00,0.00,0.00,0.00,-0.64,688668.00,10.84,183.01,0.00,83361.00,17.73,15.43,0.92,0.85,0.00,5.51,7.51,15.67,26155273702.20,1.87,12.51,9.34,179.99,189.09,206.81,197.45,164.74,227.33,270.00,170.00,222.00,14.85,3.88,3.58,14088554737.00,3496344055.00,3507690312.00
[object Object],GET,Getlink SE,EURONEXT,18.46,stock,common,100.00,1.00,false,0.00,EUR,-0.27,746879.00,1.15,11639413004.79,USD,30.86,0.68,26.31,4.32,Transportation,france,Transportation,Buy,Buy,-0.27,-0.91,-0.27,0.76,3.94,17.43,17.50,31.90,90.31,-38.47,1.08,1.41,Sell,Sell,StrongSell,Strong sell,Neutral,Neutral,43.60,-0.50,-0.22,-86.77,15.36,18.58,0.00,0.00,0.00,0.00,0.00,-0.54,746879.00,119.41,18.46,0.00,654536.00,17.32,30.86,1.18,5.99,4.10,13.25,18.23,7.37,15970701704.79,8.32,20.78,15.50,18.57,18.71,18.67,18.66,17.87,23.05,26.86,15.76,23.00,0.67,0.00,0.00,2022998474.76,928610508.37,1056210788.38
[object Object],RTO,Rentokil Initial plc,LSE,335.40,stock,common,10.00,1.00,false,0.00,GBX,-1.84,10086522.00,0.81,11624102260.06,USD,23.87,0.19,38.70,2.75,Commercial services,uk,Commercial Services,Buy,Buy,-1.84,-5.87,-6.65,-25.60,-30.44,-24.97,-12.63,-43.08,53.01,150.30,2.69,1.98,StrongSell,Strong sell,StrongSell,Strong sell,Neutral,Neutral,30.11,-12.30,-17.44,-166.65,8.02,23.85,0.00,0.00,0.00,0.00,0.00,-1.40,10086522.00,12.47,335.40,0.00,3510070.00,-2.55,23.87,0.63,1.63,2.03,12.39,14.95,4.57,15310054040.07,2.17,15.58,9.34,346.57,354.27,389.27,426.01,441.47,6.41,8.47,5.32,6.47,0.28,0.13,0.12,7213964352.55,3533935000.00,3631047500.00
[object Object],SN.,Smith & Nephew plc,LSE,1025.50,stock,common,10.00,5.00,false,0.00,GBX,-0.05,2567550.00,0.90,11621864543.33,USD,18.73,0.73,27.05,2.82,Health technology,uk,Health Technology,Neutral,Neutral,-0.05,-3.53,-7.36,-11.25,-16.86,-16.83,-27.63,-24.60,-16.22,310.20,3.38,2.59,Sell,Sell,StrongSell,Strong sell,Neutral,Neutral,33.76,-42.50,-54.55,-198.96,11.89,14.39,spinning_top_white,0.00,0.00,0.00,0.00,-0.34,2567550.00,-29.99,1025.50,0.00,1035289.00,-26.34,18.73,0.69,1.88,2.23,8.93,13.98,15.54,14712354127.07,2.36,13.87,8.90,1057.00,1094.60,1111.91,1124.08,1187.76,16.88,20.76,14.22,16.76,1.10,0.47,0.60,6442616237.20,3459130400.00,3322102000.00
[object Object],LOTB,Lotus Bakeries NV,EURONEXT,12140.00,stock,common,1.00,20.00,false,0.00,EUR,-0.65,569.00,0.78,11591577786.25,USD,51.70,268.18,19.42,0.52,Consumer non-durables,belgium,Consumer Non-Durables,Buy,Buy,-0.65,-5.45,-0.49,5.38,18.79,52.13,42.66,115.25,448.08,20184.04,1.75,2.18,Neutral,Neutral,Neutral,Neutral,Buy,Buy,46.27,-860.00,143.47,-121.29,9.50,7.36,hanging_man_bearish,0.00,0.00,0.00,0.00,0.00,569.00,18.54,12140.00,0.00,382.00,43.86,51.70,2.68,6.87,11.00,42.74,76.39,99.73,11952155826.85,7.23,41.25,34.95,12464.00,12267.33,11799.60,11341.70,10334.60,14394.82,16808.25,10432.71,14837.63,291.98,130.59,154.21,1797861368.52,837586804.00,928096592.65
[object Object],BNZL,Bunzl plc,LSE,2630.00,stock,common,1.00,2.00,false,0.00,GBX,-1.05,1399466.00,1.18,11578049385.28,USD,17.42,2.00,3.90,2.79,Distribution services,uk,Distribution Services,Neutral,Neutral,-1.05,-3.02,-8.17,2.41,16.89,26.32,1.54,2.85,13.46,874.08,1.79,1.75,Sell,Sell,Sell,Sell,Neutral,Neutral,31.80,-164.00,-104.97,-149.17,7.65,9.31,0.00,0.00,0.00,0.00,0.00,0.23,1399466.00,-41.43,2630.00,0.00,1011794.00,5.88,17.42,4.51,0.71,2.98,9.03,9.69,14.17,14441090865.28,0.91,13.86,9.09,2707.80,2762.67,2743.32,2596.80,2376.76,36.80,48.72,25.71,37.89,2.49,1.09,1.36,16384410898.66,7840597452.75,8540323088.70
[object Object],LULU,lululemon athletica inc.,NASDAQ,99.72,stock,common,100.00,1.00,false,0.00,USD,-3.36,9487739.00,0.94,11550175256.55,USD,8.17,12.20,-16.47,0.00,Consumer non-durables,america,Consumer Non-Durables,Neutral,Neutral,-3.36,-15.88,-22.55,-15.89,-37.30,-52.34,-40.58,-77.01,48.35,697.76,3.89,3.42,Sell,Sell,StrongSell,Strong sell,Neutral,Neutral,32.83,-18.61,-9.65,-234.44,12.53,30.76,0.00,102.05,-1.10,-0.18,54237.00,-1.25,9487739.00,-15.45,99.71,-0.01,527997.00,-41.98,8.17,0.00,1.05,2.32,5.68,8.31,8.10,12301565256.55,1.11,6.15,4.84,113.58,118.74,117.82,122.97,152.13,99.15,128.20,44.00,100.00,9.73,1.79,1.03,10501584964.00,2458076537.00,2318378943.00
[object Object],UHR,Swatch Group Ltd. Bearer,SIX,178.40,stock,common,100.00,5.00,false,0.00,CHF,-1.90,106102.00,1.57,11547837496.91,USD,1030.62,0.21,-85.06,2.47,Consumer durables,switzerland,Consumer Durables,Sell,Sell,-1.90,-3.75,-5.73,-10.62,3.96,5.59,20.91,-32.45,-32.60,0.22,1.94,2.18,StrongSell,Strong sell,StrongSell,Strong sell,Sell,Sell,36.22,-11.10,-2.61,-193.65,28.16,35.65,falling_window_bearish,0.00,0.00,0.00,0.00,-1.79,106102.00,37.88,178.40,0.00,67005.00,25.84,1030.62,0.00,1.49,0.81,14.70,34.36,6.83,10285360896.91,1.31,69.87,15.45,184.40,186.89,189.08,194.81,185.51,207.63,277.88,111.15,197.60,5.58,1.78,3.46,8296532515.14,3840051182.50,4299770475.00
[object Object],HRL,Hormel Foods Corporation,NYSE,20.97,stock,common,100.00,1.00,false,0.00,USD,-1.13,4166132.00,0.57,11540856408.48,USD,33.70,0.62,-54.63,5.50,Consumer non-durables,america,Consumer Non-Durables,Neutral,Neutral,-1.13,-5.16,-15.95,-13.56,-8.39,-11.89,-17.54,-50.51,-44.76,17794.32,1.80,2.15,StrongSell,Strong sell,StrongSell,Strong sell,Sell,Sell,25.47,-2.81,-2.33,-107.52,5.20,10.41,0.00,21.19,-0.09,0.28,3369.00,-0.24,4166132.00,-7.76,21.16,0.91,1132422.00,-12.96,33.70,0.00,0.96,1.47,10.59,14.80,13.31,13543743408.48,1.11,15.12,11.60,21.79,23.70,24.23,23.31,23.43,25.88,30.00,23.00,26.00,1.49,0.35,0.38,12157231698.00,3034831071.00,3195880270.00
[object Object],SWKS,"Skyworks Solutions, Inc.",NASDAQ,76.54,stock,common,100.00,1.00,false,0.00,USD,1.54,4724096.00,0.72,11517186032.48,USD,39.65,1.93,-23.08,3.77,Electronic technology,america,Electronic Technology,Neutral,Neutral,1.54,15.29,8.38,7.65,38.11,19.28,1.20,-56.88,6.41,5198.87,3.36,4.10,Buy,Buy,StrongBuy,Strong buy,Buy,Buy,71.87,10.84,6.01,202.58,96.27,91.31,0.00,74.77,-0.81,-0.99,530.00,-0.15,4724096.00,-30.93,76.54,0.00,769215.00,-1.23,39.65,0.00,2.84,2.01,16.20,26.76,14.50,11399086032.48,2.84,32.65,14.03,70.33,67.97,65.20,67.92,64.02,68.07,85.00,52.00,70.00,5.04,1.03,1.27,3949921348.00,925966187.00,1036070861.00
[object Object],MNG,M&G Plc,LSE,345.00,stock,common,10.00,1.00,false,0.00,GBX,-3.06,4939226.00,0.72,11474635930.50,USD,0.00,-0.06,-82.44,5.76,Finance,uk,Finance,Neutral,Neutral,-3.06,0.09,-4.54,9.49,20.38,20.17,34.03,69.87,56.82,56.82,3.57,1.94,Sell,Sell,Sell,Sell,Sell,Sell,43.99,-3.00,-2.39,-46.07,78.78,88.10,0.00,0.00,0.00,0.00,0.00,-0.98,4939226.00,-16.42,345.00,0.00,2000654.00,34.98,0.00,-0.90,0.34,3.18,11.77,14.65,0.00,20279205730.50,0.61,0.00,0.00,350.83,353.49,351.58,332.28,313.02,4.36,5.00,2.91,4.46,0.38,0.18,0.20,1399740800.00,0.00,0.00
[object Object],PSKY,Paramount Skydance Corporation Class B,NASDAQ,10.22,stock,common,100.00,1.00,false,0.00,USD,-5.37,12958162.00,1.28,11466287175.60,USD,0.00,-0.56,-2130.43,1.85,Consumer services,america,Consumer Services,Neutral,Neutral,-5.37,-3.13,11.94,-0.29,3.76,-23.73,-31.64,-75.01,-80.53,-59.97,3.91,4.02,Sell,Sell,Sell,Sell,Sell,Sell,49.75,-0.45,1.17,-22.26,45.99,65.32,0.00,10.91,1.02,-0.18,1337.00,-0.19,12958162.00,-9.35,10.28,0.59,1234615.00,-23.24,0.00,-0.01,0.42,0.97,14.06,24.35,7.04,27080287175.60,0.93,11.85,7.46,10.78,9.88,9.60,10.05,10.96,9.41,16.00,2.00,9.50,0.50,0.15,0.12,29947630818.00,6866490555.00,7049293128.00
[object Object],UDR,"UDR, Inc.",NYSE,35.40,stock,common,100.00,1.00,false,0.00,USD,-1.97,7810070.00,2.83,11372753622.10,USD,22.56,1.57,309.31,3.59,Finance,america,Finance,Neutral,Neutral,-1.97,-4.35,-7.57,-9.92,-3.15,-3.20,-8.34,-34.87,-3.31,1565.87,1.66,1.44,StrongSell,Strong sell,StrongSell,Strong sell,Sell,Sell,26.57,-2.77,-1.47,-192.00,5.51,6.09,0.00,0.00,0.00,0.00,0.00,0.25,7810070.00,81.21,35.40,0.00,1187505.00,-7.59,22.56,0.07,6.80,3.93,10.09,13.06,316.76,18275281622.10,10.65,56.16,18.38,36.68,37.57,38.53,37.97,37.12,41.93,46.00,38.00,42.00,1.09,0.13,0.15,1705792551.00,423349090.00,428835400.00
[object Object],ERIE,Erie Indemnity Company Class A,NASDAQ,243.83,stock,common,100.00,1.00,false,0.00,USD,0.20,200851.00,0.51,11355253075.12,USD,22.26,10.95,-7.67,2.36,Finance,america,Finance,Buy,Buy,0.20,-5.17,-2.20,5.09,-1.08,-14.45,-27.33,38.41,138.30,1408.24,2.92,3.19,Sell,Sell,StrongSell,Strong sell,Neutral,Neutral,42.65,-14.15,2.20,-247.92,11.25,21.69,0.00,243.50,0.06,0.02,1333.00,-0.59,200851.00,-11.64,244.00,0.07,44583.00,-21.26,22.26,0.00,3.11,4.60,18.41,23.22,37.06,11008663075.12,2.67,14.90,13.47,254.55,253.78,246.71,235.50,253.84,0.00,0.00,0.00,0.00,12.68,3.35,3.41,4169221000.00,1088527000.00,1091701000.00
[object Object],TECH,Bio-Techne Corporation,NASDAQ,72.25,stock,common,100.00,1.00,false,0.00,USD,-0.08,1987192.00,1.00,11330117263.08,USD,62.37,1.16,155.44,0.44,Health technology,america,Health Technology,Neutral,Neutral,-0.08,0.07,0.04,37.62,38.22,22.85,33.33,-43.44,162.44,65957.14,0.20,0.27,Neutral,Neutral,Buy,Buy,Neutral,Neutral,59.75,-0.08,0.15,-66.86,43.18,52.33,0.00,72.34,0.04,-0.26,714.00,-0.01,1987192.00,-3.85,72.25,0.00,147719.00,36.53,62.37,0.40,9.34,5.35,38.84,43.10,42.86,11354492263.08,9.34,41.69,30.71,72.34,72.25,71.90,62.60,61.15,71.09,75.00,50.00,73.00,2.06,0.52,0.44,1268063750.00,314627337.00,292405590.00
[object Object],TKA,thyssenkrupp AG,XETR,15.37,stock,common,1000.00,5.00,false,0.00,EUR,-1.32,1572600.00,0.73,11267417417.49,USD,33.33,0.53,0.00,0.96,Non-energy minerals,germany,Non-Energy Minerals,Buy,Buy,-1.32,9.91,22.38,44.07,90.68,63.11,121.65,155.54,7.51,250.32,3.96,4.50,Buy,Buy,StrongBuy,Strong buy,Neutral,Neutral,66.82,0.91,1.68,123.36,92.74,91.98,0.00,15.51,-0.39,-0.10,515.00,-0.80,1572600.00,15.03,15.40,0.23,716327.00,51.17,33.33,0.00,0.30,0.98,26.87,0.00,2.83,9586514717.49,0.26,40.55,6.01,14.84,13.57,12.90,11.77,10.68,18.93,25.50,11.01,18.55,-0.98,0.03,0.12,38028364399.75,9582912048.87,9257204419.73
[object Object],NDX1,Nordex SE,XETR,39.54,stock,common,100.00,2.00,false,0.00,EUR,-2.37,380904.00,0.78,11151877772.39,USD,24.23,1.86,539.67,0.00,Producer manufacturing,germany,Producer Manufacturing,Buy,Buy,-2.37,8.33,1.49,3.24,-10.14,35.60,85.63,179.53,74.97,1317.28,3.58,3.24,Buy,Buy,Buy,Buy,Neutral,Neutral,53.04,1.14,0.03,91.79,77.12,62.79,0.00,0.00,0.00,0.00,0.00,-0.59,380904.00,-2.84,39.52,-0.05,236417.00,76.53,24.23,0.05,1.31,6.45,10.46,12.84,5.25,9464409554.79,1.03,13.51,10.39,38.23,38.81,39.71,41.97,38.93,55.91,69.75,32.55,59.28,2.37,0.49,0.64,10297663236.40,2407687721.64,2445260167.16
[object Object],JKHY,"Jack Henry & Associates, Inc.",NASDAQ,158.48,stock,common,100.00,1.00,false,0.00,USD,-0.84,787462.00,0.93,11111446538.60,USD,22.73,6.97,11.76,1.49,Technology services,america,Technology Services,Buy,Buy,-0.84,-5.39,4.29,23.76,-5.53,-12.88,-2.34,-9.01,79.40,42159.53,2.10,2.59,Sell,Sell,Sell,Sell,Sell,Sell,45.17,-15.14,4.64,-52.73,26.31,47.88,0.00,160.98,0.72,0.00,4523.00,0.01,787462.00,-1.86,158.48,0.00,203588.00,-0.55,22.73,1.95,4.47,5.41,14.74,16.16,931.64,11177211538.60,4.41,17.70,13.23,166.71,160.95,156.08,147.66,159.88,189.40,215.00,148.00,196.00,7.35,1.47,2.07,2692107438.00,631597503.00,684771912.00
[object Object],HII,"Huntington Ingalls Industries, Inc.",NYSE,280.85,stock,common,100.00,1.00,false,0.00,USD,-2.37,356340.00,0.99,11066781931.48,USD,16.74,16.77,25.62,1.92,Electronic technology,america,Electronic Technology,Buy,Buy,-2.37,-3.90,-13.54,-3.19,-32.24,-17.41,4.29,40.85,68.45,686.25,2.53,2.41,StrongSell,Strong sell,StrongSell,Strong sell,Sell,Sell,34.50,-10.30,-17.26,-94.00,5.37,7.10,0.00,286.00,-0.58,-0.58,683.00,0.20,356340.00,8.36,280.85,0.00,73041.00,7.65,16.74,0.67,0.86,2.08,31.97,0.00,924.46,13989781931.48,1.06,21.69,14.47,290.54,307.24,297.49,309.16,347.67,368.73,439.00,304.00,364.00,18.66,3.79,4.36,13399384777.00,3152366959.00,3363212436.00
[object Object],LPP,LPP S.A.,GPW,21480.00,stock,common,1.00,20.00,false,0.00,PLN,-2.72,3637.00,1.35,11052966370.14,USD,24.36,242.85,-9.36,3.31,Retail trade,poland,Retail Trade,Buy,Buy,-2.72,2.29,-3.68,-1.83,11.79,3.22,22.05,54.64,400.70,44280.17,2.94,2.46,Buy,Buy,StrongBuy,Strong buy,Neutral,Neutral,54.37,280.00,22.18,106.37,74.11,74.54,0.00,0.00,0.00,0.00,0.00,-0.27,3637.00,-20.31,0.00,0.00,0.00,22.77,24.36,0.00,1.73,6.55,8.22,23.00,33.68,12956250810.14,1.99,19.05,10.08,21134.00,21414.00,20726.80,20828.20,20484.15,6588.68,9295.58,5332.54,6463.68,398.99,70.22,106.79,7495024783.75,1538402384.61,1737273064.31
[object Object],GNRC,Generac Holdings Inc.,NYSE,186.48,stock,common,100.00,1.00,false,0.00,USD,-1.96,570251.00,0.52,11003506233.78,USD,42.99,4.34,-27.95,0.00,Producer manufacturing,america,Producer Manufacturing,Buy,Buy,-1.96,2.64,-12.74,-24.28,-9.98,35.15,1.36,-58.18,412.03,1812.62,2.60,3.58,StrongSell,Strong sell,StrongSell,Strong sell,Sell,Sell,37.87,-15.30,-17.80,-66.76,27.81,21.54,0.00,188.25,-1.03,-0.13,200.00,-0.75,570251.00,-24.03,186.02,-0.25,66362.00,3.79,42.99,0.00,2.56,3.82,20.29,29.32,41.98,12079613233.78,2.72,20.58,15.07,188.23,202.29,212.83,236.51,208.94,288.47,340.00,214.00,285.00,9.72,2.01,2.45,4939328470.00,1177919872.00,1327433966.00
[object Object],HAG,HENSOLDT AG,XETR,78.62,stock,common,100.00,2.00,false,0.00,EUR,-3.53,205398.00,1.06,10942432462.50,USD,75.67,1.19,31.87,0.67,Electronic technology,germany,Electronic Technology,Buy,Buy,-3.53,-4.96,-14.04,1.05,-0.04,5.04,-15.19,473.87,586.04,586.04,3.61,3.29,StrongSell,Strong sell,StrongSell,Strong sell,Neutral,Neutral,36.15,-8.64,-6.45,-123.41,9.89,6.76,0.00,80.64,-1.06,-0.88,200.00,-1.74,205398.00,0.26,78.90,0.36,110408.00,-10.60,75.67,2.46,3.52,9.38,15.93,29.29,15.42,12233914412.50,4.00,38.67,23.80,82.80,87.32,83.40,80.06,79.25,104.89,120.98,71.44,103.70,2.14,0.16,-1.45,3288599578.03,742719686.29,762567200.00
[object Object],DECK,Deckers Outdoor Corporation,NYSE,80.23,stock,common,100.00,1.00,false,0.00,USD,-2.87,4031180.00,1.38,10925869964.40,USD,11.39,7.05,8.22,0.00,Consumer non-durables,america,Consumer Non-Durables,Buy,Buy,-2.87,-5.03,-18.28,-28.21,-20.81,-23.09,-31.13,19.10,681.97,7305.91,2.90,2.61,StrongSell,Strong sell,StrongSell,Strong sell,Neutral,Neutral,29.96,-8.51,-8.84,-168.58,10.00,12.34,0.00,81.70,-1.09,-0.28,8565.00,-1.74,4031180.00,28.47,80.51,0.35,629058.00,-37.82,11.39,1.43,2.08,4.77,9.31,9.94,6.94,9795614964.40,1.78,7.93,7.47,85.21,91.59,96.33,100.88,102.53,119.67,184.00,70.00,115.00,7.52,0.88,1.79,5880789251.00,1018031764.00,1505880211.00
[object Object],LHA,Deutsche Lufthansa AG,XETR,7.71,stock,common,1000.00,2.00,false,0.00,EUR,-1.23,2070998.00,0.55,10907801580.93,USD,13.79,0.64,-62.23,4.23,Transportation,germany,Transportation,Neutral,Neutral,-1.23,1.45,-8.76,-3.48,1.61,-8.78,1.72,31.59,-1.60,62.03,1.57,1.89,StrongSell,Strong sell,StrongSell,Strong sell,Neutral,Neutral,38.28,-0.34,-0.47,-72.51,36.97,39.99,0.00,7.75,-0.72,-0.49,3515.00,-1.54,2070998.00,12.74,7.74,0.34,832697.00,-0.90,13.79,0.00,0.23,0.77,2.71,0.00,1.14,18749689280.93,0.40,0.00,7.59,7.80,8.11,8.55,8.44,8.41,11.13,24.41,7.55,10.23,1.11,0.31,1.06,50271926952.60,12771368034.25,14357354831.88
[object Object],MKS,Marks and Spencer Group plc,LSE,386.90,stock,common,10.00,1.00,false,0.00,GBX,-0.46,4573013.00,0.54,10883263127.21,USD,31.56,0.16,-12.49,1.08,Retail trade,uk,Retail Trade,Buy,Buy,-0.46,-0.97,-4.94,6.88,8.13,16.96,9.60,109.99,15.38,-6.58,2.10,2.21,Sell,Sell,Sell,Sell,Sell,Sell,47.81,-4.20,-5.19,7.68,66.27,66.34,0.00,0.00,0.00,0.00,0.00,-0.59,4573013.00,29.60,386.90,0.00,2205542.00,17.45,31.56,0.00,0.48,2.60,7.03,13.89,8.10,14358402197.21,0.63,20.24,8.64,389.76,393.96,389.22,369.51,362.44,6.10,6.63,5.21,6.08,0.43,0.21,0.18,24924141633.13,12537848000.00,9842906817.90
[object Object],ALGN,"Align Technology, Inc.",NASDAQ,152.92,stock,common,100.00,1.00,false,0.00,USD,-0.37,1107231.00,1.34,10863413995.00,USD,26.53,5.76,-2.76,0.00,Health technology,america,Health Technology,Buy,Buy,-0.37,-1.66,-11.62,-10.31,-8.67,-3.04,12.59,-79.18,58.88,936.75,2.50,3.18,StrongSell,Strong sell,StrongSell,Strong sell,Sell,Sell,36.19,-6.69,-10.28,-107.79,12.47,16.41,spinning_top_white,0.00,0.00,0.00,0.00,-0.62,1107231.00,37.17,152.92,0.00,258120.00,17.85,26.53,0.00,2.65,2.57,14.47,17.26,9.92,9881664995.00,2.39,12.99,10.43,157.44,166.14,170.48,171.73,170.75,209.57,240.00,170.00,209.50,11.29,2.62,2.80,4166230075.00,1051959194.00,1014723780.00
[object Object],SOF,Sofina SA,EURONEXT,254.20,stock,common,10.00,2.00,false,0.00,EUR,-1.63,14221.00,0.72,10859277901.37,USD,6.58,44.15,225.53,0.99,Finance,belgium,Finance,StrongBuy,Strong buy,-1.63,5.65,2.58,18.56,11.98,2.83,3.12,-30.13,102.49,482.17,2.10,1.58,Buy,Buy,StrongBuy,Strong buy,Sell,Sell,61.42,9.40,6.99,143.16,89.03,91.37,0.00,0.00,0.00,0.00,0.00,-0.93,14221.00,-22.51,254.20,0.00,9445.00,1.60,6.58,0.03,79.03,0.78,23.13,23.14,9.54,11263274611.92,82.75,7.11,0.00,249.42,247.12,240.57,230.17,234.62,349.91,366.18,319.68,356.88,0.00,0.00,0.00,0.00,0.00,0.00
[object Object],CLX,Clorox Company,NYSE,89.62,stock,common,100.00,1.00,false,0.00,USD,-2.16,2779018.00,0.84,10837836701.37,USD,18.63,4.81,-26.25,5.43,Consumer non-durables,america,Consumer Non-Durables,Neutral,Neutral,-2.16,-6.17,-14.52,-9.54,-18.75,-11.36,-28.49,-47.14,-30.45,4909.33,1.86,2.43,StrongSell,Strong sell,StrongSell,Strong sell,Neutral,Neutral,25.31,-15.31,-8.21,-150.24,1.64,2.78,falling_window_bearish,91.25,-0.38,0.01,4588.00,-0.66,2779018.00,0.86,89.90,0.31,434853.00,-24.17,18.63,0.00,1.66,120.42,17.84,26.95,76.34,16438836701.37,2.45,18.51,14.48,96.59,101.85,99.59,96.90,103.08,98.38,117.00,77.00,99.50,5.81,1.64,1.11,7634248439.00,1914937418.00,1878416208.00
[object Object],SSAB_B,SSAB AB Class B,OMXSTO,103.95,stock,common,100.00,5.00,false,0.00,SEK,-0.86,1840428.00,0.86,10834004580.04,USD,18.48,0.58,24.28,1.91,Producer manufacturing,sweden,Producer Manufacturing,Buy,Buy,-0.86,3.13,1.86,8.62,44.38,48.50,96.06,163.77,372.50,255.21,2.74,3.21,Buy,Buy,StrongBuy,Strong buy,Neutral,Neutral,52.32,-1.05,1.87,14.76,81.37,81.10,0.00,0.00,0.00,0.00,0.00,-0.19,1840428.00,15.52,0.00,0.00,0.00,94.46,18.48,0.77,1.07,1.46,8.51,0.00,5.27,9923736680.04,0.99,12.82,8.26,104.19,103.44,100.83,95.51,84.30,11.24,13.97,6.62,11.59,0.81,0.23,0.17,11311027266.60,2752248158.98,2621053923.55
[object Object],VSURE,Verisure Plc,OMXSTO,8.86,stock,common,1000.00,2.00,false,0.00,EUR,-0.96,827604.00,0.63,10756445405.24,USD,0.00,-0.29,-38.94,0.00,Commercial services,sweden,Commercial Services,StrongBuy,Strong buy,-0.96,-1.84,-8.16,-19.42,5.40,-36.55,-39.29,-39.29,-39.29,-39.29,2.74,2.51,Sell,Sell,StrongSell,Strong sell,Neutral,Neutral,36.33,-0.16,-0.69,-122.49,27.00,35.89,0.00,0.00,0.00,0.00,0.00,-0.56,827604.00,-21.19,0.00,0.00,0.00,0.00,0.00,-0.93,2.47,1.05,10.10,22.72,305.50,16900342390.26,3.84,49.09,10.49,8.97,9.43,9.91,10.43,11.22,18.15,20.34,13.83,19.06,0.67,0.00,0.00,4863701191.84,0.00,0.00
[object Object],UNI,Unicaja Banco S.A.,BME,3.57,stock,common,1000.00,2.00,false,0.00,EUR,-0.45,4603915.00,1.27,10718235637.70,USD,13.96,0.29,5.62,4.51,Finance,spain,Finance,Sell,Sell,-0.45,0.22,1.54,25.97,45.71,28.88,50.00,345.14,205.13,205.13,1.77,1.59,Neutral,Neutral,Buy,Buy,Sell,Sell,55.39,-0.00,0.09,-112.25,55.21,68.63,long_lower_shadow_bullish,0.00,0.00,0.00,0.00,-0.56,4603915.00,54.50,0.00,0.00,0.00,55.28,13.96,2.50,4.27,1.39,0.00,0.00,0.00,20676442609.30,6.15,0.00,0.00,3.58,3.54,3.43,3.15,2.92,3.63,4.30,3.25,3.48,0.31,0.08,0.07,2543561766.72,630022094.01,607897415.25
[object Object],IT,"Gartner, Inc.",NYSE,169.69,stock,common,100.00,1.00,false,0.00,USD,-1.68,1295766.00,1.20,10715749403.31,USD,15.23,11.15,-31.45,0.00,Technology services,america,Technology Services,Neutral,Neutral,-1.68,-10.25,-7.16,11.05,4.56,-32.23,-30.51,-45.69,86.66,5330.08,4.54,4.18,Sell,Sell,StrongSell,Strong sell,Neutral,Neutral,41.88,-26.10,5.12,-176.23,14.53,33.89,0.00,172.71,0.07,0.24,844.00,0.06,1295766.00,-11.14,169.69,0.00,198939.00,-37.11,15.23,0.00,1.78,0.00,8.18,8.78,7.59,12556539403.31,1.94,10.34,8.58,188.69,183.91,165.40,158.09,177.04,188.08,229.00,150.00,193.00,14.47,3.76,2.84,6418652214.00,1648479695.00,1487769965.00
[object Object],DPZ,"Domino's Pizza, Inc.",NASDAQ,321.46,stock,common,100.00,1.00,false,0.00,USD,-4.16,789816.00,0.84,10635481939.66,USD,18.23,17.64,2.40,2.22,Consumer services,america,Consumer Services,Buy,Buy,-4.16,-6.29,-6.50,3.20,-18.86,-22.86,-30.60,-38.45,113.71,2628.05,2.57,3.03,StrongSell,Strong sell,StrongSell,Strong sell,Sell,Sell,38.98,-28.45,-6.13,-216.90,25.47,46.40,0.00,334.50,-0.27,-0.27,400.00,-0.72,789816.00,39.85,321.46,0.00,136489.00,-27.60,18.23,7.91,2.22,0.00,13.77,16.39,23.97,15311534939.66,3.05,15.78,14.45,340.07,346.93,334.98,327.84,363.91,378.74,450.00,270.00,375.00,18.95,4.17,4.38,5184464931.00,1178770280.00,1173093183.00
[object Object],DIE,D'Ieteren Group SA/NV,EURONEXT,173.30,stock,common,10.00,1.00,false,0.00,EUR,-0.46,43494.00,1.09,10606476562.48,USD,21.76,9.36,14.61,0.80,Consumer services,belgium,Consumer Services,StrongBuy,Strong buy,-0.46,-1.53,-4.99,5.03,-0.17,10.95,7.44,30.99,295.21,890.85,2.33,1.70,Sell,Sell,StrongSell,Strong sell,Sell,Sell,45.02,-3.50,-2.44,-117.55,35.88,52.97,0.00,0.00,0.00,0.00,0.00,-0.63,43494.00,37.44,173.30,0.00,21953.00,-3.38,21.76,1.50,1.15,637.30,14.57,17.68,30.24,12880228762.48,1.37,28.01,17.58,175.89,177.34,176.73,173.50,171.87,272.85,324.61,245.21,268.56,15.92,7.33,7.71,9510164816.76,8081333506.00,7078487880.00
[object Object],AES,AES Corporation,NYSE,14.82,stock,common,100.00,1.00,false,0.00,USD,-0.07,6645104.00,0.92,10573159977.05,USD,5.54,2.68,88.93,4.75,Utilities,america,Utilities,Neutral,Neutral,-0.07,0.47,0.71,1.16,3.93,2.14,16.14,-38.74,14.00,352.28,0.26,0.30,Buy,Buy,StrongBuy,Strong buy,Neutral,Neutral,60.03,0.09,0.04,155.94,75.56,69.26,harami_cross_bearish,14.81,-0.13,0.13,20871.00,-0.07,6645104.00,53.39,14.81,-0.07,1236507.00,12.09,5.54,0.06,0.81,2.14,2.11,0.00,4.45,48189159977.05,3.70,19.81,11.85,14.77,14.75,14.75,14.65,14.60,15.00,15.00,15.00,15.00,2.29,0.45,0.53,12818493604.00,3111549000.00,3449572000.00
[object Object],GBLB,Groupe Bruxelles Lambert SA,EURONEXT,75.05,stock,common,100.00,5.00,false,0.00,EUR,-0.33,138053.00,1.40,10522620956.81,USD,0.00,-5.82,-513.32,4.76,Finance,belgium,Finance,Buy,Buy,-0.33,2.32,-3.78,-6.36,-4.46,-0.99,-1.18,-21.99,-3.83,31.31,1.24,1.21,Neutral,Neutral,Neutral,Neutral,Neutral,Neutral,51.85,1.80,-1.29,148.56,89.51,86.08,spinning_top_black,0.00,0.00,0.00,0.00,-0.20,138053.00,73.46,75.05,0.00,97511.00,-5.02,0.00,-0.03,1.33,0.84,15.40,0.00,5.88,19467324971.81,2.49,55.61,18.45,73.99,75.17,76.33,78.25,78.60,102.29,108.36,89.92,103.75,4.10,0.00,0.00,7498001369.40,0.00,0.00
[object Object],ACKB,Ackermans & van Haaren NV,EURONEXT,269.60,stock,common,10.00,2.00,false,0.00,EUR,-2.18,28399.00,0.80,10512340987.17,USD,13.41,22.97,23.59,1.17,Industrial services,belgium,Industrial Services,Buy,Buy,-2.18,-0.52,1.89,1.51,0.37,15.91,18.77,76.90,132.82,783.93,2.12,1.65,Buy,Buy,Buy,Buy,Neutral,Neutral,50.94,7.20,7.03,48.84,68.24,76.73,0.00,0.00,0.00,0.00,0.00,-0.44,28399.00,17.92,269.60,0.00,13459.00,21.05,13.41,0.58,1.52,1.49,6.89,12.25,3.95,21743635299.97,3.20,25.12,14.78,272.36,266.73,267.99,273.42,264.14,360.04,418.50,312.71,348.75,23.97,0.00,12.57,7370920170.80,0.00,0.00
[object Object],BEZ,Beazley Plc,LSE,1300.00,stock,common,10.00,5.00,false,0.00,GBX,0.08,2973180.00,1.61,10473904484.73,USD,15.90,1.08,-29.95,1.92,Finance,uk,Finance,Neutral,Neutral,0.08,0.15,0.58,1.36,0.93,55.04,63.01,232.91,229.87,1525.00,0.23,0.22,Buy,Buy,StrongBuy,Strong buy,Neutral,Neutral,63.46,2.00,5.20,106.93,82.22,87.41,0.00,0.00,0.00,0.00,0.00,0.00,2973180.00,389.77,1300.00,0.00,300544.00,66.96,15.90,0.00,1.62,2.11,11.22,11.35,0.00,11107092881.79,1.71,0.00,0.00,1298.85,1294.93,1292.43,1286.62,1183.62,17.71,17.76,17.66,17.71,1.30,0.50,0.69,6257379331.19,3218971000.00,3066741180.00
[object Object],PAH3,Porsche Automobil Holding SE Pref,XETR,29.17,stock,preferred,100.00,1.00,false,0.00,EUR,-0.61,442644.00,0.65,10448608787.10,USD,94.04,0.35,0.00,5.14,Consumer durables,germany,Consumer Durables,Neutral,Neutral,-0.61,3.92,0.31,-4.67,-10.66,-26.89,-19.49,-65.27,-36.59,-18.78,2.93,2.24,Buy,Buy,Buy,Buy,Neutral,Neutral,58.11,1.90,0.51,138.19,76.93,72.52,doji,29.06,-0.99,-0.61,274.00,-0.58,442644.00,-35.90,29.17,0.00,264750.00,-24.47,94.04,0.00,3.32,0.25,20.82,20.82,4.66,16239934687.10,5.25,4.84,4.84,28.51,28.33,28.07,29.55,32.70,39.66,49.96,30.50,40.66,10.07,3.52,2.96,13867673544.14,0.00,0.00
[object Object],SUBC,Subsea 7 S.A.,OSL,327.20,stock,common,10.00,2.00,false,0.00,NOK,0.86,336463.00,1.68,10392719587.82,USD,16.31,2.02,110.94,6.01,Industrial services,norway,Industrial Services,Buy,Buy,0.86,-4.33,-0.24,-1.80,30.78,61.02,64.75,412.05,284.71,316.23,1.91,2.24,Neutral,Neutral,Sell,Sell,Buy,Buy,45.52,-6.80,-4.85,-130.91,12.77,9.37,0.00,0.00,0.00,0.00,0.00,-0.43,336463.00,106.46,327.20,0.00,127852.00,60.26,16.31,0.15,1.31,2.25,5.13,5.90,9.40,10221754638.50,1.37,10.15,6.10,330.76,333.47,331.68,328.73,283.92,37.74,47.57,25.80,38.79,2.37,0.60,0.71,7069502296.39,1913006474.00,1985716857.00
[object Object],FRO,Frontline Plc,OSL,430.50,stock,common,10.00,1.00,false,0.00,NOK,0.82,556810.00,0.59,10378679094.00,USD,6.50,6.68,512.74,6.71,Transportation,norway,Transportation,Buy,Buy,0.82,2.99,14.43,28.89,45.44,94.44,87.34,531.23,629.66,100.23,2.78,3.45,Buy,Buy,StrongBuy,Strong buy,Neutral,Neutral,62.22,39.30,34.35,118.78,79.86,83.80,0.00,0.00,0.00,0.00,0.00,1.29,556810.00,-43.50,430.50,0.00,145991.00,93.28,6.50,0.01,3.79,3.06,7.15,14.03,30.00,12646284051.48,4.66,9.48,7.68,421.21,397.56,385.36,367.19,325.14,46.22,55.00,38.99,45.94,8.98,2.74,2.44,2359299383.88,758889542.00,643036800.00
[object Object],BNR,Brenntag SE,XETR,61.00,stock,common,100.00,2.00,false,0.00,EUR,-1.29,168357.00,0.82,10372560094.51,USD,24.15,2.89,-13.76,3.07,Distribution services,germany,Distribution Services,Neutral,Neutral,-1.29,-2.21,-4.84,9.71,26.92,22.86,16.90,-27.90,30.29,258.16,2.17,2.12,Sell,Sell,Sell,Sell,Neutral,Neutral,49.28,0.44,-0.51,8.24,39.11,38.36,0.00,61.34,-0.74,-0.74,50.00,-0.49,168357.00,28.19,61.00,0.00,116665.00,19.50,24.15,0.00,0.59,1.99,10.94,17.12,17.26,14020328194.51,0.81,16.19,9.75,61.55,61.70,60.29,58.99,55.50,69.99,88.26,54.58,67.36,4.93,1.98,1.27,18375716947.89,4620281199.36,4672293698.11
[object Object],UHS,"Universal Health Services, Inc. Class B",NYSE,175.78,stock,common,100.00,1.00,false,0.00,USD,2.26,890383.00,1.49,10357671027.10,USD,7.16,24.56,29.35,0.47,Health services,america,Health Services,Buy,Buy,2.26,3.31,1.66,21.38,-8.46,-19.30,-4.90,16.75,47.22,27677.58,2.99,2.74,Buy,Buy,StrongBuy,Strong buy,Neutral,Neutral,60.06,0.02,0.67,46.45,44.49,29.41,0.00,0.00,0.00,0.00,0.00,-0.44,890383.00,10.24,175.78,0.00,185559.00,-14.57,7.16,0.24,0.57,1.38,5.85,12.46,75.87,15622472027.10,0.86,7.59,5.79,171.80,171.44,164.39,161.52,185.48,192.50,290.00,166.00,190.50,22.53,5.94,5.23,18607862604.00,4578899092.00,4716247320.00
[object Object],TREL_B,Trelleborg AB Class B,OMXSTO,446.00,stock,common,10.00,2.00,false,0.00,SEK,-1.72,637396.00,2.12,10331955117.32,USD,26.48,1.73,7.71,1.76,Producer manufacturing,sweden,Producer Manufacturing,Buy,Buy,-1.72,0.90,1.13,10.12,23.55,13.20,18.93,119.81,171.45,1170.39,2.02,1.61,Buy,Buy,StrongBuy,Strong buy,Neutral,Neutral,56.26,3.00,12.14,69.59,79.87,81.12,0.00,0.00,0.00,0.00,0.00,-0.44,637396.00,161.79,0.00,0.00,0.00,18.28,26.48,3.49,2.92,2.65,18.90,25.15,42.75,11343733317.32,3.19,17.35,13.17,445.90,437.97,428.45,413.82,396.11,46.61,57.19,36.33,46.40,2.14,0.50,0.53,3929486081.45,930815195.16,961799135.93
[object Object],KESKOB,Kesko Oyj Class B,OMXHEX,22.42,stock,common,100.00,2.00,false,0.00,EUR,-0.44,442407.00,0.79,10330610002.28,USD,21.35,1.20,10.18,4.00,Retail trade,finland,Retail Trade,Buy,Buy,-0.44,-0.18,4.47,4.67,13.23,16.05,16.95,-33.57,132.63,590.38,1.25,1.17,Buy,Buy,StrongBuy,Strong buy,Neutral,Neutral,61.65,0.16,0.64,85.77,77.13,82.63,0.00,0.00,0.00,0.00,0.00,0.00,442407.00,28.62,0.00,0.00,0.00,16.60,21.35,2.11,0.70,3.37,8.75,12.92,23.73,14579713487.28,0.99,19.53,10.12,22.40,21.91,21.16,20.80,20.26,25.48,27.88,22.66,26.14,1.36,0.37,0.45,15463632216.93,3863834522.90,3930534062.50
[object Object],BXP,BXP Inc,NYSE,64.29,stock,common,100.00,1.00,false,0.00,USD,-2.21,1436900.00,1.27,10264641362.44,USD,34.54,1.86,9300.00,4.26,Finance,america,Finance,Buy,Buy,-2.21,-4.23,-7.14,-2.71,23.14,-4.85,-14.28,-42.96,-54.88,146.09,2.22,2.28,Sell,Sell,StrongSell,Strong sell,Sell,Sell,36.63,-7.84,-1.91,-186.03,9.63,18.13,0.00,65.47,-0.41,-0.02,424.00,0.11,1436900.00,12.57,64.29,0.00,270706.00,-8.32,34.54,0.00,2.98,1.99,7.99,13.41,18.54,28644242362.44,8.15,28.82,14.86,67.77,68.69,68.54,64.86,63.53,75.95,88.00,60.00,76.00,2.12,0.40,0.52,3508311393.00,858073851.00,885996102.00
[object Object],ABVX,Abivax SA,EURONEXT,101.20,stock,common,10.00,1.00,false,0.00,EUR,0.20,165097.00,0.87,10244246094.55,USD,0.00,-5.23,-31.84,0.00,Health technology,france,Health Technology,StrongBuy,Strong buy,0.20,3.21,-10.92,20.48,-0.59,-13.80,38.44,180.72,2481.63,353.81,3.25,3.00,Neutral,Neutral,Sell,Sell,Buy,Buy,47.72,0.80,-5.53,21.63,52.30,40.23,0.00,0.00,0.00,0.00,0.00,0.50,165097.00,37.48,101.20,0.00,66317.00,56.07,0.00,0.00,0.00,18.68,0.00,0.00,16.26,9712611211.55,0.00,0.00,0.00,98.69,103.52,109.95,102.97,103.08,167.00,209.24,81.37,173.01,-3.89,-0.93,-0.96,4474507.26,396400.51,778495.48
[object Object],MGM,MGM Resorts International,NYSE,40.66,stock,common,100.00,1.00,false,0.00,USD,-0.20,2795782.00,1.44,10229761348.74,USD,24.61,1.65,-8.96,0.00,Consumer services,america,Consumer Services,Buy,Buy,-0.20,-0.64,-7.78,-13.19,10.37,11.00,12.63,-4.22,59.64,1378.55,1.63,1.75,Sell,Sell,StrongSell,Strong sell,Neutral,Neutral,29.25,-2.68,-2.63,-136.01,12.18,13.91,long_lower_shadow_bullish,40.88,0.34,0.34,155.00,-0.10,2795782.00,5.39,40.66,0.00,661384.00,0.51,24.61,0.00,0.59,4.07,3.86,6.00,4.11,38703353348.74,2.18,33.59,17.30,41.60,43.33,44.60,43.49,39.68,50.96,60.00,43.00,51.50,1.84,0.56,0.17,17684627454.00,4416318966.00,4285696102.00
[object Object],FRT,Federal Realty Investment Trust,NYSE,115.16,stock,common,100.00,1.00,false,0.00,USD,-1.78,1187973.00,1.80,10066773314.34,USD,23.25,4.95,25.62,3.86,Finance,america,Finance,Buy,Buy,-1.78,-2.10,-2.49,-7.43,8.21,15.91,13.16,-4.83,-28.02,3634.90,1.26,1.15,Sell,Sell,StrongSell,Strong sell,Neutral,Neutral,34.20,-2.59,-2.49,-182.75,30.04,39.18,0.00,0.00,0.00,0.00,0.00,0.00,1187973.00,2.93,115.16,0.00,187105.00,18.59,23.25,0.92,7.57,3.12,15.59,29.63,92.54,15224331314.34,11.40,33.05,17.87,116.89,118.62,120.53,119.27,111.37,132.65,149.00,118.00,134.00,4.26,0.72,0.72,1361233479.00,331919002.00,336958005.00
[object Object],SMIN,Smiths Group Plc,LSE,2531.00,stock,common,1.00,1.00,false,0.00,GBX,-2.54,1242796.00,1.29,10047311040.32,USD,32.96,1.05,-13.45,1.80,Producer manufacturing,uk,Producer Manufacturing,Buy,Buy,-2.54,-0.28,-5.91,1.97,3.39,6.61,5.99,75.82,84.61,349.35,1.87,1.57,Sell,Sell,StrongSell,Strong sell,Sell,Sell,39.38,-86.00,-59.17,-129.83,41.29,42.70,0.00,0.00,0.00,0.00,0.00,-0.50,1242796.00,60.07,2531.00,0.00,398745.00,-4.06,32.96,0.00,3.78,4.81,21.87,26.38,23.71,11235508440.32,3.70,22.08,16.56,2579.80,2617.77,2599.12,2560.33,2521.79,39.01,42.65,32.50,40.62,1.12,0.80,0.64,2535558728.90,2041056000.00,1364333042.00
[object Object],SPM,Saipem S.p.A.,MIL,4.38,stock,common,1000.00,1.00,false,0.00,EUR,0.34,14093539.00,1.06,10005249212.09,USD,33.45,0.15,-14.67,3.90,Industrial services,italy,Industrial Services,Buy,Buy,0.34,-3.33,0.69,-3.14,32.55,78.69,91.43,-12.84,-58.01,-12.04,2.05,2.44,Neutral,Neutral,Sell,Sell,Buy,Buy,46.65,-0.10,-0.01,-134.35,11.72,10.11,0.00,0.00,0.00,0.00,0.00,-0.07,14093539.00,5.41,0.00,0.00,0.00,87.91,33.45,0.00,0.55,3.67,5.74,7.11,3.69,10757354362.09,0.60,15.27,5.44,4.43,4.42,4.38,4.40,3.75,5.67,6.95,3.94,5.77,0.20,0.00,0.00,18328209615.72,6802683120.00,0.00
[object Object],SBRY,J Sainsbury plc,LSE,338.60,stock,common,10.00,1.00,false,0.00,GBX,-0.18,7552415.00,1.21,10000860449.61,USD,20.47,0.22,12.82,4.04,Retail trade,uk,Retail Trade,Buy,Buy,-0.18,0.92,-4.19,9.54,-0.59,4.12,8.18,13.59,38.66,-36.01,2.10,1.66,Buy,Buy,Buy,Buy,Neutral,Neutral,49.63,3.50,-4.62,45.36,68.35,71.61,spinning_top_white,0.00,0.00,0.00,0.00,-0.53,7552415.00,74.86,338.60,0.00,2916496.00,8.24,20.47,1.60,0.23,1.25,0.00,0.00,7.34,17490022649.61,0.39,14.53,6.09,336.66,342.34,343.26,328.73,330.74,4.90,5.46,4.09,4.90,0.32,0.16,0.15,45970392961.28,21420047398.00,24739792330.50
[object Object],RNO,Renault SA,EURONEXT,29.19,stock,common,100.00,1.00,false,0.00,EUR,-1.32,1114155.00,0.68,9957254807.64,USD,8.91,3.74,0.00,7.44,Consumer durables,france,Consumer Durables,Buy,Buy,-1.32,1.28,1.67,9.74,0.72,-17.73,-12.63,-0.38,-60.10,16.06,2.84,2.88,Buy,Buy,StrongBuy,Strong buy,Neutral,Neutral,55.30,1.97,0.77,91.45,75.99,73.03,0.00,0.00,0.00,0.00,0.00,-0.54,1114155.00,9.24,29.19,0.00,665817.00,-14.96,8.91,0.00,0.14,0.41,1.73,2.52,0.40,71110261957.64,1.03,17.56,8.08,29.02,28.54,27.62,27.91,30.08,42.01,58.11,29.06,40.10,7.05,3.25,4.27,72025008147.62,33749915166.59,36233839094.53
[object Object],EVK,Evonik Industries AG,XETR,18.18,stock,common,100.00,1.00,false,0.00,EUR,-1.03,1195667.00,1.10,9951060683.52,USD,70.00,0.30,-71.46,5.44,Process industries,germany,Process Industries,Neutral,Neutral,-1.03,-3.30,1.00,17.21,25.64,35.87,11.67,-35.14,-40.14,-44.91,1.59,1.72,Sell,Sell,Sell,Sell,Neutral,Neutral,48.48,-0.37,0.40,-37.48,14.41,29.26,engulfing_bearish,18.25,-0.65,-0.65,200.00,0.60,1195667.00,19.41,18.12,-0.33,891585.00,17.52,70.00,0.00,0.61,1.08,5.25,10.22,21.72,14758953883.52,0.92,12.47,6.04,18.63,18.27,17.63,17.19,15.77,21.45,25.49,16.22,22.02,2.03,0.63,0.57,17255959920.34,4358954535.64,4235067482.47
[object Object],IG,Italgas SpA,MIL,8.30,stock,common,1000.00,2.00,false,0.00,EUR,-1.26,2551970.00,1.24,9938661411.76,USD,0.00,0.00,0.00,5.14,Utilities,italy,Utilities,Buy,Buy,-1.26,-5.19,-6.79,-22.21,-18.51,-12.26,9.16,56.64,-30.82,283.12,1.65,1.58,Sell,Sell,StrongSell,Strong sell,Neutral,Neutral,29.09,-0.54,-0.52,-129.48,11.49,11.74,0.00,0.00,0.00,0.00,0.00,-0.26,2551970.00,43.36,0.00,0.00,0.00,11.99,0.00,0.00,0.00,2.24,0.00,0.00,6.72,22957714315.91,7.50,15.45,9.81,8.51,8.73,9.24,9.76,9.93,12.52,13.59,11.38,12.66,0.87,0.22,0.22,3272022956.15,761061388.02,763858429.70
[object Object],FDS,FactSet Research Systems Inc.,NYSE,279.17,stock,common,100.00,1.00,false,0.00,USD,-3.40,785020.00,0.78,9928832954.22,USD,18.40,15.17,9.52,1.56,Commercial services,america,Commercial Services,Neutral,Neutral,-3.40,-7.40,-1.20,11.17,35.92,-3.25,-25.12,-27.48,53.86,6690.55,3.25,3.48,Sell,Sell,Sell,Sell,Sell,Sell,43.75,-16.91,14.25,-102.88,21.91,47.97,marubozu_black_bearish,0.00,0.00,0.00,0.00,-0.37,785020.00,-56.12,279.17,0.00,185552.00,-22.35,18.40,2.00,4.29,4.91,12.18,14.26,32.64,11189942954.22,4.59,14.91,11.67,301.70,289.50,274.83,252.79,249.87,267.69,389.00,210.00,253.50,17.84,4.45,4.34,2470551198.00,617905979.00,629698862.00
[object Object],IMI,IMI plc,LSE,3052.00,stock,common,1.00,2.00,false,0.00,GBX,-1.36,905227.00,1.12,9888937202.19,USD,22.49,1.80,45.36,1.14,Producer manufacturing,uk,Producer Manufacturing,Buy,Buy,-1.36,0.20,-2.49,8.30,11.47,21.98,32.70,72.23,178.21,871.97,1.99,1.73,Neutral,Neutral,Neutral,Neutral,Sell,Sell,50.02,-50.00,-0.44,-30.05,57.93,53.61,spinning_top_black,0.00,0.00,0.00,0.00,-0.78,905227.00,185.17,3052.00,0.00,159695.00,30.83,22.49,0.50,3.17,7.87,15.04,18.96,82.29,10802685362.19,3.44,16.40,13.32,3075.80,3058.73,3001.12,2916.94,2789.37,44.69,53.92,37.75,45.63,1.90,0.79,1.06,3218363825.85,1502780377.50,1665912300.00
[object Object],BIM,bioMerieux SA,EURONEXT,71.70,stock,common,100.00,5.00,false,0.00,EUR,-0.49,127233.00,0.67,9888662352.98,USD,18.38,4.46,22.76,1.36,Health technology,france,Health Technology,Neutral,Neutral,-0.49,-5.22,-1.98,2.58,-24.09,-35.00,-36.99,-35.23,57.58,13343.88,2.52,1.94,Sell,Sell,StrongSell,Strong sell,Neutral,Neutral,41.05,-2.60,0.57,-129.05,7.26,21.12,0.00,0.00,0.00,0.00,0.00,-0.56,127233.00,18.64,71.70,0.00,89565.00,-35.88,18.38,0.81,2.14,1.96,9.35,14.49,12.90,9616881542.98,2.11,13.90,9.16,74.37,73.49,72.49,71.89,85.78,92.46,116.13,74.32,92.91,5.12,2.32,2.95,4850436011.63,2210342924.00,2504731015.00
[object Object],WEIR,Weir PLC,LSE,2788.00,stock,common,1.00,2.00,false,0.00,GBX,-1.41,769213.00,0.72,9872140122.44,USD,27.54,1.34,-14.68,1.47,Producer manufacturing,uk,Producer Manufacturing,Buy,Buy,-1.41,3.87,2.35,23.58,-4.26,-2.31,7.81,62.71,72.63,1061.67,3.00,2.61,Buy,Buy,StrongBuy,Strong buy,Neutral,Neutral,55.20,-122.00,20.98,44.48,48.25,42.62,0.00,0.00,0.00,0.00,0.00,-0.21,769213.00,-33.28,2788.00,0.00,394827.00,8.13,27.54,0.00,2.78,3.59,25.10,30.73,18.71,11846063502.44,3.39,18.75,14.64,2771.40,2735.20,2625.96,2575.04,2812.77,44.35,54.08,33.80,43.27,1.77,0.68,1.05,3721841892.74,1670517442.79,2031318186.30
[object Object],DNP,Dino Polska SA,GPW,35.80,stock,common,100.00,1.00,false,0.00,PLN,-4.20,11113324.00,2.27,9867224391.00,USD,22.42,0.42,-0.32,0.00,Retail trade,poland,Retail Trade,Neutral,Neutral,-4.20,-1.38,10.05,20.95,-13.53,-14.00,-24.96,6.45,890.32,890.32,3.33,3.23,Buy,Buy,StrongBuy,Strong buy,Sell,Sell,59.23,-0.29,2.70,67.78,80.94,83.73,0.00,0.00,0.00,0.00,0.00,-0.27,11113324.00,83.15,0.00,0.00,0.00,-22.94,22.42,0.00,1.03,3.75,15.54,150.00,45.43,9893344391.20,1.05,18.43,14.41,36.00,34.04,32.02,31.36,35.30,9.51,14.07,6.05,9.59,0.47,0.11,0.14,10612836097.91,2530972727.34,2667706915.89
[object Object],ORK,Orkla ASA,OSL,91.25,stock,common,100.00,5.00,false,0.00,NOK,-1.56,2136939.00,1.48,9846233082.84,USD,13.88,0.66,-37.76,4.31,Consumer non-durables,norway,Consumer Non-Durables,Neutral,Neutral,-1.56,-4.10,-13.34,-8.70,-22.60,-19.25,-19.67,18.11,19.75,214.66,1.16,1.41,StrongSell,Strong sell,StrongSell,Strong sell,Sell,Sell,25.96,-4.85,-7.34,-105.84,3.05,4.22,falling_window_bearish,0.00,0.00,0.00,0.00,-0.76,2136939.00,159.66,91.25,0.00,1391886.00,-17.93,13.88,0.00,1.29,2.09,9.55,13.53,61.93,12525095002.84,1.75,16.73,12.25,93.61,99.49,102.03,104.17,110.38,11.63,16.11,9.56,11.27,0.66,0.16,0.18,6979151505.80,1782401333.51,1918640248.60
[object Object],HSIC,"Henry Schein, Inc.",NASDAQ,87.97,stock,common,100.00,1.00,false,0.00,USD,-1.00,754314.00,0.93,9803952263.98,USD,25.64,3.43,10.35,0.00,Distribution services,america,Distribution Services,Buy,Buy,-1.00,-1.18,0.46,9.88,16.12,16.29,30.33,12.22,36.72,1873.08,1.40,1.86,Sell,Sell,Sell,Sell,Sell,Sell,46.24,-1.68,1.20,-168.11,30.25,50.96,0.00,88.86,0.00,0.00,200.00,-0.81,754314.00,5.97,87.97,0.00,112524.00,23.74,25.64,2.50,0.75,3.12,14.38,17.69,64.10,15025952263.98,1.10,18.48,13.18,89.64,88.89,87.59,82.05,79.26,100.47,112.00,85.00,102.00,5.38,1.24,1.36,13871342398.00,3373853433.00,3473530416.00
[object Object],SW,Sodexo SA,EURONEXT,57.15,stock,common,100.00,5.00,false,0.00,EUR,-0.61,138796.00,0.75,9778036924.57,USD,18.75,3.60,-33.44,4.70,Consumer services,france,Consumer Services,Neutral,Neutral,-0.61,-1.89,-0.17,16.63,29.30,31.08,9.06,6.91,-25.76,700.69,1.48,1.54,Neutral,Neutral,Neutral,Neutral,Sell,Sell,51.06,-0.30,0.55,-9.12,43.73,54.25,0.00,0.00,0.00,0.00,0.00,-0.35,138796.00,4.45,57.15,0.00,108230.00,11.24,18.75,0.00,0.36,2.32,8.68,13.45,7.15,14706824924.57,0.53,14.56,9.11,57.97,57.23,55.99,51.56,47.86,63.13,75.56,47.66,62.77,3.77,2.82,1.60,27835712371.69,14296003267.68,13825503786.00
[object Object],AYV,Ayvens,EURONEXT,10.33,stock,common,100.00,1.00,false,0.00,EUR,-3.19,1014175.00,0.98,9718097624.49,USD,8.17,1.44,32.38,5.53,Finance,france,Finance,Buy,Buy,-3.19,-8.18,-10.79,-9.39,6.28,-9.78,11.02,-3.39,-20.82,-20.82,2.05,2.07,StrongSell,Strong sell,StrongSell,Strong sell,Sell,Sell,28.84,-1.10,-0.53,-230.89,9.13,18.04,0.00,0.00,0.00,0.00,0.00,-0.56,1014175.00,43.07,10.33,0.00,665756.00,16.89,8.17,0.26,0.33,0.73,0.85,0.00,3.46,66604215804.49,2.33,19.25,5.18,11.00,11.38,11.52,11.44,11.22,14.54,16.27,12.55,14.93,1.44,0.00,0.00,27402375572.76,0.00,0.00
[object Object],ANDR,ANDRITZ AG,VIE,83.30,stock,common,10.00,1.00,false,0.00,EUR,-0.36,124775.00,1.27,9666384077.51,USD,17.57,5.42,0.83,3.23,Producer manufacturing,austria,Producer Manufacturing,StrongBuy,Strong buy,-0.36,-0.36,2.08,10.48,27.86,24.33,34.57,70.00,83.08,3232.00,1.76,1.89,Buy,Buy,StrongBuy,Strong buy,Sell,Sell,59.21,0.50,2.55,72.75,76.21,82.30,0.00,0.00,0.00,0.00,0.00,-0.48,124775.00,98.52,83.30,0.00,82428.00,39.95,17.57,21.20,1.01,3.35,10.54,14.50,10.61,9498061317.51,1.03,13.70,9.75,83.36,82.07,78.83,77.21,72.42,103.48,115.41,92.33,103.29,6.16,1.34,1.56,9687710833.00,2226845691.00,2301534755.00
[object Object],VOE,voestalpine AG,VIE,45.10,stock,common,100.00,2.00,false,0.00,EUR,-2.47,181161.00,0.88,9595785546.85,USD,15.50,3.32,323.65,1.62,Non-energy minerals,austria,Non-Energy Minerals,Buy,Buy,-2.47,0.04,-1.96,1.35,12.75,20.52,56.06,23.02,46.43,368.57,3.01,2.95,Sell,Sell,Sell,Sell,Neutral,Neutral,48.14,-0.78,0.49,14.65,75.10,83.82,0.00,0.00,0.00,0.00,0.00,-0.82,181161.00,51.63,45.10,0.00,82515.00,59.06,15.50,0.05,0.54,0.99,5.54,18.09,8.14,11077328071.85,0.64,13.81,6.69,45.84,45.68,44.97,44.94,42.82,60.47,73.00,52.72,57.94,4.30,1.16,0.72,18170968709.85,4560137482.88,4505031463.33
[object Object],PODD,Insulet Corporation,NASDAQ,137.92,stock,common,100.00,1.00,false,0.00,USD,-3.06,2058715.00,1.07,9565330442.96,USD,27.34,5.04,53.51,0.00,Health technology,america,Health Technology,Buy,Buy,-3.06,-6.81,-1.87,-8.07,-39.01,-51.68,-60.51,-54.28,213.95,711.29,3.96,3.64,StrongSell,Strong sell,StrongSell,Strong sell,Sell,Sell,37.76,-5.13,-4.16,-162.37,24.78,44.39,0.00,142.00,-0.20,-0.20,100.00,-1.42,2058715.00,-7.76,137.90,-0.01,383231.00,-57.51,27.34,0.53,3.23,6.73,18.72,32.58,17.90,9978830442.96,3.27,19.37,15.60,145.54,148.41,153.61,156.37,208.20,169.86,275.00,144.00,165.00,6.50,1.47,1.59,3292965181.00,787389296.00,833873267.00
[object Object],SYENS,Syensqo SA/NV,EURONEXT,81.65,stock,common,100.00,5.00,false,0.00,EUR,0.80,90279.00,0.77,9539580978.92,USD,0.00,-0.26,72.60,1.40,Process industries,belgium,Process Industries,Buy,Buy,0.80,1.94,1.49,25.62,71.89,19.34,12.43,-9.28,-9.28,-9.28,1.94,2.04,Buy,Buy,StrongBuy,Strong buy,Neutral,Neutral,59.45,1.65,2.01,76.69,64.23,63.96,0.00,0.00,0.00,0.00,0.00,-0.25,90279.00,-51.41,81.65,0.00,50645.00,5.81,0.00,0.00,1.43,1.37,12.16,22.49,12.58,12049310528.92,1.82,29.06,9.98,80.94,80.23,75.41,69.23,66.63,92.63,116.25,45.34,95.32,4.08,1.08,1.27,6931682743.04,1727471390.55,1742965905.50
[object Object],RMBS,Rambus Inc.,NASDAQ,87.65,stock,common,100.00,1.00,false,0.00,USD,0.87,1612732.00,0.83,9506659283.38,USD,40.12,2.18,3.39,0.00,Electronic technology,america,Electronic Technology,Buy,Buy,0.87,4.28,-14.03,-38.71,-4.12,-8.14,19.86,269.83,548.78,1376.21,3.10,3.68,Sell,Sell,StrongSell,Strong sell,Neutral,Neutral,42.67,-2.21,-7.50,-43.71,37.54,26.13,engulfing_bullish,85.58,-1.51,1.13,4450.00,-0.49,1612732.00,-21.62,88.73,1.23,228091.00,15.93,40.12,11.74,12.63,6.48,28.97,32.18,11.68,8703514283.38,11.51,32.01,27.50,86.70,91.96,97.83,116.62,107.95,142.50,165.00,100.00,152.50,3.04,0.72,0.79,828732171.00,199296488.00,213214286.00
[object Object],STERV,Stora Enso Oyj Class R,OMXHEX,10.33,stock,common,1000.00,5.00,false,0.00,EUR,-0.10,1996470.00,1.46,9491243788.89,USD,14.13,0.84,0.00,2.42,Process industries,finland,Process Industries,Buy,Buy,-0.10,1.27,5.88,8.83,-1.62,-3.73,3.92,-39.99,31.09,-41.21,2.91,2.12,StrongBuy,Strong buy,StrongBuy,Strong buy,Neutral,Neutral,65.31,0.42,0.33,116.43,81.80,82.39,0.00,0.00,0.00,0.00,0.00,-0.53,1996470.00,24.47,0.00,0.00,0.00,4.68,14.13,0.00,0.88,0.75,15.34,0.00,5.23,13522620388.89,1.27,0.00,29.90,10.17,9.89,9.73,9.73,10.09,13.05,15.69,10.46,13.13,0.61,0.16,0.14,11116530512.58,2765574104.51,2745650308.45
[object Object],MRL,"MERLIN Properties SOCIMI, S.A.",BME,12.93,stock,common,100.00,1.00,false,0.00,EUR,-1.52,1094421.00,1.21,9442975300.82,USD,9.10,1.62,20.37,2.59,Finance,spain,Finance,Buy,Buy,-1.52,-2.78,-12.58,-11.98,-5.41,4.27,2.95,39.03,25.41,61.99,1.54,1.45,StrongSell,Strong sell,StrongSell,Strong sell,Sell,Sell,20.02,-1.00,-1.10,-116.92,15.01,15.13,0.00,0.00,0.00,0.00,0.00,-0.61,1094421.00,-32.58,0.00,0.00,0.00,16.91,9.10,0.45,13.96,0.86,0.00,0.00,5.12,13435633016.22,20.20,28.57,28.16,13.28,14.06,14.45,14.73,14.01,20.03,23.59,14.53,20.54,0.63,0.15,0.16,712756110.33,172332856.79,171575295.10
[object Object],PSON,Pearson PLC,LSE,1166.50,stock,common,10.00,5.00,false,0.00,GBX,0.47,1574259.00,1.22,9412560998.73,USD,23.54,0.66,-23.84,2.20,Consumer services,uk,Consumer Services,Neutral,Neutral,0.47,-2.91,-4.78,1.92,19.27,11.15,11.15,54.46,47.47,113.48,1.85,1.73,Neutral,Neutral,StrongSell,Strong sell,Buy,Buy,37.76,-48.00,-43.69,-131.36,10.42,10.72,long_lower_shadow_bullish,0.00,0.00,0.00,0.00,0.39,1574259.00,68.93,1166.50,0.00,1099861.00,6.67,23.54,0.00,1.99,2.09,6.53,6.79,21.42,11353193198.73,2.36,16.22,7.79,1195.60,1213.17,1227.37,1175.20,1080.12,17.17,19.20,14.54,17.58,0.95,0.35,0.56,5009405989.84,2333304250.65,2607014036.25
[object Object],INDT,Indutrade AB,OMXSTO,246.00,stock,common,10.00,2.00,false,0.00,SEK,-1.05,241800.00,0.76,9410295682.00,USD,33.43,0.76,-0.48,1.25,Producer manufacturing,sweden,Producer Manufacturing,Buy,Buy,-1.05,0.16,0.49,29.20,13.99,2.33,2.93,-10.77,286.39,2943.31,1.81,1.76,Buy,Buy,Buy,Buy,Sell,Sell,53.77,-3.20,3.78,3.12,52.89,62.04,0.00,0.00,0.00,0.00,0.00,-0.40,241800.00,58.92,0.00,0.00,0.00,6.93,33.43,0.00,2.73,5.01,21.70,24.44,65.80,10398384682.00,3.06,25.37,17.58,249.02,244.62,237.79,218.59,222.55,29.64,33.66,27.46,29.77,1.03,0.21,0.25,3798838209.93,886637170.99,916396067.56
[object Object],GTT,Gaztransport & Technigaz SA,EURONEXT,218.80,stock,common,10.00,2.00,false,0.00,EUR,-0.18,72502.00,0.77,9396989141.50,USD,18.32,13.64,24.12,4.08,Producer manufacturing,france,Producer Manufacturing,Buy,Buy,-0.18,3.01,11.07,8.64,9.18,40.53,44.33,226.81,668.12,375.65,1.82,1.80,Buy,Buy,StrongBuy,Strong buy,Sell,Sell,70.43,11.80,12.34,145.64,89.64,86.23,0.00,0.00,0.00,0.00,0.00,0.09,72502.00,-3.43,218.80,0.00,54179.00,33.25,18.32,0.76,10.17,13.21,16.36,17.48,21.30,9076501676.50,9.91,15.61,14.80,213.14,205.53,199.18,199.62,190.79,270.32,319.68,212.74,276.67,13.29,6.53,6.72,902658317.08,437735609.16,445204109.99
[object Object],CNA,Centrica plc,LSE,151.25,stock,common,100.00,5.00,false,0.00,GBX,-0.72,9486482.00,0.66,9337785813.31,USD,9.64,0.21,0.00,3.72,Utilities,uk,Utilities,Buy,Buy,-0.72,-0.49,-2.20,-18.20,-26.93,-10.90,-2.48,197.74,-35.99,178.01,2.73,2.04,Sell,Sell,StrongSell,Strong sell,Neutral,Neutral,40.58,-4.30,-4.10,-46.14,35.79,30.72,"inverted_hammer_bullish,long_upper_shadow_bearish",0.00,0.00,0.00,0.00,-0.07,9486482.00,3.84,151.25,0.00,4305537.00,-7.06,9.64,0.00,0.35,2.01,14.15,0.00,1.97,8868190713.31,0.34,1.48,1.39,152.16,153.78,160.33,176.55,182.29,2.80,3.07,2.44,2.77,0.16,0.09,0.07,29205657922.01,16453957366.80,17314530249.90
[object Object],RED,Redeia Corporacion SA,BME,14.91,stock,common,100.00,1.00,false,0.00,EUR,0.07,812577.00,0.78,9335669497.14,USD,16.12,1.06,35.60,4.35,Utilities,spain,Utilities,Neutral,Neutral,0.07,-1.06,-3.62,-1.39,0.47,-2.23,-10.18,-12.09,-24.79,879.31,1.19,1.12,Sell,Sell,StrongSell,Strong sell,Neutral,Neutral,39.39,-0.32,-0.37,-94.41,23.40,25.06,long_upper_shadow_bearish,0.00,0.00,0.00,0.00,0.00,812577.00,51.16,0.00,0.00,0.00,-10.72,16.12,0.45,4.69,1.70,7.96,0.00,8.19,16484962512.44,8.41,19.72,11.65,15.02,15.19,15.29,15.10,15.09,19.26,21.62,15.69,19.76,1.10,0.59,0.00,2035123930.43,983884690.00,0.00
[object Object],ADDT_B,Addtech AB Class B,OMXSTO,327.00,stock,common,10.00,2.00,false,0.00,SEK,-1.68,508644.00,1.25,9327944529.95,USD,39.71,0.85,13.61,1.08,Distribution services,sweden,Distribution Services,StrongBuy,Strong buy,-1.68,-0.85,-8.71,2.44,5.48,-0.18,-0.49,87.93,890.91,9470.83,1.98,1.64,Sell,Sell,StrongSell,Strong sell,Sell,Sell,37.62,-15.60,-11.22,-161.38,31.65,29.29,0.00,0.00,0.00,0.00,0.00,-0.12,508644.00,26.16,0.00,0.00,0.00,2.34,39.71,2.97,3.90,10.27,28.26,29.62,63.19,9952175729.95,4.21,31.69,26.67,333.18,341.28,340.10,335.67,326.24,40.09,43.53,35.50,40.19,1.09,0.24,0.23,2609067907.01,632241811.89,612492355.65
[object Object],NIBE_B,NIBE Industrier AB Class B,OMXSTO,44.50,stock,common,100.00,1.00,false,0.00,SEK,0.00,6176477.00,0.85,9321384345.77,USD,33.87,0.13,-1.71,0.79,Producer manufacturing,sweden,Producer Manufacturing,Buy,Buy,0.00,5.20,10.67,24.72,29.36,24.93,15.86,-63.82,140.07,2430.90,2.21,2.58,Buy,Buy,StrongBuy,Strong buy,Neutral,Neutral,74.30,1.96,3.68,91.64,88.32,87.74,doji,0.00,0.00,0.00,0.00,-0.02,6176477.00,45.25,0.00,0.00,0.00,15.10,33.87,0.00,2.16,2.78,18.17,0.00,16.73,11189194645.77,2.62,26.75,17.19,43.57,40.92,39.03,39.06,37.69,4.84,5.74,3.03,4.91,0.18,0.04,0.05,4707653010.88,1088750416.37,1141565636.82
[object Object],DEMANT,Demant A/S,OMXCOP,288.60,stock,common,10.00,2.00,false,0.00,DKK,-1.37,262768.00,0.95,9302170353.93,USD,37.43,1.18,-28.65,0.00,Health technology,denmark,Health Technology,Buy,Buy,-1.37,0.21,2.05,14.52,53.27,34.11,15.81,-18.73,107.93,491.39,2.05,2.18,Neutral,Neutral,Buy,Buy,Sell,Sell,52.02,3.80,5.45,-12.72,50.19,55.04,0.00,0.00,0.00,0.00,0.00,-0.21,262768.00,56.51,0.00,0.00,0.00,22.97,37.43,0.00,2.47,5.36,15.21,17.88,40.29,12227666553.93,3.24,18.44,13.35,290.06,287.83,283.48,260.89,232.52,47.61,60.14,34.10,48.83,2.17,0.85,1.14,4127689733.70,1933914852.00,2071580845.45
[object Object],WYNN,"Wynn Resorts, Limited",NASDAQ,90.23,stock,common,100.00,1.00,false,0.00,USD,-2.16,2101322.00,1.27,9291334416.80,USD,21.61,4.18,23.17,1.08,Consumer services,america,Consumer Services,StrongBuy,Strong buy,-2.16,-0.56,-11.54,-14.28,-9.96,-24.86,-26.10,-13.51,-5.95,594.08,2.08,2.47,StrongSell,Strong sell,StrongSell,Strong sell,Sell,Sell,31.54,-8.51,-6.91,-99.31,14.58,15.53,0.00,92.14,-0.09,-0.02,533.00,-0.89,2101322.00,23.02,90.54,0.35,247498.00,-27.79,21.61,0.95,1.28,0.00,6.37,11.73,4.42,18795858416.80,2.54,15.56,10.18,92.50,98.08,97.65,100.36,106.84,134.20,155.00,116.00,134.50,4.64,0.99,0.92,7490641602.00,1832286431.00,1824721511.00
[object Object],QRVO,"Qorvo, Inc.",NASDAQ,105.24,stock,common,100.00,1.00,false,0.00,USD,1.12,981042.00,0.97,9284444725.37,USD,24.42,4.31,403.00,0.00,Electronic technology,america,Electronic Technology,Neutral,Neutral,1.12,9.17,6.34,9.99,32.71,23.23,14.44,-41.13,88.91,52.52,2.18,2.68,Buy,Buy,StrongBuy,Strong buy,Buy,Buy,72.87,10.90,6.65,196.80,96.36,91.86,0.00,102.00,-1.99,-1.99,186.00,-0.20,981042.00,-31.89,105.29,0.05,102110.00,5.43,24.42,0.06,2.55,2.67,12.29,14.48,7.08,9504639725.37,2.61,14.35,10.47,99.17,96.51,92.65,93.82,88.07,92.63,105.00,80.00,95.00,7.65,1.11,2.07,3526784661.00,743280071.00,919044495.00
[object Object],APTV,Aptiv PLC,NYSE,44.51,stock,common,100.00,1.00,false,0.00,USD,-2.67,3794936.00,0.62,9241759483.36,USD,42.22,1.05,-75.87,0.00,Producer manufacturing,america,Producer Manufacturing,StrongBuy,Strong buy,-2.67,-1.11,-9.27,-32.10,-25.72,-31.61,-36.04,-64.42,-10.42,195.20,3.76,3.07,Sell,Sell,StrongSell,Strong sell,Neutral,Neutral,36.15,-2.12,-3.76,-101.12,27.37,32.92,0.00,45.63,-0.22,0.02,2016.00,-0.26,3794936.00,6.80,44.51,0.00,612066.00,-46.08,42.22,0.00,0.52,1.06,2.89,3.52,12.34,14160759483.36,0.76,7.84,5.15,45.68,48.69,52.69,57.09,60.85,67.05,78.00,55.00,66.00,5.75,1.42,1.34,12733369972.00,3314249981.00,3182263732.00
[object Object],JYSK,Jyske Bank A/S,OMXCOP,1089.00,stock,common,1.00,1.00,false,0.00,DKK,-0.64,81448.00,0.82,9197661390.90,USD,12.69,13.07,6.40,2.28,Finance,denmark,Finance,Neutral,Neutral,-0.64,-0.55,4.61,21.74,25.46,25.17,56.92,299.49,244.73,1483.55,1.23,1.44,Buy,Buy,StrongBuy,Strong buy,Sell,Sell,61.74,5.00,39.63,35.25,77.48,85.91,"hanging_man_bearish,long_lower_shadow_bullish",0.00,0.00,0.00,0.00,-0.55,81448.00,16.87,0.00,0.00,0.00,40.95,12.69,2.00,4.03,1.32,0.00,0.00,0.00,79335122190.90,19.16,0.00,0.00,1093.40,1063.57,1034.87,972.39,929.20,164.28,186.96,143.49,162.81,13.09,3.15,3.29,2078043576.44,502156655.53,507513828.03
[object Object],NDA,Aurubis AG,XETR,180.60,stock,common,10.00,1.00,false,0.00,EUR,-0.22,99023.00,1.02,9186010727.46,USD,7.91,26.06,61.71,0.88,Non-energy minerals,germany,Non-Energy Minerals,Neutral,Neutral,-0.22,5.61,4.27,-0.55,14.16,45.29,81.51,158.37,269.74,1190.00,2.77,3.25,Buy,Buy,StrongBuy,Strong buy,Neutral,Neutral,56.27,3.10,-0.40,111.17,71.34,60.59,0.00,182.60,0.88,0.88,17.00,0.55,99023.00,-16.69,180.60,0.00,36623.00,77.73,7.91,0.13,0.36,1.33,27.28,0.00,148.77,9985776327.46,0.39,6.61,5.50,176.46,176.36,175.64,186.06,168.03,198.37,246.38,131.95,202.01,10.70,2.72,3.10,29261058489.09,7082457537.80,8720561929.97
[object Object],PNR,Pentair plc,NYSE,57.52,stock,common,100.00,1.00,false,0.00,USD,-1.88,2263684.00,0.43,9182374988.01,USD,14.48,3.97,8.54,1.81,Producer manufacturing,america,Producer Manufacturing,Neutral,Neutral,-1.88,-4.80,-15.86,-19.70,-35.46,-44.81,-47.87,-25.57,35.94,25258.42,1.92,2.71,StrongSell,Strong sell,StrongSell,Strong sell,Sell,Sell,27.59,-4.94,-4.74,-152.57,6.02,8.48,falling_window_bearish,58.30,-0.55,0.39,602.00,-1.09,2263684.00,-18.32,57.52,0.00,442907.00,-45.46,14.48,1.73,2.36,2.45,12.37,13.81,101.26,10855274988.01,2.71,12.39,10.89,60.38,64.17,66.32,71.67,85.28,75.08,94.00,60.00,75.50,4.65,1.12,1.08,3932105600.00,943239219.00,966026446.00
[object Object],ACLN,Accelleron Industries AG,SIX,76.70,stock,common,100.00,5.00,false,0.00,CHF,-2.91,204778.00,0.78,9149067197.54,USD,34.06,2.79,25.15,1.90,Producer manufacturing,switzerland,Producer Manufacturing,Buy,Buy,-2.91,6.53,2.27,0.72,1.72,24.21,9.81,326.11,326.11,326.11,3.11,3.56,Buy,Buy,StrongBuy,Strong buy,Neutral,Neutral,52.50,-1.15,1.46,87.13,49.93,45.70,0.00,0.00,0.00,0.00,0.00,-0.51,204778.00,-19.81,76.70,0.00,84610.00,10.04,34.06,1.39,6.74,20.84,32.76,43.01,35.40,9497885149.12,6.95,28.16,25.31,75.34,75.05,75.83,78.88,74.32,103.77,116.94,92.94,100.97,3.17,1.36,1.74,1533696239.93,685643500.00,788470000.00
[object Object],TUB,Financiere de Tubize S.A.,EURONEXT,175.70,stock,common,10.00,1.00,false,0.00,EUR,-0.34,17455.00,1.06,9122409497.15,USD,79.47,2.52,6.12,0.43,Finance,belgium,Finance,Buy,Buy,-0.34,-4.82,-8.49,-23.87,-18.85,-16.33,3.96,99.66,191.38,8778.22,2.21,2.35,Sell,Sell,StrongSell,Strong sell,Buy,Buy,31.05,-13.70,-10.91,-206.09,9.01,8.87,"hammer_bullish,long_lower_shadow_bullish",0.00,0.00,0.00,0.00,0.11,17455.00,5.48,175.70,0.00,12979.00,15.02,79.47,13.03,0.00,3.94,79.51,79.51,156.72,9064398545.85,0.00,0.00,0.00,182.77,186.99,196.83,205.17,212.85,289.44,329.15,249.74,289.44,0.00,0.00,0.00,0.00,0.00,0.00
[object Object],SB1NO,SPAREBANK 1 SOR-NORGE ASA,OSL,224.50,stock,common,10.00,5.00,false,0.00,NOK,-0.66,178349.00,1.10,9098208646.07,USD,13.38,1.69,-4.25,5.31,Finance,norway,Finance,Buy,Buy,-0.66,1.35,5.40,19.67,9.51,13.38,29.17,65.07,65.07,65.07,1.20,1.60,Buy,Buy,StrongBuy,Strong buy,Sell,Sell,60.89,0.50,8.37,34.93,75.25,85.80,"hanging_man_bearish,long_lower_shadow_bullish",0.00,0.00,0.00,0.00,-0.44,178349.00,68.38,224.50,0.00,101105.00,29.36,13.38,0.00,6.80,1.69,21.24,22.15,0.00,33692372966.07,11.06,0.00,0.00,225.05,218.72,213.16,203.41,200.97,24.02,25.89,22.35,23.74,1.69,0.40,0.46,1334605481.17,335240654.97,361101025.73
[object Object],PNDORA,Pandora A/S,OMXCOP,806.60,stock,common,10.00,2.00,false,0.00,DKK,-1.37,291885.00,1.39,9074785496.41,USD,11.80,10.42,0.60,2.69,Consumer durables,denmark,Consumer Durables,Neutral,Neutral,-1.37,-6.75,1.28,31.37,81.46,13.77,-6.32,3.81,-1.27,257.69,2.06,2.98,Sell,Sell,Sell,Sell,Sell,Sell,47.21,-23.40,15.32,-56.65,51.60,62.73,0.00,0.00,0.00,0.00,0.00,-0.29,291885.00,92.97,0.00,0.00,0.00,-4.60,11.80,20.08,1.78,13.22,7.00,8.50,62.70,11501014796.41,2.33,9.67,7.19,840.40,819.07,802.22,692.28,633.35,130.65,155.20,68.29,133.63,10.21,1.29,0.97,5241832395.51,1100235321.75,1027597032.34
[object Object],INPST,InPost S.A.,EURONEXT,15.55,stock,common,100.00,1.00,false,0.00,EUR,-0.06,695900.00,1.48,9043861244.11,USD,75.23,0.24,-54.41,0.00,Technology services,netherlands,Technology Services,Buy,Buy,-0.06,0.06,0.52,1.70,3.32,48.66,32.45,1.69,-18.16,-18.16,0.12,0.16,Buy,Buy,StrongBuy,Strong buy,Sell,Sell,61.01,0.02,0.05,101.19,76.19,78.17,0.00,0.00,0.00,0.00,0.00,0.00,695900.00,115.50,15.55,0.00,332389.00,45.78,75.23,0.00,2.03,10.06,13.19,31.72,53.32,11768745730.64,2.69,29.14,10.90,15.55,15.51,15.48,15.39,14.43,20.14,27.87,14.11,19.55,0.50,0.10,0.07,4668060669.25,1093809298.06,1045488740.04
[object Object],SAVE,Nordnet AB,OMXSTO,342.00,stock,common,10.00,2.00,false,0.00,SEK,-2.17,312046.00,1.38,9005979642.79,USD,26.37,1.33,15.57,2.46,Finance,sweden,Finance,Buy,Buy,-2.17,-4.63,-4.15,0.77,19.16,26.57,24.27,111.70,213.76,213.76,2.41,1.94,Sell,Sell,StrongSell,Strong sell,Sell,Sell,35.06,-22.60,-8.45,-213.38,15.16,27.11,falling_window_bearish,0.00,0.00,0.00,0.00,-0.34,312046.00,16.78,0.00,0.00,0.00,28.03,26.37,1.73,12.30,11.87,0.00,0.00,36.72,8858857242.79,12.21,21.07,19.89,355.78,359.87,362.82,345.81,315.84,39.45,45.80,31.23,39.82,1.58,0.36,0.39,688249842.66,156942742.27,167647985.99
[object Object],STB,Storebrand ASA,OSL,202.20,stock,common,10.00,2.00,false,0.00,NOK,0.40,582563.00,1.35,8987309040.69,USD,17.71,1.15,7.24,2.68,Finance,norway,Finance,Buy,Buy,0.40,-0.39,-1.65,17.08,17.35,16.95,31.30,159.90,460.58,294.56,1.29,1.20,Neutral,Neutral,Neutral,Neutral,Neutral,Neutral,49.01,-4.60,0.17,-84.98,36.48,50.81,0.00,0.00,0.00,0.00,0.00,-0.20,582563.00,31.06,202.20,0.00,375164.00,28.92,17.71,2.44,0.62,2.66,0.00,0.00,0.00,16009044720.69,1.16,0.00,0.00,203.88,203.91,199.69,188.22,179.39,21.72,26.54,15.38,23.29,1.17,0.29,0.33,4603200680.00,0.00,0.00
[object Object],ALSYDB,AL Sydbank A/S,OMXCOP,689.00,stock,common,10.00,5.00,false,0.00,DKK,0.00,120684.00,0.83,8974892959.71,USD,20.81,5.05,-25.16,3.63,Finance,denmark,Finance,StrongBuy,Strong buy,0.00,1.77,8.50,34.18,33.66,20.88,22.38,22.38,22.38,22.38,1.74,1.69,Buy,Buy,StrongBuy,Strong buy,Neutral,Neutral,73.91,25.50,39.04,87.13,89.01,91.82,"hanging_man_bearish,long_lower_shadow_bullish",0.00,0.00,0.00,0.00,0.29,120684.00,-10.34,0.00,0.00,0.00,138.08,20.81,0.00,5.57,1.68,18.30,19.01,0.00,10516897159.71,5.51,0.00,0.00,681.15,653.07,634.45,589.22,0.00,116.39,120.59,112.86,115.95,7.63,1.77,2.06,1959930872.19,468439500.00,490969050.00
[object Object],SECU_B,Securitas AB Class B,OMXSTO,149.80,stock,common,10.00,1.00,false,0.00,SEK,-0.60,1386741.00,1.65,8970588253.95,USD,15.36,1.00,0.13,3.25,Commercial services,sweden,Commercial Services,Buy,Buy,-0.60,-1.19,-0.33,-4.34,-3.94,1.15,1.90,26.12,19.86,15.48,1.45,1.24,Sell,Sell,StrongSell,Strong sell,Neutral,Neutral,45.51,0.30,0.25,40.00,64.63,72.19,0.00,0.00,0.00,0.00,0.00,-0.13,1386741.00,190.72,0.00,0.00,0.00,4.61,15.36,123.37,0.57,2.09,8.16,0.00,13.12,12451134353.95,0.80,11.25,8.18,151.13,150.02,154.98,155.82,153.84,17.77,22.13,13.49,18.02,1.39,0.32,0.36,16365728246.81,3867703585.69,3974171990.22
[object Object],BGN,Banca Generali S.p.A.,MIL,65.85,stock,common,100.00,5.00,false,0.00,EUR,-1.94,250715.00,1.74,8894278499.82,USD,14.32,5.25,33.89,4.24,Finance,italy,Finance,Buy,Buy,-1.94,-0.23,-1.20,13.53,30.53,14.52,33.57,75.55,237.52,648.30,1.93,2.02,Sell,Sell,Sell,Sell,Sell,Sell,47.86,0.00,-0.32,-90.12,31.47,29.55,0.00,0.00,0.00,0.00,0.00,-0.45,250715.00,79.33,0.00,0.00,0.00,33.05,14.32,0.43,4.09,5.34,0.00,0.00,0.00,10620068044.12,4.66,0.00,0.00,66.19,66.57,65.97,62.22,58.56,84.06,89.34,75.91,84.66,4.61,0.00,0.00,1308972353.84,326857572.00,0.00
[object Object],ALO,Alstom SA,EURONEXT,15.85,stock,common,1000.00,5.00,false,0.00,EUR,-2.88,1405054.00,1.15,8776373621.19,USD,26.34,0.70,97.86,0.00,Producer manufacturing,france,Producer Manufacturing,Neutral,Neutral,-2.88,0.73,-3.53,-1.80,-33.40,-36.73,-22.00,-48.67,-26.96,-26.89,2.83,2.43,StrongSell,Strong sell,StrongSell,Strong sell,Sell,Sell,44.88,-1.06,-0.04,-67.10,40.70,49.17,0.00,0.00,0.00,0.00,0.00,-1.32,1405054.00,63.54,15.85,0.00,885818.00,-19.37,26.34,0.28,0.40,0.74,8.28,22.77,3.17,11212868821.19,0.51,13.88,6.42,16.21,16.25,16.09,16.36,20.78,24.61,32.70,11.68,23.36,1.87,0.79,0.87,23416964697.56,11584916557.29,11293140721.38
[object Object],ARE,"Alexandria Real Estate Equities, Inc.",NYSE,50.34,stock,common,100.00,1.00,false,0.00,USD,-0.85,1016646.00,0.61,8771622179.13,USD,0.00,-6.06,-4488.12,6.85,Finance,america,Finance,Neutral,Neutral,-0.85,-2.78,2.48,-3.06,-1.68,3.18,-41.03,-75.66,-55.90,144.07,2.84,3.27,Sell,Sell,StrongSell,Strong sell,Neutral,Neutral,46.47,-2.56,1.08,-18.04,44.84,63.49,0.00,50.56,-0.41,-0.41,100.00,-0.06,1016646.00,-15.03,50.98,1.27,266492.00,-34.88,0.00,-0.00,3.05,0.55,6.72,6.72,18.09,25203644179.13,8.87,32.53,12.31,51.89,50.82,50.56,49.52,50.14,53.00,60.00,47.00,52.50,1.52,0.09,-0.03,1749473842.00,464856301.00,433350001.00
[object Object],QIA,QIAGEN NV,XETR,36.62,stock,common,1000.00,5.00,false,0.00,EUR,0.41,409219.00,0.92,8733448244.00,USD,21.24,1.97,12.91,0.83,Health technology,germany,Health Technology,Buy,Buy,0.41,-1.99,-0.79,15.37,1.36,-10.12,-13.93,-30.61,38.87,45.66,2.47,2.89,Sell,Sell,Sell,Sell,Sell,Sell,47.68,-0.72,-0.16,-149.69,26.18,33.56,0.00,0.00,0.00,0.00,0.00,-1.99,409219.00,6.41,36.62,0.00,244932.00,-9.50,21.24,2.27,4.19,2.57,13.28,19.41,10.95,9598748069.67,4.57,18.56,13.34,37.24,37.04,36.53,33.82,36.96,45.83,50.00,40.00,46.00,2.45,0.60,0.62,2158937634.01,527501910.00,535981062.00
[object Object],SPIE,SPIE SA,EURONEXT,43.72,stock,common,100.00,2.00,false,0.00,EUR,-0.91,294184.00,0.76,8685894632.33,USD,24.63,2.03,48.04,2.45,Commercial services,france,Commercial Services,StrongBuy,Strong buy,-0.91,-1.89,-6.14,-7.92,-5.24,-10.52,-9.67,116.44,154.11,157.18,1.73,1.95,StrongSell,Strong sell,StrongSell,Strong sell,Neutral,Neutral,38.87,-1.02,-2.28,-63.68,30.45,25.99,spinning_top_black,0.00,0.00,0.00,0.00,-0.59,294184.00,-1.29,43.72,0.00,251865.00,-6.72,24.63,0.52,0.71,3.55,7.98,8.64,17.94,12132326392.33,1.00,18.03,10.11,43.72,45.58,46.90,47.99,47.84,66.86,72.99,58.11,67.41,3.61,0.00,0.00,13198516117.67,5911616626.50,7061767505.00
[object Object],SCA_B,Svenska Cellulosa AB SCA Class B,OMXSTO,117.95,stock,common,100.00,5.00,false,0.00,SEK,-0.25,2741933.00,1.33,8630683720.17,USD,37.32,0.32,-41.24,2.54,Process industries,sweden,Process Industries,Buy,Buy,-0.25,2.65,6.89,17.66,2.88,-4.22,-7.34,-22.40,107.04,557.66,2.03,1.58,Buy,Buy,StrongBuy,Strong buy,Sell,Sell,73.17,6.00,5.27,137.90,92.25,91.90,long_upper_shadow_bearish,0.00,0.00,0.00,0.00,-0.25,2741933.00,27.25,0.00,0.00,0.00,-8.98,37.32,0.00,4.20,0.82,22.90,47.23,511.37,10230535920.17,5.04,81.25,28.96,115.42,111.66,107.67,104.74,110.95,12.45,15.15,9.96,12.09,0.37,0.08,0.10,2199479081.23,523860368.40,525388805.45
[object Object],KBCA,KBC Ancora SCA,EURONEXT,94.10,stock,common,10.00,1.00,false,0.00,EUR,-1.16,54229.00,1.38,8522533573.94,USD,0.00,0.00,0.00,3.18,Finance,belgium,Finance,StrongBuy,Strong buy,-1.16,0.97,4.32,23.98,31.24,27.85,43.23,131.09,182.58,6.87,1.48,1.32,Buy,Buy,StrongBuy,Strong buy,Sell,Sell,59.50,-0.70,2.85,2.13,83.19,92.25,"hanging_man_bearish,long_lower_shadow_bullish",0.00,0.00,0.00,0.00,-1.05,54229.00,4.15,94.10,0.00,34968.00,44.95,0.00,0.00,18.47,2.03,0.00,0.00,0.00,8522533573.94,18.80,18.97,0.00,94.27,92.27,89.42,84.24,79.52,107.25,107.25,107.25,107.25,0.00,0.00,0.00,0.00,0.00,0.00
[object Object],A2A,A2A S.p.A.,MIL,2.34,stock,common,1000.00,1.00,false,0.00,EUR,0.00,11903027.00,1.40,8514635544.55,USD,10.76,0.25,-15.88,4.45,Utilities,italy,Utilities,Neutral,Neutral,0.00,1.65,0.56,3.31,-0.81,1.26,11.17,25.50,86.15,116.08,1.70,1.54,Buy,Buy,StrongBuy,Strong buy,Neutral,Neutral,55.42,-0.02,-0.00,101.06,71.54,59.35,spinning_top_white,0.00,0.00,0.00,0.00,-0.30,11903027.00,69.80,0.00,0.00,0.00,6.76,10.76,0.00,0.48,1.23,4.38,16.79,4.63,15957802894.55,0.92,12.07,6.48,2.31,2.30,2.31,2.30,2.35,3.34,3.66,3.03,3.32,0.24,0.00,0.00,16538599555.80,3827614090.00,0.00
[object Object],ZAB,Zabka Group S.A.,GPW,31.47,stock,common,100.00,1.00,false,0.00,PLN,-0.44,10826114.00,1.75,8512081978.86,USD,24.59,0.34,95.31,1.68,Retail trade,poland,Retail Trade,Neutral,Neutral,-0.44,-0.10,-0.03,24.93,55.02,36.83,43.05,36.83,36.83,36.83,0.34,0.32,Buy,Buy,StrongBuy,Strong buy,Sell,Sell,56.21,-0.02,0.41,44.08,79.70,82.45,0.00,0.00,0.00,0.00,0.00,-0.16,10826114.00,364.06,0.00,0.00,0.00,45.66,24.59,0.26,1.09,14.42,8.13,13.46,19.44,10659530853.62,1.38,18.29,9.56,31.53,31.40,30.66,27.72,25.02,8.54,10.01,6.63,8.65,0.35,0.09,0.12,8672479226.38,2165832880.21,2312215080.24
[object Object],VZN,VZ Holding AG,SIX,166.60,stock,common,10.00,2.00,false,0.00,CHF,-4.36,22563.00,1.06,8455028234.38,USD,25.79,7.99,12.42,1.69,Finance,switzerland,Finance,Buy,Buy,-4.36,-6.51,3.22,15.37,13.80,11.81,-8.46,89.32,203.46,825.56,2.16,2.21,Sell,Sell,Sell,Sell,Sell,Sell,40.75,-11.80,6.94,-115.67,24.42,43.55,0.00,0.00,0.00,0.00,0.00,-0.57,22563.00,-13.95,166.60,0.00,11900.00,1.13,25.79,2.17,10.38,5.44,22.37,23.94,3.13,7022291470.68,8.55,19.08,17.49,176.90,170.12,166.04,157.40,154.23,230.51,246.54,221.89,223.12,8.81,3.97,4.27,824383190.56,389067950.00,407525470.00
[object Object],PSPN,PSP Swiss Property AG,SIX,146.20,stock,common,10.00,1.00,false,0.00,CHF,-1.75,65425.00,1.06,8431098015.13,USD,14.88,12.15,9.13,2.65,Finance,switzerland,Finance,Neutral,Neutral,-1.75,0.62,2.31,2.24,-9.75,2.45,7.34,24.53,57.04,284.74,1.59,1.32,Neutral,Neutral,Buy,Buy,Neutral,Neutral,53.23,0.30,1.60,102.13,69.92,76.84,marubozu_black_bearish,0.00,0.00,0.00,0.00,-0.13,65425.00,-21.66,146.20,0.00,30368.00,7.57,14.88,1.66,13.36,1.18,17.29,17.29,170.26,12565264172.13,19.89,29.27,29.18,146.17,144.87,144.84,146.49,149.26,195.80,228.53,160.59,199.50,6.87,6.00,2.56,442734840.34,113429960.03,106191589.85
[object Object],MRO,Melrose Industries PLC,LSE,481.30,stock,common,10.00,1.00,false,0.00,GBX,-3.45,7779540.00,1.65,8406424032.93,USD,37.75,0.17,-47.98,1.50,Electronic technology,uk,Electronic Technology,Buy,Buy,-3.45,-2.43,-1.05,7.39,-6.11,-18.70,-21.71,26.40,33.72,1627.43,3.03,2.71,StrongSell,Strong sell,StrongSell,Strong sell,Sell,Sell,46.23,-28.90,10.08,-59.42,50.02,57.45,0.00,0.00,0.00,0.00,0.00,-1.58,7779540.00,270.58,481.30,0.00,1559075.00,-19.42,37.75,0.00,1.67,2.12,20.85,29.83,30.13,10914088932.93,2.20,19.56,10.15,499.35,488.04,483.29,482.77,532.32,8.84,11.18,6.10,9.01,0.47,0.23,0.21,5149616088.51,2409212639.52,2636120136.00
[object Object],KCR,Konecranes Oyj,OMXHEX,29.48,stock,common,100.00,2.00,false,0.00,EUR,-2.83,290193.00,0.99,8381360752.02,USD,18.36,1.83,-0.13,1.65,Producer manufacturing,finland,Producer Manufacturing,StrongBuy,Strong buy,-2.83,1.45,6.81,15.25,-3.87,-5.81,17.84,120.66,211.96,830.95,2.86,2.24,Buy,Buy,StrongBuy,Strong buy,Sell,Sell,55.80,-0.84,1.29,58.94,71.18,69.38,dark_cloud_cover_bearish,0.00,0.00,0.00,0.00,0.07,290193.00,47.30,0.00,0.00,0.00,20.79,18.36,0.00,1.77,3.46,17.10,19.74,18.50,8408678327.02,1.80,13.99,11.10,29.68,28.51,27.89,27.77,29.33,40.49,44.32,36.15,40.82,2.05,0.51,0.57,5029171785.37,1252369454.59,1266469679.58
[object Object],MOS,Mosaic Company,NYSE,26.21,stock,common,100.00,1.00,false,0.00,USD,-1.21,7523501.00,0.98,8332045475.04,USD,0.00,-2.02,-168.44,3.32,Process industries,america,Process Industries,Buy,Buy,-1.21,6.11,14.55,31.64,-16.13,8.76,-19.87,-15.01,-8.45,127.91,3.62,4.15,Buy,Buy,StrongBuy,Strong buy,Sell,Sell,66.97,1.94,2.51,131.93,89.50,90.06,0.00,26.72,0.72,-0.19,9101.00,1.02,7523501.00,-28.90,26.41,0.76,881006.00,-21.01,0.00,0.00,0.69,0.73,18.77,0.00,28.05,14285145475.04,1.17,17.18,6.85,25.03,23.51,22.89,22.77,24.54,26.17,32.00,17.00,26.00,0.51,0.12,0.06,12006297290.00,3099458175.00,3092050314.00
[object Object],NEM,Nemetschek SE,XETR,60.40,stock,common,100.00,5.00,false,0.00,EUR,-1.95,199567.00,0.81,8270599055.41,USD,28.32,2.44,30.85,1.10,Technology services,germany,Technology Services,Buy,Buy,-1.95,-9.99,-0.58,-0.82,-11.57,-34.67,-47.52,-27.84,246.07,16410.27,5.31,3.94,StrongSell,Strong sell,StrongSell,Strong sell,Neutral,Neutral,43.17,-4.60,1.47,-96.03,12.84,22.70,0.00,0.00,0.00,0.00,0.00,0.00,199567.00,6.43,60.45,0.08,103032.00,-40.87,28.32,0.94,5.65,6.84,19.22,20.05,17.79,8498241638.91,5.91,23.01,18.65,66.31,62.65,60.52,60.54,68.58,99.95,133.55,60.39,99.87,2.61,0.60,0.59,1644340778.83,372692427.87,427742268.50
[object Object],BKW,BKW AG,SIX,126.30,stock,common,10.00,1.00,false,0.00,CHF,-0.32,31980.00,0.42,8257744649.11,USD,17.93,8.72,-19.07,3.00,Utilities,switzerland,Utilities,Neutral,Neutral,-0.32,1.12,-4.17,-9.79,-16.36,-26.27,-22.75,23.34,174.57,321.00,1.51,1.72,Sell,Sell,StrongSell,Strong sell,Neutral,Neutral,43.43,0.50,-4.11,-4.67,59.99,47.11,0.00,0.00,0.00,0.00,0.00,0.24,31980.00,-40.78,126.30,0.00,17208.00,-23.96,17.93,0.00,1.58,1.21,10.42,23.95,9.53,10291171979.11,1.97,17.82,10.84,125.33,128.64,131.09,139.07,148.61,176.38,195.84,166.28,172.44,11.07,0.00,6.18,5603997437.50,2642239416.25,2827601700.00
[object Object],SALM,SalMar ASA,OSL,573.50,stock,common,10.00,5.00,false,0.00,NOK,2.05,154428.00,0.74,8240448198.16,USD,35.29,1.64,89.94,1.78,Process industries,norway,Process Industries,Buy,Buy,2.05,1.06,9.45,9.24,-1.80,-6.82,11.04,0.12,155.46,1281.93,2.10,2.33,StrongBuy,Strong buy,StrongBuy,Strong buy,Neutral,Neutral,64.11,-4.50,23.06,71.59,74.35,67.09,marubozu_white_bullish,0.00,0.00,0.00,0.00,-0.71,154428.00,71.77,573.50,0.00,81507.00,10.69,35.29,0.38,2.53,4.44,11.78,15.38,82.62,10743615078.16,3.53,22.24,15.51,564.40,536.75,516.09,530.72,554.09,65.96,73.12,56.33,67.16,2.71,0.58,0.73,3117159371.70,779111174.86,957237195.31
[object Object],PIRC,Pirelli & C. S.p.A.,MIL,6.36,stock,common,1000.00,5.00,false,0.00,EUR,-2.23,1737645.00,1.20,8203591535.06,USD,12.69,0.57,0.46,5.23,Consumer durables,italy,Consumer Durables,Buy,Buy,-2.23,-2.00,-3.20,3.92,11.58,8.20,7.11,22.97,-2.00,-2.00,1.97,2.08,Sell,Sell,StrongSell,Strong sell,Sell,Sell,37.82,-0.44,-0.05,-193.89,28.39,38.06,0.00,0.00,0.00,0.00,0.00,-0.08,1737645.00,106.79,0.00,0.00,0.00,22.30,12.69,28.15,0.00,1.08,0.00,0.00,0.00,8203591535.06,1.06,0.00,0.00,6.56,6.59,6.64,6.41,6.25,8.29,8.83,7.55,8.31,0.61,0.17,0.15,8039250151.45,1985354101.52,1883337613.37
[object Object],INVP,Investec plc,LSE,665.00,stock,common,10.00,5.00,false,0.00,GBX,-2.49,2374558.00,0.99,8186193810.12,USD,8.57,1.03,5.64,5.65,Finance,uk,Finance,StrongBuy,Strong buy,-2.49,0.61,-1.26,6.23,14.75,20.04,13.68,136.40,100.45,460.92,2.30,1.99,Buy,Buy,StrongBuy,Strong buy,Neutral,Neutral,54.42,29.50,10.27,62.84,86.84,85.25,0.00,0.00,0.00,0.00,0.00,-0.66,2374558.00,-34.36,665.00,0.00,781991.00,29.01,8.57,1.56,2.53,1.04,11.17,0.00,0.00,13235553691.92,2.09,0.00,0.00,661.45,659.88,643.51,634.68,610.76,10.48,10.95,10.01,10.48,1.15,0.00,0.00,3129455940.30,0.00,0.00
[object Object],GAW,Games Workshop Group PLC,LSE,17570.00,stock,common,1.00,10.00,false,0.00,GBX,-2.39,177039.00,2.18,8049610674.62,USD,28.23,8.37,4.88,2.69,Consumer durables,uk,Consumer Durables,StrongBuy,Strong buy,-2.39,-3.73,-6.94,-7.09,0.34,-7.48,15.82,46.42,3106.20,9147.37,2.81,2.18,StrongSell,Strong sell,StrongSell,Strong sell,Sell,Sell,28.24,-970.00,-715.27,-210.63,17.42,24.36,0.00,0.00,0.00,0.00,0.00,-0.83,177039.00,-35.78,17570.00,0.00,39237.00,20.31,28.23,5.92,9.04,17.32,21.55,24.45,31.84,7877876904.62,8.88,21.15,18.11,18262.00,18734.00,19399.60,19627.45,18919.50,296.95,297.96,295.94,296.95,8.34,3.34,0.00,930703547.25,421935480.00,0.00
[object Object],RAA,Rational Aktiengesellschaft,XETR,589.00,stock,common,10.00,5.00,false,0.00,EUR,-3.20,13495.00,1.17,8042578798.88,USD,0.00,0.00,0.00,2.63,Producer manufacturing,germany,Producer Manufacturing,Buy,Buy,-3.20,-4.54,-10.83,-9.38,-12.35,-10.69,-10.69,-36.05,35.40,1611.21,1.88,1.70,StrongSell,Strong sell,StrongSell,Strong sell,Sell,Sell,25.91,-48.50,-30.37,-223.36,6.88,8.29,0.00,607.00,-0.25,-0.25,10.00,-0.66,13495.00,122.73,590.00,0.17,8677.00,-1.91,0.00,0.00,0.00,0.00,0.00,0.00,0.00,8042578798.88,5.44,20.22,0.00,617.30,635.98,640.23,646.11,659.54,920.71,1232.89,674.05,933.31,28.04,6.92,6.64,1582509766.33,371733726.75,388610272.42
[object Object],HSX,Hiscox Ltd,LSE,1845.00,stock,common,1.00,1.00,false,0.00,GBX,-1.60,2448163.00,2.21,8038387966.13,USD,13.07,1.87,7.11,2.09,Finance,uk,Finance,Buy,Buy,-1.60,-1.49,0.76,6.22,23.99,29.75,41.60,101.95,73.89,1343.52,1.44,1.36,Buy,Buy,StrongBuy,Strong buy,Neutral,Neutral,52.36,18.00,45.61,53.56,74.87,81.97,0.00,0.00,0.00,0.00,0.00,-0.64,2448163.00,23.03,1845.00,0.00,1317088.00,38.44,13.07,1.87,1.48,1.98,11.19,11.24,0.00,8883964677.38,1.60,0.00,0.00,1858.10,1820.17,1833.32,1774.92,1616.93,26.35,29.12,15.51,27.20,1.76,0.71,0.91,5286598470.30,2731324500.00,2517781000.00
[object Object],CPR,Davide Campari-Milano N.V.,MIL,5.73,stock,common,1000.00,2.00,false,0.00,EUR,-0.73,4341971.00,1.01,8037189213.37,USD,25.54,0.26,45.21,1.73,Consumer non-durables,italy,Consumer Non-Durables,Buy,Buy,-0.73,0.46,-4.12,4.11,-6.44,3.36,-4.25,-51.86,16.98,638.84,1.56,1.70,Sell,Sell,StrongSell,Strong sell,Neutral,Neutral,45.46,-0.21,-0.11,-91.88,18.27,18.39,0.00,0.00,0.00,0.00,0.00,-0.80,4341971.00,59.53,5.73,0.00,400.00,-6.48,25.54,0.57,2.28,1.72,14.07,33.52,9.64,10335352863.37,2.98,15.12,12.17,5.76,5.86,5.77,5.71,5.89,8.22,12.55,6.16,8.14,0.37,0.19,0.15,3587409125.38,1706503903.29,1800729208.45
[object Object],BGEO,Lion Finance Group PLC,LSE,13450.00,stock,common,1.00,10.00,false,0.00,GBX,-1.82,93120.00,1.45,7982023513.73,USD,8.97,19.87,14.96,1.78,Finance,uk,Finance,StrongBuy,Strong buy,-1.82,0.60,8.29,30.20,35.04,44.62,84.50,744.85,595.35,2299.36,2.25,2.42,Buy,Buy,StrongBuy,Strong buy,Sell,Sell,61.67,120.00,840.02,56.23,80.53,85.03,spinning_top_black,0.00,0.00,0.00,0.00,-1.53,93120.00,1.50,13450.00,0.00,29455.00,86.70,8.97,0.61,4.10,2.13,0.00,0.00,0.00,10476889276.65,3.67,0.00,0.00,13474.00,12862.00,12321.40,11659.60,10726.85,193.47,197.01,187.33,195.30,22.02,4.90,5.31,1884986225.09,453935957.20,477554355.64
[object Object],BZU,Buzzi Spa,MIL,39.78,stock,common,100.00,1.00,false,0.00,EUR,-1.29,479672.00,1.05,7917910106.12,USD,8.35,5.44,-4.63,1.74,Non-energy minerals,italy,Non-Energy Minerals,Buy,Buy,-1.29,-1.36,-4.47,-9.47,-3.82,-23.87,-11.91,87.38,121.99,199.52,2.54,2.35,StrongSell,Strong sell,StrongSell,Strong sell,Neutral,Neutral,43.18,-2.08,-0.59,-60.96,37.19,43.65,spinning_top_black,0.00,0.00,0.00,0.00,-0.94,479672.00,62.31,39.78,0.00,359.00,-17.80,8.35,0.00,1.60,0.96,7.11,13.17,5.90,7147712584.32,1.38,7.75,5.45,40.53,40.74,41.77,43.76,46.21,59.05,65.08,48.81,60.43,5.36,2.25,3.30,5391692544.27,2502678686.63,2768401798.45
[object Object],FHZN,Flughafen Zurich AG,SIX,203.80,stock,common,10.00,2.00,false,0.00,CHF,-2.21,59077.00,0.80,7902740873.92,USD,17.93,14.06,3.79,4.08,Transportation,switzerland,Transportation,Buy,Buy,-2.21,-0.78,-14.01,-9.42,-15.30,-19.19,-16.54,33.20,9.10,168.16,1.64,1.87,StrongSell,Strong sell,StrongSell,Strong sell,Sell,Sell,25.65,-27.00,-19.05,-93.45,7.95,8.91,0.00,0.00,0.00,0.00,0.00,-0.86,59077.00,-15.60,203.80,0.00,33016.00,-15.80,17.93,4.84,4.59,2.06,8.95,38.91,23.42,9787561613.92,5.68,16.14,10.03,208.70,224.53,230.67,231.50,239.83,304.06,349.51,265.53,302.58,13.19,7.03,6.03,1773397861.50,832039810.88,883697178.65
[object Object],NKT,NKT A/S,OMXCOP,931.00,stock,common,10.00,5.00,false,0.00,DKK,-1.59,123765.00,1.01,7882052407.59,USD,24.93,5.69,26.44,0.00,Producer manufacturing,denmark,Producer Manufacturing,Neutral,Neutral,-1.59,1.20,0.76,-3.37,18.37,16.59,47.90,248.93,496.87,1178.60,1.94,2.45,Sell,Sell,Sell,Sell,Neutral,Neutral,49.33,14.00,18.84,-21.58,68.77,65.92,0.00,0.00,0.00,0.00,0.00,-0.37,123765.00,50.86,0.00,0.00,0.00,53.17,24.93,0.96,1.88,3.16,12.13,0.00,7.83,7371935645.91,1.80,24.26,15.99,933.75,929.77,925.44,958.63,884.36,158.01,200.74,121.18,163.89,4.82,1.14,1.12,4408142766.32,1061745201.53,1151088213.70
[object Object],AOS,A. O. Smith Corporation,NYSE,57.83,stock,common,100.00,1.00,false,0.00,USD,-1.68,1313685.00,0.98,7859592544.70,USD,16.12,3.59,0.04,2.45,Producer manufacturing,america,Producer Manufacturing,Neutral,Neutral,-1.68,-1.62,-9.09,-0.19,-14.05,-13.76,-21.30,-19.90,19.69,5238.10,1.87,2.25,StrongSell,Strong sell,StrongSell,Strong sell,Sell,Sell,37.92,-4.32,-2.03,-153.59,15.16,23.91,0.00,58.42,-0.68,-0.68,330.00,-0.68,1313685.00,-0.34,57.83,0.00,287147.00,-18.81,16.12,391.97,2.13,4.29,11.52,12.47,43.97,8354992544.70,2.20,12.14,10.70,59.94,61.51,61.19,60.35,65.15,69.70,84.00,59.00,69.00,3.74,0.96,0.90,3893720731.00,994893205.00,963440280.00
[object Object],EDEN,Edenred SA,EURONEXT,28.59,stock,common,100.00,1.00,false,0.00,EUR,-0.07,734042.00,1.30,7858685388.46,USD,13.89,2.35,-0.23,4.65,Commercial services,france,Commercial Services,Buy,Buy,-0.07,-4.48,-1.07,40.49,52.93,50.91,24.68,-39.54,42.24,119.92,2.65,2.19,Sell,Sell,Sell,Sell,Neutral,Neutral,46.57,-1.77,0.64,-72.97,21.42,45.68,0.00,0.00,0.00,0.00,0.00,-0.63,734042.00,14.33,28.59,0.00,488261.00,23.84,13.89,0.00,2.50,0.00,6.21,6.26,1.39,7950518938.46,2.53,8.54,6.38,29.82,29.12,27.66,24.76,21.53,32.82,40.69,19.76,36.04,2.51,1.26,1.36,3494930440.73,1669198504.26,1767782827.36
[object Object],SQN,Swissquote Group Holding Ltd.,SIX,40.62,stock,common,100.00,2.00,false,0.00,CHF,-1.65,239160.00,0.64,7793891029.65,USD,16.95,2.96,17.63,1.79,Finance,switzerland,Finance,Buy,Buy,-1.65,-2.12,-5.53,8.15,1.80,-17.94,-22.41,128.46,1366.43,1407.24,2.35,2.85,Sell,Sell,StrongSell,Strong sell,Neutral,Neutral,47.11,-0.82,0.32,12.16,69.36,79.03,0.00,0.00,0.00,0.00,0.00,-0.82,239160.00,-24.44,40.62,0.00,110194.00,-17.02,16.95,0.98,7.77,4.38,10.41,12.68,1.07,1089535561.06,1.10,2.47,2.10,41.67,41.14,41.19,40.24,42.01,57.82,73.61,44.91,56.77,2.68,1.49,1.36,934337246.33,473862495.30,453098775.25
[object Object],LTMC,Lottomatica Group S.P.A.,MIL,26.08,stock,common,100.00,1.00,false,0.00,EUR,-0.19,1281916.00,0.65,7643227532.63,USD,29.08,1.02,61.55,1.68,Consumer services,italy,Consumer Services,StrongBuy,Strong buy,-0.19,6.97,7.99,-3.73,6.54,17.16,16.22,206.82,206.82,206.82,6.32,3.50,Buy,Buy,StrongBuy,Strong buy,Neutral,Neutral,59.88,1.20,0.59,130.66,88.86,79.54,doji,0.00,0.00,0.00,0.00,-0.23,1281916.00,-27.34,26.08,0.00,7205.00,1.42,29.08,0.47,2.82,27.08,12.14,13.37,17.31,10083893603.23,3.86,18.47,11.74,25.05,24.50,24.73,25.28,23.97,37.23,43.00,34.87,36.55,2.20,0.39,0.41,2835091533.14,659714765.49,659058002.20
[object Object],STJ,St. James's Place Plc,LSE,1119.00,stock,common,10.00,5.00,false,0.00,GBX,-0.75,2872712.00,1.02,7608112609.23,USD,10.51,1.41,12.90,1.60,Finance,uk,Finance,Buy,Buy,-0.75,-3.53,-3.28,-0.89,-15.20,-19.21,-8.01,-31.52,14.07,1298.75,2.78,2.23,Sell,Sell,StrongSell,Strong sell,Neutral,Neutral,40.41,-64.00,-0.34,-182.84,12.09,18.91,0.00,0.00,0.00,0.00,0.00,-2.00,2872712.00,-22.98,1119.00,0.00,832586.00,-11.68,10.51,0.82,0.13,3.63,10.42,10.45,0.00,8305603429.23,0.14,0.00,0.00,1155.60,1148.10,1155.23,1174.46,1262.81,22.35,27.72,17.04,21.63,1.13,0.45,0.63,3743817470.33,0.00,0.00
[object Object],ICG,ICG plc,LSE,1925.00,stock,common,1.00,1.00,false,0.00,GBX,-2.28,1559594.00,1.75,7606088500.08,USD,11.74,2.17,6.59,4.42,Finance,uk,Finance,Buy,Buy,-2.28,0.10,-5.54,10.95,28.16,-5.27,-12.42,-12.82,202.44,1785.48,2.59,2.24,Sell,Sell,Sell,Sell,Sell,Sell,44.13,-93.00,-40.89,-93.96,25.64,25.51,0.00,0.00,0.00,0.00,0.00,-1.73,1559594.00,39.72,1925.00,0.00,328359.00,-10.55,11.74,1.82,5.52,2.02,0.00,0.00,3.85,14504805910.08,10.51,17.48,17.01,1961.60,1990.63,1922.82,1867.51,1843.24,33.53,40.60,24.28,34.56,2.26,0.79,1.19,1333995332.25,580730892.57,629582970.31
[object Object],RAND,Randstad NV,EURONEXT,37.71,stock,common,100.00,1.00,false,0.00,EUR,1.62,569023.00,1.67,7591184190.45,USD,21.22,2.03,325.22,4.37,Commercial services,netherlands,Commercial Services,Neutral,Neutral,1.62,-5.61,-3.51,38.18,45.54,16.64,-1.28,-37.92,-8.02,151.74,3.07,2.31,Neutral,Neutral,Neutral,Neutral,Neutral,Neutral,47.35,-2.02,-0.31,-154.18,8.54,12.95,0.00,0.00,0.00,0.00,0.00,-0.30,569023.00,31.59,37.71,0.00,357978.00,-3.60,21.22,0.06,0.28,1.70,10.77,11.30,25.71,9733036717.22,0.37,13.48,8.97,38.96,38.77,36.05,31.04,29.65,42.60,69.75,24.41,43.24,3.04,0.70,0.83,27482682166.66,6623439072.94,6961440478.04
[object Object],ATS,AT & S Austria Technologie & Systemtechnik Aktiengesellschaft,VIE,169.20,stock,common,10.00,2.00,false,0.00,EUR,1.20,79866.00,0.71,7550949279.24,USD,123.03,1.57,6.20,0.00,Electronic technology,austria,Electronic Technology,Buy,Buy,1.20,14.17,15.57,20.86,241.47,428.75,783.09,344.09,1410.71,1275.19,5.80,6.72,Buy,Buy,StrongBuy,Strong buy,Neutral,Neutral,57.60,31.20,14.16,87.17,85.26,81.43,long_lower_shadow_bullish,0.00,0.00,0.00,0.00,1.67,79866.00,-2.70,169.20,0.00,40319.00,695.57,123.03,19.61,3.35,8.47,26.07,72.55,5.55,9566695701.74,4.32,62.87,17.08,157.88,150.89,159.12,150.52,98.00,321.62,697.49,116.25,270.28,9.98,0.98,2.16,3082161292.45,627105146.00,775702885.00
[object Object],AVOL,Avolta AG,SIX,43.00,stock,common,100.00,2.00,false,0.00,CHF,-1.33,378576.00,1.76,7490173357.73,USD,30.09,1.77,77.50,2.64,Retail trade,switzerland,Retail Trade,Buy,Buy,-1.33,-5.16,-13.10,-9.51,-10.15,-8.78,-4.44,-7.31,-61.17,-41.23,2.51,2.12,StrongSell,Strong sell,StrongSell,Strong sell,Neutral,Neutral,22.82,-4.30,-3.61,-145.55,11.21,11.00,0.00,0.00,0.00,0.00,0.00,-0.96,378576.00,49.68,43.00,0.00,201689.00,-2.88,30.09,0.39,0.43,3.65,2.08,2.44,5.92,21871535957.73,1.28,18.85,6.24,44.80,47.35,48.48,48.29,48.01,64.30,70.41,55.59,64.24,4.55,1.77,0.00,17545510352.24,7990131377.45,9236417159.20
[object Object],BARN,Barry Callebaut AG,SIX,1113.00,stock,common,1.00,1.00,false,0.00,CHF,2.02,12327.00,1.28,7386790479.38,USD,25.16,57.50,68.81,2.66,Consumer non-durables,switzerland,Consumer Non-Durables,Neutral,Neutral,2.02,-1.15,-1.50,-3.05,-20.04,-14.91,-1.94,-51.69,-12.43,373.62,2.72,2.19,Sell,Sell,Sell,Sell,Neutral,Neutral,49.80,-21.00,-29.46,-13.57,25.89,17.08,0.00,0.00,0.00,0.00,0.00,0.18,12327.00,16.18,1113.00,0.00,5827.00,1.55,25.16,0.36,0.42,2.43,2.11,2.34,3.77,11843812173.78,0.64,13.82,9.97,1101.70,1117.07,1124.58,1140.48,1231.55,1415.03,1847.55,1182.43,1447.25,47.08,32.71,25.82,15550726704.54,9154067867.10,6365798468.80
[object Object],KGX,KION GROUP AG,XETR,46.07,stock,common,100.00,1.00,false,0.00,EUR,-4.74,361017.00,1.07,7371320978.09,USD,15.67,3.36,67.69,1.28,Producer manufacturing,germany,Producer Manufacturing,Buy,Buy,-4.74,9.17,11.01,22.92,-2.44,-32.94,-21.85,-47.42,-13.97,91.87,4.42,3.53,Buy,Buy,StrongBuy,Strong buy,Neutral,Neutral,60.05,1.94,3.46,128.37,84.06,85.11,0.00,48.04,-0.66,-0.58,79.00,-1.08,361017.00,-5.72,46.24,0.37,191825.00,-23.34,15.67,0.24,0.55,0.95,12.84,63.91,15.45,15030936518.09,1.15,17.44,6.84,44.79,42.09,41.80,42.23,50.21,67.01,81.35,48.81,68.57,4.13,1.00,1.02,13775185991.93,3280398036.18,3303018184.35
[object Object],DCC,DCC Energy Plc,LSE,6320.00,stock,common,1.00,5.00,false,0.00,GBX,-0.47,1288819.00,2.66,7340884454.88,USD,447.59,0.19,-93.23,3.41,Utilities,uk,Utilities,Neutral,Neutral,-0.47,-0.63,-0.63,3.27,33.84,36.74,32.88,0.51,-8.21,1878.38,0.47,0.33,Sell,Sell,Sell,Sell,Sell,Sell,44.63,-40.00,-18.67,-137.74,22.22,24.44,0.00,0.00,0.00,0.00,0.00,-0.16,1288819.00,63.56,6320.00,0.00,244942.00,17.19,447.59,0.00,0.40,2.39,9.05,13.02,5.70,9089743218.49,0.45,12.90,7.85,6349.00,6358.83,6318.70,6111.40,5468.30,88.49,90.59,85.86,88.22,6.70,0.00,0.00,21483557600.00,0.00,0.00
[object Object],CCC,Computacenter Plc,LSE,5190.00,stock,common,1.00,5.00,false,0.00,GBX,0.48,734431.00,2.35,7330766909.36,USD,26.79,2.57,32.14,1.44,Technology services,uk,Technology Services,Buy,Buy,0.48,-5.29,7.10,23.10,69.50,77.38,123.71,74.28,591.54,560.31,6.02,3.23,Neutral,Neutral,Buy,Buy,Neutral,Neutral,51.47,0.00,408.66,4.56,42.20,61.38,0.00,0.00,0.00,0.00,0.00,1.65,734431.00,32.05,5190.00,0.00,179624.00,132.50,26.79,0.83,0.45,5.57,14.44,15.92,16.41,7150778009.36,0.45,16.25,12.72,5424.50,5072.43,4869.10,4468.95,3765.46,78.00,94.73,49.67,81.20,3.30,1.38,1.98,17429057373.36,8600928936.51,9110722750.38
[object Object],BEIJ_B,Beijer Ref AB Class B,OMXSTO,140.40,stock,common,10.00,1.00,false,0.00,SEK,1.01,945966.00,1.02,7325767436.57,USD,30.11,0.48,-0.47,1.04,Distribution services,sweden,Distribution Services,Buy,Buy,1.01,4.00,-1.75,12.23,8.63,-5.84,-14.96,-19.43,516.07,5532.60,2.20,2.18,Buy,Buy,StrongBuy,Strong buy,Neutral,Neutral,61.32,5.50,3.16,106.32,79.34,83.49,0.00,0.00,0.00,0.00,0.00,-0.58,945966.00,106.97,0.00,0.00,0.00,-14.92,30.11,0.00,1.89,3.02,19.11,0.00,28.11,8541293536.57,2.23,22.94,17.76,137.91,135.42,137.12,134.12,136.76,17.32,19.86,12.48,17.68,0.59,0.17,0.17,4246826385.35,1107898257.17,1107336514.32
[object Object],TAP,Molson Coors Beverage Company Class B,NYSE,38.48,stock,common,100.00,1.00,false,0.00,USD,-0.93,2937988.00,1.03,7232954700.63,USD,0.00,-11.54,-327.30,4.92,Consumer non-durables,america,Consumer Non-Durables,Neutral,Neutral,-0.93,-3.85,-9.93,-6.28,-12.84,-18.15,-23.10,-15.69,-63.66,152.33,2.87,2.50,StrongSell,Strong sell,StrongSell,Strong sell,Neutral,Neutral,34.20,-3.53,-1.49,-184.85,8.68,15.69,long_upper_shadow_bearish,38.76,-0.21,0.23,2092.00,-0.57,2937988.00,-40.64,38.97,1.27,699265.00,-23.00,0.00,0.00,0.66,0.67,3.65,5.45,3.39,13307754700.63,1.20,9.99,6.43,40.37,41.58,40.98,41.13,44.01,44.63,61.00,34.00,44.00,4.72,1.51,1.48,11069096351.00,3083123197.00,2959538511.00
[object Object],AED,Aedifica SA,EURONEXT,66.20,stock,common,100.00,5.00,false,0.00,EUR,-1.34,87071.00,0.75,7225313082.57,USD,5.83,12.98,207.26,4.17,Finance,belgium,Finance,Buy,Buy,-1.34,-2.65,-3.78,-5.50,-7.93,-2.36,5.00,-42.62,1.47,864807.24,1.76,1.38,StrongSell,Strong sell,StrongSell,Strong sell,Sell,Sell,35.02,-2.80,-1.45,-138.01,17.04,25.39,0.00,0.00,0.00,0.00,0.00,-0.52,87071.00,-15.76,66.20,0.00,52319.00,103.85,5.83,0.03,11.46,0.86,0.00,0.00,99.36,14203529493.82,25.45,30.20,0.00,67.48,68.30,68.94,69.67,70.68,94.82,109.25,81.35,95.30,6.26,0.00,0.00,797030891.97,0.00,0.00
[object Object],NEX,Nexans SA,EURONEXT,138.50,stock,common,10.00,1.00,false,0.00,EUR,-1.98,134616.00,1.19,7181339317.17,USD,0.00,-5.71,-147.03,2.05,Producer manufacturing,france,Producer Manufacturing,Buy,Buy,-1.98,1.24,-1.00,-4.68,17.97,9.75,8.12,59.93,186.63,256.25,2.55,2.60,Sell,Sell,StrongSell,Strong sell,Sell,Sell,49.31,-2.50,1.11,-30.25,36.03,28.73,0.00,0.00,0.00,0.00,0.00,-0.21,134616.00,48.74,138.50,0.00,62980.00,7.33,0.00,0.00,0.81,2.84,8.97,22.15,4.28,8414698767.17,0.94,16.16,10.69,139.36,138.59,136.74,145.41,135.82,199.59,220.82,174.33,208.04,8.69,3.95,4.95,9619394277.29,4746342543.91,7630000963.80
[object Object],SBMO,SBM Offshore NV,EURONEXT,36.18,stock,common,100.00,2.00,false,0.00,EUR,-1.63,443487.00,1.12,7154796910.33,USD,7.92,5.22,147.29,2.74,Industrial services,netherlands,Industrial Services,Buy,Buy,-1.63,0.78,13.27,7.42,10.64,46.95,65.96,130.96,195.83,202.64,1.85,2.13,Buy,Buy,StrongBuy,Strong buy,Sell,Sell,59.34,2.06,1.67,114.79,92.32,84.50,0.00,0.00,0.00,0.00,0.00,-0.27,443487.00,15.49,36.18,0.00,279282.00,50.74,7.92,0.05,1.25,1.54,2.52,2.54,5.64,15373185216.16,2.68,8.78,8.44,35.38,34.44,33.47,33.79,31.79,48.91,56.56,42.85,48.75,5.88,3.53,0.00,7581089655.21,4568000000.00,2319000000.00
[object Object],SPX,Spirax Group plc.,LSE,7005.00,stock,common,1.00,5.00,false,0.00,GBX,-1.34,99648.00,0.67,7086582191.21,USD,26.12,3.56,21.91,2.39,Producer manufacturing,uk,Producer Manufacturing,Buy,Buy,-1.34,1.60,-6.22,3.55,-1.34,0.29,-3.04,-56.77,60.37,1169.02,2.43,2.67,StrongSell,Strong sell,StrongSell,Strong sell,Sell,Sell,48.61,-155.00,-128.58,-6.63,47.04,40.19,0.00,0.00,0.00,0.00,0.00,-0.85,99648.00,-27.75,7005.00,0.00,31197.00,-3.58,26.12,1.21,3.01,4.13,20.76,23.87,13.68,8044312601.21,3.48,19.08,14.54,7013.50,7103.00,6967.10,7008.02,7063.22,111.20,126.83,91.94,113.58,4.33,1.93,2.37,2406165219.54,1124679690.44,1252199490.56
[object Object],ALK_B,ALK-abello A/S Class B,OMXCOP,200.00,stock,common,10.00,2.00,false,0.00,DKK,-2.25,265195.00,1.15,7064218881.91,USD,32.69,0.93,35.69,0.78,Health technology,denmark,Health Technology,StrongBuy,Strong buy,-2.25,-5.12,-10.95,-25.04,-5.84,-12.51,-0.89,29.03,320.61,486.51,1.75,2.52,StrongSell,Strong sell,StrongSell,Strong sell,Sell,Sell,28.73,-10.20,-9.88,-166.29,4.76,7.90,0.00,0.00,0.00,0.00,0.00,-0.10,265195.00,224.79,0.00,0.00,0.00,3.35,32.69,0.94,6.65,6.39,20.56,23.42,25.56,6860417481.91,6.59,24.68,20.69,207.90,215.13,223.92,238.00,228.42,45.57,46.74,43.62,45.96,1.03,0.23,0.26,1140439193.29,266395200.00,265686300.00
[object Object],DLG,De'Longhi S.p.A.,MIL,39.62,stock,common,100.00,2.00,false,0.00,EUR,-1.54,88163.00,0.68,7035230452.40,USD,17.37,2.61,7.34,2.11,Consumer durables,italy,Consumer Durables,StrongBuy,Strong buy,-1.54,-4.62,-3.93,9.87,15.71,7.66,34.03,0.30,78.95,1207.08,1.79,1.96,Sell,Sell,Sell,Sell,Sell,Sell,44.28,-2.12,-0.39,-86.25,19.16,23.60,long_upper_shadow_bearish,0.00,0.00,0.00,0.00,-1.74,88163.00,-20.29,0.00,0.00,0.00,35.99,17.37,2.40,1.55,2.87,10.04,11.24,6.49,6825773236.70,1.54,11.72,9.36,40.68,40.67,39.85,37.75,36.81,54.25,62.92,43.11,53.60,2.93,0.00,0.00,4705146727.46,1890375780.29,0.00
[object Object],MIL,Bank Millennium SA,GPW,21.65,stock,common,100.00,1.00,false,0.00,PLN,0.56,1433409.00,2.15,7034208394.80,USD,18.77,0.31,60.29,0.00,Finance,poland,Finance,Sell,Sell,0.56,4.34,3.49,11.03,38.34,30.03,46.09,228.53,279.82,808.47,3.37,3.21,Buy,Buy,StrongBuy,Strong buy,Neutral,Neutral,59.55,0.14,0.56,121.55,64.09,63.39,"hanging_man_bearish,long_lower_shadow_bullish",0.00,0.00,0.00,0.00,1.11,1433409.00,2.11,0.00,0.00,0.00,49.89,18.77,0.31,3.50,2.68,19.84,23.47,0.00,9053819953.08,3.20,0.00,0.00,21.10,20.97,20.59,19.82,18.29,4.92,5.62,3.79,4.96,0.35,0.00,0.00,1884050935.28,440879302.50,0.00
[object Object],ISS,ISS A/S,OMXCOP,273.40,stock,common,10.00,2.00,false,0.00,DKK,-2.98,268132.00,1.20,6950752481.00,USD,16.02,2.60,11.56,1.14,Commercial services,denmark,Commercial Services,Buy,Buy,-2.98,-4.34,-2.01,5.23,27.04,25.53,44.35,90.26,-1.37,56.23,2.10,1.78,Sell,Sell,Sell,Sell,Neutral,Neutral,32.87,-19.60,-6.85,-185.11,12.35,10.66,0.00,0.00,0.00,0.00,0.00,0.07,268132.00,10.84,0.00,0.00,0.00,41.99,16.02,1.43,0.51,4.72,8.43,9.70,16.42,9462752081.00,0.71,14.11,10.20,283.54,286.36,286.78,271.63,249.68,49.92,54.28,45.75,49.63,3.04,1.09,1.77,14311701626.29,6711168772.20,7264881130.65
[object Object],GRF,"Grifols, S.A. Class A",BME,9.96,stock,common,1000.00,2.00,false,0.00,EUR,-0.40,1469208.00,1.34,6920206742.13,USD,14.98,0.76,51.93,1.88,Health technology,spain,Health Technology,Buy,Buy,-0.40,0.57,-2.77,12.19,7.87,-8.53,-19.61,-52.34,-48.73,299.04,1.77,1.93,Buy,Buy,StrongBuy,Strong buy,Neutral,Neutral,52.41,-0.08,-0.08,6.64,46.95,46.55,0.00,0.00,0.00,0.00,0.00,-0.92,1469208.00,-15.35,0.00,0.00,0.00,-17.69,14.98,0.29,0.92,1.22,6.20,8.27,13.21,19053859842.13,2.25,13.85,10.13,9.93,10.00,9.72,9.41,9.88,18.27,26.86,10.51,18.27,0.97,0.26,0.30,8961257584.70,2155055440.79,2295641670.55
[object Object],IMCD,IMCD N.V.,EURONEXT,97.80,stock,common,100.00,2.00,false,0.00,EUR,-1.93,130400.00,1.11,6841335488.42,USD,25.08,4.45,-14.64,1.82,Distribution services,netherlands,Distribution Services,Buy,Buy,-1.93,0.23,-2.88,10.63,30.78,25.55,4.40,-41.85,161.74,344.55,2.60,2.37,Buy,Buy,StrongBuy,Strong buy,Neutral,Neutral,53.77,0.32,0.73,77.73,54.37,49.06,0.00,0.00,0.00,0.00,0.00,-0.72,130400.00,-11.42,97.80,0.00,85561.00,5.29,25.08,0.00,1.19,2.72,15.04,15.59,23.22,8655857166.12,1.53,18.96,13.87,97.98,97.50,93.45,92.00,86.29,135.45,175.15,87.58,140.12,6.56,3.92,3.39,6071209812.54,2979461517.91,2996351462.88
[object Object],RILBA,Ringkjobing Landbobank A/S,OMXCOP,1821.00,stock,common,1.00,1.00,false,0.00,DKK,-1.19,23630.00,0.84,6826415260.52,USD,19.02,14.59,4.83,0.65,Finance,denmark,Finance,StrongBuy,Strong buy,-1.19,0.33,1.51,22.46,20.60,18.40,25.24,142.15,499.01,6521.82,1.50,1.39,Buy,Buy,StrongBuy,Strong buy,Neutral,Neutral,62.34,42.00,53.78,94.73,86.01,90.99,0.00,0.00,0.00,0.00,0.00,0.00,23630.00,-45.03,0.00,0.00,0.00,20.52,19.02,3.99,10.35,3.73,0.00,0.00,0.00,8079780531.92,10.62,0.00,0.00,1814.40,1782.80,1748.08,1654.02,1601.62,297.30,312.25,262.14,303.00,16.18,3.70,4.11,683581920.00,160842960.00,170028375.00
[object Object],NCLH,Norwegian Cruise Line Holdings Ltd.,NYSE,14.85,stock,common,100.00,1.00,false,0.00,USD,-3.51,20003339.00,1.45,6818939512.19,USD,9.38,1.58,13.90,0.00,Consumer services,america,Consumer Services,Buy,Buy,-3.51,-4.99,-22.13,-16.76,-24.62,-34.06,-39.63,-39.04,-56.83,-40.84,2.58,3.08,StrongSell,Strong sell,StrongSell,Strong sell,Sell,Sell,25.90,-2.41,-2.58,-130.06,5.47,6.70,falling_window_bearish,15.13,-1.69,0.13,148487.00,-1.23,20003339.00,37.16,14.87,0.13,2360358.00,-37.57,9.38,0.70,0.70,2.65,3.27,0.00,31.59,22579658512.19,2.22,14.06,8.09,15.89,17.73,18.50,18.42,19.82,19.91,26.00,15.00,20.00,1.55,0.41,0.90,10030434695.00,2645677274.00,2857295042.00
[object Object],SCR,SCOR SE,EURONEXT,32.06,stock,common,100.00,2.00,false,0.00,EUR,-2.14,555621.00,1.65,6818015588.27,USD,0.00,0.00,0.00,5.80,Finance,france,Finance,Buy,Buy,-2.14,-6.42,-6.80,5.11,7.22,11.63,15.66,20.75,14.89,39.09,2.01,1.52,Sell,Sell,StrongSell,Strong sell,Sell,Sell,33.24,-1.76,-0.53,-223.72,11.28,31.09,0.00,0.00,0.00,0.00,0.00,-0.67,555621.00,21.97,32.06,0.00,409086.00,25.96,0.00,0.00,0.37,1.30,0.00,0.00,0.00,10722685138.27,0.59,0.00,0.00,33.58,33.89,33.34,32.35,30.72,41.65,51.15,36.50,42.43,4.90,0.97,1.05,18108058647.39,4245185502.65,4321150145.89
[object Object],SUN,Sulzer AG,SIX,157.00,stock,common,10.00,1.00,false,0.00,CHF,-3.38,39522.00,1.11,6782534250.51,USD,17.68,10.99,11.24,2.92,Producer manufacturing,switzerland,Producer Manufacturing,Buy,Buy,-3.38,-1.07,3.84,7.39,-3.80,5.51,6.66,68.79,141.70,233.38,2.23,2.16,Buy,Buy,Buy,Buy,Sell,Sell,53.63,-2.40,5.50,26.31,85.49,84.79,0.00,0.00,0.00,0.00,0.00,-1.54,39522.00,-6.64,157.00,0.00,14505.00,9.48,17.68,1.63,1.59,4.05,19.06,29.08,6.33,7241448200.51,1.68,13.15,10.36,159.46,154.51,149.06,147.54,153.74,226.93,260.65,161.36,239.55,12.26,5.81,5.56,4491883115.86,2089688701.25,2233422400.00
[object Object],GETI_B,Getinge AB Class B,OMXSTO,238.10,stock,common,10.00,1.00,false,0.00,SEK,-0.63,571082.00,1.10,6780488197.16,USD,24.23,1.01,79.60,1.98,Health technology,sweden,Health Technology,Buy,Buy,-0.63,-1.94,0.04,25.32,25.18,8.92,11.99,-35.16,43.87,941.06,1.61,1.52,Sell,Sell,Sell,Sell,Neutral,Neutral,47.01,-6.90,2.15,-169.98,21.67,32.20,spinning_top_black,0.00,0.00,0.00,0.00,-0.54,571082.00,37.34,0.00,0.00,0.00,19.69,24.23,0.31,1.91,2.10,12.88,17.04,31.60,7725978197.16,2.20,16.21,11.25,243.22,241.46,232.15,212.37,207.83,26.20,31.32,17.23,26.88,1.38,0.22,0.26,3811339584.05,853676633.30,873748342.10
[object Object],ELISA,Elisa Oyj Class A,OMXHEX,37.10,stock,common,100.00,2.00,false,0.00,EUR,2.54,704585.00,1.54,6737068044.24,USD,17.42,2.43,-5.96,6.55,Communications,finland,Communications,Neutral,Neutral,2.54,4.45,5.46,-7.25,-14.99,-1.75,-18.53,-31.93,17.18,171.79,1.85,1.46,Buy,Buy,Buy,Buy,Buy,Buy,63.68,0.84,0.38,203.20,69.21,50.61,0.00,0.00,0.00,0.00,0.00,-0.22,704585.00,76.54,0.00,0.00,0.00,-20.19,17.42,0.00,2.59,4.46,9.13,15.71,51.97,8467723604.24,3.30,15.97,9.65,35.84,35.55,35.44,37.75,38.91,45.62,58.12,38.83,45.34,2.86,0.68,0.74,2653529918.88,636284374.45,651901383.42
[object Object],BALD_B,Fastighets AB Balder Class B,OMXSTO,53.62,stock,common,100.00,2.00,false,0.00,SEK,-0.85,2606279.00,0.40,6686505534.97,USD,9.18,0.60,32.43,0.00,Finance,sweden,Finance,Buy,Buy,-0.85,1.82,-0.30,5.68,-12.84,-21.38,-20.54,-43.56,29.67,2254.05,2.50,2.13,Buy,Buy,Buy,Buy,Neutral,Neutral,53.88,0.38,0.40,92.49,79.14,81.14,0.00,0.00,0.00,0.00,0.00,-0.48,2606279.00,5.84,0.00,0.00,0.00,-20.80,9.18,0.29,4.85,0.68,14.67,14.84,6.55,23136576934.97,16.17,24.57,24.32,53.34,53.42,52.83,52.96,58.64,6.76,9.35,5.20,6.55,0.49,0.12,0.13,1547533746.00,364765458.59,374975100.00
[object Object],ZAL,Zalando SE,XETR,22.94,stock,common,100.00,1.00,false,0.00,EUR,-1.84,728136.00,0.61,6674584208.54,USD,61.40,0.43,-63.79,0.00,Retail trade,germany,Retail Trade,Buy,Buy,-1.84,-4.38,-6.82,-7.72,5.47,-9.97,-11.36,-76.22,-37.32,282.33,2.92,2.85,Sell,Sell,StrongSell,Strong sell,Neutral,Neutral,40.73,-0.28,-1.50,-41.96,37.21,41.14,0.00,23.07,-1.28,-0.39,57.00,-1.07,728136.00,-1.30,23.20,1.13,340588.00,-8.76,61.40,0.00,0.44,2.18,5.66,6.34,4.14,6641803118.54,0.43,11.40,5.92,23.63,24.18,25.61,24.13,23.44,41.12,61.17,27.12,40.39,1.71,0.58,0.45,16271103018.21,3963289168.87,3647544909.60
[object Object],FRA,Fraport AG,XETR,60.50,stock,common,100.00,5.00,false,0.00,EUR,-2.26,106375.00,0.82,6648079157.03,USD,14.40,4.80,-1.81,1.62,Transportation,germany,Transportation,Buy,Buy,-2.26,-2.10,-9.77,-8.68,-16.26,-13.57,-17.01,11.50,20.64,129.17,2.10,2.07,StrongSell,Strong sell,StrongSell,Strong sell,Sell,Sell,32.68,-5.15,-3.33,-153.09,11.43,12.87,0.00,0.00,0.00,0.00,0.00,-1.45,106375.00,-22.73,60.65,0.25,75091.00,-12.58,14.40,0.00,1.27,1.08,4.43,16.61,2.38,18406609642.03,3.57,19.13,11.05,62.45,64.63,66.52,68.18,71.84,89.23,109.77,71.24,90.15,3.75,1.08,2.65,5353038148.18,1277754739.43,1604666791.34
[object Object],SAGA_B,AB Sagax Class B,OMXSTO,170.80,stock,common,10.00,1.00,false,0.00,SEK,-1.50,478249.00,0.25,6643078611.87,USD,13.51,1.30,29.13,2.13,Finance,sweden,Finance,Buy,Buy,-1.50,0.18,1.30,5.96,-1.90,-13.39,-15.78,-46.09,241.60,1385.22,2.57,2.35,Buy,Buy,Buy,Buy,Neutral,Neutral,51.98,-0.60,6.02,45.86,61.64,75.18,engulfing_bearish,0.00,0.00,0.00,0.00,0.17,478249.00,20.55,0.00,0.00,0.00,-10.69,13.51,0.47,10.66,1.87,15.50,15.50,20.97,10773623111.87,19.05,24.52,0.00,172.13,168.91,167.26,167.68,178.03,20.09,22.62,15.25,20.78,1.28,0.32,0.36,599054258.05,141486366.70,147382150.00
[object Object],BLDR,"Builders FirstSource, Inc.",NYSE,61.39,stock,common,100.00,1.00,false,0.00,USD,-1.90,2387387.00,1.07,6605346307.80,USD,66.76,0.92,-86.04,0.00,Retail trade,america,Retail Trade,Buy,Buy,-1.90,-2.56,-16.48,-17.94,-29.44,-40.33,-58.02,13.37,351.07,271.61,4.01,3.83,StrongSell,Strong sell,StrongSell,Strong sell,Sell,Sell,35.15,-7.97,-6.04,-140.26,12.23,16.14,0.00,62.44,-0.22,-0.08,1100.00,-0.93,2387387.00,-14.25,61.39,0.00,375560.00,-54.96,66.76,0.00,0.47,1.65,7.35,10.33,100.58,11777909307.80,0.82,27.04,11.40,64.98,69.23,72.03,75.45,89.77,81.05,100.00,61.00,84.50,3.11,1.25,1.08,14344018734.00,3908369476.00,3768328283.00
[object Object],LAND,Land Securities Group PLC,LSE,645.00,stock,common,10.00,5.00,false,0.00,GBX,-1.98,2475696.00,0.85,6596750538.60,USD,13.97,0.61,-12.92,6.26,Finance,uk,Finance,Buy,Buy,-1.98,-3.44,-9.54,-0.46,9.69,3.78,18.78,-8.25,-39.83,64.85,1.94,1.81,Sell,Sell,StrongSell,Strong sell,Sell,Sell,30.06,-49.50,-37.79,-149.99,17.36,20.19,0.00,0.00,0.00,0.00,0.00,-0.46,2475696.00,3.85,645.00,0.00,1309810.00,22.50,13.97,0.00,5.46,0.73,21.23,21.23,40.83,12522851238.60,10.62,22.29,22.18,668.40,692.28,686.18,651.91,633.40,9.83,12.59,6.25,9.74,0.70,0.34,0.34,849189811.99,550003558.00,559435273.80
[object Object],KGF,Kingfisher Plc,LSE,290.30,stock,common,10.00,1.00,false,0.00,GBX,-2.29,4106707.00,0.88,6577512052.87,USD,21.24,0.19,40.93,4.17,Retail trade,uk,Retail Trade,Neutral,Neutral,-2.29,-6.05,-11.87,4.20,-4.82,-7.84,13.66,-15.71,-21.11,28.67,3.30,2.21,StrongSell,Strong sell,StrongSell,Strong sell,Sell,Sell,34.34,-32.20,-15.70,-163.94,15.78,23.69,falling_window_bearish,0.00,0.00,0.00,0.00,-1.01,4106707.00,26.16,290.30,0.00,2688435.00,12.89,21.24,0.53,0.39,0.80,3.38,4.32,10.59,9116302852.87,0.51,10.48,5.11,305.82,315.65,304.84,295.52,307.70,4.12,4.73,3.38,4.06,0.35,0.11,0.22,17903862830.30,8373369312.00,9320098960.00
[object Object],SFSN,SFS Group AG,SIX,135.80,stock,common,10.00,2.00,false,0.00,CHF,-0.29,24297.00,1.20,6537943639.92,USD,20.59,8.16,8.62,1.84,Producer manufacturing,switzerland,Producer Manufacturing,Buy,Buy,-0.29,1.34,1.34,7.78,14.12,23.45,24.59,4.38,83.39,102.69,1.70,1.57,Buy,Buy,StrongBuy,Strong buy,Neutral,Neutral,59.32,2.80,2.24,91.97,83.83,84.59,0.00,0.00,0.00,0.00,0.00,-1.17,24297.00,1.72,135.80,0.00,14664.00,24.91,20.59,2.40,1.73,3.37,14.70,18.99,23.74,6955722099.92,1.83,15.06,10.96,134.62,132.86,134.17,130.42,122.44,178.61,187.72,172.90,177.84,9.17,0.00,4.94,3937788531.98,1897587690.00,1930279780.00
[object Object],TTD,"Trade Desk, Inc. Class A",NASDAQ,13.88,stock,common,100.00,1.00,false,0.00,USD,-1.00,15389491.00,0.81,6521942607.22,USD,16.47,0.84,1.59,0.00,Technology services,america,Technology Services,Neutral,Neutral,-1.00,1.61,3.01,-27.29,-47.91,-63.66,-73.19,-80.76,382.78,382.78,4.31,4.27,Sell,Sell,StrongSell,Strong sell,Neutral,Neutral,42.35,0.63,-0.86,23.33,49.78,67.65,0.00,14.01,-0.07,0.21,95450.00,-0.07,15389491.00,-22.27,13.93,0.36,2472576.00,-74.00,16.47,10.45,2.20,2.53,6.03,7.56,4.39,5470719607.22,1.83,9.33,7.67,13.95,14.85,16.40,18.83,24.77,13.31,21.00,6.00,13.50,0.39,0.18,0.05,2750360009.00,752411416.00,650896107.00
[object Object],MYCR,Mycronic AB,OMXSTO,318.60,stock,common,10.00,2.00,false,0.00,SEK,-0.19,167329.00,0.63,6494778958.58,USD,35.84,0.91,-12.08,1.02,Producer manufacturing,sweden,Producer Manufacturing,Buy,Buy,-0.19,2.18,-1.79,8.00,49.44,42.77,50.25,159.02,551.87,3307.49,2.59,2.56,Sell,Sell,Sell,Sell,Sell,Sell,48.93,-11.80,-7.64,-36.36,50.25,43.71,0.00,0.00,0.00,0.00,0.00,0.06,167329.00,49.13,0.00,0.00,0.00,47.48,35.84,0.00,7.21,7.89,30.35,0.00,23.15,6259237658.58,7.05,25.51,22.11,319.58,321.25,321.36,310.17,261.69,35.57,39.89,23.83,37.55,1.11,0.23,0.18,1015363194.71,228571489.19,222243773.21
[object Object],BAB,Babcock International Group PLC,LSE,960.60,stock,common,10.00,2.00,false,0.00,GBX,-1.54,1168656.00,0.69,6475347650.69,USD,23.25,0.55,-13.99,0.77,Producer manufacturing,uk,Producer Manufacturing,StrongBuy,Strong buy,-1.54,-5.96,-19.18,-4.99,-30.34,-23.03,-13.30,184.79,-13.46,670.35,2.60,2.57,Sell,Sell,StrongSell,Strong sell,Sell,Sell,22.14,-131.90,-129.41,-123.69,2.89,2.00,long_upper_shadow_bearish,0.00,0.00,0.00,0.00,-1.60,1168656.00,1.78,960.60,0.00,439515.00,-7.92,23.25,0.00,0.95,7.73,11.74,18.44,6.48,6969031490.69,1.02,17.28,11.85,1015.20,1107.75,1088.40,1070.19,1194.88,19.07,21.76,14.89,19.01,0.86,0.33,0.00,7252844775.70,3383394600.00,0.00
[object Object],AZA,Avanza Bank Holding AB,OMXSTO,385.50,stock,common,10.00,1.00,false,0.00,SEK,-2.01,217647.00,1.01,6464625610.42,USD,21.55,1.84,12.84,3.24,Finance,sweden,Finance,Buy,Buy,-2.01,-2.90,-4.15,10.11,15.01,9.08,12.39,13.12,468.58,4755.18,2.08,1.88,Sell,Sell,Sell,Sell,Sell,Sell,40.96,-14.60,-3.12,-181.72,29.54,42.79,0.00,0.00,0.00,0.00,0.00,-0.36,217647.00,33.61,0.00,0.00,0.00,13.10,21.55,1.71,9.98,9.11,0.00,0.00,19.46,6309918510.42,9.84,18.24,17.73,397.19,397.73,393.84,374.17,361.16,43.45,51.53,34.87,43.72,2.10,0.49,0.52,565187555.26,132996298.71,136913733.97
[object Object],UMI,Umicore SA,EURONEXT,23.04,stock,common,100.00,2.00,false,0.00,EUR,-0.17,610657.00,1.83,6454502970.54,USD,11.42,2.30,277.06,1.52,Non-energy minerals,belgium,Non-Energy Minerals,Buy,Buy,-0.17,-0.35,-3.60,5.69,35.93,28.36,69.91,-57.17,-10.99,503.50,2.73,3.12,Buy,Buy,Buy,Buy,Neutral,Neutral,51.88,-0.24,0.14,-37.35,40.40,40.12,0.00,0.00,0.00,0.00,0.00,-0.61,610657.00,95.53,23.04,0.00,516880.00,72.31,11.42,0.04,0.23,2.30,5.68,8.26,3.10,8193179435.54,0.29,6.29,5.08,23.16,23.12,21.94,22.17,19.98,29.70,38.24,21.44,28.97,2.12,1.20,0.83,4404442459.40,2217233257.50,2088922650.00
[object Object],AZM,Azimut Holding Spa,MIL,38.36,stock,common,100.00,1.00,false,0.00,EUR,-1.89,527869.00,1.16,6449532892.32,USD,10.32,4.24,6.84,5.12,Finance,italy,Finance,Buy,Buy,-1.89,0.21,0.47,8.67,18.07,7.33,27.87,64.20,186.82,1117.36,2.01,1.72,Neutral,Neutral,Neutral,Neutral,Sell,Sell,50.66,-0.82,0.80,-39.38,59.89,69.34,0.00,0.00,0.00,0.00,0.00,-0.84,527869.00,85.62,0.00,0.00,0.00,27.31,10.32,1.54,3.63,2.81,3.98,0.00,12.25,6134178806.52,3.50,7.60,7.25,38.75,38.42,37.36,36.65,35.83,47.83,58.09,40.66,47.17,4.08,0.73,0.76,1843469887.98,443652241.71,0.00
[object Object],CDR,CD PROJEKT RED Spolka Akcyjna,GPW,232.30,stock,common,10.00,1.00,false,0.00,PLN,-2.97,655747.00,1.38,6441750568.91,USD,37.74,1.63,36.34,0.42,Technology services,poland,Technology Services,Neutral,Neutral,-2.97,-0.90,-9.47,4.92,-6.48,-5.91,-9.26,30.58,437.73,2427.78,3.57,3.16,StrongSell,Strong sell,StrongSell,Strong sell,Sell,Sell,39.77,-5.70,-11.33,-59.29,29.04,24.86,0.00,0.00,0.00,0.00,0.00,0.25,655747.00,7.01,0.00,0.00,0.00,-5.98,37.74,1.07,27.82,6.51,36.77,42.65,52.53,6335252822.67,27.77,51.37,45.48,234.36,248.29,242.35,244.04,246.54,66.68,85.91,41.74,67.33,1.25,0.28,0.28,238585898.51,52712671.19,56898248.80
[object Object],ROCK_B,ROCKWOOL A/S Class B,OMXCOP,189.90,stock,common,10.00,1.00,false,0.00,DKK,-2.11,658926.00,0.55,6383834706.04,USD,0.00,-1.13,-139.70,2.14,Non-energy minerals,denmark,Non-Energy Minerals,Buy,Buy,-2.11,-5.05,-17.72,-5.33,5.84,-15.86,-21.85,-39.83,55.53,849.50,2.80,3.58,StrongSell,Strong sell,StrongSell,Strong sell,Sell,Sell,35.18,-23.70,-12.60,-132.34,4.29,8.19,0.00,0.00,0.00,0.00,0.00,-0.72,658926.00,-25.44,0.00,0.00,0.00,-15.99,0.00,0.00,1.43,1.91,9.03,0.00,52.09,6264421009.56,1.43,11.42,7.06,201.71,212.54,208.57,203.65,205.16,36.24,43.07,25.50,37.32,2.16,0.53,0.58,4540243161.42,1084228203.55,1124057487.19
[object Object],BC,Brunello Cucinelli S.p.A.,MIL,78.62,stock,common,100.00,2.00,false,0.00,EUR,-2.09,212148.00,1.09,6347442221.79,USD,38.74,2.32,4.63,1.30,Consumer non-durables,italy,Consumer Non-Durables,Buy,Buy,-2.09,-6.78,-12.64,-8.65,10.17,-20.59,-18.73,57.93,336.78,670.78,2.18,2.03,StrongSell,Strong sell,StrongSell,Strong sell,Sell,Sell,29.63,-9.62,-6.17,-164.49,5.16,5.19,0.00,0.00,0.00,0.00,0.00,-1.00,212148.00,7.98,0.00,0.00,0.00,-12.77,38.74,8.55,3.71,9.76,18.38,31.83,29.58,7578816207.19,4.50,25.39,14.64,83.65,87.36,85.32,84.45,84.78,119.45,150.64,101.97,115.88,2.68,1.28,1.37,1821044624.42,850606288.00,929960000.00
[object Object],SIGN,SIG Group AG,SIX,13.20,stock,common,100.00,1.00,false,0.00,CHF,-1.71,864345.00,1.11,6341799847.43,USD,0.00,-0.14,-122.72,0.00,Process industries,switzerland,Process Industries,Buy,Buy,-1.71,-3.23,-15.06,8.73,11.49,13.01,2.09,-51.90,11.39,11.39,2.42,3.12,Sell,Sell,StrongSell,Strong sell,Sell,Sell,38.27,-0.84,-0.79,-57.97,29.08,45.45,0.00,0.00,0.00,0.00,0.00,-0.22,864345.00,31.10,13.20,0.00,550025.00,10.06,0.00,0.00,1.72,1.88,8.86,16.05,19.00,8800408172.19,2.38,52.44,17.18,13.62,14.26,14.11,13.17,12.26,20.98,23.95,17.39,21.56,0.90,0.32,0.51,3900439543.51,1750970988.14,2019398259.17
[object Object],ELIS,Elis SA,EURONEXT,23.12,stock,common,100.00,2.00,false,0.00,EUR,-1.11,192726.00,0.69,6325154033.21,USD,15.38,1.72,1.70,2.05,Commercial services,france,Commercial Services,StrongBuy,Strong buy,-1.11,-1.87,-5.56,-11.76,-9.33,-4.54,-1.28,41.93,53.95,87.11,1.94,1.75,Sell,Sell,StrongSell,Strong sell,Neutral,Neutral,33.44,-1.40,-1.18,-120.00,12.15,10.25,0.00,0.00,0.00,0.00,0.00,-0.68,192726.00,-37.84,23.12,0.00,143610.00,0.86,15.38,9.16,1.19,1.45,4.13,11.91,12.95,11446443753.21,2.04,15.51,5.94,23.55,24.32,24.98,25.84,25.45,34.96,37.37,32.23,35.03,2.37,0.00,0.00,5930780398.23,2800331120.00,0.00
[object Object],EVD,CTS Eventim AG & Co. KGaA,XETR,56.65,stock,common,100.00,5.00,false,0.00,EUR,0.18,230762.00,0.35,6310708475.14,USD,17.66,3.66,8.69,2.55,Consumer services,germany,Consumer Services,StrongBuy,Strong buy,0.18,-0.26,-3.16,14.77,-18.08,-27.93,-34.58,1.96,90.04,10690.48,2.91,3.48,Sell,Sell,StrongSell,Strong sell,Neutral,Neutral,42.95,-2.60,-0.90,-118.24,42.59,49.78,0.00,56.50,-0.09,-0.09,500.00,-0.88,230762.00,-5.62,56.65,0.00,148232.00,-27.77,17.66,2.03,1.65,5.11,10.60,0.00,4.00,5238222805.54,1.39,9.31,7.69,58.25,58.48,57.96,56.32,63.02,101.92,116.25,61.61,106.36,3.96,0.66,0.58,3879273597.78,1003339872.82,967216522.50
[object Object],COV,Covivio SA,EURONEXT,48.24,stock,common,100.00,2.00,false,0.00,EUR,-1.59,142160.00,0.87,6310065271.79,USD,8.21,6.71,55.74,3.16,Finance,france,Finance,Buy,Buy,-1.59,-0.78,-7.67,-10.50,-14.62,-14.77,-13.55,-36.53,-41.35,-61.84,1.70,1.62,StrongSell,Strong sell,StrongSell,Strong sell,Sell,Sell,30.12,-3.01,-2.85,-106.10,18.00,21.11,0.00,0.00,0.00,0.00,0.00,-0.61,142160.00,-10.51,48.24,0.00,101099.00,-13.99,8.21,0.15,3.64,0.63,6.41,32.46,8.03,22423714681.79,13.16,24.19,20.78,49.14,51.16,51.98,53.30,54.35,71.63,80.21,62.77,73.23,5.82,2.80,2.74,804697560.02,0.00,0.00
[object Object],HER,Hera S.p.A.,MIL,3.63,stock,common,1000.00,2.00,false,0.00,EUR,-2.21,2712538.00,1.09,6307907033.41,USD,11.35,0.37,-8.40,4.31,Utilities,italy,Utilities,Buy,Buy,-2.21,-3.20,-6.35,-3.92,-10.42,-9.48,-0.71,-1.49,43.29,193.42,1.90,1.60,StrongSell,Strong sell,StrongSell,Strong sell,Sell,Sell,32.14,-0.29,-0.13,-140.09,17.55,21.34,0.00,0.00,0.00,0.00,0.00,-0.54,2712538.00,67.32,0.00,0.00,0.00,1.49,11.35,0.00,0.00,1.31,0.00,0.00,0.00,11928701518.41,0.83,7.31,0.00,3.73,3.81,3.82,3.83,3.98,5.22,5.53,5.07,5.13,0.37,0.00,0.00,15068331602.72,3015419086.29,0.00
[object Object],TE,Technip Energies NV,EURONEXT,29.72,stock,common,100.00,2.00,false,0.00,EUR,-2.17,322104.00,0.73,6304222285.45,USD,19.47,1.74,-30.59,3.29,Industrial services,france,Industrial Services,Buy,Buy,-2.17,-4.44,2.06,-12.90,-5.35,-8.21,-24.26,148.91,147.67,147.67,2.32,2.60,StrongSell,Strong sell,StrongSell,Strong sell,Neutral,Neutral,43.96,-0.72,-0.42,-77.06,29.12,29.61,0.00,0.00,0.00,0.00,0.00,-0.79,322104.00,9.91,29.72,0.00,229276.00,-24.30,19.47,0.00,0.72,2.53,4.82,5.24,1.14,2929048710.45,0.35,8.38,5.82,30.23,30.15,31.57,33.97,33.97,47.22,56.05,37.37,47.29,2.32,0.00,0.00,9341997749.11,0.00,0.00
[object Object],ALLFG,Allfunds Group plc,EURONEXT,9.01,stock,common,1000.00,5.00,false,0.00,EUR,0.17,225318.00,0.91,6289936846.73,USD,133.88,0.08,0.00,2.22,Finance,netherlands,Finance,Neutral,Neutral,0.17,0.11,2.15,6.75,7.78,11.86,51.43,-49.17,-28.77,-28.77,1.85,1.38,Buy,Buy,StrongBuy,Strong buy,Neutral,Neutral,54.83,0.00,0.12,-28.77,65.31,76.55,0.00,0.00,0.00,0.00,0.00,-1.06,225318.00,12.33,9.01,0.00,131380.00,51.47,133.88,0.00,8.36,2.90,0.00,0.00,1.91,3029845821.71,4.12,9.47,6.11,9.01,8.91,8.81,8.69,8.43,10.29,10.96,9.30,10.45,0.57,0.00,0.00,802682307.57,0.00,0.00
[object Object],CRDA,Croda International Plc,LSE,3266.00,stock,common,1.00,1.00,false,0.00,GBX,-1.83,409182.00,0.63,6284977114.09,USD,57.43,0.75,-43.22,3.34,Process industries,uk,Process Industries,Buy,Buy,-1.83,-2.16,-0.15,7.08,18.76,19.81,29.09,-64.09,-3.60,799.72,2.28,2.51,Neutral,Neutral,Neutral,Neutral,Neutral,Neutral,48.23,-191.00,34.41,-33.00,35.32,43.87,0.00,0.00,0.00,0.00,0.00,-0.15,409182.00,-2.30,3266.00,0.00,209543.00,35.98,57.43,0.00,2.70,2.10,16.11,24.31,22.24,7089243304.09,3.10,19.91,13.17,3354.90,3308.37,3163.04,3057.18,2936.37,49.27,57.43,43.11,50.00,2.12,1.03,1.19,2384398583.23,1186286736.60,1229218629.60
[object Object],CAST,Castellum AB,OMXSTO,131.40,stock,common,100.00,5.00,false,0.00,SEK,-0.45,1129092.00,0.87,6213933627.59,USD,23.71,0.57,2.93,1.88,Finance,sweden,Finance,Neutral,Neutral,-0.45,-0.23,-3.77,6.05,18.11,23.61,24.96,-35.20,18.05,861.49,1.43,1.29,Sell,Sell,Sell,Sell,Sell,Sell,42.48,-1.85,-1.52,-110.91,32.83,40.38,0.00,0.00,0.00,0.00,0.00,-0.15,1129092.00,9.98,0.00,0.00,0.00,19.94,23.71,8.12,6.40,0.91,14.27,14.27,653.74,13162246127.59,13.43,20.19,0.00,132.35,134.18,132.68,127.89,118.77,14.53,17.18,13.01,14.57,0.93,0.23,0.24,980097005.31,238085153.70,234627932.45
[object Object],VPK,Royal Vopak NV,EURONEXT,47.98,stock,common,100.00,2.00,false,0.00,EUR,-1.28,76366.00,0.69,6184887160.89,USD,11.66,4.70,-0.06,3.70,Distribution services,netherlands,Distribution Services,Buy,Buy,-1.28,-0.70,2.43,4.99,-0.50,26.26,16.17,36.07,5.96,586.47,1.26,1.37,Buy,Buy,StrongBuy,Strong buy,Buy,Buy,53.61,1.06,0.58,95.09,81.23,79.28,engulfing_bearish,0.00,0.00,0.00,0.00,0.33,76366.00,-64.21,47.98,0.00,43411.00,13.23,11.66,0.00,4.20,1.67,7.27,13.53,55.38,9630970185.89,6.37,22.26,11.99,47.92,47.64,47.33,46.21,44.26,64.84,73.66,55.24,64.45,3.87,1.82,0.00,1557321958.94,0.00,0.00
[object Object],VALMT,Valmet Corp,OMXHEX,28.70,stock,common,100.00,2.00,false,0.00,EUR,0.49,284828.00,1.04,6116437946.81,USD,17.68,1.85,17.21,4.73,Producer manufacturing,finland,Producer Manufacturing,Buy,Buy,0.49,1.20,5.51,32.50,5.90,1.41,-6.85,-15.64,119.08,298.61,1.18,1.46,Buy,Buy,StrongBuy,Strong buy,Neutral,Neutral,70.27,0.26,0.93,69.26,81.63,81.17,0.00,0.00,0.00,0.00,0.00,-0.49,284828.00,20.40,0.00,0.00,0.00,-3.62,17.68,1.02,0.99,2.12,13.77,16.52,8.53,7240527096.81,1.19,12.01,8.65,28.56,27.74,25.70,24.16,25.81,35.89,43.20,30.70,34.11,2.49,0.55,0.66,6275871514.48,1431091923.52,1553452484.09
[object Object],SOI,Soitec SA,EURONEXT,144.30,stock,common,100.00,5.00,false,0.00,EUR,-1.40,306414.00,1.10,6092155050.99,USD,0.00,-7.12,-340.83,0.00,Electronic technology,france,Electronic Technology,Neutral,Neutral,-1.40,31.84,15.81,11.21,156.31,519.31,342.50,-31.09,801.88,369.88,7.53,5.91,Buy,Buy,StrongBuy,Strong buy,Neutral,Neutral,68.17,36.30,17.33,138.84,95.25,90.08,0.00,0.00,0.00,0.00,0.00,0.92,306414.00,11.23,144.30,0.00,94603.00,239.28,0.00,0.00,8.82,3.88,25.94,61.88,9.13,6157568437.39,9.00,0.00,50.87,124.17,119.31,112.28,126.02,82.66,168.59,249.88,109.25,173.17,0.35,-0.77,-0.93,850306551.17,415788778.75,305220622.05
[object Object],GL9,Glanbia PLC,EURONEXT,22.60,stock,common,100.00,2.00,false,0.00,EUR,2.73,734767.00,2.33,6076363479.28,USD,27.17,0.95,93.42,2.03,Consumer non-durables,ireland,Consumer Non-Durables,Buy,Buy,2.73,0.71,-5.20,1.53,29.14,56.73,58.60,53.64,36.97,1427.03,2.57,2.30,Buy,Buy,StrongBuy,Strong buy,Neutral,Neutral,50.82,-0.18,-0.60,-20.39,34.70,25.66,0.00,0.00,0.00,0.00,0.00,-0.36,734767.00,104.93,22.60,0.00,364613.00,48.13,27.17,0.28,1.52,3.24,14.80,17.12,16.75,6922502629.11,1.72,17.73,13.11,22.24,22.72,23.02,21.93,19.01,27.88,31.74,23.86,28.84,1.61,0.70,0.79,4256741364.27,2016233333.00,2146950000.00
[object Object],G24,Scout24 SE,XETR,73.20,stock,common,100.00,5.00,false,0.00,EUR,-1.81,516318.00,0.61,6058209733.61,USD,18.45,4.53,62.57,2.01,Technology services,germany,Technology Services,StrongBuy,Strong buy,-1.81,-5.49,-1.48,-0.41,2.23,-14.74,-34.05,3.77,118.21,138.05,3.78,3.17,StrongSell,Strong sell,StrongSell,Strong sell,Sell,Sell,40.65,-6.95,-0.44,-152.77,10.23,17.73,0.00,76.55,2.68,2.75,105.00,1.74,516318.00,94.32,72.95,-0.34,224212.00,-32.20,18.45,0.30,7.47,4.42,19.27,19.34,155.03,6787406481.46,8.45,17.41,15.05,77.28,76.75,75.15,73.94,75.46,122.43,162.58,92.91,118.16,4.67,0.00,0.00,895833998.21,374836418.00,0.00