ticker-view,name,description,exchange,close,type,typespecs,pricescale,minmov,fractional,minmove2,currency,change,volume,relative_volume_10d_calc,market_cap_basic,fundamental_currency_code,price_earnings_ttm,earnings_per_share_diluted_ttm,earnings_per_share_diluted_yoy_growth_ttm,dividends_yield_current,sector.tr,market,sector,AnalystRating,AnalystRating.tr,change,Perf.W,Perf.1M,Perf.3M,Perf.6M,Perf.YTD,Perf.Y,Perf.5Y,Perf.10Y,Perf.All,Volatility.W,Volatility.M,TechRating_1D,TechRating_1D.tr,MARating_1D,MARating_1D.tr,OsRating_1D,OsRating_1D.tr,RSI,Mom,AO,CCI20,Stoch.K,Stoch.D,candlestick_patterns_1D,premarket_close,premarket_change,premarket_gap,premarket_volume,gap,volume,volume_change,postmarket_close,postmarket_change,postmarket_volume,Perf.1Y.MarketCap,price_earnings_ttm,price_earnings_growth_ttm,price_sales_current,price_book_fq,price_to_cash_f_operating_activities_ttm,price_free_cash_flow_ttm,price_to_cash_ratio,enterprise_value_current,enterprise_value_to_revenue_ttm,enterprise_value_to_ebit_ttm,enterprise_value_ebitda_ttm,SMA10,SMA30,SMA50,SMA100,SMA200,price_target_average,price_target_high,price_target_low,price_target_median,earnings_per_share_forecast_next_fy,earnings_per_share_forecast_fq,earnings_per_share_forecast_next_fq,revenue_forecast_next_fy,revenue_forecast_fq,revenue_forecast_next_fq
[object Object],NVDA,NVIDIA Corporation,NASDAQ,219.34,stock,common,100.00,1.00,false,0.00,USD,2.54,93847108.00,0.82,5286093849164.01,USD,27.73,7.91,125.15,0.13,Electronic technology,america,Electronic Technology,StrongBuy,Strong buy,2.54,-0.54,-0.50,5.79,23.22,15.54,27.05,883.59,13846.27,501246.28,1.73,2.51,Buy,Buy,StrongBuy,Strong buy,Neutral,Neutral,51.72,-5.07,-3.57,-4.37,24.03,19.14,rising_window_bullish,218.35,2.08,1.19,2661177.00,2.09,93847108.00,-2.81,219.35,0.00,16792377.00,26.27,27.73,0.22,17.15,23.13,39.64,41.94,53.60,5225584849164.01,17.25,26.45,25.96,220.12,219.57,213.88,211.70,198.17,334.32,710.29,180.00,319.10,9.26,2.09,2.47,408808536015.00,92270936574.00,108688607329.00
[object Object],AAPL,Apple Inc.,NASDAQ,337.00,stock,common,100.00,1.00,false,0.00,USD,1.38,36615081.00,0.83,4918238608870.61,USD,38.63,8.72,32.61,0.32,Electronic technology,america,Electronic Technology,Buy,Buy,1.38,6.42,9.56,13.05,35.90,23.78,41.02,126.45,1070.95,262467.39,2.00,2.24,StrongBuy,Strong buy,StrongBuy,Strong buy,Neutral,Neutral,65.39,12.04,16.86,128.18,87.76,86.33,0.00,334.80,0.72,0.40,309881.00,0.71,36615081.00,1.76,337.14,0.04,9226307.00,39.19,38.63,1.17,10.48,45.79,33.80,36.28,79.47,4940183608870.61,10.58,31.90,29.41,327.24,317.09,319.74,307.82,286.08,337.26,405.00,245.00,342.83,8.83,1.89,1.98,477450887019.00,109038899874.00,113210569717.00
[object Object],GOOGL,Alphabet Inc. Class A,NASDAQ,347.33,stock,common,100.00,1.00,false,0.00,USD,1.30,19178573.00,0.77,4228193665618.47,USD,17.45,19.91,112.02,0.25,Technology services,america,Technology Services,StrongBuy,Strong buy,1.30,5.82,1.44,-5.04,13.71,9.60,38.26,142.84,769.39,13778.35,2.14,1.79,Buy,Buy,StrongBuy,Strong buy,Buy,Buy,53.36,10.21,-2.00,92.97,78.12,77.37,0.00,348.71,1.70,1.19,294953.00,1.69,19178573.00,1.32,346.79,-0.16,4074383.00,59.41,17.45,0.15,9.46,6.82,23.03,80.25,17.63,4121091111618.47,9.23,27.19,23.24,340.56,343.63,345.76,359.10,337.32,425.64,515.00,340.00,425.00,20.59,2.88,3.03,497477761707.00,116445882659.00,126736878715.00
[object Object],GOOG,Alphabet Inc. Class C,NASDAQ,343.68,stock,common,100.00,1.00,false,0.00,USD,1.27,15279216.00,1.00,4227033316658.05,USD,17.27,19.91,112.02,0.25,Technology services,america,Technology Services,StrongBuy,Strong buy,1.27,5.40,1.11,-5.55,13.03,8.21,36.67,139.00,789.88,1113.41,2.07,1.73,Buy,Buy,StrongBuy,Strong buy,Buy,Buy,52.91,9.90,-2.77,91.49,76.18,75.62,0.00,345.02,1.67,0.77,249771.00,1.66,15279216.00,18.72,343.29,-0.11,3418322.00,59.41,17.27,0.15,9.36,6.75,22.78,79.41,17.45,4119930762658.05,9.23,27.18,23.23,337.42,340.87,343.71,356.67,336.03,425.29,515.00,340.00,425.00,20.58,2.88,3.03,497499542044.00,116425581881.00,126734832764.00
[object Object],MSFT,Microsoft Corporation,NASDAQ,497.75,stock,common,100.00,1.00,false,0.00,USD,1.52,17814778.00,1.00,3696065135884.35,USD,27.74,17.95,31.55,0.74,Technology services,america,Technology Services,StrongBuy,Strong buy,1.52,1.93,3.37,31.74,28.69,2.76,-2.52,63.64,763.70,511867.33,2.03,1.83,Buy,Buy,StrongBuy,Strong buy,Neutral,Neutral,55.58,0.93,3.60,9.89,28.50,37.05,doji,497.69,1.51,1.15,365378.00,1.53,17814778.00,6.87,496.90,-0.17,5516029.00,-0.91,27.74,0.87,11.00,8.36,20.25,55.31,48.21,3748035135884.35,11.29,24.14,18.86,497.41,495.94,462.49,433.90,431.57,567.45,700.00,400.00,558.00,19.73,4.24,4.71,390596458299.00,87619545211.00,90585590186.00
[object Object],AMZN,"Amazon.com, Inc.",NASDAQ,251.19,stock,common,100.00,1.00,false,0.00,USD,2.13,30316836.00,1.01,2709414401438.72,USD,20.20,12.43,89.73,0.00,Retail trade,america,Retail Trade,StrongBuy,Strong buy,2.13,0.43,-3.62,4.61,21.11,8.58,7.45,44.01,549.67,206006.31,2.03,1.85,Sell,Sell,Sell,Sell,Neutral,Neutral,45.39,-3.79,-10.97,-94.11,14.22,16.19,doji,251.06,2.07,1.20,936511.00,2.08,30316836.00,-9.47,251.25,0.02,6560832.00,14.41,20.20,0.22,3.46,4.91,16.97,0.00,22.22,2828138401438.72,3.65,28.75,16.29,253.46,260.26,255.71,255.15,240.20,330.86,405.00,230.00,330.00,12.77,1.82,1.96,828589237011.00,197034781840.00,202117916174.00
[object Object],SPCX,Space Exploration Technologies Corp,NASDAQ,154.81,stock,common,100.00,1.00,false,0.00,USD,2.60,83726810.00,0.96,2100937303818.41,USD,0.00,0.00,0.00,0.00,Communications,america,Communications,Buy,Buy,2.60,6.77,10.01,-17.82,3.21,3.21,3.21,3.21,3.21,3.21,4.46,4.34,StrongBuy,Strong buy,StrongBuy,Strong buy,Buy,Buy,60.08,14.10,11.54,135.89,69.08,64.59,0.00,153.67,1.85,1.17,2284112.00,1.94,83726810.00,-23.02,155.17,0.23,3915694.00,0.00,0.00,0.00,0.00,16.03,0.00,0.00,20.35,2040426303818.41,0.00,0.00,0.00,149.54,142.16,134.62,0.00,0.00,222.94,800.00,75.00,212.00,0.00,-0.23,0.14,0.00,6826708501.00,12855870565.00
[object Object],TSM,"Taiwan Semiconductor Manufacturing Co., Ltd. Sponsored ADR",NYSE,430.26,dr,0.00,100.00,1.00,false,0.00,USD,3.00,12430880.00,1.24,1935632487152.13,USD,31.05,13.86,57.78,0.66,Electronic technology,america,Electronic Technology,StrongBuy,Strong buy,3.00,0.90,3.18,-1.96,27.79,37.91,62.77,257.98,1377.03,8146.05,1.86,1.99,Buy,Buy,StrongBuy,Strong buy,Neutral,Neutral,54.76,14.76,1.99,67.70,34.99,32.48,rising_window_bullish,423.59,1.41,0.79,193019.00,1.60,12430880.00,18.50,429.90,-0.08,2275011.00,104.32,31.05,0.52,15.17,11.05,25.29,55.92,20.20,1860047085428.77,13.02,23.32,18.25,426.13,421.74,417.42,419.95,378.59,543.66,650.00,440.00,535.00,16.79,3.81,4.40,169097932954.00,39834731029.00,45169628019.00
[object Object],META,Meta Platforms Inc Class A,NASDAQ,682.31,stock,common,100.00,1.00,false,0.00,USD,1.34,15881820.00,0.79,1738188903965.58,USD,25.70,26.55,-3.86,0.31,Technology services,america,Technology Services,StrongBuy,Strong buy,1.34,4.38,22.39,19.11,13.05,2.96,-12.52,83.71,425.22,1522.62,2.87,2.88,Buy,Buy,StrongBuy,Strong buy,Neutral,Neutral,73.97,89.46,70.07,116.82,93.79,93.22,long_lower_shadow_bullish,682.44,1.36,1.37,198526.00,1.36,15881820.00,-7.76,680.70,-0.24,2528150.00,-20.19,25.70,0.00,7.57,6.66,13.44,42.73,19.25,1759544903965.58,7.71,20.24,16.05,647.85,599.02,606.69,604.06,624.03,751.05,1000.00,580.00,750.00,31.31,7.19,6.74,254115545423.00,60223636026.00,63246264138.00
[object Object],AVGO,Broadcom Inc.,NASDAQ,347.30,stock,common,100.00,1.00,false,0.00,USD,2.29,24332250.00,0.77,1657881705987.74,USD,44.34,7.83,100.12,0.75,Electronic technology,america,Electronic Technology,StrongBuy,Strong buy,2.29,-3.54,-9.63,-15.21,8.49,-1.55,-3.22,589.13,1914.27,20948.48,2.10,2.42,Sell,Sell,StrongSell,Strong sell,Neutral,Neutral,38.54,-19.94,-30.30,-100.55,13.59,14.25,0.00,346.67,2.11,1.03,464776.00,2.09,24332250.00,5.10,348.48,0.34,4881031.00,24.88,44.34,0.43,18.62,16.63,41.75,43.07,70.79,1693325705987.74,19.00,39.12,32.54,354.16,374.71,380.62,393.71,369.24,533.94,715.00,350.00,527.50,11.67,3.22,3.83,105968600386.00,29240913570.00,34861665157.00
[object Object],TSLA,"Tesla, Inc.",NASDAQ,366.20,stock,common,100.00,1.00,false,0.00,USD,2.27,38803582.00,0.97,1446324279601.65,USD,340.24,1.08,-37.67,0.00,Consumer durables,america,Consumer Durables,Buy,Buy,2.27,1.55,9.90,-8.01,-3.59,-20.01,-11.92,45.10,2640.75,28810.56,2.73,3.40,Buy,Buy,Buy,Buy,Buy,Buy,54.82,9.19,16.26,101.45,40.36,39.59,0.00,367.62,2.66,1.10,657650.00,2.63,38803582.00,20.59,366.05,-0.04,3017973.00,32.39,340.24,0.00,12.23,16.65,69.38,224.98,29.45,1419045279601.65,13.69,297.37,126.15,363.52,350.72,351.09,379.55,397.65,377.40,525.00,24.86,406.50,1.69,0.53,0.45,106218037369.00,26423384494.00,27549359924.00
[object Object],MU,"Micron Technology, Inc.",NASDAQ,977.50,stock,common,100.00,1.00,false,0.00,USD,5.50,21967984.00,0.89,1103981707867.28,USD,22.13,44.17,697.29,0.06,Electronic technology,america,Electronic Technology,StrongBuy,Strong buy,5.50,-1.96,2.13,-11.78,120.20,231.22,521.01,1213.76,5306.53,69103.54,3.08,3.87,StrongBuy,Strong buy,StrongBuy,Strong buy,Neutral,Neutral,53.81,21.42,11.48,43.71,29.53,25.42,rising_window_bullish,954.84,3.05,1.00,636421.00,3.02,21967984.00,8.69,981.44,0.40,2290872.00,695.07,22.13,0.03,11.75,10.96,21.76,42.76,42.97,1084308707867.28,12.01,18.27,15.86,971.11,945.38,926.77,903.49,636.27,1575.35,2200.00,361.00,1600.00,73.39,20.86,31.16,129579154237.00,35911904101.00,50456886896.00
[object Object],LLY,Eli Lilly and Company,NYSE,1152.44,stock,common,100.00,1.00,false,0.00,USD,1.28,1895997.00,0.90,1084857474019.15,USD,39.16,29.43,95.14,0.59,Health technology,america,Health Technology,Buy,Buy,1.28,2.34,-3.96,2.85,26.57,7.06,51.34,401.69,1364.35,40932.63,2.05,2.34,Neutral,Neutral,Neutral,Neutral,Neutral,Neutral,47.09,-7.64,-39.50,-39.69,34.24,22.95,spinning_top_white,1151.00,1.16,0.26,4416.00,1.09,1895997.00,28.43,1148.00,-0.39,567554.00,56.93,39.16,0.41,12.76,32.03,36.67,56.62,115.08,1130815474019.15,14.19,28.55,27.11,1136.04,1182.70,1178.64,1126.06,1065.87,1359.06,1680.00,930.00,1400.00,36.41,6.40,9.85,88292077371.00,20822836356.00,22183987971.00
[object Object],BRK.B,Berkshire Hathaway Inc. Class B,NYSE,509.20,stock,common,100.00,1.00,false,0.00,USD,-2.04,5991762.00,1.55,980485281840.79,USD,12.80,39.77,36.30,0.00,Finance,america,Finance,Neutral,Neutral,-2.04,0.09,1.63,3.34,5.72,1.64,3.72,83.40,248.50,2094.83,1.40,1.09,Buy,Buy,StrongBuy,Strong buy,Neutral,Neutral,51.61,3.96,4.96,102.68,73.40,87.04,0.00,519.00,-0.15,-0.35,36839.00,-0.16,5991762.00,13.94,509.57,0.07,1284076.00,-10.60,12.80,0.36,2.91,1.46,23.53,45.31,3.00,746608281840.79,1.94,11.94,9.76,510.48,508.18,504.80,494.77,492.60,541.08,604.00,490.25,529.00,22.18,5.04,5.60,403512500000.00,96522968300.00,100929913950.00
[object Object],JPM,JPMorgan Chase & Co.,NYSE,349.31,stock,common,100.00,1.00,false,0.00,USD,0.11,6479733.00,0.94,928531084954.82,USD,14.96,23.34,19.77,1.72,Finance,america,Finance,Buy,Buy,0.11,-1.19,-3.60,3.67,21.25,8.31,12.54,121.95,428.54,3555.51,2.60,1.79,Sell,Sell,Sell,Sell,Sell,Sell,43.87,-6.91,-5.27,-145.01,36.22,35.60,0.00,352.50,1.03,0.74,25275.00,0.95,6479733.00,-22.00,349.12,-0.05,1743472.00,14.49,14.96,0.76,4.72,2.63,6.12,6.12,0.00,2179170084954.82,7.32,0.00,0.00,353.96,356.65,352.91,333.51,320.33,377.09,436.00,305.00,375.00,24.76,5.59,5.82,207492172290.00,50720644720.00,50581762871.00
[object Object],AMD,"Advanced Micro Devices, Inc.",NASDAQ,545.09,stock,common,100.00,1.00,false,0.00,USD,6.36,28365448.00,1.45,889845784442.36,USD,139.89,3.90,124.28,0.00,Electronic technology,america,Electronic Technology,Buy,Buy,6.36,7.08,11.80,2.54,166.05,149.01,242.22,416.40,8663.50,118827.00,4.13,3.50,StrongBuy,Strong buy,StrongBuy,Strong buy,Buy,Buy,62.78,88.03,26.29,177.60,83.70,76.89,rising_window_bullish,533.79,4.15,1.29,444512.00,4.12,28365448.00,27.10,546.59,0.27,2614713.00,184.83,139.89,1.06,20.58,13.23,89.71,107.62,68.92,880999784442.36,21.33,135.77,92.58,503.55,485.95,495.58,484.27,352.92,627.31,1250.00,365.00,620.00,7.63,1.62,1.93,50906926335.00,11309653407.00,12966980240.00
[object Object],WMT,Walmart Inc.,NASDAQ,106.79,stock,common,100.00,1.00,false,0.00,USD,-0.66,19184463.00,0.95,847244745351.44,USD,38.69,2.76,4.13,0.91,Retail trade,america,Retail Trade,StrongBuy,Strong buy,-0.66,0.58,-8.18,-9.65,-11.47,-4.16,2.95,122.26,342.99,607420.76,1.47,1.77,Sell,Sell,StrongSell,Strong sell,Neutral,Neutral,45.99,0.70,-1.12,48.11,69.11,76.08,0.00,107.79,0.27,0.17,103801.00,0.28,19184463.00,26.62,106.74,-0.05,6170570.00,7.72,38.69,9.43,1.17,8.63,19.85,63.07,73.90,916031745351.44,1.24,28.38,19.34,107.18,108.63,110.02,115.95,118.72,129.07,155.00,110.00,130.00,2.89,0.74,0.64,752580359804.00,186641139353.00,187317652799.00
[object Object],V,Visa Inc. Class A,NYSE,369.93,stock,common,100.00,1.00,false,0.00,USD,-0.27,4709945.00,0.96,690676815691.37,USD,31.75,11.65,15.03,0.72,Finance,america,Finance,StrongBuy,Strong buy,-0.27,0.96,2.87,11.76,23.37,5.73,8.82,66.30,352.57,2386.92,1.42,1.39,Sell,Sell,Sell,Sell,Neutral,Neutral,49.05,-8.47,1.79,-65.74,34.82,39.66,0.00,371.80,0.23,0.13,14263.00,0.12,4709945.00,-34.62,369.00,-0.25,1480471.00,3.17,31.75,2.12,15.83,19.94,31.10,33.41,44.18,699157815691.37,15.72,23.44,22.43,371.93,371.10,366.68,347.60,335.75,423.54,466.00,370.00,425.00,13.23,3.23,3.44,45854091712.00,11400783120.00,12077370802.00
[object Object],XOM,Exxonmobil Holdings Corporation,NYSE,163.27,stock,common,100.00,1.00,false,0.00,USD,-0.03,10961324.00,0.81,671351920205.31,USD,21.01,7.77,10.17,2.52,Energy minerals,america,Energy Minerals,Buy,Buy,-0.03,-2.23,-0.66,18.04,2.46,35.96,42.56,203.59,92.83,10245.82,2.51,1.93,Buy,Buy,StrongBuy,Strong buy,Neutral,Neutral,53.14,-0.88,4.62,-6.69,69.72,76.36,0.00,161.84,-0.91,0.07,51175.00,-0.91,10961324.00,-18.48,163.54,0.17,2443103.00,38.38,21.01,2.07,1.88,2.59,11.41,22.31,64.36,709862920205.31,1.95,17.28,10.04,163.88,161.78,157.26,152.28,146.67,170.83,200.00,142.00,170.00,11.69,3.56,3.54,405761190811.00,109936966477.00,106769599023.00
[object Object],JNJ,Johnson & Johnson,NYSE,270.22,stock,common,100.00,1.00,false,0.00,USD,1.10,6568335.00,1.15,651202752806.89,USD,31.32,8.63,-7.72,1.98,Health technology,america,Health Technology,Buy,Buy,1.10,0.00,0.95,16.58,14.10,30.65,52.92,65.29,129.37,121499.12,1.85,1.74,Buy,Buy,StrongBuy,Strong buy,Neutral,Neutral,55.02,-4.99,1.61,-8.81,37.04,27.39,0.00,268.17,0.33,0.19,11211.00,0.27,6568335.00,34.36,270.80,0.21,2132661.00,52.40,31.32,0.00,6.66,7.66,23.88,29.64,31.76,679480752806.89,6.94,25.71,19.88,269.28,267.36,263.07,248.96,238.34,282.10,320.00,210.00,282.00,11.53,2.85,2.88,101278345429.00,25062319857.00,25327905991.00
[object Object],ASML,ASML Holding NV Sponsored ADR,NASDAQ,1629.67,dr,0.00,100.00,1.00,false,0.00,USD,1.71,1393786.00,1.08,611336926265.43,USD,50.74,32.12,23.10,0.48,Electronic technology,america,Electronic Technology,StrongBuy,Strong buy,1.71,-3.48,-9.91,-15.31,20.07,43.74,87.70,86.23,1497.09,59389.64,2.33,2.16,Sell,Sell,StrongSell,Strong sell,Neutral,Neutral,42.86,-52.63,-95.86,-95.77,16.09,14.15,0.00,1637.71,2.22,1.51,39350.00,2.18,1393786.00,4.11,1629.67,0.00,126508.00,128.25,50.74,2.16,14.97,25.17,48.15,55.38,72.37,604937761835.43,14.68,41.46,38.29,1663.97,1725.88,1724.64,1696.11,1506.51,2345.02,2859.00,1628.31,2392.50,43.91,7.92,11.81,50008441531.00,10239884383.00,13055196810.00
[object Object],ASML,ASML Holding NV,EURONEXT,1418.00,stock,common,10.00,2.00,false,0.00,EUR,1.56,545611.00,1.06,611336926265.43,USD,51.48,31.46,14.70,0.56,Electronic technology,netherlands,Electronic Technology,StrongBuy,Strong buy,1.56,-5.38,-11.38,-14.32,20.17,54.23,93.58,96.48,1466.68,5442.44,2.78,2.92,Sell,Sell,StrongSell,Strong sell,Neutral,Neutral,42.54,-5.40,-71.05,-80.64,18.47,18.57,long_upper_shadow_bearish,0.00,0.00,0.00,0.00,1.45,545611.00,-13.62,1418.00,0.00,174082.00,129.16,51.48,3.45,15.21,25.04,47.51,54.35,71.99,604921138448.43,14.99,42.33,39.09,1451.68,1491.57,1497.00,1481.99,1308.46,2392.57,2899.00,1497.04,2435.16,44.87,7.87,11.84,51053521128.09,10149779740.40,13065884346.55
[object Object],INTC,Intel Corporation,NASDAQ,108.80,stock,common,100.00,1.00,false,0.00,USD,7.67,148759202.00,1.55,575128292369.04,USD,0.00,-2.12,55.49,0.00,Electronic technology,america,Electronic Technology,Buy,Buy,7.67,6.20,9.66,-17.45,131.74,188.06,333.90,99.30,188.44,269674.36,4.99,4.35,StrongBuy,Strong buy,StrongBuy,Strong buy,Buy,Buy,62.01,18.75,5.21,152.61,72.58,65.84,rising_window_bullish,104.71,3.62,1.46,2874361.00,3.61,148759202.00,24.05,109.71,0.84,17078242.00,313.47,0.00,0.00,9.04,6.27,37.18,1614.29,18.57,611369292369.04,10.72,133.55,36.05,100.56,96.62,97.17,106.56,76.81,121.61,200.00,75.00,118.50,1.52,0.22,0.39,62867429243.00,14434847186.00,16327949755.00
[object Object],MA,Mastercard Incorporated Class A,NYSE,565.73,stock,common,100.00,1.00,false,0.00,USD,-0.36,2070389.00,0.95,495585101278.62,USD,31.12,18.18,22.62,0.59,Finance,america,Finance,StrongBuy,Strong buy,-0.36,0.13,0.33,14.34,14.88,-0.87,-3.74,64.46,471.16,13937.97,1.55,1.38,Sell,Sell,Sell,Sell,Neutral,Neutral,44.61,-22.41,-6.16,-94.20,15.85,21.08,0.00,569.00,0.22,0.46,1361.00,0.06,2070389.00,-13.22,565.86,0.02,490763.00,-4.89,31.12,1.38,14.27,88.52,29.00,30.29,41.29,508126101278.62,14.46,24.43,23.11,571.90,576.22,565.42,532.11,531.59,671.64,740.00,620.00,669.00,19.96,4.77,5.16,37263471500.00,9075236719.00,9645052315.00
[object Object],ABBV,"AbbVie, Inc.",NYSE,264.02,stock,common,100.00,1.00,false,0.00,USD,0.58,3507430.00,0.82,466554329428.71,USD,74.65,3.54,68.31,2.60,Health technology,america,Health Technology,Buy,Buy,0.58,5.09,3.97,19.27,28.00,15.42,20.50,145.60,315.00,613.57,1.97,1.95,Buy,Buy,StrongBuy,Strong buy,Neutral,Neutral,59.01,2.30,5.74,67.86,90.71,82.03,0.00,263.31,0.30,-0.13,1394.00,0.04,3507430.00,12.48,264.02,0.00,1141336.00,22.72,74.65,1.09,7.22,0.00,23.97,25.68,71.18,530854329428.71,8.24,24.12,17.74,257.98,256.79,255.07,238.46,229.41,279.73,315.00,230.00,283.50,14.05,3.61,3.86,67609994998.00,16804130773.00,17312373837.00
[object Object],ORCL,Oracle Corporation,NYSE,150.59,stock,common,100.00,1.00,false,0.00,USD,5.19,27648813.00,0.72,455344428534.68,USD,23.61,6.38,47.65,1.40,Technology services,america,Technology Services,Buy,Buy,5.19,-4.92,5.12,-17.71,-1.61,-23.74,-51.06,74.69,280.18,237900.41,5.89,4.22,Buy,Buy,Buy,Buy,Neutral,Neutral,52.20,4.84,-0.80,0.68,17.24,15.08,0.00,146.84,2.57,2.21,678802.00,2.51,27648813.00,-19.55,150.66,0.05,2637173.00,-35.67,23.61,0.47,5.98,7.37,9.62,0.00,12.18,592788428534.68,8.26,24.12,16.72,151.91,148.77,140.93,162.54,166.52,243.87,400.00,110.00,240.00,8.13,1.74,1.89,90313803656.00,19134971114.00,21295420325.00
[object Object],CSCO,"Cisco Systems, Inc.",NASDAQ,110.24,stock,common,100.00,1.00,false,0.00,USD,2.32,16151318.00,1.22,434630745874.37,USD,33.12,3.33,27.48,1.54,Electronic technology,america,Electronic Technology,Buy,Buy,2.32,1.38,-1.35,-7.04,40.53,43.83,64.54,92.09,254.24,142590.72,2.72,1.86,Buy,Buy,Buy,Buy,Buy,Buy,47.72,0.78,-2.93,11.80,37.27,44.22,0.00,109.79,1.90,0.84,62602.00,1.84,16151318.00,3.78,110.21,-0.03,4945484.00,61.10,33.12,1.18,6.78,8.65,30.98,34.40,27.58,449888745874.37,7.10,28.24,24.36,109.41,112.32,113.44,112.95,96.07,140.05,170.00,115.00,137.00,5.12,1.17,1.33,73080740920.00,16836303500.00,18114723712.00
[object Object],PLTR,Palantir Technologies Inc. Class A,NASDAQ,176.24,stock,common,100.00,1.00,false,0.00,USD,1.09,23694136.00,0.88,423514983387.05,USD,150.18,1.17,290.00,0.00,Technology services,america,Technology Services,Buy,Buy,1.09,5.31,2.48,34.70,13.56,-2.79,4.27,514.93,1662.40,1662.40,3.58,3.98,Buy,Buy,StrongBuy,Strong buy,Buy,Buy,55.93,6.78,1.20,-0.03,41.27,35.22,0.00,175.80,0.84,0.80,306415.00,0.92,23694136.00,12.92,175.82,-0.24,2725972.00,16.02,150.18,0.51,72.75,43.33,133.14,134.80,48.06,414418235387.05,67.32,157.30,155.64,172.62,174.52,157.29,145.55,151.70,203.70,255.00,80.00,210.00,1.59,0.34,0.41,8190820545.00,1812279528.00,2166910577.00
[object Object],CVX,Chevron Corporation,NYSE,211.57,stock,common,100.00,1.00,false,0.00,USD,0.01,7386967.00,0.93,418013908029.33,USD,20.28,10.43,34.63,3.33,Energy minerals,america,Energy Minerals,Buy,Buy,0.01,-2.68,3.19,20.46,5.05,39.04,32.90,123.55,114.79,6421.79,2.21,1.75,Buy,Buy,StrongBuy,Strong buy,Sell,Sell,58.53,-0.21,10.24,34.27,78.20,81.21,0.00,209.33,-1.04,0.00,33504.00,-0.91,7386967.00,-8.23,211.98,0.19,1604269.00,25.85,20.28,0.59,1.98,2.20,9.22,15.33,47.67,451997908029.33,2.14,16.04,8.69,212.34,204.80,198.06,190.63,183.61,223.08,245.00,175.00,224.50,16.15,5.55,4.68,233783511338.00,62720794781.00,57701785176.00
[object Object],BAC,Bank of America Corp,NYSE,58.18,stock,common,100.00,1.00,false,0.00,USD,0.48,36717186.00,0.98,406838120497.45,USD,13.39,4.35,27.25,1.93,Finance,america,Finance,Buy,Buy,0.48,-7.13,-9.09,1.66,23.45,5.72,14.39,44.22,271.52,1771.12,3.32,2.06,Sell,Sell,Sell,Sell,Neutral,Neutral,30.72,-4.42,-2.57,-219.82,13.56,17.98,0.00,58.33,0.75,0.59,153010.00,0.86,36717186.00,-26.78,58.23,0.09,6734396.00,16.07,13.39,0.49,3.49,1.48,5.16,5.16,0.00,1147720120497.45,5.88,0.00,0.00,61.11,62.35,61.97,58.01,55.21,68.45,76.00,61.00,68.00,4.63,1.13,1.17,123930721495.00,30776101012.00,31224167022.00
[object Object],COST,Costco Wholesale Corporation,NASDAQ,893.93,stock,common,100.00,1.00,false,0.00,USD,0.02,2319470.00,1.12,396439017947.03,USD,44.96,19.88,12.78,0.62,Retail trade,america,Retail Trade,Buy,Buy,0.02,-1.40,-7.47,-7.14,-8.32,3.81,-6.25,93.65,488.27,35361.45,1.19,1.45,Sell,Sell,StrongSell,Strong sell,Neutral,Neutral,35.12,-34.55,-34.03,-118.73,5.05,10.23,0.00,895.45,0.19,0.20,11781.00,0.18,2319470.00,10.36,893.50,-0.05,610238.00,0.12,44.96,3.52,1.35,11.83,26.49,45.12,19.87,384675017947.03,1.31,34.27,27.90,906.90,935.62,936.89,962.82,960.50,1081.16,1315.00,781.00,1100.00,20.50,4.99,6.53,302287514303.00,69788452189.00,94863661162.00
[object Object],KO,Coca-Cola Company,NYSE,88.06,stock,common,100.00,1.00,false,0.00,USD,0.22,16552462.00,1.12,378882461647.90,USD,26.53,3.32,17.60,2.37,Consumer non-durables,america,Consumer Non-Durables,Buy,Buy,0.22,-0.59,-0.38,10.25,16.54,26.07,32.61,60.05,108.82,33884.93,1.22,1.36,Neutral,Neutral,Neutral,Neutral,Sell,Sell,49.58,-0.18,0.02,-76.28,21.57,25.85,0.00,88.15,0.32,0.25,38879.00,0.23,16552462.00,-3.11,88.08,0.02,6893588.00,27.39,26.53,1.50,7.49,10.48,23.24,26.57,23.20,408219461647.90,8.07,25.28,23.76,88.29,88.57,86.94,83.64,79.09,96.24,104.00,85.00,96.00,3.31,0.93,0.88,49722162392.00,13170956898.00,12888215509.00
[object Object],DELL,"Dell Technologies, Inc. Class C",NYSE,588.40,stock,common,100.00,1.00,false,0.00,USD,4.46,9313855.00,0.69,374112212815.27,USD,34.16,17.23,153.32,0.41,Electronic technology,america,Electronic Technology,Buy,Buy,4.46,12.33,26.00,36.88,259.88,358.26,359.33,1075.02,4246.20,4719.79,6.28,5.93,StrongBuy,Strong buy,StrongBuy,Strong buy,Neutral,Neutral,66.43,96.20,74.72,131.28,90.31,86.86,0.00,571.00,1.37,1.74,125611.00,1.26,9313855.00,-28.95,590.24,0.31,711248.00,236.61,34.16,0.21,2.43,0.00,31.57,44.82,32.69,397646212815.27,2.63,26.59,22.10,541.30,486.21,460.38,397.92,270.31,591.36,735.00,499.00,600.00,25.88,4.91,6.56,194679926776.00,44890631026.00,49233806177.00
[object Object],CAT,Caterpillar Inc.,NYSE,798.57,stock,common,100.00,1.00,false,0.00,USD,2.02,2429412.00,1.09,367082543779.99,USD,34.35,23.25,18.22,0.79,Producer manufacturing,america,Producer Manufacturing,Buy,Buy,2.02,-1.38,-7.38,-18.43,16.30,38.26,79.45,313.64,887.96,49680.98,2.42,2.46,Sell,Sell,StrongSell,Strong sell,Buy,Buy,44.60,6.29,-30.59,-14.19,28.03,28.53,0.00,814.50,4.06,1.56,25980.00,3.99,2429412.00,-8.25,799.64,0.13,810300.00,83.76,34.35,1.85,4.84,18.93,27.22,41.07,55.02,405514543779.99,5.43,29.62,25.23,802.45,819.46,842.73,881.75,782.91,991.21,1225.00,575.00,985.00,27.25,6.22,6.93,79528857027.00,19335236841.00,20486013858.00
[object Object],MRK,"Merck & Co., Inc.",NYSE,147.15,stock,common,100.00,1.00,false,0.00,USD,1.55,11057778.00,1.40,363044314655.79,USD,117.62,1.25,-80.71,2.32,Health technology,america,Health Technology,Buy,Buy,1.55,-0.53,7.22,28.36,28.80,39.44,81.71,106.79,152.00,37327.04,1.58,2.23,Buy,Buy,StrongBuy,Strong buy,Neutral,Neutral,56.04,-4.49,2.76,-52.34,27.41,16.59,rising_window_bullish,145.27,0.25,0.52,10933.00,0.57,11057778.00,52.92,147.48,0.22,3284141.00,73.17,117.62,0.00,5.40,8.66,18.20,22.63,50.61,409819314655.79,6.18,32.87,21.55,146.80,144.09,137.43,127.55,120.23,153.04,186.00,105.00,155.00,2.75,-0.27,2.22,67143255235.00,16368922837.00,17321056399.00
[object Object],ROP,Roche Holding Ltd,SIX,361.20,stock,common,10.00,1.00,false,0.00,CHF,-0.36,1188561.00,1.34,350064781469.67,USD,23.57,18.96,30.49,2.70,Health technology,switzerland,Health Technology,Buy,Buy,-0.36,3.20,0.98,14.56,17.62,10.12,39.95,3.70,51.89,181.09,2.30,2.04,Buy,Buy,StrongBuy,Strong buy,Neutral,Neutral,54.41,4.70,-3.56,24.87,77.25,64.00,0.00,0.00,0.00,0.00,0.00,0.33,1188561.00,2.94,361.20,0.00,296625.00,32.04,23.57,0.78,4.80,8.80,15.84,19.75,29.95,381651568469.67,5.06,16.52,13.98,354.42,360.31,354.84,340.37,336.87,462.73,531.48,281.34,489.28,25.71,12.51,11.54,79836382241.72,37648198160.72,39179458163.97
[object Object],HSBA,HSBC Holdings Plc,LSE,1537.40,stock,common,10.00,2.00,false,0.00,GBX,1.96,15439733.00,0.85,345961870691.64,USD,14.77,1.38,35.01,3.73,Finance,uk,Finance,Neutral,Neutral,1.96,-0.76,0.62,8.04,29.96,29.67,52.73,312.17,166.91,541.53,1.79,1.73,Buy,Buy,StrongBuy,Strong buy,Neutral,Neutral,51.22,-26.20,-5.91,-16.10,18.64,24.26,marubozu_white_bullish,0.00,0.00,0.00,0.00,0.50,15439733.00,-11.78,1537.40,0.00,5670215.00,60.53,14.77,0.41,4.62,2.02,0.00,0.00,0.00,690521987023.46,5.14,0.00,0.00,1545.06,1531.65,1528.18,1454.43,1346.63,20.82,25.60,15.06,20.77,1.71,0.44,0.44,75182578011.18,18659357176.00,19136544047.00
[object Object],PG,Procter & Gamble Company,NYSE,147.55,stock,common,100.00,1.00,false,0.00,USD,0.36,6737785.00,0.81,342710317161.31,USD,22.29,6.62,1.74,2.92,Consumer non-durables,america,Consumer Non-Durables,Buy,Buy,0.36,3.47,2.98,-2.20,1.77,3.10,-6.86,2.31,70.09,10277.14,1.50,1.41,Buy,Buy,StrongBuy,Strong buy,Neutral,Neutral,56.54,-0.09,1.14,98.57,80.32,72.47,long_lower_shadow_bullish,147.15,0.09,0.16,10805.00,0.39,6737785.00,-3.06,147.47,-0.05,1908224.00,-8.09,22.29,12.77,4.08,6.43,18.20,23.50,35.81,368779317161.31,4.24,17.76,15.41,145.72,145.20,146.13,146.27,147.46,159.67,177.00,143.00,162.00,6.98,1.41,1.88,88703871140.00,21379772305.00,22724989053.00
[object Object],LRCX,Lam Research Corporation,NASDAQ,269.31,stock,common,100.00,1.00,false,0.00,USD,0.03,11173402.00,1.31,336993284359.68,USD,46.72,5.76,38.61,0.39,Producer manufacturing,america,Producer Manufacturing,StrongBuy,Strong buy,0.03,-10.87,-16.93,-32.20,14.93,51.43,122.90,337.94,2790.21,121090.11,4.28,3.86,Sell,Sell,StrongSell,Strong sell,Neutral,Neutral,36.08,-19.01,-27.39,-130.95,7.80,10.69,0.00,280.40,4.15,1.73,107765.00,4.17,11173402.00,46.96,269.50,0.07,3045275.00,195.70,46.72,1.21,14.56,27.02,57.75,69.16,60.63,335535678359.68,14.44,40.92,38.83,291.57,306.26,308.68,317.06,266.53,383.96,500.00,300.00,385.00,9.49,1.69,2.18,34798661599.00,6664835041.00,8132747773.00
[object Object],UNH,UnitedHealth Group Incorporated,NYSE,375.21,stock,common,100.00,1.00,false,0.00,USD,-0.01,4833237.00,0.89,336786571920.40,USD,24.13,15.55,-32.64,2.39,Health services,america,Health Services,Buy,Buy,-0.01,-5.25,-5.59,-6.84,34.49,13.39,11.11,-9.58,176.68,259504.74,2.56,2.35,Sell,Sell,StrongSell,Strong sell,Sell,Sell,35.03,-24.45,-17.12,-148.15,3.71,8.80,0.00,376.30,0.28,0.48,30096.00,0.32,4833237.00,9.39,376.20,0.26,1383140.00,27.19,24.13,0.00,0.76,3.45,12.58,14.39,0.00,417616571920.40,0.93,0.00,0.00,386.93,394.02,405.43,400.03,354.05,481.52,529.00,380.00,490.00,19.81,4.91,4.12,445724874517.00,110806566222.00,111311226504.00
[object Object],AMAT,"Applied Materials, Inc.",NASDAQ,417.40,stock,common,100.00,1.00,false,0.00,USD,0.49,6916334.00,1.21,331247563708.31,USD,35.99,11.60,38.27,0.48,Producer manufacturing,america,Producer Manufacturing,StrongBuy,Strong buy,0.49,-8.34,-17.73,-32.95,16.02,56.28,139.54,191.89,1273.93,754160.11,3.56,3.09,Sell,Sell,StrongSell,Strong sell,Neutral,Neutral,33.81,-21.06,-56.10,-122.30,6.86,10.82,0.00,427.80,2.99,1.35,96031.00,2.94,6916334.00,25.51,417.40,0.00,1504752.00,179.34,35.99,0.94,10.78,12.93,39.77,59.38,36.17,329360563708.31,10.68,34.35,32.56,442.09,479.54,504.00,502.03,415.31,667.61,900.00,515.00,670.00,12.81,3.40,4.06,34346992450.00,8994977809.00,10307481959.00
[object Object],GE,GE Aerospace,NYSE,313.47,stock,common,100.00,1.00,false,0.00,USD,0.18,5326758.00,1.37,325244710530.46,USD,36.95,8.48,18.43,0.53,Electronic technology,america,Electronic Technology,Buy,Buy,0.18,-2.76,-14.56,-13.61,8.09,1.20,7.32,411.36,121.67,8272.39,2.81,2.40,Sell,Sell,StrongSell,Strong sell,Buy,Buy,33.39,-16.03,-31.43,-114.53,10.25,8.52,0.00,316.00,0.99,1.21,10814.00,1.24,5326758.00,17.67,314.47,0.32,1369672.00,17.63,36.95,2.00,6.47,18.44,33.49,39.09,35.12,336356710530.46,6.64,35.87,31.70,322.97,344.15,348.99,336.54,322.33,396.38,455.00,250.00,400.00,7.92,1.86,1.99,50283715600.00,11881567695.00,12812396503.00
[object Object],MS,Morgan Stanley,NYSE,203.52,stock,common,100.00,1.00,false,0.00,USD,0.54,4804069.00,0.98,319641647264.97,USD,16.44,12.38,40.23,2.05,Finance,america,Finance,Buy,Buy,0.54,-4.91,-6.24,-11.16,28.52,14.01,29.93,99.28,542.63,2892.94,3.46,2.35,Sell,Sell,StrongSell,Strong sell,Neutral,Neutral,36.42,-8.30,-7.10,-191.06,20.50,24.48,hammer_bullish,205.75,1.65,0.65,17858.00,1.30,4804069.00,-31.39,203.60,0.04,1093760.00,39.49,16.44,0.41,4.07,3.00,6.97,7.45,0.00,868879647264.97,6.74,0.00,0.00,211.23,213.62,214.72,210.23,192.79,241.95,273.00,195.00,245.00,12.90,2.93,3.13,81864734277.00,19674830362.00,20355380340.00
[object Object],NFLX,"Netflix, Inc.",NASDAQ,75.31,stock,common,100.00,1.00,false,0.00,USD,-1.44,28072632.00,1.04,313586332016.93,USD,23.73,3.17,35.27,0.00,Technology services,america,Technology Services,Buy,Buy,-1.44,-0.02,-2.73,-2.11,-17.52,-19.99,-38.32,28.11,675.59,65023.00,2.46,2.47,StrongSell,Strong sell,StrongSell,Strong sell,Sell,Sell,43.14,-7.42,-0.07,-124.62,17.62,31.89,marubozu_black_bearish,76.85,0.58,0.55,375980.00,0.65,28072632.00,10.63,75.50,0.25,4765419.00,-34.78,23.73,0.68,6.68,10.40,26.81,28.78,35.14,321094738016.93,6.58,21.77,9.90,77.71,78.34,75.79,79.45,85.67,94.54,135.00,70.00,93.50,3.60,0.79,0.82,51212969290.00,12581163486.00,12872611299.00
[object Object],PANW,"Palo Alto Networks, Inc.",NASDAQ,375.06,stock,common,100.00,1.00,false,0.00,USD,-0.16,6289367.00,0.91,306799075014.84,USD,731.82,0.51,-67.97,0.00,Technology services,america,Technology Services,Buy,Buy,-0.16,13.26,1.27,31.32,121.68,102.94,84.76,363.99,1429.30,3980.44,6.12,5.11,StrongBuy,Strong buy,StrongBuy,Strong buy,Buy,Buy,57.93,46.58,4.28,87.51,83.27,74.27,0.00,365.33,-2.75,0.67,105214.00,-2.71,6289367.00,19.76,375.00,-0.02,842385.00,131.56,731.82,0.00,26.73,11.12,67.30,74.50,99.62,306290075014.84,26.68,492.43,133.58,350.62,361.33,352.27,306.68,239.70,402.70,475.00,190.00,412.50,4.19,0.98,0.97,14171045994.00,3351708312.00,3307525759.00
[object Object],HD,"Home Depot, Inc.",NYSE,302.51,stock,common,100.00,1.00,false,0.00,USD,0.01,4151279.00,1.07,301811093074.61,USD,21.17,14.29,-2.93,3.06,Retail trade,america,Retail Trade,Buy,Buy,0.01,-1.82,-10.18,-8.80,-7.70,-11.92,-28.73,-9.69,138.16,861310.10,2.06,1.77,Sell,Sell,StrongSell,Strong sell,Neutral,Neutral,29.84,-16.00,-23.08,-101.73,1.17,6.58,0.00,309.44,2.30,0.77,21707.00,1.50,4151279.00,11.45,302.92,0.14,928463.00,-21.12,21.17,0.00,1.78,18.17,16.04,19.95,144.51,362293093074.61,2.14,17.23,14.30,309.90,328.61,332.46,328.04,342.47,379.07,425.00,318.00,380.00,15.01,4.73,3.84,171584336715.00,47243150569.00,42795881029.00
[object Object],PM,Philip Morris International Inc.,NYSE,190.48,stock,common,100.00,1.00,false,0.00,USD,-0.64,3010559.00,0.80,296884714713.63,USD,27.38,6.96,32.01,3.07,Consumer non-durables,america,Consumer Non-Durables,Buy,Buy,-0.64,0.99,1.84,6.07,16.48,18.86,16.30,86.53,91.98,280.96,2.13,2.14,Buy,Buy,StrongBuy,Strong buy,Neutral,Neutral,51.81,2.54,3.55,16.46,74.33,78.39,0.00,191.75,0.02,0.05,3903.00,0.57,3010559.00,2.71,190.48,0.00,1057440.00,11.94,27.38,0.86,7.05,0.00,20.83,23.36,49.22,341886714713.63,8.05,21.58,19.11,189.11,189.08,189.09,184.10,175.79,208.92,230.00,175.00,215.00,8.38,2.05,2.28,43470831625.00,10601737596.00,11249723612.00
[object Object],GS,"Goldman Sachs Group, Inc.",NYSE,951.47,stock,common,100.00,1.00,false,0.00,USD,1.44,3286562.00,1.69,277040862588.72,USD,14.68,64.79,42.77,1.81,Finance,america,Finance,Neutral,Neutral,1.44,-6.47,-8.51,-15.05,17.90,7.63,20.61,140.08,466.86,1151.93,3.92,2.55,Sell,Sell,StrongSell,Strong sell,Neutral,Neutral,34.63,-52.95,-47.67,-212.78,16.14,18.34,0.00,940.00,0.22,1.07,30920.00,0.23,3286562.00,-7.45,953.00,0.16,537047.00,31.94,14.68,0.34,4.24,2.53,2.48,2.53,0.00,1081354862588.72,7.94,0.00,0.00,1004.54,1023.46,1038.69,1021.91,956.20,1170.71,1325.00,955.00,1200.00,70.01,14.54,16.14,71581374028.00,16224979901.00,17641607647.00
[object Object],SHELL,Shell Plc,EURONEXT,41.56,stock,common,1000.00,5.00,false,0.00,EUR,-0.63,4960833.00,1.14,273759996695.68,USD,10.61,4.47,96.44,3.15,Energy minerals,netherlands,Energy Minerals,Buy,Buy,-0.63,1.42,5.24,20.57,5.00,32.08,35.68,149.57,87.09,736.22,1.99,1.60,Buy,Buy,StrongBuy,Strong buy,Neutral,Neutral,62.05,1.52,1.99,88.42,79.56,86.79,0.00,0.00,0.00,0.00,0.00,-0.59,4960833.00,-2.33,41.56,0.00,1692056.00,20.62,10.61,0.11,0.91,1.46,5.82,9.36,8.54,316564344980.97,1.08,7.91,5.06,41.31,40.06,39.31,37.73,36.20,51.06,63.40,42.97,50.03,5.78,1.53,1.52,337030361458.89,91889190349.00,83533564709.00
[object Object],WFC,Wells Fargo & Company,NYSE,86.89,stock,common,100.00,1.00,false,0.00,USD,-0.18,12615567.00,0.92,262755305571.23,USD,12.62,6.88,18.05,2.13,Finance,america,Finance,Buy,Buy,-0.18,-3.08,-1.60,2.31,13.73,-6.87,6.99,89.97,90.13,8220.60,3.36,2.26,Sell,Sell,Sell,Sell,Sell,Sell,47.21,-2.38,1.32,-14.95,45.90,60.61,0.00,87.50,0.52,0.38,82129.00,0.83,12615567.00,-6.93,86.89,0.00,3282888.00,0.47,12.62,0.70,3.10,1.60,38.96,38.96,0.00,701324305571.23,5.46,0.00,0.00,88.89,87.40,87.21,83.79,85.17,100.40,115.00,90.00,101.00,7.29,1.72,1.85,88823754200.00,21861026603.00,22369660447.00
[object Object],RTX,RTX Corporation,NYSE,193.54,stock,common,100.00,1.00,false,0.00,USD,-1.67,3546146.00,0.98,260845120333.80,USD,34.08,5.68,24.77,1.43,Electronic technology,america,Electronic Technology,Buy,Buy,-1.67,-2.27,-13.12,-0.24,-3.84,5.47,22.05,136.31,223.48,30494.18,2.09,1.92,Sell,Sell,StrongSell,Strong sell,Neutral,Neutral,29.42,-7.24,-15.13,-102.20,12.77,11.38,0.00,196.92,0.05,0.46,4451.00,0.34,3546146.00,1.73,193.13,-0.21,852289.00,30.73,34.08,1.40,2.87,3.93,18.60,23.16,31.81,293163120333.80,3.14,29.35,20.37,197.63,209.85,208.07,194.55,194.04,236.86,265.00,200.00,240.00,7.25,1.66,1.77,96207231895.00,22891802621.00,24014888639.00
[object Object],ARM,ARM Holdings PLC Sponsored ADR,NASDAQ,264.90,dr,0.00,100.00,1.00,false,0.00,USD,8.57,6090576.00,1.52,260570635437.00,USD,271.75,0.97,48.44,0.00,Electronic technology,america,Electronic Technology,Buy,Buy,8.57,4.70,3.07,-39.83,93.50,134.78,73.14,372.19,372.19,372.19,5.32,4.80,Buy,Buy,StrongBuy,Strong buy,Buy,Buy,54.00,30.04,-4.52,121.52,50.22,43.24,0.00,261.20,7.06,2.34,125502.00,7.39,6090576.00,120.72,265.91,0.38,517611.00,78.94,271.75,5.17,51.01,32.78,136.37,189.62,73.45,257167635437.00,49.88,288.95,222.85,252.91,255.68,262.11,283.28,206.59,298.26,480.00,130.00,300.00,2.23,0.40,0.47,6074509828.00,1262682669.00,1376119680.00
[object Object],NOVN,Novartis AG,SIX,116.02,stock,common,100.00,2.00,false,0.00,CHF,1.52,2407734.00,0.59,253230757696.06,USD,22.07,6.50,-11.50,3.24,Health technology,switzerland,Health Technology,Buy,Buy,1.52,3.66,-5.89,-2.54,-1.19,5.65,20.30,47.80,70.56,94.44,1.87,1.92,Sell,Sell,StrongSell,Strong sell,Neutral,Neutral,39.89,-15.30,-9.01,-61.34,19.72,16.52,0.00,0.00,0.00,0.00,0.00,0.89,2407734.00,-41.29,116.02,0.00,975389.00,24.84,22.07,0.00,5.03,6.34,15.29,16.80,35.80,293976055993.66,5.47,18.49,14.00,116.07,122.90,123.96,121.68,119.40,154.79,185.15,120.83,157.62,9.18,2.17,2.25,59593583263.11,14077353263.00,14624119537.00
[object Object],AZN,AstraZeneca PLC,LSE,12428.00,stock,common,1.00,2.00,false,0.00,GBX,2.41,2736618.00,0.92,251758690314.00,USD,24.94,6.61,21.16,0.00,Health technology,uk,Health Technology,StrongBuy,Strong buy,2.41,6.82,7.53,-17.84,-11.80,-9.43,9.61,51.23,148.98,313.72,2.69,2.48,Buy,Buy,Buy,Buy,Buy,Buy,57.78,282.00,86.54,142.28,80.16,65.57,0.00,0.00,0.00,0.00,0.00,0.54,2736618.00,-48.11,12428.00,0.00,616918.00,0.53,24.94,1.15,4.14,5.09,18.60,23.77,51.80,279317936575.15,4.61,20.60,14.08,11987.40,11968.53,12210.56,12971.56,13623.71,215.78,273.31,158.30,215.83,10.33,2.48,2.62,63833881513.94,15435596061.00,16063618848.00
[object Object],ANET,Arista Networks Inc,NYSE,199.53,stock,common,100.00,1.00,false,0.00,USD,1.01,7161510.00,1.64,251652137755.35,USD,62.91,3.17,24.73,0.00,Electronic technology,america,Electronic Technology,StrongBuy,Strong buy,1.01,5.38,1.80,16.55,48.90,48.85,39.89,781.90,3779.08,5678.24,3.76,3.48,StrongBuy,Strong buy,StrongBuy,Strong buy,Neutral,Neutral,55.92,13.43,1.12,97.27,63.07,52.67,0.00,203.62,3.08,1.50,17866.00,2.82,7161510.00,60.02,199.25,-0.14,1663527.00,39.78,62.91,2.52,23.91,17.01,47.98,49.39,19.08,238308837755.35,22.61,52.41,51.36,193.94,194.18,187.24,173.45,154.76,248.86,330.00,215.00,250.00,4.11,0.89,1.08,12669675525.00,2830279544.00,3326471167.00
[object Object],CRWD,"CrowdStrike Holdings, Inc. Class A",NASDAQ,245.70,stock,common,100.00,1.00,false,0.00,USD,1.80,12329559.00,1.07,251580784546.96,USD,6882.35,0.04,0.00,0.00,Technology services,america,Technology Services,Buy,Buy,1.80,19.43,15.35,43.11,131.97,107.34,120.85,269.02,1447.72,1447.72,6.53,5.87,Buy,Buy,StrongBuy,Strong buy,Neutral,Neutral,65.41,42.28,18.86,143.82,93.25,89.01,0.00,236.50,-2.01,0.88,219492.00,-2.20,12329559.00,4.86,245.74,0.02,1424365.00,112.22,6882.35,0.00,46.72,49.31,127.26,168.21,50.35,247342317546.96,45.84,0.00,928.88,222.64,214.38,206.30,183.18,146.41,237.80,300.00,132.00,245.00,1.25,0.29,0.31,6006023655.00,1440080888.00,1527791078.00
[object Object],SAP,SAP SE,XETR,188.00,stock,common,100.00,2.00,false,0.00,EUR,0.77,1518858.00,0.65,249680298386.23,USD,27.56,7.79,22.75,1.34,Technology services,germany,Technology Services,Buy,Buy,0.77,4.44,4.95,38.44,16.77,-9.57,-12.66,51.83,137.01,11042.31,2.88,2.73,Buy,Buy,StrongBuy,Strong buy,Neutral,Neutral,60.17,2.42,2.08,65.28,75.42,68.30,0.00,187.12,0.30,0.51,598.00,1.06,1518858.00,-21.01,186.44,-0.83,607928.00,-18.89,27.56,1.20,5.66,4.85,23.26,25.25,20.72,249603498296.23,5.72,20.12,18.02,183.60,183.44,169.29,157.60,167.11,234.59,334.63,150.00,231.93,8.28,2.00,2.09,47258018548.16,11248666173.26,11577615157.38
[object Object],GEV,GE Vernova Inc.,NYSE,924.93,stock,common,100.00,1.00,false,0.00,USD,-0.02,3235453.00,1.59,246339932372.74,USD,26.48,34.93,735.94,0.19,Producer manufacturing,america,Producer Manufacturing,Buy,Buy,-0.02,-1.78,-11.65,-15.22,5.37,39.89,50.05,704.29,704.29,704.29,3.73,3.56,Sell,Sell,Sell,Sell,Neutral,Neutral,46.19,2.99,-52.95,24.50,37.10,30.38,0.00,965.45,4.36,1.37,31161.00,3.99,3235453.00,-9.25,927.06,0.23,340547.00,51.65,26.48,0.04,6.04,20.60,17.66,20.08,19.03,237226932372.74,5.74,107.78,69.69,929.49,961.38,986.22,1012.89,900.14,1214.37,1450.00,470.00,1250.00,30.65,3.17,4.07,46286812006.00,10789499343.00,12003654152.00
[object Object],TMO,Thermo Fisher Scientific Inc.,NYSE,658.32,stock,common,100.00,1.00,false,0.00,USD,1.53,4199517.00,2.12,243412029210.81,USD,35.41,18.59,7.60,0.28,Health technology,america,Health Technology,Buy,Buy,1.53,10.37,11.79,42.61,40.35,13.60,36.31,10.26,338.38,52222.03,2.56,2.55,StrongBuy,Strong buy,StrongBuy,Strong buy,Buy,Buy,71.95,49.78,23.87,203.67,94.22,74.72,spinning_top_white,656.50,1.24,0.57,2363.00,1.28,4199517.00,45.81,659.01,0.10,523466.00,20.61,35.41,4.59,5.19,4.62,27.10,33.37,59.94,282014029210.81,6.09,31.88,23.93,621.57,613.20,588.36,531.82,537.60,653.56,750.00,575.00,650.00,25.11,5.72,6.41,47877695451.00,11706053451.00,11953375658.00
[object Object],NESN,Nestle S.A.,SIX,78.33,stock,common,100.00,1.00,false,0.00,CHF,0.86,2710394.00,0.93,241808259264.01,USD,27.13,3.57,-27.91,3.99,Consumer non-durables,switzerland,Consumer Non-Durables,Buy,Buy,0.86,0.86,-0.48,-0.62,2.01,0.14,8.64,-31.98,1.14,108.88,1.53,1.34,Sell,Sell,StrongSell,Strong sell,Buy,Buy,46.41,0.49,-1.21,-37.49,16.52,20.81,doji,0.00,0.00,0.00,0.00,0.82,2710394.00,-39.13,78.33,0.00,1414912.00,6.56,27.13,0.00,2.26,6.89,12.31,16.10,32.86,310788601764.01,2.84,17.96,14.28,78.36,79.14,80.56,80.18,79.12,106.29,121.05,83.52,108.94,5.65,2.56,2.86,113174379216.24,53267399115.83,56569382875.12
[object Object],SNDK,Sandisk Corporation,NASDAQ,1614.39,stock,common,100.00,1.00,false,0.00,USD,6.21,8435500.00,0.87,236377375101.90,USD,22.15,72.89,0.00,0.00,Electronic technology,america,Electronic Technology,Buy,Buy,6.21,-6.44,-3.76,-21.05,108.93,560.69,1678.45,4504.65,4504.65,4504.65,5.09,5.56,Buy,Buy,StrongBuy,Strong buy,Buy,Buy,52.85,60.99,66.69,19.76,32.14,32.05,rising_window_bullish,1565.00,2.96,0.87,229862.00,2.93,8435500.00,13.70,1614.00,-0.02,573770.00,2922.00,22.15,0.00,11.79,14.98,21.72,22.05,53.23,231816375101.90,11.45,18.59,18.37,1634.03,1537.07,1505.53,1579.87,1060.33,2263.88,3600.00,1400.00,2200.00,212.62,34.96,46.12,48913892024.00,8478519811.00,10636460049.00
[object Object],TXN,Texas Instruments Incorporated,NASDAQ,258.14,stock,common,100.00,1.00,false,0.00,USD,-0.97,6516262.00,1.35,235745768430.90,USD,39.27,6.57,20.16,2.18,Electronic technology,america,Electronic Technology,Buy,Buy,-0.97,0.54,-6.50,-17.56,36.93,47.54,45.15,30.83,268.93,23699.93,3.80,2.77,Sell,Sell,StrongSell,Strong sell,Neutral,Neutral,42.96,3.34,-4.38,-0.26,50.07,58.26,0.00,265.07,1.69,0.82,2501.00,1.68,6516262.00,78.62,257.59,-0.21,2105599.00,27.36,39.27,1.97,12.33,13.09,27.40,44.35,33.92,242796768430.90,12.48,32.79,25.27,260.60,266.31,274.73,286.30,243.43,333.62,400.00,225.00,342.50,8.51,1.94,2.42,21939093670.00,5257966885.00,5916333280.00
[object Object],OR,L'Oreal S.A.,EURONEXT,380.10,stock,common,100.00,5.00,false,0.00,EUR,-0.47,246575.00,0.87,232579185711.15,USD,32.24,13.46,3.14,1.89,Consumer non-durables,france,Consumer Non-Durables,Buy,Buy,-0.47,-0.04,3.01,-1.46,8.38,3.87,0.40,0.56,130.64,11190.14,1.82,1.87,Sell,Sell,Sell,Sell,Neutral,Neutral,47.42,1.60,-3.27,-32.64,38.56,41.81,0.00,0.00,0.00,0.00,0.00,0.76,246575.00,-16.36,380.10,0.00,159838.00,-4.50,32.24,10.33,4.50,5.98,22.61,26.95,50.20,247150913832.15,4.77,23.21,19.49,382.12,383.07,382.76,378.82,375.41,488.23,534.73,395.23,499.85,16.05,8.56,7.33,55286589007.03,27234021297.09,26568111181.85
[object Object],MC,LVMH Moet Hennessy Louis Vuitton SE,EURONEXT,412.30,stock,common,100.00,5.00,false,0.00,EUR,0.33,470837.00,0.75,231934339481.08,USD,18.79,25.06,-0.26,3.16,Consumer non-durables,france,Consumer Non-Durables,Buy,Buy,0.33,0.81,-7.26,-19.27,-11.33,-35.73,-19.17,-32.96,180.19,2302.41,2.33,2.22,Sell,Sell,StrongSell,Strong sell,Neutral,Neutral,35.49,-18.75,-36.75,-83.19,10.87,12.71,spinning_top_black,0.00,0.00,0.00,0.00,0.45,470837.00,-23.29,412.30,0.00,216921.00,-14.50,18.79,0.00,2.55,2.99,10.94,13.55,16.72,261753407261.08,2.88,13.20,9.57,416.70,442.49,457.49,468.81,506.83,625.96,739.34,481.43,636.18,26.27,12.27,13.03,94697385749.59,43985108496.29,47961465159.62
[object Object],SIE,Siemens AG,XETR,266.60,stock,common,100.00,5.00,false,0.00,EUR,2.34,976982.00,1.04,227614620373.97,USD,26.34,11.56,-18.65,2.05,Producer manufacturing,germany,Producer Manufacturing,Buy,Buy,2.34,0.64,-5.12,-3.72,25.84,11.57,18.07,76.77,156.35,1724.41,1.78,1.89,Sell,Sell,Sell,Sell,Neutral,Neutral,45.02,-4.00,-14.85,-61.04,13.22,10.85,0.00,262.30,0.69,0.31,2534.00,0.92,976982.00,0.90,266.15,-0.17,467221.00,17.99,26.34,0.00,2.51,2.98,16.49,20.55,19.03,280219243213.97,3.02,24.15,17.96,265.04,275.58,274.98,272.10,255.11,355.64,406.93,269.37,361.08,13.17,2.95,3.20,97486388651.93,23544924579.79,26056794674.26
[object Object],IBM,International Business Machines Corporation,NYSE,237.75,stock,common,100.00,1.00,false,0.00,USD,0.11,5900697.00,1.13,223992458641.51,USD,21.10,11.27,82.73,2.84,Technology services,america,Technology Services,Buy,Buy,0.11,-0.18,3.49,-5.42,-4.52,-20.10,-7.67,85.89,61.32,3124.11,3.15,2.54,Neutral,Neutral,Sell,Sell,Neutral,Neutral,50.31,6.05,8.24,58.20,53.31,71.56,long_upper_shadow_bearish,238.83,0.57,0.95,52618.00,0.46,5900697.00,-4.55,237.80,0.02,982056.00,-3.09,21.10,0.25,3.28,6.50,15.22,16.44,27.72,281176458641.51,4.07,19.46,14.31,239.16,235.97,233.50,246.35,260.00,245.76,350.00,174.00,245.00,12.31,2.95,2.88,70358694454.00,17463936296.00,16813421075.00
[object Object],C,Citigroup Inc.,NYSE,132.70,stock,common,100.00,1.00,false,0.00,USD,-0.19,11699792.00,1.31,222595853947.73,USD,14.32,9.26,36.97,1.86,Finance,america,Finance,Buy,Buy,-0.19,-3.53,-3.35,-9.41,21.08,13.22,32.05,90.20,184.76,676.20,4.01,2.47,Sell,Sell,StrongSell,Strong sell,Sell,Sell,43.15,-1.64,0.46,-50.36,33.81,46.69,0.00,134.79,1.38,0.79,20218.00,1.69,11699792.00,23.73,132.88,0.14,1948118.00,27.42,14.32,0.39,2.48,1.16,5.05,5.85,0.00,1015732853947.73,5.77,0.00,0.00,136.57,135.14,134.56,133.63,124.62,155.91,176.00,135.00,157.00,11.19,2.74,2.68,95926763298.00,23740615294.00,23742504759.00
[object Object],KLAC,KLA Corporation,NASDAQ,168.98,stock,common,100.00,1.00,false,0.00,USD,0.97,9890478.00,1.07,220780271115.47,USD,46.07,3.67,20.66,0.40,Electronic technology,america,Electronic Technology,Buy,Buy,0.97,-4.35,-13.55,-32.88,11.79,34.14,70.62,351.34,2310.90,146044.11,3.64,3.70,Sell,Sell,StrongSell,Strong sell,Neutral,Neutral,38.55,-3.28,-14.02,-89.73,8.87,13.72,0.00,172.71,3.20,1.15,80755.00,3.37,9890478.00,47.37,169.62,0.38,3401807.00,99.91,46.07,2.21,16.21,34.78,53.63,58.99,45.33,222029576115.47,16.36,39.25,36.69,176.17,185.06,193.80,202.45,173.98,239.00,325.00,180.00,247.50,5.49,1.00,1.18,18124560383.00,3607908304.00,4037897428.00
[object Object],SAN,"Banco Santander, S.A.",BME,12.95,stock,common,1000.00,2.00,false,0.00,EUR,2.06,21154863.00,1.27,211515115323.07,USD,11.91,1.24,29.39,1.53,Finance,spain,Finance,StrongBuy,Strong buy,2.06,2.18,2.11,9.65,35.85,28.88,53.79,311.89,248.49,673.93,1.85,1.83,StrongBuy,Strong buy,StrongBuy,Strong buy,Buy,Buy,58.24,0.05,0.05,126.21,64.60,62.78,0.00,0.00,0.00,0.00,0.00,0.08,21154863.00,18.41,0.00,0.00,0.00,57.73,11.91,0.40,2.87,1.74,0.00,0.00,0.00,577625363772.94,4.09,0.00,0.00,12.80,12.72,12.49,11.78,10.99,15.89,18.46,13.85,16.15,1.22,0.27,0.28,74877063336.58,17883137849.59,18784248309.89
[object Object],LIN,Linde plc,NASDAQ,458.48,stock,common,100.00,1.00,false,0.00,USD,-0.78,2188803.00,1.21,211350183720.68,USD,29.60,15.49,10.10,1.34,Process industries,america,Process Industries,Buy,Buy,-0.78,-1.49,-4.81,-11.16,-6.98,7.55,-3.25,48.21,289.37,5139.77,1.46,1.39,StrongSell,Strong sell,StrongSell,Strong sell,Sell,Sell,29.66,-28.97,-17.79,-113.81,8.29,10.44,0.00,463.50,0.31,-0.15,582.00,-0.17,2188803.00,63.50,458.25,-0.05,612306.00,0.93,29.60,2.95,6.06,5.41,20.30,42.81,43.48,236014183720.68,6.66,24.57,17.57,467.06,479.44,491.00,501.38,482.62,546.83,612.00,400.00,551.50,17.88,4.49,4.52,36322913912.00,9015893813.00,9160986910.00
[object Object],MRVL,"Marvell Technology, Inc.",NASDAQ,240.76,stock,common,100.00,1.00,false,0.00,USD,4.81,20880655.00,1.15,211122456049.01,USD,79.28,3.04,0.00,0.10,Electronic technology,america,Electronic Technology,StrongBuy,Strong buy,4.81,5.58,9.18,-21.18,170.82,177.57,249.64,281.31,1759.15,1927.45,4.25,5.02,StrongBuy,Strong buy,StrongBuy,Strong buy,Buy,Buy,56.78,34.28,7.41,93.32,59.29,49.22,"rising_window_bullish,long_upper_shadow_bearish",240.06,4.51,1.87,440019.00,4.51,20880655.00,27.50,240.90,0.06,2934171.00,231.27,79.28,0.00,22.39,11.39,100.80,128.19,56.39,212695756049.01,22.51,133.91,74.64,226.69,225.18,215.93,222.02,157.65,292.66,400.00,220.00,295.00,4.21,0.93,1.10,12046586652.00,2721347782.00,3151296227.00
[object Object],AXP,American Express Company,NYSE,311.17,stock,common,100.00,1.00,false,0.00,USD,-0.40,4516827.00,1.79,210136150036.74,USD,18.88,16.48,15.72,1.13,Finance,america,Finance,Buy,Buy,-0.40,-2.95,-7.57,-10.16,5.49,-15.79,-5.39,92.59,391.04,9121.41,2.10,1.60,StrongSell,Strong sell,StrongSell,Strong sell,Neutral,Neutral,31.06,-18.81,-13.25,-175.95,16.05,26.60,0.00,316.13,1.18,0.73,19198.00,1.17,4516827.00,-2.69,312.40,0.40,1152672.00,-5.00,18.88,1.21,2.52,6.13,11.35,13.91,4.67,223942150036.74,2.66,9.89,9.13,322.51,332.05,337.59,330.48,335.81,378.67,450.00,315.00,383.00,17.65,4.40,4.56,79512339479.00,19696657233.00,20136774108.00
[object Object],AMGN,Amgen Inc.,NASDAQ,379.78,stock,common,100.00,1.00,false,0.00,USD,0.91,3234370.00,1.12,205321231522.39,USD,23.59,16.10,31.70,2.64,Health technology,america,Health Technology,Neutral,Neutral,0.91,-2.08,-9.93,10.28,9.13,15.52,38.54,74.83,120.05,110382.42,1.97,2.07,Sell,Sell,Sell,Sell,Neutral,Neutral,35.40,-63.06,-33.76,-94.44,3.60,3.17,spinning_top_white,379.00,0.70,0.44,6352.00,0.74,3234370.00,34.66,379.78,0.00,770033.00,53.34,23.59,0.74,5.36,17.57,16.56,20.30,14.77,248636231522.39,6.51,19.54,14.30,393.89,416.74,399.83,371.25,360.11,395.39,530.00,225.00,400.00,23.08,5.62,5.79,38956796164.00,9426191280.00,10046661140.00
[object Object],TTE,TotalEnergies SE,EURONEXT,79.63,stock,common,100.00,1.00,false,0.00,EUR,-0.50,2946465.00,0.89,204771945210.35,USD,11.46,7.93,34.63,4.25,Energy minerals,france,Energy Minerals,Buy,Buy,-0.50,1.05,3.68,11.86,2.12,43.09,51.97,110.02,92.48,3163.52,1.76,1.59,Buy,Buy,StrongBuy,Strong buy,Sell,Sell,61.72,1.61,2.78,105.04,85.55,90.13,spinning_top_black,0.00,0.00,0.00,0.00,-0.29,2946465.00,-29.06,79.63,0.00,1444876.00,45.01,11.46,0.33,1.07,1.58,6.28,12.62,6.48,238395063132.38,1.24,8.71,5.90,78.62,77.02,75.53,75.01,70.38,97.21,110.65,83.01,97.76,11.39,2.66,3.14,213409574351.23,56757640983.00,54178486487.00
[object Object],VZ,Verizon Communications Inc.,NYSE,48.33,stock,common,100.00,1.00,false,0.00,USD,-2.87,28681284.00,1.55,200800287855.81,USD,12.59,3.84,-10.79,5.62,Communications,america,Communications,Buy,Buy,-2.87,-3.36,-0.49,5.56,-2.83,18.54,10.17,-10.73,-6.86,497.70,2.34,1.69,Sell,Sell,Sell,Sell,Sell,Sell,43.32,-1.89,1.54,-192.63,41.93,68.20,0.00,49.98,0.44,0.08,36677.00,0.28,28681284.00,17.89,48.44,0.23,7996341.00,13.16,12.59,0.00,1.49,1.93,5.20,9.36,104.61,388607287855.81,2.80,12.31,7.68,50.23,49.32,47.55,46.98,46.09,50.64,56.00,44.00,51.00,4.99,1.28,1.28,140983660655.00,35162020073.00,34798630971.00
[object Object],CRM,"Salesforce, Inc.",NYSE,242.85,stock,common,100.00,1.00,false,0.00,USD,-3.07,16392105.00,1.32,199865544643.61,USD,22.13,10.97,59.33,0.68,Technology services,america,Technology Services,Buy,Buy,-3.07,-1.02,25.12,59.01,25.69,-8.36,1.20,-6.33,229.24,6376.00,3.14,3.68,Buy,Buy,Buy,Buy,Sell,Sell,56.62,-14.08,29.95,7.88,46.79,66.94,0.00,245.00,-2.21,1.22,179922.00,-2.54,16392105.00,73.79,243.57,0.30,2108482.00,-11.76,22.13,0.38,4.68,5.21,12.66,13.16,17.48,230838544643.61,5.25,24.41,17.26,251.61,226.34,205.42,189.51,201.54,283.21,400.00,160.00,292.50,16.70,3.27,3.44,46282833416.00,11330308111.00,11468598776.00
[object Object],QCOM,QUALCOMM Incorporated,NASDAQ,188.71,stock,common,100.00,1.00,false,0.00,USD,2.09,12314301.00,0.96,198189632836.08,USD,21.84,8.64,-16.67,1.94,Electronic technology,america,Electronic Technology,Neutral,Neutral,2.09,9.63,19.52,-14.50,43.71,8.58,14.59,36.93,200.11,35993.40,5.06,3.75,Buy,Buy,StrongBuy,Strong buy,Neutral,Neutral,67.90,18.75,17.10,149.52,86.64,85.65,0.00,190.00,2.79,0.63,205789.00,2.98,12314301.00,26.71,188.66,-0.03,2661444.00,2.13,21.84,0.00,4.48,7.21,16.27,19.37,24.29,205155632836.08,4.66,19.81,17.20,178.81,168.65,168.79,187.01,168.50,202.20,400.00,100.00,180.00,10.54,2.23,2.17,43034544733.00,9694904465.00,10147172854.00
[object Object],ALV,Allianz SE,XETR,451.10,stock,common,10.00,1.00,false,0.00,EUR,0.42,423571.00,1.06,194991275515.33,USD,14.86,34.68,16.40,3.81,Finance,germany,Finance,Neutral,Neutral,0.42,2.85,2.55,12.78,26.57,15.64,29.96,133.32,243.43,286.40,1.08,1.11,Buy,Buy,StrongBuy,Strong buy,Sell,Sell,59.63,-2.20,1.97,65.66,69.42,58.58,spinning_top_white,447.50,-0.38,-0.71,107.00,0.18,423571.00,-12.66,450.00,-0.24,221572.00,25.65,14.86,0.90,1.11,2.98,0.00,0.00,0.00,232123545895.33,1.32,0.00,0.00,445.17,444.20,437.43,414.44,394.28,509.29,784.05,372.54,518.11,35.90,8.04,10.03,223703554224.73,23002649596.02,45735492906.55
[object Object],APH,Amphenol Corporation Class A,NYSE,78.37,stock,common,100.00,1.00,false,0.00,USD,1.44,8539024.00,0.79,193257842348.21,USD,39.24,2.00,59.36,0.59,Electronic technology,america,Electronic Technology,StrongBuy,Strong buy,1.44,-2.04,-5.12,-5.19,20.44,14.31,31.59,311.82,902.17,108346.95,3.17,2.83,Sell,Sell,Sell,Sell,Neutral,Neutral,45.82,-1.67,-1.93,-74.16,11.79,19.53,0.00,78.80,1.99,1.08,23971.00,2.07,8539024.00,-4.05,78.50,0.17,2189930.00,50.84,39.24,0.65,6.87,12.47,34.41,42.87,37.29,206780542348.21,7.13,25.34,21.85,80.40,80.98,80.02,76.71,73.34,100.41,115.00,90.00,99.50,2.64,0.59,0.71,35375552129.00,8258209145.00,9394868224.00
[object Object],ITX,"Industria de Diseno Textil, S.A.",BME,52.40,stock,common,100.00,2.00,false,0.00,EUR,-0.72,2013851.00,1.02,188302161893.32,USD,25.47,2.37,8.85,2.63,Retail trade,spain,Retail Trade,Buy,Buy,-0.72,-4.06,-6.76,-6.83,2.30,-7.26,13.89,66.77,63.75,1314.69,1.59,1.69,Sell,Sell,StrongSell,Strong sell,Sell,Sell,29.28,-4.40,-3.61,-133.56,2.07,2.78,0.00,0.00,0.00,0.00,0.00,0.04,2013851.00,-16.16,0.00,0.00,0.00,39.43,25.47,2.90,3.99,9.14,0.00,0.00,0.00,183486681623.32,3.86,19.02,13.53,54.61,56.77,56.30,54.89,54.64,70.72,77.69,62.62,70.74,2.58,0.62,0.74,50962722824.83,12593338449.30,12162349867.59
[object Object],GILD,"Gilead Sciences, Inc.",NASDAQ,150.89,stock,common,100.00,1.00,false,0.00,USD,2.17,7842210.00,1.53,187096812459.38,USD,0.00,-2.66,-152.84,2.18,Health technology,america,Health Technology,Buy,Buy,2.17,4.01,7.78,19.90,7.45,23.19,35.49,113.03,91.36,27891.16,2.33,2.20,StrongBuy,Strong buy,StrongBuy,Strong buy,Buy,Buy,63.49,1.28,4.07,96.10,55.67,40.12,0.00,148.71,0.70,-0.08,1119.00,0.74,7842210.00,51.15,150.89,0.00,1885917.00,32.92,0.00,0.00,6.01,15.83,13.84,14.49,38.42,208376812459.38,6.82,17.47,14.21,147.43,144.10,139.25,134.48,135.16,159.76,180.00,123.00,165.00,-0.44,-7.25,2.12,30702170803.00,7398662965.00,7765691282.00
[object Object],DE,Deere & Company,NYSE,685.63,stock,common,100.00,1.00,false,0.00,USD,2.41,1232178.00,0.98,184863252669.47,USD,38.11,17.99,-5.94,0.97,Producer manufacturing,america,Producer Manufacturing,Buy,Buy,2.41,1.57,13.53,15.13,20.59,47.13,45.39,95.05,744.37,30874.65,2.54,2.94,Buy,Buy,StrongBuy,Strong buy,Neutral,Neutral,61.38,-12.74,39.52,53.05,70.49,70.23,0.00,678.10,1.29,0.27,667.00,0.92,1232178.00,41.28,685.63,0.00,227661.00,41.43,38.11,0.00,3.78,6.60,25.62,57.48,18.06,238816252669.47,4.98,24.92,20.01,682.02,645.26,628.28,604.14,576.19,696.54,813.00,500.00,729.00,18.12,4.69,4.07,41431378088.00,10814673286.00,10416295167.00
[object Object],NOVO_B,Novo Nordisk A/S Class B,OMXCOP,279.35,stock,common,100.00,5.00,false,0.00,DKK,2.48,5230534.00,1.40,184763627719.24,USD,10.67,3.99,5.13,4.29,Health technology,denmark,Health Technology,Neutral,Neutral,2.48,-2.85,-3.34,-3.54,15.91,-15.09,-23.88,-13.86,80.23,32072.25,2.81,2.48,Sell,Sell,StrongSell,Strong sell,Buy,Buy,38.70,-22.20,-17.51,-124.13,7.32,5.94,0.00,0.00,0.00,0.00,0.00,0.29,5230534.00,25.82,0.00,0.00,0.00,-18.13,10.67,2.03,3.67,5.58,9.49,16.62,27.55,199311298219.24,3.97,8.75,7.70,284.98,294.60,304.97,299.19,298.12,49.20,70.97,31.06,47.37,3.47,0.77,0.76,46770849680.20,10873328481.14,11133385970.36
[object Object],STX,Seagate Technology Holdings PLC,NASDAQ,803.13,stock,common,100.00,1.00,false,0.00,USD,2.55,5308014.00,1.49,182626154950.13,USD,57.89,13.87,104.84,0.38,Electronic technology,america,Electronic Technology,Buy,Buy,2.55,-6.67,-13.60,-29.14,85.27,184.83,281.72,853.38,2052.01,6883.74,5.70,5.16,Sell,Sell,Sell,Sell,Neutral,Neutral,45.45,-5.41,-44.38,-67.84,16.57,19.31,0.00,806.06,2.92,1.36,30891.00,3.30,5308014.00,56.07,801.97,-0.14,945049.00,410.42,57.89,0.54,14.90,84.05,50.71,60.01,109.28,184819154950.13,15.16,43.73,41.05,829.44,845.97,843.96,850.10,616.38,1157.73,1600.00,860.00,1165.00,35.99,5.10,7.36,18723177010.00,3498370102.00,4118998265.00
[object Object],PEP,"PepsiCo, Inc.",NASDAQ,133.66,stock,common,100.00,1.00,false,0.00,USD,-0.51,10550569.00,1.27,182431390176.24,USD,17.53,7.62,39.01,4.28,Consumer non-durables,america,Consumer Non-Durables,Neutral,Neutral,-0.51,-2.79,-4.77,-5.24,-12.33,-6.68,-4.64,-13.90,27.30,17777.04,1.41,1.32,StrongSell,Strong sell,StrongSell,Strong sell,Neutral,Neutral,32.75,-6.86,-3.52,-144.46,6.39,5.55,0.00,134.72,0.28,0.20,19847.00,0.33,10550569.00,53.24,133.78,0.09,1814327.00,-7.26,17.53,0.45,1.90,8.26,13.60,19.71,17.08,225101390176.24,2.32,14.94,11.59,136.56,139.21,138.77,142.75,148.34,155.00,183.00,124.00,155.00,8.55,2.19,2.30,99005318955.00,23946759247.00,25002872336.00
[object Object],DIS,Walt Disney Company,NYSE,105.35,stock,common,100.00,1.00,false,0.00,USD,-1.53,7814000.00,1.04,181906460192.52,USD,21.73,4.85,-23.99,1.40,Consumer services,america,Consumer Services,StrongBuy,Strong buy,-1.53,1.60,1.11,3.49,6.40,-7.13,-8.58,-41.39,14.36,113291.74,2.14,1.99,Sell,Sell,Sell,Sell,Sell,Sell,49.27,-2.63,1.71,-63.97,46.37,50.22,engulfing_bearish,107.15,0.15,0.06,9736.00,0.56,7814000.00,-22.70,105.50,0.14,1468855.00,-13.75,21.73,0.00,1.88,1.66,10.81,22.14,35.41,229572460192.52,2.32,15.01,11.02,106.14,106.34,102.58,102.14,104.05,127.54,144.00,88.00,130.00,6.91,1.86,1.68,101445448969.00,25391872575.00,25115751165.00
[object Object],SCHW,Charles Schwab Corp,NYSE,104.63,stock,common,100.00,1.00,false,0.00,USD,-0.50,7424617.00,1.05,180940399897.60,USD,19.03,5.50,48.05,1.17,Finance,america,Finance,Buy,Buy,-0.50,-2.46,-6.02,10.63,11.18,4.87,14.89,48.88,241.04,28791.26,2.41,1.93,Sell,Sell,Sell,Sell,Sell,Sell,39.90,-3.61,-2.06,-170.63,22.52,22.45,0.00,105.16,0.00,-0.15,4039.00,0.13,7424617.00,-23.15,104.63,0.00,1832073.00,7.32,19.03,0.40,6.23,4.12,0.00,0.00,2.95,162684399897.60,5.54,11.14,10.20,107.25,108.97,106.72,98.91,98.04,124.11,145.00,91.00,126.00,6.50,1.56,1.67,28241487941.00,6895725187.00,7215919290.00
[object Object],SU,Schneider Electric SE,EURONEXT,287.10,stock,common,100.00,5.00,false,0.00,EUR,2.76,852452.00,1.23,180858356144.88,USD,34.65,9.46,9.59,1.50,Producer manufacturing,france,Producer Manufacturing,Buy,Buy,2.76,-1.39,-5.92,-0.64,16.23,22.64,24.83,91.63,386.61,1259.02,2.68,2.36,Buy,Buy,Buy,Buy,Neutral,Neutral,48.86,-0.25,-14.73,-49.98,35.28,25.95,0.00,0.00,0.00,0.00,0.00,0.93,852452.00,27.40,287.10,0.00,544513.00,36.88,34.65,3.51,3.78,6.60,22.58,26.42,36.18,198000823994.88,4.12,22.75,18.62,286.52,294.53,286.58,279.90,264.05,386.67,426.94,340.39,389.09,11.97,5.06,6.57,52636163385.02,23690638531.65,27461844910.17
[object Object],TMUS,"T-Mobile US, Inc.",NASDAQ,166.45,stock,common,100.00,1.00,false,0.00,USD,-5.57,6846281.00,1.66,178546187392.21,USD,17.42,9.56,-9.89,2.31,Communications,america,Communications,Buy,Buy,-5.57,-6.66,-9.15,-8.24,-19.35,-17.70,-30.33,29.15,253.70,231.57,3.74,2.51,StrongSell,Strong sell,StrongSell,Strong sell,Sell,Sell,33.65,-20.85,-0.77,-276.72,19.06,34.56,marubozu_black_bearish,176.64,0.22,0.41,2446.00,0.20,6846281.00,29.07,166.70,0.15,913153.00,-32.15,17.42,0.00,2.07,3.18,6.25,11.38,58.27,294893187392.21,3.20,15.11,8.69,179.41,180.45,181.48,183.81,193.34,241.22,285.00,169.00,235.00,10.90,2.59,2.89,94393318253.00,22945637232.00,23156542772.00
[object Object],AIR,Airbus SE,EURONEXT,195.50,stock,common,100.00,2.00,false,0.00,EUR,-0.40,975693.00,1.14,177118362303.93,USD,26.00,8.59,20.51,1.63,Electronic technology,france,Electronic Technology,Buy,Buy,-0.40,-0.61,-8.43,2.22,18.34,-0.82,1.21,76.44,268.87,267.14,1.74,1.91,Sell,Sell,Sell,Sell,Sell,Sell,41.11,-1.50,-8.05,-56.49,20.34,18.97,0.00,0.00,0.00,0.00,0.00,1.06,975693.00,2.59,195.50,0.00,469931.00,8.91,26.00,1.27,2.01,5.98,17.01,30.97,12.55,179491141203.93,2.04,25.30,16.67,197.14,203.39,203.34,192.93,189.75,271.10,302.25,232.50,279.00,8.56,2.32,2.14,94948429843.89,23208936886.78,22639346153.90
[object Object],ABT,Abbott Laboratories,NYSE,102.23,stock,common,100.00,1.00,false,0.00,USD,-0.13,8423639.00,1.12,176897085893.56,USD,33.04,3.09,-61.31,2.42,Health technology,america,Health Technology,Buy,Buy,-0.13,-2.80,-9.09,15.33,-4.49,-18.02,-22.97,-19.36,149.65,61989.66,2.23,2.23,Sell,Sell,StrongSell,Strong sell,Neutral,Neutral,36.32,-8.24,-6.48,-107.95,8.27,7.03,0.00,102.70,0.33,0.01,1491.00,-0.21,8423639.00,61.07,102.23,0.00,2106193.00,-17.62,33.04,0.00,3.83,3.46,17.99,22.77,31.80,204554085893.56,4.39,26.70,18.42,104.29,109.31,105.85,97.50,105.33,120.75,135.00,103.00,120.00,5.52,1.28,1.42,50307191036.00,12519490695.00,12990793133.00
[object Object],MCD,McDonald's Corporation,NYSE,248.48,stock,common,100.00,1.00,false,0.00,USD,-0.03,4939433.00,1.05,175834753097.20,USD,20.18,12.31,5.46,2.96,Consumer services,america,Consumer Services,Buy,Buy,-0.03,-2.57,-7.10,-12.62,-19.79,-18.61,-18.50,3.59,116.30,92793.19,1.62,1.46,StrongSell,Strong sell,StrongSell,Strong sell,Neutral,Neutral,31.82,-12.47,-12.01,-125.30,3.76,8.53,0.00,250.20,0.66,0.50,34634.00,0.70,4939433.00,-30.76,248.93,0.18,838371.00,-18.00,20.18,3.70,6.38,0.00,15.57,22.77,214.96,229604753097.20,8.29,18.13,15.38,253.75,263.84,265.97,272.72,293.75,309.53,390.00,250.00,305.00,12.91,3.32,3.40,28212242527.00,7128733600.00,7323792526.00
[object Object],ADI,"Analog Devices, Inc.",NASDAQ,362.65,stock,common,100.00,1.00,false,0.00,USD,0.17,2849820.00,0.88,175727668290.70,USD,43.04,8.43,114.38,1.15,Electronic technology,america,Electronic Technology,StrongBuy,Strong buy,0.17,1.60,-4.91,-14.92,16.55,31.84,48.56,111.58,477.74,324346.43,2.97,2.50,Sell,Sell,StrongSell,Strong sell,Neutral,Neutral,45.79,6.94,-6.28,-1.91,43.30,47.93,0.00,370.00,2.20,0.73,895.00,2.19,2849820.00,-6.98,361.82,-0.23,987422.00,40.62,43.04,0.38,12.75,5.24,31.97,35.90,76.25,182524317290.70,13.15,36.64,26.25,363.41,371.15,373.77,390.93,353.20,477.61,675.00,405.00,467.50,12.87,3.34,3.86,15100897786.00,3919335809.00,4296432456.00
[object Object],T,AT&T Inc,NYSE,25.39,stock,common,100.00,1.00,false,0.00,USD,-1.82,37770956.00,1.01,173982078100.16,USD,8.40,3.02,72.38,4.29,Communications,america,Communications,Buy,Buy,-1.82,0.08,1.40,13.05,-8.78,2.42,-13.43,22.68,-16.61,555.05,2.90,1.99,Neutral,Neutral,Buy,Buy,Sell,Sell,50.23,-0.56,1.10,-44.81,55.97,73.66,0.00,25.86,0.00,-0.19,102121.00,0.46,37770956.00,-0.10,25.43,0.16,6817517.00,-14.32,8.40,0.12,1.41,1.58,4.42,9.99,9.55,336404078100.16,2.64,12.45,7.10,25.87,25.34,24.29,24.03,25.15,28.68,36.00,20.00,29.00,2.34,0.59,0.60,129236273154.00,31795051646.00,31687315250.00
[object Object],BLK,"BlackRock, Inc.",NYSE,1053.96,stock,common,100.00,1.00,false,0.00,USD,1.61,586344.00,1.14,171243403279.13,USD,26.22,40.20,-2.84,2.11,Finance,america,Finance,StrongBuy,Strong buy,1.61,-1.07,-8.27,-1.84,8.63,-1.63,-5.98,20.04,190.64,7428.29,2.38,1.84,Sell,Sell,StrongSell,Strong sell,Neutral,Neutral,37.65,-53.12,-67.77,-107.11,13.38,10.15,harami_bullish,1050.00,1.23,1.33,339.00,1.43,586344.00,-7.51,1053.96,0.00,108439.00,0.76,26.22,0.00,6.18,2.97,44.78,50.27,16.54,182646403279.13,6.61,19.47,16.82,1077.33,1127.96,1105.30,1070.73,1061.00,1334.19,1488.00,1190.00,1330.00,56.25,12.69,14.28,29071573979.00,6727418976.00,7439401330.00
[object Object],ABBN,ABB Ltd.,SIX,79.52,stock,common,100.00,2.00,false,0.00,CHF,1.61,1951076.00,1.07,170251146140.19,USD,36.27,2.71,11.26,1.20,Producer manufacturing,switzerland,Producer Manufacturing,Neutral,Neutral,1.61,1.14,-3.28,-8.13,20.41,33.42,42.82,133.40,270.20,206.52,1.97,2.10,Buy,Buy,Buy,Buy,Buy,Buy,51.42,2.30,-2.44,59.77,53.76,38.46,0.00,0.00,0.00,0.00,0.00,0.64,1951076.00,9.44,79.52,0.00,896892.00,43.89,36.27,3.17,4.94,11.25,30.41,36.55,30.60,173796635454.77,4.87,27.75,24.43,78.25,79.68,80.04,81.67,73.45,105.49,121.85,86.56,105.83,3.51,0.74,0.80,39800265030.65,9475806545.00,9702677305.00
[object Object],NEE,"NextEra Energy, Inc.",NYSE,81.28,stock,common,100.00,1.00,false,0.00,USD,1.13,9160950.00,0.85,169548319700.93,USD,18.24,4.46,55.30,3.03,Utilities,america,Utilities,Buy,Buy,1.13,-1.84,-6.63,-5.23,-12.36,1.03,15.65,-2.54,165.95,3339.29,1.66,1.46,Sell,Sell,StrongSell,Strong sell,Neutral,Neutral,36.06,-1.82,-2.53,-133.21,15.74,17.35,harami_bullish,80.50,0.16,0.14,11870.00,0.57,9160950.00,-4.81,81.36,0.10,1880229.00,15.63,18.24,0.33,5.99,2.97,12.33,55.82,52.81,287556319700.93,10.24,38.27,19.48,82.31,83.80,85.60,87.49,87.70,102.53,114.00,91.00,102.00,4.03,1.11,1.19,30949564332.00,8108191351.00,8885163777.00
[object Object],UNP,Union Pacific Corporation,NYSE,282.48,stock,common,100.00,1.00,false,0.00,USD,0.56,2166538.00,1.16,167814455399.06,USD,22.88,12.35,7.26,1.98,Transportation,america,Transportation,Buy,Buy,0.56,-0.95,-6.54,9.45,20.51,22.10,30.59,39.24,205.38,29124.84,1.93,1.81,Neutral,Neutral,Sell,Sell,Neutral,Neutral,35.40,-7.25,-11.15,-89.29,5.97,5.23,0.00,283.00,0.74,0.74,100.00,1.01,2166538.00,-18.06,281.85,-0.22,597638.00,31.14,22.88,3.13,6.57,8.12,16.35,25.80,79.30,196867455399.06,7.75,19.43,15.52,285.46,295.07,294.71,281.45,262.63,334.04,375.00,245.00,339.00,13.08,3.26,3.45,26813724636.00,6715495215.00,6960358719.00
[object Object],WELL,Welltower Inc.,NYSE,232.26,stock,common,100.00,1.00,false,0.00,USD,-0.96,2065028.00,0.94,167400218389.66,USD,0.00,-0.55,-145.42,1.31,Finance,america,Finance,Buy,Buy,-0.96,-2.56,-1.47,11.38,13.27,25.13,40.48,166.66,216.52,3383.88,2.38,1.91,Sell,Sell,Sell,Sell,Neutral,Neutral,42.35,-6.33,-1.32,-139.15,25.91,21.74,0.00,234.50,0.00,0.19,67516.00,0.37,2065028.00,-3.32,232.00,-0.11,693691.00,54.66,0.00,0.00,13.58,3.60,46.60,68.23,81.73,186273082389.66,14.61,275.78,59.32,235.55,236.28,237.62,226.50,212.23,264.32,292.00,233.00,265.00,2.84,0.62,0.64,14188330478.00,3403253243.00,3630256402.00
[object Object],RMS,Hermes International SCA,EURONEXT,1375.00,stock,common,10.00,5.00,false,0.00,EUR,-0.58,74773.00,0.85,165890661401.15,USD,31.98,49.11,0.76,1.30,Consumer non-durables,france,Consumer Non-Durables,Buy,Buy,-0.58,-2.79,-10.42,-22.10,-22.10,-34.99,-35.42,10.00,289.52,17174.04,2.42,2.40,Sell,Sell,StrongSell,Strong sell,Neutral,Neutral,29.91,-106.50,-135.59,-98.96,5.22,5.36,0.00,0.00,0.00,0.00,0.00,1.05,74773.00,-18.69,1375.00,0.00,42773.00,-24.39,31.98,42.51,9.00,7.57,24.85,30.45,11.73,154400450921.15,8.38,20.11,17.90,1413.90,1520.63,1563.36,1596.84,1779.85,2162.15,2495.85,1888.72,2138.88,52.37,23.89,27.12,19728705319.54,9303791790.00,9940568067.00
[object Object],SHOP,"Shopify, Inc. Class A",NASDAQ,128.60,stock,common,100.00,1.00,false,0.00,USD,-1.05,7019192.00,0.78,165462426091.80,USD,88.59,1.45,-19.90,0.00,Commercial services,america,Commercial Services,Buy,Buy,-1.05,3.68,-13.16,19.31,5.71,-20.71,-13.38,-12.32,2963.36,4492.86,3.42,3.70,Sell,Sell,StrongSell,Strong sell,Sell,Sell,40.60,-13.27,-11.79,-96.35,16.77,19.99,0.00,130.19,0.18,0.78,57656.00,0.22,7019192.00,9.97,128.71,0.09,671082.00,-0.39,88.59,0.00,12.87,13.09,72.07,72.83,33.78,160699148891.80,12.44,69.80,68.96,132.96,144.27,135.97,123.94,130.45,174.21,221.76,119.43,176.87,1.90,0.40,0.47,15222500502.59,3395197524.22,3733825502.94
[object Object],RIO,Rio Tinto plc,LSE,7327.00,stock,common,1.00,1.00,false,0.00,GBX,1.74,1704737.00,0.75,164685734385.99,USD,13.32,7.29,13.27,4.83,Non-energy minerals,uk,Non-Energy Minerals,Neutral,Neutral,1.74,-3.32,3.65,-3.15,14.50,22.22,58.71,48.02,217.81,753.65,2.11,2.24,Neutral,Neutral,Sell,Sell,Buy,Buy,46.43,-284.00,-203.62,-101.95,22.15,16.90,0.00,0.00,0.00,0.00,0.00,0.07,1704737.00,-49.38,7327.00,0.00,1023482.00,66.41,13.32,0.99,2.57,2.42,8.43,28.17,16.78,184422451959.98,3.02,11.32,7.60,7424.50,7467.37,7247.94,7409.01,7021.89,102.89,124.91,88.94,99.94,8.39,4.09,3.89,64404845785.96,31624946429.00,32446259500.00
[object Object],RR.,Rolls-Royce Holdings plc,LSE,1479.80,stock,common,10.00,2.00,false,0.00,GBX,2.72,9857461.00,0.71,160010538924.47,USD,40.93,0.48,-47.06,0.76,Electronic technology,uk,Electronic Technology,StrongBuy,Strong buy,2.72,2.15,-5.27,5.16,23.37,27.57,30.90,1246.25,489.09,2309.04,2.28,2.11,Buy,Buy,StrongBuy,Strong buy,Neutral,Neutral,51.38,-0.40,-64.05,-22.24,29.24,20.27,0.00,0.00,0.00,0.00,0.00,0.54,9857461.00,-72.11,1479.80,0.00,5376337.00,34.66,40.93,0.00,5.20,43.33,24.99,28.80,18.54,156881892524.47,5.11,27.80,22.96,1455.60,1498.95,1468.88,1384.78,1302.88,23.96,27.26,20.44,23.71,0.58,0.24,0.28,31851538284.98,13514949213.62,16749242076.16
[object Object],COP,ConocoPhillips,NYSE,133.19,stock,common,100.00,1.00,false,0.00,USD,0.49,7329257.00,1.21,160006136771.31,USD,17.65,7.55,1.26,2.54,Energy minerals,america,Energy Minerals,Buy,Buy,0.49,-4.01,3.25,21.29,5.46,42.28,41.66,125.48,236.17,6206.57,3.12,2.20,Neutral,Neutral,Buy,Buy,Sell,Sell,52.56,-4.01,6.68,-63.75,53.87,69.08,0.00,130.88,-1.25,-0.10,27796.00,-0.94,7329257.00,-19.01,133.50,0.23,988641.00,32.34,17.65,13.91,2.55,2.45,7.38,16.07,21.03,175604136771.31,2.78,12.57,6.77,135.96,131.36,125.07,120.34,114.67,146.58,189.00,126.00,147.00,10.37,2.90,2.57,70647583674.00,18786707100.00,17404586632.00
[object Object],ETN,Eaton Corp. Plc,NYSE,409.46,stock,common,100.00,1.00,false,0.00,USD,2.93,2602510.00,1.32,159034256620.87,USD,41.66,9.83,-1.12,1.09,Producer manufacturing,america,Producer Manufacturing,Buy,Buy,2.93,-0.13,-7.82,-2.70,13.27,26.69,10.49,159.18,553.98,26551.34,3.05,2.79,Neutral,Neutral,Buy,Buy,Neutral,Neutral,49.21,18.61,-19.16,29.05,33.24,32.01,0.00,416.00,4.58,1.28,12008.00,4.34,2602510.00,43.67,409.01,-0.11,427158.00,13.40,41.66,0.00,5.16,7.85,32.22,40.54,229.47,179710256620.87,5.99,30.79,25.60,407.27,420.80,415.49,410.69,383.87,486.89,534.00,381.62,490.00,13.55,3.07,3.52,32894213426.00,8155364234.00,8476025971.00
[object Object],DTE,Deutsche Telekom AG,XETR,28.30,stock,common,100.00,1.00,false,0.00,EUR,-1.87,6068761.00,1.27,158105575056.76,USD,15.84,2.04,-30.39,3.47,Communications,germany,Communications,StrongBuy,Strong buy,-1.87,1.22,-1.01,5.17,-11.81,1.25,-3.38,61.71,95.17,74.91,1.98,1.86,Sell,Sell,Sell,Sell,Sell,Sell,49.11,-0.45,0.18,-4.02,67.13,73.15,0.00,28.78,-0.21,-0.14,651.00,0.42,6068761.00,31.58,28.27,-0.11,2569591.00,-10.30,15.84,0.00,1.15,2.25,3.34,4.71,25.36,350263985316.76,2.55,11.39,5.95,28.41,28.56,27.98,27.68,28.71,42.48,46.69,37.35,42.02,2.65,0.64,0.70,144234742801.69,34203209410.89,34909679417.10
[object Object],BBVA,"Banco Bilbao Vizcaya Argentaria, S.A.",BME,25.14,stock,common,100.00,1.00,false,0.00,EUR,1.70,7804076.00,1.36,157741156949.27,USD,13.01,2.21,6.81,2.39,Finance,spain,Finance,Neutral,Neutral,1.70,-0.20,0.56,18.03,37.64,26.02,54.71,335.02,373.54,89.92,2.01,1.66,StrongBuy,Strong buy,StrongBuy,Strong buy,Neutral,Neutral,55.58,-0.26,0.12,-14.42,36.67,44.31,0.00,0.00,0.00,0.00,0.00,-0.28,7804076.00,-4.00,0.00,0.00,0.00,53.91,13.01,1.88,2.42,2.35,0.00,0.00,0.00,333893052929.27,3.97,0.00,0.00,25.14,24.95,24.23,22.23,20.92,28.32,33.06,23.89,27.75,2.44,0.59,0.60,49847427977.50,11923694203.44,12243210932.00
[object Object],PFE,Pfizer Inc.,NYSE,27.64,stock,common,100.00,1.00,false,0.00,USD,0.66,29000849.00,0.97,157538965860.97,USD,36.60,0.76,-59.83,6.26,Health technology,america,Health Technology,Neutral,Neutral,0.66,-0.18,1.80,8.05,0.84,10.65,15.26,-37.42,-14.72,6334.88,1.49,1.75,Neutral,Neutral,Buy,Buy,Neutral,Neutral,51.85,-1.38,0.30,-74.80,15.52,15.73,0.00,27.61,0.55,0.00,78115.00,0.58,29000849.00,11.34,27.66,0.07,7557340.00,14.58,36.60,0.00,2.46,1.85,11.75,14.34,13.46,209335965860.97,3.29,12.37,8.90,27.86,27.67,26.55,26.04,26.26,28.57,35.75,25.00,28.00,2.97,0.68,0.76,62246086934.00,14399426006.00,15934502215.00
[object Object],ABI,Anheuser-Busch InBev SA/NV,EURONEXT,68.68,stock,common,100.00,2.00,false,0.00,EUR,-0.52,1868936.00,1.11,156997803412.75,USD,17.25,4.55,23.83,1.17,Consumer non-durables,belgium,Consumer Non-Durables,StrongBuy,Strong buy,-0.52,2.02,3.50,-3.13,13.37,26.53,39.76,41.71,-38.76,259.01,2.06,1.71,Neutral,Neutral,Buy,Buy,Neutral,Neutral,49.73,-0.18,-0.37,110.10,68.35,65.55,0.00,0.00,0.00,0.00,0.00,1.30,1868936.00,-6.17,68.68,0.00,1148265.00,30.30,17.25,0.73,2.58,1.66,9.34,11.77,19.69,229176820154.24,3.74,14.51,10.66,68.30,68.42,69.84,70.00,65.33,95.98,111.91,76.89,95.83,4.63,2.10,0.00,66558210401.82,0.00,0.00
[object Object],SAF,Safran SA,EURONEXT,331.60,stock,common,10.00,1.00,false,0.00,EUR,1.62,542567.00,1.37,155937542932.81,USD,35.60,10.64,-9.86,1.03,Electronic technology,france,Electronic Technology,Buy,Buy,1.62,2.85,-7.37,-0.45,12.41,12.03,16.35,220.26,420.57,2967.53,2.08,2.02,Neutral,Neutral,Neutral,Neutral,Neutral,Neutral,47.29,0.10,-17.22,-25.96,29.10,20.05,0.00,0.00,0.00,0.00,0.00,0.95,542567.00,4.51,331.60,0.00,372073.00,18.01,35.60,0.00,4.04,9.47,20.58,26.34,20.70,154872658102.81,4.04,31.84,23.17,327.70,341.40,339.35,323.50,315.02,444.22,534.00,298.34,452.74,12.21,5.77,6.50,42809535793.83,19939753812.42,21516562413.50
[object Object],BX,Blackstone Inc.,NYSE,125.41,stock,common,100.00,1.00,false,0.00,USD,1.59,3222783.00,0.96,155738757524.33,USD,28.13,4.46,20.33,4.24,Finance,america,Finance,Buy,Buy,1.59,-2.04,-10.11,-1.41,11.34,-19.16,-31.87,-7.37,386.46,249.27,3.00,2.65,Sell,Sell,StrongSell,Strong sell,Neutral,Neutral,36.55,-11.41,-10.75,-112.82,10.94,11.72,0.00,126.00,2.07,0.88,16540.00,2.07,3222783.00,-11.08,125.54,0.10,756061.00,-18.50,28.13,1.36,6.21,17.30,48.34,51.09,36.17,180411455524.33,11.35,21.08,20.95,129.46,137.92,133.94,126.84,130.26,143.43,184.00,119.00,138.00,6.02,1.34,1.36,14479943962.00,3421581961.00,3447806363.00
[object Object],BA,Boeing Company,NYSE,197.00,stock,common,100.00,1.00,false,0.00,USD,-2.46,11756931.00,2.15,155702894213.90,USD,89.72,2.20,0.00,0.00,Electronic technology,america,Electronic Technology,Buy,Buy,-2.46,-4.25,-12.48,-13.50,-2.01,-9.70,-8.62,-6.55,54.43,23423.82,3.48,2.21,StrongSell,Strong sell,StrongSell,Strong sell,Sell,Sell,31.46,-11.87,-11.16,-263.41,24.78,39.54,0.00,202.50,0.27,0.75,121326.00,0.14,11756931.00,-8.70,197.59,0.30,1089620.00,-9.44,89.72,0.00,1.70,25.53,42.80,0.00,7.78,181601894213.90,1.93,0.00,0.00,207.41,215.87,216.74,220.20,221.14,274.94,305.00,230.00,279.69,-1.00,-0.28,-0.19,98114383939.00,24263697215.00,24965035561.00
[object Object],UBSG,UBS Group AG,SIX,41.89,stock,common,100.00,1.00,false,0.00,CHF,0.31,7220592.00,1.35,153062947397.39,USD,17.98,2.88,43.15,2.05,Finance,switzerland,Finance,Neutral,Neutral,0.31,-6.10,-3.19,3.48,41.57,12.31,29.05,169.56,204.21,108.23,2.79,2.06,Sell,Sell,Sell,Sell,Neutral,Neutral,37.51,-2.68,-0.74,-143.65,24.27,29.19,0.00,0.00,0.00,0.00,0.00,0.10,7220592.00,3.43,41.89,0.00,2401793.00,33.29,17.98,0.42,3.01,1.78,0.00,0.00,0.00,335155216562.69,4.24,0.00,0.00,43.61,43.62,43.29,40.67,37.07,53.79,74.35,41.43,52.95,3.80,0.90,0.92,55731660158.17,13401239351.00,13223844963.00
[object Object],IBE,Iberdrola SA,BME,20.52,stock,common,100.00,1.00,false,0.00,EUR,1.38,7083067.00,1.06,152999363580.19,USD,19.11,1.23,32.92,2.72,Utilities,spain,Utilities,Buy,Buy,1.38,2.68,1.89,-1.82,4.37,11.70,31.62,117.60,242.97,520.11,1.76,1.37,StrongBuy,Strong buy,StrongBuy,Strong buy,Buy,Buy,58.64,0.77,-0.09,185.52,79.33,61.71,0.00,0.00,0.00,0.00,0.00,0.25,7083067.00,-32.04,0.00,0.00,0.00,25.65,19.11,0.57,2.94,2.65,0.00,0.00,0.00,230946869850.19,4.47,20.15,12.46,20.02,20.13,20.46,20.35,19.77,24.04,27.25,19.71,24.47,1.19,0.29,0.27,53138014577.46,12062078056.75,12620196321.93
[object Object],WDC,Western Digital Corporation,NASDAQ,423.87,stock,common,100.00,1.00,false,0.00,USD,1.65,7141172.00,1.23,152822481934.39,USD,17.53,24.18,370.63,0.12,Electronic technology,america,Electronic Technology,Buy,Buy,1.65,-9.16,-14.55,-44.53,36.95,139.20,314.64,869.33,924.95,8059.33,5.25,5.17,Sell,Sell,StrongSell,Strong sell,Buy,Buy,40.87,-25.03,-37.56,-112.65,11.86,13.51,spinning_top_black,427.30,2.48,1.78,101542.00,2.47,7141172.00,-6.34,424.05,0.04,1759825.00,471.51,17.53,0.05,12.56,17.26,41.97,46.96,104.42,152434481934.39,11.80,33.17,30.68,445.65,457.26,484.44,511.67,384.48,684.23,1050.00,525.00,668.00,20.33,3.31,4.06,19145800983.00,3700104820.00,4131960655.00
[object Object],IBKR,"Interactive Brokers Group, Inc. Class A",NASDAQ,88.38,stock,common,100.00,1.00,false,0.00,USD,1.89,4359611.00,1.24,150361707007.62,USD,35.19,2.51,31.74,0.38,Finance,america,Finance,Buy,Buy,1.89,-0.76,-4.97,-8.70,30.59,35.12,41.27,473.06,903.75,971.27,3.20,3.01,Sell,Sell,Sell,Sell,Neutral,Neutral,44.09,-0.74,-2.17,-103.95,17.58,18.08,0.00,88.97,2.57,1.44,17549.00,2.28,4359611.00,14.50,88.38,0.00,1286902.00,41.90,35.19,1.09,3.46,6.74,1.81,1.82,0.38,108364707007.62,9.59,11.07,10.96,90.23,91.61,91.66,89.40,79.95,108.72,121.00,94.00,109.50,2.70,0.64,0.69,7435336039.00,1797700333.00,1898344801.00
[object Object],DHR,Danaher Corporation,NYSE,212.50,stock,common,100.00,1.00,false,0.00,USD,1.99,6179009.00,1.96,149384543284.22,USD,37.73,5.63,19.62,0.69,Health technology,america,Health Technology,StrongBuy,Strong buy,1.99,5.03,4.18,21.05,12.15,-7.13,11.13,-26.20,211.02,35571.54,2.75,2.69,Buy,Buy,StrongBuy,Strong buy,Neutral,Neutral,57.68,2.59,-0.92,12.57,58.34,41.76,0.00,210.48,1.02,0.45,735.00,1.02,6179009.00,73.14,215.18,1.26,736649.00,-0.31,37.73,1.89,5.87,2.84,22.66,27.51,34.58,172905543284.22,6.89,32.49,22.02,206.29,208.46,203.52,191.48,202.00,228.27,310.00,195.00,225.00,8.51,1.85,1.91,26341963573.00,6120992495.00,6553552079.00
[object Object],UBER,"Uber Technologies, Inc.",NYSE,70.87,stock,common,100.00,1.00,false,0.00,USD,-0.14,19773517.00,0.97,144756242493.42,USD,15.58,4.55,-22.81,0.00,Transportation,america,Transportation,StrongBuy,Strong buy,-0.14,0.70,-5.74,-1.53,-5.48,-13.62,-26.23,77.62,68.74,68.74,2.25,3.05,StrongSell,Strong sell,StrongSell,Strong sell,Neutral,Neutral,40.26,-5.58,-3.22,-107.06,17.04,19.16,0.00,71.90,1.31,1.08,162811.00,0.89,19773517.00,10.10,70.97,0.14,4435168.00,-20.60,15.58,0.00,2.63,5.29,13.94,14.36,24.01,154518242493.42,2.80,21.00,19.00,72.61,75.39,73.75,73.43,75.75,101.64,150.00,70.00,100.00,3.37,0.80,0.86,57823415063.00,14235232688.00,14679696784.00
[object Object],UCG,UniCredit S.p.A.,MIL,83.68,stock,common,100.00,1.00,false,0.00,EUR,0.92,4753176.00,1.17,143328982091.60,USD,0.00,0.00,0.00,3.50,Finance,italy,Finance,Buy,Buy,0.92,-0.79,-0.97,4.24,34.32,17.58,25.10,695.89,739.73,-36.48,1.78,1.86,Neutral,Neutral,Buy,Buy,Sell,Sell,49.92,-0.96,-0.35,-62.04,37.42,43.84,long_lower_shadow_bullish,0.00,0.00,0.00,0.00,0.86,4753176.00,18.32,83.68,0.00,1748.00,23.82,0.00,0.00,4.91,1.93,0.00,0.00,0.00,354443259341.60,12.19,0.00,0.00,83.91,84.11,83.35,78.92,73.92,112.44,143.08,88.85,111.29,8.66,2.11,2.18,31052518319.22,7412729392.96,7438843508.93
[object Object],NOW,"ServiceNow, Inc.",NYSE,138.47,stock,common,100.00,1.00,false,0.00,USD,-0.97,9839659.00,0.72,143177987499.88,USD,86.47,1.60,0.77,0.00,Technology services,america,Technology Services,StrongBuy,Strong buy,-0.97,5.99,15.89,45.28,24.41,-9.54,-26.09,5.96,789.00,2815.16,4.03,4.14,Buy,Buy,StrongBuy,Strong buy,Neutral,Neutral,56.18,1.75,9.00,23.67,54.58,60.42,0.00,139.28,-0.39,1.27,188018.00,-0.54,9839659.00,-0.16,138.87,0.29,1294476.00,-22.06,86.47,112.80,9.82,11.44,26.98,31.27,30.65,146957987499.88,9.98,73.44,49.27,137.84,132.20,122.13,111.62,117.54,144.34,248.00,72.00,140.00,4.07,0.86,1.02,16211429275.00,3927172702.00,4095629181.00
[object Object],TJX,TJX Companies Inc,NYSE,126.55,stock,common,100.00,1.00,false,0.00,USD,3.02,13309860.00,1.61,139201705426.72,USD,23.41,5.41,23.38,1.47,Retail trade,america,Retail Trade,Buy,Buy,3.02,0.13,-17.32,-23.27,-17.97,-17.42,-9.60,80.79,238.96,71396.77,2.37,2.01,Sell,Sell,StrongSell,Strong sell,Neutral,Neutral,28.99,-4.76,-16.42,-92.23,11.63,7.16,0.00,123.00,0.13,0.34,17224.00,0.59,13309860.00,28.74,126.72,0.13,1830085.00,-4.95,23.41,0.97,2.20,13.08,17.59,24.06,23.54,147514705426.72,2.37,18.99,16.24,127.17,139.35,145.76,151.33,153.77,171.58,198.00,140.00,175.00,5.28,1.19,1.35,64018909685.00,15164146314.00,15860046662.00
[object Object],ISP,Intesa Sanpaolo S.p.A.,MIL,6.81,stock,common,1000.00,1.00,false,0.00,EUR,1.13,37219330.00,1.09,136373516902.53,USD,12.39,0.63,8.03,5.58,Finance,italy,Finance,Buy,Buy,1.13,2.08,-1.10,11.07,33.58,15.10,23.62,191.20,234.02,110.43,1.88,1.52,Buy,Buy,StrongBuy,Strong buy,Sell,Sell,56.92,0.08,-0.04,61.90,70.36,62.14,0.00,0.00,0.00,0.00,0.00,0.70,37219330.00,15.53,6.81,0.00,929.00,24.65,12.39,1.52,3.23,2.00,0.00,0.00,0.00,286952129182.53,5.45,0.00,0.00,6.73,6.78,6.66,6.26,5.97,8.52,9.00,7.68,8.42,0.70,0.16,0.17,33952331498.40,7957863638.15,8258854717.14
[object Object],ISRG,"Intuitive Surgical, Inc.",NASDAQ,383.54,stock,common,100.00,1.00,false,0.00,USD,0.33,2392824.00,0.97,135496264658.94,USD,43.96,8.73,21.75,0.00,Health technology,america,Health Technology,Buy,Buy,0.33,10.32,-2.65,-4.97,-20.15,-32.33,-11.75,11.14,402.40,19077.04,2.71,2.99,Buy,Buy,Buy,Buy,Neutral,Neutral,56.09,11.66,-0.03,133.55,87.71,84.50,0.00,385.00,0.71,0.25,1780.00,0.86,2392824.00,12.08,383.54,0.00,488585.00,-22.42,43.96,2.01,12.38,7.47,36.97,42.52,26.12,130379064658.94,11.82,37.78,31.15,369.05,378.02,373.85,400.10,455.98,479.86,685.00,324.00,484.00,10.80,2.51,2.64,11761981793.00,2825330490.00,2907761315.00
[object Object],ENR,Siemens Energy AG,XETR,141.80,stock,common,100.00,2.00,false,0.00,EUR,3.41,2115983.00,1.25,133902139532.08,USD,45.73,3.54,186.97,0.51,Producer manufacturing,germany,Producer Manufacturing,Buy,Buy,3.41,-2.21,-11.71,-16.69,-4.38,16.71,50.43,530.22,544.25,544.25,3.53,3.32,Sell,Sell,StrongSell,Strong sell,Neutral,Neutral,45.56,-3.60,-12.09,-60.17,30.06,18.95,0.00,139.52,1.75,0.99,836.00,0.80,2115983.00,16.09,140.62,-0.83,800728.00,80.22,45.73,0.24,2.82,11.34,12.92,15.98,10.99,125126296412.08,2.62,27.80,19.81,141.87,148.98,149.15,157.59,152.06,230.56,359.93,114.63,234.99,5.22,1.34,1.58,51817902660.35,12786715117.62,14524344744.25
[object Object],ULVR,Unilever PLC,LSE,4632.50,stock,common,10.00,5.00,false,0.00,GBX,-0.16,2633490.00,1.01,133707558459.69,USD,20.77,2.96,5.37,3.56,Consumer non-durables,uk,Consumer Non-Durables,Neutral,Neutral,-0.16,0.71,2.45,4.99,0.16,-4.51,-9.32,3.71,15.93,473.69,1.69,1.62,Sell,Sell,StrongSell,Strong sell,Neutral,Neutral,46.83,-100.50,-52.80,-57.56,34.07,35.48,0.00,0.00,0.00,0.00,0.00,0.19,2633490.00,-63.86,4632.50,0.00,1483161.00,-10.66,20.77,3.87,2.53,7.15,13.71,16.12,19.41,166171231395.46,3.14,15.44,13.82,4649.45,4671.17,4674.31,4511.19,4662.21,69.61,80.67,52.67,69.41,3.73,1.83,1.90,59804579301.89,29146513260.00,30008097446.29
[object Object],CB,Chubb Limited,NYSE,341.90,stock,common,100.00,1.00,false,0.00,USD,0.11,1493929.00,0.97,131904963185.52,USD,12.10,28.26,24.68,1.15,Finance,america,Finance,Buy,Buy,0.11,0.21,-1.44,4.24,6.08,10.13,25.33,86.07,173.98,3514.80,1.40,1.42,Neutral,Neutral,Buy,Buy,Neutral,Neutral,49.58,2.48,-3.23,-18.08,52.83,50.39,long_lower_shadow_bullish,343.33,0.53,0.14,312.00,0.08,1493929.00,-2.86,341.90,0.00,370378.00,18.42,12.10,0.49,2.15,1.75,7.83,7.83,0.00,160521963185.52,2.58,0.00,0.00,340.82,342.60,346.11,337.23,328.08,368.30,425.00,306.00,369.00,27.69,6.77,6.34,59405365660.00,15074412500.00,15675638750.00
[object Object],NEM,Newmont Corporation,NYSE,124.39,stock,common,100.00,1.00,false,0.00,USD,2.16,5361329.00,0.80,131068782613.37,USD,15.71,7.92,42.18,0.84,Non-energy minerals,america,Non-Energy Minerals,Buy,Buy,2.16,-0.22,5.14,17.00,24.78,23.17,59.11,126.37,220.35,1108.18,2.87,2.85,Buy,Buy,Buy,Buy,Neutral,Neutral,53.34,-0.77,3.46,-72.99,23.17,20.89,0.00,125.25,2.87,1.88,43673.00,3.07,5361329.00,-15.71,124.43,0.03,1060091.00,55.07,15.71,0.36,5.13,3.74,10.51,13.64,14.73,127827782613.37,5.05,9.36,7.78,126.07,123.89,111.98,108.69,110.04,138.67,170.00,112.00,136.69,9.44,1.99,2.16,26726587141.00,6353499331.00,6249774814.00
[object Object],PLD,"Prologis, Inc.",NYSE,135.18,stock,common,100.00,1.00,false,0.00,USD,1.08,3162175.00,1.00,131026615524.97,USD,30.10,4.49,22.35,3.11,Finance,america,Finance,Buy,Buy,1.08,0.19,-3.63,-3.41,3.29,5.82,17.57,4.82,163.41,793.46,1.76,1.41,Sell,Sell,StrongSell,Strong sell,Neutral,Neutral,40.32,-1.41,-4.56,-88.42,19.57,19.11,0.00,134.15,0.31,0.22,11695.00,0.73,3162175.00,9.20,135.18,0.00,966673.00,27.65,30.10,1.33,13.94,2.35,24.71,29.60,73.36,170811798524.97,18.59,48.17,27.18,135.99,139.10,141.45,142.04,137.71,159.75,170.00,140.00,161.00,3.64,0.75,0.81,8591098714.00,2161330400.00,2164481500.00
[object Object],VRTX,Vertex Pharmaceuticals Incorporated,NASDAQ,516.34,stock,common,100.00,1.00,false,0.00,USD,0.60,899600.00,0.96,130872015080.36,USD,30.04,17.19,22.86,0.00,Health technology,america,Health Technology,Buy,Buy,0.60,-0.54,-0.70,11.72,13.58,13.65,31.40,177.24,455.80,11374.22,1.87,1.94,Neutral,Neutral,Neutral,Neutral,Neutral,Neutral,45.31,-40.41,-7.57,-99.59,8.08,9.20,0.00,518.00,0.92,0.53,286.00,0.99,899600.00,40.89,516.34,0.00,307424.00,35.01,30.04,1.31,10.31,6.46,30.69,34.71,16.76,124986615080.36,9.84,24.89,23.85,524.78,529.98,510.36,481.11,469.74,573.77,672.00,350.00,577.50,18.68,4.74,4.77,13228921978.00,3230551825.00,3409552672.00
[object Object],BNP,BNP Paribas S.A. Class A,EURONEXT,103.78,stock,common,100.00,2.00,false,0.00,EUR,1.43,2240945.00,1.44,129560379344.76,USD,8.98,13.20,22.65,5.04,Finance,france,Finance,Buy,Buy,1.43,0.54,-6.50,3.26,20.72,29.02,30.97,98.24,126.57,398.44,1.77,1.95,Buy,Buy,Buy,Buy,Neutral,Neutral,47.67,-0.36,-4.26,-25.31,48.62,41.61,0.00,0.00,0.00,0.00,0.00,0.20,2240945.00,33.60,103.78,0.00,1550908.00,33.51,8.98,0.39,1.04,0.95,6.62,8.02,0.00,936510387674.76,5.29,0.00,0.00,103.23,105.98,106.11,100.69,93.77,137.23,156.93,111.93,137.31,13.80,0.00,0.00,64785060493.83,0.00,0.00
[object Object],BMY,Bristol-Myers Squibb Company,NYSE,62.84,stock,common,100.00,1.00,false,0.00,USD,-1.19,12211123.00,1.63,128364182359.55,USD,13.84,4.54,83.17,3.95,Health technology,america,Health Technology,Buy,Buy,-1.19,-3.20,-3.77,13.84,7.86,18.10,35.90,3.85,11.78,2988.71,2.06,1.99,Sell,Sell,Sell,Sell,Sell,Sell,39.25,-4.82,-1.56,-122.02,8.61,10.92,0.00,63.90,0.47,0.31,1582.00,0.75,12211123.00,29.23,62.97,0.21,2607465.00,41.66,13.84,0.17,2.65,5.75,10.07,11.25,11.63,162350182359.55,3.30,10.20,8.46,64.57,65.45,63.91,60.38,58.79,66.57,82.00,40.00,66.00,6.95,1.60,1.73,49649982562.00,11738871544.00,12615892005.00
[object Object],BKNG,Booking Holdings Inc.,NASDAQ,170.52,stock,common,100.00,1.00,false,0.00,USD,-0.51,7449022.00,0.97,128125397131.56,USD,18.86,9.04,57.21,0.94,Consumer services,america,Consumer Services,StrongBuy,Strong buy,-0.51,-0.88,-17.12,-1.24,-0.71,-20.42,-22.40,81.34,193.33,777.16,3.26,3.12,Sell,Sell,StrongSell,Strong sell,Neutral,Neutral,29.06,-29.08,-25.21,-101.45,4.19,5.88,0.00,173.00,0.93,0.93,11166.00,1.25,7449022.00,24.35,171.00,0.28,1519407.00,-17.60,18.86,0.33,4.67,0.00,13.32,13.76,7.50,131311397131.56,4.65,13.22,12.33,177.90,198.28,193.13,180.82,185.10,238.80,301.00,188.00,240.00,10.45,2.43,4.48,29259950241.00,7196293969.00,9539725821.00
[object Object],GLW,Corning Inc,NYSE,147.80,stock,common,100.00,1.00,false,0.00,USD,2.52,8456556.00,0.92,127313194811.27,USD,67.79,2.18,130.83,0.78,Electronic technology,america,Electronic Technology,Buy,Buy,2.52,-10.06,-8.57,-18.94,11.67,66.24,88.47,283.10,555.72,2485.45,4.94,4.14,Sell,Sell,StrongSell,Strong sell,Neutral,Neutral,45.52,3.67,-3.61,-16.11,18.49,23.29,0.00,151.61,5.17,1.80,181832.00,4.99,8456556.00,0.72,148.50,0.47,1404140.00,113.77,67.79,0.51,7.44,10.66,33.03,54.00,51.50,134748194811.27,7.94,48.19,31.90,154.34,154.92,155.83,172.70,146.73,193.87,238.00,129.00,199.00,3.29,0.76,0.88,19230444662.00,4630208867.00,4999016396.00
[object Object],FTNT,"Fortinet, Inc.",NASDAQ,172.58,stock,common,100.00,1.00,false,0.00,USD,0.47,5474157.00,1.45,126624300215.45,USD,60.81,2.84,13.26,0.00,Technology services,america,Technology Services,Neutral,Neutral,0.47,11.04,10.63,20.28,108.03,115.81,116.13,185.23,2318.44,10051.76,4.53,4.27,Buy,Buy,StrongBuy,Strong buy,Neutral,Neutral,61.35,18.04,6.52,114.78,88.74,81.84,0.00,169.94,-1.07,0.36,7401.00,-0.98,5474157.00,40.25,172.00,-0.34,863564.00,101.46,60.81,4.56,16.88,81.62,37.60,40.97,31.38,123051600215.45,16.35,50.50,47.40,162.92,160.72,160.04,145.66,113.44,168.18,220.00,107.00,172.50,3.45,0.75,0.86,8118150129.00,1888476165.00,2061480190.00
[object Object],PGR,Progressive Corporation,NYSE,216.29,stock,common,100.00,1.00,false,0.00,USD,-0.32,3925697.00,2.21,125686116900.79,USD,10.84,19.95,12.30,6.41,Finance,america,Finance,Neutral,Neutral,-0.32,-0.91,4.14,4.01,6.87,0.91,-10.25,133.40,596.36,404581.27,1.71,1.76,Sell,Sell,Sell,Sell,Sell,Sell,48.28,-5.09,2.54,-101.89,43.42,52.17,0.00,217.05,0.03,-0.04,402.00,0.10,3925697.00,138.52,216.29,0.00,622672.00,-11.08,10.84,0.88,1.39,3.66,7.73,7.92,0.00,134073116900.79,1.47,0.00,0.00,218.26,216.61,215.92,210.50,210.25,234.43,309.00,200.00,233.00,17.98,4.64,4.05,88170717811.00,19486686350.00,22283652562.00
[object Object],LMT,Lockheed Martin Corporation,NYSE,538.09,stock,common,100.00,1.00,false,0.00,USD,0.16,1342866.00,1.21,124186198017.23,USD,19.83,27.13,52.77,2.54,Electronic technology,america,Electronic Technology,Buy,Buy,0.16,2.30,-10.33,0.47,-15.38,11.35,13.30,58.87,126.65,15279.05,2.47,2.25,Sell,Sell,StrongSell,Strong sell,Neutral,Neutral,44.62,6.54,-34.73,-52.65,31.32,23.47,long_lower_shadow_bullish,540.28,0.56,0.33,3022.00,0.36,1342866.00,47.23,538.49,0.07,175428.00,18.95,19.83,0.38,1.61,14.12,11.95,14.25,32.80,140933198017.23,1.83,15.51,13.08,531.13,562.50,556.23,538.33,559.68,640.74,756.00,503.00,629.00,30.44,7.19,7.54,80962518427.00,19339115313.00,20445475929.00
[object Object],COF,Capital One Financial Corp,NYSE,202.04,stock,common,100.00,1.00,false,0.00,USD,-0.57,3402891.00,1.05,123948470934.94,USD,12.51,16.15,731.42,1.57,Finance,america,Finance,StrongBuy,Strong buy,-0.57,-3.62,-8.34,-1.79,12.72,-17.32,-10.15,26.99,186.42,3688.29,2.72,2.19,Sell,Sell,StrongSell,Strong sell,Neutral,Neutral,34.97,-14.56,-9.92,-147.45,13.79,14.75,0.00,206.21,1.49,0.99,800.00,1.51,3402891.00,-19.27,203.00,0.48,622313.00,-9.20,12.51,0.02,2.04,1.09,3.99,4.23,0.00,163318470934.94,2.08,0.00,0.00,209.91,215.57,212.63,201.88,207.51,259.45,300.00,230.00,254.50,20.36,4.79,5.39,63953561400.00,15758436961.00,16281399929.00
[object Object],INVE_B,Investor AB Class B,OMXSTO,406.15,stock,common,100.00,5.00,false,0.00,SEK,0.94,2463767.00,1.14,123944259351.57,USD,4.74,8.80,1024.26,1.35,Finance,sweden,Finance,Neutral,Neutral,0.94,0.61,-0.94,4.81,17.72,22.56,44.43,100.57,436.17,1231.64,1.27,1.14,Neutral,Neutral,Buy,Buy,Neutral,Neutral,48.77,-4.65,-10.59,-30.78,37.95,23.36,0.00,0.00,0.00,0.00,0.00,0.47,2463767.00,14.17,0.00,0.00,0.00,42.52,4.74,0.00,6.29,1.15,52.06,60.19,63.85,134711869351.57,6.68,4.88,0.00,403.51,410.53,408.09,395.20,372.23,42.30,46.16,34.30,43.74,5.24,0.00,0.00,7372976302.00,0.00,0.00
[object Object],AI,Air Liquide SA,EURONEXT,165.24,stock,common,100.00,2.00,false,0.00,EUR,-0.71,657487.00,0.96,121501838384.42,USD,29.74,6.35,3.14,2.02,Process industries,france,Process Industries,Buy,Buy,-0.71,-2.04,-0.88,-1.56,7.85,13.94,4.00,54.42,173.65,994.48,1.07,1.43,Sell,Sell,StrongSell,Strong sell,Sell,Sell,38.13,-7.52,-3.07,-107.72,8.38,9.16,0.00,0.00,0.00,0.00,0.00,-0.02,657487.00,-16.33,165.24,0.00,442254.00,9.25,29.74,9.54,3.92,3.97,19.67,69.22,51.13,139776935621.42,4.53,21.33,14.68,168.08,168.93,171.26,168.88,161.14,226.19,260.20,185.70,229.25,7.55,3.53,3.84,33107221569.78,15812898233.61,16218688857.00
[object Object],CFR,Compagnie Financiere Richemont SA,SIX,171.55,stock,common,100.00,5.00,false,0.00,CHF,0.47,1343228.00,1.50,121279901756.40,USD,31.21,6.88,24.56,1.76,Consumer durables,switzerland,Consumer Durables,Buy,Buy,0.47,-2.14,-7.57,-7.59,29.72,0.03,15.02,73.04,200.96,469.93,1.82,2.17,Sell,Sell,StrongSell,Strong sell,Buy,Buy,33.41,-12.10,-15.25,-107.64,12.28,9.43,0.00,0.00,0.00,0.00,0.00,0.91,1343228.00,47.93,171.55,0.00,294700.00,35.79,31.21,1.26,4.83,4.53,22.46,28.27,6.34,117184711218.26,4.49,21.63,16.08,176.27,185.81,188.52,178.68,167.55,264.97,302.90,211.05,270.63,8.85,3.72,4.15,29820176536.58,13354278123.69,13659717500.38
[object Object],BATS,British American Tobacco p.l.c.,LSE,4184.00,stock,common,1.00,1.00,false,0.00,GBX,-0.17,2377035.00,0.62,120686021766.82,USD,14.39,3.86,110.69,5.79,Consumer non-durables,uk,Consumer Non-Durables,Buy,Buy,-0.17,4.31,0.99,-5.96,-4.12,0.36,2.25,56.18,-11.78,1187.38,2.27,2.20,Sell,Sell,Sell,Sell,Neutral,Neutral,48.77,30.00,-21.58,111.62,76.19,78.02,0.00,0.00,0.00,0.00,0.00,0.50,2377035.00,-10.57,4184.00,0.00,943067.00,0.69,14.39,0.13,3.54,1.87,15.22,16.87,35.94,164487071366.82,4.81,12.69,9.93,4137.30,4173.47,4316.00,4447.34,4391.36,69.37,75.63,51.32,70.23,4.86,2.19,2.63,35238551307.80,16256617200.44,18543045379.44
[object Object],SPGI,"S&P Global, Inc.",NYSE,404.11,stock,common,100.00,1.00,false,0.00,USD,-0.65,1476999.00,0.81,119131625927.59,USD,24.61,16.42,26.22,0.95,Commercial services,america,Commercial Services,StrongBuy,Strong buy,-0.65,-3.08,-2.47,2.21,0.21,-18.12,-21.49,-5.51,245.92,14291.27,1.95,2.32,Sell,Sell,StrongSell,Strong sell,Neutral,Neutral,39.25,-27.60,-10.48,-145.92,5.14,10.48,0.00,410.86,1.01,0.72,1923.00,0.54,1476999.00,-0.65,405.40,0.32,263514.00,-21.23,24.61,0.94,7.46,3.78,20.84,21.43,28.84,135877625927.59,8.43,18.91,16.19,420.48,423.30,425.93,412.62,427.93,519.05,553.00,485.00,521.00,17.87,4.81,4.43,14853040472.00,4093128224.00,3634687377.00
[object Object],VLO,Valero Energy Corporation,NYSE,412.53,stock,common,100.00,1.00,false,0.00,USD,2.29,3261511.00,1.01,118778714597.32,USD,17.11,24.11,899.64,1.17,Energy minerals,america,Energy Minerals,Buy,Buy,2.29,4.83,17.86,74.12,69.62,152.70,154.62,531.84,636.27,24040.90,5.10,3.27,StrongBuy,Strong buy,StrongBuy,Strong buy,Buy,Buy,79.89,46.44,45.13,139.57,96.14,89.81,0.00,398.44,-1.20,-0.01,31046.00,-1.20,3261511.00,-7.50,413.54,0.24,458341.00,117.47,17.11,0.02,0.85,4.75,11.12,11.98,15.35,125492714597.32,0.90,11.82,9.06,388.49,356.47,335.02,293.35,248.34,362.00,450.00,260.00,362.50,46.94,10.11,18.52,151141697843.00,39468983320.00,39528620875.00
[object Object],MDT,Medtronic Plc,NYSE,92.77,stock,common,100.00,1.00,false,0.00,USD,0.18,10900849.00,1.38,118665613363.37,USD,22.84,4.06,12.15,3.08,Health technology,america,Health Technology,Buy,Buy,0.18,0.84,0.84,18.04,6.84,-3.40,-1.75,-28.84,8.17,29493.88,2.20,2.23,Buy,Buy,StrongBuy,Strong buy,Neutral,Neutral,55.99,0.59,2.10,35.63,56.67,57.53,spinning_top_white,93.02,0.45,0.62,3520.00,0.03,10900849.00,3.92,93.50,0.79,2957775.00,-1.59,22.84,1.88,3.17,2.36,14.84,19.44,13.52,138617613363.37,3.69,18.53,13.30,92.70,91.58,88.50,83.76,89.32,104.00,118.00,85.00,105.00,5.98,1.39,1.33,39054004291.00,9545805536.00,9482441338.00
[object Object],MPC,Marathon Petroleum Corporation,NYSE,421.96,stock,common,100.00,1.00,false,0.00,USD,1.94,2691871.00,1.10,118496810100.14,USD,14.53,29.05,330.27,0.97,Energy minerals,america,Energy Minerals,Buy,Buy,1.94,4.19,16.22,73.75,78.72,159.11,130.81,617.01,879.25,2120.84,4.53,3.06,StrongBuy,Strong buy,StrongBuy,Strong buy,Buy,Buy,82.34,34.96,45.49,133.34,94.84,89.41,0.00,407.80,-1.48,0.26,15935.00,-1.25,2691871.00,-6.20,423.39,0.34,509507.00,96.38,14.53,0.04,0.78,6.26,7.15,9.49,15.75,151663810100.14,0.99,11.73,9.33,400.53,369.30,344.23,299.21,250.12,378.06,462.00,297.00,376.00,55.60,14.27,22.36,175071627991.00,40865657701.00,44177887658.00
[object Object],BP.,BP PLC,LSE,564.00,stock,common,10.00,1.00,false,0.00,GBX,-0.49,39186621.00,0.87,117152556292.57,USD,22.08,0.34,959.75,4.42,Energy minerals,uk,Energy Minerals,Buy,Buy,-0.49,0.71,6.44,13.50,-1.57,30.56,33.71,82.82,32.99,145.75,2.59,2.64,Buy,Buy,StrongBuy,Strong buy,Neutral,Neutral,59.46,24.30,29.61,80.37,83.60,88.24,doji,0.00,0.00,0.00,0.00,-0.60,39186621.00,-7.61,564.00,0.00,9987380.00,24.63,22.08,0.02,0.55,1.99,4.06,7.30,3.15,171029441581.87,0.80,7.22,4.17,560.53,540.37,534.36,529.67,509.67,8.40,10.50,6.78,8.50,1.09,0.31,0.30,224214870051.45,62236026570.00,57985089779.00
[object Object],PH,Parker-Hannifin Corporation,NYSE,925.29,stock,common,100.00,1.00,false,0.00,USD,0.71,576027.00,1.02,116630463602.41,USD,32.48,28.49,5.02,0.83,Producer manufacturing,america,Producer Manufacturing,Buy,Buy,0.71,-1.53,-11.55,-3.34,3.07,4.95,22.63,214.92,660.93,27215.58,2.27,2.16,Sell,Sell,StrongSell,Strong sell,Neutral,Neutral,35.88,-24.09,-68.60,-94.51,8.94,9.65,0.00,923.01,0.46,1.76,115.00,1.25,576027.00,37.14,925.29,0.00,96403.00,26.32,32.48,6.42,5.46,7.57,27.10,30.28,236.03,124871463602.41,5.81,26.46,22.08,941.49,998.08,986.86,945.91,939.97,1182.82,1358.00,850.00,1215.50,35.15,8.31,8.16,23048723080.00,5573716523.00,5531243293.00
[object Object],ACN,Accenture Plc Class A,NYSE,190.29,stock,common,100.00,1.00,false,0.00,USD,0.34,2935877.00,0.66,116446469192.86,USD,15.20,12.52,-0.34,3.44,Technology services,america,Technology Services,Buy,Buy,0.34,7.13,10.08,50.43,-6.49,-29.20,-19.96,-44.04,72.47,1160.20,3.18,3.14,Buy,Buy,StrongBuy,Strong buy,Neutral,Neutral,58.14,2.61,8.54,67.71,70.55,75.01,0.00,189.72,0.04,0.97,9435.00,0.16,2935877.00,-11.57,190.29,0.00,633080.00,-27.90,15.20,0.00,1.60,3.65,8.89,9.31,11.52,116280819192.86,1.59,10.28,8.91,186.48,183.18,170.15,166.97,200.50,183.74,275.00,130.00,180.00,13.86,3.71,3.19,73594482739.00,18777999773.00,18051607050.00
[object Object],MO,"Altria Group, Inc.",NYSE,69.70,stock,common,100.00,1.00,false,0.00,USD,-0.57,9826851.00,1.25,116381147051.94,USD,14.68,4.75,-8.23,6.05,Consumer non-durables,america,Consumer Non-Durables,Neutral,Neutral,-0.57,1.25,7.40,1.04,6.74,20.88,6.94,44.88,10.78,150669.20,1.96,1.79,Buy,Buy,StrongBuy,Strong buy,Neutral,Neutral,54.15,0.14,1.92,67.65,67.72,71.65,0.00,69.78,-0.46,-0.13,14482.00,-0.37,9826851.00,22.63,69.68,-0.03,1040786.00,3.01,14.68,0.00,5.72,0.00,12.37,12.77,49.18,138641147051.94,6.78,9.46,9.31,69.24,67.74,69.28,70.33,66.82,69.90,82.00,58.00,70.50,5.68,1.50,1.51,20556363549.00,5345206878.00,5316054825.00
[object Object],CVS,CVS Health Corporation,NYSE,90.27,stock,common,100.00,1.00,false,0.00,USD,-1.58,7432576.00,1.49,115452653849.79,USD,23.83,3.79,5.68,2.90,Retail trade,america,Retail Trade,Buy,Buy,-1.58,-5.98,-4.34,-8.97,26.25,13.86,22.53,6.21,0.30,13374.70,2.43,2.12,Sell,Sell,StrongSell,Strong sell,Sell,Sell,32.40,-6.96,-1.85,-173.86,11.67,25.80,0.00,92.30,0.63,0.47,14756.00,0.31,7432576.00,2.73,90.42,0.17,2157554.00,32.84,23.83,4.26,0.28,1.45,7.86,9.88,8.32,177997653849.79,0.43,12.10,9.26,94.74,94.69,99.23,97.10,87.19,114.58,125.00,101.00,115.50,8.02,1.85,1.64,416070343184.00,100028332623.00,104493625880.00
[object Object],PDD,PDD Holdings Inc. Sponsored ADR Class A,NASDAQ,77.73,dr,0.00,100.00,1.00,false,0.00,USD,-1.31,6038735.00,0.85,112106708388.00,USD,8.62,9.02,-1.70,0.00,Retail trade,america,Retail Trade,Buy,Buy,-1.31,-0.80,-10.92,-1.99,-19.87,-33.12,-41.49,-23.54,193.32,193.32,2.39,2.35,StrongSell,Strong sell,StrongSell,Strong sell,Sell,Sell,34.34,-4.52,-6.91,-84.62,9.79,11.51,marubozu_black_bearish,79.63,1.10,0.46,85679.00,1.03,6038735.00,-8.27,77.97,0.31,1219695.00,-30.12,8.62,0.00,1.80,1.68,7.22,0.00,1.46,34168193340.99,0.53,2.39,0.00,79.18,84.65,85.26,86.87,96.57,113.93,150.15,85.09,114.12,10.21,2.72,2.82,69610499025.13,16939381530.03,17304691073.52
[object Object],SBUX,Starbucks Corporation,NASDAQ,96.67,stock,common,100.00,1.00,false,0.00,USD,-0.69,6638055.00,1.09,110203795853.74,USD,55.74,1.73,-24.99,2.55,Consumer services,america,Consumer Services,Buy,Buy,-0.69,-3.69,-11.37,-3.86,1.79,14.78,14.44,-15.60,79.22,29361.33,2.40,2.25,Sell,Sell,StrongSell,Strong sell,Neutral,Neutral,30.40,-10.05,-6.58,-119.29,6.49,6.38,0.00,98.03,0.71,0.59,3244.00,0.79,6638055.00,-28.64,96.60,-0.07,1837572.00,18.58,55.74,0.00,2.91,0.00,22.18,30.36,30.63,129034795853.74,3.37,33.63,23.44,100.00,104.42,104.67,103.46,98.20,113.44,143.00,81.00,115.00,2.61,0.66,0.71,37989509671.00,9174497120.00,9216236441.00
[object Object],PSX,Phillips 66,NYSE,274.21,stock,common,100.00,1.00,false,0.00,USD,3.62,3572892.00,1.31,109415524253.03,USD,15.61,17.57,322.82,1.89,Energy minerals,america,Energy Minerals,Buy,Buy,3.62,3.96,14.25,65.50,53.78,112.57,107.23,317.05,243.79,724.69,3.92,2.85,StrongBuy,Strong buy,StrongBuy,Strong buy,Buy,Buy,79.54,18.12,24.02,135.43,95.28,88.35,0.00,262.22,-0.91,0.40,5129.00,-1.21,3572892.00,33.73,274.82,0.22,837147.00,85.92,15.61,0.05,0.69,3.47,12.37,17.27,26.93,127078524253.03,0.83,14.04,10.69,260.85,243.95,228.09,201.81,177.49,255.50,335.00,173.00,252.00,28.03,7.50,10.86,168086893710.00,43597335313.00,41572345146.00
[object Object],LOW,"Lowe's Companies, Inc.",NYSE,194.19,stock,common,100.00,1.00,false,0.00,USD,0.05,2338524.00,0.80,108951082815.04,USD,16.42,11.83,-2.84,2.50,Retail trade,america,Retail Trade,Buy,Buy,0.05,-1.97,-11.43,-11.53,-15.29,-19.59,-28.76,-6.35,173.43,38258.14,2.18,2.18,Sell,Sell,StrongSell,Strong sell,Neutral,Neutral,32.47,-5.65,-12.71,-87.28,4.24,6.34,0.00,197.50,1.75,0.72,8858.00,2.32,2338524.00,-21.66,194.19,0.00,480205.00,-22.65,16.42,0.00,1.20,0.00,11.74,15.54,31.92,147567082815.04,1.63,14.45,11.64,198.02,208.70,209.42,215.14,234.80,251.77,290.00,191.00,254.00,12.28,4.22,2.87,92186860743.00,26132272428.00,22414062254.00
[object Object],ADP,"Automatic Data Processing, Inc.",NASDAQ,272.24,stock,common,100.00,1.00,false,0.00,USD,-0.35,1829567.00,0.88,108150813754.10,USD,24.88,10.94,9.62,2.43,Technology services,america,Technology Services,Neutral,Neutral,-0.35,2.41,0.49,24.69,28.86,5.92,-5.84,37.24,212.38,33528.68,1.81,1.71,Neutral,Neutral,Sell,Sell,Neutral,Neutral,49.08,-8.92,-2.22,-72.22,39.44,41.29,0.00,270.49,-0.99,-0.69,1063.00,-0.69,1829567.00,-26.25,272.24,0.00,443529.00,-7.25,24.88,2.60,4.98,17.96,20.00,20.75,25.72,109435413754.10,4.99,18.88,17.15,272.85,275.98,267.81,244.58,237.79,289.36,322.00,225.00,288.50,12.26,2.59,2.77,23211010712.00,5437195686.00,5474585410.00
[object Object],APP,AppLovin Corp. Class A,NASDAQ,321.60,stock,common,100.00,1.00,false,0.00,USD,-1.52,4536593.00,1.04,107623758597.31,USD,24.72,13.01,93.28,0.00,Technology services,america,Technology Services,StrongBuy,Strong buy,-1.52,6.90,4.14,-33.18,-25.64,-52.94,-46.72,347.35,359.43,359.43,4.97,4.25,Sell,Sell,Sell,Sell,Neutral,Neutral,45.15,2.55,-2.82,75.71,69.15,76.57,0.00,331.01,1.36,1.05,22672.00,1.62,4536593.00,28.63,320.99,-0.19,913890.00,-35.98,24.72,0.27,16.12,34.09,23.94,23.94,35.50,108085524597.31,15.83,20.36,19.86,320.35,317.02,361.44,433.12,476.89,499.58,790.00,325.00,500.00,15.76,3.76,4.04,8132681333.00,1941897662.00,2074239987.00
[object Object],SYK,Stryker Corporation,NYSE,280.13,stock,common,100.00,1.00,false,0.00,USD,-1.63,2367638.00,0.66,107450316176.84,USD,29.03,9.65,27.71,1.22,Health technology,america,Health Technology,Buy,Buy,-1.63,2.01,-16.87,-6.99,-17.66,-20.25,-25.62,1.68,146.35,336049.28,3.03,3.22,StrongSell,Strong sell,StrongSell,Strong sell,Neutral,Neutral,33.38,-32.06,-38.60,-75.51,22.95,21.88,0.00,287.49,0.96,0.98,1075.00,0.47,2367638.00,-30.35,283.51,1.21,780319.00,-18.33,29.03,1.06,4.25,4.48,19.57,23.00,31.11,119420316176.84,4.62,19.04,15.94,283.68,316.30,321.44,315.19,334.87,380.04,465.00,317.00,380.00,15.00,3.49,3.57,27255256719.00,6579335902.00,6660250215.00
[object Object],ZURN,Zurich Insurance Group Ltd,SIX,607.60,stock,common,10.00,2.00,false,0.00,CHF,0.73,266760.00,1.21,107448530267.08,USD,15.50,48.48,11.17,4.97,Finance,switzerland,Finance,Neutral,Neutral,0.73,3.69,2.60,6.52,9.91,1.44,9.40,52.09,140.54,-4.84,1.16,1.06,StrongBuy,Strong buy,StrongBuy,Strong buy,Neutral,Neutral,60.77,3.20,2.90,192.81,89.91,71.98,rising_window_bullish,0.00,0.00,0.00,0.00,0.30,266760.00,4.64,607.60,0.00,93022.00,7.46,15.50,1.38,1.09,3.54,3.61,3.67,0.00,124168280620.55,1.23,0.00,0.00,595.38,593.27,601.95,585.58,574.95,761.29,1113.24,640.83,738.75,47.81,24.20,24.40,72718077581.67,24332505000.00,26424768000.00
[object Object],EQNR,Equinor ASA,OSL,416.30,stock,common,10.00,1.00,false,0.00,NOK,-1.16,3013693.00,1.25,106740252892.74,USD,11.81,3.56,7.86,3.45,Energy minerals,norway,Energy Minerals,Neutral,Neutral,-1.16,0.85,5.66,31.87,8.69,75.14,72.74,104.17,233.57,478.19,2.20,2.11,Buy,Buy,StrongBuy,Strong buy,Neutral,Neutral,61.92,15.50,23.31,80.41,85.20,89.25,spinning_top_black,0.00,0.00,0.00,0.00,-1.00,3013693.00,37.91,416.30,0.00,1208018.00,53.43,11.81,1.52,0.92,2.44,4.51,11.16,4.32,115930916218.74,1.03,3.54,2.70,411.99,398.32,386.60,364.07,327.19,39.36,46.75,27.08,40.00,4.97,1.38,1.32,112871639243.32,33856053122.00,32324576106.00
[object Object],CABK,CaixaBank SA,BME,13.01,stock,common,1000.00,5.00,false,0.00,EUR,-0.57,8598962.00,1.73,104485062826.05,USD,14.80,1.00,3.21,2.81,Finance,spain,Finance,Neutral,Neutral,-0.57,-1.51,0.39,3.58,27.25,24.51,49.69,400.58,423.34,174.52,1.95,1.88,Sell,Sell,Sell,Sell,Sell,Sell,46.11,-0.52,0.14,-109.36,34.71,43.98,0.00,0.00,0.00,0.00,0.00,0.00,8598962.00,23.75,0.00,0.00,0.00,52.40,14.80,4.64,5.51,2.34,0.00,0.00,0.00,141974969446.05,5.33,0.00,0.00,13.25,13.11,12.95,12.32,11.39,15.33,16.96,13.39,15.81,1.08,0.24,0.26,20209081658.38,4797037559.46,4951382654.45
[object Object],CS,AXA SA,EURONEXT,45.06,stock,common,100.00,1.00,false,0.00,EUR,1.92,3799657.00,1.48,104320865201.08,USD,9.45,5.44,36.00,5.25,Finance,france,Finance,StrongBuy,Strong buy,1.92,4.31,0.81,6.22,16.61,10.58,13.13,98.07,144.36,544.63,1.59,1.60,Buy,Buy,StrongBuy,Strong buy,Neutral,Neutral,60.43,0.85,-0.30,227.61,75.17,61.91,0.00,0.00,0.00,0.00,0.00,0.50,3799657.00,39.48,45.06,0.00,2566679.00,7.47,9.45,0.26,0.77,2.26,6.59,6.80,0.00,181338746501.08,1.36,0.00,0.00,43.81,44.00,44.30,42.80,41.21,59.32,88.26,48.14,58.46,4.88,2.49,2.28,89327064292.13,43700762585.42,45235392854.94
[object Object],BNY,Bank of New York Mellon Corp,NYSE,153.02,stock,common,100.00,1.00,false,0.00,USD,-0.29,5979788.00,1.98,103824705918.89,USD,17.81,8.59,31.19,1.45,Finance,america,Finance,Buy,Buy,-0.29,-5.81,-6.83,3.63,33.23,31.90,44.59,198.98,277.92,7077.61,2.80,1.95,Sell,Sell,Sell,Sell,Neutral,Neutral,33.56,-9.02,-3.36,-190.46,10.71,16.76,0.00,155.75,1.49,1.00,748.00,0.68,5979788.00,90.86,153.09,0.05,1345247.00,47.49,17.81,0.57,5.00,2.60,29.67,66.54,0.00,49812705918.89,1.23,0.00,0.00,159.86,160.81,159.22,149.68,134.91,169.93,184.00,151.00,173.50,9.24,2.23,2.25,22181412632.00,5395525850.00,5527413430.00
[object Object],ENEL,Enel SpA,MIL,9.05,stock,common,1000.00,1.00,false,0.00,EUR,1.71,20399268.00,0.97,103592291398.27,USD,19.92,0.52,-26.76,5.51,Utilities,italy,Utilities,Buy,Buy,1.71,1.69,-4.44,-8.70,-3.57,2.34,16.00,30.78,132.05,42.59,1.95,1.62,Sell,Sell,StrongSell,Strong sell,Buy,Buy,42.55,0.03,-0.55,-37.61,32.53,19.82,0.00,0.00,0.00,0.00,0.00,0.02,20399268.00,-6.40,9.05,0.00,1000.00,18.83,19.92,0.00,1.09,3.64,6.74,20.69,18.97,210624106378.27,2.28,14.62,8.32,8.92,9.32,9.58,9.69,9.52,11.97,13.92,10.20,12.09,0.85,0.20,0.21,97753937034.57,23967383978.40,25260520934.15
[object Object],MCK,McKesson Corporation,NYSE,879.57,stock,common,100.00,1.00,false,0.00,USD,-0.87,577240.00,0.66,102549382647.41,USD,23.54,37.37,49.11,0.37,Distribution services,america,Distribution Services,Buy,Buy,-0.87,-2.25,1.07,13.39,-1.56,7.53,26.34,325.53,422.81,5230.73,2.10,2.22,Sell,Sell,Sell,Sell,Sell,Sell,48.94,-45.21,10.87,-47.58,26.05,40.06,0.00,885.97,-0.15,-0.15,50.00,-0.13,577240.00,-36.02,879.57,0.00,126382.00,22.89,23.54,0.48,0.26,0.00,15.30,16.34,19.95,111933382647.41,0.27,16.67,14.96,894.99,884.46,865.03,817.73,844.06,988.19,1080.00,845.00,1000.00,44.63,9.56,10.71,431898183427.00,103875033741.00,109884582858.00
[object Object],SAN,Sanofi SA,EURONEXT,75.26,stock,common,100.00,1.00,false,0.00,EUR,1.22,1782873.00,1.03,102229581776.41,USD,22.61,3.80,-35.60,5.54,Health technology,france,Health Technology,Buy,Buy,1.22,1.51,-2.37,1.52,-3.73,-9.11,-5.32,-7.28,8.43,1115.83,1.76,1.71,Sell,Sell,StrongSell,Strong sell,Neutral,Neutral,47.73,-1.01,-1.68,-55.19,28.13,24.46,0.00,0.00,0.00,0.00,0.00,0.52,1782873.00,-21.38,75.26,0.00,1106087.00,-10.52,22.61,0.00,1.96,1.32,7.66,8.89,14.29,122387885996.41,2.34,8.60,5.56,74.70,76.24,76.23,75.71,78.06,107.26,129.88,90.45,109.00,10.09,0.00,0.00,58550391754.43,0.00,0.00
[object Object],INGA,ING Groep N.V.,EURONEXT,32.31,stock,common,1000.00,5.00,false,0.00,EUR,1.17,6369301.00,1.23,102047242607.27,USD,14.02,2.63,0.00,3.32,Finance,netherlands,Finance,Buy,Buy,1.17,1.96,4.41,17.49,43.31,34.60,50.28,181.84,198.34,47.25,1.65,1.64,Buy,Buy,StrongBuy,Strong buy,Neutral,Neutral,66.10,0.56,1.01,84.92,85.75,82.96,0.00,0.00,0.00,0.00,0.00,0.13,6369301.00,12.37,32.31,0.00,3520244.00,46.09,14.02,0.00,2.32,1.84,0.00,0.00,0.00,277372677917.27,10.20,0.00,0.00,31.96,31.01,30.34,28.42,26.19,38.21,45.85,29.80,37.25,2.93,0.73,0.77,28981183837.94,6979276037.13,7253718156.32
[object Object],FCX,"Freeport-McMoRan, Inc.",NYSE,70.85,stock,common,100.00,1.00,false,0.00,USD,2.33,11728924.00,0.98,101741833622.93,USD,34.98,2.03,53.40,0.87,Non-energy minerals,america,Non-Energy Minerals,Buy,Buy,2.33,0.85,5.63,1.29,33.50,36.97,57.10,106.80,638.02,478.37,3.06,3.48,Neutral,Neutral,Neutral,Neutral,Neutral,Neutral,48.73,-3.08,-1.49,-67.34,22.69,19.56,0.00,71.38,3.09,1.57,94386.00,3.18,11728924.00,7.24,71.00,0.21,2560083.00,61.29,34.98,0.64,3.97,5.06,17.33,58.02,23.46,119855833622.93,4.76,21.55,15.55,71.92,72.14,68.19,65.77,62.17,74.41,85.00,47.00,76.00,2.97,0.62,0.73,29430181642.00,6713004239.00,7316706259.00
[object Object],EQIX,"Equinix, Inc.",NASDAQ,1025.94,stock,common,100.00,1.00,false,0.00,USD,0.96,370431.00,0.72,101231225079.61,USD,66.03,15.54,52.11,1.98,Finance,america,Finance,StrongBuy,Strong buy,0.96,-1.94,-7.04,-7.11,5.15,33.91,30.82,20.88,185.13,151.46,2.32,2.79,Sell,Sell,StrongSell,Strong sell,Neutral,Neutral,46.17,6.70,-30.11,-54.37,26.80,20.28,0.00,0.00,0.00,0.00,0.00,1.36,370431.00,-15.16,1025.94,0.00,147900.00,34.28,66.03,1.25,10.27,7.04,25.80,0.00,45.71,122378225079.61,12.48,135.37,36.72,1027.04,1050.57,1044.11,1056.76,971.75,1236.23,1400.00,1060.00,1237.50,17.21,4.73,4.14,10273228862.00,2589959498.00,2566933883.00
[object Object],ADBE,Adobe Inc.,NASDAQ,252.67,stock,common,100.00,1.00,false,0.00,USD,0.87,5110424.00,0.85,100436325000.00,USD,14.09,17.93,11.69,0.00,Technology services,america,Technology Services,Neutral,Neutral,0.87,0.34,-2.76,30.51,4.07,-27.95,-28.46,-61.90,154.55,119684.01,3.79,3.15,Sell,Sell,StrongSell,Strong sell,Neutral,Neutral,44.29,-27.12,-11.72,-107.26,22.88,28.67,0.00,250.78,0.11,0.63,47586.00,-0.06,5110424.00,14.17,252.66,-0.00,1118197.00,-22.44,14.09,1.19,3.81,0.00,0.00,0.00,17.70,101559325000.00,3.91,10.76,9.95,259.20,268.25,255.53,244.43,265.36,268.91,373.00,195.00,257.50,24.48,6.08,6.33,26587393451.00,6693882575.00,6834116828.00
[object Object],GSK,GSK plc,LSE,1900.00,stock,common,10.00,5.00,false,0.00,GBX,1.85,9603489.00,2.19,99986916182.35,USD,16.10,1.56,42.25,3.65,Health technology,uk,Health Technology,Neutral,Neutral,1.85,5.56,2.07,-1.35,-3.06,3.94,29.78,34.04,15.58,151.48,2.39,2.25,Buy,Buy,StrongBuy,Strong buy,Buy,Buy,56.24,33.50,-30.49,71.27,72.04,56.62,0.00,0.00,0.00,0.00,0.00,1.07,9603489.00,34.10,1900.00,0.00,3374776.00,29.07,16.10,0.37,2.28,4.36,9.74,11.89,24.85,119601482582.35,2.72,10.88,8.59,1830.40,1868.75,1895.30,1909.43,1950.77,28.78,40.26,19.46,26.75,2.40,0.62,0.68,45664463022.04,10939777916.80,11894329154.54
[object Object],SO,Southern Company,NYSE,86.76,stock,common,100.00,1.00,false,0.00,USD,0.61,5313922.00,0.94,99805500985.41,USD,20.93,4.14,7.00,3.48,Utilities,america,Utilities,Neutral,Neutral,0.61,-2.43,-6.87,-6.21,-9.78,-0.47,-5.27,33.46,68.07,913.07,1.49,1.42,Sell,Sell,StrongSell,Strong sell,Neutral,Neutral,34.29,-1.55,-3.37,-125.51,11.55,7.62,long_lower_shadow_bullish,86.70,0.55,0.70,26020.00,0.48,5313922.00,-10.30,86.60,-0.18,1774386.00,0.03,20.93,2.97,3.26,2.52,9.29,0.00,33.12,176675500985.41,5.85,24.21,12.95,87.51,89.68,91.90,92.94,92.31,100.15,112.00,79.00,101.00,4.59,1.01,1.63,30605230403.00,7230474422.00,8283509526.00
[object Object],ABNB,"Airbnb, Inc. Class A",NASDAQ,165.93,stock,common,100.00,1.00,false,0.00,USD,-0.94,3176273.00,0.82,99356507533.92,USD,37.72,4.40,6.15,0.00,Consumer services,america,Consumer Services,Buy,Buy,-0.94,-1.11,-8.07,17.36,27.61,22.06,36.03,-1.99,13.65,13.65,2.36,2.55,Sell,Sell,Sell,Sell,Neutral,Neutral,39.86,-17.33,-7.39,-110.24,6.47,10.75,0.00,169.71,1.31,0.29,4109.00,1.07,3176273.00,0.19,167.00,0.64,1236216.00,37.89,37.72,6.20,7.56,12.55,20.38,20.39,8.16,89716507533.92,6.78,31.98,31.05,172.16,179.44,166.62,152.36,141.57,185.32,220.00,135.00,188.00,5.32,1.26,2.86,14181230101.00,3580236667.00,4745636480.00
[object Object],HOOD,"Robinhood Markets, Inc. Class A",NASDAQ,109.81,stock,common,100.00,1.00,false,0.00,USD,5.16,21837073.00,0.86,98728224316.46,USD,48.63,2.26,14.70,0.00,Finance,america,Finance,Buy,Buy,5.16,-2.56,17.52,1.84,50.22,-4.91,-6.22,161.95,188.97,188.97,6.00,6.05,Buy,Buy,Buy,Buy,Neutral,Neutral,52.19,2.82,7.08,-16.52,30.71,38.49,long_lower_shadow_bullish,110.26,5.59,1.65,1525983.00,5.44,21837073.00,-35.06,109.39,-0.38,1529809.00,3.67,48.63,3.15,19.08,10.41,0.00,0.00,16.99,120584224316.46,24.16,54.64,52.47,114.44,104.92,103.08,95.71,94.92,133.06,170.00,80.00,134.00,2.14,0.43,0.52,5240823078.00,1286601143.00,1367537654.00
[object Object],CME,CME Group Inc. Class A,NASDAQ,271.15,stock,common,100.00,1.00,false,0.00,USD,-0.48,1593797.00,0.91,97499910264.79,USD,22.99,11.79,14.12,4.13,Finance,america,Finance,Buy,Buy,-0.48,-1.90,-0.08,7.25,-12.62,-0.40,3.91,44.14,148.74,3376.28,1.71,1.88,Sell,Sell,Sell,Sell,Neutral,Neutral,46.80,-6.62,1.88,-119.91,13.45,23.79,doji,271.18,-0.47,-0.90,2250.00,-0.45,1593797.00,-3.67,270.88,-0.10,350188.00,7.69,22.99,1.64,14.53,3.67,22.73,23.25,42.97,99088410264.79,14.63,22.47,20.90,276.50,274.04,265.54,265.90,278.72,284.40,330.00,230.00,286.00,12.25,2.91,2.94,7017832218.00,1682065411.00,1692268108.00
[object Object],GD,General Dynamics Corporation,NYSE,355.95,stock,common,100.00,1.00,false,0.00,USD,-1.13,1151899.00,1.00,96304831759.74,USD,21.70,16.40,10.14,1.72,Electronic technology,america,Electronic Technology,Buy,Buy,-1.13,0.68,-9.64,-2.55,1.99,5.77,8.93,83.48,137.06,48785.84,1.83,1.78,Sell,Sell,StrongSell,Strong sell,Neutral,Neutral,34.56,-8.12,-20.05,-69.04,19.96,18.59,0.00,360.67,0.19,1.32,8448.00,0.34,1151899.00,14.80,355.78,-0.05,189668.00,14.54,21.70,2.17,1.79,3.59,12.64,15.10,22.47,101450831759.74,1.85,17.91,15.36,357.60,375.99,376.72,362.04,355.16,425.15,465.00,319.00,430.50,16.98,3.96,4.12,55937140375.00,13522056180.00,13714174816.00
[object Object],USB,U.S. Bancorp,NYSE,60.25,stock,common,100.00,1.00,false,0.00,USD,0.87,8302065.00,1.14,93872602978.90,USD,12.02,5.01,19.95,3.48,Finance,america,Finance,Buy,Buy,0.87,-2.62,-7.56,2.80,17.20,12.98,23.97,5.94,41.00,8971.13,2.91,1.90,Sell,Sell,StrongSell,Strong sell,Neutral,Neutral,37.25,-2.52,-1.27,-252.89,32.35,45.90,0.00,60.59,1.44,0.64,1890.00,1.42,8302065.00,-52.44,60.25,0.00,1987628.00,26.31,12.02,0.60,3.16,1.55,7.57,7.57,0.00,130660602978.90,3.00,0.00,0.00,62.16,62.93,63.09,59.95,57.29,70.19,77.00,62.00,69.00,5.22,1.28,1.30,30982004905.00,7577200835.00,7963865858.00
[object Object],TT,Trane Technologies plc,NYSE,423.33,stock,common,100.00,1.00,false,0.00,USD,0.39,909909.00,0.92,93142410367.56,USD,32.07,13.20,4.75,0.94,Producer manufacturing,america,Producer Manufacturing,Buy,Buy,0.39,-3.68,-9.97,-12.20,0.32,8.30,5.83,130.63,760.30,18825.50,2.68,2.02,Sell,Sell,StrongSell,Strong sell,Neutral,Neutral,31.47,-15.69,-28.29,-144.07,17.89,17.14,0.00,0.00,0.00,0.00,0.00,2.15,909909.00,-3.68,423.33,0.00,190279.00,5.91,32.07,6.72,4.22,10.82,23.97,26.19,71.45,96463110367.58,4.34,23.94,21.85,435.94,453.83,460.80,465.93,445.25,535.52,575.00,440.00,548.00,15.28,4.27,4.72,23751208470.00,6197117629.00,6478918532.00
[object Object],CEG,Constellation Energy Corporation,NASDAQ,262.80,stock,common,100.00,1.00,false,0.00,USD,1.26,3418272.00,1.20,93111977198.41,USD,25.59,10.27,7.15,0.64,Utilities,america,Utilities,StrongBuy,Strong buy,1.26,-9.43,-4.70,-2.21,-16.42,-26.59,-18.52,591.58,591.58,591.58,3.57,3.18,Sell,Sell,StrongSell,Strong sell,Neutral,Neutral,40.72,-27.24,-8.01,-116.25,8.63,9.12,spinning_top_black,265.00,2.11,1.13,24914.00,2.06,3418272.00,24.50,263.05,0.10,602125.00,3.49,25.59,3.53,3.03,2.92,22.49,306.17,87.84,117079977198.41,3.80,25.46,14.16,279.45,277.16,271.08,273.32,293.36,349.89,441.00,290.00,360.00,12.05,2.29,3.73,33427400595.00,7730228198.00,9212761479.00
[object Object],VRT,Vertiv Holdings Co. Class A,NYSE,241.49,stock,common,100.00,1.00,false,0.00,USD,0.87,4953374.00,0.80,92970799351.82,USD,54.64,4.42,111.13,0.09,Electronic technology,america,Electronic Technology,StrongBuy,Strong buy,0.87,-6.80,-14.06,-27.09,-10.10,42.50,78.04,905.37,2389.59,2389.59,4.46,4.86,Sell,Sell,StrongSell,Strong sell,Buy,Buy,41.43,-15.21,-22.10,-94.48,16.91,16.25,0.00,249.76,4.32,2.04,90079.00,4.32,4953374.00,-10.18,242.80,0.54,485464.00,108.10,54.64,0.49,8.19,19.54,28.28,32.37,29.87,93133399351.82,8.11,40.95,34.99,256.12,265.16,272.94,298.69,260.74,339.18,427.00,245.00,340.00,6.72,1.42,1.82,14022863257.00,3379044204.00,3758729033.00
[object Object],HCA,HCA Healthcare Inc,NYSE,429.04,stock,common,100.00,1.00,false,0.00,USD,-0.32,1187972.00,0.82,92887799989.57,USD,14.36,29.87,25.47,0.70,Health services,america,Health Services,Buy,Buy,-0.32,1.52,4.89,10.05,-14.21,-7.89,6.80,64.15,470.15,1275.13,2.95,3.06,Buy,Buy,StrongBuy,Strong buy,Buy,Buy,59.73,26.98,10.65,95.38,84.03,80.31,tweezer_top_bearish,432.48,0.48,0.48,88.00,0.36,1187972.00,-13.27,429.04,0.00,302677.00,-5.78,14.36,0.57,1.23,0.00,8.59,15.94,84.60,146742799989.57,1.88,12.15,9.32,419.50,416.18,405.93,403.52,449.07,454.25,579.00,380.00,450.00,29.47,7.56,6.71,78503335158.00,19756774446.00,19345597502.00
[object Object],PWR,"Quanta Services, Inc.",NYSE,616.54,stock,common,100.00,1.00,false,0.00,USD,-0.44,725467.00,0.93,92692714225.93,USD,70.61,8.73,35.41,0.07,Industrial services,america,Industrial Services,StrongBuy,Strong buy,-0.44,-0.59,-12.97,-14.61,6.74,45.09,62.89,424.58,2388.05,8307.32,3.90,3.49,Sell,Sell,StrongSell,Strong sell,Neutral,Neutral,45.16,5.76,-24.48,-17.26,37.71,45.51,0.00,636.92,2.85,1.25,2718.00,2.96,725467.00,-2.67,616.54,0.00,137678.00,66.51,70.61,2.00,2.87,9.61,29.57,39.31,184.22,98889673225.93,3.01,46.87,31.49,625.10,641.58,642.72,678.43,595.08,797.58,976.00,483.18,800.00,16.73,3.31,4.96,39400449992.00,8609759501.00,10912268861.00
[object Object],PNC,"PNC Financial Services Group, Inc.",NYSE,232.01,stock,common,100.00,1.00,false,0.00,USD,0.22,1739984.00,1.17,92558921808.49,USD,12.76,18.18,24.22,3.07,Finance,america,Finance,Buy,Buy,0.22,-3.60,-9.33,-0.70,14.69,11.15,15.16,22.17,160.60,6218.57,2.78,1.99,Sell,Sell,StrongSell,Strong sell,Neutral,Neutral,32.19,-10.45,-7.54,-277.84,26.67,40.73,0.00,0.00,0.00,0.00,0.00,1.08,1739984.00,-36.80,232.01,0.00,507070.00,17.12,12.76,0.53,3.71,1.59,9.58,9.58,0.00,179663921808.49,5.03,0.00,0.00,240.86,245.51,247.96,237.87,226.80,278.18,305.00,260.00,279.00,18.99,4.46,4.91,26319423673.00,6513615477.00,6610779943.00
[object Object],MELI,"MercadoLibre, Inc.",NASDAQ,1825.21,stock,common,100.00,1.00,false,0.00,USD,-0.79,963360.00,2.03,92532304786.25,USD,49.67,36.75,-9.25,0.00,Retail trade,america,Retail Trade,Buy,Buy,-0.79,-2.26,2.42,11.63,10.22,-9.98,-23.81,-3.58,945.31,8196.41,2.79,3.23,Sell,Sell,StrongSell,Strong sell,Neutral,Neutral,41.57,-181.37,-32.91,-161.52,9.38,13.78,0.00,1849.97,0.56,0.55,1919.00,0.42,963360.00,2.44,1820.46,-0.26,35459.00,-17.49,49.67,0.00,2.65,11.81,9.01,10.36,4.91,92048304786.25,2.62,31.66,23.65,1896.97,1896.82,1877.88,1780.26,1854.39,2300.27,2800.00,1750.00,2300.00,37.91,8.65,9.25,41574166975.00,9794199521.00,10566383780.00
[object Object],DUK,Duke Energy Corporation,NYSE,118.54,stock,common,100.00,1.00,false,0.00,USD,0.66,4144537.00,1.16,92425901587.42,USD,17.78,6.67,8.98,3.63,Utilities,america,Utilities,Buy,Buy,0.66,-2.02,-5.14,-3.63,-9.12,1.16,-1.82,17.37,50.93,626.23,1.27,1.34,Sell,Sell,StrongSell,Strong sell,Buy,Buy,38.46,-2.02,-3.04,-150.31,11.56,8.76,long_lower_shadow_bullish,118.10,0.29,0.42,1657.00,0.51,4144537.00,8.37,118.00,-0.46,802215.00,-0.97,17.78,1.97,2.76,1.72,7.97,0.00,113.30,186901901587.42,5.62,21.12,12.08,119.52,121.38,123.42,124.27,124.12,137.65,147.00,129.00,137.00,6.71,1.30,1.89,33617004273.00,7658943967.00,8912238409.00
[object Object],ATCO_A,Atlas Copco AB Class A,OMXSTO,199.15,stock,common,100.00,5.00,false,0.00,SEK,1.74,4070310.00,1.23,92207562315.84,USD,36.48,0.56,-5.20,2.04,Producer manufacturing,sweden,Producer Manufacturing,Buy,Buy,1.74,-2.43,-3.09,2.63,23.85,19.83,27.66,41.57,247.81,2558.21,2.26,2.04,Sell,Sell,Sell,Sell,Neutral,Neutral,46.86,-1.45,-7.51,-74.69,28.04,21.75,0.00,0.00,0.00,0.00,0.00,0.46,4070310.00,15.11,0.00,0.00,0.00,33.02,36.48,0.00,5.62,9.14,30.00,36.22,66.09,94363205315.84,5.41,26.85,20.79,200.61,203.92,201.74,192.44,185.15,22.81,25.86,16.16,22.73,0.66,0.15,0.16,19682197624.21,4517839016.48,4737292339.95
[object Object],HWM,Howmet Aerospace Inc.,NYSE,225.76,stock,common,100.00,1.00,false,0.00,USD,-0.87,2521019.00,0.55,90033400479.28,USD,48.69,4.64,35.49,0.22,Electronic technology,america,Electronic Technology,StrongBuy,Strong buy,-0.87,-2.50,-21.17,-21.70,-2.43,9.86,20.35,647.30,1293.24,782.29,2.82,3.19,Sell,Sell,StrongSell,Strong sell,Neutral,Neutral,30.41,-27.20,-37.41,-93.80,6.55,6.78,0.00,231.48,1.65,0.96,816.00,0.63,2521019.00,-22.63,226.45,0.31,475048.00,45.57,48.69,1.38,10.04,15.75,40.86,50.67,160.91,94133400479.28,10.33,37.80,33.70,234.67,260.98,268.51,265.05,246.62,343.43,376.00,314.00,343.00,5.33,1.24,1.37,10102818517.00,2427901087.00,2582956689.00
[object Object],RACE,Ferrari NV,MIL,359.30,stock,common,100.00,5.00,false,0.00,EUR,0.66,428582.00,1.33,89923882942.94,USD,38.96,10.53,3.62,1.01,Consumer durables,italy,Consumer Durables,Buy,Buy,0.66,3.44,-0.19,13.85,31.08,12.99,-11.28,96.55,751.42,735.58,2.13,2.26,Buy,Buy,StrongBuy,Strong buy,Neutral,Neutral,55.75,1.60,-2.59,41.84,56.32,48.15,spinning_top_black,0.00,0.00,0.00,0.00,0.85,428582.00,-18.94,0.00,0.00,0.00,-21.17,38.96,10.68,8.56,17.28,26.33,33.18,42.02,91830274382.96,10.93,36.71,28.03,353.21,357.05,347.98,325.93,314.91,460.70,534.00,383.08,464.34,11.57,2.86,2.76,8982560857.65,2139109182.50,2191580654.66
[object Object],ELV,"Elevance Health, Inc.",NYSE,414.26,stock,common,100.00,1.00,false,0.00,USD,0.41,1189795.00,0.94,89840272874.28,USD,18.41,22.50,-4.24,1.66,Health services,america,Health Services,Buy,Buy,0.41,1.69,5.02,5.50,42.56,18.11,32.99,10.25,236.22,4218.00,2.37,2.23,Buy,Buy,StrongBuy,Strong buy,Neutral,Neutral,56.18,8.42,18.80,73.46,65.95,74.12,doji,414.70,0.52,-0.27,231.00,0.49,1189795.00,6.39,414.26,0.00,181083.00,20.43,18.41,0.00,0.45,2.00,12.09,14.35,0.00,121023272874.28,0.60,0.00,0.00,412.50,402.64,397.40,395.34,362.69,447.86,492.00,393.00,457.00,27.17,6.21,4.66,197212386508.00,48876839049.00,49295773568.00
[object Object],GLEN,Glencore plc,LSE,580.20,stock,common,10.00,1.00,false,0.00,GBX,1.63,31942436.00,0.96,89606023033.54,USD,17.24,0.45,0.00,2.19,Distribution services,uk,Distribution Services,Buy,Buy,1.63,-7.30,5.68,3.22,10.51,41.37,87.74,71.66,207.80,5.88,2.65,2.65,Neutral,Neutral,Neutral,Neutral,Sell,Sell,47.86,-25.60,3.36,-147.81,8.78,12.11,0.00,0.00,0.00,0.00,0.00,-0.11,31942436.00,9.99,580.20,0.00,13307500.00,107.20,17.24,0.00,0.30,2.17,14.23,0.00,25.43,126611360686.58,0.42,18.06,9.17,598.32,586.06,562.87,562.04,524.95,8.60,10.54,6.37,8.64,0.58,0.28,0.29,316562232567.53,145583178167.00,144602299644.00
[object Object],CSX,CSX Corporation,NASDAQ,47.90,stock,common,100.00,1.00,false,0.00,USD,0.00,9787924.00,1.09,88733548310.00,USD,27.66,1.73,6.40,1.15,Transportation,america,Transportation,Buy,Buy,0.00,-0.95,-6.04,4.33,24.48,31.61,47.20,55.37,393.31,12144.53,1.83,1.91,Sell,Sell,StrongSell,Strong sell,Neutral,Neutral,34.92,-0.75,-1.53,-94.01,11.16,17.12,0.00,48.64,1.54,0.25,2008.00,1.46,9787924.00,-14.23,47.90,0.00,2257713.00,50.33,27.66,4.32,6.14,6.30,16.73,31.85,64.06,106706548310.00,7.35,20.85,15.76,48.71,49.93,50.19,48.25,43.72,53.79,60.00,32.00,54.00,2.01,0.52,0.54,15199276198.00,3894161834.00,3929108059.00
[object Object],KKR,KKR & Co Inc,NYSE,98.19,stock,common,100.00,1.00,false,0.00,USD,1.39,3175588.00,0.83,88138838206.33,USD,31.30,3.14,50.44,0.78,Finance,america,Finance,Buy,Buy,1.39,-4.67,-9.42,-0.21,8.62,-23.81,-32.02,47.30,573.46,322.32,3.17,2.86,Sell,Sell,StrongSell,Strong sell,Buy,Buy,38.19,-8.24,-6.23,-137.79,10.51,11.09,long_upper_shadow_bearish,98.85,2.08,1.06,1744.00,1.83,3175588.00,-21.54,98.19,0.00,623164.00,-22.73,31.30,0.61,3.89,3.09,10.06,10.23,4.38,174055153206.33,7.40,31.53,30.81,102.66,106.46,103.94,100.12,104.99,128.89,166.00,115.00,127.00,6.63,1.43,1.62,10616473741.00,2547923223.00,2725736425.00
[object Object],WMB,"Williams Companies, Inc.",NYSE,71.81,stock,common,100.00,1.00,false,0.00,USD,1.28,5923094.00,0.77,87835658663.19,USD,28.67,2.51,26.39,2.89,Industrial services,america,Industrial Services,StrongBuy,Strong buy,1.28,-4.16,-3.82,0.04,-3.00,19.46,23.68,183.50,144.83,3008.88,2.50,2.88,Sell,Sell,StrongSell,Strong sell,Buy,Buy,44.76,-3.35,-1.02,-73.16,18.44,19.73,0.00,71.32,0.59,0.16,1599.00,0.35,5923094.00,-35.90,71.81,0.00,1685290.00,31.32,28.67,1.07,7.05,6.68,14.68,0.00,433.34,120638658663.19,9.79,25.77,16.97,73.11,73.11,73.10,73.66,70.68,86.20,103.00,75.00,85.00,2.46,0.50,0.53,12399531453.00,2828370473.00,3014140570.00
[object Object],MNST,Monster Beverage Corporation,NASDAQ,44.51,stock,common,100.00,1.00,false,0.00,USD,-0.13,9154546.00,0.96,87197393143.34,USD,41.30,1.08,34.58,0.00,Consumer non-durables,america,Consumer Non-Durables,Buy,Buy,-0.13,4.17,-3.09,-3.26,21.17,16.11,34.11,88.09,266.09,136635.07,1.76,1.84,Sell,Sell,Sell,Sell,Neutral,Neutral,43.78,0.09,-1.77,-35.53,43.69,36.20,0.00,44.98,0.92,-0.83,16605.00,0.47,9154546.00,14.13,44.51,0.00,3465537.00,44.03,41.30,1.20,9.56,9.31,39.30,41.94,25.73,83778137143.34,9.09,31.16,29.83,43.83,45.71,46.66,45.40,42.07,51.12,57.00,42.00,50.50,1.16,0.29,0.30,9752981367.00,2428904018.00,2485457593.00
[object Object],MAR,"Marriott International, Inc. Class A",NASDAQ,334.00,stock,common,100.00,1.00,false,0.00,USD,-0.29,1000851.00,0.64,87095943310.58,USD,34.62,9.65,8.84,0.84,Consumer services,america,Consumer Services,Buy,Buy,-0.29,1.06,-6.80,-16.21,3.38,7.55,24.91,130.31,383.57,1917.46,2.21,1.98,Sell,Sell,StrongSell,Strong sell,Neutral,Neutral,39.27,0.86,-12.19,-51.63,37.99,40.09,0.00,0.00,0.00,0.00,0.00,0.82,1000851.00,-18.52,334.00,0.00,286060.00,21.51,34.62,3.93,3.29,0.00,23.70,28.21,191.22,104407943310.58,3.88,24.67,23.15,334.33,346.55,355.41,364.31,346.33,384.75,425.00,280.00,394.00,11.72,3.08,2.82,27800403269.00,7192559810.00,6916701179.00
[object Object],ICE,"Intercontinental Exchange, Inc.",NYSE,153.30,stock,common,100.00,1.00,false,0.00,USD,-0.52,3098867.00,0.94,86061775693.04,USD,21.65,7.08,35.92,1.30,Finance,america,Finance,StrongBuy,Strong buy,-0.52,-2.06,-1.93,12.56,-3.65,-4.98,-10.78,29.40,173.07,1865.38,2.04,1.91,Sell,Sell,StrongSell,Strong sell,Neutral,Neutral,43.48,-4.55,-0.46,-163.05,14.25,20.04,0.00,154.12,0.01,0.01,500.00,0.13,3098867.00,6.98,153.15,-0.10,717823.00,-10.60,21.65,0.61,6.64,2.91,15.74,17.09,33.63,104109775693.04,7.92,17.20,13.70,157.54,157.15,152.17,148.26,155.30,186.86,232.00,163.00,181.50,8.10,1.84,1.90,11031475427.00,2630985298.00,2687156904.00
[object Object],LLOY,Lloyds Banking Group plc,LSE,112.20,stock,common,100.00,5.00,false,0.00,GBX,0.85,99093351.00,0.58,86005236564.61,USD,14.08,0.11,0.00,3.60,Finance,uk,Finance,Buy,Buy,0.85,2.09,-2.01,6.86,18.93,14.21,35.02,149.33,96.64,-13.71,2.23,1.89,Buy,Buy,StrongBuy,Strong buy,Neutral,Neutral,52.49,-0.25,-2.20,62.95,53.06,40.27,0.00,0.00,0.00,0.00,0.00,0.09,99093351.00,-69.30,112.20,0.00,31082803.00,37.46,14.08,0.00,1.92,1.57,0.00,0.00,0.00,219924410964.61,8.03,0.00,0.00,110.96,112.00,112.57,107.52,103.56,1.72,1.92,1.26,1.71,0.14,0.03,0.04,28309248434.36,6789607413.26,7211606880.05
[object Object],JCI,Johnson Controls International plc,NYSE,141.06,stock,common,100.00,1.00,false,0.00,USD,0.42,2775895.00,0.77,85445899005.61,USD,24.52,5.75,70.85,1.14,Producer manufacturing,america,Producer Manufacturing,Buy,Buy,0.42,-1.57,-6.83,-5.14,6.00,17.10,31.91,88.84,254.45,37850.29,2.56,2.14,Sell,Sell,StrongSell,Strong sell,Neutral,Neutral,46.18,1.81,-5.03,-7.82,36.88,35.65,0.00,144.01,2.52,2.37,969.00,1.80,2775895.00,-12.16,141.06,0.00,775976.00,21.65,24.52,0.34,3.43,6.34,42.35,51.87,132.79,94305899005.61,3.77,26.21,21.57,142.49,145.25,144.64,143.34,135.82,167.76,194.00,130.00,162.00,5.07,1.30,1.58,25574594733.00,6463153955.00,7021694211.00
[object Object],WM,"Waste Management, Inc.",NYSE,213.33,stock,common,100.00,1.00,false,0.00,USD,-0.31,2163926.00,0.99,85271239230.77,USD,30.20,7.06,4.82,1.65,Industrial services,america,Industrial Services,Buy,Buy,-0.31,-2.10,-6.20,-1.38,-8.91,-2.74,-0.54,39.33,241.27,4062.54,1.63,1.48,Sell,Sell,StrongSell,Strong sell,Neutral,Neutral,36.18,-5.71,-6.36,-145.33,22.63,27.35,0.00,214.80,0.37,0.22,2333.00,0.18,2163926.00,22.70,212.25,-0.51,281985.00,-3.39,30.20,6.28,3.36,8.60,13.17,24.03,151.67,108062239230.77,4.21,22.74,13.79,216.58,221.26,226.31,223.67,225.22,261.22,277.00,230.00,263.00,8.11,1.98,2.19,26377361682.00,6709225647.00,6799244571.00
[object Object],UPS,"United Parcel Service, Inc. Class B",NYSE,100.17,stock,common,100.00,1.00,false,0.00,USD,1.42,3195943.00,0.85,85222784188.64,USD,18.65,5.37,-20.14,6.64,Transportation,america,Transportation,Buy,Buy,1.42,1.18,-1.80,-5.58,3.17,0.88,17.75,-47.98,-6.05,54.11,2.33,1.81,StrongSell,Strong sell,StrongSell,Strong sell,Neutral,Neutral,41.77,-2.84,-2.61,-96.53,24.90,30.35,"harami_cross_bullish,doji",100.15,1.40,0.75,41178.00,1.49,3195943.00,-35.40,100.44,0.27,539446.00,20.84,18.65,0.00,0.93,5.66,9.61,15.62,18.32,109274784188.64,1.21,13.04,8.93,100.95,102.87,106.28,105.63,105.16,116.36,135.00,76.00,118.00,7.19,1.66,1.64,91452487720.00,21858106934.00,22148196163.00
[object Object],BARC,Barclays PLC,LSE,478.85,stock,common,100.00,5.00,false,0.00,GBX,0.74,35263809.00,1.05,85169231432.24,USD,9.49,0.67,18.46,2.42,Finance,uk,Finance,Buy,Buy,0.74,-1.85,-6.84,-2.97,22.78,0.34,26.95,161.67,186.74,199.04,2.58,2.07,Sell,Sell,StrongSell,Strong sell,Sell,Sell,41.40,-14.55,-20.49,-115.14,26.36,26.87,0.00,0.00,0.00,0.00,0.00,0.52,35263809.00,-13.67,478.85,0.00,12454126.00,29.26,9.49,0.51,1.41,0.98,0.00,0.00,0.00,-226534371767.76,0.00,0.00,0.00,486.33,497.74,505.33,485.72,466.68,7.78,8.84,6.88,7.79,0.71,0.20,0.17,42428781336.27,10677256300.24,10186542811.53
[object Object],MMM,3M Company,NYSE,164.71,stock,common,100.00,1.00,false,0.00,USD,1.27,2401270.00,0.83,84944635311.08,USD,29.25,5.63,-21.67,1.89,Producer manufacturing,america,Producer Manufacturing,Buy,Buy,1.27,0.16,-8.80,1.92,16.31,2.88,5.25,8.79,12.01,4535.38,2.44,1.88,Sell,Sell,Sell,Sell,Neutral,Neutral,38.94,-4.04,-11.57,-72.10,18.78,16.38,0.00,163.46,0.50,0.50,100.00,1.35,2401270.00,-16.83,164.71,0.00,857244.00,6.85,29.25,0.00,3.37,28.78,17.56,21.59,25.84,94827635311.08,3.77,18.05,14.27,165.07,174.33,172.27,162.77,160.71,189.67,219.00,132.00,192.00,8.95,2.25,2.39,25434394900.00,6398083141.00,6617318752.00
[object Object],DDOG,"Datadog, Inc. Class A",NASDAQ,236.00,stock,common,100.00,1.00,false,0.00,USD,2.26,2803056.00,0.74,84741707581.37,USD,482.12,0.49,41.43,0.00,Technology services,america,Technology Services,StrongBuy,Strong buy,2.26,6.62,-5.14,5.34,84.14,71.95,75.13,62.84,484.88,484.88,4.66,4.68,Buy,Buy,StrongBuy,Strong buy,Buy,Buy,52.58,26.77,-9.82,68.27,61.78,55.51,0.00,229.27,-0.66,0.66,16588.00,-0.51,2803056.00,1.06,235.71,-0.12,730321.00,71.12,482.12,11.38,21.59,19.40,71.24,74.07,17.56,81034070581.37,20.43,4257.33,486.92,223.32,232.47,244.41,230.01,178.87,288.05,330.00,158.00,295.00,2.53,0.58,0.64,4473174689.00,1079748993.00,1144766329.00
[object Object],DASH,"DoorDash, Inc. Class A",NASDAQ,194.56,stock,common,100.00,1.00,false,0.00,USD,-1.12,2763357.00,0.82,84307499506.78,USD,102.16,1.90,5.95,0.00,Transportation,america,Transportation,Buy,Buy,-1.12,0.29,-8.61,16.61,23.31,-15.31,-26.04,-12.77,6.90,6.90,2.84,3.34,Sell,Sell,StrongSell,Strong sell,Sell,Sell,36.12,-31.68,-14.37,-96.91,10.16,15.62,0.00,199.27,1.28,1.08,1030.00,2.03,2763357.00,-9.16,194.56,0.00,687550.00,-6.24,102.16,17.36,5.44,8.50,30.20,39.96,15.12,81968499506.78,5.16,94.43,43.88,202.75,215.72,205.37,186.10,188.61,261.23,350.00,203.00,261.00,2.61,0.47,0.83,17841399829.00,4339595133.00,4556012569.00
[object Object],INTU,Intuit Inc.,NASDAQ,313.13,stock,common,100.00,1.00,false,0.00,USD,-1.57,4120674.00,1.32,83679607594.34,USD,18.98,16.50,20.32,1.51,Technology services,america,Technology Services,Buy,Buy,-1.57,-0.29,-10.02,19.97,-29.55,-52.60,-52.10,-45.34,186.17,13563.99,3.38,3.78,StrongSell,Strong sell,StrongSell,Strong sell,Sell,Sell,41.55,-29.81,-12.53,-103.08,18.54,28.87,0.00,320.50,0.74,1.00,48551.00,0.33,4120674.00,65.06,313.88,0.24,991690.00,-48.88,18.98,0.95,4.03,4.42,9.64,9.88,11.83,84900607594.34,3.96,13.74,12.09,324.39,340.15,323.76,324.71,414.27,397.41,732.00,290.00,385.00,23.25,3.58,2.46,23417076753.00,4266803336.00,4305826711.00
[object Object],MRSH,"Marsh & McLennan Companies, Inc.",NYSE,174.58,stock,common,100.00,1.00,false,0.00,USD,-1.23,3135441.00,1.41,83311541484.77,USD,21.36,8.17,-1.91,2.09,Finance,america,Finance,Neutral,Neutral,-1.23,-1.60,-6.53,5.83,1.02,-5.33,-11.56,10.87,164.11,169616.62,1.93,1.84,StrongSell,Strong sell,StrongSell,Strong sell,Sell,Sell,33.92,-13.26,-9.66,-123.72,11.27,15.39,0.00,0.00,0.00,0.00,0.00,-0.35,3135441.00,3.30,174.58,0.00,576626.00,-11.37,21.36,0.00,3.05,5.50,16.57,17.65,49.50,104243541484.77,3.73,15.35,13.54,179.73,186.69,185.70,175.68,177.83,204.24,234.00,178.00,201.00,10.45,2.90,1.98,28575334268.00,7279532596.00,6657801084.00
[object Object],EMR,Emerson Electric Co.,NYSE,147.40,stock,common,100.00,1.00,false,0.00,USD,1.08,2030988.00,0.94,82219719232.83,USD,32.21,4.58,-1.70,1.52,Electronic technology,america,Electronic Technology,Buy,Buy,1.08,-0.79,-8.50,-3.20,13.73,10.64,13.80,51.77,186.99,7175.34,2.27,2.13,Sell,Sell,Sell,Sell,Neutral,Neutral,43.00,-1.58,-6.82,-84.57,13.26,15.66,0.00,149.10,2.24,1.97,1602.00,2.32,2030988.00,-19.28,147.40,0.00,442083.00,11.37,32.21,0.00,4.39,4.03,21.14,23.90,37.94,93856719232.83,5.04,24.45,17.64,149.46,154.87,150.78,145.64,143.51,176.74,205.00,135.00,180.00,6.56,1.68,1.85,18877427217.00,4804533720.00,5100282541.00
[object Object],IFX,Infineon Technologies AG,XETR,54.40,stock,common,100.00,1.00,false,0.00,EUR,-1.09,3922401.00,1.07,82045022451.83,USD,59.62,1.04,76.26,0.64,Electronic technology,germany,Electronic Technology,Buy,Buy,-1.09,-4.29,-10.56,-33.74,40.39,44.24,68.37,42.91,265.59,-13.06,3.75,3.66,Sell,Sell,StrongSell,Strong sell,Neutral,Neutral,41.98,-1.13,-3.19,-99.58,17.60,20.89,0.00,55.10,0.18,0.18,7546.00,-1.82,3922401.00,60.19,54.51,0.20,1567766.00,67.72,59.62,0.79,4.64,4.07,21.29,43.52,43.23,89130117321.83,5.01,38.11,19.87,56.52,57.57,60.18,67.10,54.40,101.97,143.08,57.69,105.58,2.05,0.51,0.71,19182226560.80,4718427044.56,5365078699.47
[object Object],AMT,American Tower Corporation,NYSE,175.58,stock,common,100.00,1.00,false,0.00,USD,-0.46,2668086.00,1.22,81813265732.79,USD,24.14,7.27,164.02,3.96,Finance,america,Finance,StrongBuy,Strong buy,-0.46,-0.34,0.41,-3.34,-4.59,0.18,-9.94,-39.77,61.80,910.53,2.28,2.05,Sell,Sell,Sell,Sell,Neutral,Neutral,50.96,2.66,2.29,-26.54,56.72,59.57,0.00,176.92,0.30,-0.11,350.00,0.56,2668086.00,13.60,175.67,0.05,438638.00,-12.63,24.14,0.15,7.52,21.99,14.18,20.67,43.26,131433365732.79,12.01,26.60,18.74,176.22,174.77,172.64,176.02,177.48,215.73,260.00,188.00,210.00,6.97,1.57,1.64,11027432011.00,2699481153.00,2759901453.00
[object Object],CMCSA,Comcast Corporation Class A,NASDAQ,22.91,stock,common,100.00,1.00,false,0.00,USD,-3.46,36224065.00,1.39,81299260959.92,USD,7.42,3.09,-49.00,5.56,Consumer services,america,Consumer Services,Buy,Buy,-3.46,-6.87,-11.54,0.70,-20.80,-18.17,-24.38,-57.04,-25.87,90149.37,2.96,2.56,StrongSell,Strong sell,StrongSell,Strong sell,Sell,Sell,30.48,-3.90,-1.25,-185.60,4.33,11.94,0.00,23.83,0.42,0.13,96732.00,0.29,36224065.00,49.10,23.00,0.39,5329630.00,-25.94,7.42,0.00,0.68,0.91,2.52,4.00,10.68,164211260959.92,1.31,8.85,4.79,25.04,25.86,25.00,24.81,26.89,30.75,52.00,22.00,29.00,3.49,0.97,0.99,120486735967.00,29235581590.00,29389060967.00
[object Object],REGN,"Regeneron Pharmaceuticals, Inc.",NASDAQ,789.45,stock,common,100.00,1.00,false,0.00,USD,1.92,702779.00,1.28,81277812374.36,USD,19.51,40.46,1.95,0.48,Health technology,america,Health Technology,Buy,Buy,1.92,-0.62,-3.02,28.98,6.95,1.96,36.98,21.61,95.53,3637.04,2.22,2.21,Neutral,Neutral,Buy,Buy,Neutral,Neutral,49.21,-62.58,-18.08,-91.24,10.94,9.78,0.00,0.00,0.00,0.00,0.00,0.85,702779.00,83.52,789.45,0.00,220253.00,38.50,19.51,9.80,5.29,2.57,17.88,22.25,10.45,75979612374.36,4.89,18.20,16.16,799.58,807.87,761.23,706.64,733.62,855.72,1030.00,737.00,860.00,54.51,10.16,15.99,17057259346.00,3817252148.00,4541312027.00
[object Object],ENI,Eni S.p.A.,MIL,24.09,stock,common,1000.00,5.00,false,0.00,EUR,-0.60,7398642.00,0.93,81250450951.33,USD,14.08,1.95,116.81,4.33,Energy minerals,italy,Energy Minerals,Buy,Buy,-0.60,0.58,0.04,11.99,1.75,48.98,60.92,128.34,89.98,344.24,2.04,1.94,Buy,Buy,StrongBuy,Strong buy,Sell,Sell,56.56,0.23,0.44,64.69,85.83,85.99,0.00,0.00,0.00,0.00,0.00,-0.89,7398642.00,-2.96,24.09,0.00,34600.00,49.99,14.08,0.12,0.88,1.53,5.55,20.26,4.80,118883641321.33,1.26,17.07,7.96,23.86,23.70,23.20,22.83,21.09,29.92,35.22,21.94,30.02,3.18,0.82,0.90,113641834116.21,32921650334.84,31678675958.03
[object Object],PRX,Prosus N.V. Class N,EURONEXT,35.79,stock,common,1000.00,5.00,false,0.00,EUR,0.63,2798887.00,1.19,81201478346.89,USD,7.80,5.30,-4.52,0.56,Technology services,netherlands,Technology Services,Buy,Buy,0.63,0.85,-3.65,-8.41,-12.75,-33.45,-35.56,14.72,2.64,2.64,1.75,1.92,Sell,Sell,StrongSell,Strong sell,Neutral,Neutral,39.92,-1.09,-2.29,-94.97,20.32,21.23,long_lower_shadow_bullish,0.00,0.00,0.00,0.00,0.80,2798887.00,-9.14,35.79,0.00,1087019.00,-33.56,7.80,0.00,9.13,1.65,55.72,59.33,5.63,83167308515.27,8.61,273.72,100.88,36.02,37.60,38.33,38.86,42.73,69.50,91.36,45.01,70.80,4.26,1.99,2.10,12616245499.66,5645526000.00,5819552000.00
[object Object],HPE,Hewlett Packard Enterprise Co.,NYSE,61.04,stock,common,100.00,1.00,false,0.00,USD,7.69,25788761.00,0.72,81028447047.69,USD,31.83,1.92,142.21,0.98,Electronic technology,america,Electronic Technology,Buy,Buy,7.69,5.61,9.27,24.13,172.14,151.40,148.64,351.81,392.67,467.77,7.06,5.84,StrongBuy,Strong buy,StrongBuy,Strong buy,Buy,Buy,59.84,9.21,3.16,172.60,73.96,70.01,0.00,57.30,1.09,1.43,197475.00,1.01,25788761.00,7.32,61.14,0.16,4997928.00,125.10,31.83,0.21,1.96,3.06,13.21,21.28,14.09,95056447047.69,2.27,28.27,13.87,56.77,55.17,52.24,46.27,34.73,69.61,88.00,54.00,69.00,3.82,0.93,1.26,46557266609.00,11968872218.00,14339422264.00
[object Object],G,Assicurazioni Generali S.p.A.,MIL,46.19,stock,common,100.00,1.00,false,0.00,EUR,0.68,1985507.00,0.82,80375115295.53,USD,15.69,3.36,18.12,3.57,Finance,italy,Finance,Neutral,Neutral,0.68,3.68,7.42,9.56,35.89,29.13,41.43,163.94,317.25,204.68,1.35,1.44,Buy,Buy,StrongBuy,Strong buy,Neutral,Neutral,73.31,1.47,1.09,172.85,98.36,95.00,0.00,0.00,0.00,0.00,0.00,-0.63,1985507.00,11.68,46.19,0.00,2931.00,32.70,15.69,0.86,0.99,2.18,3.16,3.21,0.00,131117049385.53,1.62,0.00,0.00,45.13,44.31,43.83,42.05,38.57,48.92,83.68,32.67,48.72,3.76,1.83,1.79,121521381856.00,0.00,0.00
[object Object],LITE,"Lumentum Holdings, Inc.",NASDAQ,893.61,stock,common,100.00,1.00,false,0.00,USD,-2.81,4898970.00,1.13,80156816401.28,USD,0.00,-82.23,-34971.97,0.00,Producer manufacturing,america,Producer Manufacturing,StrongBuy,Strong buy,-2.81,-6.86,-1.72,1.32,13.76,135.54,429.67,932.96,2140.19,4704.35,6.54,6.51,Buy,Buy,Buy,Buy,Neutral,Neutral,50.93,23.03,10.62,20.67,31.32,26.22,0.00,934.87,1.68,1.04,92160.00,1.68,4898970.00,-24.43,898.90,0.59,380250.00,741.23,0.00,0.00,25.81,17.05,100.61,251.91,27.61,79089616401.28,26.24,146.68,98.41,904.59,890.77,838.87,863.83,710.66,1148.76,1400.00,820.00,1168.00,21.55,2.97,4.21,6240627300.00,987695457.00,1251266356.00
[object Object],MCO,Moody's Corporation,NYSE,461.88,stock,common,100.00,1.00,false,0.00,USD,-0.74,634388.00,1.01,79997612491.98,USD,29.29,15.77,34.03,0.87,Commercial services,america,Commercial Services,Buy,Buy,-0.74,-2.42,-3.91,0.93,6.04,-9.39,-9.90,26.20,331.74,6087.21,2.04,2.04,Sell,Sell,StrongSell,Strong sell,Neutral,Neutral,37.09,-28.12,-16.80,-117.90,2.22,8.17,0.00,0.00,0.00,0.00,0.00,0.54,634388.00,-11.97,461.42,-0.10,212208.00,-4.19,29.29,0.87,9.95,26.44,24.28,27.16,53.88,86164612491.98,10.56,22.95,20.28,476.82,487.98,488.66,471.23,472.72,564.95,610.00,505.00,573.50,16.93,4.26,4.25,8278904499.00,2087313642.00,2071210558.00
[object Object],BA.,BAE Systems plc,LSE,2043.00,stock,common,1.00,1.00,false,0.00,GBX,0.69,11157472.00,2.06,79458731628.53,USD,29.26,0.93,7.38,1.79,Electronic technology,uk,Electronic Technology,Buy,Buy,0.69,7.64,-8.39,10.13,-11.25,19.23,1.84,267.84,280.80,5241.18,3.00,2.24,Buy,Buy,StrongBuy,Strong buy,Buy,Buy,53.10,64.00,-121.50,31.30,64.94,48.75,doji,0.00,0.00,0.00,0.00,0.79,11157472.00,37.28,2043.00,0.00,2987129.00,14.31,29.26,3.94,2.08,4.83,11.37,13.65,14.16,86106603628.53,2.21,24.36,16.90,1958.50,2084.58,2035.43,1981.55,2003.04,31.51,35.39,22.96,31.87,1.13,0.49,0.62,44648229524.79,20806681867.65,23632305588.32
[object Object],CTAS,Cintas Corporation,NASDAQ,197.96,stock,common,100.00,1.00,false,0.00,USD,-0.75,1555794.00,0.86,79217567905.30,USD,40.33,4.91,11.52,0.94,Commercial services,america,Commercial Services,Buy,Buy,-0.75,-1.27,-1.49,17.00,8.88,5.53,-0.90,98.65,597.35,83129.10,1.92,1.56,Sell,Sell,Sell,Sell,Neutral,Neutral,44.21,-0.13,-1.77,-120.38,20.71,26.21,0.00,199.68,0.11,0.11,100.00,-0.17,1555794.00,-26.29,197.96,0.00,346824.00,-3.07,40.33,3.53,7.16,15.41,35.27,42.71,276.93,81634506905.30,7.25,31.15,26.05,199.92,201.68,201.09,186.90,187.47,217.40,250.00,175.00,225.00,5.50,1.24,1.35,12215977012.00,2872591073.00,2977671385.00
[object Object],MDLZ,"Mondelez International, Inc. Class A",NASDAQ,62.04,stock,common,100.00,1.00,false,0.00,USD,-0.51,7803481.00,1.09,79182148065.31,USD,22.76,2.73,-0.44,3.21,Consumer non-durables,america,Consumer Non-Durables,Buy,Buy,-0.51,-0.72,-1.77,1.82,9.84,15.02,-1.04,2.58,45.43,201.02,1.76,1.83,Sell,Sell,Sell,Sell,Sell,Sell,48.03,-0.41,-0.14,-50.34,50.57,49.17,engulfing_bearish,62.64,0.45,-0.21,3407.00,0.32,7803481.00,25.82,62.04,0.00,2063978.00,-1.65,22.76,0.00,2.02,2.98,18.00,25.88,45.39,99535148065.31,2.51,15.84,12.97,62.06,62.59,61.92,61.52,59.33,69.05,74.00,55.00,70.00,3.05,0.68,0.71,40204393699.00,9205897920.00,9991604133.00
[object Object],TRV,"Travelers Companies, Inc.",NYSE,379.49,stock,common,100.00,1.00,false,0.00,USD,0.15,1367957.00,1.00,79152134187.17,USD,10.16,37.35,65.14,1.20,Finance,america,Finance,Neutral,Neutral,0.15,2.69,3.49,22.94,27.99,31.49,39.25,142.35,231.40,8451.89,1.74,1.64,Buy,Buy,StrongBuy,Strong buy,Neutral,Neutral,61.39,13.31,5.28,148.77,78.45,78.55,spinning_top_black,380.99,0.55,0.53,1052.00,0.34,1367957.00,-14.62,379.49,0.00,483799.00,23.34,10.16,0.16,1.65,2.39,7.35,7.35,0.00,88220134187.17,1.80,0.00,0.00,373.34,371.16,369.19,338.56,315.76,366.29,430.00,297.00,368.00,34.08,5.41,6.77,43950523152.00,11257970125.00,11313606000.00
[object Object],SHW,Sherwin-Williams Company,NYSE,320.94,stock,common,100.00,1.00,false,0.00,USD,-0.16,1508259.00,1.00,77910802907.36,USD,29.59,10.85,7.71,0.99,Process industries,america,Process Industries,Buy,Buy,-0.16,0.30,-8.24,1.64,3.93,-0.71,-9.44,8.28,248.61,64088.00,2.63,1.95,StrongSell,Strong sell,StrongSell,Strong sell,Sell,Sell,36.65,-10.31,-21.62,-73.07,18.04,19.57,0.00,328.04,2.05,1.81,844.00,2.00,1508259.00,-8.15,320.00,-0.29,609006.00,-10.99,29.59,3.84,3.24,20.22,20.31,24.57,269.00,92649002907.36,3.80,22.96,19.46,324.36,342.10,339.50,328.55,333.62,393.43,420.00,360.00,396.00,12.11,3.52,3.69,25146374693.00,6602129172.00,6788640512.00
[object Object],CDNS,"Cadence Design Systems, Inc.",NASDAQ,280.76,stock,common,100.00,1.00,false,0.00,USD,0.31,2095368.00,0.76,77319338502.46,USD,55.86,5.03,36.00,0.00,Technology services,america,Technology Services,StrongBuy,Strong buy,0.31,-0.54,-12.67,-28.21,-1.98,-11.07,-19.76,68.12,1031.64,15158.70,3.03,3.28,Sell,Sell,StrongSell,Strong sell,Buy,Buy,32.92,-25.91,-35.16,-84.23,6.89,5.18,0.00,284.90,1.79,1.56,4811.00,2.02,2095368.00,-16.08,280.20,-0.20,491820.00,-7.71,55.86,1.55,13.24,11.27,41.80,46.19,50.61,78269503502.46,13.41,42.70,36.30,285.43,312.65,326.84,348.61,326.22,407.92,470.00,300.00,412.50,8.14,2.05,2.04,6318713920.00,1576923481.00,1612042107.00
[object Object],SLB,SLB Limited,NYSE,52.08,stock,common,100.00,1.00,false,0.00,USD,-0.42,12238936.00,0.94,77294182485.44,USD,25.28,2.06,-29.43,2.22,Industrial services,america,Industrial Services,Buy,Buy,-0.42,-9.36,-3.66,3.95,8.48,35.59,48.72,81.46,-31.56,7285.22,3.62,3.46,Sell,Sell,Sell,Sell,Sell,Sell,41.41,-6.05,-0.05,-110.99,13.45,20.08,0.00,52.37,0.13,0.42,15705.00,0.29,12238936.00,-42.61,52.20,0.23,1939451.00,58.18,25.28,0.00,2.17,2.96,12.01,16.32,19.27,87201182485.44,2.40,17.18,11.65,55.30,54.57,52.16,52.74,49.81,62.48,75.00,43.00,63.00,2.48,0.51,0.62,37004302993.00,8667176601.00,9265505060.00
[object Object],EL,EssilorLuxottica SA,EURONEXT,141.45,stock,common,100.00,5.00,false,0.00,EUR,-2.52,900090.00,1.13,77015408945.77,USD,26.43,6.11,3.83,2.76,Health technology,france,Health Technology,Buy,Buy,-2.52,-4.84,-11.48,-20.15,-29.35,-47.32,-48.09,-15.19,23.70,2543.93,2.28,2.39,StrongSell,Strong sell,StrongSell,Strong sell,Neutral,Neutral,26.08,-11.50,-13.65,-115.14,4.50,7.25,0.00,0.00,0.00,0.00,0.00,-0.34,900090.00,54.42,141.45,0.00,235376.00,-37.79,26.43,7.07,2.30,1.66,12.43,15.88,34.02,93173230865.77,2.79,22.54,12.09,146.79,157.19,161.20,167.35,202.97,278.54,413.80,154.75,286.57,8.59,4.43,4.01,35575382713.16,17037484875.67,18156251963.40
[object Object],EOG,"EOG Resources, Inc.",NYSE,145.47,stock,common,100.00,1.00,false,0.00,USD,0.37,2960255.00,0.91,76303255203.08,USD,11.32,12.85,25.00,2.82,Energy minerals,america,Energy Minerals,Buy,Buy,0.37,-2.11,-1.74,10.15,4.39,38.54,21.29,96.47,62.46,5718.80,3.07,2.24,Sell,Sell,Sell,Sell,Sell,Sell,48.95,-3.49,2.51,-91.53,46.36,57.69,0.00,143.41,-1.05,-1.55,4515.00,-0.73,2960255.00,-32.52,145.48,0.01,641051.00,13.02,11.32,0.45,2.87,2.40,5.76,11.62,15.68,79646255203.08,2.98,8.49,5.55,147.10,145.88,144.03,139.99,130.31,163.69,193.00,138.00,160.00,16.89,4.97,4.04,28249368408.00,8044916167.00,6884139133.00
[object Object],NG.,National Grid plc,LSE,1157.50,stock,common,10.00,5.00,false,0.00,GBX,2.07,15201010.00,1.23,76248949205.44,USD,17.75,0.86,8.18,4.28,Utilities,uk,Utilities,Buy,Buy,2.07,1.62,-3.30,-3.26,-9.32,1.71,11.84,29.59,18.81,167.95,2.09,1.91,Neutral,Neutral,Sell,Sell,Buy,Buy,49.86,11.50,-44.75,-11.29,43.58,23.46,0.00,0.00,0.00,0.00,0.00,0.18,15201010.00,-40.96,1157.50,0.00,5398098.00,16.71,17.75,2.13,3.19,1.46,9.24,0.00,20.37,135047170005.44,5.78,20.25,14.01,1134.90,1165.28,1187.32,1214.54,1233.64,18.53,20.28,15.55,18.59,1.18,0.64,0.46,26473722133.88,16066999710.00,10187263257.60
[object Object],ITW,Illinois Tool Works Inc.,NYSE,267.51,stock,common,100.00,1.00,false,0.00,USD,0.07,1027134.00,0.83,76186840907.23,USD,24.25,11.03,-3.18,2.41,Producer manufacturing,america,Producer Manufacturing,Neutral,Neutral,0.07,1.88,-7.39,0.95,2.55,8.46,1.83,23.58,128.76,28434.40,1.82,1.69,Sell,Sell,StrongSell,Strong sell,Neutral,Neutral,37.63,-1.58,-13.15,-60.52,27.23,28.32,0.00,0.00,0.00,0.00,0.00,1.24,1027134.00,-14.01,267.51,0.00,206834.00,0.54,24.25,0.00,4.66,26.33,23.06,26.28,91.51,85042840907.23,5.16,19.49,17.85,268.03,279.40,279.84,268.79,267.78,306.62,350.00,267.00,305.00,11.43,2.79,2.96,16833660168.00,4189261791.00,4253710982.00
[object Object],ECL,Ecolab Inc.,NYSE,271.68,stock,common,100.00,1.00,false,0.00,USD,-0.88,985292.00,0.85,76159665634.33,USD,36.45,7.45,-0.32,1.04,Process industries,america,Process Industries,Buy,Buy,-0.88,0.52,-1.71,0.41,5.70,4.01,2.52,22.48,131.43,12231.57,1.84,1.78,StrongSell,Strong sell,StrongSell,Strong sell,Sell,Sell,39.15,-8.22,-5.33,-95.14,21.10,23.92,marubozu_black_bearish,276.02,0.71,0.71,53.00,1.06,985292.00,-22.49,271.68,0.00,288975.00,0.80,36.45,0.00,4.59,7.57,25.08,40.90,14.93,84972065634.33,5.05,27.70,20.73,275.22,280.28,277.81,270.21,273.14,326.14,360.00,295.00,330.00,8.15,2.08,2.17,17867708860.00,4382614100.00,4699060076.00
[object Object],MSI,"Motorola Solutions, Inc.",NYSE,459.68,stock,common,100.00,1.00,false,0.00,USD,-0.18,568800.00,0.58,76074178021.12,USD,36.21,12.70,2.19,1.02,Electronic technology,america,Electronic Technology,Buy,Buy,-0.18,-0.66,0.17,14.75,0.13,19.92,-3.80,96.02,508.36,32091.56,2.20,1.95,Neutral,Neutral,Sell,Sell,Neutral,Neutral,45.50,-19.24,-1.47,-113.50,13.61,23.49,0.00,458.10,-0.53,-0.55,167.00,0.08,568800.00,-43.21,459.68,0.00,180449.00,1.87,36.21,16.60,6.29,28.47,25.84,28.71,108.25,84999178021.12,6.95,27.46,22.99,465.67,472.40,452.15,431.65,426.46,530.50,550.00,476.00,530.00,17.71,3.85,4.42,12972252979.00,3001855778.00,3253389429.00
[object Object],GM,General Motors Company,NYSE,86.62,stock,common,100.00,1.00,false,0.00,USD,2.76,8831917.00,1.42,76004853054.96,USD,43.69,1.98,-68.57,0.78,Consumer durables,america,Consumer Durables,Buy,Buy,2.76,3.37,2.07,7.46,17.82,6.40,48.65,68.75,178.25,147.49,2.66,2.53,Buy,Buy,StrongBuy,Strong buy,Neutral,Neutral,52.68,1.75,-0.44,78.28,47.46,52.41,0.00,86.00,2.03,0.84,10847.00,2.25,8831917.00,37.38,86.44,-0.21,1784016.00,34.83,43.69,0.00,0.41,1.26,3.40,130.07,2.84,177624853054.96,0.96,97.92,11.83,85.97,86.23,84.73,81.77,80.46,106.55,132.00,76.00,104.00,13.52,3.19,3.68,185684445728.00,47011489804.00,48742041978.00
[object Object],NWG,NatWest Group Plc,LSE,712.80,stock,common,10.00,2.00,false,0.00,GBX,1.51,12063343.00,0.61,74546326803.66,USD,9.57,0.99,24.79,4.98,Finance,uk,Finance,Buy,Buy,1.51,3.24,0.62,12.39,30.74,9.16,35.41,209.73,250.58,-52.56,3.03,1.98,Buy,Buy,StrongBuy,Strong buy,Neutral,Neutral,60.38,15.40,-2.36,204.43,81.10,67.88,0.00,0.00,0.00,0.00,0.00,0.34,12063343.00,-68.37,712.80,0.00,4971472.00,32.82,9.57,0.38,3.09,1.46,0.00,0.00,0.00,194056874003.66,4.76,0.00,0.00,695.14,695.47,688.40,648.76,631.72,10.85,12.15,8.77,10.93,1.01,0.23,0.26,24409165389.77,5825987532.84,6217999229.66
[object Object],MUV2,Munchener Ruckversicherungs-Gesellschaft AG,XETR,510.60,stock,common,10.00,2.00,false,0.00,EUR,-0.20,386951.00,1.19,74459305727.49,USD,9.51,61.31,39.07,4.69,Finance,germany,Finance,Neutral,Neutral,-0.20,2.74,-1.62,9.34,-4.13,-9.18,-1.08,108.28,211.63,697.78,1.32,1.53,Sell,Sell,Sell,Sell,Neutral,Neutral,48.32,-17.40,-5.01,-18.91,50.89,48.67,0.00,512.60,0.20,0.20,80.00,0.23,386951.00,22.85,509.00,-0.31,142236.00,-4.31,9.51,0.24,0.91,1.91,0.00,0.00,0.00,83121668117.49,1.03,0.00,0.00,508.60,514.65,514.58,495.79,516.70,648.58,734.52,557.86,653.74,60.25,16.31,12.22,73895181686.74,18730114680.05,18365525556.85
[object Object],NOC,Northrop Grumman Corp.,NYSE,524.00,stock,common,100.00,1.00,false,0.00,USD,-1.28,1099828.00,1.35,74441033954.93,USD,16.61,31.54,15.97,1.80,Electronic technology,america,Electronic Technology,Buy,Buy,-1.28,1.34,-9.51,-5.10,-26.68,-8.00,-9.51,49.34,148.26,24363.88,2.26,2.06,Sell,Sell,StrongSell,Strong sell,Neutral,Neutral,41.93,0.18,-22.23,-51.83,41.78,39.27,0.00,531.30,0.10,0.42,630.00,-0.11,1099828.00,104.40,525.00,0.19,164435.00,-10.28,16.61,1.05,1.76,4.16,14.69,20.47,32.34,89186033954.93,2.08,19.40,14.57,522.87,548.18,543.14,543.93,601.13,651.91,815.00,538.00,640.00,28.94,6.82,7.16,44070955269.00,10801413407.00,11127554578.00
[object Object],APO,Apollo Global Management Inc,NYSE,126.00,stock,common,100.00,1.00,false,0.00,USD,1.18,3019743.00,1.29,74408444094.44,USD,47.66,2.64,-50.12,1.72,Finance,america,Finance,Buy,Buy,1.18,-3.23,-5.37,-10.40,12.50,-13.11,-10.54,100.57,597.29,573.80,3.14,2.66,Sell,Sell,StrongSell,Strong sell,Buy,Buy,41.35,-6.29,-4.42,-134.40,12.90,11.68,"inverted_hammer_bullish,long_upper_shadow_bearish",126.66,1.71,1.58,700.00,0.92,3019743.00,-1.39,128.38,1.89,1112187.00,-0.50,47.66,0.00,2.11,3.70,7.66,7.66,2.68,81344444094.44,2.26,10.58,8.76,129.37,132.59,128.53,128.49,127.74,154.47,173.00,130.00,157.00,8.77,2.16,2.27,23134770242.00,5648931264.00,5898045399.00
[object Object],ROST,"Ross Stores, Inc.",NASDAQ,229.48,stock,common,100.00,1.00,false,0.00,USD,2.08,2335168.00,1.29,73308104120.30,USD,27.73,8.28,31.42,0.76,Retail trade,america,Retail Trade,Buy,Buy,2.08,2.21,-2.55,-2.49,9.52,27.07,56.16,100.95,271.27,41271.00,2.47,2.29,Neutral,Neutral,Sell,Sell,Neutral,Neutral,45.90,-1.37,-10.20,-38.96,34.22,30.31,0.00,227.74,1.31,2.16,500.00,0.88,2335168.00,11.76,229.48,0.00,476901.00,49.49,27.73,0.86,2.93,10.88,20.03,26.27,17.01,73737803120.30,3.01,23.65,20.16,228.37,235.96,236.86,230.63,214.93,275.47,310.00,234.00,285.00,8.49,1.95,1.84,25716429673.00,6160906587.00,6208240590.00
[object Object],SNPS,"Synopsys, Inc.",NASDAQ,381.17,stock,common,100.00,1.00,false,0.00,USD,0.71,1599169.00,0.86,73046139240.30,USD,67.34,5.66,-55.68,0.00,Technology services,america,Technology Services,StrongBuy,Strong buy,0.71,-3.82,-7.21,-17.49,-10.50,-20.41,-10.31,15.84,553.36,5249.75,3.44,3.65,Sell,Sell,StrongSell,Strong sell,Buy,Buy,41.32,-34.80,-22.68,-88.98,13.07,9.91,0.00,384.00,1.46,0.40,4834.00,1.58,1599169.00,-7.09,381.70,0.14,346764.00,-27.43,67.34,0.00,7.74,2.34,24.95,26.68,20.30,80275845240.30,8.53,70.50,26.56,389.87,406.49,403.33,442.01,446.74,554.08,633.00,420.00,570.00,15.14,3.67,4.13,9722558747.00,2437656923.00,2558302532.00
[object Object],CI,Cigna Group,NYSE,276.00,stock,common,100.00,1.00,false,0.00,USD,-1.59,1174373.00,0.83,72930383667.62,USD,11.41,24.18,32.04,2.19,Health services,america,Health Services,Buy,Buy,-1.59,-1.63,-0.90,-3.10,4.83,-0.24,-6.43,34.56,114.05,4654.16,2.51,1.95,StrongSell,Strong sell,StrongSell,Strong sell,Neutral,Neutral,44.89,-6.84,4.71,-67.58,50.77,69.18,0.00,282.00,0.55,0.00,390.00,0.14,1174373.00,0.70,277.00,0.36,296828.00,-6.82,11.41,0.36,0.26,1.71,7.09,7.99,0.00,105098383667.62,0.37,0.00,0.00,281.99,279.67,283.27,284.30,279.84,341.17,400.00,297.00,340.00,30.51,7.60,7.51,287119820844.00,70142525071.00,72647737129.00
[object Object],TGT,Target Corporation,NYSE,159.83,stock,common,100.00,1.00,false,0.00,USD,3.33,4094485.00,1.40,72610246582.81,USD,16.59,9.64,12.34,2.96,Retail trade,america,Retail Trade,Neutral,Neutral,3.33,1.37,4.21,23.90,40.20,63.24,77.91,-34.88,131.91,21741.74,2.41,2.85,Buy,Buy,StrongBuy,Strong buy,Neutral,Neutral,54.42,-3.53,-0.10,-51.06,21.17,17.66,"rising_window_bullish,marubozu_white_bullish",155.53,0.55,0.21,1971.00,1.12,4094485.00,49.16,159.57,-0.16,1034380.00,77.10,16.59,1.30,0.66,4.07,8.37,16.38,13.49,86289246582.81,0.80,13.96,9.23,158.79,158.45,151.19,139.67,125.31,163.41,200.00,125.00,160.00,10.08,2.35,2.05,109970977004.00,26132443365.00,26370389396.00
[object Object],CVNA,Carvana Co. Class A,NYSE,65.84,stock,common,100.00,1.00,false,0.00,USD,0.67,6450504.00,1.01,72454538142.36,USD,30.54,2.16,169.88,0.00,Retail trade,america,Retail Trade,Buy,Buy,0.67,-8.44,-2.63,2.24,13.08,-21.93,-10.79,-3.24,2338.52,2338.52,4.69,4.33,Sell,Sell,StrongSell,Strong sell,Neutral,Neutral,40.11,-8.32,-2.61,-161.78,5.53,8.91,0.00,66.90,2.29,1.38,114261.00,3.17,6450504.00,-24.63,65.95,0.17,907357.00,0.11,30.54,0.18,1.93,11.75,43.50,52.44,15.01,76136538142.36,3.04,34.02,30.33,70.46,71.62,69.25,69.58,73.13,82.97,120.00,60.00,83.00,1.62,0.39,0.44,28899782258.00,6897393966.00,7606463373.00
[object Object],FDX,FedEx Corporation,NYSE,305.88,stock,common,100.00,1.00,false,0.00,USD,1.38,1252392.00,0.85,72392754686.19,USD,16.50,18.54,9.93,1.85,Transportation,america,Transportation,Buy,Buy,1.38,-0.59,-8.25,-7.30,-0.25,31.47,68.43,48.73,138.41,39753.47,2.09,2.19,Sell,Sell,StrongSell,Strong sell,Buy,Buy,38.46,-10.66,-12.53,-108.36,9.87,10.45,0.00,306.95,1.73,0.68,4935.00,1.98,1252392.00,-20.70,306.24,0.12,419628.00,45.36,16.50,1.64,0.77,2.32,8.26,14.41,5.44,101788754686.19,1.07,15.37,9.26,312.24,322.64,318.62,318.21,295.25,369.41,479.00,269.80,362.50,17.69,4.55,3.47,92011369086.00,22623710992.00,23198359175.00
[object Object],DG,VINCI SA,EURONEXT,112.90,stock,common,100.00,5.00,false,0.00,EUR,0.80,867932.00,1.15,72270949991.14,USD,12.54,10.28,8.24,4.46,Industrial services,france,Industrial Services,Buy,Buy,0.80,0.98,-5.84,-13.12,-11.62,-5.17,-4.24,32.75,70.85,995.05,1.34,1.63,Sell,Sell,StrongSell,Strong sell,Neutral,Neutral,42.41,-0.25,-6.74,-44.34,35.63,20.81,0.00,0.00,0.00,0.00,0.00,0.27,867932.00,1.35,112.90,0.00,537331.00,1.68,12.54,1.51,0.83,2.05,5.22,7.66,4.07,104582008751.14,1.20,9.81,6.70,112.20,116.62,118.24,122.20,124.67,165.12,187.42,140.99,166.21,10.82,4.05,6.55,90007836877.86,40049102633.75,46996430381.34
[object Object],DBK,Deutsche Bank Aktiengesellschaft,XETR,34.24,stock,common,1000.00,5.00,false,0.00,EUR,1.83,5082809.00,1.21,72213149081.09,USD,10.36,3.77,9.31,2.97,Finance,germany,Finance,Buy,Buy,1.83,-2.66,3.82,11.62,33.27,3.43,10.91,206.85,229.98,74.30,2.29,2.18,Buy,Buy,Buy,Buy,Neutral,Neutral,52.76,-1.30,0.18,-37.18,32.26,30.69,0.00,33.60,-0.07,0.03,1363.00,0.03,5082809.00,58.17,34.00,-0.72,2732407.00,13.02,10.36,1.09,1.96,0.94,0.00,0.00,0.00,97428796541.09,1.41,0.00,0.00,34.69,33.97,32.96,30.84,30.39,42.48,50.48,35.77,42.12,3.92,0.84,0.98,38971422182.55,9295052888.50,9421017046.88
[object Object],CMI,Cummins Inc.,NYSE,523.88,stock,common,100.00,1.00,false,0.00,USD,-0.69,1193475.00,1.01,72119672888.12,USD,26.77,19.57,-7.96,1.55,Producer manufacturing,america,Producer Manufacturing,Buy,Buy,-0.69,-5.39,-16.72,-28.52,-2.83,2.63,25.54,129.90,338.94,12136.61,3.33,2.58,StrongSell,Strong sell,StrongSell,Strong sell,Sell,Sell,26.18,-27.02,-52.49,-131.65,13.23,19.00,0.00,547.45,3.78,0.94,2730.00,2.98,1193475.00,-17.85,525.85,0.38,270113.00,39.33,26.77,0.00,2.10,5.61,15.61,21.55,18.49,77540672888.12,2.23,19.53,15.24,545.98,583.18,610.98,644.15,602.57,781.63,894.00,675.00,782.00,29.54,7.21,8.20,37614342811.00,9330272673.00,9820916609.00
[object Object],NSC,Norfolk Southern Corporation,NYSE,318.97,stock,common,100.00,1.00,false,0.00,USD,0.62,744776.00,0.64,71643331115.80,USD,27.23,11.71,-20.86,1.70,Transportation,america,Transportation,Neutral,Neutral,0.62,-1.65,-7.37,5.71,14.19,10.41,14.35,29.18,250.29,8977.59,1.64,1.66,Sell,Sell,StrongSell,Strong sell,Neutral,Neutral,33.32,-11.09,-16.07,-92.92,5.10,3.78,0.00,0.00,0.00,0.00,0.00,0.58,744776.00,-6.16,317.54,-0.45,201929.00,19.80,27.23,0.00,5.69,4.41,19.23,44.00,67.14,87190331115.80,6.95,21.66,16.04,322.83,335.46,335.59,324.18,310.37,366.53,414.00,297.00,376.00,12.98,3.32,3.59,13253939229.00,3377964312.00,3451205479.00
[object Object],DHL,DHL AG,XETR,56.50,stock,common,100.00,2.00,false,0.00,EUR,1.33,1826824.00,1.41,71537568735.39,USD,17.29,3.73,10.78,3.41,Transportation,germany,Transportation,Neutral,Neutral,1.33,3.44,3.48,8.91,26.71,21.37,48.18,-7.50,105.49,162.06,1.60,1.44,StrongBuy,Strong buy,StrongBuy,Strong buy,Buy,Buy,58.28,1.30,-0.01,60.49,71.34,59.88,0.00,55.88,0.22,0.22,88.00,0.39,1826824.00,39.11,56.24,-0.46,785471.00,41.00,17.29,1.58,0.74,2.82,7.00,10.25,14.78,99287619165.39,1.02,13.08,7.50,55.39,55.57,56.12,53.55,50.42,65.29,75.06,51.96,68.13,4.12,1.05,0.93,102664631131.42,24018391083.54,24892668516.92
[object Object],WBD,"Warner Bros. Discovery, Inc. Series A",NASDAQ,28.24,stock,common,100.00,1.00,false,0.00,USD,0.61,24728775.00,1.47,70902262374.12,USD,0.00,-1.27,-521.59,0.00,Consumer services,america,Consumer Services,Neutral,Neutral,0.61,0.86,0.89,7.62,2.36,-1.91,56.19,4.59,16.41,316.98,1.37,1.03,Buy,Buy,StrongBuy,Strong buy,Buy,Buy,55.78,-0.15,0.28,-37.49,24.03,19.15,spinning_top_black,28.31,0.86,0.39,88782.00,0.86,24728775.00,22.37,28.17,-0.25,5740404.00,147.16,0.00,0.00,2.00,2.16,21.24,33.36,21.18,100926262374.12,2.79,39.86,13.27,28.13,28.09,27.35,27.11,27.48,29.98,31.00,26.00,31.00,-1.15,-0.14,-0.02,36171781391.00,9251346384.00,8739691853.00
[object Object],ENGI,ENGIE S.A.,EURONEXT,24.25,stock,common,100.00,1.00,false,0.00,EUR,0.75,4821352.00,1.26,70105961351.60,USD,15.30,1.81,-22.97,5.61,Utilities,france,Utilities,StrongBuy,Strong buy,0.75,0.41,-5.61,-9.62,-12.04,8.21,35.17,108.08,75.09,-13.42,2.05,2.05,Sell,Sell,Sell,Sell,Buy,Buy,43.95,0.46,-1.23,-32.36,38.64,25.99,0.00,0.00,0.00,0.00,0.00,-0.37,4821352.00,-8.87,24.25,0.00,2494210.00,47.53,15.30,0.00,0.89,1.84,7.75,54.84,4.44,150937482941.60,1.87,14.29,9.54,24.01,24.85,25.67,26.39,26.04,35.68,39.19,31.31,35.95,2.40,0.00,0.00,87907356715.99,0.00,0.00
[object Object],CL,Colgate-Palmolive Company,NYSE,87.73,stock,common,100.00,1.00,false,0.00,USD,0.82,6226353.00,1.32,69935966215.44,USD,34.70,2.53,-28.95,2.41,Consumer non-durables,america,Consumer Non-Durables,Buy,Buy,0.82,-0.61,-3.79,-3.47,1.98,11.15,7.26,15.04,22.14,9389.76,2.24,1.63,Sell,Sell,StrongSell,Strong sell,Neutral,Neutral,41.13,-2.37,-2.93,-97.93,16.05,15.22,0.00,0.00,0.00,0.00,0.00,0.33,6226353.00,6.18,87.58,-0.17,2380689.00,4.76,34.70,0.00,3.32,296.34,15.79,18.23,48.41,76669966215.44,3.64,16.68,14.64,87.96,90.30,90.94,90.10,88.04,99.53,110.00,87.00,101.00,3.87,0.95,0.93,21425524783.00,5357637786.00,5340945357.00
[object Object],KMI,Kinder Morgan Inc Class P,NYSE,31.31,stock,common,100.00,1.00,false,0.00,USD,1.89,15105275.00,1.28,69721169642.90,USD,20.20,1.55,27.19,3.84,Industrial services,america,Industrial Services,Buy,Buy,1.89,-1.23,-4.40,0.71,-6.51,13.90,14.73,94.11,47.13,-1.23,2.30,2.53,Neutral,Neutral,Sell,Sell,Neutral,Neutral,48.19,-0.66,-0.62,-48.73,20.43,15.57,0.00,30.67,-0.20,0.75,4812.00,0.10,15105275.00,15.36,31.39,0.25,2457101.00,20.30,20.20,0.73,3.82,2.20,10.11,19.15,585.42,103098169642.90,5.76,19.46,13.25,31.20,31.56,31.78,31.99,31.25,36.28,43.00,32.00,36.00,1.53,0.32,0.32,18327627521.00,4224256330.00,4417911782.00
[object Object],NDA_FI,Nordea Bank Abp,OMXHEX,17.87,stock,common,1000.00,5.00,false,0.00,EUR,0.96,4384240.00,1.54,68830364224.05,USD,12.97,1.57,-0.41,7.34,Finance,finland,Finance,Buy,Buy,0.96,0.73,2.76,7.39,12.74,10.92,29.68,66.85,104.81,210.78,1.49,1.41,Buy,Buy,StrongBuy,Strong buy,Sell,Sell,59.90,-0.04,0.19,92.86,61.87,53.99,0.00,0.00,0.00,0.00,0.00,0.42,4384240.00,59.22,0.00,0.00,0.00,30.85,12.97,0.00,3.30,1.95,2.94,2.95,0.00,316594332184.05,10.00,0.00,0.00,17.75,17.53,17.42,16.82,16.40,21.42,23.77,16.15,21.87,1.72,0.40,0.42,14216632260.74,3403572634.50,3491035560.52
[object Object],ORLY,"O'Reilly Automotive, Inc.",NASDAQ,84.89,stock,common,100.00,1.00,false,0.00,USD,1.45,7574570.00,1.31,68672683872.24,USD,27.00,3.14,12.47,0.00,Retail trade,america,Retail Trade,StrongBuy,Strong buy,1.45,-1.37,-7.69,-3.72,-3.14,-6.45,-19.50,111.96,364.07,52139.97,1.94,1.87,Sell,Sell,StrongSell,Strong sell,Neutral,Neutral,40.27,-2.08,-3.72,-125.72,11.34,15.09,0.00,83.78,0.12,0.38,2374.00,0.20,7574570.00,4.98,85.41,0.61,1544407.00,-18.74,27.00,2.13,3.73,0.00,21.39,32.63,268.38,77997935872.24,4.20,21.48,18.71,85.95,88.93,88.48,89.36,91.59,109.09,120.00,98.00,110.00,3.29,0.86,0.93,19117960304.00,4864050685.00,4999247431.00
[object Object],VOLV_B,Volvo AB Class B,OMXSTO,337.80,stock,common,10.00,1.00,false,0.00,SEK,1.44,2851385.00,1.02,68391090976.42,USD,19.17,1.81,-5.84,2.55,Producer manufacturing,sweden,Producer Manufacturing,Buy,Buy,1.44,-1.23,-1.05,5.83,13.74,13.78,22.93,75.21,245.05,800.78,1.64,1.77,Sell,Sell,Sell,Sell,Sell,Sell,44.64,-10.50,-11.70,-90.88,25.28,18.03,0.00,0.00,0.00,0.00,0.00,0.72,2851385.00,-16.05,0.00,0.00,0.00,23.79,19.17,0.00,1.44,3.89,13.78,21.10,14.59,89945298976.42,1.86,15.96,11.19,340.08,343.67,347.07,334.68,325.66,37.59,46.21,28.76,38.62,2.33,0.54,0.55,54207489478.30,12683187775.37,12531440763.53
[object Object],DLR,"Digital Realty Trust, Inc.",NYSE,184.26,stock,common,100.00,1.00,false,0.00,USD,1.76,1695587.00,0.92,68360226592.13,USD,89.63,2.06,-46.12,2.70,Finance,america,Finance,StrongBuy,Strong buy,1.76,-2.66,-7.33,-2.48,2.37,19.15,5.84,18.83,99.48,1435.50,2.47,2.64,Sell,Sell,StrongSell,Strong sell,Neutral,Neutral,46.11,0.50,-7.57,-59.65,31.39,23.49,0.00,0.00,0.00,0.00,0.00,1.19,1695587.00,-35.65,184.26,0.00,638185.00,22.35,89.63,0.00,9.56,2.55,22.45,0.00,35.72,89183894592.13,13.02,68.05,26.96,185.25,189.69,187.52,188.43,179.91,223.71,250.00,197.00,224.00,2.71,0.48,0.52,7097958547.00,1657575075.00,1751267925.00
[object Object],HLT,Hilton Worldwide Holdings Inc.,NYSE,302.54,stock,common,100.00,1.00,false,0.00,USD,-1.01,1724340.00,1.08,68091139228.24,USD,44.45,6.81,4.54,0.20,Consumer services,america,Consumer Services,Buy,Buy,-1.01,-1.86,-7.28,-13.60,1.88,5.46,10.24,128.99,540.57,592.29,1.92,1.94,StrongSell,Strong sell,StrongSell,Strong sell,Sell,Sell,35.68,-8.97,-11.23,-89.21,16.73,21.60,marubozu_black_bearish,0.00,0.00,0.00,0.00,0.97,1724340.00,-6.51,301.95,-0.20,630205.00,8.17,44.45,9.89,5.61,0.00,32.85,34.15,65.11,81083139228.24,6.49,27.82,26.10,307.60,317.86,320.31,325.45,314.06,355.79,394.00,316.00,361.50,9.04,2.27,2.35,13037815492.00,3323142675.00,3366987492.00
[object Object],RSG,"Republic Services, Inc.",NYSE,218.93,stock,common,100.00,1.00,false,0.00,USD,-0.40,2118990.00,1.35,67039209118.81,USD,31.01,7.06,4.36,1.14,Industrial services,america,Industrial Services,Buy,Buy,-0.40,-2.23,0.43,5.45,-1.99,3.98,-2.82,77.73,337.34,1200.57,1.64,1.54,Sell,Sell,Sell,Sell,Neutral,Neutral,47.23,-3.59,4.40,-169.62,24.25,44.93,0.00,0.00,0.00,0.00,0.00,0.41,2118990.00,21.74,218.93,0.00,773645.00,-6.06,31.01,7.15,4.00,5.57,14.83,25.39,629.43,81228209118.81,4.81,24.02,15.14,222.34,219.64,218.39,213.40,215.21,247.57,272.00,227.00,249.00,7.28,1.81,1.93,17284774808.00,4363233696.00,4398971700.00
[object Object],RCL,Royal Caribbean Group,NYSE,249.74,stock,common,100.00,1.00,false,0.00,USD,-1.65,1807951.00,0.87,66979013025.03,USD,15.42,16.19,22.04,1.97,Consumer services,america,Consumer Services,Buy,Buy,-1.65,-3.33,-16.47,-19.58,-8.18,-10.33,-22.77,202.64,272.91,2636.88,2.80,2.52,StrongSell,Strong sell,StrongSell,Strong sell,Sell,Sell,24.45,-15.86,-33.78,-95.24,5.56,5.75,0.00,257.62,1.46,0.43,13776.00,1.32,1807951.00,-21.68,251.00,0.50,460855.00,-25.91,15.42,0.71,3.64,6.53,9.86,0.00,76.49,89847013025.03,4.81,17.75,13.10,258.25,282.75,290.12,286.20,287.72,350.32,415.00,297.00,355.00,17.76,3.98,6.33,19545145098.00,4817113629.00,5594056393.00
[object Object],STAN,Standard Chartered PLC,LSE,2338.00,stock,common,1.00,1.00,false,0.00,GBX,2.23,4651851.00,1.04,66620025748.04,USD,14.95,2.07,11.73,2.27,Finance,uk,Finance,Buy,Buy,2.23,2.63,5.03,14.66,50.74,28.11,66.17,423.39,280.41,715.89,2.12,2.19,StrongBuy,Strong buy,StrongBuy,Strong buy,Buy,Buy,65.77,108.00,74.06,124.93,81.42,80.70,0.00,0.00,0.00,0.00,0.00,0.52,4651851.00,-25.03,2338.00,0.00,2422178.00,49.97,14.95,1.25,3.50,1.52,0.00,0.00,0.00,123848847447.22,3.33,0.00,0.00,2282.60,2223.60,2192.06,2076.84,1911.18,31.42,35.35,22.92,31.89,2.44,0.66,0.58,22600649887.67,5592779941.00,5623377432.00
[object Object],AEP,"American Electric Power Company, Inc.",NASDAQ,121.62,stock,common,100.00,1.00,false,0.00,USD,0.77,4842245.00,1.52,66209613115.15,USD,21.08,5.77,-15.47,3.15,Utilities,america,Utilities,Buy,Buy,0.77,-2.74,-5.12,-5.47,-5.12,5.35,13.12,41.45,89.56,233.21,1.64,1.62,Sell,Sell,StrongSell,Strong sell,Neutral,Neutral,39.33,-1.95,-2.26,-105.19,12.66,15.21,0.00,121.42,0.60,0.69,200.00,0.46,4842245.00,19.81,121.62,0.00,2334075.00,13.70,21.08,0.00,2.92,2.06,8.70,0.00,99.21,120242613115.15,5.29,22.69,13.65,123.12,123.74,126.99,129.23,126.92,142.08,153.00,129.00,141.00,6.38,1.48,2.01,23436467160.00,5342906305.00,6452988315.00
[object Object],SPG,"Simon Property Group, Inc.",NYSE,204.47,stock,common,100.00,1.00,false,0.00,USD,0.75,1358522.00,1.13,66156578795.87,USD,38.80,5.27,-25.41,4.34,Finance,america,Finance,Buy,Buy,0.75,-0.24,-8.37,-4.47,6.66,10.84,12.63,54.64,-1.39,866.60,1.70,1.48,Sell,Sell,StrongSell,Strong sell,Neutral,Neutral,32.65,-5.73,-11.90,-93.93,15.80,10.57,doji,0.00,0.00,0.00,0.00,0.70,1358522.00,3.47,204.88,0.20,632943.00,17.38,38.80,0.00,9.48,15.06,14.69,18.27,65.01,96017394795.87,13.84,29.19,19.33,206.33,214.47,219.45,214.67,202.68,237.13,285.00,209.00,224.50,6.68,1.64,1.68,6628424188.00,1612095804.00,1627579124.00
[object Object],MRK,Merck KGaA,XETR,131.45,stock,common,100.00,5.00,false,0.00,EUR,-0.19,337782.00,1.26,65635700748.44,USD,24.11,6.23,-17.22,1.67,Health technology,germany,Health Technology,Buy,Buy,-0.19,-1.20,-3.38,-1.20,21.49,6.35,23.43,-33.19,37.10,568.05,1.90,1.85,Sell,Sell,StrongSell,Strong sell,Neutral,Neutral,32.30,-6.40,-6.40,-80.57,15.38,11.90,0.00,132.60,0.68,0.68,5.00,0.76,337782.00,22.83,131.35,-0.08,288910.00,29.40,24.11,0.00,2.71,1.89,13.50,20.97,29.23,77627977488.44,3.22,16.34,10.32,132.60,136.99,138.47,134.56,126.80,177.26,206.70,139.73,175.52,9.86,2.31,2.39,25187600355.67,6041765524.85,6185830087.46
[object Object],HON,Honeywell International Inc.,NASDAQ,206.49,stock,common,100.00,1.00,false,0.00,USD,-0.56,3381058.00,1.15,65444942258.60,USD,7.64,27.04,53.73,3.78,Producer manufacturing,america,Producer Manufacturing,Buy,Buy,-0.56,1.96,-9.94,-15.20,-13.58,0.66,-1.22,-4.90,91.35,2410.34,2.43,2.01,Sell,Sell,StrongSell,Strong sell,Neutral,Neutral,38.52,0.42,-18.15,-43.64,36.30,27.51,0.00,209.36,0.82,0.77,4929.00,0.66,3381058.00,-33.01,205.54,-0.46,1157868.00,-51.83,7.64,0.14,1.70,3.53,12.85,15.86,7.15,91523942258.60,2.35,12.24,10.27,205.39,218.29,225.18,228.04,229.86,268.05,303.00,237.00,265.00,8.32,1.83,2.16,20143066900.00,5025799960.00,5002275667.00
[object Object],ACA,Credit Agricole SA,EURONEXT,18.61,stock,common,1000.00,5.00,false,0.00,EUR,1.20,4351765.00,1.29,64418986239.57,USD,8.92,2.38,-10.42,6.15,Finance,france,Finance,Neutral,Neutral,1.20,0.16,-7.30,5.50,12.96,6.31,12.72,63.37,118.60,13.15,1.59,1.51,Neutral,Neutral,Buy,Buy,Sell,Sell,47.00,-0.24,-0.62,-47.98,38.06,32.43,0.00,0.00,0.00,0.00,0.00,0.11,4351765.00,29.23,18.61,0.00,2713055.00,20.97,8.92,0.00,0.93,0.80,1.09,0.00,0.00,688499956389.57,6.19,0.00,0.00,18.58,19.04,18.79,17.92,17.66,24.28,30.02,21.82,23.67,2.70,0.00,0.00,33624947946.76,0.00,0.00
[object Object],ALL,Allstate Corporation,NYSE,252.21,stock,common,100.00,1.00,false,0.00,USD,-1.04,1482382.00,0.96,63773306593.35,USD,5.04,50.07,135.47,1.66,Finance,america,Finance,Neutral,Neutral,-1.04,-1.76,-3.76,13.79,23.60,21.82,28.21,92.94,273.31,1595.53,1.61,1.74,Sell,Sell,Sell,Sell,Sell,Sell,44.24,-7.13,-4.82,-121.83,27.46,35.32,0.00,253.76,-0.43,-0.43,188.00,-0.33,1482382.00,3.51,256.09,1.54,428217.00,21.69,5.04,0.04,0.94,2.02,5.24,5.33,0.00,73246306593.35,1.04,0.00,0.00,255.80,259.00,258.15,240.06,223.43,276.14,334.00,224.00,281.00,35.32,6.06,6.53,60964053262.00,15458284489.00,15841356652.00
[object Object],APD,"Air Products and Chemicals, Inc.",NYSE,286.12,stock,common,100.00,1.00,false,0.00,USD,-0.33,1483709.00,1.57,63714781325.65,USD,0.00,-0.22,-103.09,2.51,Process industries,america,Process Industries,Buy,Buy,-0.33,-3.25,-5.47,0.96,-0.33,16.65,-0.13,8.59,112.35,26569.25,2.18,1.93,Sell,Sell,StrongSell,Strong sell,Neutral,Neutral,35.20,-23.33,-11.75,-141.42,10.82,9.48,0.00,0.00,0.00,0.00,0.00,0.31,1483709.00,1.22,286.12,0.00,598490.00,4.56,0.00,0.00,5.08,4.59,13.95,0.00,65.02,83604181325.65,6.63,27.31,18.15,293.44,301.37,299.28,294.92,283.90,346.16,373.00,314.00,351.00,13.45,3.34,3.61,12753336722.00,3202007920.00,3319980491.00
[object Object],KBC,KBC Group N.V.,EURONEXT,133.40,stock,common,100.00,5.00,false,0.00,EUR,1.10,370335.00,1.24,63171584338.18,USD,14.77,10.32,3.62,2.71,Finance,belgium,Finance,Buy,Buy,1.10,1.83,2.22,12.29,24.91,19.86,32.01,89.22,156.64,258.60,1.69,1.55,Buy,Buy,StrongBuy,Strong buy,Sell,Sell,58.97,-0.20,1.21,83.48,58.86,47.52,0.00,0.00,0.00,0.00,0.00,0.49,370335.00,1.58,133.40,0.00,290670.00,30.64,14.77,4.03,3.70,2.07,0.00,0.00,0.00,112816538038.18,3.84,0.00,0.00,132.09,131.10,127.76,121.41,117.23,154.79,180.14,101.62,154.74,11.64,3.12,3.35,16045780543.76,3824113239.83,3976300746.27
[object Object],BSX,Boston Scientific Corporation,NYSE,43.55,stock,common,100.00,1.00,false,0.00,USD,-0.82,32559399.00,1.52,63113944165.62,USD,17.66,2.47,46.77,0.00,Health technology,america,Health Technology,Buy,Buy,-0.82,-1.31,-16.86,-3.35,-37.58,-54.50,-56.00,-2.20,84.77,924.71,2.43,3.41,StrongSell,Strong sell,StrongSell,Strong sell,Sell,Sell,38.37,-4.82,-4.24,-112.22,14.49,17.42,0.00,43.29,-1.41,0.52,167845.00,-1.01,32559399.00,14.34,43.63,0.18,6946448.00,-55.91,17.66,0.38,3.08,2.53,14.18,17.72,99.12,75331944165.62,3.59,16.46,12.57,44.71,48.04,46.87,48.66,64.57,60.41,85.00,44.00,60.00,3.28,0.84,0.78,21294019665.00,5375000163.00,5190880706.00
[object Object],MRNA,"Moderna, Inc.",NASDAQ,158.07,stock,common,100.00,1.00,false,0.00,USD,8.55,19139204.00,1.66,63107211912.36,USD,0.00,-7.98,-6.20,0.00,Health technology,america,Health Technology,Neutral,Neutral,8.55,17.21,150.75,147.14,205.83,429.90,536.10,-63.95,618.50,618.50,7.59,10.79,StrongBuy,Strong buy,StrongBuy,Strong buy,Buy,Buy,65.96,7.26,34.35,173.87,65.88,56.54,rising_window_bullish,152.59,4.79,1.27,349537.00,4.72,19139204.00,116.71,157.82,-0.16,1647160.00,554.39,0.00,-2.94,26.01,9.33,0.00,0.00,12.24,59256211912.36,26.60,0.00,0.00,144.51,120.77,96.62,75.40,59.60,112.72,170.00,40.00,122.50,-8.31,-2.03,-1.10,2101008038.00,102928355.00,894988600.00
[object Object],AON,Aon Plc Class A,NYSE,296.05,stock,common,100.00,1.00,false,0.00,USD,-1.50,3273114.00,1.50,62799738783.52,USD,16.32,18.14,51.85,1.04,Finance,america,Finance,Buy,Buy,-1.50,-2.92,-13.74,-9.70,-6.68,-15.68,-17.30,2.23,169.43,10925.15,2.49,2.59,StrongSell,Strong sell,StrongSell,Strong sell,Sell,Sell,29.88,-34.83,-34.85,-110.91,2.62,5.68,0.00,300.00,-0.19,0.36,394.00,-0.34,3273114.00,2.46,295.51,-0.18,750807.00,-13.70,16.32,0.32,3.66,6.54,17.93,19.50,49.98,77518738783.52,4.41,15.49,13.14,309.39,336.30,346.76,335.71,335.52,383.28,433.00,264.00,385.00,18.79,3.80,3.37,17922753461.00,4275112421.00,4087456165.00
[object Object],URI,"United Rentals, Inc.",NYSE,1002.53,stock,common,100.00,1.00,false,0.00,USD,-0.37,571916.00,1.42,62399962357.44,USD,24.09,41.62,7.66,0.77,Finance,america,Finance,Buy,Buy,-0.37,0.01,-13.11,-5.74,41.23,23.68,4.30,191.86,1180.04,6814.00,2.77,2.76,Sell,Sell,Sell,Sell,Neutral,Neutral,41.19,22.71,-75.43,-35.59,34.42,26.74,0.00,0.00,0.00,0.00,0.00,1.99,571916.00,16.72,1002.53,0.00,115627.00,-0.10,24.09,3.16,3.74,6.78,10.93,99.35,560.61,77672962357.44,4.61,18.34,10.43,1001.76,1063.00,1071.65,1045.01,935.37,1281.95,1610.00,950.00,1320.00,49.48,11.54,13.92,17739467181.00,4211721380.00,4696877588.00
[object Object],AJG,Arthur J. Gallagher & Co.,NYSE,241.41,stock,common,100.00,1.00,false,0.00,USD,-0.97,943539.00,0.71,61873379742.98,USD,39.94,6.04,-8.90,1.11,Finance,america,Finance,Buy,Buy,-0.97,-1.55,-3.44,11.68,14.74,-6.11,-17.62,60.54,386.71,12993.42,2.73,2.64,Sell,Sell,StrongSell,Strong sell,Neutral,Neutral,40.77,-23.05,-8.61,-119.99,13.08,19.77,0.00,0.00,0.00,0.00,0.00,-0.25,943539.00,-20.07,241.41,0.00,283889.00,-13.44,39.94,0.00,4.00,2.61,25.48,27.31,45.06,74623379742.98,4.74,27.73,18.54,249.52,255.34,254.29,233.94,233.76,294.56,388.00,265.00,291.00,13.25,2.81,3.08,16680380444.00,4005692614.00,4045252183.00
[object Object],MET,"MetLife, Inc.",NYSE,97.35,stock,common,100.00,1.00,false,0.00,USD,0.12,2760947.00,0.97,61863681146.08,USD,18.63,5.23,-11.44,2.39,Finance,america,Finance,Buy,Buy,0.12,1.23,0.05,11.77,42.15,23.32,23.43,57.42,147.43,653.39,2.05,1.77,Buy,Buy,StrongBuy,Strong buy,Neutral,Neutral,54.11,0.93,0.65,79.01,69.10,70.58,0.00,97.37,0.14,0.14,408.00,0.73,2760947.00,-21.13,97.60,0.26,815749.00,12.00,18.63,0.00,0.79,2.26,3.80,3.80,0.00,84014681146.08,1.06,0.00,0.00,97.25,96.65,95.73,89.59,82.81,106.47,119.00,87.00,108.00,10.03,2.30,2.56,79769336082.00,19665219853.00,20096530449.00
[object Object],PCAR,PACCAR Inc,NASDAQ,117.36,stock,common,100.00,1.00,false,0.00,USD,-0.73,2962358.00,1.25,61774188728.22,USD,24.71,4.75,-18.59,1.15,Producer manufacturing,america,Producer Manufacturing,Buy,Buy,-0.73,-4.34,-10.45,-0.89,4.21,6.89,13.75,110.38,211.13,23843.79,2.84,2.13,StrongSell,Strong sell,StrongSell,Strong sell,Sell,Sell,28.44,-4.77,-6.49,-146.52,12.45,18.85,0.00,0.00,0.00,0.00,0.00,0.96,2962358.00,8.91,117.41,0.04,819679.00,24.16,24.71,0.00,2.24,3.04,14.25,20.90,7.01,67636288728.22,2.43,23.46,18.22,121.98,126.55,127.73,122.05,120.63,145.50,164.00,125.00,144.00,5.95,1.36,1.61,28628614320.00,7047963787.00,7534245556.00
[object Object],GLE,Societe Generale SA Class A,EURONEXT,74.16,stock,common,100.00,1.00,false,0.00,EUR,0.67,1453317.00,0.87,61752707898.98,USD,9.74,8.69,20.72,2.19,Finance,france,Finance,Buy,Buy,0.67,0.23,-9.89,-4.41,14.44,8.74,30.20,190.14,133.83,158.27,1.86,2.29,Neutral,Neutral,Neutral,Neutral,Neutral,Neutral,45.67,-0.22,-3.76,11.12,59.05,57.44,0.00,0.00,0.00,0.00,0.00,-0.08,1453317.00,12.18,74.16,0.00,759978.00,49.94,9.74,0.47,1.24,0.90,0.00,0.00,0.00,288703851468.98,3.35,0.00,0.00,73.97,76.43,77.11,74.59,71.80,102.52,118.85,88.85,101.83,9.33,0.00,0.00,32729668978.53,0.00,0.00
[object Object],TRGP,Targa Resources Corp.,NYSE,285.07,stock,common,100.00,1.00,false,0.00,USD,0.11,869961.00,0.99,61127847092.02,USD,27.22,10.47,49.98,1.58,Utilities,america,Utilities,StrongBuy,Strong buy,0.11,-3.96,-2.84,9.69,18.93,55.07,75.18,518.24,526.11,1082.86,2.43,2.40,Buy,Buy,Neutral,Neutral,Buy,Buy,48.33,-8.39,4.26,-138.01,17.50,19.62,spinning_top_white,284.68,-0.03,-0.03,100.00,-0.30,869961.00,-21.54,285.07,0.00,219568.00,76.95,27.22,0.54,3.57,16.72,14.32,82.80,295.22,80637247092.02,4.70,18.98,13.66,289.42,285.72,281.09,272.26,242.67,318.81,359.00,275.00,318.00,11.28,2.83,2.70,19291173891.00,4897763837.00,4870073149.00
[object Object],ARGX,argenx SE,EURONEXT,868.00,stock,common,10.00,2.00,false,0.00,EUR,2.29,60610.00,0.98,60854622962.98,USD,38.55,25.71,24.40,0.00,Health technology,belgium,Health Technology,StrongBuy,Strong buy,2.29,1.05,5.70,12.64,45.64,21.67,37.52,214.04,5796.74,10111.76,1.86,2.40,Buy,Buy,StrongBuy,Strong buy,Neutral,Neutral,53.94,-44.40,20.83,-55.56,19.84,20.48,"hanging_man_bearish,long_lower_shadow_bullish",0.00,0.00,0.00,0.00,1.98,60610.00,-2.65,868.00,0.00,39591.00,49.49,38.55,1.54,12.20,7.30,57.45,57.64,12.33,55704278355.23,10.89,37.77,36.99,864.68,852.67,815.45,777.71,731.60,1172.56,1449.50,991.46,1148.58,29.17,0.00,0.00,6280777476.81,0.00,3296289052.57
[object Object],NUE,Nucor Corporation,NYSE,265.14,stock,common,100.00,1.00,false,0.00,USD,1.71,969093.00,0.96,60153813820.95,USD,21.15,12.53,126.29,0.86,Non-energy minerals,america,Non-Energy Minerals,Buy,Buy,1.71,3.98,-2.16,4.82,61.43,60.52,86.73,143.36,482.47,173926.62,2.81,3.29,Buy,Buy,StrongBuy,Strong buy,Neutral,Neutral,58.36,1.17,-0.63,132.65,69.20,60.26,0.00,264.10,1.31,1.37,213.00,1.37,969093.00,-11.10,255.25,-3.73,248373.00,70.08,21.15,0.16,1.65,2.72,13.69,38.27,22.51,65717813820.95,1.82,15.81,11.59,259.20,259.31,253.75,245.88,210.23,290.79,310.00,256.00,295.00,19.12,4.46,6.01,40482065257.00,10147011804.00,10828383290.00
[object Object],TEL,TE Connectivity plc,NYSE,206.60,stock,common,100.00,1.00,false,0.00,USD,2.18,2436481.00,1.28,59813429132.87,USD,20.25,10.20,110.63,1.47,Electronic technology,america,Electronic Technology,Buy,Buy,2.18,2.19,-3.29,-4.64,4.59,-10.33,-2.87,44.56,235.72,458.38,3.32,2.59,Neutral,Neutral,Buy,Buy,Neutral,Neutral,50.71,4.39,-2.69,67.70,25.82,29.13,0.00,207.90,2.82,1.63,1643.00,4.06,2436481.00,38.85,206.60,0.00,555027.00,-0.37,20.25,0.18,3.07,4.52,13.70,18.26,48.86,64353429132.87,3.33,15.69,12.61,205.79,207.58,206.56,206.77,215.47,252.18,306.00,215.00,240.00,11.45,2.85,3.07,19845430955.00,5012693373.00,5272489140.00
[object Object],TDG,TransDigm Group Incorporated,NYSE,1076.01,stock,common,100.00,1.00,false,0.00,USD,-0.38,452843.00,1.23,59478091341.35,USD,32.63,32.98,9.48,0.00,Electronic technology,america,Electronic Technology,Buy,Buy,-0.38,-4.41,-13.10,-19.11,-9.76,-19.04,-15.47,79.78,279.91,4392.73,2.81,2.13,StrongSell,Strong sell,StrongSell,Strong sell,Sell,Sell,25.23,-77.74,-88.37,-156.27,4.15,6.30,0.00,0.00,0.00,0.00,0.00,1.33,452843.00,-25.08,1077.50,0.14,66854.00,-13.12,32.63,3.45,6.19,0.00,28.10,32.05,22.27,90280091341.35,9.02,19.32,17.73,1121.02,1180.98,1207.57,1225.07,1259.95,1514.11,1972.00,1331.00,1450.00,41.12,10.30,12.15,10513151360.00,2677515626.00,2944341714.00
[object Object],GWW,"W.W. Grainger, Inc.",NYSE,1262.61,stock,common,100.00,1.00,false,0.00,USD,0.35,236120.00,0.94,59470119204.66,USD,32.05,39.40,-0.59,0.76,Distribution services,america,Distribution Services,Neutral,Neutral,0.35,-1.16,-4.59,-4.54,21.42,25.35,26.38,210.59,458.26,64805.24,1.89,1.90,Sell,Sell,StrongSell,Strong sell,Buy,Buy,38.99,-22.24,-30.40,-128.12,11.44,14.19,0.00,0.00,0.00,0.00,0.00,1.33,236120.00,-10.40,1262.61,0.00,50150.00,26.78,32.05,0.00,3.15,14.40,27.40,39.47,101.18,62060119204.66,3.29,21.17,19.47,1282.47,1299.15,1326.69,1299.94,1191.06,1324.31,1500.00,1100.00,1350.00,46.52,11.30,11.68,19649364402.00,4956557950.00,5066221532.00
[object Object],OXY,Occidental Petroleum Corporation,NYSE,59.29,stock,common,100.00,1.00,false,0.00,USD,-0.12,8779148.00,1.08,59268501470.97,USD,17.57,3.38,98.33,1.68,Energy minerals,america,Energy Minerals,Buy,Buy,-0.12,-4.51,-1.13,13.15,-0.65,43.77,25.24,118.70,-17.19,226.74,2.85,2.20,Sell,Sell,Sell,Sell,Sell,Sell,48.06,-1.62,1.97,-97.97,44.21,65.09,0.00,58.61,-1.26,0.56,78859.00,-1.16,8779148.00,-23.98,59.38,0.15,1584222.00,28.81,17.57,0.18,2.47,1.77,5.47,11.30,14.40,78647501470.97,3.23,14.01,5.92,60.92,59.75,57.92,56.77,53.18,68.41,82.00,55.00,69.00,6.31,1.83,1.21,26441392883.00,7074403961.00,6437829001.00
[object Object],NBIS,Nebius Group N.V. Class A,NASDAQ,217.99,stock,common,100.00,1.00,false,0.00,USD,4.12,30659289.00,2.24,59261720205.96,USD,0.00,-0.13,-114.14,0.00,Technology services,america,Technology Services,Buy,Buy,4.12,-6.04,-18.87,-26.90,80.94,150.61,137.80,168.69,965.44,522.83,7.08,5.94,Buy,Buy,Buy,Buy,Neutral,Neutral,49.86,13.90,-2.56,18.70,27.99,28.65,0.00,230.03,9.87,7.23,1148758.00,9.86,30659289.00,120.29,216.45,-0.71,1595846.00,245.78,0.00,0.00,43.32,5.73,0.00,0.00,7.60,61275720205.96,45.22,0.00,487.86,222.08,221.09,211.81,215.09,160.09,296.83,415.00,144.00,288.00,-2.08,-0.72,-0.83,3338289615.00,569890186.00,907610925.00
[object Object],TFC,Truist Financial Corporation,NYSE,48.45,stock,common,100.00,1.00,false,0.00,USD,0.02,10167715.00,1.55,59187788714.86,USD,11.12,4.36,18.37,4.29,Finance,america,Finance,Neutral,Neutral,0.02,-3.74,-8.26,-0.92,10.34,-1.63,8.63,-12.15,28.04,1435.39,3.18,2.07,Sell,Sell,StrongSell,Strong sell,Neutral,Neutral,34.90,-2.36,-1.31,-218.21,29.12,36.22,0.00,49.19,1.55,1.01,3086.00,1.32,10167715.00,-13.08,48.45,0.00,4367515.00,0.90,11.12,0.61,2.86,1.01,11.72,11.72,0.00,130958788714.86,4.28,0.00,0.00,50.21,50.96,51.40,50.32,49.85,54.71,61.00,45.00,55.00,4.64,1.08,1.12,21223235058.00,5235761235.00,5349060949.00
[object Object],REL,RELX PLC,LSE,2570.00,stock,common,1.00,1.00,false,0.00,GBX,1.06,3673772.00,1.05,59180322451.71,USD,20.60,1.65,20.69,2.71,Commercial services,uk,Commercial Services,Buy,Buy,1.06,0.74,3.63,8.85,2.43,-14.90,-25.29,16.24,78.10,461.14,3.28,2.95,Neutral,Neutral,Neutral,Neutral,Neutral,Neutral,49.93,-105.00,-52.97,-29.28,40.02,39.95,0.00,0.00,0.00,0.00,0.00,0.51,3673772.00,26.98,2570.00,0.00,1848251.00,-26.07,20.60,0.99,4.69,36.32,15.76,15.88,209.58,70821455251.71,5.50,17.14,13.80,2547.90,2578.17,2574.74,2521.04,2603.45,45.40,68.68,28.72,42.16,1.91,0.89,0.97,13557175725.77,6533755402.68,6982590348.80
[object Object],COR,"Cencora, Inc.",NYSE,309.41,stock,common,100.00,1.00,false,0.00,USD,-2.85,1098480.00,0.91,59043837440.30,USD,23.00,13.45,38.37,0.75,Distribution services,america,Distribution Services,Buy,Buy,-2.85,-5.19,-2.08,11.72,-6.42,-8.24,5.90,149.97,268.52,10697.66,2.44,1.98,StrongSell,Strong sell,StrongSell,Strong sell,Sell,Sell,39.79,-26.95,-0.24,-168.26,9.62,20.13,0.00,318.02,-0.15,-0.16,139.00,-0.04,1098480.00,17.97,309.86,0.15,313045.00,10.48,23.00,0.62,0.19,19.35,12.45,14.78,20.95,68090254440.30,0.20,15.46,12.47,323.61,322.36,316.50,297.73,320.09,368.92,430.00,330.00,370.00,17.88,4.35,4.57,337266187700.00,84314550956.00,88144158788.00
[object Object],OKE,"ONEOK, Inc.",NYSE,93.22,stock,common,100.00,1.00,false,0.00,USD,0.56,3504706.00,1.08,58763060561.98,USD,16.10,5.79,12.85,4.57,Industrial services,america,Industrial Services,Buy,Buy,0.56,-3.57,-3.44,10.09,4.19,26.90,28.74,68.30,101.60,6020.76,2.83,2.64,Neutral,Neutral,Sell,Sell,Buy,Buy,46.31,-2.79,1.80,-109.35,23.21,39.91,0.00,92.00,-0.75,-0.33,200.00,-0.59,3504706.00,17.55,93.22,0.00,808978.00,28.36,16.10,1.25,1.48,2.56,9.57,20.27,365.93,91768060561.98,2.31,14.36,11.59,95.45,94.13,92.80,90.78,85.93,101.22,112.00,89.00,104.50,5.71,1.46,1.48,42713571516.00,8949851681.00,10515861794.00
[object Object],AFL,Aflac Incorporated,NYSE,116.60,stock,common,100.00,1.00,false,0.00,USD,-0.18,1720964.00,0.86,58456630211.42,USD,12.50,9.33,110.98,2.06,Finance,america,Finance,Neutral,Neutral,-0.18,0.74,-4.59,-0.55,8.37,5.87,7.97,114.34,223.80,155366.67,1.72,1.50,Sell,Sell,Sell,Sell,Neutral,Neutral,45.14,-0.64,-3.08,1.60,60.59,59.18,0.00,117.00,0.16,0.16,169.00,0.18,1720964.00,-30.49,116.60,0.00,522162.00,2.97,12.50,0.11,3.27,1.93,22.27,22.27,0.00,67185630211.42,3.72,0.00,0.00,116.32,118.21,120.85,118.65,114.78,118.53,138.00,99.00,116.00,7.01,1.76,1.80,16733719267.00,4142332995.00,4104787023.00
[object Object],COHR,Coherent Corp.,NYSE,295.98,stock,common,100.00,1.00,false,0.00,USD,2.09,6545223.00,1.06,57962426373.56,USD,71.97,4.11,0.00,0.00,Electronic technology,america,Electronic Technology,Buy,Buy,2.09,-0.04,-8.82,-24.88,5.51,57.44,183.70,375.93,1232.64,72756.62,6.67,5.79,Buy,Buy,Buy,Buy,Buy,Buy,50.83,27.34,-14.38,85.77,50.36,42.36,0.00,304.00,4.85,1.79,212018.00,4.48,6545223.00,-13.23,296.79,0.27,441308.00,286.66,71.97,0.00,8.24,5.31,752.66,0.00,29.60,59829951373.56,8.41,60.96,39.80,287.38,300.84,296.97,332.42,282.20,415.56,500.00,280.00,420.00,9.44,1.62,1.97,10608166525.00,1984608374.00,2298413971.00
[object Object],CRH,CRH public limited company,NYSE,86.70,stock,common,100.00,1.00,false,0.00,USD,0.00,5136079.00,1.11,57680162807.00,USD,15.29,5.67,18.53,1.78,Non-energy minerals,america,Non-Energy Minerals,StrongBuy,Strong buy,0.00,-1.76,-9.69,-22.01,-15.05,-30.92,-23.10,69.17,160.91,2488.06,2.87,2.54,Sell,Sell,StrongSell,Strong sell,Neutral,Neutral,33.01,-5.97,-6.51,-120.32,8.39,11.09,0.00,88.89,2.53,0.25,2418.00,2.08,5136079.00,9.49,86.75,0.06,842245.00,-18.94,15.29,0.83,1.50,2.27,10.35,19.86,18.81,75910162807.12,1.96,13.99,9.86,89.25,93.88,96.73,102.46,110.48,135.83,165.00,107.00,138.00,5.87,2.02,2.25,39720543591.00,10683007841.00,11600394348.00
[object Object],NXPI,NXP Semiconductors NV,NASDAQ,227.95,stock,common,100.00,1.00,false,0.00,USD,4.10,5053422.00,1.49,57480821272.57,USD,19.45,11.72,39.67,1.85,Electronic technology,america,Electronic Technology,Buy,Buy,4.10,3.73,-0.70,-26.33,18.48,3.33,3.29,7.71,165.46,1653.46,3.95,2.72,Neutral,Neutral,Neutral,Neutral,Neutral,Neutral,48.11,-0.55,-1.59,22.02,34.84,39.54,0.00,222.12,1.43,0.02,3616.00,1.45,5053422.00,51.14,227.80,-0.07,1644407.00,-4.39,19.45,0.47,4.22,5.04,18.31,20.42,17.97,65596821272.64,4.98,17.34,14.38,226.06,227.77,241.90,269.61,245.11,313.29,400.00,190.00,312.00,15.08,3.52,4.11,14282550686.00,3465197409.00,3755651190.00
[object Object],MPWR,"Monolithic Power Systems, Inc.",NASDAQ,1169.58,stock,common,100.00,1.00,false,0.00,USD,1.91,950067.00,1.57,57476671026.41,USD,71.67,16.32,-57.51,0.62,Electronic technology,america,Electronic Technology,Buy,Buy,1.91,-1.29,-14.34,-23.52,6.87,26.09,36.57,135.76,1443.39,12809.27,3.77,3.07,Sell,Sell,StrongSell,Strong sell,Neutral,Neutral,38.60,-49.78,-128.05,-97.59,10.23,9.23,0.00,1185.00,3.26,1.08,2217.00,3.10,950067.00,51.96,1167.28,-0.20,233133.00,52.73,71.67,0.00,17.27,14.75,70.06,98.39,40.75,56081844026.41,17.13,59.65,56.07,1188.32,1282.21,1306.19,1416.15,1262.15,1853.36,2100.00,1575.00,1835.00,27.42,5.87,7.69,4149458533.00,903302500.00,1151253429.00
[object Object],HO,Thales SA,EURONEXT,238.30,stock,common,10.00,1.00,false,0.00,EUR,-1.08,299303.00,1.17,56751274989.24,USD,32.80,8.30,119.01,1.62,Electronic technology,france,Electronic Technology,Buy,Buy,-1.08,5.07,-10.48,1.62,-4.10,4.06,-7.85,199.15,199.03,758.74,2.62,2.05,Sell,Sell,Sell,Sell,Neutral,Neutral,47.25,3.60,-15.59,13.24,66.07,50.29,0.00,0.00,0.00,0.00,0.00,1.16,299303.00,-1.50,238.30,0.00,179847.00,8.36,32.80,0.28,2.17,6.11,10.48,12.43,9.71,57359485851.24,2.20,20.77,14.30,232.49,247.80,243.65,236.90,242.98,344.13,389.80,290.90,346.75,12.67,5.33,6.37,27991830533.35,12481836699.32,14465832259.59
[object Object],D,Dominion Energy Inc,NYSE,64.29,stock,common,100.00,1.00,false,0.00,USD,1.23,2641014.00,0.54,56544721184.02,USD,22.36,2.88,-0.65,4.20,Utilities,america,Utilities,Neutral,Neutral,1.23,-1.56,-7.50,-5.61,5.22,9.13,7.81,-13.99,-13.41,486.11,1.68,1.55,Sell,Sell,StrongSell,Strong sell,Neutral,Neutral,36.49,-1.76,-2.50,-133.40,10.16,5.93,harami_bullish,63.74,0.36,0.68,1153.00,0.44,2641014.00,-28.57,64.29,0.00,752334.00,15.67,22.36,0.00,3.02,2.03,10.52,0.00,154.52,115281721184.02,6.22,22.65,15.25,64.95,66.50,68.01,67.14,64.24,71.70,80.00,66.00,70.00,3.59,0.68,1.20,18294411924.00,4044009692.00,4884317800.00
[object Object],NOKIA,Nokia Oyj,OMXHEX,9.25,stock,common,1000.00,2.00,false,0.00,EUR,4.69,23066776.00,1.55,56532043711.62,USD,74.42,0.14,-30.17,1.58,Electronic technology,finland,Electronic Technology,Buy,Buy,4.69,-0.96,-0.69,-23.81,28.83,65.18,137.85,92.01,90.80,-84.32,5.09,4.42,Buy,Buy,StrongBuy,Strong buy,Buy,Buy,54.10,0.84,0.21,100.33,45.33,40.85,0.00,0.00,0.00,0.00,0.00,3.49,23066776.00,31.98,0.00,0.00,0.00,143.67,74.42,0.00,2.53,2.44,47.33,100.31,11.11,54954776191.62,2.37,21.31,14.81,9.06,8.87,8.85,10.40,8.41,12.91,20.63,5.33,13.47,0.40,0.06,0.07,24389640429.82,5523227770.53,5783017046.20
[object Object],AAL,Anglo American plc,LSE,4053.00,stock,common,1.00,1.00,false,0.00,GBX,3.58,2927460.00,0.80,56482698766.14,USD,0.00,-2.51,40.97,0.73,Non-energy minerals,uk,Non-Energy Minerals,Buy,Buy,3.58,-2.71,3.92,2.12,34.61,30.83,58.07,29.33,330.70,1561.80,3.24,3.40,Buy,Buy,StrongBuy,Strong buy,Neutral,Neutral,51.77,-122.00,-104.91,-55.15,25.55,18.95,0.00,0.00,0.00,0.00,0.00,1.10,2927460.00,5.09,4053.00,0.00,1396345.00,83.94,0.00,0.00,2.88,3.36,11.04,27.98,6.50,71235854840.77,3.69,15.91,10.42,4051.80,4056.13,3884.98,3857.56,3579.53,55.92,70.47,37.95,56.40,1.57,0.69,0.97,20771861485.33,10614652571.00,11434892000.00
[object Object],FAST,Fastenal Company,NASDAQ,49.18,stock,common,100.00,1.00,false,0.00,USD,0.31,5071488.00,0.80,56433934529.81,USD,41.85,1.18,13.57,1.96,Distribution services,america,Distribution Services,Neutral,Neutral,0.31,1.78,-4.91,8.49,10.84,22.16,3.67,85.48,386.33,155653.67,2.12,1.99,Neutral,Neutral,Sell,Sell,Neutral,Neutral,47.63,1.25,-0.89,-47.45,40.30,41.95,0.00,49.47,0.90,0.39,1112.00,0.92,5071488.00,-15.46,49.22,0.08,1545112.00,-0.91,41.85,3.07,6.45,13.87,40.43,48.94,276.36,56670734529.81,6.48,31.92,28.99,49.24,50.32,48.94,47.17,45.74,49.58,59.00,42.00,50.00,1.27,0.33,0.34,9328592682.00,2338089163.00,2436887793.00
[object Object],KEYS,Keysight Technologies Inc,NYSE,331.44,stock,common,100.00,1.00,false,0.00,USD,2.92,1094210.00,1.17,56425921760.64,USD,45.65,7.26,131.29,0.00,Electronic technology,america,Electronic Technology,Buy,Buy,2.92,1.12,-5.30,-7.79,15.07,61.43,91.96,85.66,1010.72,1087.96,3.00,2.95,Buy,Buy,StrongBuy,Strong buy,Buy,Buy,52.75,9.86,-5.40,123.16,39.09,32.16,0.00,332.25,3.17,0.91,571.00,2.71,1094210.00,-39.16,333.00,0.47,329198.00,93.84,45.65,0.34,8.46,8.59,35.77,39.06,21.89,56551921760.64,8.59,35.28,28.35,326.04,329.99,326.04,335.44,294.27,421.00,452.00,400.00,425.00,11.46,2.48,3.37,7112099208.00,1745749205.00,1945803315.00
[object Object],PSA,Public Storage,NYSE,300.76,stock,common,100.00,1.00,false,0.00,USD,2.06,723946.00,0.92,56197694823.89,USD,28.68,10.49,14.42,4.07,Finance,america,Finance,Buy,Buy,2.06,2.21,-8.26,-5.64,8.57,16.08,5.14,-4.54,40.44,2029.27,2.10,1.88,Sell,Sell,Sell,Sell,Neutral,Neutral,41.40,-0.57,-17.85,-54.93,24.67,16.89,0.00,0.00,0.00,0.00,0.00,1.15,723946.00,-10.01,300.76,0.00,224930.00,11.70,28.68,1.95,10.64,10.91,16.74,18.55,204.23,70563505823.89,14.43,31.54,20.74,298.26,312.86,316.07,313.48,298.81,340.81,374.00,311.00,342.00,10.01,2.53,2.42,5147582876.00,1233984957.00,1331122175.00
[object Object],BKR,Baker Hughes Company Class A,NASDAQ,56.56,stock,common,100.00,1.00,false,0.00,USD,0.44,9392850.00,1.21,56150608593.39,USD,18.18,3.11,1.81,1.63,Industrial services,america,Industrial Services,Buy,Buy,0.44,-11.08,-13.04,-5.58,-6.90,23.72,19.97,132.92,66.89,333.86,3.80,3.01,Sell,Sell,StrongSell,Strong sell,Neutral,Neutral,30.08,-8.06,-5.00,-148.10,8.56,8.79,0.00,57.20,1.56,0.28,12312.00,0.73,9392850.00,-1.64,56.80,0.42,1818877.00,41.30,18.18,10.00,2.03,2.82,12.71,18.03,3.31,55523608593.39,2.00,15.46,11.36,59.95,62.21,60.60,61.70,58.90,72.27,85.00,51.00,74.00,2.64,0.50,0.60,28034229654.00,6523390867.00,7279127908.00
[object Object],FIX,"Comfort Systems USA, Inc.",NYSE,1573.96,stock,common,100.00,1.00,false,0.00,USD,-0.84,275986.00,0.94,55394464132.20,USD,38.72,40.65,108.89,0.19,Industrial services,america,Industrial Services,StrongBuy,Strong buy,-0.84,-0.95,-12.86,-20.91,10.42,67.73,101.51,2141.47,5806.04,9737.25,4.67,4.09,Sell,Sell,StrongSell,Strong sell,Neutral,Neutral,44.59,13.83,-53.73,-7.10,38.79,45.88,0.00,1641.12,3.39,3.32,2459.00,3.27,275986.00,10.08,1575.00,0.07,39191.00,121.95,38.72,0.36,4.98,17.22,21.79,25.74,29.11,53857979132.20,4.80,29.16,26.89,1605.67,1643.14,1677.20,1779.70,1518.83,2197.00,2500.00,1910.00,2165.50,49.01,10.45,12.81,12982328225.00,2989210050.00,3393712850.00
[object Object],DB1,Deutsche Boerse AG,XETR,279.80,stock,common,10.00,1.00,false,0.00,EUR,0.94,246612.00,0.90,55227102174.09,USD,24.10,13.26,7.78,1.52,Finance,germany,Finance,Buy,Buy,0.94,2.45,0.65,14.77,11.83,24.80,20.40,95.60,292.65,1367.23,1.88,1.81,Buy,Buy,StrongBuy,Strong buy,Neutral,Neutral,52.28,-4.10,0.23,-55.60,31.11,32.76,0.00,0.00,0.00,0.00,0.00,0.51,246612.00,-29.57,282.30,0.89,177426.00,11.09,24.10,3.07,6.47,4.87,17.13,17.47,1.83,62555206284.09,7.04,17.24,14.86,278.60,279.97,272.09,260.32,245.29,340.24,372.99,284.34,346.43,14.98,3.72,0.00,7743182255.75,1850081731.77,0.00
[object Object],TER,"Teradyne, Inc.",NASDAQ,353.13,stock,common,100.00,1.00,false,0.00,USD,3.51,2597453.00,1.01,55208605947.84,USD,48.45,7.29,152.83,0.15,Electronic technology,america,Electronic Technology,Buy,Buy,3.51,-5.12,-15.75,-16.29,16.90,77.19,210.44,188.79,1574.40,33631.82,3.97,4.26,Sell,Sell,Sell,Sell,Neutral,Neutral,47.54,11.51,-22.59,-16.04,27.44,25.71,0.00,351.22,2.95,1.99,12560.00,3.43,2597453.00,1.86,352.60,-0.15,763342.00,173.36,48.45,0.31,12.05,16.07,52.29,69.61,156.94,54990054947.84,12.32,39.90,36.42,355.76,371.10,364.08,373.08,323.89,455.92,550.00,390.00,450.00,9.22,2.09,2.08,5147678843.00,1219548062.00,1259579400.00
[object Object],BAYN,Bayer AG,XETR,49.04,stock,common,100.00,1.00,false,0.00,EUR,0.12,1758745.00,0.87,55157515844.32,USD,0.00,-2.02,49.15,0.22,Health technology,germany,Health Technology,Buy,Buy,0.12,-0.33,2.66,31.58,24.28,32.54,81.63,6.98,-45.83,266.03,3.02,2.25,Buy,Buy,StrongBuy,Strong buy,Neutral,Neutral,52.98,-0.30,0.16,59.17,45.35,44.48,spinning_top_black,48.99,0.02,-0.90,6024.00,0.59,1758745.00,29.35,49.01,-0.06,783083.00,78.17,0.00,0.00,1.06,1.63,13.76,60.53,11.23,94435603664.32,1.82,13.20,8.26,48.92,48.79,48.47,44.23,42.25,68.26,81.45,53.53,69.23,5.32,0.88,0.57,53822828433.64,12252284530.57,11321269809.86
[object Object],FANG,"Diamondback Energy, Inc.",NASDAQ,196.94,stock,common,100.00,1.00,false,0.00,USD,1.23,4921083.00,1.55,55147994182.07,USD,38.16,5.16,-63.30,2.18,Energy minerals,america,Energy Minerals,Buy,Buy,1.23,-5.01,-5.74,7.62,3.48,30.34,42.99,137.33,117.54,1005.16,3.24,2.72,Sell,Sell,Sell,Sell,Neutral,Neutral,45.19,-6.48,0.95,-146.39,43.39,56.30,piercing_bullish,191.52,-1.55,-0.01,21820.00,-1.78,4921083.00,-68.05,196.94,0.00,867705.00,31.14,38.16,0.00,3.20,1.46,5.46,8.52,119.35,73382994182.07,4.29,12.24,6.53,202.35,202.06,199.16,196.50,183.04,235.73,283.00,205.00,234.50,20.76,6.08,4.91,18747265540.00,4886836763.00,4505666638.00
[object Object],MT,ArcelorMittal SA,EURONEXT,65.54,stock,common,100.00,2.00,false,0.00,EUR,1.33,1477341.00,0.99,55146825684.45,USD,32.20,2.32,-31.54,0.76,Non-energy minerals,netherlands,Non-Energy Minerals,Buy,Buy,1.33,-0.61,3.90,18.35,50.53,68.27,124.22,148.30,331.50,-1.79,2.91,3.21,Buy,Buy,StrongBuy,Strong buy,Sell,Sell,56.77,-0.12,-0.10,39.60,38.65,28.28,0.00,0.00,0.00,0.00,0.00,-0.49,1477341.00,3.51,65.54,0.00,694707.00,109.83,32.20,0.00,0.92,1.03,12.62,0.00,11.69,66702767274.66,1.08,25.43,11.75,65.32,64.11,62.28,58.92,52.62,75.42,93.49,55.22,75.67,4.53,0.00,0.00,68920786261.86,0.00,0.00
[object Object],CTVA,Corteva Inc,NYSE,81.53,stock,common,100.00,1.00,false,0.00,USD,0.64,4905283.00,0.95,54396490000.77,USD,53.90,1.51,-26.40,0.89,Process industries,america,Process Industries,Buy,Buy,0.64,-4.13,6.20,5.36,3.75,21.69,16.34,92.06,174.05,174.05,3.39,2.88,Sell,Sell,Sell,Sell,Neutral,Neutral,44.70,-8.44,1.43,-81.64,11.67,15.12,spinning_top_white,81.02,0.01,0.02,952.00,0.48,4905283.00,-24.30,81.53,0.00,1255985.00,16.60,53.90,0.00,3.05,2.16,45.09,86.82,20.85,56896490000.77,3.19,19.16,13.51,84.40,81.65,83.14,81.64,78.09,91.70,103.00,78.00,94.00,3.75,2.24,-0.39,18118898697.00,6599341986.00,2647312299.00
[object Object],F,Ford Motor Company,NYSE,13.61,stock,common,100.00,1.00,false,0.00,USD,1.95,46019362.00,0.98,54271176090.51,USD,0.00,-1.73,-320.89,4.49,Consumer durables,america,Consumer Durables,Buy,Buy,1.95,2.10,-3.13,-3.61,16.97,3.26,17.02,1.49,12.95,673.16,2.20,2.87,Sell,Sell,StrongSell,Strong sell,Sell,Sell,45.05,-0.53,-0.31,-91.52,22.60,30.95,long_upper_shadow_bearish,13.61,1.95,0.90,346129.00,1.95,46019362.00,-13.68,13.63,0.15,5005235.00,18.32,0.00,0.00,0.28,1.61,3.20,7.45,1.73,186269176090.51,0.99,49.94,19.08,13.86,13.96,14.11,14.01,13.53,16.17,20.00,14.00,16.00,1.85,0.36,0.42,186106674099.00,47237897600.00,48832360714.00
[object Object],O,Realty Income Corporation,NYSE,57.32,stock,common,100.00,1.00,false,0.00,USD,0.30,8407894.00,1.25,54237221714.66,USD,41.93,1.37,33.39,5.67,Finance,america,Finance,Buy,Buy,0.30,-4.94,-8.83,-5.69,-7.99,1.72,-4.86,-13.36,-7.80,639.90,2.08,1.35,Sell,Sell,StrongSell,Strong sell,Buy,Buy,20.93,-4.18,-3.03,-178.71,6.16,4.97,0.00,57.75,1.05,0.51,53121.00,0.86,8407894.00,-27.72,57.39,0.12,1236532.00,9.98,41.93,1.25,8.80,1.37,12.86,13.39,96.94,88706354714.66,14.61,32.03,16.70,59.56,61.40,62.62,62.34,61.94,67.71,72.00,61.00,68.00,1.52,0.40,0.41,5689470658.00,1404780527.00,1430203024.00
[object Object],EBS,Erste Group Bank AG,VIE,122.50,stock,common,10.00,1.00,false,0.00,EUR,3.64,475319.00,1.67,54201040113.98,USD,13.70,10.21,21.11,0.63,Finance,austria,Finance,Buy,Buy,3.64,0.41,0.25,6.15,32.72,19.05,49.94,250.50,375.73,992.91,2.47,2.03,StrongBuy,Strong buy,StrongBuy,Strong buy,Neutral,Neutral,53.85,-1.30,-1.59,-50.02,39.02,29.28,0.00,0.00,0.00,0.00,0.00,1.52,475319.00,120.13,122.50,0.00,353821.00,50.49,13.70,0.63,3.26,1.96,3.54,3.76,0.00,159367873803.98,6.00,0.00,0.00,121.73,121.88,119.30,112.65,106.89,152.32,178.99,92.27,155.89,11.74,2.78,3.22,18727912902.98,4490236807.49,4579236771.76
[object Object],RHM,Rheinmetall AG,XETR,1016.20,stock,common,10.00,2.00,false,0.00,EUR,0.32,110142.00,0.65,54175292560.55,USD,65.89,17.61,-14.62,1.14,Electronic technology,germany,Electronic Technology,StrongBuy,Strong buy,0.32,2.03,-16.50,-13.84,-35.36,-35.34,-46.98,1200.15,1504.10,4818.68,3.75,3.48,Sell,Sell,StrongSell,Strong sell,Neutral,Neutral,39.85,-54.00,-105.91,-67.55,21.78,17.82,0.00,1021.00,0.79,0.32,57.00,0.99,110142.00,-27.29,1017.60,0.14,44980.00,-37.22,65.89,0.00,4.53,9.54,36.08,121.47,185.77,58210162960.55,4.89,27.04,22.34,1018.05,1104.38,1087.21,1132.21,1374.18,1876.45,2653.92,1153.88,1846.21,44.05,6.92,7.90,16349248097.93,3706290445.45,3614904009.34
[object Object],NKE,"NIKE, Inc. Class B",NYSE,36.36,stock,common,100.00,1.00,false,0.00,USD,1.62,45315951.00,1.59,53940011397.72,USD,17.33,2.10,-2.83,4.56,Consumer non-durables,america,Consumer Non-Durables,Neutral,Neutral,1.62,-1.62,-8.30,-18.13,-31.32,-43.19,-50.24,-76.98,-34.18,20135.10,2.16,2.10,Sell,Sell,StrongSell,Strong sell,Buy,Buy,35.69,-1.88,-2.99,-116.58,5.74,6.18,0.00,36.50,2.01,1.17,958704.00,2.01,45315951.00,47.53,36.38,0.06,6077862.00,-48.46,17.33,0.00,1.14,3.63,18.80,24.69,5.97,55946011397.72,1.21,13.74,11.61,37.15,39.15,40.59,42.16,50.37,47.15,75.00,23.00,45.00,1.70,0.12,0.44,45532184784.00,10849541206.00,11339655847.00
[object Object],SRE,Sempra,NYSE,82.18,stock,common,100.00,1.00,false,0.00,USD,0.59,3936642.00,1.14,53737532094.78,USD,23.82,3.45,-16.44,3.19,Utilities,america,Utilities,Buy,Buy,0.59,-3.93,-5.53,-9.12,-13.89,-7.37,-1.31,21.64,56.06,778.34,2.00,2.34,Sell,Sell,StrongSell,Strong sell,Buy,Buy,40.90,-1.61,-2.21,-126.97,27.68,32.44,0.00,81.83,0.16,0.66,300.00,0.60,3936642.00,-4.65,82.50,0.39,1071910.00,1.88,23.82,0.00,4.03,1.64,9.95,0.00,1078.11,100972532094.78,7.59,29.97,17.20,83.45,84.43,87.13,89.56,90.63,102.38,118.00,84.00,102.50,5.12,1.06,1.10,13599926413.00,3138223267.00,3206723372.00
[object Object],AME,"AMETEK, Inc.",NYSE,234.32,stock,common,100.00,1.00,false,0.00,USD,0.92,1869601.00,1.41,53720495663.53,USD,34.25,6.84,10.33,0.56,Producer manufacturing,america,Producer Manufacturing,Buy,Buy,0.92,0.15,-7.21,0.14,10.40,13.75,24.53,77.99,394.97,24001.12,2.39,2.00,Sell,Sell,StrongSell,Strong sell,Neutral,Neutral,44.34,1.13,-8.41,-59.96,25.47,29.38,0.00,0.00,0.00,0.00,0.00,1.75,1869601.00,37.56,234.32,0.00,406561.00,24.25,34.25,3.29,6.79,4.77,27.78,29.87,108.71,55535993663.53,7.06,26.70,22.21,235.67,242.51,241.27,236.12,227.64,281.94,316.00,245.00,285.00,8.34,1.99,2.10,8204935400.00,1954008474.00,2096071042.00
[object Object],DVN,Devon Energy Corporation,NYSE,48.72,stock,common,100.00,1.00,false,0.00,USD,0.58,12153759.00,1.04,53591998480.27,USD,11.54,4.22,-5.41,2.15,Energy minerals,america,Energy Minerals,StrongBuy,Strong buy,0.58,-2.56,1.50,15.59,0.00,32.82,40.32,61.30,21.80,806.42,3.34,2.37,Buy,Buy,Buy,Buy,Neutral,Neutral,53.35,-0.31,2.61,-22.41,57.92,69.83,0.00,47.92,-1.07,0.56,41979.00,-0.87,12153759.00,-18.91,48.95,0.47,2104720.00,133.38,11.54,0.00,2.30,1.34,5.33,30.19,45.39,64475998480.27,3.25,13.35,7.23,49.27,47.66,46.08,45.82,44.05,60.90,68.00,44.00,63.00,5.16,1.40,1.18,24827736969.00,6010442805.00,6368816595.00
[object Object],RWE,RWE AG,XETR,60.62,stock,common,100.00,2.00,false,0.00,EUR,1.17,1939016.00,1.17,53572888418.10,USD,14.03,4.93,23.51,2.00,Utilities,germany,Utilities,StrongBuy,Strong buy,1.17,0.03,2.68,10.70,4.45,34.00,70.33,85.61,309.73,501.50,3.22,2.53,StrongBuy,Strong buy,StrongBuy,Strong buy,Buy,Buy,60.29,2.64,0.88,132.64,62.24,45.25,0.00,60.96,1.74,0.13,501760.00,0.97,1939016.00,-1.60,60.36,-0.43,597847.00,81.04,14.03,0.59,3.08,1.19,7.70,0.00,3.69,75511349948.10,4.35,1406.78,21.69,59.37,58.39,57.80,57.19,54.81,78.92,87.18,63.93,79.05,3.55,0.72,0.76,22769759912.86,0.00,0.00
[object Object],BAS,BASF SE,XETR,52.37,stock,common,100.00,1.00,false,0.00,EUR,0.46,1463701.00,0.90,53332715335.50,USD,7.87,7.60,1430.04,4.32,Process industries,germany,Process Industries,Neutral,Neutral,0.46,-0.27,3.19,8.00,13.11,17.74,20.14,-19.98,-26.15,868.92,2.14,1.93,Buy,Buy,Buy,Buy,Neutral,Neutral,52.19,-1.14,0.19,-29.75,31.22,31.38,0.00,52.15,0.04,0.15,98.00,-0.17,1463701.00,-14.46,52.28,-0.17,561182.00,18.08,7.87,0.01,0.73,1.24,9.59,43.46,5.76,74187951715.50,1.05,16.31,8.59,52.66,52.10,50.99,50.60,49.29,61.92,74.47,46.54,65.16,3.62,0.94,0.48,74568790244.20,18773158068.33,18005036025.00
[object Object],GRMN,Garmin Ltd.,NYSE,275.35,stock,common,100.00,1.00,false,0.00,USD,-0.57,1130872.00,1.60,53101941024.45,USD,28.39,9.70,19.64,0.00,Electronic technology,america,Electronic Technology,Neutral,Neutral,-0.57,1.67,-10.31,17.83,17.23,35.19,15.69,64.18,480.42,3382.69,2.87,2.22,Sell,Sell,Sell,Sell,Sell,Sell,42.81,-0.69,-13.01,-47.36,38.49,42.90,0.00,0.00,0.00,0.00,0.00,1.46,1130872.00,41.05,275.35,0.00,367188.00,17.67,28.39,1.45,6.98,5.88,26.92,33.30,19.98,50613708024.45,6.60,23.90,21.90,276.86,290.13,278.42,258.45,241.77,316.20,370.00,289.00,297.00,10.17,2.30,2.39,8109678110.00,1925932931.00,1988650000.00
[object Object],HONA,Honeywell Aerospace Inc,NASDAQ,167.13,stock,common,100.00,1.00,false,0.00,USD,1.80,7623309.00,2.05,52972307112.69,USD,0.00,0.00,0.00,0.00,Electronic technology,america,Electronic Technology,Buy,Buy,1.80,11.40,3.89,-39.82,-16.44,-16.44,-16.44,-16.44,-16.44,-16.44,4.45,3.78,Buy,Buy,Buy,Buy,Neutral,Neutral,51.35,14.58,-5.77,127.77,75.33,69.63,0.00,169.88,3.47,1.07,4824.00,3.39,7623309.00,64.71,164.50,-1.57,1969880.00,0.00,0.00,0.00,0.00,0.00,0.00,0.00,50.12,67875307112.69,0.00,0.00,0.00,158.89,161.46,180.45,0.00,0.00,220.23,306.00,175.00,210.00,0.00,2.12,1.94,0.00,4609269572.00,4586320833.00
[object Object],EOAN,E.ON SE,XETR,17.77,stock,common,1000.00,5.00,false,0.00,EUR,0.62,3719977.00,1.18,52911849745.32,USD,13.76,1.48,7.19,3.23,Utilities,germany,Utilities,Buy,Buy,0.62,0.48,1.69,-2.63,-8.33,10.10,14.24,61.80,175.62,253.53,1.76,1.72,Neutral,Neutral,Neutral,Neutral,Buy,Buy,49.80,0.32,-0.40,62.25,54.07,38.28,0.00,17.68,0.11,0.11,99.00,-0.17,3719977.00,-10.46,17.66,-0.62,2113953.00,20.46,13.76,1.90,0.61,2.19,6.08,0.00,10.08,104421784735.32,1.22,17.40,9.95,17.58,17.76,18.31,18.29,18.11,24.33,27.69,19.62,24.81,1.28,0.35,0.19,93189702550.75,0.00,0.00
[object Object],CAH,"Cardinal Health, Inc.",NYSE,226.34,stock,common,100.00,1.00,false,0.00,USD,-2.67,2259954.00,1.57,52641189065.54,USD,31.27,7.24,12.39,0.88,Distribution services,america,Distribution Services,Buy,Buy,-2.67,-6.19,-3.75,0.08,7.21,10.64,51.55,330.39,197.35,25041.65,2.38,1.99,Sell,Sell,Sell,Sell,Sell,Sell,37.26,-19.15,-3.13,-129.87,8.39,13.64,0.00,0.00,0.00,0.00,0.00,0.07,2259954.00,85.14,226.97,0.28,756209.00,55.88,31.27,2.59,0.21,0.00,10.28,11.75,10.95,57892189065.54,0.23,17.64,13.66,237.33,236.22,233.72,221.74,216.73,273.31,292.00,250.00,275.50,12.54,2.42,2.94,265747980596.00,65152962429.00,66713973274.00
[object Object],LSEG,London Stock Exchange Group plc,LSE,8262.00,stock,common,1.00,2.00,false,0.00,GBX,1.37,939554.00,0.78,52614022953.75,USD,29.91,3.66,48.73,1.94,Commercial services,uk,Commercial Services,StrongBuy,Strong buy,1.37,-3.10,-2.06,-0.84,-4.11,-8.28,-3.66,1.13,204.53,2045.97,2.60,2.60,Sell,Sell,StrongSell,Strong sell,Neutral,Neutral,41.47,-636.00,-313.65,-139.62,8.41,9.78,0.00,0.00,0.00,0.00,0.00,0.29,939554.00,-24.14,8262.00,0.00,396409.00,-10.29,29.91,0.61,4.21,2.15,10.50,10.91,9.69,68164960553.75,5.32,20.34,10.82,8462.60,8634.60,8704.64,8840.24,8727.39,156.17,184.28,109.51,158.18,6.41,3.19,3.15,13166207187.53,6521950839.60,6704214387.20
[object Object],CPG,Compass Group PLC,LSE,31.10,stock,common,100.00,1.00,false,0.00,USD,0.61,2274268.00,1.24,52556681755.00,USD,26.19,1.19,38.09,2.19,Consumer services,uk,Consumer Services,Buy,Buy,0.61,0.32,-1.95,-4.72,14.87,2.47,-5.21,61.97,64.27,232.35,2.48,2.45,Neutral,Neutral,Neutral,Neutral,Neutral,Neutral,49.46,0.24,-0.32,52.32,68.10,74.31,doji,0.00,0.00,0.00,0.00,0.49,2274268.00,-12.42,31.10,0.00,785238.00,-8.89,26.19,0.68,1.08,6.65,14.24,17.23,101.03,61289681755.11,1.26,17.67,12.18,30.94,31.28,31.46,31.60,30.16,38.96,43.00,32.45,40.00,1.48,0.71,0.75,50636295022.00,24724205250.00,25714562000.00
[object Object],DAL,"Delta Air Lines, Inc.",NYSE,79.43,stock,common,100.00,1.00,false,0.00,USD,2.00,6084126.00,1.14,52234995608.10,USD,13.20,6.02,-12.69,1.00,Transportation,america,Transportation,StrongBuy,Strong buy,2.00,2.89,-8.70,-5.59,22.67,13.72,35.94,95.88,114.56,249.14,2.76,2.47,Sell,Sell,Sell,Sell,Sell,Sell,43.85,1.29,-5.02,-22.45,37.83,36.99,0.00,79.66,2.30,1.23,89457.00,2.23,6084126.00,-12.97,79.50,0.09,1317014.00,25.84,13.20,0.00,0.75,2.39,6.43,15.33,11.00,67467995608.10,0.99,12.23,8.39,79.08,82.91,84.55,81.92,74.96,105.72,125.00,85.00,105.00,6.30,1.49,2.01,66435215423.00,17546620902.00,17589120156.00
[object Object],CBK,Commerzbank AG,XETR,41.72,stock,common,100.00,1.00,false,0.00,EUR,0.65,2016663.00,0.84,51354175165.10,USD,15.07,3.16,20.12,2.65,Finance,germany,Finance,Buy,Buy,0.65,-0.97,5.57,9.50,30.87,15.95,30.74,645.00,590.73,-54.01,2.42,2.14,Buy,Buy,StrongBuy,Strong buy,Sell,Sell,56.64,0.12,1.94,23.95,64.61,74.48,0.00,41.59,0.34,-0.12,850.00,0.39,2016663.00,-29.00,41.55,-0.41,724583.00,18.13,15.07,0.74,3.29,1.49,0.00,0.00,0.00,-10294517974.90,0.00,0.00,0.00,42.27,40.57,39.52,38.18,36.10,50.16,60.05,44.46,49.65,3.70,0.83,0.92,15650670568.96,3716100393.66,3829061537.16
[object Object],NDAQ,"Nasdaq, Inc.",NASDAQ,91.31,stock,common,100.00,1.00,false,0.00,USD,2.87,3797398.00,1.29,51040223601.00,USD,26.61,3.43,31.85,1.26,Finance,america,Finance,StrongBuy,Strong buy,2.87,-3.09,-6.32,8.94,6.24,-6.11,-1.61,40.58,296.37,1726.20,2.72,2.06,Sell,Sell,Sell,Sell,Buy,Buy,41.12,-4.41,-5.20,-112.38,11.82,8.52,0.00,88.89,0.15,0.72,1945.00,0.24,3797398.00,21.86,91.31,0.00,1132175.00,1.53,26.61,0.81,5.79,4.28,23.08,26.57,94.95,59816223601.00,6.87,22.32,17.97,92.89,95.74,94.30,90.97,90.53,111.13,135.00,90.00,109.50,4.13,0.98,1.02,5911328791.00,1455134271.00,1471533974.00
[object Object],ALAB,"Astera Labs, Inc.",NASDAQ,293.56,stock,common,100.00,1.00,false,0.00,USD,9.06,4163217.00,1.05,50928286748.85,USD,144.54,2.03,256.13,0.00,Electronic technology,america,Electronic Technology,Buy,Buy,9.06,2.03,-3.43,-23.70,136.00,70.99,20.20,458.52,458.52,458.52,5.56,5.80,Buy,Buy,Buy,Buy,Buy,Buy,50.39,19.43,-27.92,24.71,28.75,18.24,0.00,279.02,3.66,2.60,54408.00,3.68,4163217.00,15.36,292.78,-0.26,815242.00,67.67,144.54,0.52,41.06,29.51,160.32,194.53,42.96,49719741748.85,41.37,181.83,174.21,283.07,295.73,307.66,311.91,230.50,420.47,500.00,310.00,430.00,3.99,0.69,1.19,1908551784.00,360851173.00,550619685.00
[object Object],EW,Edwards Lifesciences Corporation,NYSE,88.25,stock,common,100.00,1.00,false,0.00,USD,-1.15,3880108.00,1.24,50867301458.97,USD,52.37,1.69,15.05,0.00,Health technology,america,Health Technology,Buy,Buy,-1.15,2.62,-2.98,1.48,7.81,3.26,17.01,-24.48,126.28,6844.27,3.32,2.34,Sell,Sell,Neutral,Neutral,Sell,Sell,48.94,-2.57,-3.02,-11.14,43.18,30.57,0.00,89.29,0.01,0.55,700.00,-0.08,3880108.00,-22.58,88.16,-0.10,957871.00,8.95,52.37,3.52,7.92,4.79,29.63,35.56,11.98,47423501458.97,7.28,25.52,23.43,87.25,89.76,88.64,87.32,84.99,102.17,110.00,85.00,102.00,3.00,0.74,0.74,6770291901.00,1700167871.00,1677103104.00
[object Object],MSTR,Strategy Inc Class A,NASDAQ,132.25,stock,common,100.00,1.00,false,0.00,USD,4.81,18527935.00,0.83,50813823853.88,USD,0.00,-97.21,-955.74,0.00,Technology services,america,Technology Services,StrongBuy,Strong buy,4.81,2.97,38.00,12.42,-5.18,-14.45,-60.60,108.93,689.08,1527.69,6.10,6.44,Buy,Buy,StrongBuy,Strong buy,Neutral,Neutral,56.02,9.06,15.41,23.96,34.29,42.54,0.00,129.94,2.98,2.09,764999.00,2.95,18527935.00,-16.64,132.02,-0.17,2025222.00,-50.47,0.00,0.00,89.26,1.59,0.00,0.00,19.03,69575666853.88,139.61,0.00,0.00,134.13,118.70,109.61,125.01,137.13,234.11,435.00,136.00,208.00,-23.46,-2.19,13.99,500282872.00,122993311.00,128051841.00
[object Object],ELE,Endesa S.A.,BME,43.72,stock,common,100.00,1.00,false,0.00,EUR,1.91,682010.00,1.09,50594990470.68,USD,17.21,2.90,26.14,2.99,Utilities,spain,Utilities,Neutral,Neutral,1.91,4.37,5.63,15.42,22.88,42.88,65.92,140.75,134.86,121.93,1.80,1.49,StrongBuy,Strong buy,StrongBuy,Strong buy,Neutral,Neutral,68.94,2.52,0.50,264.14,92.05,73.92,rising_window_bullish,0.00,0.00,0.00,0.00,0.23,682010.00,2.57,0.00,0.00,0.00,59.40,17.21,0.65,2.08,5.50,10.40,17.43,161.55,64129000360.68,2.66,14.02,9.21,42.02,41.77,41.38,39.43,36.34,42.28,50.78,31.52,42.81,2.80,0.69,0.75,25747154220.21,5402608847.81,5445793322.15
[object Object],STT,State Street Corporation,NYSE,183.07,stock,common,100.00,1.00,false,0.00,USD,0.09,1464532.00,0.94,50289648007.23,USD,16.14,11.34,27.10,1.84,Finance,america,Finance,Buy,Buy,0.09,-4.37,-5.03,5.87,51.57,42.37,64.85,109.73,162.58,56535.59,2.82,2.20,Sell,Sell,Sell,Sell,Neutral,Neutral,40.17,-6.97,-2.26,-143.57,19.45,26.10,0.00,182.75,-0.08,-0.08,123.00,1.32,1464532.00,-21.28,182.89,-0.10,331459.00,60.55,16.14,0.60,3.71,2.04,0.00,0.00,0.00,80029648007.23,3.67,0.00,0.00,189.59,189.52,186.99,173.79,151.91,202.93,215.00,187.00,200.00,13.65,3.34,3.62,15875538508.00,3882662607.00,4002507674.00
[object Object],EBAY,eBay Inc.,NASDAQ,112.90,stock,common,100.00,1.00,false,0.00,USD,3.42,6291177.00,1.38,50240499157.15,USD,23.37,4.83,6.74,1.12,Retail trade,america,Retail Trade,Neutral,Neutral,3.42,9.07,11.35,3.64,24.63,29.77,26.41,50.75,256.04,11933.71,3.39,3.00,StrongBuy,Strong buy,StrongBuy,Strong buy,Buy,Buy,62.37,6.20,2.31,210.91,86.43,83.08,0.00,109.86,0.63,0.15,8596.00,0.09,6291177.00,35.30,113.42,0.46,1747225.00,13.72,23.37,3.35,4.10,10.77,16.22,19.58,14.83,53907499157.15,4.45,20.77,17.91,106.92,105.67,108.53,109.18,99.70,117.31,145.00,80.00,116.50,6.14,1.50,1.41,12535793104.00,3014946907.00,3111122669.00
[object Object],MBG,Mercedes-Benz Group AG,XETR,46.20,stock,common,1000.00,5.00,false,0.00,EUR,1.83,1598694.00,0.83,50071512123.22,USD,8.80,6.00,-24.21,7.72,Consumer durables,germany,Consumer Durables,Buy,Buy,1.83,-1.08,1.08,3.25,-11.37,-23.07,-9.90,-23.62,-9.33,107.31,2.43,2.26,Sell,Sell,StrongSell,Strong sell,Neutral,Neutral,48.35,-0.94,0.04,-26.24,29.00,41.01,0.00,45.80,0.96,0.31,465.00,0.67,1598694.00,-31.60,46.04,-0.34,793528.00,-11.41,8.80,0.00,0.34,0.48,3.20,5.54,2.51,148153250943.22,1.00,20.47,9.54,46.86,46.25,46.11,47.10,51.88,64.02,83.68,41.27,63.04,6.40,1.44,1.58,152438666067.30,36410837115.79,36613421415.87
[object Object],BDX,"Becton, Dickinson and Company",NYSE,181.38,stock,common,100.00,1.00,false,0.00,USD,-0.26,1839769.00,1.14,49405521310.86,USD,54.71,3.32,-40.38,2.30,Health technology,america,Health Technology,Buy,Buy,-0.26,1.36,-1.92,27.71,15.93,18.79,23.55,-9.64,34.46,6059.06,2.36,2.12,Neutral,Neutral,Neutral,Neutral,Neutral,Neutral,50.49,-6.14,-0.24,-54.72,47.42,46.66,0.00,179.20,-1.46,-1.46,100.00,0.47,1839769.00,6.10,181.38,0.00,456979.00,-5.49,54.71,0.00,2.40,2.02,15.30,19.70,57.76,65349521310.86,3.14,21.56,12.44,181.76,184.09,174.19,161.10,160.96,193.00,210.00,170.00,195.00,12.67,3.14,4.07,19290340808.00,4887136303.00,5114499063.00
[object Object],ETR,Entergy Corporation,NYSE,103.31,stock,common,100.00,1.00,false,0.00,USD,0.97,2605296.00,0.85,49359189846.75,USD,26.42,3.91,-2.65,2.50,Utilities,america,Utilities,Buy,Buy,0.97,-3.45,-5.67,-7.33,-0.67,11.60,16.80,84.28,167.09,718.30,2.20,1.81,Sell,Sell,StrongSell,Strong sell,Buy,Buy,37.66,-3.44,-2.90,-165.51,12.89,12.72,long_lower_shadow_bullish,103.00,0.66,0.66,226.00,0.74,2605296.00,-9.25,103.31,0.00,879433.00,27.98,26.42,0.00,3.54,2.64,7.93,0.00,12.50,80443442846.75,5.97,26.84,14.35,105.40,106.35,108.72,110.52,105.90,124.71,137.00,105.00,126.00,4.40,1.01,1.66,13969841675.00,3490670695.00,4152173127.00
[object Object],SHL,Siemens Healthineers AG,XETR,38.42,stock,common,100.00,1.00,false,0.00,EUR,0.16,747549.00,0.89,49062226320.62,USD,19.46,2.25,2.35,2.61,Health technology,germany,Health Technology,Buy,Buy,0.16,-0.88,-1.49,12.24,3.22,-14.37,-19.49,-33.87,32.03,32.03,1.74,1.64,Sell,Sell,Sell,Sell,Neutral,Neutral,47.19,-0.39,-0.49,-96.39,24.52,31.64,0.00,0.00,0.00,0.00,0.00,0.21,747549.00,-33.75,38.44,0.05,516593.00,-15.05,19.46,8.26,1.85,2.25,14.19,19.41,18.22,63623294130.62,2.40,16.20,12.09,38.66,39.18,37.96,36.22,38.66,52.15,66.23,41.54,52.50,2.77,0.60,0.79,27625956057.03,6472168929.51,7771658954.81
[object Object],CIEN,Ciena Corporation,NYSE,344.25,stock,common,100.00,1.00,false,0.00,USD,1.10,3763653.00,1.17,48817587386.68,USD,76.82,4.48,362.86,0.00,Electronic technology,america,Electronic Technology,Buy,Buy,1.10,3.38,-18.34,-23.64,-17.25,42.84,146.69,539.51,1526.12,198.05,8.12,6.07,Sell,Sell,StrongSell,Strong sell,Buy,Buy,44.44,-9.91,-40.01,-17.83,28.31,22.75,0.00,350.01,2.79,1.20,35401.00,2.97,3763653.00,-4.85,346.65,0.70,408948.00,286.37,76.82,0.21,8.25,15.98,47.64,61.70,19.11,49473463386.68,8.22,58.17,48.24,334.06,377.11,386.23,449.14,383.05,516.57,660.00,347.00,545.00,7.17,1.73,2.08,6431095154.00,1637225504.00,1757162076.00
[object Object],VMRK,Vivmark Residential,NYSE,63.01,stock,common,100.00,1.00,false,0.00,USD,0.03,5046996.00,0.78,48755823257.69,USD,27.65,2.28,-12.81,4.43,Finance,america,Finance,Buy,Buy,0.03,-3.55,-1.79,-3.76,6.22,1.11,-2.37,-22.69,-1.58,354.13,2.13,1.86,Sell,Sell,StrongSell,Strong sell,Neutral,Neutral,37.09,-1.90,-0.88,-207.27,15.13,28.37,0.00,62.99,0.00,0.10,1471.00,0.24,5046996.00,-36.22,63.01,0.00,1240749.00,106.63,27.65,0.00,7.66,2.25,15.39,20.03,664.42,57369841257.69,18.17,63.06,29.94,65.00,65.47,66.57,66.50,64.06,73.02,80.00,66.00,72.50,1.27,0.44,0.38,3157072014.00,787277663.00,793788550.00
[object Object],MAERSK_B,A.P. Moller - Maersk A/S Class B,OMXCOP,22720.00,stock,common,1.00,10.00,false,0.00,DKK,1.20,10302.00,0.78,48542162965.69,USD,22.89,151.26,-67.15,2.14,Transportation,denmark,Transportation,Sell,Sell,1.20,2.34,5.04,48.16,28.29,55.56,62.34,17.78,130.97,242.47,3.47,3.26,Buy,Buy,StrongBuy,Strong buy,Sell,Sell,61.27,1100.00,2235.38,73.78,74.19,79.71,0.00,0.00,0.00,0.00,0.00,0.13,10302.00,-0.22,0.00,0.00,0.00,40.16,22.89,0.00,0.90,0.91,5.50,9.67,2.73,48659123209.09,0.89,17.57,5.33,22619.00,21177.17,19474.50,17640.65,16514.77,2709.02,3858.62,1554.65,2679.80,368.59,28.74,201.16,62435878360.69,14071454593.00,16960548775.00
[object Object],ORA,Orange SA,EURONEXT,15.96,stock,common,1000.00,5.00,false,0.00,EUR,0.54,4682291.00,1.26,48383986841.72,USD,10.55,1.73,256.29,4.72,Communications,france,Communications,Buy,Buy,0.54,3.30,-1.78,-6.50,-7.13,12.39,16.50,71.61,21.97,-35.11,1.47,1.76,Neutral,Neutral,Neutral,Neutral,Neutral,Neutral,55.25,0.56,-0.08,111.07,91.07,88.97,0.00,0.00,0.00,0.00,0.00,0.03,4682291.00,28.75,15.96,0.00,2241003.00,12.51,10.55,0.04,1.06,1.58,3.57,8.76,3.98,109946709731.72,2.32,19.92,6.96,15.57,15.79,16.05,16.76,16.49,22.21,25.79,18.91,22.24,1.47,0.47,0.00,53216886521.48,23657772900.00,0.00
[object Object],FITB,Fifth Third Bancorp,NYSE,53.27,stock,common,100.00,1.00,false,0.00,USD,1.64,5371467.00,1.09,48310167495.91,USD,18.13,2.94,-8.56,3.05,Finance,america,Finance,Buy,Buy,1.64,-1.57,-7.44,0.34,22.01,13.70,18.14,32.68,161.38,1399374.05,2.90,1.99,Sell,Sell,StrongSell,Strong sell,Neutral,Neutral,39.81,-1.13,-1.62,-192.40,42.79,51.42,0.00,52.79,0.73,0.36,18963.00,1.11,5371467.00,-27.83,53.29,0.04,1246075.00,59.39,18.13,0.00,4.33,1.50,12.13,14.72,0.00,68387167495.91,4.49,0.00,0.00,54.24,55.33,56.14,53.95,51.37,63.05,70.00,55.00,63.50,3.06,0.84,0.84,12867674662.00,3244341304.00,3339170972.00
[object Object],DGE,Diageo plc,LSE,1626.00,stock,common,10.00,5.00,false,0.00,GBX,0.18,4100435.00,1.21,48295634084.61,USD,27.96,0.77,-28.90,3.87,Consumer non-durables,uk,Consumer Non-Durables,Buy,Buy,0.18,2.23,-4.41,6.17,16.39,1.53,-11.58,-53.53,-23.82,174.66,2.44,2.05,Sell,Sell,Sell,Sell,Neutral,Neutral,45.12,-40.50,-67.19,-59.52,26.01,25.08,0.00,0.00,0.00,0.00,0.00,1.02,4100435.00,-6.25,1626.00,0.00,2793042.00,-18.06,27.96,0.00,2.47,4.42,11.08,15.23,23.80,70731234913.46,3.64,12.60,11.14,1621.00,1691.55,1649.79,1587.31,1592.71,27.15,33.55,20.55,27.25,1.65,0.64,0.99,18970125264.47,9147931667.00,10288467000.00
[object Object],AMP,"Ameriprise Financial, Inc.",NYSE,545.70,stock,common,100.00,1.00,false,0.00,USD,0.89,525107.00,0.96,48203437632.17,USD,13.16,41.46,28.98,1.22,Finance,america,Finance,Buy,Buy,0.89,-1.66,-3.63,14.55,26.71,11.37,12.07,101.75,446.03,1335.30,2.44,2.10,Sell,Sell,Sell,Sell,Neutral,Neutral,45.96,-6.15,-4.88,-156.46,44.90,54.94,harami_bullish,0.00,0.00,0.00,0.00,0.69,525107.00,-13.87,545.70,0.00,153985.00,-0.85,13.16,0.45,2.53,7.58,6.05,6.17,4.95,44487437632.17,2.24,8.27,8.35,554.98,557.26,547.25,505.58,491.74,582.90,645.00,489.00,578.50,46.47,10.81,11.79,20014486280.00,4865049629.00,5090225586.00
[object Object],VST,Vistra Corp.,NYSE,143.56,stock,common,100.00,1.00,false,0.00,USD,2.26,3951922.00,0.84,48183788078.77,USD,24.23,5.92,-6.01,0.65,Utilities,america,Utilities,StrongBuy,Strong buy,2.26,-4.29,-0.65,-11.43,-13.76,-12.40,-32.06,713.37,601.70,341.72,2.76,3.01,Sell,Sell,Sell,Sell,Neutral,Neutral,48.75,0.10,-0.14,21.77,34.63,36.00,spinning_top_black,144.20,2.71,1.50,69215.00,2.64,3951922.00,3.11,143.73,0.12,520223.00,-26.39,24.23,0.00,2.71,16.04,9.51,21.60,102.31,70090788078.77,3.98,37.12,15.02,145.80,142.80,147.80,151.02,156.60,221.00,305.00,169.00,219.00,8.60,1.61,2.58,22457018501.00,5464233899.00,7154144225.00
[object Object],DNB,DNB Bank ASA,OSL,318.60,stock,common,10.00,1.00,false,0.00,NOK,1.17,1378728.00,1.10,48087494641.24,USD,11.52,2.79,-7.52,5.72,Finance,norway,Finance,Neutral,Neutral,1.17,1.43,0.79,8.40,7.16,12.86,19.10,69.20,215.13,916.72,1.38,1.19,StrongBuy,Strong buy,StrongBuy,Strong buy,Neutral,Neutral,59.51,-0.30,2.06,30.04,53.83,37.72,0.00,0.00,0.00,0.00,0.00,0.16,1378728.00,47.76,318.60,0.00,891861.00,16.99,11.52,0.00,4.84,1.79,11.11,11.73,0.00,163808754641.24,8.39,0.00,0.00,317.58,314.64,308.77,298.46,293.24,33.56,40.66,29.86,33.17,2.63,0.65,0.70,8865304745.83,2243480096.73,2348766439.65
[object Object],WDAY,"Workday, Inc. Class A",NASDAQ,199.28,stock,common,100.00,1.00,false,0.00,USD,6.14,4249413.00,1.71,48026478594.77,USD,40.44,4.93,127.88,0.00,Technology services,america,Technology Services,Buy,Buy,6.14,7.27,2.04,66.77,50.95,-7.40,-15.34,-26.71,123.21,314.73,4.06,3.99,StrongBuy,Strong buy,StrongBuy,Strong buy,Buy,Buy,57.97,-1.59,1.32,-3.26,31.93,27.14,0.00,189.37,0.86,0.53,3520.00,-0.02,4249413.00,120.53,199.00,-0.14,561094.00,-21.77,40.44,0.30,4.55,7.43,15.93,17.26,14.39,48388478594.77,4.76,37.66,29.34,191.77,192.35,174.98,151.96,158.84,211.14,275.00,92.00,218.00,11.08,2.61,2.74,10667260456.00,2636157385.00,2691598292.00
[object Object],PKN,ORLEN Spolka Akcyjna,GPW,153.90,stock,common,100.00,2.00,false,0.00,PLN,-1.86,923994.00,0.77,47839626493.42,USD,8.50,4.81,95.89,5.10,Energy minerals,poland,Energy Minerals,Buy,Buy,-1.86,-3.51,0.65,23.04,15.54,59.02,86.05,99.30,141.03,593.24,2.85,2.45,Sell,Sell,Sell,Sell,Sell,Sell,47.46,-2.06,4.94,-25.83,50.48,69.01,0.00,0.00,0.00,0.00,0.00,-0.36,923994.00,-20.03,0.00,0.00,0.00,100.21,8.50,0.09,0.64,1.21,4.08,13.61,5.68,50535909463.42,0.67,4.95,3.62,158.73,154.81,152.17,145.00,128.63,41.37,49.82,28.87,42.08,6.64,1.43,1.45,85992206179.64,22087649547.49,16654047025.05
[object Object],SAND,Sandvik AB,OMXSTO,373.10,stock,common,10.00,1.00,false,0.00,SEK,-0.51,1856656.00,1.05,47509864608.80,USD,27.79,1.38,16.38,1.60,Producer manufacturing,sweden,Producer Manufacturing,Neutral,Neutral,-0.51,-4.85,4.36,-6.65,8.90,24.12,47.65,70.68,307.76,823.51,2.60,2.74,Sell,Sell,Sell,Sell,Sell,Sell,46.72,-7.10,-0.74,-71.24,25.17,22.34,0.00,0.00,0.00,0.00,0.00,0.35,1856656.00,10.26,0.00,0.00,0.00,59.11,27.79,1.71,3.65,4.66,21.83,26.52,129.35,51507141608.80,3.88,20.22,15.39,383.39,377.21,370.71,376.61,362.50,40.53,46.97,30.30,41.66,1.81,0.45,0.45,15650817162.64,3704462641.34,3687709788.00
[object Object],ANTO,Antofagasta plc,LSE,3702.00,stock,common,1.00,1.00,false,0.00,GBX,3.01,900194.00,1.03,47393425955.74,USD,29.61,1.66,46.11,1.33,Non-energy minerals,uk,Non-Energy Minerals,Neutral,Neutral,3.01,-7.73,3.32,-9.99,11.98,12.22,62.65,157.08,644.12,5509.09,4.14,4.16,Sell,Sell,StrongSell,Strong sell,Buy,Buy,45.90,-233.00,-200.67,-95.46,16.26,11.24,0.00,0.00,0.00,0.00,0.00,0.25,900194.00,-2.73,3702.00,0.00,366351.00,79.63,29.61,0.62,5.11,4.50,13.14,1139.34,11.64,55755126615.03,6.07,13.74,9.89,3783.60,3846.03,3783.48,3849.11,3701.35,51.33,62.14,34.45,53.90,1.94,0.73,1.03,10273385154.10,4451399000.00,5383449333.00
[object Object],WAB,Westinghouse Air Brake Technologies Corporation,NYSE,278.82,stock,common,100.00,1.00,false,0.00,USD,0.89,769535.00,1.12,47095720383.78,USD,37.55,7.43,10.82,0.43,Producer manufacturing,america,Producer Manufacturing,Buy,Buy,0.89,0.01,-6.99,1.60,17.75,30.52,48.56,216.48,272.55,3617.60,1.94,2.00,Sell,Sell,Sell,Sell,Neutral,Neutral,41.59,-0.99,-11.52,-61.17,15.59,15.50,0.00,0.00,0.00,0.00,0.00,1.81,769535.00,-2.96,278.82,0.00,299194.00,43.52,37.55,3.44,3.91,4.20,23.66,27.59,70.58,53391720383.78,4.46,26.62,20.92,280.38,289.44,285.97,275.36,257.36,329.17,355.00,292.00,335.00,10.86,2.60,2.73,12540541312.00,3073741036.00,3194553000.00
[object Object],P911,Porsche AG,XETR,47.58,stock,preferred,100.00,1.00,false,0.00,EUR,5.10,955002.00,2.39,47039284387.95,USD,51.06,1.06,-60.84,2.23,Consumer durables,germany,Consumer Durables,Neutral,Neutral,5.10,4.80,6.35,-0.46,28.59,3.52,7.57,-43.36,-43.36,-43.36,3.20,2.92,StrongBuy,Strong buy,StrongBuy,Strong buy,Buy,Buy,68.30,2.78,0.76,263.58,69.83,58.98,rising_window_bullish,0.00,0.00,0.00,0.00,0.51,955002.00,64.23,47.27,-0.65,455957.00,0.08,51.06,0.00,1.16,1.89,10.88,43.52,6.05,52510431097.95,1.30,97.83,8.00,45.13,44.75,44.56,45.26,43.54,54.66,73.85,41.54,53.66,2.29,0.57,0.36,41262870360.27,10030514970.78,9984022752.34
[object Object],LHX,L3Harris Technologies Inc,NYSE,250.46,stock,common,100.00,1.00,false,0.00,USD,-0.11,1903796.00,1.23,46639313461.69,USD,25.30,9.90,10.54,1.95,Electronic technology,america,Electronic Technology,Buy,Buy,-0.11,-0.14,-10.55,-20.52,-31.04,-14.81,-11.86,13.33,178.54,7125.61,2.26,2.02,Sell,Sell,StrongSell,Strong sell,Neutral,Neutral,33.12,-10.85,-20.14,-88.96,22.34,18.63,0.00,250.74,0.00,0.55,1624.00,0.10,1903796.00,48.12,252.00,0.61,436536.00,-4.65,25.30,2.40,2.05,2.35,14.25,16.71,30.84,57085313461.69,2.49,22.41,15.28,251.84,267.25,275.56,290.25,312.89,348.14,443.00,269.00,357.50,11.94,2.80,2.98,23589366459.00,5811507604.00,5963476443.00
[object Object],AZO,"AutoZone, Inc.",NYSE,2844.31,stock,common,100.00,1.00,false,0.00,USD,-0.17,291041.00,0.89,46434372623.29,USD,19.56,145.45,-1.56,0.00,Retail trade,america,Retail Trade,StrongBuy,Strong buy,-0.17,-2.10,-6.97,-7.75,-14.76,-15.73,-32.84,77.47,285.73,38631.03,2.56,2.07,Sell,Sell,StrongSell,Strong sell,Neutral,Neutral,38.62,-90.21,-93.05,-170.35,3.07,14.77,0.00,2859.00,0.35,0.35,268.00,0.78,291041.00,-2.64,2848.22,0.14,35292.00,-30.76,19.56,0.00,2.40,0.00,15.60,29.35,151.58,58749323623.29,2.94,16.31,13.78,2909.13,2980.70,2999.96,3118.01,3341.61,3911.91,4800.00,3200.00,3914.50,150.83,36.22,54.30,20453968120.00,4861511938.00,6711454417.00
[object Object],HUM,Humana Inc.,NYSE,384.52,stock,common,100.00,1.00,false,0.00,USD,-0.05,850180.00,0.99,46173279796.52,USD,36.41,10.56,-18.96,0.92,Health services,america,Health Services,Buy,Buy,-0.05,-4.55,0.14,5.77,133.04,50.18,40.85,-3.20,120.54,32154.36,2.74,3.23,Sell,Sell,Sell,Sell,Neutral,Neutral,44.85,-16.45,10.59,-85.02,18.54,38.64,0.00,0.00,0.00,0.00,0.00,0.49,850180.00,-17.96,384.75,0.06,207030.00,27.15,36.41,0.00,0.32,2.40,18.35,23.90,0.00,60484279796.52,0.42,0.00,0.00,399.46,389.89,388.88,356.90,286.30,420.96,513.00,280.00,417.50,9.16,7.27,-1.00,162508654453.00,40580154030.00,40867092771.00
[object Object],XEL,Xcel Energy Inc.,NASDAQ,73.63,stock,common,100.00,1.00,false,0.00,USD,1.27,5302328.00,0.88,45991825756.08,USD,20.15,3.65,1.34,3.20,Utilities,america,Utilities,StrongBuy,Strong buy,1.27,-3.32,-8.08,-4.94,-6.81,-0.26,1.85,13.59,81.04,906.91,1.88,1.71,Sell,Sell,StrongSell,Strong sell,Buy,Buy,37.06,-1.88,-2.86,-150.81,12.53,9.38,0.00,72.78,0.10,0.07,260.00,0.70,5302328.00,-30.97,73.63,0.00,1651439.00,11.11,20.15,14.82,3.12,1.91,9.68,0.00,21.10,85414825756.08,5.85,27.63,13.91,74.90,76.70,77.75,78.74,78.39,92.88,101.00,87.00,92.00,4.12,0.79,1.32,15614531307.00,3543123454.00,4239837041.00
[object Object],VTR,"Ventas, Inc.",NYSE,87.71,stock,common,100.00,1.00,false,0.00,USD,-0.57,3024690.00,0.96,45990417889.67,USD,160.88,0.55,26.06,2.27,Finance,america,Finance,Buy,Buy,-0.57,-2.80,-2.85,6.05,2.52,13.36,28.80,52.38,29.67,5329.60,2.18,1.88,Sell,Sell,StrongSell,Strong sell,Sell,Sell,35.05,-4.35,-1.96,-144.71,10.17,12.83,0.00,0.00,0.00,0.00,0.00,0.41,3024690.00,4.04,87.71,0.00,1161904.00,52.54,160.88,6.21,6.82,3.07,23.64,30.28,195.05,59308103889.67,9.21,62.09,25.14,89.56,91.06,92.54,89.48,85.55,102.24,113.00,90.00,102.00,0.58,0.14,0.16,6941992698.00,1680769614.00,1771338553.00
[object Object],XYZ,"Block, Inc. Class A",NYSE,76.47,stock,common,100.00,1.00,false,0.00,USD,-0.21,2819707.00,0.79,45942943337.80,USD,136.14,0.56,-87.98,0.00,Commercial services,america,Commercial Services,Buy,Buy,-0.21,-2.27,-3.43,3.67,30.58,16.36,0.78,-70.14,573.74,582.77,2.67,3.12,Sell,Sell,StrongSell,Strong sell,Neutral,Neutral,39.54,-5.99,-2.42,-137.69,9.34,15.13,0.00,78.00,1.79,0.98,6409.00,1.15,2819707.00,-32.82,76.58,0.14,664185.00,0.69,136.14,0.00,1.86,2.08,11.47,11.99,6.16,45518642337.80,1.82,10.33,9.51,79.48,80.53,80.49,76.46,69.43,99.37,125.00,75.00,100.00,4.06,0.87,1.03,26018795948.00,6474087248.00,6595175985.00
[object Object],COIN,"Coinbase Global, Inc. Class A",NASDAQ,173.97,stock,common,100.00,1.00,false,0.00,USD,5.75,9957603.00,1.02,45899722890.00,USD,0.00,-3.84,-137.16,0.00,Finance,america,Finance,Buy,Buy,5.75,1.83,17.55,3.71,-14.09,-24.56,-46.63,-25.80,-54.34,-54.34,7.30,6.16,Neutral,Neutral,Sell,Sell,Buy,Buy,50.38,-0.99,8.08,-105.41,20.35,31.59,0.00,170.20,3.46,2.43,354357.00,3.22,9957603.00,-27.70,173.26,-0.41,1090085.00,0.00,0.00,0.00,9.04,3.51,26.74,26.74,5.06,43503354890.00,9.07,0.00,0.00,178.06,170.06,165.95,171.27,189.55,201.81,330.00,85.00,204.00,-3.12,-0.44,-0.36,5191824057.00,1292321522.00,1173239537.00
[object Object],SREN,Swiss Re AG,SIX,139.50,stock,common,100.00,5.00,false,0.00,CHF,0.14,521833.00,0.78,45809677425.96,USD,10.72,16.10,19.98,4.52,Finance,switzerland,Finance,Sell,Sell,0.14,3.79,-1.06,14.06,7.51,6.33,1.45,68.85,65.09,183.48,1.51,1.58,Buy,Buy,StrongBuy,Strong buy,Sell,Sell,53.27,-4.10,-0.07,16.53,57.01,52.28,0.00,0.00,0.00,0.00,0.00,0.39,521833.00,-11.65,139.50,0.00,171760.00,0.14,10.72,0.54,1.10,2.09,22.76,22.76,0.00,55087903663.11,1.19,0.00,0.00,137.98,139.29,137.54,130.52,130.09,160.72,202.41,142.21,155.76,17.12,0.00,0.00,44342672131.90,0.00,0.00
[object Object],ADSK,"Autodesk, Inc.",NASDAQ,218.64,stock,common,100.00,1.00,false,0.00,USD,-0.76,1620963.00,0.65,45695759493.87,USD,28.32,7.72,60.06,0.00,Technology services,america,Technology Services,StrongBuy,Strong buy,-0.76,5.62,-10.87,12.38,-11.10,-26.14,-31.58,-24.83,226.82,43628.44,3.50,3.66,Sell,Sell,StrongSell,Strong sell,Neutral,Neutral,41.61,-23.09,-19.71,-70.43,24.17,26.00,doji,218.11,-1.00,0.48,5730.00,-0.70,1620963.00,-14.21,218.50,-0.06,390589.00,-23.85,28.32,0.48,5.95,13.51,15.93,16.25,11.10,45245759493.87,5.79,24.75,22.17,219.26,241.17,233.04,228.24,243.94,312.28,375.00,215.00,312.50,12.59,3.12,3.07,8323930457.00,2012017290.00,2133816994.00
[object Object],ROK,"Rockwell Automation, Inc.",NYSE,410.05,stock,common,100.00,1.00,false,0.00,USD,-1.17,990442.00,1.41,45535514006.47,USD,38.43,10.67,25.19,1.33,Producer manufacturing,america,Producer Manufacturing,Buy,Buy,-1.17,-2.94,-7.00,-12.96,15.62,4.60,19.72,30.16,257.84,22420.57,2.76,2.06,StrongSell,Strong sell,StrongSell,Strong sell,Sell,Sell,34.93,-15.31,-16.29,-150.14,14.44,23.78,0.00,0.00,0.00,0.00,0.00,2.06,990442.00,45.84,410.05,0.00,163540.00,22.06,38.43,1.54,5.16,13.04,26.42,30.43,95.54,48671514006.47,5.42,37.53,30.06,422.79,431.38,444.64,448.53,422.11,484.95,550.00,378.00,495.00,13.23,3.38,3.68,9061717002.00,2244745105.00,2402446387.00
[object Object],VOW3,Volkswagen AG Pref,XETR,81.04,stock,preferred,100.00,2.00,false,0.00,EUR,2.74,1140759.00,0.91,45468069586.21,USD,7.75,11.94,-37.21,6.67,Consumer durables,germany,Consumer Durables,Buy,Buy,2.74,-0.17,10.68,0.80,-6.76,-21.74,-18.96,-58.33,-32.38,135.65,3.10,2.99,Buy,Buy,StrongBuy,Strong buy,Neutral,Neutral,58.22,4.68,4.01,57.14,69.55,73.39,0.00,80.18,1.65,0.41,850.00,1.12,1140759.00,-3.35,81.04,0.00,575916.00,-22.81,7.75,0.00,0.12,0.23,2.31,0.00,0.56,315298881316.21,0.86,15.16,5.42,81.19,76.88,75.60,79.90,88.64,118.61,152.45,85.97,117.49,19.92,5.41,4.64,378474642344.56,92685678769.71,90497342347.66
[object Object],SEB_A,Skandinaviska Enskilda Banken AB Class A,OMXSTO,230.50,stock,common,10.00,1.00,false,0.00,SEK,0.57,2470010.00,1.22,45321921672.65,USD,14.70,1.61,-2.93,3.71,Finance,sweden,Finance,Neutral,Neutral,0.57,2.58,4.44,19.12,25.89,17.87,27.35,86.94,170.54,416.52,1.40,1.26,StrongBuy,Strong buy,StrongBuy,Strong buy,Neutral,Neutral,68.45,4.40,4.95,144.67,75.36,71.37,0.00,0.00,0.00,0.00,0.00,0.09,2470010.00,10.06,0.00,0.00,0.00,24.17,14.70,0.00,5.38,2.02,19.92,0.00,0.00,112875771672.65,7.15,0.00,0.00,227.38,223.53,220.74,203.83,196.53,22.51,27.11,19.36,22.21,1.78,0.40,0.42,8502151922.47,1972411263.92,1993392963.09
[object Object],PYPL,"PayPal Holdings, Inc.",NASDAQ,52.94,stock,common,100.00,1.00,false,0.00,USD,0.44,8488422.00,0.77,45288098013.17,USD,10.00,5.29,13.30,0.80,Commercial services,america,Commercial Services,Neutral,Neutral,0.44,3.70,-12.07,25.45,19.42,-9.77,-21.15,-81.24,31.33,39.32,2.05,2.59,Sell,Sell,StrongSell,Strong sell,Sell,Sell,40.98,-1.73,-3.79,-58.85,25.81,25.25,"harami_bullish,harami_cross_bullish",52.82,0.21,0.55,86794.00,0.43,8488422.00,2.47,52.93,-0.02,2691247.00,-32.25,10.00,0.75,1.35,2.30,6.25,7.09,4.15,48253098013.17,1.41,7.42,6.46,53.77,57.42,56.41,50.48,50.72,56.13,72.00,36.00,56.00,5.39,1.28,1.31,34763439410.00,8473401023.00,8725146024.00
[object Object],DANSKE,Danske Bank A/S,OMXCOP,375.80,stock,common,10.00,1.00,false,0.00,DKK,1.02,779201.00,0.95,45191407775.83,USD,12.92,4.43,4.11,4.55,Finance,denmark,Finance,Buy,Buy,1.02,0.43,0.48,8.24,17.18,17.99,42.03,259.27,97.58,217.27,1.80,1.44,StrongBuy,Strong buy,StrongBuy,Strong buy,Neutral,Neutral,55.61,2.40,2.68,71.42,36.89,41.52,0.00,0.00,0.00,0.00,0.00,-0.13,779201.00,-5.44,0.00,0.00,0.00,39.48,12.92,3.11,2.19,1.82,9.63,9.76,0.00,228493279275.83,8.55,0.00,0.00,374.46,372.32,370.71,354.09,337.23,61.36,66.66,51.99,61.62,4.77,1.12,1.15,9372376390.15,2235048405.48,2242868153.35
[object Object],HEIA,Heineken NV,EURONEXT,71.36,stock,common,100.00,2.00,false,0.00,EUR,-0.45,577517.00,1.04,45189320014.42,USD,17.46,4.67,26.56,2.68,Consumer non-durables,netherlands,Consumer Non-Durables,Buy,Buy,-0.45,-0.03,-1.03,0.88,5.97,2.68,8.81,-20.41,-8.78,114.63,1.73,1.50,Sell,Sell,StrongSell,Strong sell,Neutral,Neutral,42.00,-1.38,-1.91,-60.92,38.74,38.63,0.00,0.00,0.00,0.00,0.00,1.20,577517.00,-20.42,71.36,0.00,423069.00,4.37,17.46,0.66,1.34,2.07,6.74,9.87,13.83,68569789204.42,2.04,17.16,10.07,71.82,72.77,74.65,72.08,71.06,102.44,145.39,80.77,100.39,6.19,2.58,3.40,36231892680.04,17012668238.50,18142248555.94
[object Object],DSV,DSV A/S,OMXCOP,1311.50,stock,common,10.00,5.00,false,0.00,DKK,4.84,541621.00,1.61,44939694219.09,USD,45.34,4.41,-35.38,0.56,Transportation,denmark,Transportation,StrongBuy,Strong buy,4.84,0.88,-6.79,-13.72,-17.52,-18.59,-5.65,-22.24,301.07,5627.07,2.98,2.23,Sell,Sell,StrongSell,Strong sell,Neutral,Neutral,44.23,-12.50,-67.82,-74.91,20.26,8.31,marubozu_white_bullish,0.00,0.00,0.00,0.00,0.64,541621.00,21.48,0.00,0.00,0.00,-3.84,45.34,0.00,1.03,2.49,25.41,32.06,31.13,58064477319.09,1.31,17.21,11.79,1299.35,1348.00,1412.37,1492.13,1569.58,316.27,356.50,274.35,315.81,10.02,2.36,2.69,46815152556.97,11316230927.46,11724190966.40
[object Object],SWED_A,Swedbank AB Class A,OMXSTO,406.80,stock,common,10.00,1.00,false,0.00,SEK,2.55,2408096.00,1.54,44932174099.08,USD,14.73,2.84,-8.05,5.16,Finance,sweden,Finance,Neutral,Neutral,2.55,6.27,7.34,14.72,20.96,26.34,48.47,139.29,107.55,293.44,1.98,1.49,StrongBuy,Strong buy,StrongBuy,Strong buy,Buy,Buy,76.82,24.40,12.29,202.63,88.89,83.74,rising_window_bullish,0.00,0.00,0.00,0.00,0.33,2408096.00,24.37,0.00,0.00,0.00,42.70,14.73,0.00,5.35,2.21,80.10,87.30,0.00,130363933099.08,10.06,0.00,0.00,390.08,381.09,377.71,359.90,345.34,38.80,45.45,34.95,38.38,2.96,0.66,0.73,7776442221.86,1807841951.87,1852739588.93
[object Object],UCB,UCB S.A.,EURONEXT,208.60,stock,common,10.00,1.00,false,0.00,EUR,1.21,239037.00,1.05,44885894260.77,USD,18.45,12.91,64.98,0.49,Health technology,belgium,Health Technology,StrongBuy,Strong buy,1.21,2.15,-2.57,-16.83,-17.22,-11.65,2.51,126.74,187.41,363.56,2.82,2.63,Sell,Sell,StrongSell,Strong sell,Buy,Buy,41.76,-12.10,-9.14,-67.46,31.73,31.94,0.00,0.00,0.00,0.00,0.00,0.97,239037.00,9.65,208.60,0.00,195119.00,10.49,18.45,0.28,4.69,3.41,21.93,28.02,50.76,48085133830.77,4.94,15.52,12.61,207.48,215.70,223.78,236.44,245.67,336.68,389.73,252.18,341.02,13.61,5.81,6.00,10192418128.39,4637909086.18,5027446990.42
[object Object],BN,Danone SA,EURONEXT,61.38,stock,common,100.00,2.00,false,0.00,EUR,0.76,1196928.00,1.00,44839420181.05,USD,20.34,3.45,5.84,3.69,Consumer non-durables,france,Consumer Non-Durables,Buy,Buy,0.76,-1.95,-6.12,-6.92,-11.91,-19.47,-17.54,4.14,-4.88,1897.61,1.40,1.37,Sell,Sell,StrongSell,Strong sell,Buy,Buy,33.78,-2.22,-3.65,-122.66,8.31,9.41,0.00,0.00,0.00,0.00,0.00,0.98,1196928.00,-4.16,61.38,0.00,863736.00,-12.50,20.34,3.46,1.43,2.24,11.22,16.30,4.73,55348423541.05,1.76,12.08,9.20,62.45,64.74,67.01,66.47,69.01,92.20,108.90,69.92,90.56,4.65,2.15,2.28,33168378859.84,15789550530.00,16450693905.00
[object Object],CARR,Carrier Global Corp.,NYSE,54.39,stock,common,100.00,1.00,false,0.00,USD,0.24,6151937.00,0.96,44835039347.21,USD,38.33,1.42,-43.38,1.74,Producer manufacturing,america,Producer Manufacturing,Buy,Buy,0.24,-4.60,-12.26,-24.27,-7.81,2.41,-11.14,0.82,353.25,353.25,4.36,2.83,Sell,Sell,StrongSell,Strong sell,Neutral,Neutral,28.40,-3.19,-4.18,-170.99,10.53,18.07,0.00,55.83,2.89,1.97,912.00,2.38,6151937.00,-25.27,54.50,0.20,1425135.00,-12.67,38.33,0.00,2.05,3.41,19.06,23.60,33.78,56207039347.21,2.54,30.99,18.15,57.14,59.64,62.42,64.99,61.54,77.66,90.00,60.00,78.00,2.89,0.82,0.77,23188096340.00,6018039602.00,5967392110.00
[object Object],HOLN,Holcim Ltd,SIX,68.24,stock,common,100.00,2.00,false,0.00,CHF,-0.32,945920.00,1.03,44648019676.20,USD,96.88,0.87,-87.25,2.48,Non-energy minerals,switzerland,Non-Energy Minerals,Buy,Buy,-0.32,-4.64,-3.75,-11.90,6.62,-12.51,0.29,179.79,170.11,55.26,2.05,2.28,Sell,Sell,StrongSell,Strong sell,Neutral,Neutral,36.70,-3.90,-2.54,-124.63,14.68,13.83,0.00,0.00,0.00,0.00,0.00,0.41,945920.00,13.37,68.24,0.00,581735.00,9.46,96.88,0.00,2.41,2.39,12.62,20.27,10.52,54616487176.20,2.80,17.29,12.03,70.71,71.12,72.29,73.35,73.17,100.81,112.58,79.89,102.89,4.69,1.98,2.78,21189692839.39,9656220544.45,11080641006.00
[object Object],CCEP,Coca-Cola Europacific Partners plc,NASDAQ,100.48,stock,common,100.00,1.00,false,0.00,USD,-2.19,3065099.00,1.99,44534507998.50,USD,19.41,5.18,42.73,2.33,Consumer non-durables,america,Consumer Non-Durables,Buy,Buy,-2.19,-3.20,-5.93,3.24,5.85,10.86,12.38,70.02,156.72,2441.92,1.82,1.52,Sell,Sell,StrongSell,Strong sell,Sell,Sell,35.01,-7.30,-3.54,-155.33,4.91,10.17,0.00,103.31,0.56,0.51,1500.00,0.57,3065099.00,28.87,100.48,0.00,694450.00,18.38,19.41,0.46,1.84,4.71,13.48,18.20,19.66,56747238598.58,2.28,16.83,12.86,104.18,106.55,106.72,101.43,98.22,109.78,120.16,91.36,114.65,5.13,2.47,2.62,24719215164.05,12222428525.09,12455606524.75
[object Object],LONN,Lonza Group AG,SIX,545.00,stock,common,10.00,2.00,false,0.00,CHF,1.23,156031.00,1.07,44414571427.16,USD,0.00,-1.92,-115.18,0.93,Health technology,switzerland,Health Technology,Buy,Buy,1.23,1.45,-3.71,10.50,13.59,2.29,-0.33,-29.73,224.17,532.69,1.71,1.90,Sell,Sell,Sell,Sell,Neutral,Neutral,40.89,-37.00,-30.20,-71.95,20.43,13.83,0.00,0.00,0.00,0.00,0.00,0.48,156031.00,-13.46,545.00,0.00,63542.00,2.52,0.00,0.00,5.95,4.69,26.42,177.29,78.27,48907947427.16,6.25,25.42,18.36,544.28,567.41,566.62,536.39,529.98,835.35,1021.37,538.21,831.78,22.96,10.68,11.26,8974742482.64,4196165834.24,4516162278.90
[object Object],IQV,IQVIA Holdings Inc,NYSE,269.44,stock,common,100.00,1.00,false,0.00,USD,0.23,1714581.00,1.23,44349826852.56,USD,33.42,8.06,16.77,0.00,Health technology,america,Health Technology,Buy,Buy,0.23,5.84,10.26,57.87,61.95,19.53,44.12,4.58,246.99,515.72,2.52,2.64,Buy,Buy,StrongBuy,Strong buy,Sell,Sell,65.73,5.60,15.05,141.85,81.05,75.32,0.00,0.00,0.00,0.00,0.00,1.61,1714581.00,2.57,269.44,0.00,330483.00,36.14,33.42,1.99,2.65,7.19,15.99,20.64,21.67,58640826852.56,3.45,24.83,16.54,264.83,255.34,240.19,209.29,203.44,278.53,300.00,247.00,280.00,12.97,3.03,3.27,17410252730.00,4302040570.00,4361197900.00
[object Object],A,"Agilent Technologies, Inc.",NYSE,156.34,stock,common,100.00,1.00,false,0.00,USD,1.72,2891784.00,1.46,44076754452.33,USD,30.78,5.08,19.11,0.66,Health technology,america,Health Technology,Buy,Buy,1.72,9.65,4.79,24.51,40.13,14.75,22.41,-10.11,244.44,409.98,2.80,2.92,StrongBuy,Strong buy,StrongBuy,Strong buy,Buy,Buy,62.55,4.95,0.96,76.12,63.95,44.66,0.00,0.00,0.00,0.00,0.00,1.50,2891784.00,15.32,157.01,0.43,935718.00,19.29,30.78,1.58,5.90,5.99,27.50,34.92,25.17,46267754452.33,6.28,26.05,22.60,148.96,150.62,144.97,134.61,131.52,175.58,190.00,155.00,175.00,6.20,1.49,1.73,7500748712.00,1841510467.00,1989233506.00
[object Object],CRWV,"CoreWeave, Inc. Class A",NASDAQ,79.88,stock,common,100.00,1.00,false,0.00,USD,-4.16,79263868.00,3.37,44056741650.05,USD,0.00,-3.66,-47.09,0.00,Technology services,america,Technology Services,Buy,Buy,-4.16,-11.16,-21.22,-32.79,-0.32,8.05,-33.14,104.82,104.82,104.82,4.79,5.08,StrongSell,Strong sell,StrongSell,Strong sell,Sell,Sell,42.44,-1.05,-5.80,-112.52,10.14,14.66,0.00,81.34,-2.41,3.84,6934849.00,-2.28,79263868.00,321.92,80.19,0.39,5460819.00,-1.01,0.00,-0.48,6.05,8.76,6.37,0.00,6.86,89252741650.05,11.76,0.00,23.73,87.39,89.88,85.24,96.07,92.06,144.68,317.00,39.00,150.00,-4.07,-1.21,-1.26,12900049411.00,2554498690.00,3541571074.00
[object Object],EXC,Exelon Corporation,NASDAQ,42.64,stock,common,100.00,1.00,false,0.00,USD,0.47,5584623.00,0.68,44015305138.57,USD,15.62,2.73,3.62,3.86,Utilities,america,Utilities,Neutral,Neutral,0.47,-2.49,-7.80,-6.41,-10.25,-2.11,-0.74,19.12,77.97,298.65,1.75,1.63,Sell,Sell,StrongSell,Strong sell,Buy,Buy,35.65,-1.33,-1.64,-151.94,11.84,8.08,0.00,42.55,0.26,0.09,1402.00,0.31,5584623.00,4.42,42.66,0.05,1461153.00,3.29,15.62,4.30,1.72,1.48,6.08,0.00,18.11,94599305138.57,3.74,17.97,10.48,43.24,44.23,45.13,45.45,45.81,49.13,58.00,41.00,48.50,2.86,0.44,0.81,25433453768.00,5444465599.00,6805294874.00
[object Object],STMMI,STMicroelectronics NV,MIL,42.45,stock,common,1000.00,5.00,false,0.00,EUR,-0.40,3793444.00,1.10,43598945859.83,USD,98.25,0.49,-32.83,0.73,Electronic technology,italy,Electronic Technology,Buy,Buy,-0.40,-5.06,-11.37,-37.10,51.44,89.79,84.03,11.28,517.98,94.34,3.06,3.24,Sell,Sell,StrongSell,Strong sell,Neutral,Neutral,41.50,-1.55,-2.18,-71.55,19.26,19.61,0.00,0.00,0.00,0.00,0.00,-0.70,3793444.00,21.36,42.45,0.00,1854.00,90.84,98.25,0.00,3.52,2.46,20.24,106.96,7.47,41993786872.68,3.27,62.56,16.53,43.79,44.52,47.28,53.41,40.53,78.51,97.43,55.44,79.09,1.40,0.26,0.40,14782265089.53,3434878642.75,3742457650.88
[object Object],GALD,Galderma Group AG,SIX,157.85,stock,common,100.00,5.00,false,0.00,CHF,2.47,826794.00,1.61,43484496192.47,USD,54.36,3.59,110.71,0.23,Health technology,switzerland,Health Technology,StrongBuy,Strong buy,2.47,1.48,-6.29,-8.52,8.94,-3.75,9.39,158.77,158.77,158.77,2.45,2.62,Sell,Sell,StrongSell,Strong sell,Neutral,Neutral,40.47,-5.00,-13.19,-63.14,18.17,14.29,0.00,0.00,0.00,0.00,0.00,0.84,826794.00,-0.09,157.85,0.00,538382.00,20.95,54.36,0.48,7.74,5.55,40.16,44.90,54.76,45294834168.02,7.84,42.31,32.51,156.46,166.50,169.41,168.77,161.60,248.95,321.64,213.83,244.65,4.99,2.25,2.46,6649271946.10,3046913667.00,3261123057.00
[object Object],BMW,Bayerische Motoren Werke AG,XETR,63.22,stock,common,100.00,2.00,false,0.00,EUR,1.74,1506308.00,1.20,43119213480.96,USD,6.09,11.86,11.84,7.08,Consumer durables,germany,Consumer Durables,Neutral,Neutral,1.74,0.64,7.85,5.37,-17.90,-32.12,-24.20,-23.68,-14.52,886.01,2.76,2.55,Buy,Buy,Buy,Buy,Buy,Buy,59.90,1.46,2.46,81.22,66.26,70.35,0.00,62.80,1.06,0.71,1330.00,1.13,1506308.00,-0.43,63.20,-0.03,709599.00,-29.51,6.09,0.51,0.29,0.40,10.03,0.00,2.06,158188673700.96,1.08,17.27,8.04,62.86,60.63,59.80,64.59,75.53,82.46,103.93,66.98,81.99,7.75,2.14,1.26,150988180056.11,36981378167.93,35326011664.18
[object Object],TRI,Thomson Reuters Corporation,NASDAQ,99.48,stock,common,100.00,1.00,false,0.00,USD,-1.81,1233714.00,0.82,43097177882.83,USD,27.44,3.63,-2.56,2.50,Technology services,america,Technology Services,Buy,Buy,-1.81,2.58,-0.77,25.57,5.46,-25.84,-42.59,-22.51,86.15,140.44,2.99,3.45,Sell,Sell,StrongSell,Strong sell,Sell,Sell,46.98,-6.39,-2.22,-87.60,32.01,37.66,0.00,0.00,0.00,0.00,0.00,-0.78,1233714.00,26.81,99.48,0.00,179331.00,-42.48,27.44,16.53,5.75,3.91,15.54,20.08,75.71,45699051882.83,6.00,22.34,15.28,101.55,103.38,100.39,93.23,101.32,123.92,144.44,100.58,124.16,4.43,0.95,0.90,8109952335.51,1887707619.78,1914656036.67
[object Object],ASM,ASM International N.V.,EURONEXT,790.80,stock,common,10.00,2.00,false,0.00,EUR,2.49,115269.00,0.72,43038398589.45,USD,36.16,24.98,104.67,0.42,Producer manufacturing,netherlands,Producer Manufacturing,Buy,Buy,2.49,-5.47,-10.14,-25.47,18.03,50.23,72.33,119.06,2243.81,3561.11,4.12,3.62,Sell,Sell,StrongSell,Strong sell,Neutral,Neutral,45.03,13.80,-46.31,-72.42,22.46,21.42,0.00,0.00,0.00,0.00,0.00,0.29,115269.00,-10.75,790.80,0.00,47156.00,95.57,36.16,0.34,11.27,8.71,38.77,51.38,32.94,41766497397.45,10.87,35.84,28.64,808.92,829.99,836.75,879.37,774.34,1295.68,1693.34,801.92,1297.03,27.49,6.39,6.79,4889417864.64,1139894404.13,1247031425.78
[object Object],AENA,Aena SME SA,BME,25.48,stock,common,100.00,2.00,false,0.00,EUR,2.00,1632701.00,1.51,42950736112.51,USD,17.03,1.71,11.17,3.53,Transportation,spain,Transportation,Buy,Buy,2.00,2.49,-2.08,-5.70,-0.20,7.51,3.24,94.73,96.38,291.40,2.54,1.82,Sell,Sell,Sell,Sell,Neutral,Neutral,45.61,-0.32,-1.24,-42.01,27.84,17.52,0.00,0.00,0.00,0.00,0.00,1.04,1632701.00,-2.55,0.00,0.00,0.00,7.39,17.03,1.49,5.68,4.42,12.99,17.25,21.21,50054658467.26,6.64,14.38,11.41,25.11,26.10,26.28,25.71,25.61,31.40,35.31,22.93,32.44,1.83,0.49,0.58,8088749454.93,2064179465.31,2244371609.42
[object Object],RKT,Reckitt Benckiser Group plc,LSE,5006.00,stock,common,1.00,2.00,false,0.00,GBX,-0.99,3083843.00,2.65,42895158134.05,USD,11.34,5.85,133.98,4.28,Consumer non-durables,uk,Consumer Non-Durables,Buy,Buy,-0.99,0.68,-0.36,7.80,-3.47,-16.48,-12.33,-16.09,-30.18,540.15,1.96,1.93,Sell,Sell,StrongSell,Strong sell,Neutral,Neutral,44.70,-74.00,-92.88,-92.01,17.54,21.55,0.00,0.00,0.00,0.00,0.00,0.51,3083843.00,158.43,5006.00,0.00,2106336.00,-8.60,11.34,0.09,2.40,5.61,15.46,20.98,36.96,55361590134.05,3.06,10.75,8.71,5054.40,5120.30,5115.22,4909.89,5351.03,83.66,101.35,72.32,82.43,4.54,1.88,2.55,17697797885.56,8177790904.88,8986636841.60
[object Object],KDP,Keurig Dr Pepper Inc.,NASDAQ,31.43,stock,common,100.00,1.00,false,0.00,USD,-1.16,10777484.00,1.15,42770761719.65,USD,31.85,0.99,-12.46,2.89,Consumer non-durables,america,Consumer Non-Durables,Buy,Buy,-1.16,-2.54,2.38,0.96,15.64,12.98,16.32,-11.31,116.69,573.16,1.98,1.97,Sell,Sell,Sell,Sell,Neutral,Neutral,47.87,-1.16,0.13,-77.55,23.05,22.01,0.00,31.82,0.06,0.12,4647.00,-0.09,10777484.00,-3.40,31.45,0.06,2654812.00,10.50,31.85,0.00,2.16,1.71,17.92,23.36,27.62,83016761719.65,4.13,24.38,18.98,31.93,31.43,31.16,30.76,29.31,36.38,42.00,29.00,38.00,2.29,0.54,0.62,26310182277.00,7231588225.00,7329206338.00
[object Object],VEEV,Veeva Systems Inc. Class A,NYSE,263.75,stock,common,100.00,1.00,false,0.00,USD,-0.43,1120643.00,0.92,42703456619.70,USD,43.39,6.08,24.70,0.00,Technology services,america,Technology Services,Buy,Buy,-0.43,1.06,8.46,72.05,43.19,18.06,-3.84,-13.52,541.42,594.08,2.94,3.19,Neutral,Neutral,Buy,Buy,Sell,Sell,56.79,-16.97,13.38,-12.43,28.01,36.99,doji,264.25,-0.25,0.79,1698.00,-0.55,1120643.00,0.62,263.75,0.00,212631.00,2.16,43.39,1.76,12.64,5.74,26.14,26.56,6.01,35612204619.70,10.30,34.41,32.71,266.94,256.73,232.71,200.01,199.08,297.42,343.00,180.00,300.00,9.24,2.23,2.34,3689993633.00,905380638.00,935007483.00
[object Object],ADM,Archer-Daniels-Midland Company,NYSE,88.09,stock,common,100.00,1.00,false,0.00,USD,3.64,3673224.00,1.00,42455820699.71,USD,24.11,3.65,60.79,2.44,Process industries,america,Process Industries,Neutral,Neutral,3.64,0.10,7.27,14.91,28.00,53.36,41.74,40.65,109.79,16850.82,3.16,3.32,StrongBuy,Strong buy,StrongBuy,Strong buy,Buy,Buy,64.79,2.71,4.74,83.50,78.20,78.22,0.00,85.67,0.79,0.22,1474.00,-0.48,3673224.00,-11.80,88.09,0.00,706822.00,36.69,24.11,0.38,0.50,1.80,15.29,25.48,7.78,46606820699.71,0.57,22.75,14.40,85.98,82.37,82.39,80.37,73.20,85.00,95.00,77.00,85.00,5.37,1.49,1.54,87340851023.00,22748515194.00,22861809468.00
[object Object],CMG,"Chipotle Mexican Grill, Inc.",NYSE,33.51,stock,common,100.00,1.00,false,0.00,USD,-0.50,9598764.00,0.87,42404156517.36,USD,30.91,1.08,-4.17,0.00,Consumer services,america,Consumer Services,Buy,Buy,-0.50,-7.58,-0.42,5.18,-0.49,-10.04,-15.13,-13.53,305.63,3623.33,4.15,3.19,StrongSell,Strong sell,StrongSell,Strong sell,Sell,Sell,38.57,-5.01,-0.28,-191.69,3.41,14.26,0.00,34.28,1.78,0.53,61848.00,1.75,9598764.00,-26.60,33.55,0.12,1764384.00,-15.21,30.91,0.00,3.47,19.31,18.42,27.32,63.23,47145495517.36,3.79,24.63,20.57,35.89,35.48,35.11,33.68,34.99,44.14,53.00,36.00,43.50,1.15,0.32,0.29,13028279003.00,3331365806.00,3278678408.00
[object Object],WAT,Waters Corporation,NYSE,429.72,stock,common,100.00,1.00,false,0.00,USD,2.65,688812.00,1.17,42219178408.74,USD,107.30,4.00,-63.90,0.00,Health technology,america,Health Technology,Buy,Buy,2.65,8.09,5.52,19.71,43.24,13.34,41.50,7.44,176.79,11264.50,2.20,2.71,StrongBuy,Strong buy,StrongBuy,Strong buy,Buy,Buy,66.18,17.52,8.23,225.74,81.49,68.40,0.00,423.51,1.16,0.16,2658.00,1.28,688812.00,-3.10,429.72,0.00,155183.00,125.94,107.30,0.00,8.85,2.78,80.15,112.49,78.29,47134178408.74,10.15,85.77,40.54,411.61,411.32,397.61,374.83,361.50,446.78,490.00,400.00,455.00,14.57,3.01,4.00,6455387123.00,1622303345.00,1753738453.00
[object Object],SCMN,Swisscom AG,SIX,671.50,stock,common,10.00,5.00,false,0.00,CHF,-0.22,79432.00,1.22,42200143618.95,USD,26.47,31.38,-1.35,3.86,Communications,switzerland,Communications,Sell,Sell,-0.22,4.60,5.75,6.00,-3.93,16.68,14.88,25.89,45.44,4.92,1.64,1.46,Buy,Buy,StrongBuy,Strong buy,Neutral,Neutral,69.82,38.50,25.97,169.38,94.15,93.65,0.00,0.00,0.00,0.00,0.00,0.22,79432.00,9.03,671.50,0.00,32783.00,8.00,26.47,0.00,2.35,3.02,5.69,10.79,161.79,61911925618.95,3.38,21.73,7.15,653.45,639.50,634.82,642.74,643.47,711.60,889.72,556.83,720.25,34.55,7.34,8.19,18548482928.17,4459349216.05,4437276402.79
[object Object],PAYX,"Paychex, Inc.",NASDAQ,116.51,stock,common,100.00,1.00,false,0.00,USD,-0.18,2596571.00,1.01,41475284847.78,USD,23.82,4.89,6.81,3.89,Technology services,america,Technology Services,Neutral,Neutral,-0.18,1.30,-3.48,19.02,27.56,3.92,-11.92,6.37,97.37,55885.08,1.78,1.94,Sell,Sell,Sell,Sell,Neutral,Neutral,42.77,-7.49,-3.97,-93.40,19.80,22.34,0.00,116.50,-0.19,0.15,958.00,-0.52,2596571.00,7.08,116.51,0.00,618808.00,-8.67,23.82,3.51,6.42,11.09,16.32,17.97,35.45,44928284847.78,6.90,15.30,13.30,117.95,121.49,118.48,107.77,104.27,121.85,150.00,105.00,120.00,5.96,1.31,1.32,6865148704.00,1600510506.00,1626550708.00
[object Object],FERG,Ferguson Enterprises Inc.,NYSE,214.26,stock,common,100.00,1.00,false,0.00,USD,-0.04,1888813.00,1.50,41449179470.33,USD,19.18,11.17,37.48,2.44,Distribution services,america,Distribution Services,Buy,Buy,-0.04,-3.45,-11.89,-7.26,-1.87,-3.99,-7.80,45.68,275.30,94.02,2.61,2.41,Sell,Sell,StrongSell,Strong sell,Neutral,Neutral,33.03,-6.97,-17.72,-111.73,4.58,11.05,0.00,217.15,1.31,1.31,100.00,1.81,1888813.00,31.25,214.26,0.00,384143.00,-6.50,19.18,0.00,1.29,6.68,20.56,25.55,95.12,47899179470.35,1.48,15.37,13.67,221.07,234.00,233.90,234.70,238.81,287.76,325.00,250.00,288.00,11.36,3.31,3.31,32959157140.00,8685783365.00,8707799797.00
[object Object],BMPS,Banca Monte dei Paschi di Siena S.p.A.,MIL,11.95,stock,common,1000.00,2.00,false,0.00,EUR,1.34,9177625.00,0.96,41069738790.75,USD,9.99,1.37,-10.50,7.29,Finance,italy,Finance,Buy,Buy,1.34,2.31,-0.42,9.87,69.05,28.49,46.25,-47.86,-97.47,-99.99,2.62,2.05,Buy,Buy,StrongBuy,Strong buy,Neutral,Neutral,59.50,0.37,0.07,171.45,78.06,70.88,0.00,0.00,0.00,0.00,0.00,0.56,9177625.00,53.79,0.00,0.00,0.00,260.68,9.99,0.00,5.00,1.38,10.80,11.25,0.00,109175829348.75,9.58,0.00,0.00,11.73,11.72,11.64,10.77,9.56,13.73,14.60,11.79,14.13,0.90,0.00,0.00,9429552751.60,0.00,0.00
[object Object],PRY,Prysmian S.p.A.,MIL,121.65,stock,common,100.00,5.00,false,0.00,EUR,-0.45,824559.00,0.80,40931296020.95,USD,25.16,5.52,84.91,0.74,Producer manufacturing,italy,Producer Manufacturing,Buy,Buy,-0.45,-4.92,-6.06,-18.63,28.13,40.47,51.23,288.66,472.47,738.85,3.82,3.44,Sell,Sell,StrongSell,Strong sell,Neutral,Neutral,47.50,1.85,-2.43,13.68,35.67,34.24,0.00,0.00,0.00,0.00,0.00,0.70,824559.00,-0.99,121.65,0.00,12787.00,61.57,25.16,0.30,1.68,5.01,21.22,35.75,26.70,45937057110.95,1.89,19.18,14.34,123.44,123.72,124.58,135.30,117.18,184.94,208.95,150.91,190.38,5.65,1.43,1.71,26425686342.37,6305335210.39,6548887103.63
[object Object],PRU,"Prudential Financial, Inc.",NYSE,117.93,stock,common,100.00,1.00,false,0.00,USD,0.76,1211117.00,0.79,40685850318.40,USD,10.68,11.04,144.26,4.74,Finance,america,Finance,Neutral,Neutral,0.76,0.02,-6.05,9.46,27.23,4.48,15.41,14.42,47.67,305.26,2.03,1.92,Sell,Sell,Sell,Sell,Sell,Sell,44.90,-1.91,-2.49,-86.25,30.45,34.52,spinning_top_black,0.00,0.00,0.00,0.00,1.05,1211117.00,-45.52,117.93,0.00,439074.00,6.89,10.68,0.07,0.63,1.29,3.74,3.74,0.00,78399850318.40,1.21,0.00,0.00,119.37,120.81,120.23,112.20,108.49,113.50,131.00,92.00,113.50,14.39,3.52,3.46,59458403482.00,14360835837.00,15051037973.00
[object Object],VOD,Vodafone Group Public Limited Company,LSE,131.75,stock,common,100.00,5.00,false,0.00,GBX,0.27,91169409.00,1.70,40676220016.19,USD,0.00,-0.02,87.67,3.04,Communications,uk,Communications,Neutral,Neutral,0.27,3.41,9.61,21.15,22.56,33.87,51.82,13.17,-40.00,170.91,1.84,1.92,Buy,Buy,StrongBuy,Strong buy,Neutral,Neutral,74.34,9.45,8.52,105.08,98.67,97.88,0.00,0.00,0.00,0.00,0.00,-0.30,91169409.00,48.09,131.75,0.00,23791682.00,31.04,0.00,0.00,0.87,0.69,2.61,4.09,2.21,88144694540.92,1.91,19.88,4.72,128.82,122.28,119.68,114.95,111.11,1.65,2.07,1.26,1.70,0.12,0.03,0.06,50780177407.06,0.00,24981833597.94
[object Object],RKLB,Rocket Lab Corporation,NASDAQ,67.82,stock,common,100.00,1.00,false,0.00,USD,6.47,21848889.00,1.16,40587542618.17,USD,0.00,-0.28,38.89,0.00,Electronic technology,america,Electronic Technology,StrongBuy,Strong buy,6.47,10.01,-13.66,-37.68,-5.81,-3.98,42.58,319.94,595.59,595.59,5.13,4.41,Neutral,Neutral,Sell,Sell,Buy,Buy,50.13,4.72,-6.49,41.46,60.04,40.82,0.00,65.42,2.70,1.38,504621.00,2.90,21848889.00,23.14,68.00,0.27,1861013.00,56.84,0.00,0.00,52.15,11.62,0.00,0.00,18.55,38419052618.17,49.95,0.00,0.00,63.95,70.17,70.25,88.65,80.35,111.89,150.00,80.00,115.00,-0.28,-0.06,-0.07,959794216.00,231623736.00,257267688.00
[object Object],LR,Legrand SA,EURONEXT,136.30,stock,common,100.00,5.00,false,0.00,EUR,0.74,512287.00,0.98,40576791400.90,USD,27.81,5.60,6.22,1.76,Electronic technology,france,Electronic Technology,Buy,Buy,0.74,-2.64,-2.33,-9.79,0.07,7.53,-1.16,42.13,160.91,467.92,2.74,2.50,Sell,Sell,StrongSell,Strong sell,Neutral,Neutral,47.83,-0.15,-2.06,-30.80,20.76,19.13,doji,0.00,0.00,0.00,0.00,0.74,512287.00,12.90,136.30,0.00,277853.00,5.54,27.81,4.43,3.62,4.77,23.50,27.49,18.69,47215528732.90,4.09,19.48,16.12,139.02,138.01,137.10,142.30,139.75,195.27,229.25,158.19,194.87,6.96,1.77,1.62,12948847314.68,3159350103.19,3030681903.05
[object Object],ABN,ABN AMRO Bank N.V. Depositary receipts,EURONEXT,43.59,dr,0.00,100.00,1.00,false,0.00,EUR,0.51,2386446.00,1.57,40513492923.76,USD,14.35,3.47,9.43,3.18,Finance,netherlands,Finance,Buy,Buy,0.51,2.23,4.58,15.99,60.79,46.77,69.41,280.37,138.85,139.77,1.80,1.69,Buy,Buy,StrongBuy,Strong buy,Neutral,Neutral,64.88,0.72,1.67,98.63,83.09,81.35,0.00,0.00,0.00,0.00,0.00,-0.09,2386446.00,31.08,43.59,0.00,1633789.00,64.25,14.35,1.51,3.62,1.47,0.00,0.00,0.00,134272647573.76,6.59,0.00,0.00,43.13,41.78,40.40,37.38,33.33,49.31,61.90,33.24,51.58,3.72,0.91,1.01,11219162980.65,2667306241.62,2852343242.57
[object Object],CBRE,"CBRE Group, Inc. Class A",NYSE,139.32,stock,common,100.00,1.00,false,0.00,USD,0.55,1843365.00,1.09,40343632507.34,USD,31.95,4.36,22.19,0.00,Finance,america,Finance,StrongBuy,Strong buy,0.55,0.93,-6.16,3.66,4.73,-13.09,-15.12,44.66,397.93,2099.81,2.52,2.77,Sell,Sell,StrongSell,Strong sell,Neutral,Neutral,42.10,-2.74,-6.63,-85.23,13.84,16.98,0.00,0.00,0.00,0.00,0.00,1.70,1843365.00,-1.35,139.32,0.00,443387.00,-11.89,31.95,1.43,0.93,4.81,30.08,43.65,23.83,50207632507.34,1.15,40.72,25.42,141.59,146.46,144.92,140.27,146.50,186.45,200.00,174.00,190.00,7.83,1.47,1.95,46722154633.00,11181189200.00,11793056794.00
[object Object],FLEX,Flex Ltd,NASDAQ,109.02,stock,common,100.00,1.00,false,0.00,USD,1.04,3291819.00,1.07,40272310625.44,USD,42.10,2.59,13.73,0.00,Electronic technology,america,Electronic Technology,StrongBuy,Strong buy,1.04,-1.21,-12.99,-25.85,67.52,77.44,90.59,701.05,1060.93,8169.06,5.43,4.06,Sell,Sell,StrongSell,Strong sell,Buy,Buy,45.19,3.07,-4.77,8.99,39.25,43.92,0.00,112.03,3.83,1.63,3131.00,3.14,3291819.00,16.13,109.04,0.02,681453.00,96.04,42.10,3.03,1.38,7.32,26.10,49.36,14.36,43362310625.44,1.48,26.55,20.07,110.14,114.07,117.47,127.57,96.97,159.55,180.00,142.00,160.00,4.70,0.90,1.06,34608931416.00,7528380489.00,8168967853.00
[object Object],HLN,Haleon PLC,LSE,339.70,stock,common,10.00,1.00,false,0.00,GBX,-0.03,40941180.00,1.52,39975856290.44,USD,18.75,0.24,8.37,2.15,Health technology,uk,Health Technology,Buy,Buy,-0.03,1.19,-2.94,1.22,-10.68,-9.39,-0.38,2.94,2.94,2.94,1.75,1.92,StrongSell,Strong sell,StrongSell,Strong sell,Neutral,Neutral,37.60,-17.90,-17.83,-73.71,17.07,16.68,0.00,0.00,0.00,0.00,0.00,0.21,40941180.00,203.47,339.70,0.00,9548843.00,0.03,18.75,2.24,2.72,1.82,12.83,14.96,36.68,49989129890.44,3.38,14.51,12.78,340.04,355.83,360.08,349.92,362.54,5.72,6.95,4.26,5.88,0.28,0.13,0.14,15341772505.05,7409394967.95,7760324492.80
[object Object],MSCI,MSCI Inc. Class A,NYSE,549.47,stock,common,100.00,1.00,false,0.00,USD,1.64,687754.00,1.35,39946466240.50,USD,30.05,18.28,21.13,1.47,Commercial services,america,Commercial Services,Buy,Buy,1.64,-0.86,-1.69,-8.47,-0.85,-3.87,-3.40,-14.86,539.14,2289.00,2.50,2.06,Sell,Sell,StrongSell,Strong sell,Neutral,Neutral,43.39,-11.16,-14.80,-100.43,15.00,17.79,0.00,543.99,0.63,0.63,40.00,0.58,687754.00,6.12,549.47,0.00,184641.00,-4.47,30.05,1.40,11.82,0.00,24.91,25.39,112.39,46134266240.50,13.84,24.86,22.22,554.41,561.72,572.78,582.55,572.65,696.94,805.00,570.00,700.00,19.72,4.99,5.03,3512568672.00,870709369.00,884717426.00
[object Object],IDXX,"IDEXX Laboratories, Inc.",NASDAQ,506.48,stock,common,100.00,1.00,false,0.00,USD,-1.39,459795.00,0.90,39901061430.40,USD,35.60,14.23,18.43,0.00,Health technology,america,Health Technology,Buy,Buy,-1.39,-0.39,-8.53,-7.79,-12.19,-25.14,-21.43,-23.43,365.13,53478.02,2.42,2.46,StrongSell,Strong sell,StrongSell,Strong sell,Sell,Sell,34.59,-32.51,-41.27,-98.14,15.94,15.43,0.00,0.00,0.00,0.00,0.00,0.14,459795.00,22.26,506.48,0.00,117807.00,-16.05,35.60,1.96,8.95,24.77,29.37,32.12,203.98,40800209430.40,8.96,27.90,25.24,515.17,545.58,551.88,553.75,598.53,718.00,805.00,665.00,705.00,14.77,3.94,3.72,4724179559.00,1200226154.00,1190787209.00
[object Object],TSCO,Tesco PLC,LSE,481.30,stock,common,10.00,1.00,false,0.00,GBX,1.07,9266804.00,0.77,39674806992.27,USD,17.79,0.36,15.11,3.04,Retail trade,uk,Retail Trade,Buy,Buy,1.07,2.95,7.05,5.71,0.44,8.67,8.97,86.26,181.13,1275.16,1.88,1.73,StrongBuy,Strong buy,StrongBuy,Strong buy,Buy,Buy,59.13,13.00,9.28,120.55,80.65,79.44,0.00,0.00,0.00,0.00,0.00,0.52,9266804.00,-71.58,481.30,0.00,5686927.00,6.33,17.79,1.17,0.42,2.67,7.58,11.22,7.54,54268022992.27,0.55,12.99,8.06,474.37,465.09,471.30,465.30,462.30,6.90,7.36,6.15,6.96,0.42,0.18,0.21,100840556774.60,48957373984.80,50163915155.20
[object Object],LYV,"Live Nation Entertainment, Inc.",NYSE,168.34,stock,common,100.00,1.00,false,0.00,USD,-1.63,1447811.00,0.74,39666606025.90,USD,0.00,-1.12,-148.66,0.00,Consumer services,america,Consumer Services,Buy,Buy,-1.63,-0.69,-8.65,-2.82,10.34,18.19,-1.56,93.83,544.98,1363.83,2.85,2.30,Sell,Sell,StrongSell,Strong sell,Sell,Sell,34.95,-11.25,-8.65,-93.75,11.06,13.09,0.00,0.00,0.00,0.00,0.00,0.68,1447811.00,-15.94,168.00,-0.20,416865.00,8.79,0.00,0.00,1.59,476.32,15.75,29.71,4.48,43514504025.90,1.66,29.56,19.33,171.29,178.95,179.51,174.00,162.06,204.46,222.00,155.00,209.00,-0.34,0.66,1.57,28089048360.00,7556393065.00,9590939674.00
[object Object],AIG,"American International Group, Inc.",NYSE,75.68,stock,common,100.00,1.00,false,0.00,USD,-0.51,4080152.00,0.85,39572551726.12,USD,13.86,5.46,1.17,2.43,Finance,america,Finance,Buy,Buy,-0.51,0.24,-1.21,1.18,2.59,-11.20,-0.93,39.91,30.01,430.84,1.84,1.54,StrongSell,Strong sell,StrongSell,Strong sell,Neutral,Neutral,45.36,-0.45,-1.13,-66.51,55.37,56.44,0.00,75.85,-0.29,0.75,324.00,-0.29,4080152.00,-7.86,75.68,0.00,1185985.00,-11.64,13.86,11.90,1.52,0.98,10.49,10.49,0.00,48719551726.12,1.83,0.00,0.00,75.72,76.39,77.51,76.77,77.36,88.65,101.00,81.00,88.00,8.04,1.92,1.81,28873691639.00,7247586658.00,7426028971.00
[object Object],PKO,PKO Bank Polski SA,GPW,120.04,stock,common,100.00,2.00,false,0.00,PLN,-0.32,1989817.00,0.80,39553453648.52,USD,13.84,2.30,7.99,5.10,Finance,poland,Finance,Buy,Buy,-0.32,1.30,8.44,14.32,37.98,40.96,70.17,177.61,344.43,430.99,1.72,2.07,Buy,Buy,StrongBuy,Strong buy,Neutral,Neutral,67.70,5.26,6.40,117.57,86.04,88.10,0.00,0.00,0.00,0.00,0.00,0.48,1989817.00,-33.30,0.00,0.00,0.00,59.83,13.84,1.74,4.52,2.68,17.64,21.47,0.00,47705892898.52,4.36,0.00,0.00,119.07,114.60,112.56,106.92,97.95,31.12,34.30,27.06,30.79,2.47,0.56,0.61,8722014190.53,2020624480.25,2126811242.01
[object Object],ED,"Consolidated Edison, Inc.",NYSE,107.08,stock,common,100.00,1.00,false,0.00,USD,1.57,1773552.00,0.96,39462162173.41,USD,17.59,6.09,10.41,3.33,Utilities,america,Utilities,Neutral,Neutral,1.57,-1.23,-2.95,0.42,-4.24,7.48,11.21,46.50,44.39,957.58,1.38,1.41,Sell,Sell,StrongSell,Strong sell,Neutral,Neutral,48.30,-0.59,-1.40,-71.03,22.87,13.47,0.00,0.00,0.00,0.00,0.00,0.14,1773552.00,-4.47,107.08,0.00,528681.00,13.22,17.59,1.66,2.21,1.40,10.02,0.00,26.95,66589162173.41,3.76,20.94,12.08,106.85,107.48,108.85,108.44,107.53,110.70,130.00,94.00,112.00,6.10,0.76,2.04,17628213935.00,3597227048.00,4762040450.00
[object Object],FER,Ferrovial N.V.,BME,47.64,stock,common,100.00,1.00,false,0.00,EUR,-0.56,2076818.00,2.39,39443771451.06,USD,56.81,0.96,-81.98,1.97,Industrial services,spain,Industrial Services,Buy,Buy,-0.56,-1.98,-13.38,-20.76,-13.57,-13.44,-1.57,91.71,161.90,600.76,2.26,2.27,Sell,Sell,StrongSell,Strong sell,Sell,Sell,27.26,-2.17,-5.17,-91.95,20.79,14.38,0.00,0.00,0.00,0.00,0.00,1.17,2076818.00,85.76,0.00,0.00,0.00,-1.80,56.81,0.00,3.52,6.04,15.69,16.73,8.92,49134338031.06,4.36,41.89,27.79,48.43,51.95,53.62,56.21,57.10,69.98,82.53,51.58,70.38,1.12,0.00,0.00,11870815519.48,4927988900.00,0.00
[object Object],TTWO,"Take-Two Interactive Software, Inc.",NASDAQ,210.62,stock,common,100.00,1.00,false,0.00,USD,-0.56,2635518.00,1.16,39381819447.07,USD,0.00,-1.73,92.77,0.00,Technology services,america,Technology Services,StrongBuy,Strong buy,-0.56,0.45,-13.53,-11.93,4.94,-18.27,-15.07,40.90,365.36,5644.15,3.23,3.54,StrongSell,Strong sell,StrongSell,Strong sell,Sell,Sell,36.03,-5.52,-16.33,-85.87,9.78,18.74,0.00,212.45,0.30,0.87,9511.00,0.33,2635518.00,22.11,211.00,0.18,463133.00,-8.85,0.00,0.00,5.90,10.92,78.40,116.20,21.31,40485919447.07,6.05,0.00,31.29,214.29,229.31,233.78,231.32,226.85,294.88,368.00,270.00,295.00,6.95,0.33,0.97,8576953104.00,1370482729.00,1608192601.00
[object Object],DHI,"D.R. Horton, Inc.",NYSE,140.38,stock,common,100.00,1.00,false,0.00,USD,1.49,3303056.00,1.34,39264469723.04,USD,13.36,10.51,-15.75,1.30,Consumer durables,america,Consumer Durables,Neutral,Neutral,1.49,2.02,-6.01,-8.99,2.05,-2.74,-18.66,55.98,364.53,8396.66,2.87,2.31,Sell,Sell,StrongSell,Strong sell,Neutral,Neutral,45.25,-1.88,-6.26,-46.74,36.11,32.74,0.00,141.68,2.43,0.45,1923.00,2.34,3303056.00,-16.03,140.38,0.00,560356.00,-22.10,13.36,0.00,1.17,1.65,11.85,12.41,18.61,44900469723.04,1.35,11.14,10.84,139.64,144.89,146.10,148.21,149.50,162.33,206.00,125.00,161.50,10.47,3.02,3.04,32770419683.00,9096153217.00,9109410691.00
[object Object],FER,Ferrovial N.V.,NASDAQ,54.65,stock,common,100.00,1.00,false,0.00,USD,-0.85,1373369.00,1.03,39251431750.39,USD,57.06,0.96,-82.53,1.97,Industrial services,america,Industrial Services,Buy,Buy,-0.85,-1.89,-13.83,-21.98,-13.57,-15.69,-5.27,65.11,65.11,65.11,1.21,1.25,Sell,Sell,StrongSell,Strong sell,Sell,Sell,26.87,-3.19,-6.29,-102.31,13.56,10.76,0.00,55.18,0.11,-0.31,4167.00,0.23,1373369.00,6.38,54.65,0.00,249696.00,9.13,57.06,0.00,3.54,6.06,15.76,16.81,8.95,48906406990.39,4.34,41.70,27.66,56.10,60.46,61.91,64.98,66.42,69.98,82.53,51.58,70.38,1.09,0.00,0.00,11585392806.80,4927988900.00,0.00
[object Object],SGO,Compagnie de Saint-Gobain SA,EURONEXT,70.34,stock,common,100.00,2.00,false,0.00,EUR,0.98,850433.00,0.84,39098215007.80,USD,13.04,6.16,-4.10,3.30,Producer manufacturing,france,Producer Manufacturing,Buy,Buy,0.98,-1.62,-13.50,-12.29,1.41,-18.94,-24.90,19.06,88.02,218.57,2.05,2.04,Sell,Sell,StrongSell,Strong sell,Buy,Buy,29.57,-5.16,-8.88,-95.14,12.55,8.91,spinning_top_white,0.00,0.00,0.00,0.00,0.49,850433.00,-8.23,70.34,0.00,466847.00,-16.22,13.04,0.00,0.74,1.36,6.51,10.26,6.03,52819066907.80,1.00,9.76,6.43,71.83,77.93,77.71,77.47,79.35,113.00,157.04,80.24,114.63,7.34,3.59,3.48,55209446626.46,26642286777.14,26761504316.32
[object Object],PST,Poste Italiane SpA,MIL,27.07,stock,common,100.00,1.00,false,0.00,EUR,3.40,4233364.00,1.59,39038470427.32,USD,14.60,2.12,12.41,4.77,Transportation,italy,Transportation,Buy,Buy,3.40,5.82,-1.17,-5.75,25.50,26.44,35.59,133.36,345.96,289.50,2.24,2.10,StrongBuy,Strong buy,StrongBuy,Strong buy,Buy,Buy,54.54,0.09,-0.81,5.30,41.91,31.83,0.00,0.00,0.00,0.00,0.00,0.15,4233364.00,122.84,27.07,0.00,600.00,36.53,14.60,1.14,1.47,2.73,12.76,18.31,1.39,118154025827.32,4.48,31.18,24.12,26.20,26.88,27.04,26.68,24.25,34.28,40.92,19.18,36.04,2.26,0.51,0.60,16147151024.32,3814889067.90,3840178956.56
[object Object],SSE,SSE PLC,LSE,2487.00,stock,common,1.00,1.00,false,0.00,GBX,3.58,2506951.00,1.43,38741380138.14,USD,23.60,1.39,-2.62,2.86,Utilities,uk,Utilities,Buy,Buy,3.58,4.28,3.24,7.34,-6.96,14.45,49.77,47.68,62.76,270.64,2.79,2.43,StrongBuy,Strong buy,StrongBuy,Strong buy,Buy,Buy,61.97,112.00,-18.19,211.45,62.74,38.07,0.00,0.00,0.00,0.00,0.00,0.29,2506951.00,26.15,2487.00,0.00,1170683.00,63.45,23.60,0.00,2.73,2.37,8.58,0.00,18.40,55181019178.14,4.10,21.03,14.46,2384.10,2393.70,2401.12,2410.35,2437.00,37.95,40.93,31.43,38.52,2.45,1.48,0.58,13948862666.23,7399088580.00,7658055609.60
[object Object],NTAP,"NetApp, Inc.",NASDAQ,196.92,stock,common,100.00,1.00,false,0.00,USD,2.84,1898507.00,0.68,38678831839.05,USD,27.79,7.08,25.19,1.09,Electronic technology,america,Electronic Technology,Buy,Buy,2.84,6.59,-2.37,24.13,91.65,82.93,59.84,113.42,463.92,18165.04,4.75,4.39,StrongBuy,Strong buy,StrongBuy,Strong buy,Buy,Buy,57.80,16.15,1.09,138.09,82.29,79.56,0.00,194.55,1.60,0.95,3163.00,1.14,1898507.00,-1.04,196.10,-0.42,425751.00,56.07,27.79,1.07,5.18,25.82,20.76,23.87,10.98,37626831839.05,5.09,19.55,17.86,189.43,192.34,183.81,163.53,133.91,196.87,219.00,170.00,195.00,10.00,2.12,2.60,8177071277.00,1836984109.00,2100853688.00
[object Object],ASSA_B,ASSA ABLOY AB Class B,OMXSTO,346.10,stock,common,10.00,1.00,false,0.00,SEK,0.67,2097102.00,1.52,38570373939.09,USD,23.45,1.52,12.81,1.79,Consumer durables,sweden,Consumer Durables,Buy,Buy,0.67,0.99,-1.11,2.03,6.20,-3.38,3.44,25.35,102.16,769.98,1.63,1.53,Sell,Sell,Sell,Sell,Neutral,Neutral,45.44,-4.60,-11.16,-52.44,35.87,28.43,spinning_top_black,0.00,0.00,0.00,0.00,0.76,2097102.00,43.72,0.00,0.00,0.00,7.36,23.45,1.82,2.52,3.46,16.04,17.81,99.36,45407164939.09,2.92,17.62,14.22,345.69,352.10,350.09,344.62,353.19,41.46,50.95,35.51,41.52,1.74,0.40,0.44,17012708444.83,4011063353.42,4103371468.08
[object Object],MCHP,Microchip Technology Incorporated,NASDAQ,70.82,stock,common,100.00,1.00,false,0.00,USD,1.77,8555612.00,1.16,38455871772.25,USD,105.88,0.67,0.00,2.62,Electronic technology,america,Electronic Technology,Buy,Buy,1.77,-0.85,-9.21,-27.88,12.43,8.52,9.99,-12.90,134.46,19756.22,3.67,2.90,Sell,Sell,StrongSell,Strong sell,Sell,Sell,41.34,-1.94,-3.94,-113.22,21.09,25.57,0.00,72.00,3.46,1.19,2318.00,2.70,8555612.00,16.67,70.82,0.00,2521811.00,12.97,105.88,0.00,7.48,5.96,32.54,35.09,143.17,43582271772.25,8.51,52.43,28.94,72.28,75.19,77.40,85.48,78.20,110.26,135.00,88.00,112.00,3.64,0.70,0.93,6397435147.00,1458498833.00,1605299184.00
[object Object],DTG,Daimler Truck Holding AG,XETR,44.25,stock,common,100.00,1.00,false,0.00,EUR,1.58,646735.00,0.65,38164506031.39,USD,13.23,3.82,8.91,4.36,Consumer durables,germany,Consumer Durables,Buy,Buy,1.58,0.29,-2.79,5.73,8.06,18.35,17.81,58.04,58.04,58.04,1.73,1.92,Sell,Sell,Sell,Sell,Neutral,Neutral,43.63,-1.38,-2.03,-72.26,16.44,13.60,0.00,44.01,1.03,0.23,470.00,1.01,646735.00,-39.38,44.22,-0.07,425073.00,17.17,13.23,1.46,0.74,1.49,8.89,12.73,3.17,59810668711.39,1.17,22.52,15.67,44.33,45.47,45.52,43.56,42.32,59.73,73.31,38.40,61.20,4.49,0.95,1.25,57693635698.24,14253695894.05,14956386230.80
[object Object],SYY,Sysco Corporation,NYSE,79.11,stock,common,100.00,1.00,false,0.00,USD,0.51,4800312.00,1.05,37938645225.90,USD,21.65,3.65,-2.14,2.76,Distribution services,america,Distribution Services,Buy,Buy,0.51,-3.17,-4.62,-1.57,-3.57,8.47,-3.29,3.52,59.95,58620.05,2.31,1.83,Sell,Sell,StrongSell,Strong sell,Buy,Buy,38.77,-2.65,-1.39,-151.70,8.39,29.69,spinning_top_white,79.00,0.37,0.44,1300.00,0.41,4800312.00,-23.95,79.11,0.00,1460193.00,2.13,21.65,0.00,0.45,14.20,14.40,19.60,21.27,51119645225.90,0.60,14.49,10.97,80.90,82.35,82.65,79.83,79.61,90.67,100.00,78.00,89.50,5.07,1.51,1.19,89593707877.00,21945346781.00,22019765652.00
[object Object],KR,Kroger Co.,NYSE,60.75,stock,common,100.00,1.00,false,0.00,USD,-0.64,7604775.00,1.01,37218325464.23,USD,32.81,1.85,-53.13,2.36,Retail trade,america,Retail Trade,Buy,Buy,-0.64,6.73,5.87,2.24,-17.81,-2.58,-10.41,50.00,97.50,6517.87,3.79,2.42,Buy,Buy,StrongBuy,Strong buy,Sell,Sell,59.78,2.53,2.59,143.01,83.10,87.48,0.00,61.12,-0.03,0.56,1254.00,-0.20,7604775.00,-10.61,60.62,-0.22,1694532.00,-21.78,32.81,0.00,0.25,6.19,5.57,15.99,13.50,58640325464.23,0.39,12.57,7.03,59.12,57.84,57.99,60.58,63.77,68.19,85.00,57.00,68.00,5.19,1.20,1.16,150984381731.00,34958392669.00,34621131351.00
[object Object],ROP,"Roper Technologies, Inc.",NASDAQ,374.76,stock,common,100.00,1.00,false,0.00,USD,-0.28,659749.00,1.00,37064091242.40,USD,15.53,24.13,69.58,0.95,Technology services,america,Technology Services,Neutral,Neutral,-0.28,-4.71,-6.03,14.07,6.44,-15.73,-25.70,-20.45,111.08,18638.00,2.01,2.16,Sell,Sell,StrongSell,Strong sell,Buy,Buy,35.68,-41.03,-16.98,-146.28,5.13,9.48,doji,374.12,-0.45,-0.35,182.00,-0.24,659749.00,-10.19,374.76,0.00,213834.00,-25.93,15.53,0.22,4.57,1.98,14.12,14.38,103.32,48018591242.40,5.80,20.74,14.83,392.19,402.66,389.65,363.49,373.81,448.77,550.00,335.00,450.00,22.22,5.28,5.79,8569657641.00,2095346371.00,2174586453.00
[object Object],YUM,"Yum! Brands, Inc.",NYSE,135.75,stock,common,100.00,1.00,false,0.00,USD,-1.60,2040687.00,0.98,37046325114.15,USD,17.07,7.95,57.04,2.12,Consumer services,america,Consumer Services,Buy,Buy,-1.60,-7.15,-7.26,-11.92,-13.30,-10.42,-8.49,6.30,116.13,2259.87,3.37,2.49,StrongSell,Strong sell,StrongSell,Strong sell,Sell,Sell,33.11,-15.52,-7.42,-164.57,0.63,7.76,0.00,139.02,0.77,0.53,1277.00,0.71,2040687.00,-13.45,135.91,0.12,534390.00,2.79,17.07,0.30,4.38,0.00,18.05,22.40,43.67,49599325114.15,5.69,17.54,16.19,144.35,148.55,150.05,152.13,154.48,174.50,200.00,147.00,175.00,6.57,1.57,1.55,8922716140.00,2180557829.00,2117492201.00
[object Object],AXON,Axon Enterprise Inc,NASDAQ,453.50,stock,common,100.00,1.00,false,0.00,USD,-3.19,949387.00,0.82,36841167170.70,USD,187.82,2.41,-40.31,0.00,Electronic technology,america,Electronic Technology,StrongBuy,Strong buy,-3.19,-6.69,-23.86,6.73,-9.69,-20.91,-39.59,156.59,1615.20,77643.57,6.31,4.90,Sell,Sell,StrongSell,Strong sell,Sell,Sell,36.27,-53.48,-93.08,-96.11,11.13,9.69,0.00,471.51,0.66,0.76,11280.00,0.07,949387.00,-63.84,453.28,-0.05,140641.00,-27.87,187.82,0.00,12.01,10.03,140.82,281.04,53.14,37970209170.70,11.80,1028.98,259.58,486.16,558.33,551.19,499.05,503.43,725.00,830.00,600.00,715.00,7.71,1.84,1.93,3711506272.00,876420095.00,942987168.00
[object Object],TLX,Talanx AG,XETR,123.80,stock,common,10.00,1.00,false,0.00,EUR,0.41,110169.00,0.97,36483454047.23,USD,12.27,11.53,15.31,2.92,Finance,germany,Finance,Buy,Buy,0.41,3.51,3.69,17.90,13.89,8.69,12.24,222.40,365.33,549.87,1.20,1.52,Buy,Buy,StrongBuy,Strong buy,Sell,Sell,57.61,-4.70,1.96,17.49,46.97,42.02,0.00,0.00,0.00,0.00,0.00,0.24,110169.00,-8.84,123.80,0.00,76198.00,11.29,12.27,0.80,0.57,2.22,0.00,0.00,0.00,55433589687.23,0.87,0.00,0.00,122.38,121.25,118.23,112.26,110.75,151.88,188.80,129.73,148.84,13.02,3.09,3.37,58752542622.95,13504330726.22,14047072318.11
[object Object],III,3i Group plc,LSE,2715.00,stock,common,1.00,1.00,false,0.00,GBX,1.76,2580117.00,1.60,36391131785.18,USD,5.04,7.12,3.50,3.17,Miscellaneous,uk,Miscellaneous,Buy,Buy,1.76,1.00,-2.83,21.10,-3.38,-17.02,-28.61,113.78,327.90,857.59,2.36,2.46,Sell,Sell,Sell,Sell,Sell,Sell,47.77,-111.00,-159.14,-54.43,29.02,18.91,0.00,0.00,0.00,0.00,0.00,0.11,2580117.00,39.93,2715.00,0.00,1075820.00,-23.94,5.04,1.42,21.38,0.89,110.97,111.42,43.16,37228469385.18,22.35,5.82,0.00,2694.70,2781.03,2759.88,2563.28,2814.25,45.87,56.87,25.70,48.01,6.82,0.00,2.23,6780923926.17,0.00,2342879748.63
[object Object],ODFL,"Old Dominion Freight Line, Inc.",NASDAQ,175.09,stock,common,100.00,1.00,false,0.00,USD,0.42,1594005.00,0.80,36306072197.28,USD,33.70,5.20,1.48,0.65,Transportation,america,Transportation,Buy,Buy,0.42,-3.31,-17.42,-20.87,-4.01,10.99,19.38,20.47,664.47,30582.04,3.06,3.11,Sell,Sell,StrongSell,Strong sell,Buy,Buy,24.70,-12.52,-20.69,-106.05,8.14,10.66,0.00,0.00,0.00,0.00,0.00,1.62,1594005.00,-42.17,175.09,0.00,420783.00,23.09,33.70,22.61,6.50,7.99,26.21,32.78,128.70,36042130197.28,6.43,24.75,19.75,181.33,197.03,208.64,213.16,198.48,232.09,280.00,182.00,232.50,5.82,1.54,1.59,5918850534.00,1539379678.00,1551075451.00
[object Object],GIVN,Givaudan SA,SIX,3270.00,stock,common,1.00,1.00,false,0.00,CHF,0.80,12865.00,0.92,36236755497.64,USD,31.84,127.05,-12.95,2.22,Consumer non-durables,switzerland,Consumer Non-Durables,Buy,Buy,0.80,2.83,2.80,1.65,21.29,4.07,-2.18,-28.71,62.93,536.93,1.82,1.86,Buy,Buy,StrongBuy,Strong buy,Neutral,Neutral,52.33,-12.00,-49.95,20.42,49.89,35.49,spinning_top_white,0.00,0.00,0.00,0.00,0.25,12865.00,-28.36,3270.00,0.00,6691.00,-4.21,31.84,0.00,4.07,6.86,22.01,27.44,96.21,41840159997.64,4.57,24.94,19.58,3217.20,3257.50,3288.18,3167.92,3087.01,4200.64,5006.10,3523.81,4181.93,148.61,75.46,70.11,9600767657.29,4680379656.16,4611399750.00
[object Object],REP,Repsol SA,BME,29.76,stock,common,100.00,1.00,false,0.00,EUR,1.95,2649785.00,0.92,36094007571.02,USD,9.36,3.63,396.76,4.39,Energy minerals,spain,Energy Minerals,Buy,Buy,1.95,3.69,9.01,37.84,21.82,86.47,101.29,192.34,149.77,29.39,3.42,2.44,StrongBuy,Strong buy,StrongBuy,Strong buy,Buy,Buy,69.38,1.42,1.70,131.70,90.33,83.34,0.00,0.00,0.00,0.00,0.00,-0.38,2649785.00,-30.89,0.00,0.00,0.00,86.31,9.36,0.02,0.52,1.40,6.08,20.19,4.05,48175693371.02,0.69,7.76,5.37,28.77,27.60,26.64,24.49,21.67,32.90,43.56,25.79,31.24,6.18,1.68,2.37,93021411150.65,28836449632.33,32058312124.85
[object Object],HIG,"Hartford Insurance Group, Inc.",NYSE,133.14,stock,common,100.00,1.00,false,0.00,USD,-1.33,1477200.00,1.07,36063899967.48,USD,8.60,15.47,40.27,1.72,Finance,america,Finance,Buy,Buy,-1.33,-3.51,-4.47,1.54,1.27,-2.95,2.51,88.74,216.55,435.24,1.71,1.51,StrongSell,Strong sell,StrongSell,Strong sell,Sell,Sell,37.75,-4.07,-2.52,-219.13,15.08,28.61,0.00,134.62,-0.24,0.44,661.00,0.32,1477200.00,-28.84,133.14,0.00,406770.00,0.15,8.60,0.22,1.28,1.87,6.26,6.35,0.00,40771899967.48,1.40,0.00,0.00,136.54,137.94,139.09,135.88,136.25,149.62,164.00,135.00,150.00,12.74,3.16,3.06,28878513526.00,7168459755.00,7266106268.00
[object Object],TKO,"TKO Group Holdings, Inc. Class A",NYSE,189.30,stock,common,100.00,1.00,false,0.00,USD,-1.63,725313.00,0.66,35828755542.96,USD,65.48,2.89,33.09,1.62,Consumer services,america,Consumer Services,StrongBuy,Strong buy,-1.63,-0.93,-3.10,-3.63,-2.94,-9.83,-7.05,241.08,872.27,520.66,2.92,2.90,Sell,Sell,StrongSell,Strong sell,Neutral,Neutral,48.86,-0.49,1.59,5.52,59.15,64.03,engulfing_bearish,0.00,0.00,0.00,0.00,0.30,725313.00,5.74,189.30,0.00,195008.00,-6.14,65.48,2.01,2.75,4.14,8.00,8.59,9.25,44199541542.96,8.34,38.02,26.15,190.74,191.25,188.21,192.09,197.55,231.58,250.00,188.00,235.00,4.64,1.41,1.33,5818429143.00,1541754547.00,1388713774.00
[object Object],EQT,EQT AB,OMXSTO,304.00,stock,common,10.00,1.00,false,0.00,SEK,0.23,1137398.00,0.87,35815728558.95,USD,31.37,1.00,20.39,1.53,Finance,sweden,Finance,Buy,Buy,0.23,-3.83,-9.04,6.41,8.65,-16.14,-9.71,-25.84,277.64,277.64,2.11,2.22,Sell,Sell,StrongSell,Strong sell,Neutral,Neutral,32.99,-18.90,-25.08,-106.37,18.07,14.25,0.00,0.00,0.00,0.00,0.00,0.23,1137398.00,-25.90,0.00,0.00,0.00,-3.43,31.37,1.54,14.28,4.16,26.55,27.00,8.76,34643399812.55,13.55,22.92,17.43,310.37,328.34,322.56,308.74,311.52,39.95,46.91,29.31,40.35,1.52,0.58,0.77,3697105429.34,1493204867.79,1803207424.18
[object Object],SIKA,Sika AG,SIX,184.70,stock,common,100.00,5.00,false,0.00,CHF,1.04,280643.00,0.74,35505718017.05,USD,28.49,8.02,-14.91,2.02,Process industries,switzerland,Process Industries,Buy,Buy,1.04,-1.83,-1.57,10.27,43.51,13.21,0.98,-44.27,135.68,2043.84,2.12,2.01,Neutral,Neutral,Neutral,Neutral,Neutral,Neutral,48.33,-4.60,-6.51,-74.87,34.28,22.29,0.00,0.00,0.00,0.00,0.00,0.25,280643.00,-59.68,184.70,0.00,115705.00,4.78,28.49,0.00,2.64,4.35,18.79,24.21,47.48,42089506467.05,3.06,22.34,16.52,186.56,188.81,180.96,167.26,158.52,250.67,284.49,183.15,258.24,9.45,4.26,4.79,14392259356.38,6835503267.50,7124992105.50
[object Object],PEG,Public Service Enterprise Group Inc,NYSE,70.98,stock,common,100.00,1.00,false,0.00,USD,0.84,2528870.00,0.83,35377854412.38,USD,17.65,4.02,1.56,3.69,Utilities,america,Utilities,Buy,Buy,0.84,-2.65,-6.79,-10.53,-14.18,-12.14,-13.01,12.76,70.22,555.20,1.61,1.42,Sell,Sell,StrongSell,Strong sell,Buy,Buy,32.14,-2.34,-2.91,-154.29,11.32,8.45,0.00,70.81,0.60,0.60,120.00,0.40,2528870.00,-14.01,71.03,0.07,692664.00,-10.30,17.65,11.25,2.66,2.04,9.86,128.33,181.64,59860854412.38,4.54,16.91,11.91,72.19,73.72,75.69,77.61,79.53,86.09,96.00,73.00,86.00,4.37,0.79,1.19,12541987918.00,2660751275.00,3193531961.00
[object Object],HNR1,Hannover Rueck SE,XETR,255.20,stock,common,10.00,2.00,false,0.00,EUR,0.71,109825.00,0.76,35355507009.26,USD,11.26,25.89,10.15,4.89,Finance,germany,Finance,Buy,Buy,0.71,3.40,0.00,9.62,-3.70,-3.77,5.54,57.58,174.23,1063.54,1.33,1.41,Buy,Buy,StrongBuy,Strong buy,Neutral,Neutral,53.00,-8.20,0.93,29.70,55.44,52.38,"long_upper_shadow_bearish,shooting_star_bearish",0.00,0.00,0.00,0.00,0.95,109825.00,-7.27,255.40,0.08,53456.00,6.05,11.26,1.11,1.08,2.32,4.77,0.00,0.00,41282869179.26,1.26,0.00,0.00,252.48,253.69,252.97,245.98,250.97,331.09,383.53,285.90,325.42,26.96,6.37,6.17,31460228545.35,7223529500.00,7698695320.45
[object Object],STLD,"Steel Dynamics, Inc.",NASDAQ,245.35,stock,common,100.00,1.00,false,0.00,USD,2.99,844675.00,0.86,35165547350.41,USD,22.26,11.02,60.82,0.86,Non-energy minerals,america,Non-Energy Minerals,Buy,Buy,2.99,2.88,-4.24,-6.32,46.21,42.95,75.88,289.44,940.06,5508.00,3.49,3.65,Buy,Buy,StrongBuy,Strong buy,Neutral,Neutral,53.79,-2.29,-6.10,110.78,52.07,43.62,0.00,241.00,1.16,1.16,100.00,1.77,844675.00,-7.49,237.00,-3.40,174785.00,76.66,22.26,0.36,1.68,3.74,22.57,37.13,62.49,38723520350.41,1.89,18.83,14.48,240.33,243.56,243.53,244.51,213.48,276.15,310.00,255.00,272.00,17.45,3.63,5.60,23872365325.00,5559427494.00,6435304005.00
[object Object],MLM,"Martin Marietta Materials, Inc.",NYSE,494.44,stock,common,100.00,1.00,false,0.00,USD,-0.47,713537.00,0.87,35115290038.44,USD,12.15,40.69,125.40,0.67,Non-energy minerals,america,Non-Energy Minerals,Buy,Buy,-0.47,-0.28,-8.10,-17.57,-13.11,-20.16,-18.91,40.31,179.11,1907.88,2.76,2.33,StrongSell,Strong sell,StrongSell,Strong sell,Sell,Sell,36.43,-22.63,-25.02,-111.49,16.79,21.72,0.00,0.00,0.00,0.00,0.00,1.74,713537.00,-3.74,494.44,0.00,121306.00,-3.53,12.15,0.10,4.47,2.57,19.60,36.75,248.04,41342290038.44,6.18,29.01,20.04,505.00,524.37,538.66,561.78,596.85,667.61,800.00,556.00,670.00,18.12,4.76,6.72,7227589281.00,1870077961.00,2167500287.00
[object Object],SDZ,Sandoz Group Ltd,SIX,67.88,stock,common,100.00,2.00,false,0.00,CHF,3.29,1518295.00,1.48,35003787050.04,USD,57.66,1.46,166.48,1.22,Health technology,switzerland,Health Technology,Buy,Buy,3.29,-0.44,-8.89,0.30,10.02,16.63,44.76,182.83,182.83,182.83,2.87,2.79,Neutral,Neutral,Neutral,Neutral,Neutral,Neutral,47.24,-2.48,-3.31,-59.39,16.65,11.57,0.00,0.00,0.00,0.00,0.00,0.91,1518295.00,4.18,67.88,0.00,918910.00,40.03,57.66,0.34,3.13,4.05,19.72,27.54,29.51,39841119483.09,3.49,22.97,17.23,67.12,70.35,68.46,67.75,64.97,92.08,116.36,68.00,92.70,4.25,1.74,2.28,12612100126.32,5760446333.00,6407106642.00
[object Object],UAL,"United Airlines Holdings, Inc.",NASDAQ,107.64,stock,common,100.00,1.00,false,0.00,USD,1.26,3238449.00,0.87,34938198086.29,USD,10.06,10.70,7.20,0.00,Transportation,america,Transportation,StrongBuy,Strong buy,1.26,2.04,-10.91,-9.40,15.26,-4.40,2.93,140.38,109.78,147.45,3.56,2.91,Sell,Sell,StrongSell,Strong sell,Neutral,Neutral,41.72,-0.71,-8.65,-42.72,24.46,25.24,0.00,109.27,2.79,1.31,86077.00,2.92,3238449.00,-21.87,107.64,0.00,450689.00,0.22,10.06,1.38,0.55,2.09,3.94,13.82,2.11,51969198086.29,0.83,12.21,7.16,108.15,114.62,117.58,113.43,108.78,160.61,203.00,131.00,160.00,9.86,1.88,2.86,68032060785.00,17620247780.00,17816477621.00
[object Object],BPE,BPER Banca S.p.A.,MIL,14.45,stock,common,1000.00,2.00,false,0.00,EUR,1.01,6074983.00,1.29,34487316296.23,USD,13.21,1.25,0.18,4.61,Finance,italy,Finance,Buy,Buy,1.01,0.54,0.08,3.78,34.02,24.60,54.26,713.39,537.43,487.98,1.53,1.66,Buy,Buy,StrongBuy,Strong buy,Neutral,Neutral,56.11,0.16,-0.03,203.22,68.79,73.12,0.00,0.00,0.00,0.00,0.00,0.46,6074983.00,20.43,14.45,0.00,5000.00,74.53,13.21,71.42,3.71,1.67,0.00,0.00,0.00,66081449654.89,6.64,0.00,0.00,14.33,14.29,14.18,13.46,12.55,17.62,18.68,16.39,17.71,1.41,0.34,0.33,9083416507.03,2314535088.38,2160873696.45
[object Object],KVUE,"Kenvue, Inc.",NYSE,17.87,stock,common,100.00,1.00,false,0.00,USD,0.22,23452460.00,0.70,34324223363.05,USD,20.72,0.86,17.19,4.67,Consumer non-durables,america,Consumer Non-Durables,Neutral,Neutral,0.22,0.68,-5.95,-2.19,2.17,3.47,-1.43,-30.00,-30.00,-30.00,1.85,1.65,Sell,Sell,StrongSell,Strong sell,Neutral,Neutral,34.89,-1.26,-0.93,-87.29,15.02,14.94,0.00,17.96,0.73,0.31,145508.00,0.84,23452460.00,1.68,17.95,0.42,6138017.00,-9.69,20.72,1.20,2.23,3.25,14.78,17.95,30.96,41827223363.05,2.71,14.11,11.85,18.09,18.75,18.94,18.43,18.00,19.30,22.00,18.00,19.00,1.18,0.32,0.29,15604914071.00,3965752900.00,3863027100.00
[object Object],EXPE,"Expedia Group, Inc.",NASDAQ,284.55,stock,common,100.00,1.00,false,0.00,USD,-0.84,1661460.00,0.83,34151374656.39,USD,17.75,16.03,96.19,0.64,Consumer services,america,Consumer Services,Buy,Buy,-0.84,5.55,-10.17,17.56,19.29,0.54,26.48,88.82,157.05,952.62,3.37,3.82,Sell,Sell,Sell,Sell,Sell,Sell,42.34,-23.51,-23.78,-67.97,36.21,34.71,0.00,0.00,0.00,0.00,0.00,1.01,1661460.00,-15.06,284.55,0.00,388134.00,39.14,17.75,0.19,2.24,28.24,6.69,7.82,3.66,31569374656.39,2.01,12.08,8.98,285.85,309.92,297.59,267.54,260.07,346.21,430.00,235.00,340.00,20.87,5.22,8.80,16208258024.00,4174170459.00,4727113095.00
[object Object],WEC,WEC Energy Group Inc,NYSE,104.73,stock,common,100.00,1.00,false,0.00,USD,1.31,2155992.00,0.93,34126203114.38,USD,20.28,5.16,-1.02,3.63,Utilities,america,Utilities,Buy,Buy,1.31,-1.82,-6.08,-6.64,-9.39,-0.89,-4.15,15.05,74.38,3689.19,1.55,1.50,Sell,Sell,StrongSell,Strong sell,Neutral,Neutral,40.35,-1.00,-2.73,-139.75,18.79,14.35,0.00,0.00,0.00,0.00,0.00,0.44,2155992.00,-19.19,104.46,-0.26,512841.00,1.41,20.28,0.00,3.35,2.41,9.57,0.00,688.91,57494003114.38,5.67,23.72,14.60,105.33,106.98,109.29,111.50,111.48,121.97,140.00,108.50,121.00,5.60,0.80,0.93,10125275614.00,2106892581.00,2201922998.00
[object Object],EL,Estee Lauder Companies Inc. Class A,NYSE,93.86,stock,common,100.00,1.00,false,0.00,USD,-1.82,2292907.00,0.84,33958412111.14,USD,188.63,0.50,0.00,1.46,Consumer non-durables,america,Consumer Non-Durables,Buy,Buy,-1.82,-3.49,11.37,11.39,10.01,-11.13,6.56,-70.73,7.28,988.23,3.02,3.37,Sell,Sell,Sell,Sell,Sell,Sell,44.83,-7.29,1.74,-122.11,4.69,8.25,0.00,97.03,1.50,0.49,1170.00,1.79,2292907.00,10.18,93.90,0.04,490302.00,10.73,188.63,0.00,2.30,8.92,19.22,25.90,9.74,39706412111.14,2.63,23.49,15.97,98.27,96.15,90.93,87.11,92.54,108.74,127.00,90.00,108.00,3.32,0.32,0.51,15729496677.00,3545150258.00,3640186979.00
[object Object],IRM,"Iron Mountain, Inc.",NYSE,114.00,stock,common,100.00,1.00,false,0.00,USD,1.65,1812825.00,1.10,33938121922.18,USD,81.36,1.40,920.47,3.01,Finance,america,Finance,Buy,Buy,1.65,-0.68,-11.94,-11.51,8.84,37.35,13.29,157.05,220.58,3742.76,2.80,3.05,Sell,Sell,StrongSell,Strong sell,Neutral,Neutral,42.36,2.16,-6.87,-53.17,23.83,19.66,0.00,112.76,0.54,-0.85,304.00,1.46,1812825.00,0.09,114.00,0.00,622534.00,28.70,81.36,0.09,4.45,0.00,20.65,0.00,166.91,54069599922.18,7.15,34.62,20.40,114.15,119.25,121.14,123.43,110.67,136.91,155.00,44.00,145.00,2.49,0.54,0.61,8014124800.00,1968636965.00,1990773778.00
[object Object],HSY,Hershey Company,NYSE,168.33,stock,common,100.00,1.00,false,0.00,USD,-1.44,1462726.00,1.12,33821857233.88,USD,24.59,6.84,-9.04,3.35,Consumer non-durables,america,Consumer Non-Durables,Buy,Buy,-1.44,-3.21,-8.02,-2.94,-20.48,-7.50,-12.82,-3.83,75.20,16059.85,2.02,1.97,StrongSell,Strong sell,StrongSell,Strong sell,Sell,Sell,33.30,-9.10,-6.94,-105.37,5.03,10.48,marubozu_black_bearish,171.20,0.24,0.16,1837.00,0.40,1462726.00,40.88,168.28,-0.03,279801.00,-6.10,24.59,0.00,3.61,7.41,16.31,20.11,54.75,38953956233.88,3.20,18.09,14.52,172.45,179.66,177.91,181.06,191.91,205.32,250.00,170.00,200.00,8.49,1.43,2.12,12297145803.00,2633436720.00,3255521379.00
[object Object],HOT,HOCHTIEF Aktiengesellschaft,XETR,392.40,stock,common,10.00,2.00,false,0.00,EUR,1.19,57336.00,0.66,33453509512.16,USD,33.21,13.49,8.35,1.70,Industrial services,germany,Industrial Services,Neutral,Neutral,1.19,-10.04,-10.08,-22.53,-2.78,16.86,67.98,466.07,219.93,2314.77,3.81,3.31,Sell,Sell,StrongSell,Strong sell,Neutral,Neutral,38.13,-30.40,-35.81,-120.63,16.53,13.03,0.00,383.60,-1.08,-1.08,133.00,0.05,57336.00,8.45,392.40,0.00,29883.00,96.13,33.21,3.93,0.73,22.79,12.74,15.83,3.30,34665573117.62,0.76,18.57,13.27,410.58,424.25,434.90,465.07,423.58,582.82,698.63,446.89,569.30,16.97,0.00,0.00,50685970289.33,12069861110.00,0.00
[object Object],KER,Kering SA,EURONEXT,239.60,stock,common,100.00,5.00,false,0.00,EUR,0.67,282801.00,0.95,33443217234.07,USD,0.00,-1.99,-129.28,1.26,Consumer non-durables,france,Consumer Non-Durables,Neutral,Neutral,0.67,3.12,-6.22,-12.87,1.50,-20.36,-9.58,-61.50,39.06,836.94,2.67,2.75,Sell,Sell,StrongSell,Strong sell,Neutral,Neutral,42.51,-5.00,-19.10,-55.10,26.89,25.19,spinning_top_white,0.00,0.00,0.00,0.00,0.53,282801.00,-19.77,239.60,0.00,160591.00,3.60,0.00,0.00,2.04,2.03,8.66,10.40,3.47,45257822124.07,2.77,25.03,11.01,238.59,252.84,256.56,253.61,263.70,337.27,417.46,202.93,336.28,7.61,3.54,3.46,17288600521.03,8196564620.00,8523892974.00
[object Object],ERIC_B,Telefonaktiebolaget LM Ericsson Class B,OMXSTO,101.25,stock,common,100.00,2.00,false,0.00,SEK,2.31,8570042.00,1.27,33332987248.72,USD,13.72,0.76,42.45,2.95,Electronic technology,sweden,Electronic Technology,Neutral,Neutral,2.31,4.38,4.49,-8.12,-6.21,11.75,37.31,0.59,76.24,-85.98,2.05,1.82,Buy,Buy,StrongBuy,Strong buy,Buy,Buy,67.15,4.45,1.72,304.49,73.25,69.20,0.00,0.00,0.00,0.00,0.00,0.55,8570042.00,6.68,0.00,0.00,0.00,31.27,13.72,0.32,1.44,3.22,9.96,10.79,6.22,31928279248.72,1.37,9.92,8.21,98.06,97.20,96.98,105.55,102.22,10.03,13.43,6.87,10.30,0.59,0.12,0.14,24434939614.67,5539433550.18,5614756658.28
[object Object],ALC,Alcon AG,SIX,53.44,stock,common,100.00,2.00,false,0.00,CHF,-3.01,1104170.00,1.23,33329265326.05,USD,51.54,1.28,-44.92,0.51,Health technology,switzerland,Health Technology,Buy,Buy,-3.01,-3.75,-9.36,2.30,-10.28,-14.30,-12.79,-33.17,-2.84,-2.84,2.07,1.82,StrongSell,Strong sell,StrongSell,Strong sell,Sell,Sell,33.70,-4.56,-3.02,-123.53,14.97,17.31,0.00,0.00,0.00,0.00,0.00,-0.33,1104170.00,40.31,53.44,0.00,436888.00,-7.46,51.54,0.00,3.13,1.48,14.40,19.12,22.24,37082738453.35,3.48,31.82,15.32,55.32,57.76,57.04,55.18,58.82,90.69,104.51,59.02,92.30,3.57,0.75,0.86,11328184683.44,2721244618.09,2690412937.60
[object Object],LDO,Leonardo SpA,MIL,50.69,stock,common,100.00,1.00,false,0.00,EUR,0.54,2164083.00,1.15,33242124827.52,USD,25.97,2.23,7.22,1.25,Electronic technology,italy,Electronic Technology,Buy,Buy,0.54,3.66,-15.02,-2.86,-19.44,2.40,-0.22,668.03,388.81,263.93,2.57,2.78,Sell,Sell,StrongSell,Strong sell,Neutral,Neutral,42.29,0.05,-4.48,-36.91,30.26,21.13,0.00,0.00,0.00,0.00,0.00,1.15,2164083.00,22.55,50.69,0.00,40.00,4.31,25.97,3.58,1.41,3.03,12.92,25.77,29.67,38655958037.52,1.64,23.70,15.97,50.03,54.05,53.58,52.58,54.23,80.34,95.41,69.82,80.29,2.77,0.00,0.00,26161141746.57,10367489990.00,0.00
[object Object],ADYEN,Adyen NV,EURONEXT,913.30,stock,common,10.00,1.00,false,0.00,EUR,-0.15,100756.00,0.92,33219992062.91,USD,25.67,40.63,12.18,0.00,Commercial services,netherlands,Commercial Services,StrongBuy,Strong buy,-0.15,-3.87,-11.31,1.65,4.78,-33.82,-31.54,-66.19,128.32,128.32,2.32,2.70,StrongSell,Strong sell,StrongSell,Strong sell,Neutral,Neutral,37.70,-129.70,-71.01,-115.21,6.58,10.86,0.00,0.00,0.00,0.00,0.00,0.59,100756.00,-21.75,913.30,0.00,36167.00,-26.43,25.67,2.11,10.05,4.88,44.53,57.48,2.33,19471825695.08,5.92,14.24,12.63,952.70,1005.48,947.92,918.15,1019.07,1632.87,2208.20,1258.67,1568.98,45.63,18.97,24.53,3369096671.58,1480516930.66,1795451679.97
[object Object],DXCM,"DexCom, Inc.",NASDAQ,87.93,stock,common,100.00,1.00,false,0.00,USD,0.68,2823967.00,0.77,33181329206.16,USD,34.71,2.53,77.36,0.00,Health technology,america,Health Technology,StrongBuy,Strong buy,0.68,5.60,-1.74,21.10,30.42,31.97,14.21,-37.19,278.27,2811.59,3.07,2.62,Buy,Buy,StrongBuy,Strong buy,Neutral,Neutral,54.90,-1.76,-1.95,-10.37,49.28,37.30,0.00,87.96,0.71,0.76,300.00,0.23,2823967.00,-21.93,88.05,0.14,746036.00,16.74,34.71,0.45,6.86,12.66,19.62,24.41,17.62,32632729206.16,6.57,28.65,23.26,86.00,88.26,83.52,75.93,71.87,95.13,115.00,82.00,94.50,2.67,0.61,0.67,5230471160.00,1290317508.00,1328468833.00
[object Object],CNC,Centene Corporation,NYSE,67.10,stock,common,100.00,1.00,false,0.00,USD,1.65,5133491.00,1.27,33147065245.10,USD,0.00,-10.44,-358.11,0.00,Health services,america,Health Services,Buy,Buy,1.65,2.44,3.41,9.74,88.62,62.94,109.16,8.98,99.88,5542.58,3.76,3.03,Buy,Buy,StrongBuy,Strong buy,Neutral,Neutral,53.46,-0.24,1.60,54.15,65.39,73.28,0.00,66.51,0.76,-0.02,1573.00,0.94,5133491.00,20.00,67.10,0.00,867275.00,121.51,0.00,0.00,0.16,1.47,3.43,3.73,0.00,49347065245.10,0.24,0.00,0.00,66.57,65.81,65.55,62.86,51.48,71.78,85.00,56.00,70.50,4.87,1.09,0.10,195915918457.00,47640529129.00,47114072678.00
[object Object],ACGL,Arch Capital Group Ltd.,NASDAQ,96.70,stock,common,100.00,1.00,false,0.00,USD,-0.28,3183035.00,0.74,32996856896.83,USD,7.56,12.80,32.19,0.00,Finance,america,Finance,Buy,Buy,-0.28,-0.07,-2.69,4.36,4.79,0.97,10.75,147.12,260.28,4145.41,1.80,1.60,Sell,Sell,StrongSell,Strong sell,Neutral,Neutral,43.86,-1.51,-1.73,-87.28,36.50,37.36,0.00,97.00,0.03,0.14,952.00,0.03,3183035.00,-39.90,96.30,-0.41,960927.00,-1.27,7.56,0.24,1.82,1.42,5.53,5.57,0.00,38112856896.83,2.05,0.00,0.00,97.07,98.26,99.52,96.79,96.26,111.33,134.00,95.00,110.50,9.39,2.47,1.85,16545898173.00,4357737991.00,4081267570.00
[object Object],RMD,ResMed Inc.,NYSE,228.42,stock,common,100.00,1.00,false,0.00,USD,0.07,1051000.00,0.86,32950114782.29,USD,21.89,10.44,9.76,1.08,Health technology,america,Health Technology,Buy,Buy,0.07,4.81,3.36,20.91,1.31,-5.51,-16.79,-19.85,251.31,30356.00,2.73,2.61,Buy,Buy,StrongBuy,Strong buy,Neutral,Neutral,54.49,-2.45,-0.27,-23.18,48.51,39.80,0.00,0.00,0.00,0.00,0.00,0.00,1051000.00,-1.49,228.42,0.00,215122.00,-15.89,21.89,2.24,5.85,5.00,18.34,20.08,22.49,32303440782.29,5.71,16.80,14.91,224.55,227.23,218.07,209.72,227.31,262.82,330.55,175.00,261.37,12.09,2.89,2.69,5809689190.00,1461306459.00,1391272318.00
[object Object],EXPN,Experian PLC,LSE,2800.00,stock,common,1.00,1.00,false,0.00,GBX,0.57,3151685.00,1.36,32856537989.16,USD,22.96,1.61,22.99,1.86,Commercial services,uk,Commercial Services,StrongBuy,Strong buy,0.57,1.05,-0.04,11.38,5.26,-17.23,-26.02,-17.11,80.76,400.00,2.49,2.73,Sell,Sell,StrongSell,Strong sell,Sell,Sell,46.13,-143.00,-69.13,-62.63,21.52,25.33,spinning_top_black,0.00,0.00,0.00,0.00,0.86,3151685.00,6.96,2800.00,0.00,834293.00,-23.22,22.96,0.99,4.06,5.99,15.37,15.71,95.75,38180768215.93,4.58,18.08,12.83,2798.50,2877.40,2832.76,2717.62,2809.51,50.90,62.18,33.29,50.68,2.00,0.94,0.93,9074578094.77,4373463667.00,4420478333.00
[object Object],ALNY,"Alnylam Pharmaceuticals, Inc",NASDAQ,245.51,stock,common,100.00,1.00,false,0.00,USD,2.57,1006546.00,0.60,32851479052.12,USD,41.45,5.92,0.00,0.00,Health technology,america,Health Technology,Buy,Buy,2.57,-4.35,8.50,-12.35,-21.07,-38.52,-46.13,30.61,233.89,3924.75,3.41,4.17,Sell,Sell,StrongSell,Strong sell,Sell,Sell,49.04,-21.89,8.92,-15.45,35.97,40.16,0.00,241.56,0.92,0.71,200.00,1.35,1006546.00,17.88,245.51,0.00,187000.00,-43.80,41.45,0.00,6.89,24.25,38.32,42.76,10.26,32530821052.12,6.77,32.54,30.85,251.80,239.18,249.40,272.90,313.25,374.25,536.00,256.00,350.00,6.67,1.63,1.77,5462263409.00,1322127769.00,1429129807.00
[object Object],MTB,M&T Bank Corporation,NYSE,226.36,stock,common,100.00,1.00,false,0.00,USD,0.15,1168733.00,1.05,32690063765.69,USD,11.95,18.94,22.69,2.65,Finance,america,Finance,Neutral,Neutral,0.15,-4.89,-11.17,-0.75,14.76,12.64,15.58,65.21,96.65,17918.71,2.82,1.94,Sell,Sell,StrongSell,Strong sell,Neutral,Neutral,30.17,-9.12,-8.91,-237.76,22.82,36.85,spinning_top_black,228.31,1.02,1.02,100.00,0.62,1168733.00,-37.12,226.36,0.00,263122.00,7.75,11.95,0.53,3.37,1.29,8.67,9.17,0.00,51367063765.69,3.88,0.00,0.00,236.08,241.81,244.28,232.76,222.67,260.25,304.00,224.00,257.50,19.35,4.66,4.94,10076688411.00,2462613832.00,2534977502.00
[object Object],HEN3,Henkel AG & Co. KGaA Pref,XETR,74.02,stock,preferred,100.00,2.00,false,0.00,EUR,0.30,371852.00,1.12,32663615655.25,USD,15.71,5.38,-5.47,2.80,Process industries,germany,Process Industries,Neutral,Neutral,0.30,-0.08,-0.51,4.49,10.74,5.95,2.04,-6.35,-38.47,260.08,1.79,1.47,Sell,Sell,Sell,Sell,Neutral,Neutral,44.84,-1.46,-2.61,-50.88,32.65,23.58,0.00,0.00,0.00,0.00,0.00,0.35,371852.00,9.84,74.02,0.00,229103.00,3.22,15.71,0.00,1.46,1.43,11.08,14.82,7.53,35185409655.25,1.51,10.19,8.24,74.26,75.65,75.54,71.92,71.80,90.67,108.90,74.51,91.70,6.46,3.16,3.12,24910331035.14,11734655650.43,12526362333.04
[object Object],KMB,Kimberly-Clark Corporation,NASDAQ,98.19,stock,common,100.00,1.00,false,0.00,USD,0.09,3427879.00,0.61,32655935481.18,USD,16.73,5.87,-19.12,5.18,Consumer non-durables,america,Consumer Non-Durables,Buy,Buy,0.09,-0.54,-9.78,-3.91,-0.75,-2.96,-21.65,-27.79,-19.48,49561.41,2.03,1.85,Sell,Sell,StrongSell,Strong sell,Neutral,Neutral,30.34,-11.10,-8.25,-97.53,7.86,8.96,0.00,99.11,1.03,0.41,7312.00,0.91,3427879.00,-3.99,98.25,0.06,385440.00,-16.69,16.73,0.00,1.97,18.66,9.82,17.98,34.23,38362935481.18,2.31,16.25,12.43,100.52,106.34,107.69,104.43,102.99,116.00,162.00,90.00,113.00,7.41,2.01,1.64,16622446964.00,4224661700.00,4146897818.00
[object Object],SAAB_B,Saab AB Class B,OMXSTO,612.50,stock,common,10.00,1.00,false,0.00,SEK,2.34,1689638.00,1.50,32603345149.72,USD,46.70,1.35,36.29,0.37,Electronic technology,sweden,Electronic Technology,Buy,Buy,2.34,5.86,-11.49,19.16,-8.96,12.63,17.81,895.93,786.52,3216.71,2.76,2.58,Buy,Buy,StrongBuy,Strong buy,Neutral,Neutral,53.00,14.80,-42.90,1.64,40.28,24.96,0.00,0.00,0.00,0.00,0.00,0.62,1689638.00,24.03,0.00,0.00,0.00,16.34,46.70,1.26,3.67,6.57,22.90,46.64,26.00,32815546149.72,3.62,35.57,26.88,584.39,628.48,609.49,571.14,594.79,67.07,79.57,34.55,67.01,1.63,0.35,0.25,10606583112.30,2452260630.60,1998652142.58
[object Object],NTGY,"Naturgy Energy Group, S.A.",BME,29.92,stock,common,100.00,2.00,false,0.00,EUR,1.15,1415393.00,1.11,32567135888.36,USD,13.06,2.62,10.96,4.85,Utilities,spain,Utilities,Buy,Buy,1.15,2.12,3.17,4.54,12.91,15.88,16.33,37.25,64.98,53.62,1.82,1.54,Buy,Buy,StrongBuy,Strong buy,Neutral,Neutral,58.94,0.62,0.16,139.76,61.49,39.53,0.00,0.00,0.00,0.00,0.00,0.34,1415393.00,32.55,0.00,0.00,0.00,20.95,13.06,0.00,1.40,2.89,0.00,0.00,5.55,48259572188.36,2.16,11.59,8.06,29.46,29.38,29.22,28.68,27.30,35.78,40.42,28.06,36.37,2.57,0.60,0.60,23309878885.59,5679875521.60,5568086543.82
[object Object],SCHP,Schindler Holding Ltd. Pref,SIX,255.20,stock,preferred,10.00,2.00,false,0.00,CHF,0.63,114044.00,1.24,32372288492.56,USD,26.58,11.88,4.70,2.37,Producer manufacturing,switzerland,Producer Manufacturing,Neutral,Neutral,0.63,1.59,-0.39,-5.06,-3.99,-14.48,-14.82,-10.24,40.53,2249.91,1.08,1.34,Sell,Sell,StrongSell,Strong sell,Sell,Sell,45.71,-5.40,-6.29,-40.87,26.14,19.34,0.00,0.00,0.00,0.00,0.00,0.47,114044.00,22.02,255.20,0.00,60141.00,-10.79,26.58,5.61,2.51,5.90,19.41,21.51,14.39,31050422492.56,2.33,17.74,14.36,253.48,258.54,259.08,262.47,274.90,367.85,427.35,284.49,367.52,13.05,0.00,0.00,13939378296.30,0.00,0.00
[object Object],NTRS,Northern Trust Corporation,NASDAQ,176.94,stock,common,100.00,1.00,false,0.00,USD,0.17,852775.00,0.90,32372174007.20,USD,15.19,11.65,36.92,1.81,Finance,america,Finance,Neutral,Neutral,0.17,-4.31,-7.45,0.27,30.64,29.37,36.25,64.09,157.52,17292.14,2.63,2.08,Sell,Sell,Sell,Sell,Neutral,Neutral,37.09,-7.04,-4.71,-212.20,16.35,26.65,0.00,0.00,0.00,0.00,0.00,0.85,852775.00,-22.86,176.94,0.00,366315.00,34.68,15.19,0.41,3.60,2.59,61.81,73.47,0.00,-7339825992.80,0.00,0.00,0.00,183.41,185.76,184.68,177.03,160.65,186.58,208.00,173.00,185.50,11.47,2.71,2.84,9457081760.00,2693476442.00,2252876069.00
[object Object],BIIB,Biogen Inc.,NASDAQ,219.05,stock,common,100.00,1.00,false,0.00,USD,1.41,836684.00,1.10,32365512395.90,USD,38.79,5.65,-45.98,0.00,Health technology,america,Health Technology,Buy,Buy,1.41,4.35,3.82,9.40,19.61,24.91,52.67,-26.48,-21.98,7612.94,2.21,2.40,Buy,Buy,StrongBuy,Strong buy,Neutral,Neutral,55.47,-3.62,3.32,5.76,48.30,46.82,0.00,217.00,0.46,0.46,590.00,0.77,836684.00,37.95,219.29,0.11,239856.00,55.93,38.79,0.00,3.32,1.72,11.31,12.08,25.35,39435612395.90,4.08,20.94,14.46,216.97,215.13,210.23,203.52,192.65,239.28,300.00,175.00,241.00,12.42,2.94,2.03,10451253182.00,2460436717.00,2637872339.00
[object Object],PRU,Prudential plc,LSE,993.80,stock,common,10.00,2.00,false,0.00,GBX,1.30,5654792.00,0.52,32365376362.74,USD,9.37,1.41,6.54,2.03,Finance,uk,Finance,StrongBuy,Strong buy,1.30,0.93,-3.65,-1.16,-7.60,-13.92,-0.52,-32.02,-26.95,210.42,1.52,2.02,Sell,Sell,StrongSell,Strong sell,Sell,Sell,43.79,-44.70,-43.46,-61.65,21.63,14.90,0.00,0.00,0.00,0.00,0.00,0.31,5654792.00,-35.42,993.80,0.00,3354968.00,-0.67,9.37,1.41,1.10,1.66,22.39,23.57,0.00,39156927615.35,1.32,0.00,0.00,994.20,1014.87,1038.88,1048.54,1086.42,19.00,20.62,16.29,19.00,1.19,0.64,0.69,8958047883.43,0.00,0.00
[object Object],AD,Koninklijke Ahold Delhaize N.V.,EURONEXT,31.99,stock,common,100.00,1.00,false,0.00,EUR,-0.44,2659937.00,1.17,32200156834.88,USD,12.73,2.87,24.31,3.86,Retail trade,netherlands,Retail Trade,Buy,Buy,-0.44,3.23,1.01,-7.60,-22.86,-7.97,-5.33,13.84,53.84,63.07,1.78,1.56,Neutral,Neutral,Neutral,Neutral,Neutral,Neutral,52.38,0.84,-0.24,170.90,93.33,90.25,0.00,0.00,0.00,0.00,0.00,0.56,2659937.00,14.85,31.99,0.00,1471787.00,-9.83,12.73,0.53,0.31,1.94,4.36,7.24,7.84,46004686444.88,0.44,12.30,5.85,31.46,31.49,32.92,34.60,36.19,44.75,51.08,27.94,45.27,3.22,0.73,0.78,110082947012.48,26443510853.84,26436118162.69
[object Object],EME,"EMCOR Group, Inc.",NYSE,729.26,stock,common,100.00,1.00,false,0.00,USD,-1.38,479247.00,1.60,32167587671.07,USD,22.63,32.23,33.74,0.20,Industrial services,america,Industrial Services,Buy,Buy,-1.38,-2.34,-13.53,-13.86,-2.77,18.29,17.32,545.99,1224.24,54487.86,3.96,3.10,StrongSell,Strong sell,StrongSell,Strong sell,Sell,Sell,41.74,-5.00,-35.02,-83.40,19.85,34.14,0.00,765.55,3.53,1.76,438.00,2.51,479247.00,54.81,732.00,0.38,139162.00,16.78,22.63,0.68,1.77,7.91,25.19,27.74,35.15,31792241671.07,1.71,17.80,15.97,750.59,776.76,772.50,812.61,765.13,1033.29,1200.00,885.00,1047.00,32.95,7.23,8.33,20336398233.00,4710303750.00,5188517512.00
[object Object],HBAN,Huntington Bancshares Incorporated,NASDAQ,15.88,stock,common,100.00,1.00,false,0.00,USD,0.38,37149372.00,1.37,32084188262.68,USD,12.24,1.30,-3.41,3.92,Finance,america,Finance,Buy,Buy,0.38,-4.51,-11.83,-6.20,4.68,-8.63,-8.26,5.13,63.54,1392.45,3.21,2.19,StrongSell,Strong sell,StrongSell,Strong sell,Sell,Sell,31.14,-1.00,-0.66,-290.50,26.70,36.78,long_lower_shadow_bullish,15.88,0.38,-0.06,35900.00,0.51,37149372.00,-52.04,15.87,-0.08,4104699.00,28.01,12.24,0.00,3.38,1.08,12.24,14.28,0.00,53525188262.68,3.75,0.00,0.00,16.63,17.06,17.31,16.98,17.02,20.11,22.50,18.00,20.00,1.37,0.36,0.36,11225391075.00,2839704318.00,2866755018.00
[object Object],DSY,Dassault Systemes SE,EURONEXT,20.58,stock,common,100.00,1.00,false,0.00,EUR,-1.53,1749013.00,1.00,32075008676.48,USD,20.63,1.14,16.52,1.29,Technology services,france,Technology Services,Neutral,Neutral,-1.53,2.24,-4.01,20.63,16.07,-13.89,-25.54,-58.42,35.29,1577.26,2.97,2.83,Sell,Sell,StrongSell,Strong sell,Sell,Sell,43.64,-1.90,-0.98,-79.84,28.51,30.78,0.00,0.00,0.00,0.00,0.00,-1.77,1749013.00,-3.43,20.58,0.00,1048016.00,-15.65,20.63,1.27,4.46,2.92,15.86,17.15,4.82,29458532774.48,4.16,16.50,12.30,20.66,21.70,20.82,19.85,20.18,28.10,38.63,19.69,25.63,1.57,0.34,0.35,7482554534.52,1758901697.18,1743364460.48
[object Object],VMC,Vulcan Materials Company,NYSE,244.50,stock,common,100.00,1.00,false,0.00,USD,0.08,919220.00,0.89,31682001189.39,USD,28.86,8.47,18.43,0.84,Non-energy minerals,america,Non-Energy Minerals,Buy,Buy,0.08,-1.16,-12.06,-18.04,-5.18,-14.23,-16.32,42.49,122.74,30383.43,2.32,2.32,Sell,Sell,StrongSell,Strong sell,Neutral,Neutral,29.16,-19.43,-21.23,-118.95,7.30,9.91,0.00,246.71,0.99,0.88,241.00,1.77,919220.00,-25.32,244.50,0.00,212671.00,-12.92,28.86,1.56,3.92,3.74,17.66,31.01,110.35,36359301189.39,4.48,21.60,15.10,252.29,268.01,274.44,280.59,286.82,328.00,365.00,254.00,335.00,9.13,2.46,3.04,8158277532.00,2140540211.00,2275964337.00
[object Object],CRDO,Credo Technology Group Holding Ltd.,NASDAQ,168.25,stock,common,100.00,1.00,false,0.00,USD,4.19,8879306.00,0.80,31622911540.39,USD,60.04,2.80,312.15,0.00,Technology services,america,Technology Services,StrongBuy,Strong buy,4.19,3.63,-36.96,-34.97,59.99,13.38,2.64,1290.50,1290.50,1290.50,4.34,5.69,Sell,Sell,StrongSell,Strong sell,Neutral,Neutral,39.52,3.03,-55.52,-53.14,11.73,6.35,long_lower_shadow_bullish,168.28,4.20,3.20,352627.00,4.43,8879306.00,-1.10,167.93,-0.19,989880.00,80.63,60.04,0.18,19.73,11.58,65.36,74.57,42.79,30884858540.39,19.41,60.06,54.77,162.39,211.94,215.45,218.41,175.81,287.34,350.00,235.00,291.00,6.30,1.17,1.28,2502006545.00,473295789.00,531563984.00
[object Object],RJF,"Raymond James Financial, Inc.",NYSE,163.77,stock,common,100.00,1.00,false,0.00,USD,-0.49,1163955.00,1.00,31503081081.27,USD,14.28,11.47,12.60,1.29,Finance,america,Finance,Buy,Buy,-0.49,-6.93,-9.25,2.55,14.80,2.21,-3.10,83.34,332.03,27421.96,2.80,2.23,Sell,Sell,StrongSell,Strong sell,Neutral,Neutral,32.53,-12.18,-7.27,-240.23,7.90,12.05,0.00,0.00,0.00,0.00,0.00,0.83,1163955.00,-14.92,163.77,0.00,302350.00,-0.55,14.28,1.14,1.91,2.48,14.94,16.44,2.29,23353081081.27,1.38,7.45,6.99,172.63,175.99,174.23,164.02,160.99,184.69,205.00,160.00,184.00,12.15,2.93,3.36,15749708002.00,3870947973.00,4232921907.00
[object Object],EQT,EQT Corporation,NYSE,50.35,stock,common,100.00,1.00,false,0.00,USD,-0.12,6792908.00,1.08,31494730061.64,USD,11.68,4.31,131.90,1.31,Energy minerals,america,Energy Minerals,Buy,Buy,-0.12,-8.49,-6.29,-0.89,-22.54,-5.62,0.68,161.83,30.75,10915.48,3.25,2.68,StrongSell,Strong sell,StrongSell,Strong sell,Neutral,Neutral,29.69,-5.40,-1.10,-262.79,9.27,14.94,0.00,50.66,0.50,0.18,7769.00,0.36,6792908.00,-30.18,50.37,0.04,1729961.00,6.38,11.68,0.09,3.35,1.25,5.07,8.41,280.63,40642102061.64,4.29,10.12,6.05,53.67,53.86,52.83,53.81,55.95,67.89,81.00,52.00,67.00,4.05,0.41,0.43,9314710638.00,1763350073.00,1874015706.00
[object Object],VWS,Vestas Wind Systems A/S,OMXCOP,210.30,stock,common,10.00,1.00,false,0.00,DKK,1.94,1836603.00,0.99,31373467404.52,USD,25.58,1.25,46.03,0.36,Producer manufacturing,denmark,Producer Manufacturing,Buy,Buy,1.94,-2.23,3.75,18.91,35.11,18.51,81.21,-17.37,91.36,291.47,3.37,2.81,Buy,Buy,StrongBuy,Strong buy,Sell,Sell,53.94,-4.60,5.25,-60.11,40.76,32.88,0.00,0.00,0.00,0.00,0.00,0.48,1836603.00,-12.53,0.00,0.00,0.00,65.66,25.58,0.55,1.36,6.99,12.28,18.50,7.76,31277462837.96,1.35,18.43,10.51,211.79,207.23,194.48,188.86,180.82,35.83,45.58,16.99,37.84,1.56,0.17,0.49,25089217757.23,5202172914.02,6966840810.37
[object Object],CCI,Crown Castle Inc.,NYSE,73.74,stock,common,100.00,1.00,false,0.00,USD,0.71,3720698.00,1.11,31373084988.75,USD,16.25,4.54,0.00,5.80,Finance,america,Finance,Buy,Buy,0.71,-1.67,-2.59,-14.57,-13.38,-17.01,-21.23,-60.79,-19.08,472.74,2.79,2.34,Sell,Sell,StrongSell,Strong sell,Neutral,Neutral,43.39,-1.64,-1.40,-143.74,32.00,31.24,0.00,73.29,0.10,0.04,788.00,0.89,3720698.00,-12.20,73.74,0.00,871681.00,-24.47,16.25,0.00,7.64,0.00,12.20,13.30,25.62,53528084988.75,12.86,26.64,19.91,74.81,75.08,75.93,81.62,84.14,94.11,120.00,80.00,93.00,1.93,0.39,0.68,4039259191.00,995051633.00,1010568487.00
[object Object],HPQ,HP Inc.,NYSE,34.66,stock,common,100.00,1.00,false,0.00,USD,5.99,15143779.00,0.94,31256077330.87,USD,13.21,2.62,-4.55,3.64,Technology services,america,Technology Services,Neutral,Neutral,5.99,7.74,16.94,50.70,88.06,53.77,24.81,28.09,144.26,26302.99,6.58,4.98,StrongBuy,Strong buy,StrongBuy,Strong buy,Buy,Buy,62.97,2.67,3.51,104.68,71.30,74.65,0.00,32.75,0.15,0.70,27053.00,0.95,15143779.00,16.60,34.64,-0.06,2454290.00,4.41,13.21,0.00,0.51,0.00,6.88,8.28,7.71,37426077330.87,0.63,9.10,7.42,33.15,31.00,28.93,26.02,23.26,27.39,33.80,19.00,30.00,3.26,0.66,0.75,59962019173.00,14435160161.00,15443849053.00
[object Object],KNIN,Kuehne & Nagel International AG,SIX,216.50,stock,common,10.00,1.00,false,0.00,CHF,-0.37,241190.00,1.41,31238845415.74,USD,29.71,9.01,-25.06,2.76,Transportation,switzerland,Transportation,Neutral,Neutral,-0.37,2.51,1.31,18.18,27.69,25.54,29.72,-40.49,55.87,1039.47,2.12,1.96,Buy,Buy,StrongBuy,Strong buy,Neutral,Neutral,56.35,2.30,4.61,34.83,59.26,55.17,0.00,0.00,0.00,0.00,0.00,0.32,241190.00,-11.85,216.50,0.00,126484.00,31.43,29.71,0.00,1.07,12.55,15.73,17.95,41.80,35475595415.74,1.18,24.41,13.86,214.27,212.98,210.14,198.19,187.40,245.59,293.86,203.25,244.88,11.14,2.74,2.82,31780212572.58,7534827444.40,7918427648.42
[object Object],UMG,Universal Music Group N.V.,EURONEXT,14.74,stock,common,1000.00,5.00,false,0.00,EUR,-0.51,2931358.00,1.27,31221845955.17,USD,84.13,0.20,-87.52,3.51,Commercial services,netherlands,Commercial Services,Buy,Buy,-0.51,4.54,-0.61,-21.26,-9.93,-33.54,-40.35,-41.62,-41.62,-41.62,2.95,2.09,Neutral,Neutral,Sell,Sell,Neutral,Neutral,46.80,0.31,-0.02,79.28,74.80,76.75,0.00,0.00,0.00,0.00,0.00,1.25,2931358.00,17.90,14.74,0.00,1792113.00,-39.54,84.13,0.00,2.13,7.37,17.17,18.21,56.10,37059799065.17,2.53,15.59,12.66,14.44,14.68,15.90,17.46,18.63,25.13,45.44,13.98,23.30,1.18,0.48,0.61,15728925558.15,7090563374.89,8149309132.05
[object Object],JBL,Jabil Inc.,NYSE,295.94,stock,common,100.00,1.00,false,0.00,USD,-0.44,908742.00,1.00,31010689356.04,USD,36.93,8.01,55.77,0.11,Producer manufacturing,america,Producer Manufacturing,Buy,Buy,-0.44,-3.69,-17.74,-23.79,11.35,27.95,38.98,372.60,1222.34,33721.71,4.20,3.36,Sell,Sell,StrongSell,Strong sell,Sell,Sell,40.54,-3.45,-20.02,-83.90,14.94,25.57,0.00,307.75,3.54,2.59,2324.00,2.70,908742.00,-12.84,296.75,0.27,194590.00,44.54,36.93,0.67,0.94,23.45,16.97,24.13,23.17,33546689356.04,1.00,19.87,14.07,304.90,321.03,319.39,338.96,296.95,431.60,470.00,365.00,445.00,12.76,3.10,4.06,35031159009.00,8605258826.00,9692836787.00
[object Object],SLHN,Swiss Life Holding AG,SIX,935.60,stock,common,10.00,2.00,false,0.00,CHF,1.45,55446.00,1.15,30957545111.52,USD,20.32,56.96,10.31,3.96,Finance,switzerland,Finance,Sell,Sell,1.45,3.15,0.28,7.59,11.99,2.07,13.76,94.11,279.55,716.22,1.37,1.26,Buy,Buy,StrongBuy,Strong buy,Neutral,Neutral,57.97,3.60,-10.52,128.69,50.64,34.60,0.00,0.00,0.00,0.00,0.00,0.33,55446.00,14.24,935.60,0.00,27447.00,5.73,20.32,1.94,1.71,4.10,13.87,14.54,0.00,50898111611.52,2.73,0.00,0.00,920.46,924.41,933.22,904.00,888.73,1058.08,1298.87,901.82,1065.24,59.90,28.58,29.54,27423088280.00,15386431250.00,10717767000.00
[object Object],SHB_A,Svenska Handelsbanken AB Class A,OMXSTO,155.05,stock,common,100.00,5.00,false,0.00,SEK,1.54,4014057.00,1.13,30841798534.12,USD,13.06,1.22,-9.09,11.46,Finance,sweden,Finance,Sell,Sell,1.54,3.64,4.59,9.96,11.35,15.11,29.15,61.71,34.36,330.69,1.31,1.27,StrongBuy,Strong buy,StrongBuy,Strong buy,Buy,Buy,73.98,5.60,3.67,176.67,90.32,84.12,0.00,0.00,0.00,0.00,0.00,0.20,4014057.00,23.91,0.00,0.00,0.00,22.58,13.06,0.00,5.20,1.72,4.11,4.14,0.00,140369127534.12,10.08,0.00,0.00,151.20,148.52,146.47,141.43,138.68,13.91,17.32,12.02,13.76,1.24,0.28,0.30,6129134958.45,1436666996.76,1430531158.64
[object Object],NSIS_B,Novonesis A/S Class B,OMXCOP,426.80,stock,common,10.00,1.00,false,0.00,DKK,-1.20,516216.00,1.16,30753864149.58,USD,42.32,1.54,11.47,1.53,Process industries,denmark,Process Industries,StrongBuy,Strong buy,-1.20,-1.02,2.60,10.51,24.54,4.81,7.67,-12.11,47.22,1217.28,1.76,2.11,Sell,Sell,Sell,Sell,Neutral,Neutral,44.29,-23.80,-4.16,-91.90,14.44,14.58,0.00,0.00,0.00,0.00,0.00,-0.30,516216.00,-1.96,0.00,0.00,0.00,12.40,42.32,3.73,6.28,2.39,20.21,31.39,84.89,33902356768.13,6.93,33.00,19.43,430.97,436.01,429.96,410.03,398.60,77.38,86.45,63.90,77.19,2.43,0.62,0.90,5264205341.33,1262076801.28,1315344825.00
[object Object],CCL,Carnival Corporation Ltd.,NYSE,22.17,stock,common,100.00,1.00,false,0.00,USD,-0.81,18242707.00,0.93,30365122615.21,USD,9.98,2.22,20.35,2.01,Consumer services,america,Consumer Services,Buy,Buy,-0.81,-1.03,-19.09,-28.90,-9.75,-27.76,-29.37,-4.48,-52.30,463.05,3.30,2.82,StrongSell,Strong sell,StrongSell,Strong sell,Sell,Sell,28.89,-1.57,-3.24,-84.24,7.39,8.17,0.00,22.71,1.61,1.74,356156.00,1.57,18242707.00,-27.76,22.27,0.45,2529203.00,-12.54,9.98,0.49,1.14,2.35,4.55,9.70,13.72,54308122615.21,1.99,12.17,7.41,22.73,25.19,25.97,26.63,27.66,34.06,43.00,19.91,34.00,2.23,0.34,1.36,27618724299.00,6687506093.00,8395026752.00
[object Object],TEN,Tenaris S.A.,MIL,24.51,stock,common,100.00,1.00,false,0.00,EUR,-0.77,872143.00,0.96,30351251346.60,USD,15.26,1.83,-5.17,3.10,Non-energy minerals,italy,Non-Energy Minerals,Neutral,Neutral,-0.77,-0.73,6.43,-2.62,0.91,48.01,61.46,194.45,107.36,1300.57,2.69,2.32,Buy,Buy,StrongBuy,Strong buy,Neutral,Neutral,54.60,0.14,0.70,72.69,72.34,65.62,upside_tasuki_gap_bullish,0.00,0.00,0.00,0.00,-0.40,872143.00,-20.22,0.00,0.00,0.00,59.72,15.26,0.00,2.42,1.67,12.68,16.24,10.17,28265888144.28,2.40,12.73,9.97,24.44,23.64,24.06,24.97,23.07,25.25,40.14,16.68,23.47,1.29,0.27,0.29,12466699249.82,2919317582.16,3010080473.77
[object Object],HEI,Heidelberg Materials AG,XETR,146.15,stock,common,100.00,5.00,false,0.00,EUR,-2.44,739987.00,1.44,30283865941.21,USD,12.98,12.86,7.48,2.40,Non-energy minerals,germany,Non-Energy Minerals,Buy,Buy,-2.44,-7.18,-8.57,-21.47,-15.03,-35.36,-26.76,113.73,81.91,277.62,3.06,2.76,Sell,Sell,StrongSell,Strong sell,Sell,Sell,29.25,-17.45,-10.29,-148.64,6.54,9.44,0.00,151.50,1.13,0.13,617.00,0.47,739987.00,32.90,146.60,0.31,375984.00,-17.28,12.98,1.78,1.22,1.38,8.11,15.16,11.75,40555935292.21,1.64,11.19,7.93,155.56,160.07,163.24,171.41,187.41,245.72,330.01,161.54,249.24,14.99,3.63,10.45,26227771603.74,11844875290.00,13601639820.00
[object Object],ZTS,"Zoetis, Inc. Class A",NYSE,73.02,stock,common,100.00,1.00,false,0.00,USD,0.03,4040648.00,0.88,30173587440.05,USD,12.01,6.08,4.59,2.86,Health technology,america,Health Technology,Buy,Buy,0.03,-0.07,-0.99,-6.06,-37.02,-42.23,-50.49,-63.59,43.54,131.81,2.03,2.40,Sell,Sell,StrongSell,Strong sell,Neutral,Neutral,41.88,-3.15,-1.97,-103.81,24.36,25.50,0.00,73.42,0.58,0.23,5432.00,0.48,4040648.00,-11.99,73.05,0.04,846123.00,-52.89,12.01,2.62,3.20,9.61,10.56,12.89,18.20,37735587440.05,3.97,10.53,9.28,73.79,75.08,75.39,79.58,101.07,91.00,115.00,80.00,85.00,6.25,1.85,1.51,9285938866.00,2501455777.00,2294609272.00
[object Object],KNEBV,KONE Oyj Class B,OMXHEX,50.46,stock,common,100.00,2.00,false,0.00,EUR,0.60,611429.00,1.47,29793222029.07,USD,27.70,2.08,-3.38,3.59,Producer manufacturing,finland,Producer Manufacturing,Buy,Buy,0.60,1.57,0.88,1.59,-8.29,-16.26,-9.73,-21.77,14.01,723.84,1.25,1.60,Sell,Sell,Sell,Sell,Neutral,Neutral,47.34,-1.26,-1.04,-53.17,28.68,21.79,0.00,0.00,0.00,0.00,0.00,0.76,611429.00,86.70,0.00,0.00,0.00,-4.02,27.70,0.00,2.29,11.37,18.69,0.00,23.13,29320041773.07,2.26,18.69,15.05,50.29,51.01,50.41,50.53,55.02,70.73,95.77,51.92,69.23,2.53,0.63,0.62,13835602403.44,3381097907.85,3369733484.14
[object Object],HM_B,H&M Hennes & Mauritz AB Class B,OMXSTO,164.30,stock,common,100.00,5.00,false,0.00,SEK,-0.09,2324163.00,1.61,29743754831.49,USD,21.39,0.83,23.81,4.23,Retail trade,sweden,Retail Trade,Sell,Sell,-0.09,-2.00,-6.91,-0.93,-4.37,-12.00,8.13,-5.57,-33.75,11.39,1.53,1.75,Sell,Sell,StrongSell,Strong sell,Neutral,Neutral,35.13,-8.10,-9.74,-101.33,8.31,7.37,spinning_top_black,0.00,0.00,0.00,0.00,0.24,2324163.00,41.53,0.00,0.00,0.00,40.46,21.39,0.90,1.19,7.73,7.95,10.78,14.04,35648921831.49,1.50,16.97,8.49,167.44,174.18,172.08,168.68,173.89,16.47,21.30,11.84,16.62,0.84,0.29,0.23,23420529891.02,5958439765.19,5941432655.91
[object Object],KOG,Kongsberg Gruppen ASA,OSL,323.60,stock,common,10.00,1.00,false,0.00,NOK,2.15,1153678.00,1.09,29537401223.23,USD,38.79,0.84,9.29,1.80,Producer manufacturing,norway,Producer Manufacturing,Buy,Buy,2.15,5.89,-0.89,8.59,-21.28,24.06,5.39,574.17,1327.16,5812.51,2.10,2.23,StrongBuy,Strong buy,StrongBuy,Strong buy,Buy,Buy,62.34,16.40,-3.61,157.83,80.23,60.68,rising_window_bullish,0.00,0.00,0.00,0.00,0.38,1153678.00,-9.42,323.60,0.00,493323.00,4.66,38.79,4.09,6.68,23.08,31.13,41.80,58.58,29438715223.23,6.99,43.25,35.56,306.46,314.29,304.64,306.09,323.23,43.33,59.28,34.24,40.66,0.73,0.16,0.18,4242294663.17,1015222271.85,1104979333.30
[object Object],FRE,Fresenius SE & Co. KGaA,XETR,46.12,stock,common,1000.00,5.00,false,0.00,EUR,-0.05,718317.00,0.62,29488194248.47,USD,17.07,3.09,35.29,2.28,Health services,germany,Health Services,StrongBuy,Strong buy,-0.05,4.23,-1.04,17.31,2.68,-6.00,-1.86,12.38,-34.03,427.23,2.14,2.18,Buy,Buy,StrongBuy,Strong buy,Neutral,Neutral,57.85,1.89,-0.27,80.20,85.44,80.65,0.00,46.38,0.51,0.51,20.00,0.54,718317.00,-33.11,45.97,-0.31,490954.00,-3.69,17.07,0.48,1.11,1.32,8.77,17.96,20.31,41911468508.47,1.57,16.33,10.89,44.90,45.80,44.93,42.09,44.70,64.42,73.82,58.12,65.10,4.31,1.02,0.89,27901219117.58,6666499742.87,6628349289.93
[object Object],PCG,PG&E Corporation,NYSE,13.38,stock,common,100.00,1.00,false,0.00,USD,0.22,26270135.00,0.51,29467670544.19,USD,9.76,1.37,26.79,1.31,Utilities,america,Utilities,Buy,Buy,0.22,-5.51,-24.41,-18.66,-26.64,-17.36,-11.57,39.09,-78.35,-24.62,3.47,4.80,Sell,Sell,StrongSell,Strong sell,Neutral,Neutral,33.98,0.05,-2.54,-65.20,12.19,13.85,spinning_top_black,13.42,0.52,0.22,63559.00,0.75,26270135.00,16.65,13.39,0.07,4345039.00,-8.04,9.76,0.36,1.18,0.91,3.75,0.00,25.04,94780670544.19,3.67,18.22,9.21,13.86,15.95,16.58,16.58,16.68,19.60,24.00,14.00,19.00,1.65,0.36,0.42,26172585106.00,6204280335.00,6764594545.00
[object Object],NESTE,Neste Corporation,OMXHEX,34.31,stock,common,100.00,1.00,false,0.00,EUR,2.63,1274162.00,1.04,29428439586.54,USD,17.42,2.25,0.00,0.60,Energy minerals,finland,Energy Minerals,Buy,Buy,2.63,2.97,10.68,29.47,16.42,76.49,98.04,-34.32,184.34,531.47,4.35,3.27,StrongBuy,Strong buy,StrongBuy,Strong buy,Neutral,Neutral,63.97,3.08,1.80,153.78,83.94,70.46,marubozu_white_bullish,0.00,0.00,0.00,0.00,-0.42,1274162.00,-13.94,0.00,0.00,0.00,104.84,17.42,0.00,1.25,3.12,11.71,18.61,24.44,33569913096.54,1.42,13.94,9.69,32.97,31.69,31.38,29.78,26.06,40.51,61.16,21.23,40.39,3.56,1.15,0.93,25680022639.38,7166506821.08,5798542201.58
[object Object],RDDT,"Reddit, Inc. Class A",NYSE,152.83,stock,common,100.00,1.00,false,0.00,USD,-3.03,5740437.00,1.29,29403961358.92,USD,35.53,4.30,263.04,0.00,Technology services,america,Technology Services,Buy,Buy,-3.03,4.43,-7.99,-9.57,9.95,-34.18,-41.91,225.17,225.17,225.17,4.55,4.69,StrongSell,Strong sell,StrongSell,Strong sell,Neutral,Neutral,46.54,-5.27,2.43,-23.32,58.20,67.71,0.00,155.00,-1.65,0.81,161728.00,-1.83,5740437.00,97.45,153.00,0.11,446389.00,-33.34,35.53,0.14,11.46,8.95,30.09,30.31,11.08,26638471358.92,9.59,33.93,33.24,155.18,155.83,164.78,165.98,172.87,217.97,303.00,130.00,215.00,5.37,0.95,1.32,3385790598.00,731002273.00,872390704.00
[object Object],EXR,Extra Space Storage Inc.,NYSE,139.03,stock,common,100.00,1.00,false,0.00,USD,1.91,1345336.00,0.97,29372805596.11,USD,31.13,4.47,-2.93,4.75,Finance,america,Finance,Buy,Buy,1.91,2.63,-6.50,-4.15,2.95,6.90,-3.46,-24.23,79.53,989.58,1.91,1.71,Sell,Sell,StrongSell,Strong sell,Neutral,Neutral,42.94,-0.90,-6.17,-55.44,25.83,24.62,0.00,0.00,0.00,0.00,0.00,1.23,1345336.00,21.07,139.03,0.00,374986.00,-0.99,31.13,0.00,8.72,2.22,16.11,17.42,44.07,44011277596.11,12.77,49.01,20.52,138.13,143.18,144.93,144.68,141.61,158.53,178.00,140.00,157.00,4.62,1.16,1.18,3505325903.00,874987625.00,889368853.00
[object Object],KHC,Kraft Heinz Company,NYSE,24.73,stock,common,100.00,1.00,false,0.00,USD,0.00,11655427.00,0.38,29325420312.00,USD,0.00,-2.86,36.07,6.47,Consumer non-durables,america,Consumer Non-Durables,Neutral,Neutral,0.00,-0.68,-1.67,7.08,13.81,1.81,-4.59,-32.17,-71.69,-65.17,3.03,2.49,Sell,Sell,Sell,Sell,Sell,Sell,45.95,-1.53,-0.63,-42.90,36.43,27.64,0.00,25.19,1.86,0.49,129361.00,1.82,11655427.00,-16.02,24.80,0.28,2068299.00,0.00,0.00,0.00,1.18,0.81,6.35,7.69,10.31,45605420312.00,1.83,10.70,8.66,24.72,25.11,25.43,24.45,24.01,24.33,32.00,19.00,24.00,2.05,0.54,0.42,24662781071.00,6176365692.00,6088003857.00
[object Object],EPI_A,Epiroc AB Class A,OMXSTO,256.20,stock,common,10.00,1.00,false,0.00,SEK,1.59,1388926.00,1.04,29189856678.26,USD,35.06,0.75,-1.61,1.51,Producer manufacturing,sweden,Producer Manufacturing,Buy,Buy,1.59,-2.88,2.93,-6.70,15.09,22.17,27.02,32.75,195.62,195.62,2.61,2.70,Neutral,Neutral,Sell,Sell,Neutral,Neutral,49.43,-3.00,-6.19,-59.97,31.14,19.95,0.00,0.00,0.00,0.00,0.00,0.48,1388926.00,-13.42,0.00,0.00,0.00,30.94,35.06,0.00,4.89,6.95,31.26,39.17,44.74,30386807678.26,4.74,24.87,19.73,256.81,257.84,253.20,259.66,248.20,28.59,32.92,23.23,29.04,0.90,0.21,0.22,7213681270.05,1693332140.27,1745263708.09
[object Object],GEHC,GE Healthcare Technologies Inc.,NASDAQ,64.44,stock,common,100.00,1.00,false,0.00,USD,1.50,4512287.00,1.44,29108921071.99,USD,14.81,4.35,-10.91,0.22,Health technology,america,Health Technology,Buy,Buy,1.50,-0.22,-11.65,6.66,-7.76,-21.96,-16.85,2.29,2.29,2.29,2.71,2.20,Sell,Sell,StrongSell,Strong sell,Buy,Buy,34.00,-6.12,-6.08,-91.79,8.29,7.48,spinning_top_white,63.97,0.76,0.33,1317.00,0.72,4512287.00,40.20,65.05,0.94,899938.00,-2.70,14.81,0.00,1.36,2.65,13.93,18.53,13.90,37787921071.99,1.78,12.94,10.71,65.50,70.29,68.23,65.83,72.25,82.18,96.00,70.00,82.00,4.93,1.04,1.20,21717347231.00,5263699780.00,5349693918.00
[object Object],WTW,Willis Towers Watson Public Limited Company,NASDAQ,310.99,stock,common,100.00,1.00,false,0.00,USD,-0.61,354645.00,0.86,28882245148.94,USD,19.19,16.21,1032.80,1.20,Finance,america,Finance,Buy,Buy,-0.61,-0.83,-5.72,19.33,8.40,-5.03,-6.34,33.82,150.33,611.51,2.43,2.06,Sell,Sell,Sell,Sell,Sell,Sell,38.47,-26.74,-16.75,-124.54,13.51,19.51,0.00,314.16,0.40,0.03,2280.00,0.01,354645.00,-33.15,311.99,0.32,114373.00,-2.16,19.19,0.02,2.91,3.76,15.20,17.31,17.40,34385245148.94,3.40,14.55,12.33,321.65,333.33,322.28,291.98,300.19,381.05,455.00,303.00,383.00,19.83,3.11,3.60,10452713189.00,2416528807.00,2459055907.00
[object Object],AEE,Ameren Corporation,NYSE,103.90,stock,common,100.00,1.00,false,0.00,USD,0.83,1736789.00,1.17,28764015148.19,USD,18.29,5.68,24.77,2.83,Utilities,america,Utilities,Buy,Buy,0.83,-2.40,-5.99,-4.77,-5.12,4.17,4.77,22.77,114.05,364.36,1.57,1.50,Sell,Sell,StrongSell,Strong sell,Buy,Buy,35.40,-1.99,-3.03,-136.74,14.23,8.98,0.00,0.00,0.00,0.00,0.00,0.37,1736789.00,60.68,103.90,0.00,509544.00,8.92,18.29,0.73,3.28,2.10,8.91,0.00,508.02,50644015148.19,5.79,23.27,13.04,104.96,106.84,108.65,109.53,107.81,121.29,136.00,113.00,120.00,5.39,1.08,2.30,9058565851.00,2274794241.00,2821572930.00
[object Object],FRES,Fresnillo PLC,LSE,3004.00,stock,common,1.00,1.00,false,0.00,GBX,3.05,546982.00,0.71,28732245690.51,USD,13.03,3.06,382.60,3.85,Non-energy minerals,uk,Non-Energy Minerals,Neutral,Neutral,3.05,-2.53,3.05,-2.15,-4.39,-10.97,35.07,265.45,83.96,466.79,3.94,4.33,Buy,Buy,Buy,Buy,Neutral,Neutral,51.35,-158.00,-24.43,-87.62,18.55,13.38,0.00,0.00,0.00,0.00,0.00,-0.03,546982.00,-7.03,3004.00,0.00,242891.00,57.17,13.03,0.03,4.77,5.74,10.70,12.90,11.74,27496004982.28,4.61,7.75,6.82,3000.80,3021.57,2833.70,2987.91,3261.46,43.39,64.18,29.54,39.09,2.96,1.56,1.13,6287656149.71,3410500000.00,0.00
[object Object],SAMPO,Sampo Oyj,OMXHEX,9.51,stock,common,1000.00,2.00,false,0.00,EUR,0.83,3418304.00,1.26,28718231507.37,USD,14.82,0.73,44.04,3.82,Finance,finland,Finance,Buy,Buy,0.83,1.21,-2.04,2.54,1.71,-8.10,-2.58,8.61,20.59,579.43,1.10,1.10,Neutral,Neutral,Neutral,Neutral,Neutral,Neutral,45.86,-0.23,-0.18,-67.00,17.88,13.58,0.00,0.00,0.00,0.00,0.00,0.13,3418304.00,24.40,0.00,0.00,0.00,-0.15,14.82,0.33,2.10,3.66,15.43,17.28,0.00,32377125347.37,2.37,0.00,0.00,9.48,9.63,9.62,9.34,9.43,12.25,13.02,11.06,12.21,0.64,0.21,0.17,13102476136.64,2936405461.90,2713162819.36
[object Object],ADS,adidas AG,XETR,142.40,stock,common,100.00,5.00,false,0.00,EUR,-1.56,495692.00,0.90,28610007688.51,USD,18.37,8.85,15.24,1.94,Consumer non-durables,germany,Consumer Non-Durables,Buy,Buy,-1.56,-1.45,-5.94,-19.27,5.91,-16.09,-19.59,-50.54,-4.81,242.80,2.20,2.39,StrongSell,Strong sell,StrongSell,Strong sell,Neutral,Neutral,34.59,-6.30,-10.22,-96.13,23.01,23.46,0.00,144.70,0.03,0.17,165.00,-0.07,495692.00,-8.32,142.70,0.21,324785.00,-9.84,18.37,1.22,0.98,4.19,0.00,0.00,21.59,34586659468.51,1.16,14.41,9.28,144.93,151.68,161.01,162.81,156.73,231.94,286.57,178.82,229.25,10.97,2.73,3.77,31630624609.82,7535326174.02,8140440398.65
[object Object],AV.,Aviva plc,LSE,726.00,stock,common,10.00,2.00,false,0.00,GBX,1.60,6521924.00,0.70,28589887747.52,USD,42.36,0.23,-21.98,5.50,Finance,uk,Finance,Buy,Buy,1.60,3.10,-0.82,14.69,16.35,5.86,10.00,77.98,25.94,-44.77,1.35,1.45,Buy,Buy,StrongBuy,Strong buy,Neutral,Neutral,58.26,1.40,-2.84,27.10,41.49,29.51,0.00,0.00,0.00,0.00,0.00,0.53,6521924.00,6.64,726.00,0.00,2857636.00,14.29,42.36,0.00,0.30,2.44,4.69,4.80,0.00,38116274947.52,0.40,0.00,0.00,715.00,718.89,703.08,666.78,656.63,9.81,10.97,7.26,9.74,0.78,0.40,0.39,82067071196.80,38171637074.70,41478667014.40
[object Object],ACS,"ACS, Actividades de Construccion y Servicios SA",BME,93.65,stock,common,100.00,5.00,false,0.00,EUR,0.32,272916.00,0.50,28467370104.66,USD,24.14,4.43,14.97,2.02,Industrial services,spain,Industrial Services,Buy,Buy,0.32,-7.46,-13.85,-27.79,-12.48,10.31,36.42,302.45,273.70,1071.61,2.78,2.76,Sell,Sell,StrongSell,Strong sell,Neutral,Neutral,31.90,-7.05,-10.05,-115.38,15.86,11.86,0.00,0.00,0.00,0.00,0.00,1.23,272916.00,-49.60,0.00,0.00,0.00,63.40,24.14,1.61,0.47,4.12,7.64,9.84,1.56,29456259526.20,0.50,15.64,9.97,97.76,103.03,107.41,117.20,109.14,154.24,182.26,106.60,160.48,5.00,0.00,0.00,65354414077.52,0.00,0.00
[object Object],CFG,"Citizens Financial Group, Inc.",NYSE,67.39,stock,common,100.00,1.00,false,0.00,USD,0.82,3263015.00,0.89,28383102210.89,USD,14.65,4.60,40.28,2.75,Finance,america,Finance,StrongBuy,Strong buy,0.82,-2.33,-9.73,0.36,18.08,15.28,31.75,54.74,177.67,213.44,3.38,2.29,Sell,Sell,StrongSell,Strong sell,Sell,Sell,37.18,-2.39,-1.93,-204.88,41.98,59.70,0.00,68.06,1.83,1.59,1614.00,1.72,3263015.00,-36.56,67.39,0.00,938999.00,28.98,14.65,0.36,3.32,1.18,11.50,12.22,0.00,34083102210.89,2.78,0.00,0.00,69.61,70.83,71.24,68.29,64.68,81.17,90.00,70.00,81.50,5.31,1.24,1.40,9190400781.00,2250921536.00,2341999048.00
[object Object],HAL,Halliburton Company,NYSE,34.03,stock,common,100.00,1.00,false,0.00,USD,-1.39,13476843.00,1.31,28351425149.33,USD,17.83,1.91,-10.68,1.97,Industrial services,america,Industrial Services,Buy,Buy,-1.39,-9.25,-2.77,-5.51,-8.62,20.08,52.94,66.08,-16.53,2472.37,3.41,3.04,StrongSell,Strong sell,StrongSell,Strong sell,Sell,Sell,41.89,-3.60,0.42,-114.87,22.53,35.26,0.00,34.65,0.42,0.20,16072.00,-0.32,13476843.00,-2.27,34.13,0.29,2262104.00,58.48,17.83,0.00,1.29,2.58,10.37,16.53,13.92,34544425149.33,1.54,11.75,8.42,35.94,35.10,34.39,36.61,35.19,43.54,53.00,29.00,43.50,2.34,0.54,0.59,22365179918.00,5495754081.00,5583206759.00
[object Object],MTD,Mettler-Toledo International Inc.,NYSE,1410.44,stock,common,100.00,1.00,false,0.00,USD,2.30,287999.00,1.56,28260361878.28,USD,31.74,44.43,12.54,0.00,Health technology,america,Health Technology,Neutral,Neutral,2.30,10.55,-1.20,24.20,16.82,0.83,10.02,-9.08,253.33,9929.80,3.26,2.57,StrongBuy,Strong buy,StrongBuy,Strong buy,Buy,Buy,60.43,42.70,-57.46,69.61,64.35,40.98,0.00,0.00,0.00,0.00,0.00,1.63,287999.00,-19.01,1410.44,0.00,42514.00,4.89,31.74,2.47,6.73,2203.88,29.17,32.92,553.56,30320941878.28,7.33,25.82,23.23,1329.67,1382.85,1367.52,1273.85,1314.49,1471.92,1600.00,1200.00,1460.00,47.33,10.85,12.11,4238159301.00,1027745401.00,1071351924.00
[object Object],IR,Ingersoll Rand Inc.,NYSE,72.65,stock,common,100.00,1.00,false,0.00,USD,1.69,6656718.00,1.76,28188161055.37,USD,29.94,2.43,89.48,0.11,Producer manufacturing,america,Producer Manufacturing,Buy,Buy,1.69,-0.26,-11.51,-7.24,-11.29,-8.99,-7.13,34.64,241.88,241.88,3.12,2.49,Sell,Sell,StrongSell,Strong sell,Buy,Buy,33.68,-2.35,-7.46,-78.58,10.79,9.08,doji,72.20,1.06,1.06,2973.00,1.67,6656718.00,78.58,72.65,0.00,1056106.00,-6.51,29.94,0.33,3.53,2.77,21.10,23.35,24.26,31913161055.37,4.02,21.58,15.85,73.46,78.69,80.49,77.93,81.86,97.42,109.00,83.00,97.50,3.54,0.83,0.90,8114688506.00,1956446002.00,2050451375.00
[object Object],ARES,Ares Management Corporation Class A,NYSE,125.32,stock,common,100.00,1.00,false,0.00,USD,0.89,1551415.00,0.83,28066382911.97,USD,57.14,2.19,25.46,3.98,Finance,america,Finance,Buy,Buy,0.89,-5.89,-10.66,-3.60,16.12,-22.97,-29.78,57.64,578.14,590.47,3.62,3.01,Sell,Sell,StrongSell,Strong sell,Buy,Buy,34.29,-12.74,-9.26,-148.14,11.83,9.91,0.00,126.31,1.69,1.31,1829.00,1.38,1551415.00,-13.96,125.32,0.00,310824.00,-19.76,57.14,2.22,4.01,11.36,0.00,0.00,15.31,47206502911.97,6.74,22.18,19.84,132.71,138.50,133.56,128.22,132.49,150.56,168.00,122.00,152.00,5.86,1.28,1.31,5406580140.00,1266132705.00,1245441694.00
[object Object],TDY,Teledyne Technologies Incorporated,NYSE,601.98,stock,common,100.00,1.00,false,0.00,USD,0.15,241514.00,1.01,27905185652.76,USD,29.08,20.70,14.03,0.00,Electronic technology,america,Electronic Technology,Buy,Buy,0.15,1.45,-10.24,-4.72,-4.96,17.35,8.13,41.14,471.74,7034.58,1.59,1.75,Sell,Sell,StrongSell,Strong sell,Neutral,Neutral,36.86,-4.38,-39.48,-52.64,25.12,21.40,0.00,0.00,0.00,0.00,0.00,1.15,241514.00,-22.23,601.98,0.00,54265.00,12.21,29.08,2.07,4.42,2.56,22.21,24.72,83.01,29592085652.76,4.64,23.90,18.72,601.78,634.45,638.89,633.35,618.02,758.82,877.00,640.00,760.00,24.73,5.79,6.15,6557379197.00,1578448084.00,1649725879.00
[object Object],PUB,Publicis Groupe SA,EURONEXT,97.52,stock,common,100.00,2.00,false,0.00,EUR,0.49,1315926.00,2.35,27899548369.87,USD,15.18,7.34,-4.76,3.86,Commercial services,france,Commercial Services,Buy,Buy,0.49,1.08,-3.25,8.96,36.20,9.52,17.04,75.71,46.16,1293.14,2.02,2.16,Sell,Sell,Sell,Sell,Sell,Sell,47.13,-6.23,-1.62,-95.24,28.09,35.01,0.00,0.00,0.00,0.00,0.00,0.68,1315926.00,99.30,97.52,0.00,832523.00,25.73,15.18,0.00,1.38,2.32,9.07,9.90,11.63,31692555799.87,1.57,10.61,8.26,98.39,100.24,96.45,90.66,85.15,127.59,152.45,103.16,129.53,9.26,4.10,5.02,17772039122.22,8663387355.30,9646151674.60
[object Object],BAMI,Banco BPM SpA,MIL,16.02,stock,common,1000.00,5.00,false,0.00,EUR,-0.43,4102220.00,1.09,27886762987.77,USD,12.51,1.46,-19.23,6.21,Finance,italy,Finance,Neutral,Neutral,-0.43,-0.50,-4.30,1.78,36.21,23.08,24.71,507.01,616.68,-71.45,1.58,1.87,Sell,Sell,Sell,Sell,Neutral,Neutral,45.30,-0.27,-0.31,-28.94,48.14,50.42,0.00,0.00,0.00,0.00,0.00,0.28,4102220.00,24.07,16.02,0.00,6631.00,38.06,12.51,0.00,3.28,1.54,23.41,24.75,0.00,73156365124.59,6.65,0.00,0.00,16.11,16.40,16.15,15.08,13.74,18.33,20.89,15.35,18.81,1.55,0.00,0.00,7413408584.48,3592920760.00,0.00
[object Object],CTSH,Cognizant Technology Solutions Corporation Class A,NASDAQ,61.88,stock,common,100.00,1.00,false,0.00,USD,0.05,4153269.00,0.76,27873487266.08,USD,13.28,4.66,-5.38,2.10,Technology services,america,Technology Services,Buy,Buy,0.05,5.49,8.79,33.82,0.91,-25.44,-10.94,-18.95,14.72,29602.73,3.12,3.02,Buy,Buy,Buy,Buy,Neutral,Neutral,55.23,-1.52,1.85,-23.45,59.05,62.87,0.00,61.80,-0.08,0.03,3183.00,-0.08,4153269.00,-21.00,61.95,0.11,1117361.00,-18.55,13.28,0.00,1.33,1.93,9.89,11.10,27.44,28916487266.08,1.34,8.29,7.15,61.45,60.90,55.64,52.39,62.22,63.26,82.00,42.00,65.00,5.75,1.38,1.47,22188256015.00,5480763092.00,5647507726.00
[object Object],CBOE,Cboe Global Markets Inc,CBOE,266.67,stock,common,100.00,1.00,false,0.00,USD,-1.39,730572.00,0.75,27848618020.17,USD,20.77,12.84,50.50,1.12,Finance,america,Finance,Neutral,Neutral,-1.39,-8.36,-10.67,3.59,-6.64,6.26,14.03,115.80,295.42,713.02,3.31,3.51,Sell,Sell,StrongSell,Strong sell,Neutral,Neutral,33.99,-27.45,-16.40,-175.69,4.17,5.54,spinning_top_black,270.02,-0.15,-0.50,957.00,-1.19,730572.00,-36.54,266.67,0.00,152570.00,32.46,20.77,0.42,5.60,4.96,26.73,29.19,11.76,27049818020.17,5.34,15.15,14.20,284.26,292.78,289.52,296.45,286.26,314.29,356.00,258.00,315.00,14.01,3.48,3.39,2870155275.00,718623893.00,707093539.00
[object Object],A5G,AIB Group PLC,EURONEXT,11.71,stock,common,1000.00,5.00,false,0.00,EUR,0.34,4326355.00,1.00,27663916067.38,USD,12.07,1.11,8.41,5.64,Finance,ireland,Finance,Neutral,Neutral,0.34,3.22,7.93,10.32,26.20,28.27,55.76,398.09,74.70,-41.48,2.15,2.00,Buy,Buy,StrongBuy,Strong buy,Neutral,Neutral,64.31,0.35,0.55,126.68,78.62,78.32,spinning_top_black,0.00,0.00,0.00,0.00,0.60,4326355.00,-0.45,11.71,0.00,2667099.00,50.48,12.07,1.43,5.38,1.92,31.94,34.61,0.00,1698608027.38,0.26,0.00,0.00,11.51,11.10,10.89,10.50,9.83,13.09,14.15,10.39,13.65,1.06,0.44,0.54,5455417512.87,2566615393.36,2682750940.86
[object Object],DG,Dollar General Corporation,NYSE,124.95,stock,common,100.00,1.00,false,0.00,USD,1.58,2259360.00,0.96,27566068485.53,USD,16.24,7.69,42.34,1.92,Retail trade,america,Retail Trade,Buy,Buy,1.58,0.64,1.74,14.57,0.26,-5.90,19.39,-43.58,73.81,467.95,3.23,3.14,Neutral,Neutral,Neutral,Neutral,Buy,Buy,49.66,-5.94,0.16,-35.81,24.14,33.95,0.00,123.28,0.22,2.80,700.00,0.85,2259360.00,-2.52,124.95,0.00,492320.00,18.95,16.24,0.38,0.62,2.97,8.35,13.77,17.41,41749578485.53,0.96,17.11,11.84,126.63,124.77,124.21,117.68,126.96,140.69,176.00,90.00,140.00,7.90,2.01,1.41,44521647477.00,11195475074.00,11135900306.00
[object Object],AWK,"American Water Works Company, Inc.",NYSE,138.24,stock,common,100.00,1.00,false,0.00,USD,0.35,1961197.00,1.06,27472294294.75,USD,23.93,5.78,4.00,2.50,Utilities,america,Utilities,Neutral,Neutral,0.35,-2.52,1.70,9.98,0.84,6.15,1.02,-23.07,87.90,571.07,1.84,1.86,Buy,Buy,Buy,Buy,Sell,Sell,51.77,-1.25,1.21,-55.77,35.55,39.79,long_lower_shadow_bullish,0.00,0.00,0.00,0.00,0.25,1961197.00,41.90,138.24,0.00,434053.00,-4.48,23.93,5.96,5.11,2.36,11.61,0.00,110.59,43288294294.75,8.19,22.07,14.95,139.28,137.63,136.02,131.51,131.89,143.00,162.00,128.00,140.00,6.08,1.53,2.08,5374803040.00,1325667737.00,1542312422.00
[object Object],CPRT,"Copart, Inc.",NASDAQ,29.66,stock,common,100.00,1.00,false,0.00,USD,-3.76,9306974.00,0.93,27459569513.44,USD,19.12,1.55,-2.33,0.00,Retail trade,america,Retail Trade,Buy,Buy,-3.76,-7.05,-7.36,0.37,-8.60,-24.23,-37.17,-21.61,373.61,20991.41,4.91,3.40,StrongSell,Strong sell,StrongSell,Strong sell,Sell,Sell,40.32,-2.50,-0.60,-161.99,19.97,26.91,0.00,30.57,-0.81,-0.52,13744.00,-0.06,9306974.00,24.26,29.89,0.78,2136273.00,-35.88,19.12,0.00,6.16,0.00,17.25,21.85,6.16,23074719513.44,4.95,13.96,12.26,31.59,31.71,30.40,31.02,34.09,39.11,55.00,25.00,38.00,1.63,0.38,0.40,4848297900.00,1143743246.00,1183099875.00
[object Object],ATO,Atmos Energy Corporation,NYSE,162.03,stock,common,100.00,1.00,false,0.00,USD,0.04,1414916.00,1.60,27381214376.34,USD,19.29,8.40,16.00,2.47,Utilities,america,Utilities,Neutral,Neutral,0.04,-3.30,-5.83,-4.49,-12.39,-3.06,-0.94,81.22,121.23,2802.02,1.44,1.37,Sell,Sell,StrongSell,Strong sell,Neutral,Neutral,31.85,-5.65,-5.13,-156.69,4.45,5.17,spinning_top_black,0.00,0.00,0.00,0.00,0.28,1414916.00,19.83,162.03,0.00,277208.00,6.70,19.29,1.21,5.57,1.79,13.59,0.00,52.19,37179272376.34,7.55,20.43,14.32,164.92,167.58,171.10,173.51,175.14,186.22,200.00,173.00,184.00,8.45,1.35,1.16,5139279396.00,900815824.00,798696083.00
[object Object],ECHO,EchoStar Corporation Class A,NASDAQ,94.08,stock,common,100.00,1.00,false,0.00,USD,0.66,2579347.00,0.91,27329364427.86,USD,0.00,-24.94,-2120.06,0.00,Communications,america,Communications,StrongBuy,Strong buy,0.66,4.59,3.98,-14.30,-14.42,-13.43,35.58,282.59,203.47,674.26,2.91,2.88,Buy,Buy,Buy,Buy,Neutral,Neutral,58.88,7.39,4.22,116.96,77.82,78.05,0.00,95.00,1.65,1.56,2862.00,1.56,2579347.00,-19.71,93.82,-0.27,471196.00,33.15,0.00,-0.00,2.24,1.93,0.00,0.00,21.32,43523666427.86,2.97,41.54,21.88,92.29,89.59,89.95,104.25,108.58,131.00,165.00,103.00,130.00,24.41,-0.10,0.07,14216291122.00,3586837820.00,3476672579.00
[object Object],DGX,Quest Diagnostics Incorporated,NYSE,247.45,stock,common,100.00,1.00,false,0.00,USD,0.15,989468.00,1.00,27311888055.38,USD,26.25,9.43,12.73,1.34,Health services,america,Health Services,Buy,Buy,0.15,4.71,3.97,25.81,27.51,42.78,36.60,59.71,198.38,6498.67,2.53,2.16,Buy,Buy,StrongBuy,Strong buy,Neutral,Neutral,65.00,6.65,2.67,119.62,92.73,76.61,0.00,0.00,0.00,0.00,0.00,0.49,989468.00,4.29,247.45,0.00,209906.00,30.47,26.25,2.06,2.39,3.62,14.56,20.54,44.27,33451888055.38,2.89,19.88,14.78,239.32,239.69,231.87,214.81,203.11,249.79,265.00,232.00,250.00,11.19,2.82,2.87,12007242110.00,2972744228.00,3042732441.00
[object Object],VRSN,"VeriSign, Inc.",NASDAQ,302.05,stock,common,100.00,1.00,false,0.00,USD,1.20,656930.00,0.99,27275115140.67,USD,32.78,9.21,9.96,1.07,Technology services,america,Technology Services,Neutral,Neutral,1.20,5.19,9.27,12.94,26.19,24.26,5.08,34.62,291.31,5793.66,2.43,2.45,StrongBuy,Strong buy,StrongBuy,Strong buy,Buy,Buy,62.82,12.09,6.94,128.59,83.88,79.16,0.00,298.00,-0.15,0.08,569.00,-0.33,656930.00,2.86,302.05,0.00,120729.00,2.04,32.78,3.25,15.92,0.00,24.99,25.81,26.61,28581315140.67,16.73,24.66,24.10,293.25,288.90,284.65,281.80,263.45,330.00,355.00,316.00,324.50,9.79,2.42,2.46,1752773116.00,433195401.00,440277767.00
[object Object],DTE,DTE Energy Company,NYSE,130.44,stock,common,100.00,1.00,false,0.00,USD,-0.20,2248808.00,1.53,27143005713.06,USD,20.61,6.33,-8.94,3.51,Utilities,america,Utilities,Buy,Buy,-0.20,-4.51,-8.40,-11.82,-11.51,0.85,-3.21,15.91,67.33,404.58,1.98,1.54,Sell,Sell,StrongSell,Strong sell,Neutral,Neutral,28.50,-5.61,-5.47,-163.27,10.65,8.63,0.00,131.51,0.62,0.62,100.00,0.44,2248808.00,-1.57,131.35,0.70,890952.00,0.54,20.61,0.00,1.67,2.23,8.04,0.00,322.99,54904005713.06,3.36,26.61,13.61,133.61,136.42,140.33,143.32,141.36,156.85,168.00,143.00,156.00,7.71,1.14,2.39,15983314691.00,3357457324.00,3437804402.00
[object Object],ORSTED,Orsted,OMXCOP,135.95,stock,common,100.00,5.00,false,0.00,DKK,1.57,1321175.00,0.37,27036353850.91,USD,0.00,-0.80,-166.97,0.00,Utilities,denmark,Utilities,Buy,Buy,1.57,-1.84,-1.63,-6.82,-4.50,10.80,26.82,-72.77,-8.73,-4.08,2.94,2.76,Sell,Sell,StrongSell,Strong sell,Neutral,Neutral,47.32,0.95,-5.24,-34.25,42.20,25.78,0.00,0.00,0.00,0.00,0.00,0.00,1321175.00,-9.84,0.00,0.00,0.00,115.94,0.00,0.00,2.40,1.46,7.36,0.00,2.23,34693280050.91,3.09,204.17,19.93,135.84,137.69,141.20,149.99,146.86,27.08,34.10,20.15,26.74,1.21,0.18,0.35,12870023641.31,2528882928.00,2549228308.00
[object Object],OMV,OMV Aktiengesellschaft,VIE,72.15,stock,common,100.00,5.00,false,0.00,EUR,0.35,345775.00,1.56,26951239093.42,USD,9.43,8.74,182.65,6.12,Energy minerals,austria,Energy Minerals,Neutral,Neutral,0.35,1.83,8.50,28.95,23.12,51.89,56.17,49.13,190.93,646.51,1.80,1.81,Buy,Buy,StrongBuy,Strong buy,Neutral,Neutral,70.97,3.30,4.28,103.21,86.75,88.40,"hanging_man_bearish,long_lower_shadow_bullish",0.00,0.00,0.00,0.00,0.14,345775.00,50.33,72.15,0.00,266397.00,48.72,9.43,0.05,1.24,1.55,6.71,25.69,10.86,39673689823.42,1.32,9.23,5.72,71.05,68.47,66.16,62.79,58.32,73.22,92.89,63.46,71.54,10.84,2.67,3.16,34366032215.30,8918953952.61,8803788404.28
[object Object],BT.A,BT Group plc,LSE,208.20,stock,common,10.00,1.00,false,0.00,GBX,1.17,14734063.00,1.28,26814263628.06,USD,19.21,0.14,2.46,4.04,Communications,uk,Communications,Neutral,Neutral,1.17,4.49,4.33,5.58,-4.23,12.85,4.47,35.37,-45.05,-86.14,1.81,1.88,StrongBuy,Strong buy,StrongBuy,Strong buy,Buy,Buy,62.72,4.90,2.41,138.65,77.99,68.29,0.00,0.00,0.00,0.00,0.00,0.05,14734063.00,54.88,208.20,0.00,7619858.00,-2.14,19.21,7.73,1.05,1.63,3.43,22.18,9.86,54364810828.06,2.09,12.18,5.00,202.21,201.83,200.12,204.49,201.76,3.11,4.46,2.03,3.04,0.24,0.11,0.00,24213627438.52,0.00,0.00
[object Object],VIE,Veolia Environnement SA,EURONEXT,32.11,stock,common,100.00,1.00,false,0.00,EUR,0.78,1884141.00,1.15,26729444698.77,USD,18.93,1.94,13.17,4.71,Utilities,france,Utilities,Buy,Buy,0.78,1.61,-5.28,-10.56,0.78,7.75,11.88,19.37,65.40,0.72,1.36,1.57,Sell,Sell,StrongSell,Strong sell,Buy,Buy,39.59,0.30,-1.73,-27.08,36.05,22.42,0.00,0.00,0.00,0.00,0.00,0.16,1884141.00,21.14,32.11,0.00,1232486.00,20.40,18.93,1.43,0.53,3.30,5.32,16.58,3.24,64395876898.77,1.27,15.90,8.41,31.70,33.01,34.29,34.84,33.50,46.09,52.53,42.33,46.38,2.79,0.00,0.00,54240722954.61,25145877080.00,0.00
[object Object],ON,ON Semiconductor Corporation,NASDAQ,68.30,stock,common,100.00,1.00,false,0.00,USD,2.55,16646284.00,1.51,26589988947.97,USD,43.98,1.55,44.90,0.00,Electronic technology,america,Electronic Technology,Buy,Buy,2.55,-1.61,-14.61,-42.06,15.25,23.62,37.73,38.57,530.07,210.45,7.24,4.00,Sell,Sell,StrongSell,Strong sell,Buy,Buy,39.50,-4.04,-4.88,-221.42,30.45,43.87,doji,68.10,2.25,1.86,172124.00,2.29,16646284.00,-11.56,68.69,0.57,2314849.00,41.31,43.98,0.96,4.35,3.68,16.52,18.41,7.14,27452888947.97,4.43,24.40,14.34,71.61,75.22,80.11,95.34,79.30,107.00,150.00,75.00,100.00,3.20,0.71,0.87,6550945132.00,1589004230.00,1702230513.00
[object Object],VICI,VICI Properties Inc,NYSE,24.11,stock,common,100.00,1.00,false,0.00,USD,-1.71,9040562.00,0.84,26546979620.91,USD,9.35,2.58,-1.35,7.34,Finance,america,Finance,Buy,Buy,-1.71,-4.89,-7.34,-10.34,-13.77,-14.38,-26.27,-19.34,29.97,29.97,1.50,1.49,StrongSell,Strong sell,StrongSell,Strong sell,Sell,Sell,26.54,-1.50,-1.15,-168.58,4.92,8.32,falling_window_bearish,24.29,-0.98,-1.30,55057.00,-1.22,9040562.00,-7.09,24.19,0.32,2183209.00,-20.90,9.35,0.00,6.53,0.91,9.96,9.97,91.25,44534552620.91,10.87,12.25,12.24,24.96,25.75,26.07,26.95,27.69,32.25,38.00,26.00,32.00,2.76,0.71,0.72,4195797446.00,1038867523.00,1057842376.00
[object Object],CPAY,"Corpay, Inc.",NYSE,404.26,stock,common,100.00,1.00,false,0.00,USD,0.49,301805.00,0.72,26543548890.05,USD,24.57,16.45,11.78,0.00,Commercial services,america,Commercial Services,Buy,Buy,0.49,-0.87,-1.18,14.44,42.84,34.02,31.81,54.97,148.61,1517.04,1.89,1.89,Neutral,Neutral,Neutral,Neutral,Neutral,Neutral,49.66,-12.14,1.92,-100.34,16.61,24.24,spinning_top_black,0.00,0.00,0.00,0.00,0.68,301805.00,-21.92,404.20,-0.01,61274.00,18.44,24.57,2.08,5.31,7.49,14.51,16.37,2.64,27358805890.05,5.45,11.91,9.99,409.27,408.81,394.48,367.28,341.81,459.06,536.00,390.00,454.50,27.38,6.58,7.19,5315650246.00,1299873164.00,1357822681.00
[object Object],RYA,Ryanair Holdings PLC,EURONEXT,22.60,stock,common,100.00,1.00,false,0.00,EUR,1.25,1848963.00,1.14,26511449787.97,USD,12.77,2.02,-5.72,1.74,Transportation,ireland,Transportation,StrongBuy,Strong buy,1.25,0.44,-5.83,-12.06,-9.53,-22.71,-4.48,34.32,75.19,65.93,1.93,2.20,Sell,Sell,StrongSell,Strong sell,Buy,Buy,43.30,-0.17,-1.23,-61.51,23.37,14.85,0.00,0.00,0.00,0.00,0.00,0.99,1848963.00,-50.73,22.60,0.00,653007.00,-8.25,12.77,0.00,1.50,2.48,6.90,13.99,8.37,23470624731.97,1.32,9.69,5.76,22.58,23.32,24.09,24.49,25.80,33.97,39.23,29.65,33.46,1.96,0.68,1.69,18371586987.97,5069644361.21,6459253286.44
[object Object],SMCI,"Super Micro Computer, Inc.",NASDAQ,40.35,stock,common,100.00,1.00,false,0.00,USD,9.50,62373113.00,1.70,26508552512.52,USD,12.27,3.29,98.10,0.00,Electronic technology,america,Electronic Technology,Neutral,Neutral,9.50,6.45,8.76,41.88,79.17,34.68,-9.52,1014.33,1739.95,4459.32,6.66,5.60,StrongBuy,Strong buy,StrongBuy,Strong buy,Buy,Buy,58.81,3.35,1.65,123.91,35.40,27.90,rising_window_bullish,38.02,3.18,0.90,778068.00,3.22,62373113.00,98.71,40.44,0.22,2852088.00,-0.48,12.27,0.11,0.67,2.59,0.00,0.00,3.75,32403277512.52,0.83,11.70,11.33,38.37,36.91,33.34,33.37,31.58,41.33,60.00,15.00,42.00,4.34,0.92,1.04,67129640474.00,11599418007.00,14941898912.00
[object Object],FE,FirstEnergy Corp.,NYSE,45.73,stock,common,100.00,1.00,false,0.00,USD,0.77,2907179.00,0.68,26461205701.53,USD,24.40,1.87,-17.28,4.01,Utilities,america,Utilities,Buy,Buy,0.77,-1.38,-4.73,-0.61,-8.08,1.94,5.56,22.57,40.15,75.88,1.61,1.53,Sell,Sell,StrongSell,Strong sell,Neutral,Neutral,40.28,-0.56,-1.06,-113.03,17.37,20.08,0.00,0.00,0.00,0.00,0.00,0.31,2907179.00,-10.63,45.58,-0.33,814118.00,6.42,24.40,0.00,1.66,2.05,8.49,0.00,138.63,56744205701.53,3.59,19.31,14.41,46.11,46.54,47.42,46.97,47.49,53.64,56.00,51.00,53.00,2.73,0.50,0.92,15680529211.00,3511701274.00,4316343739.00
[object Object],LVS,Las Vegas Sands Corp.,NYSE,40.67,stock,common,100.00,1.00,false,0.00,USD,-0.95,4183104.00,0.78,26342007541.52,USD,15.85,2.57,29.61,2.80,Consumer services,america,Consumer Services,Buy,Buy,-0.95,-6.12,-11.01,-16.04,-24.39,-37.62,-22.01,8.63,-30.19,-2.94,2.08,2.48,Sell,Sell,StrongSell,Strong sell,Sell,Sell,26.62,-3.87,-3.17,-147.63,1.57,3.66,0.00,41.39,0.80,0.12,1583.00,0.75,4183104.00,-30.54,40.81,0.34,1054170.00,-27.44,15.85,0.54,1.96,45.36,7.17,9.90,7.90,38544007541.52,2.81,12.01,8.15,42.70,44.67,45.42,47.82,53.28,59.24,71.50,47.00,60.00,3.10,0.76,0.75,13809189511.00,3310459500.00,3411474275.00
[object Object],FISV,"Fiserv, Inc.",NASDAQ,49.30,stock,common,100.00,1.00,false,0.00,USD,-0.30,5124853.00,0.69,26216099879.23,USD,9.46,5.21,-12.86,0.00,Commercial services,america,Commercial Services,Neutral,Neutral,-0.30,1.26,-6.62,1.50,-13.28,-27.00,-63.02,-54.15,-1.55,17691.93,3.52,2.99,StrongSell,Strong sell,StrongSell,Strong sell,Neutral,Neutral,41.21,-2.68,-1.87,-127.01,21.71,32.60,0.00,49.62,0.34,0.85,19174.00,0.18,5124853.00,36.14,49.37,0.14,1201774.00,-63.05,9.46,0.00,1.26,0.97,4.48,6.64,41.96,53623099879.23,2.57,11.91,6.97,50.55,51.97,52.05,53.15,57.88,57.84,85.00,40.00,57.00,7.25,1.91,1.72,19554189794.00,5039300236.00,4855515729.00
[object Object],EXO,EXOR N.V.,EURONEXT,71.40,stock,common,100.00,5.00,false,0.00,EUR,0.07,130285.00,0.90,26190434827.24,USD,0.00,0.00,0.00,0.69,Finance,netherlands,Finance,StrongBuy,Strong buy,0.07,0.28,2.73,7.61,9.43,-2.06,-14.64,5.00,5.00,5.00,1.63,1.77,Neutral,Neutral,Buy,Buy,Neutral,Neutral,50.17,-2.10,-0.27,-40.14,31.42,28.38,spinning_top_black,0.00,0.00,0.00,0.00,0.28,130285.00,-16.93,71.40,0.00,90767.00,-16.71,0.00,0.00,0.00,0.48,0.00,0.00,15.03,29292241447.24,0.00,0.00,0.00,71.87,71.37,70.52,68.64,69.55,130.74,139.15,125.24,129.30,2.60,0.00,0.00,0.00,0.00,0.00
[object Object],LH,Labcorp Holdings Inc.,NYSE,322.73,stock,common,100.00,1.00,false,0.00,USD,-0.55,559874.00,0.76,26173403295.37,USD,26.69,12.09,33.35,0.89,Health services,america,Health Services,Buy,Buy,-0.55,0.67,-1.02,24.86,22.39,28.42,17.75,27.43,178.85,1441.22,2.89,2.40,Buy,Buy,Buy,Buy,Neutral,Neutral,51.59,-8.93,-6.18,-36.19,52.33,42.48,engulfing_bearish,325.00,0.15,0.15,320.00,0.70,559874.00,-0.27,322.73,0.00,158725.00,16.78,26.69,0.80,1.85,3.03,16.15,22.91,186.63,32814103295.37,2.29,20.14,14.11,320.94,325.81,312.59,287.65,277.73,346.67,385.00,306.00,350.00,18.35,4.78,4.65,14750928730.00,3709367203.00,3755628538.00
[object Object],OTIS,Otis Worldwide Corporation,NYSE,68.70,stock,common,100.00,1.00,false,0.00,USD,-0.79,7365129.00,1.86,26151983797.88,USD,17.64,3.90,2.98,2.48,Industrial services,america,Industrial Services,Buy,Buy,-0.79,-0.49,-3.50,-6.52,-14.37,-21.23,-23.39,-18.21,71.75,71.75,2.52,1.84,StrongSell,Strong sell,StrongSell,Strong sell,Neutral,Neutral,41.17,-2.13,-2.21,-100.27,25.72,31.05,0.00,69.86,0.88,1.03,1200.00,1.43,7365129.00,21.26,68.80,0.15,1598511.00,-20.16,17.64,5.96,1.78,0.00,14.08,15.39,31.03,34442983797.88,2.31,14.78,13.77,69.57,71.23,71.80,72.30,79.24,86.73,100.00,75.00,86.00,4.05,1.01,1.01,15265293549.00,3761572222.00,3842891121.00
[object Object],ML,Cie Generale des Etablissements Michelin SA,EURONEXT,33.54,stock,common,100.00,1.00,false,0.00,EUR,1.08,1637319.00,1.23,26151897916.45,USD,14.86,2.58,3.27,4.16,Consumer durables,france,Consumer Durables,Buy,Buy,1.08,-0.56,-2.61,0.69,16.02,18.14,7.64,2.80,42.38,355.54,1.65,1.65,Sell,Sell,Sell,Sell,Neutral,Neutral,42.86,-1.31,-1.10,-94.14,20.42,16.26,0.00,0.00,0.00,0.00,0.00,0.60,1637319.00,-7.94,33.54,0.00,1201607.00,9.98,14.86,4.49,0.90,1.30,5.64,9.35,8.07,31924513636.45,1.09,10.73,6.03,33.81,34.36,34.48,33.47,32.02,41.74,49.04,32.69,40.87,3.10,1.48,1.70,31114892763.40,14653200830.00,16352687820.00
[object Object],CINF,Cincinnati Financial Corporation,NASDAQ,169.90,stock,common,100.00,1.00,false,0.00,USD,-0.51,899205.00,1.83,26075920090.59,USD,8.01,21.21,83.99,2.12,Finance,america,Finance,Neutral,Neutral,-0.51,-0.39,-2.02,-1.15,7.66,4.03,11.01,44.69,125.39,9164.42,1.72,1.47,Sell,Sell,StrongSell,Strong sell,Neutral,Neutral,44.18,-1.79,-1.42,-45.95,43.68,48.44,0.00,0.00,0.00,0.00,0.00,0.05,899205.00,16.97,169.90,0.00,214123.00,9.34,8.01,0.10,1.91,1.56,7.74,7.78,0.00,26951920090.59,1.93,0.00,0.00,170.79,171.60,174.66,171.77,167.49,191.67,200.00,177.00,192.50,8.37,1.84,1.93,10570693829.00,2711469714.00,2640226143.00
[object Object],WRB,W. R. Berkley Corporation,NYSE,70.10,stock,common,100.00,1.00,false,0.00,USD,0.21,4017731.00,1.33,26023049353.43,USD,14.42,4.86,10.67,0.53,Finance,america,Finance,Neutral,Neutral,0.21,-0.46,-1.10,2.70,6.15,0.47,-2.09,119.61,318.29,43016.51,1.95,1.72,Buy,Buy,StrongBuy,Strong buy,Neutral,Neutral,51.13,1.98,0.42,68.02,75.20,80.18,spinning_top_white,0.00,0.00,0.00,0.00,0.04,4017731.00,-14.54,70.10,0.00,1555532.00,-7.92,14.42,1.35,1.84,2.65,7.33,7.60,0.00,29136071353.43,1.96,0.00,0.00,70.05,69.67,70.93,69.27,68.96,69.65,83.00,51.00,70.00,4.87,1.08,1.12,14902512870.00,3282737280.00,3766572429.00
[object Object],ES,Eversource Energy,NYSE,68.99,stock,common,100.00,1.00,false,0.00,USD,1.67,2590949.00,1.31,25986790798.15,USD,17.87,3.86,66.18,4.54,Utilities,america,Utilities,Neutral,Neutral,1.67,-2.35,-5.44,-0.98,0.13,1.77,7.86,-18.25,28.66,314.98,1.93,1.71,Sell,Sell,StrongSell,Strong sell,Neutral,Neutral,42.35,-1.45,-2.69,-102.18,18.85,11.38,0.00,0.00,0.00,0.00,0.00,0.72,2590949.00,5.98,68.99,0.00,883006.00,12.33,17.87,0.27,1.83,1.59,5.87,87.36,14.30,54130825798.15,3.87,17.31,10.01,69.44,70.75,72.05,70.91,70.27,73.64,85.00,52.00,75.00,4.65,0.87,1.03,13694827042.00,2988920513.00,3258925862.00
[object Object],FOX,Fox Corporation Class B,NASDAQ,58.43,stock,common,100.00,1.00,false,0.00,USD,-1.22,828914.00,0.80,25952404353.65,USD,15.24,3.83,-21.89,0.95,Consumer services,america,Consumer Services,Buy,Buy,-1.22,2.33,-5.33,24.80,12.52,-10.04,12.32,68.73,51.37,51.37,2.54,2.45,Neutral,Neutral,Neutral,Neutral,Sell,Sell,49.40,-1.84,0.98,-68.91,50.59,56.18,0.00,59.61,0.78,0.22,5311.00,0.36,828914.00,-17.72,58.42,-0.02,167604.00,0.88,15.24,0.00,1.48,2.11,12.69,17.04,5.95,29501404353.65,1.72,8.44,7.55,58.98,59.39,56.02,55.38,56.98,77.63,112.00,54.00,77.00,5.96,1.44,2.06,17625797909.00,3640073257.00,4310309566.00
[object Object],INCY,Incyte Corporation,NASDAQ,127.62,stock,common,100.00,1.00,false,0.00,USD,2.30,1468733.00,1.04,25868287353.72,USD,16.26,7.85,78.38,0.00,Health technology,america,Health Technology,Buy,Buy,2.30,2.02,2.68,28.16,37.51,29.89,52.09,69.59,58.83,6706.40,2.31,2.48,Buy,Buy,StrongBuy,Strong buy,Sell,Sell,57.66,-1.21,-0.58,34.63,47.19,27.13,rising_window_bullish,125.80,0.84,0.29,200.00,0.79,1468733.00,9.01,127.62,0.00,442040.00,50.92,16.26,0.20,4.46,4.04,13.42,13.84,5.86,21370814353.72,3.67,11.62,11.03,124.62,124.49,122.17,112.08,105.52,128.91,155.00,104.00,130.00,3.76,2.20,-2.83,5937155116.00,1503904802.00,1471521580.00
[object Object],FOXA,Fox Corporation Class A,NASDAQ,64.98,stock,common,100.00,1.00,false,0.00,USD,-1.78,4197256.00,0.91,25803622060.69,USD,16.95,3.83,-21.89,0.85,Consumer services,america,Consumer Services,Buy,Buy,-1.78,1.71,-6.70,26.44,12.77,-11.14,12.73,74.58,66.62,66.62,2.46,2.49,Sell,Sell,Sell,Sell,Sell,Sell,48.00,-2.54,1.05,-86.09,48.09,56.41,0.00,65.84,-0.48,0.91,1998.00,-0.14,4197256.00,-8.35,64.98,0.00,759837.00,0.88,16.95,0.00,1.65,2.34,14.12,18.95,6.61,29352622060.69,1.71,8.40,7.51,66.06,66.59,62.71,61.80,63.47,77.65,112.00,54.00,78.00,5.96,1.44,2.06,17627591270.00,3643432554.00,4310888383.00
[object Object],WST,"West Pharmaceutical Services, Inc.",NYSE,366.60,stock,common,100.00,1.00,false,0.00,USD,1.27,474005.00,0.88,25799755389.61,USD,46.87,7.82,17.18,0.24,Health technology,america,Health Technology,StrongBuy,Strong buy,1.27,9.90,5.81,12.33,53.49,33.19,41.74,-19.11,345.23,32945.63,2.98,2.29,Buy,Buy,StrongBuy,Strong buy,Neutral,Neutral,66.61,23.97,9.59,164.95,84.14,83.53,spinning_top_white,363.40,0.38,-0.01,1993.00,1.16,474005.00,-23.68,366.60,0.00,100785.00,35.98,46.87,2.69,7.76,8.63,39.47,59.83,59.98,25680455389.61,7.72,35.13,28.15,349.67,348.71,349.15,336.25,297.02,409.73,459.00,365.00,410.00,8.97,2.08,2.19,3374001137.00,839979158.00,825979558.00
[object Object],WSM,"Williams-Sonoma, Inc.",NYSE,218.92,stock,common,100.00,1.00,false,0.00,USD,0.33,1145566.00,0.97,25784216587.67,USD,22.40,9.77,7.44,1.30,Retail trade,america,Retail Trade,Buy,Buy,0.33,-3.61,-9.35,-3.13,20.23,19.84,10.90,134.11,787.75,42119.23,3.24,3.28,Sell,Sell,StrongSell,Strong sell,Neutral,Neutral,37.18,-2.80,-11.48,-99.34,8.21,16.48,0.00,0.00,0.00,0.00,0.00,2.04,1145566.00,-12.05,218.92,0.00,269031.00,11.90,22.40,3.00,3.24,12.04,16.18,19.37,25.30,26283226587.67,3.28,17.08,14.85,224.35,234.19,231.99,217.62,206.24,252.95,280.00,190.00,259.00,9.51,2.08,2.18,8271767139.00,1927005022.00,1997429945.00
[object Object],AM,Dassault Aviation SA,EURONEXT,291.80,stock,common,10.00,2.00,false,0.00,EUR,-0.21,58138.00,1.12,25768984070.80,USD,22.60,14.75,29.17,1.63,Electronic technology,france,Electronic Technology,Buy,Buy,-0.21,4.66,-6.53,-3.70,-13.97,7.12,-2.73,222.43,197.15,11715.88,1.97,1.79,Neutral,Neutral,Sell,Sell,Buy,Buy,52.93,14.20,-10.27,82.72,81.02,65.39,0.00,0.00,0.00,0.00,0.00,0.89,58138.00,15.28,291.80,0.00,30339.00,5.20,22.60,0.78,2.60,3.43,15.47,16.92,2.24,14411771860.09,1.45,16.45,12.93,282.82,294.65,295.04,294.64,305.13,432.30,693.90,346.95,404.78,18.10,6.57,9.70,10423535261.69,4019399940.29,5180432005.14
[object Object],HBAN,Helvetia Baloise Holding AG,SIX,225.20,stock,common,10.00,2.00,false,0.00,CHF,5.33,295630.00,2.78,25729889420.47,USD,71.11,3.92,-69.32,3.60,Finance,switzerland,Finance,Buy,Buy,5.33,7.85,4.36,9.11,13.74,7.75,13.62,13.62,13.62,13.62,2.12,1.49,StrongBuy,Strong buy,StrongBuy,Strong buy,Buy,Buy,70.38,8.60,0.11,320.87,65.68,50.58,0.00,0.00,0.00,0.00,0.00,1.59,295630.00,124.28,225.20,0.00,86260.00,100.18,71.11,0.00,1.26,1.82,76.31,98.80,0.00,34110301970.47,1.64,0.00,0.00,212.90,213.67,214.21,211.31,0.00,282.18,323.20,237.26,278.41,14.60,10.06,0.00,16737637763.78,0.00,0.00
[object Object],AMS,Amadeus IT Group SA Class A,BME,55.76,stock,common,100.00,2.00,false,0.00,EUR,0.50,502345.00,0.93,25655932969.68,USD,18.44,3.45,1.91,2.25,Technology services,spain,Technology Services,Buy,Buy,0.50,2.31,-1.20,7.73,12.65,-11.27,-17.27,7.07,26.67,259.74,1.93,2.15,Buy,Buy,Buy,Buy,Neutral,Neutral,50.10,-1.54,-1.70,-45.53,29.84,23.03,0.00,0.00,0.00,0.00,0.00,0.94,502345.00,-37.31,0.00,0.00,0.00,-23.38,18.44,9.58,3.58,5.12,11.13,11.42,24.41,28692058318.68,3.81,14.05,9.85,55.43,56.63,54.72,53.26,54.05,79.96,94.62,58.85,80.77,4.05,0.99,1.05,8022580201.82,1887627693.84,1986243155.23
[object Object],DOV,Dover Corporation,NYSE,189.24,stock,common,100.00,1.00,false,0.00,USD,0.47,1282992.00,0.95,25486885210.36,USD,22.78,8.31,-49.91,1.11,Producer manufacturing,america,Producer Manufacturing,Buy,Buy,0.47,-0.34,-8.03,-15.24,-10.07,-3.04,9.24,16.02,243.43,31278.40,2.02,1.90,Sell,Sell,StrongSell,Strong sell,Neutral,Neutral,36.65,0.34,-11.23,-61.49,23.78,21.77,0.00,0.00,0.00,0.00,0.00,1.75,1282992.00,-10.94,189.24,0.00,224743.00,6.12,22.78,0.00,3.03,3.32,18.45,21.89,14.61,26990902210.36,3.21,17.72,14.09,190.23,198.74,202.77,210.41,210.29,250.50,288.00,215.00,250.00,10.69,2.72,2.86,8677879076.00,2208509667.00,2211105008.00
[object Object],CNP,"CenterPoint Energy, Inc.",NYSE,38.56,stock,common,100.00,1.00,false,0.00,USD,0.60,7767423.00,1.27,25400257404.73,USD,22.73,1.70,18.24,2.40,Utilities,america,Utilities,Buy,Buy,0.60,-3.58,-6.00,-10.10,-10.82,0.60,1.85,58.29,71.91,257.59,1.71,1.85,Sell,Sell,StrongSell,Strong sell,Buy,Buy,37.93,-0.95,-1.36,-134.15,18.02,16.49,0.00,0.00,0.00,0.00,0.00,0.29,7767423.00,16.94,38.56,0.00,1320570.00,4.97,22.73,1.24,2.65,2.17,9.97,0.00,54.07,50018257404.73,5.20,22.37,12.82,39.13,39.67,41.03,41.96,41.43,45.53,50.00,39.00,46.00,1.91,0.37,0.49,9924215445.00,2124178194.00,2112923425.00
[object Object],HEXA_B,Hexagon AB Class B,OMXSTO,95.30,stock,common,100.00,2.00,false,0.00,SEK,1.73,3083669.00,1.00,25398725052.47,USD,46.60,0.21,-48.03,1.61,Electronic technology,sweden,Electronic Technology,Neutral,Neutral,1.73,2.12,0.85,16.59,-1.28,-12.61,-13.32,-36.70,82.27,6030.60,1.82,2.01,Buy,Buy,Buy,Buy,Neutral,Neutral,50.63,-2.42,-3.14,-58.65,20.13,14.12,0.00,0.00,0.00,0.00,0.00,0.77,3083669.00,-20.83,0.00,0.00,0.00,-3.32,46.60,0.00,4.85,4.12,17.49,0.00,10.70,25970696313.11,4.87,0.00,48.32,94.41,96.86,92.62,90.01,95.63,10.48,13.46,8.13,10.37,0.39,0.08,0.08,5079579736.59,1139125768.06,1161032365.43
[object Object],PPL,PPL Corporation,NYSE,33.60,stock,common,100.00,1.00,false,0.00,USD,0.57,5824669.00,0.86,25285505158.31,USD,19.96,1.68,26.57,3.34,Utilities,america,Utilities,Buy,Buy,0.57,-2.21,-7.31,-5.00,-10.83,-4.00,-5.78,16.02,-2.89,399.47,1.56,1.52,Sell,Sell,StrongSell,Strong sell,Buy,Buy,37.05,-0.94,-1.12,-128.26,8.54,7.16,0.00,33.60,0.57,0.24,400.00,0.57,5824669.00,36.57,33.35,-0.74,1321523.00,-3.69,19.96,0.75,2.69,1.68,9.59,0.00,75.05,45269505158.31,4.82,20.00,12.00,34.22,34.77,35.16,35.68,36.20,40.86,45.00,35.00,42.00,1.95,0.34,0.52,9707477687.00,2190192002.00,2415487539.00
[object Object],DSFIR,DSM-Firmenich AG,EURONEXT,92.36,stock,common,100.00,2.00,false,0.00,EUR,0.63,612549.00,1.10,25194512469.55,USD,0.00,-6.26,-301.20,2.72,Consumer non-durables,netherlands,Consumer Non-Durables,Buy,Buy,0.63,1.70,5.84,20.61,59.35,33.97,19.70,-18.27,-18.27,-18.27,2.44,2.13,Buy,Buy,StrongBuy,Strong buy,Neutral,Neutral,54.12,-1.40,-0.97,-18.71,38.28,29.95,spinning_top_white,0.00,0.00,0.00,0.00,0.26,612549.00,1.12,92.36,0.00,306761.00,4.30,0.00,0.00,3.19,1.30,14.42,25.31,10.01,30473085819.55,3.71,47.14,19.96,91.61,91.98,89.87,81.43,72.79,108.13,136.01,77.88,110.43,4.28,1.98,1.70,10885752701.09,5331391330.41,5330219691.12
[object Object],GFS,GlobalFoundries Inc.,NASDAQ,45.84,stock,common,100.00,1.00,false,0.00,USD,6.53,6376426.00,1.74,25154746849.91,USD,35.78,1.28,0.00,0.28,Electronic technology,america,Electronic Technology,Buy,Buy,6.53,2.25,-10.55,-45.05,6.46,28.98,42.94,-2.47,-2.47,-2.47,4.53,3.57,Neutral,Neutral,Sell,Sell,Buy,Buy,45.37,1.87,-3.26,31.25,33.27,29.78,0.00,45.00,4.58,2.53,270252.00,4.28,6376426.00,131.58,46.31,1.03,631851.00,31.48,35.78,0.00,3.45,2.13,13.30,32.02,10.81,24531746849.91,3.54,30.51,11.97,44.89,47.43,51.04,63.61,53.72,75.85,140.00,55.00,73.50,1.94,0.43,0.51,7304613268.00,1765269294.00,1886182556.00
[object Object],IMB,Imperial Brands PLC,LSE,2496.00,stock,common,1.00,1.00,false,0.00,GBX,0.24,2863456.00,1.08,25127262605.91,USD,11.74,2.81,-29.03,6.57,Consumer non-durables,uk,Consumer Non-Durables,Buy,Buy,0.24,2.17,-2.73,-10.12,-19.95,-20.00,-19.74,63.14,-36.76,780.59,1.68,1.88,Sell,Sell,StrongSell,Strong sell,Buy,Buy,42.41,-22.00,-67.24,-18.96,44.52,53.38,0.00,0.00,0.00,0.00,0.00,0.48,2863456.00,112.38,2496.00,0.00,888706.00,-22.31,11.74,0.00,1.03,4.82,6.39,7.07,40.13,40252843405.91,1.57,8.23,6.97,2491.50,2551.37,2647.64,2712.82,2914.70,42.36,46.82,36.12,44.14,4.45,1.68,2.44,13562213531.95,5940210683.00,7426355200.00
[object Object],XYL,Xylem Inc.,NYSE,107.60,stock,common,100.00,1.00,false,0.00,USD,0.31,2167496.00,0.72,25123180659.00,USD,25.56,4.21,9.42,1.58,Producer manufacturing,america,Producer Manufacturing,Buy,Buy,0.31,0.91,-7.24,-3.56,-10.33,-21.05,-24.00,-18.63,114.81,357.87,2.71,2.36,Sell,Sell,StrongSell,Strong sell,Neutral,Neutral,39.21,0.86,-6.24,-43.63,23.23,21.08,0.00,109.00,1.61,1.61,536.00,1.85,2167496.00,-26.65,107.40,-0.19,427110.00,-26.95,25.56,2.70,2.78,2.41,19.57,27.58,19.95,27147180659.00,2.98,19.38,13.81,107.34,112.78,115.81,114.29,122.93,155.53,180.00,130.00,160.00,5.66,1.35,1.45,9204158768.00,2341514241.00,2285833882.00
[object Object],AKRBP,Aker BP ASA,OSL,367.70,stock,common,10.00,1.00,false,0.00,NOK,-1.71,890216.00,1.14,25062588607.07,USD,16.94,2.19,66.91,6.73,Energy minerals,norway,Energy Minerals,Neutral,Neutral,-1.71,1.02,5.06,17.48,3.00,43.58,49.11,47.67,217.26,493.85,1.63,1.76,Buy,Buy,StrongBuy,Strong buy,Sell,Sell,62.14,11.70,15.74,98.81,89.70,91.54,0.00,0.00,0.00,0.00,0.00,-1.10,890216.00,-3.27,367.70,0.00,416798.00,41.17,16.94,0.26,2.08,2.01,2.85,23.43,8.41,32339806596.47,2.82,4.19,3.16,363.46,353.65,344.11,338.50,314.84,34.90,41.12,22.86,34.71,3.19,0.94,0.78,11973152005.37,3651407909.00,3125894465.00
[object Object],PFG,"Principal Financial Group, Inc.",NASDAQ,115.94,stock,common,100.00,1.00,false,0.00,USD,-0.60,1521688.00,0.98,24823292385.44,USD,16.45,7.05,41.88,2.73,Finance,america,Finance,Neutral,Neutral,-0.60,1.49,2.01,4.44,34.99,31.29,44.51,77.55,138.56,465.56,2.19,1.94,Buy,Buy,StrongBuy,Strong buy,Neutral,Neutral,55.13,4.63,2.81,74.52,66.51,67.79,0.00,0.00,0.00,0.00,0.00,0.93,1521688.00,-17.75,115.94,0.00,432389.00,31.48,16.45,0.40,1.63,2.05,5.06,5.23,0.00,29910592385.44,1.91,0.00,0.00,116.32,113.69,113.18,109.11,100.16,111.83,125.00,92.00,113.50,9.59,2.34,2.51,16305809861.00,4137379648.00,4246400000.00
[object Object],FFIV,"F5, Inc.",NASDAQ,434.62,stock,common,100.00,1.00,false,0.00,USD,2.60,520102.00,1.06,24611305631.14,USD,34.62,12.55,10.69,0.00,Technology services,america,Technology Services,Buy,Buy,2.60,7.88,11.21,11.53,49.32,69.89,33.82,110.13,267.11,8380.39,3.98,3.25,Buy,Buy,StrongBuy,Strong buy,Neutral,Neutral,63.32,43.54,17.01,182.11,88.67,89.46,0.00,430.00,1.51,2.72,140.00,0.47,520102.00,-28.28,434.62,0.00,114999.00,27.17,34.62,3.16,7.37,6.41,23.83,25.80,15.58,23257903631.14,7.03,28.16,24.05,408.76,402.04,404.58,391.90,334.40,440.11,515.00,300.00,461.00,17.33,4.00,4.26,3383164575.00,834595474.00,884034506.00
[object Object],EXPD,"Expeditors International of Washington, Inc.",NYSE,189.08,stock,common,100.00,1.00,false,0.00,USD,0.02,943887.00,1.14,24578627656.06,USD,27.51,6.87,12.14,0.84,Transportation,america,Transportation,Neutral,Neutral,0.02,0.12,-0.15,17.11,28.81,26.78,51.39,50.11,278.92,109909.54,1.96,1.74,Buy,Buy,Buy,Buy,Neutral,Neutral,54.63,2.92,5.88,6.67,61.97,78.67,0.00,0.00,0.00,0.00,0.00,0.99,943887.00,-2.76,189.08,0.00,240322.00,48.76,27.51,2.27,2.06,11.60,25.54,26.89,24.08,24116835656.06,2.00,20.24,19.35,189.78,187.20,182.42,170.51,160.59,181.00,220.00,100.00,184.00,7.71,1.69,2.11,13068670654.00,2909348116.00,3460498325.00
[object Object],VER,VERBUND AG Class A,VIE,62.15,stock,common,100.00,5.00,false,0.00,EUR,0.73,155741.00,1.47,24570925877.63,USD,17.92,3.96,-31.85,5.11,Utilities,austria,Utilities,Sell,Sell,0.73,0.81,8.28,11.28,-7.51,0.24,2.98,-29.38,351.67,348.83,2.53,1.93,StrongBuy,Strong buy,StrongBuy,Strong buy,Buy,Buy,64.18,2.75,1.62,163.55,69.82,54.40,0.00,0.00,0.00,0.00,0.00,0.32,155741.00,20.72,62.15,0.00,111080.00,-0.75,17.92,0.00,2.83,2.23,14.84,0.00,241.52,29219623862.63,3.38,14.28,10.61,60.75,59.00,58.86,58.66,60.74,67.07,74.76,63.38,64.72,3.41,0.97,0.57,8156440692.11,0.00,0.00
[object Object],Q,"Qnity Electronics, Inc.",NYSE,117.13,stock,common,100.00,1.00,false,0.00,USD,1.98,1164539.00,0.74,24504596639.57,USD,41.94,2.79,-26.24,0.26,Electronic technology,america,Electronic Technology,StrongBuy,Strong buy,1.98,-4.73,-13.88,-27.00,5.46,43.38,66.14,66.14,66.14,66.14,4.32,4.03,Sell,Sell,StrongSell,Strong sell,Neutral,Neutral,40.46,-0.56,-9.71,-74.41,23.00,27.60,0.00,119.77,4.27,1.83,3795.00,2.56,1164539.00,-18.59,117.50,0.32,310643.00,0.00,41.94,0.00,4.63,3.38,21.06,29.84,25.62,28357596639.57,5.44,25.07,18.71,120.12,127.11,130.75,141.67,123.31,179.88,189.00,170.00,180.00,4.55,1.07,1.19,5607568625.00,1364556333.00,1486704286.00
[object Object],FORTUM,Fortum Oyj,OMXHEX,24.43,stock,common,100.00,1.00,false,0.00,EUR,2.82,1671097.00,0.88,24437334602.75,USD,26.47,1.05,-12.20,3.11,Utilities,finland,Utilities,Neutral,Neutral,2.82,-2.63,22.15,22.27,10.79,34.23,58.64,-8.98,82.31,438.11,3.29,3.37,StrongBuy,Strong buy,StrongBuy,Strong buy,Buy,Buy,72.30,4.05,2.92,105.64,66.77,63.77,0.00,0.00,0.00,0.00,0.00,0.08,1671097.00,7.35,0.00,0.00,0.00,44.07,26.47,0.00,3.88,2.69,25.40,49.26,10.43,26553349022.75,4.24,23.85,17.94,23.17,21.16,20.63,20.52,20.20,24.62,33.24,16.74,24.36,1.21,0.14,0.13,6739553574.90,1143519409.92,1137707035.27
[object Object],IAG,International Consolidated Airlines Group SA,LSE,422.60,stock,common,10.00,1.00,false,0.00,GBX,1.05,7164369.00,0.91,24418358350.99,USD,7.56,0.74,8.50,1.65,Transportation,uk,Transportation,Buy,Buy,1.05,1.83,-2.85,-7.73,20.40,2.05,9.97,199.59,50.23,41.65,2.37,2.02,Sell,Sell,Sell,Sell,Sell,Sell,47.65,-4.10,-16.18,-22.70,31.30,21.53,doji,0.00,0.00,0.00,0.00,1.05,7164369.00,-28.54,422.60,0.00,2028251.00,4.88,7.56,0.88,0.69,2.52,3.27,5.79,2.56,29831466974.01,0.78,5.56,3.45,419.05,429.13,435.18,430.11,415.66,7.10,8.69,5.39,7.01,0.75,0.00,0.00,39662507545.36,0.00,0.00
[object Object],RBI,Raiffeisen Bank International AG,VIE,60.95,stock,common,100.00,5.00,false,0.00,EUR,-6.01,1135858.00,3.95,24415011777.40,USD,8.49,8.20,0.00,2.47,Finance,austria,Finance,Buy,Buy,-6.01,-7.58,-3.18,13.71,61.59,59.06,111.49,189.96,366.87,63.19,3.54,2.79,Sell,Sell,Sell,Sell,Sell,Sell,43.68,-3.40,0.93,-149.98,38.96,45.91,doji,0.00,0.00,0.00,0.00,-5.94,1135858.00,196.22,60.95,0.00,351081.00,122.14,8.49,0.00,2.12,0.98,3.70,4.12,0.00,79057702677.40,4.99,0.00,0.00,64.39,63.05,60.77,55.42,47.59,69.81,92.31,41.31,77.31,7.97,1.92,2.34,10094028789.10,2284295863.54,2712769364.48
[object Object],LISP,Chocoladefabriken Lindt & Spruengli AG Partizipsch.,SIX,8680.00,stock,preferred,1.00,5.00,false,0.00,CHF,0.75,2842.00,0.79,24288840038.10,USD,27.30,393.32,14.88,2.09,Consumer non-durables,switzerland,Consumer Non-Durables,Sell,Sell,0.75,2.54,-7.07,-4.67,-17.33,-25.49,-29.66,-20.07,54.59,1015.68,2.07,2.07,Sell,Sell,Sell,Sell,Buy,Buy,45.49,155.00,-376.57,-5.96,58.29,46.13,0.00,0.00,0.00,0.00,0.00,0.41,2842.00,7.12,8680.00,0.00,1511.00,-26.84,27.30,1.82,3.35,4.53,19.16,25.66,48.45,26026512788.10,3.57,21.64,16.37,8527.50,8922.33,9109.70,9227.20,10283.83,12401.56,16352.35,10696.65,11692.55,406.93,93.11,281.75,7600143041.44,2922674552.19,4487440918.50
[object Object],RF,Regions Financial Corporation,NYSE,28.48,stock,common,100.00,1.00,false,0.00,USD,0.04,7267754.00,1.01,24262951699.84,USD,11.58,2.46,14.60,3.72,Finance,america,Finance,Neutral,Neutral,0.04,-5.10,-10.55,-2.06,12.70,5.13,6.95,44.35,197.91,1042.73,2.83,1.97,Sell,Sell,StrongSell,Strong sell,Neutral,Neutral,29.63,-1.45,-1.14,-245.04,18.63,29.62,0.00,0.00,0.00,0.00,0.00,1.05,7267754.00,-30.78,28.62,0.51,1321568.00,4.00,11.58,0.79,3.23,1.39,13.73,13.73,0.00,23404951699.84,2.46,0.00,0.00,29.76,30.50,30.77,29.61,28.65,32.89,36.00,28.00,33.00,2.64,0.63,0.66,7825627356.00,1936372974.00,1987149831.00
[object Object],SYF,Synchrony Financial,NYSE,74.41,stock,common,100.00,1.00,false,0.00,USD,-0.63,2184086.00,0.82,24210844031.29,USD,7.63,9.75,18.48,1.66,Finance,america,Finance,Buy,Buy,-0.63,-3.34,-7.65,-1.29,13.95,-11.11,-0.48,52.89,178.06,223.52,3.08,2.51,Sell,Sell,StrongSell,Strong sell,Neutral,Neutral,38.43,-3.98,-3.03,-116.07,19.41,20.97,marubozu_black_bearish,0.00,0.00,0.00,0.00,1.67,2184086.00,-19.88,74.41,0.00,792465.00,-11.39,7.63,0.42,1.32,1.59,2.56,2.56,1.54,26165844031.29,1.38,2.48,2.39,76.84,78.35,76.86,75.12,75.16,89.32,104.00,78.00,89.50,9.35,2.14,2.37,15152489422.00,3724720221.00,3823434417.00
[object Object],PHIA,Koninklijke Philips N.V.,EURONEXT,21.54,stock,common,100.00,1.00,false,0.00,EUR,-0.69,1325273.00,0.85,24166011713.14,USD,18.69,1.32,0.00,3.92,Health services,netherlands,Health Services,Buy,Buy,-0.69,-0.23,-7.31,-8.14,-7.16,-6.95,-9.15,-41.25,-6.52,341.54,1.81,1.77,StrongSell,Strong sell,StrongSell,Strong sell,Neutral,Neutral,34.46,-0.81,-1.26,-78.13,21.21,19.00,0.00,0.00,0.00,0.00,0.00,0.14,1325273.00,1.34,21.54,0.00,945070.00,1.72,18.69,0.00,1.19,1.84,9.14,10.46,11.66,30705482063.14,1.52,16.68,9.47,21.69,22.76,22.95,23.02,23.73,30.69,38.27,25.51,30.15,1.92,0.42,0.41,21051670435.52,4932475418.75,5078503255.82
[object Object],TEF,Telefonica SA,BME,3.75,stock,common,1000.00,1.00,false,0.00,EUR,1.21,11643751.00,1.29,23988485831.45,USD,0.00,-0.67,-40.72,6.56,Communications,spain,Communications,Neutral,Neutral,1.21,3.93,2.10,1.32,3.30,7.11,-17.12,-9.04,-59.24,-82.81,1.67,1.52,Buy,Buy,StrongBuy,Strong buy,Neutral,Neutral,61.65,0.07,0.02,237.76,93.37,85.69,0.00,0.00,0.00,0.00,0.00,-0.27,11643751.00,5.78,0.00,0.00,0.00,-20.69,0.00,-0.16,0.60,2.96,2.38,5.21,3.61,77894125121.45,1.98,39.96,7.55,3.66,3.66,3.64,3.73,3.67,4.53,5.62,3.55,4.47,0.40,0.13,0.14,39247129092.36,9409929023.04,9576961204.60
[object Object],TPL,Texas Pacific Land Corporation,NYSE,347.20,stock,common,100.00,1.00,false,0.00,USD,-0.39,433875.00,1.38,23948008718.10,USD,44.26,7.84,17.27,0.65,Miscellaneous,america,Miscellaneous,Buy,Buy,-0.39,-7.72,-4.27,-2.06,-34.92,21.40,11.95,151.53,1336.76,493295.37,3.67,3.64,StrongSell,Strong sell,StrongSell,Strong sell,Neutral,Neutral,39.09,-20.12,-5.55,-249.14,14.42,21.91,"doji_star_bullish,long_upper_shadow_bearish",346.99,-0.45,0.41,1782.00,-0.32,433875.00,-6.29,347.20,0.00,156975.00,17.79,44.26,2.57,26.81,14.32,40.08,45.95,96.41,23714909718.10,26.42,35.26,32.04,365.27,364.22,380.88,389.00,394.42,442.00,639.00,247.00,440.00,9.30,2.18,2.36,1010000000.00,249500000.00,255000000.00
[object Object],SW,Smurfit Westrock PLC,NYSE,45.48,stock,common,100.00,1.00,false,0.00,USD,2.02,4501619.00,1.19,23780999980.47,USD,48.36,0.94,42.25,4.01,Process industries,america,Process Industries,StrongBuy,Strong buy,2.02,8.34,-4.55,4.38,22.16,17.10,2.55,-6.15,-3.64,256.71,2.90,3.02,Neutral,Neutral,Buy,Buy,Neutral,Neutral,48.97,0.12,-2.89,-21.91,36.13,28.26,doji,45.03,1.01,0.16,1443.00,2.00,4501619.00,-17.90,45.48,0.00,1321739.00,-3.12,48.36,1.12,0.75,1.32,7.12,22.77,35.34,37291999980.56,1.19,20.67,8.21,44.05,46.84,46.41,44.07,42.79,56.84,68.00,46.00,57.00,2.22,0.40,0.62,32196026559.00,7932594337.00,8263192349.00
[object Object],DRI,"Darden Restaurants, Inc.",NYSE,206.74,stock,common,100.00,1.00,false,0.00,USD,-0.64,893161.00,0.81,23473622775.06,USD,19.90,10.39,17.07,2.94,Consumer services,america,Consumer Services,Buy,Buy,-0.64,-0.73,-8.67,-3.84,0.78,12.03,-1.77,38.39,232.59,3452.05,2.55,2.26,Sell,Sell,StrongSell,Strong sell,Sell,Sell,43.15,-13.29,-4.89,-133.81,9.21,23.15,0.00,0.00,0.00,0.00,0.00,0.40,893161.00,-18.70,206.74,0.00,219304.00,0.89,19.90,1.17,1.81,10.68,12.85,21.80,104.64,31256622775.06,2.37,19.44,14.41,211.72,216.75,210.46,206.10,202.70,236.04,276.00,200.00,235.00,11.29,3.63,2.05,13691049005.00,3728344665.00,3206855717.00
[object Object],PPG,"PPG Industries, Inc.",NYSE,105.45,stock,common,100.00,1.00,false,0.00,USD,0.45,1388970.00,0.85,23441536071.78,USD,15.14,6.96,23.48,2.73,Process industries,america,Process Industries,Buy,Buy,0.45,-0.14,-6.53,-10.98,6.99,2.35,-3.15,-29.11,4.79,7627.60,2.42,2.15,Sell,Sell,StrongSell,Strong sell,Neutral,Neutral,35.44,-5.86,-6.72,-93.48,10.60,10.11,0.00,106.59,1.53,0.95,228.00,1.88,1388970.00,-14.45,105.45,0.00,327454.00,-1.41,15.14,0.64,1.43,2.78,10.91,16.78,14.81,29453536071.78,1.79,13.57,10.76,107.13,111.72,113.31,113.18,111.72,127.00,138.00,115.00,126.00,7.91,2.25,2.14,16785187950.00,4365175209.00,4277530291.00
[object Object],HUBB,Hubbell Incorporated,NYSE,443.23,stock,common,100.00,1.00,false,0.00,USD,0.95,655413.00,1.39,23416980002.21,USD,26.24,16.89,9.66,1.29,Producer manufacturing,america,Producer Manufacturing,Buy,Buy,0.95,-1.66,-10.32,-14.41,-8.25,-1.01,1.83,137.33,333.18,25852.63,2.63,2.40,Sell,Sell,StrongSell,Strong sell,Neutral,Neutral,38.98,-6.85,-30.07,-99.96,11.27,15.33,0.00,449.98,2.48,2.48,82.00,1.93,655413.00,120.39,443.23,0.00,65097.00,2.46,26.24,2.69,3.75,5.99,22.03,26.11,59.63,28589980002.21,4.59,22.01,18.59,451.66,472.59,477.25,485.92,486.63,572.10,630.00,537.00,575.00,20.46,5.39,5.75,6869247074.00,1661981960.00,1845933229.00
[object Object],CHTR,"Charter Communications, Inc. Class A",NASDAQ,133.37,stock,common,100.00,1.00,false,0.00,USD,-1.21,1926535.00,0.71,23355112318.29,USD,3.46,38.49,4.73,0.00,Consumer services,america,Consumer Services,Neutral,Neutral,-1.21,-0.46,-9.36,1.81,-36.69,-36.32,-49.01,-82.57,-49.90,265.43,4.21,4.86,StrongSell,Strong sell,StrongSell,Strong sell,Sell,Sell,40.56,-25.60,-8.37,-166.23,12.74,24.50,0.00,137.00,1.48,0.33,5323.00,0.53,1926535.00,-6.50,133.53,0.12,264894.00,-36.49,3.46,0.74,0.30,0.94,0.98,3.71,27.00,122819112318.29,2.26,9.42,5.63,142.22,148.87,143.53,143.78,179.80,205.50,700.00,101.00,150.00,40.98,9.98,9.78,54259260910.00,13511802841.00,13545096559.00
[object Object],INDU_C,Industrivarden AB Class C,OMXSTO,538.80,stock,common,10.00,2.00,false,0.00,SEK,1.32,309163.00,1.13,23308701547.14,USD,3.70,14.95,379.35,1.65,Finance,sweden,Finance,Sell,Sell,1.32,1.01,4.34,5.85,16.70,29.61,47.41,88.00,247.16,515.77,1.49,1.43,Buy,Buy,StrongBuy,Strong buy,Sell,Sell,55.30,3.60,-7.12,56.89,52.57,32.74,0.00,0.00,0.00,0.00,0.00,0.38,309163.00,-4.12,0.00,0.00,0.00,45.34,3.70,0.01,24.16,1.04,25.23,25.23,59.23,23546051547.14,24.12,3.63,0.00,532.22,532.04,533.17,517.29,485.72,53.22,59.05,48.07,51.80,9.37,0.00,0.00,841146800.00,0.00,0.00
[object Object],ULTA,Ulta Beauty Inc.,NASDAQ,543.73,stock,common,100.00,1.00,false,0.00,USD,2.49,433833.00,0.78,23248521646.02,USD,19.81,27.45,5.20,0.00,Retail trade,america,Retail Trade,Buy,Buy,2.49,1.18,9.46,19.76,1.90,-10.29,3.09,42.91,133.46,1547.67,2.77,3.21,Buy,Buy,StrongBuy,Strong buy,Buy,Buy,53.39,-8.01,6.33,27.44,55.78,60.21,0.00,539.73,1.74,0.09,1452.00,1.78,433833.00,-33.45,543.00,-0.13,97354.00,-2.29,19.81,3.72,1.76,8.80,14.94,20.38,109.69,25559101646.02,1.97,15.66,13.09,546.20,536.66,518.96,504.46,557.37,638.30,731.00,500.00,645.00,28.99,6.22,5.62,13276043561.00,2988196506.00,2986772334.00
[object Object],VLTO,Veralto Corporation,NYSE,95.25,stock,common,100.00,1.00,false,0.00,USD,-0.52,1816791.00,1.33,23221316608.89,USD,24.01,3.97,11.10,0.52,Producer manufacturing,america,Producer Manufacturing,Buy,Buy,-0.52,0.76,-2.64,14.57,6.38,-4.00,-10.96,23.30,23.30,23.30,1.62,1.72,Sell,Sell,Sell,Sell,Sell,Sell,46.20,-1.96,-1.48,-75.62,39.08,39.15,0.00,96.30,0.57,0.57,200.00,0.44,1816791.00,66.09,95.25,0.00,857566.00,-9.44,24.01,2.17,4.13,7.51,21.23,22.36,11.05,24482316608.89,4.30,18.91,17.64,95.48,97.19,95.83,91.09,93.25,114.57,136.00,100.00,112.50,4.38,1.01,1.09,5910324308.00,1454912600.00,1497820250.00
[object Object],UNI,UNIPOL ASSICURAZIONI SPA,MIL,28.37,stock,common,100.00,1.00,false,0.00,EUR,0.50,1239636.00,1.77,23194040369.07,USD,11.53,2.81,51.57,3.97,Finance,italy,Finance,StrongBuy,Strong buy,0.50,0.57,-2.64,17.86,45.49,37.92,64.08,487.01,1077.18,-51.39,1.58,1.99,Buy,Buy,StrongBuy,Strong buy,Neutral,Neutral,55.94,-0.11,-0.28,53.56,55.91,43.13,0.00,0.00,0.00,0.00,0.00,-0.11,1239636.00,88.40,0.00,0.00,0.00,61.50,11.53,0.22,1.33,1.77,4.82,5.67,0.00,27769950209.07,1.59,0.00,0.00,28.10,28.30,27.74,25.38,22.77,36.79,39.12,33.87,37.37,2.54,0.00,0.00,20748423856.00,10321938280.00,0.00
[object Object],TPR,"Tapestry, Inc.",NYSE,116.04,stock,common,100.00,1.00,false,0.00,USD,-1.61,2462553.00,0.80,23137410777.23,USD,15.94,7.28,1049.79,1.36,Retail trade,america,Retail Trade,Buy,Buy,-1.61,1.71,-10.37,-21.71,-18.40,-10.20,5.42,185.39,224.68,4541.60,2.87,2.75,Sell,Sell,StrongSell,Strong sell,Neutral,Neutral,32.76,-7.10,-15.59,-78.02,29.81,29.43,marubozu_black_bearish,120.00,1.75,1.35,7409.00,2.38,2462553.00,-15.10,117.94,1.64,767390.00,13.84,15.94,0.02,3.05,33.60,12.15,13.26,20.86,25938410777.23,3.24,13.51,12.15,117.94,130.10,136.28,138.94,138.78,172.61,232.00,140.00,169.50,7.98,1.28,1.56,8554080745.00,1873166798.00,1846153946.00
[object Object],NN,NN Group N.V.,EURONEXT,81.10,stock,common,100.00,2.00,false,0.00,EUR,1.37,621665.00,1.05,23095890871.94,USD,11.96,7.74,44.63,5.06,Finance,netherlands,Finance,Buy,Buy,1.37,5.90,3.31,9.48,21.66,23.25,40.85,83.90,198.71,286.19,1.45,1.42,StrongBuy,Strong buy,StrongBuy,Strong buy,Neutral,Neutral,62.85,1.52,0.42,165.57,82.59,67.79,0.00,0.00,0.00,0.00,0.00,0.35,621665.00,8.23,81.10,0.00,408953.00,32.25,11.96,0.26,0.88,1.10,0.00,0.00,0.00,40254406501.94,1.49,0.00,0.00,78.91,78.26,78.73,76.63,72.10,96.06,113.32,86.00,93.56,9.95,4.21,4.37,17403654278.00,9093081720.00,7098850110.00
[object Object],VRSK,"Verisk Analytics, Inc.",NASDAQ,176.48,stock,common,100.00,1.00,false,0.00,USD,-2.90,965452.00,0.87,22969934606.71,USD,27.12,6.51,0.38,1.05,Technology services,america,Technology Services,Buy,Buy,-2.90,-0.78,-1.14,0.26,-12.24,-20.48,-29.60,-12.44,117.90,553.63,3.26,3.06,Sell,Sell,StrongSell,Strong sell,Neutral,Neutral,42.06,-11.68,-5.32,-93.58,30.08,36.88,0.00,0.00,0.00,0.00,0.00,-0.36,965452.00,-24.93,176.48,0.00,157723.00,-31.68,27.12,73.90,7.58,0.00,15.36,18.68,41.82,27034834606.71,8.62,19.24,15.62,180.73,184.67,189.53,183.27,192.80,237.29,263.00,195.00,235.00,7.71,1.93,1.93,3219582699.00,804019081.00,806282494.00
[object Object],BG,Bunge Global SA,NYSE,119.31,stock,common,100.00,1.00,false,0.00,USD,1.86,2208245.00,1.27,22921732309.47,USD,23.14,5.16,-48.49,2.42,Process industries,america,Process Industries,StrongBuy,Strong buy,1.86,-5.74,3.34,2.37,-2.94,33.76,43.01,46.95,98.65,645.69,4.18,3.97,Buy,Buy,StrongBuy,Strong buy,Neutral,Neutral,52.47,-3.55,5.88,-4.60,54.28,61.74,0.00,0.00,0.00,0.00,0.00,-1.71,2208245.00,21.98,119.31,0.00,357188.00,42.76,23.14,0.00,0.25,1.44,21.64,0.00,27.88,40399732309.47,0.44,20.06,13.58,121.27,116.26,115.66,118.30,115.27,145.20,155.00,135.00,146.00,9.52,1.97,2.46,92506973884.00,22814120572.00,23204191928.00
[object Object],ALFA,Alfa Laval AB,OMXSTO,556.00,stock,common,10.00,2.00,false,0.00,SEK,1.53,604342.00,1.16,22860086003.69,USD,28.04,2.04,2.11,1.64,Producer manufacturing,sweden,Producer Manufacturing,Buy,Buy,1.53,0.69,0.00,1.05,6.88,19.44,29.00,57.73,306.43,2204.66,1.79,1.76,Neutral,Neutral,Buy,Buy,Neutral,Neutral,49.80,0.80,-17.11,-31.81,34.96,21.85,0.00,0.00,0.00,0.00,0.00,0.44,604342.00,-15.40,0.00,0.00,0.00,32.85,28.04,13.12,3.21,5.06,26.18,39.04,46.17,24522142003.69,3.39,18.67,15.35,550.16,559.25,561.27,554.04,530.12,60.58,69.69,43.94,62.62,2.39,0.57,0.57,7981591428.32,1839889621.61,1884579934.88
[object Object],EMSN,EMS-CHEMIE HOLDING AG,SIX,810.00,stock,common,10.00,5.00,false,0.00,CHF,0.68,9342.00,0.90,22777339274.90,USD,39.94,25.09,2.71,2.29,Process industries,switzerland,Process Industries,Neutral,Neutral,0.68,1.82,3.58,15.38,33.88,46.74,38.82,-15.09,55.77,688.32,1.73,1.61,StrongBuy,Strong buy,StrongBuy,Strong buy,Buy,Buy,62.65,20.00,1.57,145.03,97.62,87.03,0.00,0.00,0.00,0.00,0.00,0.00,9342.00,-52.84,810.00,0.00,5954.00,32.09,39.94,14.64,9.70,9.03,32.58,34.14,22.36,21794805476.90,9.08,30.38,27.79,795.05,791.10,789.10,738.35,672.55,901.19,1055.48,773.20,920.48,27.07,13.36,12.72,2488463503.76,1220399150.00,1122617700.00
[object Object],GPN,Global Payments Inc.,NYSE,85.40,stock,common,100.00,1.00,false,0.00,USD,-1.26,1840038.00,0.82,22598408896.44,USD,26.79,3.19,-44.26,1.16,Finance,america,Finance,Buy,Buy,-1.26,-1.69,-6.83,28.15,25.59,10.05,1.30,-47.76,12.81,2177.33,2.68,2.72,Sell,Sell,Sell,Sell,Sell,Sell,41.36,-7.41,-1.54,-158.01,14.13,25.18,0.00,87.02,0.61,-0.06,638.00,0.53,1840038.00,-5.94,85.40,0.00,539936.00,12.92,26.79,0.00,2.29,0.98,13.92,28.04,4.05,41319547896.44,4.05,19.70,8.97,88.87,90.29,86.82,78.36,76.26,103.14,194.00,70.00,95.50,13.65,3.44,3.59,12355896403.00,3163650887.00,3181451392.00
[object Object],CHD,"Church & Dwight Co., Inc.",NYSE,95.05,stock,common,100.00,1.00,false,0.00,USD,-0.48,1616817.00,0.83,22546231503.09,USD,30.58,3.11,46.59,1.27,Consumer non-durables,america,Consumer Non-Durables,Buy,Buy,-0.48,-0.19,-3.91,-3.15,0.58,13.81,3.46,14.24,102.23,38395.03,1.59,1.78,StrongSell,Strong sell,StrongSell,Strong sell,Sell,Sell,37.95,-4.27,-4.65,-70.89,19.87,17.12,0.00,96.44,0.97,0.22,1106.00,0.49,1616817.00,-12.18,95.05,0.00,424237.00,3.82,30.58,0.66,3.65,5.18,17.96,20.30,88.86,24719731503.09,3.97,22.72,18.86,95.66,99.19,98.81,97.48,95.37,107.12,115.00,86.00,110.00,3.78,0.90,0.90,6233626359.00,1502775746.00,1577349850.00
[object Object],IHG,InterContinental Hotels Group PLC,LSE,153.45,stock,common,100.00,5.00,false,0.00,USD,-0.07,175573.00,0.66,22508749120.00,USD,32.61,4.71,-0.31,1.23,Consumer services,uk,Consumer Services,Neutral,Neutral,-0.07,0.69,-4.27,-10.03,14.60,9.61,28.59,148.98,220.65,1721.22,1.78,2.06,Sell,Sell,StrongSell,Strong sell,Buy,Buy,41.48,-5.55,-4.34,-77.74,13.82,13.83,0.00,0.00,0.00,0.00,0.00,0.49,175573.00,-56.65,153.45,0.00,72890.00,27.11,32.61,0.00,4.35,0.00,24.64,25.37,27.90,26222749120.01,4.92,20.88,18.81,154.33,158.03,158.45,158.68,148.07,166.31,195.00,133.00,172.50,5.76,2.65,2.99,5546189543.00,2702650000.00,2930000000.00
[object Object],EDP,EDP S.A.,EURONEXT,4.85,stock,common,1000.00,1.00,false,0.00,EUR,2.15,9405187.00,1.12,22502687890.35,USD,17.14,0.32,57.72,4.32,Utilities,portugal,Utilities,Buy,Buy,2.15,2.41,6.26,10.62,11.16,23.78,26.82,7.06,71.19,111.88,2.45,1.77,StrongBuy,Strong buy,StrongBuy,Strong buy,Buy,Buy,62.86,0.22,0.09,170.19,65.70,47.87,0.00,0.00,0.00,0.00,0.00,-0.13,9405187.00,-6.89,4.85,0.00,3891961.00,26.68,17.14,0.29,1.23,1.75,7.27,0.00,6.20,51923861281.68,2.83,17.25,9.60,4.73,4.65,4.60,4.52,4.39,6.08,6.93,5.20,6.12,0.38,0.09,0.07,18649281731.16,4313477250.76,4544267664.17
[object Object],CASY,"Casey's General Stores, Inc.",NASDAQ,607.45,stock,common,100.00,1.00,false,0.00,USD,3.13,623221.00,0.72,22451453401.87,USD,29.25,20.77,33.36,0.40,Retail trade,america,Retail Trade,Buy,Buy,3.13,-3.88,-30.23,-29.33,-8.66,10.08,7.38,215.33,403.82,48495.77,3.92,3.58,Sell,Sell,StrongSell,Strong sell,Neutral,Neutral,24.86,-146.14,-170.37,-103.50,4.20,4.69,0.00,595.01,1.02,0.64,776.00,0.35,623221.00,-14.62,606.89,-0.09,73216.00,53.27,29.25,0.85,1.17,5.49,16.24,34.77,43.05,24815542401.87,1.33,22.61,15.96,652.53,763.95,799.19,810.92,729.84,807.63,950.00,687.00,780.00,21.36,6.78,5.90,20801567031.00,5560967597.00,5458565881.00
[object Object],SGSN,SGS SA,SIX,93.34,stock,common,100.00,2.00,false,0.00,CHF,0.37,215750.00,0.82,22383506682.98,USD,27.50,4.20,2.64,3.44,Commercial services,switzerland,Commercial Services,Buy,Buy,0.37,1.28,-0.13,2.12,8.38,3.00,12.43,-20.22,9.14,376.22,1.36,1.32,Buy,Buy,StrongBuy,Strong buy,Buy,Buy,51.95,1.46,-0.96,95.21,78.80,71.39,doji,0.00,0.00,0.00,0.00,0.39,215750.00,10.01,93.34,0.00,124162.00,18.63,27.50,10.37,2.53,18.32,14.58,18.39,14.07,27264242682.98,3.06,20.41,13.95,92.37,93.26,94.22,91.74,91.21,124.72,145.30,101.34,128.21,5.17,2.16,2.91,9608474068.33,4530313807.25,4931278006.50
[object Object],KEY,KeyCorp,NYSE,20.95,stock,common,100.00,1.00,false,0.00,USD,1.11,12953250.00,0.85,22356342173.08,USD,12.19,1.72,0.00,3.96,Finance,america,Finance,Buy,Buy,1.11,-3.81,-9.15,-8.27,8.61,1.55,12.21,0.19,71.16,1130.09,2.92,2.01,StrongSell,Strong sell,StrongSell,Strong sell,Neutral,Neutral,35.26,-0.85,-0.72,-247.46,27.57,41.66,0.00,21.00,1.35,0.77,9237.00,1.25,12953250.00,-52.61,20.89,-0.29,2421109.00,8.87,12.19,0.00,2.92,1.30,25.92,29.73,0.00,37804342173.08,3.41,0.00,0.00,21.67,22.09,22.46,22.25,21.57,25.14,28.00,22.00,25.00,1.83,0.42,0.46,8061603272.00,1970203195.00,2036289694.00
[object Object],CCH,Coca-Cola HBC AG,LSE,4610.00,stock,common,1.00,2.00,false,0.00,GBX,0.57,1149334.00,1.64,22347357975.85,USD,19.41,3.15,12.70,2.27,Consumer non-durables,uk,Consumer Non-Durables,Buy,Buy,0.57,3.46,1.59,0.52,6.56,19.74,27.70,84.55,172.46,163.43,1.69,1.75,Buy,Buy,Buy,Buy,Buy,Buy,50.01,38.00,-55.20,89.96,71.28,67.56,long_upper_shadow_bearish,0.00,0.00,0.00,0.00,0.52,1149334.00,-7.09,4610.00,0.00,331750.00,23.62,19.41,1.52,1.57,4.75,12.19,26.08,4.05,24026481687.27,1.71,14.91,11.26,4549.40,4597.53,4735.34,4607.79,4396.67,69.29,76.69,51.41,72.12,3.37,1.64,1.66,14440785326.02,7038674297.93,7203704393.69
[object Object],NRG,"NRG Energy, Inc.",NYSE,106.23,stock,common,100.00,1.00,false,0.00,USD,-1.07,3301825.00,1.23,22330658691.48,USD,28.10,3.78,59.99,1.74,Utilities,america,Utilities,Buy,Buy,-1.07,-7.11,-12.87,-20.24,-34.23,-34.26,-35.77,148.43,867.49,1018.21,3.69,3.54,Sell,Sell,StrongSell,Strong sell,Sell,Sell,38.18,-4.86,-7.91,-114.22,8.48,11.41,0.00,109.10,1.60,1.45,1582.00,2.20,3301825.00,64.33,106.31,0.08,558823.00,-17.99,28.10,0.47,0.69,5.31,14.48,64.71,106.23,46235658691.48,1.40,25.54,13.22,111.90,114.88,122.48,130.37,144.50,194.40,270.00,160.00,190.00,8.89,1.69,3.16,35065847353.00,7311835033.00,9332507759.00
[object Object],PHM,"PulteGroup, Inc.",NYSE,118.84,stock,common,100.00,1.00,false,0.00,USD,1.10,1282398.00,0.91,22276861045.54,USD,12.14,9.79,-26.81,0.85,Consumer durables,america,Consumer Durables,Buy,Buy,1.10,2.08,-8.43,-3.86,1.18,0.33,-11.96,148.72,502.03,73503.83,2.55,2.25,Sell,Sell,StrongSell,Strong sell,Neutral,Neutral,39.97,-4.86,-7.98,-80.60,24.93,24.34,0.00,119.50,1.66,1.26,395.00,1.60,1282398.00,-11.82,118.85,0.01,341721.00,-11.43,12.14,0.00,1.37,1.71,13.68,14.69,16.44,23327700045.54,1.42,9.13,8.75,119.72,125.76,126.49,124.18,125.15,140.14,166.00,100.00,145.00,10.15,2.36,2.66,16395232876.00,3942035239.00,4174902547.00
[object Object],JBHT,"J.B. Hunt Transport Services, Inc.",NASDAQ,236.80,stock,common,100.00,1.00,false,0.00,USD,0.03,1790976.00,1.42,22239057362.67,USD,33.57,7.05,28.18,0.76,Transportation,america,Transportation,Buy,Buy,0.03,-11.35,-16.32,-11.40,18.28,21.79,71.62,38.43,191.81,15259.93,3.22,3.08,StrongSell,Strong sell,StrongSell,Strong sell,Neutral,Neutral,31.09,-23.42,-9.03,-247.60,30.74,58.23,inverted_hammer_bullish,239.50,1.17,0.54,9633.00,0.79,1790976.00,-62.80,236.84,0.02,229027.00,72.50,33.57,1.19,1.77,6.08,14.09,20.44,5401.91,23380232362.67,1.84,24.26,13.90,264.25,267.33,273.12,270.26,241.25,303.77,370.00,200.00,303.50,7.62,1.74,2.01,13731760061.00,3262962370.00,3562633676.00
[object Object],NXT,Next plc,LSE,14920.00,stock,common,1.00,5.00,false,0.00,GBX,2.47,326986.00,1.00,22231633949.54,USD,18.96,10.61,19.33,1.68,Consumer non-durables,uk,Consumer Non-Durables,Buy,Buy,2.47,-0.80,-0.33,3.43,21.35,8.91,23.82,83.83,196.92,5820.63,2.36,2.37,Neutral,Neutral,Sell,Sell,Buy,Buy,46.50,-285.00,-450.41,-78.54,42.89,39.35,0.00,0.00,0.00,0.00,0.00,0.52,326986.00,-3.53,14920.00,0.00,153989.00,29.55,18.96,0.96,2.36,11.32,14.25,17.15,194.44,24892254109.54,2.56,13.74,11.01,14950.50,15230.50,15103.30,14362.30,13822.13,219.43,252.84,187.94,216.34,11.17,4.85,6.06,9981209470.10,4395886863.12,5029104021.78
[object Object],L,Loews Corporation,NYSE,108.36,stock,common,100.00,1.00,false,0.00,USD,-0.40,1210260.00,1.40,22151787830.04,USD,13.27,8.16,29.80,0.23,Finance,america,Finance,NoRating,No rating,-0.40,-1.05,-4.61,0.60,2.51,3.20,12.73,102.47,166.44,54792.78,1.51,1.36,Sell,Sell,StrongSell,Strong sell,Neutral,Neutral,37.28,-0.58,-2.64,-77.53,34.87,37.18,0.00,0.00,0.00,0.00,0.00,0.26,1210260.00,12.35,108.36,0.00,432761.00,11.35,13.27,0.45,1.20,1.16,6.25,8.09,0.00,32004787830.04,1.71,0.00,0.00,108.97,110.74,112.78,110.69,108.91,0.00,0.00,0.00,0.00,0.00,0.00,0.00,21903000000.00,0.00,0.00
[object Object],TROW,"T. Rowe Price Group, Inc.",NASDAQ,102.84,stock,common,100.00,1.00,false,0.00,USD,0.43,1608619.00,1.16,21937401484.74,USD,10.32,9.97,11.48,5.02,Finance,america,Finance,Sell,Sell,0.43,-4.47,-6.83,-5.73,18.27,0.36,-1.01,-51.96,52.88,12680.11,2.25,1.82,Sell,Sell,StrongSell,Strong sell,Buy,Buy,26.51,-6.54,-5.98,-159.60,8.71,8.04,0.00,103.69,1.26,-0.15,1100.00,1.32,1608619.00,5.06,102.74,-0.10,458437.00,0.19,10.32,0.89,2.89,1.99,7.15,7.80,6.81,20522901484.74,2.70,7.32,6.38,106.69,110.10,112.80,109.64,103.87,107.17,124.00,90.00,108.50,10.21,2.51,2.67,7756480471.00,1894552550.00,1982654664.00
[object Object],BIRG,Bank of Ireland Group PLC,EURONEXT,20.34,stock,common,100.00,1.00,false,0.00,EUR,-0.05,2495245.00,1.02,21801359672.57,USD,15.03,1.55,13.90,3.44,Finance,ireland,Finance,Buy,Buy,-0.05,2.47,5.80,10.91,28.05,24.79,52.47,301.66,186.48,186.48,2.24,1.98,Buy,Buy,StrongBuy,Strong buy,Neutral,Neutral,64.64,0.46,0.90,109.27,80.99,79.10,0.00,0.00,0.00,0.00,0.00,0.64,2495245.00,-25.32,20.34,0.00,1494984.00,47.35,15.03,1.08,2.85,1.62,3.41,3.51,0.00,13035832982.57,1.37,0.00,0.00,20.10,19.40,18.88,18.11,17.21,24.09,27.69,18.46,24.12,1.92,0.80,1.05,5160711782.15,2398219026.67,2536968322.26
[object Object],BRO,"Brown & Brown, Inc.",NYSE,65.12,stock,common,100.00,1.00,false,0.00,USD,-1.15,2188827.00,1.19,21789825185.41,USD,20.59,3.16,-8.81,1.00,Finance,america,Finance,Neutral,Neutral,-1.15,-3.73,-6.45,10.28,-2.54,-18.37,-28.89,12.94,252.67,36529.54,2.81,2.32,Sell,Sell,StrongSell,Strong sell,Sell,Sell,35.76,-6.92,-3.73,-115.89,9.80,16.66,0.00,66.50,0.94,0.88,2130.00,1.94,2188827.00,16.90,65.12,0.00,566120.00,-23.41,20.59,0.00,3.24,1.71,14.31,15.04,23.69,28962825185.41,4.27,14.46,11.56,67.78,70.44,69.99,64.86,68.92,76.50,90.00,60.00,77.00,4.49,1.08,1.09,6992594740.00,1714149067.00,1764822750.00
[object Object],LGEN,Legal & General Group Plc,LSE,301.60,stock,common,10.00,1.00,false,0.00,GBX,0.33,23463576.00,1.54,21737482685.46,USD,26.71,0.15,190.23,7.29,Finance,uk,Finance,Sell,Sell,0.33,4.83,-0.13,6.31,24.22,15.25,26.62,5.49,42.87,509.58,1.70,1.76,Buy,Buy,StrongBuy,Strong buy,Neutral,Neutral,59.60,9.20,-2.37,224.81,85.64,64.98,0.00,0.00,0.00,0.00,0.00,0.47,23463576.00,3.43,301.60,0.00,12107197.00,19.27,26.71,0.14,0.24,7.65,8.05,8.81,0.00,57962365885.46,0.59,0.00,0.00,293.00,295.75,296.36,283.97,271.26,3.62,5.15,2.55,3.54,0.33,0.16,0.15,19618532640.00,0.00,0.00
[object Object],IFF,International Flavors & Fragrances Inc.,NYSE,84.91,stock,common,100.00,1.00,false,0.00,USD,0.60,1443898.00,0.93,21664783782.68,USD,78.78,1.08,0.00,1.90,Consumer non-durables,america,Consumer Non-Durables,Buy,Buy,0.60,1.69,3.38,11.28,24.10,25.74,31.68,-39.98,-37.19,1173.66,1.79,1.96,Buy,Buy,StrongBuy,Strong buy,Neutral,Neutral,53.02,-2.03,-0.32,-23.18,31.71,24.81,0.00,0.00,0.00,0.00,0.00,1.07,1443898.00,-11.73,84.91,0.00,334432.00,28.32,78.78,0.00,2.17,1.55,18.80,40.56,38.35,27371783782.68,2.74,26.17,14.18,84.74,84.93,82.17,79.02,75.33,95.69,105.00,76.00,96.00,3.44,1.07,0.81,7918115956.00,2620958580.00,1902983489.00
[object Object],DIM,Sartorius Stedim Biotech SA,EURONEXT,196.10,stock,common,10.00,1.00,false,0.00,EUR,1.13,76526.00,1.22,21632583530.00,USD,65.21,3.43,29.94,0.36,Health technology,france,Health Technology,StrongBuy,Strong buy,1.13,3.37,8.34,18.63,13.68,-6.35,12.06,-62.14,205.21,784300.00,2.76,3.00,Buy,Buy,StrongBuy,Strong buy,Neutral,Neutral,58.94,-2.50,2.30,64.47,53.07,34.99,0.00,0.00,0.00,0.00,0.00,0.05,76526.00,105.04,196.10,0.00,59287.00,13.18,65.21,2.15,6.28,4.50,31.02,86.45,93.57,24164350079.00,7.04,37.88,23.99,189.50,189.16,183.70,177.51,182.03,275.05,304.27,241.55,278.72,5.90,1.44,1.36,3677538677.29,906420315.69,866145569.04
[object Object],FSLR,"First Solar, Inc.",NASDAQ,201.16,stock,common,100.00,1.00,false,0.00,USD,5.28,2659589.00,1.23,21618623301.41,USD,12.40,16.22,38.72,0.00,Electronic technology,america,Electronic Technology,Buy,Buy,5.28,1.82,-8.36,-23.22,3.30,-24.34,-2.34,95.41,472.29,721.06,5.29,4.10,Sell,Sell,StrongSell,Strong sell,Neutral,Neutral,44.13,-1.44,-13.38,-123.34,21.49,27.43,0.00,193.20,1.11,1.11,18330.00,1.09,2659589.00,-14.12,200.49,-0.33,311437.00,2.19,12.40,0.30,3.83,2.09,10.05,14.45,12.55,20085669301.41,3.73,10.68,8.18,204.60,214.16,214.75,230.94,228.44,279.81,402.00,150.00,280.00,17.44,2.90,4.62,5023990979.00,1062705887.00,1281684750.00
[object Object],OMC,Omnicom Group Inc,NYSE,78.60,stock,common,100.00,1.00,false,0.00,USD,-0.92,1915530.00,0.67,21563594351.59,USD,67.38,1.17,-83.26,3.91,Commercial services,america,Commercial Services,Buy,Buy,-0.92,0.47,-9.27,4.13,3.79,-2.66,2.41,7.41,-6.70,7018.46,2.01,2.45,Sell,Sell,StrongSell,Strong sell,Neutral,Neutral,39.16,-3.16,-4.23,-93.81,18.16,22.33,0.00,79.34,0.01,0.01,142.00,0.24,1915530.00,-8.04,78.97,0.47,615800.00,58.48,67.38,0.00,1.00,2.46,8.55,9.24,6.62,30567794351.59,1.37,9.56,8.28,80.41,84.48,83.16,79.16,78.30,99.54,139.00,77.00,100.00,10.43,2.67,2.58,25888175982.00,6442346803.00,6244289255.00
[object Object],HEIO,Heineken Holding N.V.,EURONEXT,67.25,stock,common,100.00,5.00,false,0.00,EUR,-0.44,149542.00,1.04,21493698118.86,USD,15.86,4.84,26.48,2.84,Consumer non-durables,netherlands,Consumer Non-Durables,Buy,Buy,-0.44,0.22,-1.18,5.24,6.92,7.43,15.95,-9.97,-5.20,178.81,1.83,1.50,Sell,Sell,StrongSell,Strong sell,Neutral,Neutral,44.38,-0.75,-1.64,-41.60,42.86,42.86,0.00,0.00,0.00,0.00,0.00,0.67,149542.00,-26.70,67.25,0.00,82081.00,11.55,15.86,0.60,0.63,1.90,3.19,4.67,6.51,55869189148.86,1.66,13.80,8.22,67.52,68.42,69.70,66.59,65.27,113.28,136.63,92.26,110.94,6.47,0.00,0.00,36439275167.27,0.00,0.00
[object Object],DLTR,"Dollar Tree, Inc.",NASDAQ,114.40,stock,common,100.00,1.00,false,0.00,USD,1.78,3147534.00,1.12,21464906016.70,USD,13.97,8.19,0.00,0.00,Retail trade,america,Retail Trade,Neutral,Neutral,1.78,-3.31,-13.23,5.59,8.37,-6.76,19.54,28.09,40.42,9688.21,3.88,3.86,Sell,Sell,StrongSell,Strong sell,Buy,Buy,34.69,-17.51,-11.51,-130.09,6.64,7.66,0.00,113.22,0.73,0.79,1338.00,0.69,3147534.00,-12.89,114.40,0.00,884570.00,8.81,13.97,0.00,1.07,6.27,7.01,11.04,20.64,28077606016.70,1.40,13.27,10.00,120.05,126.89,126.46,116.10,117.66,137.33,170.00,98.00,141.00,7.88,1.15,0.93,20684538130.00,4860972016.00,5040724548.00
[object Object],AMUN,Amundi SA,EURONEXT,92.25,stock,common,100.00,5.00,false,0.00,EUR,1.65,145051.00,0.98,21402338522.27,USD,13.90,7.58,-18.98,4.68,Finance,france,Finance,Buy,Buy,1.65,-3.05,-3.55,9.56,25.51,30.48,45.62,23.41,111.06,111.06,2.10,1.76,Sell,Sell,Sell,Sell,Neutral,Neutral,44.35,-4.75,-2.40,-142.45,23.20,19.52,0.00,0.00,0.00,0.00,0.00,0.22,145051.00,3.62,92.25,0.00,96649.00,52.42,13.90,0.00,2.57,1.49,7.29,7.61,6.77,20889421670.45,2.57,11.16,10.46,94.01,94.70,93.13,88.80,81.63,110.11,126.93,94.62,111.23,8.94,0.00,0.00,4248443861.50,0.00,0.00
[object Object],EIX,Edison International,NYSE,55.50,stock,common,100.00,1.00,false,0.00,USD,1.26,6002274.00,1.00,21357175584.40,USD,5.72,9.71,42.64,6.31,Utilities,america,Utilities,Neutral,Neutral,1.26,-3.86,-23.45,-21.69,-23.13,-8.07,-0.18,-3.31,-22.88,523.16,3.33,4.50,Sell,Sell,StrongSell,Strong sell,Neutral,Neutral,34.63,0.31,-9.82,-58.35,10.77,11.97,0.00,55.24,0.78,0.47,2940.00,0.68,6002274.00,35.98,55.50,0.00,931506.00,5.39,5.72,0.13,1.09,1.22,3.36,0.00,88.75,66302175584.40,3.41,11.43,7.25,56.36,64.95,69.56,70.48,68.40,66.08,86.00,50.00,63.00,6.13,1.18,2.01,19099024887.00,4819875678.00,5460313399.00
[object Object],TRN,Terna S.p.A.,MIL,9.42,stock,common,1000.00,2.00,false,0.00,EUR,1.66,4137249.00,0.96,21332596095.75,USD,16.95,0.63,0.93,4.28,Utilities,italy,Utilities,Neutral,Neutral,1.66,1.51,-3.62,-9.42,-4.17,4.20,12.41,44.92,109.15,419.01,2.32,1.62,Sell,Sell,StrongSell,Strong sell,Buy,Buy,44.84,-0.07,-0.49,-38.00,44.01,27.32,0.00,0.00,0.00,0.00,0.00,0.04,4137249.00,-27.47,0.00,0.00,0.00,15.87,16.95,18.00,4.46,3.18,6.46,0.00,8.33,38714175867.75,8.14,19.20,12.23,9.27,9.61,9.84,9.96,9.76,11.43,12.84,10.14,11.46,0.64,0.00,0.00,5182812985.49,2338938880.00,0.00
[object Object],SRG,Snam S.p.A.,MIL,5.62,stock,common,1000.00,2.00,false,0.00,EUR,1.37,5139203.00,1.05,21307768366.69,USD,16.47,0.39,-18.07,5.45,Utilities,italy,Utilities,Neutral,Neutral,1.37,1.30,-2.16,-11.66,-12.02,-0.21,11.11,14.73,39.52,181.93,1.59,1.61,Sell,Sell,StrongSell,Strong sell,Buy,Buy,45.94,0.02,-0.20,-27.88,35.99,21.98,0.00,0.00,0.00,0.00,0.00,0.32,5139203.00,5.21,0.00,0.00,0.00,12.72,16.47,0.00,4.71,2.28,5.55,16.80,6.42,44128857796.69,9.76,21.17,12.81,5.53,5.69,5.85,6.10,6.12,7.34,8.37,6.19,7.45,0.50,0.00,0.00,4751057179.38,2283739313.71,0.00
[object Object],DOW,"Dow, Inc.",NYSE,29.49,stock,common,100.00,1.00,false,0.00,USD,-1.96,7749747.00,0.86,21301827137.12,USD,0.00,-1.82,-30.14,4.65,Process industries,america,Process Industries,Buy,Buy,-1.96,-1.37,-6.68,-9.54,-22.03,25.22,19.88,-49.85,-44.09,-44.09,3.53,3.17,StrongSell,Strong sell,StrongSell,Strong sell,Sell,Sell,45.04,-1.79,-0.99,-66.87,36.80,28.36,0.00,29.50,-1.93,-0.27,2818.00,-1.70,7749747.00,-36.70,29.50,0.03,1471621.00,27.16,0.00,-0.55,0.53,1.34,5.53,13.37,4.70,37689827137.12,0.91,25.09,8.80,29.58,30.46,30.24,32.37,31.76,35.00,41.00,29.00,35.00,2.37,1.28,0.66,43935168195.00,12032435552.00,11305367278.00
[object Object],VACN,VAT Group AG,SIX,595.00,stock,common,10.00,2.00,false,0.00,CHF,1.50,42588.00,0.82,21281945654.69,USD,86.06,8.55,-7.14,1.19,Producer manufacturing,switzerland,Producer Manufacturing,Buy,Buy,1.50,-3.94,-5.56,-13.29,14.42,48.38,88.23,40.46,688.08,1044.23,3.34,2.92,Sell,Sell,StrongSell,Strong sell,Neutral,Neutral,45.60,-1.00,-24.81,-50.36,30.27,23.38,0.00,0.00,0.00,0.00,0.00,-0.34,42588.00,-29.43,595.00,0.00,23882.00,126.54,86.06,0.00,17.13,26.03,67.13,76.39,154.89,21622774034.69,17.01,69.11,57.34,603.28,611.91,625.66,630.12,557.75,898.87,1049.75,748.41,920.08,13.48,4.01,7.22,1681772960.62,630364521.49,967242156.75
[object Object],PKG,Packaging Corporation of America,NYSE,235.57,stock,common,100.00,1.00,false,0.00,USD,1.78,586728.00,0.94,20988885575.29,USD,30.62,7.69,-23.22,2.27,Process industries,america,Process Industries,Buy,Buy,1.78,3.64,-7.26,2.17,14.77,14.38,10.11,64.83,195.05,1863.08,1.73,2.30,Neutral,Neutral,Neutral,Neutral,Sell,Sell,46.47,2.03,-11.46,-37.52,33.84,29.90,0.00,236.50,2.18,0.24,882.00,1.33,586728.00,13.41,235.57,0.00,126368.00,4.82,30.62,0.00,2.16,4.50,12.91,28.24,35.31,24799385575.29,2.60,20.60,12.53,232.94,243.35,241.71,232.91,224.55,268.67,312.00,242.00,270.00,10.50,2.31,2.93,10076679757.00,2492654184.00,2611590837.00
[object Object],MTX,MTU Aero Engines AG,XETR,345.70,stock,common,10.00,1.00,false,0.00,EUR,2.04,132227.00,1.17,20920720309.16,USD,20.19,19.55,10.74,1.06,Electronic technology,germany,Electronic Technology,Buy,Buy,2.04,0.46,-9.03,1.83,8.71,-3.00,-3.52,82.38,288.12,1479.26,2.71,2.61,Neutral,Neutral,Sell,Sell,Neutral,Neutral,47.49,1.20,-21.48,-39.31,35.77,21.95,0.00,338.90,0.03,0.03,9.00,0.59,132227.00,42.30,344.60,-0.32,72817.00,-7.98,20.19,1.84,2.02,4.10,18.68,33.42,14.66,22431504169.16,2.13,16.15,12.31,342.62,356.51,355.27,337.09,345.01,477.07,615.50,371.62,487.75,22.02,0.00,0.00,11395702202.23,0.00,0.00
[object Object],TPRO,Technoprobe SpA,MIL,28.98,stock,common,100.00,2.00,false,0.00,EUR,3.50,1312697.00,1.26,20918629924.19,USD,90.14,0.37,196.86,0.00,Electronic technology,italy,Electronic Technology,StrongBuy,Strong buy,3.50,-0.34,-6.33,-22.76,111.07,131.84,284.86,364.42,364.42,364.42,5.87,4.80,StrongBuy,Strong buy,StrongBuy,Strong buy,Buy,Buy,51.72,2.56,0.24,61.23,46.58,49.85,0.00,0.00,0.00,0.00,0.00,1.00,1312697.00,-28.61,0.00,0.00,0.00,297.25,90.14,0.44,23.39,13.36,80.85,237.33,26.31,20150313799.94,23.02,75.83,58.58,28.86,28.56,28.98,29.57,22.49,46.39,58.04,28.56,46.43,0.62,0.22,0.32,1280490538.02,520863492.13,678628520.64
[object Object],FICO,Fair Isaac Corporation,NYSE,966.30,stock,common,100.00,1.00,false,0.00,USD,-2.53,244679.00,0.51,20869794446.83,USD,27.92,34.61,35.37,0.00,Commercial services,america,Commercial Services,Buy,Buy,-2.53,-0.76,-9.93,-14.75,-12.95,-42.86,-38.04,117.69,637.63,70412.72,3.55,3.98,StrongSell,Strong sell,StrongSell,Strong sell,Sell,Sell,38.06,-133.15,-78.73,-70.19,32.95,35.34,0.00,992.00,0.07,0.85,187.00,-0.11,244679.00,13.28,966.85,0.06,48567.00,-34.01,27.92,0.81,9.40,0.00,21.90,23.36,88.30,26219360446.83,10.95,21.02,20.75,985.88,1066.18,1126.03,1144.30,1272.96,1438.05,1750.00,696.00,1530.00,42.94,11.76,11.03,2541781306.00,679172263.00,666100768.00
[object Object],CMS,CMS Energy Corporation,NYSE,66.20,stock,common,100.00,1.00,false,0.00,USD,0.32,3252336.00,1.14,20758804534.63,USD,19.89,3.33,-1.79,3.41,Utilities,america,Utilities,Buy,Buy,0.32,-3.24,-8.41,-9.91,-14.51,-5.31,-5.86,6.21,58.56,52.62,1.77,1.46,Sell,Sell,StrongSell,Strong sell,Buy,Buy,29.27,-1.86,-2.57,-163.89,9.27,7.68,spinning_top_black,0.00,0.00,0.00,0.00,0.39,3252336.00,58.64,66.20,0.00,824913.00,0.05,19.89,0.00,2.33,2.17,9.58,0.00,59.64,40563804534.63,4.60,24.29,13.43,67.38,68.82,70.77,72.46,73.24,79.82,87.00,74.00,79.00,3.87,0.36,1.12,9004943267.00,1874571112.00,2166122668.00
[object Object],LYB,LyondellBasell Industries NV,NYSE,64.25,stock,common,100.00,1.00,false,0.00,USD,-1.00,4353782.00,1.27,20755187705.39,USD,0.00,-1.12,-247.11,5.30,Process industries,america,Process Industries,Buy,Buy,-1.00,-2.12,-1.52,4.61,-14.13,47.43,21.96,-30.91,-15.37,188.76,3.52,3.07,Neutral,Neutral,Buy,Buy,Neutral,Neutral,51.38,-2.32,0.39,-37.20,51.90,46.66,spinning_top_white,64.75,-0.23,0.69,766.00,-1.23,4353782.00,-0.09,64.25,0.00,1419707.00,17.21,0.00,0.00,0.67,1.94,6.98,13.15,7.86,32458187705.39,1.04,13.31,8.40,64.27,64.17,62.31,64.12,61.24,68.67,88.00,56.00,67.00,9.33,3.44,2.75,33039073397.00,9206369089.00,8833192008.00
[object Object],ENTG,"Entegris, Inc.",NASDAQ,134.67,stock,common,100.00,1.00,false,0.00,USD,3.43,1912258.00,1.01,20577575928.63,USD,67.45,2.00,2.65,0.31,Producer manufacturing,america,Producer Manufacturing,Buy,Buy,3.43,-2.16,-12.25,-17.97,16.83,56.30,46.09,1.08,722.66,1138.34,3.19,3.69,Sell,Sell,Sell,Sell,Neutral,Neutral,47.12,3.36,-8.41,-37.20,28.19,26.17,0.00,133.49,2.53,4.02,1697.00,2.83,1912258.00,3.01,134.67,0.00,671193.00,59.31,67.45,24.63,6.01,4.95,26.50,35.96,58.50,23783975928.63,7.15,41.85,25.70,135.44,142.40,138.63,142.93,128.64,175.16,215.00,120.00,173.78,3.92,0.82,1.02,3561960629.00,835789431.00,921955400.00
[object Object],CAP,Capgemini SE,EURONEXT,107.10,stock,common,100.00,5.00,false,0.00,EUR,1.37,488966.00,0.91,20530432886.87,USD,13.60,8.99,-11.28,3.22,Technology services,france,Technology Services,Buy,Buy,1.37,6.36,0.99,20.20,5.05,-24.47,-13.66,-43.48,25.19,363.97,3.26,3.13,Buy,Buy,Buy,Buy,Sell,Sell,52.28,-2.90,-1.08,-16.67,61.26,63.73,hanging_man_bearish,0.00,0.00,0.00,0.00,0.80,488966.00,-8.61,107.10,0.00,398319.00,-10.49,13.60,0.00,0.79,1.57,7.69,8.68,7.16,29234060996.87,1.09,9.53,7.42,105.37,107.34,103.07,100.43,110.08,166.16,236.39,123.99,161.07,14.44,6.79,8.39,28528525729.56,13723020369.44,14035511420.60
[object Object],GEBN,Geberit AG,SIX,545.00,stock,common,10.00,2.00,false,0.00,CHF,0.04,52426.00,0.94,20517135814.82,USD,28.90,23.33,6.58,2.37,Industrial services,switzerland,Industrial Services,Neutral,Neutral,0.04,-1.20,2.60,3.30,2.71,-12.41,-7.19,-28.33,30.16,874.96,1.27,1.59,Sell,Sell,StrongSell,Strong sell,Buy,Buy,41.58,-19.40,-14.23,-104.99,15.16,10.60,spinning_top_black,0.00,0.00,0.00,0.00,0.26,52426.00,-18.97,545.00,0.00,25799.00,-1.84,28.90,4.39,5.59,16.68,21.70,27.78,115.25,22132427014.82,5.58,19.35,16.47,551.74,559.10,546.96,532.43,563.31,707.47,869.35,567.76,702.08,24.50,0.00,0.00,4131235604.85,998339700.00,0.00
[object Object],EXE,Expand Energy Corporation,NASDAQ,88.33,stock,common,100.00,1.00,false,0.00,USD,-0.46,3048686.00,1.14,20448728764.77,USD,7.62,11.59,2897.49,2.59,Energy minerals,america,Energy Minerals,StrongBuy,Strong buy,-0.46,-9.54,-7.26,1.27,-18.36,-19.69,-9.59,43.95,105.42,105.42,3.55,2.55,Sell,Sell,StrongSell,Strong sell,Buy,Buy,30.84,-10.99,-2.81,-252.41,10.25,11.60,0.00,88.10,-0.72,0.00,5070.00,-0.73,3048686.00,-39.31,88.33,0.00,505009.00,-1.04,7.62,0.00,1.68,1.07,3.72,8.50,15.41,22810728764.77,1.81,8.41,4.04,94.82,95.78,93.54,93.39,100.15,125.71,160.00,93.00,124.00,8.60,1.13,1.46,13269832360.00,3047952332.00,2890864527.00
[object Object],STE,STERIS plc,NYSE,208.04,stock,common,100.00,1.00,false,0.00,USD,-0.89,765548.00,1.24,20283921631.60,USD,25.43,8.18,24.05,1.20,Health technology,america,Health Technology,Buy,Buy,-0.89,-2.57,-10.58,4.36,-3.96,-17.91,-16.36,-2.61,195.64,11378.07,2.34,2.08,StrongSell,Strong sell,StrongSell,Strong sell,Sell,Sell,27.71,-22.31,-16.95,-111.94,3.93,5.85,0.00,0.00,0.00,0.00,0.00,0.43,765548.00,19.71,208.04,0.00,148219.00,-6.07,25.43,1.07,3.40,2.81,15.81,22.00,42.23,21860621631.60,3.62,18.46,13.05,215.00,228.19,225.13,218.37,230.90,265.86,280.00,232.00,270.00,11.21,2.49,2.68,6375401112.00,1494865741.00,1561236825.00
[object Object],CF,"CF Industries Holdings, Inc.",NYSE,133.82,stock,common,100.00,1.00,false,0.00,USD,1.39,1508681.00,0.56,20252067995.22,USD,9.93,13.48,76.22,1.59,Process industries,america,Process Industries,Neutral,Neutral,1.39,-4.50,11.14,27.74,6.59,72.72,57.79,172.82,463.69,4017.54,4.38,4.00,Buy,Buy,StrongBuy,Strong buy,Sell,Sell,56.03,-5.45,7.10,16.44,57.72,56.60,0.00,129.96,-1.54,-0.37,8149.00,-1.30,1508681.00,-8.46,133.80,-0.01,303745.00,44.91,9.93,0.13,2.62,3.53,6.92,10.78,8.30,24557067995.22,3.17,7.65,6.00,134.44,127.35,124.98,120.26,110.30,124.43,195.72,98.00,123.00,15.00,5.63,3.02,8132721724.00,2449982679.00,1794296482.00
[object Object],GMAB,Genmab A/S,OMXCOP,2244.00,stock,common,1.00,1.00,false,0.00,DKK,1.49,136174.00,1.52,20204862464.99,USD,27.68,12.36,-40.84,0.00,Health technology,denmark,Health Technology,StrongBuy,Strong buy,1.49,5.85,6.50,35.51,35.59,12.48,26.57,-16.33,107.78,863.09,2.31,2.37,StrongBuy,Strong buy,StrongBuy,Strong buy,Neutral,Neutral,66.34,47.00,60.10,174.46,74.62,53.50,0.00,0.00,0.00,0.00,0.00,1.36,136174.00,-24.63,0.00,0.00,0.00,26.18,27.68,0.00,5.16,3.44,23.86,24.44,14.09,23973581418.99,5.94,18.41,17.20,2150.10,2121.90,2024.32,1862.00,1890.01,391.76,455.36,313.29,400.00,12.23,3.56,3.77,4595487069.46,1116420085.00,1213041985.00
[object Object],KRX,Kingspan Group PLC,EURONEXT,96.75,stock,common,100.00,5.00,false,0.00,EUR,-0.82,359118.00,1.17,20175300259.88,USD,25.75,4.29,1.91,0.56,Non-energy minerals,ireland,Non-Energy Minerals,StrongBuy,Strong buy,-0.82,-7.15,-4.21,11.72,38.21,30.57,41.97,-1.01,303.13,3564.77,2.63,2.53,Neutral,Neutral,Neutral,Neutral,Neutral,Neutral,45.88,-5.45,-0.22,-146.95,21.72,20.87,0.00,0.00,0.00,0.00,0.00,0.46,359118.00,37.88,96.75,0.00,267089.00,53.82,25.75,13.62,1.85,3.66,17.41,27.75,29.49,22892647921.88,2.10,21.20,15.77,100.82,100.83,91.81,85.59,80.71,143.45,174.37,111.60,141.82,5.13,2.02,2.90,12032183391.02,5433037525.56,6173792452.81
[object Object],SAB,Banco de Sabadell SA,BME,3.70,stock,common,1000.00,1.00,false,0.00,EUR,0.41,11687373.00,1.15,20158406429.46,USD,15.64,0.27,-32.82,5.81,Finance,spain,Finance,Neutral,Neutral,0.41,1.17,1.12,18.69,21.01,10.04,13.35,494.38,223.49,-2.93,1.66,1.70,Buy,Buy,StrongBuy,Strong buy,Sell,Sell,59.50,0.01,0.09,64.85,71.40,72.86,0.00,0.00,0.00,0.00,0.00,0.00,11687373.00,-8.25,0.00,0.00,0.00,1.90,15.64,0.00,3.01,1.48,0.00,0.00,0.00,65092957284.09,7.89,0.00,0.00,3.70,3.64,3.50,3.32,3.27,4.11,4.85,3.58,4.10,0.34,0.12,0.08,6103789763.89,1443897044.00,1463673875.53
[object Object],BCP,Banco Comercial Portugues S.A.,EURONEXT,1.20,stock,common,10000.00,5.00,false,0.00,EUR,1.31,55996369.00,1.23,20151993438.54,USD,16.48,0.08,20.07,2.90,Finance,portugal,Finance,Buy,Buy,1.31,3.35,9.36,17.94,48.89,34.62,67.41,844.27,417.39,-92.58,1.74,1.50,StrongBuy,Strong buy,StrongBuy,Strong buy,Neutral,Neutral,77.66,0.05,0.06,134.95,89.10,87.04,0.00,0.00,0.00,0.00,0.00,0.34,55996369.00,46.61,1.20,0.00,13132395.00,52.24,16.48,0.81,4.37,2.37,0.00,0.00,0.00,26328591387.18,4.30,0.00,0.00,1.17,1.13,1.10,1.04,0.96,1.33,1.48,1.03,1.34,0.09,0.02,0.02,4692693850.11,1085176107.64,1175261120.40
[object Object],EBP,Erste Bank Polska S.A.,GPW,757.40,stock,common,10.00,2.00,false,0.00,PLN,0.99,64881.00,0.93,20139214883.79,USD,13.06,15.40,5.77,6.66,Finance,poland,Finance,Neutral,Neutral,0.99,1.42,4.04,17.68,36.13,38.97,53.44,158.32,144.32,983.55,2.75,2.37,StrongBuy,Strong buy,StrongBuy,Strong buy,Buy,Buy,63.01,32.20,19.98,91.84,78.88,80.62,0.00,0.00,0.00,0.00,0.00,-0.85,64881.00,-24.85,0.00,0.00,0.00,44.07,13.06,2.24,4.57,2.40,15.79,18.27,0.00,23950782550.05,4.38,0.00,0.00,751.78,733.37,715.76,669.64,620.61,190.43,201.83,178.23,191.82,14.45,2.93,3.98,4344410847.12,1048072746.02,1088243035.56
[object Object],MTSI,"MACOM Technology Solutions Holdings, Inc.",NASDAQ,263.14,stock,common,100.00,1.00,false,0.00,USD,4.52,1324381.00,1.00,20096245442.03,USD,84.63,3.11,0.00,0.00,Electronic technology,america,Electronic Technology,Buy,Buy,4.52,-5.22,-15.54,-31.17,18.33,50.55,100.30,311.48,545.27,1277.70,5.23,4.57,Sell,Sell,StrongSell,Strong sell,Neutral,Neutral,47.32,5.58,-20.21,0.41,30.66,23.45,0.00,260.23,3.37,1.69,920.00,3.40,1324381.00,-5.57,263.99,0.32,359738.00,105.03,84.63,0.00,16.96,13.04,76.08,101.10,31.12,19847266442.03,17.05,94.14,72.13,263.17,277.36,275.95,315.41,267.55,395.33,475.00,300.00,380.00,5.51,1.35,2.00,1324154557.00,336081403.00,420154023.00
[object Object],BBY,"Best Buy Co., Inc.",NYSE,94.56,stock,common,100.00,1.00,false,0.00,USD,2.28,3815968.00,0.96,19831851310.98,USD,15.74,6.01,65.59,4.13,Retail trade,america,Retail Trade,Neutral,Neutral,2.28,8.45,9.44,29.94,47.75,40.26,26.57,-13.56,151.09,56634.87,3.67,3.80,Buy,Buy,StrongBuy,Strong buy,Neutral,Neutral,63.49,7.56,6.26,143.01,87.10,90.22,0.00,92.01,-0.48,-0.95,2000.00,0.31,3815968.00,-5.08,94.56,0.00,666222.00,10.67,15.74,0.23,0.47,6.25,8.13,11.38,7.48,21275851310.98,0.50,11.61,8.09,90.91,86.70,86.22,77.35,72.05,87.16,100.00,71.00,85.00,6.81,1.39,1.48,42663488487.00,9594466259.00,9890255398.00
[object Object],RL,Ralph Lauren Corporation Class A,NYSE,333.08,stock,common,100.00,1.00,false,0.00,USD,-1.56,486917.00,0.68,19829940523.78,USD,21.00,15.86,26.61,1.10,Consumer non-durables,america,Consumer Non-Durables,StrongBuy,Strong buy,-1.56,-0.19,-12.42,-19.20,-1.46,-6.17,4.86,196.86,234.85,936.82,3.10,2.74,StrongSell,Strong sell,StrongSell,Strong sell,Sell,Sell,34.11,-3.42,-27.22,-75.12,13.58,16.77,0.00,346.10,2.29,2.29,50.00,1.96,486917.00,-27.56,334.00,0.28,93213.00,7.67,21.00,0.80,2.48,7.29,15.50,19.57,10.50,20890040523.78,2.50,15.00,12.83,340.21,362.58,369.52,372.03,365.86,459.00,520.00,425.00,457.50,18.92,4.32,4.22,8686872695.00,1866119503.00,2116993302.00
[object Object],EN,Bouygues SA,EURONEXT,44.85,stock,common,100.00,1.00,false,0.00,EUR,0.67,621967.00,0.93,19740690384.60,USD,13.77,3.72,17.79,4.71,Industrial services,france,Industrial Services,Buy,Buy,0.67,1.93,-5.38,-10.94,-10.12,1.24,19.63,26.87,60.47,329.60,1.39,1.73,Neutral,Neutral,Sell,Sell,Neutral,Neutral,46.58,0.64,-1.94,14.52,52.65,32.92,0.00,0.00,0.00,0.00,0.00,0.18,621967.00,-18.25,44.85,0.00,361716.00,26.20,13.77,0.77,0.31,1.38,3.39,6.43,3.58,33029398494.60,0.51,11.15,5.09,44.34,45.55,46.50,48.11,48.11,69.09,86.54,61.16,66.93,3.89,0.95,1.41,66576504417.23,15902841359.63,17359312330.98
[object Object],LUV,Southwest Airlines Co.,NYSE,40.34,stock,common,100.00,1.00,false,0.00,USD,3.04,7972830.00,1.52,19734659190.88,USD,24.47,1.65,147.88,1.84,Transportation,america,Transportation,Buy,Buy,3.04,5.46,-6.21,-15.84,-0.91,-2.82,27.10,-18.32,9.32,421293.50,3.34,2.64,Neutral,Neutral,Sell,Sell,Buy,Buy,47.36,1.73,-2.59,78.37,56.51,47.69,0.00,40.00,2.17,0.61,33135.00,2.17,7972830.00,3.87,40.22,-0.29,1473676.00,8.83,24.47,0.16,0.64,2.79,7.87,0.00,5.25,22832659190.88,0.76,17.55,7.97,39.19,41.15,43.60,43.56,43.31,51.23,65.00,35.00,50.00,3.24,0.51,0.59,33006888220.00,8584022516.00,8214898354.00
[object Object],VTRS,"Viatris, Inc.",NASDAQ,17.13,stock,common,100.00,1.00,false,0.00,USD,0.65,7018393.00,0.92,19675361281.64,USD,0.00,-0.36,87.72,2.82,Health technology,america,Health Technology,Buy,Buy,0.65,3.82,4.71,6.66,26.51,37.04,79.56,26.42,-58.66,34160.00,2.03,2.27,StrongBuy,Strong buy,StrongBuy,Strong buy,Neutral,Neutral,59.24,0.04,0.06,161.08,69.50,56.02,"rising_window_bullish,long_upper_shadow_bearish",17.15,0.76,0.53,506.00,0.47,7018393.00,-18.81,17.13,0.00,1663254.00,55.15,0.00,0.00,1.34,1.39,8.55,10.19,14.13,31891961281.64,2.16,22.32,7.54,16.73,16.52,16.80,16.46,14.97,19.00,23.00,13.00,20.00,2.52,0.60,0.65,14787197353.00,3675407539.00,3798551096.00
[object Object],NI,NiSource Inc,NYSE,40.91,stock,common,100.00,1.00,false,0.00,USD,0.61,4170821.00,0.93,19618803171.83,USD,21.67,1.89,0.32,2.90,Utilities,america,Utilities,Buy,Buy,0.61,-2.27,-5.34,-13.20,-12.34,-2.04,3.36,69.68,73.72,614.90,1.56,1.63,Sell,Sell,StrongSell,Strong sell,Buy,Buy,39.86,-0.24,-0.78,-58.26,30.14,35.83,0.00,0.00,0.00,0.00,0.00,0.52,4170821.00,-0.89,40.91,0.00,1934037.00,-0.93,21.67,66.44,2.84,2.05,8.55,0.00,206.35,39246203171.83,5.70,21.11,12.53,41.27,41.49,43.17,45.19,44.97,50.38,55.00,45.00,51.00,2.05,0.16,0.21,7074652010.00,1147142825.00,1349452631.00
[object Object],GIS,"General Mills, Inc.",NYSE,36.66,stock,common,100.00,1.00,false,0.00,USD,-0.41,5402510.00,0.59,19599518809.52,USD,0.00,-0.19,-104.63,6.63,Consumer non-durables,america,Consumer Non-Durables,Neutral,Neutral,-0.41,-1.05,-4.03,9.76,-2.32,-21.13,-24.74,-37.34,-43.82,4014.15,2.31,2.80,Sell,Sell,StrongSell,Strong sell,Neutral,Neutral,41.20,-3.92,-1.69,-80.12,16.29,14.03,0.00,36.95,0.38,0.27,4905.00,0.49,5402510.00,-14.49,36.70,0.11,1093102.00,-16.70,0.00,0.00,1.07,2.66,9.08,12.10,43.35,33098318809.52,1.80,11.72,9.80,37.07,38.55,37.82,36.08,39.47,37.12,45.00,31.00,36.00,3.08,0.80,0.72,17813633646.00,4588572730.00,4351338360.00
[object Object],AMCR,Amcor PLC,NYSE,42.38,stock,common,100.00,1.00,false,0.00,USD,0.98,3225546.00,0.98,19594210175.29,USD,17.78,2.38,32.21,6.17,Process industries,america,Process Industries,Buy,Buy,0.98,-1.46,-7.59,3.06,10.08,1.51,1.15,-27.86,-27.62,14.54,2.27,2.04,Sell,Sell,StrongSell,Strong sell,Neutral,Neutral,34.95,-4.30,-3.33,-98.68,8.56,6.05,0.00,42.50,1.26,1.98,1626.00,1.36,3225546.00,8.00,42.38,0.00,727791.00,9.14,17.78,0.55,0.83,1.66,8.74,15.30,17.66,33570210175.35,1.43,16.58,9.66,43.29,45.68,45.19,42.49,42.76,49.63,56.89,44.00,49.70,0.00,1.19,0.00,0.00,6054068965.00,0.00
[object Object],BMED,Banca Mediolanum SpA,MIL,23.41,stock,common,100.00,1.00,false,0.00,EUR,1.17,549823.00,0.87,19563527107.09,USD,13.18,2.03,15.65,5.32,Finance,italy,Finance,Buy,Buy,1.17,0.43,-3.74,6.89,39.26,20.24,36.26,163.33,286.94,1421.08,1.68,1.66,Buy,Buy,Buy,Buy,Neutral,Neutral,48.39,-0.40,-0.61,-51.28,31.44,27.22,0.00,0.00,0.00,0.00,0.00,0.43,549823.00,-40.10,0.00,0.00,0.00,42.90,13.18,0.83,4.79,3.79,0.00,0.00,0.00,25293514192.06,6.98,0.00,0.00,23.31,23.82,23.44,21.94,20.22,29.43,31.39,27.20,29.06,1.83,0.41,0.42,2890776137.48,673815400.00,0.00
[object Object],TEL,Telenor ASA,OSL,136.20,stock,common,10.00,1.00,false,0.00,NOK,0.74,1676348.00,0.85,19549432297.37,USD,11.68,1.18,44.73,7.10,Communications,norway,Communications,Buy,Buy,0.74,1.11,1.19,-6.78,-19.26,-7.16,-18.83,-7.19,-0.95,262.76,1.57,1.38,Buy,Buy,Buy,Buy,Buy,Buy,53.87,1.40,0.21,57.04,59.60,55.89,0.00,0.00,0.00,0.00,0.00,0.44,1676348.00,-1.66,136.20,0.00,1064668.00,-19.13,11.68,0.26,2.42,2.96,6.53,10.79,4.64,25084964297.37,3.25,13.87,7.28,134.55,134.68,135.18,142.60,151.24,16.76,20.25,14.31,16.64,1.01,0.21,0.24,7359069390.05,1844704920.10,1967744811.59
[object Object],PGHN,Partners Group Holding AG,SIX,621.00,stock,common,10.00,2.00,false,0.00,CHF,0.26,132578.00,1.05,19422424398.36,USD,13.56,56.66,-0.11,7.43,Finance,switzerland,Finance,Neutral,Neutral,0.26,-6.92,-13.27,-10.78,-22.99,-38.51,-41.99,-61.84,28.84,676.74,2.22,2.39,Sell,Sell,StrongSell,Strong sell,Buy,Buy,27.22,-64.40,-67.12,-124.01,5.95,5.66,0.00,0.00,0.00,0.00,0.00,0.03,132578.00,-6.93,621.00,0.00,50773.00,-35.95,13.56,0.00,5.72,10.93,10.40,10.46,92.47,22630733598.36,6.55,11.79,11.28,648.94,696.90,694.06,731.40,831.37,970.38,1198.74,829.33,944.92,51.59,26.88,26.59,2921203066.00,1407276218.26,1476930646.90
[object Object],SNA,Snap-on Incorporated,NYSE,371.62,stock,common,100.00,1.00,false,0.00,USD,-0.36,264046.00,1.05,19222834112.29,USD,18.96,19.60,4.49,2.62,Consumer durables,america,Consumer Durables,Neutral,Neutral,-0.36,-1.06,-7.59,-3.33,3.26,7.86,11.17,74.72,151.21,6093.70,1.95,1.62,StrongSell,Strong sell,StrongSell,Strong sell,Sell,Sell,28.61,-8.97,-19.03,-102.89,6.43,11.55,0.00,0.00,0.00,0.00,0.00,1.14,264046.00,-15.54,371.62,0.00,75212.00,16.87,18.96,4.23,3.71,3.18,16.45,17.61,11.87,18913134112.29,3.59,14.09,13.11,377.20,391.35,398.03,389.70,378.14,435.86,485.00,375.00,450.00,19.80,4.95,4.97,4958434857.00,1219276312.00,1239995714.00
[object Object],SBAC,SBA Communications Corp. Class A,NASDAQ,181.13,stock,common,100.00,1.00,false,0.00,USD,0.62,1010608.00,1.07,19215740159.98,USD,19.51,9.29,14.12,2.70,Finance,america,Finance,Buy,Buy,0.62,-3.33,-2.01,-5.64,-0.37,-5.75,-8.56,-48.61,66.48,1898.68,2.60,2.54,Sell,Sell,StrongSell,Strong sell,Neutral,Neutral,44.34,-5.29,-1.36,-105.14,12.98,20.03,0.00,181.51,0.83,0.71,1398.00,1.50,1010608.00,16.55,181.13,0.00,163166.00,-7.65,19.51,1.37,6.66,0.00,14.99,40.76,50.00,31645220159.98,11.02,20.53,16.93,185.06,184.84,183.56,192.36,192.52,225.20,280.00,167.00,223.00,7.70,1.85,2.08,2864450478.00,706008081.00,724362671.00
[object Object],LEN,Lennar Corporation Class A,NYSE,79.70,stock,common,100.00,1.00,false,0.00,USD,1.71,8642871.00,2.29,19152052037.08,USD,15.05,5.30,-47.70,2.55,Consumer durables,america,Consumer Durables,Sell,Sell,1.71,-0.36,-8.89,-9.57,-14.58,-22.63,-40.80,-20.18,77.90,14134.48,3.65,2.63,Sell,Sell,StrongSell,Strong sell,Neutral,Neutral,41.46,-3.88,-5.08,-100.49,26.21,25.89,0.00,81.00,3.37,-1.79,105755.00,3.37,8642871.00,40.21,79.70,0.00,1049454.00,-41.76,15.05,0.00,0.58,0.00,0.00,0.00,16.00,22402556037.08,0.70,12.78,0.00,80.48,84.22,84.29,86.58,96.61,80.67,100.00,67.00,79.50,5.43,1.28,1.99,32248402793.00,8318852030.00,9379401320.00
[object Object],KBX,Knorr-Bremse AG,XETR,105.70,stock,common,10.00,1.00,false,0.00,EUR,2.03,121444.00,1.05,19143075162.20,USD,29.13,4.14,38.64,1.83,Producer manufacturing,germany,Producer Manufacturing,Buy,Buy,2.03,3.32,6.77,1.34,8.97,11.62,26.81,2.92,31.96,31.96,2.37,2.12,StrongBuy,Strong buy,StrongBuy,Strong buy,Buy,Buy,57.16,2.70,-0.21,68.37,61.74,41.57,0.00,0.00,0.00,0.00,0.00,0.00,121444.00,-4.12,105.30,-0.38,98174.00,21.44,29.13,0.74,2.10,5.32,14.32,18.18,13.93,21507830172.20,2.37,19.34,13.68,103.27,102.63,103.12,102.50,101.44,136.26,151.31,108.90,139.84,5.47,1.29,1.35,9756526439.18,2381183015.86,2450228302.67
[object Object],CLNX,Cellnex Telecom S.A.,BME,25.07,stock,common,100.00,1.00,false,0.00,EUR,-1.45,2002532.00,1.65,19116114616.69,USD,0.00,-0.58,-230.68,2.38,Industrial services,spain,Industrial Services,Buy,Buy,-1.45,0.40,-7.18,-11.69,-7.80,-9.27,-14.73,-56.43,108.70,111.86,1.99,2.19,StrongSell,Strong sell,StrongSell,Strong sell,Sell,Sell,40.11,-0.92,-0.88,-87.89,24.78,27.37,0.00,0.00,0.00,0.00,0.00,-0.28,2002532.00,-44.44,0.00,0.00,0.00,-17.02,0.00,0.00,3.63,1.43,0.00,0.00,9.07,43840730957.98,8.19,61.44,11.44,25.36,26.23,26.06,27.04,27.46,42.07,58.82,24.41,41.85,-0.09,-0.05,0.02,4847013013.82,1155044256.02,1181214484.56
[object Object],EFX,Equifax Inc.,NYSE,161.17,stock,common,100.00,1.00,false,0.00,USD,-1.61,1014402.00,0.72,18935041915.49,USD,28.32,5.69,11.28,1.33,Commercial services,america,Commercial Services,Buy,Buy,-1.61,-4.15,-10.10,4.49,-11.12,-25.57,-38.21,-41.15,20.25,10540.72,3.01,3.32,StrongSell,Strong sell,StrongSell,Strong sell,Neutral,Neutral,32.86,-24.31,-13.38,-116.22,1.74,6.55,marubozu_black_bearish,0.00,0.00,0.00,0.00,0.84,1014402.00,-10.12,161.44,0.17,196507.00,-24.49,28.32,2.55,3.03,4.33,11.91,17.39,112.94,24371741915.49,3.78,20.41,12.56,170.72,181.13,178.53,172.08,186.09,213.23,245.00,179.00,210.00,8.56,2.20,2.22,6748294234.00,1696177855.00,1700736935.00
[object Object],WRT1V,Wartsila Oyj Abp,OMXHEX,29.08,stock,common,100.00,1.00,false,0.00,EUR,4.38,1185763.00,1.39,18842445439.63,USD,25.99,1.28,17.82,1.76,Producer manufacturing,finland,Producer Manufacturing,Neutral,Neutral,4.38,-1.42,-4.03,-14.95,-9.44,-4.40,13.64,158.26,138.04,1310.88,2.87,2.58,Neutral,Neutral,Sell,Sell,Neutral,Neutral,50.63,0.15,-1.17,-5.46,41.10,25.04,0.00,0.00,0.00,0.00,0.00,1.36,1185763.00,31.35,0.00,0.00,0.00,15.24,25.99,1.40,2.43,6.77,11.44,12.88,7.73,16938490969.63,2.20,16.48,13.90,28.64,29.10,29.45,31.79,32.50,38.76,49.65,21.94,38.11,1.33,0.32,0.30,7530243313.21,1845441356.49,1734827541.30
[object Object],IP,International Paper Company,NYSE,35.55,stock,common,100.00,1.00,false,0.00,USD,4.37,8826534.00,1.80,18826210179.84,USD,0.00,-6.48,-6527.81,5.43,Process industries,america,Process Industries,Buy,Buy,4.37,2.33,-11.41,-2.23,4.34,-10.05,-23.40,-32.37,-20.99,324.06,3.46,3.33,Sell,Sell,StrongSell,Strong sell,Neutral,Neutral,40.53,-0.75,-4.63,-63.54,14.08,8.41,0.00,34.60,1.59,0.79,1540.00,2.17,8826534.00,67.41,35.55,0.00,1117022.00,-25.63,0.00,-0.00,0.75,1.30,7.11,38.26,25.93,30134210179.84,1.25,144.18,10.42,35.13,38.54,38.93,36.56,38.26,48.70,61.00,42.00,47.50,1.36,-0.03,0.32,24502727801.00,6189199076.00,6246354298.00
[object Object],FIS,"Fidelity National Information Services, Inc.",NYSE,36.43,stock,common,100.00,1.00,false,0.00,USD,-1.14,4815739.00,0.77,18787166347.27,USD,5.59,6.51,2338.26,4.56,Technology services,america,Technology Services,Buy,Buy,-1.14,-4.48,-12.70,-5.70,-25.47,-45.22,-45.25,-70.77,-52.30,177.70,3.44,2.92,Sell,Sell,StrongSell,Strong sell,Neutral,Neutral,29.99,-5.44,-3.45,-153.02,2.34,5.25,0.00,37.21,0.98,1.14,3185.00,0.43,4815739.00,-6.12,36.83,1.10,1128568.00,-40.99,5.59,0.00,1.56,1.17,6.10,6.42,24.49,39277166347.27,3.22,14.01,7.61,38.71,40.65,41.50,41.71,48.55,49.00,60.00,37.00,49.50,6.20,1.47,1.60,13660605386.00,3383997762.00,3433832568.00
[object Object],BR,"Broadridge Financial Solutions, Inc.",NYSE,164.31,stock,common,100.00,1.00,false,0.00,USD,-1.66,860020.00,0.88,18734921083.79,USD,17.07,9.62,35.67,2.11,Technology services,america,Technology Services,Buy,Buy,-1.66,-2.25,-3.73,18.01,-5.54,-26.37,-33.21,-2.28,139.66,812.83,2.35,2.45,Sell,Sell,StrongSell,Strong sell,Sell,Sell,41.00,-13.75,-3.48,-117.66,12.97,23.16,0.00,166.99,-0.06,-0.06,100.00,-0.27,860020.00,-3.82,164.31,0.00,214521.00,-30.30,17.07,0.49,2.58,6.59,14.12,14.86,47.04,21848721083.79,2.92,16.58,11.96,170.05,174.08,165.30,156.47,174.79,208.14,240.00,176.00,214.00,10.56,3.76,1.37,7854649809.00,2170560000.00,1647967714.00
[object Object],STLAM,Stellantis N.V.,MIL,4.44,stock,common,10000.00,5.00,false,0.00,EUR,2.26,43003506.00,1.32,18714000553.68,USD,0.00,-9.09,-230.64,0.00,Consumer durables,italy,Consumer Durables,Neutral,Neutral,2.26,-3.00,0.12,-19.70,-21.02,-52.81,-46.04,-73.47,-18.07,-34.90,3.55,3.85,Sell,Sell,StrongSell,Strong sell,Neutral,Neutral,42.73,-0.27,-0.15,-109.25,14.23,21.46,0.00,0.00,0.00,0.00,0.00,0.69,43003506.00,-26.81,0.00,0.00,0.00,-41.79,0.00,0.00,0.08,0.23,0.00,0.00,0.38,45179082313.68,0.25,0.00,0.00,4.58,4.60,4.77,5.37,6.49,6.19,8.08,4.01,6.35,0.40,0.27,0.11,188509143716.87,48917416726.59,42028448058.00
[object Object],CDW,CDW Corporation,NASDAQ,149.20,stock,common,100.00,1.00,false,0.00,USD,-0.51,1259192.00,0.84,18652601863.54,USD,17.93,8.32,3.42,1.68,Technology services,america,Technology Services,Buy,Buy,-0.51,4.80,10.69,17.28,24.56,8.75,-10.24,-22.65,235.58,745.80,4.29,4.47,Buy,Buy,StrongBuy,Strong buy,Buy,Buy,53.90,0.53,7.63,41.78,59.56,69.42,0.00,150.83,0.58,0.69,2785.00,0.50,1259192.00,29.85,149.20,0.00,296983.00,-11.65,17.93,5.26,0.81,7.66,19.36,22.10,52.54,24720301863.54,1.05,14.68,12.47,149.41,143.45,141.78,133.37,132.06,158.89,171.00,148.00,159.00,10.95,2.80,2.95,24243219216.00,6206039255.00,6168043727.00
[object Object],EVRG,"Evergy, Inc.",NASDAQ,80.84,stock,common,100.00,1.00,false,0.00,USD,0.56,2355987.00,1.08,18634673285.17,USD,20.48,3.95,8.63,3.46,Utilities,america,Utilities,Buy,Buy,0.56,-0.90,-3.97,-2.43,0.11,11.77,12.89,26.12,46.03,513.00,1.36,1.51,Sell,Sell,StrongSell,Strong sell,Buy,Buy,43.47,0.07,-1.19,-84.92,22.54,27.62,0.00,0.00,0.00,0.00,0.00,0.27,2355987.00,20.28,80.84,0.00,727607.00,14.56,20.48,2.36,3.15,1.82,9.64,0.00,746.82,35159773285.17,5.82,22.78,12.57,81.22,81.97,83.26,83.33,80.83,92.40,103.00,85.00,91.50,4.26,0.81,2.17,6281690104.00,1363278570.00,1909340276.00
[object Object],PEO,Bank Polska Kasa Opieki S.A.,GPW,272.00,stock,common,10.00,1.00,false,0.00,PLN,1.38,462309.00,0.85,18504448997.34,USD,11.02,6.55,-3.70,7.37,Finance,poland,Finance,Buy,Buy,1.38,1.53,6.21,14.96,25.35,32.62,53.72,159.91,116.56,191.85,2.38,2.31,StrongBuy,Strong buy,StrongBuy,Strong buy,Buy,Buy,67.40,13.10,9.33,136.85,88.64,88.98,0.00,0.00,0.00,0.00,0.00,0.48,462309.00,-8.85,0.00,0.00,0.00,40.17,11.02,0.00,3.86,2.17,13.80,15.47,0.00,23566450277.34,3.86,0.00,0.00,267.60,260.43,252.44,243.11,231.07,74.10,84.67,67.10,73.15,6.32,1.45,2.15,4726128754.70,1137574204.42,1150252288.47
[object Object],GALP,"Galp Energia, SGPS S.A. Class B",EURONEXT,22.05,stock,common,100.00,1.00,false,0.00,EUR,0.78,1110560.00,0.75,18484818625.41,USD,14.86,1.69,12.85,3.11,Energy minerals,portugal,Energy Minerals,Buy,Buy,0.78,2.61,4.01,19.51,0.50,51.86,36.11,170.22,80.81,273.10,2.40,2.05,Buy,Buy,StrongBuy,Strong buy,Neutral,Neutral,64.48,1.05,0.73,121.72,90.56,85.39,0.00,0.00,0.00,0.00,0.00,-0.14,1110560.00,-28.31,22.05,0.00,480508.00,28.63,14.86,1.15,0.75,3.44,6.46,10.93,6.42,21914458465.41,0.89,7.06,5.56,21.41,21.16,20.56,19.82,18.80,26.46,29.80,22.93,25.79,2.61,0.76,0.78,30480915040.32,7756905707.57,7673693813.42
[object Object],TELIA,Telia Company AB,OMXSTO,47.89,stock,common,100.00,1.00,false,0.00,SEK,0.42,5275308.00,0.88,18461052822.82,USD,38.37,0.13,14.70,4.24,Communications,sweden,Communications,Neutral,Neutral,0.42,6.66,9.92,-1.68,1.79,21.21,33.96,30.40,28.84,48.73,1.90,1.58,Buy,Buy,StrongBuy,Strong buy,Neutral,Neutral,75.80,3.43,2.55,189.20,95.55,92.81,"doji_star_bearish,doji",0.00,0.00,0.00,0.00,0.38,5275308.00,-19.95,0.00,0.00,0.00,24.04,38.37,2.60,2.29,3.78,6.91,14.27,17.18,26886169822.82,3.20,17.69,8.15,45.91,44.40,44.66,46.66,44.94,4.75,5.85,3.15,4.72,0.25,0.06,0.07,9027364373.26,2112366193.49,2087536465.48
[object Object],KPN,Royal KPN NV,EURONEXT,4.21,stock,common,1000.00,1.00,false,0.00,EUR,-0.17,8932784.00,0.94,18461023186.99,USD,18.20,0.26,8.60,4.49,Communications,netherlands,Communications,Buy,Buy,-0.17,3.24,3.57,-3.06,-11.54,5.70,0.62,53.48,51.93,19.64,1.78,1.54,Neutral,Neutral,Buy,Buy,Neutral,Neutral,61.09,0.15,0.08,239.27,85.58,82.81,0.00,0.00,0.00,0.00,0.00,0.43,8932784.00,-14.79,4.21,0.00,6282092.00,-0.22,18.20,2.12,2.75,7.01,6.95,12.20,38.22,27380150056.99,4.11,16.84,8.80,4.13,4.09,4.13,4.29,4.34,5.42,6.08,4.70,5.46,0.28,0.00,0.00,6935367960.79,3315400180.00,0.00
[object Object],CARL_B,Carlsberg AS Class B,OMXCOP,854.20,stock,common,10.00,2.00,false,0.00,DKK,-0.16,155313.00,0.71,18395635489.05,USD,17.71,7.35,-6.10,3.39,Consumer non-durables,denmark,Consumer Non-Durables,Buy,Buy,-0.16,-1.02,-11.39,2.52,5.46,2.27,12.60,-16.01,39.23,276.58,2.44,2.18,Sell,Sell,StrongSell,Strong sell,Neutral,Neutral,40.83,-12.20,-36.97,-100.14,34.94,36.91,0.00,0.00,0.00,0.00,0.00,0.72,155313.00,-28.81,0.00,0.00,0.00,14.15,17.71,0.00,1.25,3.96,7.55,12.28,11.70,28605838789.05,2.08,15.28,10.54,865.34,886.33,905.52,883.34,874.33,161.37,234.08,119.35,163.24,10.16,4.86,4.96,14494345117.27,7162226322.81,6892240273.60
[object Object],STMN,Straumann Holding AG,SIX,94.66,stock,common,100.00,2.00,false,0.00,CHF,-0.55,290559.00,0.95,18369996620.88,USD,40.92,2.86,-5.94,1.05,Health technology,switzerland,Health Technology,Buy,Buy,-0.55,1.57,-4.96,-11.12,21.80,0.79,3.79,-50.89,153.95,1924.81,2.09,2.39,Sell,Sell,Sell,Sell,Buy,Buy,45.71,-0.36,-1.92,72.88,57.94,59.56,0.00,0.00,0.00,0.00,0.00,0.13,290559.00,2.53,94.66,0.00,144836.00,5.00,40.92,0.00,5.76,6.62,28.78,39.43,39.64,18533164757.88,5.68,26.99,20.93,94.25,96.38,98.28,96.60,93.80,140.88,166.52,105.30,145.70,4.08,1.97,2.00,3496300354.70,1698306755.70,1685184471.34
[object Object],AGS,ageas SA/NV,EURONEXT,76.85,stock,common,100.00,5.00,false,0.00,EUR,0.65,313116.00,1.39,18367104243.45,USD,7.91,11.10,55.29,3.44,Finance,belgium,Finance,Neutral,Neutral,0.65,4.42,5.06,14.62,26.92,28.08,32.84,92.12,147.42,-73.35,1.25,1.35,StrongBuy,Strong buy,StrongBuy,Strong buy,Neutral,Neutral,65.47,0.55,1.34,140.07,81.89,68.94,0.00,0.00,0.00,0.00,0.00,0.00,313116.00,53.02,76.85,0.00,251461.00,37.39,7.91,0.14,0.99,1.57,3.93,4.23,0.00,30165661353.45,1.74,0.00,0.00,75.41,74.33,73.39,70.50,66.07,85.07,104.52,70.84,83.62,10.91,4.19,5.49,10768886437.94,0.00,0.00
[object Object],FDXF,"FedEx Freight Holding Company, Inc.",NYSE,122.37,stock,common,100.00,1.00,false,0.00,USD,0.53,2105223.00,1.46,18296535626.97,USD,0.00,0.00,0.00,0.00,Transportation,america,Transportation,Buy,Buy,0.53,-1.71,-14.72,-25.84,-9.36,-9.36,-9.36,-9.36,-9.36,-9.36,4.39,3.95,Sell,Sell,StrongSell,Strong sell,Buy,Buy,36.38,-4.23,-9.89,-140.56,17.91,30.18,0.00,124.67,2.42,1.04,300.00,1.99,2105223.00,-1.94,121.94,-0.35,279743.00,0.00,0.00,0.00,0.00,0.00,0.00,0.00,72.89,24410535626.97,0.00,0.00,0.00,126.33,133.99,139.48,0.00,0.00,168.31,200.00,133.00,165.00,4.34,1.34,1.39,9045000000.00,2290019034.00,2356451456.00
[object Object],BEI,Beiersdorf AG,XETR,75.04,stock,common,100.00,2.00,false,0.00,EUR,0.48,257125.00,0.79,18278932019.09,USD,17.48,4.90,8.61,1.34,Consumer non-durables,germany,Consumer Non-Durables,Neutral,Neutral,0.48,0.40,-0.61,3.50,1.90,-22.21,-18.10,-27.95,-10.10,79.38,1.60,1.81,Sell,Sell,StrongSell,Strong sell,Neutral,Neutral,41.97,-1.38,-3.53,-56.91,20.96,17.72,0.00,0.00,0.00,0.00,0.00,0.29,257125.00,-12.09,75.06,0.03,157294.00,-22.51,17.48,2.02,1.70,1.82,15.61,25.77,6.03,15527884019.09,1.41,11.66,8.99,74.88,77.60,78.33,75.17,82.35,93.50,110.16,75.37,92.77,4.46,2.87,1.31,11343337848.39,5659930014.73,5351798223.87
[object Object],CSG,CSG N.V.,EURONEXT,16.09,stock,common,1000.00,2.00,false,0.00,EUR,1.86,555664.00,0.62,18101895630.23,USD,0.00,0.00,0.00,0.00,Electronic technology,netherlands,Electronic Technology,Buy,Buy,1.86,-0.70,-19.37,12.05,-40.69,-49.73,-49.73,-49.73,-49.73,-49.73,3.81,3.83,Sell,Sell,StrongSell,Strong sell,Neutral,Neutral,41.32,-0.95,-1.96,-80.54,13.56,9.05,0.00,0.00,0.00,0.00,0.00,1.00,555664.00,-25.30,16.09,0.00,303784.00,0.00,0.00,0.00,0.00,9.38,0.00,0.00,9.86,21817615805.48,0.00,0.00,0.00,16.16,17.71,16.93,16.20,0.00,30.84,41.89,20.94,29.09,1.29,0.00,0.00,8839305888.22,1895819600.00,0.00
[object Object],GEN,Gen Digital Inc.,NASDAQ,30.21,stock,common,100.00,1.00,false,0.00,USD,-1.44,4768887.00,0.88,18083314136.38,USD,17.54,1.72,79.82,1.63,Technology services,america,Technology Services,Buy,Buy,-1.44,1.10,8.44,26.56,47.51,10.94,5.15,17.14,21.42,4103.13,2.46,2.72,Buy,Buy,StrongBuy,Strong buy,Sell,Sell,53.79,-0.44,1.42,25.92,56.85,70.75,0.00,30.56,-0.29,0.20,7224.00,-0.16,4768887.00,-31.76,30.21,0.00,1112476.00,-1.09,17.54,0.22,3.64,6.81,11.60,11.77,32.30,25695314136.38,5.06,11.82,9.63,30.53,29.62,28.47,26.14,24.77,34.00,46.00,28.00,32.00,2.93,0.69,0.72,5423252814.00,1311795133.00,1337615988.00
[object Object],EVO,Evolution AB,OMXSTO,900.00,stock,common,10.00,2.00,false,0.00,SEK,0.16,610370.00,1.14,18081527558.63,USD,15.50,5.96,-12.30,0.00,Technology services,sweden,Technology Services,Neutral,Neutral,0.16,4.12,14.27,29.12,55.17,42.63,9.09,-38.87,1611.03,4778.05,1.72,2.06,Buy,Buy,StrongBuy,Strong buy,Sell,Sell,83.31,54.60,79.43,155.41,91.07,92.29,0.00,0.00,0.00,0.00,0.00,0.49,610370.00,3.63,0.00,0.00,0.00,2.74,15.50,0.00,7.91,3.73,12.44,13.15,13.91,16893177358.56,7.35,12.71,11.13,874.66,822.36,778.96,728.72,661.39,76.87,103.38,56.73,76.17,6.56,1.46,1.53,2568881258.98,595438251.36,607047817.48
[object Object],ESSITY_B,Essity AB Class B,OMXSTO,264.30,stock,common,10.00,1.00,false,0.00,SEK,0.23,1169077.00,0.96,18070236347.16,USD,14.91,1.82,0.20,3.32,Consumer non-durables,sweden,Consumer Non-Durables,Neutral,Neutral,0.23,0.49,-1.53,-1.60,4.47,-0.60,6.79,-2.11,6.62,6.62,1.53,1.32,Sell,Sell,StrongSell,Strong sell,Neutral,Neutral,38.46,-8.80,-10.04,-77.26,14.43,16.02,0.00,0.00,0.00,0.00,0.00,0.30,1169077.00,-5.87,0.00,0.00,0.00,8.45,14.91,74.55,1.30,1.93,10.06,16.55,26.15,21721790347.16,1.54,11.93,8.50,265.53,273.18,275.34,268.08,265.23,27.70,32.32,21.71,27.78,2.04,0.45,0.44,15288250664.79,3556443712.09,3648946353.82
[object Object],GPC,Genuine Parts Company,NYSE,130.88,stock,common,100.00,1.00,false,0.00,USD,0.28,843666.00,0.93,18043087514.45,USD,524.36,0.25,-95.70,3.21,Distribution services,america,Distribution Services,Buy,Buy,0.28,-2.63,-2.17,22.18,32.20,6.30,-6.59,5.83,35.57,5459.97,2.41,2.09,Neutral,Neutral,Neutral,Neutral,Neutral,Neutral,44.08,-6.27,-1.34,-123.96,12.84,14.35,0.00,0.00,0.00,0.00,0.00,1.68,843666.00,-5.20,130.88,0.00,171063.00,-1.75,524.36,0.00,0.72,3.99,15.23,23.78,32.30,24154531514.45,0.96,19.85,13.55,133.85,134.72,130.88,117.93,120.06,140.38,170.00,122.00,132.50,7.74,2.08,2.04,25538521569.00,6428362985.00,6490930321.00
[object Object],BAER,Julius Baer Gruppe AG,SIX,73.50,stock,common,100.00,2.00,false,0.00,CHF,1.10,390876.00,1.07,18028197724.93,USD,13.25,6.86,31.91,3.58,Finance,switzerland,Finance,Buy,Buy,1.10,-1.34,-2.55,13.64,28.45,17.04,31.16,15.24,75.00,56.42,1.94,1.85,Neutral,Neutral,Sell,Sell,Buy,Buy,45.97,-1.58,-0.84,-135.89,25.43,27.89,0.00,0.00,0.00,0.00,0.00,0.11,390876.00,32.24,73.50,0.00,283948.00,31.52,13.25,0.41,3.22,2.05,44.95,352.99,0.00,22483806124.93,2.95,0.00,0.00,74.20,74.86,73.80,70.22,66.36,90.62,101.29,69.17,93.88,7.57,3.94,3.17,5612216899.02,2842205910.55,2701748440.90
[object Object],TSN,"Tyson Foods, Inc. Class A",NYSE,52.26,stock,common,100.00,1.00,false,0.00,USD,0.27,3403684.00,0.81,18019279796.18,USD,31.57,1.66,-26.44,3.89,Consumer non-durables,america,Consumer Non-Durables,Neutral,Neutral,0.27,-0.06,-11.17,-6.18,-11.54,-10.77,-3.85,-30.69,-28.78,64773.88,2.05,2.08,StrongSell,Strong sell,StrongSell,Strong sell,Sell,Sell,36.13,-3.55,-3.12,-65.73,26.39,28.60,0.00,52.12,0.00,0.02,651.00,0.38,3403684.00,26.42,52.08,-0.34,948155.00,-3.73,31.57,0.00,0.32,1.00,9.00,15.53,24.36,25391279796.18,0.46,17.91,9.15,52.27,55.45,56.64,59.09,60.35,64.42,75.00,56.00,65.50,3.63,0.99,0.83,56386576800.00,14065837261.00,14552322666.00
[object Object],ZBH,"Zimmer Biomet Holdings, Inc.",NYSE,94.25,stock,common,100.00,1.00,false,0.00,USD,-2.61,2203813.00,1.10,17977026693.12,USD,22.94,4.11,0.06,0.99,Health technology,america,Health Technology,Neutral,Neutral,-2.61,0.22,-5.35,7.29,5.32,4.76,-5.23,-33.23,-22.03,229.33,2.75,2.68,Sell,Sell,Sell,Sell,Sell,Sell,43.74,-5.25,-2.03,-79.01,44.08,45.34,0.00,0.00,0.00,0.00,0.00,-0.08,2203813.00,16.57,94.25,0.00,533590.00,-8.86,22.94,372.00,2.19,1.42,10.42,15.14,44.32,25054726693.12,2.94,18.04,10.03,95.77,98.15,95.97,90.89,91.44,106.45,120.00,93.00,105.50,8.53,2.01,1.88,8598107019.00,2134846050.00,2040065794.00
[object Object],CHRW,"C.H. Robinson Worldwide, Inc.",NASDAQ,153.82,stock,common,100.00,1.00,false,0.00,USD,0.23,1102815.00,0.82,17974060544.39,USD,29.35,5.24,19.29,1.64,Transportation,america,Transportation,Buy,Buy,0.23,2.10,6.13,-17.73,-11.36,-4.68,14.97,71.29,128.73,2728.87,2.60,2.50,Neutral,Neutral,Sell,Sell,Neutral,Neutral,50.80,8.62,5.49,74.89,77.98,85.77,0.00,0.00,0.00,0.00,0.00,0.67,1102815.00,-30.38,153.82,0.00,241774.00,13.53,29.35,1.52,1.08,11.07,26.88,27.54,119.15,19792041544.39,1.16,23.74,21.20,152.23,148.61,162.69,171.38,172.70,202.08,237.00,91.00,212.50,6.23,1.53,1.69,18332050072.00,4347374373.00,4853597524.00
[object Object],TIT,Telecom Italia S.p.A.,MIL,7.88,stock,common,1000.00,1.00,false,0.00,EUR,2.98,16223379.00,1.59,17940275332.61,USD,74.36,0.12,158.92,0.00,Communications,italy,Communications,Neutral,Neutral,2.98,5.00,2.81,-0.11,32.49,52.74,77.09,119.74,6.14,-95.77,1.78,1.87,StrongBuy,Strong buy,StrongBuy,Strong buy,Buy,Buy,59.38,0.11,-0.00,118.09,68.74,56.38,marubozu_white_bullish,0.00,0.00,0.00,0.00,0.04,16223379.00,104.87,7.88,0.00,9496.00,67.18,74.36,0.45,1.16,1.45,4.81,11.67,7.11,32088685942.61,2.01,18.13,6.27,7.62,7.65,7.63,7.56,6.72,8.65,10.32,7.42,8.75,0.22,0.10,0.11,16958845620.79,4015743729.99,4133394599.04
[object Object],WKL,Wolters Kluwer N.V.,EURONEXT,70.08,stock,common,100.00,2.00,false,0.00,EUR,1.80,1298739.00,1.13,17824046892.55,USD,11.97,6.69,22.74,3.66,Technology services,netherlands,Technology Services,Buy,Buy,1.80,2.40,1.74,20.04,6.86,-20.97,-37.04,-26.71,88.44,169.75,3.26,3.18,Buy,Buy,StrongBuy,Strong buy,Sell,Sell,54.67,-0.50,-0.95,40.81,60.45,58.40,rising_window_bullish,0.00,0.00,0.00,0.00,0.81,1298739.00,29.41,70.08,0.00,665271.00,-35.55,11.97,0.52,2.54,16.64,9.33,9.43,10.57,22443514992.55,3.22,12.57,9.80,68.16,69.37,67.75,64.30,69.33,101.84,120.36,61.90,106.03,6.62,3.13,3.23,7375649408.13,3485998590.27,3690585912.96
[object Object],ENX,Euronext NV,EURONEXT,157.40,stock,common,10.00,1.00,false,0.00,EUR,0.13,181075.00,1.04,17775357785.89,USD,23.08,7.79,7.68,2.02,Finance,france,Finance,Buy,Buy,0.13,-1.44,-1.99,7.59,13.32,22.78,15.14,53.71,350.05,788.73,1.54,1.47,Neutral,Neutral,Neutral,Neutral,Neutral,Neutral,45.40,-4.30,-2.19,-127.28,10.79,14.46,0.00,0.00,0.00,0.00,0.00,0.32,181075.00,-41.85,157.40,0.00,121002.00,17.19,23.08,3.00,8.30,3.45,13.57,13.80,11.82,19881092456.53,8.86,17.02,14.16,159.10,160.93,157.26,150.26,140.63,189.47,229.25,152.45,189.13,9.93,2.51,2.28,2451843322.42,596905589.46,592342741.48
[object Object],NHY,Norsk Hydro ASA,OSL,86.54,stock,common,100.00,2.00,false,0.00,NOK,2.00,4656358.00,1.57,17613907680.39,USD,17.43,0.50,2.51,3.54,Non-energy minerals,norway,Non-Energy Minerals,Neutral,Neutral,2.00,-6.75,-3.57,-14.95,-2.10,10.35,29.75,29.28,162.16,311.91,2.21,2.27,Sell,Sell,StrongSell,Strong sell,Neutral,Neutral,39.73,-8.58,-4.89,-132.92,10.43,5.89,0.00,0.00,0.00,0.00,0.00,-0.05,4656358.00,19.83,86.54,0.00,3300468.00,43.75,17.43,6.81,0.81,1.64,9.03,23.35,8.86,20210165680.39,0.97,11.52,7.16,89.56,91.15,89.29,96.25,92.17,10.04,12.65,8.58,10.08,0.86,0.20,0.24,21465900852.13,5655521781.57,5781082992.59
[object Object],HLMA,Halma plc,LSE,3528.00,stock,common,1.00,2.00,false,0.00,GBX,1.97,499312.00,0.43,17480396067.13,USD,35.93,1.30,25.61,0.72,Electronic technology,uk,Electronic Technology,Buy,Buy,1.97,-3.92,-3.97,-11.00,-5.16,-0.79,7.36,14.92,239.88,6235.35,2.78,2.53,Sell,Sell,StrongSell,Strong sell,Neutral,Neutral,45.71,-64.00,-124.33,-57.80,24.49,19.85,0.00,0.00,0.00,0.00,0.00,0.17,499312.00,-63.24,3528.00,0.00,204397.00,9.63,35.93,1.38,5.08,6.15,29.50,33.56,93.37,18510348067.13,5.42,26.63,21.32,3575.80,3616.07,3615.16,3967.64,3884.50,61.29,67.74,49.48,62.46,1.71,0.76,0.81,3911154676.46,1747188690.23,1892868524.80
[object Object],RI,Pernod Ricard SA,EURONEXT,60.12,stock,common,100.00,2.00,false,0.00,EUR,-0.69,647510.00,1.04,17436502165.39,USD,12.61,5.44,-26.11,7.76,Consumer non-durables,france,Consumer Non-Durables,Neutral,Neutral,-0.69,0.54,-11.59,-5.97,-8.80,-17.96,-32.98,-67.08,-41.09,355.52,2.09,2.44,Sell,Sell,StrongSell,Strong sell,Neutral,Neutral,35.35,-2.34,-4.84,-67.48,22.35,21.07,0.00,0.00,0.00,0.00,0.00,0.86,647510.00,8.82,60.12,0.00,540419.00,-36.64,12.61,0.00,1.63,0.98,9.65,12.82,7.64,30863908945.39,2.87,11.15,9.53,60.52,64.86,65.24,64.35,68.61,93.92,140.77,66.93,92.31,6.43,1.93,3.24,10583364408.00,4840286686.42,5892670308.45
[object Object],KGH,KGHM Polska Miedz S.A.,GPW,340.90,stock,common,100.00,5.00,false,0.00,PLN,2.79,770077.00,0.91,17429533779.16,USD,7.85,11.53,265.92,0.45,Non-energy minerals,poland,Non-Energy Minerals,Neutral,Neutral,2.79,-9.34,-0.32,-6.60,29.87,21.06,146.85,98.20,373.47,1350.64,3.01,4.02,Neutral,Neutral,Sell,Sell,Buy,Buy,47.56,-11.30,-10.98,-80.70,15.30,10.75,0.00,0.00,0.00,0.00,0.00,1.37,770077.00,3.61,0.00,0.00,0.00,165.39,7.85,0.03,1.50,1.72,8.83,28.95,55.03,18672698649.16,1.59,8.01,6.00,349.89,352.20,335.70,337.59,315.82,83.80,118.25,54.92,88.12,11.16,2.62,3.00,13611454993.91,3380605241.64,3497949323.41
[object Object],ESS,"Essex Property Trust, Inc.",NYSE,270.80,stock,common,100.00,1.00,false,0.00,USD,-0.20,605506.00,1.23,17403893383.74,USD,42.15,6.43,-48.35,3.80,Finance,america,Finance,Neutral,Neutral,-0.20,-2.02,-3.99,-2.10,9.87,4.55,1.95,-17.08,22.45,1297.68,1.68,1.60,Sell,Sell,StrongSell,Strong sell,Neutral,Neutral,35.52,-6.49,-8.96,-99.57,13.21,16.87,0.00,0.00,0.00,0.00,0.00,0.51,605506.00,9.36,270.80,0.00,142319.00,6.84,42.15,0.00,9.05,3.27,13.23,14.65,262.37,24275618383.74,12.60,43.06,20.62,274.72,281.70,285.82,281.71,267.61,303.20,352.00,239.00,301.00,5.62,1.46,1.47,1951811538.00,485115131.00,490788863.00
[object Object],VNA,Vonovia SE,XETR,17.98,stock,common,1000.00,5.00,false,0.00,EUR,0.53,2317618.00,0.75,17393830436.34,USD,3.97,5.17,894.92,6.99,Finance,germany,Finance,Neutral,Neutral,0.53,-2.28,-10.55,-12.42,-17.56,-26.79,-32.00,-63.92,-43.08,18.34,1.88,1.88,Sell,Sell,StrongSell,Strong sell,Neutral,Neutral,29.40,-1.23,-1.77,-102.88,17.30,13.14,0.00,17.93,0.22,0.08,5980.00,0.36,2317618.00,-20.73,18.00,0.08,868717.00,-25.19,3.97,0.00,2.56,0.56,13.19,18.61,8.82,69833848904.34,9.60,23.84,22.12,18.30,19.48,20.11,20.76,22.61,31.12,52.18,22.03,28.99,2.18,0.46,0.51,4101626647.87,999152030.17,1015129834.38
[object Object],NDSN,Nordson Corporation,NASDAQ,311.74,stock,common,100.00,1.00,false,0.00,USD,0.88,274328.00,0.81,17363720214.28,USD,31.54,9.88,24.24,1.06,Producer manufacturing,america,Producer Manufacturing,Buy,Buy,0.88,0.73,0.75,6.18,16.66,29.26,37.86,28.37,224.16,23777.71,1.72,2.16,Neutral,Neutral,Neutral,Neutral,Neutral,Neutral,48.03,-4.89,-4.46,-59.92,12.50,10.47,0.00,313.70,1.51,1.21,129.00,1.61,274328.00,-25.20,311.74,0.00,80540.00,39.95,31.54,1.29,5.81,5.31,22.58,24.12,153.98,19068501214.28,6.40,23.76,20.07,312.68,316.57,307.59,297.30,282.32,361.00,375.00,335.00,365.00,11.94,3.09,3.46,3056700000.00,779485714.00,828700000.00
[object Object],DD,"DuPont de Nemours, Inc.",NYSE,128.46,stock,common,100.00,1.00,false,0.00,USD,0.70,1214833.00,0.96,17347619723.90,USD,305.13,0.42,0.00,1.88,Process industries,america,Process Industries,StrongBuy,Strong buy,0.70,0.77,-9.74,-11.89,-2.09,5.89,32.43,45.01,37.46,1380.16,2.63,2.12,Sell,Sell,StrongSell,Strong sell,Neutral,Neutral,38.89,-4.47,-9.82,-61.15,28.70,21.27,0.00,0.00,0.00,0.00,0.00,1.20,1214833.00,20.20,128.30,-0.12,294899.00,-43.78,305.13,0.00,2.11,1.26,14.71,16.75,9.86,18802619723.90,2.27,14.85,9.44,128.46,135.88,136.65,139.57,137.14,169.44,186.00,156.00,171.00,7.25,1.76,1.87,7168446802.00,1806472244.00,1844522511.00
[object Object],SRT3,Sartorius AG Pref,XETR,248.30,stock,preferred,10.00,1.00,false,0.00,EUR,2.43,73569.00,1.01,17299248579.64,USD,87.43,3.24,88.34,0.31,Health technology,germany,Health Technology,Buy,Buy,2.43,5.30,6.84,14.32,17.73,0.28,26.17,-56.13,228.44,13790.91,3.19,3.02,Buy,Buy,StrongBuy,Strong buy,Neutral,Neutral,58.37,3.50,-2.04,57.28,57.68,37.25,0.00,242.00,-0.17,-0.17,20.00,0.99,73569.00,19.47,248.30,0.00,48552.00,24.30,87.43,0.97,4.67,6.07,23.99,62.74,58.92,22957008045.64,5.61,31.74,19.01,236.68,240.09,236.29,231.76,233.28,326.25,517.80,221.08,330.46,6.20,1.49,1.43,4358761802.70,1066912807.18,1023333262.36
[object Object],LNT,Alliant Energy Corporation,NASDAQ,66.64,stock,common,100.00,1.00,false,0.00,USD,0.80,2221690.00,1.15,17278732466.46,USD,21.12,3.16,-2.48,3.20,Utilities,america,Utilities,Buy,Buy,0.80,-1.84,-6.47,-9.48,-6.19,2.51,4.14,13.82,76.39,1176.93,1.44,1.52,Sell,Sell,StrongSell,Strong sell,Buy,Buy,35.64,-1.10,-2.02,-147.34,12.73,8.68,0.00,0.00,0.00,0.00,0.00,0.18,2221690.00,16.42,66.64,0.00,674293.00,5.99,21.12,0.00,3.89,2.29,15.01,0.00,695.46,29371732466.46,6.63,30.00,15.89,67.26,68.42,70.54,71.97,70.39,78.00,83.00,73.00,78.00,3.42,0.58,1.22,4395479211.00,896935450.00,1286028100.00
[object Object],ABF,Associated British Foods plc,LSE,1843.00,stock,common,10.00,5.00,false,0.00,GBX,0.22,786066.00,0.75,17194259704.79,USD,13.84,1.80,-24.87,3.43,Consumer non-durables,uk,Consumer Non-Durables,Sell,Sell,0.22,1.26,-7.73,-3.81,1.74,-14.00,-7.29,-2.25,-31.97,824.42,1.90,1.73,Sell,Sell,StrongSell,Strong sell,Neutral,Neutral,28.65,-197.00,-176.02,-110.10,21.10,22.84,0.00,0.00,0.00,0.00,0.00,0.57,786066.00,-13.18,1843.00,0.00,440810.00,-8.23,13.84,0.00,0.67,1.14,5.81,11.08,18.38,21454515704.79,0.82,10.88,6.42,1926.25,2013.38,2020.76,1947.28,1946.03,24.42,28.29,20.88,24.25,2.07,0.95,1.13,26170279956.13,12569576000.00,13417303081.60
[object Object],BKT,Bankinter SA,BME,16.77,stock,common,1000.00,5.00,false,0.00,EUR,0.87,1677584.00,1.60,17122682151.16,USD,0.00,0.00,0.00,3.01,Finance,spain,Finance,Neutral,Neutral,0.87,0.90,0.30,11.65,26.23,18.68,28.46,234.20,254.08,273.37,1.82,1.66,Buy,Buy,StrongBuy,Strong buy,Neutral,Neutral,55.41,-0.14,0.10,1.76,56.93,56.09,0.00,0.00,0.00,0.00,0.00,0.15,1677584.00,71.44,0.00,0.00,0.00,32.27,0.00,0.00,4.32,2.25,0.00,0.00,0.00,35885106908.50,6.30,0.00,0.00,16.73,16.68,16.32,15.33,14.68,18.98,22.15,11.90,19.10,1.55,0.36,0.37,3856848034.72,908830331.81,942025981.40
[object Object],TSCO,Tractor Supply Company,NASDAQ,32.82,stock,common,100.00,1.00,false,0.00,USD,0.12,8484985.00,0.97,17100535448.23,USD,17.14,1.92,-5.80,2.90,Retail trade,america,Retail Trade,Buy,Buy,0.12,-2.87,-6.47,10.13,-28.81,-34.32,-44.55,-21.21,138.48,11441.10,3.21,2.79,Sell,Sell,StrongSell,Strong sell,Neutral,Neutral,41.21,-2.04,-1.13,-140.85,9.35,13.89,doji,32.86,0.24,0.73,9130.00,0.15,8484985.00,-0.40,32.78,-0.12,3368116.00,-44.53,17.14,0.00,1.09,6.51,13.39,56.09,74.35,23413925448.23,1.49,16.68,12.24,33.79,34.66,33.15,32.18,41.08,35.07,42.00,28.00,35.00,1.94,0.82,0.40,15953623831.00,4579079586.00,3796922870.00
[object Object],ASRNL,ASR Nederland N.V.,EURONEXT,74.96,stock,common,100.00,2.00,false,0.00,EUR,0.67,555457.00,1.20,17074689760.02,USD,14.12,6.06,2.26,4.74,Finance,netherlands,Finance,Buy,Buy,0.67,2.88,6.42,14.20,28.27,23.05,31.55,93.70,304.10,266.55,1.27,1.40,StrongBuy,Strong buy,StrongBuy,Strong buy,Neutral,Neutral,68.61,0.74,2.02,113.27,89.22,81.21,0.00,0.00,0.00,0.00,0.00,0.00,555457.00,-21.47,74.96,0.00,433710.00,21.76,14.12,6.19,0.81,1.68,12.13,12.39,0.00,28980996250.02,1.24,0.00,0.00,73.73,71.91,71.06,68.37,64.52,88.34,98.71,60.97,90.00,7.53,3.17,3.28,12009138774.28,3651104148.76,3988490023.26
[object Object],SGRO,SEGRO plc,LSE,942.40,stock,common,10.00,2.00,false,0.00,GBX,0.04,3721194.00,0.91,17047953784.58,USD,42.82,0.29,-51.99,3.35,Finance,uk,Finance,Buy,Buy,0.04,1.12,-1.63,26.91,30.06,30.78,47.80,-24.46,126.14,107.96,1.18,1.21,Buy,Buy,Buy,Buy,Neutral,Neutral,49.93,-1.80,-17.88,-40.87,33.83,24.77,0.00,0.00,0.00,0.00,0.00,0.17,3721194.00,2.67,942.40,0.00,1885820.00,57.76,42.82,0.00,17.11,1.07,28.21,30.14,72.44,23531300984.58,23.83,34.33,33.36,939.04,951.43,940.48,845.71,788.96,13.32,17.51,11.45,13.41,0.52,0.25,0.26,946296015.35,503397455.40,520771820.80
[object Object],NWSA,News Corporation Class A,NASDAQ,30.18,stock,common,100.00,1.00,false,0.00,USD,-0.03,2631785.00,0.73,16915558230.93,USD,29.38,1.03,26.23,0.66,Consumer services,america,Consumer Services,StrongBuy,Strong buy,-0.03,1.82,3.71,16.17,26.59,15.46,1.24,34.49,119.97,97.51,2.25,2.01,Buy,Buy,StrongBuy,Strong buy,Neutral,Neutral,54.15,-0.47,0.40,-23.78,47.21,46.62,0.00,30.18,-0.03,-0.03,100.00,-0.18,2631785.00,-17.78,30.18,0.00,601608.00,0.59,29.38,1.12,1.84,1.92,13.46,20.58,7.91,18445558230.93,2.04,16.17,11.34,30.09,29.91,29.09,27.63,26.39,36.76,43.00,30.30,38.00,1.32,0.23,0.26,9407977091.00,2245702250.00,2267240525.00
[object Object],NWS,News Corporation Class B,NASDAQ,33.37,stock,common,100.00,1.00,false,0.00,USD,-0.21,796408.00,0.76,16885742025.95,USD,32.48,1.03,26.23,0.60,Consumer services,america,Consumer Services,Buy,Buy,-0.21,1.49,1.43,12.74,21.88,12.58,1.77,52.10,132.38,119.40,1.90,2.04,Sell,Sell,Sell,Sell,Sell,Sell,48.93,-1.04,-0.11,-66.55,32.71,32.96,0.00,33.85,1.23,-0.12,1300.00,0.24,796408.00,-24.09,33.37,0.00,141754.00,0.59,32.48,1.24,2.03,2.13,14.88,22.75,8.74,18415742025.95,2.04,16.14,11.33,33.50,33.73,32.87,31.40,30.03,39.00,39.00,39.00,39.00,1.32,0.23,0.26,9411419527.00,2247630192.00,2266864000.00
[object Object],J,Jacobs Solutions Inc.,NYSE,144.16,stock,common,100.00,1.00,false,0.00,USD,0.47,549774.00,0.84,16872287004.29,USD,50.60,2.85,-28.81,0.98,Technology services,america,Technology Services,Buy,Buy,0.47,2.07,-0.49,15.74,11.50,8.67,-1.76,31.57,249.85,42408.46,2.18,2.08,Neutral,Neutral,Buy,Buy,Neutral,Neutral,49.99,-2.92,-2.25,-55.85,31.01,29.25,spinning_top_black,0.00,0.00,0.00,0.00,0.86,549774.00,0.99,144.16,0.00,163946.00,-1.35,50.60,0.00,1.20,5.17,23.29,26.59,14.34,19717897004.29,1.39,28.51,21.33,143.88,146.26,141.01,131.52,132.99,166.17,181.00,146.00,167.50,7.26,1.83,2.13,9555872583.00,2403630393.00,2558880100.00
[object Object],BEN,"Franklin Templeton, Inc.",NYSE,33.07,stock,common,100.00,1.00,false,0.00,USD,1.07,2325540.00,0.75,16802103852.14,USD,22.55,1.47,181.27,4.00,Finance,america,Finance,Neutral,Neutral,1.07,-2.68,-2.82,-2.68,38.25,37.91,36.31,9.29,-5.92,52217.67,2.66,2.16,Neutral,Neutral,Sell,Sell,Neutral,Neutral,43.02,0.06,-0.86,-100.99,23.28,23.09,0.00,0.00,0.00,0.00,0.00,1.42,2325540.00,-9.15,33.13,0.18,690927.00,27.42,22.55,0.12,1.80,1.43,59.54,70.98,4.54,32413703852.14,3.46,22.76,18.14,33.69,33.92,33.69,32.73,29.00,35.33,41.00,26.00,36.00,2.89,0.66,0.75,7160684125.00,1758562000.00,1855584925.00
[object Object],METSO,Metso Corporation,OMXHEX,17.54,stock,common,100.00,1.00,false,0.00,EUR,-0.90,1905531.00,1.67,16800237526.94,USD,29.34,0.68,90.29,2.20,Producer manufacturing,finland,Producer Manufacturing,Buy,Buy,-0.90,-5.44,5.47,13.23,21.59,16.93,42.83,95.76,319.62,461.28,2.98,3.08,Neutral,Neutral,Buy,Buy,Neutral,Neutral,51.34,0.01,0.12,-28.71,33.93,27.22,0.00,0.00,0.00,0.00,0.00,0.34,1905531.00,23.58,0.00,0.00,0.00,59.12,29.34,0.33,2.74,5.58,23.13,31.71,37.92,18210149626.94,2.98,19.16,15.57,17.82,17.40,16.77,16.03,15.89,20.66,24.64,15.47,20.63,0.88,0.20,0.22,6600543438.47,1559973370.54,1672661021.83
[object Object],AAF,Airtel Africa Plc,LSE,356.60,stock,common,10.00,2.00,false,0.00,GBX,3.00,2730328.00,1.23,16776384744.98,USD,24.54,0.19,104.65,1.55,Communications,uk,Communications,Buy,Buy,3.00,5.94,9.39,0.17,-1.16,0.22,57.65,263.88,363.12,363.12,2.60,2.90,StrongBuy,Strong buy,StrongBuy,Strong buy,Buy,Buy,62.82,7.60,10.16,127.94,77.88,69.01,0.00,0.00,0.00,0.00,0.00,0.52,2730328.00,60.49,356.60,0.00,1381941.00,55.52,24.54,0.23,2.47,5.34,6.77,10.53,7.37,21375975176.34,3.16,9.36,6.32,347.40,336.99,337.62,343.07,345.27,4.90,6.23,3.81,4.75,0.26,0.05,0.08,7830591171.86,1658542000.00,1966733000.00
[object Object],NVR,"NVR, Inc.",NYSE,6242.23,stock,common,100.00,1.00,false,0.00,USD,0.90,32139.00,0.85,16634669573.79,USD,16.19,385.60,-18.61,0.00,Consumer durables,america,Consumer Durables,Neutral,Neutral,0.90,-0.27,-1.63,-2.08,-2.89,-14.34,-24.24,24.89,275.94,26361.34,2.37,2.14,Sell,Sell,StrongSell,Strong sell,Neutral,Neutral,48.00,-84.72,-76.55,-42.62,41.92,44.07,spinning_top_white,0.00,0.00,0.00,0.00,0.65,32139.00,-16.81,6242.23,0.00,5223.00,-28.67,16.19,0.00,1.87,4.73,16.48,16.80,14.68,16488112573.79,1.77,13.57,13.29,6221.17,6303.65,6333.89,6290.22,6762.90,6782.00,7446.00,5664.00,7000.00,361.10,89.98,104.43,9414692031.00,2397300112.00,2594147187.00
[object Object],FTV,Fortive Corp.,NYSE,55.07,stock,common,100.00,1.00,false,0.00,USD,-0.42,2343981.00,1.06,16632079227.31,USD,32.51,1.69,-23.54,0.43,Electronic technology,america,Electronic Technology,Neutral,Neutral,-0.42,-0.69,-9.39,-10.31,-0.77,-0.47,12.53,-0.64,74.91,103.30,2.33,1.92,StrongSell,Strong sell,StrongSell,Strong sell,Sell,Sell,36.25,-1.53,-3.60,-86.16,22.38,21.63,0.00,0.00,0.00,0.00,0.00,0.85,2343981.00,-2.13,55.07,0.00,585720.00,7.06,32.51,0.00,3.94,2.75,16.11,17.74,43.18,19757879227.31,4.58,25.11,16.70,55.80,58.65,59.62,60.07,58.19,64.31,72.00,51.00,64.00,3.02,0.71,0.70,4368330743.00,1069341092.00,1068530345.00
[object Object],BESI,BE Semiconductor Industries N.V.,EURONEXT,181.50,stock,common,100.00,5.00,false,0.00,EUR,1.48,377790.00,0.84,16549377918.15,USD,69.84,2.97,25.03,0.88,Producer manufacturing,netherlands,Producer Manufacturing,Buy,Buy,1.48,-4.04,-21.90,-42.67,-1.94,33.21,55.13,131.39,1182.69,3807.43,3.63,4.03,Sell,Sell,StrongSell,Strong sell,Neutral,Neutral,38.06,-9.90,-24.80,-108.65,20.25,16.82,0.00,0.00,0.00,0.00,0.00,0.64,377790.00,-17.53,181.50,0.00,134711.00,76.94,69.84,2.75,19.72,25.59,59.12,60.60,28.85,16376198300.28,19.54,54.52,47.55,186.93,203.08,211.20,244.09,209.96,345.18,462.71,253.85,331.74,5.19,1.27,1.41,1179323629.40,284491169.48,310136791.95
[object Object],ZBRA,Zebra Technologies Corporation Class A,NASDAQ,347.81,stock,common,100.00,1.00,false,0.00,USD,1.94,535406.00,1.07,16455120758.79,USD,31.83,10.93,3.26,0.00,Electronic technology,america,Electronic Technology,Buy,Buy,1.94,2.07,-5.52,46.91,70.57,41.20,9.24,-40.39,421.30,8476.05,3.13,3.01,Neutral,Neutral,Buy,Buy,Neutral,Neutral,51.11,-3.30,-9.05,-82.53,23.03,28.89,0.00,0.00,0.00,0.00,0.00,1.22,535406.00,3.72,348.10,0.08,84784.00,4.15,31.83,9.58,2.79,4.80,17.10,18.52,106.62,19260120758.79,3.27,19.07,15.74,349.55,360.08,328.25,285.18,261.49,419.23,455.00,355.00,430.00,21.13,4.36,4.88,6223382527.00,1497262500.00,1567425000.00
[object Object],LDOS,"Leidos Holdings, Inc.",NYSE,130.96,stock,common,100.00,1.00,false,0.00,USD,1.24,1000004.00,0.80,16434460648.26,USD,12.21,10.73,1.47,1.31,Technology services,america,Technology Services,Buy,Buy,1.24,1.83,-8.68,20.12,-20.49,-27.08,-28.28,43.22,213.53,180.45,3.09,2.87,Neutral,Neutral,Sell,Sell,Neutral,Neutral,48.20,-2.82,-4.85,-63.37,19.66,21.95,doji,131.00,1.28,0.54,1938.00,1.22,1000004.00,-41.87,130.96,0.00,179298.00,-24.74,12.21,8.20,0.92,3.11,7.17,7.63,19.88,22234460648.26,1.26,10.69,9.33,130.36,136.74,126.91,124.75,150.79,156.60,225.00,125.00,160.00,12.38,2.91,3.05,18323426599.00,4436589000.00,4712277840.00
[object Object],PZU,Powszechny Zaklad Ubezpieczen Spolka Akcyjna,GPW,73.92,stock,common,100.00,2.00,false,0.00,PLN,2.18,1607485.00,0.47,16411178262.85,USD,9.85,1.99,5.75,6.18,Finance,poland,Finance,Buy,Buy,2.18,-1.44,2.61,9.19,14.82,10.33,20.78,94.02,169.58,111.81,1.98,1.72,Buy,Buy,Buy,Buy,Neutral,Neutral,49.74,-1.58,1.40,-42.76,49.21,68.98,0.00,0.00,0.00,0.00,0.00,0.69,1607485.00,-38.45,0.00,0.00,0.00,21.29,9.85,1.68,0.94,1.85,2.43,2.59,0.00,38087075562.85,2.15,0.00,0.00,75.46,73.80,72.48,68.81,67.90,20.49,22.77,17.39,20.23,2.00,0.00,0.47,8748436330.40,1640578053.00,0.00
[object Object],RVTY,"Revvity, Inc.",NYSE,146.73,stock,common,100.00,1.00,false,0.00,USD,0.69,2753736.00,1.38,16373071296.99,USD,69.69,2.11,-10.66,0.19,Health technology,america,Health Technology,Neutral,Neutral,0.69,19.52,26.64,49.76,72.24,50.96,70.62,-20.97,175.55,4329.58,4.82,3.52,Buy,Buy,StrongBuy,Strong buy,Neutral,Neutral,75.04,15.79,12.16,263.38,94.48,81.13,spinning_top_black,146.30,0.39,0.53,666.00,1.29,2753736.00,-19.11,146.50,-0.16,351808.00,38.50,69.69,0.00,5.59,2.26,26.10,29.35,16.00,18690931296.99,6.42,41.54,21.68,131.82,124.94,119.61,109.71,103.69,128.13,165.00,110.00,126.00,5.36,1.21,1.30,2851468575.00,702956637.00,694442782.00
[object Object],IEX,IDEX Corporation,NYSE,221.89,stock,common,100.00,1.00,false,0.00,USD,0.18,402352.00,0.80,16357709063.80,USD,31.88,6.96,12.35,1.30,Producer manufacturing,america,Producer Manufacturing,Buy,Buy,0.18,-0.56,-8.59,-2.33,18.21,24.64,35.14,1.93,143.89,7580.65,1.85,1.93,Sell,Sell,Sell,Sell,Sell,Sell,40.41,-2.72,-8.13,-67.24,16.16,17.91,0.00,0.00,0.00,0.00,0.00,1.71,402352.00,-18.58,221.89,0.00,102608.00,34.58,31.88,2.58,4.58,4.10,22.97,25.67,26.33,17616609063.80,4.91,23.34,18.21,223.16,230.18,228.60,222.53,208.08,258.23,280.00,215.00,268.00,8.83,2.11,2.24,3692017208.00,905374806.00,932694510.00
[object Object],SOON,Sonova Holding AG,SIX,235.00,stock,common,10.00,2.00,false,0.00,CHF,1.12,128105.00,1.32,16187821982.33,USD,32.54,9.04,-20.12,2.02,Health technology,switzerland,Health Technology,Neutral,Neutral,1.12,3.52,-1.51,22.46,30.56,13.47,-0.34,-39.51,74.33,761.81,2.08,1.75,Buy,Buy,StrongBuy,Strong buy,Neutral,Neutral,54.84,-1.40,-5.48,7.94,46.61,29.39,rising_window_bullish,0.00,0.00,0.00,0.00,0.69,128105.00,14.75,235.00,0.00,90796.00,2.14,32.54,0.00,3.84,5.34,20.47,23.23,19.35,17410426982.33,3.86,18.74,13.87,230.62,236.29,227.74,211.36,204.53,283.34,363.15,205.78,293.55,13.56,7.14,5.17,4797032409.48,2457051088.49,2170653468.75
[object Object],FBK,FinecoBank SpA,MIL,23.06,stock,common,100.00,1.00,false,0.00,EUR,0.48,1009333.00,0.84,16094806761.83,USD,21.12,1.25,2.97,3.44,Finance,italy,Finance,Buy,Buy,0.48,-0.30,-5.88,0.52,24.75,4.30,23.81,47.68,340.92,476.50,2.16,1.77,Sell,Sell,Sell,Sell,Sell,Sell,44.53,-0.36,-0.82,-67.18,45.11,35.06,0.00,0.00,0.00,0.00,0.00,0.00,1009333.00,-14.71,0.00,0.00,0.00,29.64,21.12,7.08,7.17,5.89,11.74,11.93,0.00,16653307332.74,7.15,0.00,0.00,23.07,23.62,23.62,22.64,21.75,31.33,33.71,27.20,31.62,1.33,0.00,0.00,1733423996.18,761082480.00,0.00
[object Object],BALL,Ball Corporation,NYSE,60.75,stock,common,100.00,1.00,false,0.00,USD,-0.83,1505369.00,0.76,16080727381.00,USD,17.28,3.52,64.15,1.31,Process industries,america,Process Industries,Buy,Buy,-0.83,1.03,-1.59,3.46,2.91,14.49,21.77,-34.48,55.53,18089.49,1.76,1.66,Sell,Sell,StrongSell,Strong sell,Sell,Sell,41.74,-2.55,-1.72,-62.61,31.78,27.95,marubozu_black_bearish,0.00,0.00,0.00,0.00,0.88,1505369.00,-12.68,60.75,0.00,454823.00,19.57,17.28,0.27,1.13,2.80,11.38,19.62,32.52,23183727381.00,1.60,13.96,10.07,61.03,62.29,62.66,60.30,59.57,73.31,79.00,65.00,74.00,4.02,0.99,1.06,14968401690.00,3691884072.00,3767616519.00
[object Object],MBK,mBank SA,GPW,1436.00,stock,common,10.00,5.00,false,0.00,PLN,-0.07,16295.00,0.92,16066152977.44,USD,15.71,24.27,20.61,0.00,Finance,poland,Finance,Sell,Sell,-0.07,0.53,1.66,0.07,36.37,33.89,59.17,262.44,316.23,44482.43,2.77,2.83,Buy,Buy,StrongBuy,Strong buy,Buy,Buy,57.00,33.50,41.09,83.76,72.84,78.14,"long_upper_shadow_bearish,shooting_star_bearish",0.00,0.00,0.00,0.00,-0.56,16295.00,-14.13,0.00,0.00,0.00,55.92,15.71,0.76,4.40,2.62,13.59,17.22,0.00,17783092157.44,3.67,0.00,0.00,1435.85,1407.30,1396.50,1345.55,1204.79,308.52,364.94,239.71,309.04,27.98,0.00,0.00,3461982451.35,758093830.09,0.00
[object Object],INVH,"Invitation Homes, Inc.",NYSE,27.15,stock,common,100.00,1.00,false,0.00,USD,-0.22,5742882.00,1.20,16035420154.39,USD,48.50,0.56,24.79,4.37,Finance,america,Finance,Buy,Buy,-0.22,-4.33,-9.38,-5.43,8.82,-1.88,-7.72,-32.88,35.07,35.07,1.63,1.47,StrongSell,Strong sell,StrongSell,Strong sell,Neutral,Neutral,22.00,-1.69,-1.81,-112.12,4.47,5.82,0.00,0.00,0.00,0.00,0.00,0.62,5742882.00,19.98,27.15,0.00,912497.00,-7.46,48.50,1.96,5.62,1.77,13.25,19.53,49.15,24332031154.39,8.48,32.73,16.12,27.79,29.16,29.48,29.31,27.87,33.18,36.00,28.00,34.00,1.01,0.17,0.18,2951425000.00,731130333.00,738524667.00
[object Object],CON,Continental AG,XETR,70.74,stock,common,100.00,2.00,false,0.00,EUR,1.26,392585.00,0.88,16016163564.81,USD,0.00,-1.51,-117.79,3.86,Consumer durables,germany,Consumer Durables,Buy,Buy,1.26,2.17,2.58,-0.92,21.63,4.15,29.30,-2.21,-44.41,594.11,2.55,2.41,Buy,Buy,StrongBuy,Strong buy,Neutral,Neutral,52.44,0.52,0.30,52.30,29.31,25.24,0.00,0.00,0.00,0.00,0.00,0.86,392585.00,-8.00,70.74,0.00,269906.00,-5.65,0.00,0.00,0.79,3.37,5.59,8.78,15.99,23093234544.81,1.15,12.12,7.64,70.48,69.64,70.31,70.27,68.35,90.82,103.16,71.07,91.70,6.84,1.63,1.51,17428767745.96,5032511373.26,4065137659.35
[object Object],APA,APA Corporation,NASDAQ,45.46,stock,common,100.00,1.00,false,0.00,USD,1.50,5075097.00,0.93,15926979581.77,USD,9.61,4.73,58.66,2.23,Energy minerals,america,Energy Minerals,Neutral,Neutral,1.50,-1.37,8.19,36.35,18.57,84.95,87.00,123.39,-21.25,2145.79,3.94,3.27,Buy,Buy,StrongBuy,Strong buy,Buy,Buy,60.10,0.77,3.54,75.94,74.39,78.61,0.00,44.61,-0.40,0.22,14350.00,-0.36,5075097.00,-44.64,45.50,0.09,722785.00,81.96,9.61,0.16,1.80,2.27,3.55,7.66,36.25,20286979581.77,2.30,5.57,3.34,44.73,42.71,39.75,38.21,34.40,46.31,62.00,37.00,46.50,6.04,1.90,1.33,8965788669.00,2460458417.00,2223527032.00
[object Object],ROL,"Rollins, Inc.",NYSE,33.00,stock,common,100.00,1.00,false,0.00,USD,-1.58,5870155.00,1.11,15877798158.66,USD,29.96,1.10,9.07,2.18,Commercial services,america,Commercial Services,Buy,Buy,-1.58,-5.20,-8.97,-27.01,-38.99,-44.77,-40.44,-12.16,156.57,11892.96,2.56,2.20,StrongSell,Strong sell,StrongSell,Strong sell,Sell,Sell,26.11,-2.71,-1.86,-172.52,0.18,8.32,0.00,33.77,0.72,0.09,420.00,0.54,5870155.00,6.40,33.09,0.27,1222244.00,-36.60,29.96,3.36,4.11,11.11,24.55,25.66,145.63,16884016158.66,4.30,22.75,19.36,34.60,35.87,38.12,43.59,51.24,45.56,66.00,32.00,45.00,1.15,0.34,0.35,4087735693.00,1094107882.00,1108538829.00
[object Object],STZ,"Constellation Brands, Inc. Class A",NYSE,122.45,stock,common,100.00,1.00,false,0.00,USD,-0.47,1656581.00,0.69,15862564394.11,USD,11.68,10.48,0.00,3.33,Consumer non-durables,america,Consumer Non-Durables,Buy,Buy,-0.47,0.03,-6.95,-11.96,-19.35,-11.52,-9.38,-42.82,-25.86,6382.58,2.37,2.32,Sell,Sell,StrongSell,Strong sell,Neutral,Neutral,36.52,-6.90,-6.92,-93.44,20.07,21.54,0.00,123.50,0.38,0.20,727.00,0.35,1656581.00,16.54,122.79,0.28,328309.00,-36.09,11.68,0.00,2.34,2.54,7.84,11.51,218.54,26593964394.11,2.94,9.69,8.43,124.02,130.33,130.93,137.31,144.77,168.45,209.00,115.00,171.50,11.79,3.19,3.60,9098612268.00,2388444554.00,2543560969.00
[object Object],ADM,Admiral Group plc,LSE,3894.00,stock,common,1.00,2.00,false,0.00,GBX,0.83,689267.00,1.17,15823121415.27,USD,17.14,3.01,-15.85,5.31,Finance,uk,Finance,Buy,Buy,0.83,2.96,0.41,18.29,19.45,21.01,17.71,10.47,92.77,1259.16,1.85,1.79,Buy,Buy,StrongBuy,Strong buy,Neutral,Neutral,53.38,58.00,-31.48,-18.53,31.60,25.61,spinning_top_white,0.00,0.00,0.00,0.00,0.73,689267.00,105.67,3894.00,0.00,437361.00,10.38,17.14,0.00,2.11,7.96,26.11,32.55,0.00,18610278535.27,2.52,0.00,0.00,3836.80,3896.27,3799.12,3595.45,3329.18,54.20,64.20,35.05,56.18,3.20,1.31,1.60,6848652614.77,3761704241.10,3550318112.00
[object Object],UPM,UPM-Kymmene Oyj,OMXHEX,26.40,stock,common,100.00,1.00,false,0.00,EUR,1.03,1472635.00,1.14,15794427517.60,USD,22.27,1.35,82.65,5.74,Process industries,finland,Process Industries,Buy,Buy,1.03,3.41,15.54,7.10,4.35,6.02,11.39,-20.00,47.08,28.31,2.15,1.95,StrongBuy,Strong buy,StrongBuy,Strong buy,Buy,Buy,76.70,2.39,1.85,139.45,93.04,86.86,0.00,0.00,0.00,0.00,0.00,0.54,1472635.00,-0.02,0.00,0.00,0.00,1.85,22.27,0.27,1.46,1.40,11.98,17.60,30.40,20082623587.60,1.86,22.63,13.64,25.37,24.17,23.83,24.22,24.81,30.25,45.22,23.08,30.56,1.69,0.33,0.34,11254502019.25,2776216668.14,2697772209.71
[object Object],CVC,CVC Capital Partners plc,EURONEXT,13.06,stock,common,100.00,1.00,false,0.00,EUR,-0.61,1427824.00,1.29,15714047992.05,USD,16.89,0.88,60.17,3.81,Finance,netherlands,Finance,Buy,Buy,-0.61,-6.31,-13.97,0.77,17.03,-8.29,-13.51,-24.68,-24.68,-24.68,2.38,2.36,Sell,Sell,StrongSell,Strong sell,Sell,Sell,32.05,-1.06,-1.33,-118.35,6.11,5.47,0.00,0.00,0.00,0.00,0.00,0.38,1427824.00,-5.47,13.06,0.00,846394.00,-17.47,16.89,0.28,7.11,8.66,20.30,20.95,13.74,18034098472.05,7.86,13.71,11.85,13.57,14.50,14.52,13.80,13.42,20.29,24.39,16.46,20.08,0.95,0.41,0.47,2233356296.50,973836846.12,1152908049.57
[object Object],BG,BAWAG Group AG,VIE,178.60,stock,common,10.00,1.00,false,0.00,EUR,0.62,139608.00,1.65,15666645225.00,USD,15.62,13.06,13.98,3.52,Finance,austria,Finance,StrongBuy,Strong buy,0.62,0.85,0.11,5.06,40.63,39.20,62.22,256.84,272.08,272.08,1.86,1.78,Buy,Buy,StrongBuy,Strong buy,Neutral,Neutral,51.52,-1.50,-0.73,-14.10,44.44,40.97,0.00,0.00,0.00,0.00,0.00,0.45,139608.00,68.11,178.60,0.00,119597.00,57.01,15.62,1.11,5.11,2.92,11.15,12.70,0.00,21730413525.00,4.92,0.00,0.00,178.51,178.68,177.15,168.18,150.34,229.55,257.32,201.93,228.47,14.66,0.00,0.00,2805534050.55,0.00,0.00
[object Object],WY,Weyerhaeuser Company,NYSE,21.66,stock,common,100.00,1.00,false,0.00,USD,-0.69,5616285.00,0.90,15611141875.20,USD,33.12,0.65,70.20,3.85,Finance,america,Finance,Buy,Buy,-0.69,-3.69,-10.50,-11.88,-5.54,-8.72,-12.73,-39.46,-27.66,719.93,2.33,2.07,StrongSell,Strong sell,StrongSell,Strong sell,Neutral,Neutral,26.57,-1.53,-1.85,-114.62,7.34,10.92,0.00,22.04,1.05,0.50,2030.00,1.47,5616285.00,-57.23,21.74,0.37,1356740.00,-6.17,33.12,0.48,2.30,1.65,28.59,0.00,29.39,20528141875.20,3.00,48.64,22.03,22.34,23.68,23.88,23.96,24.28,31.00,38.00,28.00,30.00,0.33,0.08,0.09,7181989552.00,1849387604.00,1928224533.00
[object Object],URW,Unibail-Rodamco-Westfield SE Stapled Secs Cons of 1 Sh Unibail Rodamco + 1 Sh WFD Unib Rod,EURONEXT,94.38,fund,reit,100.00,2.00,false,0.00,EUR,0.21,404671.00,1.49,15598798860.88,USD,8.74,12.33,102.25,4.78,Finance,france,Finance,Buy,Buy,0.21,0.77,-8.10,-5.15,-1.40,1.37,5.59,45.20,-59.74,-46.39,1.32,1.38,Sell,Sell,StrongSell,Strong sell,Sell,Sell,31.35,-2.50,-6.37,-61.76,28.14,17.78,spinning_top_black,0.00,0.00,0.00,0.00,0.28,404671.00,21.31,94.38,0.00,323338.00,13.07,8.74,0.09,4.59,0.83,8.55,16.97,4.87,45095420889.88,13.15,22.53,22.18,94.23,99.06,101.14,100.64,98.61,135.87,156.78,116.13,137.04,10.88,5.61,5.26,2889786127.74,1696807650.58,1671777481.50
[object Object],MAP,Mapfre SA,BME,4.55,stock,common,1000.00,2.00,false,0.00,EUR,2.62,2037241.00,1.45,15492202879.54,USD,11.79,0.44,10.93,3.30,Finance,spain,Finance,Neutral,Neutral,2.62,4.36,3.22,7.72,22.46,6.61,19.87,148.52,92.79,250.93,1.59,1.33,StrongBuy,Strong buy,StrongBuy,Strong buy,Buy,Buy,62.03,0.01,0.00,115.07,56.94,41.50,rising_window_bullish,0.00,0.00,0.00,0.00,0.36,2037241.00,39.37,0.00,0.00,0.00,18.37,11.79,1.05,0.45,1.39,5.52,5.66,0.00,20074646458.54,0.58,0.00,0.00,4.44,4.43,4.43,4.30,4.15,4.88,5.34,4.24,4.85,0.48,0.00,0.00,34725743397.12,0.00,0.00
[object Object],AKAM,"Akamai Technologies, Inc.",NASDAQ,107.08,stock,common,100.00,1.00,false,0.00,USD,2.49,2859635.00,0.89,15389175496.80,USD,38.63,2.77,-1.72,0.00,Technology services,america,Technology Services,Buy,Buy,2.49,-1.83,-11.86,-17.17,-3.15,22.66,39.85,-4.44,109.14,-2.65,4.50,3.90,Sell,Sell,StrongSell,Strong sell,Buy,Buy,45.52,1.99,-5.97,-11.46,40.73,40.07,0.00,105.40,0.88,1.17,3273.00,0.56,2859635.00,14.17,107.08,0.00,383657.00,38.61,38.63,0.00,3.71,3.24,11.37,26.13,4.90,21372774496.80,4.94,41.49,17.19,106.45,111.03,114.53,122.95,110.30,156.14,195.00,93.00,158.00,6.72,1.57,1.68,4491275731.00,1091295536.00,1118245460.00
[object Object],KRZ,Kerry Group PLC,EURONEXT,85.00,stock,common,100.00,5.00,false,0.00,EUR,0.24,228474.00,0.86,15361308162.42,USD,21.66,4.48,-7.27,1.65,Process industries,ireland,Process Industries,Buy,Buy,0.24,2.35,4.94,15.10,27.92,10.89,8.77,-30.58,12.00,455.56,2.13,1.88,Buy,Buy,StrongBuy,Strong buy,Buy,Buy,56.83,0.75,0.99,118.38,68.18,58.99,spinning_top_black,0.00,0.00,0.00,0.00,0.35,228474.00,-48.27,85.00,0.00,148046.00,5.37,21.66,0.00,2.06,2.21,18.41,30.08,30.06,17922189969.42,2.37,17.54,12.97,84.07,83.77,83.42,79.55,75.97,111.67,121.89,87.06,117.25,5.99,2.46,3.45,8018470287.14,3848160891.46,4004587092.87
[object Object],SOBI,Swedish Orphan Biovitrum AB,OMXSTO,445.80,stock,common,10.00,2.00,false,0.00,SEK,1.46,322534.00,1.51,15305120540.03,USD,115.79,0.40,-69.44,0.00,Health technology,sweden,Health Technology,Buy,Buy,1.46,0.09,-2.75,0.95,21.87,33.07,59.21,93.66,362.10,1258.23,2.61,2.18,Neutral,Neutral,Sell,Sell,Neutral,Neutral,46.77,-14.20,-9.45,-75.09,26.51,26.33,spinning_top_white,0.00,0.00,0.00,0.00,1.05,322534.00,28.45,0.00,0.00,0.00,67.01,115.79,0.00,5.02,3.66,19.85,19.92,144.23,16972832540.03,5.40,17.92,8.46,445.52,452.85,455.37,450.83,409.79,52.73,59.59,44.44,52.02,2.03,0.35,0.62,3581456066.63,752411047.79,905644555.58
[object Object],ING,ING Bank Slaski S.A.,GPW,450.40,stock,common,10.00,2.00,false,0.00,PLN,0.85,26807.00,1.65,15267636893.15,USD,13.03,9.18,-1.34,5.98,Finance,poland,Finance,Sell,Sell,0.85,0.94,0.54,-2.04,12.88,31.89,47.19,97.11,221.71,567.26,1.87,1.98,StrongBuy,Strong buy,StrongBuy,Strong buy,Buy,Buy,54.85,8.60,0.02,119.52,55.76,50.88,0.00,0.00,0.00,0.00,0.00,0.04,26807.00,26.43,0.00,0.00,0.00,44.59,13.03,0.00,4.52,2.98,3.85,3.90,0.00,19732361963.15,4.22,0.00,0.00,447.84,445.61,447.13,438.72,413.52,113.80,119.05,105.13,117.70,8.89,0.00,0.00,3343613821.04,802051237.50,0.00
[object Object],EDPR,EDP Renewables SA,EURONEXT,12.79,stock,common,100.00,1.00,false,0.00,EUR,2.16,1066475.00,0.89,15208058874.01,USD,43.97,0.33,0.00,0.99,Utilities,portugal,Utilities,Buy,Buy,2.16,-2.66,-5.40,-4.98,-3.76,6.58,30.51,-41.06,84.03,59.87,3.02,2.46,Sell,Sell,StrongSell,Strong sell,Neutral,Neutral,41.45,-0.41,-0.84,-99.97,24.26,16.02,0.00,0.00,0.00,0.00,0.00,0.32,1066475.00,-4.75,12.79,0.00,666990.00,40.24,43.97,0.00,5.04,1.30,0.00,0.00,23.97,28324750830.19,9.48,27.35,13.37,12.89,13.35,13.51,13.75,13.37,17.48,20.77,11.54,17.77,0.55,0.08,0.08,3243252355.33,767767892.11,730974591.97
[object Object],KIM,Kimco Realty Corporation,NYSE,22.57,stock,common,100.00,1.00,false,0.00,USD,-0.09,5304794.00,0.87,15139716130.56,USD,26.46,0.85,2.92,4.56,Finance,america,Finance,Buy,Buy,-0.09,-4.65,-7.99,-8.44,-2.17,11.57,1.99,2.22,-20.72,407.82,1.83,1.42,Sell,Sell,StrongSell,Strong sell,Neutral,Neutral,24.21,-1.51,-1.06,-187.13,8.35,7.28,0.00,0.00,0.00,0.00,0.00,0.35,5304794.00,-15.58,22.57,0.00,1648985.00,7.38,26.46,9.07,6.91,1.47,12.86,19.05,21.65,23765504130.56,10.81,31.33,17.27,23.27,23.85,24.56,24.45,23.15,27.01,31.00,24.00,26.00,0.84,0.20,0.20,2214561050.00,543753979.00,551783907.00
[object Object],ERF,Eurofins Scientific SE,EURONEXT,76.88,stock,common,100.00,2.00,false,0.00,EUR,2.92,487648.00,1.32,15070240328.45,USD,26.71,3.29,26.97,0.96,Commercial services,france,Commercial Services,Neutral,Neutral,2.92,8.53,10.49,22.23,23.36,23.21,22.26,-38.50,105.59,55691.00,2.34,2.27,StrongBuy,Strong buy,StrongBuy,Strong buy,Buy,Buy,72.03,3.42,1.68,254.41,92.81,76.77,"rising_window_bullish,marubozu_white_bullish",0.00,0.00,0.00,0.00,0.40,487648.00,26.44,76.88,0.00,183825.00,12.60,26.71,0.96,1.86,3.69,10.36,22.28,22.86,20670457040.45,2.45,19.66,11.10,72.53,71.90,70.69,67.08,66.07,83.38,99.97,67.42,80.21,4.67,2.18,1.86,8905632438.75,4231223804.30,4362005541.57
[object Object],IPN,Ipsen SA,EURONEXT,155.80,stock,common,10.00,1.00,false,0.00,EUR,-1.77,131108.00,1.77,15036448030.94,USD,25.21,7.06,15.12,1.01,Health technology,france,Health Technology,Neutral,Neutral,-1.77,-1.77,-3.29,0.71,2.30,31.26,33.39,90.09,167.42,601.80,2.12,2.20,Sell,Sell,StrongSell,Strong sell,Sell,Sell,40.61,-12.80,-3.04,-115.63,18.82,19.71,0.00,0.00,0.00,0.00,0.00,0.25,131108.00,79.27,155.80,0.00,71387.00,44.94,25.21,1.70,3.25,2.74,9.90,10.54,6.56,13882498021.94,3.00,9.97,6.27,159.35,161.63,161.14,161.39,153.00,193.12,272.51,150.75,197.13,17.15,7.42,8.21,5310522294.42,2418312050.00,2647310565.00
[object Object],HST,"Host Hotels & Resorts, Inc.",NASDAQ,21.90,stock,common,100.00,1.00,false,0.00,USD,0.64,6886519.00,0.90,15004224291.56,USD,14.69,1.49,57.83,3.68,Finance,america,Finance,Buy,Buy,0.64,-0.99,-4.24,-12.33,15.14,23.38,24.01,32.25,36.53,658.13,2.07,1.72,Sell,Sell,StrongSell,Strong sell,Neutral,Neutral,38.56,-0.21,-0.69,-69.06,34.68,38.53,"inverted_hammer_bullish,long_upper_shadow_bearish",21.91,0.69,2.30,2614.00,0.78,6886519.00,-17.53,21.90,0.00,2135470.00,26.33,14.69,0.25,2.40,2.35,9.39,14.85,7.70,18926224291.56,3.04,21.19,11.27,22.07,22.50,23.24,23.17,21.12,25.18,29.00,21.00,25.00,1.38,0.34,0.09,6119206250.00,1615766898.00,1351830894.00
[object Object],BOL,Boliden AB,OMXSTO,539.40,stock,common,10.00,2.00,false,0.00,SEK,3.25,1288466.00,1.25,14996418315.56,USD,12.09,4.58,52.37,2.11,Non-energy minerals,sweden,Non-Energy Minerals,Neutral,Neutral,3.25,-5.90,2.16,-7.64,-4.77,4.45,59.16,97.82,235.84,15.52,3.01,3.37,Neutral,Neutral,Sell,Sell,Buy,Buy,49.34,-10.00,-7.91,-86.98,18.20,13.29,0.00,0.00,0.00,0.00,0.00,0.73,1288466.00,-12.04,0.00,0.00,0.00,71.61,12.09,0.22,1.43,1.90,7.35,32.10,36.49,16869766315.56,1.58,10.06,6.25,545.30,546.13,525.41,530.51,551.04,57.90,72.73,48.83,56.78,4.56,0.80,1.08,12447226221.45,2986200197.81,2883242819.31
[object Object],SOLV,Solventum Corporation,NYSE,87.53,stock,common,100.00,1.00,false,0.00,USD,-1.46,1042829.00,1.24,14899684235.93,USD,10.70,8.18,276.86,0.00,Health services,america,Health Services,Buy,Buy,-1.46,-1.78,0.03,16.33,30.54,10.46,17.92,-3.87,-3.87,-3.87,2.85,2.27,Sell,Sell,Sell,Sell,Sell,Sell,46.29,-4.37,0.58,-125.42,28.72,33.45,0.00,90.27,1.62,-0.37,535.00,0.29,1042829.00,6.62,87.53,0.00,351085.00,24.33,10.70,0.04,1.85,3.10,72.58,0.00,37.64,19782684235.93,2.38,28.06,16.71,89.56,88.73,85.82,80.57,77.66,95.83,113.00,70.00,97.50,7.16,1.90,1.35,8240359586.00,2154045686.00,1935615912.00
[object Object],ELI,Elia Group SA/NV,EURONEXT,122.00,stock,common,10.00,1.00,false,0.00,EUR,2.52,180624.00,1.90,14872247792.48,USD,20.95,6.65,-2.78,1.21,Utilities,belgium,Utilities,Buy,Buy,2.52,1.67,-4.16,-6.94,-7.72,10.21,28.02,24.38,191.22,360.20,2.47,2.41,Neutral,Neutral,Sell,Sell,Buy,Buy,47.81,3.30,-8.02,-18.85,33.99,19.46,0.00,0.00,0.00,0.00,0.00,0.00,180624.00,101.25,122.00,0.00,121585.00,35.37,20.95,0.00,2.69,1.70,7.01,0.00,3.86,33775157108.48,6.12,16.04,11.29,118.52,124.53,128.51,132.15,128.18,174.08,197.62,145.31,174.66,7.83,4.13,4.13,6665857594.26,3632868876.74,3194708364.69
[object Object],INF,Informa Plc,LSE,893.00,stock,common,10.00,2.00,false,0.00,GBX,0.72,1976616.00,0.66,14834029395.47,USD,51.53,0.23,219.74,2.54,Technology services,uk,Technology Services,Buy,Buy,0.72,0.43,-0.89,3.38,19.35,0.38,-1.87,68.49,32.24,274.50,2.08,1.81,Sell,Sell,Sell,Sell,Neutral,Neutral,49.43,-19.80,-7.73,5.90,39.95,44.52,doji,0.00,0.00,0.00,0.00,0.74,1976616.00,-67.60,893.00,0.00,885967.00,-0.38,51.53,0.23,2.78,1.97,13.19,13.62,19.03,20504650835.47,3.80,20.35,12.75,893.50,898.09,894.96,865.37,852.99,14.74,17.34,12.48,14.44,0.76,0.32,0.40,5813108584.44,2671806500.10,2975494544.00
[object Object],SY1,Symrise AG,XETR,90.10,stock,common,100.00,2.00,false,0.00,EUR,-1.49,368268.00,1.46,14653401542.37,USD,50.67,2.03,-50.97,1.37,Process industries,germany,Process Industries,Buy,Buy,-1.49,2.02,2.97,5.60,29.23,30.62,16.59,-25.23,39.52,422.32,2.37,1.99,Buy,Buy,Buy,Buy,Sell,Sell,50.79,-1.38,-1.03,-6.07,47.34,34.90,0.00,91.48,0.02,0.02,40.00,0.04,368268.00,-12.39,90.02,-0.09,253097.00,11.46,50.67,0.00,2.58,3.31,14.75,18.68,27.66,16771748621.82,2.99,25.32,16.91,89.38,90.18,89.66,85.35,78.81,113.89,126.09,84.82,114.63,4.64,2.16,2.11,5911783151.17,2875556613.60,2850773490.00
[object Object],LUND_B,L E Lundbergforetagen AB Class B,OMXSTO,589.00,stock,common,10.00,5.00,false,0.00,SEK,0.68,164984.00,2.08,14653080000.00,USD,7.90,7.66,154.56,0.84,Finance,sweden,Finance,Neutral,Neutral,0.68,1.20,7.19,7.58,13.27,15.15,20.20,13.79,115.36,1931.03,1.24,1.48,Buy,Buy,StrongBuy,Strong buy,Neutral,Neutral,60.75,-2.00,4.14,83.02,56.11,44.02,rising_window_bullish,0.00,0.00,0.00,0.00,0.51,164984.00,94.79,0.00,0.00,0.00,23.78,7.90,0.05,5.03,1.02,17.50,21.19,0.00,22178893000.00,7.49,26.28,22.23,583.25,575.13,570.74,555.79,544.16,64.50,72.24,59.89,62.92,0.00,0.00,0.00,0.00,0.00,0.00
[object Object],GJF,Gjensidige Forsikring ASA,OSL,280.00,stock,common,10.00,2.00,false,0.00,NOK,1.30,393934.00,1.86,14648853653.59,USD,20.15,1.40,5.89,3.62,Finance,norway,Finance,Neutral,Neutral,1.30,0.94,-0.85,5.34,5.82,-7.28,-0.71,39.72,91.00,374.58,1.25,1.20,Buy,Buy,Buy,Buy,Neutral,Neutral,50.95,-3.80,-3.16,-52.56,25.64,19.73,0.00,0.00,0.00,0.00,0.00,0.22,393934.00,136.51,280.00,0.00,343491.00,3.36,20.15,3.38,2.68,6.35,18.03,18.69,0.00,15428589653.59,3.07,0.00,0.00,278.24,280.73,280.14,269.71,271.73,31.45,34.52,26.24,31.73,1.55,0.43,0.47,4567002224.47,1138634517.39,1261877805.92
[object Object],PTC,PTC Inc.,NASDAQ,134.44,stock,common,100.00,1.00,false,0.00,USD,2.50,1650284.00,1.00,14587581477.96,USD,13.00,10.34,143.85,0.00,Technology services,america,Technology Services,Buy,Buy,2.50,5.26,-9.13,16.38,-10.21,-22.89,-34.74,7.41,209.91,7274.96,3.26,3.21,Sell,Sell,StrongSell,Strong sell,Neutral,Neutral,43.23,-14.69,-12.59,-77.18,18.35,19.72,0.00,130.96,-0.15,-0.15,100.00,0.00,1650284.00,33.52,134.44,0.00,373459.00,-34.91,13.00,0.09,5.11,4.29,16.20,16.54,43.91,15843221477.96,5.36,13.48,12.10,134.77,146.00,138.44,135.42,147.10,174.05,230.00,140.00,170.00,8.19,1.57,1.96,2723203080.00,611619659.00,660893403.00
[object Object],EG,"Everest Group, Ltd.",NYSE,380.12,stock,common,100.00,1.00,false,0.00,USD,0.62,438177.00,1.23,14574840114.31,USD,8.04,47.25,146.14,2.12,Finance,america,Finance,Neutral,Neutral,0.62,2.63,2.87,13.32,20.30,12.40,14.74,51.17,100.99,1927.31,1.62,1.62,Buy,Buy,StrongBuy,Strong buy,Buy,Buy,55.59,1.84,3.71,52.07,66.27,63.23,0.00,0.00,0.00,0.00,0.00,0.14,438177.00,15.33,380.12,0.00,114459.00,0.22,8.04,0.05,0.87,0.95,6.61,6.61,0.00,18163840114.31,1.08,0.00,0.00,376.45,373.30,374.92,360.63,345.32,404.81,480.00,350.00,398.00,53.54,14.52,8.42,15579022287.00,3993517940.00,3808720567.00
[object Object],DOC,"Healthpeak Properties, Inc.",NYSE,20.50,stock,common,100.00,1.00,false,0.00,USD,0.74,6693375.00,1.65,14483808316.24,USD,58.60,0.35,49.04,6.00,Finance,america,Finance,Buy,Buy,0.74,0.15,0.49,4.22,16.41,27.81,12.02,-40.75,-38.96,328.74,1.79,1.78,Neutral,Neutral,Neutral,Neutral,Sell,Sell,43.34,-0.53,-0.63,-50.48,21.20,15.64,0.00,20.60,1.23,0.74,232.00,1.03,6693375.00,36.31,20.50,0.00,1423717.00,15.43,58.60,1.19,4.76,1.80,11.23,12.76,8.23,24739193316.24,8.39,46.73,15.21,20.46,20.83,21.33,20.48,18.71,22.97,29.00,17.00,23.00,0.45,0.03,0.05,3019985826.00,725644112.00,743366735.00
[object Object],COLO_B,Coloplast A/S Class B,OMXCOP,420.10,stock,common,10.00,1.00,false,0.00,DKK,0.17,282431.00,0.98,14428450365.09,USD,34.27,1.87,-32.23,5.48,Health technology,denmark,Health Technology,Neutral,Neutral,0.17,-2.57,-2.98,11.17,-2.07,-23.03,-29.63,-61.55,-16.48,515.98,2.13,2.64,Sell,Sell,StrongSell,Strong sell,Buy,Buy,40.07,-43.80,-19.64,-107.47,5.85,4.75,0.00,0.00,0.00,0.00,0.00,0.60,282431.00,17.36,0.00,0.00,0.00,-23.00,34.27,0.00,3.32,7.08,12.34,15.10,115.88,17943009765.09,4.14,15.77,9.84,431.35,441.96,432.71,412.67,457.22,72.67,96.25,58.06,70.84,3.97,0.93,0.84,4523547405.22,1106456689.19,1124040947.82
[object Object],VAR,Var Energi ASA,OSL,53.62,stock,common,100.00,2.00,false,0.00,NOK,-1.29,6053732.00,1.14,14374107417.23,USD,11.29,0.48,101.82,8.99,Energy minerals,norway,Energy Minerals,Buy,Buy,-1.29,0.22,9.21,26.49,10.53,62.44,63.93,91.50,91.50,91.50,2.20,2.23,Buy,Buy,StrongBuy,Strong buy,Neutral,Neutral,66.62,3.14,4.15,81.22,83.90,88.84,0.00,0.00,0.00,0.00,0.00,-0.88,6053732.00,39.95,53.62,0.00,3385785.00,47.65,11.29,0.11,1.30,58.61,2.57,4.70,5.40,19389847418.63,1.84,3.69,2.19,52.88,50.33,48.61,46.82,42.11,5.45,7.40,3.87,5.40,0.67,0.21,0.16,12091046389.47,3709667603.00,3152112620.00
[object Object],BVI,Bureau Veritas SA,EURONEXT,27.59,stock,common,100.00,1.00,false,0.00,EUR,-1.08,947703.00,1.25,14179737843.56,USD,24.49,1.29,-22.53,3.30,Commercial services,france,Commercial Services,Buy,Buy,-1.08,-0.33,-0.07,5.06,2.64,1.96,5.63,-1.81,43.89,37955.17,1.33,1.24,Neutral,Neutral,Buy,Buy,Neutral,Neutral,49.82,0.34,0.10,66.31,67.79,74.12,0.00,0.00,0.00,0.00,0.00,0.50,947703.00,2.46,27.59,0.00,574170.00,6.29,24.49,0.00,1.91,7.39,12.86,15.26,13.11,16639633263.56,2.23,15.34,11.62,27.64,27.62,27.62,26.92,27.09,37.62,44.13,32.10,37.25,1.80,0.74,1.04,7905966720.24,3686554833.22,4089160039.74
[object Object],LOGN,Logitech International S.A.,SIX,84.32,stock,common,100.00,2.00,false,0.00,CHF,2.40,553393.00,0.99,14065969909.45,USD,19.51,5.35,18.52,1.53,Electronic technology,switzerland,Electronic Technology,Neutral,Neutral,2.40,5.53,2.85,-2.97,18.13,5.40,-4.74,-6.42,294.02,212.88,2.99,2.78,Buy,Buy,StrongBuy,Strong buy,Neutral,Neutral,59.34,2.60,0.71,151.04,79.59,73.57,0.00,0.00,0.00,0.00,0.00,0.29,553393.00,-2.96,84.32,0.00,229149.00,-3.63,19.51,1.03,3.06,6.38,14.21,15.07,8.67,12439896803.93,2.57,14.18,13.06,81.70,81.11,82.35,83.28,79.77,112.56,142.39,84.11,113.98,5.77,1.26,1.31,5042461698.99,1202355418.00,1210994901.00
[object Object],MAA,"Mid-America Apartment Communities, Inc.",NYSE,121.17,stock,common,100.00,1.00,false,0.00,USD,-0.60,1257501.00,1.26,14058379829.61,USD,35.40,3.42,-29.50,5.01,Finance,america,Finance,Neutral,Neutral,-0.60,-5.51,-8.32,-9.82,-2.57,-12.52,-13.12,-36.53,31.16,460.32,1.80,1.54,StrongSell,Strong sell,StrongSell,Strong sell,Neutral,Neutral,25.97,-7.44,-6.29,-174.74,6.18,10.48,0.00,0.00,0.00,0.00,0.00,0.64,1257501.00,29.32,121.17,0.00,353668.00,-9.91,35.40,0.00,6.38,2.58,13.92,21.82,216.50,19857251829.61,8.95,32.22,15.79,125.47,129.51,131.27,132.24,131.88,141.68,160.00,121.00,142.00,3.66,0.76,0.77,2228771721.00,556184457.00,558864495.00
[object Object],LIFCO_B,Lifco AB Class B,OMXSTO,306.80,stock,common,10.00,2.00,false,0.00,SEK,0.26,648150.00,2.07,14038008219.29,USD,36.17,0.87,12.86,0.88,Producer manufacturing,sweden,Producer Manufacturing,Buy,Buy,0.26,0.13,-1.98,-0.20,8.49,-13.09,-5.43,18.96,564.64,1294.55,1.85,1.69,StrongSell,Strong sell,StrongSell,Strong sell,Sell,Sell,40.80,-8.60,-12.42,-69.79,33.86,24.10,0.00,0.00,0.00,0.00,0.00,0.07,648150.00,113.14,0.00,0.00,0.00,-4.38,36.17,2.81,4.75,6.86,26.64,29.25,104.23,15119718219.29,5.03,27.26,20.05,308.00,314.46,317.86,309.25,313.04,36.78,43.94,33.33,36.06,1.08,0.24,0.23,3305615927.80,784229247.94,755302288.48
[object Object],CA,Carrefour SA,EURONEXT,16.81,stock,common,1000.00,5.00,false,0.00,EUR,0.00,1693537.00,1.01,14005665373.06,USD,15.83,1.21,147.85,5.77,Retail trade,france,Retail Trade,Buy,Buy,0.00,2.66,6.66,9.16,8.94,18.34,38.87,14.98,-23.97,-7.54,1.80,1.57,Buy,Buy,StrongBuy,Strong buy,Neutral,Neutral,62.82,0.48,0.59,130.28,90.77,88.37,0.00,0.00,0.00,0.00,0.00,0.33,1693537.00,-14.52,16.81,0.00,1091021.00,31.36,15.83,0.11,0.15,1.07,3.29,4.81,2.28,33927837973.06,0.36,13.30,6.59,16.55,16.07,16.14,16.32,15.68,19.49,25.40,10.39,20.79,2.03,0.54,1.34,96693836960.40,45835471443.86,49774189911.15
[object Object],WISE,Wise Group plc Class A,LSE,877.00,stock,common,10.00,2.00,false,0.00,GBX,1.50,1691651.00,1.46,13999545952.00,USD,0.00,0.00,0.00,0.00,Commercial services,uk,Commercial Services,StrongBuy,Strong buy,1.50,-3.94,-7.68,7.21,-0.34,-1.68,-20.85,-20.63,9.63,9.63,2.60,2.89,Sell,Sell,StrongSell,Strong sell,Buy,Buy,37.26,-94.80,-50.15,-114.77,9.44,8.93,0.00,0.00,0.00,0.00,0.00,0.69,1691651.00,-4.60,877.00,0.00,1276788.00,-16.78,0.00,0.00,0.00,6.18,0.00,0.00,2.22,9039397328.64,0.00,0.00,0.00,898.84,931.60,925.61,922.76,915.49,16.57,18.50,13.00,16.90,0.57,0.27,0.29,2942321006.86,1261323388.00,1428117400.00
[object Object],AIZ,"Assurant, Inc.",NYSE,283.81,stock,common,100.00,1.00,false,0.00,USD,0.09,449062.00,1.44,13998577568.09,USD,13.47,21.07,52.57,1.24,Finance,america,Finance,Buy,Buy,0.09,0.22,-0.15,6.99,33.64,18.44,38.07,74.67,222.44,1094.99,1.81,1.60,Buy,Buy,Buy,Buy,Sell,Sell,51.49,-0.26,-0.79,-5.02,58.35,55.27,spinning_top_black,0.00,0.00,0.00,0.00,0.21,449062.00,7.16,283.81,0.00,92955.00,27.91,13.47,0.26,1.05,2.30,7.56,8.54,0.00,16206677568.09,1.20,0.00,0.00,283.51,283.96,282.06,267.91,248.06,330.00,355.00,320.00,327.00,22.29,5.17,4.52,13925284112.00,3430975248.00,3477191568.00
[object Object],TYL,"Tyler Technologies, Inc.",NYSE,341.57,stock,common,100.00,1.00,false,0.00,USD,-1.41,563739.00,0.79,13988068438.65,USD,45.27,7.55,7.90,0.00,Technology services,america,Technology Services,Buy,Buy,-1.41,-0.51,4.34,19.67,-1.00,-24.20,-36.43,-26.66,99.13,9242.09,2.96,3.47,Sell,Sell,Sell,Sell,Sell,Sell,47.74,-33.31,5.28,-84.10,22.77,27.60,0.00,344.35,-0.60,-0.70,253.00,-0.30,563739.00,-12.88,341.57,0.00,101172.00,-35.50,45.27,5.81,5.97,4.60,19.56,20.02,14.74,14473063438.65,5.96,39.35,27.70,350.66,345.68,331.48,320.65,352.74,423.14,525.00,335.00,425.00,13.08,3.05,3.48,2554534773.00,647946789.00,651683627.00
[object Object],TXT,Textron Inc.,NYSE,80.91,stock,common,100.00,1.00,false,0.00,USD,0.25,1897506.00,1.00,13915461799.25,USD,15.27,5.30,19.88,0.10,Electronic technology,america,Electronic Technology,Buy,Buy,0.25,1.93,-7.83,-14.35,-8.47,-7.54,-3.08,18.13,106.51,1112.70,2.17,2.03,Sell,Sell,StrongSell,Strong sell,Buy,Buy,41.94,1.67,-3.03,-0.73,47.25,46.51,0.00,81.69,1.21,1.21,201.00,1.19,1897506.00,43.50,80.91,0.00,351429.00,-3.27,15.27,0.77,0.92,1.73,11.47,18.68,8.82,16520461799.25,1.08,16.10,11.59,80.10,83.41,86.06,88.60,90.00,102.21,115.00,92.00,99.50,6.47,1.55,1.52,15590222037.00,3806677417.00,3776320880.00
[object Object],SWKS,"Skyworks Solutions, Inc.",NASDAQ,91.32,stock,common,100.00,1.00,false,0.00,USD,6.69,7349452.00,0.89,13741173527.86,USD,47.30,1.93,-23.08,3.32,Electronic technology,america,Electronic Technology,Neutral,Neutral,6.69,19.98,36.77,27.88,68.74,42.31,22.86,-48.82,18.37,6222.09,9.81,6.00,StrongBuy,Strong buy,StrongBuy,Strong buy,Buy,Buy,68.46,19.65,15.21,138.38,88.03,80.09,0.00,87.00,1.65,0.48,4697.00,1.36,7349452.00,-10.31,91.11,-0.23,1048588.00,-6.47,47.30,0.00,3.23,2.40,19.33,31.92,17.30,13623073527.86,3.39,39.02,16.77,81.60,72.56,68.04,69.46,64.71,68.07,85.00,52.00,70.00,5.04,1.03,1.27,3949921348.00,925966187.00,1036070861.00
[object Object],CPT,Camden Property Trust,NYSE,100.93,stock,common,100.00,1.00,false,0.00,USD,-0.37,962899.00,1.04,13649708251.10,USD,33.40,3.02,110.85,4.17,Finance,america,Finance,Neutral,Neutral,-0.37,-3.42,-7.67,-9.28,1.70,-7.93,-5.19,-33.19,18.90,343.65,1.79,1.48,Sell,Sell,StrongSell,Strong sell,Neutral,Neutral,28.51,-4.61,-4.84,-154.38,11.14,15.11,0.00,0.00,0.00,0.00,0.00,0.52,962899.00,-0.46,100.93,0.00,187779.00,-6.77,33.40,0.30,6.56,2.72,12.80,32.05,186.37,18543493251.10,11.73,66.27,20.68,103.45,106.59,109.12,109.19,107.26,116.28,132.00,102.00,115.50,1.14,0.31,0.25,1543994354.00,392874687.00,384429416.00
[object Object],AGN,Aegon Ltd.,EURONEXT,8.00,stock,common,1000.00,2.00,false,0.00,EUR,0.78,3658984.00,0.85,13594455838.71,USD,12.40,0.74,-22.63,5.04,Finance,netherlands,Finance,Buy,Buy,0.78,2.01,-2.65,8.55,32.01,20.12,22.32,94.98,138.81,-72.16,1.28,1.53,Buy,Buy,StrongBuy,Strong buy,Neutral,Neutral,53.00,0.08,-0.12,86.53,55.87,43.04,0.00,0.00,0.00,0.00,0.00,0.28,3658984.00,-4.93,8.00,0.00,1460601.00,15.17,12.40,0.00,0.46,1.33,50.97,59.89,0.00,18072932728.71,0.61,0.00,0.00,7.92,8.00,8.01,7.69,7.10,9.54,10.99,8.14,9.30,1.09,0.35,0.30,33995780871.50,0.00,0.00
[object Object],ALB,Albemarle Corporation,NYSE,115.05,stock,common,100.00,1.00,false,0.00,USD,5.10,2160879.00,0.78,13576482107.60,USD,0.00,-0.04,99.61,1.48,Process industries,america,Process Industries,Buy,Buy,5.10,-6.87,-12.18,-31.35,-29.63,-19.98,42.23,-49.64,49.75,1486.90,3.90,3.80,Sell,Sell,StrongSell,Strong sell,Buy,Buy,37.47,-22.70,-13.52,-116.46,9.83,5.28,0.00,113.30,3.50,0.70,15509.00,2.77,2160879.00,-21.38,115.30,0.22,363008.00,70.87,0.00,0.00,2.52,1.69,8.70,11.67,9.60,16437522107.60,2.78,19.70,11.11,120.66,129.59,125.69,147.13,156.42,176.00,225.00,140.00,172.50,11.48,3.20,2.56,6119023308.00,1606941023.00,1530188874.00
[object Object],MONC,Moncler SpA,MIL,43.99,stock,common,100.00,1.00,false,0.00,EUR,0.55,2189308.00,1.96,13575382775.93,USD,18.73,2.68,3.85,3.20,Consumer non-durables,italy,Consumer Non-Durables,Buy,Buy,0.55,-2.11,-6.50,-17.93,-16.62,-21.16,-10.84,-15.70,179.66,205.49,3.03,2.51,Sell,Sell,StrongSell,Strong sell,Neutral,Neutral,35.99,-2.18,-3.32,-95.24,12.53,12.33,0.00,0.00,0.00,0.00,0.00,1.17,2189308.00,85.86,0.00,0.00,0.00,-5.62,18.73,4.84,3.72,3.28,11.65,14.97,23.32,14404699950.77,3.95,13.50,9.83,44.70,46.90,48.12,50.32,51.89,69.81,80.24,55.36,68.78,2.80,0.68,2.10,3831444233.77,1471905962.71,2299417620.00
[object Object],UU.,United Utilities Group PLC,LSE,1392.00,stock,common,1.00,1.00,false,0.00,GBX,2.20,1682089.00,1.29,13533579687.87,USD,16.22,1.13,121.69,3.94,Utilities,uk,Utilities,Buy,Buy,2.20,4.90,-0.29,6.58,6.71,16.24,22.00,30.58,41.32,127.45,1.97,1.88,Buy,Buy,StrongBuy,Strong buy,Neutral,Neutral,56.43,31.00,-51.65,8.11,42.08,24.17,0.00,0.00,0.00,0.00,0.00,0.15,1682089.00,20.79,1392.00,0.00,949771.00,39.93,16.22,0.13,3.56,4.23,6.89,0.00,5.30,26503350567.87,7.66,18.62,12.71,1340.70,1389.47,1382.28,1359.33,1320.29,20.42,22.51,18.28,20.76,1.40,0.70,0.68,3651885531.64,2047923420.00,1494608825.60
[object Object],SWK,"Stanley Black & Decker, Inc.",NYSE,89.12,stock,common,100.00,1.00,false,0.00,USD,0.08,1590472.00,0.94,13458604071.68,USD,21.73,4.10,30.04,3.73,Consumer durables,america,Consumer Durables,Neutral,Neutral,0.08,-1.33,-10.17,5.93,29.37,19.13,13.83,-52.60,-26.04,3961.12,2.84,2.68,Sell,Sell,Sell,Sell,Neutral,Neutral,34.66,-7.77,-8.17,-91.98,12.25,11.16,0.00,90.01,1.08,1.08,100.00,2.37,1590472.00,-8.55,89.12,0.00,309119.00,28.56,21.73,0.72,0.88,1.50,8.66,10.41,22.23,17612504071.68,1.16,12.62,9.32,91.35,97.01,94.95,88.33,82.89,100.73,110.00,93.00,100.00,5.59,1.21,1.56,15158061986.00,3966862091.00,3727754307.00
[object Object],MAS,Masco Corporation,NYSE,68.23,stock,common,100.00,1.00,false,0.00,USD,-0.07,2399365.00,1.09,13454098720.23,USD,15.73,4.34,15.22,0.00,Producer manufacturing,america,Producer Manufacturing,Buy,Buy,-0.07,-0.60,-7.65,-7.30,14.19,7.18,-7.43,18.50,104.53,11586.42,2.76,2.28,StrongSell,Strong sell,StrongSell,Strong sell,Sell,Sell,37.46,-2.71,-4.12,-91.66,18.64,22.72,0.00,0.00,0.00,0.00,0.00,2.04,2399365.00,-12.38,68.23,0.00,678930.00,-8.59,15.73,1.03,1.78,0.00,10.52,12.06,24.78,16646098720.23,2.18,12.34,11.08,69.54,72.37,74.27,73.33,69.88,80.29,96.00,68.00,79.00,4.53,1.32,1.03,7648039542.00,2082777191.00,1927980026.00
[object Object],TRYG,Tryg A/S,OMXCOP,154.10,stock,common,10.00,1.00,false,0.00,DKK,1.05,380777.00,1.03,13450150912.35,USD,20.33,1.16,-8.02,5.51,Finance,denmark,Finance,Buy,Buy,1.05,1.05,0.78,2.39,-1.03,-7.17,-7.17,0.26,50.34,297.59,0.94,1.08,Buy,Buy,Buy,Buy,Neutral,Neutral,50.27,-3.50,-0.72,-60.38,21.60,20.66,0.00,0.00,0.00,0.00,0.00,-0.13,380777.00,8.80,0.00,0.00,0.00,-7.04,20.33,0.00,2.05,2.45,11.74,0.00,0.00,14559899112.35,2.16,0.00,0.00,153.61,154.07,154.22,152.70,154.71,26.23,29.41,21.67,26.32,1.20,0.19,0.38,6655524716.82,1622915067.60,1637187096.28
[object Object],CRL,"Charles River Laboratories International, Inc.",NYSE,281.67,stock,common,100.00,1.00,false,0.00,USD,3.02,809826.00,0.96,13446608405.37,USD,0.00,-4.85,-266.29,0.00,Commercial services,america,Commercial Services,Buy,Buy,3.02,2.28,-1.65,53.33,84.27,40.74,85.80,-35.34,248.39,1344.46,3.52,3.00,Buy,Buy,StrongBuy,Strong buy,Neutral,Neutral,54.51,-10.09,-1.85,-48.71,27.71,20.40,spinning_top_white,0.00,0.00,0.00,0.00,2.45,809826.00,-20.20,281.67,0.00,111097.00,69.85,0.00,-0.21,3.28,4.73,23.23,36.50,62.49,16313366405.37,4.08,30.19,19.46,279.33,283.83,262.62,223.12,204.41,293.00,320.00,219.00,300.00,11.33,2.74,2.96,3904913574.00,977198118.00,958465667.00
[object Object],MKC,"McCormick & Company, Incorporated",NYSE,49.70,stock,common,100.00,1.00,false,0.00,USD,-0.72,2754774.00,0.97,13396297614.84,USD,8.27,6.01,108.65,3.78,Consumer non-durables,america,Consumer Non-Durables,Buy,Buy,-0.72,-3.70,-9.29,7.30,-8.13,-27.17,-25.88,-42.33,3.87,5845.42,2.82,2.42,Sell,Sell,StrongSell,Strong sell,Neutral,Neutral,33.45,-4.10,-2.48,-111.20,5.29,5.67,0.00,50.42,0.72,0.76,417.00,0.80,2754774.00,-1.92,49.70,0.00,632505.00,-21.00,8.27,0.08,1.82,1.91,10.86,13.12,40.40,18576297614.84,2.52,15.04,12.45,51.05,53.27,52.66,50.53,56.46,60.18,75.00,52.00,60.00,3.09,0.69,0.76,7909506234.00,1913593572.00,1977736380.00
[object Object],REG,Regency Centers Corporation,NASDAQ,73.12,stock,common,100.00,1.00,false,0.00,USD,-0.19,1424817.00,1.08,13389774599.03,USD,24.67,2.96,38.21,4.05,Finance,america,Finance,Buy,Buy,-0.19,-3.06,-4.85,-6.05,-4.66,6.48,3.91,5.96,-3.90,279.84,1.65,1.27,Sell,Sell,StrongSell,Strong sell,Neutral,Neutral,28.64,-2.69,-2.20,-203.55,13.92,11.71,0.00,0.00,0.00,0.00,0.00,0.15,1424817.00,-1.38,73.12,0.00,266533.00,6.06,24.67,0.65,8.28,2.01,15.61,32.22,69.97,19184474599.03,11.83,31.75,18.66,74.73,75.72,77.79,78.19,76.09,86.88,102.00,81.00,85.00,2.50,0.59,0.61,1693384162.00,411074118.00,422187916.00
[object Object],TRMB,Trimble Inc.,NASDAQ,57.33,stock,common,100.00,1.00,false,0.00,USD,0.02,2321468.00,1.01,13368200161.39,USD,0.00,-0.49,-141.85,0.00,Technology services,america,Technology Services,StrongBuy,Strong buy,0.02,-0.12,2.37,16.98,-13.80,-27.30,-29.21,-37.34,116.34,3215.45,2.57,2.60,Sell,Sell,StrongSell,Strong sell,Neutral,Neutral,46.12,-1.78,-0.61,-109.35,22.24,28.77,0.00,0.00,0.00,0.00,0.00,0.35,2321468.00,10.92,57.33,0.00,523054.00,-26.49,0.00,0.00,3.53,2.62,16.72,17.28,62.30,14613100161.39,3.86,20.69,16.09,58.24,58.69,56.98,56.42,64.00,80.22,94.00,61.00,80.00,3.67,0.80,0.86,3930626933.00,952091545.00,966328455.00
[object Object],IVZ,Invesco Ltd.,NYSE,30.22,stock,common,100.00,1.00,false,0.00,USD,0.47,4208053.00,1.24,13342123510.94,USD,0.00,-0.70,-175.03,2.83,Finance,america,Finance,Buy,Buy,0.47,-5.39,-6.76,3.64,29.70,14.34,36.62,13.87,-0.49,349.37,3.11,2.69,Neutral,Neutral,Sell,Sell,Buy,Buy,38.80,-1.50,-0.80,-182.08,11.42,13.67,0.00,30.22,0.47,0.47,285.00,1.89,4208053.00,-10.03,30.22,0.00,1147324.00,46.28,0.00,0.00,1.92,1.34,6.72,7.02,8.53,16864623510.94,2.37,10.46,9.62,31.70,32.04,31.15,29.23,27.55,34.04,39.00,29.00,34.00,2.81,0.67,0.74,5431153849.00,1318170080.00,1392284067.00
[object Object],GL,Globe Life Inc.,NYSE,172.26,stock,common,100.00,1.00,false,0.00,USD,-0.42,292893.00,0.87,13238084470.47,USD,11.44,15.06,20.33,0.69,Finance,america,Finance,Buy,Buy,-0.42,0.59,-4.47,-0.01,25.12,23.37,22.08,88.53,167.36,21343.80,2.14,1.95,Sell,Sell,Sell,Sell,Neutral,Neutral,45.14,-1.08,-3.64,6.52,55.50,54.91,0.00,0.00,0.00,0.00,0.00,0.63,292893.00,-20.95,172.26,0.00,95359.00,16.80,11.44,0.57,2.20,2.16,9.77,11.03,0.00,16181333470.47,2.61,0.00,0.00,172.47,175.23,177.41,169.49,155.53,195.58,225.00,166.00,192.50,15.73,3.67,4.92,6404979331.00,1590303678.00,1563075272.00
[object Object],SJM,J.M. Smucker Company,NYSE,123.75,stock,common,100.00,1.00,false,0.00,USD,0.15,1195997.00,0.94,13219368406.02,USD,58.03,2.13,0.00,3.58,Consumer non-durables,america,Consumer Non-Durables,Buy,Buy,0.15,0.03,3.73,9.89,22.69,26.33,18.33,1.44,-9.73,7757.47,2.07,2.36,Buy,Buy,Buy,Buy,Neutral,Neutral,50.51,-7.69,-1.30,-48.57,22.04,15.70,0.00,0.00,0.00,0.00,0.00,0.53,1195997.00,-6.63,123.75,0.00,271142.00,20.34,58.03,0.00,1.45,2.30,6.94,8.34,306.80,20116368406.02,2.20,11.75,8.90,123.51,123.91,120.84,113.24,107.56,142.73,157.00,112.00,145.00,10.79,2.22,2.55,8955147346.00,2131105250.00,2263387862.00
[object Object],BCVN,Banque Cantonale Vaudoise,SIX,125.70,stock,common,10.00,1.00,false,0.00,CHF,-0.87,72464.00,1.44,13186409579.37,USD,24.52,6.34,1.46,3.47,Finance,switzerland,Finance,Neutral,Neutral,-0.87,-1.72,1.95,8.64,1.53,25.32,35.82,74.10,95.19,1396.43,2.20,2.13,Sell,Sell,Sell,Sell,Sell,Sell,44.89,-7.80,1.09,-67.76,25.60,31.87,spinning_top_black,0.00,0.00,0.00,0.00,-0.55,72464.00,89.30,125.70,0.00,48988.00,40.45,24.52,16.98,8.81,2.82,0.00,0.00,0.00,23284400579.37,12.89,0.00,0.00,129.26,126.71,126.57,122.21,117.11,131.68,138.26,125.92,130.86,6.65,0.00,0.00,1492831551.79,724322050.00,0.00
[object Object],ALLE,Allegion Public Limited Company,NYSE,153.63,stock,common,100.00,1.00,false,0.00,USD,0.54,1006886.00,1.03,13064201675.82,USD,20.15,7.62,5.89,1.39,Consumer durables,america,Consumer Durables,Buy,Buy,0.54,1.30,-5.62,16.98,6.83,-3.52,-13.63,8.80,131.89,213.59,2.08,2.18,Sell,Sell,Sell,Sell,Sell,Sell,45.40,-1.44,-6.16,-60.83,28.13,29.39,0.00,0.00,0.00,0.00,0.00,1.45,1006886.00,-3.56,153.63,0.00,278848.00,-10.48,20.15,3.41,3.06,6.17,16.92,19.39,41.21,14965901675.83,3.49,16.75,14.48,154.15,159.39,154.99,144.22,150.71,175.10,200.00,160.00,170.00,8.95,2.22,2.49,4414068395.00,1118638543.00,1137468500.00
[object Object],AVY,Avery Dennison Corporation,NYSE,171.09,stock,common,100.00,1.00,false,0.00,USD,-0.69,788188.00,0.94,12966592668.82,USD,18.73,9.14,2.41,2.22,Process industries,america,Process Industries,Buy,Buy,-0.69,1.46,-3.69,6.53,4.87,-5.84,2.65,-22.61,122.45,2617.06,1.84,2.37,Sell,Sell,StrongSell,Strong sell,Sell,Sell,45.38,-3.33,-4.27,-50.52,31.69,27.35,0.00,173.00,0.42,0.42,100.00,0.91,788188.00,-25.91,171.09,0.00,217605.00,-0.65,18.73,7.81,1.42,5.59,10.60,12.30,47.58,16370092668.82,1.77,13.28,10.45,171.25,176.31,171.17,165.79,173.13,201.80,225.00,181.00,204.50,10.19,2.47,2.33,9340810048.00,2296134169.00,2258397017.00
[object Object],ORNBV,Orion Oyj Class B,OMXHEX,81.65,stock,common,100.00,5.00,false,0.00,EUR,1.43,168144.00,1.21,12959656004.94,USD,19.57,4.76,55.11,2.14,Health technology,finland,Health Technology,Neutral,Neutral,1.43,2.13,4.61,18.76,16.64,27.98,24.28,136.67,136.87,318.07,1.87,1.65,StrongBuy,Strong buy,StrongBuy,Strong buy,Buy,Buy,61.49,1.70,0.12,219.85,70.48,52.38,0.00,0.00,0.00,0.00,0.00,0.31,168144.00,-1.76,0.00,0.00,0.00,18.64,19.57,0.35,5.51,9.06,24.38,29.26,88.34,12962521679.94,5.52,15.35,14.20,79.71,79.47,78.39,73.96,70.94,89.21,99.09,63.37,94.48,4.75,1.09,1.27,2470881285.05,577071334.09,615508208.25
[object Object],ANA,Acciona SA,BME,208.20,stock,common,10.00,2.00,false,0.00,EUR,0.87,78146.00,0.91,12928927555.32,USD,31.43,7.57,-56.65,2.26,Industrial services,spain,Industrial Services,Neutral,Neutral,0.87,-1.23,-0.67,-21.73,-2.35,11.88,25.88,47.03,219.77,274.46,3.37,2.53,Sell,Sell,Sell,Sell,Neutral,Neutral,47.16,5.00,-5.16,-4.65,49.14,35.99,spinning_top_white,0.00,0.00,0.00,0.00,0.29,78146.00,-41.14,0.00,0.00,0.00,24.16,31.43,0.00,0.53,2.34,6.35,125.87,2.08,25120655275.32,1.04,16.56,8.28,206.60,208.64,221.64,239.22,221.52,246.99,269.63,197.58,261.50,11.04,0.00,0.00,25047610935.12,10963776000.00,0.00
[object Object],JMT,"Jeronimo Martins, SGPS S.A.",EURONEXT,18.06,stock,common,100.00,1.00,false,0.00,EUR,0.95,1315466.00,1.17,12904772178.95,USD,17.79,1.16,3.74,3.63,Retail trade,portugal,Retail Trade,Buy,Buy,0.95,-0.22,6.36,3.56,-9.88,-11.38,-15.29,2.88,26.34,876.22,2.09,1.81,Buy,Buy,StrongBuy,Strong buy,Neutral,Neutral,55.41,0.05,0.10,9.33,44.54,32.01,0.00,0.00,0.00,0.00,0.00,0.28,1315466.00,31.50,18.06,0.00,706435.00,-14.49,17.79,4.71,0.30,3.62,5.11,10.05,7.16,18241805298.95,0.43,11.85,6.27,18.01,17.73,17.42,17.70,19.23,26.06,33.46,17.42,25.39,1.32,0.31,0.41,44737207131.75,10742309212.90,11105162560.45
[object Object],DHER,Delivery Hero SE,XETR,36.61,stock,common,100.00,1.00,false,0.00,EUR,-0.25,526708.00,1.76,12893540600.23,USD,0.00,-2.96,-34.78,0.00,Transportation,germany,Transportation,Neutral,Neutral,-0.25,0.52,-0.65,-1.05,135.06,60.71,37.17,-70.70,36.10,36.10,0.69,0.66,Neutral,Neutral,Sell,Sell,Neutral,Neutral,44.52,0.06,-0.15,-25.97,51.83,53.53,0.00,0.00,0.00,0.00,0.00,0.27,526708.00,28.68,36.61,0.00,293910.00,67.78,0.00,-0.41,0.75,9.10,357.62,0.00,4.12,16059079832.23,0.94,0.00,36.22,36.59,36.83,37.22,35.44,27.96,46.47,48.19,33.81,48.19,-0.39,0.00,7.86,18805574671.84,8672518125.00,8744394666.10
[object Object],DPLM,Diploma PLC,LSE,7330.00,stock,common,1.00,5.00,false,0.00,GBX,2.23,318366.00,0.44,12860489278.35,USD,52.03,1.86,13.29,0.88,Distribution services,uk,Distribution Services,StrongBuy,Strong buy,2.23,3.53,-0.07,2.95,24.66,37.52,35.36,126.65,705.05,7567.36,1.95,2.09,StrongBuy,Strong buy,StrongBuy,Strong buy,Buy,Buy,56.50,170.00,-183.92,94.93,48.67,34.24,0.00,0.00,0.00,0.00,0.00,0.14,318366.00,-29.88,7330.00,0.00,194206.00,32.38,52.03,3.83,5.87,9.34,34.80,36.84,143.80,13445287998.35,6.17,28.62,22.59,7138.00,7260.33,7261.80,7120.65,6404.88,112.28,121.68,100.05,112.55,3.42,1.43,1.94,2458247769.69,1098582000.00,0.00
[object Object],SDLF,Standard Life plc,LSE,951.50,stock,common,10.00,5.00,false,0.00,GBX,0.90,2408223.00,1.26,12640850331.65,USD,0.00,-0.65,22.49,5.87,Finance,uk,Finance,Buy,Buy,0.90,2.64,4.79,17.76,41.59,28.76,47.63,45.40,46.54,84.42,1.92,2.05,StrongBuy,Strong buy,StrongBuy,Strong buy,Neutral,Neutral,59.89,26.50,3.88,135.24,68.38,51.47,0.00,0.00,0.00,0.00,0.00,0.16,2408223.00,38.33,951.50,0.00,630866.00,41.50,0.00,0.00,0.19,0.00,2.98,2.99,0.00,17789272731.66,0.27,0.00,0.00,933.65,926.52,917.60,853.93,788.86,12.73,14.71,10.34,12.97,0.91,0.70,0.64,8257437866.22,0.00,0.00
[object Object],HAS,"Hasbro, Inc.",NASDAQ,88.76,stock,common,100.00,1.00,false,0.00,USD,-0.60,1108959.00,0.81,12519107062.77,USD,15.95,5.56,0.00,3.14,Consumer durables,america,Consumer Durables,StrongBuy,Strong buy,-0.60,0.07,-7.35,3.97,-2.49,8.24,18.19,-9.59,14.90,39547.12,2.30,2.13,Sell,Sell,StrongSell,Strong sell,Sell,Sell,38.94,-4.74,-2.49,-111.31,18.91,24.25,marubozu_black_bearish,91.08,1.99,1.99,200.00,1.61,1108959.00,-20.15,88.76,0.00,198359.00,17.55,15.95,0.00,2.57,17.78,9.86,10.47,9.22,15044207062.77,3.03,10.76,9.68,90.55,93.26,90.73,89.32,90.02,110.38,120.00,90.00,111.00,6.14,1.16,1.87,5057738417.00,1068890500.00,1474425909.00
[object Object],IDR,"Indra Sistemas, S.A. Class A",BME,62.90,stock,common,100.00,2.00,false,0.00,EUR,1.65,771022.00,1.14,12495136744.98,USD,25.04,2.87,16.97,0.39,Technology services,spain,Technology Services,Buy,Buy,1.65,10.70,-2.09,16.48,22.61,29.16,80.75,598.11,418.34,404.01,3.35,2.90,StrongBuy,Strong buy,StrongBuy,Strong buy,Buy,Buy,62.56,4.00,-0.40,140.10,86.62,78.33,rising_window_bullish,0.00,0.00,0.00,0.00,0.52,771022.00,19.27,0.00,0.00,0.00,80.92,25.04,1.45,1.75,5.69,0.00,0.00,4.45,11859283581.93,1.68,16.80,12.64,59.65,61.32,58.26,55.34,54.05,75.45,97.43,57.31,76.80,3.28,0.72,0.71,8115066541.94,2054857526.19,1814980246.38
[object Object],REC,Recordati S.p.A.,MIL,52.75,stock,common,100.00,5.00,false,0.00,EUR,0.00,198978.00,0.58,12478004057.10,USD,22.16,2.72,22.24,2.54,Health technology,italy,Health Technology,Buy,Buy,0.00,1.64,-0.09,4.04,19.13,9.35,-0.09,5.25,96.02,5361.93,0.48,0.58,Buy,Buy,StrongBuy,Strong buy,Neutral,Neutral,60.92,0.50,-0.00,82.83,93.52,80.72,0.00,0.00,0.00,0.00,0.00,0.28,198978.00,7.71,0.00,0.00,0.00,-1.51,22.16,1.00,4.06,5.07,17.04,18.31,28.07,14677137953.61,4.75,15.90,12.62,52.22,52.50,52.12,51.52,49.75,69.80,82.45,59.58,65.90,3.73,0.00,0.00,3279286716.76,778370993.00,773502996.00
[object Object],AKER,Aker ASA Class A,OSL,1590.00,stock,common,1.00,2.00,false,0.00,NOK,0.63,94658.00,0.90,12441639577.89,USD,4.23,37.89,0.00,3.51,Finance,norway,Finance,StrongBuy,Strong buy,0.63,-1.24,9.66,42.22,42.73,107.57,121.45,134.69,509.20,2617.95,3.61,2.85,Buy,Buy,StrongBuy,Strong buy,Sell,Sell,61.27,-14.00,58.85,44.86,57.54,45.63,0.00,0.00,0.00,0.00,0.00,-0.13,94658.00,4.40,1590.00,0.00,48206.00,113.42,4.23,0.00,9.59,1.75,24.07,38.18,38.13,17414947577.89,14.10,6.24,5.90,1582.20,1512.53,1406.72,1298.42,1104.48,165.17,225.14,124.36,155.19,7.46,0.00,0.00,0.00,0.00,0.00
[object Object],GDDY,"GoDaddy, Inc. Class A",NYSE,98.15,stock,common,100.00,1.00,false,0.00,USD,-0.95,1764987.00,0.96,12430471793.63,USD,14.55,6.74,20.19,0.00,Technology services,america,Technology Services,Buy,Buy,-0.95,3.50,4.32,28.43,18.40,-20.60,-32.12,34.34,196.17,275.33,3.75,3.59,Neutral,Neutral,Neutral,Neutral,Sell,Sell,50.93,-3.72,4.51,-14.24,57.45,66.42,0.00,99.50,0.41,1.12,4246.00,0.62,1764987.00,-1.22,98.40,0.25,332074.00,-36.30,14.55,0.73,2.54,1858.20,7.44,7.55,11.13,15116371793.63,2.96,11.74,10.95,99.00,97.06,95.31,90.15,95.06,104.53,170.00,76.00,100.00,7.40,1.69,1.88,5236996073.00,1294523020.00,1324783291.00
[object Object],SKF_B,SKF AB Class B,OMXSTO,275.40,stock,common,10.00,1.00,false,0.00,SEK,2.00,1414491.00,1.31,12423264878.46,USD,27.84,1.02,-16.09,4.35,Producer manufacturing,sweden,Producer Manufacturing,Buy,Buy,2.00,2.46,4.40,12.50,26.91,11.95,18.20,32.09,97.28,710.00,2.29,2.21,StrongBuy,Strong buy,StrongBuy,Strong buy,Neutral,Neutral,57.91,5.40,0.72,64.75,49.91,34.29,rising_window_bullish,0.00,0.00,0.00,0.00,0.19,1414491.00,11.15,0.00,0.00,0.00,13.76,27.84,0.00,1.37,2.18,20.91,49.41,10.06,13476896878.46,1.47,13.24,9.14,269.98,267.53,263.67,253.20,247.57,27.88,32.63,22.79,27.97,1.86,0.38,0.39,9900956173.27,2363459932.35,2333257942.29
[object Object],LII,Lennox International Inc.,NYSE,359.08,stock,common,100.00,1.00,false,0.00,USD,-0.54,388625.00,0.77,12410048038.31,USD,16.23,22.12,-5.42,1.46,Producer manufacturing,america,Producer Manufacturing,Neutral,Neutral,-0.54,-2.97,-13.68,-32.45,-24.79,-26.45,-35.03,16.14,129.84,1777.54,3.95,2.86,Sell,Sell,StrongSell,Strong sell,Buy,Buy,26.47,-14.92,-37.92,-111.49,22.15,21.52,0.00,0.00,0.00,0.00,0.00,2.13,388625.00,-7.76,359.08,0.00,78825.00,-31.71,16.23,0.00,2.37,9.57,13.97,16.92,239.85,14382648038.31,2.71,13.78,12.34,372.40,395.69,441.68,482.10,494.09,487.08,600.00,375.00,479.50,23.60,7.67,7.48,5584252730.00,1559748938.00,1574014504.00
[object Object],LATO_B,Investment AB Latour Class B,OMXSTO,207.90,stock,common,10.00,1.00,false,0.00,SEK,0.24,327120.00,0.76,12398481094.86,USD,19.96,1.07,38.94,2.46,Finance,sweden,Finance,Neutral,Neutral,0.24,2.87,10.15,6.83,6.37,-7.76,-10.31,-28.68,134.78,1880.02,1.97,2.11,Buy,Buy,StrongBuy,Strong buy,Neutral,Neutral,59.62,-0.50,5.67,115.18,73.45,63.29,0.00,0.00,0.00,0.00,0.00,0.58,327120.00,-3.11,0.00,0.00,0.00,-10.74,19.96,0.51,4.72,3.04,30.53,0.00,27.62,13800664094.86,4.78,34.58,28.25,205.65,200.13,199.15,197.96,208.87,23.51,30.89,19.26,21.93,0.00,0.00,0.00,0.00,0.00,0.00
[object Object],RXL,Rexel SA,EURONEXT,36.18,stock,common,100.00,1.00,false,0.00,EUR,-0.88,737706.00,1.42,12306890005.16,USD,16.00,2.58,170.71,3.29,Distribution services,france,Distribution Services,Buy,Buy,-0.88,-2.32,-1.26,-5.81,11.70,7.81,28.80,115.36,169.60,119.27,2.61,2.40,Sell,Sell,StrongSell,Strong sell,Neutral,Neutral,48.74,0.66,-0.57,35.25,37.44,30.98,0.00,0.00,0.00,0.00,0.00,0.47,737706.00,23.95,36.18,0.00,522757.00,30.27,16.00,0.09,0.55,1.93,11.45,13.50,10.38,17888422516.16,0.80,13.19,9.62,36.39,36.40,36.84,36.97,35.89,47.98,53.34,34.79,50.44,2.98,1.34,1.55,24145041415.69,11311110707.80,12319415320.38
[object Object],YAR,Yara International ASA,OSL,460.70,stock,common,10.00,1.00,false,0.00,NOK,1.52,601727.00,1.34,12253015787.57,USD,7.83,5.93,103.73,4.85,Process industries,norway,Process Industries,Neutral,Neutral,1.52,-0.50,10.16,3.32,-14.69,11.28,25.50,10.43,68.45,769.25,2.09,2.79,Buy,Buy,StrongBuy,Strong buy,Neutral,Neutral,54.64,-2.10,13.78,30.78,44.59,49.09,0.00,0.00,0.00,0.00,0.00,-0.11,601727.00,25.58,460.70,0.00,460940.00,22.47,7.83,0.07,0.71,1.32,6.40,13.63,16.82,15493138934.57,0.94,6.98,4.62,459.47,444.92,445.33,465.99,465.75,50.34,60.06,41.42,50.74,5.65,2.25,1.49,16210018189.34,5138584167.00,4553654847.00
[object Object],BF.B,Brown-Forman Corporation Class B,NYSE,26.50,stock,common,100.00,1.00,false,0.00,USD,2.95,2782611.00,1.08,12251833812.06,USD,17.08,1.55,-13.06,3.57,Consumer non-durables,america,Consumer Non-Durables,Neutral,Neutral,2.95,1.11,-5.02,2.40,13.73,1.42,-3.39,-62.36,-26.81,10633.22,3.24,2.73,Sell,Sell,StrongSell,Strong sell,Sell,Sell,45.86,-0.88,-1.25,-69.37,19.22,11.33,0.00,26.15,1.59,0.23,1483.00,0.62,2782611.00,21.98,26.50,0.00,366162.00,-11.88,17.08,0.00,3.01,3.06,12.02,13.16,38.05,14372833812.06,3.65,12.81,11.83,26.43,27.38,27.19,26.77,27.16,27.84,35.00,20.00,28.00,1.71,0.37,0.46,3935422499.00,914782449.00,1042446571.00
[object Object],GNRC,Generac Holdings Inc.,NYSE,207.23,stock,common,100.00,1.00,false,0.00,USD,18.34,8028790.00,9.55,12227887838.90,USD,47.77,4.34,-27.95,0.00,Producer manufacturing,america,Producer Manufacturing,Buy,Buy,18.34,13.07,-3.43,-24.29,3.63,50.19,12.63,-52.53,494.98,2025.44,5.70,4.14,Buy,Buy,Buy,Buy,Buy,Buy,57.58,26.47,-13.67,147.57,22.12,13.40,0.00,230.00,31.35,33.06,239052.00,31.06,8028790.00,383.96,208.50,0.61,238928.00,1.63,47.77,0.00,2.35,4.25,22.55,32.59,46.65,13303994838.90,3.00,22.67,16.60,185.01,198.34,203.97,234.58,210.05,297.53,375.00,250.00,285.00,9.71,2.01,2.45,4939310381.00,1177919872.00,1327422851.00
[object Object],SPSN,Swiss Prime Site AG,SIX,126.90,stock,common,10.00,1.00,false,0.00,CHF,1.04,156724.00,1.54,12198509432.72,USD,24.97,6.29,10.77,2.79,Finance,switzerland,Finance,Neutral,Neutral,1.04,1.36,0.16,-2.68,-9.36,3.34,16.21,34.14,48.61,155.75,1.23,1.36,Buy,Buy,Buy,Buy,Buy,Buy,51.20,2.20,-1.25,17.98,60.28,50.30,0.00,0.00,0.00,0.00,0.00,0.40,156724.00,50.56,126.90,0.00,130698.00,14.21,24.97,2.29,18.68,1.46,31.64,31.65,639.63,19539468053.72,28.81,38.14,37.65,125.75,126.64,128.32,129.60,130.55,161.54,185.17,129.62,158.02,4.86,0.00,0.00,648804949.88,0.00,0.00
[object Object],FME,Fresenius Medical Care AG,XETR,39.00,stock,common,100.00,1.00,false,0.00,EUR,-2.57,585218.00,0.77,12192466234.25,USD,11.73,3.80,48.60,3.72,Health services,germany,Health Services,Neutral,Neutral,-2.57,1.01,-4.79,-4.22,2.04,-4.39,-8.84,-35.13,-50.22,68.25,2.19,1.88,Sell,Sell,StrongSell,Strong sell,Neutral,Neutral,41.51,0.40,-0.98,-17.47,64.63,59.15,0.00,0.00,0.00,0.00,0.00,-0.07,585218.00,-10.44,38.90,-0.26,291811.00,-14.13,11.73,0.25,0.55,0.83,3.70,5.87,9.86,24660028928.24,1.11,10.20,6.07,39.11,40.06,41.18,40.03,39.69,48.23,74.40,34.87,48.24,4.79,1.22,1.21,22832929251.31,5467868394.64,5661433574.28
[object Object],SDR,Schroders PLC,LSE,587.50,stock,common,10.00,5.00,false,0.00,GBX,0.00,1380648.00,0.69,12185033399.48,USD,13.50,0.58,95.55,3.74,Finance,uk,Finance,Neutral,Neutral,0.00,0.43,0.43,0.51,2.53,43.08,56.67,-11.43,27.81,284.41,0.19,0.20,StrongBuy,Strong buy,StrongBuy,Strong buy,Neutral,Neutral,69.52,2.50,0.97,152.78,56.41,47.01,"dragonfly_doji_bullish,long_lower_shadow_bullish",0.00,0.00,0.00,0.00,0.00,1380648.00,2.06,587.50,0.00,889612.00,61.68,13.50,0.14,2.61,2.04,11.24,11.23,2.60,8180392759.48,1.70,7.81,6.38,585.80,584.38,585.85,584.59,543.96,0.00,0.00,0.00,0.00,0.55,0.26,0.28,3673111161.60,1777534353.90,1853446777.60
[object Object],TEL2_B,Tele2 AB Class B,OMXSTO,173.25,stock,common,100.00,5.00,false,0.00,SEK,-0.09,2252621.00,1.60,12166809473.03,USD,11.94,1.49,143.08,4.84,Communications,sweden,Communications,Neutral,Neutral,-0.09,1.29,4.49,-2.01,-9.32,12.10,10.17,34.20,156.29,60.35,1.60,1.52,Buy,Buy,StrongBuy,Strong buy,Neutral,Neutral,61.20,2.80,4.82,123.23,80.14,76.42,0.00,0.00,0.00,0.00,0.00,0.35,2252621.00,49.77,0.00,0.00,0.00,1.99,11.94,0.08,3.98,5.27,10.49,13.71,33.43,14909969473.03,4.82,20.24,10.82,171.72,168.58,167.09,172.46,173.30,18.04,22.34,14.96,17.66,1.62,0.19,0.21,3284436489.00,759106778.56,762806968.75
[object Object],SGE,Sage Group plc,LSE,1034.00,stock,common,10.00,5.00,false,0.00,GBX,2.22,2424802.00,0.87,12158331958.08,USD,25.99,0.53,16.04,2.22,Technology services,uk,Technology Services,Buy,Buy,2.22,4.70,-1.62,28.77,23.01,-4.70,-4.39,38.98,40.87,5070.00,2.59,2.75,Buy,Buy,StrongBuy,Strong buy,Neutral,Neutral,52.99,-36.00,-39.54,-33.60,40.59,32.49,0.00,0.00,0.00,0.00,0.00,0.94,2424802.00,-46.77,1034.00,0.00,1253608.00,-5.64,25.99,1.58,3.68,43.53,18.41,19.54,19.12,14170082358.08,4.07,17.98,15.65,1008.54,1045.73,985.88,919.48,925.76,14.99,18.86,11.45,15.39,0.67,0.32,0.36,3716427311.80,1798607440.00,1921802261.42
[object Object],ADP,Aeroports de Paris,EURONEXT,108.70,stock,common,10.00,1.00,false,0.00,EUR,1.40,85994.00,0.90,12158019213.68,USD,18.00,6.90,548.17,2.80,Transportation,france,Transportation,Buy,Buy,1.40,-0.28,0.65,-3.46,4.02,-1.98,-3.81,8.70,17.35,155185.71,1.75,1.99,Sell,Sell,StrongSell,Strong sell,Buy,Buy,47.52,1.20,-2.63,-36.33,36.51,32.95,spinning_top_white,0.00,0.00,0.00,0.00,1.31,85994.00,-24.23,108.70,0.00,56855.00,-3.46,18.00,0.03,1.57,2.49,7.87,97.79,4.25,23563405713.68,3.05,16.63,9.08,108.85,110.08,110.68,110.03,111.43,143.70,171.94,124.94,143.28,7.55,3.11,4.33,7981289209.31,3556173837.44,4121724424.17
[object Object],SVT,Severn Trent Plc,LSE,3076.00,stock,common,1.00,2.00,false,0.00,GBX,2.26,499200.00,1.16,12153412172.99,USD,25.00,1.63,61.02,4.19,Utilities,uk,Utilities,Neutral,Neutral,2.26,4.84,0.65,6.81,1.75,10.09,20.67,7.40,27.05,410.96,2.06,1.82,StrongBuy,Strong buy,StrongBuy,Strong buy,Buy,Buy,57.72,88.00,-89.27,24.66,44.65,27.03,0.00,0.00,0.00,0.00,0.00,0.40,499200.00,-10.65,3076.00,0.00,314401.00,23.59,25.00,0.40,3.21,5.03,10.06,0.00,11.68,25780880972.99,6.89,22.62,14.34,2957.60,3047.47,3035.28,3019.38,3004.69,43.73,48.77,37.05,43.92,2.70,0.99,1.49,4130738465.32,1808572676.00,2144679750.40
[object Object],AC,Accor SA,EURONEXT,45.75,stock,common,100.00,1.00,false,0.00,EUR,0.31,671834.00,1.06,12088367257.67,USD,41.66,1.25,-51.06,2.96,Consumer services,france,Consumer Services,Buy,Buy,0.31,-1.49,-0.54,-5.75,14.35,-4.69,10.51,63.10,31.94,309.48,1.39,1.68,Sell,Sell,StrongSell,Strong sell,Neutral,Neutral,46.29,-0.02,-0.63,-64.83,16.67,14.11,0.00,0.00,0.00,0.00,0.00,0.57,671834.00,-18.11,45.75,0.00,437476.00,5.23,41.66,0.00,1.88,3.50,12.47,17.68,8.48,17770427647.67,2.75,17.68,12.85,46.09,46.22,46.43,46.50,46.03,65.82,81.29,59.23,63.87,2.60,0.78,1.46,6823164428.35,3114760795.08,3453367629.00
[object Object],ITRK,Intertek Group plc,LSE,5840.00,stock,common,1.00,5.00,false,0.00,GBX,-0.68,1307858.00,2.85,12074665694.71,USD,28.47,2.72,-8.16,2.81,Commercial services,uk,Commercial Services,Neutral,Neutral,-0.68,-0.26,-0.09,0.60,61.86,26.13,25.32,6.76,66.15,1242.53,0.29,0.20,Sell,Sell,Sell,Sell,Sell,Sell,47.72,-5.00,12.85,38.70,70.37,81.23,"tweezer_top_bearish,marubozu_black_bearish",0.00,0.00,0.00,0.00,0.00,1307858.00,170.12,5840.00,0.00,139974.00,25.29,28.47,0.00,2.58,8.45,15.05,20.04,20.61,14089358814.71,3.01,17.16,12.84,5855.00,5847.67,5838.60,5661.59,5005.33,79.92,80.26,78.25,80.26,3.58,1.48,2.00,4858322553.76,2283290229.60,2472090790.40
[object Object],ALE,Allegro.eu S.A.,GPW,49.44,stock,common,1000.00,5.00,false,0.00,PLN,9.49,10344022.00,3.04,12060558699.37,USD,28.22,0.47,64.02,0.00,Retail trade,poland,Retail Trade,Buy,Buy,9.49,9.81,9.86,27.61,84.87,59.47,39.25,-22.52,-23.95,-23.95,3.33,2.37,StrongBuy,Strong buy,StrongBuy,Strong buy,Buy,Buy,70.74,4.34,0.43,386.23,73.17,66.14,rising_window_bullish,0.00,0.00,0.00,0.00,3.21,10344022.00,132.08,0.00,0.00,0.00,26.90,28.22,0.40,3.80,4.53,14.64,21.11,12.58,12531626478.37,3.90,19.95,13.91,45.90,45.56,45.05,39.87,34.57,12.74,15.77,9.20,12.82,0.54,0.25,0.34,3753708646.63,1670124864.00,1930657115.79
[object Object],G1A,GEA Group Aktiengesellschaft,XETR,65.25,stock,common,100.00,5.00,false,0.00,EUR,1.01,317516.00,0.76,11966100506.82,USD,24.47,3.05,10.56,2.01,Producer manufacturing,germany,Producer Manufacturing,Buy,Buy,1.01,2.51,0.62,9.57,5.24,12.99,5.16,59.11,34.12,611.56,1.41,1.38,Buy,Buy,StrongBuy,Strong buy,Neutral,Neutral,54.41,1.15,-0.72,-8.61,31.99,22.67,0.00,0.00,0.00,0.00,0.00,0.46,317516.00,-30.03,65.25,0.00,240767.00,8.17,24.47,2.29,1.86,4.24,14.71,21.84,31.89,11959750171.02,1.86,15.45,11.51,64.40,65.20,63.84,60.56,60.72,80.68,89.41,60.75,84.82,3.92,0.90,1.13,6898279063.20,1644566400.00,1680424141.14
[object Object],FGR,Eiffage SA,EURONEXT,108.00,stock,common,100.00,5.00,false,0.00,EUR,0.28,269086.00,0.85,11959161198.00,USD,9.84,12.54,7.74,4.46,Industrial services,france,Industrial Services,Buy,Buy,0.28,0.09,-9.96,-17.08,-18.49,-11.55,-2.75,28.57,58.08,338.07,1.55,1.84,Sell,Sell,StrongSell,Strong sell,Neutral,Neutral,37.38,-1.25,-8.40,-49.83,31.72,17.96,doji,0.00,0.00,0.00,0.00,0.23,269086.00,-7.79,108.00,0.00,165663.00,4.50,9.84,1.27,0.40,1.38,3.03,3.61,2.27,25843929708.00,0.86,8.65,5.31,107.76,113.64,117.17,122.84,126.88,184.26,227.49,148.96,183.61,13.27,4.23,9.46,30531341274.14,13780211308.06,15679827330.00
[object Object],FRO,Frontline Plc,OSL,475.00,stock,common,10.00,2.00,false,0.00,NOK,-6.09,1423980.00,1.47,11948170329.00,USD,7.18,6.68,512.74,5.83,Transportation,norway,Transportation,Buy,Buy,-6.09,9.20,19.05,24.67,53.13,114.54,103.34,582.86,733.33,120.93,3.88,3.59,Buy,Buy,StrongBuy,Strong buy,Neutral,Neutral,64.67,51.80,63.85,135.74,89.46,95.33,long_upper_shadow_bearish,0.00,0.00,0.00,0.00,-5.99,1423980.00,11.24,475.00,0.00,382259.00,97.14,7.18,0.02,4.40,3.38,7.89,15.48,33.10,14167207676.61,5.22,10.62,8.61,455.79,417.74,398.59,375.76,331.70,46.93,55.00,38.99,47.30,9.37,2.74,2.56,2475107178.74,758889542.00,671386800.00
[object Object],LI,Klepierre SA,EURONEXT,36.92,stock,common,100.00,2.00,false,0.00,EUR,-0.16,421811.00,1.22,11947214377.75,USD,7.74,5.45,16.00,5.14,Finance,france,Finance,Neutral,Neutral,-0.16,0.11,-5.09,2.84,12.15,9.55,12.22,95.03,-8.44,1691.44,1.20,1.25,Sell,Sell,Sell,Sell,Sell,Sell,38.86,-0.88,-1.44,-71.61,31.59,20.88,0.00,0.00,0.00,0.00,0.00,0.22,421811.00,-6.34,36.92,0.00,358885.00,15.45,7.74,0.48,6.30,1.12,11.48,14.61,29.79,23128848973.75,12.05,19.01,18.70,37.00,38.06,38.16,36.74,35.09,44.59,52.94,36.07,45.38,3.31,1.58,1.87,1552462376.84,747174482.04,822973716.66
[object Object],PSKY,Paramount Skydance Corporation Class B,NASDAQ,10.62,stock,common,100.00,1.00,false,0.00,USD,-4.63,28628094.00,2.40,11915065572.93,USD,0.00,-0.56,-2130.43,1.80,Consumer services,america,Consumer Services,Neutral,Neutral,-4.63,4.22,2.71,6.41,19.06,-20.75,-39.80,-73.68,-79.57,-58.40,3.85,3.90,Neutral,Neutral,Neutral,Neutral,Sell,Sell,53.35,-0.35,0.73,20.22,69.61,70.65,0.00,11.06,-0.67,0.13,26998.00,-0.45,28628094.00,66.19,10.72,0.94,2150331.00,-23.11,0.00,-0.01,0.43,1.01,14.61,25.31,7.31,27529065572.93,0.95,12.04,7.58,10.75,10.40,9.68,10.01,10.81,9.61,16.00,2.00,9.50,0.51,0.15,0.13,29945838874.00,6866490555.00,7047221288.00
[object Object],BAX,Baxter International Inc.,NYSE,23.02,stock,common,100.00,1.00,false,0.00,USD,-2.17,6614679.00,1.18,11901247615.74,USD,0.00,-1.93,-626.14,0.17,Health technology,america,Health Technology,Neutral,Neutral,-2.17,-4.68,-11.73,16.85,39.26,19.27,-3.80,-72.24,-51.11,1592.29,3.61,2.94,Sell,Sell,StrongSell,Strong sell,Sell,Sell,30.08,-2.68,-2.31,-136.90,9.10,9.93,0.00,23.70,0.72,1.23,569.00,0.72,6614679.00,-30.03,23.02,0.00,1082372.00,6.11,0.00,-0.02,1.06,1.92,9.04,14.63,5.55,18581247615.74,1.62,28.81,11.63,24.27,25.77,25.00,22.17,20.57,27.60,32.00,23.00,28.00,2.05,0.37,0.52,11615115273.00,2795512463.00,2908362636.00
[object Object],CSGP,"CoStar Group, Inc.",NASDAQ,29.30,stock,common,100.00,1.00,false,0.00,USD,-3.51,4863489.00,0.89,11870263968.93,USD,161.23,0.18,-28.72,0.00,Technology services,america,Technology Services,Buy,Buy,-3.51,-1.16,-8.54,-3.82,-30.65,-56.35,-66.98,-67.12,39.25,3155.00,3.85,3.87,StrongSell,Strong sell,StrongSell,Strong sell,Sell,Sell,41.30,-1.96,-0.50,-126.02,39.65,50.12,0.00,30.73,1.22,0.69,3774.00,0.40,4863489.00,4.20,29.36,0.22,1469722.00,-65.29,161.23,0.00,3.45,1.50,23.82,26.65,9.36,11772263968.93,3.31,136.41,29.18,30.52,31.37,30.44,31.44,42.24,36.63,52.00,25.00,35.00,1.37,0.29,0.34,3748849490.00,928807579.00,944899516.00
[object Object],IT,"Gartner, Inc.",NYSE,187.80,stock,common,100.00,1.00,false,0.00,USD,-1.97,754303.00,0.68,11859378028.74,USD,16.85,11.15,-31.45,0.00,Technology services,america,Technology Services,Neutral,Neutral,-1.97,9.78,5.43,43.76,20.02,-25.00,-25.40,-40.38,108.78,5909.60,5.10,4.13,Neutral,Neutral,Buy,Buy,Sell,Sell,52.70,1.05,3.95,-4.41,69.39,71.73,0.00,0.00,0.00,0.00,0.00,0.02,754303.00,-17.29,187.91,0.06,175411.00,-36.88,16.85,0.00,1.97,0.00,9.05,9.71,8.40,13700168028.74,2.12,11.28,9.36,184.64,188.20,171.64,160.05,175.71,188.08,229.00,150.00,193.00,14.47,3.76,2.84,6418652214.00,1648479695.00,1487769965.00
[object Object],BOL,Bollore SE,EURONEXT,3.68,stock,common,1000.00,2.00,false,0.00,EUR,-0.32,2931597.00,1.28,11832645711.43,USD,0.00,0.00,0.00,2.17,Distribution services,france,Distribution Services,Neutral,Neutral,-0.32,0.55,-4.61,-32.07,-24.33,-22.91,-24.86,-27.31,21.92,129.84,1.62,1.92,StrongSell,Strong sell,StrongSell,Strong sell,Sell,Sell,37.44,-0.29,-0.11,-115.08,22.83,24.03,hammer_bullish,0.00,0.00,0.00,0.00,0.27,2931597.00,35.47,3.68,0.00,1794285.00,-20.84,0.00,0.00,0.00,0.00,0.00,0.00,0.00,11832645711.43,3.43,0.00,0.00,3.72,3.80,3.86,4.46,4.62,4.80,5.73,3.73,4.87,0.12,0.00,0.00,3525646618.53,0.00,0.00
[object Object],BEAN,BELIMO Holding AG,SIX,779.00,stock,common,10.00,5.00,false,0.00,CHF,-1.39,17370.00,1.08,11761874190.26,USD,46.68,20.65,20.18,1.27,Producer manufacturing,switzerland,Producer Manufacturing,Buy,Buy,-1.39,-8.35,-6.71,-18.56,20.68,-3.17,-10.67,49.52,372.12,2454.10,4.36,3.37,Sell,Sell,StrongSell,Strong sell,Neutral,Neutral,40.69,-61.00,-52.11,-127.83,27.08,17.97,inverted_hammer_bullish,0.00,0.00,0.00,0.00,-0.70,17370.00,7.14,779.00,0.00,12569.00,0.66,46.68,2.35,7.86,15.35,55.09,107.03,92.94,11796010290.26,7.72,37.06,31.92,812.80,831.65,831.03,834.73,804.90,1220.04,1406.68,813.43,1262.95,24.43,0.00,0.00,1685585299.94,801008229.95,813208452.75
[object Object],DVA,DaVita Inc.,NYSE,183.09,stock,common,100.00,1.00,false,0.00,USD,-5.56,1410960.00,2.24,11681141897.06,USD,15.44,11.86,16.52,0.00,Health services,america,Health Services,Buy,Buy,-5.56,-0.29,2.78,-13.63,22.99,61.06,40.08,51.26,186.30,5131.12,3.62,2.73,Sell,Sell,Sell,Sell,Neutral,Neutral,45.41,3.70,1.84,106.53,76.22,86.96,0.00,0.00,0.00,0.00,0.00,0.37,1410960.00,135.43,183.31,0.12,179248.00,14.77,15.44,0.99,0.91,0.00,5.52,7.52,15.68,26160377897.06,1.87,12.51,9.34,184.88,180.75,201.49,199.59,166.76,229.00,270.00,180.00,222.00,14.85,3.88,3.58,14088554737.00,3496344055.00,3507690312.00
[object Object],SN.,Smith & Nephew plc,LSE,1035.50,stock,common,10.00,5.00,false,0.00,GBX,-0.62,1709427.00,0.70,11666171034.78,USD,18.91,0.73,27.05,2.78,Health technology,uk,Health Technology,Neutral,Neutral,-0.62,1.27,-5.09,-8.85,-14.53,-16.02,-24.94,-21.55,-15.95,314.20,1.92,2.70,Sell,Sell,StrongSell,Strong sell,Buy,Buy,41.67,-16.50,-45.75,-74.64,19.66,19.11,spinning_top_white,0.00,0.00,0.00,0.00,-0.91,1709427.00,5.02,1035.50,0.00,941269.00,-25.23,18.91,0.70,1.91,2.25,9.02,14.12,15.69,14720807011.44,2.37,13.87,8.90,1037.70,1068.23,1100.83,1113.83,1180.99,16.81,20.76,14.16,16.54,1.11,0.47,0.60,6518356328.98,3459130400.00,3322102000.00
[object Object],PNW,Pinnacle West Capital Corp,NYSE,95.59,stock,common,100.00,1.00,false,0.00,USD,0.63,751937.00,0.93,11585243443.43,USD,18.33,5.21,7.43,3.83,Utilities,america,Utilities,Neutral,Neutral,0.63,-2.14,-5.73,-6.98,-4.49,7.77,10.74,30.62,27.42,311.14,1.73,1.49,Sell,Sell,StrongSell,Strong sell,Buy,Buy,33.76,-1.79,-2.82,-145.57,13.74,8.59,harami_bullish,0.00,0.00,0.00,0.00,0.54,751937.00,-6.57,95.59,0.00,191157.00,11.61,18.33,2.45,2.13,1.65,6.72,0.00,1303.58,28121742443.43,5.06,21.84,12.32,96.43,98.23,101.05,101.85,98.77,106.45,129.00,94.00,106.00,4.72,1.46,3.13,5488360678.00,1396538854.00,1841777432.00
[object Object],MICC,Magnum Ice Cream Co. N.V.,EURONEXT,16.60,stock,common,1000.00,2.00,false,0.00,EUR,0.94,839264.00,0.96,11542048915.34,USD,56.99,0.33,-69.30,0.00,Consumer non-durables,netherlands,Consumer Non-Durables,Neutral,Neutral,0.94,1.85,1.12,13.02,27.99,22.24,36.07,36.07,36.07,36.07,2.30,2.39,Sell,Sell,Sell,Sell,Buy,Buy,47.67,-0.29,0.02,-79.46,26.96,39.07,downside_tasuki_gap_bearish,0.00,0.00,0.00,0.00,0.39,839264.00,-18.35,16.60,0.00,537891.00,0.00,56.99,0.00,1.25,9.40,18.59,63.22,17.75,15335056345.34,1.66,21.76,14.41,16.67,16.90,16.60,15.50,0.00,18.89,21.69,15.35,19.04,1.14,0.78,0.28,9828232460.44,5237842569.07,4245092306.05
[object Object],LULU,lululemon athletica inc.,NASDAQ,99.39,stock,common,100.00,1.00,false,0.00,USD,3.55,6524956.00,0.62,11511952784.98,USD,8.15,12.20,-16.47,0.00,Consumer non-durables,america,Consumer Non-Durables,Neutral,Neutral,3.55,0.69,-15.04,-10.86,-39.82,-52.49,-38.78,-76.80,49.86,695.12,3.48,3.48,Sell,Sell,StrongSell,Strong sell,Neutral,Neutral,37.62,-20.68,-16.61,-80.55,8.11,9.75,0.00,97.00,1.06,0.77,64361.00,1.29,6524956.00,65.55,99.10,-0.29,797795.00,-43.46,8.15,0.00,0.98,2.32,5.66,8.29,8.08,12263342784.98,1.11,6.13,4.83,101.52,114.15,115.75,119.37,149.85,98.35,128.20,44.00,98.00,9.58,1.79,1.00,10463283227.00,2458076537.00,2311888181.00
[object Object],GET,Getlink SE,EURONEXT,18.64,stock,common,100.00,1.00,false,0.00,EUR,0.43,602062.00,1.02,11508408215.47,USD,31.16,0.68,26.31,4.31,Transportation,france,Transportation,Buy,Buy,0.43,1.03,0.11,-0.05,5.61,18.58,20.73,40.15,91.77,-37.87,1.21,1.42,Buy,Buy,Buy,Buy,Neutral,Neutral,50.70,0.06,-0.18,-23.40,39.67,28.14,long_lower_shadow_bullish,0.00,0.00,0.00,0.00,0.48,602062.00,-38.12,18.64,0.00,535517.00,18.89,31.16,1.18,6.00,4.14,13.38,18.41,7.44,15779410235.47,8.22,20.53,15.32,18.50,18.70,18.66,18.62,17.96,22.78,26.36,15.47,22.93,0.67,0.00,0.00,2023050955.39,928610508.37,1041509519.02
[object Object],HRL,Hormel Foods Corporation,NYSE,20.76,stock,common,100.00,1.00,false,0.00,USD,-0.10,3210305.00,0.77,11425283610.03,USD,33.36,0.62,-54.63,5.62,Consumer non-durables,america,Consumer Non-Durables,Neutral,Neutral,-0.10,-1.14,-15.16,-14.71,-7.36,-12.77,-16.83,-50.19,-43.40,17615.12,1.64,2.10,Sell,Sell,StrongSell,Strong sell,Sell,Sell,28.55,-1.29,-2.33,-79.23,12.69,11.33,0.00,21.01,1.10,0.50,700.00,0.67,3210305.00,12.87,20.77,0.05,820652.00,-12.09,33.36,0.00,0.94,1.46,10.48,14.65,13.17,13428170610.03,1.11,15.00,11.50,21.01,22.79,23.75,23.27,23.36,25.88,30.00,23.00,26.00,1.49,0.35,0.38,12157231698.00,3034831071.00,3195880270.00
[object Object],ERIE,Erie Indemnity Company Class A,NASDAQ,244.39,stock,common,100.00,1.00,false,0.00,USD,-0.48,143797.00,0.79,11381332281.85,USD,22.31,10.95,-7.67,2.34,Finance,america,Finance,Buy,Buy,-0.48,0.16,-2.86,10.02,1.47,-14.25,-24.11,35.46,150.66,1411.71,2.51,2.96,Sell,Sell,StrongSell,Strong sell,Sell,Sell,44.85,-14.02,-5.84,-95.62,39.89,44.04,0.00,0.00,0.00,0.00,0.00,0.35,143797.00,-9.90,244.39,0.00,50919.00,-24.25,22.31,0.00,3.14,4.61,18.45,23.28,37.15,11034742281.85,2.68,14.94,13.51,247.82,254.56,246.05,235.45,252.41,0.00,0.00,0.00,0.00,12.68,3.35,3.41,4169221000.00,1088527000.00,1091701000.00
[object Object],LOTB,Lotus Bakeries NV,EURONEXT,12040.00,stock,common,1.00,20.00,false,0.00,EUR,-0.82,485.00,0.79,11355406331.10,USD,51.27,268.18,19.42,0.52,Consumer non-durables,belgium,Consumer Non-Durables,Buy,Buy,-0.82,-0.33,-1.79,6.74,23.23,50.88,48.83,119.31,423.48,20016.96,2.24,2.12,Sell,Sell,Sell,Sell,Neutral,Neutral,45.19,-180.00,-184.82,-74.97,18.90,16.59,0.00,0.00,0.00,0.00,0.00,0.00,485.00,-35.16,12040.00,0.00,411.00,52.31,51.27,2.66,6.82,10.91,42.39,75.76,98.90,11710965529.86,7.09,40.42,34.25,12138.00,12439.33,11877.60,11464.00,10467.15,14394.82,16808.25,10432.71,14837.63,291.98,130.59,152.06,1797861368.52,837586804.00,915178529.19
[object Object],TECH,Bio-Techne Corporation,NASDAQ,72.41,stock,common,100.00,1.00,false,0.00,USD,0.11,3784573.00,1.46,11355208850.30,USD,62.51,1.16,155.44,0.44,Health technology,america,Health Technology,Neutral,Neutral,0.11,0.18,0.00,30.82,40.30,23.13,39.68,-45.43,165.82,66103.43,0.27,0.23,Buy,Buy,StrongBuy,Strong buy,Neutral,Neutral,62.04,0.11,0.01,70.89,56.00,45.11,spinning_top_white,72.37,0.06,-0.30,1680.00,0.04,3784573.00,3.68,72.41,0.00,300365.00,36.10,62.51,0.40,9.35,5.36,38.93,43.20,42.95,11379583850.30,9.37,41.78,30.77,72.30,72.29,72.07,63.49,61.42,71.09,75.00,50.00,73.00,2.06,0.52,0.44,1268063750.00,314627337.00,292405590.00
[object Object],AKZA,Akzo Nobel N.V.,EURONEXT,56.50,stock,common,100.00,2.00,false,0.00,EUR,-1.81,462486.00,1.16,11307735517.98,USD,15.27,4.23,53.05,3.44,Process industries,netherlands,Process Industries,Buy,Buy,-1.81,-4.40,-7.07,-4.56,18.20,-4.98,-7.38,-42.24,-16.09,-0.45,1.59,1.86,StrongSell,Strong sell,StrongSell,Strong sell,Sell,Sell,31.25,-4.20,-3.24,-143.58,9.21,9.97,0.00,0.00,0.00,0.00,0.00,0.42,462486.00,8.92,56.50,0.00,273576.00,2.73,15.27,0.29,1.00,2.00,9.92,13.78,2.79,15098450407.98,1.34,35.35,17.60,58.62,60.45,59.95,58.16,56.94,75.80,87.27,64.00,75.63,4.65,1.34,1.31,11773871285.56,2939533223.91,2959215417.68
[object Object],MOWI,Mowi ASA,OSL,202.80,stock,common,10.00,2.00,false,0.00,NOK,0.40,1345719.00,1.19,11290347385.29,USD,14.08,1.45,89.15,3.76,Consumer non-durables,norway,Consumer Non-Durables,Buy,Buy,0.40,-2.97,1.81,4.43,-6.11,-16.82,-6.80,-13.74,56.60,-99.57,1.62,1.83,Neutral,Neutral,Sell,Sell,Neutral,Neutral,49.53,2.20,0.37,-51.15,24.89,28.15,spinning_top_black,0.00,0.00,0.00,0.00,0.50,1345719.00,16.53,202.80,0.00,709893.00,2.47,14.08,0.16,1.52,2.24,11.70,26.65,35.78,15580845671.78,2.20,20.95,12.08,203.74,203.46,201.18,198.23,211.26,24.58,27.12,20.74,24.78,1.21,0.29,0.25,6889634914.20,1826241790.68,1866229583.76
[object Object],BNZL,Bunzl plc,LSE,2638.00,stock,common,1.00,2.00,false,0.00,GBX,1.46,1526663.00,0.98,11158356026.19,USD,17.47,2.00,3.90,2.85,Distribution services,uk,Distribution Services,Neutral,Neutral,1.46,0.46,-4.70,5.44,19.58,26.71,6.54,2.73,14.50,877.05,1.83,1.93,Neutral,Neutral,Neutral,Neutral,Neutral,Neutral,42.49,-34.00,-145.84,-54.44,18.67,13.68,0.00,0.00,0.00,0.00,0.00,0.00,1526663.00,-18.72,2638.00,0.00,987896.00,8.30,17.47,4.41,0.70,2.99,9.06,9.72,14.22,13988182586.19,0.88,13.42,8.80,2613.80,2720.07,2734.48,2607.71,2389.98,37.12,48.72,27.74,37.89,2.51,1.09,1.34,16400857165.99,7840597452.75,8441244486.40
[object Object],SKA_B,Skanska AB Class B,OMXSTO,271.00,stock,common,10.00,1.00,false,0.00,SEK,1.38,643668.00,1.13,11110226475.53,USD,17.00,1.64,7.17,5.24,Industrial services,sweden,Industrial Services,Buy,Buy,1.38,0.37,2.26,9.32,9.72,6.65,14.54,13.63,41.88,159.33,1.75,1.60,Buy,Buy,StrongBuy,Strong buy,Neutral,Neutral,54.66,1.60,-3.86,16.81,45.80,28.54,rising_window_bullish,0.00,0.00,0.00,0.00,0.64,643668.00,1.91,0.00,0.00,0.00,17.77,17.00,2.34,0.64,1.83,9.29,0.00,7.01,11076189475.53,0.62,15.95,9.19,268.34,268.82,266.10,258.11,258.64,28.63,31.08,24.46,28.79,1.86,0.44,0.46,19574931623.49,4677002014.24,4700179285.67
[object Object],NVMI,Nova Ltd.,NASDAQ,348.07,stock,common,100.00,1.00,false,0.00,USD,2.60,533079.00,0.90,11062699181.00,USD,43.40,8.02,9.60,0.00,Electronic technology,america,Electronic Technology,Buy,Buy,2.60,-4.77,-13.71,-39.25,-28.01,3.59,16.35,225.85,2874.96,1833.72,3.14,3.54,Sell,Sell,StrongSell,Strong sell,Neutral,Neutral,41.47,-1.53,-30.69,-62.94,19.32,19.22,0.00,351.00,3.46,1.75,1049.00,2.65,533079.00,13.44,348.07,0.00,161822.00,53.64,43.40,4.41,12.47,7.55,52.39,58.65,11.74,10845198181.00,11.57,39.93,36.71,357.06,372.41,396.72,455.67,440.31,532.00,600.00,461.00,525.00,10.68,2.41,2.77,1078415680.00,250328347.00,282143169.00
[object Object],RTO,Rentokil Initial plc,LSE,326.20,stock,common,10.00,1.00,false,0.00,GBX,-0.55,16847189.00,1.71,11028601747.61,USD,23.22,0.19,38.70,2.86,Commercial services,uk,Commercial Services,Buy,Buy,-0.55,-2.83,-5.94,-24.07,-30.48,-27.02,-11.36,-45.12,48.14,143.43,1.57,1.98,Sell,Sell,StrongSell,Strong sell,Buy,Buy,27.80,-24.90,-18.46,-119.26,10.07,9.19,inverted_hammer_bullish,0.00,0.00,0.00,0.00,-0.03,16847189.00,-7.21,326.20,0.00,9090274.00,-1.27,23.22,0.60,1.56,1.97,12.05,14.54,4.44,14671791802.24,2.08,14.93,8.95,333.93,345.46,375.22,415.98,438.70,6.42,8.47,5.32,6.47,0.28,0.13,0.12,7298637827.68,3533935000.00,3631047500.00
[object Object],UDR,"UDR, Inc.",NYSE,34.21,stock,common,100.00,1.00,false,0.00,USD,-0.55,4148487.00,0.99,10990449494.27,USD,21.80,1.57,309.31,3.76,Finance,america,Finance,Neutral,Neutral,-0.55,-3.80,-9.06,-10.42,-2.81,-6.45,-8.28,-35.97,-1.44,1509.87,1.67,1.55,StrongSell,Strong sell,StrongSell,Strong sell,Neutral,Neutral,22.28,-2.38,-2.16,-135.52,1.90,5.65,0.00,0.00,0.00,0.00,0.00,0.52,4148487.00,-0.48,34.21,0.00,1182990.00,-6.95,21.80,0.07,6.48,3.80,9.75,12.62,306.12,17892977494.27,10.43,54.99,17.99,35.34,36.81,37.84,37.96,37.09,41.55,46.00,38.00,41.00,1.09,0.13,0.15,1704926569.00,423349090.00,428527248.00
[object Object],JKHY,"Jack Henry & Associates, Inc.",NASDAQ,156.21,stock,common,100.00,1.00,false,0.00,USD,-1.74,1040451.00,1.05,10952290492.89,USD,22.40,6.97,11.76,1.50,Technology services,america,Technology Services,Buy,Buy,-1.74,-1.60,3.11,24.34,-4.53,-14.13,-2.37,-8.13,82.42,41554.22,4.19,3.00,Sell,Sell,StrongSell,Strong sell,Sell,Sell,44.44,-10.82,-0.55,-127.22,19.34,21.59,0.00,0.00,0.00,0.00,0.00,-0.52,1040451.00,-36.60,156.21,0.00,161747.00,0.60,22.40,1.94,4.45,5.33,14.53,15.93,918.29,11018055492.89,4.35,17.45,13.04,160.87,161.60,157.86,148.01,159.51,188.35,209.00,148.00,196.00,7.36,1.47,2.07,2691619021.00,631597503.00,685111618.00
[object Object],PUIG,"Puig Brands, S.A. Class B",BME,16.86,stock,common,100.00,1.00,false,0.00,EUR,-0.47,550087.00,1.12,10938061886.35,USD,16.33,1.18,-10.79,2.02,Consumer non-durables,spain,Consumer Non-Durables,Buy,Buy,-0.47,-5.28,0.48,4.46,9.48,13.08,14.31,-33.88,-33.88,-33.88,2.01,2.12,Sell,Sell,StrongSell,Strong sell,Neutral,Neutral,35.14,-1.53,-0.25,-120.16,8.15,14.28,0.00,0.00,0.00,0.00,0.00,0.00,550087.00,-4.32,0.00,0.00,0.00,17.75,16.33,0.00,1.87,2.36,11.32,13.77,46.31,12779010479.53,2.20,13.64,10.53,17.59,17.56,17.20,16.89,16.55,22.62,25.40,18.48,22.86,1.29,0.51,0.73,6134464039.88,2666299338.71,3315503443.56
[object Object],HII,"Huntington Ingalls Industries, Inc.",NYSE,277.14,stock,common,100.00,1.00,false,0.00,USD,-0.34,421675.00,1.14,10920590211.17,USD,16.52,16.77,25.62,1.98,Electronic technology,america,Electronic Technology,Buy,Buy,-0.34,-1.02,-13.24,-7.32,-33.16,-18.51,1.57,42.75,73.77,675.87,2.52,2.45,Sell,Sell,StrongSell,Strong sell,Neutral,Neutral,32.40,-11.58,-24.46,-108.11,20.87,18.50,0.00,280.51,0.87,0.88,465.00,0.59,421675.00,-9.75,277.14,0.00,75581.00,8.87,16.52,0.65,0.83,2.06,31.55,0.00,912.25,13843590211.17,1.05,21.46,14.32,282.12,299.99,296.54,303.31,346.76,368.73,439.00,304.00,364.00,18.66,3.79,4.36,13399384777.00,3152366959.00,3363212436.00
[object Object],TKA,thyssenkrupp AG,XETR,15.59,stock,common,1000.00,5.00,false,0.00,EUR,1.93,2587598.00,1.29,10910782750.00,USD,33.81,0.53,0.00,0.98,Non-energy minerals,germany,Non-Energy Minerals,Buy,Buy,1.93,2.63,12.49,48.15,96.04,65.45,97.29,148.81,10.47,255.34,4.39,4.14,StrongBuy,Strong buy,StrongBuy,Strong buy,Neutral,Neutral,64.13,1.31,1.32,98.44,79.41,75.20,0.00,15.35,0.36,0.13,504.00,0.43,2587598.00,31.58,15.53,-0.35,942281.00,55.26,33.81,0.00,0.29,1.00,27.25,0.00,2.87,9253276330.00,0.25,39.14,5.80,15.31,14.15,13.32,12.15,10.86,18.93,25.50,11.01,18.55,-0.98,0.03,0.11,38028364399.75,9582912048.87,9128354518.65
[object Object],DECK,Deckers Outdoor Corporation,NYSE,79.71,stock,common,100.00,1.00,false,0.00,USD,2.24,3904383.00,1.21,10855055474.12,USD,11.31,7.05,8.22,0.00,Consumer non-durables,america,Consumer Non-Durables,Buy,Buy,2.24,-0.36,-12.08,-26.19,-23.27,-23.58,-32.81,7.96,699.90,7257.90,3.00,2.63,Sell,Sell,StrongSell,Strong sell,Neutral,Neutral,35.16,-4.05,-9.57,-103.54,8.94,8.87,0.00,79.75,2.30,0.82,7436.00,1.80,3904383.00,28.21,79.93,0.28,868681.00,-36.81,11.31,1.35,1.96,4.73,9.25,9.88,6.89,9724800474.12,1.76,7.87,7.41,81.00,87.52,93.50,99.07,102.36,119.67,184.00,70.00,115.00,7.52,0.88,1.79,5880789251.00,1018031764.00,1505880211.00
[object Object],UHR,Swatch Group Ltd. Bearer,SIX,177.25,stock,common,100.00,5.00,false,0.00,CHF,1.49,140302.00,1.89,10835555296.86,USD,1023.97,0.21,-85.06,2.58,Consumer durables,switzerland,Consumer Durables,Neutral,Neutral,1.49,-0.53,-5.84,-16.31,6.46,4.91,17.00,-30.44,-32.63,-0.42,2.43,2.20,Sell,Sell,StrongSell,Strong sell,Neutral,Neutral,40.43,-5.70,-9.60,-97.38,20.57,14.65,0.00,0.00,0.00,0.00,0.00,-0.29,140302.00,109.47,177.25,0.00,100580.00,27.59,1023.97,0.00,1.43,0.81,14.61,34.13,6.78,9598424296.86,1.22,65.20,14.42,178.94,185.55,186.44,194.38,185.78,207.63,277.88,111.15,197.60,5.58,1.78,3.39,8296532515.14,3840051182.50,4213447875.00
[object Object],UNI,Unicaja Banco S.A.,BME,3.67,stock,common,1000.00,2.00,false,0.00,EUR,0.66,4190986.00,1.15,10757677976.43,USD,14.36,0.29,5.62,4.43,Finance,spain,Finance,Sell,Sell,0.66,2.63,2.06,17.23,44.53,32.64,55.02,349.69,214.02,214.02,1.29,1.57,Buy,Buy,StrongBuy,Strong buy,Sell,Sell,64.39,0.03,0.08,148.83,85.75,82.92,0.00,0.00,0.00,0.00,0.00,0.44,4190986.00,12.16,0.00,0.00,0.00,51.02,14.36,2.54,4.35,1.43,0.00,0.00,0.00,20577277877.79,6.13,0.00,0.00,3.62,3.59,3.48,3.20,2.95,3.66,4.27,3.23,3.63,0.31,0.08,0.07,2544090968.04,630022094.01,599436165.15
[object Object],MNG,M&G Plc,LSE,341.00,stock,common,10.00,1.00,false,0.00,GBX,1.28,5867783.00,0.85,10729666740.25,USD,0.00,-0.06,-82.44,6.09,Finance,uk,Finance,Neutral,Neutral,1.28,1.13,-4.43,4.25,21.27,18.77,34.62,65.13,55.00,55.00,1.64,2.02,Sell,Sell,Sell,Sell,Sell,Sell,45.62,-10.20,-15.96,-58.11,32.35,21.42,marubozu_white_bullish,0.00,0.00,0.00,0.00,-0.65,5867783.00,-29.32,341.00,0.00,4237519.00,35.53,0.00,-0.85,0.32,3.14,11.64,14.48,0.00,19432092340.25,0.59,0.00,0.00,342.59,348.62,350.75,334.65,314.99,4.38,4.95,2.88,4.45,0.37,0.18,0.20,1491294545.09,0.00,0.00
[object Object],UHS,"Universal Health Services, Inc. Class B",NYSE,180.75,stock,common,100.00,1.00,false,0.00,USD,-0.25,1050080.00,1.52,10650524030.93,USD,7.36,24.56,29.35,0.44,Health services,america,Health Services,Buy,Buy,-0.25,2.16,5.12,26.92,-2.36,-17.02,-3.28,25.76,50.60,28462.96,3.64,3.00,Buy,Buy,StrongBuy,Strong buy,Neutral,Neutral,63.67,13.26,4.00,183.01,85.99,74.35,0.00,0.00,0.00,0.00,0.00,0.60,1050080.00,19.11,180.75,0.00,186160.00,-12.88,7.36,0.25,0.60,1.42,6.01,12.81,78.02,15915325030.93,0.88,7.73,5.90,174.61,173.14,166.91,161.35,183.65,192.81,290.00,166.00,190.50,22.53,5.94,5.23,18607862604.00,4578899092.00,4716247320.00
[object Object],SSAB_B,SSAB AB Class B,OMXSTO,109.40,stock,common,100.00,5.00,false,0.00,SEK,3.40,3541363.00,1.71,10645173205.31,USD,19.45,0.58,24.28,1.89,Producer manufacturing,sweden,Producer Manufacturing,Buy,Buy,3.40,5.50,1.39,11.47,61.07,56.29,104.56,170.66,442.93,273.83,3.11,3.32,StrongBuy,Strong buy,StrongBuy,Strong buy,Buy,Buy,61.70,5.95,0.51,170.32,81.72,64.62,0.00,0.00,0.00,0.00,0.00,0.19,3541363.00,63.23,0.00,0.00,0.00,92.41,19.45,0.77,1.08,1.54,8.96,0.00,5.55,9760312205.31,0.97,12.61,8.13,104.86,103.81,102.26,96.76,85.54,11.03,13.64,6.46,11.31,0.81,0.23,0.17,11312821108.67,2752248158.98,2548670832.68
[object Object],ALGN,"Align Technology, Inc.",NASDAQ,149.71,stock,common,100.00,1.00,false,0.00,USD,-0.49,795982.00,0.94,10635375477.30,USD,25.97,5.76,-2.76,0.00,Health technology,america,Health Technology,Buy,Buy,-0.49,-0.56,-12.74,-15.27,-14.92,-5.08,13.84,-79.46,61.22,914.98,3.01,2.99,Sell,Sell,StrongSell,Strong sell,Neutral,Neutral,37.54,-9.44,-12.07,-101.29,13.88,16.11,0.00,153.00,1.69,1.69,331.00,0.51,795982.00,-15.90,149.71,0.00,164417.00,10.72,25.97,0.00,2.60,2.52,14.17,16.90,9.71,9653626477.30,2.33,12.69,10.19,152.66,161.41,166.86,169.22,170.95,209.57,240.00,170.00,209.50,11.29,2.62,2.80,4166231669.00,1051959194.00,1014726142.00
[object Object],AES,AES Corporation,NYSE,14.85,stock,common,100.00,1.00,false,0.00,USD,0.27,7221966.00,0.97,10594563489.75,USD,5.55,2.68,88.93,4.75,Utilities,america,Utilities,Neutral,Neutral,0.27,0.27,0.61,1.57,4.95,2.34,16.75,-39.44,18.99,353.20,0.31,0.31,StrongBuy,Strong buy,StrongBuy,Strong buy,Buy,Buy,63.61,0.05,0.06,140.95,72.69,67.09,0.00,14.81,0.00,-0.07,2450.00,0.20,7221966.00,-10.94,14.85,0.00,760498.00,10.36,5.55,0.06,0.81,2.14,2.11,0.00,4.46,48210563489.75,3.70,19.82,11.86,14.81,14.76,14.77,14.67,14.63,15.00,15.00,15.00,15.00,2.29,0.45,0.53,12818493604.00,3111549000.00,3449572000.00
[object Object],LPP,LPP S.A.,GPW,22380.00,stock,common,1.00,20.00,false,0.00,PLN,3.23,4624.00,1.65,10588787498.05,USD,25.38,242.85,-9.36,3.37,Retail trade,poland,Retail Trade,Buy,Buy,3.23,3.42,5.27,18.48,17.91,7.54,23.27,53.29,452.73,46139.67,2.99,2.61,StrongBuy,Strong buy,StrongBuy,Strong buy,Buy,Buy,62.87,1560.00,253.29,138.03,82.08,75.15,0.00,0.00,0.00,0.00,0.00,0.46,4624.00,76.96,0.00,0.00,0.00,23.26,25.38,0.00,1.70,6.83,8.56,23.96,35.09,12445783088.05,1.91,18.30,9.69,21700.00,21413.33,21097.60,20748.80,20640.12,6515.60,8223.18,5335.70,6467.52,399.85,70.22,106.79,7468226058.66,1538402384.61,1737273064.31
[object Object],NDX1,Nordex SE,XETR,40.30,stock,common,100.00,2.00,false,0.00,EUR,3.39,484390.00,0.96,10583942011.83,USD,24.70,1.86,539.67,0.00,Producer manufacturing,germany,Producer Manufacturing,Buy,Buy,3.39,1.92,0.90,-12.01,-12.12,38.20,100.70,188.52,78.61,1344.52,3.71,3.32,Buy,Buy,StrongBuy,Strong buy,Buy,Buy,56.41,3.46,-0.09,77.71,62.11,54.36,0.00,38.74,-0.62,-1.03,140.00,0.77,484390.00,-2.30,40.20,-0.25,246571.00,81.98,24.70,0.04,1.27,6.57,10.66,13.09,5.35,8919961458.87,0.97,12.73,9.79,39.15,38.78,39.19,41.55,39.33,55.97,69.82,32.58,59.34,2.37,0.49,0.63,10297663236.40,2407687721.64,2411224888.65
[object Object],QRVO,"Qorvo, Inc.",NASDAQ,119.51,stock,common,100.00,1.00,false,0.00,USD,4.86,1569789.00,0.99,10543367582.12,USD,27.73,4.31,403.00,0.00,Electronic technology,america,Electronic Technology,Neutral,Neutral,4.86,15.05,25.80,23.97,52.61,39.94,37.97,-32.89,114.37,73.20,6.90,4.03,StrongBuy,Strong buy,StrongBuy,Strong buy,Buy,Buy,68.96,18.88,15.16,139.26,87.69,79.98,0.00,115.66,1.48,0.96,1200.00,0.82,1569789.00,-11.71,119.51,0.00,198345.00,1.60,27.73,0.07,2.79,3.04,13.96,16.44,8.04,10763562582.12,2.95,16.25,11.86,110.11,101.11,95.87,95.66,89.01,92.63,105.00,80.00,95.00,7.65,1.11,2.07,3526784661.00,743280071.00,919044495.00
[object Object],SOF,Sofina SA,EURONEXT,249.80,stock,common,10.00,2.00,false,0.00,EUR,-1.26,23389.00,1.46,10484352494.67,USD,6.46,44.15,225.53,1.01,Finance,belgium,Finance,StrongBuy,Strong buy,-1.26,-1.81,2.55,12.83,11.12,1.05,0.77,-26.27,99.30,472.09,1.87,1.73,Neutral,Neutral,Buy,Buy,Sell,Sell,51.28,0.80,5.34,14.53,66.99,73.82,0.00,0.00,0.00,0.00,0.00,0.40,23389.00,107.15,249.80,0.00,15761.00,2.85,6.46,0.03,77.38,0.77,22.73,22.74,9.38,10882726024.20,79.95,6.87,0.00,254.52,248.60,243.70,232.23,235.02,349.91,366.18,319.68,356.88,0.00,0.00,0.00,0.00,0.00,0.00
[object Object],LHA,Deutsche Lufthansa AG,XETR,7.68,stock,common,1000.00,2.00,false,0.00,EUR,1.00,3466745.00,1.11,10472127644.33,USD,13.73,0.64,-62.23,4.34,Transportation,germany,Transportation,Neutral,Neutral,1.00,0.29,-4.29,-14.71,3.87,-9.18,3.28,33.34,2.69,61.32,1.81,1.95,Sell,Sell,StrongSell,Strong sell,Neutral,Neutral,40.95,-0.03,-0.36,-50.68,23.72,19.59,spinning_top_white,7.63,0.45,0.42,800.00,0.71,3466745.00,-22.51,7.71,0.44,1438700.00,-1.05,13.73,0.00,0.22,0.76,2.70,0.00,1.13,18204865064.33,0.39,0.00,7.37,7.70,7.87,8.30,8.46,8.39,11.09,24.07,7.45,10.32,1.09,0.31,1.04,50268533924.75,12771368034.25,14157516558.25
[object Object],BEZ,Beazley Plc,LSE,1305.00,stock,common,10.00,5.00,false,0.00,GBX,0.08,1335658.00,0.81,10392241585.30,USD,15.96,1.08,-29.95,1.92,Finance,uk,Finance,Neutral,Neutral,0.08,0.38,0.81,1.56,3.16,55.64,58.57,235.48,222.86,1531.25,0.10,0.19,Buy,Buy,StrongBuy,Strong buy,Sell,Sell,71.97,4.50,7.49,129.95,93.69,93.99,"dragonfly_doji_bullish,long_lower_shadow_bullish",0.00,0.00,0.00,0.00,0.08,1335658.00,-55.24,1305.00,0.00,298776.00,66.35,15.96,0.00,1.63,2.12,11.26,11.39,0.00,11018084192.20,1.70,0.00,0.00,1302.30,1297.53,1294.33,1288.37,1198.60,17.71,17.76,17.66,17.71,1.32,0.50,0.69,6330824946.84,3218971000.00,3066741180.00
[object Object],VSURE,Verisure Plc,OMXSTO,8.95,stock,common,1000.00,2.00,false,0.00,EUR,2.22,1274306.00,1.32,10376816263.58,USD,0.00,-0.29,0.00,0.00,Commercial services,sweden,Commercial Services,StrongBuy,Strong buy,2.22,0.97,-2.93,-17.97,3.25,-35.93,-38.70,-38.70,-38.70,-38.70,3.04,2.61,Sell,Sell,StrongSell,Strong sell,Buy,Buy,44.03,-0.08,-0.50,-30.33,48.94,44.78,0.00,0.00,0.00,0.00,0.00,0.50,1274306.00,-27.14,0.00,0.00,0.00,0.00,0.00,-0.91,2.42,1.04,10.23,23.01,252.96,16305324703.63,3.71,47.36,10.12,8.88,9.10,9.72,10.29,11.02,17.97,22.06,13.81,18.28,0.68,0.17,0.18,4860802600.99,1170865265.73,1184584074.75
[object Object],GBLB,Groupe Bruxelles Lambert SA,EURONEXT,74.80,stock,common,100.00,5.00,false,0.00,EUR,0.07,73659.00,0.90,10300368789.15,USD,0.00,-5.82,-513.32,4.80,Finance,belgium,Finance,Buy,Buy,0.07,-0.07,2.47,-5.79,-4.29,-1.32,0.40,-20.00,-2.74,30.87,1.14,1.15,Neutral,Neutral,Neutral,Neutral,Neutral,Neutral,49.30,1.00,-0.09,74.92,66.84,68.32,spinning_top_black,0.00,0.00,0.00,0.00,0.33,73659.00,-2.65,74.80,0.00,46161.00,-3.54,0.00,-0.03,1.32,0.83,15.35,0.00,5.86,19120572558.15,2.44,54.62,18.13,74.78,74.40,75.88,77.97,78.62,102.29,108.36,89.92,103.75,4.10,0.00,0.00,7498001369.40,0.00,0.00
[object Object],HAG,HENSOLDT AG,XETR,77.68,stock,common,100.00,2.00,false,0.00,EUR,-0.13,146635.00,0.71,10297619547.68,USD,74.76,1.19,31.87,0.71,Electronic technology,germany,Electronic Technology,Buy,Buy,-0.13,-1.75,-18.23,8.13,-2.04,3.78,-17.14,500.31,577.84,577.84,3.40,3.37,Sell,Sell,StrongSell,Strong sell,Neutral,Neutral,36.74,-4.08,-8.52,-72.36,13.18,9.70,0.00,78.22,0.57,0.00,400.00,1.31,146635.00,-9.09,77.24,-0.57,76091.00,-10.55,74.76,2.35,3.35,9.27,15.74,28.94,15.23,11571125517.68,3.78,36.58,22.52,78.26,85.60,83.34,80.17,79.51,105.02,121.76,71.90,104.36,2.15,0.16,-1.43,3289503047.53,742719686.29,751953120.00
[object Object],DIE,D'Ieteren Group SA/NV,EURONEXT,170.40,stock,common,10.00,1.00,false,0.00,EUR,-0.58,53501.00,0.75,10296646354.13,USD,20.65,9.42,-1.66,0.82,Consumer services,belgium,Consumer Services,StrongBuy,Strong buy,-0.58,0.83,-1.33,3.59,3.46,9.09,4.99,26.22,285.52,874.27,2.77,2.47,StrongSell,Strong sell,StrongSell,Strong sell,Sell,Sell,44.14,-4.00,-6.07,-79.08,36.60,31.97,0.00,0.00,0.00,0.00,0.00,0.35,53501.00,-16.49,170.40,0.00,42681.00,-1.43,20.65,0.00,1.15,83.99,15.23,19.01,29.32,12974103820.13,1.44,33.14,19.35,172.21,174.85,175.91,173.06,172.50,274.00,320.78,242.31,265.39,15.31,7.71,0.00,9405919681.86,7078487880.00,7044631539.00
[object Object],CLX,Clorox Company,NYSE,85.00,stock,common,100.00,1.00,false,0.00,USD,0.16,3927716.00,1.32,10279135702.16,USD,17.67,4.81,-26.25,5.86,Consumer non-durables,america,Consumer Non-Durables,Neutral,Neutral,0.16,-4.87,-20.28,-11.59,-20.72,-15.92,-31.99,-48.87,-30.78,4651.09,3.17,2.59,Sell,Sell,StrongSell,Strong sell,Buy,Buy,23.74,-9.27,-12.46,-109.05,4.42,7.88,0.00,86.05,1.40,0.40,19589.00,1.18,3927716.00,14.43,85.06,0.07,385017.00,-21.74,17.67,0.00,1.54,114.21,16.92,25.56,72.40,15880135702.16,2.36,17.88,13.99,89.14,99.26,98.49,96.14,102.54,97.44,117.00,77.00,97.50,5.79,1.64,1.11,7631957105.00,1914937418.00,1877074542.00
[object Object],ACKB,Ackermans & van Haaren NV,EURONEXT,274.00,stock,common,10.00,2.00,false,0.00,EUR,0.29,21602.00,0.78,10275751085.42,USD,13.62,22.97,23.59,1.18,Industrial services,belgium,Industrial Services,Buy,Buy,0.29,1.93,4.98,-4.53,3.40,17.80,19.34,82.42,139.09,798.36,1.52,1.76,StrongBuy,Strong buy,StrongBuy,Strong buy,Neutral,Neutral,55.12,1.40,3.49,72.41,52.38,50.72,"long_upper_shadow_bearish,shooting_star_bearish",0.00,0.00,0.00,0.00,0.07,21602.00,-8.90,274.00,0.00,9702.00,24.34,13.62,0.58,1.50,1.52,7.00,12.45,4.02,21350718380.30,3.14,24.67,14.52,272.52,266.94,267.42,273.13,265.71,360.04,418.50,312.71,348.75,23.97,0.00,12.39,7370920170.80,0.00,0.00
[object Object],MKS,Marks and Spencer Group plc,LSE,365.00,stock,common,10.00,1.00,false,0.00,GBX,-1.64,12253830.00,2.25,10269935308.30,USD,29.77,0.16,-12.49,1.13,Retail trade,uk,Retail Trade,StrongBuy,Strong buy,-1.64,-4.77,-4.15,3.19,6.54,10.34,5.49,98.80,18.96,-11.86,3.40,2.37,Sell,Sell,StrongSell,Strong sell,Sell,Sell,35.07,-21.50,-17.55,-175.88,25.91,20.57,0.00,0.00,0.00,0.00,0.00,-0.75,12253830.00,-2.16,365.00,0.00,5590939.00,21.56,29.77,0.00,0.45,2.45,6.63,13.10,7.64,13704758348.30,0.60,19.32,8.25,379.34,386.92,388.26,371.09,363.42,6.03,6.42,5.15,6.09,0.43,0.21,0.18,25062559476.37,12537848000.00,11426034650.84
[object Object],COO,"Cooper Companies, Inc.",NASDAQ,53.77,stock,common,100.00,1.00,false,0.00,USD,-1.53,5693121.00,0.98,10225601584.42,USD,18.35,2.93,44.27,0.00,Health technology,america,Health Technology,Buy,Buy,-1.53,3.66,-29.33,-17.22,-24.05,-34.49,-17.47,-51.29,13.56,651.14,3.61,2.91,Sell,Sell,StrongSell,Strong sell,Neutral,Neutral,19.63,-15.96,-15.78,-110.60,13.63,12.88,0.00,54.74,0.24,0.70,1266.00,0.38,5693121.00,7.13,53.88,0.20,555905.00,4.03,18.35,0.42,2.49,1.23,10.06,15.34,67.14,12615101584.42,2.98,15.46,10.51,59.54,69.28,70.26,67.44,72.65,65.85,75.00,58.00,65.00,4.54,1.12,1.08,4238740683.00,1098406295.00,1068074752.00
[object Object],BXP,BXP Inc,NYSE,63.93,stock,common,100.00,1.00,false,0.00,USD,-0.17,1407914.00,1.21,10207163680.14,USD,34.35,1.86,9300.00,4.37,Finance,america,Finance,Buy,Buy,-0.17,-0.47,-4.47,-0.82,19.65,-5.39,-19.01,-42.24,-52.34,144.71,2.10,2.30,Sell,Sell,StrongSell,Strong sell,Neutral,Neutral,37.73,-3.17,-3.60,-97.22,11.35,12.01,0.00,64.27,0.36,0.00,2000.00,0.92,1407914.00,-15.06,63.93,0.00,326174.00,-6.62,34.35,0.00,2.91,1.98,7.94,13.33,18.44,28586764680.14,8.13,28.76,14.83,65.07,67.32,68.06,65.23,63.32,75.79,88.00,60.00,75.00,2.12,0.40,0.52,3508335868.00,858073851.00,885996102.00
[object Object],BNR,Brenntag SE,XETR,60.82,stock,common,100.00,2.00,false,0.00,EUR,-1.33,163827.00,0.91,10201704979.01,USD,24.07,2.89,-13.76,3.08,Distribution services,germany,Distribution Services,Neutral,Neutral,-1.33,-0.13,-0.65,12.46,26.63,22.50,20.72,-28.56,27.81,257.10,2.02,2.13,Sell,Sell,Sell,Sell,Neutral,Neutral,48.37,-0.36,-0.68,-24.83,34.64,33.39,0.00,0.00,0.00,0.00,0.00,0.23,163827.00,-56.54,60.72,-0.16,92084.00,21.66,24.07,0.00,0.59,1.98,10.91,17.07,17.21,13798700239.01,0.80,15.94,9.60,61.11,61.40,60.91,59.05,55.85,69.99,88.26,54.58,67.36,4.93,1.98,1.25,18375716947.89,4620281199.36,4607260611.07
[object Object],SUBC,Subsea 7 S.A.,OSL,330.60,stock,common,10.00,2.00,false,0.00,NOK,2.61,295916.00,1.32,10101157401.82,USD,16.47,2.02,110.94,6.05,Industrial services,norway,Industrial Services,Buy,Buy,2.61,0.61,-6.66,-0.66,30.06,62.70,64.48,425.26,290.09,320.55,2.89,2.47,Buy,Buy,StrongBuy,Strong buy,Neutral,Neutral,51.79,1.80,-12.00,-22.15,40.54,25.62,0.00,0.00,0.00,0.00,0.00,-0.06,295916.00,21.34,330.60,0.00,206846.00,61.86,16.47,0.14,1.30,2.28,5.18,5.96,9.50,9933854183.32,1.33,9.87,5.93,322.74,332.69,329.46,329.58,287.78,37.77,47.57,25.80,38.79,2.42,0.60,0.71,7224231025.89,1913006474.00,1985716857.00
[object Object],PAH3,Porsche Automobil Holding SE Pref,XETR,29.87,stock,preferred,100.00,1.00,false,0.00,EUR,3.97,1200785.00,1.90,10085527573.18,USD,96.29,0.35,0.00,5.26,Consumer durables,germany,Consumer Durables,Neutral,Neutral,3.97,3.00,9.25,-1.16,-5.83,-25.14,-17.03,-64.95,-34.26,-16.83,2.50,2.41,Buy,Buy,StrongBuy,Strong buy,Buy,Buy,61.64,1.87,0.74,119.07,78.70,77.40,0.00,28.96,0.80,0.17,1051.00,0.97,1200785.00,101.93,29.97,0.33,620760.00,-21.03,96.29,0.00,3.25,0.26,21.32,21.32,4.77,15796244713.18,5.10,4.71,4.70,29.15,28.35,28.23,29.41,32.47,38.72,49.29,30.09,38.40,10.92,3.52,2.92,20801510316.21,0.00,0.00
[object Object],KESKOB,Kesko Oyj Class B,OMXHEX,22.54,stock,common,100.00,2.00,false,0.00,EUR,1.53,729502.00,1.69,10072800680.66,USD,21.46,1.20,10.18,4.05,Retail trade,finland,Retail Trade,Buy,Buy,1.53,0.45,4.55,13.21,15.77,16.67,22.17,-30.00,133.58,594.07,1.97,1.47,StrongBuy,Strong buy,StrongBuy,Strong buy,Neutral,Neutral,61.61,0.18,0.04,64.67,60.32,36.19,0.00,0.00,0.00,0.00,0.00,0.18,729502.00,96.46,0.00,0.00,0.00,18.82,21.46,2.08,0.69,3.39,8.80,12.99,23.85,14262761411.66,0.97,19.10,9.90,22.21,22.01,21.48,20.90,20.38,25.63,28.27,22.50,25.96,1.36,0.37,0.44,15475159193.98,3863834522.90,3883314401.12
[object Object],TREL_B,Trelleborg AB Class B,OMXSTO,452.80,stock,common,10.00,2.00,false,0.00,SEK,0.53,482212.00,1.17,9968326015.69,USD,26.88,1.73,7.71,1.78,Producer manufacturing,sweden,Producer Manufacturing,Buy,Buy,0.53,1.07,4.62,9.64,32.40,14.92,19.95,125.27,179.68,1189.76,1.56,1.74,Buy,Buy,StrongBuy,Strong buy,Neutral,Neutral,59.83,7.20,8.61,123.69,69.08,65.59,"long_upper_shadow_bearish,shooting_star_bearish",0.00,0.00,0.00,0.00,0.22,482212.00,55.17,0.00,0.00,0.00,22.12,26.88,3.47,2.90,2.69,19.19,25.53,43.40,10951864015.69,3.08,16.75,12.72,449.46,441.36,432.93,417.51,398.15,46.12,56.59,35.95,45.91,2.14,0.50,0.51,3929486081.45,930815195.16,934953924.25
[object Object],FDS,FactSet Research Systems Inc.,NYSE,278.85,stock,common,100.00,1.00,false,0.00,USD,0.88,522353.00,0.55,9917452111.83,USD,18.38,15.17,9.52,1.64,Commercial services,america,Commercial Services,Neutral,Neutral,0.88,-0.15,-0.52,27.52,34.04,-3.36,-19.39,-27.17,57.46,6682.77,4.14,3.81,Neutral,Neutral,Neutral,Neutral,Neutral,Neutral,46.99,-27.22,-14.19,-79.87,33.40,29.87,0.00,0.00,0.00,0.00,0.00,-1.11,522353.00,-25.45,278.85,0.00,95550.00,-22.11,18.38,1.91,4.10,4.91,12.16,14.25,32.60,11178562111.83,4.58,14.89,11.65,281.50,289.55,277.79,255.07,249.76,273.25,389.00,210.00,264.50,17.84,4.45,4.35,2470757098.00,617905979.00,629737323.00
[object Object],DPZ,"Domino's Pizza, Inc.",NASDAQ,297.65,stock,common,100.00,1.00,false,0.00,USD,-1.21,833913.00,1.28,9847729224.83,USD,16.88,17.64,2.40,2.48,Consumer services,america,Consumer Services,Buy,Buy,-1.21,-7.05,-12.23,-4.85,-20.29,-28.57,-32.95,-41.56,96.38,2425.99,3.61,3.15,StrongSell,Strong sell,StrongSell,Strong sell,Sell,Sell,32.88,-49.03,-28.77,-169.73,1.35,7.95,0.00,303.50,0.73,0.68,1262.00,0.82,833913.00,7.56,297.75,0.03,117411.00,-29.02,16.88,7.11,2.00,0.00,12.75,15.18,22.20,14523782224.83,2.89,14.97,13.71,320.74,337.06,335.57,324.30,360.92,379.11,450.00,270.00,375.00,18.98,4.17,4.39,5187244926.00,1178770280.00,1173418814.00
[object Object],ARE,"Alexandria Real Estate Equities, Inc.",NYSE,56.34,stock,common,100.00,1.00,false,0.00,USD,5.27,3356420.00,2.20,9817107535.45,USD,0.00,-6.06,-4488.12,6.50,Finance,america,Finance,Neutral,Neutral,5.27,11.81,19.92,11.99,15.17,15.47,-34.55,-71.35,-46.32,173.16,3.97,3.68,StrongBuy,Strong buy,StrongBuy,Strong buy,Buy,Buy,66.83,3.62,1.59,228.29,86.36,70.39,rising_window_bullish,53.50,-0.04,-0.39,2887.00,0.34,3356420.00,63.74,56.34,-0.00,647739.00,-35.71,0.00,-0.00,3.22,0.62,7.52,7.52,20.24,26249129535.45,9.24,33.88,12.82,52.19,51.01,50.76,49.81,50.16,53.00,60.00,47.00,52.50,1.52,0.09,-0.03,1749473842.00,464856301.00,433350001.00
[object Object],PODD,Insulet Corporation,NASDAQ,141.55,stock,common,100.00,1.00,false,0.00,USD,0.68,1197285.00,0.73,9817086677.77,USD,28.06,5.04,53.51,0.00,Health technology,america,Health Technology,Buy,Buy,0.68,3.52,1.17,-2.14,-37.83,-50.41,-57.38,-50.67,231.97,732.65,3.65,3.58,Sell,Sell,StrongSell,Strong sell,Neutral,Neutral,46.34,-6.59,-7.54,-44.66,45.52,36.67,0.00,141.99,0.99,1.35,1867.00,-0.16,1197285.00,-11.12,141.55,0.00,188427.00,-57.62,28.06,0.52,3.20,6.90,19.21,33.44,18.37,10230586677.77,3.35,19.85,16.00,140.41,143.56,151.02,152.91,202.51,169.86,275.00,144.00,165.00,6.50,1.47,1.59,3291815841.00,787389296.00,833333898.00
[object Object],BIM,bioMerieux SA,EURONEXT,72.10,stock,common,100.00,5.00,false,0.00,EUR,-0.48,124794.00,1.03,9805157195.10,USD,18.48,4.46,22.76,1.35,Health technology,france,Health Technology,Neutral,Neutral,-0.48,0.28,-0.76,6.50,-22.10,-34.63,-36.48,-36.81,61.42,13418.89,1.83,2.04,StrongSell,Strong sell,StrongSell,Strong sell,Sell,Sell,45.78,-3.85,-1.43,-61.37,28.29,23.68,0.00,0.00,0.00,0.00,0.00,0.55,124794.00,18.79,72.10,0.00,109803.00,-34.54,18.48,0.82,2.15,1.97,9.40,14.57,12.98,9537159269.10,2.09,13.78,9.09,72.14,73.52,72.68,71.77,84.69,92.49,115.96,76.53,92.77,5.12,2.32,2.91,4850436011.63,2210342924.00,2469867969.00
[object Object],SMIN,Smiths Group Plc,LSE,2550.00,stock,common,1.00,1.00,false,0.00,GBX,-0.27,1516509.00,1.92,9777792354.32,USD,33.21,1.05,-13.45,1.83,Producer manufacturing,uk,Producer Manufacturing,Buy,Buy,-0.27,0.83,-3.04,-1.54,9.25,7.41,7.96,88.54,88.19,352.73,1.49,1.55,Sell,Sell,Sell,Sell,Sell,Sell,46.01,8.00,-70.90,-17.91,32.06,24.45,0.00,0.00,0.00,0.00,0.00,0.16,1516509.00,197.27,2550.00,0.00,914415.00,-2.27,33.21,0.00,3.72,4.85,22.03,26.58,23.89,10952205154.32,3.60,21.52,16.14,2549.80,2593.90,2596.52,2559.68,2524.74,38.96,44.14,32.10,40.13,1.13,0.80,0.64,2536457217.83,2041056000.00,1364333042.00
[object Object],SBRY,J Sainsbury plc,LSE,339.50,stock,common,10.00,1.00,false,0.00,GBX,1.25,5642422.00,0.94,9771185335.30,USD,20.53,0.22,12.82,4.09,Retail trade,uk,Retail Trade,Buy,Buy,1.25,0.30,2.20,12.08,-1.19,4.40,4.78,19.84,40.29,-35.84,1.65,1.57,StrongBuy,Strong buy,StrongBuy,Strong buy,Buy,Buy,51.74,3.00,-5.11,57.58,48.84,47.89,0.00,0.00,0.00,0.00,0.00,0.42,5642422.00,-24.66,339.50,0.00,3469792.00,10.30,20.53,1.58,0.23,1.25,0.00,0.00,7.36,17173463735.30,0.38,14.27,5.98,337.85,338.21,343.43,328.17,331.09,4.90,5.46,4.09,4.90,0.32,0.16,0.15,45970392961.28,21420047398.00,24452779296.00
[object Object],FRT,Federal Realty Investment Trust,NYSE,111.76,stock,common,100.00,1.00,false,0.00,USD,-0.59,916030.00,1.31,9769560327.10,USD,22.56,4.95,25.62,4.02,Finance,america,Finance,Buy,Buy,-0.59,-3.17,-5.63,-7.71,5.11,12.49,11.63,-7.08,-27.54,3524.63,1.84,1.32,StrongSell,Strong sell,StrongSell,Strong sell,Sell,Sell,24.27,-6.18,-3.68,-204.09,8.23,8.57,0.00,0.00,0.00,0.00,0.00,0.39,916030.00,32.61,111.76,0.00,201284.00,18.78,22.56,0.89,7.26,3.03,15.13,28.75,89.81,14927118327.10,11.18,32.41,17.52,114.85,116.60,119.60,119.41,111.84,132.53,149.00,118.00,134.00,4.26,0.72,0.72,1361210254.00,331919002.00,336958005.00
[object Object],IG,Italgas SpA,MIL,8.44,stock,common,1000.00,2.00,false,0.00,EUR,0.84,2846086.00,1.46,9763000073.65,USD,0.00,0.00,0.00,5.16,Utilities,italy,Utilities,Buy,Buy,0.84,1.76,-2.83,-21.34,-15.77,-10.74,12.83,58.91,-29.62,289.77,2.22,1.78,Sell,Sell,StrongSell,Strong sell,Buy,Buy,43.68,0.06,-0.38,-19.45,36.63,21.15,0.00,0.00,0.00,0.00,0.00,0.36,2846086.00,16.74,0.00,0.00,0.00,15.78,0.00,0.00,0.00,2.28,0.00,0.00,6.84,22600842365.74,7.39,15.21,9.66,8.30,8.58,9.02,9.64,9.89,12.47,13.57,11.36,12.41,0.87,0.22,0.21,3272022956.15,761061388.02,753226377.23
[object Object],SPM,Saipem S.p.A.,MIL,4.33,stock,common,1000.00,1.00,false,0.00,EUR,1.21,14706077.00,1.10,9680562476.48,USD,33.10,0.15,-14.67,3.97,Industrial services,italy,Industrial Services,Buy,Buy,1.21,-0.91,-5.21,-1.32,26.14,76.86,82.98,-12.29,-52.08,-12.95,3.07,2.67,Neutral,Neutral,Sell,Sell,Neutral,Neutral,47.52,-0.07,-0.14,-57.75,30.03,19.47,0.00,0.00,0.00,0.00,0.00,0.14,14706077.00,-5.58,4.33,0.00,3467.00,87.27,33.10,0.00,0.54,3.64,5.68,7.04,3.65,10422199166.48,0.58,14.79,5.27,4.31,4.42,4.36,4.39,3.81,5.67,6.96,3.94,5.77,0.20,0.00,0.00,18328209615.72,6802683120.00,0.00
[object Object],MGM,MGM Resorts International,NYSE,38.31,stock,common,100.00,1.00,false,0.00,USD,-0.21,1943088.00,0.91,9638517827.89,USD,23.19,1.65,-8.96,0.00,Consumer services,america,Consumer Services,Buy,Buy,-0.21,-5.99,-12.67,-19.52,3.91,4.59,7.92,-7.17,50.00,1293.09,2.41,1.99,StrongSell,Strong sell,StrongSell,Strong sell,Sell,Sell,19.46,-3.13,-3.21,-146.14,2.96,3.44,0.00,38.75,0.94,1.20,1103.00,1.02,1943088.00,-30.09,38.31,0.00,423769.00,-3.15,23.19,0.00,0.56,3.83,3.64,5.66,3.88,38112109827.89,2.15,33.08,17.03,40.01,42.18,43.68,43.50,39.87,50.74,60.00,43.00,51.50,1.84,0.56,0.17,17684923620.00,4416318966.00,4286107280.00
[object Object],IMI,IMI plc,LSE,3078.00,stock,common,1.00,2.00,false,0.00,GBX,1.05,375315.00,0.61,9598884254.57,USD,22.69,1.80,45.36,1.16,Producer manufacturing,uk,Producer Manufacturing,Buy,Buy,1.05,0.52,0.26,1.79,17.39,23.02,34.53,65.75,186.06,880.25,1.89,1.92,Buy,Buy,StrongBuy,Strong buy,Neutral,Neutral,54.04,48.00,-41.14,44.26,44.89,30.68,0.00,0.00,0.00,0.00,0.00,0.33,375315.00,-16.21,3078.00,0.00,188904.00,31.87,22.69,0.49,3.12,7.94,15.17,19.13,82.99,10502031774.57,3.34,15.94,12.95,3037.60,3069.00,3018.80,2925.90,2807.64,45.08,53.89,37.72,45.70,1.91,0.79,1.05,3219950906.93,1502780377.50,1646585600.00
[object Object],ANDR,ANDRITZ AG,VIE,84.70,stock,common,10.00,1.00,false,0.00,EUR,1.44,134027.00,1.45,9520437306.96,USD,17.86,5.42,0.83,3.23,Producer manufacturing,austria,Producer Manufacturing,StrongBuy,Strong buy,1.44,1.68,4.96,7.90,36.61,26.42,40.35,76.68,86.15,3288.00,1.64,1.83,StrongBuy,Strong buy,StrongBuy,Strong buy,Buy,Buy,63.08,1.00,1.20,135.22,56.94,53.88,rising_window_bullish,0.00,0.00,0.00,0.00,0.60,134027.00,-5.08,84.70,0.00,78929.00,41.91,17.86,21.18,1.01,3.40,10.71,14.75,10.79,9354457410.96,1.01,13.49,9.60,83.66,82.31,80.04,78.05,73.06,106.68,115.96,92.77,109.00,6.27,1.34,1.53,9689472598.00,2226845691.00,2269499973.00
[object Object],PSON,Pearson PLC,LSE,1203.50,stock,common,10.00,5.00,false,0.00,GBX,1.30,1379881.00,1.05,9519720988.17,USD,24.29,0.66,-23.84,2.15,Consumer services,uk,Consumer Services,Neutral,Neutral,1.30,4.20,0.80,6.41,24.00,14.67,16.39,65.00,52.63,120.25,1.92,1.86,Buy,Buy,StrongBuy,Strong buy,Buy,Buy,52.90,20.50,-19.59,30.52,54.76,49.31,0.00,0.00,0.00,0.00,0.00,0.38,1379881.00,-10.30,1203.50,0.00,891192.00,5.15,24.29,0.00,2.03,2.15,6.74,7.00,22.10,11437839388.17,2.37,16.34,7.85,1175.65,1196.42,1219.55,1181.12,1085.75,17.08,18.39,14.53,17.58,0.95,0.35,0.55,5004316567.32,2333304250.65,2576769360.00
[object Object],AYV,Ayvens,EURONEXT,10.61,stock,common,100.00,1.00,false,0.00,EUR,0.28,992710.00,1.12,9502002579.01,USD,8.39,1.44,32.38,5.58,Finance,france,Finance,Buy,Buy,0.28,-0.75,-8.06,-10.84,8.10,-7.34,4.53,0.95,-18.67,-18.67,1.67,2.10,Sell,Sell,StrongSell,Strong sell,Neutral,Neutral,39.71,-0.55,-0.60,-83.51,18.09,20.07,0.00,0.00,0.00,0.00,0.00,0.66,992710.00,3.37,10.61,0.00,502300.00,17.49,8.39,0.26,0.33,0.75,0.87,0.00,3.56,65596329807.01,2.29,18.96,5.10,10.70,11.17,11.38,11.42,11.21,14.87,18.55,12.52,14.95,1.45,0.00,0.00,27402375572.76,0.00,0.00
[object Object],HSIC,"Henry Schein, Inc.",NASDAQ,85.04,stock,common,100.00,1.00,false,0.00,USD,-1.99,1801039.00,1.89,9477413465.82,USD,24.78,3.43,10.35,0.00,Distribution services,america,Distribution Services,Buy,Buy,-1.99,-3.58,-5.45,6.17,17.72,12.41,24.25,9.29,32.91,1807.37,2.26,1.85,Sell,Sell,Sell,Sell,Sell,Sell,36.22,-5.35,-1.39,-241.73,9.01,17.56,0.00,0.00,0.00,0.00,0.00,0.28,1801039.00,76.90,85.04,0.00,241759.00,18.95,24.78,2.44,0.73,3.01,13.90,17.10,61.96,14699413465.82,1.08,18.08,12.89,88.14,88.96,87.84,82.58,79.66,100.47,112.00,85.00,102.00,5.38,1.24,1.36,13871342398.00,3373853433.00,3473530416.00
[object Object],ORK,Orkla ASA,OSL,91.65,stock,common,100.00,5.00,false,0.00,NOK,0.55,1399352.00,0.99,9474237919.38,USD,13.94,0.66,-37.76,4.39,Consumer non-durables,norway,Consumer Non-Durables,Neutral,Neutral,0.55,0.27,-10.59,-8.62,-20.30,-18.89,-15.37,17.44,22.86,216.03,1.09,1.42,Sell,Sell,StrongSell,Strong sell,Neutral,Neutral,34.84,-0.85,-6.48,-78.38,14.87,10.92,0.00,0.00,0.00,0.00,0.00,0.05,1399352.00,-28.28,91.65,0.00,1115701.00,-15.49,13.94,0.00,1.26,2.10,9.59,13.59,62.20,12095723919.38,1.69,16.16,11.83,91.82,96.70,100.13,102.60,109.94,11.63,16.11,9.56,11.27,0.66,0.16,0.18,6979151505.80,1782401333.51,1877546772.08
[object Object],SW,Sodexo SA,EURONEXT,58.05,stock,common,100.00,5.00,false,0.00,EUR,2.93,405170.00,2.21,9457484402.71,USD,19.05,3.60,-33.44,4.79,Consumer services,france,Consumer Services,Neutral,Neutral,2.93,1.13,2.74,12.50,36.14,33.14,10.89,10.36,-23.78,713.30,1.59,1.61,Buy,Buy,StrongBuy,Strong buy,Neutral,Neutral,58.26,-0.40,-0.27,103.67,39.04,29.64,rising_window_bullish,0.00,0.00,0.00,0.00,3.81,405170.00,83.16,58.05,0.00,215070.00,13.40,19.05,0.00,0.35,2.35,8.82,13.66,7.26,14317669202.71,0.51,14.18,8.87,56.99,57.15,56.39,52.40,48.20,63.60,77.95,52.73,61.90,3.77,2.82,1.60,27830447900.07,14296003267.68,13825503786.00
[object Object],STERV,Stora Enso Oyj Class R,OMXHEX,10.64,stock,common,1000.00,5.00,false,0.00,EUR,1.67,1412027.00,1.06,9457043066.98,USD,14.55,0.84,0.00,2.39,Process industries,finland,Process Industries,Buy,Buy,1.67,2.65,12.90,8.68,8.79,-0.84,7.91,-33.35,36.06,-39.44,2.36,2.30,StrongBuy,Strong buy,StrongBuy,Strong buy,Buy,Buy,69.72,0.63,0.32,216.33,80.65,63.68,0.00,0.00,0.00,0.00,0.00,0.05,1412027.00,14.55,0.00,0.00,0.00,3.74,14.55,0.00,0.89,0.78,15.80,0.00,5.39,13432307426.98,1.26,0.00,29.70,10.28,9.97,9.85,9.75,10.11,13.09,15.65,10.44,13.22,0.61,0.16,0.14,11118303794.83,2765574104.51,2706018849.77
[object Object],VOE,voestalpine AG,VIE,46.84,stock,common,100.00,2.00,false,0.00,EUR,2.00,243929.00,1.24,9396739748.65,USD,16.10,3.32,323.65,1.63,Non-energy minerals,austria,Non-Energy Minerals,Buy,Buy,2.00,1.56,4.04,5.26,22.23,25.17,62.53,38.66,56.24,386.65,2.60,2.99,StrongBuy,Strong buy,StrongBuy,Strong buy,Buy,Buy,57.73,1.40,-0.66,94.25,62.34,41.25,0.00,0.00,0.00,0.00,0.00,0.83,243929.00,-8.72,46.84,0.00,139606.00,60.75,16.10,0.05,0.54,1.03,5.76,18.79,8.45,10857660863.65,0.63,13.54,6.56,45.61,45.41,45.31,45.10,43.06,60.47,73.00,52.72,57.94,4.30,1.16,0.71,18211212670.92,4560137482.88,4442326478.97
[object Object],EVK,Evonik Industries AG,XETR,17.55,stock,common,100.00,1.00,false,0.00,EUR,-0.11,1080278.00,0.93,9385223014.63,USD,67.58,0.30,-71.46,5.69,Process industries,germany,Process Industries,Neutral,Neutral,-0.11,-3.94,-3.20,11.36,25.27,31.17,10.38,-36.94,-39.90,-46.82,1.74,1.85,Neutral,Neutral,Sell,Sell,Buy,Buy,38.95,-1.23,-0.52,-160.38,11.04,9.34,0.00,17.49,-0.46,-0.46,100.00,-0.97,1080278.00,0.80,17.55,0.00,861493.00,15.82,67.58,0.00,0.58,1.04,5.06,9.87,20.97,14126195734.63,0.88,11.94,5.78,17.99,18.28,17.82,17.21,15.90,21.09,25.39,16.15,20.77,2.03,0.63,0.60,17261523483.77,4358954535.64,4176120093.88
[object Object],RNO,Renault SA,EURONEXT,28.95,stock,common,100.00,1.00,false,0.00,EUR,2.41,1542366.00,1.02,9383825267.89,USD,8.83,3.74,0.00,7.78,Consumer durables,france,Consumer Durables,Buy,Buy,2.41,-0.86,1.58,6.94,4.97,-18.40,-17.29,2.51,-59.17,15.11,3.59,3.35,Buy,Buy,Buy,Buy,Neutral,Neutral,51.74,0.10,0.58,18.66,50.90,61.33,0.00,0.00,0.00,0.00,0.00,1.13,1542366.00,-32.00,28.95,0.00,890159.00,-12.73,8.83,0.00,0.14,0.41,1.72,2.50,0.40,69685651157.89,1.01,17.21,7.92,29.18,28.74,28.01,27.83,29.91,42.09,57.74,30.02,39.84,7.06,3.25,4.21,72223520439.36,33749915166.59,35729504700.31
[object Object],DEMANT,Demant A/S,OMXCOP,299.20,stock,common,10.00,2.00,false,0.00,DKK,0.07,189218.00,0.80,9370803556.62,USD,38.81,1.18,-28.65,0.00,Health technology,denmark,Health Technology,Buy,Buy,0.07,4.25,1.36,22.02,64.67,39.03,25.71,-16.42,118.71,513.11,1.68,1.93,Buy,Buy,StrongBuy,Strong buy,Neutral,Neutral,62.57,5.40,7.13,137.19,85.26,82.16,0.00,0.00,0.00,0.00,0.00,-0.20,189218.00,-5.72,0.00,0.00,0.00,20.20,38.81,0.00,2.52,5.56,15.76,18.53,41.77,12254803356.62,3.24,18.49,13.38,294.28,290.42,285.81,265.79,234.99,47.61,60.14,34.10,48.83,2.17,0.85,1.13,4127689733.70,1933914852.00,2042196719.98
[object Object],GTT,Gaztransport & Technigaz SA,EURONEXT,227.00,stock,common,10.00,2.00,false,0.00,EUR,2.44,105059.00,1.14,9367648656.32,USD,19.01,13.64,24.12,4.03,Producer manufacturing,france,Producer Manufacturing,Buy,Buy,2.44,4.03,9.13,17.92,6.97,45.79,48.27,257.20,773.08,393.48,2.24,1.95,StrongBuy,Strong buy,StrongBuy,Strong buy,Buy,Buy,71.67,19.00,10.12,159.52,86.67,74.11,marubozu_white_bullish,0.00,0.00,0.00,0.00,0.09,105059.00,-17.55,227.00,0.00,63301.00,33.67,19.01,0.77,10.28,13.71,16.97,18.13,22.10,9051622017.32,9.89,15.56,14.76,218.36,209.94,202.66,200.65,192.18,270.30,317.56,211.32,274.83,13.32,6.53,6.62,904410294.89,437735609.16,439007368.19
[object Object],RMBS,Rambus Inc.,NASDAQ,85.87,stock,common,100.00,1.00,false,0.00,USD,5.48,2271046.00,1.16,9313598119.39,USD,39.31,2.18,3.39,0.00,Electronic technology,america,Electronic Technology,Buy,Buy,5.48,1.18,-10.45,-36.71,-8.75,-10.01,-12.39,265.72,559.02,1346.23,3.44,3.48,Sell,Sell,StrongSell,Strong sell,Buy,Buy,45.37,1.15,-7.61,-33.50,31.27,23.01,0.00,83.80,2.94,3.08,9077.00,3.73,2271046.00,25.78,85.80,-0.08,559649.00,15.78,39.31,11.00,11.84,6.35,28.38,31.53,11.45,8510453119.39,11.25,31.30,26.89,84.74,90.28,93.92,113.52,107.71,142.50,165.00,100.00,152.50,3.04,0.72,0.79,828732171.00,199296488.00,213214286.00
[object Object],RED,Redeia Corporacion SA,BME,15.09,stock,common,100.00,1.00,false,0.00,EUR,0.33,693563.00,0.93,9292224433.05,USD,16.32,1.06,35.60,4.31,Utilities,spain,Utilities,Neutral,Neutral,0.33,1.00,0.27,-1.69,0.53,-1.05,-8.38,-12.98,-21.04,891.13,1.40,1.20,Buy,Buy,Buy,Buy,Buy,Buy,51.83,0.22,-0.27,17.25,50.90,30.78,0.00,0.00,0.00,0.00,0.00,0.13,693563.00,-42.85,0.00,0.00,0.00,-7.33,16.32,0.46,4.74,1.72,8.06,0.00,8.29,16342007309.43,8.33,19.55,11.55,14.91,15.09,15.25,15.10,15.08,19.26,21.62,15.69,19.76,1.10,0.59,0.00,2035228061.31,983884690.00,0.00
[object Object],CNA,Centrica plc,LSE,152.50,stock,common,100.00,5.00,false,0.00,GBX,0.07,12969359.00,0.93,9232484441.80,USD,9.72,0.21,0.00,3.72,Utilities,uk,Utilities,Buy,Buy,0.07,0.93,-3.42,-12.83,-27.03,-10.16,-9.71,201.15,-32.85,180.31,2.41,2.32,Neutral,Neutral,Sell,Sell,Buy,Buy,47.58,4.20,-3.16,1.75,33.23,23.12,doji,0.00,0.00,0.00,0.00,0.00,12969359.00,20.94,152.50,0.00,8634215.00,-5.68,9.72,0.00,0.35,2.03,14.26,0.00,1.99,8768337241.80,0.34,1.46,1.37,150.91,153.18,157.91,173.13,181.78,2.80,3.07,2.44,2.78,0.16,0.09,0.07,29205657922.01,16453957366.80,17113659692.80
[object Object],DNP,Dino Polska SA,GPW,36.15,stock,common,100.00,1.00,false,0.00,PLN,0.98,4251167.00,0.94,9222785579.51,USD,22.64,0.42,-0.32,0.00,Retail trade,poland,Retail Trade,Buy,Buy,0.98,0.42,14.18,23.55,-7.07,-13.16,-21.46,8.04,900.00,900.00,2.11,3.12,StrongBuy,Strong buy,StrongBuy,Strong buy,Neutral,Neutral,59.72,0.31,0.96,52.01,40.39,29.10,spinning_top_white,0.00,0.00,0.00,0.00,0.56,4251167.00,30.90,0.00,0.00,0.00,-20.26,22.64,0.00,0.99,3.78,15.70,151.47,45.87,9248270327.96,0.98,17.23,13.47,35.83,34.73,32.93,31.48,35.11,9.65,14.03,6.03,9.97,0.47,0.11,0.14,10599808954.20,2530972727.34,2602826920.72
[object Object],WEIR,Weir PLC,LSE,2676.00,stock,common,1.00,2.00,false,0.00,GBX,1.44,809057.00,0.86,9102042331.85,USD,26.43,1.34,-14.68,1.58,Producer manufacturing,uk,Producer Manufacturing,Buy,Buy,1.44,-4.02,0.38,7.38,-3.46,-6.24,2.22,48.21,69.05,1015.00,2.37,2.80,Neutral,Neutral,Sell,Sell,Neutral,Neutral,48.38,-14.00,-74.78,-64.91,18.28,12.51,0.00,0.00,0.00,0.00,0.00,2.12,809057.00,21.62,2676.00,0.00,368788.00,9.99,26.43,0.00,2.59,3.44,24.10,29.50,17.96,11053065691.85,3.16,17.49,13.66,2698.40,2729.33,2651.60,2553.32,2810.49,44.45,54.02,33.76,43.56,1.77,0.68,1.04,3728043484.10,1670517442.79,2007752313.60
[object Object],JYSK,Jyske Bank A/S,OMXCOP,1110.00,stock,common,1.00,1.00,false,0.00,DKK,1.00,99505.00,1.11,9092017081.70,USD,12.94,13.07,6.40,2.27,Finance,denmark,Finance,Neutral,Neutral,1.00,1.93,5.61,17.27,30.05,27.59,58.12,316.51,252.05,1514.08,1.41,1.42,Buy,Buy,StrongBuy,Strong buy,Neutral,Neutral,70.46,12.00,29.24,111.27,79.67,71.25,0.00,0.00,0.00,0.00,0.00,-0.27,99505.00,2.75,0.00,0.00,0.00,39.74,12.94,2.00,4.04,1.35,0.00,0.00,0.00,78234620281.70,18.90,0.00,0.00,1097.90,1075.03,1050.06,983.76,939.06,164.28,186.96,143.49,162.81,13.09,3.15,3.24,2078043576.44,502156655.53,500315050.33
[object Object],INDT,Indutrade AB,OMXSTO,247.80,stock,common,10.00,2.00,false,0.00,SEK,0.41,441606.00,1.66,9081406620.03,USD,33.67,0.76,-0.48,1.26,Producer manufacturing,sweden,Producer Manufacturing,Buy,Buy,0.41,0.73,4.38,30.42,20.88,3.08,7.55,-11.53,298.61,2965.57,2.12,1.91,Buy,Buy,StrongBuy,Strong buy,Sell,Sell,57.22,-1.60,-1.87,24.51,55.56,38.08,0.00,0.00,0.00,0.00,0.00,0.00,441606.00,42.73,0.00,0.00,0.00,7.95,33.67,0.00,2.71,5.05,21.85,24.62,66.28,10041916620.03,2.95,24.50,16.97,245.52,244.85,242.08,218.97,223.00,29.64,33.66,27.46,29.77,1.03,0.21,0.24,3798838209.93,886637170.99,890818121.50
[object Object],APTV,Aptiv PLC,NYSE,43.62,stock,common,100.00,1.00,false,0.00,USD,0.65,4333635.00,1.26,9056965942.97,USD,41.38,1.05,-75.87,0.00,Producer manufacturing,america,Producer Manufacturing,Buy,Buy,0.65,-1.29,-12.76,-31.60,-25.46,-32.98,-37.96,-65.11,-10.45,189.30,2.59,2.99,Sell,Sell,StrongSell,Strong sell,Buy,Buy,36.00,-1.41,-3.09,-128.48,7.65,13.38,0.00,0.00,0.00,0.00,0.00,2.05,4333635.00,39.70,43.39,-0.53,617432.00,-45.45,41.38,0.00,0.49,1.04,2.83,3.45,12.09,13975965942.97,0.75,7.73,5.08,45.14,46.76,50.87,56.14,60.28,66.61,78.00,55.00,67.50,5.75,1.42,1.33,12729360022.00,3314249981.00,3179049566.00
[object Object],ABVX,Abivax SA,EURONEXT,93.70,stock,common,100.00,5.00,false,0.00,EUR,3.59,124050.00,1.12,9056462895.49,USD,0.00,-5.23,-31.84,0.00,Health technology,france,Health Technology,StrongBuy,Strong buy,3.59,-10.51,-10.42,8.89,-13.08,-20.19,34.43,195.12,1174.83,320.18,4.61,3.48,Sell,Sell,StrongSell,Strong sell,Neutral,Neutral,38.87,-5.45,-6.71,-186.18,17.66,27.33,0.00,0.00,0.00,0.00,0.00,0.44,124050.00,-22.38,93.70,0.00,63988.00,64.73,0.00,0.00,0.00,17.29,0.00,0.00,15.05,8532227773.69,0.00,0.00,0.00,97.70,101.16,106.27,102.97,102.79,163.83,206.33,80.24,166.11,-3.87,-0.93,-0.92,4467877.15,396400.51,796823.26
[object Object],TUB,Financiere de Tubize S.A.,EURONEXT,177.60,stock,common,10.00,1.00,false,0.00,EUR,0.11,24045.00,1.44,9051561127.45,USD,80.33,2.52,6.12,0.43,Finance,belgium,Finance,Buy,Buy,0.11,1.14,-3.06,-18.76,-16.42,-15.43,6.35,101.59,193.80,8874.23,2.33,2.31,Sell,Sell,StrongSell,Strong sell,Neutral,Neutral,37.21,-8.40,-7.34,-66.75,29.00,27.57,0.00,0.00,0.00,0.00,0.00,1.13,24045.00,38.32,177.60,0.00,19780.00,16.35,80.33,13.11,0.00,3.98,80.37,80.37,158.41,8994357623.52,0.00,0.00,0.00,177.08,183.74,191.66,203.66,211.85,289.44,329.15,249.74,289.44,0.00,0.00,0.00,0.00,0.00,0.00
[object Object],SYENS,Syensqo SA/NV,EURONEXT,78.20,stock,common,100.00,5.00,false,0.00,EUR,0.84,163749.00,1.38,9006141037.26,USD,0.00,-0.26,72.60,1.46,Process industries,belgium,Process Industries,Buy,Buy,0.84,-4.23,-4.05,16.28,79.11,14.29,9.16,-13.11,-13.11,-13.11,2.15,2.11,Neutral,Neutral,Neutral,Neutral,Neutral,Neutral,45.85,-3.40,-1.13,-176.44,8.30,15.92,0.00,0.00,0.00,0.00,0.00,0.00,163749.00,-14.40,78.20,0.00,138697.00,3.10,0.00,0.00,1.37,1.31,11.65,21.54,12.05,11480937967.26,1.73,27.69,9.51,79.89,80.44,77.02,70.64,66.92,92.72,116.36,45.38,95.41,4.12,1.08,1.25,6931682743.04,1727471390.55,1718705775.30
[object Object],INPST,InPost S.A.,EURONEXT,15.56,stock,common,100.00,1.00,false,0.00,EUR,0.06,292634.00,0.63,8912249358.90,USD,75.28,0.24,-54.41,0.00,Technology services,netherlands,Technology Services,Buy,Buy,0.06,0.00,0.26,1.57,3.60,48.76,43.28,0.10,-18.11,-18.11,0.18,0.15,Buy,Buy,StrongBuy,Strong buy,Neutral,Neutral,60.33,0.01,0.04,11.36,75.00,82.41,0.00,0.00,0.00,0.00,0.00,-0.32,292634.00,-32.64,15.56,0.00,197347.00,44.56,75.28,0.00,2.03,10.06,13.20,31.74,53.36,11599206510.06,2.65,28.72,10.74,15.56,15.53,15.50,15.41,14.60,19.94,27.89,14.12,18.90,0.48,0.10,0.09,4613646849.45,1093809298.06,1026748719.88
[object Object],SB1NO,SPAREBANK 1 SOR-NORGE ASA,OSL,228.50,stock,common,10.00,5.00,false,0.00,NOK,1.11,212378.00,1.46,8903343025.14,USD,13.62,1.69,-4.25,5.31,Finance,norway,Finance,Buy,Buy,1.11,2.01,3.39,19.38,11.74,15.40,27.23,68.01,68.01,68.01,2.01,1.48,Buy,Buy,StrongBuy,Strong buy,Neutral,Neutral,63.62,3.00,5.92,141.08,74.63,65.00,0.00,0.00,0.00,0.00,0.00,-0.22,212378.00,40.74,228.50,0.00,145475.00,25.31,13.62,0.00,6.80,1.72,21.61,22.54,0.00,32970749025.14,10.83,0.00,0.00,225.95,221.35,216.21,204.43,202.52,24.02,25.89,22.35,23.74,1.69,0.40,0.45,1334605481.17,335240654.97,353366956.50
[object Object],MRL,"MERLIN Properties SOCIMI, S.A.",BME,12.50,stock,common,100.00,1.00,false,0.00,EUR,-0.40,1546112.00,1.37,8900215057.60,USD,8.80,1.62,20.37,2.71,Finance,spain,Finance,Buy,Buy,-0.40,-3.33,-12.40,-18.25,-11.66,0.81,-0.64,36.31,27.02,56.60,2.63,1.84,Sell,Sell,StrongSell,Strong sell,Sell,Sell,27.16,-0.74,-1.16,-115.73,16.66,12.92,0.00,0.00,0.00,0.00,0.00,-0.08,1546112.00,51.20,0.00,0.00,0.00,18.72,8.80,0.43,13.34,0.83,0.00,0.00,4.95,12837299456.44,19.30,27.30,26.91,12.83,13.61,14.16,14.59,14.01,20.01,23.54,14.49,20.58,0.63,0.15,0.16,717061579.76,172332856.79,169187159.46
[object Object],PNR,Pentair plc,NYSE,55.72,stock,common,100.00,1.00,false,0.00,USD,-1.31,2543334.00,0.99,8895026692.43,USD,14.02,3.97,8.54,1.88,Producer manufacturing,america,Producer Manufacturing,Buy,Buy,-1.31,-2.11,-13.18,-25.85,-36.53,-46.54,-49.87,-27.83,41.50,24464.87,2.94,2.68,StrongSell,Strong sell,StrongSell,Strong sell,Sell,Sell,25.20,-4.12,-6.06,-107.15,5.82,5.38,0.00,0.00,0.00,0.00,0.00,1.77,2543334.00,10.84,55.72,0.00,544009.00,-44.62,14.02,1.66,2.27,2.37,11.98,13.38,98.09,10567926692.43,2.63,12.07,10.61,57.46,62.02,64.01,69.62,83.83,76.31,94.00,60.00,78.00,4.65,1.12,1.08,3932100300.00,943239219.00,965954479.00
[object Object],ALSYDB,AL Sydbank A/S,OMXCOP,704.50,stock,common,10.00,5.00,false,0.00,DKK,1.73,253459.00,1.81,8892533727.21,USD,21.28,5.05,-25.16,3.61,Finance,denmark,Finance,StrongBuy,Strong buy,1.73,2.10,8.89,26.03,41.52,23.60,25.13,25.13,25.13,25.13,1.79,1.74,Buy,Buy,StrongBuy,Strong buy,Neutral,Neutral,76.02,22.00,32.54,105.09,77.08,74.45,marubozu_white_bullish,0.00,0.00,0.00,0.00,-0.36,253459.00,71.90,0.00,0.00,0.00,135.54,21.28,0.00,5.60,1.72,18.71,19.44,0.00,10412665527.21,5.46,0.00,0.00,693.05,665.67,645.81,597.52,0.00,116.39,120.59,112.86,115.95,7.63,1.77,2.03,1959930872.19,468439500.00,484004950.00
[object Object],ADDT_B,Addtech AB Class B,OMXSTO,330.00,stock,common,10.00,2.00,false,0.00,SEK,1.41,374762.00,1.05,8871295968.85,USD,40.07,0.85,13.61,1.11,Distribution services,sweden,Distribution Services,StrongBuy,Strong buy,1.41,0.98,-2.08,1.54,10.15,0.73,-0.96,85.39,909.56,9558.63,1.93,1.74,Sell,Sell,Sell,Sell,Neutral,Neutral,46.97,-1.60,-15.18,-25.25,39.43,26.20,0.00,0.00,0.00,0.00,0.00,0.49,374762.00,7.80,0.00,0.00,0.00,3.93,40.07,2.90,3.81,10.36,28.52,29.90,63.77,9478103968.85,4.01,30.18,25.40,326.96,335.71,338.84,334.62,326.67,40.09,43.53,35.50,40.19,1.09,0.24,0.22,2609067907.01,632241811.89,595396803.86
[object Object],QIA,QIAGEN NV,XETR,38.60,stock,common,1000.00,5.00,false,0.00,EUR,3.79,706814.00,1.96,8840607210.00,USD,22.39,1.97,12.91,0.82,Health technology,germany,Health Technology,Buy,Buy,3.79,7.00,4.58,19.37,9.64,-5.25,-3.84,-24.17,41.94,53.55,2.57,3.03,StrongBuy,Strong buy,StrongBuy,Strong buy,Buy,Buy,62.88,1.13,-0.04,163.57,61.21,46.23,rising_window_bullish,0.00,0.00,0.00,0.00,1.09,706814.00,107.45,38.73,0.32,232325.00,-11.76,22.39,2.29,4.22,2.71,14.00,20.47,11.55,9693863032.76,4.62,18.74,13.48,36.95,37.24,36.83,34.15,36.77,45.95,50.00,40.00,46.50,2.49,0.60,0.62,2189400405.38,527501910.00,535981062.00
[object Object],SECU_B,Securitas AB Class B,OMXSTO,153.60,stock,common,10.00,1.00,false,0.00,SEK,0.59,916178.00,1.11,8835935445.36,USD,15.75,1.00,0.13,3.21,Commercial services,sweden,Commercial Services,Buy,Buy,0.59,2.40,4.92,1.52,2.40,3.71,8.02,32.61,27.13,18.41,1.32,1.30,Buy,Buy,Buy,Buy,Buy,Buy,57.71,2.80,1.36,129.89,80.63,75.10,0.00,0.00,0.00,0.00,0.00,-0.39,916178.00,-1.27,0.00,0.00,0.00,5.74,15.75,125.01,0.58,2.14,8.37,0.00,13.46,12219334445.36,0.79,11.04,8.02,151.31,149.54,153.66,154.97,154.15,17.77,22.13,13.49,18.02,1.39,0.32,0.35,16363796460.46,3867703585.69,3863247074.23
[object Object],STB,Storebrand ASA,OSL,201.20,stock,common,10.00,2.00,false,0.00,NOK,0.50,607738.00,1.27,8742416704.21,USD,17.62,1.15,7.24,2.70,Finance,norway,Finance,Buy,Buy,0.50,-0.40,-2.61,13.67,17.66,16.37,28.64,153.08,469.00,292.61,1.29,1.22,Sell,Sell,Sell,Sell,Neutral,Neutral,48.00,-3.80,-2.87,-76.88,31.58,20.59,0.00,0.00,0.00,0.00,0.00,0.00,607738.00,27.51,201.20,0.00,353742.00,27.46,17.62,2.42,0.62,2.64,0.00,0.00,0.00,15613760704.21,1.13,0.00,0.00,201.67,203.42,201.46,190.02,180.67,21.72,26.54,15.38,23.29,1.17,0.29,0.33,4603200680.00,0.00,0.00
[object Object],PNDORA,Pandora A/S,OMXCOP,807.80,stock,common,10.00,2.00,false,0.00,DKK,1.15,190917.00,1.00,8736032654.39,USD,11.81,10.42,0.60,2.75,Consumer durables,denmark,Consumer Durables,Neutral,Neutral,1.15,0.80,-1.78,23.03,83.26,13.94,-6.50,-4.40,0.97,258.23,2.47,2.60,Neutral,Neutral,Neutral,Neutral,Neutral,Neutral,48.65,-31.40,-16.64,-53.45,23.80,16.90,0.00,0.00,0.00,0.00,0.00,0.00,190917.00,0.09,0.00,0.00,0.00,-2.05,11.81,19.61,1.74,13.24,7.01,8.52,62.80,11127847354.39,2.25,9.36,6.96,811.00,815.19,806.12,709.89,634.84,130.65,155.20,68.29,133.63,10.21,1.29,0.95,5241832395.51,1100235321.75,1013021187.91
[object Object],NIBE_B,NIBE Industrier AB Class B,OMXSTO,42.98,stock,common,100.00,1.00,false,0.00,SEK,0.73,5119354.00,0.86,8688581014.50,USD,32.71,0.13,-1.71,0.82,Producer manufacturing,sweden,Producer Manufacturing,Buy,Buy,0.73,-3.20,13.28,20.29,28.49,20.66,19.79,-65.62,137.21,2344.45,2.24,2.57,Buy,Buy,StrongBuy,Strong buy,Neutral,Neutral,56.12,-1.36,1.86,-18.49,34.59,45.62,0.00,0.00,0.00,0.00,0.00,0.23,5119354.00,-6.04,0.00,0.00,0.00,13.12,32.71,0.00,2.07,2.68,17.55,0.00,16.15,10504258014.50,2.46,25.11,16.14,43.76,41.76,40.02,39.12,38.01,4.84,5.74,3.03,4.91,0.18,0.04,0.05,4707653010.88,1088750416.37,1109702880.84
[object Object],SPIE,SPIE SA,EURONEXT,44.12,stock,common,100.00,2.00,false,0.00,EUR,-0.85,835340.00,2.30,8638766169.87,USD,24.85,2.03,48.04,2.43,Commercial services,france,Commercial Services,StrongBuy,Strong buy,-0.85,-1.21,-6.05,-12.72,-1.74,-9.70,-7.74,123.28,156.51,159.53,2.36,2.17,Sell,Sell,Sell,Sell,Sell,Sell,45.07,0.84,-1.31,-36.60,63.52,54.32,long_lower_shadow_bullish,0.00,0.00,0.00,0.00,-0.45,835340.00,127.69,44.12,0.00,600839.00,-2.00,24.85,0.52,0.72,3.58,8.06,8.72,18.11,12037227465.87,1.00,17.89,10.03,43.99,45.02,46.10,47.76,47.76,67.40,73.00,60.45,67.42,3.61,0.00,0.00,13202311912.00,5911616626.50,6963475623.00
[object Object],WYNN,"Wynn Resorts, Limited",NASDAQ,82.96,stock,common,100.00,1.00,false,0.00,USD,-1.50,1959449.00,1.08,8542713942.72,USD,19.87,4.18,23.17,1.19,Consumer services,america,Consumer Services,StrongBuy,Strong buy,-1.50,-7.26,-19.43,-19.79,-19.38,-30.91,-31.51,-1.43,-23.64,538.15,2.84,2.56,StrongSell,Strong sell,StrongSell,Strong sell,Sell,Sell,20.24,-8.56,-9.68,-144.31,1.11,2.96,0.00,85.26,1.23,0.92,5593.00,0.97,1959449.00,-19.62,83.52,0.68,242517.00,-28.49,19.87,0.87,1.17,0.00,5.85,10.78,4.07,18047237942.72,2.43,14.94,9.77,88.33,95.47,96.42,99.10,105.70,133.85,155.00,116.00,134.50,4.65,0.99,0.92,7490598842.00,1832286431.00,1824780141.00
[object Object],SCA_B,Svenska Cellulosa AB SCA Class B,OMXSTO,121.00,stock,common,100.00,5.00,false,0.00,SEK,0.92,3069975.00,1.64,8502838493.34,USD,38.28,0.32,-41.24,2.50,Process industries,sweden,Process Industries,Buy,Buy,0.92,3.68,12.82,20.46,10.45,-1.75,-3.16,-13.57,120.14,574.67,1.62,1.67,StrongBuy,Strong buy,StrongBuy,Strong buy,Buy,Buy,75.52,6.95,5.42,149.79,98.40,88.50,0.00,0.00,0.00,0.00,0.00,0.42,3069975.00,70.48,0.00,0.00,0.00,-9.21,38.28,0.00,4.26,0.84,23.49,48.45,524.59,10058036493.34,4.95,79.88,28.47,117.99,113.42,110.11,105.41,110.90,12.26,14.88,9.78,12.02,0.37,0.08,0.10,2186094591.16,523860368.40,510753012.72
[object Object],BGN,Banca Generali S.p.A.,MIL,66.00,stock,common,100.00,5.00,false,0.00,EUR,1.54,300735.00,1.77,8489667831.18,USD,14.35,5.25,33.89,4.38,Finance,italy,Finance,Buy,Buy,1.54,0.15,-1.05,1.15,27.41,14.78,31.21,72.32,260.66,650.00,1.88,2.16,Buy,Buy,StrongBuy,Strong buy,Neutral,Neutral,50.59,-0.50,-1.43,-49.83,50.81,39.98,0.00,0.00,0.00,0.00,0.00,0.00,300735.00,133.00,66.00,0.00,340.00,36.89,14.35,0.42,3.96,5.36,0.00,0.00,0.00,10191436320.96,4.47,0.00,0.00,65.73,66.37,65.94,62.78,58.90,83.47,88.71,75.37,84.07,4.61,0.00,0.00,1308972353.84,326857572.00,0.00
[object Object],A2A,A2A S.p.A.,MIL,2.38,stock,common,1000.00,1.00,false,0.00,EUR,1.28,6425686.00,0.79,8446397323.93,USD,10.97,0.25,-15.88,4.42,Utilities,italy,Utilities,Neutral,Neutral,1.28,2.10,4.66,6.15,1.62,3.16,11.36,34.20,95.09,120.15,1.79,1.69,StrongBuy,Strong buy,StrongBuy,Strong buy,Buy,Buy,59.22,0.12,0.03,138.05,74.52,65.95,0.00,0.00,0.00,0.00,0.00,0.30,6425686.00,-19.08,0.00,0.00,0.00,9.41,10.97,0.00,0.49,1.25,4.46,17.11,4.71,15785964133.93,0.91,11.94,6.41,2.34,2.31,2.31,2.30,2.35,3.34,3.66,3.03,3.32,0.24,0.00,0.00,16538599555.80,3827614090.00,0.00
[object Object],SAVE,Nordnet AB,OMXSTO,340.60,stock,common,10.00,2.00,false,0.00,SEK,1.01,395199.00,1.58,8444091629.01,USD,26.26,1.33,15.57,2.55,Finance,sweden,Finance,Buy,Buy,1.01,-0.41,-7.40,-2.74,15.30,26.05,25.22,111.22,212.48,212.48,1.70,1.96,Sell,Sell,StrongSell,Strong sell,Neutral,Neutral,37.15,-19.20,-15.77,-103.72,11.11,10.44,0.00,0.00,0.00,0.00,0.00,0.00,395199.00,48.19,0.00,0.00,0.00,33.51,26.26,1.67,11.87,11.82,0.00,0.00,36.57,8301075629.01,11.44,19.74,18.64,344.48,355.73,359.39,346.93,317.94,39.45,45.80,31.23,39.82,1.58,0.36,0.37,688249842.66,156942742.27,162968687.06
[object Object],ALO,Alstom SA,EURONEXT,15.70,stock,common,1000.00,5.00,false,0.00,EUR,-0.44,1571120.00,1.32,8359909694.64,USD,26.08,0.70,97.86,0.00,Producer manufacturing,france,Producer Manufacturing,Neutral,Neutral,-0.44,-1.32,-1.44,-3.12,-33.75,-37.35,-25.37,-48.37,-23.63,-27.60,2.00,2.55,Sell,Sell,StrongSell,Strong sell,Sell,Sell,44.61,-0.48,-0.45,-64.26,19.21,19.69,0.00,0.00,0.00,0.00,0.00,1.49,1571120.00,-12.08,15.70,0.00,968731.00,-18.74,26.08,0.27,0.38,0.73,8.20,22.55,3.14,10762491614.64,0.49,13.33,6.16,15.92,16.09,16.08,16.31,20.58,24.16,32.10,11.46,22.93,1.87,0.79,0.86,23416964697.56,11584916557.29,11135952870.82
[object Object],KBCA,KBC Ancora SCA,EURONEXT,95.20,stock,common,10.00,1.00,false,0.00,EUR,1.06,52124.00,1.13,8315633103.92,USD,0.00,0.00,0.00,3.21,Finance,belgium,Finance,StrongBuy,Strong buy,1.06,1.17,3.14,16.81,32.22,29.35,40.62,138.00,192.47,8.12,1.78,1.50,Buy,Buy,StrongBuy,Strong buy,Sell,Sell,61.71,0.20,1.33,103.95,66.67,54.42,0.00,0.00,0.00,0.00,0.00,0.11,52124.00,51.15,95.20,0.00,40463.00,43.83,0.00,0.00,18.28,2.06,0.00,0.00,0.00,8315633103.92,18.34,18.51,0.00,94.40,93.21,90.70,85.23,80.19,107.25,107.25,107.25,107.25,0.00,0.00,0.00,0.00,0.00,0.00
[object Object],ZAB,Zabka Group S.A.,GPW,31.52,stock,common,100.00,1.00,false,0.00,PLN,0.03,2587403.00,0.60,8278790163.30,USD,24.63,0.34,95.31,1.68,Retail trade,poland,Retail Trade,Neutral,Neutral,0.03,0.06,0.35,22.60,50.24,37.04,46.74,37.04,37.04,37.04,0.38,0.33,StrongBuy,Strong buy,StrongBuy,Strong buy,Buy,Buy,56.52,0.03,0.06,47.56,40.00,46.98,0.00,0.00,0.00,0.00,0.00,0.00,2587403.00,-49.41,0.00,0.00,0.00,44.74,24.63,0.26,1.09,14.44,8.15,13.48,19.47,10374011984.27,1.35,17.80,9.30,31.52,31.48,31.10,28.13,25.25,8.51,9.96,6.60,8.62,0.35,0.09,0.12,8668818437.37,2165832880.21,2255980828.14
[object Object],CPR,Davide Campari-Milano N.V.,MIL,5.93,stock,common,1000.00,2.00,false,0.00,EUR,-1.56,5756273.00,1.13,8274320048.70,USD,26.44,0.26,45.21,1.66,Consumer non-durables,italy,Consumer Non-Durables,Buy,Buy,-1.56,3.42,0.65,8.65,-1.27,7.00,4.55,-50.35,23.56,664.90,2.44,1.88,StrongBuy,Strong buy,StrongBuy,Strong buy,Buy,Buy,54.71,0.23,0.08,93.26,73.86,76.16,0.00,0.00,0.00,0.00,0.00,0.63,5756273.00,-15.09,0.00,0.00,0.00,-8.31,26.44,0.59,2.38,1.78,14.56,34.70,9.98,10540495838.70,3.04,15.42,12.41,5.85,5.87,5.81,5.69,5.90,8.26,12.46,6.12,8.19,0.37,0.19,0.15,3586961216.60,1706503903.29,1775665077.87
[object Object],NDA,Aurubis AG,XETR,168.60,stock,common,10.00,1.00,false,0.00,EUR,2.37,89653.00,0.70,8242417501.08,USD,7.39,26.06,61.71,0.97,Non-energy minerals,germany,Non-Energy Minerals,Neutral,Neutral,2.37,-6.85,-0.59,-13.36,7.80,35.64,73.81,150.89,245.31,1104.29,3.23,3.48,Sell,Sell,StrongSell,Strong sell,Buy,Buy,44.43,-5.40,-7.73,-113.07,21.05,16.07,0.00,0.00,0.00,0.00,0.00,0.24,89653.00,-31.21,168.00,-0.36,59074.00,80.51,7.39,0.12,0.32,1.25,25.47,0.00,138.89,9031051261.08,0.36,5.98,4.97,171.60,173.03,174.99,184.86,169.64,197.97,244.68,131.03,200.61,10.70,2.72,3.06,29261058489.09,7082457537.80,8599181490.36
[object Object],ACLN,Accelleron Industries AG,SIX,73.95,stock,common,100.00,5.00,false,0.00,CHF,2.35,190255.00,0.91,8199359527.28,USD,32.83,2.79,25.15,2.08,Producer manufacturing,switzerland,Producer Manufacturing,Buy,Buy,2.35,-4.09,-6.33,-12.74,-3.02,19.76,4.67,310.83,310.83,310.83,3.15,3.53,Sell,Sell,StrongSell,Strong sell,Sell,Sell,48.52,-1.85,-2.68,-42.08,25.71,16.40,0.00,0.00,0.00,0.00,0.00,0.55,190255.00,20.57,73.95,0.00,79409.00,7.22,32.83,1.28,6.16,20.09,31.58,41.47,34.13,8541174576.57,6.25,25.32,22.76,74.39,74.91,74.96,78.20,74.62,103.13,116.94,92.94,100.24,3.23,1.36,1.74,1563094025.25,685643500.00,788470000.00
[object Object],PSPN,PSP Swiss Property AG,SIX,148.20,stock,common,10.00,1.00,false,0.00,CHF,0.61,55327.00,1.01,8178549871.41,USD,15.08,12.15,9.13,2.68,Finance,switzerland,Finance,Neutral,Neutral,0.61,1.51,4.29,2.56,-7.38,3.85,10.93,26.67,59.78,290.00,1.20,1.33,StrongBuy,Strong buy,StrongBuy,Strong buy,Buy,Buy,60.47,2.50,2.09,158.26,57.89,49.71,0.00,0.00,0.00,0.00,0.00,0.41,55327.00,-5.08,148.20,0.00,33724.00,10.05,15.08,1.64,13.23,1.19,17.53,17.53,172.59,12229718116.41,19.36,28.48,28.40,146.96,145.35,145.28,145.91,149.47,194.07,226.51,159.17,197.74,6.87,6.00,2.51,442734840.34,113429960.03,104059677.42
[object Object],MOS,Mosaic Company,NYSE,25.39,stock,common,100.00,1.00,false,0.00,USD,2.42,4707543.00,0.55,8071371115.28,USD,0.00,-2.02,-168.44,3.55,Process industries,america,Process Industries,Buy,Buy,2.42,-2.23,19.59,12.15,-1.70,5.35,-25.43,-24.23,-1.40,120.78,3.84,4.25,Buy,Buy,StrongBuy,Strong buy,Neutral,Neutral,57.36,-0.39,1.30,44.05,51.99,51.15,0.00,25.11,1.29,0.85,6168.00,1.13,4707543.00,-38.43,25.34,-0.20,733994.00,-25.35,0.00,0.00,0.64,0.70,18.18,0.00,27.18,14024471115.28,1.15,16.86,6.73,25.54,24.04,23.38,22.83,24.57,26.29,34.00,17.00,26.00,0.48,0.12,0.05,12011691567.00,3099458175.00,3083379455.00
[object Object],HSX,Hiscox Ltd,LSE,1937.00,stock,common,1.00,1.00,false,0.00,GBX,2.27,2431604.00,1.69,8016966436.72,USD,13.72,1.87,7.11,2.07,Finance,uk,Finance,Buy,Buy,2.27,4.53,6.72,10.06,27.18,36.22,48.32,124.92,81.20,1415.50,1.51,1.42,StrongBuy,Strong buy,StrongBuy,Strong buy,Buy,Buy,69.97,54.00,57.68,184.93,91.17,85.66,"rising_window_bullish,hanging_man_bearish,long_lower_shadow_bullish",0.00,0.00,0.00,0.00,2.43,2431604.00,11.82,1937.00,0.00,492443.00,37.74,13.72,1.89,1.50,2.08,11.75,11.81,0.00,8852733383.42,1.60,0.00,0.00,1878.00,1838.03,1836.54,1793.26,1633.15,26.35,29.12,15.51,27.25,1.78,0.71,0.91,5348649603.66,2731324500.00,2517781000.00
[object Object],SALM,SalMar ASA,OSL,562.50,stock,common,10.00,5.00,false,0.00,NOK,0.72,187633.00,1.32,8013733753.56,USD,34.62,1.64,89.94,1.79,Process industries,norway,Process Industries,Buy,Buy,0.72,-1.83,9.65,3.97,-0.44,-8.61,1.08,-3.35,139.57,1255.42,1.76,2.33,Buy,Buy,StrongBuy,Strong buy,Neutral,Neutral,55.02,8.50,25.55,20.77,38.29,51.09,0.00,0.00,0.00,0.00,0.00,0.81,187633.00,10.71,562.50,0.00,134621.00,13.29,34.62,0.38,2.51,4.35,11.55,15.09,81.03,10463287753.56,3.44,21.66,15.10,563.30,547.30,528.52,532.05,553.90,65.85,72.64,55.96,67.26,2.72,0.58,0.71,3121940387.61,779111174.86,939204869.27
[object Object],MRO,Melrose Industries PLC,LSE,485.90,stock,common,10.00,1.00,false,0.00,GBX,1.38,2782433.00,0.79,7988877204.56,USD,38.11,0.17,-47.98,1.56,Electronic technology,uk,Electronic Technology,Buy,Buy,1.38,1.33,-1.84,0.83,-1.46,-17.92,-17.95,29.07,38.68,1643.94,2.28,2.85,Neutral,Neutral,Buy,Buy,Neutral,Neutral,50.49,-11.40,-11.75,-16.90,26.73,19.39,0.00,0.00,0.00,0.00,0.00,0.50,2782433.00,12.10,485.90,0.00,1107496.00,-16.55,38.11,0.00,1.60,2.14,21.05,30.12,30.42,10467450004.56,2.11,18.75,9.74,483.11,488.23,481.59,480.40,529.05,8.84,11.18,6.10,9.01,0.47,0.23,0.21,5149616088.51,2409212639.52,2605537792.00
[object Object],LTMC,Lottomatica Group S.P.A.,MIL,27.58,stock,common,100.00,1.00,false,0.00,EUR,-0.04,713829.00,0.39,7957959780.94,USD,30.75,1.02,61.55,1.59,Consumer services,italy,Consumer Services,StrongBuy,Strong buy,-0.04,5.51,14.06,5.27,9.53,23.90,24.01,224.47,224.47,224.47,2.54,3.80,Buy,Buy,StrongBuy,Strong buy,Sell,Sell,65.12,3.38,2.29,126.99,91.38,90.53,0.00,0.00,0.00,0.00,0.00,0.58,713829.00,-26.73,27.58,0.00,5729.00,7.60,30.75,0.50,2.98,28.64,12.84,14.14,18.30,10364654517.70,3.97,18.99,12.07,26.67,25.19,24.97,25.38,24.14,37.23,43.00,34.87,36.55,2.20,0.39,0.40,2835091533.14,659714765.49,649884654.12
[object Object],EDEN,Edenred SA,EURONEXT,29.12,stock,common,100.00,1.00,false,0.00,EUR,-0.27,353921.00,0.69,7909108673.08,USD,14.15,2.35,-0.23,4.55,Commercial services,france,Commercial Services,Buy,Buy,-0.27,0.97,3.78,23.13,61.33,53.71,43.73,-36.97,45.60,124.00,2.33,2.29,Buy,Buy,StrongBuy,Strong buy,Neutral,Neutral,52.69,-0.88,-0.43,-40.07,37.38,28.73,tweezer_top_bearish,0.00,0.00,0.00,0.00,0.17,353921.00,-18.13,29.12,0.00,262455.00,24.46,14.15,0.00,2.55,0.00,6.33,6.37,1.42,7999664003.08,2.54,8.59,6.42,28.92,29.12,28.28,25.21,21.83,33.56,40.63,19.73,35.99,2.50,1.26,1.41,3492420145.23,1669198504.26,1743884856.75
[object Object],NEM,Nemetschek SE,XETR,61.35,stock,common,100.00,5.00,false,0.00,EUR,2.94,280668.00,1.41,7890693224.26,USD,28.76,2.44,30.85,1.14,Technology services,germany,Technology Services,Buy,Buy,2.94,1.57,0.74,12.16,-13.53,-33.64,-42.61,-30.60,245.76,16669.95,2.93,3.88,Neutral,Neutral,Sell,Sell,Neutral,Neutral,48.07,-5.90,-2.77,-55.12,21.68,18.34,0.00,60.35,1.26,1.01,800.00,1.43,280668.00,62.91,61.20,-0.24,179806.00,-39.59,28.76,0.91,5.47,6.95,19.52,20.36,18.07,8115167278.36,5.64,21.97,17.81,60.64,63.06,60.87,60.27,67.54,98.95,132.70,60.00,98.08,2.63,0.60,0.58,1645396498.89,372692427.87,421788575.95
[object Object],BGEO,Lion Finance Group PLC,LSE,13820.00,stock,common,1.00,10.00,false,0.00,GBX,0.88,64771.00,1.05,7888688595.67,USD,9.22,19.87,14.96,1.78,Finance,uk,Finance,StrongBuy,Strong buy,0.88,3.13,4.94,19.24,48.76,48.60,78.09,797.40,645.35,2365.36,2.42,2.10,Buy,Buy,StrongBuy,Strong buy,Sell,Sell,64.87,280.00,511.30,149.00,86.76,76.17,0.00,0.00,0.00,0.00,0.00,-0.15,64771.00,-14.53,13820.00,0.00,28634.00,88.05,9.22,0.61,4.10,2.19,0.00,0.00,0.00,10354610744.84,3.63,0.00,0.00,13584.00,13237.67,12570.40,11800.90,10871.33,193.47,197.01,187.33,195.30,22.31,4.90,5.31,1909679292.14,453935957.20,478197439.88
[object Object],BKW,BKW AG,SIX,125.70,stock,common,10.00,1.00,false,0.00,CHF,1.78,53447.00,1.06,7887586858.68,USD,17.84,8.72,-19.07,3.08,Utilities,switzerland,Utilities,Neutral,Neutral,1.78,-0.24,-5.20,-8.38,-18.06,-26.62,-22.93,20.87,173.26,319.00,1.49,1.75,Sell,Sell,Sell,Sell,Neutral,Neutral,46.32,0.40,-3.69,-14.33,34.41,33.33,marubozu_white_bullish,0.00,0.00,0.00,0.00,0.00,53447.00,-13.57,125.70,0.00,35720.00,-22.80,17.84,0.00,1.54,1.20,10.37,23.83,9.48,9880190908.68,1.89,17.11,10.40,125.19,126.90,130.16,137.02,147.39,174.85,194.14,164.84,170.94,11.07,0.00,6.05,5603997437.50,2642239416.25,2770834500.00
[object Object],INVP,Investec plc,LSE,661.00,stock,common,10.00,5.00,false,0.00,GBX,0.15,1888827.00,0.89,7857860632.86,USD,8.52,1.03,5.64,5.83,Finance,uk,Finance,StrongBuy,Strong buy,0.15,-0.83,-0.15,6.61,11.37,19.31,12.51,128.64,103.52,457.55,2.11,2.17,Buy,Buy,StrongBuy,Strong buy,Neutral,Neutral,52.43,0.00,-2.99,56.22,43.23,42.81,0.00,0.00,0.00,0.00,0.00,0.91,1888827.00,57.91,661.00,0.00,877730.00,27.75,8.52,1.51,2.45,1.04,11.10,0.00,0.00,12848641522.46,2.03,0.00,0.00,662.60,660.20,649.32,636.02,614.16,10.48,10.95,10.01,10.48,1.15,0.00,0.00,3129455940.30,0.00,0.00
[object Object],KCR,Konecranes Oyj,OMXHEX,29.42,stock,common,100.00,2.00,false,0.00,EUR,2.01,269691.00,1.07,7856097381.16,USD,18.32,1.83,-0.13,1.73,Producer manufacturing,finland,Producer Manufacturing,StrongBuy,Strong buy,2.01,-0.07,5.60,6.67,-0.21,-6.01,19.27,121.87,208.60,829.05,2.33,2.43,StrongBuy,Strong buy,StrongBuy,Strong buy,Neutral,Neutral,54.83,0.18,0.06,-2.67,37.35,22.52,0.00,0.00,0.00,0.00,0.00,0.42,269691.00,16.32,0.00,0.00,0.00,23.16,18.32,0.00,1.69,3.45,17.06,19.70,18.46,7883034726.16,1.69,13.12,10.40,29.19,28.81,28.14,27.65,29.36,40.49,44.32,36.15,40.82,2.05,0.51,0.56,5029171785.37,1252369454.59,1248841842.33
[object Object],PIRC,Pirelli & C. S.p.A.,MIL,6.39,stock,common,1000.00,5.00,false,0.00,EUR,1.27,1404186.00,0.99,7853128846.77,USD,12.76,0.57,0.46,5.38,Consumer durables,italy,Consumer Durables,Buy,Buy,1.27,0.71,-3.76,0.31,15.56,8.80,5.88,25.20,-1.46,-1.46,1.59,1.99,Sell,Sell,StrongSell,Strong sell,Sell,Sell,44.16,-0.17,-0.22,-74.47,27.74,18.36,0.00,0.00,0.00,0.00,0.00,0.00,1404186.00,25.77,0.00,0.00,0.00,21.70,12.76,27.33,0.00,1.08,0.00,0.00,0.00,7853128846.77,1.02,0.00,0.00,6.40,6.53,6.58,6.44,6.26,8.29,8.83,7.55,8.31,0.61,0.17,0.15,8039250151.45,1985354101.52,1857123666.46
[object Object],GAW,Games Workshop Group PLC,LSE,17760.00,stock,common,1.00,10.00,false,0.00,GBX,0.23,51173.00,0.41,7832503821.89,USD,28.53,8.37,4.88,2.74,Consumer durables,uk,Consumer Durables,StrongBuy,Strong buy,0.23,1.08,-7.40,-14.12,2.13,-6.48,20.49,53.37,3282.86,9247.37,2.81,2.28,Sell,Sell,StrongSell,Strong sell,Neutral,Neutral,37.45,-500.00,-885.49,-67.54,38.86,34.00,0.00,0.00,0.00,0.00,0.00,0.06,51173.00,-30.40,17760.00,0.00,30135.00,21.61,28.53,5.83,8.90,17.50,21.79,24.71,32.19,7662762381.89,8.64,20.57,17.62,17819.00,18404.33,19000.20,19514.05,18864.20,296.95,297.96,295.94,296.95,8.57,3.34,0.00,939747663.00,421935480.00,0.00
[object Object],VZN,VZ Holding AG,SIX,164.20,stock,common,10.00,2.00,false,0.00,CHF,-0.12,37551.00,1.83,7819177438.82,USD,25.42,7.99,12.42,1.79,Finance,switzerland,Finance,Buy,Buy,-0.12,-1.68,-2.03,10.35,7.74,10.20,-4.76,80.44,199.91,812.22,2.01,1.97,Sell,Sell,Sell,Sell,Neutral,Neutral,38.56,-15.80,-4.91,-106.93,17.85,13.81,0.00,0.00,0.00,0.00,0.00,0.36,37551.00,198.24,164.20,0.00,33208.00,2.06,25.42,2.05,9.79,5.36,22.05,23.59,3.09,6415204434.32,7.81,17.43,15.98,168.30,171.35,166.89,158.23,154.72,230.51,246.54,221.89,223.12,8.82,3.97,4.19,824383190.56,389067950.00,399343950.00
[object Object],AOS,A. O. Smith Corporation,NYSE,56.93,stock,common,100.00,1.00,false,0.00,USD,0.07,1058007.00,0.81,7737274789.73,USD,15.87,3.59,0.04,2.53,Producer manufacturing,america,Producer Manufacturing,Neutral,Neutral,0.07,-0.12,-7.63,-3.46,-11.64,-15.11,-23.05,-14.26,22.81,5155.03,2.13,2.29,Sell,Sell,StrongSell,Strong sell,Neutral,Neutral,36.68,-2.33,-3.55,-87.07,7.75,9.74,0.00,0.00,0.00,0.00,0.00,1.60,1058007.00,-21.80,56.93,0.00,252149.00,-19.40,15.87,379.11,2.06,4.22,11.34,12.27,43.29,8232674789.73,2.16,11.96,10.55,58.02,60.62,60.62,59.88,64.91,69.70,84.00,59.00,69.00,3.73,0.96,0.90,3890674231.00,994893205.00,961583280.00
[object Object],RAA,Rational Aktiengesellschaft,XETR,573.00,stock,common,10.00,5.00,false,0.00,EUR,-1.38,10942.00,0.93,7572225156.25,USD,0.00,0.00,0.00,2.75,Producer manufacturing,germany,Producer Manufacturing,Buy,Buy,-1.38,-2.63,-7.88,-15.11,-14.48,-13.12,-12.52,-36.36,32.29,1564.73,1.77,1.68,Sell,Sell,StrongSell,Strong sell,Sell,Sell,26.30,-39.50,-45.58,-116.76,7.80,7.82,0.00,588.00,1.20,1.20,1.00,0.00,10942.00,-19.53,573.00,0.00,8994.00,1.06,0.00,0.00,0.00,0.00,0.00,0.00,0.00,7572225156.25,5.12,19.04,0.00,590.00,616.67,631.34,641.64,657.96,922.73,1235.59,675.53,935.36,28.04,6.92,6.55,1582509766.33,371733726.75,383201253.36
[object Object],FHZN,Flughafen Zurich AG,SIX,201.80,stock,common,10.00,2.00,false,0.00,CHF,0.00,49808.00,0.83,7498830908.87,USD,17.76,14.06,3.79,4.21,Transportation,switzerland,Transportation,Buy,Buy,0.00,-1.27,-10.15,-19.47,-17.97,-19.98,-16.20,29.36,5.71,165.53,1.59,1.91,StrongSell,Strong sell,StrongSell,Strong sell,Sell,Sell,30.23,-5.00,-18.97,-68.31,15.18,9.68,0.00,0.00,0.00,0.00,0.00,0.40,49808.00,18.05,201.80,0.00,29033.00,-14.49,17.76,4.69,4.44,2.04,8.86,38.53,23.19,9345811808.87,5.42,15.41,9.58,203.41,217.16,224.87,229.66,238.70,302.70,346.17,262.99,299.68,13.20,7.03,5.91,1770453734.98,832039810.88,865955990.25
[object Object],NKT,NKT A/S,OMXCOP,931.50,stock,common,10.00,5.00,false,0.00,DKK,2.59,101270.00,0.79,7458126028.70,USD,24.94,5.69,26.44,0.00,Producer manufacturing,denmark,Producer Manufacturing,Neutral,Neutral,2.59,0.05,-2.10,-7.59,18.59,16.66,48.56,259.76,530.61,1179.29,2.90,2.52,Buy,Buy,StrongBuy,Strong buy,Neutral,Neutral,52.15,-7.00,-26.09,1.32,43.26,26.61,0.00,0.00,0.00,0.00,0.00,0.39,101270.00,-31.52,0.00,0.00,0.00,51.47,24.94,0.92,1.81,3.16,12.13,0.00,7.84,6955244965.77,1.70,22.89,15.09,920.10,930.52,919.65,957.65,888.24,156.10,198.14,119.61,161.76,4.86,1.14,1.11,4409330052.62,1061745201.53,1135066357.02
[object Object],BZU,Buzzi Spa,MIL,38.13,stock,common,100.00,1.00,false,0.00,EUR,-0.91,409978.00,1.07,7455095848.84,USD,8.01,5.44,-4.63,1.82,Non-energy minerals,italy,Non-Energy Minerals,Buy,Buy,-0.91,-3.69,-5.38,-19.08,-10.91,-27.02,-20.92,90.65,111.01,187.10,2.54,2.52,Sell,Sell,StrongSell,Strong sell,Sell,Sell,38.18,-1.96,-2.10,-112.46,19.51,16.09,0.00,0.00,0.00,0.00,0.00,0.34,409978.00,6.59,0.00,0.00,0.00,-16.42,8.01,0.00,1.53,0.92,6.82,12.63,5.66,6695618612.56,1.30,7.26,5.11,39.16,40.10,40.99,43.24,45.78,59.05,65.08,48.81,60.43,5.38,2.25,3.26,5391692544.27,2502678686.63,2729868750.92
[object Object],RAND,Randstad NV,EURONEXT,36.40,stock,common,100.00,1.00,false,0.00,EUR,-1.09,903968.00,1.96,7422992499.93,USD,20.48,2.03,325.22,4.40,Commercial services,netherlands,Commercial Services,Neutral,Neutral,-1.09,-4.21,-6.76,33.58,52.05,12.59,1.82,-38.28,-8.63,142.99,2.71,2.49,Sell,Sell,Sell,Sell,Neutral,Neutral,40.25,-2.28,-1.25,-133.50,6.62,15.05,0.00,0.00,0.00,0.00,0.00,0.11,903968.00,12.89,36.40,0.00,597508.00,1.70,20.48,0.06,0.28,1.64,10.39,10.91,24.82,9535032842.19,0.36,13.21,8.79,37.60,38.77,37.18,31.77,29.77,42.62,68.78,27.51,42.64,3.04,0.70,0.80,27532264465.71,6623439072.94,6856688127.45
[object Object],CCC,Computacenter Plc,LSE,5380.00,stock,common,1.00,5.00,false,0.00,GBX,1.80,303824.00,0.89,7414062273.45,USD,27.77,2.57,32.14,1.41,Technology services,uk,Technology Services,Buy,Buy,1.80,4.26,7.69,28.52,81.88,83.87,129.13,88.90,650.35,584.48,2.76,3.48,StrongBuy,Strong buy,StrongBuy,Strong buy,Neutral,Neutral,58.47,10.00,128.74,26.05,28.46,24.10,0.00,0.00,0.00,0.00,0.00,0.38,303824.00,103.71,5380.00,0.00,127465.00,141.66,27.77,0.85,0.46,5.77,14.97,16.50,17.01,7236161473.45,0.45,16.45,12.88,5301.50,5179.17,4980.30,4570.89,3833.25,80.19,93.63,49.09,85.00,3.48,1.38,2.10,18656390902.71,8600928936.51,9556157757.91
[object Object],BARN,Barry Callebaut AG,SIX,1122.00,stock,common,1.00,1.00,false,0.00,CHF,1.26,9614.00,0.95,7351283016.66,USD,25.37,57.50,68.81,2.62,Consumer non-durables,switzerland,Consumer Non-Durables,Neutral,Neutral,1.26,0.90,0.18,0.18,-13.89,-14.22,-1.58,-49.46,-11.93,377.45,2.72,2.44,Buy,Buy,Buy,Buy,Buy,Buy,52.19,38.00,-5.93,28.26,53.79,46.93,0.00,0.00,0.00,0.00,0.00,-0.09,9614.00,-12.14,1122.00,0.00,6919.00,9.51,25.37,0.36,0.43,2.45,2.13,2.36,3.80,11718825120.66,0.63,13.68,9.86,1102.50,1116.57,1117.42,1141.30,1227.26,1415.03,1847.55,1182.43,1447.25,47.11,32.71,26.06,15556267541.48,9154067867.10,6442624774.40
[object Object],TAP,Molson Coors Beverage Company Class B,NYSE,39.08,stock,common,100.00,1.00,false,0.00,USD,-0.08,3284582.00,1.04,7338857210.57,USD,0.00,-11.54,-327.30,4.88,Consumer non-durables,america,Consumer Non-Durables,Neutral,Neutral,-0.08,1.16,-5.10,0.05,-7.31,-16.87,-17.81,-15.41,-62.02,156.26,2.15,2.50,StrongSell,Strong sell,StrongSell,Strong sell,Sell,Sell,39.88,-1.46,-2.05,-65.56,31.57,29.18,0.00,0.00,0.00,0.00,0.00,0.43,3284582.00,-1.93,39.08,0.00,702534.00,-24.95,0.00,0.00,0.66,0.68,3.71,5.53,3.45,13413657210.57,1.21,10.07,6.48,39.23,40.97,40.97,40.86,43.79,44.42,61.00,34.00,44.00,4.71,1.51,1.47,11065481663.00,3083123197.00,2954414486.00
[object Object],DCC,DCC Energy Plc,LSE,6390.00,stock,common,1.00,5.00,false,0.00,GBX,0.95,208644.00,0.30,7232868113.64,USD,452.55,0.19,-93.23,3.42,Utilities,uk,Utilities,Neutral,Neutral,0.95,1.11,0.55,3.73,39.82,38.25,35.38,1.46,-7.26,1900.29,0.35,0.36,StrongBuy,Strong buy,StrongBuy,Strong buy,Neutral,Neutral,62.60,55.00,-14.48,84.36,48.89,32.59,0.00,0.00,0.00,0.00,0.00,0.24,208644.00,-4.08,6390.00,0.00,67126.00,19.56,452.55,0.00,0.40,2.41,9.15,13.17,5.77,8961437892.85,0.44,12.72,7.74,6338.00,6356.17,6339.90,6178.50,5509.54,88.53,90.67,85.93,88.30,6.62,0.00,0.00,21316148333.77,0.00,0.00
[object Object],STJ,St. James's Place Plc,LSE,1113.00,stock,common,10.00,5.00,false,0.00,GBX,2.58,2207292.00,0.57,7205850981.26,USD,10.45,1.41,12.90,1.66,Finance,uk,Finance,Buy,Buy,2.58,-0.40,-5.60,-2.54,-11.00,-19.64,-10.82,-29.91,17.72,1291.25,2.73,2.44,Sell,Sell,StrongSell,Strong sell,Neutral,Neutral,42.88,-47.50,-33.29,-116.63,16.32,15.20,0.00,0.00,0.00,0.00,0.00,0.92,2207292.00,-9.43,1113.00,0.00,785371.00,-9.23,10.45,0.79,0.13,3.61,10.37,10.39,0.00,7895250021.26,0.13,0.00,0.00,1122.40,1154.10,1135.02,1164.74,1255.50,22.11,27.42,16.85,21.40,1.13,0.45,0.62,3743817470.33,0.00,0.00
[object Object],AVOL,Avolta AG,SIX,42.64,stock,common,100.00,2.00,false,0.00,CHF,0.05,254104.00,0.91,7178115004.52,USD,29.83,1.77,77.50,2.70,Retail trade,switzerland,Retail Trade,Buy,Buy,0.05,-1.20,-11.31,-18.00,-5.37,-9.55,-6.24,-1.80,-60.80,-41.72,2.97,2.37,Sell,Sell,StrongSell,Strong sell,Buy,Buy,29.17,-1.96,-3.56,-85.73,12.28,11.85,0.00,0.00,0.00,0.00,0.00,2.25,254104.00,-26.45,42.64,0.00,182348.00,-0.02,29.83,0.38,0.42,3.62,2.06,2.42,5.87,21270756004.52,1.24,18.33,6.07,43.21,46.04,47.15,47.96,48.01,62.69,67.79,54.47,62.95,4.55,1.77,2.22,17550278480.82,7990131377.45,9050985972.00
[object Object],ICG,ICG plc,LSE,1908.00,stock,common,1.00,1.00,false,0.00,GBX,1.92,2061083.00,2.08,7126165482.37,USD,11.64,2.17,6.59,4.65,Finance,uk,Finance,Buy,Buy,1.92,-1.40,-4.79,10.87,24.30,-6.10,-15.12,-10.72,216.42,1768.83,2.47,2.38,Neutral,Neutral,Sell,Sell,Neutral,Neutral,45.51,-31.00,-99.67,-82.16,28.38,17.10,0.00,0.00,0.00,0.00,0.00,-0.53,2061083.00,-18.43,1908.00,0.00,273668.00,-7.91,11.64,1.73,5.24,2.00,0.00,0.00,3.82,13944849002.37,10.11,16.80,16.35,1909.10,1977.80,1939.14,1870.61,1838.09,33.49,40.55,24.25,34.52,2.26,0.79,1.17,1333995332.25,580730892.57,622279007.68
[object Object],MIL,Bank Millennium SA,GPW,22.48,stock,common,100.00,1.00,false,0.00,PLN,0.63,660381.00,0.79,7121336929.43,USD,19.49,0.31,60.29,0.00,Finance,poland,Finance,Sell,Sell,0.63,3.83,5.54,7.30,41.03,35.02,53.34,245.05,306.51,843.30,2.75,3.18,StrongBuy,Strong buy,StrongBuy,Strong buy,Buy,Buy,65.54,1.56,1.03,126.46,75.79,74.02,0.00,0.00,0.00,0.00,0.00,-1.48,660381.00,-28.98,0.00,0.00,0.00,46.06,19.49,0.32,3.63,2.79,20.60,24.37,0.00,9091830502.76,3.21,0.00,0.00,21.90,21.27,20.86,20.06,18.48,4.92,5.62,3.79,4.96,0.35,0.00,0.00,1884050935.28,440879302.50,0.00
[object Object],ATS,AT & S Austria Technologie & Systemtechnik Aktiengesellschaft,VIE,167.20,stock,common,10.00,2.00,false,0.00,EUR,5.69,75935.00,0.84,7045055246.24,USD,121.57,1.57,6.20,0.00,Electronic technology,austria,Electronic Technology,Buy,Buy,5.69,-0.48,1.95,-26.18,234.40,422.50,719.61,369.00,1433.94,1258.94,5.44,5.99,StrongBuy,Strong buy,StrongBuy,Strong buy,Buy,Buy,55.59,18.40,5.75,64.98,45.15,42.46,0.00,0.00,0.00,0.00,0.00,-0.38,75935.00,21.23,167.20,0.00,38848.00,670.35,121.57,18.55,3.17,8.37,25.76,71.69,5.49,9032744739.74,4.08,59.36,16.13,164.42,155.10,155.86,154.73,101.91,320.64,692.86,115.48,268.48,9.89,0.98,2.13,3148669489.45,627105146.00,764905971.00
[object Object],AED,Aedifica SA,EURONEXT,66.05,stock,common,100.00,5.00,false,0.00,EUR,0.00,74170.00,0.78,7013255266.86,USD,5.81,12.98,207.26,4.24,Finance,belgium,Finance,Buy,Buy,0.00,-0.15,-1.27,-2.80,-8.33,-2.58,5.01,-40.17,0.79,862847.48,1.28,1.50,StrongSell,Strong sell,StrongSell,Strong sell,Sell,Sell,37.18,-1.55,-1.83,-90.19,27.87,19.73,0.00,0.00,0.00,0.00,0.00,0.53,74170.00,-36.78,66.05,0.00,57783.00,110.25,5.81,0.03,11.28,0.86,0.00,0.00,99.14,13894342733.61,24.89,29.54,0.00,66.32,67.49,68.50,69.26,70.68,94.60,109.00,81.17,95.09,6.26,0.00,0.00,797030891.97,0.00,0.00
[object Object],ELISA,Elisa Oyj Class A,OMXHEX,38.50,stock,common,100.00,2.00,false,0.00,EUR,1.00,432916.00,1.02,6999514084.72,USD,18.08,2.43,-5.96,6.22,Communications,finland,Communications,Neutral,Neutral,1.00,3.77,8.39,-0.16,-10.71,1.96,-17.06,-28.49,22.42,182.05,1.90,1.71,Buy,Buy,StrongBuy,Strong buy,Buy,Buy,71.41,2.76,1.56,203.16,98.03,89.76,0.00,0.00,0.00,0.00,0.00,0.94,432916.00,28.00,0.00,0.00,0.00,-21.45,18.08,0.00,2.72,4.63,9.47,16.30,53.93,8706080860.72,3.39,16.42,9.92,36.91,36.05,35.70,37.53,38.89,45.34,57.98,38.73,45.22,2.86,0.68,0.73,2653445093.42,636284374.45,642827647.45
[object Object],ISS,ISS A/S,OMXCOP,295.80,stock,common,10.00,2.00,false,0.00,DKK,2.85,394363.00,1.55,6993191676.00,USD,17.34,2.60,11.56,1.11,Commercial services,denmark,Commercial Services,Buy,Buy,2.85,7.88,0.54,11.96,33.60,35.81,47.90,116.70,8.00,69.03,2.98,1.97,StrongBuy,Strong buy,StrongBuy,Strong buy,Buy,Buy,61.58,15.40,-2.00,100.23,70.68,46.56,marubozu_white_bullish,0.00,0.00,0.00,0.00,0.14,394363.00,33.67,0.00,0.00,0.00,42.98,17.34,1.46,0.52,5.10,9.12,10.49,17.77,9469560076.00,0.71,14.12,10.21,281.22,285.87,286.33,274.59,251.84,50.56,56.57,39.45,51.22,3.03,1.09,1.74,14300147691.36,6711168772.20,7166381946.35
[object Object],SQN,Swissquote Group Holding Ltd.,SIX,38.42,stock,common,100.00,2.00,false,0.00,CHF,2.02,371796.00,1.17,6964291680.48,USD,16.03,2.96,17.63,1.96,Finance,switzerland,Finance,Buy,Buy,2.02,-5.46,2.62,-1.64,-1.03,-22.38,-27.17,111.80,1289.51,1325.60,3.14,2.86,Sell,Sell,StrongSell,Strong sell,Buy,Buy,39.26,-3.86,-1.53,-162.52,14.41,14.40,0.00,0.00,0.00,0.00,0.00,-0.37,371796.00,-35.96,38.42,0.00,211222.00,-16.38,16.03,0.89,7.08,4.14,9.85,11.99,1.01,394533488.37,0.40,0.89,0.76,40.09,40.48,40.98,40.13,41.77,57.82,73.61,44.91,56.77,2.68,1.49,1.33,934337246.33,473862495.30,444002321.25
[object Object],SBMO,SBM Offshore NV,EURONEXT,36.78,stock,common,100.00,2.00,false,0.00,EUR,1.43,437157.00,1.08,6955462674.15,USD,8.05,5.22,147.29,2.78,Industrial services,netherlands,Industrial Services,Buy,Buy,1.43,2.28,2.17,14.44,7.23,49.39,69.96,146.10,206.63,207.66,2.28,2.21,StrongBuy,Strong buy,StrongBuy,Strong buy,Neutral,Neutral,61.05,1.30,1.06,118.01,83.01,69.51,0.00,0.00,0.00,0.00,0.00,-0.17,437157.00,-4.89,36.78,0.00,272829.00,49.89,8.05,0.05,1.23,1.56,2.56,2.58,5.73,15059460233.90,2.63,8.60,8.27,36.00,35.14,34.01,33.78,32.13,48.91,56.56,42.85,48.75,5.96,3.53,0.00,7688099374.23,4568000000.00,2319000000.00
[object Object],BEIJ_B,Beijer Ref AB Class B,OMXSTO,139.00,stock,common,10.00,1.00,false,0.00,SEK,2.51,885858.00,1.13,6947104993.05,USD,29.81,0.48,-0.47,1.07,Distribution services,sweden,Distribution Services,Buy,Buy,2.51,0.00,7.75,6.68,6.96,-6.77,-10.35,-20.81,531.05,5476.44,2.93,2.36,StrongBuy,Strong buy,StrongBuy,Strong buy,Buy,Buy,56.49,0.90,0.05,67.85,44.63,34.56,0.00,0.00,0.00,0.00,0.00,0.07,885858.00,14.99,0.00,0.00,0.00,-14.39,29.81,0.00,1.84,2.99,18.92,0.00,27.83,8128703993.05,2.12,21.83,16.90,137.42,135.16,136.69,133.92,136.44,17.10,19.62,12.32,17.46,0.59,0.17,0.16,4252400751.00,1107898257.17,1078694428.56
[object Object],NEX,Nexans SA,EURONEXT,138.40,stock,common,10.00,1.00,false,0.00,EUR,1.32,128911.00,0.91,6845838342.60,USD,0.00,-5.71,-147.03,2.12,Producer manufacturing,france,Producer Manufacturing,Buy,Buy,1.32,0.14,-1.14,-10.88,18.90,9.67,3.21,63.79,193.47,255.99,3.88,3.06,Neutral,Neutral,Buy,Buy,Neutral,Neutral,50.42,-0.20,-2.41,-40.32,35.52,27.40,0.00,0.00,0.00,0.00,0.00,0.44,128911.00,-17.28,138.40,0.00,53598.00,7.85,0.00,0.00,0.78,2.84,8.96,22.14,4.27,8062030812.60,0.90,15.48,10.25,137.62,139.16,136.78,145.17,136.15,199.59,220.82,174.33,208.04,8.69,3.95,4.88,9619394277.29,4746342543.91,7523799909.48
[object Object],DLG,De'Longhi S.p.A.,MIL,39.50,stock,common,100.00,2.00,false,0.00,EUR,0.61,146233.00,1.35,6768357023.19,USD,17.32,2.61,7.34,2.17,Consumer durables,italy,Consumer Durables,StrongBuy,Strong buy,0.61,0.15,-0.75,4.77,30.28,7.34,28.25,16.86,79.79,1203.12,2.13,2.00,Neutral,Neutral,Sell,Sell,Neutral,Neutral,46.77,-0.42,-1.32,-64.87,23.85,14.41,0.00,0.00,0.00,0.00,0.00,0.20,146233.00,2.08,39.50,0.00,18.00,39.76,17.32,2.35,1.51,2.86,10.00,11.21,6.47,6561815216.97,1.48,11.27,9.00,39.50,40.32,39.94,38.07,36.88,54.25,62.92,43.11,53.60,2.93,0.00,0.00,4705146727.46,1890375780.29,0.00
[object Object],SPX,Spirax Group plc.,LSE,6970.00,stock,common,1.00,5.00,false,0.00,GBX,1.68,194796.00,1.39,6762669081.56,USD,25.99,3.56,21.91,2.48,Producer manufacturing,uk,Producer Manufacturing,Buy,Buy,1.68,-0.36,0.00,-1.48,6.01,-0.21,0.65,-57.64,56.00,1162.68,2.26,2.20,Neutral,Neutral,Sell,Sell,Neutral,Neutral,50.24,110.00,-239.32,-28.17,32.95,21.04,0.00,0.00,0.00,0.00,0.00,-0.66,194796.00,4.54,6970.00,0.00,119910.00,-1.29,25.99,1.17,2.90,4.11,20.65,23.75,13.62,7709288601.56,3.33,18.28,13.94,6906.00,7050.50,6990.60,6972.74,7066.50,110.66,126.69,91.84,113.45,4.33,1.93,2.34,2407145713.04,1124679690.44,1237672384.96
[object Object],SCR,SCOR SE,EURONEXT,32.70,stock,common,100.00,2.00,false,0.00,EUR,-0.61,562857.00,1.29,6751848385.34,USD,0.00,0.00,0.00,5.78,Finance,france,Finance,Buy,Buy,-0.61,1.55,-3.31,5.01,6.17,13.86,17.29,27.93,20.82,41.87,1.46,1.53,Sell,Sell,Sell,Sell,Sell,Sell,43.49,-1.74,-0.87,-57.63,34.78,35.43,0.00,0.00,0.00,0.00,0.00,-0.12,562857.00,-12.27,32.70,0.00,421501.00,25.75,0.00,0.00,0.37,1.33,0.00,0.00,0.00,10602169315.34,0.59,0.00,0.00,32.77,33.58,33.48,32.39,30.88,41.65,51.15,36.50,42.43,4.83,0.97,1.04,18108058647.39,4245185502.65,4261004583.19
[object Object],BAB,Babcock International Group PLC,LSE,1017.50,stock,common,10.00,5.00,false,0.00,GBX,-0.39,1271619.00,0.71,6709883976.01,USD,24.62,0.55,-13.99,0.73,Producer manufacturing,uk,Producer Manufacturing,StrongBuy,Strong buy,-0.39,6.37,-13.48,-2.16,-23.61,-18.47,-12.89,180.53,-7.25,715.98,3.18,2.71,Sell,Sell,StrongSell,Strong sell,Neutral,Neutral,44.54,24.50,-100.91,-5.97,43.43,29.85,0.00,0.00,0.00,0.00,0.00,0.69,1271619.00,-60.59,1017.50,0.00,684631.00,-2.91,24.62,0.00,1.00,8.18,12.43,19.54,6.87,7197840456.01,1.05,17.85,12.24,983.56,1075.40,1081.46,1058.75,1190.65,19.08,21.78,14.90,19.03,0.86,0.33,0.00,7247600843.25,3383394600.00,0.00
[object Object],TTD,"Trade Desk, Inc. Class A",NASDAQ,14.26,stock,common,100.00,1.00,false,0.00,USD,-1.59,18344492.00,0.99,6700496907.24,USD,16.92,0.84,1.59,0.00,Technology services,america,Technology Services,Neutral,Neutral,-1.59,3.26,6.10,-21.04,-39.29,-62.67,-68.24,-80.50,396.00,396.00,4.58,4.04,Sell,Sell,StrongSell,Strong sell,Neutral,Neutral,46.14,-0.29,0.04,62.41,65.71,74.32,0.00,14.90,2.83,1.50,326040.00,2.59,18344492.00,22.54,14.30,0.28,1437197.00,-75.56,16.92,10.81,2.28,2.60,6.20,7.76,4.51,5649273907.24,1.89,9.64,7.92,14.45,14.02,15.86,18.30,24.03,13.34,21.00,6.00,13.50,0.39,0.18,0.05,2747857437.00,752411416.00,650887016.00
[object Object],RILBA,Ringkjobing Landbobank A/S,OMXCOP,1855.00,stock,common,1.00,1.00,false,0.00,DKK,1.48,19516.00,0.70,6674815215.54,USD,19.38,14.59,4.83,0.66,Finance,denmark,Finance,StrongBuy,Strong buy,1.48,2.04,3.69,17.41,23.58,20.61,28.02,148.99,530.95,6645.45,1.41,1.39,StrongBuy,Strong buy,StrongBuy,Strong buy,Neutral,Neutral,66.60,36.00,48.09,103.52,75.69,76.14,0.00,0.00,0.00,0.00,0.00,0.88,19516.00,-47.23,0.00,0.00,0.00,20.04,19.38,3.95,10.27,3.80,0.00,0.00,0.00,7910402256.14,10.39,0.00,0.00,1835.50,1797.87,1769.70,1668.08,1614.30,297.30,312.25,262.14,303.00,16.18,3.70,4.05,683581920.00,160842960.00,167616625.00
[object Object],GETI_B,Getinge AB Class B,OMXSTO,238.70,stock,common,10.00,1.00,false,0.00,SEK,-0.62,525510.00,1.03,6607740261.71,USD,24.30,1.01,79.60,1.98,Health technology,sweden,Health Technology,Buy,Buy,-0.62,0.38,-0.42,23.49,29.90,9.19,12.97,-34.44,45.01,943.68,1.54,1.60,Neutral,Neutral,Neutral,Neutral,Neutral,Neutral,49.62,-5.50,-3.07,-54.99,33.32,27.30,0.00,0.00,0.00,0.00,0.00,-0.21,525510.00,-49.03,0.00,0.00,0.00,18.98,24.30,0.31,1.91,2.10,12.91,17.09,31.68,7526840261.71,2.14,15.79,10.96,238.83,241.33,236.10,214.87,208.67,26.20,31.32,17.23,26.88,1.38,0.22,0.25,3811339584.05,853676633.30,849360756.04
[object Object],NCLH,Norwegian Cruise Line Holdings Ltd.,NYSE,14.39,stock,common,100.00,1.00,false,0.00,USD,-0.96,16401536.00,1.03,6607712834.18,USD,9.09,1.58,13.90,0.00,Consumer services,america,Consumer Services,Buy,Buy,-0.96,-1.30,-19.07,-29.56,-26.02,-36.10,-43.79,-42.81,-60.30,-42.67,3.88,3.26,StrongSell,Strong sell,StrongSell,Strong sell,Sell,Sell,28.26,-1.18,-2.51,-88.08,7.21,7.63,0.00,14.95,2.89,0.62,265721.00,2.75,16401536.00,0.61,14.42,0.21,2290305.00,-36.58,9.09,0.66,0.66,2.57,3.16,0.00,30.61,22368431834.18,2.20,13.93,8.01,14.87,16.71,17.88,18.13,19.71,19.83,26.00,15.00,20.00,1.55,0.41,0.90,10030434695.00,2645677274.00,2857295042.00
[object Object],ALK_B,ALK-abello A/S Class B,OMXCOP,199.00,stock,common,10.00,1.00,false,0.00,DKK,2.52,224542.00,1.29,6606626294.44,USD,32.53,0.93,35.69,0.82,Health technology,denmark,Health Technology,StrongBuy,Strong buy,2.52,-0.20,-9.55,-22.27,-4.23,-12.95,-3.49,38.39,325.21,483.58,2.02,2.60,Sell,Sell,StrongSell,Strong sell,Neutral,Neutral,36.89,-10.20,-16.32,-95.11,15.28,7.45,0.00,0.00,0.00,0.00,0.00,-0.21,224542.00,36.74,0.00,0.00,0.00,4.25,32.53,0.89,6.31,6.36,20.46,23.30,25.43,6405715694.44,6.15,23.04,19.32,199.51,210.18,218.29,236.38,227.38,45.57,46.74,43.62,45.96,1.03,0.23,0.26,1140439193.29,266395200.00,261917700.00
[object Object],KGF,Kingfisher Plc,LSE,309.40,stock,common,10.00,1.00,false,0.00,GBX,2.93,5685431.00,1.34,6577792476.85,USD,22.63,0.19,40.93,4.13,Retail trade,uk,Retail Trade,Neutral,Neutral,2.93,6.65,-3.94,10.19,3.27,-1.78,25.36,-16.49,-16.42,37.13,2.43,2.35,Buy,Buy,StrongBuy,Strong buy,Neutral,Neutral,54.41,11.80,-17.37,9.36,40.05,21.60,0.00,0.00,0.00,0.00,0.00,0.86,5685431.00,26.00,309.40,0.00,3681351.00,17.24,22.63,0.54,0.39,0.85,3.61,4.61,11.29,9087130076.85,0.51,10.44,5.10,296.55,311.67,306.60,295.45,307.43,4.11,4.72,3.37,4.04,0.35,0.11,0.24,17910164297.95,8373369312.00,9314680000.00
[object Object],GRF,"Grifols, S.A. Class A",BME,9.71,stock,common,1000.00,2.00,false,0.00,EUR,1.55,920521.00,0.73,6521794030.97,USD,14.61,0.76,51.93,1.97,Health technology,spain,Health Technology,Buy,Buy,1.55,-2.82,-0.63,7.27,7.87,-10.81,-20.00,-52.64,-49.42,289.10,1.87,1.92,Sell,Sell,StrongSell,Strong sell,Buy,Buy,45.30,-0.22,-0.26,-146.05,26.87,19.23,0.00,0.00,0.00,0.00,0.00,0.84,920521.00,-31.49,0.00,0.00,0.00,-17.02,14.61,0.28,0.88,1.19,6.04,8.06,12.88,18486560290.97,2.18,13.44,9.83,9.79,9.91,9.80,9.45,9.86,18.03,26.67,10.44,17.97,0.99,0.26,0.30,8967747712.02,2155055440.79,2263688913.68
[object Object],IMCD,IMCD N.V.,EURONEXT,95.46,stock,common,100.00,2.00,false,0.00,EUR,-0.38,121530.00,1.13,6482274569.64,USD,24.48,4.45,-14.64,1.89,Distribution services,netherlands,Distribution Services,Buy,Buy,-0.38,-2.21,-0.35,14.52,36.29,22.54,3.54,-43.50,163.30,333.91,2.16,2.45,Neutral,Neutral,Neutral,Neutral,Neutral,Neutral,46.39,-1.34,-0.98,-96.40,18.99,24.29,0.00,0.00,0.00,0.00,0.00,-0.15,121530.00,-19.09,95.46,0.00,77763.00,7.02,24.48,0.00,1.14,2.65,14.68,15.22,22.67,8271540141.06,1.47,18.12,13.25,97.11,97.32,95.06,91.98,86.87,135.45,175.15,87.58,140.12,6.56,3.92,3.35,6071209812.54,2979461517.91,2954645611.72
[object Object],FRA,Fraport AG,XETR,60.55,stock,common,100.00,5.00,false,0.00,EUR,0.83,115510.00,0.81,6359620091.81,USD,14.41,4.80,-1.81,1.67,Transportation,germany,Transportation,Buy,Buy,0.83,0.41,-5.17,-17.05,-19.27,-13.50,-18.34,13.22,23.16,129.36,2.66,2.28,Sell,Sell,StrongSell,Strong sell,Neutral,Neutral,38.39,-1.40,-3.68,-71.55,30.99,26.23,spinning_top_white,0.00,0.00,0.00,0.00,0.58,115510.00,34.08,60.55,0.00,91475.00,-12.48,14.41,0.00,1.23,1.08,4.43,16.62,2.38,17954485022.81,3.48,18.66,10.78,60.60,63.09,64.89,67.54,71.49,89.23,109.77,71.24,90.15,3.75,1.08,2.61,5353065784.40,1277754739.43,1582331629.67
[object Object],AZM,Azimut Holding Spa,MIL,39.48,stock,common,100.00,1.00,false,0.00,EUR,1.46,498639.00,1.21,6328858634.20,USD,10.62,4.24,6.84,5.14,Finance,italy,Finance,Buy,Buy,1.46,2.52,2.15,5.17,21.14,10.46,27.73,67.30,228.82,1152.91,1.93,1.75,Buy,Buy,StrongBuy,Strong buy,Sell,Sell,59.36,0.53,-0.07,131.08,72.84,56.82,0.00,0.00,0.00,0.00,0.00,0.46,498639.00,27.60,0.00,0.00,0.00,29.62,10.62,1.53,3.62,2.89,4.09,0.00,12.61,6017893923.52,3.43,7.46,7.12,38.75,38.62,37.68,36.75,35.94,47.83,58.09,40.66,47.17,4.08,0.73,0.75,1843469887.98,443652241.71,0.00
[object Object],LAND,Land Securities Group PLC,LSE,637.50,stock,common,10.00,5.00,false,0.00,GBX,0.24,2983579.00,0.96,6302218781.90,USD,13.81,0.61,-12.92,6.48,Finance,uk,Finance,Buy,Buy,0.24,-1.01,-8.86,0.87,12.73,2.57,16.44,-8.64,-36.94,62.93,2.13,2.01,Sell,Sell,StrongSell,Strong sell,Sell,Sell,36.92,-21.50,-52.11,-73.77,23.23,14.23,0.00,0.00,0.00,0.00,0.00,0.86,2983579.00,27.96,637.50,0.00,1881259.00,26.48,13.81,0.00,5.28,0.72,20.99,20.99,40.36,12159569181.90,10.31,21.64,21.54,640.50,675.12,683.10,653.24,634.26,9.83,12.59,6.25,9.87,0.68,0.34,0.33,855909128.17,550003558.00,552945113.60
[object Object],EVD,CTS Eventim AG & Co. KGaA,XETR,55.95,stock,common,100.00,5.00,false,0.00,EUR,-2.19,178135.00,0.79,6294397907.68,USD,17.44,3.66,8.69,2.52,Consumer services,germany,Consumer Services,StrongBuy,Strong buy,-2.19,-1.50,-3.20,7.49,-14.51,-28.82,-34.68,-2.83,85.33,10557.14,3.04,3.60,StrongSell,Strong sell,StrongSell,Strong sell,Sell,Sell,43.22,-3.00,-1.48,-72.92,20.22,17.08,0.00,0.00,0.00,0.00,0.00,0.87,178135.00,-2.77,55.95,0.00,134793.00,-27.87,17.44,2.05,1.66,5.05,10.47,0.00,3.95,5236840035.52,1.39,9.31,7.69,56.70,57.99,57.98,56.22,62.21,101.67,115.96,61.46,106.10,3.96,0.66,0.57,3879273597.78,1003339872.82,953753953.50
[object Object],SFSN,SFS Group AG,SIX,132.60,stock,common,10.00,2.00,false,0.00,CHF,-0.75,25985.00,1.08,6284386759.72,USD,20.11,8.16,8.62,1.87,Producer manufacturing,switzerland,Producer Manufacturing,Buy,Buy,-0.75,-2.21,0.61,0.45,14.11,20.55,24.16,2.31,81.02,97.91,2.43,1.76,Sell,Sell,Sell,Sell,Sell,Sell,47.08,-1.40,0.47,-13.00,28.30,25.15,0.00,0.00,0.00,0.00,0.00,1.50,25985.00,-33.04,132.60,0.00,20140.00,25.89,20.11,2.35,1.69,3.29,14.36,18.54,23.18,6693777859.72,1.76,14.49,10.55,134.30,132.82,134.16,130.97,123.42,178.61,187.72,172.90,177.84,9.17,0.00,4.84,3937788531.98,1897587690.00,1891527300.00
[object Object],CDR,CD PROJEKT RED Spolka Akcyjna,GPW,239.40,stock,common,10.00,1.00,false,0.00,PLN,0.38,379684.00,0.84,6261455928.71,USD,38.90,1.63,36.34,0.42,Technology services,poland,Technology Services,Neutral,Neutral,0.38,2.00,-7.14,6.59,-4.20,-3.04,-6.70,21.52,482.48,2505.04,2.22,2.84,Neutral,Neutral,Sell,Sell,Neutral,Neutral,49.47,6.70,-9.50,23.53,74.28,64.21,0.00,0.00,0.00,0.00,0.00,0.25,379684.00,57.01,0.00,0.00,0.00,-5.83,38.90,1.07,27.71,6.71,37.90,43.96,54.13,6157548262.07,26.99,49.93,44.21,235.76,245.00,242.64,241.26,246.57,66.07,87.59,41.14,66.36,1.27,0.28,0.27,241248670.05,52712671.19,55952404.41
[object Object],KGX,KION GROUP AG,XETR,41.77,stock,common,100.00,1.00,false,0.00,EUR,0.38,256830.00,0.80,6254165817.16,USD,14.21,3.36,67.69,1.49,Producer manufacturing,germany,Producer Manufacturing,Buy,Buy,0.38,-9.43,4.16,-0.45,-8.24,-39.20,-26.07,-49.28,-23.05,73.96,3.36,3.80,Sell,Sell,StrongSell,Strong sell,Neutral,Neutral,46.78,-1.80,-0.43,-57.79,14.37,12.91,0.00,42.04,1.03,1.03,20.00,1.03,256830.00,-10.65,41.77,0.00,168221.00,-20.57,14.21,0.21,0.47,0.86,11.64,57.95,14.01,13807168101.16,1.05,16.02,6.28,43.70,42.44,41.77,42.10,49.59,66.10,80.24,48.14,67.63,4.17,1.00,1.00,13775185991.93,3280398036.18,3257043876.45
[object Object],MYCR,Mycronic AB,OMXSTO,318.00,stock,common,10.00,2.00,false,0.00,SEK,0.95,194270.00,0.78,6230427628.97,USD,35.77,0.91,-12.08,1.03,Producer manufacturing,sweden,Producer Manufacturing,Buy,Buy,0.95,-0.63,-2.57,3.85,47.29,42.51,49.23,156.45,523.53,3301.07,2.03,2.53,Buy,Buy,Buy,Buy,Neutral,Neutral,49.80,11.20,-6.85,-14.08,33.43,29.14,0.00,0.00,0.00,0.00,0.00,-0.19,194270.00,-50.99,0.00,0.00,0.00,51.76,35.77,0.00,7.11,7.88,30.29,0.00,23.11,6001460628.97,6.76,24.46,21.20,316.38,320.16,323.54,312.26,264.89,35.57,39.89,23.83,37.55,1.11,0.23,0.18,1015363194.71,228571489.19,216040626.50
[object Object],ALLFG,Allfunds Group plc,EURONEXT,9.18,stock,common,1000.00,5.00,false,0.00,EUR,1.66,396185.00,2.06,6223073917.42,USD,136.33,0.08,0.00,2.22,Finance,netherlands,Finance,Neutral,Neutral,1.66,1.83,4.20,8.39,6.81,13.90,58.60,-44.95,-27.47,-27.47,1.54,1.50,Buy,Buy,StrongBuy,Strong buy,Neutral,Neutral,63.24,0.17,0.10,158.14,74.67,66.37,marubozu_white_bullish,0.00,0.00,0.00,0.00,-1.00,396185.00,148.34,9.18,0.00,235627.00,51.83,136.33,0.00,8.39,2.95,0.00,0.00,1.95,3008359702.39,4.09,9.41,6.07,9.05,8.97,8.86,8.70,8.47,10.25,10.88,9.23,10.38,0.57,0.00,0.00,806194302.71,0.00,0.00
[object Object],SAGA_B,AB Sagax Class B,OMXSTO,167.00,stock,common,10.00,1.00,false,0.00,SEK,0.24,457063.00,0.90,6218364854.15,USD,13.21,1.30,29.13,2.22,Finance,sweden,Finance,Buy,Buy,0.24,-2.91,3.09,10.23,-1.76,-15.31,-18.14,-48.10,239.95,1352.17,2.19,2.42,Sell,Sell,StrongSell,Strong sell,Sell,Sell,45.42,-11.40,-0.67,-98.99,15.73,22.46,doji,0.00,0.00,0.00,0.00,0.24,457063.00,7.66,0.00,0.00,0.00,-11.72,13.21,0.45,10.24,1.83,15.16,15.16,20.51,10233619854.15,18.09,23.29,0.00,170.68,168.83,167.97,166.50,177.08,19.62,22.08,14.89,20.28,1.28,0.32,0.35,599068561.87,141486366.70,143268500.00
[object Object],BLDR,"Builders FirstSource, Inc.",NYSE,57.68,stock,common,100.00,1.00,false,0.00,USD,-3.30,3389788.00,1.34,6206163441.48,USD,62.73,0.92,-86.04,0.00,Retail trade,america,Retail Trade,Buy,Buy,-3.30,-5.84,-17.48,-26.39,-31.17,-43.94,-58.04,9.22,372.79,249.15,4.75,4.04,StrongSell,Strong sell,StrongSell,Strong sell,Sell,Sell,31.23,-5.41,-7.93,-107.35,11.14,14.14,0.00,61.50,3.10,2.68,1789.00,3.02,3389788.00,26.41,57.80,0.21,398643.00,-55.51,62.73,0.00,0.44,1.55,6.91,9.70,94.50,11378726441.48,0.79,26.12,11.02,61.10,67.01,69.30,73.61,88.40,80.95,100.00,61.00,84.50,3.12,1.25,1.09,14347517218.00,3908369476.00,3768327264.00
[object Object],AZA,Avanza Bank Holding AB,OMXSTO,390.10,stock,common,10.00,1.00,false,0.00,SEK,0.49,216543.00,1.25,6201123782.07,USD,21.80,1.84,12.84,3.28,Finance,sweden,Finance,Buy,Buy,0.49,1.22,-2.89,2.25,14.70,10.38,14.30,12.23,477.07,4813.11,1.86,1.96,Sell,Sell,Sell,Sell,Sell,Sell,46.32,-9.70,-6.67,-75.45,28.62,29.61,0.00,0.00,0.00,0.00,0.00,-0.10,216543.00,46.47,0.00,0.00,0.00,16.93,21.80,1.69,9.85,9.22,0.00,0.00,19.70,6050734782.07,9.44,17.49,17.00,391.05,396.68,393.78,375.70,362.12,43.45,51.53,34.87,43.72,2.10,0.49,0.51,565187555.26,132996298.71,133092272.67
[object Object],TE,Technip Energies NV,EURONEXT,29.54,stock,common,100.00,2.00,false,0.00,EUR,-2.06,388475.00,1.08,6171457460.71,USD,19.35,1.74,-30.59,3.32,Industrial services,france,Industrial Services,Buy,Buy,-2.06,-3.65,-4.59,-18.44,-9.61,-8.77,-28.58,130.06,146.17,146.17,3.16,3.03,StrongSell,Strong sell,StrongSell,Strong sell,Sell,Sell,46.07,-0.60,-0.70,-43.43,35.90,26.15,0.00,0.00,0.00,0.00,0.00,-0.73,388475.00,-9.49,29.54,0.00,289220.00,-21.81,19.35,0.00,0.71,2.51,4.79,5.21,1.14,2843262515.71,0.34,8.14,5.65,29.73,30.06,31.00,33.33,33.86,45.81,55.02,36.68,45.85,2.22,0.00,0.00,9337475885.61,0.00,0.00
[object Object],SIGN,SIG Group AG,SIX,13.21,stock,common,100.00,1.00,false,0.00,CHF,0.08,787454.00,1.11,6108052848.25,USD,0.00,-0.14,-122.72,0.00,Process industries,switzerland,Process Industries,Buy,Buy,0.08,-0.30,4.02,4.84,21.08,13.10,3.61,-52.38,11.48,11.48,2.73,2.44,Sell,Sell,StrongSell,Strong sell,Neutral,Neutral,42.63,-0.30,-0.98,-78.09,38.10,26.70,"hammer_bullish,long_lower_shadow_bullish",0.00,0.00,0.00,0.00,0.45,787454.00,-3.63,13.21,0.00,544266.00,9.50,0.00,0.00,1.69,1.88,8.87,16.07,19.01,8517301919.02,2.30,50.75,16.63,13.23,13.82,14.01,13.28,12.37,20.84,23.87,17.34,21.49,0.90,0.32,0.50,3920278268.10,1750970988.14,1991290500.70
[object Object],COV,Covivio SA,EURONEXT,48.08,stock,common,100.00,2.00,false,0.00,EUR,-0.04,155312.00,1.30,6105457995.47,USD,8.18,6.71,55.74,3.22,Finance,france,Finance,Buy,Buy,-0.04,-0.08,-8.07,-10.47,-12.50,-15.05,-14.98,-35.81,-41.15,-61.97,1.36,1.64,Sell,Sell,StrongSell,Strong sell,Sell,Sell,33.38,-0.68,-2.67,-63.97,23.27,14.96,0.00,0.00,0.00,0.00,0.00,0.75,155312.00,11.32,48.08,0.00,124971.00,-11.39,8.18,0.15,3.57,0.63,6.39,32.36,8.00,21994823481.47,12.91,23.73,20.38,48.22,50.14,51.28,52.77,54.12,70.26,78.06,62.36,71.60,5.82,2.74,2.71,804728033.86,0.00,0.00
[object Object],HER,Hera S.p.A.,MIL,3.71,stock,common,1000.00,2.00,false,0.00,EUR,1.98,2715451.00,1.30,6102747228.54,USD,11.61,0.37,-8.40,4.40,Utilities,italy,Utilities,Buy,Buy,1.98,1.53,-3.13,-1.85,-6.92,-7.39,1.03,3.11,55.97,200.21,1.76,1.72,Sell,Sell,Sell,Sell,Neutral,Neutral,48.54,0.04,-0.17,-34.14,39.22,21.89,marubozu_white_bullish,0.00,0.00,0.00,0.00,0.00,2715451.00,13.59,0.00,0.00,0.00,3.54,11.61,0.00,0.00,1.34,0.00,0.00,0.00,11645306559.54,0.81,7.13,0.00,3.65,3.77,3.80,3.81,3.96,5.22,5.53,5.07,5.13,0.37,0.00,0.00,15068331602.72,3015419086.29,0.00
[object Object],ELIS,Elis SA,EURONEXT,22.60,stock,common,100.00,2.00,false,0.00,EUR,-0.88,295275.00,0.96,6082387595.75,USD,15.04,1.72,1.70,2.11,Commercial services,france,Commercial Services,StrongBuy,Strong buy,-0.88,-2.42,-8.72,-15.67,-7.98,-6.69,-4.16,41.34,56.43,82.90,1.88,1.84,StrongSell,Strong sell,StrongSell,Strong sell,Neutral,Neutral,29.55,-0.82,-1.30,-103.90,14.70,13.60,0.00,0.00,0.00,0.00,0.00,0.09,295275.00,6.18,22.60,0.00,228191.00,1.65,15.04,8.93,1.16,1.42,4.03,11.64,12.65,11132394707.75,1.98,15.08,5.78,22.95,23.88,24.45,25.64,25.41,34.96,37.37,32.23,35.03,2.37,0.00,0.00,5930780398.23,2800331120.00,0.00
[object Object],UMI,Umicore SA,EURONEXT,22.20,stock,common,100.00,2.00,false,0.00,EUR,0.91,375150.00,0.94,6066837006.93,USD,11.00,2.30,277.06,1.59,Non-energy minerals,belgium,Non-Energy Minerals,Buy,Buy,0.91,-3.06,-6.33,-5.85,43.60,23.68,69.47,-54.20,-16.89,481.50,3.16,3.31,Sell,Sell,Sell,Sell,Neutral,Neutral,46.37,-0.92,-1.19,-84.95,31.52,24.89,0.00,0.00,0.00,0.00,0.00,0.18,375150.00,-12.71,22.20,0.00,322625.00,73.58,11.00,0.04,0.22,2.22,5.47,7.96,2.99,7781313045.93,0.28,5.98,4.83,22.35,23.07,22.10,22.46,20.19,29.38,37.83,21.21,28.66,2.12,1.20,0.81,4404442459.40,2217233257.50,2059847190.00
[object Object],ZAL,Zalando SE,XETR,21.80,stock,common,100.00,1.00,false,0.00,EUR,1.49,908884.00,0.94,6049401377.09,USD,58.35,0.43,-63.79,0.00,Retail trade,germany,Retail Trade,Buy,Buy,1.49,-5.22,-3.88,-10.44,-5.05,-14.44,-14.41,-77.02,-38.67,263.33,2.43,2.76,Sell,Sell,StrongSell,Strong sell,Buy,Buy,36.74,-1.02,-1.55,-133.91,6.31,8.43,0.00,21.55,0.33,0.33,50.00,0.56,908884.00,-7.44,21.86,0.28,621458.00,-0.34,58.35,0.00,0.40,2.08,5.38,6.02,3.93,6017076563.09,0.39,10.33,5.37,22.56,23.22,25.02,24.15,23.41,41.12,61.17,27.12,40.39,1.70,0.58,0.45,16271124373.15,3963289168.87,3596775176.16
[object Object],VPK,Royal Vopak NV,EURONEXT,48.02,stock,common,100.00,2.00,false,0.00,EUR,-0.25,106351.00,0.99,6041075310.83,USD,11.67,4.70,-0.06,3.74,Distribution services,netherlands,Distribution Services,Buy,Buy,-0.25,0.08,0.38,6.15,-0.46,26.37,22.69,37.20,7.51,587.05,1.63,1.51,Buy,Buy,StrongBuy,Strong buy,Sell,Sell,53.73,0.04,-0.06,14.37,61.64,52.62,0.00,0.00,0.00,0.00,0.00,-1.41,106351.00,-12.81,48.02,0.00,66175.00,14.38,11.67,0.00,4.16,1.67,7.28,13.54,55.43,9439192725.83,6.24,21.82,11.75,47.91,47.58,47.46,46.55,44.53,64.84,73.66,55.24,64.45,3.87,1.82,0.00,1557321958.94,0.00,0.00
[object Object],BALD_B,Fastighets AB Balder Class B,OMXSTO,50.52,stock,common,100.00,2.00,false,0.00,SEK,0.52,2549350.00,0.90,6040749224.06,USD,8.65,0.60,32.43,0.00,Finance,sweden,Finance,Buy,Buy,0.52,-5.46,-4.32,0.60,-13.64,-25.92,-24.05,-47.50,29.15,2117.95,1.88,2.20,Sell,Sell,StrongSell,Strong sell,Neutral,Neutral,36.03,-2.66,-2.34,-144.76,17.77,12.12,0.00,0.00,0.00,0.00,0.00,0.00,2549350.00,6.32,0.00,0.00,0.00,-18.23,8.65,0.27,4.51,0.64,13.82,13.98,6.17,22031675224.06,15.39,23.40,23.16,52.00,52.85,52.49,52.50,58.13,6.76,9.35,5.20,6.55,0.49,0.12,0.13,1546633423.65,364765458.59,364509000.00
[object Object],BC,Brunello Cucinelli S.p.A.,MIL,78.54,stock,common,100.00,2.00,false,0.00,EUR,1.63,341559.00,1.50,6023694605.66,USD,38.70,2.32,4.63,1.35,Consumer non-durables,italy,Consumer Non-Durables,Buy,Buy,1.63,0.15,-9.70,-10.71,5.39,-20.67,-23.04,66.61,338.77,670.00,2.52,2.20,Sell,Sell,StrongSell,Strong sell,Neutral,Neutral,38.04,-3.90,-8.83,-60.75,14.76,8.50,0.00,0.00,0.00,0.00,0.00,0.91,341559.00,93.93,78.54,0.00,70.00,-13.05,38.70,8.23,3.57,9.75,18.36,31.80,29.55,7237929246.50,4.30,24.25,13.98,78.14,84.65,84.74,84.02,84.38,118.04,149.02,100.87,114.63,2.68,1.28,1.35,1819984680.83,850606288.00,917016000.00
[object Object],SUN,Sulzer AG,SIX,147.80,stock,common,10.00,1.00,false,0.00,CHF,0.68,43051.00,1.22,6004226227.19,USD,16.64,10.99,11.24,3.24,Producer manufacturing,switzerland,Producer Manufacturing,Buy,Buy,0.68,-5.86,-4.40,4.90,-9.33,-0.67,4.67,61.10,124.41,213.84,2.07,2.29,Sell,Sell,StrongSell,Strong sell,Buy,Buy,41.54,-9.40,-6.86,-106.77,16.32,10.29,long_lower_shadow_bullish,0.00,0.00,0.00,0.00,0.82,43051.00,30.85,147.80,0.00,24541.00,9.19,16.64,1.47,1.43,3.81,17.94,27.38,5.96,6453926977.19,1.50,11.72,9.23,152.51,154.15,150.26,147.39,154.18,227.98,256.41,158.73,239.32,12.35,5.81,5.45,4481721837.52,2089688701.25,2200083750.00